{
"type": "FeatureCollection",
"name": "Andaman_and_Nicobar_Islands",
"crs": { "type": "name", "properties": { "name": "urn:ogc:def:crs:OGC:1.3:CRS84" } },
"features": [
{ "type": "Feature", "properties": { "POLYGON.ID": 111.0, "subregion": "India--Andaman and Nicobar Islands--Central Andamans Forest", "POLYGON": "India--Andaman and Nicobar Islands--Central Andamans Forest", "SHOW": "1", "FILTER": "Not-Assigned", "FILTER.ID": null, "OLD.POLYGON": null, "STATE": "Andaman and Nicobar Islands", "COUNTY": "Andaman and Nicobar Islands", "OWNER": null }, "geometry": { "type": "MultiPolygon", "coordinates": [ [ [ [ 92.795, 12.751 ], [ 92.799, 12.737 ], [ 92.789, 12.728 ], [ 92.793, 12.714 ], [ 92.806, 12.711 ], [ 92.81, 12.697 ], [ 92.8, 12.688 ], [ 92.804, 12.674 ], [ 92.794, 12.664 ], [ 92.798, 12.651 ], [ 92.788, 12.641 ], [ 92.792, 12.628 ], [ 92.782, 12.618 ], [ 92.785, 12.604 ], [ 92.799, 12.601 ], [ 92.803, 12.588 ], [ 92.793, 12.578 ], [ 92.779, 12.581 ], [ 92.775, 12.594 ], [ 92.762, 12.598 ], [ 92.752, 12.588 ], [ 92.738, 12.591 ], [ 92.728, 12.582 ], [ 92.732, 12.568 ], [ 92.722, 12.558 ], [ 92.726, 12.545 ], [ 92.716, 12.535 ], [ 92.719, 12.522 ], [ 92.709, 12.512 ], [ 92.713, 12.498 ], [ 92.727, 12.495 ], [ 92.731, 12.482 ], [ 92.721, 12.472 ], [ 92.724, 12.458 ], [ 92.715, 12.448 ], [ 92.718, 12.435 ], [ 92.708, 12.425 ], [ 92.712, 12.412 ], [ 92.702, 12.402 ], [ 92.706, 12.389 ], [ 92.72, 12.385 ], [ 92.723, 12.372 ], [ 92.713, 12.362 ], [ 92.717, 12.348 ], [ 92.707, 12.339 ], [ 92.711, 12.325 ], [ 92.725, 12.322 ], [ 92.735, 12.332 ], [ 92.748, 12.328 ], [ 92.758, 12.338 ], [ 92.772, 12.335 ], [ 92.776, 12.321 ], [ 92.79, 12.318 ], [ 92.8, 12.328 ], [ 92.813, 12.324 ], [ 92.823, 12.334 ], [ 92.82, 12.347 ], [ 92.806, 12.351 ], [ 92.802, 12.364 ], [ 92.788, 12.368 ], [ 92.785, 12.381 ], [ 92.795, 12.391 ], [ 92.791, 12.404 ], [ 92.777, 12.408 ], [ 92.773, 12.421 ], [ 92.783, 12.431 ], [ 92.779, 12.444 ], [ 92.789, 12.454 ], [ 92.786, 12.468 ], [ 92.796, 12.478 ], [ 92.792, 12.491 ], [ 92.802, 12.501 ], [ 92.816, 12.497 ], [ 92.826, 12.507 ], [ 92.839, 12.504 ], [ 92.843, 12.491 ], [ 92.857, 12.487 ], [ 92.867, 12.497 ], [ 92.881, 12.493 ], [ 92.89, 12.503 ], [ 92.887, 12.517 ], [ 92.897, 12.527 ], [ 92.91, 12.523 ], [ 92.92, 12.533 ], [ 92.934, 12.53 ], [ 92.944, 12.54 ], [ 92.94, 12.553 ], [ 92.95, 12.563 ], [ 92.947, 12.576 ], [ 92.933, 12.58 ], [ 92.929, 12.593 ], [ 92.939, 12.603 ], [ 92.935, 12.616 ], [ 92.945, 12.626 ], [ 92.942, 12.639 ], [ 92.951, 12.649 ], [ 92.948, 12.663 ], [ 92.958, 12.673 ], [ 92.954, 12.686 ], [ 92.94, 12.689 ], [ 92.936, 12.703 ], [ 92.946, 12.713 ], [ 92.943, 12.726 ], [ 92.953, 12.736 ], [ 92.949, 12.749 ], [ 92.935, 12.753 ], [ 92.931, 12.766 ], [ 92.918, 12.77 ], [ 92.914, 12.783 ], [ 92.9, 12.786 ], [ 92.896, 12.8 ], [ 92.906, 12.81 ], [ 92.903, 12.823 ], [ 92.889, 12.827 ], [ 92.885, 12.84 ], [ 92.871, 12.843 ], [ 92.867, 12.857 ], [ 92.854, 12.86 ], [ 92.844, 12.85 ], [ 92.83, 12.854 ], [ 92.82, 12.844 ], [ 92.824, 12.831 ], [ 92.814, 12.821 ], [ 92.818, 12.807 ], [ 92.808, 12.797 ], [ 92.811, 12.784 ], [ 92.801, 12.774 ], [ 92.805, 12.761 ], [ 92.795, 12.751 ] ] ] ] } },
{ "type": "Feature", "properties": { "POLYGON.ID": 112.0, "subregion": "India--Andaman and Nicobar Islands--South Andamans--Grand Trunk Road Inland", "POLYGON": "India--Andaman and Nicobar Islands--South Andamans--Grand Trunk Road Inland", "SHOW": "1", "FILTER": "Not-Assigned", "FILTER.ID": null, "OLD.POLYGON": null, "STATE": "Andaman and Nicobar Islands", "COUNTY": "Andaman and Nicobar Islands", "OWNER": null }, "geometry": { "type": "MultiPolygon", "coordinates": [ [ [ [ 92.688, 12.182 ], [ 92.698, 12.192 ], [ 92.694, 12.205 ], [ 92.68, 12.209 ], [ 92.67, 12.199 ], [ 92.674, 12.186 ], [ 92.664, 12.176 ], [ 92.668, 12.162 ], [ 92.658, 12.152 ], [ 92.662, 12.139 ], [ 92.652, 12.129 ], [ 92.655, 12.116 ], [ 92.645, 12.106 ], [ 92.649, 12.092 ], [ 92.639, 12.083 ], [ 92.643, 12.069 ], [ 92.633, 12.059 ], [ 92.637, 12.046 ], [ 92.627, 12.036 ], [ 92.631, 12.023 ], [ 92.621, 12.013 ], [ 92.624, 11.999 ], [ 92.638, 11.996 ], [ 92.642, 11.982 ], [ 92.632, 11.973 ], [ 92.636, 11.959 ], [ 92.626, 11.949 ], [ 92.63, 11.936 ], [ 92.62, 11.926 ], [ 92.623, 11.913 ], [ 92.613, 11.903 ], [ 92.617, 11.889 ], [ 92.631, 11.886 ], [ 92.635, 11.872 ], [ 92.625, 11.863 ], [ 92.611, 11.866 ], [ 92.601, 11.856 ], [ 92.587, 11.86 ], [ 92.584, 11.873 ], [ 92.57, 11.876 ], [ 92.566, 11.89 ], [ 92.552, 11.893 ], [ 92.542, 11.883 ], [ 92.546, 11.87 ], [ 92.536, 11.86 ], [ 92.54, 11.847 ], [ 92.554, 11.843 ], [ 92.558, 11.83 ], [ 92.571, 11.826 ], [ 92.575, 11.813 ], [ 92.565, 11.803 ], [ 92.569, 11.79 ], [ 92.559, 11.78 ], [ 92.563, 11.766 ], [ 92.576, 11.763 ], [ 92.58, 11.75 ], [ 92.594, 11.746 ], [ 92.598, 11.733 ], [ 92.611, 11.729 ], [ 92.615, 11.716 ], [ 92.629, 11.712 ], [ 92.639, 11.722 ], [ 92.652, 11.719 ], [ 92.662, 11.729 ], [ 92.659, 11.742 ], [ 92.669, 11.752 ], [ 92.665, 11.765 ], [ 92.675, 11.775 ], [ 92.671, 11.789 ], [ 92.681, 11.799 ], [ 92.677, 11.812 ], [ 92.687, 11.822 ], [ 92.683, 11.835 ], [ 92.693, 11.845 ], [ 92.69, 11.859 ], [ 92.699, 11.869 ], [ 92.696, 11.882 ], [ 92.706, 11.892 ], [ 92.702, 11.905 ], [ 92.712, 11.915 ], [ 92.708, 11.928 ], [ 92.718, 11.938 ], [ 92.714, 11.952 ], [ 92.724, 11.962 ], [ 92.72, 11.975 ], [ 92.73, 11.985 ], [ 92.727, 11.998 ], [ 92.713, 12.002 ], [ 92.709, 12.015 ], [ 92.719, 12.025 ], [ 92.715, 12.038 ], [ 92.725, 12.048 ], [ 92.722, 12.062 ], [ 92.731, 12.072 ], [ 92.728, 12.085 ], [ 92.738, 12.095 ], [ 92.734, 12.108 ], [ 92.744, 12.118 ], [ 92.74, 12.132 ], [ 92.726, 12.135 ], [ 92.723, 12.148 ], [ 92.709, 12.152 ], [ 92.705, 12.165 ], [ 92.691, 12.169 ], [ 92.688, 12.182 ] ] ] ] } },
{ "type": "Feature", "properties": { "POLYGON.ID": 113.0, "subregion": "India--Andaman and Nicobar Islands--Great Nicobar Island Inland", "POLYGON": "India--Andaman and Nicobar Islands--Great Nicobar Island Inland", "SHOW": "1", "FILTER": "Not-Assigned", "FILTER.ID": null, "OLD.POLYGON": null, "STATE": "Andaman and Nicobar Islands", "COUNTY": "Andaman and Nicobar Islands", "OWNER": null }, "geometry": { "type": "MultiPolygon", "coordinates": [ [ [ [ 93.715, 7.164 ], [ 93.718, 7.151 ], [ 93.708, 7.141 ], [ 93.712, 7.128 ], [ 93.702, 7.118 ], [ 93.706, 7.105 ], [ 93.696, 7.095 ], [ 93.7, 7.081 ], [ 93.69, 7.072 ], [ 93.694, 7.058 ], [ 93.684, 7.048 ], [ 93.687, 7.035 ], [ 93.701, 7.031 ], [ 93.705, 7.018 ], [ 93.718, 7.014 ], [ 93.722, 7.001 ], [ 93.735, 6.997 ], [ 93.739, 6.984 ], [ 93.752, 6.98 ], [ 93.756, 6.967 ], [ 93.77, 6.963 ], [ 93.773, 6.95 ], [ 93.764, 6.94 ], [ 93.767, 6.927 ], [ 93.781, 6.923 ], [ 93.784, 6.91 ], [ 93.798, 6.906 ], [ 93.802, 6.893 ], [ 93.792, 6.883 ], [ 93.795, 6.87 ], [ 93.809, 6.866 ], [ 93.813, 6.853 ], [ 93.826, 6.849 ], [ 93.836, 6.859 ], [ 93.832, 6.872 ], [ 93.842, 6.882 ], [ 93.856, 6.879 ], [ 93.859, 6.865 ], [ 93.873, 6.862 ], [ 93.883, 6.872 ], [ 93.879, 6.885 ], [ 93.889, 6.895 ], [ 93.885, 6.908 ], [ 93.895, 6.918 ], [ 93.891, 6.931 ], [ 93.901, 6.941 ], [ 93.898, 6.955 ], [ 93.907, 6.964 ], [ 93.904, 6.978 ], [ 93.89, 6.981 ], [ 93.887, 6.995 ], [ 93.896, 7.005 ], [ 93.893, 7.018 ], [ 93.903, 7.028 ], [ 93.899, 7.041 ], [ 93.885, 7.045 ], [ 93.882, 7.058 ], [ 93.868, 7.062 ], [ 93.865, 7.075 ], [ 93.874, 7.085 ], [ 93.871, 7.098 ], [ 93.881, 7.108 ], [ 93.877, 7.122 ], [ 93.863, 7.125 ], [ 93.86, 7.139 ], [ 93.87, 7.148 ], [ 93.866, 7.162 ], [ 93.876, 7.172 ], [ 93.872, 7.185 ], [ 93.859, 7.189 ], [ 93.855, 7.202 ], [ 93.841, 7.206 ], [ 93.832, 7.196 ], [ 93.818, 7.199 ], [ 93.808, 7.19 ], [ 93.795, 7.193 ], [ 93.785, 7.183 ], [ 93.771, 7.187 ], [ 93.761, 7.177 ], [ 93.748, 7.181 ], [ 93.738, 7.171 ], [ 93.724, 7.174 ], [ 93.715, 7.164 ] ] ] ] } },
{ "type": "Feature", "properties": { "POLYGON.ID": 289.0, "subregion": "IN-AN--pelagic-Bay_Bengal", "POLYGON": "IN-AN--pelagic-Bay_Bengal", "SHOW": "1", "FILTER": "Not-Assigned", "FILTER.ID": null, "OLD.POLYGON": null, "STATE": "Andaman and Nicobar Islands", "COUNTY": "spl_region", "OWNER": null }, "geometry": { "type": "MultiPolygon", "coordinates": [ [ [ [ 91.375, 15.864 ], [ 91.361, 15.868 ], [ 91.351, 15.858 ], [ 91.337, 15.861 ], [ 91.333, 15.874 ], [ 91.32, 15.878 ], [ 91.316, 15.891 ], [ 91.302, 15.894 ], [ 91.292, 15.884 ], [ 91.278, 15.887 ], [ 91.274, 15.901 ], [ 91.26, 15.904 ], [ 91.256, 15.917 ], [ 91.243, 15.92 ], [ 91.239, 15.933 ], [ 91.225, 15.937 ], [ 91.215, 15.927 ], [ 91.201, 15.93 ], [ 91.197, 15.943 ], [ 91.183, 15.947 ], [ 91.179, 15.96 ], [ 91.166, 15.963 ], [ 91.156, 15.953 ], [ 91.142, 15.956 ], [ 91.138, 15.97 ], [ 91.124, 15.973 ], [ 91.12, 15.986 ], [ 91.106, 15.989 ], [ 91.096, 15.979 ], [ 91.082, 15.983 ], [ 91.079, 15.996 ], [ 91.065, 15.999 ], [ 91.061, 16.012 ], [ 91.047, 16.016 ], [ 91.037, 16.006 ], [ 91.023, 16.009 ], [ 91.019, 16.022 ], [ 91.005, 16.025 ], [ 91.002, 16.039 ], [ 90.988, 16.042 ], [ 90.978, 16.032 ], [ 90.964, 16.035 ], [ 90.96, 16.048 ], [ 90.946, 16.052 ], [ 90.942, 16.065 ], [ 90.928, 16.068 ], [ 90.918, 16.058 ], [ 90.905, 16.061 ], [ 90.901, 16.074 ], [ 90.887, 16.078 ], [ 90.883, 16.091 ], [ 90.869, 16.094 ], [ 90.859, 16.084 ], [ 90.845, 16.087 ], [ 90.842, 16.101 ], [ 90.828, 16.104 ], [ 90.824, 16.117 ], [ 90.81, 16.12 ], [ 90.806, 16.133 ], [ 90.792, 16.137 ], [ 90.782, 16.127 ], [ 90.768, 16.13 ], [ 90.765, 16.143 ], [ 90.751, 16.146 ], [ 90.747, 16.16 ], [ 90.733, 16.163 ], [ 90.723, 16.153 ], [ 90.709, 16.156 ], [ 90.705, 16.169 ], [ 90.691, 16.172 ], [ 90.681, 16.163 ], [ 90.668, 16.166 ], [ 90.658, 16.156 ], [ 90.644, 16.159 ], [ 90.634, 16.149 ], [ 90.638, 16.136 ], [ 90.628, 16.126 ], [ 90.614, 16.129 ], [ 90.604, 16.119 ], [ 90.608, 16.106 ], [ 90.598, 16.096 ], [ 90.584, 16.1 ], [ 90.574, 16.09 ], [ 90.578, 16.077 ], [ 90.568, 16.067 ], [ 90.554, 16.07 ], [ 90.544, 16.06 ], [ 90.548, 16.047 ], [ 90.538, 16.037 ], [ 90.524, 16.04 ], [ 90.514, 16.03 ], [ 90.501, 16.033 ], [ 90.491, 16.024 ], [ 90.494, 16.01 ], [ 90.485, 16.0 ], [ 90.471, 16.004 ], [ 90.461, 15.994 ], [ 90.465, 15.981 ], [ 90.455, 15.971 ], [ 90.441, 15.974 ], [ 90.431, 15.964 ], [ 90.435, 15.951 ], [ 90.425, 15.941 ], [ 90.411, 15.944 ], [ 90.401, 15.934 ], [ 90.405, 15.921 ], [ 90.395, 15.911 ], [ 90.381, 15.914 ], [ 90.371, 15.904 ], [ 90.375, 15.891 ], [ 90.365, 15.881 ], [ 90.351, 15.885 ], [ 90.341, 15.875 ], [ 90.345, 15.862 ], [ 90.335, 15.852 ], [ 90.322, 15.855 ], [ 90.312, 15.845 ], [ 90.316, 15.832 ], [ 90.306, 15.822 ], [ 90.309, 15.809 ], [ 90.3, 15.799 ], [ 90.286, 15.802 ], [ 90.276, 15.792 ], [ 90.28, 15.779 ], [ 90.27, 15.769 ], [ 90.256, 15.772 ], [ 90.246, 15.762 ], [ 90.25, 15.749 ], [ 90.24, 15.739 ], [ 90.226, 15.742 ], [ 90.216, 15.732 ], [ 90.22, 15.719 ], [ 90.21, 15.709 ], [ 90.214, 15.696 ], [ 90.204, 15.686 ], [ 90.19, 15.689 ], [ 90.18, 15.68 ], [ 90.184, 15.666 ], [ 90.174, 15.656 ], [ 90.161, 15.66 ], [ 90.151, 15.65 ], [ 90.155, 15.637 ], [ 90.145, 15.627 ], [ 90.131, 15.63 ], [ 90.121, 15.62 ], [ 90.125, 15.607 ], [ 90.115, 15.597 ], [ 90.119, 15.584 ], [ 90.109, 15.574 ], [ 90.095, 15.577 ], [ 90.085, 15.567 ], [ 90.089, 15.554 ], [ 90.079, 15.544 ], [ 90.065, 15.547 ], [ 90.055, 15.537 ], [ 90.059, 15.524 ], [ 90.049, 15.514 ], [ 90.053, 15.501 ], [ 90.043, 15.491 ], [ 90.03, 15.494 ], [ 90.02, 15.484 ], [ 90.024, 15.471 ], [ 90.014, 15.461 ], [ 90.018, 15.448 ], [ 90.008, 15.438 ], [ 89.994, 15.441 ], [ 89.984, 15.431 ], [ 89.988, 15.418 ], [ 89.978, 15.408 ], [ 89.982, 15.395 ], [ 89.972, 15.385 ], [ 89.958, 15.388 ], [ 89.948, 15.378 ], [ 89.952, 15.365 ], [ 89.942, 15.355 ], [ 89.946, 15.342 ], [ 89.936, 15.332 ], [ 89.94, 15.319 ], [ 89.93, 15.309 ], [ 89.917, 15.312 ], [ 89.907, 15.302 ], [ 89.911, 15.289 ], [ 89.901, 15.279 ], [ 89.905, 15.266 ], [ 89.895, 15.256 ], [ 89.881, 15.259 ], [ 89.871, 15.249 ], [ 89.875, 15.236 ], [ 89.865, 15.226 ], [ 89.869, 15.213 ], [ 89.859, 15.203 ], [ 89.863, 15.19 ], [ 89.853, 15.18 ], [ 89.839, 15.183 ], [ 89.829, 15.173 ], [ 89.833, 15.16 ], [ 89.823, 15.15 ], [ 89.827, 15.137 ], [ 89.817, 15.127 ], [ 89.804, 15.13 ], [ 89.794, 15.12 ], [ 89.798, 15.107 ], [ 89.788, 15.097 ], [ 89.792, 15.084 ], [ 89.782, 15.074 ], [ 89.786, 15.061 ], [ 89.776, 15.051 ], [ 89.78, 15.038 ], [ 89.77, 15.028 ], [ 89.756, 15.031 ], [ 89.746, 15.021 ], [ 89.75, 15.008 ], [ 89.74, 14.998 ], [ 89.744, 14.985 ], [ 89.734, 14.975 ], [ 89.738, 14.962 ], [ 89.728, 14.952 ], [ 89.732, 14.938 ], [ 89.722, 14.928 ], [ 89.726, 14.915 ], [ 89.716, 14.905 ], [ 89.703, 14.909 ], [ 89.693, 14.899 ], [ 89.697, 14.885 ], [ 89.687, 14.875 ], [ 89.691, 14.862 ], [ 89.681, 14.852 ], [ 89.685, 14.839 ], [ 89.675, 14.829 ], [ 89.679, 14.816 ], [ 89.669, 14.806 ], [ 89.673, 14.793 ], [ 89.663, 14.783 ], [ 89.649, 14.786 ], [ 89.639, 14.776 ], [ 89.643, 14.763 ], [ 89.633, 14.753 ], [ 89.637, 14.74 ], [ 89.627, 14.73 ], [ 89.631, 14.717 ], [ 89.621, 14.707 ], [ 89.625, 14.694 ], [ 89.615, 14.684 ], [ 89.619, 14.67 ], [ 89.61, 14.66 ], [ 89.596, 14.664 ], [ 89.586, 14.654 ], [ 89.59, 14.641 ], [ 89.58, 14.631 ], [ 89.584, 14.617 ], [ 89.574, 14.607 ], [ 89.578, 14.594 ], [ 89.568, 14.584 ], [ 89.572, 14.571 ], [ 89.562, 14.561 ], [ 89.566, 14.548 ], [ 89.556, 14.538 ], [ 89.56, 14.525 ], [ 89.55, 14.515 ], [ 89.554, 14.502 ], [ 89.544, 14.492 ], [ 89.531, 14.495 ], [ 89.521, 14.485 ], [ 89.525, 14.472 ], [ 89.515, 14.462 ], [ 89.519, 14.449 ], [ 89.509, 14.439 ], [ 89.513, 14.425 ], [ 89.503, 14.415 ], [ 89.507, 14.402 ], [ 89.497, 14.392 ], [ 89.501, 14.379 ], [ 89.491, 14.369 ], [ 89.495, 14.356 ], [ 89.485, 14.346 ], [ 89.489, 14.333 ], [ 89.479, 14.323 ], [ 89.483, 14.31 ], [ 89.473, 14.3 ], [ 89.477, 14.287 ], [ 89.467, 14.277 ], [ 89.471, 14.263 ], [ 89.461, 14.253 ], [ 89.465, 14.24 ], [ 89.455, 14.23 ], [ 89.459, 14.217 ], [ 89.449, 14.207 ], [ 89.436, 14.21 ], [ 89.426, 14.2 ], [ 89.43, 14.187 ], [ 89.42, 14.177 ], [ 89.424, 14.164 ], [ 89.414, 14.154 ], [ 89.418, 14.141 ], [ 89.408, 14.131 ], [ 89.412, 14.118 ], [ 89.402, 14.108 ], [ 89.406, 14.094 ], [ 89.396, 14.084 ], [ 89.4, 14.071 ], [ 89.39, 14.061 ], [ 89.394, 14.048 ], [ 89.384, 14.038 ], [ 89.388, 14.025 ], [ 89.378, 14.015 ], [ 89.382, 14.002 ], [ 89.373, 13.992 ], [ 89.376, 13.979 ], [ 89.367, 13.969 ], [ 89.371, 13.955 ], [ 89.361, 13.945 ], [ 89.365, 13.932 ], [ 89.355, 13.922 ], [ 89.359, 13.909 ], [ 89.349, 13.899 ], [ 89.353, 13.886 ], [ 89.343, 13.876 ], [ 89.347, 13.863 ], [ 89.337, 13.853 ], [ 89.341, 13.84 ], [ 89.331, 13.83 ], [ 89.335, 13.816 ], [ 89.325, 13.806 ], [ 89.329, 13.793 ], [ 89.319, 13.783 ], [ 89.323, 13.77 ], [ 89.313, 13.76 ], [ 89.317, 13.747 ], [ 89.307, 13.737 ], [ 89.311, 13.724 ], [ 89.302, 13.714 ], [ 89.305, 13.7 ], [ 89.296, 13.69 ], [ 89.3, 13.677 ], [ 89.29, 13.667 ], [ 89.294, 13.654 ], [ 89.284, 13.644 ], [ 89.288, 13.631 ], [ 89.278, 13.621 ], [ 89.282, 13.608 ], [ 89.272, 13.598 ], [ 89.276, 13.585 ], [ 89.266, 13.575 ], [ 89.27, 13.561 ], [ 89.284, 13.558 ], [ 89.288, 13.545 ], [ 89.278, 13.535 ], [ 89.282, 13.522 ], [ 89.272, 13.512 ], [ 89.276, 13.499 ], [ 89.266, 13.489 ], [ 89.27, 13.475 ], [ 89.26, 13.465 ], [ 89.264, 13.452 ], [ 89.254, 13.442 ], [ 89.258, 13.429 ], [ 89.248, 13.419 ], [ 89.252, 13.406 ], [ 89.242, 13.396 ], [ 89.246, 13.383 ], [ 89.236, 13.373 ], [ 89.24, 13.359 ], [ 89.231, 13.349 ], [ 89.234, 13.336 ], [ 89.248, 13.333 ], [ 89.252, 13.32 ], [ 89.242, 13.31 ], [ 89.246, 13.297 ], [ 89.236, 13.287 ], [ 89.24, 13.273 ], [ 89.23, 13.263 ], [ 89.234, 13.25 ], [ 89.225, 13.24 ], [ 89.228, 13.227 ], [ 89.219, 13.217 ], [ 89.205, 13.22 ], [ 89.195, 13.21 ], [ 89.199, 13.197 ], [ 89.189, 13.187 ], [ 89.193, 13.174 ], [ 89.183, 13.164 ], [ 89.17, 13.167 ], [ 89.16, 13.157 ], [ 89.164, 13.144 ], [ 89.154, 13.134 ], [ 89.158, 13.121 ], [ 89.148, 13.111 ], [ 89.152, 13.097 ], [ 89.142, 13.087 ], [ 89.129, 13.091 ], [ 89.119, 13.081 ], [ 89.123, 13.068 ], [ 89.113, 13.058 ], [ 89.117, 13.044 ], [ 89.107, 13.034 ], [ 89.111, 13.021 ], [ 89.101, 13.011 ], [ 89.105, 12.998 ], [ 89.095, 12.988 ], [ 89.082, 12.991 ], [ 89.072, 12.981 ], [ 89.076, 12.968 ], [ 89.066, 12.958 ], [ 89.07, 12.945 ], [ 89.06, 12.935 ], [ 89.064, 12.922 ], [ 89.054, 12.912 ], [ 89.058, 12.898 ], [ 89.049, 12.888 ], [ 89.052, 12.875 ], [ 89.043, 12.865 ], [ 89.029, 12.868 ], [ 89.019, 12.858 ], [ 89.023, 12.845 ], [ 89.013, 12.835 ], [ 89.017, 12.822 ], [ 89.008, 12.812 ], [ 89.011, 12.799 ], [ 89.002, 12.789 ], [ 89.006, 12.776 ], [ 88.996, 12.766 ], [ 89.0, 12.752 ], [ 88.99, 12.742 ], [ 88.976, 12.746 ], [ 88.967, 12.736 ], [ 88.97, 12.722 ], [ 88.961, 12.712 ], [ 88.965, 12.699 ], [ 88.955, 12.689 ], [ 88.959, 12.676 ], [ 88.949, 12.666 ], [ 88.953, 12.653 ], [ 88.943, 12.643 ], [ 88.947, 12.63 ], [ 88.937, 12.62 ], [ 88.941, 12.606 ], [ 88.931, 12.596 ], [ 88.935, 12.583 ], [ 88.926, 12.573 ], [ 88.929, 12.56 ], [ 88.92, 12.55 ], [ 88.924, 12.537 ], [ 88.914, 12.527 ], [ 88.918, 12.514 ], [ 88.908, 12.504 ], [ 88.912, 12.49 ], [ 88.902, 12.48 ], [ 88.906, 12.467 ], [ 88.896, 12.457 ], [ 88.9, 12.444 ], [ 88.89, 12.434 ], [ 88.894, 12.421 ], [ 88.885, 12.411 ], [ 88.889, 12.397 ], [ 88.879, 12.387 ], [ 88.883, 12.374 ], [ 88.873, 12.364 ], [ 88.877, 12.351 ], [ 88.867, 12.341 ], [ 88.871, 12.328 ], [ 88.861, 12.318 ], [ 88.865, 12.305 ], [ 88.855, 12.295 ], [ 88.859, 12.281 ], [ 88.85, 12.271 ], [ 88.853, 12.258 ], [ 88.844, 12.248 ], [ 88.848, 12.235 ], [ 88.838, 12.225 ], [ 88.842, 12.212 ], [ 88.832, 12.202 ], [ 88.836, 12.189 ], [ 88.826, 12.179 ], [ 88.83, 12.165 ], [ 88.82, 12.155 ], [ 88.824, 12.142 ], [ 88.815, 12.132 ], [ 88.818, 12.119 ], [ 88.832, 12.116 ], [ 88.836, 12.102 ], [ 88.826, 12.092 ], [ 88.83, 12.079 ], [ 88.82, 12.069 ], [ 88.824, 12.056 ], [ 88.815, 12.046 ], [ 88.818, 12.033 ], [ 88.809, 12.023 ], [ 88.813, 12.01 ], [ 88.803, 12.0 ], [ 88.807, 11.986 ], [ 88.797, 11.976 ], [ 88.801, 11.963 ], [ 88.791, 11.953 ], [ 88.795, 11.94 ], [ 88.809, 11.937 ], [ 88.813, 11.923 ], [ 88.803, 11.913 ], [ 88.807, 11.9 ], [ 88.797, 11.89 ], [ 88.801, 11.877 ], [ 88.791, 11.867 ], [ 88.795, 11.854 ], [ 88.785, 11.844 ], [ 88.789, 11.83 ], [ 88.78, 11.821 ], [ 88.783, 11.807 ], [ 88.774, 11.797 ], [ 88.778, 11.784 ], [ 88.791, 11.781 ], [ 88.795, 11.768 ], [ 88.785, 11.758 ], [ 88.789, 11.744 ], [ 88.779, 11.734 ], [ 88.783, 11.721 ], [ 88.774, 11.711 ], [ 88.778, 11.698 ], [ 88.791, 11.695 ], [ 88.795, 11.681 ], [ 88.785, 11.671 ], [ 88.789, 11.658 ], [ 88.779, 11.648 ], [ 88.783, 11.635 ], [ 88.774, 11.625 ], [ 88.778, 11.612 ], [ 88.791, 11.608 ], [ 88.795, 11.595 ], [ 88.785, 11.585 ], [ 88.789, 11.572 ], [ 88.779, 11.562 ], [ 88.783, 11.549 ], [ 88.774, 11.539 ], [ 88.778, 11.526 ], [ 88.791, 11.522 ], [ 88.795, 11.509 ], [ 88.785, 11.499 ], [ 88.789, 11.486 ], [ 88.779, 11.476 ], [ 88.783, 11.463 ], [ 88.774, 11.453 ], [ 88.777, 11.439 ], [ 88.791, 11.436 ], [ 88.795, 11.423 ], [ 88.785, 11.413 ], [ 88.789, 11.4 ], [ 88.779, 11.39 ], [ 88.783, 11.376 ], [ 88.797, 11.373 ], [ 88.801, 11.36 ], [ 88.791, 11.35 ], [ 88.795, 11.337 ], [ 88.785, 11.327 ], [ 88.789, 11.313 ], [ 88.803, 11.31 ], [ 88.807, 11.297 ], [ 88.797, 11.287 ], [ 88.801, 11.274 ], [ 88.791, 11.264 ], [ 88.795, 11.25 ], [ 88.808, 11.247 ], [ 88.812, 11.234 ], [ 88.803, 11.224 ], [ 88.806, 11.211 ], [ 88.797, 11.201 ], [ 88.801, 11.187 ], [ 88.791, 11.177 ], [ 88.795, 11.164 ], [ 88.808, 11.161 ], [ 88.812, 11.148 ], [ 88.803, 11.138 ], [ 88.806, 11.124 ], [ 88.797, 11.114 ], [ 88.801, 11.101 ], [ 88.791, 11.091 ], [ 88.795, 11.078 ], [ 88.785, 11.068 ], [ 88.789, 11.055 ], [ 88.803, 11.051 ], [ 88.806, 11.038 ], [ 88.797, 11.028 ], [ 88.801, 11.015 ], [ 88.791, 11.005 ], [ 88.795, 10.992 ], [ 88.785, 10.982 ], [ 88.789, 10.968 ], [ 88.803, 10.965 ], [ 88.806, 10.952 ], [ 88.797, 10.942 ], [ 88.801, 10.929 ], [ 88.791, 10.919 ], [ 88.795, 10.905 ], [ 88.785, 10.895 ], [ 88.789, 10.882 ], [ 88.803, 10.879 ], [ 88.806, 10.866 ], [ 88.797, 10.856 ], [ 88.801, 10.842 ], [ 88.791, 10.832 ], [ 88.795, 10.819 ], [ 88.808, 10.816 ], [ 88.812, 10.803 ], [ 88.803, 10.793 ], [ 88.806, 10.779 ], [ 88.797, 10.769 ], [ 88.801, 10.756 ], [ 88.814, 10.753 ], [ 88.818, 10.74 ], [ 88.808, 10.73 ], [ 88.812, 10.716 ], [ 88.802, 10.706 ], [ 88.806, 10.693 ], [ 88.82, 10.69 ], [ 88.824, 10.677 ], [ 88.814, 10.667 ], [ 88.818, 10.653 ], [ 88.808, 10.643 ], [ 88.812, 10.63 ], [ 88.826, 10.627 ], [ 88.83, 10.614 ], [ 88.82, 10.604 ], [ 88.824, 10.59 ], [ 88.814, 10.58 ], [ 88.818, 10.567 ], [ 88.831, 10.564 ], [ 88.835, 10.551 ], [ 88.826, 10.541 ], [ 88.829, 10.527 ], [ 88.843, 10.524 ], [ 88.847, 10.511 ], [ 88.837, 10.501 ], [ 88.841, 10.488 ], [ 88.831, 10.478 ], [ 88.835, 10.464 ], [ 88.849, 10.461 ], [ 88.853, 10.448 ], [ 88.843, 10.438 ], [ 88.847, 10.425 ], [ 88.837, 10.415 ], [ 88.841, 10.401 ], [ 88.855, 10.398 ], [ 88.858, 10.385 ], [ 88.849, 10.375 ], [ 88.853, 10.361 ], [ 88.866, 10.358 ], [ 88.87, 10.345 ], [ 88.86, 10.335 ], [ 88.864, 10.322 ], [ 88.878, 10.318 ], [ 88.882, 10.305 ], [ 88.872, 10.295 ], [ 88.876, 10.282 ], [ 88.889, 10.279 ], [ 88.893, 10.265 ], [ 88.883, 10.255 ], [ 88.887, 10.242 ], [ 88.901, 10.239 ], [ 88.905, 10.225 ], [ 88.895, 10.215 ], [ 88.899, 10.202 ], [ 88.912, 10.199 ], [ 88.916, 10.186 ], [ 88.907, 10.176 ], [ 88.91, 10.162 ], [ 88.901, 10.152 ], [ 88.905, 10.139 ], [ 88.918, 10.136 ], [ 88.922, 10.123 ], [ 88.912, 10.113 ], [ 88.916, 10.099 ], [ 88.93, 10.096 ], [ 88.934, 10.083 ], [ 88.924, 10.073 ], [ 88.928, 10.06 ], [ 88.941, 10.056 ], [ 88.945, 10.043 ], [ 88.935, 10.033 ], [ 88.939, 10.02 ], [ 88.953, 10.016 ], [ 88.957, 10.003 ], [ 88.947, 9.993 ], [ 88.951, 9.98 ], [ 88.964, 9.977 ], [ 88.968, 9.963 ], [ 88.959, 9.953 ], [ 88.962, 9.94 ], [ 88.976, 9.937 ], [ 88.98, 9.923 ], [ 88.97, 9.913 ], [ 88.974, 9.9 ], [ 88.987, 9.897 ], [ 88.991, 9.884 ], [ 88.982, 9.874 ], [ 88.986, 9.86 ], [ 88.999, 9.857 ], [ 89.003, 9.844 ], [ 89.016, 9.84 ], [ 89.02, 9.827 ], [ 89.011, 9.817 ], [ 89.014, 9.804 ], [ 89.028, 9.801 ], [ 89.032, 9.787 ], [ 89.022, 9.777 ], [ 89.026, 9.764 ], [ 89.039, 9.761 ], [ 89.043, 9.747 ], [ 89.034, 9.737 ], [ 89.038, 9.724 ], [ 89.051, 9.721 ], [ 89.055, 9.708 ], [ 89.068, 9.704 ], [ 89.072, 9.691 ], [ 89.063, 9.681 ], [ 89.066, 9.668 ], [ 89.08, 9.664 ], [ 89.084, 9.651 ], [ 89.097, 9.648 ], [ 89.101, 9.634 ], [ 89.091, 9.625 ], [ 89.095, 9.611 ], [ 89.109, 9.608 ], [ 89.113, 9.595 ], [ 89.126, 9.591 ], [ 89.13, 9.578 ], [ 89.12, 9.568 ], [ 89.124, 9.555 ], [ 89.138, 9.551 ], [ 89.141, 9.538 ], [ 89.132, 9.528 ], [ 89.136, 9.515 ], [ 89.149, 9.512 ], [ 89.153, 9.498 ], [ 89.143, 9.488 ], [ 89.147, 9.475 ], [ 89.161, 9.472 ], [ 89.165, 9.458 ], [ 89.155, 9.448 ], [ 89.159, 9.435 ], [ 89.172, 9.432 ], [ 89.176, 9.419 ], [ 89.19, 9.415 ], [ 89.193, 9.402 ], [ 89.184, 9.392 ], [ 89.188, 9.379 ], [ 89.201, 9.375 ], [ 89.205, 9.362 ], [ 89.195, 9.352 ], [ 89.199, 9.339 ], [ 89.213, 9.335 ], [ 89.216, 9.322 ], [ 89.207, 9.312 ], [ 89.211, 9.299 ], [ 89.224, 9.296 ], [ 89.228, 9.282 ], [ 89.241, 9.279 ], [ 89.245, 9.266 ], [ 89.236, 9.256 ], [ 89.239, 9.242 ], [ 89.253, 9.239 ], [ 89.257, 9.226 ], [ 89.27, 9.222 ], [ 89.274, 9.209 ], [ 89.264, 9.199 ], [ 89.268, 9.186 ], [ 89.282, 9.182 ], [ 89.286, 9.169 ], [ 89.299, 9.166 ], [ 89.303, 9.153 ], [ 89.293, 9.143 ], [ 89.297, 9.129 ], [ 89.311, 9.126 ], [ 89.314, 9.113 ], [ 89.305, 9.103 ], [ 89.309, 9.089 ], [ 89.322, 9.086 ], [ 89.326, 9.073 ], [ 89.316, 9.063 ], [ 89.32, 9.05 ], [ 89.334, 9.046 ], [ 89.337, 9.033 ], [ 89.328, 9.023 ], [ 89.332, 9.01 ], [ 89.322, 9.0 ], [ 89.326, 8.986 ], [ 89.339, 8.983 ], [ 89.343, 8.97 ], [ 89.333, 8.96 ], [ 89.337, 8.947 ], [ 89.328, 8.937 ], [ 89.331, 8.923 ], [ 89.345, 8.92 ], [ 89.349, 8.907 ], [ 89.339, 8.897 ], [ 89.343, 8.883 ], [ 89.333, 8.874 ], [ 89.337, 8.86 ], [ 89.327, 8.85 ], [ 89.331, 8.837 ], [ 89.345, 8.834 ], [ 89.349, 8.82 ], [ 89.339, 8.81 ], [ 89.343, 8.797 ], [ 89.333, 8.787 ], [ 89.337, 8.774 ], [ 89.35, 8.771 ], [ 89.354, 8.757 ], [ 89.345, 8.747 ], [ 89.348, 8.734 ], [ 89.339, 8.724 ], [ 89.343, 8.711 ], [ 89.356, 8.707 ], [ 89.36, 8.694 ], [ 89.35, 8.684 ], [ 89.354, 8.671 ], [ 89.368, 8.668 ], [ 89.371, 8.654 ], [ 89.362, 8.644 ], [ 89.366, 8.631 ], [ 89.356, 8.621 ], [ 89.36, 8.608 ], [ 89.373, 8.604 ], [ 89.377, 8.591 ], [ 89.367, 8.581 ], [ 89.371, 8.568 ], [ 89.385, 8.565 ], [ 89.388, 8.551 ], [ 89.379, 8.541 ], [ 89.383, 8.528 ], [ 89.396, 8.525 ], [ 89.4, 8.511 ], [ 89.39, 8.501 ], [ 89.394, 8.488 ], [ 89.408, 8.485 ], [ 89.411, 8.471 ], [ 89.402, 8.462 ], [ 89.406, 8.448 ], [ 89.396, 8.438 ], [ 89.4, 8.425 ], [ 89.413, 8.422 ], [ 89.417, 8.408 ], [ 89.407, 8.398 ], [ 89.411, 8.385 ], [ 89.425, 8.382 ], [ 89.429, 8.368 ], [ 89.419, 8.359 ], [ 89.423, 8.345 ], [ 89.436, 8.342 ], [ 89.44, 8.329 ], [ 89.43, 8.319 ], [ 89.434, 8.305 ], [ 89.448, 8.302 ], [ 89.451, 8.289 ], [ 89.442, 8.279 ], [ 89.446, 8.265 ], [ 89.436, 8.256 ], [ 89.44, 8.242 ], [ 89.453, 8.239 ], [ 89.457, 8.226 ], [ 89.447, 8.216 ], [ 89.451, 8.202 ], [ 89.465, 8.199 ], [ 89.469, 8.186 ], [ 89.482, 8.182 ], [ 89.486, 8.169 ], [ 89.476, 8.159 ], [ 89.48, 8.146 ], [ 89.493, 8.142 ], [ 89.497, 8.129 ], [ 89.488, 8.119 ], [ 89.491, 8.106 ], [ 89.505, 8.102 ], [ 89.509, 8.089 ], [ 89.499, 8.079 ], [ 89.503, 8.066 ], [ 89.516, 8.063 ], [ 89.52, 8.049 ], [ 89.534, 8.046 ], [ 89.537, 8.033 ], [ 89.528, 8.023 ], [ 89.532, 8.009 ], [ 89.545, 8.006 ], [ 89.549, 7.993 ], [ 89.539, 7.983 ], [ 89.543, 7.969 ], [ 89.556, 7.966 ], [ 89.56, 7.953 ], [ 89.551, 7.943 ], [ 89.554, 7.93 ], [ 89.568, 7.926 ], [ 89.572, 7.913 ], [ 89.585, 7.909 ], [ 89.589, 7.896 ], [ 89.579, 7.886 ], [ 89.583, 7.873 ], [ 89.597, 7.87 ], [ 89.6, 7.856 ], [ 89.591, 7.846 ], [ 89.595, 7.833 ], [ 89.608, 7.83 ], [ 89.612, 7.816 ], [ 89.602, 7.806 ], [ 89.606, 7.793 ], [ 89.619, 7.79 ], [ 89.623, 7.776 ], [ 89.637, 7.773 ], [ 89.641, 7.76 ], [ 89.631, 7.75 ], [ 89.635, 7.737 ], [ 89.648, 7.733 ], [ 89.652, 7.72 ], [ 89.665, 7.716 ], [ 89.669, 7.703 ], [ 89.66, 7.693 ], [ 89.663, 7.68 ], [ 89.677, 7.677 ], [ 89.681, 7.663 ], [ 89.694, 7.66 ], [ 89.698, 7.646 ], [ 89.688, 7.637 ], [ 89.692, 7.623 ], [ 89.706, 7.62 ], [ 89.709, 7.607 ], [ 89.723, 7.603 ], [ 89.727, 7.59 ], [ 89.74, 7.586 ], [ 89.744, 7.573 ], [ 89.734, 7.563 ], [ 89.738, 7.55 ], [ 89.751, 7.547 ], [ 89.755, 7.533 ], [ 89.769, 7.53 ], [ 89.772, 7.517 ], [ 89.763, 7.507 ], [ 89.767, 7.493 ], [ 89.78, 7.49 ], [ 89.784, 7.477 ], [ 89.797, 7.473 ], [ 89.801, 7.46 ], [ 89.791, 7.45 ], [ 89.795, 7.437 ], [ 89.809, 7.433 ], [ 89.813, 7.42 ], [ 89.803, 7.41 ], [ 89.807, 7.397 ], [ 89.82, 7.393 ], [ 89.824, 7.38 ], [ 89.814, 7.37 ], [ 89.818, 7.357 ], [ 89.832, 7.353 ], [ 89.835, 7.34 ], [ 89.826, 7.33 ], [ 89.829, 7.317 ], [ 89.843, 7.314 ], [ 89.847, 7.3 ], [ 89.837, 7.29 ], [ 89.841, 7.277 ], [ 89.854, 7.274 ], [ 89.858, 7.26 ], [ 89.848, 7.25 ], [ 89.852, 7.237 ], [ 89.866, 7.234 ], [ 89.869, 7.22 ], [ 89.883, 7.217 ], [ 89.887, 7.204 ], [ 89.877, 7.194 ], [ 89.881, 7.181 ], [ 89.894, 7.177 ], [ 89.898, 7.164 ], [ 89.888, 7.154 ], [ 89.892, 7.141 ], [ 89.906, 7.137 ], [ 89.909, 7.124 ], [ 89.9, 7.114 ], [ 89.904, 7.101 ], [ 89.917, 7.097 ], [ 89.921, 7.084 ], [ 89.911, 7.074 ], [ 89.915, 7.061 ], [ 89.928, 7.057 ], [ 89.932, 7.044 ], [ 89.946, 7.041 ], [ 89.949, 7.027 ], [ 89.94, 7.017 ], [ 89.944, 7.004 ], [ 89.957, 7.001 ], [ 89.961, 6.987 ], [ 89.951, 6.978 ], [ 89.955, 6.964 ], [ 89.968, 6.961 ], [ 89.972, 6.948 ], [ 89.986, 6.944 ], [ 89.989, 6.931 ], [ 89.98, 6.921 ], [ 89.984, 6.908 ], [ 89.997, 6.904 ], [ 90.001, 6.891 ], [ 89.991, 6.881 ], [ 89.995, 6.868 ], [ 90.008, 6.864 ], [ 90.012, 6.851 ], [ 90.026, 6.848 ], [ 90.029, 6.834 ], [ 90.02, 6.824 ], [ 90.024, 6.811 ], [ 90.037, 6.808 ], [ 90.041, 6.794 ], [ 90.054, 6.791 ], [ 90.058, 6.778 ], [ 90.048, 6.768 ], [ 90.052, 6.754 ], [ 90.066, 6.751 ], [ 90.069, 6.738 ], [ 90.083, 6.734 ], [ 90.087, 6.721 ], [ 90.077, 6.711 ], [ 90.081, 6.698 ], [ 90.094, 6.694 ], [ 90.098, 6.681 ], [ 90.111, 6.678 ], [ 90.115, 6.664 ], [ 90.105, 6.654 ], [ 90.109, 6.641 ], [ 90.123, 6.638 ], [ 90.126, 6.624 ], [ 90.14, 6.621 ], [ 90.144, 6.608 ], [ 90.157, 6.604 ], [ 90.161, 6.591 ], [ 90.151, 6.581 ], [ 90.155, 6.568 ], [ 90.168, 6.564 ], [ 90.172, 6.551 ], [ 90.186, 6.548 ], [ 90.189, 6.534 ], [ 90.203, 6.531 ], [ 90.207, 6.517 ], [ 90.197, 6.508 ], [ 90.201, 6.494 ], [ 90.214, 6.491 ], [ 90.218, 6.478 ], [ 90.231, 6.474 ], [ 90.235, 6.461 ], [ 90.249, 6.457 ], [ 90.252, 6.444 ], [ 90.266, 6.441 ], [ 90.27, 6.427 ], [ 90.26, 6.417 ], [ 90.264, 6.404 ], [ 90.277, 6.401 ], [ 90.281, 6.387 ], [ 90.294, 6.384 ], [ 90.298, 6.371 ], [ 90.311, 6.367 ], [ 90.315, 6.354 ], [ 90.306, 6.344 ], [ 90.309, 6.331 ], [ 90.323, 6.327 ], [ 90.327, 6.314 ], [ 90.34, 6.31 ], [ 90.344, 6.297 ], [ 90.357, 6.294 ], [ 90.361, 6.28 ], [ 90.374, 6.277 ], [ 90.378, 6.264 ], [ 90.368, 6.254 ], [ 90.372, 6.241 ], [ 90.386, 6.237 ], [ 90.389, 6.224 ], [ 90.38, 6.214 ], [ 90.384, 6.201 ], [ 90.397, 6.197 ], [ 90.401, 6.184 ], [ 90.391, 6.174 ], [ 90.395, 6.161 ], [ 90.408, 6.157 ], [ 90.412, 6.144 ], [ 90.402, 6.134 ], [ 90.406, 6.121 ], [ 90.397, 6.111 ], [ 90.4, 6.098 ], [ 90.414, 6.094 ], [ 90.418, 6.081 ], [ 90.408, 6.071 ], [ 90.412, 6.058 ], [ 90.425, 6.054 ], [ 90.429, 6.041 ], [ 90.419, 6.031 ], [ 90.423, 6.018 ], [ 90.436, 6.014 ], [ 90.44, 6.001 ], [ 90.43, 5.991 ], [ 90.434, 5.978 ], [ 90.448, 5.975 ], [ 90.451, 5.961 ], [ 90.442, 5.951 ], [ 90.446, 5.938 ], [ 90.459, 5.935 ], [ 90.463, 5.921 ], [ 90.476, 5.918 ], [ 90.48, 5.905 ], [ 90.47, 5.895 ], [ 90.474, 5.882 ], [ 90.487, 5.878 ], [ 90.491, 5.865 ], [ 90.482, 5.855 ], [ 90.485, 5.842 ], [ 90.499, 5.838 ], [ 90.502, 5.825 ], [ 90.516, 5.821 ], [ 90.52, 5.808 ], [ 90.51, 5.798 ], [ 90.514, 5.785 ], [ 90.527, 5.782 ], [ 90.531, 5.768 ], [ 90.521, 5.758 ], [ 90.525, 5.745 ], [ 90.538, 5.742 ], [ 90.542, 5.728 ], [ 90.556, 5.725 ], [ 90.559, 5.712 ], [ 90.55, 5.702 ], [ 90.553, 5.689 ], [ 90.567, 5.685 ], [ 90.571, 5.672 ], [ 90.561, 5.662 ], [ 90.565, 5.649 ], [ 90.578, 5.645 ], [ 90.582, 5.632 ], [ 90.595, 5.628 ], [ 90.599, 5.615 ], [ 90.589, 5.605 ], [ 90.593, 5.592 ], [ 90.607, 5.589 ], [ 90.61, 5.575 ], [ 90.601, 5.565 ], [ 90.604, 5.552 ], [ 90.618, 5.549 ], [ 90.622, 5.535 ], [ 90.635, 5.532 ], [ 90.639, 5.519 ], [ 90.652, 5.515 ], [ 90.656, 5.502 ], [ 90.646, 5.492 ], [ 90.65, 5.479 ], [ 90.663, 5.475 ], [ 90.667, 5.462 ], [ 90.681, 5.458 ], [ 90.684, 5.445 ], [ 90.675, 5.435 ], [ 90.678, 5.422 ], [ 90.692, 5.419 ], [ 90.696, 5.405 ], [ 90.709, 5.402 ], [ 90.713, 5.389 ], [ 90.726, 5.385 ], [ 90.73, 5.372 ], [ 90.72, 5.362 ], [ 90.724, 5.349 ], [ 90.737, 5.345 ], [ 90.741, 5.332 ], [ 90.755, 5.328 ], [ 90.758, 5.315 ], [ 90.772, 5.312 ], [ 90.775, 5.298 ], [ 90.766, 5.289 ], [ 90.77, 5.275 ], [ 90.783, 5.272 ], [ 90.787, 5.259 ], [ 90.8, 5.255 ], [ 90.804, 5.242 ], [ 90.794, 5.232 ], [ 90.798, 5.219 ], [ 90.811, 5.215 ], [ 90.815, 5.202 ], [ 90.828, 5.198 ], [ 90.832, 5.185 ], [ 90.846, 5.182 ], [ 90.849, 5.168 ], [ 90.84, 5.159 ], [ 90.843, 5.145 ], [ 90.857, 5.142 ], [ 90.861, 5.128 ], [ 90.874, 5.125 ], [ 90.878, 5.112 ], [ 90.891, 5.108 ], [ 90.895, 5.095 ], [ 90.885, 5.085 ], [ 90.889, 5.072 ], [ 90.902, 5.068 ], [ 90.906, 5.055 ], [ 90.919, 5.052 ], [ 90.923, 5.038 ], [ 90.937, 5.035 ], [ 90.94, 5.022 ], [ 90.931, 5.012 ], [ 90.934, 4.998 ], [ 90.948, 4.995 ], [ 90.952, 4.982 ], [ 90.965, 4.978 ], [ 90.969, 4.965 ], [ 90.959, 4.955 ], [ 90.963, 4.942 ], [ 90.976, 4.938 ], [ 90.98, 4.925 ], [ 90.993, 4.922 ], [ 90.997, 4.908 ], [ 91.01, 4.905 ], [ 91.014, 4.892 ], [ 91.004, 4.882 ], [ 91.008, 4.868 ], [ 91.022, 4.865 ], [ 91.025, 4.852 ], [ 91.039, 4.848 ], [ 91.042, 4.835 ], [ 91.056, 4.831 ], [ 91.06, 4.818 ], [ 91.073, 4.815 ], [ 91.077, 4.801 ], [ 91.067, 4.792 ], [ 91.071, 4.778 ], [ 91.084, 4.775 ], [ 91.088, 4.762 ], [ 91.101, 4.758 ], [ 91.105, 4.745 ], [ 91.118, 4.741 ], [ 91.122, 4.728 ], [ 91.136, 4.724 ], [ 91.139, 4.711 ], [ 91.153, 4.708 ], [ 91.156, 4.694 ], [ 91.147, 4.685 ], [ 91.15, 4.671 ], [ 91.164, 4.668 ], [ 91.168, 4.655 ], [ 91.181, 4.651 ], [ 91.185, 4.638 ], [ 91.198, 4.634 ], [ 91.202, 4.621 ], [ 91.215, 4.618 ], [ 91.219, 4.604 ], [ 91.232, 4.601 ], [ 91.236, 4.587 ], [ 91.249, 4.584 ], [ 91.253, 4.571 ], [ 91.266, 4.567 ], [ 91.27, 4.554 ], [ 91.284, 4.55 ], [ 91.287, 4.537 ], [ 91.301, 4.534 ], [ 91.304, 4.52 ], [ 91.318, 4.517 ], [ 91.321, 4.504 ], [ 91.335, 4.5 ], [ 91.339, 4.487 ], [ 91.352, 4.483 ], [ 91.356, 4.47 ], [ 91.369, 4.466 ], [ 91.373, 4.453 ], [ 91.386, 4.45 ], [ 91.39, 4.436 ], [ 91.403, 4.433 ], [ 91.407, 4.42 ], [ 91.42, 4.416 ], [ 91.424, 4.403 ], [ 91.414, 4.393 ], [ 91.418, 4.38 ], [ 91.432, 4.376 ], [ 91.435, 4.363 ], [ 91.449, 4.36 ], [ 91.452, 4.346 ], [ 91.466, 4.343 ], [ 91.469, 4.329 ], [ 91.483, 4.326 ], [ 91.487, 4.313 ], [ 91.5, 4.309 ], [ 91.504, 4.296 ], [ 91.517, 4.292 ], [ 91.527, 4.302 ], [ 91.54, 4.299 ], [ 91.544, 4.285 ], [ 91.557, 4.282 ], [ 91.561, 4.269 ], [ 91.574, 4.265 ], [ 91.578, 4.252 ], [ 91.591, 4.248 ], [ 91.595, 4.235 ], [ 91.608, 4.231 ], [ 91.612, 4.218 ], [ 91.625, 4.215 ], [ 91.629, 4.201 ], [ 91.643, 4.198 ], [ 91.646, 4.185 ], [ 91.66, 4.181 ], [ 91.663, 4.168 ], [ 91.677, 4.164 ], [ 91.68, 4.151 ], [ 91.694, 4.147 ], [ 91.698, 4.134 ], [ 91.711, 4.131 ], [ 91.721, 4.14 ], [ 91.734, 4.137 ], [ 91.738, 4.124 ], [ 91.751, 4.12 ], [ 91.755, 4.107 ], [ 91.768, 4.103 ], [ 91.772, 4.09 ], [ 91.785, 4.087 ], [ 91.789, 4.073 ], [ 91.802, 4.07 ], [ 91.806, 4.056 ], [ 91.819, 4.053 ], [ 91.823, 4.04 ], [ 91.836, 4.036 ], [ 91.84, 4.023 ], [ 91.853, 4.019 ], [ 91.863, 4.029 ], [ 91.877, 4.026 ], [ 91.88, 4.012 ], [ 91.894, 4.009 ], [ 91.897, 3.996 ], [ 91.911, 3.992 ], [ 91.914, 3.979 ], [ 91.928, 3.975 ], [ 91.937, 3.985 ], [ 91.951, 3.981 ], [ 91.954, 3.968 ], [ 91.968, 3.965 ], [ 91.972, 3.951 ], [ 91.985, 3.948 ], [ 91.989, 3.935 ], [ 92.002, 3.931 ], [ 92.006, 3.918 ], [ 92.019, 3.914 ], [ 92.029, 3.924 ], [ 92.042, 3.92 ], [ 92.046, 3.907 ], [ 92.059, 3.904 ], [ 92.063, 3.89 ], [ 92.076, 3.887 ], [ 92.08, 3.874 ], [ 92.093, 3.87 ], [ 92.103, 3.88 ], [ 92.116, 3.876 ], [ 92.12, 3.863 ], [ 92.133, 3.859 ], [ 92.137, 3.846 ], [ 92.127, 3.836 ], [ 92.131, 3.823 ], [ 92.121, 3.813 ], [ 92.125, 3.8 ], [ 92.115, 3.79 ], [ 92.119, 3.777 ], [ 92.133, 3.774 ], [ 92.142, 3.783 ], [ 92.156, 3.78 ], [ 92.165, 3.79 ], [ 92.162, 3.803 ], [ 92.171, 3.813 ], [ 92.185, 3.809 ], [ 92.194, 3.819 ], [ 92.191, 3.832 ], [ 92.2, 3.842 ], [ 92.214, 3.838 ], [ 92.223, 3.848 ], [ 92.22, 3.861 ], [ 92.229, 3.871 ], [ 92.243, 3.867 ], [ 92.252, 3.877 ], [ 92.249, 3.89 ], [ 92.258, 3.9 ], [ 92.272, 3.897 ], [ 92.281, 3.906 ], [ 92.295, 3.903 ], [ 92.304, 3.913 ], [ 92.301, 3.926 ], [ 92.311, 3.936 ], [ 92.324, 3.932 ], [ 92.334, 3.942 ], [ 92.33, 3.955 ], [ 92.34, 3.965 ], [ 92.353, 3.961 ], [ 92.363, 3.971 ], [ 92.359, 3.984 ], [ 92.369, 3.994 ], [ 92.382, 3.99 ], [ 92.392, 4.0 ], [ 92.388, 4.013 ], [ 92.398, 4.023 ], [ 92.411, 4.02 ], [ 92.421, 4.029 ], [ 92.417, 4.043 ], [ 92.427, 4.052 ], [ 92.44, 4.049 ], [ 92.45, 4.059 ], [ 92.446, 4.072 ], [ 92.456, 4.082 ], [ 92.469, 4.078 ], [ 92.479, 4.088 ], [ 92.475, 4.101 ], [ 92.485, 4.111 ], [ 92.498, 4.107 ], [ 92.508, 4.117 ], [ 92.504, 4.13 ], [ 92.514, 4.14 ], [ 92.528, 4.136 ], [ 92.537, 4.146 ], [ 92.534, 4.159 ], [ 92.543, 4.169 ], [ 92.557, 4.166 ], [ 92.566, 4.175 ], [ 92.563, 4.189 ], [ 92.572, 4.198 ], [ 92.586, 4.195 ], [ 92.596, 4.205 ], [ 92.592, 4.218 ], [ 92.602, 4.228 ], [ 92.615, 4.224 ], [ 92.625, 4.234 ], [ 92.621, 4.247 ], [ 92.631, 4.257 ], [ 92.644, 4.253 ], [ 92.654, 4.263 ], [ 92.65, 4.276 ], [ 92.66, 4.286 ], [ 92.673, 4.283 ], [ 92.683, 4.292 ], [ 92.679, 4.306 ], [ 92.689, 4.315 ], [ 92.702, 4.312 ], [ 92.712, 4.322 ], [ 92.708, 4.335 ], [ 92.718, 4.345 ], [ 92.732, 4.341 ], [ 92.741, 4.351 ], [ 92.738, 4.364 ], [ 92.747, 4.374 ], [ 92.761, 4.37 ], [ 92.77, 4.38 ], [ 92.767, 4.393 ], [ 92.777, 4.403 ], [ 92.79, 4.4 ], [ 92.8, 4.409 ], [ 92.796, 4.423 ], [ 92.806, 4.432 ], [ 92.819, 4.429 ], [ 92.829, 4.439 ], [ 92.825, 4.452 ], [ 92.835, 4.462 ], [ 92.848, 4.458 ], [ 92.858, 4.468 ], [ 92.854, 4.481 ], [ 92.864, 4.491 ], [ 92.878, 4.487 ], [ 92.887, 4.497 ], [ 92.884, 4.51 ], [ 92.893, 4.52 ], [ 92.907, 4.517 ], [ 92.916, 4.526 ], [ 92.913, 4.54 ], [ 92.923, 4.549 ], [ 92.919, 4.563 ], [ 92.929, 4.572 ], [ 92.942, 4.569 ], [ 92.952, 4.579 ], [ 92.948, 4.592 ], [ 92.958, 4.602 ], [ 92.971, 4.598 ], [ 92.981, 4.608 ], [ 92.977, 4.621 ], [ 92.987, 4.631 ], [ 93.0, 4.627 ], [ 93.01, 4.637 ], [ 93.007, 4.651 ], [ 93.016, 4.66 ], [ 93.03, 4.657 ], [ 93.039, 4.667 ], [ 93.036, 4.68 ], [ 93.046, 4.69 ], [ 93.059, 4.686 ], [ 93.069, 4.696 ], [ 93.065, 4.709 ], [ 93.075, 4.719 ], [ 93.088, 4.715 ], [ 93.098, 4.725 ], [ 93.094, 4.738 ], [ 93.104, 4.748 ], [ 93.1, 4.761 ], [ 93.11, 4.771 ], [ 93.124, 4.768 ], [ 93.133, 4.777 ], [ 93.13, 4.791 ], [ 93.139, 4.801 ], [ 93.153, 4.797 ], [ 93.163, 4.807 ], [ 93.159, 4.82 ], [ 93.169, 4.83 ], [ 93.182, 4.826 ], [ 93.192, 4.836 ], [ 93.188, 4.849 ], [ 93.198, 4.859 ], [ 93.211, 4.856 ], [ 93.221, 4.865 ], [ 93.217, 4.879 ], [ 93.227, 4.888 ], [ 93.224, 4.902 ], [ 93.233, 4.912 ], [ 93.247, 4.908 ], [ 93.257, 4.918 ], [ 93.253, 4.931 ], [ 93.263, 4.941 ], [ 93.276, 4.937 ], [ 93.286, 4.947 ], [ 93.282, 4.96 ], [ 93.292, 4.97 ], [ 93.305, 4.967 ], [ 93.315, 4.976 ], [ 93.311, 4.99 ], [ 93.321, 4.999 ], [ 93.318, 5.013 ], [ 93.327, 5.023 ], [ 93.341, 5.019 ], [ 93.351, 5.029 ], [ 93.347, 5.042 ], [ 93.357, 5.052 ], [ 93.37, 5.048 ], [ 93.38, 5.058 ], [ 93.376, 5.071 ], [ 93.386, 5.081 ], [ 93.399, 5.078 ], [ 93.409, 5.087 ], [ 93.406, 5.101 ], [ 93.415, 5.111 ], [ 93.412, 5.124 ], [ 93.421, 5.134 ], [ 93.435, 5.13 ], [ 93.445, 5.14 ], [ 93.441, 5.153 ], [ 93.451, 5.163 ], [ 93.464, 5.159 ], [ 93.474, 5.169 ], [ 93.47, 5.183 ], [ 93.48, 5.192 ], [ 93.494, 5.189 ], [ 93.503, 5.199 ], [ 93.5, 5.212 ], [ 93.509, 5.222 ], [ 93.506, 5.235 ], [ 93.516, 5.245 ], [ 93.529, 5.241 ], [ 93.539, 5.251 ], [ 93.535, 5.264 ], [ 93.545, 5.274 ], [ 93.558, 5.271 ], [ 93.568, 5.28 ], [ 93.565, 5.294 ], [ 93.574, 5.303 ], [ 93.588, 5.3 ], [ 93.598, 5.31 ], [ 93.594, 5.323 ], [ 93.604, 5.333 ], [ 93.6, 5.346 ], [ 93.61, 5.356 ], [ 93.623, 5.352 ], [ 93.633, 5.362 ], [ 93.629, 5.376 ], [ 93.639, 5.385 ], [ 93.653, 5.382 ], [ 93.663, 5.392 ], [ 93.659, 5.405 ], [ 93.669, 5.415 ], [ 93.682, 5.411 ], [ 93.692, 5.421 ], [ 93.688, 5.434 ], [ 93.698, 5.444 ], [ 93.712, 5.44 ], [ 93.721, 5.45 ], [ 93.718, 5.464 ], [ 93.727, 5.473 ], [ 93.724, 5.487 ], [ 93.734, 5.497 ], [ 93.747, 5.493 ], [ 93.757, 5.503 ], [ 93.753, 5.516 ], [ 93.763, 5.526 ], [ 93.776, 5.522 ], [ 93.786, 5.532 ], [ 93.783, 5.545 ], [ 93.792, 5.555 ], [ 93.806, 5.552 ], [ 93.816, 5.561 ], [ 93.812, 5.575 ], [ 93.822, 5.585 ], [ 93.818, 5.598 ], [ 93.828, 5.608 ], [ 93.842, 5.604 ], [ 93.851, 5.614 ], [ 93.848, 5.627 ], [ 93.857, 5.637 ], [ 93.871, 5.634 ], [ 93.881, 5.643 ], [ 93.877, 5.657 ], [ 93.887, 5.667 ], [ 93.9, 5.663 ], [ 93.91, 5.673 ], [ 93.907, 5.686 ], [ 93.916, 5.696 ], [ 93.93, 5.692 ], [ 93.94, 5.702 ], [ 93.936, 5.715 ], [ 93.946, 5.725 ], [ 93.942, 5.739 ], [ 93.952, 5.748 ], [ 93.965, 5.745 ], [ 93.975, 5.755 ], [ 93.972, 5.768 ], [ 93.981, 5.778 ], [ 93.995, 5.774 ], [ 94.005, 5.784 ], [ 94.001, 5.797 ], [ 94.011, 5.807 ], [ 94.024, 5.804 ], [ 94.034, 5.813 ], [ 94.031, 5.827 ], [ 94.04, 5.837 ], [ 94.037, 5.85 ], [ 94.047, 5.86 ], [ 94.06, 5.856 ], [ 94.07, 5.866 ], [ 94.066, 5.879 ], [ 94.076, 5.889 ], [ 94.09, 5.886 ], [ 94.099, 5.895 ], [ 94.096, 5.909 ], [ 94.106, 5.918 ], [ 94.102, 5.932 ], [ 94.112, 5.942 ], [ 94.125, 5.938 ], [ 94.135, 5.948 ], [ 94.131, 5.961 ], [ 94.141, 5.971 ], [ 94.155, 5.967 ], [ 94.165, 5.977 ], [ 94.161, 5.991 ], [ 94.171, 6.0 ], [ 94.184, 5.997 ], [ 94.194, 6.007 ], [ 94.19, 6.02 ], [ 94.2, 6.03 ], [ 94.214, 6.026 ], [ 94.224, 6.036 ], [ 94.22, 6.049 ], [ 94.23, 6.059 ], [ 94.226, 6.073 ], [ 94.236, 6.082 ], [ 94.25, 6.079 ], [ 94.259, 6.089 ], [ 94.256, 6.102 ], [ 94.266, 6.112 ], [ 94.279, 6.108 ], [ 94.289, 6.118 ], [ 94.285, 6.131 ], [ 94.295, 6.141 ], [ 94.309, 6.138 ], [ 94.318, 6.147 ], [ 94.315, 6.161 ], [ 94.325, 6.171 ], [ 94.338, 6.167 ], [ 94.348, 6.177 ], [ 94.344, 6.19 ], [ 94.354, 6.2 ], [ 94.368, 6.196 ], [ 94.378, 6.206 ], [ 94.374, 6.22 ], [ 94.384, 6.229 ], [ 94.38, 6.243 ], [ 94.39, 6.253 ], [ 94.403, 6.249 ], [ 94.413, 6.259 ], [ 94.41, 6.272 ], [ 94.42, 6.282 ], [ 94.416, 6.295 ], [ 94.426, 6.305 ], [ 94.439, 6.302 ], [ 94.449, 6.311 ], [ 94.445, 6.325 ], [ 94.455, 6.335 ], [ 94.452, 6.348 ], [ 94.462, 6.358 ], [ 94.475, 6.354 ], [ 94.485, 6.364 ], [ 94.481, 6.377 ], [ 94.468, 6.381 ], [ 94.458, 6.371 ], [ 94.444, 6.375 ], [ 94.441, 6.388 ], [ 94.427, 6.392 ], [ 94.424, 6.405 ], [ 94.41, 6.409 ], [ 94.4, 6.399 ], [ 94.387, 6.403 ], [ 94.383, 6.416 ], [ 94.37, 6.42 ], [ 94.366, 6.433 ], [ 94.352, 6.436 ], [ 94.349, 6.45 ], [ 94.335, 6.453 ], [ 94.325, 6.444 ], [ 94.312, 6.447 ], [ 94.308, 6.461 ], [ 94.295, 6.464 ], [ 94.291, 6.478 ], [ 94.278, 6.481 ], [ 94.274, 6.495 ], [ 94.26, 6.498 ], [ 94.251, 6.488 ], [ 94.237, 6.492 ], [ 94.233, 6.505 ], [ 94.22, 6.509 ], [ 94.216, 6.522 ], [ 94.203, 6.526 ], [ 94.193, 6.516 ], [ 94.179, 6.52 ], [ 94.176, 6.533 ], [ 94.162, 6.537 ], [ 94.159, 6.55 ], [ 94.145, 6.554 ], [ 94.141, 6.567 ], [ 94.128, 6.571 ], [ 94.118, 6.561 ], [ 94.105, 6.564 ], [ 94.101, 6.578 ], [ 94.087, 6.581 ], [ 94.084, 6.595 ], [ 94.07, 6.598 ], [ 94.067, 6.612 ], [ 94.053, 6.615 ], [ 94.043, 6.605 ], [ 94.03, 6.609 ], [ 94.026, 6.622 ], [ 94.013, 6.626 ], [ 94.009, 6.639 ], [ 93.995, 6.643 ], [ 93.992, 6.656 ], [ 93.978, 6.66 ], [ 93.975, 6.673 ], [ 93.961, 6.677 ], [ 93.951, 6.667 ], [ 93.955, 6.654 ], [ 93.945, 6.644 ], [ 93.931, 6.647 ], [ 93.922, 6.638 ], [ 93.925, 6.624 ], [ 93.915, 6.614 ], [ 93.902, 6.618 ], [ 93.892, 6.608 ], [ 93.879, 6.612 ], [ 93.869, 6.602 ], [ 93.855, 6.605 ], [ 93.845, 6.596 ], [ 93.832, 6.599 ], [ 93.822, 6.589 ], [ 93.809, 6.593 ], [ 93.805, 6.606 ], [ 93.791, 6.61 ], [ 93.782, 6.6 ], [ 93.768, 6.604 ], [ 93.764, 6.617 ], [ 93.751, 6.621 ], [ 93.741, 6.611 ], [ 93.727, 6.614 ], [ 93.724, 6.628 ], [ 93.71, 6.631 ], [ 93.707, 6.645 ], [ 93.693, 6.648 ], [ 93.689, 6.662 ], [ 93.676, 6.665 ], [ 93.672, 6.679 ], [ 93.659, 6.682 ], [ 93.655, 6.696 ], [ 93.665, 6.705 ], [ 93.661, 6.719 ], [ 93.648, 6.722 ], [ 93.644, 6.736 ], [ 93.654, 6.746 ], [ 93.65, 6.759 ], [ 93.637, 6.762 ], [ 93.633, 6.776 ], [ 93.62, 6.779 ], [ 93.616, 6.793 ], [ 93.626, 6.803 ], [ 93.622, 6.816 ], [ 93.609, 6.82 ], [ 93.605, 6.833 ], [ 93.591, 6.837 ], [ 93.588, 6.85 ], [ 93.597, 6.86 ], [ 93.594, 6.873 ], [ 93.58, 6.877 ], [ 93.57, 6.867 ], [ 93.557, 6.87 ], [ 93.553, 6.884 ], [ 93.54, 6.887 ], [ 93.536, 6.901 ], [ 93.523, 6.904 ], [ 93.519, 6.918 ], [ 93.529, 6.928 ], [ 93.525, 6.941 ], [ 93.511, 6.945 ], [ 93.508, 6.958 ], [ 93.494, 6.961 ], [ 93.491, 6.975 ], [ 93.5, 6.985 ], [ 93.497, 6.998 ], [ 93.507, 7.008 ], [ 93.503, 7.021 ], [ 93.513, 7.031 ], [ 93.509, 7.045 ], [ 93.496, 7.048 ], [ 93.492, 7.062 ], [ 93.502, 7.071 ], [ 93.498, 7.085 ], [ 93.484, 7.088 ], [ 93.481, 7.102 ], [ 93.491, 7.112 ], [ 93.487, 7.125 ], [ 93.497, 7.135 ], [ 93.493, 7.148 ], [ 93.503, 7.158 ], [ 93.499, 7.171 ], [ 93.486, 7.175 ], [ 93.482, 7.188 ], [ 93.469, 7.192 ], [ 93.465, 7.205 ], [ 93.475, 7.215 ], [ 93.471, 7.229 ], [ 93.457, 7.232 ], [ 93.454, 7.245 ], [ 93.464, 7.255 ], [ 93.46, 7.269 ], [ 93.446, 7.272 ], [ 93.443, 7.286 ], [ 93.453, 7.296 ], [ 93.449, 7.309 ], [ 93.459, 7.319 ], [ 93.455, 7.332 ], [ 93.465, 7.342 ], [ 93.461, 7.355 ], [ 93.471, 7.365 ], [ 93.467, 7.379 ], [ 93.454, 7.382 ], [ 93.45, 7.396 ], [ 93.437, 7.399 ], [ 93.427, 7.389 ], [ 93.413, 7.393 ], [ 93.41, 7.406 ], [ 93.419, 7.416 ], [ 93.416, 7.429 ], [ 93.402, 7.433 ], [ 93.398, 7.446 ], [ 93.385, 7.45 ], [ 93.381, 7.463 ], [ 93.368, 7.467 ], [ 93.364, 7.48 ], [ 93.374, 7.49 ], [ 93.37, 7.504 ], [ 93.357, 7.507 ], [ 93.353, 7.521 ], [ 93.363, 7.53 ], [ 93.359, 7.544 ], [ 93.369, 7.554 ], [ 93.365, 7.567 ], [ 93.375, 7.577 ], [ 93.371, 7.59 ], [ 93.381, 7.6 ], [ 93.378, 7.614 ], [ 93.387, 7.623 ], [ 93.401, 7.62 ], [ 93.411, 7.63 ], [ 93.407, 7.643 ], [ 93.417, 7.653 ], [ 93.431, 7.649 ], [ 93.44, 7.659 ], [ 93.454, 7.656 ], [ 93.464, 7.666 ], [ 93.46, 7.679 ], [ 93.47, 7.689 ], [ 93.466, 7.702 ], [ 93.476, 7.712 ], [ 93.472, 7.725 ], [ 93.459, 7.729 ], [ 93.449, 7.719 ], [ 93.435, 7.723 ], [ 93.426, 7.713 ], [ 93.412, 7.716 ], [ 93.408, 7.73 ], [ 93.395, 7.733 ], [ 93.385, 7.723 ], [ 93.371, 7.727 ], [ 93.362, 7.717 ], [ 93.348, 7.721 ], [ 93.344, 7.734 ], [ 93.331, 7.738 ], [ 93.321, 7.728 ], [ 93.307, 7.731 ], [ 93.304, 7.745 ], [ 93.29, 7.748 ], [ 93.286, 7.762 ], [ 93.273, 7.765 ], [ 93.263, 7.755 ], [ 93.249, 7.759 ], [ 93.246, 7.772 ], [ 93.232, 7.776 ], [ 93.228, 7.789 ], [ 93.215, 7.793 ], [ 93.211, 7.806 ], [ 93.198, 7.81 ], [ 93.194, 7.823 ], [ 93.18, 7.827 ], [ 93.177, 7.84 ], [ 93.187, 7.85 ], [ 93.183, 7.863 ], [ 93.169, 7.867 ], [ 93.166, 7.88 ], [ 93.152, 7.884 ], [ 93.148, 7.897 ], [ 93.158, 7.907 ], [ 93.155, 7.921 ], [ 93.141, 7.924 ], [ 93.137, 7.937 ], [ 93.147, 7.947 ], [ 93.143, 7.961 ], [ 93.153, 7.971 ], [ 93.15, 7.984 ], [ 93.159, 7.994 ], [ 93.156, 8.007 ], [ 93.166, 8.017 ], [ 93.162, 8.031 ], [ 93.148, 8.034 ], [ 93.145, 8.047 ], [ 93.131, 8.051 ], [ 93.121, 8.041 ], [ 93.108, 8.045 ], [ 93.104, 8.058 ], [ 93.09, 8.062 ], [ 93.087, 8.075 ], [ 93.073, 8.079 ], [ 93.063, 8.069 ], [ 93.05, 8.072 ], [ 93.046, 8.086 ], [ 93.032, 8.089 ], [ 93.029, 8.103 ], [ 93.015, 8.106 ], [ 93.011, 8.119 ], [ 92.998, 8.123 ], [ 92.994, 8.136 ], [ 92.981, 8.14 ], [ 92.977, 8.153 ], [ 92.963, 8.157 ], [ 92.96, 8.17 ], [ 92.946, 8.174 ], [ 92.942, 8.187 ], [ 92.952, 8.197 ], [ 92.948, 8.21 ], [ 92.935, 8.214 ], [ 92.931, 8.227 ], [ 92.918, 8.231 ], [ 92.914, 8.244 ], [ 92.924, 8.254 ], [ 92.92, 8.268 ], [ 92.93, 8.277 ], [ 92.926, 8.291 ], [ 92.913, 8.294 ], [ 92.909, 8.308 ], [ 92.919, 8.318 ], [ 92.915, 8.331 ], [ 92.925, 8.341 ], [ 92.921, 8.354 ], [ 92.908, 8.358 ], [ 92.904, 8.371 ], [ 92.89, 8.375 ], [ 92.887, 8.388 ], [ 92.873, 8.392 ], [ 92.869, 8.405 ], [ 92.879, 8.415 ], [ 92.875, 8.428 ], [ 92.862, 8.432 ], [ 92.858, 8.445 ], [ 92.868, 8.455 ], [ 92.864, 8.469 ], [ 92.874, 8.478 ], [ 92.87, 8.492 ], [ 92.88, 8.502 ], [ 92.876, 8.515 ], [ 92.886, 8.525 ], [ 92.883, 8.538 ], [ 92.892, 8.548 ], [ 92.889, 8.562 ], [ 92.899, 8.572 ], [ 92.912, 8.568 ], [ 92.922, 8.578 ], [ 92.918, 8.591 ], [ 92.928, 8.601 ], [ 92.942, 8.598 ], [ 92.952, 8.608 ], [ 92.965, 8.604 ], [ 92.975, 8.614 ], [ 92.971, 8.627 ], [ 92.981, 8.637 ], [ 92.977, 8.651 ], [ 92.964, 8.654 ], [ 92.96, 8.668 ], [ 92.97, 8.677 ], [ 92.966, 8.691 ], [ 92.953, 8.694 ], [ 92.949, 8.708 ], [ 92.959, 8.718 ], [ 92.955, 8.731 ], [ 92.942, 8.735 ], [ 92.938, 8.748 ], [ 92.924, 8.751 ], [ 92.921, 8.765 ], [ 92.93, 8.775 ], [ 92.927, 8.788 ], [ 92.913, 8.792 ], [ 92.909, 8.805 ], [ 92.919, 8.815 ], [ 92.916, 8.828 ], [ 92.902, 8.832 ], [ 92.898, 8.845 ], [ 92.908, 8.855 ], [ 92.904, 8.869 ], [ 92.891, 8.872 ], [ 92.887, 8.886 ], [ 92.897, 8.895 ], [ 92.893, 8.909 ], [ 92.88, 8.912 ], [ 92.876, 8.926 ], [ 92.886, 8.936 ], [ 92.882, 8.949 ], [ 92.868, 8.953 ], [ 92.865, 8.966 ], [ 92.851, 8.969 ], [ 92.847, 8.983 ], [ 92.834, 8.986 ], [ 92.824, 8.976 ], [ 92.81, 8.98 ], [ 92.8, 8.97 ], [ 92.787, 8.974 ], [ 92.777, 8.964 ], [ 92.763, 8.967 ], [ 92.754, 8.957 ], [ 92.74, 8.961 ], [ 92.736, 8.974 ], [ 92.723, 8.978 ], [ 92.713, 8.968 ], [ 92.699, 8.971 ], [ 92.695, 8.985 ], [ 92.682, 8.988 ], [ 92.672, 8.978 ], [ 92.658, 8.982 ], [ 92.655, 8.995 ], [ 92.641, 8.999 ], [ 92.637, 9.012 ], [ 92.624, 9.016 ], [ 92.62, 9.029 ], [ 92.606, 9.033 ], [ 92.603, 9.046 ], [ 92.589, 9.05 ], [ 92.585, 9.063 ], [ 92.572, 9.067 ], [ 92.568, 9.08 ], [ 92.578, 9.09 ], [ 92.574, 9.103 ], [ 92.561, 9.107 ], [ 92.557, 9.12 ], [ 92.567, 9.13 ], [ 92.563, 9.143 ], [ 92.573, 9.153 ], [ 92.569, 9.167 ], [ 92.555, 9.17 ], [ 92.552, 9.184 ], [ 92.562, 9.193 ], [ 92.558, 9.207 ], [ 92.568, 9.217 ], [ 92.564, 9.23 ], [ 92.574, 9.24 ], [ 92.57, 9.253 ], [ 92.58, 9.263 ], [ 92.576, 9.277 ], [ 92.586, 9.287 ], [ 92.582, 9.3 ], [ 92.592, 9.31 ], [ 92.588, 9.323 ], [ 92.598, 9.333 ], [ 92.612, 9.33 ], [ 92.622, 9.34 ], [ 92.635, 9.336 ], [ 92.645, 9.346 ], [ 92.642, 9.359 ], [ 92.651, 9.369 ], [ 92.665, 9.366 ], [ 92.675, 9.376 ], [ 92.671, 9.389 ], [ 92.681, 9.399 ], [ 92.695, 9.395 ], [ 92.704, 9.405 ], [ 92.701, 9.419 ], [ 92.687, 9.422 ], [ 92.683, 9.436 ], [ 92.693, 9.446 ], [ 92.69, 9.459 ], [ 92.676, 9.462 ], [ 92.672, 9.476 ], [ 92.682, 9.486 ], [ 92.678, 9.499 ], [ 92.665, 9.503 ], [ 92.661, 9.516 ], [ 92.671, 9.526 ], [ 92.667, 9.539 ], [ 92.653, 9.543 ], [ 92.65, 9.556 ], [ 92.66, 9.566 ], [ 92.656, 9.58 ], [ 92.642, 9.583 ], [ 92.639, 9.596 ], [ 92.625, 9.6 ], [ 92.621, 9.613 ], [ 92.631, 9.623 ], [ 92.627, 9.637 ], [ 92.614, 9.64 ], [ 92.61, 9.654 ], [ 92.62, 9.663 ], [ 92.616, 9.677 ], [ 92.602, 9.68 ], [ 92.599, 9.694 ], [ 92.609, 9.704 ], [ 92.605, 9.717 ], [ 92.591, 9.721 ], [ 92.587, 9.734 ], [ 92.597, 9.744 ], [ 92.594, 9.757 ], [ 92.58, 9.761 ], [ 92.576, 9.774 ], [ 92.586, 9.784 ], [ 92.582, 9.797 ], [ 92.569, 9.801 ], [ 92.565, 9.814 ], [ 92.575, 9.824 ], [ 92.571, 9.838 ], [ 92.558, 9.841 ], [ 92.554, 9.854 ], [ 92.564, 9.864 ], [ 92.56, 9.878 ], [ 92.546, 9.881 ], [ 92.543, 9.895 ], [ 92.552, 9.905 ], [ 92.549, 9.918 ], [ 92.535, 9.921 ], [ 92.531, 9.935 ], [ 92.541, 9.945 ], [ 92.537, 9.958 ], [ 92.524, 9.962 ], [ 92.52, 9.975 ], [ 92.506, 9.979 ], [ 92.503, 9.992 ], [ 92.513, 10.002 ], [ 92.509, 10.015 ], [ 92.495, 10.019 ], [ 92.491, 10.032 ], [ 92.501, 10.042 ], [ 92.498, 10.055 ], [ 92.484, 10.059 ], [ 92.48, 10.072 ], [ 92.49, 10.082 ], [ 92.486, 10.096 ], [ 92.496, 10.105 ], [ 92.492, 10.119 ], [ 92.479, 10.122 ], [ 92.475, 10.136 ], [ 92.485, 10.146 ], [ 92.481, 10.159 ], [ 92.468, 10.163 ], [ 92.464, 10.176 ], [ 92.474, 10.186 ], [ 92.47, 10.199 ], [ 92.456, 10.203 ], [ 92.453, 10.216 ], [ 92.462, 10.226 ], [ 92.459, 10.239 ], [ 92.445, 10.243 ], [ 92.441, 10.256 ], [ 92.451, 10.266 ], [ 92.447, 10.28 ], [ 92.434, 10.283 ], [ 92.43, 10.296 ], [ 92.44, 10.306 ], [ 92.436, 10.32 ], [ 92.422, 10.323 ], [ 92.419, 10.337 ], [ 92.429, 10.347 ], [ 92.425, 10.36 ], [ 92.411, 10.363 ], [ 92.407, 10.377 ], [ 92.394, 10.38 ], [ 92.384, 10.37 ], [ 92.37, 10.374 ], [ 92.367, 10.387 ], [ 92.353, 10.391 ], [ 92.343, 10.381 ], [ 92.329, 10.384 ], [ 92.326, 10.398 ], [ 92.312, 10.401 ], [ 92.308, 10.415 ], [ 92.295, 10.418 ], [ 92.285, 10.408 ], [ 92.271, 10.412 ], [ 92.267, 10.425 ], [ 92.254, 10.428 ], [ 92.25, 10.442 ], [ 92.26, 10.452 ], [ 92.256, 10.465 ], [ 92.242, 10.469 ], [ 92.239, 10.482 ], [ 92.225, 10.485 ], [ 92.221, 10.499 ], [ 92.231, 10.509 ], [ 92.227, 10.522 ], [ 92.237, 10.532 ], [ 92.233, 10.545 ], [ 92.22, 10.549 ], [ 92.216, 10.562 ], [ 92.226, 10.572 ], [ 92.222, 10.586 ], [ 92.232, 10.595 ], [ 92.228, 10.609 ], [ 92.238, 10.619 ], [ 92.234, 10.632 ], [ 92.221, 10.636 ], [ 92.217, 10.649 ], [ 92.227, 10.659 ], [ 92.223, 10.672 ], [ 92.233, 10.682 ], [ 92.229, 10.696 ], [ 92.215, 10.699 ], [ 92.212, 10.712 ], [ 92.222, 10.722 ], [ 92.218, 10.736 ], [ 92.228, 10.746 ], [ 92.224, 10.759 ], [ 92.21, 10.762 ], [ 92.207, 10.776 ], [ 92.216, 10.786 ], [ 92.213, 10.799 ], [ 92.223, 10.809 ], [ 92.219, 10.822 ], [ 92.205, 10.826 ], [ 92.195, 10.816 ], [ 92.182, 10.819 ], [ 92.178, 10.833 ], [ 92.164, 10.836 ], [ 92.154, 10.826 ], [ 92.141, 10.83 ], [ 92.137, 10.843 ], [ 92.123, 10.847 ], [ 92.119, 10.86 ], [ 92.106, 10.864 ], [ 92.102, 10.877 ], [ 92.088, 10.88 ], [ 92.085, 10.894 ], [ 92.071, 10.897 ], [ 92.067, 10.911 ], [ 92.053, 10.914 ], [ 92.05, 10.927 ], [ 92.06, 10.937 ], [ 92.056, 10.951 ], [ 92.066, 10.961 ], [ 92.062, 10.974 ], [ 92.048, 10.977 ], [ 92.044, 10.991 ], [ 92.054, 11.001 ], [ 92.051, 11.014 ], [ 92.06, 11.024 ], [ 92.057, 11.037 ], [ 92.067, 11.047 ], [ 92.063, 11.061 ], [ 92.073, 11.071 ], [ 92.086, 11.067 ], [ 92.096, 11.077 ], [ 92.092, 11.09 ], [ 92.102, 11.1 ], [ 92.116, 11.097 ], [ 92.126, 11.107 ], [ 92.14, 11.103 ], [ 92.149, 11.113 ], [ 92.146, 11.127 ], [ 92.156, 11.137 ], [ 92.169, 11.133 ], [ 92.179, 11.143 ], [ 92.193, 11.14 ], [ 92.203, 11.149 ], [ 92.216, 11.146 ], [ 92.22, 11.133 ], [ 92.234, 11.129 ], [ 92.244, 11.139 ], [ 92.257, 11.136 ], [ 92.267, 11.146 ], [ 92.281, 11.142 ], [ 92.285, 11.129 ], [ 92.298, 11.125 ], [ 92.302, 11.112 ], [ 92.316, 11.108 ], [ 92.32, 11.095 ], [ 92.333, 11.092 ], [ 92.337, 11.078 ], [ 92.351, 11.075 ], [ 92.355, 11.061 ], [ 92.368, 11.058 ], [ 92.372, 11.045 ], [ 92.386, 11.041 ], [ 92.389, 11.028 ], [ 92.379, 11.018 ], [ 92.383, 11.004 ], [ 92.397, 11.001 ], [ 92.407, 11.011 ], [ 92.403, 11.024 ], [ 92.413, 11.034 ], [ 92.427, 11.031 ], [ 92.437, 11.041 ], [ 92.45, 11.037 ], [ 92.46, 11.047 ], [ 92.474, 11.044 ], [ 92.484, 11.053 ], [ 92.497, 11.05 ], [ 92.507, 11.06 ], [ 92.521, 11.056 ], [ 92.531, 11.066 ], [ 92.527, 11.08 ], [ 92.537, 11.09 ], [ 92.533, 11.103 ], [ 92.543, 11.113 ], [ 92.539, 11.126 ], [ 92.526, 11.13 ], [ 92.522, 11.143 ], [ 92.508, 11.147 ], [ 92.505, 11.16 ], [ 92.514, 11.17 ], [ 92.511, 11.183 ], [ 92.521, 11.193 ], [ 92.517, 11.207 ], [ 92.503, 11.21 ], [ 92.499, 11.223 ], [ 92.486, 11.227 ], [ 92.482, 11.24 ], [ 92.468, 11.244 ], [ 92.465, 11.257 ], [ 92.451, 11.261 ], [ 92.447, 11.274 ], [ 92.433, 11.277 ], [ 92.43, 11.291 ], [ 92.416, 11.294 ], [ 92.412, 11.308 ], [ 92.398, 11.311 ], [ 92.395, 11.324 ], [ 92.405, 11.334 ], [ 92.401, 11.348 ], [ 92.387, 11.351 ], [ 92.383, 11.365 ], [ 92.393, 11.375 ], [ 92.39, 11.388 ], [ 92.376, 11.391 ], [ 92.372, 11.405 ], [ 92.358, 11.408 ], [ 92.348, 11.398 ], [ 92.352, 11.385 ], [ 92.342, 11.375 ], [ 92.329, 11.378 ], [ 92.319, 11.369 ], [ 92.305, 11.372 ], [ 92.295, 11.362 ], [ 92.281, 11.366 ], [ 92.272, 11.356 ], [ 92.258, 11.359 ], [ 92.254, 11.372 ], [ 92.24, 11.376 ], [ 92.231, 11.366 ], [ 92.217, 11.369 ], [ 92.207, 11.36 ], [ 92.193, 11.363 ], [ 92.189, 11.376 ], [ 92.176, 11.38 ], [ 92.166, 11.37 ], [ 92.152, 11.373 ], [ 92.148, 11.387 ], [ 92.135, 11.39 ], [ 92.131, 11.404 ], [ 92.117, 11.407 ], [ 92.114, 11.42 ], [ 92.1, 11.424 ], [ 92.096, 11.437 ], [ 92.082, 11.441 ], [ 92.079, 11.454 ], [ 92.065, 11.457 ], [ 92.061, 11.471 ], [ 92.071, 11.481 ], [ 92.067, 11.494 ], [ 92.054, 11.498 ], [ 92.05, 11.511 ], [ 92.06, 11.521 ], [ 92.056, 11.534 ], [ 92.042, 11.538 ], [ 92.038, 11.551 ], [ 92.048, 11.561 ], [ 92.045, 11.574 ], [ 92.054, 11.584 ], [ 92.051, 11.598 ], [ 92.061, 11.607 ], [ 92.057, 11.621 ], [ 92.067, 11.631 ], [ 92.063, 11.644 ], [ 92.073, 11.654 ], [ 92.069, 11.667 ], [ 92.079, 11.677 ], [ 92.075, 11.691 ], [ 92.085, 11.701 ], [ 92.099, 11.697 ], [ 92.109, 11.707 ], [ 92.105, 11.72 ], [ 92.115, 11.73 ], [ 92.128, 11.727 ], [ 92.138, 11.737 ], [ 92.152, 11.733 ], [ 92.162, 11.743 ], [ 92.176, 11.74 ], [ 92.186, 11.75 ], [ 92.199, 11.746 ], [ 92.209, 11.756 ], [ 92.223, 11.753 ], [ 92.233, 11.763 ], [ 92.247, 11.759 ], [ 92.25, 11.746 ], [ 92.264, 11.742 ], [ 92.274, 11.752 ], [ 92.288, 11.749 ], [ 92.291, 11.736 ], [ 92.305, 11.732 ], [ 92.315, 11.742 ], [ 92.329, 11.739 ], [ 92.333, 11.725 ], [ 92.346, 11.722 ], [ 92.35, 11.708 ], [ 92.364, 11.705 ], [ 92.374, 11.715 ], [ 92.387, 11.711 ], [ 92.397, 11.721 ], [ 92.393, 11.735 ], [ 92.38, 11.738 ], [ 92.376, 11.752 ], [ 92.386, 11.761 ], [ 92.382, 11.775 ], [ 92.368, 11.778 ], [ 92.365, 11.792 ], [ 92.375, 11.802 ], [ 92.371, 11.815 ], [ 92.357, 11.818 ], [ 92.353, 11.832 ], [ 92.363, 11.842 ], [ 92.36, 11.855 ], [ 92.369, 11.865 ], [ 92.366, 11.878 ], [ 92.376, 11.888 ], [ 92.372, 11.902 ], [ 92.382, 11.911 ], [ 92.378, 11.925 ], [ 92.388, 11.935 ], [ 92.384, 11.948 ], [ 92.394, 11.958 ], [ 92.39, 11.971 ], [ 92.4, 11.981 ], [ 92.396, 11.995 ], [ 92.406, 12.005 ], [ 92.403, 12.018 ], [ 92.413, 12.028 ], [ 92.426, 12.024 ], [ 92.436, 12.034 ], [ 92.432, 12.048 ], [ 92.442, 12.058 ], [ 92.439, 12.071 ], [ 92.449, 12.081 ], [ 92.462, 12.077 ], [ 92.472, 12.087 ], [ 92.468, 12.101 ], [ 92.455, 12.104 ], [ 92.451, 12.118 ], [ 92.461, 12.127 ], [ 92.457, 12.141 ], [ 92.467, 12.151 ], [ 92.463, 12.164 ], [ 92.473, 12.174 ], [ 92.487, 12.171 ], [ 92.497, 12.18 ], [ 92.493, 12.194 ], [ 92.479, 12.197 ], [ 92.476, 12.211 ], [ 92.486, 12.221 ], [ 92.499, 12.217 ], [ 92.509, 12.227 ], [ 92.505, 12.24 ], [ 92.515, 12.25 ], [ 92.512, 12.264 ], [ 92.522, 12.274 ], [ 92.518, 12.287 ], [ 92.528, 12.297 ], [ 92.524, 12.31 ], [ 92.534, 12.32 ], [ 92.53, 12.333 ], [ 92.54, 12.343 ], [ 92.536, 12.357 ], [ 92.546, 12.367 ], [ 92.542, 12.38 ], [ 92.552, 12.39 ], [ 92.549, 12.403 ], [ 92.535, 12.407 ], [ 92.531, 12.42 ], [ 92.541, 12.43 ], [ 92.537, 12.443 ], [ 92.524, 12.447 ], [ 92.52, 12.46 ], [ 92.53, 12.47 ], [ 92.526, 12.483 ], [ 92.512, 12.487 ], [ 92.508, 12.5 ], [ 92.518, 12.51 ], [ 92.515, 12.523 ], [ 92.525, 12.533 ], [ 92.521, 12.547 ], [ 92.507, 12.55 ], [ 92.503, 12.564 ], [ 92.513, 12.573 ], [ 92.51, 12.587 ], [ 92.519, 12.597 ], [ 92.516, 12.61 ], [ 92.526, 12.62 ], [ 92.522, 12.633 ], [ 92.532, 12.643 ], [ 92.528, 12.657 ], [ 92.538, 12.667 ], [ 92.534, 12.68 ], [ 92.52, 12.683 ], [ 92.517, 12.697 ], [ 92.503, 12.7 ], [ 92.499, 12.713 ], [ 92.509, 12.723 ], [ 92.505, 12.737 ], [ 92.492, 12.74 ], [ 92.488, 12.754 ], [ 92.498, 12.763 ], [ 92.494, 12.777 ], [ 92.504, 12.787 ], [ 92.5, 12.8 ], [ 92.486, 12.803 ], [ 92.483, 12.817 ], [ 92.493, 12.827 ], [ 92.489, 12.84 ], [ 92.499, 12.85 ], [ 92.495, 12.863 ], [ 92.481, 12.867 ], [ 92.478, 12.88 ], [ 92.487, 12.89 ], [ 92.484, 12.903 ], [ 92.494, 12.913 ], [ 92.49, 12.927 ], [ 92.5, 12.937 ], [ 92.496, 12.95 ], [ 92.506, 12.96 ], [ 92.502, 12.973 ], [ 92.512, 12.983 ], [ 92.508, 12.996 ], [ 92.518, 13.006 ], [ 92.515, 13.02 ], [ 92.525, 13.03 ], [ 92.521, 13.043 ], [ 92.531, 13.053 ], [ 92.527, 13.066 ], [ 92.537, 13.076 ], [ 92.533, 13.089 ], [ 92.543, 13.099 ], [ 92.539, 13.113 ], [ 92.549, 13.123 ], [ 92.546, 13.136 ], [ 92.556, 13.146 ], [ 92.552, 13.159 ], [ 92.562, 13.169 ], [ 92.558, 13.182 ], [ 92.568, 13.192 ], [ 92.582, 13.189 ], [ 92.592, 13.199 ], [ 92.588, 13.212 ], [ 92.598, 13.222 ], [ 92.612, 13.219 ], [ 92.622, 13.228 ], [ 92.618, 13.242 ], [ 92.628, 13.252 ], [ 92.642, 13.248 ], [ 92.652, 13.258 ], [ 92.665, 13.255 ], [ 92.675, 13.265 ], [ 92.672, 13.278 ], [ 92.658, 13.281 ], [ 92.654, 13.295 ], [ 92.664, 13.305 ], [ 92.66, 13.318 ], [ 92.67, 13.328 ], [ 92.666, 13.341 ], [ 92.653, 13.345 ], [ 92.649, 13.358 ], [ 92.659, 13.368 ], [ 92.655, 13.381 ], [ 92.665, 13.391 ], [ 92.661, 13.404 ], [ 92.648, 13.408 ], [ 92.644, 13.421 ], [ 92.654, 13.431 ], [ 92.65, 13.444 ], [ 92.66, 13.454 ], [ 92.656, 13.468 ], [ 92.666, 13.478 ], [ 92.662, 13.491 ], [ 92.672, 13.501 ], [ 92.669, 13.514 ], [ 92.679, 13.524 ], [ 92.692, 13.521 ], [ 92.702, 13.53 ], [ 92.699, 13.544 ], [ 92.709, 13.554 ], [ 92.705, 13.567 ], [ 92.715, 13.577 ], [ 92.711, 13.59 ], [ 92.721, 13.6 ], [ 92.717, 13.613 ], [ 92.727, 13.623 ], [ 92.723, 13.637 ], [ 92.733, 13.647 ], [ 92.73, 13.66 ], [ 92.74, 13.67 ], [ 92.753, 13.666 ], [ 92.763, 13.676 ], [ 92.76, 13.69 ], [ 92.77, 13.699 ], [ 92.783, 13.696 ], [ 92.793, 13.706 ], [ 92.79, 13.719 ], [ 92.8, 13.729 ], [ 92.813, 13.726 ], [ 92.823, 13.736 ], [ 92.837, 13.732 ], [ 92.847, 13.742 ], [ 92.844, 13.755 ], [ 92.854, 13.765 ], [ 92.867, 13.762 ], [ 92.877, 13.772 ], [ 92.874, 13.785 ], [ 92.884, 13.795 ], [ 92.897, 13.791 ], [ 92.907, 13.801 ], [ 92.921, 13.798 ], [ 92.931, 13.808 ], [ 92.945, 13.804 ], [ 92.955, 13.814 ], [ 92.969, 13.811 ], [ 92.979, 13.821 ], [ 92.993, 13.817 ], [ 93.003, 13.827 ], [ 93.016, 13.824 ], [ 93.026, 13.834 ], [ 93.04, 13.83 ], [ 93.044, 13.817 ], [ 93.058, 13.813 ], [ 93.068, 13.823 ], [ 93.082, 13.82 ], [ 93.085, 13.806 ], [ 93.099, 13.803 ], [ 93.109, 13.813 ], [ 93.123, 13.809 ], [ 93.127, 13.796 ], [ 93.141, 13.793 ], [ 93.144, 13.779 ], [ 93.158, 13.776 ], [ 93.168, 13.786 ], [ 93.182, 13.782 ], [ 93.192, 13.792 ], [ 93.188, 13.805 ], [ 93.198, 13.815 ], [ 93.195, 13.829 ], [ 93.205, 13.838 ], [ 93.218, 13.835 ], [ 93.228, 13.845 ], [ 93.225, 13.858 ], [ 93.235, 13.868 ], [ 93.231, 13.881 ], [ 93.241, 13.891 ], [ 93.237, 13.905 ], [ 93.247, 13.915 ], [ 93.261, 13.911 ], [ 93.271, 13.921 ], [ 93.267, 13.934 ], [ 93.277, 13.944 ], [ 93.274, 13.957 ], [ 93.284, 13.967 ], [ 93.28, 13.981 ], [ 93.29, 13.991 ], [ 93.286, 14.004 ], [ 93.296, 14.014 ], [ 93.31, 14.01 ], [ 93.32, 14.02 ], [ 93.316, 14.033 ], [ 93.326, 14.043 ], [ 93.323, 14.057 ], [ 93.333, 14.067 ], [ 93.329, 14.08 ], [ 93.339, 14.09 ], [ 93.335, 14.103 ], [ 93.345, 14.113 ], [ 93.359, 14.109 ], [ 93.369, 14.119 ], [ 93.365, 14.133 ], [ 93.375, 14.143 ], [ 93.372, 14.156 ], [ 93.382, 14.166 ], [ 93.378, 14.179 ], [ 93.388, 14.189 ], [ 93.402, 14.185 ], [ 93.412, 14.195 ], [ 93.408, 14.209 ], [ 93.418, 14.219 ], [ 93.414, 14.232 ], [ 93.424, 14.242 ], [ 93.438, 14.238 ], [ 93.448, 14.248 ], [ 93.444, 14.261 ], [ 93.454, 14.271 ], [ 93.451, 14.285 ], [ 93.461, 14.294 ], [ 93.457, 14.308 ], [ 93.467, 14.318 ], [ 93.481, 14.314 ], [ 93.491, 14.324 ], [ 93.487, 14.337 ], [ 93.497, 14.347 ], [ 93.493, 14.361 ], [ 93.504, 14.37 ], [ 93.5, 14.384 ], [ 93.51, 14.394 ], [ 93.524, 14.39 ], [ 93.534, 14.4 ], [ 93.53, 14.413 ], [ 93.54, 14.423 ], [ 93.536, 14.436 ], [ 93.546, 14.446 ], [ 93.543, 14.46 ], [ 93.553, 14.47 ], [ 93.549, 14.483 ], [ 93.559, 14.493 ], [ 93.573, 14.489 ], [ 93.583, 14.499 ], [ 93.579, 14.512 ], [ 93.589, 14.522 ], [ 93.585, 14.536 ], [ 93.595, 14.545 ], [ 93.592, 14.559 ], [ 93.602, 14.569 ], [ 93.616, 14.565 ], [ 93.626, 14.575 ], [ 93.622, 14.588 ], [ 93.632, 14.598 ], [ 93.628, 14.611 ], [ 93.638, 14.621 ], [ 93.635, 14.635 ], [ 93.645, 14.644 ], [ 93.641, 14.658 ], [ 93.651, 14.668 ], [ 93.665, 14.664 ], [ 93.675, 14.674 ], [ 93.671, 14.687 ], [ 93.681, 14.697 ], [ 93.677, 14.71 ], [ 93.688, 14.72 ], [ 93.684, 14.734 ], [ 93.694, 14.743 ], [ 93.69, 14.757 ], [ 93.676, 14.76 ], [ 93.672, 14.774 ], [ 93.659, 14.777 ], [ 93.649, 14.767 ], [ 93.635, 14.771 ], [ 93.631, 14.784 ], [ 93.617, 14.787 ], [ 93.613, 14.801 ], [ 93.599, 14.804 ], [ 93.596, 14.818 ], [ 93.582, 14.821 ], [ 93.572, 14.811 ], [ 93.558, 14.815 ], [ 93.554, 14.828 ], [ 93.54, 14.831 ], [ 93.536, 14.845 ], [ 93.523, 14.848 ], [ 93.513, 14.838 ], [ 93.499, 14.842 ], [ 93.495, 14.855 ], [ 93.481, 14.858 ], [ 93.477, 14.872 ], [ 93.463, 14.875 ], [ 93.46, 14.889 ], [ 93.446, 14.892 ], [ 93.436, 14.882 ], [ 93.422, 14.886 ], [ 93.418, 14.899 ], [ 93.404, 14.902 ], [ 93.401, 14.916 ], [ 93.387, 14.919 ], [ 93.377, 14.909 ], [ 93.363, 14.913 ], [ 93.359, 14.926 ], [ 93.345, 14.929 ], [ 93.341, 14.943 ], [ 93.327, 14.946 ], [ 93.317, 14.936 ], [ 93.304, 14.94 ], [ 93.3, 14.953 ], [ 93.286, 14.957 ], [ 93.282, 14.97 ], [ 93.268, 14.973 ], [ 93.264, 14.987 ], [ 93.251, 14.99 ], [ 93.241, 14.98 ], [ 93.227, 14.984 ], [ 93.223, 14.997 ], [ 93.209, 15.0 ], [ 93.205, 15.014 ], [ 93.191, 15.017 ], [ 93.181, 15.007 ], [ 93.168, 15.011 ], [ 93.164, 15.024 ], [ 93.15, 15.027 ], [ 93.146, 15.041 ], [ 93.132, 15.044 ], [ 93.128, 15.057 ], [ 93.115, 15.061 ], [ 93.105, 15.051 ], [ 93.091, 15.054 ], [ 93.087, 15.068 ], [ 93.073, 15.071 ], [ 93.069, 15.084 ], [ 93.055, 15.088 ], [ 93.045, 15.078 ], [ 93.031, 15.081 ], [ 93.028, 15.095 ], [ 93.014, 15.098 ], [ 93.01, 15.111 ], [ 92.996, 15.115 ], [ 92.992, 15.128 ], [ 92.979, 15.131 ], [ 92.968, 15.122 ], [ 92.955, 15.125 ], [ 92.951, 15.138 ], [ 92.937, 15.142 ], [ 92.933, 15.155 ], [ 92.919, 15.158 ], [ 92.909, 15.148 ], [ 92.895, 15.152 ], [ 92.892, 15.165 ], [ 92.878, 15.169 ], [ 92.874, 15.182 ], [ 92.86, 15.185 ], [ 92.85, 15.175 ], [ 92.836, 15.179 ], [ 92.832, 15.192 ], [ 92.819, 15.195 ], [ 92.815, 15.209 ], [ 92.801, 15.212 ], [ 92.797, 15.225 ], [ 92.783, 15.229 ], [ 92.773, 15.219 ], [ 92.759, 15.222 ], [ 92.755, 15.236 ], [ 92.742, 15.239 ], [ 92.738, 15.252 ], [ 92.724, 15.256 ], [ 92.714, 15.246 ], [ 92.7, 15.249 ], [ 92.696, 15.262 ], [ 92.682, 15.266 ], [ 92.679, 15.279 ], [ 92.665, 15.283 ], [ 92.655, 15.273 ], [ 92.641, 15.276 ], [ 92.637, 15.289 ], [ 92.623, 15.293 ], [ 92.619, 15.306 ], [ 92.605, 15.309 ], [ 92.595, 15.299 ], [ 92.582, 15.303 ], [ 92.578, 15.316 ], [ 92.564, 15.32 ], [ 92.56, 15.333 ], [ 92.546, 15.336 ], [ 92.536, 15.326 ], [ 92.522, 15.33 ], [ 92.519, 15.343 ], [ 92.505, 15.346 ], [ 92.501, 15.36 ], [ 92.487, 15.363 ], [ 92.477, 15.353 ], [ 92.463, 15.356 ], [ 92.459, 15.37 ], [ 92.445, 15.373 ], [ 92.442, 15.386 ], [ 92.428, 15.39 ], [ 92.418, 15.38 ], [ 92.404, 15.383 ], [ 92.4, 15.396 ], [ 92.386, 15.4 ], [ 92.382, 15.413 ], [ 92.369, 15.416 ], [ 92.358, 15.407 ], [ 92.345, 15.41 ], [ 92.341, 15.423 ], [ 92.327, 15.427 ], [ 92.317, 15.417 ], [ 92.303, 15.42 ], [ 92.299, 15.433 ], [ 92.285, 15.437 ], [ 92.282, 15.45 ], [ 92.268, 15.453 ], [ 92.258, 15.443 ], [ 92.244, 15.447 ], [ 92.24, 15.46 ], [ 92.226, 15.463 ], [ 92.222, 15.477 ], [ 92.208, 15.48 ], [ 92.198, 15.47 ], [ 92.185, 15.473 ], [ 92.181, 15.487 ], [ 92.167, 15.49 ], [ 92.163, 15.503 ], [ 92.149, 15.507 ], [ 92.139, 15.497 ], [ 92.125, 15.5 ], [ 92.121, 15.513 ], [ 92.108, 15.517 ], [ 92.104, 15.53 ], [ 92.09, 15.533 ], [ 92.08, 15.523 ], [ 92.066, 15.527 ], [ 92.062, 15.54 ], [ 92.048, 15.543 ], [ 92.045, 15.557 ], [ 92.031, 15.56 ], [ 92.021, 15.55 ], [ 92.007, 15.553 ], [ 92.003, 15.567 ], [ 91.989, 15.57 ], [ 91.985, 15.583 ], [ 91.971, 15.586 ], [ 91.968, 15.6 ], [ 91.954, 15.603 ], [ 91.944, 15.593 ], [ 91.93, 15.596 ], [ 91.926, 15.61 ], [ 91.912, 15.613 ], [ 91.902, 15.603 ], [ 91.888, 15.606 ], [ 91.884, 15.62 ], [ 91.871, 15.623 ], [ 91.867, 15.636 ], [ 91.853, 15.64 ], [ 91.843, 15.63 ], [ 91.829, 15.633 ], [ 91.825, 15.646 ], [ 91.811, 15.65 ], [ 91.807, 15.663 ], [ 91.794, 15.666 ], [ 91.784, 15.656 ], [ 91.77, 15.66 ], [ 91.766, 15.673 ], [ 91.752, 15.676 ], [ 91.748, 15.689 ], [ 91.734, 15.693 ], [ 91.724, 15.683 ], [ 91.71, 15.686 ], [ 91.707, 15.699 ], [ 91.693, 15.703 ], [ 91.689, 15.716 ], [ 91.675, 15.719 ], [ 91.665, 15.709 ], [ 91.651, 15.713 ], [ 91.647, 15.726 ], [ 91.634, 15.729 ], [ 91.63, 15.742 ], [ 91.616, 15.746 ], [ 91.606, 15.736 ], [ 91.592, 15.739 ], [ 91.588, 15.752 ], [ 91.574, 15.755 ], [ 91.57, 15.769 ], [ 91.557, 15.772 ], [ 91.547, 15.762 ], [ 91.533, 15.765 ], [ 91.529, 15.779 ], [ 91.515, 15.782 ], [ 91.511, 15.795 ], [ 91.497, 15.798 ], [ 91.487, 15.789 ], [ 91.473, 15.792 ], [ 91.47, 15.805 ], [ 91.456, 15.808 ], [ 91.452, 15.822 ], [ 91.438, 15.825 ], [ 91.434, 15.838 ], [ 91.42, 15.841 ], [ 91.41, 15.831 ], [ 91.396, 15.835 ], [ 91.393, 15.848 ], [ 91.379, 15.851 ], [ 91.375, 15.864 ] ] ] ] } },
{ "type": "Feature", "properties": { "POLYGON.ID": 307.0, "subregion": "IN-AN--pelagic-Andaman_Sea", "POLYGON": "IN-AN--pelagic-Andaman_Sea", "SHOW": "1", "FILTER": "Not-Assigned", "FILTER.ID": null, "OLD.POLYGON": null, "STATE": "Andaman and Nicobar Islands", "COUNTY": "Daman", "OWNER": null }, "geometry": { "type": "MultiPolygon", "coordinates": [ [ [ [ 95.671, 8.814 ], [ 95.667, 8.828 ], [ 95.654, 8.831 ], [ 95.65, 8.845 ], [ 95.66, 8.855 ], [ 95.656, 8.868 ], [ 95.666, 8.878 ], [ 95.663, 8.891 ], [ 95.673, 8.901 ], [ 95.669, 8.915 ], [ 95.655, 8.918 ], [ 95.652, 8.932 ], [ 95.662, 8.941 ], [ 95.658, 8.955 ], [ 95.668, 8.965 ], [ 95.665, 8.978 ], [ 95.675, 8.988 ], [ 95.671, 9.001 ], [ 95.657, 9.005 ], [ 95.654, 9.019 ], [ 95.664, 9.028 ], [ 95.66, 9.042 ], [ 95.67, 9.052 ], [ 95.666, 9.065 ], [ 95.676, 9.075 ], [ 95.673, 9.088 ], [ 95.659, 9.092 ], [ 95.656, 9.105 ], [ 95.666, 9.115 ], [ 95.662, 9.129 ], [ 95.672, 9.139 ], [ 95.668, 9.152 ], [ 95.678, 9.162 ], [ 95.675, 9.175 ], [ 95.661, 9.179 ], [ 95.657, 9.192 ], [ 95.667, 9.202 ], [ 95.664, 9.216 ], [ 95.674, 9.225 ], [ 95.67, 9.239 ], [ 95.68, 9.249 ], [ 95.676, 9.262 ], [ 95.663, 9.266 ], [ 95.659, 9.279 ], [ 95.669, 9.289 ], [ 95.666, 9.303 ], [ 95.676, 9.312 ], [ 95.672, 9.326 ], [ 95.682, 9.336 ], [ 95.678, 9.349 ], [ 95.665, 9.353 ], [ 95.661, 9.366 ], [ 95.671, 9.376 ], [ 95.667, 9.389 ], [ 95.677, 9.399 ], [ 95.674, 9.413 ], [ 95.684, 9.423 ], [ 95.68, 9.436 ], [ 95.667, 9.44 ], [ 95.663, 9.453 ], [ 95.673, 9.463 ], [ 95.669, 9.476 ], [ 95.656, 9.48 ], [ 95.652, 9.493 ], [ 95.662, 9.503 ], [ 95.658, 9.517 ], [ 95.645, 9.52 ], [ 95.641, 9.534 ], [ 95.628, 9.537 ], [ 95.624, 9.551 ], [ 95.634, 9.561 ], [ 95.63, 9.574 ], [ 95.617, 9.578 ], [ 95.613, 9.591 ], [ 95.623, 9.601 ], [ 95.619, 9.615 ], [ 95.606, 9.618 ], [ 95.602, 9.632 ], [ 95.588, 9.635 ], [ 95.585, 9.649 ], [ 95.595, 9.659 ], [ 95.591, 9.672 ], [ 95.578, 9.676 ], [ 95.574, 9.689 ], [ 95.584, 9.699 ], [ 95.58, 9.712 ], [ 95.567, 9.716 ], [ 95.563, 9.729 ], [ 95.549, 9.733 ], [ 95.546, 9.747 ], [ 95.556, 9.756 ], [ 95.552, 9.77 ], [ 95.538, 9.773 ], [ 95.535, 9.787 ], [ 95.521, 9.791 ], [ 95.518, 9.804 ], [ 95.528, 9.814 ], [ 95.524, 9.827 ], [ 95.51, 9.831 ], [ 95.507, 9.844 ], [ 95.517, 9.854 ], [ 95.513, 9.868 ], [ 95.499, 9.871 ], [ 95.496, 9.885 ], [ 95.482, 9.888 ], [ 95.478, 9.902 ], [ 95.488, 9.912 ], [ 95.485, 9.925 ], [ 95.471, 9.929 ], [ 95.467, 9.942 ], [ 95.477, 9.952 ], [ 95.474, 9.965 ], [ 95.46, 9.969 ], [ 95.457, 9.982 ], [ 95.443, 9.986 ], [ 95.439, 10.0 ], [ 95.449, 10.009 ], [ 95.446, 10.023 ], [ 95.432, 10.026 ], [ 95.428, 10.04 ], [ 95.438, 10.05 ], [ 95.435, 10.063 ], [ 95.421, 10.067 ], [ 95.417, 10.08 ], [ 95.404, 10.084 ], [ 95.4, 10.097 ], [ 95.41, 10.107 ], [ 95.406, 10.121 ], [ 95.393, 10.124 ], [ 95.389, 10.138 ], [ 95.399, 10.147 ], [ 95.396, 10.161 ], [ 95.382, 10.165 ], [ 95.378, 10.178 ], [ 95.365, 10.182 ], [ 95.361, 10.195 ], [ 95.371, 10.205 ], [ 95.367, 10.218 ], [ 95.354, 10.222 ], [ 95.35, 10.235 ], [ 95.36, 10.245 ], [ 95.356, 10.259 ], [ 95.343, 10.262 ], [ 95.339, 10.276 ], [ 95.325, 10.279 ], [ 95.322, 10.293 ], [ 95.332, 10.303 ], [ 95.328, 10.316 ], [ 95.314, 10.32 ], [ 95.311, 10.333 ], [ 95.297, 10.337 ], [ 95.293, 10.35 ], [ 95.303, 10.36 ], [ 95.3, 10.374 ], [ 95.286, 10.377 ], [ 95.282, 10.391 ], [ 95.292, 10.4 ], [ 95.289, 10.414 ], [ 95.275, 10.417 ], [ 95.271, 10.431 ], [ 95.258, 10.435 ], [ 95.254, 10.448 ], [ 95.264, 10.458 ], [ 95.261, 10.471 ], [ 95.247, 10.475 ], [ 95.243, 10.488 ], [ 95.253, 10.498 ], [ 95.25, 10.512 ], [ 95.236, 10.515 ], [ 95.232, 10.529 ], [ 95.219, 10.532 ], [ 95.215, 10.546 ], [ 95.225, 10.556 ], [ 95.221, 10.569 ], [ 95.208, 10.573 ], [ 95.204, 10.586 ], [ 95.19, 10.59 ], [ 95.187, 10.603 ], [ 95.173, 10.607 ], [ 95.169, 10.62 ], [ 95.179, 10.63 ], [ 95.176, 10.643 ], [ 95.186, 10.653 ], [ 95.182, 10.667 ], [ 95.192, 10.677 ], [ 95.188, 10.69 ], [ 95.198, 10.7 ], [ 95.195, 10.713 ], [ 95.205, 10.723 ], [ 95.201, 10.737 ], [ 95.187, 10.74 ], [ 95.184, 10.754 ], [ 95.194, 10.763 ], [ 95.19, 10.777 ], [ 95.2, 10.787 ], [ 95.196, 10.8 ], [ 95.206, 10.81 ], [ 95.203, 10.823 ], [ 95.213, 10.833 ], [ 95.209, 10.847 ], [ 95.195, 10.85 ], [ 95.192, 10.864 ], [ 95.202, 10.874 ], [ 95.198, 10.887 ], [ 95.208, 10.897 ], [ 95.204, 10.91 ], [ 95.215, 10.92 ], [ 95.211, 10.934 ], [ 95.197, 10.937 ], [ 95.194, 10.951 ], [ 95.204, 10.961 ], [ 95.2, 10.974 ], [ 95.21, 10.984 ], [ 95.206, 10.997 ], [ 95.216, 11.007 ], [ 95.213, 11.021 ], [ 95.223, 11.03 ], [ 95.219, 11.044 ], [ 95.205, 11.047 ], [ 95.202, 11.061 ], [ 95.212, 11.071 ], [ 95.208, 11.084 ], [ 95.218, 11.094 ], [ 95.214, 11.107 ], [ 95.224, 11.117 ], [ 95.221, 11.131 ], [ 95.231, 11.141 ], [ 95.227, 11.154 ], [ 95.213, 11.158 ], [ 95.21, 11.171 ], [ 95.22, 11.181 ], [ 95.216, 11.194 ], [ 95.226, 11.204 ], [ 95.222, 11.218 ], [ 95.232, 11.227 ], [ 95.229, 11.241 ], [ 95.239, 11.251 ], [ 95.235, 11.264 ], [ 95.245, 11.274 ], [ 95.242, 11.287 ], [ 95.228, 11.291 ], [ 95.224, 11.304 ], [ 95.234, 11.314 ], [ 95.231, 11.328 ], [ 95.241, 11.338 ], [ 95.237, 11.351 ], [ 95.247, 11.361 ], [ 95.243, 11.374 ], [ 95.23, 11.378 ], [ 95.226, 11.391 ], [ 95.236, 11.401 ], [ 95.232, 11.415 ], [ 95.242, 11.424 ], [ 95.239, 11.438 ], [ 95.249, 11.448 ], [ 95.245, 11.461 ], [ 95.255, 11.471 ], [ 95.251, 11.484 ], [ 95.238, 11.488 ], [ 95.234, 11.501 ], [ 95.244, 11.511 ], [ 95.24, 11.525 ], [ 95.25, 11.535 ], [ 95.247, 11.548 ], [ 95.257, 11.558 ], [ 95.253, 11.571 ], [ 95.263, 11.581 ], [ 95.26, 11.595 ], [ 95.246, 11.598 ], [ 95.242, 11.612 ], [ 95.252, 11.621 ], [ 95.249, 11.635 ], [ 95.259, 11.645 ], [ 95.255, 11.658 ], [ 95.265, 11.668 ], [ 95.261, 11.681 ], [ 95.271, 11.691 ], [ 95.268, 11.705 ], [ 95.278, 11.715 ], [ 95.274, 11.728 ], [ 95.26, 11.732 ], [ 95.257, 11.745 ], [ 95.267, 11.755 ], [ 95.263, 11.768 ], [ 95.273, 11.778 ], [ 95.269, 11.792 ], [ 95.28, 11.801 ], [ 95.276, 11.815 ], [ 95.286, 11.825 ], [ 95.282, 11.838 ], [ 95.268, 11.842 ], [ 95.265, 11.855 ], [ 95.275, 11.865 ], [ 95.271, 11.878 ], [ 95.281, 11.888 ], [ 95.278, 11.902 ], [ 95.288, 11.911 ], [ 95.284, 11.925 ], [ 95.294, 11.935 ], [ 95.29, 11.948 ], [ 95.3, 11.958 ], [ 95.297, 11.971 ], [ 95.283, 11.975 ], [ 95.279, 11.988 ], [ 95.289, 11.998 ], [ 95.286, 12.012 ], [ 95.296, 12.022 ], [ 95.292, 12.035 ], [ 95.302, 12.045 ], [ 95.299, 12.058 ], [ 95.309, 12.068 ], [ 95.305, 12.081 ], [ 95.315, 12.091 ], [ 95.311, 12.105 ], [ 95.321, 12.115 ], [ 95.318, 12.128 ], [ 95.328, 12.138 ], [ 95.324, 12.151 ], [ 95.334, 12.161 ], [ 95.331, 12.174 ], [ 95.317, 12.178 ], [ 95.313, 12.192 ], [ 95.323, 12.201 ], [ 95.319, 12.215 ], [ 95.33, 12.225 ], [ 95.326, 12.238 ], [ 95.336, 12.248 ], [ 95.332, 12.261 ], [ 95.342, 12.271 ], [ 95.339, 12.285 ], [ 95.349, 12.294 ], [ 95.345, 12.308 ], [ 95.355, 12.318 ], [ 95.351, 12.331 ], [ 95.362, 12.341 ], [ 95.358, 12.354 ], [ 95.344, 12.358 ], [ 95.34, 12.371 ], [ 95.351, 12.381 ], [ 95.347, 12.395 ], [ 95.357, 12.404 ], [ 95.353, 12.418 ], [ 95.363, 12.428 ], [ 95.36, 12.441 ], [ 95.37, 12.451 ], [ 95.366, 12.464 ], [ 95.376, 12.474 ], [ 95.372, 12.488 ], [ 95.383, 12.497 ], [ 95.379, 12.511 ], [ 95.389, 12.521 ], [ 95.385, 12.534 ], [ 95.395, 12.544 ], [ 95.392, 12.557 ], [ 95.378, 12.561 ], [ 95.374, 12.574 ], [ 95.384, 12.584 ], [ 95.381, 12.597 ], [ 95.391, 12.607 ], [ 95.387, 12.621 ], [ 95.397, 12.631 ], [ 95.393, 12.644 ], [ 95.404, 12.654 ], [ 95.4, 12.667 ], [ 95.41, 12.677 ], [ 95.406, 12.69 ], [ 95.416, 12.7 ], [ 95.413, 12.714 ], [ 95.423, 12.723 ], [ 95.419, 12.737 ], [ 95.405, 12.741 ], [ 95.402, 12.754 ], [ 95.412, 12.764 ], [ 95.408, 12.777 ], [ 95.418, 12.787 ], [ 95.415, 12.8 ], [ 95.425, 12.81 ], [ 95.421, 12.824 ], [ 95.431, 12.833 ], [ 95.427, 12.847 ], [ 95.414, 12.85 ], [ 95.41, 12.864 ], [ 95.42, 12.874 ], [ 95.416, 12.887 ], [ 95.426, 12.897 ], [ 95.423, 12.91 ], [ 95.409, 12.914 ], [ 95.405, 12.927 ], [ 95.415, 12.937 ], [ 95.412, 12.951 ], [ 95.422, 12.96 ], [ 95.418, 12.974 ], [ 95.428, 12.984 ], [ 95.425, 12.997 ], [ 95.435, 13.007 ], [ 95.431, 13.02 ], [ 95.417, 13.024 ], [ 95.414, 13.037 ], [ 95.424, 13.047 ], [ 95.42, 13.06 ], [ 95.43, 13.07 ], [ 95.426, 13.084 ], [ 95.436, 13.093 ], [ 95.433, 13.107 ], [ 95.443, 13.117 ], [ 95.439, 13.13 ], [ 95.449, 13.14 ], [ 95.446, 13.153 ], [ 95.456, 13.163 ], [ 95.452, 13.177 ], [ 95.462, 13.186 ], [ 95.458, 13.2 ], [ 95.469, 13.21 ], [ 95.465, 13.223 ], [ 95.475, 13.233 ], [ 95.471, 13.246 ], [ 95.481, 13.256 ], [ 95.478, 13.269 ], [ 95.488, 13.279 ], [ 95.484, 13.293 ], [ 95.47, 13.296 ], [ 95.467, 13.31 ], [ 95.477, 13.319 ], [ 95.473, 13.333 ], [ 95.483, 13.343 ], [ 95.48, 13.356 ], [ 95.466, 13.36 ], [ 95.462, 13.373 ], [ 95.472, 13.383 ], [ 95.469, 13.396 ], [ 95.455, 13.4 ], [ 95.451, 13.413 ], [ 95.437, 13.417 ], [ 95.434, 13.43 ], [ 95.42, 13.434 ], [ 95.416, 13.447 ], [ 95.402, 13.451 ], [ 95.399, 13.464 ], [ 95.385, 13.468 ], [ 95.381, 13.481 ], [ 95.367, 13.485 ], [ 95.364, 13.498 ], [ 95.35, 13.502 ], [ 95.346, 13.515 ], [ 95.332, 13.519 ], [ 95.329, 13.532 ], [ 95.315, 13.536 ], [ 95.311, 13.549 ], [ 95.297, 13.553 ], [ 95.294, 13.566 ], [ 95.28, 13.57 ], [ 95.276, 13.583 ], [ 95.262, 13.587 ], [ 95.252, 13.577 ], [ 95.239, 13.58 ], [ 95.235, 13.594 ], [ 95.221, 13.597 ], [ 95.217, 13.611 ], [ 95.204, 13.614 ], [ 95.2, 13.628 ], [ 95.186, 13.631 ], [ 95.182, 13.645 ], [ 95.169, 13.648 ], [ 95.165, 13.662 ], [ 95.151, 13.665 ], [ 95.147, 13.679 ], [ 95.134, 13.682 ], [ 95.13, 13.696 ], [ 95.116, 13.699 ], [ 95.112, 13.713 ], [ 95.099, 13.716 ], [ 95.095, 13.729 ], [ 95.081, 13.733 ], [ 95.077, 13.746 ], [ 95.063, 13.75 ], [ 95.06, 13.763 ], [ 95.046, 13.767 ], [ 95.042, 13.78 ], [ 95.028, 13.784 ], [ 95.025, 13.797 ], [ 95.011, 13.801 ], [ 95.007, 13.814 ], [ 94.993, 13.818 ], [ 94.99, 13.831 ], [ 94.976, 13.835 ], [ 94.972, 13.848 ], [ 94.958, 13.852 ], [ 94.955, 13.865 ], [ 94.941, 13.869 ], [ 94.937, 13.882 ], [ 94.923, 13.886 ], [ 94.92, 13.899 ], [ 94.906, 13.902 ], [ 94.902, 13.916 ], [ 94.888, 13.919 ], [ 94.885, 13.933 ], [ 94.871, 13.936 ], [ 94.867, 13.95 ], [ 94.853, 13.953 ], [ 94.85, 13.967 ], [ 94.836, 13.97 ], [ 94.832, 13.984 ], [ 94.818, 13.987 ], [ 94.814, 14.0 ], [ 94.801, 14.004 ], [ 94.797, 14.017 ], [ 94.783, 14.021 ], [ 94.779, 14.034 ], [ 94.766, 14.038 ], [ 94.762, 14.051 ], [ 94.748, 14.055 ], [ 94.744, 14.068 ], [ 94.73, 14.072 ], [ 94.727, 14.085 ], [ 94.713, 14.089 ], [ 94.709, 14.102 ], [ 94.695, 14.105 ], [ 94.692, 14.119 ], [ 94.678, 14.122 ], [ 94.674, 14.136 ], [ 94.66, 14.139 ], [ 94.657, 14.153 ], [ 94.643, 14.156 ], [ 94.639, 14.17 ], [ 94.625, 14.173 ], [ 94.621, 14.186 ], [ 94.608, 14.19 ], [ 94.604, 14.203 ], [ 94.59, 14.207 ], [ 94.586, 14.22 ], [ 94.573, 14.224 ], [ 94.569, 14.237 ], [ 94.555, 14.241 ], [ 94.551, 14.254 ], [ 94.537, 14.258 ], [ 94.527, 14.248 ], [ 94.514, 14.251 ], [ 94.51, 14.265 ], [ 94.496, 14.268 ], [ 94.492, 14.281 ], [ 94.478, 14.285 ], [ 94.475, 14.298 ], [ 94.461, 14.302 ], [ 94.457, 14.315 ], [ 94.443, 14.319 ], [ 94.44, 14.332 ], [ 94.426, 14.336 ], [ 94.422, 14.349 ], [ 94.408, 14.352 ], [ 94.404, 14.366 ], [ 94.391, 14.369 ], [ 94.387, 14.383 ], [ 94.373, 14.386 ], [ 94.369, 14.4 ], [ 94.355, 14.403 ], [ 94.352, 14.416 ], [ 94.338, 14.42 ], [ 94.328, 14.41 ], [ 94.314, 14.414 ], [ 94.31, 14.427 ], [ 94.296, 14.43 ], [ 94.293, 14.444 ], [ 94.279, 14.447 ], [ 94.275, 14.461 ], [ 94.261, 14.464 ], [ 94.257, 14.478 ], [ 94.244, 14.481 ], [ 94.233, 14.471 ], [ 94.22, 14.475 ], [ 94.216, 14.488 ], [ 94.202, 14.492 ], [ 94.198, 14.505 ], [ 94.184, 14.508 ], [ 94.181, 14.522 ], [ 94.167, 14.525 ], [ 94.157, 14.515 ], [ 94.143, 14.519 ], [ 94.139, 14.532 ], [ 94.125, 14.536 ], [ 94.122, 14.549 ], [ 94.108, 14.553 ], [ 94.098, 14.543 ], [ 94.084, 14.546 ], [ 94.08, 14.56 ], [ 94.066, 14.563 ], [ 94.063, 14.576 ], [ 94.049, 14.58 ], [ 94.045, 14.593 ], [ 94.031, 14.597 ], [ 94.021, 14.587 ], [ 94.007, 14.59 ], [ 94.003, 14.604 ], [ 93.99, 14.607 ], [ 93.986, 14.621 ], [ 93.972, 14.624 ], [ 93.968, 14.637 ], [ 93.954, 14.641 ], [ 93.944, 14.631 ], [ 93.93, 14.635 ], [ 93.927, 14.648 ], [ 93.913, 14.651 ], [ 93.903, 14.641 ], [ 93.889, 14.645 ], [ 93.885, 14.658 ], [ 93.871, 14.662 ], [ 93.868, 14.675 ], [ 93.854, 14.679 ], [ 93.844, 14.669 ], [ 93.83, 14.672 ], [ 93.826, 14.686 ], [ 93.812, 14.689 ], [ 93.808, 14.702 ], [ 93.795, 14.706 ], [ 93.791, 14.719 ], [ 93.777, 14.723 ], [ 93.767, 14.713 ], [ 93.753, 14.716 ], [ 93.749, 14.73 ], [ 93.735, 14.733 ], [ 93.732, 14.746 ], [ 93.718, 14.75 ], [ 93.708, 14.74 ], [ 93.694, 14.743 ], [ 93.684, 14.734 ], [ 93.688, 14.72 ], [ 93.677, 14.71 ], [ 93.681, 14.697 ], [ 93.671, 14.687 ], [ 93.675, 14.674 ], [ 93.665, 14.664 ], [ 93.651, 14.668 ], [ 93.641, 14.658 ], [ 93.645, 14.644 ], [ 93.635, 14.635 ], [ 93.638, 14.621 ], [ 93.628, 14.611 ], [ 93.632, 14.598 ], [ 93.622, 14.588 ], [ 93.626, 14.575 ], [ 93.616, 14.565 ], [ 93.602, 14.569 ], [ 93.592, 14.559 ], [ 93.595, 14.545 ], [ 93.585, 14.536 ], [ 93.589, 14.522 ], [ 93.579, 14.512 ], [ 93.583, 14.499 ], [ 93.573, 14.489 ], [ 93.559, 14.493 ], [ 93.549, 14.483 ], [ 93.553, 14.47 ], [ 93.543, 14.46 ], [ 93.546, 14.446 ], [ 93.536, 14.436 ], [ 93.54, 14.423 ], [ 93.53, 14.413 ], [ 93.534, 14.4 ], [ 93.524, 14.39 ], [ 93.51, 14.394 ], [ 93.5, 14.384 ], [ 93.504, 14.37 ], [ 93.493, 14.361 ], [ 93.497, 14.347 ], [ 93.487, 14.337 ], [ 93.491, 14.324 ], [ 93.481, 14.314 ], [ 93.467, 14.318 ], [ 93.457, 14.308 ], [ 93.461, 14.294 ], [ 93.451, 14.285 ], [ 93.454, 14.271 ], [ 93.444, 14.261 ], [ 93.448, 14.248 ], [ 93.438, 14.238 ], [ 93.424, 14.242 ], [ 93.414, 14.232 ], [ 93.418, 14.219 ], [ 93.408, 14.209 ], [ 93.412, 14.195 ], [ 93.402, 14.185 ], [ 93.388, 14.189 ], [ 93.378, 14.179 ], [ 93.382, 14.166 ], [ 93.372, 14.156 ], [ 93.375, 14.143 ], [ 93.365, 14.133 ], [ 93.369, 14.119 ], [ 93.359, 14.109 ], [ 93.345, 14.113 ], [ 93.335, 14.103 ], [ 93.339, 14.09 ], [ 93.329, 14.08 ], [ 93.333, 14.067 ], [ 93.323, 14.057 ], [ 93.326, 14.043 ], [ 93.316, 14.033 ], [ 93.32, 14.02 ], [ 93.31, 14.01 ], [ 93.296, 14.014 ], [ 93.286, 14.004 ], [ 93.29, 13.991 ], [ 93.28, 13.981 ], [ 93.284, 13.967 ], [ 93.274, 13.957 ], [ 93.277, 13.944 ], [ 93.267, 13.934 ], [ 93.271, 13.921 ], [ 93.261, 13.911 ], [ 93.247, 13.915 ], [ 93.237, 13.905 ], [ 93.241, 13.891 ], [ 93.231, 13.881 ], [ 93.235, 13.868 ], [ 93.225, 13.858 ], [ 93.228, 13.845 ], [ 93.218, 13.835 ], [ 93.205, 13.838 ], [ 93.195, 13.829 ], [ 93.198, 13.815 ], [ 93.188, 13.805 ], [ 93.192, 13.792 ], [ 93.182, 13.782 ], [ 93.168, 13.786 ], [ 93.158, 13.776 ], [ 93.162, 13.762 ], [ 93.176, 13.759 ], [ 93.18, 13.746 ], [ 93.193, 13.742 ], [ 93.197, 13.729 ], [ 93.211, 13.725 ], [ 93.215, 13.712 ], [ 93.205, 13.702 ], [ 93.208, 13.689 ], [ 93.222, 13.685 ], [ 93.226, 13.672 ], [ 93.216, 13.662 ], [ 93.22, 13.649 ], [ 93.21, 13.639 ], [ 93.214, 13.626 ], [ 93.227, 13.622 ], [ 93.231, 13.609 ], [ 93.221, 13.599 ], [ 93.225, 13.586 ], [ 93.215, 13.576 ], [ 93.219, 13.562 ], [ 93.209, 13.552 ], [ 93.212, 13.539 ], [ 93.226, 13.536 ], [ 93.23, 13.522 ], [ 93.244, 13.519 ], [ 93.247, 13.505 ], [ 93.237, 13.496 ], [ 93.241, 13.482 ], [ 93.255, 13.479 ], [ 93.259, 13.465 ], [ 93.249, 13.456 ], [ 93.252, 13.442 ], [ 93.266, 13.439 ], [ 93.27, 13.425 ], [ 93.26, 13.415 ], [ 93.264, 13.402 ], [ 93.254, 13.392 ], [ 93.257, 13.379 ], [ 93.247, 13.369 ], [ 93.251, 13.356 ], [ 93.241, 13.346 ], [ 93.245, 13.332 ], [ 93.235, 13.323 ], [ 93.239, 13.309 ], [ 93.229, 13.299 ], [ 93.232, 13.286 ], [ 93.222, 13.276 ], [ 93.226, 13.263 ], [ 93.216, 13.253 ], [ 93.22, 13.239 ], [ 93.21, 13.23 ], [ 93.214, 13.216 ], [ 93.204, 13.206 ], [ 93.207, 13.193 ], [ 93.221, 13.19 ], [ 93.225, 13.176 ], [ 93.215, 13.166 ], [ 93.201, 13.17 ], [ 93.191, 13.16 ], [ 93.195, 13.147 ], [ 93.185, 13.137 ], [ 93.189, 13.123 ], [ 93.202, 13.12 ], [ 93.206, 13.106 ], [ 93.196, 13.097 ], [ 93.2, 13.083 ], [ 93.19, 13.073 ], [ 93.194, 13.06 ], [ 93.184, 13.05 ], [ 93.187, 13.037 ], [ 93.177, 13.027 ], [ 93.181, 13.013 ], [ 93.171, 13.004 ], [ 93.175, 12.99 ], [ 93.165, 12.98 ], [ 93.169, 12.967 ], [ 93.159, 12.957 ], [ 93.163, 12.944 ], [ 93.153, 12.934 ], [ 93.156, 12.92 ], [ 93.146, 12.911 ], [ 93.133, 12.914 ], [ 93.123, 12.904 ], [ 93.126, 12.891 ], [ 93.116, 12.881 ], [ 93.12, 12.868 ], [ 93.11, 12.858 ], [ 93.114, 12.844 ], [ 93.104, 12.834 ], [ 93.108, 12.821 ], [ 93.098, 12.811 ], [ 93.101, 12.798 ], [ 93.115, 12.794 ], [ 93.119, 12.781 ], [ 93.133, 12.777 ], [ 93.136, 12.764 ], [ 93.126, 12.754 ], [ 93.13, 12.741 ], [ 93.144, 12.737 ], [ 93.148, 12.724 ], [ 93.138, 12.714 ], [ 93.141, 12.701 ], [ 93.131, 12.691 ], [ 93.135, 12.677 ], [ 93.125, 12.668 ], [ 93.129, 12.654 ], [ 93.119, 12.644 ], [ 93.123, 12.631 ], [ 93.113, 12.621 ], [ 93.116, 12.608 ], [ 93.13, 12.604 ], [ 93.134, 12.591 ], [ 93.124, 12.581 ], [ 93.128, 12.568 ], [ 93.142, 12.564 ], [ 93.145, 12.551 ], [ 93.135, 12.541 ], [ 93.139, 12.527 ], [ 93.129, 12.518 ], [ 93.133, 12.504 ], [ 93.123, 12.494 ], [ 93.127, 12.481 ], [ 93.14, 12.477 ], [ 93.144, 12.464 ], [ 93.158, 12.461 ], [ 93.162, 12.447 ], [ 93.175, 12.444 ], [ 93.179, 12.43 ], [ 93.193, 12.427 ], [ 93.197, 12.414 ], [ 93.21, 12.41 ], [ 93.214, 12.397 ], [ 93.228, 12.393 ], [ 93.232, 12.38 ], [ 93.222, 12.37 ], [ 93.225, 12.357 ], [ 93.239, 12.353 ], [ 93.243, 12.34 ], [ 93.233, 12.33 ], [ 93.237, 12.316 ], [ 93.25, 12.313 ], [ 93.254, 12.299 ], [ 93.268, 12.296 ], [ 93.272, 12.283 ], [ 93.262, 12.273 ], [ 93.265, 12.259 ], [ 93.255, 12.249 ], [ 93.259, 12.236 ], [ 93.249, 12.226 ], [ 93.253, 12.213 ], [ 93.267, 12.209 ], [ 93.27, 12.196 ], [ 93.284, 12.192 ], [ 93.288, 12.179 ], [ 93.278, 12.169 ], [ 93.282, 12.156 ], [ 93.272, 12.146 ], [ 93.275, 12.132 ], [ 93.289, 12.129 ], [ 93.293, 12.116 ], [ 93.283, 12.106 ], [ 93.287, 12.092 ], [ 93.277, 12.082 ], [ 93.263, 12.086 ], [ 93.253, 12.076 ], [ 93.257, 12.063 ], [ 93.247, 12.053 ], [ 93.25, 12.039 ], [ 93.24, 12.029 ], [ 93.227, 12.033 ], [ 93.217, 12.023 ], [ 93.22, 12.01 ], [ 93.211, 12.0 ], [ 93.214, 11.986 ], [ 93.204, 11.977 ], [ 93.208, 11.963 ], [ 93.198, 11.953 ], [ 93.202, 11.94 ], [ 93.216, 11.936 ], [ 93.219, 11.923 ], [ 93.209, 11.913 ], [ 93.213, 11.9 ], [ 93.227, 11.896 ], [ 93.231, 11.883 ], [ 93.221, 11.873 ], [ 93.224, 11.86 ], [ 93.238, 11.856 ], [ 93.242, 11.843 ], [ 93.232, 11.833 ], [ 93.236, 11.819 ], [ 93.249, 11.816 ], [ 93.253, 11.802 ], [ 93.243, 11.793 ], [ 93.247, 11.779 ], [ 93.237, 11.769 ], [ 93.241, 11.756 ], [ 93.231, 11.746 ], [ 93.234, 11.733 ], [ 93.224, 11.723 ], [ 93.228, 11.709 ], [ 93.218, 11.699 ], [ 93.222, 11.686 ], [ 93.212, 11.676 ], [ 93.198, 11.68 ], [ 93.188, 11.67 ], [ 93.192, 11.656 ], [ 93.182, 11.646 ], [ 93.168, 11.65 ], [ 93.158, 11.64 ], [ 93.145, 11.644 ], [ 93.135, 11.634 ], [ 93.121, 11.637 ], [ 93.111, 11.627 ], [ 93.097, 11.631 ], [ 93.087, 11.621 ], [ 93.074, 11.624 ], [ 93.064, 11.614 ], [ 93.05, 11.618 ], [ 93.046, 11.631 ], [ 93.033, 11.635 ], [ 93.023, 11.625 ], [ 93.009, 11.628 ], [ 93.005, 11.642 ], [ 92.991, 11.645 ], [ 92.988, 11.659 ], [ 92.974, 11.662 ], [ 92.97, 11.676 ], [ 92.956, 11.679 ], [ 92.953, 11.692 ], [ 92.939, 11.696 ], [ 92.929, 11.686 ], [ 92.933, 11.673 ], [ 92.923, 11.663 ], [ 92.927, 11.649 ], [ 92.917, 11.639 ], [ 92.92, 11.626 ], [ 92.91, 11.616 ], [ 92.914, 11.603 ], [ 92.904, 11.593 ], [ 92.908, 11.58 ], [ 92.898, 11.57 ], [ 92.902, 11.556 ], [ 92.892, 11.546 ], [ 92.896, 11.533 ], [ 92.886, 11.523 ], [ 92.889, 11.51 ], [ 92.879, 11.5 ], [ 92.883, 11.486 ], [ 92.873, 11.476 ], [ 92.877, 11.463 ], [ 92.867, 11.453 ], [ 92.871, 11.44 ], [ 92.861, 11.43 ], [ 92.865, 11.416 ], [ 92.855, 11.407 ], [ 92.858, 11.393 ], [ 92.872, 11.39 ], [ 92.876, 11.376 ], [ 92.866, 11.366 ], [ 92.87, 11.353 ], [ 92.883, 11.35 ], [ 92.887, 11.336 ], [ 92.877, 11.326 ], [ 92.881, 11.313 ], [ 92.871, 11.303 ], [ 92.875, 11.29 ], [ 92.865, 11.28 ], [ 92.869, 11.266 ], [ 92.859, 11.256 ], [ 92.862, 11.243 ], [ 92.853, 11.233 ], [ 92.856, 11.22 ], [ 92.87, 11.216 ], [ 92.874, 11.203 ], [ 92.887, 11.199 ], [ 92.891, 11.186 ], [ 92.881, 11.176 ], [ 92.885, 11.163 ], [ 92.899, 11.159 ], [ 92.902, 11.146 ], [ 92.892, 11.136 ], [ 92.896, 11.122 ], [ 92.886, 11.113 ], [ 92.89, 11.099 ], [ 92.88, 11.089 ], [ 92.884, 11.076 ], [ 92.874, 11.066 ], [ 92.86, 11.069 ], [ 92.85, 11.06 ], [ 92.854, 11.046 ], [ 92.844, 11.036 ], [ 92.848, 11.023 ], [ 92.838, 11.013 ], [ 92.824, 11.016 ], [ 92.814, 11.007 ], [ 92.818, 10.993 ], [ 92.832, 10.99 ], [ 92.836, 10.976 ], [ 92.826, 10.966 ], [ 92.829, 10.953 ], [ 92.819, 10.943 ], [ 92.823, 10.93 ], [ 92.813, 10.92 ], [ 92.817, 10.906 ], [ 92.807, 10.896 ], [ 92.793, 10.9 ], [ 92.783, 10.89 ], [ 92.787, 10.877 ], [ 92.777, 10.867 ], [ 92.764, 10.87 ], [ 92.754, 10.86 ], [ 92.757, 10.847 ], [ 92.748, 10.837 ], [ 92.751, 10.824 ], [ 92.741, 10.814 ], [ 92.745, 10.8 ], [ 92.735, 10.79 ], [ 92.739, 10.777 ], [ 92.753, 10.774 ], [ 92.756, 10.76 ], [ 92.746, 10.75 ], [ 92.75, 10.737 ], [ 92.764, 10.733 ], [ 92.768, 10.72 ], [ 92.758, 10.71 ], [ 92.761, 10.697 ], [ 92.752, 10.687 ], [ 92.755, 10.673 ], [ 92.745, 10.663 ], [ 92.749, 10.65 ], [ 92.739, 10.64 ], [ 92.743, 10.627 ], [ 92.733, 10.617 ], [ 92.737, 10.603 ], [ 92.727, 10.594 ], [ 92.731, 10.58 ], [ 92.721, 10.57 ], [ 92.724, 10.557 ], [ 92.715, 10.547 ], [ 92.718, 10.534 ], [ 92.708, 10.524 ], [ 92.712, 10.51 ], [ 92.702, 10.5 ], [ 92.706, 10.487 ], [ 92.696, 10.477 ], [ 92.682, 10.481 ], [ 92.673, 10.471 ], [ 92.676, 10.457 ], [ 92.666, 10.447 ], [ 92.67, 10.434 ], [ 92.66, 10.424 ], [ 92.647, 10.428 ], [ 92.637, 10.418 ], [ 92.64, 10.404 ], [ 92.631, 10.394 ], [ 92.617, 10.398 ], [ 92.607, 10.388 ], [ 92.593, 10.391 ], [ 92.583, 10.382 ], [ 92.587, 10.368 ], [ 92.577, 10.358 ], [ 92.564, 10.362 ], [ 92.554, 10.352 ], [ 92.54, 10.355 ], [ 92.536, 10.369 ], [ 92.523, 10.372 ], [ 92.513, 10.362 ], [ 92.499, 10.366 ], [ 92.489, 10.356 ], [ 92.476, 10.359 ], [ 92.466, 10.349 ], [ 92.452, 10.353 ], [ 92.448, 10.366 ], [ 92.435, 10.37 ], [ 92.431, 10.383 ], [ 92.417, 10.387 ], [ 92.407, 10.377 ], [ 92.411, 10.363 ], [ 92.425, 10.36 ], [ 92.429, 10.347 ], [ 92.419, 10.337 ], [ 92.422, 10.323 ], [ 92.436, 10.32 ], [ 92.44, 10.306 ], [ 92.43, 10.296 ], [ 92.434, 10.283 ], [ 92.447, 10.28 ], [ 92.451, 10.266 ], [ 92.441, 10.256 ], [ 92.445, 10.243 ], [ 92.459, 10.239 ], [ 92.462, 10.226 ], [ 92.453, 10.216 ], [ 92.456, 10.203 ], [ 92.47, 10.199 ], [ 92.474, 10.186 ], [ 92.464, 10.176 ], [ 92.468, 10.163 ], [ 92.481, 10.159 ], [ 92.485, 10.146 ], [ 92.475, 10.136 ], [ 92.479, 10.122 ], [ 92.492, 10.119 ], [ 92.496, 10.105 ], [ 92.486, 10.096 ], [ 92.49, 10.082 ], [ 92.48, 10.072 ], [ 92.484, 10.059 ], [ 92.498, 10.055 ], [ 92.501, 10.042 ], [ 92.491, 10.032 ], [ 92.495, 10.019 ], [ 92.509, 10.015 ], [ 92.513, 10.002 ], [ 92.503, 9.992 ], [ 92.506, 9.979 ], [ 92.52, 9.975 ], [ 92.524, 9.962 ], [ 92.537, 9.958 ], [ 92.541, 9.945 ], [ 92.531, 9.935 ], [ 92.535, 9.921 ], [ 92.549, 9.918 ], [ 92.552, 9.905 ], [ 92.543, 9.895 ], [ 92.546, 9.881 ], [ 92.56, 9.878 ], [ 92.564, 9.864 ], [ 92.554, 9.854 ], [ 92.558, 9.841 ], [ 92.571, 9.838 ], [ 92.575, 9.824 ], [ 92.565, 9.814 ], [ 92.569, 9.801 ], [ 92.582, 9.797 ], [ 92.586, 9.784 ], [ 92.576, 9.774 ], [ 92.58, 9.761 ], [ 92.594, 9.757 ], [ 92.597, 9.744 ], [ 92.587, 9.734 ], [ 92.591, 9.721 ], [ 92.605, 9.717 ], [ 92.609, 9.704 ], [ 92.599, 9.694 ], [ 92.602, 9.68 ], [ 92.616, 9.677 ], [ 92.62, 9.663 ], [ 92.61, 9.654 ], [ 92.614, 9.64 ], [ 92.627, 9.637 ], [ 92.631, 9.623 ], [ 92.621, 9.613 ], [ 92.625, 9.6 ], [ 92.639, 9.596 ], [ 92.642, 9.583 ], [ 92.656, 9.58 ], [ 92.66, 9.566 ], [ 92.65, 9.556 ], [ 92.653, 9.543 ], [ 92.667, 9.539 ], [ 92.671, 9.526 ], [ 92.661, 9.516 ], [ 92.665, 9.503 ], [ 92.678, 9.499 ], [ 92.682, 9.486 ], [ 92.672, 9.476 ], [ 92.676, 9.462 ], [ 92.69, 9.459 ], [ 92.693, 9.446 ], [ 92.683, 9.436 ], [ 92.687, 9.422 ], [ 92.701, 9.419 ], [ 92.704, 9.405 ], [ 92.718, 9.402 ], [ 92.728, 9.412 ], [ 92.742, 9.408 ], [ 92.751, 9.418 ], [ 92.765, 9.415 ], [ 92.775, 9.424 ], [ 92.789, 9.421 ], [ 92.792, 9.408 ], [ 92.806, 9.404 ], [ 92.816, 9.414 ], [ 92.829, 9.41 ], [ 92.833, 9.397 ], [ 92.847, 9.394 ], [ 92.85, 9.38 ], [ 92.864, 9.377 ], [ 92.874, 9.386 ], [ 92.888, 9.383 ], [ 92.891, 9.37 ], [ 92.905, 9.366 ], [ 92.909, 9.353 ], [ 92.899, 9.343 ], [ 92.902, 9.329 ], [ 92.916, 9.326 ], [ 92.92, 9.312 ], [ 92.933, 9.309 ], [ 92.937, 9.295 ], [ 92.951, 9.292 ], [ 92.954, 9.279 ], [ 92.968, 9.275 ], [ 92.972, 9.262 ], [ 92.962, 9.252 ], [ 92.966, 9.238 ], [ 92.979, 9.235 ], [ 92.983, 9.221 ], [ 92.973, 9.212 ], [ 92.977, 9.198 ], [ 92.99, 9.195 ], [ 92.994, 9.181 ], [ 92.984, 9.171 ], [ 92.988, 9.158 ], [ 92.978, 9.148 ], [ 92.982, 9.135 ], [ 92.972, 9.125 ], [ 92.976, 9.111 ], [ 92.966, 9.101 ], [ 92.97, 9.088 ], [ 92.96, 9.078 ], [ 92.963, 9.065 ], [ 92.954, 9.055 ], [ 92.957, 9.041 ], [ 92.947, 9.032 ], [ 92.934, 9.035 ], [ 92.924, 9.025 ], [ 92.928, 9.012 ], [ 92.918, 9.002 ], [ 92.904, 9.005 ], [ 92.894, 8.996 ], [ 92.881, 8.999 ], [ 92.871, 8.989 ], [ 92.857, 8.993 ], [ 92.847, 8.983 ], [ 92.851, 8.969 ], [ 92.865, 8.966 ], [ 92.868, 8.953 ], [ 92.882, 8.949 ], [ 92.886, 8.936 ], [ 92.876, 8.926 ], [ 92.88, 8.912 ], [ 92.893, 8.909 ], [ 92.897, 8.895 ], [ 92.887, 8.886 ], [ 92.891, 8.872 ], [ 92.904, 8.869 ], [ 92.908, 8.855 ], [ 92.898, 8.845 ], [ 92.902, 8.832 ], [ 92.916, 8.828 ], [ 92.919, 8.815 ], [ 92.909, 8.805 ], [ 92.913, 8.792 ], [ 92.927, 8.788 ], [ 92.93, 8.775 ], [ 92.921, 8.765 ], [ 92.924, 8.751 ], [ 92.938, 8.748 ], [ 92.942, 8.735 ], [ 92.955, 8.731 ], [ 92.959, 8.718 ], [ 92.949, 8.708 ], [ 92.953, 8.694 ], [ 92.966, 8.691 ], [ 92.97, 8.677 ], [ 92.96, 8.668 ], [ 92.964, 8.654 ], [ 92.977, 8.651 ], [ 92.981, 8.637 ], [ 92.971, 8.627 ], [ 92.975, 8.614 ], [ 92.989, 8.61 ], [ 92.999, 8.62 ], [ 93.012, 8.617 ], [ 93.022, 8.627 ], [ 93.036, 8.623 ], [ 93.045, 8.633 ], [ 93.059, 8.629 ], [ 93.063, 8.616 ], [ 93.076, 8.612 ], [ 93.086, 8.622 ], [ 93.1, 8.619 ], [ 93.103, 8.605 ], [ 93.117, 8.602 ], [ 93.121, 8.588 ], [ 93.134, 8.585 ], [ 93.138, 8.572 ], [ 93.152, 8.568 ], [ 93.155, 8.555 ], [ 93.169, 8.551 ], [ 93.173, 8.538 ], [ 93.186, 8.534 ], [ 93.19, 8.521 ], [ 93.204, 8.517 ], [ 93.207, 8.504 ], [ 93.197, 8.494 ], [ 93.201, 8.48 ], [ 93.215, 8.477 ], [ 93.218, 8.464 ], [ 93.232, 8.46 ], [ 93.236, 8.447 ], [ 93.249, 8.443 ], [ 93.253, 8.43 ], [ 93.266, 8.426 ], [ 93.27, 8.413 ], [ 93.284, 8.409 ], [ 93.287, 8.396 ], [ 93.301, 8.392 ], [ 93.311, 8.402 ], [ 93.325, 8.399 ], [ 93.328, 8.385 ], [ 93.342, 8.382 ], [ 93.345, 8.368 ], [ 93.359, 8.365 ], [ 93.363, 8.351 ], [ 93.376, 8.348 ], [ 93.386, 8.358 ], [ 93.4, 8.354 ], [ 93.41, 8.364 ], [ 93.423, 8.36 ], [ 93.433, 8.37 ], [ 93.447, 8.367 ], [ 93.457, 8.376 ], [ 93.453, 8.39 ], [ 93.463, 8.4 ], [ 93.459, 8.413 ], [ 93.445, 8.417 ], [ 93.442, 8.43 ], [ 93.452, 8.44 ], [ 93.448, 8.453 ], [ 93.458, 8.463 ], [ 93.454, 8.477 ], [ 93.464, 8.487 ], [ 93.46, 8.5 ], [ 93.447, 8.504 ], [ 93.443, 8.517 ], [ 93.453, 8.527 ], [ 93.449, 8.54 ], [ 93.436, 8.544 ], [ 93.432, 8.557 ], [ 93.442, 8.567 ], [ 93.438, 8.58 ], [ 93.448, 8.59 ], [ 93.444, 8.604 ], [ 93.454, 8.614 ], [ 93.45, 8.627 ], [ 93.46, 8.637 ], [ 93.457, 8.65 ], [ 93.467, 8.66 ], [ 93.463, 8.674 ], [ 93.473, 8.683 ], [ 93.486, 8.68 ], [ 93.496, 8.69 ], [ 93.492, 8.703 ], [ 93.502, 8.713 ], [ 93.516, 8.709 ], [ 93.526, 8.719 ], [ 93.539, 8.716 ], [ 93.549, 8.726 ], [ 93.563, 8.722 ], [ 93.573, 8.732 ], [ 93.586, 8.728 ], [ 93.596, 8.738 ], [ 93.61, 8.735 ], [ 93.62, 8.745 ], [ 93.633, 8.741 ], [ 93.637, 8.728 ], [ 93.651, 8.724 ], [ 93.661, 8.734 ], [ 93.674, 8.73 ], [ 93.678, 8.717 ], [ 93.691, 8.713 ], [ 93.695, 8.7 ], [ 93.709, 8.696 ], [ 93.712, 8.683 ], [ 93.726, 8.679 ], [ 93.73, 8.666 ], [ 93.743, 8.663 ], [ 93.747, 8.649 ], [ 93.761, 8.646 ], [ 93.764, 8.632 ], [ 93.754, 8.622 ], [ 93.758, 8.609 ], [ 93.772, 8.605 ], [ 93.775, 8.592 ], [ 93.765, 8.582 ], [ 93.769, 8.569 ], [ 93.783, 8.565 ], [ 93.786, 8.552 ], [ 93.777, 8.542 ], [ 93.78, 8.528 ], [ 93.77, 8.518 ], [ 93.774, 8.505 ], [ 93.788, 8.501 ], [ 93.791, 8.488 ], [ 93.781, 8.478 ], [ 93.785, 8.465 ], [ 93.799, 8.461 ], [ 93.802, 8.448 ], [ 93.792, 8.438 ], [ 93.796, 8.425 ], [ 93.81, 8.421 ], [ 93.813, 8.408 ], [ 93.804, 8.398 ], [ 93.807, 8.384 ], [ 93.797, 8.374 ], [ 93.801, 8.361 ], [ 93.791, 8.351 ], [ 93.795, 8.338 ], [ 93.785, 8.328 ], [ 93.789, 8.314 ], [ 93.779, 8.305 ], [ 93.765, 8.308 ], [ 93.755, 8.298 ], [ 93.759, 8.285 ], [ 93.749, 8.275 ], [ 93.735, 8.279 ], [ 93.726, 8.269 ], [ 93.729, 8.255 ], [ 93.719, 8.245 ], [ 93.706, 8.249 ], [ 93.696, 8.239 ], [ 93.7, 8.226 ], [ 93.69, 8.216 ], [ 93.693, 8.202 ], [ 93.707, 8.199 ], [ 93.711, 8.185 ], [ 93.724, 8.182 ], [ 93.728, 8.169 ], [ 93.718, 8.159 ], [ 93.722, 8.145 ], [ 93.735, 8.142 ], [ 93.739, 8.128 ], [ 93.729, 8.118 ], [ 93.733, 8.105 ], [ 93.746, 8.101 ], [ 93.75, 8.088 ], [ 93.74, 8.078 ], [ 93.744, 8.065 ], [ 93.734, 8.055 ], [ 93.738, 8.041 ], [ 93.751, 8.038 ], [ 93.755, 8.025 ], [ 93.745, 8.015 ], [ 93.749, 8.001 ], [ 93.739, 7.991 ], [ 93.743, 7.978 ], [ 93.733, 7.968 ], [ 93.736, 7.955 ], [ 93.726, 7.945 ], [ 93.73, 7.931 ], [ 93.72, 7.922 ], [ 93.724, 7.908 ], [ 93.714, 7.898 ], [ 93.718, 7.885 ], [ 93.708, 7.875 ], [ 93.712, 7.862 ], [ 93.702, 7.852 ], [ 93.705, 7.838 ], [ 93.696, 7.829 ], [ 93.682, 7.832 ], [ 93.672, 7.822 ], [ 93.676, 7.809 ], [ 93.666, 7.799 ], [ 93.652, 7.803 ], [ 93.643, 7.793 ], [ 93.629, 7.796 ], [ 93.619, 7.786 ], [ 93.606, 7.79 ], [ 93.596, 7.78 ], [ 93.582, 7.784 ], [ 93.572, 7.774 ], [ 93.576, 7.76 ], [ 93.566, 7.751 ], [ 93.553, 7.754 ], [ 93.543, 7.744 ], [ 93.529, 7.748 ], [ 93.519, 7.738 ], [ 93.506, 7.742 ], [ 93.496, 7.732 ], [ 93.482, 7.735 ], [ 93.472, 7.725 ], [ 93.476, 7.712 ], [ 93.466, 7.702 ], [ 93.47, 7.689 ], [ 93.483, 7.685 ], [ 93.493, 7.695 ], [ 93.507, 7.692 ], [ 93.511, 7.678 ], [ 93.524, 7.675 ], [ 93.534, 7.684 ], [ 93.548, 7.681 ], [ 93.557, 7.691 ], [ 93.571, 7.687 ], [ 93.575, 7.674 ], [ 93.588, 7.67 ], [ 93.592, 7.657 ], [ 93.605, 7.653 ], [ 93.615, 7.663 ], [ 93.629, 7.659 ], [ 93.633, 7.646 ], [ 93.646, 7.643 ], [ 93.65, 7.629 ], [ 93.663, 7.626 ], [ 93.673, 7.635 ], [ 93.687, 7.632 ], [ 93.69, 7.618 ], [ 93.704, 7.615 ], [ 93.708, 7.601 ], [ 93.721, 7.598 ], [ 93.731, 7.608 ], [ 93.745, 7.604 ], [ 93.748, 7.591 ], [ 93.762, 7.587 ], [ 93.766, 7.574 ], [ 93.779, 7.57 ], [ 93.789, 7.58 ], [ 93.802, 7.577 ], [ 93.806, 7.563 ], [ 93.82, 7.56 ], [ 93.823, 7.546 ], [ 93.837, 7.543 ], [ 93.841, 7.529 ], [ 93.854, 7.526 ], [ 93.858, 7.512 ], [ 93.871, 7.509 ], [ 93.875, 7.495 ], [ 93.889, 7.492 ], [ 93.892, 7.478 ], [ 93.906, 7.475 ], [ 93.909, 7.461 ], [ 93.9, 7.451 ], [ 93.903, 7.438 ], [ 93.917, 7.434 ], [ 93.92, 7.421 ], [ 93.934, 7.417 ], [ 93.938, 7.404 ], [ 93.951, 7.4 ], [ 93.955, 7.387 ], [ 93.968, 7.384 ], [ 93.972, 7.37 ], [ 93.986, 7.367 ], [ 93.989, 7.353 ], [ 93.979, 7.343 ], [ 93.983, 7.33 ], [ 93.997, 7.326 ], [ 94.0, 7.313 ], [ 93.99, 7.303 ], [ 93.994, 7.29 ], [ 94.008, 7.286 ], [ 94.011, 7.273 ], [ 94.025, 7.269 ], [ 94.029, 7.256 ], [ 94.019, 7.246 ], [ 94.022, 7.232 ], [ 94.012, 7.223 ], [ 94.016, 7.209 ], [ 94.03, 7.206 ], [ 94.033, 7.192 ], [ 94.023, 7.182 ], [ 94.027, 7.169 ], [ 94.041, 7.165 ], [ 94.044, 7.152 ], [ 94.034, 7.142 ], [ 94.038, 7.129 ], [ 94.052, 7.125 ], [ 94.055, 7.112 ], [ 94.069, 7.108 ], [ 94.073, 7.095 ], [ 94.086, 7.091 ], [ 94.09, 7.078 ], [ 94.08, 7.068 ], [ 94.084, 7.055 ], [ 94.097, 7.051 ], [ 94.101, 7.038 ], [ 94.091, 7.028 ], [ 94.095, 7.014 ], [ 94.108, 7.011 ], [ 94.112, 6.997 ], [ 94.102, 6.988 ], [ 94.105, 6.974 ], [ 94.096, 6.964 ], [ 94.099, 6.951 ], [ 94.089, 6.941 ], [ 94.093, 6.928 ], [ 94.083, 6.918 ], [ 94.087, 6.905 ], [ 94.077, 6.895 ], [ 94.081, 6.881 ], [ 94.071, 6.872 ], [ 94.074, 6.858 ], [ 94.065, 6.848 ], [ 94.068, 6.835 ], [ 94.058, 6.825 ], [ 94.062, 6.812 ], [ 94.052, 6.802 ], [ 94.056, 6.788 ], [ 94.046, 6.779 ], [ 94.05, 6.765 ], [ 94.04, 6.755 ], [ 94.044, 6.742 ], [ 94.034, 6.732 ], [ 94.037, 6.719 ], [ 94.027, 6.709 ], [ 94.014, 6.713 ], [ 94.004, 6.703 ], [ 94.008, 6.689 ], [ 93.998, 6.68 ], [ 93.984, 6.683 ], [ 93.975, 6.673 ], [ 93.978, 6.66 ], [ 93.992, 6.656 ], [ 93.995, 6.643 ], [ 94.009, 6.639 ], [ 94.013, 6.626 ], [ 94.026, 6.622 ], [ 94.03, 6.609 ], [ 94.043, 6.605 ], [ 94.053, 6.615 ], [ 94.067, 6.612 ], [ 94.07, 6.598 ], [ 94.084, 6.595 ], [ 94.087, 6.581 ], [ 94.101, 6.578 ], [ 94.105, 6.564 ], [ 94.118, 6.561 ], [ 94.128, 6.571 ], [ 94.141, 6.567 ], [ 94.145, 6.554 ], [ 94.159, 6.55 ], [ 94.162, 6.537 ], [ 94.176, 6.533 ], [ 94.179, 6.52 ], [ 94.193, 6.516 ], [ 94.203, 6.526 ], [ 94.216, 6.522 ], [ 94.22, 6.509 ], [ 94.233, 6.505 ], [ 94.237, 6.492 ], [ 94.251, 6.488 ], [ 94.26, 6.498 ], [ 94.274, 6.495 ], [ 94.278, 6.481 ], [ 94.291, 6.478 ], [ 94.295, 6.464 ], [ 94.308, 6.461 ], [ 94.312, 6.447 ], [ 94.325, 6.444 ], [ 94.335, 6.453 ], [ 94.349, 6.45 ], [ 94.352, 6.436 ], [ 94.366, 6.433 ], [ 94.37, 6.42 ], [ 94.383, 6.416 ], [ 94.387, 6.403 ], [ 94.4, 6.399 ], [ 94.41, 6.409 ], [ 94.424, 6.405 ], [ 94.427, 6.392 ], [ 94.441, 6.388 ], [ 94.444, 6.375 ], [ 94.458, 6.371 ], [ 94.468, 6.381 ], [ 94.481, 6.377 ], [ 94.491, 6.387 ], [ 94.487, 6.401 ], [ 94.497, 6.41 ], [ 94.494, 6.424 ], [ 94.504, 6.434 ], [ 94.517, 6.43 ], [ 94.527, 6.44 ], [ 94.523, 6.453 ], [ 94.533, 6.463 ], [ 94.53, 6.476 ], [ 94.539, 6.486 ], [ 94.553, 6.483 ], [ 94.563, 6.492 ], [ 94.559, 6.506 ], [ 94.569, 6.516 ], [ 94.565, 6.529 ], [ 94.575, 6.539 ], [ 94.589, 6.535 ], [ 94.599, 6.545 ], [ 94.595, 6.558 ], [ 94.605, 6.568 ], [ 94.601, 6.582 ], [ 94.611, 6.592 ], [ 94.625, 6.588 ], [ 94.634, 6.598 ], [ 94.631, 6.611 ], [ 94.641, 6.621 ], [ 94.637, 6.634 ], [ 94.647, 6.644 ], [ 94.66, 6.641 ], [ 94.67, 6.65 ], [ 94.667, 6.664 ], [ 94.677, 6.674 ], [ 94.673, 6.687 ], [ 94.683, 6.697 ], [ 94.679, 6.71 ], [ 94.689, 6.72 ], [ 94.703, 6.716 ], [ 94.712, 6.726 ], [ 94.709, 6.74 ], [ 94.719, 6.749 ], [ 94.732, 6.746 ], [ 94.742, 6.756 ], [ 94.738, 6.769 ], [ 94.748, 6.779 ], [ 94.745, 6.792 ], [ 94.755, 6.802 ], [ 94.768, 6.798 ], [ 94.778, 6.808 ], [ 94.774, 6.822 ], [ 94.784, 6.832 ], [ 94.798, 6.828 ], [ 94.808, 6.838 ], [ 94.804, 6.851 ], [ 94.814, 6.861 ], [ 94.81, 6.874 ], [ 94.82, 6.884 ], [ 94.834, 6.881 ], [ 94.844, 6.89 ], [ 94.84, 6.904 ], [ 94.85, 6.914 ], [ 94.863, 6.91 ], [ 94.873, 6.92 ], [ 94.87, 6.933 ], [ 94.88, 6.943 ], [ 94.876, 6.956 ], [ 94.886, 6.966 ], [ 94.899, 6.963 ], [ 94.909, 6.972 ], [ 94.906, 6.986 ], [ 94.915, 6.996 ], [ 94.929, 6.992 ], [ 94.939, 7.002 ], [ 94.935, 7.015 ], [ 94.945, 7.025 ], [ 94.942, 7.039 ], [ 94.951, 7.048 ], [ 94.965, 7.045 ], [ 94.975, 7.055 ], [ 94.971, 7.068 ], [ 94.981, 7.078 ], [ 94.995, 7.074 ], [ 95.005, 7.084 ], [ 95.001, 7.097 ], [ 95.011, 7.107 ], [ 95.007, 7.121 ], [ 95.017, 7.13 ], [ 95.031, 7.127 ], [ 95.041, 7.137 ], [ 95.037, 7.15 ], [ 95.047, 7.16 ], [ 95.06, 7.156 ], [ 95.07, 7.166 ], [ 95.067, 7.18 ], [ 95.077, 7.189 ], [ 95.09, 7.186 ], [ 95.1, 7.196 ], [ 95.096, 7.209 ], [ 95.106, 7.219 ], [ 95.103, 7.232 ], [ 95.113, 7.242 ], [ 95.126, 7.238 ], [ 95.136, 7.248 ], [ 95.132, 7.262 ], [ 95.142, 7.271 ], [ 95.156, 7.268 ], [ 95.166, 7.278 ], [ 95.162, 7.291 ], [ 95.172, 7.301 ], [ 95.168, 7.314 ], [ 95.178, 7.324 ], [ 95.192, 7.321 ], [ 95.202, 7.33 ], [ 95.198, 7.344 ], [ 95.208, 7.354 ], [ 95.222, 7.35 ], [ 95.232, 7.36 ], [ 95.228, 7.373 ], [ 95.238, 7.383 ], [ 95.234, 7.396 ], [ 95.244, 7.406 ], [ 95.258, 7.403 ], [ 95.268, 7.412 ], [ 95.264, 7.426 ], [ 95.274, 7.436 ], [ 95.287, 7.432 ], [ 95.297, 7.442 ], [ 95.294, 7.455 ], [ 95.304, 7.465 ], [ 95.317, 7.462 ], [ 95.327, 7.471 ], [ 95.324, 7.485 ], [ 95.333, 7.495 ], [ 95.33, 7.508 ], [ 95.34, 7.518 ], [ 95.353, 7.514 ], [ 95.363, 7.524 ], [ 95.36, 7.537 ], [ 95.37, 7.547 ], [ 95.383, 7.544 ], [ 95.393, 7.553 ], [ 95.389, 7.567 ], [ 95.399, 7.577 ], [ 95.396, 7.59 ], [ 95.406, 7.6 ], [ 95.419, 7.596 ], [ 95.429, 7.606 ], [ 95.426, 7.62 ], [ 95.435, 7.629 ], [ 95.449, 7.626 ], [ 95.459, 7.636 ], [ 95.455, 7.649 ], [ 95.465, 7.659 ], [ 95.462, 7.672 ], [ 95.472, 7.682 ], [ 95.485, 7.678 ], [ 95.495, 7.688 ], [ 95.491, 7.702 ], [ 95.501, 7.712 ], [ 95.515, 7.708 ], [ 95.525, 7.718 ], [ 95.521, 7.731 ], [ 95.531, 7.741 ], [ 95.545, 7.737 ], [ 95.555, 7.747 ], [ 95.551, 7.761 ], [ 95.561, 7.77 ], [ 95.557, 7.784 ], [ 95.567, 7.794 ], [ 95.581, 7.79 ], [ 95.591, 7.8 ], [ 95.587, 7.813 ], [ 95.597, 7.823 ], [ 95.611, 7.819 ], [ 95.621, 7.829 ], [ 95.617, 7.843 ], [ 95.627, 7.853 ], [ 95.641, 7.849 ], [ 95.651, 7.859 ], [ 95.647, 7.872 ], [ 95.657, 7.882 ], [ 95.67, 7.878 ], [ 95.68, 7.888 ], [ 95.677, 7.902 ], [ 95.687, 7.911 ], [ 95.7, 7.908 ], [ 95.71, 7.918 ], [ 95.707, 7.931 ], [ 95.717, 7.941 ], [ 95.73, 7.937 ], [ 95.74, 7.947 ], [ 95.737, 7.96 ], [ 95.723, 7.964 ], [ 95.719, 7.978 ], [ 95.729, 7.987 ], [ 95.726, 8.001 ], [ 95.712, 8.004 ], [ 95.709, 8.018 ], [ 95.718, 8.028 ], [ 95.715, 8.041 ], [ 95.701, 8.045 ], [ 95.698, 8.058 ], [ 95.708, 8.068 ], [ 95.704, 8.081 ], [ 95.69, 8.085 ], [ 95.687, 8.099 ], [ 95.697, 8.108 ], [ 95.693, 8.122 ], [ 95.68, 8.125 ], [ 95.676, 8.139 ], [ 95.686, 8.149 ], [ 95.682, 8.162 ], [ 95.669, 8.166 ], [ 95.665, 8.179 ], [ 95.675, 8.189 ], [ 95.672, 8.202 ], [ 95.658, 8.206 ], [ 95.654, 8.22 ], [ 95.664, 8.229 ], [ 95.661, 8.243 ], [ 95.647, 8.246 ], [ 95.643, 8.26 ], [ 95.653, 8.27 ], [ 95.65, 8.283 ], [ 95.66, 8.293 ], [ 95.656, 8.306 ], [ 95.643, 8.31 ], [ 95.639, 8.323 ], [ 95.649, 8.333 ], [ 95.645, 8.347 ], [ 95.655, 8.357 ], [ 95.652, 8.37 ], [ 95.662, 8.38 ], [ 95.658, 8.393 ], [ 95.644, 8.397 ], [ 95.641, 8.41 ], [ 95.651, 8.42 ], [ 95.647, 8.434 ], [ 95.657, 8.443 ], [ 95.654, 8.457 ], [ 95.663, 8.467 ], [ 95.66, 8.48 ], [ 95.646, 8.484 ], [ 95.643, 8.497 ], [ 95.653, 8.507 ], [ 95.649, 8.52 ], [ 95.659, 8.53 ], [ 95.655, 8.544 ], [ 95.665, 8.554 ], [ 95.662, 8.567 ], [ 95.648, 8.571 ], [ 95.644, 8.584 ], [ 95.654, 8.594 ], [ 95.651, 8.607 ], [ 95.661, 8.617 ], [ 95.657, 8.631 ], [ 95.667, 8.64 ], [ 95.664, 8.654 ], [ 95.65, 8.657 ], [ 95.646, 8.671 ], [ 95.656, 8.681 ], [ 95.653, 8.694 ], [ 95.663, 8.704 ], [ 95.659, 8.717 ], [ 95.669, 8.727 ], [ 95.665, 8.741 ], [ 95.652, 8.744 ], [ 95.648, 8.758 ], [ 95.658, 8.768 ], [ 95.655, 8.781 ], [ 95.664, 8.791 ], [ 95.661, 8.804 ], [ 95.671, 8.814 ] ], [ [ 93.883, 12.288 ], [ 93.886, 12.275 ], [ 93.876, 12.265 ], [ 93.88, 12.252 ], [ 93.87, 12.242 ], [ 93.856, 12.245 ], [ 93.853, 12.259 ], [ 93.839, 12.262 ], [ 93.835, 12.276 ], [ 93.845, 12.285 ], [ 93.841, 12.299 ], [ 93.851, 12.309 ], [ 93.865, 12.305 ], [ 93.875, 12.315 ], [ 93.889, 12.312 ], [ 93.893, 12.298 ], [ 93.883, 12.288 ] ], [ [ 94.243, 13.427 ], [ 94.239, 13.44 ], [ 94.25, 13.45 ], [ 94.246, 13.463 ], [ 94.256, 13.473 ], [ 94.27, 13.47 ], [ 94.28, 13.479 ], [ 94.294, 13.476 ], [ 94.297, 13.463 ], [ 94.287, 13.453 ], [ 94.291, 13.439 ], [ 94.281, 13.429 ], [ 94.267, 13.433 ], [ 94.257, 13.423 ], [ 94.243, 13.427 ] ] ] ] } },
{ "type": "Feature", "properties": { "POLYGON.ID": 987.0, "subregion": "India--Andaman and Nicobar Islands--South Andaman Coast (west)", "POLYGON": "India--Andaman and Nicobar Islands--South Andaman Coast (west)", "SHOW": "1", "FILTER": "Not-Assigned", "FILTER.ID": null, "OLD.POLYGON": null, "STATE": "Andaman and Nicobar Islands", "COUNTY": "Andaman and Nicobar Islands", "OWNER": null }, "geometry": { "type": "MultiPolygon", "coordinates": [ [ [ [ 92.562, 11.68 ], [ 92.575, 11.676 ], [ 92.579, 11.663 ], [ 92.593, 11.659 ], [ 92.603, 11.669 ], [ 92.599, 11.683 ], [ 92.609, 11.693 ], [ 92.605, 11.706 ], [ 92.615, 11.716 ], [ 92.611, 11.729 ], [ 92.598, 11.733 ], [ 92.594, 11.746 ], [ 92.58, 11.75 ], [ 92.576, 11.763 ], [ 92.563, 11.766 ], [ 92.559, 11.78 ], [ 92.569, 11.79 ], [ 92.565, 11.803 ], [ 92.575, 11.813 ], [ 92.571, 11.826 ], [ 92.558, 11.83 ], [ 92.554, 11.843 ], [ 92.54, 11.847 ], [ 92.536, 11.86 ], [ 92.546, 11.87 ], [ 92.542, 11.883 ], [ 92.552, 11.893 ], [ 92.566, 11.89 ], [ 92.57, 11.876 ], [ 92.584, 11.873 ], [ 92.587, 11.86 ], [ 92.601, 11.856 ], [ 92.611, 11.866 ], [ 92.625, 11.863 ], [ 92.635, 11.872 ], [ 92.631, 11.886 ], [ 92.617, 11.889 ], [ 92.613, 11.903 ], [ 92.623, 11.913 ], [ 92.62, 11.926 ], [ 92.63, 11.936 ], [ 92.626, 11.949 ], [ 92.636, 11.959 ], [ 92.632, 11.973 ], [ 92.642, 11.982 ], [ 92.638, 11.996 ], [ 92.624, 11.999 ], [ 92.621, 12.013 ], [ 92.631, 12.023 ], [ 92.627, 12.036 ], [ 92.637, 12.046 ], [ 92.633, 12.059 ], [ 92.643, 12.069 ], [ 92.639, 12.083 ], [ 92.649, 12.092 ], [ 92.645, 12.106 ], [ 92.655, 12.116 ], [ 92.652, 12.129 ], [ 92.662, 12.139 ], [ 92.658, 12.152 ], [ 92.668, 12.162 ], [ 92.664, 12.176 ], [ 92.674, 12.186 ], [ 92.67, 12.199 ], [ 92.68, 12.209 ], [ 92.676, 12.222 ], [ 92.663, 12.226 ], [ 92.653, 12.216 ], [ 92.639, 12.219 ], [ 92.629, 12.209 ], [ 92.633, 12.196 ], [ 92.623, 12.186 ], [ 92.627, 12.173 ], [ 92.617, 12.163 ], [ 92.62, 12.149 ], [ 92.61, 12.139 ], [ 92.614, 12.126 ], [ 92.604, 12.116 ], [ 92.608, 12.103 ], [ 92.598, 12.093 ], [ 92.602, 12.08 ], [ 92.592, 12.07 ], [ 92.596, 12.056 ], [ 92.609, 12.053 ], [ 92.613, 12.039 ], [ 92.603, 12.03 ], [ 92.607, 12.016 ], [ 92.597, 12.006 ], [ 92.601, 11.993 ], [ 92.591, 11.983 ], [ 92.577, 11.986 ], [ 92.567, 11.976 ], [ 92.571, 11.963 ], [ 92.561, 11.953 ], [ 92.547, 11.957 ], [ 92.537, 11.947 ], [ 92.541, 11.933 ], [ 92.531, 11.923 ], [ 92.517, 11.927 ], [ 92.508, 11.917 ], [ 92.511, 11.904 ], [ 92.501, 11.894 ], [ 92.505, 11.88 ], [ 92.495, 11.87 ], [ 92.499, 11.857 ], [ 92.489, 11.847 ], [ 92.493, 11.834 ], [ 92.507, 11.83 ], [ 92.51, 11.817 ], [ 92.524, 11.814 ], [ 92.528, 11.8 ], [ 92.541, 11.797 ], [ 92.545, 11.783 ], [ 92.535, 11.773 ], [ 92.539, 11.76 ], [ 92.529, 11.75 ], [ 92.533, 11.737 ], [ 92.547, 11.733 ], [ 92.55, 11.72 ], [ 92.54, 11.71 ], [ 92.544, 11.697 ], [ 92.558, 11.693 ], [ 92.562, 11.68 ] ] ] ] } },
{ "type": "Feature", "properties": { "POLYGON.ID": 986.0, "subregion": "India--Andaman and Nicobar Islands--Baratang", "POLYGON": "India--Andaman and Nicobar Islands--Baratang", "SHOW": "1", "FILTER": "Not-Assigned", "FILTER.ID": null, "OLD.POLYGON": null, "STATE": "Andaman and Nicobar Islands", "COUNTY": "Andaman and Nicobar Islands", "OWNER": null }, "geometry": { "type": "MultiPolygon", "coordinates": [ [ [ [ 92.926, 12.333 ], [ 92.912, 12.337 ], [ 92.902, 12.327 ], [ 92.888, 12.33 ], [ 92.878, 12.32 ], [ 92.865, 12.324 ], [ 92.861, 12.337 ], [ 92.847, 12.341 ], [ 92.837, 12.331 ], [ 92.823, 12.334 ], [ 92.813, 12.324 ], [ 92.8, 12.328 ], [ 92.79, 12.318 ], [ 92.776, 12.321 ], [ 92.772, 12.335 ], [ 92.758, 12.338 ], [ 92.748, 12.328 ], [ 92.735, 12.332 ], [ 92.725, 12.322 ], [ 92.711, 12.325 ], [ 92.701, 12.315 ], [ 92.687, 12.319 ], [ 92.677, 12.309 ], [ 92.681, 12.295 ], [ 92.671, 12.286 ], [ 92.675, 12.272 ], [ 92.665, 12.262 ], [ 92.669, 12.249 ], [ 92.659, 12.239 ], [ 92.663, 12.226 ], [ 92.676, 12.222 ], [ 92.68, 12.209 ], [ 92.694, 12.205 ], [ 92.698, 12.192 ], [ 92.688, 12.182 ], [ 92.691, 12.169 ], [ 92.705, 12.165 ], [ 92.709, 12.152 ], [ 92.723, 12.148 ], [ 92.726, 12.135 ], [ 92.74, 12.132 ], [ 92.744, 12.118 ], [ 92.734, 12.108 ], [ 92.738, 12.095 ], [ 92.728, 12.085 ], [ 92.731, 12.072 ], [ 92.722, 12.062 ], [ 92.725, 12.048 ], [ 92.715, 12.038 ], [ 92.719, 12.025 ], [ 92.709, 12.015 ], [ 92.713, 12.002 ], [ 92.727, 11.998 ], [ 92.73, 11.985 ], [ 92.72, 11.975 ], [ 92.724, 11.962 ], [ 92.714, 11.952 ], [ 92.718, 11.938 ], [ 92.708, 11.928 ], [ 92.712, 11.915 ], [ 92.726, 11.912 ], [ 92.736, 11.922 ], [ 92.732, 11.935 ], [ 92.742, 11.945 ], [ 92.755, 11.941 ], [ 92.765, 11.951 ], [ 92.779, 11.948 ], [ 92.789, 11.958 ], [ 92.785, 11.971 ], [ 92.772, 11.975 ], [ 92.768, 11.988 ], [ 92.778, 11.998 ], [ 92.774, 12.011 ], [ 92.784, 12.021 ], [ 92.78, 12.034 ], [ 92.79, 12.044 ], [ 92.786, 12.058 ], [ 92.796, 12.068 ], [ 92.793, 12.081 ], [ 92.803, 12.091 ], [ 92.816, 12.087 ], [ 92.826, 12.097 ], [ 92.822, 12.111 ], [ 92.832, 12.121 ], [ 92.829, 12.134 ], [ 92.839, 12.144 ], [ 92.852, 12.14 ], [ 92.862, 12.15 ], [ 92.859, 12.164 ], [ 92.869, 12.174 ], [ 92.882, 12.17 ], [ 92.892, 12.18 ], [ 92.906, 12.177 ], [ 92.916, 12.186 ], [ 92.93, 12.183 ], [ 92.94, 12.193 ], [ 92.936, 12.206 ], [ 92.946, 12.216 ], [ 92.942, 12.23 ], [ 92.952, 12.239 ], [ 92.948, 12.253 ], [ 92.958, 12.263 ], [ 92.954, 12.276 ], [ 92.964, 12.286 ], [ 92.961, 12.299 ], [ 92.947, 12.303 ], [ 92.943, 12.316 ], [ 92.929, 12.32 ], [ 92.926, 12.333 ] ] ] ] } },
{ "type": "Feature", "properties": { "POLYGON.ID": 973.0, "subregion": "India--Andaman and Nicobar Islands--Landfall and East Islands", "POLYGON": "India--Andaman and Nicobar Islands--Landfall and East Islands", "SHOW": "1", "FILTER": "Not-Assigned", "FILTER.ID": null, "OLD.POLYGON": null, "STATE": "Andaman and Nicobar Islands", "COUNTY": "Andaman and Nicobar Islands", "OWNER": null }, "geometry": { "type": "MultiPolygon", "coordinates": [ [ [ [ 92.965, 13.688 ], [ 92.955, 13.678 ], [ 92.959, 13.665 ], [ 92.949, 13.655 ], [ 92.953, 13.641 ], [ 92.967, 13.638 ], [ 92.97, 13.625 ], [ 92.984, 13.621 ], [ 92.994, 13.631 ], [ 93.008, 13.628 ], [ 93.012, 13.614 ], [ 93.025, 13.611 ], [ 93.035, 13.621 ], [ 93.049, 13.617 ], [ 93.059, 13.627 ], [ 93.073, 13.624 ], [ 93.083, 13.634 ], [ 93.079, 13.647 ], [ 93.089, 13.657 ], [ 93.086, 13.67 ], [ 93.072, 13.674 ], [ 93.062, 13.664 ], [ 93.048, 13.667 ], [ 93.044, 13.68 ], [ 93.03, 13.684 ], [ 93.027, 13.697 ], [ 93.013, 13.701 ], [ 93.003, 13.691 ], [ 92.989, 13.694 ], [ 92.979, 13.684 ], [ 92.965, 13.688 ] ] ] ] } },
{ "type": "Feature", "properties": { "POLYGON.ID": 974.0, "subregion": "India--Andaman and Nicobar Islands--Paget Coast and Islands", "POLYGON": "India--Andaman and Nicobar Islands--Paget Coast and Islands", "SHOW": "1", "FILTER": "Not-Assigned", "FILTER.ID": null, "OLD.POLYGON": null, "STATE": "Andaman and Nicobar Islands", "COUNTY": "Andaman and Nicobar Islands", "OWNER": null }, "geometry": { "type": "MultiPolygon", "coordinates": [ [ [ [ 92.814, 13.453 ], [ 92.804, 13.443 ], [ 92.808, 13.43 ], [ 92.798, 13.42 ], [ 92.802, 13.407 ], [ 92.792, 13.397 ], [ 92.795, 13.383 ], [ 92.809, 13.38 ], [ 92.819, 13.39 ], [ 92.833, 13.386 ], [ 92.837, 13.373 ], [ 92.827, 13.363 ], [ 92.83, 13.35 ], [ 92.82, 13.34 ], [ 92.824, 13.327 ], [ 92.814, 13.317 ], [ 92.818, 13.303 ], [ 92.808, 13.293 ], [ 92.812, 13.28 ], [ 92.802, 13.27 ], [ 92.806, 13.257 ], [ 92.819, 13.253 ], [ 92.823, 13.24 ], [ 92.813, 13.23 ], [ 92.817, 13.217 ], [ 92.807, 13.207 ], [ 92.811, 13.194 ], [ 92.801, 13.184 ], [ 92.787, 13.187 ], [ 92.777, 13.177 ], [ 92.781, 13.164 ], [ 92.794, 13.16 ], [ 92.798, 13.147 ], [ 92.788, 13.137 ], [ 92.792, 13.124 ], [ 92.806, 13.12 ], [ 92.81, 13.107 ], [ 92.8, 13.097 ], [ 92.786, 13.101 ], [ 92.776, 13.091 ], [ 92.78, 13.077 ], [ 92.77, 13.067 ], [ 92.773, 13.054 ], [ 92.787, 13.051 ], [ 92.797, 13.06 ], [ 92.811, 13.057 ], [ 92.821, 13.067 ], [ 92.835, 13.063 ], [ 92.845, 13.073 ], [ 92.841, 13.087 ], [ 92.851, 13.097 ], [ 92.865, 13.093 ], [ 92.875, 13.103 ], [ 92.871, 13.116 ], [ 92.881, 13.126 ], [ 92.877, 13.14 ], [ 92.863, 13.143 ], [ 92.859, 13.156 ], [ 92.869, 13.166 ], [ 92.866, 13.18 ], [ 92.876, 13.19 ], [ 92.872, 13.203 ], [ 92.882, 13.213 ], [ 92.878, 13.226 ], [ 92.888, 13.236 ], [ 92.884, 13.249 ], [ 92.894, 13.259 ], [ 92.891, 13.273 ], [ 92.877, 13.276 ], [ 92.873, 13.289 ], [ 92.859, 13.293 ], [ 92.856, 13.306 ], [ 92.866, 13.316 ], [ 92.862, 13.329 ], [ 92.872, 13.339 ], [ 92.868, 13.353 ], [ 92.878, 13.363 ], [ 92.892, 13.359 ], [ 92.902, 13.369 ], [ 92.898, 13.382 ], [ 92.908, 13.392 ], [ 92.904, 13.406 ], [ 92.914, 13.416 ], [ 92.91, 13.429 ], [ 92.92, 13.439 ], [ 92.917, 13.452 ], [ 92.927, 13.462 ], [ 92.94, 13.459 ], [ 92.95, 13.468 ], [ 92.947, 13.482 ], [ 92.957, 13.492 ], [ 92.953, 13.505 ], [ 92.963, 13.515 ], [ 92.959, 13.528 ], [ 92.969, 13.538 ], [ 92.965, 13.551 ], [ 92.952, 13.555 ], [ 92.942, 13.545 ], [ 92.928, 13.548 ], [ 92.924, 13.562 ], [ 92.934, 13.572 ], [ 92.93, 13.585 ], [ 92.916, 13.588 ], [ 92.913, 13.602 ], [ 92.899, 13.605 ], [ 92.895, 13.619 ], [ 92.881, 13.622 ], [ 92.871, 13.612 ], [ 92.875, 13.599 ], [ 92.865, 13.589 ], [ 92.869, 13.576 ], [ 92.859, 13.566 ], [ 92.863, 13.552 ], [ 92.853, 13.542 ], [ 92.856, 13.529 ], [ 92.846, 13.519 ], [ 92.85, 13.506 ], [ 92.84, 13.496 ], [ 92.844, 13.483 ], [ 92.834, 13.473 ], [ 92.838, 13.459 ], [ 92.828, 13.45 ], [ 92.814, 13.453 ] ] ] ] } },
{ "type": "Feature", "properties": { "POLYGON.ID": 975.0, "subregion": "India--Andaman and Nicobar Islands--Saddle Peak (inland)", "POLYGON": "India--Andaman and Nicobar Islands--Saddle Peak (inland)", "SHOW": "1", "FILTER": "Not-Assigned", "FILTER.ID": null, "OLD.POLYGON": null, "STATE": "Andaman and Nicobar Islands", "COUNTY": "Andaman and Nicobar Islands", "OWNER": null }, "geometry": { "type": "MultiPolygon", "coordinates": [ [ [ [ 92.947, 13.209 ], [ 92.943, 13.222 ], [ 92.929, 13.226 ], [ 92.926, 13.239 ], [ 92.936, 13.249 ], [ 92.932, 13.262 ], [ 92.942, 13.272 ], [ 92.938, 13.286 ], [ 92.948, 13.295 ], [ 92.944, 13.309 ], [ 92.931, 13.312 ], [ 92.927, 13.326 ], [ 92.937, 13.335 ], [ 92.933, 13.349 ], [ 92.943, 13.359 ], [ 92.939, 13.372 ], [ 92.949, 13.382 ], [ 92.963, 13.378 ], [ 92.973, 13.388 ], [ 92.987, 13.385 ], [ 92.997, 13.395 ], [ 92.993, 13.408 ], [ 92.979, 13.412 ], [ 92.976, 13.425 ], [ 92.986, 13.435 ], [ 92.982, 13.448 ], [ 92.992, 13.458 ], [ 92.988, 13.471 ], [ 92.998, 13.481 ], [ 92.994, 13.495 ], [ 92.98, 13.498 ], [ 92.977, 13.511 ], [ 92.963, 13.515 ], [ 92.953, 13.505 ], [ 92.957, 13.492 ], [ 92.947, 13.482 ], [ 92.95, 13.468 ], [ 92.94, 13.459 ], [ 92.927, 13.462 ], [ 92.917, 13.452 ], [ 92.92, 13.439 ], [ 92.91, 13.429 ], [ 92.914, 13.416 ], [ 92.904, 13.406 ], [ 92.908, 13.392 ], [ 92.898, 13.382 ], [ 92.902, 13.369 ], [ 92.892, 13.359 ], [ 92.878, 13.363 ], [ 92.868, 13.353 ], [ 92.872, 13.339 ], [ 92.862, 13.329 ], [ 92.866, 13.316 ], [ 92.856, 13.306 ], [ 92.859, 13.293 ], [ 92.873, 13.289 ], [ 92.877, 13.276 ], [ 92.891, 13.273 ], [ 92.894, 13.259 ], [ 92.884, 13.249 ], [ 92.888, 13.236 ], [ 92.878, 13.226 ], [ 92.882, 13.213 ], [ 92.872, 13.203 ], [ 92.876, 13.19 ], [ 92.866, 13.18 ], [ 92.869, 13.166 ], [ 92.859, 13.156 ], [ 92.863, 13.143 ], [ 92.877, 13.14 ], [ 92.881, 13.126 ], [ 92.895, 13.123 ], [ 92.898, 13.11 ], [ 92.912, 13.106 ], [ 92.922, 13.116 ], [ 92.936, 13.112 ], [ 92.946, 13.122 ], [ 92.96, 13.119 ], [ 92.963, 13.106 ], [ 92.953, 13.096 ], [ 92.957, 13.082 ], [ 92.971, 13.079 ], [ 92.975, 13.066 ], [ 92.988, 13.062 ], [ 92.998, 13.072 ], [ 93.012, 13.068 ], [ 93.022, 13.078 ], [ 93.018, 13.092 ], [ 93.028, 13.102 ], [ 93.025, 13.115 ], [ 93.011, 13.118 ], [ 93.007, 13.132 ], [ 93.017, 13.142 ], [ 93.013, 13.155 ], [ 93.023, 13.165 ], [ 93.02, 13.178 ], [ 93.03, 13.188 ], [ 93.026, 13.202 ], [ 93.036, 13.211 ], [ 93.032, 13.225 ], [ 93.018, 13.228 ], [ 93.015, 13.242 ], [ 93.001, 13.245 ], [ 92.991, 13.235 ], [ 92.977, 13.239 ], [ 92.967, 13.229 ], [ 92.971, 13.215 ], [ 92.961, 13.205 ], [ 92.947, 13.209 ] ] ] ] } },
{ "type": "Feature", "properties": { "POLYGON.ID": 976.0, "subregion": "India--Andaman and Nicobar Islands--Diglipur Coast and Islands", "POLYGON": "India--Andaman and Nicobar Islands--Diglipur Coast and Islands", "SHOW": "1", "FILTER": "Not-Assigned", "FILTER.ID": null, "OLD.POLYGON": null, "STATE": "Andaman and Nicobar Islands", "COUNTY": "Andaman and Nicobar Islands", "OWNER": null }, "geometry": { "type": "MultiPolygon", "coordinates": [ [ [ [ 93.097, 13.357 ], [ 93.093, 13.371 ], [ 93.103, 13.38 ], [ 93.1, 13.394 ], [ 93.11, 13.404 ], [ 93.106, 13.417 ], [ 93.116, 13.427 ], [ 93.112, 13.44 ], [ 93.098, 13.444 ], [ 93.088, 13.434 ], [ 93.075, 13.437 ], [ 93.064, 13.427 ], [ 93.051, 13.431 ], [ 93.047, 13.444 ], [ 93.057, 13.454 ], [ 93.053, 13.467 ], [ 93.063, 13.477 ], [ 93.059, 13.491 ], [ 93.069, 13.501 ], [ 93.066, 13.514 ], [ 93.076, 13.524 ], [ 93.072, 13.537 ], [ 93.058, 13.541 ], [ 93.054, 13.554 ], [ 93.064, 13.564 ], [ 93.061, 13.577 ], [ 93.047, 13.581 ], [ 93.043, 13.594 ], [ 93.029, 13.597 ], [ 93.019, 13.588 ], [ 93.005, 13.591 ], [ 92.995, 13.581 ], [ 92.982, 13.585 ], [ 92.972, 13.575 ], [ 92.975, 13.561 ], [ 92.965, 13.551 ], [ 92.969, 13.538 ], [ 92.959, 13.528 ], [ 92.963, 13.515 ], [ 92.977, 13.511 ], [ 92.98, 13.498 ], [ 92.994, 13.495 ], [ 92.998, 13.481 ], [ 92.988, 13.471 ], [ 92.992, 13.458 ], [ 92.982, 13.448 ], [ 92.986, 13.435 ], [ 92.976, 13.425 ], [ 92.979, 13.412 ], [ 92.993, 13.408 ], [ 92.997, 13.395 ], [ 92.987, 13.385 ], [ 92.973, 13.388 ], [ 92.963, 13.378 ], [ 92.949, 13.382 ], [ 92.939, 13.372 ], [ 92.943, 13.359 ], [ 92.933, 13.349 ], [ 92.937, 13.335 ], [ 92.927, 13.326 ], [ 92.931, 13.312 ], [ 92.944, 13.309 ], [ 92.948, 13.295 ], [ 92.938, 13.286 ], [ 92.942, 13.272 ], [ 92.932, 13.262 ], [ 92.936, 13.249 ], [ 92.926, 13.239 ], [ 92.929, 13.226 ], [ 92.943, 13.222 ], [ 92.947, 13.209 ], [ 92.961, 13.205 ], [ 92.971, 13.215 ], [ 92.967, 13.229 ], [ 92.977, 13.239 ], [ 92.991, 13.235 ], [ 93.001, 13.245 ], [ 93.015, 13.242 ], [ 93.018, 13.228 ], [ 93.032, 13.225 ], [ 93.036, 13.211 ], [ 93.05, 13.208 ], [ 93.06, 13.218 ], [ 93.073, 13.214 ], [ 93.083, 13.224 ], [ 93.08, 13.238 ], [ 93.066, 13.241 ], [ 93.062, 13.254 ], [ 93.072, 13.264 ], [ 93.068, 13.278 ], [ 93.078, 13.288 ], [ 93.092, 13.284 ], [ 93.102, 13.294 ], [ 93.098, 13.307 ], [ 93.085, 13.311 ], [ 93.081, 13.324 ], [ 93.091, 13.334 ], [ 93.087, 13.347 ], [ 93.097, 13.357 ] ] ] ] } },
{ "type": "Feature", "properties": { "POLYGON.ID": 977.0, "subregion": "India--Andaman and Nicobar Islands--Narcondam Island", "POLYGON": "India--Andaman and Nicobar Islands--Narcondam Island", "SHOW": "1", "FILTER": "Not-Assigned", "FILTER.ID": null, "OLD.POLYGON": null, "STATE": "Andaman and Nicobar Islands", "COUNTY": "Andaman and Nicobar Islands", "OWNER": null }, "geometry": { "type": "MultiPolygon", "coordinates": [ [ [ [ 94.25, 13.45 ], [ 94.239, 13.44 ], [ 94.243, 13.427 ], [ 94.257, 13.423 ], [ 94.267, 13.433 ], [ 94.281, 13.429 ], [ 94.291, 13.439 ], [ 94.287, 13.453 ], [ 94.297, 13.463 ], [ 94.294, 13.476 ], [ 94.28, 13.479 ], [ 94.27, 13.47 ], [ 94.256, 13.473 ], [ 94.246, 13.463 ], [ 94.25, 13.45 ] ] ] ] } },
{ "type": "Feature", "properties": { "POLYGON.ID": 978.0, "subregion": "India--Andaman and Nicobar Islands--Barren Island", "POLYGON": "India--Andaman and Nicobar Islands--Barren Island", "SHOW": "1", "FILTER": "Not-Assigned", "FILTER.ID": null, "OLD.POLYGON": null, "STATE": "Andaman and Nicobar Islands", "COUNTY": "Andaman and Nicobar Islands", "OWNER": null }, "geometry": { "type": "MultiPolygon", "coordinates": [ [ [ [ 93.845, 12.285 ], [ 93.835, 12.276 ], [ 93.839, 12.262 ], [ 93.853, 12.259 ], [ 93.856, 12.245 ], [ 93.87, 12.242 ], [ 93.88, 12.252 ], [ 93.876, 12.265 ], [ 93.886, 12.275 ], [ 93.883, 12.288 ], [ 93.893, 12.298 ], [ 93.889, 12.312 ], [ 93.875, 12.315 ], [ 93.865, 12.305 ], [ 93.851, 12.309 ], [ 93.841, 12.299 ], [ 93.845, 12.285 ] ] ] ] } },
{ "type": "Feature", "properties": { "POLYGON.ID": 979.0, "subregion": "India--Andaman and Nicobar Islands--North Reef Island", "POLYGON": "India--Andaman and Nicobar Islands--North Reef Island", "SHOW": "1", "FILTER": "Not-Assigned", "FILTER.ID": null, "OLD.POLYGON": null, "STATE": "Andaman and Nicobar Islands", "COUNTY": "Andaman and Nicobar Islands", "OWNER": null }, "geometry": { "type": "MultiPolygon", "coordinates": [ [ [ [ 92.681, 13.065 ], [ 92.685, 13.051 ], [ 92.698, 13.048 ], [ 92.708, 13.058 ], [ 92.722, 13.055 ], [ 92.732, 13.064 ], [ 92.728, 13.078 ], [ 92.738, 13.088 ], [ 92.734, 13.101 ], [ 92.721, 13.104 ], [ 92.717, 13.118 ], [ 92.703, 13.121 ], [ 92.693, 13.111 ], [ 92.679, 13.115 ], [ 92.669, 13.105 ], [ 92.673, 13.092 ], [ 92.663, 13.082 ], [ 92.667, 13.068 ], [ 92.681, 13.065 ] ] ] ] } },
{ "type": "Feature", "properties": { "POLYGON.ID": 980.0, "subregion": "India--Andaman and Nicobar Islands--Mayabunder Coast and Islands", "POLYGON": "India--Andaman and Nicobar Islands--Mayabunder Coast and Islands", "SHOW": "1", "FILTER": "Not-Assigned", "FILTER.ID": null, "OLD.POLYGON": null, "STATE": "Andaman and Nicobar Islands", "COUNTY": "Andaman and Nicobar Islands", "OWNER": null }, "geometry": { "type": "MultiPolygon", "coordinates": [ [ [ [ 92.953, 12.736 ], [ 92.966, 12.733 ], [ 92.976, 12.742 ], [ 92.973, 12.756 ], [ 92.983, 12.766 ], [ 92.979, 12.779 ], [ 92.965, 12.783 ], [ 92.961, 12.796 ], [ 92.971, 12.806 ], [ 92.968, 12.819 ], [ 92.954, 12.823 ], [ 92.95, 12.836 ], [ 92.96, 12.846 ], [ 92.956, 12.859 ], [ 92.942, 12.863 ], [ 92.939, 12.876 ], [ 92.949, 12.886 ], [ 92.945, 12.899 ], [ 92.955, 12.909 ], [ 92.969, 12.906 ], [ 92.979, 12.916 ], [ 92.992, 12.912 ], [ 93.002, 12.922 ], [ 92.999, 12.935 ], [ 93.009, 12.945 ], [ 93.005, 12.959 ], [ 93.015, 12.969 ], [ 93.011, 12.982 ], [ 93.021, 12.992 ], [ 93.017, 13.005 ], [ 93.027, 13.015 ], [ 93.024, 13.028 ], [ 93.034, 13.038 ], [ 93.03, 13.052 ], [ 93.016, 13.055 ], [ 93.006, 13.045 ], [ 92.992, 13.049 ], [ 92.988, 13.062 ], [ 92.975, 13.066 ], [ 92.971, 13.079 ], [ 92.957, 13.082 ], [ 92.953, 13.096 ], [ 92.963, 13.106 ], [ 92.96, 13.119 ], [ 92.946, 13.122 ], [ 92.936, 13.112 ], [ 92.922, 13.116 ], [ 92.912, 13.106 ], [ 92.898, 13.11 ], [ 92.895, 13.123 ], [ 92.881, 13.126 ], [ 92.871, 13.116 ], [ 92.875, 13.103 ], [ 92.865, 13.093 ], [ 92.851, 13.097 ], [ 92.841, 13.087 ], [ 92.845, 13.073 ], [ 92.835, 13.063 ], [ 92.838, 13.05 ], [ 92.852, 13.047 ], [ 92.856, 13.033 ], [ 92.87, 13.03 ], [ 92.873, 13.017 ], [ 92.863, 13.007 ], [ 92.867, 12.993 ], [ 92.857, 12.983 ], [ 92.843, 12.987 ], [ 92.834, 12.977 ], [ 92.837, 12.964 ], [ 92.827, 12.954 ], [ 92.831, 12.94 ], [ 92.821, 12.93 ], [ 92.825, 12.917 ], [ 92.815, 12.907 ], [ 92.819, 12.894 ], [ 92.832, 12.89 ], [ 92.836, 12.877 ], [ 92.826, 12.867 ], [ 92.83, 12.854 ], [ 92.844, 12.85 ], [ 92.854, 12.86 ], [ 92.867, 12.857 ], [ 92.871, 12.843 ], [ 92.885, 12.84 ], [ 92.889, 12.827 ], [ 92.903, 12.823 ], [ 92.906, 12.81 ], [ 92.896, 12.8 ], [ 92.9, 12.786 ], [ 92.914, 12.783 ], [ 92.918, 12.77 ], [ 92.931, 12.766 ], [ 92.935, 12.753 ], [ 92.949, 12.749 ], [ 92.953, 12.736 ] ] ] ] } },
{ "type": "Feature", "properties": { "POLYGON.ID": 981.0, "subregion": "India--Andaman and Nicobar Islands--Interview Coast and Islands", "POLYGON": "India--Andaman and Nicobar Islands--Interview Coast and Islands", "SHOW": "1", "FILTER": "Not-Assigned", "FILTER.ID": null, "OLD.POLYGON": null, "STATE": "Andaman and Nicobar Islands", "COUNTY": "Andaman and Nicobar Islands", "OWNER": null }, "geometry": { "type": "MultiPolygon", "coordinates": [ [ [ [ 92.805, 12.761 ], [ 92.801, 12.774 ], [ 92.811, 12.784 ], [ 92.808, 12.797 ], [ 92.818, 12.807 ], [ 92.814, 12.821 ], [ 92.824, 12.831 ], [ 92.82, 12.844 ], [ 92.83, 12.854 ], [ 92.826, 12.867 ], [ 92.836, 12.877 ], [ 92.832, 12.89 ], [ 92.819, 12.894 ], [ 92.815, 12.907 ], [ 92.825, 12.917 ], [ 92.821, 12.93 ], [ 92.831, 12.94 ], [ 92.827, 12.954 ], [ 92.837, 12.964 ], [ 92.834, 12.977 ], [ 92.843, 12.987 ], [ 92.857, 12.983 ], [ 92.867, 12.993 ], [ 92.863, 13.007 ], [ 92.873, 13.017 ], [ 92.87, 13.03 ], [ 92.856, 13.033 ], [ 92.852, 13.047 ], [ 92.838, 13.05 ], [ 92.835, 13.063 ], [ 92.821, 13.067 ], [ 92.811, 13.057 ], [ 92.797, 13.06 ], [ 92.787, 13.051 ], [ 92.773, 13.054 ], [ 92.763, 13.044 ], [ 92.767, 13.031 ], [ 92.757, 13.021 ], [ 92.761, 13.008 ], [ 92.751, 12.998 ], [ 92.737, 13.001 ], [ 92.727, 12.991 ], [ 92.713, 12.995 ], [ 92.71, 13.008 ], [ 92.696, 13.011 ], [ 92.686, 13.002 ], [ 92.672, 13.005 ], [ 92.662, 12.995 ], [ 92.666, 12.982 ], [ 92.656, 12.972 ], [ 92.66, 12.959 ], [ 92.65, 12.949 ], [ 92.654, 12.935 ], [ 92.644, 12.925 ], [ 92.647, 12.912 ], [ 92.637, 12.902 ], [ 92.641, 12.889 ], [ 92.631, 12.879 ], [ 92.635, 12.865 ], [ 92.625, 12.856 ], [ 92.629, 12.842 ], [ 92.643, 12.839 ], [ 92.646, 12.825 ], [ 92.636, 12.816 ], [ 92.64, 12.802 ], [ 92.63, 12.792 ], [ 92.634, 12.779 ], [ 92.648, 12.775 ], [ 92.651, 12.762 ], [ 92.665, 12.759 ], [ 92.669, 12.745 ], [ 92.683, 12.742 ], [ 92.686, 12.729 ], [ 92.7, 12.725 ], [ 92.704, 12.712 ], [ 92.694, 12.702 ], [ 92.698, 12.688 ], [ 92.688, 12.679 ], [ 92.692, 12.665 ], [ 92.682, 12.655 ], [ 92.685, 12.642 ], [ 92.675, 12.632 ], [ 92.679, 12.619 ], [ 92.669, 12.609 ], [ 92.673, 12.595 ], [ 92.663, 12.585 ], [ 92.667, 12.572 ], [ 92.657, 12.562 ], [ 92.661, 12.549 ], [ 92.651, 12.539 ], [ 92.654, 12.526 ], [ 92.644, 12.516 ], [ 92.648, 12.502 ], [ 92.662, 12.499 ], [ 92.666, 12.486 ], [ 92.68, 12.482 ], [ 92.689, 12.492 ], [ 92.703, 12.489 ], [ 92.713, 12.498 ], [ 92.709, 12.512 ], [ 92.719, 12.522 ], [ 92.716, 12.535 ], [ 92.726, 12.545 ], [ 92.722, 12.558 ], [ 92.732, 12.568 ], [ 92.728, 12.582 ], [ 92.738, 12.591 ], [ 92.752, 12.588 ], [ 92.762, 12.598 ], [ 92.775, 12.594 ], [ 92.779, 12.581 ], [ 92.793, 12.578 ], [ 92.803, 12.588 ], [ 92.799, 12.601 ], [ 92.785, 12.604 ], [ 92.782, 12.618 ], [ 92.792, 12.628 ], [ 92.788, 12.641 ], [ 92.798, 12.651 ], [ 92.794, 12.664 ], [ 92.804, 12.674 ], [ 92.8, 12.688 ], [ 92.81, 12.697 ], [ 92.806, 12.711 ], [ 92.793, 12.714 ], [ 92.789, 12.728 ], [ 92.799, 12.737 ], [ 92.795, 12.751 ], [ 92.805, 12.761 ] ] ] ] } },
{ "type": "Feature", "properties": { "POLYGON.ID": 982.0, "subregion": "India--Andaman and Nicobar Islands--Rangat Mangroves and Islands", "POLYGON": "India--Andaman and Nicobar Islands--Rangat Mangroves and Islands", "SHOW": "1", "FILTER": "Not-Assigned", "FILTER.ID": null, "OLD.POLYGON": null, "STATE": "Andaman and Nicobar Islands", "COUNTY": "Andaman and Nicobar Islands", "OWNER": null }, "geometry": { "type": "MultiPolygon", "coordinates": [ [ [ [ 92.961, 12.436 ], [ 92.957, 12.449 ], [ 92.967, 12.459 ], [ 92.963, 12.473 ], [ 92.973, 12.483 ], [ 92.969, 12.496 ], [ 92.955, 12.499 ], [ 92.952, 12.513 ], [ 92.938, 12.516 ], [ 92.934, 12.53 ], [ 92.92, 12.533 ], [ 92.91, 12.523 ], [ 92.897, 12.527 ], [ 92.887, 12.517 ], [ 92.89, 12.503 ], [ 92.881, 12.493 ], [ 92.867, 12.497 ], [ 92.857, 12.487 ], [ 92.843, 12.491 ], [ 92.839, 12.504 ], [ 92.826, 12.507 ], [ 92.816, 12.497 ], [ 92.802, 12.501 ], [ 92.792, 12.491 ], [ 92.796, 12.478 ], [ 92.786, 12.468 ], [ 92.789, 12.454 ], [ 92.779, 12.444 ], [ 92.783, 12.431 ], [ 92.773, 12.421 ], [ 92.777, 12.408 ], [ 92.791, 12.404 ], [ 92.795, 12.391 ], [ 92.785, 12.381 ], [ 92.788, 12.368 ], [ 92.802, 12.364 ], [ 92.806, 12.351 ], [ 92.82, 12.347 ], [ 92.823, 12.334 ], [ 92.837, 12.331 ], [ 92.847, 12.341 ], [ 92.861, 12.337 ], [ 92.865, 12.324 ], [ 92.878, 12.32 ], [ 92.888, 12.33 ], [ 92.902, 12.327 ], [ 92.912, 12.337 ], [ 92.926, 12.333 ], [ 92.936, 12.343 ], [ 92.932, 12.356 ], [ 92.942, 12.366 ], [ 92.956, 12.363 ], [ 92.966, 12.373 ], [ 92.962, 12.386 ], [ 92.972, 12.396 ], [ 92.968, 12.409 ], [ 92.978, 12.419 ], [ 92.974, 12.433 ], [ 92.961, 12.436 ] ] ] ] } },
{ "type": "Feature", "properties": { "POLYGON.ID": 983.0, "subregion": "India--Andaman and Nicobar Islands--Havelock Island cluster", "POLYGON": "India--Andaman and Nicobar Islands--Havelock Island cluster", "SHOW": "1", "FILTER": "Not-Assigned", "FILTER.ID": null, "OLD.POLYGON": null, "STATE": "Andaman and Nicobar Islands", "COUNTY": "Andaman and Nicobar Islands", "OWNER": null }, "geometry": { "type": "MultiPolygon", "coordinates": [ [ [ [ 93.043, 12.278 ], [ 93.029, 12.282 ], [ 93.026, 12.295 ], [ 93.012, 12.299 ], [ 93.002, 12.289 ], [ 93.006, 12.276 ], [ 93.019, 12.272 ], [ 93.023, 12.259 ], [ 93.037, 12.255 ], [ 93.047, 12.265 ], [ 93.043, 12.278 ] ] ], [ [ [ 93.011, 12.212 ], [ 93.024, 12.209 ], [ 93.034, 12.219 ], [ 93.031, 12.232 ], [ 93.017, 12.235 ], [ 93.007, 12.226 ], [ 93.011, 12.212 ] ] ], [ [ [ 93.033, 11.995 ], [ 93.02, 11.999 ], [ 93.016, 12.012 ], [ 93.026, 12.022 ], [ 93.022, 12.035 ], [ 93.032, 12.045 ], [ 93.046, 12.042 ], [ 93.056, 12.052 ], [ 93.07, 12.048 ], [ 93.079, 12.058 ], [ 93.076, 12.071 ], [ 93.086, 12.081 ], [ 93.099, 12.078 ], [ 93.109, 12.088 ], [ 93.106, 12.101 ], [ 93.116, 12.111 ], [ 93.129, 12.107 ], [ 93.139, 12.117 ], [ 93.136, 12.131 ], [ 93.146, 12.141 ], [ 93.142, 12.154 ], [ 93.128, 12.158 ], [ 93.124, 12.171 ], [ 93.111, 12.174 ], [ 93.107, 12.188 ], [ 93.117, 12.198 ], [ 93.113, 12.211 ], [ 93.123, 12.221 ], [ 93.119, 12.234 ], [ 93.129, 12.244 ], [ 93.125, 12.258 ], [ 93.112, 12.261 ], [ 93.108, 12.274 ], [ 93.094, 12.278 ], [ 93.084, 12.268 ], [ 93.071, 12.272 ], [ 93.061, 12.262 ], [ 93.064, 12.248 ], [ 93.054, 12.238 ], [ 93.058, 12.225 ], [ 93.048, 12.215 ], [ 93.052, 12.202 ], [ 93.042, 12.192 ], [ 93.028, 12.195 ], [ 93.018, 12.185 ], [ 93.022, 12.172 ], [ 93.012, 12.162 ], [ 92.998, 12.166 ], [ 92.995, 12.179 ], [ 92.981, 12.182 ], [ 92.971, 12.173 ], [ 92.957, 12.176 ], [ 92.947, 12.166 ], [ 92.951, 12.153 ], [ 92.941, 12.143 ], [ 92.945, 12.129 ], [ 92.935, 12.12 ], [ 92.938, 12.106 ], [ 92.928, 12.096 ], [ 92.932, 12.083 ], [ 92.922, 12.073 ], [ 92.926, 12.06 ], [ 92.94, 12.056 ], [ 92.944, 12.043 ], [ 92.934, 12.033 ], [ 92.92, 12.036 ], [ 92.91, 12.026 ], [ 92.914, 12.013 ], [ 92.904, 12.003 ], [ 92.907, 11.99 ], [ 92.921, 11.986 ], [ 92.925, 11.973 ], [ 92.939, 11.969 ], [ 92.942, 11.956 ], [ 92.956, 11.953 ], [ 92.96, 11.939 ], [ 92.974, 11.936 ], [ 92.977, 11.922 ], [ 92.991, 11.919 ], [ 92.995, 11.905 ], [ 93.009, 11.902 ], [ 93.012, 11.889 ], [ 93.026, 11.885 ], [ 93.03, 11.872 ], [ 93.043, 11.868 ], [ 93.053, 11.878 ], [ 93.067, 11.875 ], [ 93.077, 11.885 ], [ 93.073, 11.898 ], [ 93.06, 11.901 ], [ 93.056, 11.915 ], [ 93.066, 11.925 ], [ 93.062, 11.938 ], [ 93.048, 11.942 ], [ 93.045, 11.955 ], [ 93.055, 11.965 ], [ 93.051, 11.978 ], [ 93.037, 11.982 ], [ 93.033, 11.995 ] ] ], [ [ [ 93.059, 12.312 ], [ 93.073, 12.308 ], [ 93.083, 12.318 ], [ 93.079, 12.331 ], [ 93.065, 12.335 ], [ 93.056, 12.325 ], [ 93.059, 12.312 ] ] ], [ [ [ 93.007, 11.815 ], [ 93.011, 11.802 ], [ 93.025, 11.798 ], [ 93.035, 11.808 ], [ 93.049, 11.805 ], [ 93.058, 11.815 ], [ 93.072, 11.811 ], [ 93.082, 11.821 ], [ 93.078, 11.835 ], [ 93.088, 11.844 ], [ 93.085, 11.858 ], [ 93.071, 11.861 ], [ 93.061, 11.851 ], [ 93.047, 11.855 ], [ 93.037, 11.845 ], [ 93.024, 11.848 ], [ 93.02, 11.862 ], [ 93.006, 11.865 ], [ 92.996, 11.855 ], [ 93.0, 11.842 ], [ 92.99, 11.832 ], [ 92.994, 11.819 ], [ 93.007, 11.815 ] ] ], [ [ [ 93.09, 11.794 ], [ 93.076, 11.798 ], [ 93.066, 11.788 ], [ 93.07, 11.775 ], [ 93.083, 11.771 ], [ 93.093, 11.781 ], [ 93.09, 11.794 ] ] ] ] } },
{ "type": "Feature", "properties": { "POLYGON.ID": 984.0, "subregion": "India--Andaman and Nicobar Islands--Saddle Peak (coast)", "POLYGON": "India--Andaman and Nicobar Islands--Saddle Peak (coast)", "SHOW": "1", "FILTER": "Not-Assigned", "FILTER.ID": null, "OLD.POLYGON": null, "STATE": "Andaman and Nicobar Islands", "COUNTY": "Andaman and Nicobar Islands", "OWNER": null }, "geometry": { "type": "MultiPolygon", "coordinates": [ [ [ [ 93.03, 13.188 ], [ 93.02, 13.178 ], [ 93.023, 13.165 ], [ 93.013, 13.155 ], [ 93.017, 13.142 ], [ 93.007, 13.132 ], [ 93.011, 13.118 ], [ 93.025, 13.115 ], [ 93.028, 13.102 ], [ 93.018, 13.092 ], [ 93.022, 13.078 ], [ 93.012, 13.068 ], [ 92.998, 13.072 ], [ 92.988, 13.062 ], [ 92.992, 13.049 ], [ 93.006, 13.045 ], [ 93.016, 13.055 ], [ 93.03, 13.052 ], [ 93.04, 13.062 ], [ 93.036, 13.075 ], [ 93.046, 13.085 ], [ 93.042, 13.098 ], [ 93.052, 13.108 ], [ 93.049, 13.121 ], [ 93.059, 13.131 ], [ 93.055, 13.145 ], [ 93.041, 13.148 ], [ 93.037, 13.161 ], [ 93.047, 13.171 ], [ 93.043, 13.185 ], [ 93.053, 13.195 ], [ 93.05, 13.208 ], [ 93.036, 13.211 ], [ 93.026, 13.202 ], [ 93.03, 13.188 ] ] ] ] } },
{ "type": "Feature", "properties": { "POLYGON.ID": 985.0, "subregion": "India--Andaman and Nicobar Islands--Rangat Coast (east)", "POLYGON": "India--Andaman and Nicobar Islands--Rangat Coast (east)", "SHOW": "1", "FILTER": "Not-Assigned", "FILTER.ID": null, "OLD.POLYGON": null, "STATE": "Andaman and Nicobar Islands", "COUNTY": "Andaman and Nicobar Islands", "OWNER": null }, "geometry": { "type": "MultiPolygon", "coordinates": [ [ [ [ 92.939, 12.603 ], [ 92.929, 12.593 ], [ 92.933, 12.58 ], [ 92.947, 12.576 ], [ 92.95, 12.563 ], [ 92.94, 12.553 ], [ 92.944, 12.54 ], [ 92.934, 12.53 ], [ 92.938, 12.516 ], [ 92.952, 12.513 ], [ 92.955, 12.499 ], [ 92.969, 12.496 ], [ 92.979, 12.506 ], [ 92.975, 12.519 ], [ 92.985, 12.529 ], [ 92.982, 12.542 ], [ 92.992, 12.552 ], [ 92.988, 12.566 ], [ 92.974, 12.569 ], [ 92.97, 12.583 ], [ 92.98, 12.592 ], [ 92.977, 12.606 ], [ 92.963, 12.609 ], [ 92.959, 12.623 ], [ 92.969, 12.633 ], [ 92.965, 12.646 ], [ 92.975, 12.656 ], [ 92.971, 12.669 ], [ 92.981, 12.679 ], [ 92.978, 12.692 ], [ 92.988, 12.702 ], [ 92.984, 12.716 ], [ 92.994, 12.726 ], [ 92.99, 12.739 ], [ 92.976, 12.742 ], [ 92.966, 12.733 ], [ 92.953, 12.736 ], [ 92.943, 12.726 ], [ 92.946, 12.713 ], [ 92.936, 12.703 ], [ 92.94, 12.689 ], [ 92.954, 12.686 ], [ 92.958, 12.673 ], [ 92.948, 12.663 ], [ 92.951, 12.649 ], [ 92.942, 12.639 ], [ 92.945, 12.626 ], [ 92.935, 12.616 ], [ 92.939, 12.603 ] ] ] ] } },
{ "type": "Feature", "properties": { "POLYGON.ID": 988.0, "subregion": "India--Andaman and Nicobar Islands--Gandhighat Coast (west)", "POLYGON": "India--Andaman and Nicobar Islands--Gandhighat Coast (west)", "SHOW": "1", "FILTER": "Not-Assigned", "FILTER.ID": null, "OLD.POLYGON": null, "STATE": "Andaman and Nicobar Islands", "COUNTY": "Andaman and Nicobar Islands", "OWNER": null }, "geometry": { "type": "MultiPolygon", "coordinates": [ [ [ [ 92.711, 12.325 ], [ 92.707, 12.339 ], [ 92.717, 12.348 ], [ 92.713, 12.362 ], [ 92.723, 12.372 ], [ 92.72, 12.385 ], [ 92.706, 12.389 ], [ 92.702, 12.402 ], [ 92.712, 12.412 ], [ 92.708, 12.425 ], [ 92.718, 12.435 ], [ 92.715, 12.448 ], [ 92.724, 12.458 ], [ 92.721, 12.472 ], [ 92.731, 12.482 ], [ 92.727, 12.495 ], [ 92.713, 12.498 ], [ 92.703, 12.489 ], [ 92.689, 12.492 ], [ 92.68, 12.482 ], [ 92.683, 12.469 ], [ 92.673, 12.459 ], [ 92.677, 12.445 ], [ 92.691, 12.442 ], [ 92.695, 12.429 ], [ 92.685, 12.419 ], [ 92.688, 12.405 ], [ 92.678, 12.395 ], [ 92.682, 12.382 ], [ 92.672, 12.372 ], [ 92.676, 12.359 ], [ 92.69, 12.355 ], [ 92.694, 12.342 ], [ 92.684, 12.332 ], [ 92.687, 12.319 ], [ 92.701, 12.315 ], [ 92.711, 12.325 ] ] ] ] } },
{ "type": "Feature", "properties": { "POLYGON.ID": 989.0, "subregion": "India--Andaman and Nicobar Islands--Mt. Harriet NP and Coast", "POLYGON": "India--Andaman and Nicobar Islands--Mt. Harriet NP and Coast", "SHOW": "1", "FILTER": "Not-Assigned", "FILTER.ID": null, "OLD.POLYGON": null, "STATE": "Andaman and Nicobar Islands", "COUNTY": "Andaman and Nicobar Islands", "OWNER": null }, "geometry": { "type": "MultiPolygon", "coordinates": [ [ [ [ 92.774, 11.738 ], [ 92.771, 11.751 ], [ 92.781, 11.761 ], [ 92.777, 11.774 ], [ 92.787, 11.784 ], [ 92.783, 11.798 ], [ 92.793, 11.808 ], [ 92.789, 11.821 ], [ 92.799, 11.831 ], [ 92.795, 11.844 ], [ 92.805, 11.854 ], [ 92.802, 11.868 ], [ 92.812, 11.877 ], [ 92.808, 11.891 ], [ 92.794, 11.894 ], [ 92.79, 11.908 ], [ 92.8, 11.918 ], [ 92.797, 11.931 ], [ 92.807, 11.941 ], [ 92.803, 11.954 ], [ 92.789, 11.958 ], [ 92.779, 11.948 ], [ 92.765, 11.951 ], [ 92.755, 11.941 ], [ 92.742, 11.945 ], [ 92.732, 11.935 ], [ 92.736, 11.922 ], [ 92.726, 11.912 ], [ 92.712, 11.915 ], [ 92.702, 11.905 ], [ 92.706, 11.892 ], [ 92.696, 11.882 ], [ 92.699, 11.869 ], [ 92.69, 11.859 ], [ 92.693, 11.845 ], [ 92.683, 11.835 ], [ 92.687, 11.822 ], [ 92.677, 11.812 ], [ 92.681, 11.799 ], [ 92.671, 11.789 ], [ 92.675, 11.775 ], [ 92.665, 11.765 ], [ 92.669, 11.752 ], [ 92.659, 11.742 ], [ 92.662, 11.729 ], [ 92.676, 11.725 ], [ 92.68, 11.712 ], [ 92.694, 11.709 ], [ 92.697, 11.695 ], [ 92.711, 11.692 ], [ 92.715, 11.678 ], [ 92.729, 11.675 ], [ 92.738, 11.685 ], [ 92.752, 11.681 ], [ 92.762, 11.691 ], [ 92.758, 11.705 ], [ 92.768, 11.714 ], [ 92.765, 11.728 ], [ 92.774, 11.738 ] ] ] ] } },
{ "type": "Feature", "properties": { "POLYGON.ID": 990.0, "subregion": "India--Andaman and Nicobar Islands--Port Blair", "POLYGON": "India--Andaman and Nicobar Islands--Port Blair", "SHOW": "1", "FILTER": "Not-Assigned", "FILTER.ID": null, "OLD.POLYGON": null, "STATE": "Andaman and Nicobar Islands", "COUNTY": "Andaman and Nicobar Islands", "OWNER": null }, "geometry": { "type": "MultiPolygon", "coordinates": [ [ [ [ 92.711, 11.692 ], [ 92.697, 11.695 ], [ 92.694, 11.709 ], [ 92.68, 11.712 ], [ 92.676, 11.725 ], [ 92.662, 11.729 ], [ 92.652, 11.719 ], [ 92.639, 11.722 ], [ 92.629, 11.712 ], [ 92.615, 11.716 ], [ 92.605, 11.706 ], [ 92.609, 11.693 ], [ 92.599, 11.683 ], [ 92.603, 11.669 ], [ 92.616, 11.666 ], [ 92.62, 11.653 ], [ 92.634, 11.649 ], [ 92.638, 11.636 ], [ 92.651, 11.632 ], [ 92.655, 11.619 ], [ 92.645, 11.609 ], [ 92.649, 11.596 ], [ 92.663, 11.592 ], [ 92.666, 11.579 ], [ 92.68, 11.575 ], [ 92.69, 11.585 ], [ 92.704, 11.582 ], [ 92.708, 11.568 ], [ 92.721, 11.565 ], [ 92.725, 11.551 ], [ 92.739, 11.548 ], [ 92.749, 11.558 ], [ 92.745, 11.571 ], [ 92.755, 11.581 ], [ 92.751, 11.595 ], [ 92.761, 11.604 ], [ 92.757, 11.618 ], [ 92.767, 11.628 ], [ 92.763, 11.641 ], [ 92.773, 11.651 ], [ 92.77, 11.664 ], [ 92.78, 11.674 ], [ 92.776, 11.688 ], [ 92.762, 11.691 ], [ 92.752, 11.681 ], [ 92.738, 11.685 ], [ 92.729, 11.675 ], [ 92.715, 11.678 ], [ 92.711, 11.692 ] ] ] ] } },
{ "type": "Feature", "properties": { "POLYGON.ID": 991.0, "subregion": "India--Andaman and Nicobar Islands--Chidiya Tapu and Wandoor", "POLYGON": "India--Andaman and Nicobar Islands--Chidiya Tapu and Wandoor", "SHOW": "1", "FILTER": "Not-Assigned", "FILTER.ID": null, "OLD.POLYGON": null, "STATE": "Andaman and Nicobar Islands", "COUNTY": "Andaman and Nicobar Islands", "OWNER": null }, "geometry": { "type": "MultiPolygon", "coordinates": [ [ [ [ 92.59, 11.623 ], [ 92.581, 11.613 ], [ 92.567, 11.616 ], [ 92.557, 11.606 ], [ 92.543, 11.61 ], [ 92.539, 11.623 ], [ 92.526, 11.627 ], [ 92.516, 11.617 ], [ 92.52, 11.603 ], [ 92.51, 11.594 ], [ 92.513, 11.58 ], [ 92.527, 11.577 ], [ 92.531, 11.563 ], [ 92.521, 11.553 ], [ 92.525, 11.54 ], [ 92.538, 11.537 ], [ 92.542, 11.523 ], [ 92.556, 11.52 ], [ 92.56, 11.506 ], [ 92.573, 11.503 ], [ 92.583, 11.513 ], [ 92.597, 11.509 ], [ 92.607, 11.519 ], [ 92.621, 11.516 ], [ 92.63, 11.526 ], [ 92.644, 11.522 ], [ 92.648, 11.509 ], [ 92.662, 11.505 ], [ 92.665, 11.492 ], [ 92.679, 11.488 ], [ 92.683, 11.475 ], [ 92.697, 11.472 ], [ 92.7, 11.458 ], [ 92.714, 11.455 ], [ 92.724, 11.465 ], [ 92.72, 11.478 ], [ 92.73, 11.488 ], [ 92.726, 11.501 ], [ 92.736, 11.511 ], [ 92.733, 11.525 ], [ 92.742, 11.535 ], [ 92.739, 11.548 ], [ 92.725, 11.551 ], [ 92.721, 11.565 ], [ 92.708, 11.568 ], [ 92.704, 11.582 ], [ 92.69, 11.585 ], [ 92.68, 11.575 ], [ 92.666, 11.579 ], [ 92.663, 11.592 ], [ 92.649, 11.596 ], [ 92.645, 11.609 ], [ 92.655, 11.619 ], [ 92.651, 11.632 ], [ 92.638, 11.636 ], [ 92.634, 11.649 ], [ 92.62, 11.653 ], [ 92.616, 11.666 ], [ 92.603, 11.669 ], [ 92.593, 11.659 ], [ 92.597, 11.646 ], [ 92.587, 11.636 ], [ 92.59, 11.623 ] ] ] ] } },
{ "type": "Feature", "properties": { "POLYGON.ID": 992.0, "subregion": "India--Andaman and Nicobar Islands--Rutland Island", "POLYGON": "India--Andaman and Nicobar Islands--Rutland Island", "SHOW": "1", "FILTER": "Not-Assigned", "FILTER.ID": null, "OLD.POLYGON": null, "STATE": "Andaman and Nicobar Islands", "COUNTY": "Andaman and Nicobar Islands", "OWNER": null }, "geometry": { "type": "MultiPolygon", "coordinates": [ [ [ [ 92.683, 11.475 ], [ 92.679, 11.488 ], [ 92.665, 11.492 ], [ 92.662, 11.505 ], [ 92.648, 11.509 ], [ 92.644, 11.522 ], [ 92.63, 11.526 ], [ 92.621, 11.516 ], [ 92.607, 11.519 ], [ 92.597, 11.509 ], [ 92.601, 11.496 ], [ 92.591, 11.486 ], [ 92.595, 11.473 ], [ 92.585, 11.463 ], [ 92.588, 11.449 ], [ 92.578, 11.439 ], [ 92.582, 11.426 ], [ 92.572, 11.416 ], [ 92.559, 11.42 ], [ 92.549, 11.41 ], [ 92.535, 11.413 ], [ 92.525, 11.403 ], [ 92.529, 11.39 ], [ 92.543, 11.386 ], [ 92.546, 11.373 ], [ 92.56, 11.37 ], [ 92.564, 11.356 ], [ 92.577, 11.353 ], [ 92.581, 11.339 ], [ 92.595, 11.336 ], [ 92.599, 11.323 ], [ 92.612, 11.319 ], [ 92.622, 11.329 ], [ 92.636, 11.325 ], [ 92.646, 11.335 ], [ 92.66, 11.332 ], [ 92.669, 11.342 ], [ 92.683, 11.338 ], [ 92.693, 11.348 ], [ 92.689, 11.362 ], [ 92.699, 11.372 ], [ 92.696, 11.385 ], [ 92.705, 11.395 ], [ 92.702, 11.408 ], [ 92.688, 11.412 ], [ 92.684, 11.425 ], [ 92.694, 11.435 ], [ 92.69, 11.448 ], [ 92.7, 11.458 ], [ 92.697, 11.472 ], [ 92.683, 11.475 ] ] ] ] } },
{ "type": "Feature", "properties": { "POLYGON.ID": 993.0, "subregion": "India--Andaman and Nicobar Islands--North Sentinel Island", "POLYGON": "India--Andaman and Nicobar Islands--North Sentinel Island", "SHOW": "1", "FILTER": "Not-Assigned", "FILTER.ID": null, "OLD.POLYGON": null, "STATE": "Andaman and Nicobar Islands", "COUNTY": "Andaman and Nicobar Islands", "OWNER": null }, "geometry": { "type": "MultiPolygon", "coordinates": [ [ [ [ 92.303, 11.559 ], [ 92.29, 11.562 ], [ 92.286, 11.576 ], [ 92.296, 11.586 ], [ 92.292, 11.599 ], [ 92.278, 11.602 ], [ 92.274, 11.616 ], [ 92.261, 11.619 ], [ 92.251, 11.609 ], [ 92.237, 11.613 ], [ 92.227, 11.603 ], [ 92.214, 11.606 ], [ 92.204, 11.596 ], [ 92.19, 11.6 ], [ 92.18, 11.59 ], [ 92.184, 11.576 ], [ 92.174, 11.567 ], [ 92.178, 11.553 ], [ 92.191, 11.55 ], [ 92.195, 11.536 ], [ 92.185, 11.526 ], [ 92.189, 11.513 ], [ 92.203, 11.51 ], [ 92.206, 11.496 ], [ 92.22, 11.493 ], [ 92.23, 11.503 ], [ 92.244, 11.499 ], [ 92.254, 11.509 ], [ 92.267, 11.506 ], [ 92.277, 11.516 ], [ 92.291, 11.512 ], [ 92.301, 11.522 ], [ 92.297, 11.535 ], [ 92.307, 11.545 ], [ 92.303, 11.559 ] ] ] ] } },
{ "type": "Feature", "properties": { "POLYGON.ID": 994.0, "subregion": "India--Andaman and Nicobar Islands--South Sentinel Island", "POLYGON": "India--Andaman and Nicobar Islands--South Sentinel Island", "SHOW": "1", "FILTER": "Not-Assigned", "FILTER.ID": null, "OLD.POLYGON": null, "STATE": "Andaman and Nicobar Islands", "COUNTY": "Andaman and Nicobar Islands", "OWNER": null }, "geometry": { "type": "MultiPolygon", "coordinates": [ [ [ [ 92.201, 10.976 ], [ 92.191, 10.966 ], [ 92.195, 10.953 ], [ 92.208, 10.949 ], [ 92.218, 10.959 ], [ 92.232, 10.956 ], [ 92.242, 10.966 ], [ 92.238, 10.979 ], [ 92.248, 10.989 ], [ 92.244, 11.002 ], [ 92.231, 11.006 ], [ 92.221, 10.996 ], [ 92.207, 10.999 ], [ 92.197, 10.989 ], [ 92.201, 10.976 ] ] ] ] } },
{ "type": "Feature", "properties": { "POLYGON.ID": 995.0, "subregion": "India--Andaman and Nicobar Islands--Cinque Island cluster", "POLYGON": "India--Andaman and Nicobar Islands--Cinque Island cluster", "SHOW": "1", "FILTER": "Not-Assigned", "FILTER.ID": null, "OLD.POLYGON": null, "STATE": "Andaman and Nicobar Islands", "COUNTY": "Andaman and Nicobar Islands", "OWNER": null }, "geometry": { "type": "MultiPolygon", "coordinates": [ [ [ [ 92.675, 11.278 ], [ 92.688, 11.275 ], [ 92.692, 11.261 ], [ 92.682, 11.252 ], [ 92.686, 11.238 ], [ 92.7, 11.235 ], [ 92.709, 11.245 ], [ 92.706, 11.258 ], [ 92.716, 11.268 ], [ 92.712, 11.281 ], [ 92.722, 11.291 ], [ 92.718, 11.305 ], [ 92.728, 11.314 ], [ 92.724, 11.328 ], [ 92.734, 11.338 ], [ 92.73, 11.351 ], [ 92.717, 11.355 ], [ 92.707, 11.345 ], [ 92.711, 11.331 ], [ 92.701, 11.321 ], [ 92.687, 11.325 ], [ 92.677, 11.315 ], [ 92.681, 11.302 ], [ 92.671, 11.292 ], [ 92.675, 11.278 ] ] ], [ [ [ 92.674, 11.192 ], [ 92.664, 11.182 ], [ 92.667, 11.168 ], [ 92.681, 11.165 ], [ 92.691, 11.175 ], [ 92.687, 11.188 ], [ 92.674, 11.192 ] ] ], [ [ [ 92.647, 10.925 ], [ 92.643, 10.938 ], [ 92.629, 10.942 ], [ 92.626, 10.955 ], [ 92.612, 10.959 ], [ 92.602, 10.949 ], [ 92.588, 10.952 ], [ 92.578, 10.942 ], [ 92.582, 10.929 ], [ 92.596, 10.925 ], [ 92.6, 10.912 ], [ 92.613, 10.909 ], [ 92.623, 10.918 ], [ 92.637, 10.915 ], [ 92.647, 10.925 ] ] ], [ [ [ 92.673, 10.968 ], [ 92.683, 10.978 ], [ 92.679, 10.991 ], [ 92.665, 10.995 ], [ 92.661, 11.008 ], [ 92.648, 11.012 ], [ 92.638, 11.002 ], [ 92.642, 10.988 ], [ 92.655, 10.985 ], [ 92.659, 10.972 ], [ 92.673, 10.968 ] ] ], [ [ [ 92.746, 11.161 ], [ 92.732, 11.164 ], [ 92.722, 11.154 ], [ 92.708, 11.158 ], [ 92.698, 11.148 ], [ 92.702, 11.135 ], [ 92.716, 11.131 ], [ 92.726, 11.141 ], [ 92.74, 11.138 ], [ 92.749, 11.147 ], [ 92.746, 11.161 ] ] ] ] } },
{ "type": "Feature", "properties": { "POLYGON.ID": 996.0, "subregion": "India--Andaman and Nicobar Islands--Little Andaman Island Coast", "POLYGON": "India--Andaman and Nicobar Islands--Little Andaman Island Coast", "SHOW": "1", "FILTER": "Not-Assigned", "FILTER.ID": null, "OLD.POLYGON": null, "STATE": "Andaman and Nicobar Islands", "COUNTY": "Andaman and Nicobar Islands", "OWNER": null }, "geometry": { "type": "MultiPolygon", "coordinates": [ [ [ [ 92.384, 10.594 ], [ 92.375, 10.584 ], [ 92.378, 10.571 ], [ 92.368, 10.561 ], [ 92.372, 10.547 ], [ 92.362, 10.537 ], [ 92.366, 10.524 ], [ 92.38, 10.521 ], [ 92.383, 10.507 ], [ 92.397, 10.504 ], [ 92.407, 10.514 ], [ 92.421, 10.51 ], [ 92.431, 10.52 ], [ 92.444, 10.517 ], [ 92.454, 10.526 ], [ 92.468, 10.523 ], [ 92.472, 10.51 ], [ 92.485, 10.506 ], [ 92.489, 10.493 ], [ 92.503, 10.489 ], [ 92.512, 10.499 ], [ 92.526, 10.496 ], [ 92.536, 10.506 ], [ 92.532, 10.519 ], [ 92.542, 10.529 ], [ 92.556, 10.525 ], [ 92.566, 10.535 ], [ 92.562, 10.549 ], [ 92.572, 10.559 ], [ 92.568, 10.572 ], [ 92.578, 10.582 ], [ 92.574, 10.595 ], [ 92.561, 10.599 ], [ 92.557, 10.612 ], [ 92.567, 10.622 ], [ 92.563, 10.635 ], [ 92.573, 10.645 ], [ 92.587, 10.642 ], [ 92.596, 10.652 ], [ 92.593, 10.665 ], [ 92.603, 10.675 ], [ 92.616, 10.672 ], [ 92.626, 10.681 ], [ 92.622, 10.695 ], [ 92.609, 10.698 ], [ 92.605, 10.712 ], [ 92.615, 10.722 ], [ 92.611, 10.735 ], [ 92.598, 10.739 ], [ 92.594, 10.752 ], [ 92.604, 10.762 ], [ 92.6, 10.775 ], [ 92.61, 10.785 ], [ 92.606, 10.799 ], [ 92.592, 10.802 ], [ 92.589, 10.815 ], [ 92.575, 10.819 ], [ 92.571, 10.832 ], [ 92.581, 10.842 ], [ 92.577, 10.856 ], [ 92.564, 10.859 ], [ 92.56, 10.872 ], [ 92.57, 10.882 ], [ 92.566, 10.896 ], [ 92.552, 10.899 ], [ 92.549, 10.913 ], [ 92.535, 10.916 ], [ 92.525, 10.906 ], [ 92.511, 10.91 ], [ 92.502, 10.9 ], [ 92.488, 10.903 ], [ 92.478, 10.893 ], [ 92.464, 10.897 ], [ 92.454, 10.887 ], [ 92.458, 10.873 ], [ 92.448, 10.864 ], [ 92.435, 10.867 ], [ 92.425, 10.857 ], [ 92.428, 10.844 ], [ 92.419, 10.834 ], [ 92.422, 10.82 ], [ 92.412, 10.811 ], [ 92.399, 10.814 ], [ 92.389, 10.804 ], [ 92.375, 10.808 ], [ 92.365, 10.798 ], [ 92.369, 10.784 ], [ 92.359, 10.774 ], [ 92.363, 10.761 ], [ 92.353, 10.751 ], [ 92.357, 10.738 ], [ 92.37, 10.734 ], [ 92.374, 10.721 ], [ 92.364, 10.711 ], [ 92.368, 10.698 ], [ 92.358, 10.688 ], [ 92.362, 10.674 ], [ 92.376, 10.671 ], [ 92.379, 10.657 ], [ 92.393, 10.654 ], [ 92.397, 10.641 ], [ 92.387, 10.631 ], [ 92.391, 10.617 ], [ 92.404, 10.614 ], [ 92.408, 10.6 ], [ 92.398, 10.59 ], [ 92.384, 10.594 ] ], [ [ 92.433, 10.557 ], [ 92.419, 10.56 ], [ 92.416, 10.574 ], [ 92.425, 10.584 ], [ 92.422, 10.597 ], [ 92.432, 10.607 ], [ 92.428, 10.62 ], [ 92.438, 10.63 ], [ 92.434, 10.643 ], [ 92.42, 10.647 ], [ 92.417, 10.66 ], [ 92.403, 10.664 ], [ 92.399, 10.677 ], [ 92.385, 10.681 ], [ 92.382, 10.694 ], [ 92.392, 10.704 ], [ 92.388, 10.717 ], [ 92.398, 10.727 ], [ 92.394, 10.741 ], [ 92.404, 10.751 ], [ 92.4, 10.764 ], [ 92.41, 10.774 ], [ 92.424, 10.77 ], [ 92.434, 10.78 ], [ 92.43, 10.794 ], [ 92.44, 10.804 ], [ 92.436, 10.817 ], [ 92.446, 10.827 ], [ 92.46, 10.823 ], [ 92.469, 10.833 ], [ 92.466, 10.847 ], [ 92.476, 10.857 ], [ 92.489, 10.853 ], [ 92.499, 10.863 ], [ 92.513, 10.86 ], [ 92.523, 10.869 ], [ 92.536, 10.866 ], [ 92.54, 10.853 ], [ 92.554, 10.849 ], [ 92.558, 10.836 ], [ 92.548, 10.826 ], [ 92.551, 10.812 ], [ 92.541, 10.803 ], [ 92.545, 10.789 ], [ 92.559, 10.786 ], [ 92.563, 10.772 ], [ 92.576, 10.769 ], [ 92.58, 10.755 ], [ 92.57, 10.746 ], [ 92.574, 10.732 ], [ 92.564, 10.722 ], [ 92.568, 10.709 ], [ 92.581, 10.705 ], [ 92.585, 10.692 ], [ 92.575, 10.682 ], [ 92.562, 10.686 ], [ 92.552, 10.676 ], [ 92.555, 10.662 ], [ 92.546, 10.652 ], [ 92.549, 10.639 ], [ 92.539, 10.629 ], [ 92.526, 10.633 ], [ 92.516, 10.623 ], [ 92.52, 10.609 ], [ 92.533, 10.606 ], [ 92.537, 10.592 ], [ 92.527, 10.582 ], [ 92.531, 10.569 ], [ 92.521, 10.559 ], [ 92.525, 10.546 ], [ 92.515, 10.536 ], [ 92.501, 10.539 ], [ 92.491, 10.529 ], [ 92.478, 10.533 ], [ 92.474, 10.546 ], [ 92.46, 10.55 ], [ 92.457, 10.563 ], [ 92.443, 10.567 ], [ 92.433, 10.557 ] ] ] ] } },
{ "type": "Feature", "properties": { "POLYGON.ID": 997.0, "subregion": "India--Andaman and Nicobar Islands--Little Andaman Island Inland", "POLYGON": "India--Andaman and Nicobar Islands--Little Andaman Island Inland", "SHOW": "1", "FILTER": "Not-Assigned", "FILTER.ID": null, "OLD.POLYGON": null, "STATE": "Andaman and Nicobar Islands", "COUNTY": "Andaman and Nicobar Islands", "OWNER": null }, "geometry": { "type": "MultiPolygon", "coordinates": [ [ [ [ 92.554, 10.849 ], [ 92.54, 10.853 ], [ 92.536, 10.866 ], [ 92.523, 10.869 ], [ 92.513, 10.86 ], [ 92.499, 10.863 ], [ 92.489, 10.853 ], [ 92.476, 10.857 ], [ 92.466, 10.847 ], [ 92.469, 10.833 ], [ 92.46, 10.823 ], [ 92.446, 10.827 ], [ 92.436, 10.817 ], [ 92.44, 10.804 ], [ 92.43, 10.794 ], [ 92.434, 10.78 ], [ 92.424, 10.77 ], [ 92.41, 10.774 ], [ 92.4, 10.764 ], [ 92.404, 10.751 ], [ 92.394, 10.741 ], [ 92.398, 10.727 ], [ 92.388, 10.717 ], [ 92.392, 10.704 ], [ 92.382, 10.694 ], [ 92.385, 10.681 ], [ 92.399, 10.677 ], [ 92.403, 10.664 ], [ 92.417, 10.66 ], [ 92.42, 10.647 ], [ 92.434, 10.643 ], [ 92.438, 10.63 ], [ 92.428, 10.62 ], [ 92.432, 10.607 ], [ 92.422, 10.597 ], [ 92.425, 10.584 ], [ 92.416, 10.574 ], [ 92.419, 10.56 ], [ 92.433, 10.557 ], [ 92.443, 10.567 ], [ 92.457, 10.563 ], [ 92.46, 10.55 ], [ 92.474, 10.546 ], [ 92.478, 10.533 ], [ 92.491, 10.529 ], [ 92.501, 10.539 ], [ 92.515, 10.536 ], [ 92.525, 10.546 ], [ 92.521, 10.559 ], [ 92.531, 10.569 ], [ 92.527, 10.582 ], [ 92.537, 10.592 ], [ 92.533, 10.606 ], [ 92.52, 10.609 ], [ 92.516, 10.623 ], [ 92.526, 10.633 ], [ 92.539, 10.629 ], [ 92.549, 10.639 ], [ 92.546, 10.652 ], [ 92.555, 10.662 ], [ 92.552, 10.676 ], [ 92.562, 10.686 ], [ 92.575, 10.682 ], [ 92.585, 10.692 ], [ 92.581, 10.705 ], [ 92.568, 10.709 ], [ 92.564, 10.722 ], [ 92.574, 10.732 ], [ 92.57, 10.746 ], [ 92.58, 10.755 ], [ 92.576, 10.769 ], [ 92.563, 10.772 ], [ 92.559, 10.786 ], [ 92.545, 10.789 ], [ 92.541, 10.803 ], [ 92.551, 10.812 ], [ 92.548, 10.826 ], [ 92.558, 10.836 ], [ 92.554, 10.849 ] ] ] ] } },
{ "type": "Feature", "properties": { "POLYGON.ID": 998.0, "subregion": "India--Andaman and Nicobar Islands--Car Nicobar Island", "POLYGON": "India--Andaman and Nicobar Islands--Car Nicobar Island", "SHOW": "1", "FILTER": "Not-Assigned", "FILTER.ID": null, "OLD.POLYGON": null, "STATE": "Andaman and Nicobar Islands", "COUNTY": "Andaman and Nicobar Islands", "OWNER": null }, "geometry": { "type": "MultiPolygon", "coordinates": [ [ [ [ 92.793, 9.271 ], [ 92.779, 9.274 ], [ 92.769, 9.264 ], [ 92.755, 9.268 ], [ 92.746, 9.258 ], [ 92.749, 9.245 ], [ 92.739, 9.235 ], [ 92.726, 9.238 ], [ 92.716, 9.228 ], [ 92.702, 9.232 ], [ 92.692, 9.222 ], [ 92.696, 9.208 ], [ 92.71, 9.205 ], [ 92.714, 9.192 ], [ 92.704, 9.182 ], [ 92.707, 9.168 ], [ 92.698, 9.158 ], [ 92.701, 9.145 ], [ 92.691, 9.135 ], [ 92.695, 9.122 ], [ 92.709, 9.118 ], [ 92.712, 9.105 ], [ 92.726, 9.101 ], [ 92.736, 9.111 ], [ 92.75, 9.108 ], [ 92.759, 9.118 ], [ 92.773, 9.114 ], [ 92.777, 9.101 ], [ 92.79, 9.097 ], [ 92.8, 9.107 ], [ 92.814, 9.103 ], [ 92.824, 9.113 ], [ 92.837, 9.11 ], [ 92.847, 9.12 ], [ 92.843, 9.133 ], [ 92.853, 9.143 ], [ 92.85, 9.156 ], [ 92.859, 9.166 ], [ 92.856, 9.18 ], [ 92.842, 9.183 ], [ 92.838, 9.197 ], [ 92.848, 9.207 ], [ 92.845, 9.22 ], [ 92.831, 9.223 ], [ 92.827, 9.237 ], [ 92.814, 9.24 ], [ 92.81, 9.254 ], [ 92.796, 9.257 ], [ 92.793, 9.271 ] ] ] ] } },
{ "type": "Feature", "properties": { "POLYGON.ID": 999.0, "subregion": "India--Andaman and Nicobar Islands--Chowra Island", "POLYGON": "India--Andaman and Nicobar Islands--Chowra Island", "SHOW": "1", "FILTER": "Not-Assigned", "FILTER.ID": null, "OLD.POLYGON": null, "STATE": "Andaman and Nicobar Islands", "COUNTY": "Andaman and Nicobar Islands", "OWNER": null }, "geometry": { "type": "MultiPolygon", "coordinates": [ [ [ [ 93.014, 8.43 ], [ 93.027, 8.426 ], [ 93.037, 8.436 ], [ 93.051, 8.433 ], [ 93.054, 8.419 ], [ 93.068, 8.416 ], [ 93.078, 8.426 ], [ 93.074, 8.439 ], [ 93.084, 8.449 ], [ 93.08, 8.462 ], [ 93.067, 8.466 ], [ 93.063, 8.479 ], [ 93.049, 8.483 ], [ 93.039, 8.473 ], [ 93.026, 8.476 ], [ 93.016, 8.466 ], [ 93.02, 8.453 ], [ 93.01, 8.443 ], [ 93.014, 8.43 ] ] ] ] } },
{ "type": "Feature", "properties": { "POLYGON.ID": 1000.0, "subregion": "India--Andaman and Nicobar Islands--Battimalv Island", "POLYGON": "India--Andaman and Nicobar Islands--Battimalv Island", "SHOW": "1", "FILTER": "Not-Assigned", "FILTER.ID": null, "OLD.POLYGON": null, "STATE": "Andaman and Nicobar Islands", "COUNTY": "Andaman and Nicobar Islands", "OWNER": null }, "geometry": { "type": "MultiPolygon", "coordinates": [ [ [ [ 92.875, 8.839 ], [ 92.861, 8.842 ], [ 92.851, 8.833 ], [ 92.838, 8.836 ], [ 92.828, 8.826 ], [ 92.832, 8.813 ], [ 92.845, 8.809 ], [ 92.855, 8.819 ], [ 92.869, 8.816 ], [ 92.878, 8.826 ], [ 92.875, 8.839 ] ] ] ] } },
{ "type": "Feature", "properties": { "POLYGON.ID": 1001.0, "subregion": "India--Andaman and Nicobar Islands--Teressa Island", "POLYGON": "India--Andaman and Nicobar Islands--Teressa Island", "SHOW": "1", "FILTER": "Not-Assigned", "FILTER.ID": null, "OLD.POLYGON": null, "STATE": "Andaman and Nicobar Islands", "COUNTY": "Andaman and Nicobar Islands", "OWNER": null }, "geometry": { "type": "MultiPolygon", "coordinates": [ [ [ [ 93.176, 8.251 ], [ 93.163, 8.254 ], [ 93.159, 8.267 ], [ 93.146, 8.271 ], [ 93.142, 8.284 ], [ 93.152, 8.294 ], [ 93.148, 8.308 ], [ 93.158, 8.318 ], [ 93.154, 8.331 ], [ 93.164, 8.341 ], [ 93.16, 8.354 ], [ 93.147, 8.358 ], [ 93.143, 8.371 ], [ 93.13, 8.375 ], [ 93.12, 8.365 ], [ 93.106, 8.368 ], [ 93.096, 8.359 ], [ 93.083, 8.362 ], [ 93.073, 8.352 ], [ 93.077, 8.339 ], [ 93.067, 8.329 ], [ 93.07, 8.316 ], [ 93.061, 8.306 ], [ 93.064, 8.292 ], [ 93.054, 8.282 ], [ 93.058, 8.269 ], [ 93.072, 8.265 ], [ 93.075, 8.252 ], [ 93.089, 8.248 ], [ 93.093, 8.235 ], [ 93.083, 8.225 ], [ 93.087, 8.212 ], [ 93.1, 8.208 ], [ 93.11, 8.218 ], [ 93.123, 8.215 ], [ 93.127, 8.201 ], [ 93.141, 8.198 ], [ 93.144, 8.184 ], [ 93.158, 8.181 ], [ 93.168, 8.191 ], [ 93.181, 8.187 ], [ 93.185, 8.174 ], [ 93.199, 8.17 ], [ 93.209, 8.18 ], [ 93.222, 8.176 ], [ 93.232, 8.186 ], [ 93.228, 8.2 ], [ 93.215, 8.203 ], [ 93.211, 8.217 ], [ 93.221, 8.227 ], [ 93.217, 8.24 ], [ 93.204, 8.243 ], [ 93.194, 8.234 ], [ 93.18, 8.237 ], [ 93.176, 8.251 ] ] ] ] } },
{ "type": "Feature", "properties": { "POLYGON.ID": 1002.0, "subregion": "India--Andaman and Nicobar Islands--Bampoka Island", "POLYGON": "India--Andaman and Nicobar Islands--Bampoka Island", "SHOW": "1", "FILTER": "Not-Assigned", "FILTER.ID": null, "OLD.POLYGON": null, "STATE": "Andaman and Nicobar Islands", "COUNTY": "Andaman and Nicobar Islands", "OWNER": null }, "geometry": { "type": "MultiPolygon", "coordinates": [ [ [ [ 93.206, 8.28 ], [ 93.21, 8.267 ], [ 93.2, 8.257 ], [ 93.204, 8.243 ], [ 93.217, 8.24 ], [ 93.221, 8.227 ], [ 93.211, 8.217 ], [ 93.215, 8.203 ], [ 93.228, 8.2 ], [ 93.238, 8.21 ], [ 93.252, 8.206 ], [ 93.262, 8.216 ], [ 93.258, 8.229 ], [ 93.268, 8.239 ], [ 93.264, 8.253 ], [ 93.251, 8.256 ], [ 93.247, 8.27 ], [ 93.233, 8.273 ], [ 93.23, 8.286 ], [ 93.216, 8.29 ], [ 93.206, 8.28 ] ] ] ] } },
{ "type": "Feature", "properties": { "POLYGON.ID": 1003.0, "subregion": "India--Andaman and Nicobar Islands--Tillangchong Island", "POLYGON": "India--Andaman and Nicobar Islands--Tillangchong Island", "SHOW": "1", "FILTER": "Not-Assigned", "FILTER.ID": null, "OLD.POLYGON": null, "STATE": "Andaman and Nicobar Islands", "COUNTY": "Andaman and Nicobar Islands", "OWNER": null }, "geometry": { "type": "MultiPolygon", "coordinates": [ [ [ [ 93.663, 8.497 ], [ 93.659, 8.51 ], [ 93.646, 8.514 ], [ 93.642, 8.527 ], [ 93.628, 8.531 ], [ 93.625, 8.544 ], [ 93.634, 8.554 ], [ 93.631, 8.567 ], [ 93.641, 8.577 ], [ 93.637, 8.591 ], [ 93.623, 8.594 ], [ 93.614, 8.584 ], [ 93.6, 8.588 ], [ 93.59, 8.578 ], [ 93.594, 8.565 ], [ 93.584, 8.555 ], [ 93.588, 8.541 ], [ 93.601, 8.538 ], [ 93.605, 8.524 ], [ 93.595, 8.515 ], [ 93.599, 8.501 ], [ 93.589, 8.491 ], [ 93.592, 8.478 ], [ 93.606, 8.474 ], [ 93.61, 8.461 ], [ 93.6, 8.451 ], [ 93.604, 8.438 ], [ 93.594, 8.428 ], [ 93.597, 8.414 ], [ 93.611, 8.411 ], [ 93.615, 8.397 ], [ 93.628, 8.394 ], [ 93.632, 8.38 ], [ 93.645, 8.377 ], [ 93.655, 8.387 ], [ 93.669, 8.383 ], [ 93.679, 8.393 ], [ 93.675, 8.406 ], [ 93.662, 8.41 ], [ 93.652, 8.4 ], [ 93.638, 8.404 ], [ 93.634, 8.417 ], [ 93.644, 8.427 ], [ 93.641, 8.44 ], [ 93.65, 8.45 ], [ 93.647, 8.464 ], [ 93.657, 8.474 ], [ 93.653, 8.487 ], [ 93.663, 8.497 ] ] ] ] } },
{ "type": "Feature", "properties": { "POLYGON.ID": 1004.0, "subregion": "India--Andaman and Nicobar Islands--Kamorta Island", "POLYGON": "India--Andaman and Nicobar Islands--Kamorta Island", "SHOW": "1", "FILTER": "Not-Assigned", "FILTER.ID": null, "OLD.POLYGON": null, "STATE": "Andaman and Nicobar Islands", "COUNTY": "Andaman and Nicobar Islands", "OWNER": null }, "geometry": { "type": "MultiPolygon", "coordinates": [ [ [ [ 93.604, 7.977 ], [ 93.591, 7.98 ], [ 93.587, 7.994 ], [ 93.597, 8.004 ], [ 93.593, 8.017 ], [ 93.603, 8.027 ], [ 93.6, 8.04 ], [ 93.609, 8.05 ], [ 93.606, 8.064 ], [ 93.616, 8.074 ], [ 93.612, 8.087 ], [ 93.598, 8.09 ], [ 93.595, 8.104 ], [ 93.605, 8.114 ], [ 93.601, 8.127 ], [ 93.587, 8.131 ], [ 93.584, 8.144 ], [ 93.57, 8.148 ], [ 93.56, 8.138 ], [ 93.547, 8.141 ], [ 93.543, 8.155 ], [ 93.553, 8.165 ], [ 93.549, 8.178 ], [ 93.559, 8.188 ], [ 93.555, 8.201 ], [ 93.565, 8.211 ], [ 93.561, 8.225 ], [ 93.548, 8.228 ], [ 93.544, 8.242 ], [ 93.531, 8.245 ], [ 93.527, 8.259 ], [ 93.513, 8.262 ], [ 93.503, 8.252 ], [ 93.507, 8.239 ], [ 93.497, 8.229 ], [ 93.484, 8.233 ], [ 93.474, 8.223 ], [ 93.478, 8.209 ], [ 93.468, 8.199 ], [ 93.454, 8.203 ], [ 93.444, 8.193 ], [ 93.448, 8.18 ], [ 93.438, 8.17 ], [ 93.442, 8.156 ], [ 93.432, 8.147 ], [ 93.436, 8.133 ], [ 93.426, 8.123 ], [ 93.429, 8.11 ], [ 93.443, 8.106 ], [ 93.447, 8.093 ], [ 93.46, 8.089 ], [ 93.464, 8.076 ], [ 93.454, 8.066 ], [ 93.458, 8.053 ], [ 93.471, 8.049 ], [ 93.475, 8.036 ], [ 93.465, 8.026 ], [ 93.469, 8.012 ], [ 93.459, 8.003 ], [ 93.463, 7.989 ], [ 93.476, 7.986 ], [ 93.48, 7.972 ], [ 93.493, 7.969 ], [ 93.497, 7.955 ], [ 93.511, 7.952 ], [ 93.514, 7.938 ], [ 93.528, 7.935 ], [ 93.538, 7.945 ], [ 93.551, 7.941 ], [ 93.555, 7.928 ], [ 93.569, 7.924 ], [ 93.572, 7.911 ], [ 93.586, 7.907 ], [ 93.596, 7.917 ], [ 93.592, 7.93 ], [ 93.602, 7.94 ], [ 93.598, 7.954 ], [ 93.608, 7.963 ], [ 93.604, 7.977 ] ] ] ] } },
{ "type": "Feature", "properties": { "POLYGON.ID": 1005.0, "subregion": "India--Andaman and Nicobar Islands--Katchal Island", "POLYGON": "India--Andaman and Nicobar Islands--Katchal Island", "SHOW": "1", "FILTER": "Not-Assigned", "FILTER.ID": null, "OLD.POLYGON": null, "STATE": "Andaman and Nicobar Islands", "COUNTY": "Andaman and Nicobar Islands", "OWNER": null }, "geometry": { "type": "MultiPolygon", "coordinates": [ [ [ [ 93.323, 8.038 ], [ 93.313, 8.028 ], [ 93.317, 8.015 ], [ 93.307, 8.005 ], [ 93.311, 7.992 ], [ 93.301, 7.982 ], [ 93.305, 7.968 ], [ 93.295, 7.958 ], [ 93.299, 7.945 ], [ 93.289, 7.935 ], [ 93.293, 7.922 ], [ 93.306, 7.918 ], [ 93.31, 7.905 ], [ 93.323, 7.901 ], [ 93.327, 7.888 ], [ 93.341, 7.884 ], [ 93.344, 7.871 ], [ 93.358, 7.867 ], [ 93.368, 7.877 ], [ 93.381, 7.874 ], [ 93.391, 7.884 ], [ 93.405, 7.88 ], [ 93.415, 7.89 ], [ 93.428, 7.886 ], [ 93.432, 7.873 ], [ 93.445, 7.869 ], [ 93.449, 7.856 ], [ 93.463, 7.852 ], [ 93.472, 7.862 ], [ 93.469, 7.876 ], [ 93.479, 7.885 ], [ 93.475, 7.899 ], [ 93.485, 7.909 ], [ 93.481, 7.922 ], [ 93.468, 7.926 ], [ 93.464, 7.939 ], [ 93.474, 7.949 ], [ 93.47, 7.962 ], [ 93.456, 7.966 ], [ 93.453, 7.979 ], [ 93.439, 7.983 ], [ 93.436, 7.996 ], [ 93.422, 8.0 ], [ 93.418, 8.013 ], [ 93.405, 8.017 ], [ 93.401, 8.03 ], [ 93.387, 8.034 ], [ 93.378, 8.024 ], [ 93.364, 8.027 ], [ 93.354, 8.018 ], [ 93.341, 8.021 ], [ 93.337, 8.035 ], [ 93.323, 8.038 ] ] ] ] } },
{ "type": "Feature", "properties": { "POLYGON.ID": 1006.0, "subregion": "India--Andaman and Nicobar Islands--Little Nicobar Island", "POLYGON": "India--Andaman and Nicobar Islands--Little Nicobar Island", "SHOW": "1", "FILTER": "Not-Assigned", "FILTER.ID": null, "OLD.POLYGON": null, "STATE": "Andaman and Nicobar Islands", "COUNTY": "Andaman and Nicobar Islands", "OWNER": null }, "geometry": { "type": "MultiPolygon", "coordinates": [ [ [ [ 93.752, 7.304 ], [ 93.761, 7.314 ], [ 93.758, 7.327 ], [ 93.768, 7.337 ], [ 93.764, 7.35 ], [ 93.774, 7.36 ], [ 93.77, 7.374 ], [ 93.757, 7.377 ], [ 93.753, 7.391 ], [ 93.763, 7.4 ], [ 93.759, 7.414 ], [ 93.746, 7.417 ], [ 93.742, 7.431 ], [ 93.728, 7.434 ], [ 93.725, 7.448 ], [ 93.711, 7.451 ], [ 93.707, 7.465 ], [ 93.694, 7.468 ], [ 93.684, 7.458 ], [ 93.688, 7.445 ], [ 93.678, 7.435 ], [ 93.682, 7.422 ], [ 93.672, 7.412 ], [ 93.658, 7.415 ], [ 93.648, 7.406 ], [ 93.652, 7.392 ], [ 93.642, 7.382 ], [ 93.629, 7.386 ], [ 93.619, 7.376 ], [ 93.605, 7.38 ], [ 93.595, 7.37 ], [ 93.599, 7.356 ], [ 93.613, 7.353 ], [ 93.616, 7.339 ], [ 93.606, 7.33 ], [ 93.61, 7.316 ], [ 93.6, 7.306 ], [ 93.604, 7.293 ], [ 93.594, 7.283 ], [ 93.598, 7.27 ], [ 93.611, 7.266 ], [ 93.615, 7.253 ], [ 93.629, 7.249 ], [ 93.632, 7.236 ], [ 93.646, 7.232 ], [ 93.656, 7.242 ], [ 93.669, 7.239 ], [ 93.679, 7.248 ], [ 93.675, 7.262 ], [ 93.685, 7.272 ], [ 93.699, 7.268 ], [ 93.709, 7.278 ], [ 93.705, 7.291 ], [ 93.715, 7.301 ], [ 93.728, 7.298 ], [ 93.738, 7.307 ], [ 93.752, 7.304 ] ] ] ] } },
{ "type": "Feature", "properties": { "POLYGON.ID": 1007.0, "subregion": "India--Andaman and Nicobar Islands--Miroe and Treis Islands", "POLYGON": "India--Andaman and Nicobar Islands--Miroe and Treis Islands", "SHOW": "1", "FILTER": "Not-Assigned", "FILTER.ID": null, "OLD.POLYGON": null, "STATE": "Andaman and Nicobar Islands", "COUNTY": "Andaman and Nicobar Islands", "OWNER": null }, "geometry": { "type": "MultiPolygon", "coordinates": [ [ [ [ 93.647, 7.456 ], [ 93.661, 7.452 ], [ 93.671, 7.462 ], [ 93.667, 7.475 ], [ 93.653, 7.479 ], [ 93.65, 7.492 ], [ 93.636, 7.496 ], [ 93.626, 7.486 ], [ 93.613, 7.49 ], [ 93.603, 7.48 ], [ 93.607, 7.466 ], [ 93.62, 7.463 ], [ 93.63, 7.473 ], [ 93.643, 7.469 ], [ 93.647, 7.456 ] ] ], [ [ [ 93.522, 7.501 ], [ 93.531, 7.511 ], [ 93.545, 7.507 ], [ 93.555, 7.517 ], [ 93.551, 7.531 ], [ 93.538, 7.534 ], [ 93.534, 7.548 ], [ 93.52, 7.551 ], [ 93.511, 7.541 ], [ 93.514, 7.528 ], [ 93.504, 7.518 ], [ 93.508, 7.505 ], [ 93.522, 7.501 ] ] ] ] } },
{ "type": "Feature", "properties": { "POLYGON.ID": 1008.0, "subregion": "India--Andaman and Nicobar Islands--Great Nicobar Island Coast", "POLYGON": "India--Andaman and Nicobar Islands--Great Nicobar Island Coast", "SHOW": "1", "FILTER": "Not-Assigned", "FILTER.ID": null, "OLD.POLYGON": null, "STATE": "Andaman and Nicobar Islands", "COUNTY": "Andaman and Nicobar Islands", "OWNER": null }, "geometry": { "type": "MultiPolygon", "coordinates": [ [ [ [ 93.882, 7.195 ], [ 93.878, 7.208 ], [ 93.865, 7.212 ], [ 93.861, 7.225 ], [ 93.848, 7.229 ], [ 93.844, 7.242 ], [ 93.854, 7.252 ], [ 93.85, 7.265 ], [ 93.86, 7.275 ], [ 93.856, 7.289 ], [ 93.843, 7.292 ], [ 93.839, 7.306 ], [ 93.826, 7.309 ], [ 93.816, 7.299 ], [ 93.819, 7.286 ], [ 93.809, 7.276 ], [ 93.813, 7.263 ], [ 93.803, 7.253 ], [ 93.79, 7.257 ], [ 93.78, 7.247 ], [ 93.784, 7.233 ], [ 93.774, 7.223 ], [ 93.76, 7.227 ], [ 93.75, 7.217 ], [ 93.737, 7.221 ], [ 93.727, 7.211 ], [ 93.713, 7.214 ], [ 93.71, 7.228 ], [ 93.72, 7.238 ], [ 93.716, 7.251 ], [ 93.702, 7.255 ], [ 93.692, 7.245 ], [ 93.696, 7.231 ], [ 93.686, 7.222 ], [ 93.69, 7.208 ], [ 93.68, 7.198 ], [ 93.667, 7.202 ], [ 93.657, 7.192 ], [ 93.66, 7.179 ], [ 93.651, 7.169 ], [ 93.654, 7.155 ], [ 93.644, 7.146 ], [ 93.631, 7.149 ], [ 93.621, 7.139 ], [ 93.625, 7.126 ], [ 93.638, 7.122 ], [ 93.642, 7.109 ], [ 93.632, 7.099 ], [ 93.636, 7.086 ], [ 93.649, 7.082 ], [ 93.653, 7.069 ], [ 93.643, 7.059 ], [ 93.647, 7.046 ], [ 93.637, 7.036 ], [ 93.641, 7.022 ], [ 93.631, 7.013 ], [ 93.634, 6.999 ], [ 93.648, 6.996 ], [ 93.652, 6.982 ], [ 93.665, 6.979 ], [ 93.675, 6.988 ], [ 93.689, 6.985 ], [ 93.692, 6.971 ], [ 93.706, 6.968 ], [ 93.709, 6.955 ], [ 93.723, 6.951 ], [ 93.727, 6.938 ], [ 93.717, 6.928 ], [ 93.72, 6.914 ], [ 93.734, 6.911 ], [ 93.738, 6.897 ], [ 93.751, 6.894 ], [ 93.755, 6.88 ], [ 93.745, 6.871 ], [ 93.749, 6.857 ], [ 93.762, 6.854 ], [ 93.766, 6.84 ], [ 93.756, 6.83 ], [ 93.76, 6.817 ], [ 93.773, 6.813 ], [ 93.777, 6.8 ], [ 93.79, 6.796 ], [ 93.794, 6.783 ], [ 93.784, 6.773 ], [ 93.788, 6.76 ], [ 93.801, 6.756 ], [ 93.805, 6.743 ], [ 93.819, 6.739 ], [ 93.828, 6.749 ], [ 93.842, 6.746 ], [ 93.852, 6.755 ], [ 93.848, 6.769 ], [ 93.858, 6.779 ], [ 93.871, 6.775 ], [ 93.881, 6.785 ], [ 93.895, 6.781 ], [ 93.905, 6.791 ], [ 93.901, 6.805 ], [ 93.911, 6.814 ], [ 93.924, 6.811 ], [ 93.934, 6.821 ], [ 93.931, 6.834 ], [ 93.917, 6.838 ], [ 93.913, 6.851 ], [ 93.9, 6.855 ], [ 93.896, 6.868 ], [ 93.906, 6.878 ], [ 93.902, 6.891 ], [ 93.912, 6.901 ], [ 93.926, 6.897 ], [ 93.936, 6.907 ], [ 93.932, 6.921 ], [ 93.942, 6.93 ], [ 93.938, 6.944 ], [ 93.948, 6.954 ], [ 93.944, 6.967 ], [ 93.954, 6.977 ], [ 93.951, 6.99 ], [ 93.96, 7.0 ], [ 93.957, 7.014 ], [ 93.943, 7.017 ], [ 93.94, 7.031 ], [ 93.926, 7.034 ], [ 93.922, 7.047 ], [ 93.932, 7.057 ], [ 93.929, 7.071 ], [ 93.915, 7.074 ], [ 93.911, 7.088 ], [ 93.898, 7.091 ], [ 93.894, 7.105 ], [ 93.904, 7.114 ], [ 93.9, 7.128 ], [ 93.91, 7.138 ], [ 93.907, 7.151 ], [ 93.893, 7.155 ], [ 93.889, 7.168 ], [ 93.899, 7.178 ], [ 93.895, 7.191 ], [ 93.882, 7.195 ] ], [ [ 93.739, 6.984 ], [ 93.735, 6.997 ], [ 93.722, 7.001 ], [ 93.718, 7.014 ], [ 93.705, 7.018 ], [ 93.701, 7.031 ], [ 93.687, 7.035 ], [ 93.684, 7.048 ], [ 93.694, 7.058 ], [ 93.69, 7.072 ], [ 93.7, 7.081 ], [ 93.696, 7.095 ], [ 93.706, 7.105 ], [ 93.702, 7.118 ], [ 93.712, 7.128 ], [ 93.708, 7.141 ], [ 93.718, 7.151 ], [ 93.715, 7.164 ], [ 93.724, 7.174 ], [ 93.738, 7.171 ], [ 93.748, 7.181 ], [ 93.761, 7.177 ], [ 93.771, 7.187 ], [ 93.785, 7.183 ], [ 93.795, 7.193 ], [ 93.808, 7.19 ], [ 93.818, 7.199 ], [ 93.832, 7.196 ], [ 93.841, 7.206 ], [ 93.855, 7.202 ], [ 93.859, 7.189 ], [ 93.872, 7.185 ], [ 93.876, 7.172 ], [ 93.866, 7.162 ], [ 93.87, 7.148 ], [ 93.86, 7.139 ], [ 93.863, 7.125 ], [ 93.877, 7.122 ], [ 93.881, 7.108 ], [ 93.871, 7.098 ], [ 93.874, 7.085 ], [ 93.865, 7.075 ], [ 93.868, 7.062 ], [ 93.882, 7.058 ], [ 93.885, 7.045 ], [ 93.899, 7.041 ], [ 93.903, 7.028 ], [ 93.893, 7.018 ], [ 93.896, 7.005 ], [ 93.887, 6.995 ], [ 93.89, 6.981 ], [ 93.904, 6.978 ], [ 93.907, 6.964 ], [ 93.898, 6.955 ], [ 93.901, 6.941 ], [ 93.891, 6.931 ], [ 93.895, 6.918 ], [ 93.885, 6.908 ], [ 93.889, 6.895 ], [ 93.879, 6.885 ], [ 93.883, 6.872 ], [ 93.873, 6.862 ], [ 93.859, 6.865 ], [ 93.856, 6.879 ], [ 93.842, 6.882 ], [ 93.832, 6.872 ], [ 93.836, 6.859 ], [ 93.826, 6.849 ], [ 93.813, 6.853 ], [ 93.809, 6.866 ], [ 93.795, 6.87 ], [ 93.792, 6.883 ], [ 93.802, 6.893 ], [ 93.798, 6.906 ], [ 93.784, 6.91 ], [ 93.781, 6.923 ], [ 93.767, 6.927 ], [ 93.764, 6.94 ], [ 93.773, 6.95 ], [ 93.77, 6.963 ], [ 93.756, 6.967 ], [ 93.752, 6.98 ], [ 93.739, 6.984 ] ] ] ] } }
]
}
