{
"type": "FeatureCollection",
"name": "Andhra_Pradesh",
"crs": { "type": "name", "properties": { "name": "urn:ogc:def:crs:OGC:1.3:CRS84" } },
"features": [
{ "type": "Feature", "properties": { "POLYGON.ID": 281.0, "subregion": "India--Andhra Pradesh--Central_CL33628", "FILTER": "Andhra Pradesh", "POLYGON": "India--Andhra Pradesh--Central_CL33628", "STATE": "Andhra Pradesh", "COUNTY": "spl_region", "OWNER": null }, "geometry": { "type": "MultiPolygon", "coordinates": [ [ [ [ 80.573, 16.821 ], [ 80.586, 16.819 ], [ 80.59, 16.806 ], [ 80.603, 16.804 ], [ 80.607, 16.791 ], [ 80.598, 16.781 ], [ 80.585, 16.784 ], [ 80.576, 16.774 ], [ 80.563, 16.776 ], [ 80.553, 16.766 ], [ 80.54, 16.769 ], [ 80.536, 16.781 ], [ 80.523, 16.783 ], [ 80.514, 16.773 ], [ 80.501, 16.776 ], [ 80.497, 16.788 ], [ 80.484, 16.791 ], [ 80.48, 16.803 ], [ 80.467, 16.806 ], [ 80.463, 16.818 ], [ 80.45, 16.821 ], [ 80.445, 16.833 ], [ 80.432, 16.836 ], [ 80.428, 16.848 ], [ 80.415, 16.851 ], [ 80.406, 16.841 ], [ 80.41, 16.828 ], [ 80.401, 16.818 ], [ 80.388, 16.821 ], [ 80.384, 16.833 ], [ 80.371, 16.835 ], [ 80.367, 16.848 ], [ 80.354, 16.85 ], [ 80.35, 16.863 ], [ 80.337, 16.865 ], [ 80.333, 16.878 ], [ 80.319, 16.88 ], [ 80.315, 16.893 ], [ 80.324, 16.903 ], [ 80.32, 16.915 ], [ 80.307, 16.918 ], [ 80.303, 16.93 ], [ 80.312, 16.94 ], [ 80.308, 16.953 ], [ 80.317, 16.963 ], [ 80.313, 16.975 ], [ 80.3, 16.978 ], [ 80.296, 16.99 ], [ 80.283, 16.993 ], [ 80.279, 17.005 ], [ 80.266, 17.008 ], [ 80.257, 16.998 ], [ 80.244, 17.0 ], [ 80.24, 17.012 ], [ 80.226, 17.015 ], [ 80.217, 17.005 ], [ 80.204, 17.007 ], [ 80.2, 17.02 ], [ 80.187, 17.022 ], [ 80.178, 17.012 ], [ 80.165, 17.014 ], [ 80.156, 17.004 ], [ 80.143, 17.007 ], [ 80.134, 16.997 ], [ 80.121, 16.999 ], [ 80.112, 16.989 ], [ 80.099, 16.992 ], [ 80.09, 16.981 ], [ 80.094, 16.969 ], [ 80.085, 16.959 ], [ 80.072, 16.961 ], [ 80.068, 16.974 ], [ 80.055, 16.976 ], [ 80.046, 16.966 ], [ 80.05, 16.954 ], [ 80.041, 16.944 ], [ 80.045, 16.931 ], [ 80.036, 16.921 ], [ 80.023, 16.924 ], [ 80.014, 16.914 ], [ 80.018, 16.901 ], [ 80.009, 16.891 ], [ 80.013, 16.879 ], [ 80.004, 16.869 ], [ 80.008, 16.856 ], [ 80.021, 16.854 ], [ 80.03, 16.864 ], [ 80.043, 16.861 ], [ 80.047, 16.849 ], [ 80.038, 16.839 ], [ 80.042, 16.826 ], [ 80.055, 16.824 ], [ 80.059, 16.811 ], [ 80.072, 16.809 ], [ 80.076, 16.796 ], [ 80.067, 16.786 ], [ 80.071, 16.774 ], [ 80.062, 16.764 ], [ 80.066, 16.751 ], [ 80.057, 16.741 ], [ 80.044, 16.744 ], [ 80.035, 16.734 ], [ 80.039, 16.721 ], [ 80.03, 16.711 ], [ 80.017, 16.714 ], [ 80.008, 16.704 ], [ 79.995, 16.706 ], [ 79.986, 16.696 ], [ 79.99, 16.684 ], [ 79.981, 16.673 ], [ 79.985, 16.661 ], [ 79.976, 16.651 ], [ 79.963, 16.653 ], [ 79.954, 16.643 ], [ 79.941, 16.646 ], [ 79.932, 16.636 ], [ 79.919, 16.638 ], [ 79.91, 16.628 ], [ 79.897, 16.631 ], [ 79.893, 16.643 ], [ 79.902, 16.653 ], [ 79.898, 16.665 ], [ 79.885, 16.668 ], [ 79.881, 16.68 ], [ 79.89, 16.69 ], [ 79.886, 16.703 ], [ 79.873, 16.705 ], [ 79.864, 16.695 ], [ 79.851, 16.698 ], [ 79.842, 16.688 ], [ 79.829, 16.69 ], [ 79.825, 16.703 ], [ 79.812, 16.705 ], [ 79.808, 16.717 ], [ 79.795, 16.72 ], [ 79.791, 16.732 ], [ 79.778, 16.735 ], [ 79.769, 16.725 ], [ 79.756, 16.727 ], [ 79.747, 16.717 ], [ 79.734, 16.719 ], [ 79.725, 16.709 ], [ 79.729, 16.697 ], [ 79.72, 16.687 ], [ 79.707, 16.689 ], [ 79.703, 16.702 ], [ 79.69, 16.704 ], [ 79.681, 16.694 ], [ 79.668, 16.696 ], [ 79.659, 16.686 ], [ 79.663, 16.674 ], [ 79.654, 16.664 ], [ 79.641, 16.666 ], [ 79.632, 16.656 ], [ 79.619, 16.659 ], [ 79.615, 16.671 ], [ 79.602, 16.674 ], [ 79.593, 16.663 ], [ 79.58, 16.666 ], [ 79.571, 16.656 ], [ 79.575, 16.643 ], [ 79.566, 16.633 ], [ 79.553, 16.636 ], [ 79.544, 16.626 ], [ 79.531, 16.628 ], [ 79.527, 16.641 ], [ 79.514, 16.643 ], [ 79.505, 16.633 ], [ 79.492, 16.635 ], [ 79.483, 16.625 ], [ 79.47, 16.628 ], [ 79.461, 16.618 ], [ 79.448, 16.62 ], [ 79.439, 16.61 ], [ 79.443, 16.597 ], [ 79.434, 16.587 ], [ 79.421, 16.59 ], [ 79.413, 16.58 ], [ 79.4, 16.582 ], [ 79.391, 16.572 ], [ 79.378, 16.575 ], [ 79.374, 16.587 ], [ 79.361, 16.589 ], [ 79.352, 16.579 ], [ 79.339, 16.582 ], [ 79.33, 16.572 ], [ 79.317, 16.574 ], [ 79.308, 16.564 ], [ 79.295, 16.566 ], [ 79.286, 16.556 ], [ 79.273, 16.559 ], [ 79.269, 16.571 ], [ 79.256, 16.574 ], [ 79.247, 16.563 ], [ 79.251, 16.551 ], [ 79.242, 16.541 ], [ 79.246, 16.529 ], [ 79.237, 16.519 ], [ 79.225, 16.521 ], [ 79.216, 16.511 ], [ 79.22, 16.498 ], [ 79.211, 16.488 ], [ 79.215, 16.476 ], [ 79.228, 16.474 ], [ 79.232, 16.461 ], [ 79.223, 16.451 ], [ 79.21, 16.454 ], [ 79.201, 16.443 ], [ 79.205, 16.431 ], [ 79.218, 16.429 ], [ 79.222, 16.416 ], [ 79.213, 16.406 ], [ 79.217, 16.394 ], [ 79.208, 16.384 ], [ 79.212, 16.371 ], [ 79.204, 16.361 ], [ 79.208, 16.349 ], [ 79.221, 16.346 ], [ 79.225, 16.334 ], [ 79.238, 16.332 ], [ 79.242, 16.319 ], [ 79.233, 16.309 ], [ 79.237, 16.297 ], [ 79.228, 16.287 ], [ 79.232, 16.274 ], [ 79.223, 16.264 ], [ 79.227, 16.252 ], [ 79.218, 16.242 ], [ 79.222, 16.229 ], [ 79.213, 16.219 ], [ 79.2, 16.222 ], [ 79.192, 16.212 ], [ 79.179, 16.214 ], [ 79.17, 16.204 ], [ 79.157, 16.206 ], [ 79.153, 16.219 ], [ 79.14, 16.221 ], [ 79.131, 16.211 ], [ 79.118, 16.213 ], [ 79.114, 16.226 ], [ 79.101, 16.228 ], [ 79.092, 16.218 ], [ 79.079, 16.221 ], [ 79.075, 16.233 ], [ 79.062, 16.235 ], [ 79.053, 16.225 ], [ 79.04, 16.228 ], [ 79.036, 16.24 ], [ 79.024, 16.243 ], [ 79.015, 16.233 ], [ 79.002, 16.235 ], [ 78.993, 16.225 ], [ 78.997, 16.213 ], [ 78.988, 16.203 ], [ 78.975, 16.205 ], [ 78.966, 16.195 ], [ 78.953, 16.197 ], [ 78.945, 16.187 ], [ 78.932, 16.19 ], [ 78.923, 16.18 ], [ 78.91, 16.182 ], [ 78.901, 16.172 ], [ 78.905, 16.159 ], [ 78.918, 16.157 ], [ 78.922, 16.145 ], [ 78.913, 16.135 ], [ 78.917, 16.122 ], [ 78.93, 16.12 ], [ 78.934, 16.107 ], [ 78.925, 16.097 ], [ 78.929, 16.085 ], [ 78.921, 16.075 ], [ 78.925, 16.062 ], [ 78.916, 16.052 ], [ 78.92, 16.04 ], [ 78.911, 16.03 ], [ 78.915, 16.018 ], [ 78.906, 16.007 ], [ 78.91, 15.995 ], [ 78.901, 15.985 ], [ 78.905, 15.973 ], [ 78.897, 15.963 ], [ 78.901, 15.95 ], [ 78.892, 15.94 ], [ 78.879, 15.942 ], [ 78.87, 15.932 ], [ 78.857, 15.935 ], [ 78.848, 15.925 ], [ 78.852, 15.912 ], [ 78.843, 15.902 ], [ 78.831, 15.905 ], [ 78.822, 15.895 ], [ 78.826, 15.882 ], [ 78.817, 15.872 ], [ 78.821, 15.86 ], [ 78.812, 15.85 ], [ 78.816, 15.837 ], [ 78.807, 15.827 ], [ 78.811, 15.815 ], [ 78.803, 15.805 ], [ 78.807, 15.792 ], [ 78.798, 15.782 ], [ 78.802, 15.77 ], [ 78.793, 15.76 ], [ 78.797, 15.747 ], [ 78.788, 15.737 ], [ 78.792, 15.725 ], [ 78.784, 15.715 ], [ 78.788, 15.702 ], [ 78.779, 15.692 ], [ 78.783, 15.68 ], [ 78.774, 15.67 ], [ 78.778, 15.658 ], [ 78.769, 15.648 ], [ 78.773, 15.635 ], [ 78.764, 15.625 ], [ 78.768, 15.613 ], [ 78.76, 15.603 ], [ 78.764, 15.59 ], [ 78.777, 15.588 ], [ 78.781, 15.575 ], [ 78.772, 15.565 ], [ 78.776, 15.553 ], [ 78.767, 15.543 ], [ 78.771, 15.53 ], [ 78.762, 15.52 ], [ 78.766, 15.508 ], [ 78.779, 15.505 ], [ 78.783, 15.493 ], [ 78.774, 15.483 ], [ 78.778, 15.47 ], [ 78.77, 15.46 ], [ 78.774, 15.448 ], [ 78.765, 15.438 ], [ 78.769, 15.425 ], [ 78.76, 15.415 ], [ 78.764, 15.403 ], [ 78.755, 15.393 ], [ 78.759, 15.38 ], [ 78.75, 15.37 ], [ 78.754, 15.358 ], [ 78.746, 15.348 ], [ 78.75, 15.336 ], [ 78.741, 15.325 ], [ 78.745, 15.313 ], [ 78.736, 15.303 ], [ 78.74, 15.291 ], [ 78.731, 15.281 ], [ 78.735, 15.268 ], [ 78.727, 15.258 ], [ 78.731, 15.246 ], [ 78.743, 15.243 ], [ 78.748, 15.231 ], [ 78.739, 15.221 ], [ 78.743, 15.208 ], [ 78.734, 15.198 ], [ 78.738, 15.186 ], [ 78.751, 15.183 ], [ 78.76, 15.193 ], [ 78.772, 15.191 ], [ 78.781, 15.201 ], [ 78.794, 15.198 ], [ 78.803, 15.208 ], [ 78.816, 15.206 ], [ 78.82, 15.193 ], [ 78.833, 15.191 ], [ 78.841, 15.201 ], [ 78.854, 15.199 ], [ 78.863, 15.209 ], [ 78.876, 15.206 ], [ 78.88, 15.194 ], [ 78.893, 15.191 ], [ 78.902, 15.201 ], [ 78.915, 15.199 ], [ 78.923, 15.209 ], [ 78.919, 15.221 ], [ 78.928, 15.231 ], [ 78.941, 15.229 ], [ 78.945, 15.216 ], [ 78.958, 15.214 ], [ 78.962, 15.201 ], [ 78.953, 15.191 ], [ 78.957, 15.179 ], [ 78.97, 15.176 ], [ 78.974, 15.164 ], [ 78.987, 15.161 ], [ 78.996, 15.172 ], [ 79.009, 15.169 ], [ 79.017, 15.179 ], [ 79.03, 15.177 ], [ 79.039, 15.187 ], [ 79.052, 15.184 ], [ 79.056, 15.172 ], [ 79.069, 15.169 ], [ 79.073, 15.157 ], [ 79.064, 15.147 ], [ 79.068, 15.134 ], [ 79.081, 15.132 ], [ 79.085, 15.119 ], [ 79.076, 15.109 ], [ 79.08, 15.097 ], [ 79.071, 15.087 ], [ 79.075, 15.074 ], [ 79.088, 15.072 ], [ 79.097, 15.082 ], [ 79.11, 15.079 ], [ 79.119, 15.089 ], [ 79.132, 15.087 ], [ 79.141, 15.097 ], [ 79.154, 15.094 ], [ 79.158, 15.082 ], [ 79.17, 15.079 ], [ 79.179, 15.089 ], [ 79.192, 15.087 ], [ 79.201, 15.097 ], [ 79.214, 15.094 ], [ 79.223, 15.104 ], [ 79.236, 15.102 ], [ 79.245, 15.112 ], [ 79.257, 15.109 ], [ 79.261, 15.097 ], [ 79.274, 15.094 ], [ 79.283, 15.104 ], [ 79.296, 15.102 ], [ 79.3, 15.089 ], [ 79.313, 15.087 ], [ 79.322, 15.097 ], [ 79.318, 15.11 ], [ 79.327, 15.12 ], [ 79.34, 15.117 ], [ 79.344, 15.105 ], [ 79.357, 15.102 ], [ 79.361, 15.09 ], [ 79.374, 15.087 ], [ 79.378, 15.074 ], [ 79.391, 15.072 ], [ 79.399, 15.082 ], [ 79.412, 15.08 ], [ 79.416, 15.067 ], [ 79.429, 15.064 ], [ 79.433, 15.052 ], [ 79.446, 15.049 ], [ 79.455, 15.059 ], [ 79.468, 15.057 ], [ 79.477, 15.067 ], [ 79.49, 15.064 ], [ 79.494, 15.052 ], [ 79.507, 15.049 ], [ 79.511, 15.037 ], [ 79.524, 15.034 ], [ 79.533, 15.044 ], [ 79.546, 15.042 ], [ 79.55, 15.029 ], [ 79.563, 15.027 ], [ 79.571, 15.037 ], [ 79.584, 15.034 ], [ 79.593, 15.044 ], [ 79.606, 15.042 ], [ 79.61, 15.029 ], [ 79.623, 15.027 ], [ 79.632, 15.037 ], [ 79.645, 15.034 ], [ 79.654, 15.044 ], [ 79.667, 15.042 ], [ 79.671, 15.029 ], [ 79.684, 15.027 ], [ 79.693, 15.037 ], [ 79.706, 15.034 ], [ 79.715, 15.044 ], [ 79.728, 15.042 ], [ 79.736, 15.052 ], [ 79.732, 15.064 ], [ 79.719, 15.067 ], [ 79.715, 15.079 ], [ 79.724, 15.089 ], [ 79.72, 15.102 ], [ 79.729, 15.112 ], [ 79.725, 15.125 ], [ 79.712, 15.127 ], [ 79.708, 15.14 ], [ 79.717, 15.15 ], [ 79.713, 15.162 ], [ 79.722, 15.172 ], [ 79.718, 15.185 ], [ 79.705, 15.187 ], [ 79.701, 15.2 ], [ 79.71, 15.21 ], [ 79.706, 15.222 ], [ 79.715, 15.233 ], [ 79.711, 15.245 ], [ 79.698, 15.248 ], [ 79.694, 15.26 ], [ 79.703, 15.27 ], [ 79.699, 15.283 ], [ 79.708, 15.293 ], [ 79.704, 15.305 ], [ 79.712, 15.315 ], [ 79.708, 15.328 ], [ 79.717, 15.338 ], [ 79.713, 15.35 ], [ 79.722, 15.36 ], [ 79.718, 15.373 ], [ 79.727, 15.383 ], [ 79.723, 15.396 ], [ 79.732, 15.406 ], [ 79.728, 15.418 ], [ 79.737, 15.428 ], [ 79.733, 15.441 ], [ 79.742, 15.451 ], [ 79.738, 15.463 ], [ 79.747, 15.473 ], [ 79.743, 15.486 ], [ 79.752, 15.496 ], [ 79.748, 15.508 ], [ 79.756, 15.518 ], [ 79.752, 15.531 ], [ 79.761, 15.541 ], [ 79.774, 15.539 ], [ 79.783, 15.549 ], [ 79.779, 15.561 ], [ 79.788, 15.571 ], [ 79.801, 15.569 ], [ 79.81, 15.579 ], [ 79.806, 15.591 ], [ 79.815, 15.601 ], [ 79.811, 15.614 ], [ 79.82, 15.624 ], [ 79.833, 15.621 ], [ 79.842, 15.631 ], [ 79.838, 15.644 ], [ 79.847, 15.654 ], [ 79.86, 15.651 ], [ 79.869, 15.662 ], [ 79.865, 15.674 ], [ 79.874, 15.684 ], [ 79.887, 15.682 ], [ 79.896, 15.692 ], [ 79.892, 15.704 ], [ 79.9, 15.714 ], [ 79.896, 15.727 ], [ 79.905, 15.737 ], [ 79.918, 15.734 ], [ 79.927, 15.744 ], [ 79.923, 15.757 ], [ 79.932, 15.767 ], [ 79.945, 15.764 ], [ 79.954, 15.774 ], [ 79.95, 15.787 ], [ 79.959, 15.797 ], [ 79.955, 15.81 ], [ 79.964, 15.82 ], [ 79.977, 15.817 ], [ 79.986, 15.827 ], [ 79.982, 15.84 ], [ 79.991, 15.85 ], [ 79.987, 15.862 ], [ 79.996, 15.872 ], [ 80.009, 15.87 ], [ 80.018, 15.88 ], [ 80.014, 15.892 ], [ 80.023, 15.902 ], [ 80.036, 15.9 ], [ 80.045, 15.91 ], [ 80.041, 15.923 ], [ 80.05, 15.933 ], [ 80.046, 15.945 ], [ 80.055, 15.955 ], [ 80.068, 15.953 ], [ 80.077, 15.963 ], [ 80.073, 15.975 ], [ 80.082, 15.985 ], [ 80.078, 15.998 ], [ 80.087, 16.008 ], [ 80.083, 16.02 ], [ 80.092, 16.03 ], [ 80.105, 16.028 ], [ 80.114, 16.038 ], [ 80.11, 16.051 ], [ 80.119, 16.061 ], [ 80.114, 16.073 ], [ 80.123, 16.083 ], [ 80.119, 16.096 ], [ 80.128, 16.106 ], [ 80.124, 16.118 ], [ 80.133, 16.128 ], [ 80.146, 16.126 ], [ 80.155, 16.136 ], [ 80.151, 16.148 ], [ 80.16, 16.158 ], [ 80.156, 16.171 ], [ 80.165, 16.181 ], [ 80.178, 16.179 ], [ 80.187, 16.189 ], [ 80.2, 16.186 ], [ 80.209, 16.196 ], [ 80.205, 16.209 ], [ 80.214, 16.219 ], [ 80.227, 16.216 ], [ 80.236, 16.226 ], [ 80.25, 16.224 ], [ 80.259, 16.234 ], [ 80.272, 16.231 ], [ 80.281, 16.241 ], [ 80.294, 16.239 ], [ 80.303, 16.249 ], [ 80.316, 16.247 ], [ 80.325, 16.257 ], [ 80.321, 16.269 ], [ 80.33, 16.279 ], [ 80.343, 16.277 ], [ 80.352, 16.287 ], [ 80.365, 16.284 ], [ 80.374, 16.294 ], [ 80.387, 16.292 ], [ 80.396, 16.302 ], [ 80.409, 16.299 ], [ 80.418, 16.309 ], [ 80.414, 16.322 ], [ 80.423, 16.332 ], [ 80.436, 16.33 ], [ 80.445, 16.34 ], [ 80.458, 16.337 ], [ 80.467, 16.347 ], [ 80.481, 16.345 ], [ 80.49, 16.355 ], [ 80.503, 16.352 ], [ 80.512, 16.362 ], [ 80.508, 16.375 ], [ 80.517, 16.385 ], [ 80.53, 16.382 ], [ 80.539, 16.392 ], [ 80.535, 16.405 ], [ 80.544, 16.415 ], [ 80.557, 16.413 ], [ 80.566, 16.423 ], [ 80.562, 16.435 ], [ 80.571, 16.445 ], [ 80.584, 16.443 ], [ 80.593, 16.453 ], [ 80.589, 16.465 ], [ 80.598, 16.475 ], [ 80.611, 16.473 ], [ 80.62, 16.483 ], [ 80.616, 16.495 ], [ 80.625, 16.505 ], [ 80.639, 16.503 ], [ 80.648, 16.513 ], [ 80.644, 16.526 ], [ 80.653, 16.536 ], [ 80.666, 16.533 ], [ 80.675, 16.543 ], [ 80.688, 16.541 ], [ 80.697, 16.551 ], [ 80.693, 16.563 ], [ 80.702, 16.573 ], [ 80.715, 16.571 ], [ 80.724, 16.581 ], [ 80.72, 16.593 ], [ 80.729, 16.603 ], [ 80.742, 16.601 ], [ 80.752, 16.611 ], [ 80.765, 16.609 ], [ 80.774, 16.619 ], [ 80.787, 16.616 ], [ 80.796, 16.626 ], [ 80.809, 16.624 ], [ 80.818, 16.634 ], [ 80.814, 16.646 ], [ 80.823, 16.656 ], [ 80.836, 16.654 ], [ 80.845, 16.664 ], [ 80.859, 16.661 ], [ 80.868, 16.671 ], [ 80.881, 16.669 ], [ 80.89, 16.679 ], [ 80.903, 16.677 ], [ 80.912, 16.687 ], [ 80.925, 16.684 ], [ 80.935, 16.694 ], [ 80.948, 16.692 ], [ 80.957, 16.702 ], [ 80.97, 16.699 ], [ 80.979, 16.709 ], [ 80.975, 16.722 ], [ 80.984, 16.732 ], [ 80.997, 16.729 ], [ 81.006, 16.739 ], [ 81.02, 16.737 ], [ 81.029, 16.747 ], [ 81.042, 16.744 ], [ 81.051, 16.754 ], [ 81.064, 16.752 ], [ 81.073, 16.762 ], [ 81.086, 16.76 ], [ 81.096, 16.77 ], [ 81.109, 16.767 ], [ 81.118, 16.777 ], [ 81.131, 16.775 ], [ 81.14, 16.785 ], [ 81.153, 16.782 ], [ 81.163, 16.792 ], [ 81.176, 16.79 ], [ 81.185, 16.8 ], [ 81.198, 16.797 ], [ 81.207, 16.807 ], [ 81.22, 16.805 ], [ 81.23, 16.815 ], [ 81.225, 16.827 ], [ 81.235, 16.837 ], [ 81.248, 16.835 ], [ 81.257, 16.845 ], [ 81.27, 16.843 ], [ 81.279, 16.853 ], [ 81.293, 16.85 ], [ 81.302, 16.86 ], [ 81.315, 16.858 ], [ 81.324, 16.868 ], [ 81.337, 16.865 ], [ 81.346, 16.875 ], [ 81.36, 16.873 ], [ 81.369, 16.883 ], [ 81.382, 16.88 ], [ 81.391, 16.89 ], [ 81.404, 16.888 ], [ 81.414, 16.898 ], [ 81.427, 16.895 ], [ 81.436, 16.905 ], [ 81.449, 16.903 ], [ 81.458, 16.913 ], [ 81.472, 16.91 ], [ 81.481, 16.92 ], [ 81.494, 16.918 ], [ 81.503, 16.928 ], [ 81.516, 16.925 ], [ 81.526, 16.935 ], [ 81.521, 16.948 ], [ 81.531, 16.958 ], [ 81.544, 16.956 ], [ 81.553, 16.966 ], [ 81.549, 16.978 ], [ 81.558, 16.988 ], [ 81.554, 17.001 ], [ 81.563, 17.011 ], [ 81.577, 17.008 ], [ 81.586, 17.018 ], [ 81.582, 17.031 ], [ 81.591, 17.041 ], [ 81.587, 17.054 ], [ 81.596, 17.064 ], [ 81.609, 17.061 ], [ 81.619, 17.071 ], [ 81.632, 17.069 ], [ 81.641, 17.079 ], [ 81.654, 17.076 ], [ 81.663, 17.086 ], [ 81.677, 17.084 ], [ 81.686, 17.094 ], [ 81.682, 17.106 ], [ 81.669, 17.109 ], [ 81.665, 17.121 ], [ 81.674, 17.131 ], [ 81.67, 17.144 ], [ 81.656, 17.147 ], [ 81.652, 17.159 ], [ 81.662, 17.169 ], [ 81.657, 17.182 ], [ 81.644, 17.184 ], [ 81.64, 17.197 ], [ 81.649, 17.207 ], [ 81.645, 17.219 ], [ 81.655, 17.23 ], [ 81.65, 17.242 ], [ 81.66, 17.252 ], [ 81.656, 17.265 ], [ 81.665, 17.275 ], [ 81.661, 17.287 ], [ 81.67, 17.297 ], [ 81.666, 17.31 ], [ 81.653, 17.312 ], [ 81.649, 17.325 ], [ 81.635, 17.327 ], [ 81.626, 17.317 ], [ 81.613, 17.32 ], [ 81.609, 17.333 ], [ 81.618, 17.343 ], [ 81.614, 17.355 ], [ 81.601, 17.358 ], [ 81.597, 17.37 ], [ 81.606, 17.38 ], [ 81.602, 17.393 ], [ 81.611, 17.403 ], [ 81.607, 17.415 ], [ 81.594, 17.418 ], [ 81.584, 17.408 ], [ 81.571, 17.41 ], [ 81.567, 17.423 ], [ 81.576, 17.433 ], [ 81.572, 17.445 ], [ 81.559, 17.448 ], [ 81.55, 17.438 ], [ 81.537, 17.44 ], [ 81.533, 17.453 ], [ 81.519, 17.455 ], [ 81.515, 17.468 ], [ 81.502, 17.47 ], [ 81.498, 17.483 ], [ 81.485, 17.485 ], [ 81.475, 17.475 ], [ 81.462, 17.478 ], [ 81.453, 17.468 ], [ 81.44, 17.47 ], [ 81.431, 17.46 ], [ 81.417, 17.463 ], [ 81.413, 17.475 ], [ 81.4, 17.478 ], [ 81.396, 17.49 ], [ 81.383, 17.493 ], [ 81.379, 17.505 ], [ 81.365, 17.508 ], [ 81.356, 17.498 ], [ 81.343, 17.5 ], [ 81.334, 17.49 ], [ 81.321, 17.493 ], [ 81.311, 17.483 ], [ 81.298, 17.485 ], [ 81.294, 17.498 ], [ 81.303, 17.508 ], [ 81.299, 17.52 ], [ 81.286, 17.523 ], [ 81.282, 17.535 ], [ 81.269, 17.538 ], [ 81.265, 17.55 ], [ 81.251, 17.553 ], [ 81.247, 17.565 ], [ 81.234, 17.568 ], [ 81.225, 17.557 ], [ 81.212, 17.56 ], [ 81.208, 17.572 ], [ 81.194, 17.575 ], [ 81.185, 17.565 ], [ 81.172, 17.567 ], [ 81.168, 17.58 ], [ 81.155, 17.582 ], [ 81.146, 17.572 ], [ 81.132, 17.575 ], [ 81.128, 17.587 ], [ 81.115, 17.59 ], [ 81.111, 17.602 ], [ 81.12, 17.612 ], [ 81.116, 17.625 ], [ 81.103, 17.627 ], [ 81.094, 17.617 ], [ 81.081, 17.62 ], [ 81.071, 17.609 ], [ 81.058, 17.612 ], [ 81.049, 17.602 ], [ 81.036, 17.604 ], [ 81.027, 17.594 ], [ 81.014, 17.597 ], [ 81.009, 17.609 ], [ 81.019, 17.619 ], [ 81.015, 17.632 ], [ 81.001, 17.634 ], [ 80.997, 17.647 ], [ 80.984, 17.649 ], [ 80.975, 17.639 ], [ 80.962, 17.641 ], [ 80.953, 17.631 ], [ 80.939, 17.634 ], [ 80.93, 17.624 ], [ 80.917, 17.626 ], [ 80.913, 17.639 ], [ 80.9, 17.641 ], [ 80.891, 17.631 ], [ 80.877, 17.634 ], [ 80.868, 17.623 ], [ 80.855, 17.626 ], [ 80.846, 17.616 ], [ 80.85, 17.603 ], [ 80.863, 17.601 ], [ 80.867, 17.588 ], [ 80.881, 17.586 ], [ 80.89, 17.596 ], [ 80.903, 17.594 ], [ 80.912, 17.604 ], [ 80.925, 17.601 ], [ 80.934, 17.611 ], [ 80.947, 17.609 ], [ 80.952, 17.596 ], [ 80.965, 17.594 ], [ 80.969, 17.581 ], [ 80.982, 17.579 ], [ 80.986, 17.567 ], [ 80.999, 17.564 ], [ 81.003, 17.552 ], [ 81.017, 17.549 ], [ 81.021, 17.537 ], [ 81.011, 17.527 ], [ 81.016, 17.514 ], [ 81.029, 17.512 ], [ 81.038, 17.522 ], [ 81.051, 17.519 ], [ 81.06, 17.529 ], [ 81.073, 17.527 ], [ 81.078, 17.514 ], [ 81.091, 17.512 ], [ 81.1, 17.522 ], [ 81.113, 17.52 ], [ 81.122, 17.53 ], [ 81.135, 17.527 ], [ 81.14, 17.515 ], [ 81.13, 17.505 ], [ 81.134, 17.492 ], [ 81.148, 17.49 ], [ 81.152, 17.477 ], [ 81.165, 17.475 ], [ 81.169, 17.462 ], [ 81.182, 17.46 ], [ 81.186, 17.447 ], [ 81.199, 17.445 ], [ 81.209, 17.455 ], [ 81.222, 17.452 ], [ 81.226, 17.44 ], [ 81.239, 17.437 ], [ 81.243, 17.425 ], [ 81.256, 17.422 ], [ 81.26, 17.41 ], [ 81.274, 17.407 ], [ 81.283, 17.417 ], [ 81.296, 17.415 ], [ 81.3, 17.402 ], [ 81.313, 17.4 ], [ 81.317, 17.387 ], [ 81.308, 17.377 ], [ 81.312, 17.365 ], [ 81.303, 17.355 ], [ 81.307, 17.342 ], [ 81.298, 17.332 ], [ 81.285, 17.335 ], [ 81.276, 17.325 ], [ 81.262, 17.327 ], [ 81.253, 17.317 ], [ 81.24, 17.319 ], [ 81.231, 17.309 ], [ 81.218, 17.312 ], [ 81.214, 17.324 ], [ 81.2, 17.327 ], [ 81.191, 17.317 ], [ 81.195, 17.304 ], [ 81.186, 17.294 ], [ 81.19, 17.282 ], [ 81.181, 17.272 ], [ 81.185, 17.259 ], [ 81.176, 17.249 ], [ 81.18, 17.237 ], [ 81.171, 17.226 ], [ 81.158, 17.229 ], [ 81.149, 17.219 ], [ 81.135, 17.221 ], [ 81.131, 17.234 ], [ 81.118, 17.236 ], [ 81.109, 17.226 ], [ 81.096, 17.229 ], [ 81.087, 17.219 ], [ 81.073, 17.221 ], [ 81.064, 17.211 ], [ 81.051, 17.214 ], [ 81.042, 17.204 ], [ 81.046, 17.191 ], [ 81.037, 17.181 ], [ 81.024, 17.184 ], [ 81.02, 17.196 ], [ 81.006, 17.198 ], [ 80.997, 17.188 ], [ 80.984, 17.191 ], [ 80.98, 17.203 ], [ 80.967, 17.206 ], [ 80.963, 17.218 ], [ 80.95, 17.221 ], [ 80.94, 17.211 ], [ 80.927, 17.213 ], [ 80.918, 17.203 ], [ 80.922, 17.191 ], [ 80.913, 17.181 ], [ 80.917, 17.168 ], [ 80.908, 17.158 ], [ 80.895, 17.161 ], [ 80.886, 17.151 ], [ 80.89, 17.138 ], [ 80.881, 17.128 ], [ 80.885, 17.115 ], [ 80.876, 17.105 ], [ 80.88, 17.093 ], [ 80.871, 17.083 ], [ 80.875, 17.07 ], [ 80.866, 17.06 ], [ 80.87, 17.048 ], [ 80.86, 17.038 ], [ 80.847, 17.04 ], [ 80.843, 17.053 ], [ 80.83, 17.055 ], [ 80.821, 17.045 ], [ 80.808, 17.048 ], [ 80.804, 17.06 ], [ 80.791, 17.062 ], [ 80.787, 17.075 ], [ 80.773, 17.077 ], [ 80.764, 17.067 ], [ 80.751, 17.07 ], [ 80.747, 17.082 ], [ 80.734, 17.085 ], [ 80.725, 17.075 ], [ 80.712, 17.077 ], [ 80.703, 17.067 ], [ 80.689, 17.07 ], [ 80.68, 17.06 ], [ 80.667, 17.062 ], [ 80.663, 17.075 ], [ 80.65, 17.077 ], [ 80.646, 17.089 ], [ 80.655, 17.1 ], [ 80.651, 17.112 ], [ 80.638, 17.114 ], [ 80.634, 17.127 ], [ 80.621, 17.129 ], [ 80.617, 17.142 ], [ 80.603, 17.144 ], [ 80.599, 17.157 ], [ 80.586, 17.159 ], [ 80.577, 17.149 ], [ 80.564, 17.152 ], [ 80.555, 17.142 ], [ 80.559, 17.129 ], [ 80.55, 17.119 ], [ 80.537, 17.122 ], [ 80.528, 17.111 ], [ 80.515, 17.114 ], [ 80.506, 17.104 ], [ 80.51, 17.091 ], [ 80.501, 17.081 ], [ 80.505, 17.069 ], [ 80.495, 17.059 ], [ 80.482, 17.061 ], [ 80.473, 17.051 ], [ 80.477, 17.039 ], [ 80.468, 17.029 ], [ 80.455, 17.031 ], [ 80.451, 17.044 ], [ 80.438, 17.046 ], [ 80.434, 17.058 ], [ 80.421, 17.061 ], [ 80.417, 17.073 ], [ 80.426, 17.083 ], [ 80.422, 17.096 ], [ 80.409, 17.098 ], [ 80.4, 17.088 ], [ 80.404, 17.076 ], [ 80.395, 17.066 ], [ 80.399, 17.053 ], [ 80.39, 17.043 ], [ 80.394, 17.031 ], [ 80.407, 17.028 ], [ 80.411, 17.016 ], [ 80.402, 17.006 ], [ 80.389, 17.008 ], [ 80.38, 16.998 ], [ 80.384, 16.986 ], [ 80.375, 16.976 ], [ 80.379, 16.963 ], [ 80.392, 16.961 ], [ 80.401, 16.971 ], [ 80.414, 16.968 ], [ 80.418, 16.956 ], [ 80.431, 16.953 ], [ 80.44, 16.963 ], [ 80.453, 16.961 ], [ 80.457, 16.948 ], [ 80.47, 16.946 ], [ 80.475, 16.934 ], [ 80.488, 16.931 ], [ 80.497, 16.941 ], [ 80.493, 16.954 ], [ 80.502, 16.964 ], [ 80.515, 16.961 ], [ 80.519, 16.949 ], [ 80.532, 16.946 ], [ 80.541, 16.956 ], [ 80.554, 16.954 ], [ 80.558, 16.941 ], [ 80.571, 16.939 ], [ 80.575, 16.926 ], [ 80.589, 16.924 ], [ 80.593, 16.911 ], [ 80.584, 16.901 ], [ 80.588, 16.889 ], [ 80.579, 16.879 ], [ 80.583, 16.866 ], [ 80.574, 16.856 ], [ 80.578, 16.844 ], [ 80.569, 16.834 ], [ 80.573, 16.821 ] ] ] ] } },
{ "type": "Feature", "properties": { "POLYGON.ID": 282.0, "subregion": "India--Andhra Pradesh--Pulicat_CL33629", "FILTER": "Andhra Pradesh", "POLYGON": "India--Andhra Pradesh--Pulicat_CL33629", "STATE": "Andhra Pradesh", "COUNTY": "spl_region", "OWNER": null }, "geometry": { "type": "MultiPolygon", "coordinates": [ [ [ [ 79.085, 14.931 ], [ 79.098, 14.929 ], [ 79.102, 14.916 ], [ 79.093, 14.906 ], [ 79.097, 14.894 ], [ 79.11, 14.891 ], [ 79.114, 14.879 ], [ 79.127, 14.876 ], [ 79.131, 14.864 ], [ 79.144, 14.861 ], [ 79.148, 14.849 ], [ 79.139, 14.839 ], [ 79.143, 14.826 ], [ 79.134, 14.816 ], [ 79.138, 14.804 ], [ 79.151, 14.801 ], [ 79.155, 14.789 ], [ 79.168, 14.786 ], [ 79.172, 14.774 ], [ 79.163, 14.764 ], [ 79.167, 14.751 ], [ 79.18, 14.749 ], [ 79.184, 14.736 ], [ 79.175, 14.726 ], [ 79.18, 14.714 ], [ 79.192, 14.711 ], [ 79.196, 14.699 ], [ 79.188, 14.689 ], [ 79.192, 14.676 ], [ 79.183, 14.666 ], [ 79.187, 14.653 ], [ 79.178, 14.643 ], [ 79.182, 14.631 ], [ 79.195, 14.628 ], [ 79.199, 14.616 ], [ 79.212, 14.613 ], [ 79.216, 14.601 ], [ 79.229, 14.598 ], [ 79.233, 14.586 ], [ 79.246, 14.583 ], [ 79.25, 14.571 ], [ 79.262, 14.568 ], [ 79.266, 14.556 ], [ 79.279, 14.553 ], [ 79.283, 14.54 ], [ 79.275, 14.53 ], [ 79.279, 14.518 ], [ 79.291, 14.515 ], [ 79.295, 14.503 ], [ 79.287, 14.493 ], [ 79.291, 14.48 ], [ 79.304, 14.478 ], [ 79.308, 14.465 ], [ 79.32, 14.463 ], [ 79.324, 14.45 ], [ 79.316, 14.44 ], [ 79.32, 14.427 ], [ 79.332, 14.425 ], [ 79.337, 14.412 ], [ 79.349, 14.41 ], [ 79.353, 14.397 ], [ 79.366, 14.395 ], [ 79.37, 14.382 ], [ 79.361, 14.372 ], [ 79.365, 14.36 ], [ 79.378, 14.357 ], [ 79.382, 14.344 ], [ 79.395, 14.342 ], [ 79.399, 14.329 ], [ 79.39, 14.319 ], [ 79.394, 14.307 ], [ 79.407, 14.304 ], [ 79.411, 14.292 ], [ 79.424, 14.289 ], [ 79.428, 14.276 ], [ 79.419, 14.266 ], [ 79.423, 14.254 ], [ 79.436, 14.251 ], [ 79.44, 14.239 ], [ 79.431, 14.229 ], [ 79.436, 14.216 ], [ 79.427, 14.206 ], [ 79.431, 14.194 ], [ 79.422, 14.184 ], [ 79.426, 14.171 ], [ 79.439, 14.168 ], [ 79.443, 14.156 ], [ 79.434, 14.146 ], [ 79.438, 14.133 ], [ 79.451, 14.131 ], [ 79.455, 14.118 ], [ 79.446, 14.108 ], [ 79.45, 14.095 ], [ 79.441, 14.085 ], [ 79.445, 14.073 ], [ 79.436, 14.063 ], [ 79.44, 14.05 ], [ 79.431, 14.04 ], [ 79.435, 14.028 ], [ 79.448, 14.025 ], [ 79.452, 14.013 ], [ 79.444, 14.003 ], [ 79.448, 13.99 ], [ 79.46, 13.987 ], [ 79.464, 13.975 ], [ 79.456, 13.965 ], [ 79.46, 13.952 ], [ 79.451, 13.942 ], [ 79.455, 13.93 ], [ 79.468, 13.927 ], [ 79.472, 13.914 ], [ 79.485, 13.912 ], [ 79.493, 13.922 ], [ 79.506, 13.919 ], [ 79.51, 13.907 ], [ 79.523, 13.904 ], [ 79.532, 13.914 ], [ 79.545, 13.911 ], [ 79.554, 13.921 ], [ 79.567, 13.919 ], [ 79.576, 13.929 ], [ 79.588, 13.926 ], [ 79.592, 13.914 ], [ 79.584, 13.904 ], [ 79.588, 13.891 ], [ 79.6, 13.888 ], [ 79.609, 13.898 ], [ 79.622, 13.896 ], [ 79.626, 13.883 ], [ 79.617, 13.873 ], [ 79.621, 13.861 ], [ 79.612, 13.851 ], [ 79.617, 13.838 ], [ 79.629, 13.835 ], [ 79.638, 13.845 ], [ 79.651, 13.843 ], [ 79.66, 13.853 ], [ 79.673, 13.85 ], [ 79.682, 13.86 ], [ 79.678, 13.873 ], [ 79.665, 13.875 ], [ 79.661, 13.888 ], [ 79.67, 13.898 ], [ 79.666, 13.911 ], [ 79.675, 13.921 ], [ 79.688, 13.918 ], [ 79.692, 13.905 ], [ 79.704, 13.903 ], [ 79.713, 13.913 ], [ 79.726, 13.91 ], [ 79.73, 13.898 ], [ 79.721, 13.888 ], [ 79.725, 13.875 ], [ 79.738, 13.872 ], [ 79.742, 13.86 ], [ 79.733, 13.85 ], [ 79.737, 13.837 ], [ 79.729, 13.827 ], [ 79.733, 13.815 ], [ 79.745, 13.812 ], [ 79.749, 13.799 ], [ 79.762, 13.797 ], [ 79.771, 13.807 ], [ 79.784, 13.804 ], [ 79.788, 13.791 ], [ 79.801, 13.789 ], [ 79.805, 13.776 ], [ 79.818, 13.774 ], [ 79.822, 13.761 ], [ 79.835, 13.758 ], [ 79.844, 13.768 ], [ 79.857, 13.766 ], [ 79.861, 13.753 ], [ 79.852, 13.743 ], [ 79.856, 13.73 ], [ 79.869, 13.728 ], [ 79.873, 13.715 ], [ 79.886, 13.713 ], [ 79.89, 13.7 ], [ 79.903, 13.697 ], [ 79.912, 13.707 ], [ 79.924, 13.705 ], [ 79.933, 13.715 ], [ 79.946, 13.712 ], [ 79.955, 13.722 ], [ 79.951, 13.735 ], [ 79.938, 13.737 ], [ 79.934, 13.75 ], [ 79.943, 13.76 ], [ 79.939, 13.773 ], [ 79.948, 13.783 ], [ 79.944, 13.795 ], [ 79.931, 13.798 ], [ 79.927, 13.81 ], [ 79.936, 13.821 ], [ 79.932, 13.833 ], [ 79.919, 13.836 ], [ 79.915, 13.848 ], [ 79.902, 13.851 ], [ 79.898, 13.864 ], [ 79.907, 13.874 ], [ 79.903, 13.886 ], [ 79.89, 13.889 ], [ 79.886, 13.902 ], [ 79.895, 13.912 ], [ 79.891, 13.924 ], [ 79.878, 13.927 ], [ 79.874, 13.939 ], [ 79.861, 13.942 ], [ 79.857, 13.955 ], [ 79.866, 13.965 ], [ 79.862, 13.977 ], [ 79.871, 13.987 ], [ 79.867, 14.0 ], [ 79.854, 14.003 ], [ 79.85, 14.015 ], [ 79.859, 14.025 ], [ 79.855, 14.038 ], [ 79.864, 14.048 ], [ 79.86, 14.06 ], [ 79.847, 14.063 ], [ 79.843, 14.076 ], [ 79.852, 14.086 ], [ 79.848, 14.098 ], [ 79.835, 14.101 ], [ 79.831, 14.114 ], [ 79.84, 14.124 ], [ 79.836, 14.136 ], [ 79.844, 14.146 ], [ 79.84, 14.159 ], [ 79.827, 14.161 ], [ 79.823, 14.174 ], [ 79.832, 14.184 ], [ 79.828, 14.197 ], [ 79.837, 14.207 ], [ 79.833, 14.219 ], [ 79.82, 14.222 ], [ 79.816, 14.234 ], [ 79.825, 14.244 ], [ 79.821, 14.257 ], [ 79.83, 14.267 ], [ 79.826, 14.28 ], [ 79.813, 14.282 ], [ 79.809, 14.295 ], [ 79.818, 14.305 ], [ 79.814, 14.318 ], [ 79.823, 14.328 ], [ 79.819, 14.34 ], [ 79.806, 14.343 ], [ 79.802, 14.355 ], [ 79.811, 14.365 ], [ 79.807, 14.378 ], [ 79.816, 14.388 ], [ 79.812, 14.401 ], [ 79.799, 14.403 ], [ 79.795, 14.416 ], [ 79.804, 14.426 ], [ 79.8, 14.438 ], [ 79.808, 14.448 ], [ 79.804, 14.461 ], [ 79.792, 14.464 ], [ 79.787, 14.476 ], [ 79.796, 14.486 ], [ 79.792, 14.499 ], [ 79.801, 14.509 ], [ 79.797, 14.521 ], [ 79.784, 14.524 ], [ 79.78, 14.537 ], [ 79.789, 14.547 ], [ 79.785, 14.559 ], [ 79.794, 14.569 ], [ 79.79, 14.582 ], [ 79.777, 14.584 ], [ 79.773, 14.597 ], [ 79.782, 14.607 ], [ 79.778, 14.62 ], [ 79.787, 14.63 ], [ 79.783, 14.642 ], [ 79.77, 14.645 ], [ 79.766, 14.657 ], [ 79.775, 14.667 ], [ 79.771, 14.68 ], [ 79.78, 14.69 ], [ 79.776, 14.703 ], [ 79.763, 14.705 ], [ 79.759, 14.718 ], [ 79.768, 14.728 ], [ 79.764, 14.74 ], [ 79.772, 14.75 ], [ 79.768, 14.763 ], [ 79.756, 14.765 ], [ 79.751, 14.778 ], [ 79.76, 14.788 ], [ 79.756, 14.801 ], [ 79.765, 14.811 ], [ 79.761, 14.823 ], [ 79.748, 14.826 ], [ 79.744, 14.838 ], [ 79.753, 14.848 ], [ 79.749, 14.861 ], [ 79.758, 14.871 ], [ 79.754, 14.883 ], [ 79.741, 14.886 ], [ 79.737, 14.899 ], [ 79.746, 14.909 ], [ 79.742, 14.921 ], [ 79.751, 14.931 ], [ 79.747, 14.944 ], [ 79.734, 14.946 ], [ 79.73, 14.959 ], [ 79.739, 14.969 ], [ 79.735, 14.981 ], [ 79.744, 14.992 ], [ 79.74, 15.004 ], [ 79.727, 15.007 ], [ 79.723, 15.019 ], [ 79.732, 15.029 ], [ 79.728, 15.042 ], [ 79.715, 15.044 ], [ 79.706, 15.034 ], [ 79.693, 15.037 ], [ 79.684, 15.027 ], [ 79.671, 15.029 ], [ 79.667, 15.042 ], [ 79.654, 15.044 ], [ 79.645, 15.034 ], [ 79.632, 15.037 ], [ 79.623, 15.027 ], [ 79.61, 15.029 ], [ 79.606, 15.042 ], [ 79.593, 15.044 ], [ 79.584, 15.034 ], [ 79.571, 15.037 ], [ 79.563, 15.027 ], [ 79.55, 15.029 ], [ 79.546, 15.042 ], [ 79.533, 15.044 ], [ 79.524, 15.034 ], [ 79.511, 15.037 ], [ 79.507, 15.049 ], [ 79.494, 15.052 ], [ 79.49, 15.064 ], [ 79.477, 15.067 ], [ 79.468, 15.057 ], [ 79.455, 15.059 ], [ 79.446, 15.049 ], [ 79.433, 15.052 ], [ 79.429, 15.064 ], [ 79.416, 15.067 ], [ 79.412, 15.08 ], [ 79.399, 15.082 ], [ 79.391, 15.072 ], [ 79.378, 15.074 ], [ 79.374, 15.087 ], [ 79.361, 15.09 ], [ 79.357, 15.102 ], [ 79.344, 15.105 ], [ 79.34, 15.117 ], [ 79.327, 15.12 ], [ 79.318, 15.11 ], [ 79.322, 15.097 ], [ 79.313, 15.087 ], [ 79.3, 15.089 ], [ 79.296, 15.102 ], [ 79.283, 15.104 ], [ 79.274, 15.094 ], [ 79.261, 15.097 ], [ 79.257, 15.109 ], [ 79.245, 15.112 ], [ 79.236, 15.102 ], [ 79.223, 15.104 ], [ 79.214, 15.094 ], [ 79.201, 15.097 ], [ 79.192, 15.087 ], [ 79.179, 15.089 ], [ 79.17, 15.079 ], [ 79.158, 15.082 ], [ 79.154, 15.094 ], [ 79.141, 15.097 ], [ 79.132, 15.087 ], [ 79.119, 15.089 ], [ 79.11, 15.079 ], [ 79.097, 15.082 ], [ 79.088, 15.072 ], [ 79.092, 15.059 ], [ 79.084, 15.049 ], [ 79.088, 15.037 ], [ 79.079, 15.027 ], [ 79.083, 15.014 ], [ 79.074, 15.004 ], [ 79.078, 14.992 ], [ 79.091, 14.989 ], [ 79.095, 14.977 ], [ 79.086, 14.967 ], [ 79.09, 14.954 ], [ 79.081, 14.944 ], [ 79.085, 14.931 ] ] ] ] } },
{ "type": "Feature", "properties": { "POLYGON.ID": 283.0, "subregion": "India--Andhra Pradesh--Chittoor--Plains (east)", "FILTER": "Andhra Pradesh", "POLYGON": "India--Andhra Pradesh--Chittoor--Plains (east)", "STATE": "Andhra Pradesh", "COUNTY": "Chittoor", "OWNER": null }, "geometry": { "type": "MultiPolygon", "coordinates": [ [ [ [ 79.673, 13.85 ], [ 79.66, 13.853 ], [ 79.651, 13.843 ], [ 79.638, 13.845 ], [ 79.629, 13.835 ], [ 79.617, 13.838 ], [ 79.612, 13.851 ], [ 79.621, 13.861 ], [ 79.617, 13.873 ], [ 79.626, 13.883 ], [ 79.622, 13.896 ], [ 79.609, 13.898 ], [ 79.6, 13.888 ], [ 79.588, 13.891 ], [ 79.584, 13.904 ], [ 79.592, 13.914 ], [ 79.588, 13.926 ], [ 79.576, 13.929 ], [ 79.567, 13.919 ], [ 79.554, 13.921 ], [ 79.545, 13.911 ], [ 79.532, 13.914 ], [ 79.523, 13.904 ], [ 79.51, 13.907 ], [ 79.506, 13.919 ], [ 79.493, 13.922 ], [ 79.485, 13.912 ], [ 79.472, 13.914 ], [ 79.463, 13.904 ], [ 79.467, 13.892 ], [ 79.48, 13.889 ], [ 79.484, 13.877 ], [ 79.475, 13.867 ], [ 79.479, 13.854 ], [ 79.492, 13.851 ], [ 79.496, 13.839 ], [ 79.487, 13.829 ], [ 79.491, 13.816 ], [ 79.504, 13.814 ], [ 79.508, 13.801 ], [ 79.521, 13.798 ], [ 79.525, 13.786 ], [ 79.516, 13.776 ], [ 79.52, 13.763 ], [ 79.533, 13.761 ], [ 79.537, 13.748 ], [ 79.55, 13.745 ], [ 79.554, 13.733 ], [ 79.567, 13.73 ], [ 79.571, 13.717 ], [ 79.562, 13.707 ], [ 79.549, 13.71 ], [ 79.54, 13.7 ], [ 79.527, 13.703 ], [ 79.518, 13.693 ], [ 79.522, 13.68 ], [ 79.535, 13.677 ], [ 79.539, 13.665 ], [ 79.552, 13.662 ], [ 79.556, 13.65 ], [ 79.547, 13.64 ], [ 79.551, 13.627 ], [ 79.542, 13.617 ], [ 79.546, 13.604 ], [ 79.537, 13.594 ], [ 79.541, 13.582 ], [ 79.533, 13.572 ], [ 79.537, 13.559 ], [ 79.55, 13.557 ], [ 79.558, 13.567 ], [ 79.571, 13.564 ], [ 79.58, 13.574 ], [ 79.576, 13.587 ], [ 79.585, 13.597 ], [ 79.598, 13.594 ], [ 79.607, 13.604 ], [ 79.62, 13.601 ], [ 79.628, 13.611 ], [ 79.624, 13.624 ], [ 79.633, 13.634 ], [ 79.646, 13.631 ], [ 79.655, 13.641 ], [ 79.651, 13.654 ], [ 79.66, 13.664 ], [ 79.656, 13.677 ], [ 79.665, 13.687 ], [ 79.661, 13.699 ], [ 79.67, 13.709 ], [ 79.666, 13.722 ], [ 79.674, 13.732 ], [ 79.67, 13.744 ], [ 79.679, 13.754 ], [ 79.692, 13.752 ], [ 79.701, 13.762 ], [ 79.714, 13.759 ], [ 79.718, 13.747 ], [ 79.731, 13.744 ], [ 79.735, 13.731 ], [ 79.726, 13.721 ], [ 79.73, 13.709 ], [ 79.743, 13.706 ], [ 79.747, 13.693 ], [ 79.738, 13.683 ], [ 79.742, 13.671 ], [ 79.733, 13.661 ], [ 79.737, 13.648 ], [ 79.75, 13.646 ], [ 79.754, 13.633 ], [ 79.745, 13.623 ], [ 79.749, 13.61 ], [ 79.74, 13.6 ], [ 79.744, 13.588 ], [ 79.757, 13.585 ], [ 79.766, 13.595 ], [ 79.779, 13.592 ], [ 79.788, 13.602 ], [ 79.784, 13.615 ], [ 79.793, 13.625 ], [ 79.789, 13.638 ], [ 79.798, 13.648 ], [ 79.794, 13.66 ], [ 79.781, 13.663 ], [ 79.777, 13.676 ], [ 79.786, 13.686 ], [ 79.782, 13.698 ], [ 79.79, 13.708 ], [ 79.786, 13.721 ], [ 79.795, 13.731 ], [ 79.808, 13.728 ], [ 79.812, 13.716 ], [ 79.825, 13.713 ], [ 79.829, 13.7 ], [ 79.842, 13.698 ], [ 79.846, 13.685 ], [ 79.859, 13.682 ], [ 79.863, 13.67 ], [ 79.876, 13.667 ], [ 79.88, 13.655 ], [ 79.893, 13.652 ], [ 79.897, 13.639 ], [ 79.888, 13.629 ], [ 79.892, 13.617 ], [ 79.905, 13.614 ], [ 79.909, 13.601 ], [ 79.9, 13.591 ], [ 79.904, 13.579 ], [ 79.917, 13.576 ], [ 79.926, 13.586 ], [ 79.939, 13.583 ], [ 79.948, 13.593 ], [ 79.944, 13.606 ], [ 79.953, 13.616 ], [ 79.949, 13.629 ], [ 79.957, 13.639 ], [ 79.953, 13.651 ], [ 79.962, 13.661 ], [ 79.958, 13.674 ], [ 79.967, 13.684 ], [ 79.963, 13.697 ], [ 79.95, 13.699 ], [ 79.946, 13.712 ], [ 79.933, 13.715 ], [ 79.924, 13.705 ], [ 79.912, 13.707 ], [ 79.903, 13.697 ], [ 79.89, 13.7 ], [ 79.886, 13.713 ], [ 79.873, 13.715 ], [ 79.869, 13.728 ], [ 79.856, 13.73 ], [ 79.852, 13.743 ], [ 79.861, 13.753 ], [ 79.857, 13.766 ], [ 79.844, 13.768 ], [ 79.835, 13.758 ], [ 79.822, 13.761 ], [ 79.818, 13.774 ], [ 79.805, 13.776 ], [ 79.801, 13.789 ], [ 79.788, 13.791 ], [ 79.784, 13.804 ], [ 79.771, 13.807 ], [ 79.762, 13.797 ], [ 79.749, 13.799 ], [ 79.745, 13.812 ], [ 79.733, 13.815 ], [ 79.729, 13.827 ], [ 79.737, 13.837 ], [ 79.733, 13.85 ], [ 79.742, 13.86 ], [ 79.738, 13.872 ], [ 79.725, 13.875 ], [ 79.721, 13.888 ], [ 79.73, 13.898 ], [ 79.726, 13.91 ], [ 79.713, 13.913 ], [ 79.704, 13.903 ], [ 79.692, 13.905 ], [ 79.688, 13.918 ], [ 79.675, 13.921 ], [ 79.666, 13.911 ], [ 79.67, 13.898 ], [ 79.661, 13.888 ], [ 79.665, 13.875 ], [ 79.678, 13.873 ], [ 79.682, 13.86 ], [ 79.673, 13.85 ] ] ] ] } },
{ "type": "Feature", "properties": { "POLYGON.ID": 284.0, "subregion": "India--Andhra Pradesh--North_CL33636", "FILTER": "Andhra Pradesh", "POLYGON": "India--Andhra Pradesh--North_CL33636", "STATE": "Andhra Pradesh", "COUNTY": "spl_region", "OWNER": null }, "geometry": { "type": "MultiPolygon", "coordinates": [ [ [ [ 82.393, 17.301 ], [ 82.402, 17.311 ], [ 82.415, 17.309 ], [ 82.425, 17.319 ], [ 82.438, 17.316 ], [ 82.447, 17.326 ], [ 82.443, 17.339 ], [ 82.453, 17.349 ], [ 82.466, 17.346 ], [ 82.475, 17.356 ], [ 82.489, 17.354 ], [ 82.498, 17.364 ], [ 82.511, 17.361 ], [ 82.521, 17.371 ], [ 82.517, 17.384 ], [ 82.526, 17.394 ], [ 82.539, 17.391 ], [ 82.548, 17.401 ], [ 82.562, 17.399 ], [ 82.571, 17.409 ], [ 82.585, 17.406 ], [ 82.594, 17.416 ], [ 82.59, 17.429 ], [ 82.599, 17.439 ], [ 82.612, 17.436 ], [ 82.622, 17.446 ], [ 82.635, 17.444 ], [ 82.644, 17.454 ], [ 82.64, 17.467 ], [ 82.65, 17.477 ], [ 82.663, 17.474 ], [ 82.672, 17.484 ], [ 82.686, 17.482 ], [ 82.695, 17.492 ], [ 82.709, 17.489 ], [ 82.718, 17.499 ], [ 82.714, 17.512 ], [ 82.723, 17.522 ], [ 82.736, 17.519 ], [ 82.746, 17.529 ], [ 82.759, 17.527 ], [ 82.769, 17.537 ], [ 82.764, 17.549 ], [ 82.774, 17.559 ], [ 82.787, 17.557 ], [ 82.797, 17.567 ], [ 82.81, 17.564 ], [ 82.819, 17.574 ], [ 82.833, 17.572 ], [ 82.842, 17.582 ], [ 82.838, 17.594 ], [ 82.847, 17.604 ], [ 82.861, 17.602 ], [ 82.87, 17.612 ], [ 82.883, 17.609 ], [ 82.893, 17.619 ], [ 82.906, 17.617 ], [ 82.916, 17.627 ], [ 82.912, 17.639 ], [ 82.921, 17.649 ], [ 82.934, 17.647 ], [ 82.944, 17.657 ], [ 82.957, 17.654 ], [ 82.966, 17.664 ], [ 82.962, 17.677 ], [ 82.972, 17.687 ], [ 82.985, 17.684 ], [ 82.994, 17.694 ], [ 83.008, 17.692 ], [ 83.017, 17.702 ], [ 83.031, 17.699 ], [ 83.04, 17.709 ], [ 83.036, 17.722 ], [ 83.045, 17.732 ], [ 83.059, 17.729 ], [ 83.068, 17.739 ], [ 83.082, 17.737 ], [ 83.091, 17.747 ], [ 83.087, 17.76 ], [ 83.096, 17.77 ], [ 83.11, 17.767 ], [ 83.119, 17.777 ], [ 83.133, 17.774 ], [ 83.142, 17.784 ], [ 83.155, 17.782 ], [ 83.165, 17.792 ], [ 83.161, 17.805 ], [ 83.17, 17.815 ], [ 83.183, 17.812 ], [ 83.193, 17.822 ], [ 83.206, 17.819 ], [ 83.216, 17.829 ], [ 83.229, 17.827 ], [ 83.239, 17.837 ], [ 83.234, 17.85 ], [ 83.244, 17.86 ], [ 83.257, 17.857 ], [ 83.267, 17.867 ], [ 83.263, 17.88 ], [ 83.272, 17.89 ], [ 83.268, 17.902 ], [ 83.277, 17.912 ], [ 83.291, 17.91 ], [ 83.3, 17.92 ], [ 83.296, 17.932 ], [ 83.306, 17.942 ], [ 83.302, 17.955 ], [ 83.311, 17.965 ], [ 83.324, 17.963 ], [ 83.334, 17.973 ], [ 83.33, 17.985 ], [ 83.339, 17.995 ], [ 83.335, 18.008 ], [ 83.345, 18.018 ], [ 83.341, 18.031 ], [ 83.35, 18.041 ], [ 83.363, 18.038 ], [ 83.373, 18.048 ], [ 83.369, 18.061 ], [ 83.378, 18.071 ], [ 83.374, 18.083 ], [ 83.384, 18.093 ], [ 83.397, 18.091 ], [ 83.406, 18.101 ], [ 83.402, 18.113 ], [ 83.412, 18.123 ], [ 83.425, 18.121 ], [ 83.435, 18.131 ], [ 83.448, 18.128 ], [ 83.458, 18.138 ], [ 83.454, 18.151 ], [ 83.463, 18.161 ], [ 83.476, 18.158 ], [ 83.486, 18.168 ], [ 83.499, 18.166 ], [ 83.509, 18.176 ], [ 83.505, 18.188 ], [ 83.514, 18.198 ], [ 83.528, 18.196 ], [ 83.537, 18.206 ], [ 83.551, 18.203 ], [ 83.56, 18.213 ], [ 83.556, 18.226 ], [ 83.565, 18.236 ], [ 83.579, 18.233 ], [ 83.588, 18.243 ], [ 83.602, 18.241 ], [ 83.611, 18.251 ], [ 83.607, 18.263 ], [ 83.617, 18.273 ], [ 83.63, 18.271 ], [ 83.64, 18.281 ], [ 83.653, 18.278 ], [ 83.663, 18.288 ], [ 83.659, 18.301 ], [ 83.668, 18.311 ], [ 83.681, 18.308 ], [ 83.691, 18.318 ], [ 83.704, 18.316 ], [ 83.714, 18.326 ], [ 83.71, 18.338 ], [ 83.719, 18.348 ], [ 83.733, 18.346 ], [ 83.742, 18.356 ], [ 83.756, 18.353 ], [ 83.765, 18.363 ], [ 83.761, 18.376 ], [ 83.771, 18.386 ], [ 83.784, 18.383 ], [ 83.794, 18.393 ], [ 83.79, 18.406 ], [ 83.799, 18.416 ], [ 83.813, 18.413 ], [ 83.822, 18.423 ], [ 83.836, 18.421 ], [ 83.845, 18.431 ], [ 83.841, 18.443 ], [ 83.85, 18.453 ], [ 83.864, 18.451 ], [ 83.873, 18.461 ], [ 83.869, 18.474 ], [ 83.879, 18.484 ], [ 83.892, 18.481 ], [ 83.902, 18.491 ], [ 83.898, 18.504 ], [ 83.907, 18.514 ], [ 83.921, 18.511 ], [ 83.93, 18.521 ], [ 83.926, 18.534 ], [ 83.936, 18.544 ], [ 83.949, 18.541 ], [ 83.959, 18.551 ], [ 83.972, 18.548 ], [ 83.982, 18.558 ], [ 83.995, 18.556 ], [ 84.005, 18.566 ], [ 84.018, 18.563 ], [ 84.028, 18.573 ], [ 84.041, 18.571 ], [ 84.051, 18.581 ], [ 84.065, 18.578 ], [ 84.074, 18.588 ], [ 84.088, 18.585 ], [ 84.092, 18.573 ], [ 84.105, 18.57 ], [ 84.115, 18.58 ], [ 84.128, 18.578 ], [ 84.138, 18.588 ], [ 84.151, 18.585 ], [ 84.161, 18.595 ], [ 84.174, 18.592 ], [ 84.184, 18.602 ], [ 84.18, 18.615 ], [ 84.189, 18.625 ], [ 84.203, 18.622 ], [ 84.212, 18.632 ], [ 84.226, 18.63 ], [ 84.236, 18.64 ], [ 84.249, 18.637 ], [ 84.259, 18.647 ], [ 84.255, 18.66 ], [ 84.264, 18.67 ], [ 84.278, 18.667 ], [ 84.287, 18.677 ], [ 84.283, 18.69 ], [ 84.293, 18.7 ], [ 84.306, 18.697 ], [ 84.316, 18.707 ], [ 84.312, 18.72 ], [ 84.321, 18.73 ], [ 84.335, 18.727 ], [ 84.344, 18.737 ], [ 84.34, 18.75 ], [ 84.35, 18.76 ], [ 84.363, 18.757 ], [ 84.373, 18.767 ], [ 84.369, 18.78 ], [ 84.378, 18.79 ], [ 84.392, 18.787 ], [ 84.402, 18.797 ], [ 84.415, 18.795 ], [ 84.425, 18.805 ], [ 84.421, 18.817 ], [ 84.43, 18.827 ], [ 84.444, 18.825 ], [ 84.453, 18.835 ], [ 84.449, 18.847 ], [ 84.459, 18.857 ], [ 84.472, 18.855 ], [ 84.482, 18.865 ], [ 84.478, 18.877 ], [ 84.487, 18.887 ], [ 84.501, 18.885 ], [ 84.511, 18.895 ], [ 84.507, 18.907 ], [ 84.516, 18.917 ], [ 84.512, 18.93 ], [ 84.522, 18.94 ], [ 84.535, 18.937 ], [ 84.545, 18.947 ], [ 84.541, 18.96 ], [ 84.55, 18.97 ], [ 84.546, 18.983 ], [ 84.556, 18.993 ], [ 84.569, 18.99 ], [ 84.579, 19.0 ], [ 84.575, 19.013 ], [ 84.585, 19.023 ], [ 84.58, 19.035 ], [ 84.59, 19.045 ], [ 84.586, 19.058 ], [ 84.572, 19.061 ], [ 84.563, 19.051 ], [ 84.549, 19.053 ], [ 84.54, 19.043 ], [ 84.526, 19.046 ], [ 84.516, 19.036 ], [ 84.503, 19.038 ], [ 84.493, 19.028 ], [ 84.497, 19.016 ], [ 84.488, 19.006 ], [ 84.474, 19.008 ], [ 84.465, 18.998 ], [ 84.451, 19.001 ], [ 84.447, 19.014 ], [ 84.433, 19.016 ], [ 84.424, 19.006 ], [ 84.428, 18.994 ], [ 84.441, 18.991 ], [ 84.446, 18.978 ], [ 84.436, 18.968 ], [ 84.44, 18.956 ], [ 84.43, 18.946 ], [ 84.435, 18.933 ], [ 84.425, 18.923 ], [ 84.429, 18.911 ], [ 84.42, 18.901 ], [ 84.406, 18.903 ], [ 84.396, 18.893 ], [ 84.383, 18.896 ], [ 84.373, 18.886 ], [ 84.377, 18.873 ], [ 84.368, 18.863 ], [ 84.354, 18.866 ], [ 84.35, 18.878 ], [ 84.337, 18.881 ], [ 84.327, 18.871 ], [ 84.331, 18.858 ], [ 84.345, 18.856 ], [ 84.349, 18.843 ], [ 84.362, 18.841 ], [ 84.366, 18.828 ], [ 84.357, 18.818 ], [ 84.343, 18.82 ], [ 84.334, 18.81 ], [ 84.338, 18.798 ], [ 84.328, 18.788 ], [ 84.315, 18.79 ], [ 84.311, 18.803 ], [ 84.297, 18.806 ], [ 84.287, 18.796 ], [ 84.274, 18.798 ], [ 84.264, 18.788 ], [ 84.251, 18.791 ], [ 84.247, 18.804 ], [ 84.233, 18.806 ], [ 84.224, 18.796 ], [ 84.21, 18.799 ], [ 84.2, 18.789 ], [ 84.187, 18.791 ], [ 84.177, 18.781 ], [ 84.164, 18.784 ], [ 84.154, 18.774 ], [ 84.141, 18.777 ], [ 84.131, 18.767 ], [ 84.118, 18.769 ], [ 84.108, 18.759 ], [ 84.095, 18.762 ], [ 84.091, 18.774 ], [ 84.077, 18.777 ], [ 84.073, 18.79 ], [ 84.059, 18.792 ], [ 84.055, 18.805 ], [ 84.042, 18.807 ], [ 84.038, 18.82 ], [ 84.024, 18.823 ], [ 84.015, 18.813 ], [ 84.001, 18.815 ], [ 83.992, 18.805 ], [ 83.978, 18.808 ], [ 83.974, 18.82 ], [ 83.96, 18.823 ], [ 83.951, 18.813 ], [ 83.937, 18.816 ], [ 83.933, 18.828 ], [ 83.92, 18.831 ], [ 83.91, 18.821 ], [ 83.897, 18.823 ], [ 83.893, 18.836 ], [ 83.879, 18.839 ], [ 83.875, 18.851 ], [ 83.862, 18.854 ], [ 83.857, 18.866 ], [ 83.844, 18.869 ], [ 83.84, 18.882 ], [ 83.849, 18.892 ], [ 83.845, 18.904 ], [ 83.832, 18.907 ], [ 83.828, 18.919 ], [ 83.837, 18.929 ], [ 83.833, 18.942 ], [ 83.82, 18.945 ], [ 83.816, 18.957 ], [ 83.825, 18.967 ], [ 83.821, 18.98 ], [ 83.807, 18.982 ], [ 83.803, 18.995 ], [ 83.79, 18.997 ], [ 83.786, 19.01 ], [ 83.772, 19.013 ], [ 83.763, 19.003 ], [ 83.749, 19.005 ], [ 83.74, 18.995 ], [ 83.744, 18.983 ], [ 83.757, 18.98 ], [ 83.761, 18.967 ], [ 83.752, 18.957 ], [ 83.738, 18.96 ], [ 83.734, 18.973 ], [ 83.721, 18.975 ], [ 83.717, 18.988 ], [ 83.726, 18.998 ], [ 83.722, 19.01 ], [ 83.732, 19.02 ], [ 83.728, 19.033 ], [ 83.714, 19.035 ], [ 83.705, 19.025 ], [ 83.691, 19.028 ], [ 83.687, 19.041 ], [ 83.696, 19.051 ], [ 83.692, 19.063 ], [ 83.679, 19.066 ], [ 83.675, 19.078 ], [ 83.661, 19.081 ], [ 83.657, 19.093 ], [ 83.667, 19.103 ], [ 83.663, 19.116 ], [ 83.649, 19.118 ], [ 83.645, 19.131 ], [ 83.631, 19.134 ], [ 83.627, 19.146 ], [ 83.614, 19.149 ], [ 83.604, 19.139 ], [ 83.608, 19.126 ], [ 83.599, 19.116 ], [ 83.603, 19.104 ], [ 83.594, 19.094 ], [ 83.598, 19.081 ], [ 83.588, 19.071 ], [ 83.575, 19.073 ], [ 83.571, 19.086 ], [ 83.557, 19.089 ], [ 83.548, 19.079 ], [ 83.552, 19.066 ], [ 83.542, 19.056 ], [ 83.546, 19.043 ], [ 83.537, 19.033 ], [ 83.541, 19.021 ], [ 83.531, 19.011 ], [ 83.518, 19.013 ], [ 83.514, 19.026 ], [ 83.523, 19.036 ], [ 83.519, 19.049 ], [ 83.506, 19.051 ], [ 83.502, 19.064 ], [ 83.488, 19.066 ], [ 83.484, 19.079 ], [ 83.47, 19.081 ], [ 83.461, 19.071 ], [ 83.465, 19.059 ], [ 83.479, 19.056 ], [ 83.483, 19.044 ], [ 83.473, 19.034 ], [ 83.477, 19.021 ], [ 83.468, 19.011 ], [ 83.454, 19.014 ], [ 83.445, 19.004 ], [ 83.449, 18.991 ], [ 83.462, 18.988 ], [ 83.466, 18.976 ], [ 83.457, 18.966 ], [ 83.444, 18.968 ], [ 83.439, 18.981 ], [ 83.426, 18.984 ], [ 83.422, 18.996 ], [ 83.408, 18.999 ], [ 83.404, 19.011 ], [ 83.391, 19.014 ], [ 83.381, 19.004 ], [ 83.368, 19.006 ], [ 83.364, 19.019 ], [ 83.35, 19.021 ], [ 83.341, 19.011 ], [ 83.327, 19.014 ], [ 83.318, 19.004 ], [ 83.322, 18.991 ], [ 83.313, 18.981 ], [ 83.317, 18.969 ], [ 83.33, 18.966 ], [ 83.334, 18.954 ], [ 83.325, 18.944 ], [ 83.329, 18.931 ], [ 83.342, 18.928 ], [ 83.346, 18.916 ], [ 83.36, 18.913 ], [ 83.364, 18.901 ], [ 83.377, 18.898 ], [ 83.381, 18.886 ], [ 83.395, 18.883 ], [ 83.399, 18.871 ], [ 83.413, 18.868 ], [ 83.417, 18.856 ], [ 83.407, 18.845 ], [ 83.394, 18.848 ], [ 83.384, 18.838 ], [ 83.371, 18.841 ], [ 83.361, 18.831 ], [ 83.348, 18.833 ], [ 83.338, 18.823 ], [ 83.325, 18.826 ], [ 83.315, 18.816 ], [ 83.302, 18.818 ], [ 83.292, 18.808 ], [ 83.297, 18.796 ], [ 83.287, 18.786 ], [ 83.274, 18.788 ], [ 83.264, 18.778 ], [ 83.251, 18.781 ], [ 83.241, 18.771 ], [ 83.228, 18.773 ], [ 83.218, 18.763 ], [ 83.222, 18.75 ], [ 83.213, 18.74 ], [ 83.2, 18.743 ], [ 83.195, 18.756 ], [ 83.182, 18.758 ], [ 83.178, 18.771 ], [ 83.164, 18.773 ], [ 83.155, 18.763 ], [ 83.142, 18.766 ], [ 83.138, 18.778 ], [ 83.124, 18.781 ], [ 83.115, 18.771 ], [ 83.119, 18.758 ], [ 83.109, 18.748 ], [ 83.113, 18.736 ], [ 83.104, 18.726 ], [ 83.09, 18.728 ], [ 83.081, 18.718 ], [ 83.085, 18.706 ], [ 83.076, 18.696 ], [ 83.062, 18.698 ], [ 83.053, 18.688 ], [ 83.057, 18.675 ], [ 83.048, 18.665 ], [ 83.034, 18.668 ], [ 83.025, 18.658 ], [ 83.029, 18.645 ], [ 83.019, 18.635 ], [ 83.006, 18.638 ], [ 82.996, 18.628 ], [ 83.001, 18.615 ], [ 83.014, 18.613 ], [ 83.018, 18.6 ], [ 83.032, 18.598 ], [ 83.036, 18.585 ], [ 83.026, 18.575 ], [ 83.03, 18.563 ], [ 83.044, 18.56 ], [ 83.048, 18.547 ], [ 83.061, 18.545 ], [ 83.071, 18.555 ], [ 83.084, 18.552 ], [ 83.088, 18.54 ], [ 83.079, 18.53 ], [ 83.083, 18.517 ], [ 83.073, 18.507 ], [ 83.06, 18.51 ], [ 83.051, 18.5 ], [ 83.055, 18.487 ], [ 83.045, 18.477 ], [ 83.032, 18.48 ], [ 83.022, 18.47 ], [ 83.026, 18.457 ], [ 83.04, 18.454 ], [ 83.044, 18.442 ], [ 83.057, 18.439 ], [ 83.061, 18.427 ], [ 83.052, 18.417 ], [ 83.056, 18.404 ], [ 83.07, 18.402 ], [ 83.074, 18.389 ], [ 83.064, 18.379 ], [ 83.051, 18.382 ], [ 83.041, 18.372 ], [ 83.028, 18.374 ], [ 83.024, 18.387 ], [ 83.01, 18.389 ], [ 83.001, 18.379 ], [ 82.988, 18.382 ], [ 82.978, 18.372 ], [ 82.965, 18.374 ], [ 82.955, 18.364 ], [ 82.942, 18.367 ], [ 82.933, 18.357 ], [ 82.919, 18.359 ], [ 82.915, 18.372 ], [ 82.902, 18.374 ], [ 82.898, 18.387 ], [ 82.907, 18.397 ], [ 82.903, 18.41 ], [ 82.889, 18.412 ], [ 82.885, 18.425 ], [ 82.872, 18.427 ], [ 82.863, 18.417 ], [ 82.849, 18.42 ], [ 82.845, 18.432 ], [ 82.832, 18.435 ], [ 82.828, 18.447 ], [ 82.814, 18.45 ], [ 82.805, 18.44 ], [ 82.791, 18.442 ], [ 82.782, 18.432 ], [ 82.786, 18.42 ], [ 82.8, 18.417 ], [ 82.804, 18.405 ], [ 82.794, 18.395 ], [ 82.798, 18.382 ], [ 82.789, 18.372 ], [ 82.793, 18.359 ], [ 82.784, 18.349 ], [ 82.77, 18.352 ], [ 82.761, 18.342 ], [ 82.747, 18.344 ], [ 82.738, 18.334 ], [ 82.742, 18.322 ], [ 82.733, 18.312 ], [ 82.719, 18.314 ], [ 82.71, 18.304 ], [ 82.697, 18.307 ], [ 82.687, 18.297 ], [ 82.674, 18.299 ], [ 82.664, 18.289 ], [ 82.651, 18.292 ], [ 82.642, 18.282 ], [ 82.646, 18.269 ], [ 82.636, 18.259 ], [ 82.64, 18.247 ], [ 82.631, 18.237 ], [ 82.618, 18.239 ], [ 82.614, 18.252 ], [ 82.6, 18.254 ], [ 82.596, 18.267 ], [ 82.583, 18.269 ], [ 82.579, 18.282 ], [ 82.588, 18.292 ], [ 82.584, 18.304 ], [ 82.593, 18.314 ], [ 82.589, 18.327 ], [ 82.599, 18.337 ], [ 82.612, 18.335 ], [ 82.621, 18.345 ], [ 82.617, 18.357 ], [ 82.604, 18.36 ], [ 82.6, 18.372 ], [ 82.609, 18.382 ], [ 82.605, 18.395 ], [ 82.592, 18.397 ], [ 82.582, 18.387 ], [ 82.569, 18.39 ], [ 82.565, 18.402 ], [ 82.552, 18.405 ], [ 82.547, 18.417 ], [ 82.557, 18.427 ], [ 82.553, 18.44 ], [ 82.562, 18.45 ], [ 82.558, 18.462 ], [ 82.545, 18.465 ], [ 82.535, 18.455 ], [ 82.522, 18.457 ], [ 82.518, 18.47 ], [ 82.527, 18.48 ], [ 82.523, 18.493 ], [ 82.532, 18.503 ], [ 82.528, 18.515 ], [ 82.515, 18.518 ], [ 82.506, 18.508 ], [ 82.492, 18.51 ], [ 82.488, 18.523 ], [ 82.497, 18.533 ], [ 82.493, 18.545 ], [ 82.48, 18.548 ], [ 82.471, 18.538 ], [ 82.457, 18.54 ], [ 82.448, 18.53 ], [ 82.452, 18.518 ], [ 82.443, 18.508 ], [ 82.447, 18.495 ], [ 82.437, 18.485 ], [ 82.424, 18.487 ], [ 82.415, 18.477 ], [ 82.401, 18.48 ], [ 82.392, 18.47 ], [ 82.396, 18.457 ], [ 82.387, 18.447 ], [ 82.391, 18.435 ], [ 82.381, 18.425 ], [ 82.368, 18.427 ], [ 82.359, 18.417 ], [ 82.363, 18.405 ], [ 82.376, 18.402 ], [ 82.38, 18.39 ], [ 82.371, 18.38 ], [ 82.375, 18.367 ], [ 82.366, 18.357 ], [ 82.37, 18.344 ], [ 82.36, 18.334 ], [ 82.347, 18.337 ], [ 82.338, 18.327 ], [ 82.342, 18.314 ], [ 82.355, 18.312 ], [ 82.365, 18.322 ], [ 82.378, 18.319 ], [ 82.382, 18.307 ], [ 82.373, 18.297 ], [ 82.377, 18.284 ], [ 82.367, 18.274 ], [ 82.354, 18.277 ], [ 82.345, 18.267 ], [ 82.331, 18.269 ], [ 82.322, 18.259 ], [ 82.326, 18.247 ], [ 82.317, 18.237 ], [ 82.321, 18.224 ], [ 82.312, 18.214 ], [ 82.316, 18.201 ], [ 82.306, 18.191 ], [ 82.31, 18.179 ], [ 82.324, 18.176 ], [ 82.333, 18.186 ], [ 82.346, 18.184 ], [ 82.35, 18.171 ], [ 82.364, 18.169 ], [ 82.368, 18.156 ], [ 82.359, 18.146 ], [ 82.345, 18.149 ], [ 82.336, 18.139 ], [ 82.34, 18.126 ], [ 82.331, 18.116 ], [ 82.335, 18.104 ], [ 82.348, 18.101 ], [ 82.352, 18.089 ], [ 82.343, 18.079 ], [ 82.347, 18.066 ], [ 82.338, 18.056 ], [ 82.324, 18.058 ], [ 82.315, 18.048 ], [ 82.302, 18.051 ], [ 82.298, 18.063 ], [ 82.284, 18.066 ], [ 82.275, 18.056 ], [ 82.279, 18.043 ], [ 82.27, 18.033 ], [ 82.274, 18.021 ], [ 82.264, 18.011 ], [ 82.268, 17.998 ], [ 82.259, 17.988 ], [ 82.246, 17.991 ], [ 82.242, 18.003 ], [ 82.228, 18.006 ], [ 82.219, 17.996 ], [ 82.206, 17.998 ], [ 82.202, 18.011 ], [ 82.188, 18.013 ], [ 82.184, 18.026 ], [ 82.171, 18.028 ], [ 82.167, 18.041 ], [ 82.154, 18.043 ], [ 82.149, 18.056 ], [ 82.136, 18.058 ], [ 82.132, 18.071 ], [ 82.119, 18.073 ], [ 82.109, 18.063 ], [ 82.096, 18.066 ], [ 82.092, 18.078 ], [ 82.079, 18.081 ], [ 82.069, 18.071 ], [ 82.073, 18.058 ], [ 82.064, 18.048 ], [ 82.051, 18.051 ], [ 82.047, 18.063 ], [ 82.033, 18.066 ], [ 82.024, 18.056 ], [ 82.011, 18.058 ], [ 82.002, 18.048 ], [ 82.006, 18.036 ], [ 81.996, 18.026 ], [ 81.983, 18.028 ], [ 81.974, 18.018 ], [ 81.978, 18.005 ], [ 81.969, 17.995 ], [ 81.955, 17.998 ], [ 81.946, 17.988 ], [ 81.933, 17.99 ], [ 81.929, 18.003 ], [ 81.915, 18.005 ], [ 81.906, 17.995 ], [ 81.91, 17.983 ], [ 81.901, 17.973 ], [ 81.888, 17.975 ], [ 81.878, 17.965 ], [ 81.865, 17.968 ], [ 81.856, 17.958 ], [ 81.842, 17.96 ], [ 81.833, 17.95 ], [ 81.82, 17.953 ], [ 81.811, 17.943 ], [ 81.797, 17.945 ], [ 81.788, 17.935 ], [ 81.792, 17.922 ], [ 81.783, 17.912 ], [ 81.77, 17.915 ], [ 81.76, 17.905 ], [ 81.747, 17.907 ], [ 81.738, 17.897 ], [ 81.742, 17.885 ], [ 81.733, 17.875 ], [ 81.719, 17.877 ], [ 81.715, 17.89 ], [ 81.702, 17.892 ], [ 81.693, 17.882 ], [ 81.679, 17.885 ], [ 81.67, 17.875 ], [ 81.657, 17.877 ], [ 81.648, 17.867 ], [ 81.652, 17.854 ], [ 81.643, 17.844 ], [ 81.629, 17.847 ], [ 81.62, 17.837 ], [ 81.607, 17.839 ], [ 81.598, 17.829 ], [ 81.584, 17.832 ], [ 81.58, 17.844 ], [ 81.567, 17.847 ], [ 81.558, 17.837 ], [ 81.562, 17.824 ], [ 81.553, 17.814 ], [ 81.539, 17.817 ], [ 81.535, 17.829 ], [ 81.522, 17.832 ], [ 81.513, 17.821 ], [ 81.499, 17.824 ], [ 81.49, 17.814 ], [ 81.477, 17.816 ], [ 81.473, 17.829 ], [ 81.46, 17.831 ], [ 81.45, 17.821 ], [ 81.437, 17.824 ], [ 81.428, 17.814 ], [ 81.415, 17.816 ], [ 81.411, 17.829 ], [ 81.397, 17.831 ], [ 81.388, 17.821 ], [ 81.392, 17.809 ], [ 81.383, 17.798 ], [ 81.37, 17.801 ], [ 81.366, 17.813 ], [ 81.353, 17.816 ], [ 81.343, 17.806 ], [ 81.33, 17.808 ], [ 81.326, 17.821 ], [ 81.313, 17.823 ], [ 81.304, 17.813 ], [ 81.29, 17.816 ], [ 81.281, 17.806 ], [ 81.268, 17.808 ], [ 81.264, 17.821 ], [ 81.251, 17.823 ], [ 81.247, 17.835 ], [ 81.233, 17.838 ], [ 81.224, 17.828 ], [ 81.211, 17.83 ], [ 81.207, 17.843 ], [ 81.194, 17.845 ], [ 81.19, 17.858 ], [ 81.176, 17.86 ], [ 81.167, 17.85 ], [ 81.154, 17.853 ], [ 81.145, 17.842 ], [ 81.132, 17.845 ], [ 81.122, 17.835 ], [ 81.126, 17.822 ], [ 81.117, 17.812 ], [ 81.104, 17.815 ], [ 81.095, 17.805 ], [ 81.099, 17.792 ], [ 81.09, 17.782 ], [ 81.094, 17.77 ], [ 81.085, 17.76 ], [ 81.089, 17.747 ], [ 81.08, 17.737 ], [ 81.066, 17.74 ], [ 81.057, 17.729 ], [ 81.044, 17.732 ], [ 81.04, 17.744 ], [ 81.027, 17.747 ], [ 81.018, 17.737 ], [ 81.004, 17.739 ], [ 81.0, 17.752 ], [ 80.987, 17.754 ], [ 80.983, 17.767 ], [ 80.97, 17.769 ], [ 80.966, 17.782 ], [ 80.953, 17.784 ], [ 80.943, 17.774 ], [ 80.947, 17.761 ], [ 80.938, 17.751 ], [ 80.925, 17.754 ], [ 80.916, 17.744 ], [ 80.903, 17.746 ], [ 80.894, 17.736 ], [ 80.898, 17.724 ], [ 80.889, 17.714 ], [ 80.893, 17.701 ], [ 80.884, 17.691 ], [ 80.888, 17.679 ], [ 80.901, 17.676 ], [ 80.905, 17.664 ], [ 80.918, 17.661 ], [ 80.922, 17.649 ], [ 80.913, 17.639 ], [ 80.917, 17.626 ], [ 80.93, 17.624 ], [ 80.939, 17.634 ], [ 80.953, 17.631 ], [ 80.962, 17.641 ], [ 80.975, 17.639 ], [ 80.984, 17.649 ], [ 80.997, 17.647 ], [ 81.001, 17.634 ], [ 81.015, 17.632 ], [ 81.019, 17.619 ], [ 81.009, 17.609 ], [ 81.014, 17.597 ], [ 81.027, 17.594 ], [ 81.036, 17.604 ], [ 81.049, 17.602 ], [ 81.058, 17.612 ], [ 81.071, 17.609 ], [ 81.081, 17.62 ], [ 81.094, 17.617 ], [ 81.103, 17.627 ], [ 81.116, 17.625 ], [ 81.12, 17.612 ], [ 81.111, 17.602 ], [ 81.115, 17.59 ], [ 81.128, 17.587 ], [ 81.132, 17.575 ], [ 81.146, 17.572 ], [ 81.155, 17.582 ], [ 81.168, 17.58 ], [ 81.172, 17.567 ], [ 81.185, 17.565 ], [ 81.194, 17.575 ], [ 81.208, 17.572 ], [ 81.212, 17.56 ], [ 81.225, 17.557 ], [ 81.234, 17.568 ], [ 81.247, 17.565 ], [ 81.251, 17.553 ], [ 81.265, 17.55 ], [ 81.269, 17.538 ], [ 81.282, 17.535 ], [ 81.286, 17.523 ], [ 81.299, 17.52 ], [ 81.303, 17.508 ], [ 81.294, 17.498 ], [ 81.298, 17.485 ], [ 81.311, 17.483 ], [ 81.321, 17.493 ], [ 81.334, 17.49 ], [ 81.343, 17.5 ], [ 81.356, 17.498 ], [ 81.365, 17.508 ], [ 81.379, 17.505 ], [ 81.383, 17.493 ], [ 81.396, 17.49 ], [ 81.4, 17.478 ], [ 81.413, 17.475 ], [ 81.417, 17.463 ], [ 81.431, 17.46 ], [ 81.44, 17.47 ], [ 81.453, 17.468 ], [ 81.462, 17.478 ], [ 81.475, 17.475 ], [ 81.485, 17.485 ], [ 81.498, 17.483 ], [ 81.502, 17.47 ], [ 81.515, 17.468 ], [ 81.519, 17.455 ], [ 81.533, 17.453 ], [ 81.537, 17.44 ], [ 81.55, 17.438 ], [ 81.559, 17.448 ], [ 81.572, 17.445 ], [ 81.576, 17.433 ], [ 81.567, 17.423 ], [ 81.571, 17.41 ], [ 81.584, 17.408 ], [ 81.594, 17.418 ], [ 81.607, 17.415 ], [ 81.611, 17.403 ], [ 81.602, 17.393 ], [ 81.606, 17.38 ], [ 81.597, 17.37 ], [ 81.601, 17.358 ], [ 81.614, 17.355 ], [ 81.618, 17.343 ], [ 81.609, 17.333 ], [ 81.613, 17.32 ], [ 81.626, 17.317 ], [ 81.635, 17.327 ], [ 81.649, 17.325 ], [ 81.653, 17.312 ], [ 81.666, 17.31 ], [ 81.67, 17.297 ], [ 81.661, 17.287 ], [ 81.665, 17.275 ], [ 81.656, 17.265 ], [ 81.66, 17.252 ], [ 81.65, 17.242 ], [ 81.655, 17.23 ], [ 81.645, 17.219 ], [ 81.649, 17.207 ], [ 81.64, 17.197 ], [ 81.644, 17.184 ], [ 81.657, 17.182 ], [ 81.662, 17.169 ], [ 81.652, 17.159 ], [ 81.656, 17.147 ], [ 81.67, 17.144 ], [ 81.674, 17.131 ], [ 81.665, 17.121 ], [ 81.669, 17.109 ], [ 81.682, 17.106 ], [ 81.686, 17.094 ], [ 81.699, 17.091 ], [ 81.703, 17.079 ], [ 81.716, 17.076 ], [ 81.726, 17.086 ], [ 81.739, 17.084 ], [ 81.748, 17.094 ], [ 81.761, 17.091 ], [ 81.771, 17.101 ], [ 81.784, 17.099 ], [ 81.793, 17.109 ], [ 81.806, 17.106 ], [ 81.816, 17.116 ], [ 81.829, 17.114 ], [ 81.838, 17.124 ], [ 81.851, 17.121 ], [ 81.861, 17.131 ], [ 81.874, 17.129 ], [ 81.883, 17.139 ], [ 81.896, 17.136 ], [ 81.906, 17.146 ], [ 81.919, 17.144 ], [ 81.928, 17.154 ], [ 81.941, 17.151 ], [ 81.951, 17.161 ], [ 81.964, 17.159 ], [ 81.973, 17.169 ], [ 81.986, 17.166 ], [ 81.99, 17.154 ], [ 82.004, 17.151 ], [ 82.013, 17.161 ], [ 82.026, 17.159 ], [ 82.036, 17.169 ], [ 82.049, 17.166 ], [ 82.058, 17.176 ], [ 82.071, 17.174 ], [ 82.081, 17.184 ], [ 82.094, 17.181 ], [ 82.103, 17.191 ], [ 82.116, 17.189 ], [ 82.126, 17.199 ], [ 82.139, 17.196 ], [ 82.148, 17.206 ], [ 82.162, 17.204 ], [ 82.171, 17.214 ], [ 82.184, 17.211 ], [ 82.193, 17.221 ], [ 82.207, 17.219 ], [ 82.216, 17.229 ], [ 82.229, 17.226 ], [ 82.239, 17.236 ], [ 82.252, 17.234 ], [ 82.261, 17.244 ], [ 82.275, 17.241 ], [ 82.284, 17.251 ], [ 82.297, 17.249 ], [ 82.306, 17.259 ], [ 82.32, 17.256 ], [ 82.329, 17.266 ], [ 82.342, 17.264 ], [ 82.352, 17.274 ], [ 82.365, 17.271 ], [ 82.374, 17.281 ], [ 82.388, 17.278 ], [ 82.397, 17.289 ], [ 82.393, 17.301 ] ], [ [ 83.751, 18.922 ], [ 83.746, 18.935 ], [ 83.756, 18.945 ], [ 83.769, 18.942 ], [ 83.774, 18.93 ], [ 83.787, 18.927 ], [ 83.791, 18.914 ], [ 83.782, 18.904 ], [ 83.768, 18.907 ], [ 83.764, 18.92 ], [ 83.751, 18.922 ] ], [ [ 83.352, 18.938 ], [ 83.348, 18.951 ], [ 83.357, 18.961 ], [ 83.371, 18.959 ], [ 83.375, 18.946 ], [ 83.365, 18.936 ], [ 83.352, 18.938 ] ] ] ] } },
{ "type": "Feature", "properties": { "POLYGON.ID": 285.0, "subregion": "India--Andhra Pradesh--Anantapuramu_CL33644", "FILTER": "Andhra Pradesh", "POLYGON": "India--Andhra Pradesh--Anantapuramu_CL33644", "STATE": "Andhra Pradesh", "COUNTY": "Anantapuramu", "OWNER": null }, "geometry": { "type": "MultiPolygon", "coordinates": [ [ [ [ 77.016, 14.174 ], [ 77.004, 14.177 ], [ 77.0, 14.189 ], [ 76.987, 14.191 ], [ 76.979, 14.181 ], [ 76.966, 14.184 ], [ 76.962, 14.196 ], [ 76.949, 14.199 ], [ 76.941, 14.189 ], [ 76.945, 14.176 ], [ 76.936, 14.166 ], [ 76.924, 14.169 ], [ 76.915, 14.159 ], [ 76.903, 14.161 ], [ 76.894, 14.151 ], [ 76.898, 14.139 ], [ 76.911, 14.136 ], [ 76.915, 14.124 ], [ 76.927, 14.122 ], [ 76.936, 14.132 ], [ 76.948, 14.129 ], [ 76.952, 14.117 ], [ 76.944, 14.107 ], [ 76.948, 14.094 ], [ 76.96, 14.092 ], [ 76.964, 14.08 ], [ 76.977, 14.077 ], [ 76.981, 14.065 ], [ 76.972, 14.055 ], [ 76.96, 14.057 ], [ 76.951, 14.047 ], [ 76.939, 14.05 ], [ 76.93, 14.04 ], [ 76.934, 14.027 ], [ 76.947, 14.025 ], [ 76.951, 14.013 ], [ 76.963, 14.01 ], [ 76.967, 13.998 ], [ 76.98, 13.995 ], [ 76.989, 14.005 ], [ 77.001, 14.003 ], [ 77.005, 13.991 ], [ 76.997, 13.981 ], [ 77.001, 13.968 ], [ 77.013, 13.966 ], [ 77.017, 13.953 ], [ 77.03, 13.951 ], [ 77.034, 13.939 ], [ 77.046, 13.936 ], [ 77.05, 13.924 ], [ 77.042, 13.914 ], [ 77.029, 13.916 ], [ 77.021, 13.906 ], [ 77.025, 13.894 ], [ 77.016, 13.884 ], [ 77.02, 13.872 ], [ 77.012, 13.862 ], [ 76.999, 13.864 ], [ 76.99, 13.854 ], [ 76.994, 13.842 ], [ 76.986, 13.832 ], [ 76.99, 13.819 ], [ 76.981, 13.809 ], [ 76.985, 13.797 ], [ 76.977, 13.787 ], [ 76.981, 13.775 ], [ 76.993, 13.772 ], [ 76.997, 13.76 ], [ 76.989, 13.75 ], [ 76.993, 13.737 ], [ 77.005, 13.735 ], [ 77.014, 13.745 ], [ 77.01, 13.757 ], [ 77.019, 13.767 ], [ 77.031, 13.765 ], [ 77.04, 13.775 ], [ 77.052, 13.772 ], [ 77.056, 13.76 ], [ 77.069, 13.758 ], [ 77.073, 13.745 ], [ 77.085, 13.743 ], [ 77.094, 13.753 ], [ 77.09, 13.765 ], [ 77.098, 13.775 ], [ 77.111, 13.773 ], [ 77.115, 13.76 ], [ 77.128, 13.758 ], [ 77.136, 13.768 ], [ 77.149, 13.765 ], [ 77.157, 13.775 ], [ 77.17, 13.773 ], [ 77.178, 13.783 ], [ 77.174, 13.795 ], [ 77.162, 13.798 ], [ 77.158, 13.81 ], [ 77.166, 13.82 ], [ 77.162, 13.832 ], [ 77.15, 13.835 ], [ 77.146, 13.847 ], [ 77.133, 13.85 ], [ 77.129, 13.862 ], [ 77.138, 13.872 ], [ 77.15, 13.87 ], [ 77.159, 13.879 ], [ 77.155, 13.892 ], [ 77.163, 13.902 ], [ 77.159, 13.914 ], [ 77.168, 13.924 ], [ 77.181, 13.922 ], [ 77.185, 13.909 ], [ 77.176, 13.899 ], [ 77.18, 13.887 ], [ 77.193, 13.885 ], [ 77.197, 13.872 ], [ 77.209, 13.87 ], [ 77.218, 13.88 ], [ 77.23, 13.877 ], [ 77.239, 13.887 ], [ 77.251, 13.885 ], [ 77.255, 13.872 ], [ 77.247, 13.862 ], [ 77.251, 13.85 ], [ 77.264, 13.848 ], [ 77.272, 13.857 ], [ 77.285, 13.855 ], [ 77.293, 13.865 ], [ 77.306, 13.863 ], [ 77.31, 13.85 ], [ 77.322, 13.848 ], [ 77.326, 13.835 ], [ 77.339, 13.833 ], [ 77.348, 13.843 ], [ 77.36, 13.84 ], [ 77.369, 13.85 ], [ 77.381, 13.848 ], [ 77.385, 13.835 ], [ 77.398, 13.833 ], [ 77.407, 13.843 ], [ 77.419, 13.84 ], [ 77.423, 13.828 ], [ 77.415, 13.818 ], [ 77.419, 13.806 ], [ 77.431, 13.803 ], [ 77.44, 13.813 ], [ 77.452, 13.811 ], [ 77.457, 13.798 ], [ 77.448, 13.788 ], [ 77.452, 13.776 ], [ 77.465, 13.773 ], [ 77.469, 13.761 ], [ 77.46, 13.751 ], [ 77.464, 13.739 ], [ 77.455, 13.729 ], [ 77.459, 13.716 ], [ 77.451, 13.706 ], [ 77.455, 13.694 ], [ 77.467, 13.691 ], [ 77.471, 13.679 ], [ 77.484, 13.676 ], [ 77.493, 13.686 ], [ 77.489, 13.699 ], [ 77.497, 13.709 ], [ 77.51, 13.706 ], [ 77.514, 13.694 ], [ 77.526, 13.691 ], [ 77.535, 13.701 ], [ 77.531, 13.714 ], [ 77.54, 13.724 ], [ 77.536, 13.736 ], [ 77.523, 13.739 ], [ 77.519, 13.751 ], [ 77.528, 13.761 ], [ 77.54, 13.759 ], [ 77.544, 13.746 ], [ 77.557, 13.744 ], [ 77.561, 13.731 ], [ 77.573, 13.729 ], [ 77.582, 13.739 ], [ 77.595, 13.736 ], [ 77.603, 13.746 ], [ 77.616, 13.744 ], [ 77.62, 13.731 ], [ 77.633, 13.729 ], [ 77.641, 13.739 ], [ 77.637, 13.751 ], [ 77.625, 13.754 ], [ 77.621, 13.766 ], [ 77.629, 13.776 ], [ 77.642, 13.774 ], [ 77.65, 13.784 ], [ 77.663, 13.781 ], [ 77.672, 13.791 ], [ 77.684, 13.789 ], [ 77.688, 13.776 ], [ 77.701, 13.774 ], [ 77.705, 13.761 ], [ 77.718, 13.759 ], [ 77.726, 13.769 ], [ 77.722, 13.781 ], [ 77.731, 13.791 ], [ 77.727, 13.804 ], [ 77.736, 13.814 ], [ 77.748, 13.811 ], [ 77.757, 13.821 ], [ 77.769, 13.819 ], [ 77.778, 13.829 ], [ 77.774, 13.841 ], [ 77.783, 13.851 ], [ 77.795, 13.848 ], [ 77.804, 13.858 ], [ 77.817, 13.856 ], [ 77.825, 13.866 ], [ 77.821, 13.878 ], [ 77.83, 13.888 ], [ 77.826, 13.901 ], [ 77.813, 13.903 ], [ 77.809, 13.916 ], [ 77.818, 13.926 ], [ 77.814, 13.938 ], [ 77.823, 13.948 ], [ 77.835, 13.946 ], [ 77.839, 13.933 ], [ 77.852, 13.931 ], [ 77.861, 13.941 ], [ 77.873, 13.938 ], [ 77.882, 13.948 ], [ 77.895, 13.946 ], [ 77.899, 13.933 ], [ 77.89, 13.923 ], [ 77.894, 13.911 ], [ 77.907, 13.908 ], [ 77.915, 13.918 ], [ 77.928, 13.916 ], [ 77.937, 13.926 ], [ 77.949, 13.923 ], [ 77.958, 13.933 ], [ 77.954, 13.946 ], [ 77.963, 13.956 ], [ 77.975, 13.953 ], [ 77.979, 13.941 ], [ 77.971, 13.931 ], [ 77.975, 13.918 ], [ 77.987, 13.916 ], [ 77.991, 13.903 ], [ 77.983, 13.893 ], [ 77.97, 13.896 ], [ 77.961, 13.886 ], [ 77.949, 13.888 ], [ 77.94, 13.878 ], [ 77.944, 13.866 ], [ 77.957, 13.864 ], [ 77.961, 13.851 ], [ 77.952, 13.841 ], [ 77.956, 13.829 ], [ 77.969, 13.826 ], [ 77.977, 13.836 ], [ 77.973, 13.849 ], [ 77.982, 13.859 ], [ 77.995, 13.856 ], [ 78.003, 13.866 ], [ 78.016, 13.864 ], [ 78.025, 13.873 ], [ 78.037, 13.871 ], [ 78.046, 13.881 ], [ 78.059, 13.878 ], [ 78.068, 13.888 ], [ 78.08, 13.886 ], [ 78.084, 13.873 ], [ 78.097, 13.871 ], [ 78.101, 13.858 ], [ 78.114, 13.856 ], [ 78.118, 13.843 ], [ 78.13, 13.841 ], [ 78.134, 13.828 ], [ 78.126, 13.819 ], [ 78.13, 13.806 ], [ 78.121, 13.796 ], [ 78.125, 13.784 ], [ 78.138, 13.781 ], [ 78.146, 13.791 ], [ 78.159, 13.789 ], [ 78.168, 13.798 ], [ 78.181, 13.796 ], [ 78.185, 13.783 ], [ 78.197, 13.781 ], [ 78.206, 13.791 ], [ 78.219, 13.788 ], [ 78.227, 13.798 ], [ 78.24, 13.796 ], [ 78.249, 13.806 ], [ 78.245, 13.818 ], [ 78.253, 13.828 ], [ 78.249, 13.841 ], [ 78.258, 13.851 ], [ 78.254, 13.863 ], [ 78.263, 13.873 ], [ 78.276, 13.871 ], [ 78.284, 13.881 ], [ 78.28, 13.893 ], [ 78.289, 13.903 ], [ 78.302, 13.901 ], [ 78.31, 13.911 ], [ 78.323, 13.908 ], [ 78.332, 13.918 ], [ 78.328, 13.931 ], [ 78.336, 13.941 ], [ 78.349, 13.938 ], [ 78.358, 13.948 ], [ 78.371, 13.946 ], [ 78.379, 13.956 ], [ 78.392, 13.953 ], [ 78.401, 13.963 ], [ 78.414, 13.961 ], [ 78.422, 13.971 ], [ 78.435, 13.968 ], [ 78.444, 13.978 ], [ 78.457, 13.976 ], [ 78.465, 13.986 ], [ 78.461, 13.998 ], [ 78.449, 14.001 ], [ 78.444, 14.013 ], [ 78.453, 14.023 ], [ 78.449, 14.036 ], [ 78.436, 14.038 ], [ 78.432, 14.051 ], [ 78.441, 14.061 ], [ 78.437, 14.073 ], [ 78.446, 14.083 ], [ 78.459, 14.081 ], [ 78.467, 14.091 ], [ 78.463, 14.103 ], [ 78.451, 14.106 ], [ 78.447, 14.118 ], [ 78.455, 14.128 ], [ 78.451, 14.141 ], [ 78.439, 14.143 ], [ 78.43, 14.133 ], [ 78.417, 14.136 ], [ 78.413, 14.148 ], [ 78.422, 14.158 ], [ 78.418, 14.171 ], [ 78.426, 14.181 ], [ 78.422, 14.193 ], [ 78.41, 14.196 ], [ 78.406, 14.208 ], [ 78.414, 14.218 ], [ 78.41, 14.231 ], [ 78.419, 14.241 ], [ 78.415, 14.253 ], [ 78.424, 14.263 ], [ 78.42, 14.276 ], [ 78.407, 14.278 ], [ 78.398, 14.268 ], [ 78.386, 14.271 ], [ 78.382, 14.283 ], [ 78.369, 14.286 ], [ 78.365, 14.298 ], [ 78.352, 14.301 ], [ 78.343, 14.291 ], [ 78.331, 14.293 ], [ 78.322, 14.283 ], [ 78.309, 14.286 ], [ 78.305, 14.298 ], [ 78.292, 14.301 ], [ 78.284, 14.291 ], [ 78.271, 14.293 ], [ 78.267, 14.305 ], [ 78.254, 14.308 ], [ 78.245, 14.298 ], [ 78.233, 14.3 ], [ 78.229, 14.313 ], [ 78.216, 14.315 ], [ 78.212, 14.328 ], [ 78.199, 14.33 ], [ 78.195, 14.343 ], [ 78.182, 14.345 ], [ 78.178, 14.358 ], [ 78.166, 14.36 ], [ 78.162, 14.373 ], [ 78.149, 14.375 ], [ 78.145, 14.388 ], [ 78.132, 14.39 ], [ 78.123, 14.38 ], [ 78.111, 14.383 ], [ 78.107, 14.395 ], [ 78.094, 14.398 ], [ 78.09, 14.41 ], [ 78.077, 14.412 ], [ 78.073, 14.425 ], [ 78.06, 14.427 ], [ 78.056, 14.44 ], [ 78.044, 14.442 ], [ 78.04, 14.455 ], [ 78.027, 14.457 ], [ 78.023, 14.47 ], [ 78.01, 14.472 ], [ 78.006, 14.485 ], [ 77.994, 14.487 ], [ 77.99, 14.499 ], [ 77.998, 14.509 ], [ 77.994, 14.522 ], [ 77.981, 14.524 ], [ 77.977, 14.537 ], [ 77.965, 14.539 ], [ 77.961, 14.552 ], [ 77.948, 14.554 ], [ 77.944, 14.566 ], [ 77.953, 14.576 ], [ 77.965, 14.574 ], [ 77.969, 14.562 ], [ 77.982, 14.559 ], [ 77.986, 14.547 ], [ 77.999, 14.544 ], [ 78.003, 14.532 ], [ 78.016, 14.529 ], [ 78.024, 14.539 ], [ 78.037, 14.537 ], [ 78.046, 14.547 ], [ 78.042, 14.559 ], [ 78.05, 14.569 ], [ 78.063, 14.567 ], [ 78.072, 14.577 ], [ 78.068, 14.589 ], [ 78.076, 14.599 ], [ 78.072, 14.612 ], [ 78.081, 14.622 ], [ 78.094, 14.619 ], [ 78.103, 14.629 ], [ 78.115, 14.627 ], [ 78.124, 14.637 ], [ 78.12, 14.649 ], [ 78.129, 14.659 ], [ 78.125, 14.672 ], [ 78.133, 14.682 ], [ 78.129, 14.694 ], [ 78.117, 14.697 ], [ 78.113, 14.709 ], [ 78.1, 14.712 ], [ 78.096, 14.724 ], [ 78.083, 14.727 ], [ 78.074, 14.717 ], [ 78.062, 14.719 ], [ 78.058, 14.731 ], [ 78.066, 14.741 ], [ 78.062, 14.754 ], [ 78.05, 14.756 ], [ 78.046, 14.769 ], [ 78.054, 14.779 ], [ 78.05, 14.791 ], [ 78.059, 14.801 ], [ 78.072, 14.799 ], [ 78.08, 14.809 ], [ 78.076, 14.821 ], [ 78.085, 14.831 ], [ 78.098, 14.829 ], [ 78.106, 14.839 ], [ 78.102, 14.851 ], [ 78.09, 14.854 ], [ 78.086, 14.866 ], [ 78.094, 14.876 ], [ 78.09, 14.888 ], [ 78.099, 14.898 ], [ 78.095, 14.911 ], [ 78.104, 14.921 ], [ 78.116, 14.918 ], [ 78.125, 14.929 ], [ 78.121, 14.941 ], [ 78.13, 14.951 ], [ 78.126, 14.963 ], [ 78.113, 14.966 ], [ 78.109, 14.978 ], [ 78.096, 14.981 ], [ 78.092, 14.993 ], [ 78.08, 14.995 ], [ 78.071, 14.985 ], [ 78.058, 14.988 ], [ 78.054, 15.0 ], [ 78.041, 15.003 ], [ 78.037, 15.015 ], [ 78.025, 15.018 ], [ 78.021, 15.03 ], [ 78.008, 15.032 ], [ 78.004, 15.045 ], [ 78.012, 15.055 ], [ 78.008, 15.067 ], [ 77.996, 15.07 ], [ 77.992, 15.082 ], [ 78.0, 15.092 ], [ 78.013, 15.09 ], [ 78.022, 15.1 ], [ 78.018, 15.112 ], [ 78.005, 15.114 ], [ 78.001, 15.127 ], [ 77.988, 15.129 ], [ 77.984, 15.142 ], [ 77.972, 15.144 ], [ 77.963, 15.134 ], [ 77.967, 15.122 ], [ 77.958, 15.112 ], [ 77.945, 15.114 ], [ 77.937, 15.104 ], [ 77.924, 15.106 ], [ 77.92, 15.119 ], [ 77.907, 15.121 ], [ 77.903, 15.134 ], [ 77.912, 15.144 ], [ 77.925, 15.141 ], [ 77.933, 15.151 ], [ 77.929, 15.164 ], [ 77.917, 15.166 ], [ 77.913, 15.178 ], [ 77.9, 15.181 ], [ 77.891, 15.171 ], [ 77.878, 15.173 ], [ 77.87, 15.163 ], [ 77.874, 15.151 ], [ 77.865, 15.141 ], [ 77.852, 15.143 ], [ 77.844, 15.133 ], [ 77.831, 15.136 ], [ 77.827, 15.148 ], [ 77.814, 15.15 ], [ 77.805, 15.14 ], [ 77.809, 15.128 ], [ 77.801, 15.118 ], [ 77.788, 15.12 ], [ 77.779, 15.11 ], [ 77.767, 15.113 ], [ 77.763, 15.125 ], [ 77.75, 15.128 ], [ 77.746, 15.14 ], [ 77.733, 15.142 ], [ 77.729, 15.155 ], [ 77.738, 15.165 ], [ 77.734, 15.177 ], [ 77.721, 15.179 ], [ 77.712, 15.169 ], [ 77.7, 15.172 ], [ 77.696, 15.184 ], [ 77.704, 15.194 ], [ 77.7, 15.207 ], [ 77.688, 15.209 ], [ 77.684, 15.221 ], [ 77.671, 15.224 ], [ 77.667, 15.236 ], [ 77.654, 15.238 ], [ 77.646, 15.228 ], [ 77.65, 15.216 ], [ 77.641, 15.206 ], [ 77.628, 15.208 ], [ 77.62, 15.198 ], [ 77.607, 15.201 ], [ 77.598, 15.191 ], [ 77.586, 15.193 ], [ 77.582, 15.206 ], [ 77.569, 15.208 ], [ 77.56, 15.198 ], [ 77.547, 15.2 ], [ 77.543, 15.213 ], [ 77.531, 15.215 ], [ 77.527, 15.227 ], [ 77.514, 15.23 ], [ 77.505, 15.22 ], [ 77.493, 15.222 ], [ 77.484, 15.212 ], [ 77.471, 15.214 ], [ 77.467, 15.227 ], [ 77.455, 15.229 ], [ 77.446, 15.219 ], [ 77.433, 15.222 ], [ 77.425, 15.212 ], [ 77.412, 15.214 ], [ 77.408, 15.226 ], [ 77.395, 15.229 ], [ 77.387, 15.219 ], [ 77.374, 15.221 ], [ 77.366, 15.211 ], [ 77.353, 15.213 ], [ 77.344, 15.203 ], [ 77.348, 15.191 ], [ 77.34, 15.181 ], [ 77.327, 15.183 ], [ 77.318, 15.173 ], [ 77.322, 15.161 ], [ 77.314, 15.151 ], [ 77.301, 15.153 ], [ 77.293, 15.143 ], [ 77.297, 15.131 ], [ 77.288, 15.121 ], [ 77.275, 15.123 ], [ 77.271, 15.136 ], [ 77.259, 15.138 ], [ 77.255, 15.15 ], [ 77.242, 15.153 ], [ 77.233, 15.143 ], [ 77.221, 15.145 ], [ 77.217, 15.157 ], [ 77.204, 15.16 ], [ 77.195, 15.15 ], [ 77.183, 15.152 ], [ 77.174, 15.142 ], [ 77.162, 15.144 ], [ 77.153, 15.134 ], [ 77.157, 15.122 ], [ 77.148, 15.112 ], [ 77.136, 15.114 ], [ 77.127, 15.104 ], [ 77.131, 15.092 ], [ 77.123, 15.082 ], [ 77.127, 15.07 ], [ 77.118, 15.06 ], [ 77.122, 15.047 ], [ 77.114, 15.037 ], [ 77.101, 15.04 ], [ 77.092, 15.03 ], [ 77.096, 15.017 ], [ 77.088, 15.007 ], [ 77.075, 15.01 ], [ 77.067, 15.0 ], [ 77.054, 15.002 ], [ 77.05, 15.014 ], [ 77.059, 15.024 ], [ 77.055, 15.037 ], [ 77.042, 15.039 ], [ 77.033, 15.029 ], [ 77.021, 15.031 ], [ 77.012, 15.021 ], [ 77.0, 15.024 ], [ 76.991, 15.014 ], [ 76.978, 15.016 ], [ 76.974, 15.029 ], [ 76.962, 15.031 ], [ 76.953, 15.021 ], [ 76.941, 15.023 ], [ 76.937, 15.036 ], [ 76.924, 15.038 ], [ 76.915, 15.028 ], [ 76.903, 15.03 ], [ 76.899, 15.043 ], [ 76.886, 15.045 ], [ 76.878, 15.035 ], [ 76.865, 15.037 ], [ 76.861, 15.05 ], [ 76.87, 15.06 ], [ 76.866, 15.072 ], [ 76.853, 15.074 ], [ 76.844, 15.064 ], [ 76.832, 15.066 ], [ 76.828, 15.079 ], [ 76.815, 15.081 ], [ 76.811, 15.093 ], [ 76.799, 15.096 ], [ 76.79, 15.086 ], [ 76.778, 15.088 ], [ 76.769, 15.078 ], [ 76.773, 15.066 ], [ 76.764, 15.056 ], [ 76.769, 15.043 ], [ 76.781, 15.041 ], [ 76.785, 15.029 ], [ 76.777, 15.019 ], [ 76.781, 15.007 ], [ 76.772, 14.997 ], [ 76.776, 14.984 ], [ 76.789, 14.982 ], [ 76.793, 14.97 ], [ 76.805, 14.967 ], [ 76.814, 14.977 ], [ 76.826, 14.975 ], [ 76.83, 14.963 ], [ 76.843, 14.96 ], [ 76.851, 14.97 ], [ 76.864, 14.968 ], [ 76.868, 14.956 ], [ 76.86, 14.946 ], [ 76.864, 14.933 ], [ 76.855, 14.923 ], [ 76.859, 14.911 ], [ 76.85, 14.901 ], [ 76.855, 14.889 ], [ 76.846, 14.879 ], [ 76.85, 14.866 ], [ 76.863, 14.864 ], [ 76.867, 14.852 ], [ 76.858, 14.842 ], [ 76.845, 14.844 ], [ 76.837, 14.834 ], [ 76.841, 14.822 ], [ 76.854, 14.819 ], [ 76.858, 14.807 ], [ 76.849, 14.797 ], [ 76.836, 14.799 ], [ 76.828, 14.789 ], [ 76.815, 14.792 ], [ 76.807, 14.782 ], [ 76.794, 14.784 ], [ 76.786, 14.774 ], [ 76.79, 14.762 ], [ 76.802, 14.76 ], [ 76.806, 14.747 ], [ 76.798, 14.737 ], [ 76.802, 14.725 ], [ 76.793, 14.715 ], [ 76.797, 14.703 ], [ 76.789, 14.693 ], [ 76.776, 14.695 ], [ 76.768, 14.685 ], [ 76.772, 14.673 ], [ 76.763, 14.663 ], [ 76.767, 14.65 ], [ 76.78, 14.648 ], [ 76.784, 14.636 ], [ 76.775, 14.626 ], [ 76.779, 14.613 ], [ 76.771, 14.603 ], [ 76.775, 14.591 ], [ 76.787, 14.589 ], [ 76.791, 14.576 ], [ 76.783, 14.566 ], [ 76.787, 14.554 ], [ 76.799, 14.552 ], [ 76.803, 14.539 ], [ 76.816, 14.537 ], [ 76.82, 14.525 ], [ 76.832, 14.522 ], [ 76.836, 14.51 ], [ 76.849, 14.508 ], [ 76.853, 14.495 ], [ 76.866, 14.493 ], [ 76.87, 14.48 ], [ 76.882, 14.478 ], [ 76.891, 14.488 ], [ 76.903, 14.486 ], [ 76.912, 14.496 ], [ 76.924, 14.493 ], [ 76.928, 14.481 ], [ 76.941, 14.479 ], [ 76.95, 14.489 ], [ 76.962, 14.486 ], [ 76.966, 14.474 ], [ 76.958, 14.464 ], [ 76.962, 14.451 ], [ 76.953, 14.442 ], [ 76.957, 14.429 ], [ 76.948, 14.419 ], [ 76.953, 14.407 ], [ 76.944, 14.397 ], [ 76.931, 14.399 ], [ 76.927, 14.412 ], [ 76.915, 14.414 ], [ 76.906, 14.404 ], [ 76.894, 14.406 ], [ 76.885, 14.396 ], [ 76.889, 14.384 ], [ 76.881, 14.374 ], [ 76.885, 14.362 ], [ 76.876, 14.352 ], [ 76.88, 14.339 ], [ 76.893, 14.337 ], [ 76.897, 14.325 ], [ 76.909, 14.322 ], [ 76.913, 14.31 ], [ 76.926, 14.308 ], [ 76.934, 14.317 ], [ 76.947, 14.315 ], [ 76.951, 14.303 ], [ 76.942, 14.293 ], [ 76.946, 14.28 ], [ 76.938, 14.27 ], [ 76.942, 14.258 ], [ 76.933, 14.248 ], [ 76.937, 14.236 ], [ 76.95, 14.233 ], [ 76.958, 14.243 ], [ 76.971, 14.241 ], [ 76.98, 14.251 ], [ 76.992, 14.248 ], [ 76.996, 14.236 ], [ 77.009, 14.234 ], [ 77.017, 14.244 ], [ 77.03, 14.241 ], [ 77.038, 14.251 ], [ 77.051, 14.249 ], [ 77.055, 14.236 ], [ 77.068, 14.234 ], [ 77.072, 14.222 ], [ 77.084, 14.219 ], [ 77.088, 14.207 ], [ 77.101, 14.204 ], [ 77.109, 14.214 ], [ 77.105, 14.227 ], [ 77.114, 14.237 ], [ 77.11, 14.249 ], [ 77.118, 14.259 ], [ 77.114, 14.272 ], [ 77.123, 14.281 ], [ 77.119, 14.294 ], [ 77.128, 14.304 ], [ 77.124, 14.316 ], [ 77.132, 14.326 ], [ 77.145, 14.324 ], [ 77.153, 14.334 ], [ 77.166, 14.331 ], [ 77.174, 14.341 ], [ 77.187, 14.339 ], [ 77.191, 14.327 ], [ 77.204, 14.324 ], [ 77.208, 14.312 ], [ 77.22, 14.309 ], [ 77.229, 14.319 ], [ 77.241, 14.317 ], [ 77.25, 14.327 ], [ 77.263, 14.324 ], [ 77.271, 14.334 ], [ 77.284, 14.332 ], [ 77.288, 14.32 ], [ 77.279, 14.31 ], [ 77.283, 14.297 ], [ 77.296, 14.295 ], [ 77.3, 14.282 ], [ 77.313, 14.28 ], [ 77.321, 14.29 ], [ 77.334, 14.288 ], [ 77.338, 14.275 ], [ 77.35, 14.273 ], [ 77.354, 14.26 ], [ 77.367, 14.258 ], [ 77.371, 14.246 ], [ 77.362, 14.236 ], [ 77.366, 14.223 ], [ 77.379, 14.221 ], [ 77.383, 14.208 ], [ 77.396, 14.206 ], [ 77.404, 14.216 ], [ 77.417, 14.213 ], [ 77.425, 14.223 ], [ 77.421, 14.236 ], [ 77.409, 14.238 ], [ 77.405, 14.251 ], [ 77.413, 14.261 ], [ 77.409, 14.273 ], [ 77.397, 14.275 ], [ 77.393, 14.288 ], [ 77.38, 14.29 ], [ 77.376, 14.303 ], [ 77.385, 14.313 ], [ 77.381, 14.325 ], [ 77.389, 14.335 ], [ 77.402, 14.333 ], [ 77.411, 14.343 ], [ 77.423, 14.34 ], [ 77.427, 14.328 ], [ 77.44, 14.325 ], [ 77.444, 14.313 ], [ 77.435, 14.303 ], [ 77.439, 14.291 ], [ 77.452, 14.288 ], [ 77.456, 14.276 ], [ 77.469, 14.273 ], [ 77.477, 14.283 ], [ 77.49, 14.281 ], [ 77.494, 14.268 ], [ 77.506, 14.266 ], [ 77.51, 14.254 ], [ 77.502, 14.244 ], [ 77.506, 14.231 ], [ 77.497, 14.221 ], [ 77.501, 14.209 ], [ 77.514, 14.206 ], [ 77.518, 14.194 ], [ 77.509, 14.184 ], [ 77.513, 14.172 ], [ 77.505, 14.162 ], [ 77.492, 14.164 ], [ 77.483, 14.154 ], [ 77.471, 14.156 ], [ 77.467, 14.169 ], [ 77.454, 14.171 ], [ 77.446, 14.161 ], [ 77.433, 14.164 ], [ 77.429, 14.176 ], [ 77.416, 14.179 ], [ 77.408, 14.169 ], [ 77.395, 14.171 ], [ 77.387, 14.161 ], [ 77.391, 14.149 ], [ 77.382, 14.139 ], [ 77.369, 14.141 ], [ 77.361, 14.131 ], [ 77.348, 14.134 ], [ 77.34, 14.124 ], [ 77.344, 14.111 ], [ 77.356, 14.109 ], [ 77.365, 14.119 ], [ 77.377, 14.116 ], [ 77.386, 14.126 ], [ 77.399, 14.124 ], [ 77.403, 14.111 ], [ 77.394, 14.102 ], [ 77.381, 14.104 ], [ 77.373, 14.094 ], [ 77.377, 14.082 ], [ 77.368, 14.072 ], [ 77.356, 14.074 ], [ 77.347, 14.064 ], [ 77.351, 14.052 ], [ 77.342, 14.042 ], [ 77.346, 14.029 ], [ 77.359, 14.027 ], [ 77.363, 14.014 ], [ 77.376, 14.012 ], [ 77.38, 14.0 ], [ 77.371, 13.99 ], [ 77.375, 13.977 ], [ 77.388, 13.975 ], [ 77.396, 13.985 ], [ 77.409, 13.982 ], [ 77.418, 13.992 ], [ 77.43, 13.99 ], [ 77.434, 13.977 ], [ 77.426, 13.967 ], [ 77.43, 13.955 ], [ 77.421, 13.945 ], [ 77.425, 13.933 ], [ 77.416, 13.923 ], [ 77.42, 13.91 ], [ 77.412, 13.9 ], [ 77.399, 13.903 ], [ 77.395, 13.915 ], [ 77.383, 13.917 ], [ 77.374, 13.908 ], [ 77.361, 13.91 ], [ 77.357, 13.922 ], [ 77.366, 13.932 ], [ 77.362, 13.945 ], [ 77.371, 13.955 ], [ 77.366, 13.967 ], [ 77.354, 13.97 ], [ 77.35, 13.982 ], [ 77.358, 13.992 ], [ 77.354, 14.004 ], [ 77.342, 14.007 ], [ 77.338, 14.019 ], [ 77.325, 14.022 ], [ 77.321, 14.034 ], [ 77.309, 14.037 ], [ 77.3, 14.027 ], [ 77.287, 14.029 ], [ 77.279, 14.019 ], [ 77.266, 14.021 ], [ 77.258, 14.012 ], [ 77.245, 14.014 ], [ 77.237, 14.004 ], [ 77.224, 14.006 ], [ 77.22, 14.019 ], [ 77.207, 14.021 ], [ 77.199, 14.011 ], [ 77.186, 14.014 ], [ 77.178, 14.004 ], [ 77.165, 14.006 ], [ 77.156, 13.996 ], [ 77.144, 13.999 ], [ 77.14, 14.011 ], [ 77.148, 14.021 ], [ 77.144, 14.033 ], [ 77.132, 14.036 ], [ 77.128, 14.048 ], [ 77.115, 14.051 ], [ 77.107, 14.041 ], [ 77.094, 14.043 ], [ 77.086, 14.033 ], [ 77.073, 14.036 ], [ 77.069, 14.048 ], [ 77.056, 14.05 ], [ 77.052, 14.063 ], [ 77.04, 14.065 ], [ 77.036, 14.078 ], [ 77.023, 14.08 ], [ 77.019, 14.092 ], [ 77.028, 14.102 ], [ 77.024, 14.115 ], [ 77.032, 14.125 ], [ 77.028, 14.137 ], [ 77.016, 14.139 ], [ 77.012, 14.152 ], [ 77.02, 14.162 ], [ 77.016, 14.174 ] ] ] ] } },
{ "type": "Feature", "properties": { "POLYGON.ID": 286.0, "subregion": "India--Andhra Pradesh--Kadapa_CL33646", "FILTER": "Andhra Pradesh", "POLYGON": "India--Andhra Pradesh--Kadapa_CL33646", "STATE": "Andhra Pradesh", "COUNTY": "spl_region", "OWNER": null }, "geometry": { "type": "MultiPolygon", "coordinates": [ [ [ [ 78.098, 14.829 ], [ 78.085, 14.831 ], [ 78.076, 14.821 ], [ 78.08, 14.809 ], [ 78.072, 14.799 ], [ 78.059, 14.801 ], [ 78.05, 14.791 ], [ 78.054, 14.779 ], [ 78.046, 14.769 ], [ 78.05, 14.756 ], [ 78.062, 14.754 ], [ 78.066, 14.741 ], [ 78.058, 14.731 ], [ 78.062, 14.719 ], [ 78.074, 14.717 ], [ 78.083, 14.727 ], [ 78.096, 14.724 ], [ 78.1, 14.712 ], [ 78.113, 14.709 ], [ 78.117, 14.697 ], [ 78.129, 14.694 ], [ 78.133, 14.682 ], [ 78.125, 14.672 ], [ 78.129, 14.659 ], [ 78.12, 14.649 ], [ 78.124, 14.637 ], [ 78.115, 14.627 ], [ 78.103, 14.629 ], [ 78.094, 14.619 ], [ 78.081, 14.622 ], [ 78.072, 14.612 ], [ 78.076, 14.599 ], [ 78.068, 14.589 ], [ 78.072, 14.577 ], [ 78.063, 14.567 ], [ 78.05, 14.569 ], [ 78.042, 14.559 ], [ 78.046, 14.547 ], [ 78.037, 14.537 ], [ 78.024, 14.539 ], [ 78.016, 14.529 ], [ 78.003, 14.532 ], [ 77.999, 14.544 ], [ 77.986, 14.547 ], [ 77.982, 14.559 ], [ 77.969, 14.562 ], [ 77.965, 14.574 ], [ 77.953, 14.576 ], [ 77.944, 14.566 ], [ 77.948, 14.554 ], [ 77.961, 14.552 ], [ 77.965, 14.539 ], [ 77.977, 14.537 ], [ 77.981, 14.524 ], [ 77.994, 14.522 ], [ 77.998, 14.509 ], [ 77.99, 14.499 ], [ 77.994, 14.487 ], [ 78.006, 14.485 ], [ 78.01, 14.472 ], [ 78.023, 14.47 ], [ 78.027, 14.457 ], [ 78.04, 14.455 ], [ 78.044, 14.442 ], [ 78.056, 14.44 ], [ 78.06, 14.427 ], [ 78.073, 14.425 ], [ 78.077, 14.412 ], [ 78.09, 14.41 ], [ 78.094, 14.398 ], [ 78.107, 14.395 ], [ 78.111, 14.383 ], [ 78.123, 14.38 ], [ 78.132, 14.39 ], [ 78.145, 14.388 ], [ 78.149, 14.375 ], [ 78.162, 14.373 ], [ 78.166, 14.36 ], [ 78.178, 14.358 ], [ 78.182, 14.345 ], [ 78.195, 14.343 ], [ 78.199, 14.33 ], [ 78.212, 14.328 ], [ 78.216, 14.315 ], [ 78.229, 14.313 ], [ 78.233, 14.3 ], [ 78.245, 14.298 ], [ 78.254, 14.308 ], [ 78.267, 14.305 ], [ 78.271, 14.293 ], [ 78.284, 14.291 ], [ 78.292, 14.301 ], [ 78.305, 14.298 ], [ 78.309, 14.286 ], [ 78.322, 14.283 ], [ 78.331, 14.293 ], [ 78.343, 14.291 ], [ 78.352, 14.301 ], [ 78.365, 14.298 ], [ 78.369, 14.286 ], [ 78.382, 14.283 ], [ 78.386, 14.271 ], [ 78.398, 14.268 ], [ 78.407, 14.278 ], [ 78.42, 14.276 ], [ 78.424, 14.263 ], [ 78.415, 14.253 ], [ 78.419, 14.241 ], [ 78.41, 14.231 ], [ 78.414, 14.218 ], [ 78.406, 14.208 ], [ 78.41, 14.196 ], [ 78.422, 14.193 ], [ 78.426, 14.181 ], [ 78.418, 14.171 ], [ 78.422, 14.158 ], [ 78.413, 14.148 ], [ 78.417, 14.136 ], [ 78.43, 14.133 ], [ 78.439, 14.143 ], [ 78.451, 14.141 ], [ 78.455, 14.128 ], [ 78.447, 14.118 ], [ 78.451, 14.106 ], [ 78.463, 14.103 ], [ 78.467, 14.091 ], [ 78.459, 14.081 ], [ 78.446, 14.083 ], [ 78.437, 14.073 ], [ 78.441, 14.061 ], [ 78.432, 14.051 ], [ 78.436, 14.038 ], [ 78.449, 14.036 ], [ 78.453, 14.023 ], [ 78.444, 14.013 ], [ 78.449, 14.001 ], [ 78.461, 13.998 ], [ 78.465, 13.986 ], [ 78.478, 13.983 ], [ 78.482, 13.971 ], [ 78.495, 13.968 ], [ 78.504, 13.978 ], [ 78.516, 13.976 ], [ 78.525, 13.986 ], [ 78.538, 13.983 ], [ 78.547, 13.993 ], [ 78.559, 13.99 ], [ 78.563, 13.978 ], [ 78.576, 13.975 ], [ 78.58, 13.963 ], [ 78.593, 13.96 ], [ 78.597, 13.948 ], [ 78.61, 13.945 ], [ 78.614, 13.933 ], [ 78.605, 13.923 ], [ 78.609, 13.91 ], [ 78.622, 13.908 ], [ 78.63, 13.918 ], [ 78.643, 13.915 ], [ 78.647, 13.903 ], [ 78.638, 13.893 ], [ 78.642, 13.88 ], [ 78.655, 13.878 ], [ 78.659, 13.865 ], [ 78.672, 13.863 ], [ 78.681, 13.873 ], [ 78.694, 13.87 ], [ 78.702, 13.88 ], [ 78.715, 13.877 ], [ 78.724, 13.887 ], [ 78.737, 13.885 ], [ 78.741, 13.872 ], [ 78.753, 13.87 ], [ 78.762, 13.88 ], [ 78.775, 13.877 ], [ 78.784, 13.887 ], [ 78.797, 13.885 ], [ 78.801, 13.872 ], [ 78.813, 13.87 ], [ 78.822, 13.88 ], [ 78.835, 13.877 ], [ 78.844, 13.887 ], [ 78.857, 13.885 ], [ 78.865, 13.895 ], [ 78.878, 13.892 ], [ 78.887, 13.902 ], [ 78.9, 13.899 ], [ 78.904, 13.887 ], [ 78.916, 13.884 ], [ 78.925, 13.894 ], [ 78.938, 13.892 ], [ 78.947, 13.902 ], [ 78.96, 13.899 ], [ 78.968, 13.909 ], [ 78.981, 13.907 ], [ 78.99, 13.917 ], [ 79.003, 13.914 ], [ 79.007, 13.902 ], [ 79.02, 13.899 ], [ 79.024, 13.886 ], [ 79.037, 13.884 ], [ 79.045, 13.894 ], [ 79.058, 13.891 ], [ 79.062, 13.879 ], [ 79.075, 13.876 ], [ 79.084, 13.886 ], [ 79.097, 13.884 ], [ 79.101, 13.871 ], [ 79.092, 13.861 ], [ 79.096, 13.848 ], [ 79.109, 13.846 ], [ 79.118, 13.856 ], [ 79.13, 13.853 ], [ 79.139, 13.863 ], [ 79.152, 13.861 ], [ 79.161, 13.871 ], [ 79.174, 13.868 ], [ 79.178, 13.856 ], [ 79.19, 13.853 ], [ 79.194, 13.84 ], [ 79.207, 13.838 ], [ 79.211, 13.825 ], [ 79.224, 13.823 ], [ 79.228, 13.81 ], [ 79.241, 13.808 ], [ 79.245, 13.795 ], [ 79.258, 13.792 ], [ 79.262, 13.78 ], [ 79.275, 13.777 ], [ 79.279, 13.765 ], [ 79.292, 13.762 ], [ 79.296, 13.749 ], [ 79.308, 13.747 ], [ 79.312, 13.734 ], [ 79.325, 13.732 ], [ 79.334, 13.742 ], [ 79.347, 13.739 ], [ 79.356, 13.749 ], [ 79.369, 13.747 ], [ 79.378, 13.757 ], [ 79.374, 13.769 ], [ 79.382, 13.779 ], [ 79.395, 13.777 ], [ 79.404, 13.787 ], [ 79.4, 13.799 ], [ 79.409, 13.809 ], [ 79.405, 13.822 ], [ 79.414, 13.832 ], [ 79.41, 13.844 ], [ 79.419, 13.854 ], [ 79.415, 13.867 ], [ 79.402, 13.87 ], [ 79.398, 13.882 ], [ 79.406, 13.892 ], [ 79.402, 13.905 ], [ 79.39, 13.907 ], [ 79.386, 13.92 ], [ 79.394, 13.93 ], [ 79.39, 13.942 ], [ 79.378, 13.945 ], [ 79.374, 13.958 ], [ 79.382, 13.968 ], [ 79.378, 13.98 ], [ 79.387, 13.99 ], [ 79.383, 14.003 ], [ 79.37, 14.005 ], [ 79.366, 14.018 ], [ 79.375, 14.028 ], [ 79.371, 14.041 ], [ 79.38, 14.051 ], [ 79.393, 14.048 ], [ 79.402, 14.058 ], [ 79.415, 14.055 ], [ 79.419, 14.043 ], [ 79.431, 14.04 ], [ 79.44, 14.05 ], [ 79.436, 14.063 ], [ 79.445, 14.073 ], [ 79.441, 14.085 ], [ 79.45, 14.095 ], [ 79.446, 14.108 ], [ 79.455, 14.118 ], [ 79.451, 14.131 ], [ 79.438, 14.133 ], [ 79.434, 14.146 ], [ 79.443, 14.156 ], [ 79.439, 14.168 ], [ 79.426, 14.171 ], [ 79.422, 14.184 ], [ 79.431, 14.194 ], [ 79.427, 14.206 ], [ 79.436, 14.216 ], [ 79.431, 14.229 ], [ 79.44, 14.239 ], [ 79.436, 14.251 ], [ 79.423, 14.254 ], [ 79.419, 14.266 ], [ 79.428, 14.276 ], [ 79.424, 14.289 ], [ 79.411, 14.292 ], [ 79.407, 14.304 ], [ 79.394, 14.307 ], [ 79.39, 14.319 ], [ 79.399, 14.329 ], [ 79.395, 14.342 ], [ 79.382, 14.344 ], [ 79.378, 14.357 ], [ 79.365, 14.36 ], [ 79.361, 14.372 ], [ 79.37, 14.382 ], [ 79.366, 14.395 ], [ 79.353, 14.397 ], [ 79.349, 14.41 ], [ 79.337, 14.412 ], [ 79.332, 14.425 ], [ 79.32, 14.427 ], [ 79.316, 14.44 ], [ 79.324, 14.45 ], [ 79.32, 14.463 ], [ 79.308, 14.465 ], [ 79.304, 14.478 ], [ 79.291, 14.48 ], [ 79.287, 14.493 ], [ 79.295, 14.503 ], [ 79.291, 14.515 ], [ 79.279, 14.518 ], [ 79.275, 14.53 ], [ 79.283, 14.54 ], [ 79.279, 14.553 ], [ 79.266, 14.556 ], [ 79.262, 14.568 ], [ 79.25, 14.571 ], [ 79.246, 14.583 ], [ 79.233, 14.586 ], [ 79.229, 14.598 ], [ 79.216, 14.601 ], [ 79.212, 14.613 ], [ 79.199, 14.616 ], [ 79.195, 14.628 ], [ 79.182, 14.631 ], [ 79.178, 14.643 ], [ 79.187, 14.653 ], [ 79.183, 14.666 ], [ 79.192, 14.676 ], [ 79.188, 14.689 ], [ 79.196, 14.699 ], [ 79.192, 14.711 ], [ 79.18, 14.714 ], [ 79.175, 14.726 ], [ 79.184, 14.736 ], [ 79.18, 14.749 ], [ 79.167, 14.751 ], [ 79.163, 14.764 ], [ 79.172, 14.774 ], [ 79.168, 14.786 ], [ 79.155, 14.789 ], [ 79.151, 14.801 ], [ 79.138, 14.804 ], [ 79.134, 14.816 ], [ 79.143, 14.826 ], [ 79.139, 14.839 ], [ 79.148, 14.849 ], [ 79.144, 14.861 ], [ 79.131, 14.864 ], [ 79.127, 14.876 ], [ 79.114, 14.879 ], [ 79.11, 14.891 ], [ 79.097, 14.894 ], [ 79.093, 14.906 ], [ 79.102, 14.916 ], [ 79.098, 14.929 ], [ 79.085, 14.931 ], [ 79.081, 14.944 ], [ 79.09, 14.954 ], [ 79.086, 14.967 ], [ 79.095, 14.977 ], [ 79.091, 14.989 ], [ 79.078, 14.992 ], [ 79.074, 15.004 ], [ 79.083, 15.014 ], [ 79.079, 15.027 ], [ 79.088, 15.037 ], [ 79.084, 15.049 ], [ 79.092, 15.059 ], [ 79.088, 15.072 ], [ 79.075, 15.074 ], [ 79.071, 15.087 ], [ 79.08, 15.097 ], [ 79.076, 15.109 ], [ 79.085, 15.119 ], [ 79.081, 15.132 ], [ 79.068, 15.134 ], [ 79.064, 15.147 ], [ 79.073, 15.157 ], [ 79.069, 15.169 ], [ 79.056, 15.172 ], [ 79.052, 15.184 ], [ 79.039, 15.187 ], [ 79.03, 15.177 ], [ 79.017, 15.179 ], [ 79.009, 15.169 ], [ 78.996, 15.172 ], [ 78.987, 15.161 ], [ 78.974, 15.164 ], [ 78.97, 15.176 ], [ 78.957, 15.179 ], [ 78.953, 15.191 ], [ 78.962, 15.201 ], [ 78.958, 15.214 ], [ 78.945, 15.216 ], [ 78.941, 15.229 ], [ 78.928, 15.231 ], [ 78.919, 15.221 ], [ 78.923, 15.209 ], [ 78.915, 15.199 ], [ 78.902, 15.201 ], [ 78.893, 15.191 ], [ 78.88, 15.194 ], [ 78.876, 15.206 ], [ 78.863, 15.209 ], [ 78.854, 15.199 ], [ 78.841, 15.201 ], [ 78.833, 15.191 ], [ 78.82, 15.193 ], [ 78.816, 15.206 ], [ 78.803, 15.208 ], [ 78.794, 15.198 ], [ 78.781, 15.201 ], [ 78.772, 15.191 ], [ 78.76, 15.193 ], [ 78.751, 15.183 ], [ 78.755, 15.171 ], [ 78.746, 15.161 ], [ 78.75, 15.148 ], [ 78.741, 15.138 ], [ 78.745, 15.126 ], [ 78.758, 15.123 ], [ 78.762, 15.111 ], [ 78.753, 15.101 ], [ 78.757, 15.088 ], [ 78.749, 15.078 ], [ 78.753, 15.066 ], [ 78.766, 15.063 ], [ 78.77, 15.051 ], [ 78.761, 15.041 ], [ 78.748, 15.043 ], [ 78.739, 15.033 ], [ 78.743, 15.021 ], [ 78.734, 15.011 ], [ 78.722, 15.013 ], [ 78.713, 15.003 ], [ 78.717, 14.991 ], [ 78.708, 14.981 ], [ 78.712, 14.968 ], [ 78.703, 14.958 ], [ 78.69, 14.961 ], [ 78.682, 14.951 ], [ 78.686, 14.938 ], [ 78.677, 14.928 ], [ 78.664, 14.931 ], [ 78.655, 14.921 ], [ 78.642, 14.923 ], [ 78.638, 14.936 ], [ 78.626, 14.938 ], [ 78.622, 14.951 ], [ 78.609, 14.953 ], [ 78.6, 14.943 ], [ 78.587, 14.945 ], [ 78.578, 14.935 ], [ 78.566, 14.938 ], [ 78.557, 14.928 ], [ 78.544, 14.93 ], [ 78.54, 14.943 ], [ 78.549, 14.953 ], [ 78.545, 14.965 ], [ 78.532, 14.968 ], [ 78.523, 14.958 ], [ 78.527, 14.945 ], [ 78.518, 14.935 ], [ 78.506, 14.938 ], [ 78.497, 14.928 ], [ 78.501, 14.915 ], [ 78.492, 14.905 ], [ 78.479, 14.908 ], [ 78.475, 14.92 ], [ 78.484, 14.93 ], [ 78.48, 14.943 ], [ 78.489, 14.953 ], [ 78.502, 14.95 ], [ 78.51, 14.96 ], [ 78.506, 14.973 ], [ 78.515, 14.983 ], [ 78.511, 14.995 ], [ 78.52, 15.005 ], [ 78.516, 15.018 ], [ 78.525, 15.028 ], [ 78.521, 15.04 ], [ 78.508, 15.042 ], [ 78.504, 15.055 ], [ 78.512, 15.065 ], [ 78.508, 15.077 ], [ 78.496, 15.08 ], [ 78.487, 15.07 ], [ 78.491, 15.057 ], [ 78.482, 15.047 ], [ 78.469, 15.05 ], [ 78.461, 15.04 ], [ 78.448, 15.042 ], [ 78.439, 15.032 ], [ 78.426, 15.035 ], [ 78.417, 15.025 ], [ 78.422, 15.012 ], [ 78.413, 15.002 ], [ 78.417, 14.99 ], [ 78.408, 14.98 ], [ 78.395, 14.982 ], [ 78.387, 14.972 ], [ 78.374, 14.975 ], [ 78.37, 14.987 ], [ 78.357, 14.989 ], [ 78.353, 15.002 ], [ 78.34, 15.004 ], [ 78.336, 15.017 ], [ 78.345, 15.027 ], [ 78.358, 15.024 ], [ 78.366, 15.034 ], [ 78.379, 15.032 ], [ 78.388, 15.042 ], [ 78.384, 15.054 ], [ 78.371, 15.057 ], [ 78.362, 15.047 ], [ 78.35, 15.049 ], [ 78.346, 15.062 ], [ 78.333, 15.064 ], [ 78.329, 15.077 ], [ 78.316, 15.079 ], [ 78.307, 15.069 ], [ 78.294, 15.071 ], [ 78.286, 15.061 ], [ 78.29, 15.049 ], [ 78.281, 15.039 ], [ 78.285, 15.026 ], [ 78.276, 15.016 ], [ 78.263, 15.019 ], [ 78.255, 15.009 ], [ 78.242, 15.011 ], [ 78.233, 15.001 ], [ 78.237, 14.989 ], [ 78.229, 14.979 ], [ 78.233, 14.966 ], [ 78.224, 14.956 ], [ 78.211, 14.959 ], [ 78.202, 14.949 ], [ 78.19, 14.951 ], [ 78.186, 14.964 ], [ 78.173, 14.966 ], [ 78.164, 14.956 ], [ 78.151, 14.959 ], [ 78.143, 14.949 ], [ 78.13, 14.951 ], [ 78.121, 14.941 ], [ 78.125, 14.929 ], [ 78.116, 14.918 ], [ 78.104, 14.921 ], [ 78.095, 14.911 ], [ 78.099, 14.898 ], [ 78.09, 14.888 ], [ 78.094, 14.876 ], [ 78.086, 14.866 ], [ 78.09, 14.854 ], [ 78.102, 14.851 ], [ 78.106, 14.839 ], [ 78.098, 14.829 ] ] ] ] } },
{ "type": "Feature", "properties": { "POLYGON.ID": 287.0, "subregion": "India--Andhra Pradesh--Kurnool_CL33649", "FILTER": "Andhra Pradesh", "POLYGON": "India--Andhra Pradesh--Kurnool_CL33649", "STATE": "Andhra Pradesh", "COUNTY": "Kurnool", "OWNER": null }, "geometry": { "type": "MultiPolygon", "coordinates": [ [ [ [ 78.186, 14.964 ], [ 78.19, 14.951 ], [ 78.202, 14.949 ], [ 78.211, 14.959 ], [ 78.224, 14.956 ], [ 78.233, 14.966 ], [ 78.229, 14.979 ], [ 78.237, 14.989 ], [ 78.233, 15.001 ], [ 78.242, 15.011 ], [ 78.255, 15.009 ], [ 78.263, 15.019 ], [ 78.276, 15.016 ], [ 78.285, 15.026 ], [ 78.281, 15.039 ], [ 78.29, 15.049 ], [ 78.286, 15.061 ], [ 78.294, 15.071 ], [ 78.307, 15.069 ], [ 78.316, 15.079 ], [ 78.329, 15.077 ], [ 78.333, 15.064 ], [ 78.346, 15.062 ], [ 78.35, 15.049 ], [ 78.362, 15.047 ], [ 78.371, 15.057 ], [ 78.384, 15.054 ], [ 78.388, 15.042 ], [ 78.379, 15.032 ], [ 78.366, 15.034 ], [ 78.358, 15.024 ], [ 78.345, 15.027 ], [ 78.336, 15.017 ], [ 78.34, 15.004 ], [ 78.353, 15.002 ], [ 78.357, 14.989 ], [ 78.37, 14.987 ], [ 78.374, 14.975 ], [ 78.387, 14.972 ], [ 78.395, 14.982 ], [ 78.408, 14.98 ], [ 78.417, 14.99 ], [ 78.413, 15.002 ], [ 78.422, 15.012 ], [ 78.417, 15.025 ], [ 78.426, 15.035 ], [ 78.439, 15.032 ], [ 78.448, 15.042 ], [ 78.461, 15.04 ], [ 78.469, 15.05 ], [ 78.482, 15.047 ], [ 78.491, 15.057 ], [ 78.487, 15.07 ], [ 78.496, 15.08 ], [ 78.508, 15.077 ], [ 78.512, 15.065 ], [ 78.504, 15.055 ], [ 78.508, 15.042 ], [ 78.521, 15.04 ], [ 78.525, 15.028 ], [ 78.516, 15.018 ], [ 78.52, 15.005 ], [ 78.511, 14.995 ], [ 78.515, 14.983 ], [ 78.506, 14.973 ], [ 78.51, 14.96 ], [ 78.502, 14.95 ], [ 78.489, 14.953 ], [ 78.48, 14.943 ], [ 78.484, 14.93 ], [ 78.475, 14.92 ], [ 78.479, 14.908 ], [ 78.492, 14.905 ], [ 78.501, 14.915 ], [ 78.497, 14.928 ], [ 78.506, 14.938 ], [ 78.518, 14.935 ], [ 78.527, 14.945 ], [ 78.523, 14.958 ], [ 78.532, 14.968 ], [ 78.545, 14.965 ], [ 78.549, 14.953 ], [ 78.54, 14.943 ], [ 78.544, 14.93 ], [ 78.557, 14.928 ], [ 78.566, 14.938 ], [ 78.578, 14.935 ], [ 78.587, 14.945 ], [ 78.6, 14.943 ], [ 78.609, 14.953 ], [ 78.622, 14.951 ], [ 78.626, 14.938 ], [ 78.638, 14.936 ], [ 78.642, 14.923 ], [ 78.655, 14.921 ], [ 78.664, 14.931 ], [ 78.677, 14.928 ], [ 78.686, 14.938 ], [ 78.682, 14.951 ], [ 78.69, 14.961 ], [ 78.703, 14.958 ], [ 78.712, 14.968 ], [ 78.708, 14.981 ], [ 78.717, 14.991 ], [ 78.713, 15.003 ], [ 78.722, 15.013 ], [ 78.734, 15.011 ], [ 78.743, 15.021 ], [ 78.739, 15.033 ], [ 78.748, 15.043 ], [ 78.761, 15.041 ], [ 78.77, 15.051 ], [ 78.766, 15.063 ], [ 78.753, 15.066 ], [ 78.749, 15.078 ], [ 78.757, 15.088 ], [ 78.753, 15.101 ], [ 78.762, 15.111 ], [ 78.758, 15.123 ], [ 78.745, 15.126 ], [ 78.741, 15.138 ], [ 78.75, 15.148 ], [ 78.746, 15.161 ], [ 78.755, 15.171 ], [ 78.751, 15.183 ], [ 78.738, 15.186 ], [ 78.734, 15.198 ], [ 78.743, 15.208 ], [ 78.739, 15.221 ], [ 78.748, 15.231 ], [ 78.743, 15.243 ], [ 78.731, 15.246 ], [ 78.727, 15.258 ], [ 78.735, 15.268 ], [ 78.731, 15.281 ], [ 78.74, 15.291 ], [ 78.736, 15.303 ], [ 78.745, 15.313 ], [ 78.741, 15.325 ], [ 78.75, 15.336 ], [ 78.746, 15.348 ], [ 78.754, 15.358 ], [ 78.75, 15.37 ], [ 78.759, 15.38 ], [ 78.755, 15.393 ], [ 78.764, 15.403 ], [ 78.76, 15.415 ], [ 78.769, 15.425 ], [ 78.765, 15.438 ], [ 78.774, 15.448 ], [ 78.77, 15.46 ], [ 78.778, 15.47 ], [ 78.774, 15.483 ], [ 78.783, 15.493 ], [ 78.779, 15.505 ], [ 78.766, 15.508 ], [ 78.762, 15.52 ], [ 78.771, 15.53 ], [ 78.767, 15.543 ], [ 78.776, 15.553 ], [ 78.772, 15.565 ], [ 78.781, 15.575 ], [ 78.777, 15.588 ], [ 78.764, 15.59 ], [ 78.76, 15.603 ], [ 78.768, 15.613 ], [ 78.764, 15.625 ], [ 78.773, 15.635 ], [ 78.769, 15.648 ], [ 78.778, 15.658 ], [ 78.774, 15.67 ], [ 78.783, 15.68 ], [ 78.779, 15.692 ], [ 78.788, 15.702 ], [ 78.784, 15.715 ], [ 78.792, 15.725 ], [ 78.788, 15.737 ], [ 78.797, 15.747 ], [ 78.793, 15.76 ], [ 78.802, 15.77 ], [ 78.798, 15.782 ], [ 78.807, 15.792 ], [ 78.803, 15.805 ], [ 78.811, 15.815 ], [ 78.807, 15.827 ], [ 78.816, 15.837 ], [ 78.812, 15.85 ], [ 78.821, 15.86 ], [ 78.817, 15.872 ], [ 78.826, 15.882 ], [ 78.822, 15.895 ], [ 78.831, 15.905 ], [ 78.843, 15.902 ], [ 78.852, 15.912 ], [ 78.848, 15.925 ], [ 78.857, 15.935 ], [ 78.87, 15.932 ], [ 78.879, 15.942 ], [ 78.892, 15.94 ], [ 78.901, 15.95 ], [ 78.897, 15.963 ], [ 78.905, 15.973 ], [ 78.901, 15.985 ], [ 78.91, 15.995 ], [ 78.906, 16.007 ], [ 78.915, 16.018 ], [ 78.911, 16.03 ], [ 78.92, 16.04 ], [ 78.916, 16.052 ], [ 78.925, 16.062 ], [ 78.921, 16.075 ], [ 78.929, 16.085 ], [ 78.925, 16.097 ], [ 78.912, 16.1 ], [ 78.904, 16.09 ], [ 78.891, 16.092 ], [ 78.882, 16.082 ], [ 78.869, 16.084 ], [ 78.86, 16.074 ], [ 78.847, 16.077 ], [ 78.838, 16.067 ], [ 78.842, 16.054 ], [ 78.834, 16.044 ], [ 78.821, 16.047 ], [ 78.812, 16.037 ], [ 78.799, 16.039 ], [ 78.79, 16.029 ], [ 78.777, 16.031 ], [ 78.768, 16.021 ], [ 78.756, 16.024 ], [ 78.747, 16.014 ], [ 78.734, 16.016 ], [ 78.73, 16.029 ], [ 78.717, 16.031 ], [ 78.708, 16.021 ], [ 78.695, 16.023 ], [ 78.691, 16.036 ], [ 78.678, 16.038 ], [ 78.674, 16.05 ], [ 78.661, 16.053 ], [ 78.657, 16.065 ], [ 78.645, 16.068 ], [ 78.641, 16.08 ], [ 78.628, 16.082 ], [ 78.624, 16.095 ], [ 78.611, 16.097 ], [ 78.602, 16.087 ], [ 78.606, 16.075 ], [ 78.597, 16.065 ], [ 78.584, 16.067 ], [ 78.576, 16.057 ], [ 78.563, 16.059 ], [ 78.554, 16.049 ], [ 78.541, 16.052 ], [ 78.532, 16.042 ], [ 78.519, 16.044 ], [ 78.515, 16.056 ], [ 78.502, 16.059 ], [ 78.498, 16.071 ], [ 78.486, 16.074 ], [ 78.477, 16.064 ], [ 78.464, 16.066 ], [ 78.455, 16.056 ], [ 78.442, 16.058 ], [ 78.434, 16.048 ], [ 78.421, 16.051 ], [ 78.417, 16.063 ], [ 78.404, 16.065 ], [ 78.395, 16.055 ], [ 78.382, 16.058 ], [ 78.373, 16.048 ], [ 78.361, 16.05 ], [ 78.352, 16.04 ], [ 78.339, 16.042 ], [ 78.33, 16.032 ], [ 78.334, 16.02 ], [ 78.326, 16.01 ], [ 78.313, 16.012 ], [ 78.304, 16.002 ], [ 78.291, 16.005 ], [ 78.282, 15.995 ], [ 78.27, 15.997 ], [ 78.261, 15.987 ], [ 78.248, 15.989 ], [ 78.239, 15.979 ], [ 78.243, 15.967 ], [ 78.256, 15.964 ], [ 78.26, 15.952 ], [ 78.251, 15.942 ], [ 78.255, 15.93 ], [ 78.247, 15.92 ], [ 78.234, 15.922 ], [ 78.225, 15.912 ], [ 78.212, 15.914 ], [ 78.204, 15.904 ], [ 78.191, 15.907 ], [ 78.182, 15.897 ], [ 78.186, 15.884 ], [ 78.177, 15.874 ], [ 78.181, 15.862 ], [ 78.173, 15.852 ], [ 78.16, 15.854 ], [ 78.151, 15.844 ], [ 78.138, 15.847 ], [ 78.129, 15.836 ], [ 78.117, 15.839 ], [ 78.108, 15.829 ], [ 78.095, 15.831 ], [ 78.091, 15.844 ], [ 78.078, 15.846 ], [ 78.074, 15.858 ], [ 78.062, 15.861 ], [ 78.058, 15.873 ], [ 78.045, 15.875 ], [ 78.041, 15.888 ], [ 78.049, 15.898 ], [ 78.045, 15.91 ], [ 78.033, 15.912 ], [ 78.024, 15.902 ], [ 78.028, 15.89 ], [ 78.019, 15.88 ], [ 78.006, 15.882 ], [ 77.998, 15.872 ], [ 77.985, 15.875 ], [ 77.981, 15.887 ], [ 77.968, 15.889 ], [ 77.959, 15.879 ], [ 77.947, 15.882 ], [ 77.943, 15.894 ], [ 77.93, 15.896 ], [ 77.921, 15.886 ], [ 77.908, 15.889 ], [ 77.904, 15.901 ], [ 77.892, 15.903 ], [ 77.883, 15.893 ], [ 77.87, 15.896 ], [ 77.861, 15.886 ], [ 77.849, 15.888 ], [ 77.84, 15.878 ], [ 77.827, 15.88 ], [ 77.818, 15.87 ], [ 77.806, 15.873 ], [ 77.802, 15.885 ], [ 77.789, 15.887 ], [ 77.78, 15.877 ], [ 77.767, 15.88 ], [ 77.763, 15.892 ], [ 77.751, 15.894 ], [ 77.742, 15.884 ], [ 77.729, 15.887 ], [ 77.725, 15.899 ], [ 77.713, 15.901 ], [ 77.704, 15.891 ], [ 77.691, 15.894 ], [ 77.682, 15.884 ], [ 77.67, 15.886 ], [ 77.661, 15.876 ], [ 77.648, 15.878 ], [ 77.644, 15.891 ], [ 77.631, 15.893 ], [ 77.627, 15.905 ], [ 77.615, 15.907 ], [ 77.611, 15.92 ], [ 77.598, 15.922 ], [ 77.589, 15.912 ], [ 77.577, 15.914 ], [ 77.573, 15.927 ], [ 77.56, 15.929 ], [ 77.551, 15.919 ], [ 77.538, 15.921 ], [ 77.534, 15.934 ], [ 77.522, 15.936 ], [ 77.513, 15.926 ], [ 77.5, 15.928 ], [ 77.496, 15.941 ], [ 77.484, 15.943 ], [ 77.475, 15.933 ], [ 77.462, 15.935 ], [ 77.458, 15.947 ], [ 77.445, 15.95 ], [ 77.437, 15.94 ], [ 77.424, 15.942 ], [ 77.415, 15.932 ], [ 77.403, 15.934 ], [ 77.399, 15.947 ], [ 77.386, 15.949 ], [ 77.377, 15.939 ], [ 77.365, 15.941 ], [ 77.361, 15.954 ], [ 77.348, 15.956 ], [ 77.339, 15.946 ], [ 77.327, 15.948 ], [ 77.323, 15.96 ], [ 77.31, 15.963 ], [ 77.301, 15.953 ], [ 77.289, 15.955 ], [ 77.28, 15.945 ], [ 77.267, 15.947 ], [ 77.263, 15.96 ], [ 77.251, 15.962 ], [ 77.242, 15.952 ], [ 77.229, 15.954 ], [ 77.225, 15.966 ], [ 77.213, 15.969 ], [ 77.204, 15.959 ], [ 77.191, 15.961 ], [ 77.183, 15.951 ], [ 77.17, 15.953 ], [ 77.161, 15.943 ], [ 77.149, 15.945 ], [ 77.14, 15.935 ], [ 77.127, 15.938 ], [ 77.119, 15.928 ], [ 77.106, 15.93 ], [ 77.098, 15.92 ], [ 77.085, 15.922 ], [ 77.076, 15.912 ], [ 77.064, 15.915 ], [ 77.055, 15.905 ], [ 77.059, 15.892 ], [ 77.05, 15.882 ], [ 77.055, 15.87 ], [ 77.046, 15.86 ], [ 77.033, 15.862 ], [ 77.025, 15.852 ], [ 77.029, 15.84 ], [ 77.041, 15.838 ], [ 77.045, 15.825 ], [ 77.058, 15.823 ], [ 77.062, 15.811 ], [ 77.075, 15.809 ], [ 77.079, 15.796 ], [ 77.07, 15.786 ], [ 77.058, 15.789 ], [ 77.049, 15.778 ], [ 77.053, 15.766 ], [ 77.044, 15.756 ], [ 77.048, 15.744 ], [ 77.061, 15.742 ], [ 77.065, 15.729 ], [ 77.078, 15.727 ], [ 77.082, 15.715 ], [ 77.073, 15.705 ], [ 77.077, 15.692 ], [ 77.09, 15.69 ], [ 77.094, 15.678 ], [ 77.106, 15.676 ], [ 77.111, 15.663 ], [ 77.123, 15.661 ], [ 77.127, 15.649 ], [ 77.119, 15.639 ], [ 77.106, 15.641 ], [ 77.102, 15.653 ], [ 77.089, 15.656 ], [ 77.081, 15.646 ], [ 77.068, 15.648 ], [ 77.059, 15.638 ], [ 77.047, 15.64 ], [ 77.038, 15.63 ], [ 77.042, 15.618 ], [ 77.034, 15.608 ], [ 77.038, 15.596 ], [ 77.029, 15.586 ], [ 77.033, 15.573 ], [ 77.025, 15.563 ], [ 77.029, 15.551 ], [ 77.02, 15.541 ], [ 77.024, 15.529 ], [ 77.037, 15.526 ], [ 77.041, 15.514 ], [ 77.032, 15.504 ], [ 77.019, 15.506 ], [ 77.011, 15.496 ], [ 76.998, 15.499 ], [ 76.994, 15.511 ], [ 76.982, 15.513 ], [ 76.973, 15.503 ], [ 76.977, 15.491 ], [ 76.99, 15.489 ], [ 76.994, 15.476 ], [ 77.006, 15.474 ], [ 77.01, 15.462 ], [ 77.002, 15.452 ], [ 77.006, 15.439 ], [ 77.018, 15.437 ], [ 77.022, 15.425 ], [ 77.035, 15.422 ], [ 77.039, 15.41 ], [ 77.031, 15.4 ], [ 77.035, 15.388 ], [ 77.047, 15.386 ], [ 77.051, 15.373 ], [ 77.043, 15.363 ], [ 77.047, 15.351 ], [ 77.059, 15.349 ], [ 77.063, 15.336 ], [ 77.076, 15.334 ], [ 77.08, 15.322 ], [ 77.093, 15.319 ], [ 77.101, 15.329 ], [ 77.114, 15.327 ], [ 77.118, 15.315 ], [ 77.109, 15.305 ], [ 77.113, 15.292 ], [ 77.126, 15.29 ], [ 77.134, 15.3 ], [ 77.147, 15.298 ], [ 77.151, 15.285 ], [ 77.164, 15.283 ], [ 77.168, 15.271 ], [ 77.159, 15.261 ], [ 77.147, 15.263 ], [ 77.138, 15.253 ], [ 77.142, 15.241 ], [ 77.133, 15.231 ], [ 77.137, 15.218 ], [ 77.15, 15.216 ], [ 77.154, 15.204 ], [ 77.167, 15.201 ], [ 77.171, 15.189 ], [ 77.162, 15.179 ], [ 77.166, 15.167 ], [ 77.158, 15.157 ], [ 77.145, 15.159 ], [ 77.136, 15.149 ], [ 77.14, 15.137 ], [ 77.153, 15.134 ], [ 77.162, 15.144 ], [ 77.174, 15.142 ], [ 77.183, 15.152 ], [ 77.195, 15.15 ], [ 77.204, 15.16 ], [ 77.217, 15.157 ], [ 77.221, 15.145 ], [ 77.233, 15.143 ], [ 77.242, 15.153 ], [ 77.255, 15.15 ], [ 77.259, 15.138 ], [ 77.271, 15.136 ], [ 77.275, 15.123 ], [ 77.288, 15.121 ], [ 77.297, 15.131 ], [ 77.293, 15.143 ], [ 77.301, 15.153 ], [ 77.314, 15.151 ], [ 77.322, 15.161 ], [ 77.318, 15.173 ], [ 77.327, 15.183 ], [ 77.34, 15.181 ], [ 77.348, 15.191 ], [ 77.344, 15.203 ], [ 77.353, 15.213 ], [ 77.366, 15.211 ], [ 77.374, 15.221 ], [ 77.387, 15.219 ], [ 77.395, 15.229 ], [ 77.408, 15.226 ], [ 77.412, 15.214 ], [ 77.425, 15.212 ], [ 77.433, 15.222 ], [ 77.446, 15.219 ], [ 77.455, 15.229 ], [ 77.467, 15.227 ], [ 77.471, 15.214 ], [ 77.484, 15.212 ], [ 77.493, 15.222 ], [ 77.505, 15.22 ], [ 77.514, 15.23 ], [ 77.527, 15.227 ], [ 77.531, 15.215 ], [ 77.543, 15.213 ], [ 77.547, 15.2 ], [ 77.56, 15.198 ], [ 77.569, 15.208 ], [ 77.582, 15.206 ], [ 77.586, 15.193 ], [ 77.598, 15.191 ], [ 77.607, 15.201 ], [ 77.62, 15.198 ], [ 77.628, 15.208 ], [ 77.641, 15.206 ], [ 77.65, 15.216 ], [ 77.646, 15.228 ], [ 77.654, 15.238 ], [ 77.667, 15.236 ], [ 77.671, 15.224 ], [ 77.684, 15.221 ], [ 77.688, 15.209 ], [ 77.7, 15.207 ], [ 77.704, 15.194 ], [ 77.696, 15.184 ], [ 77.7, 15.172 ], [ 77.712, 15.169 ], [ 77.721, 15.179 ], [ 77.734, 15.177 ], [ 77.738, 15.165 ], [ 77.729, 15.155 ], [ 77.733, 15.142 ], [ 77.746, 15.14 ], [ 77.75, 15.128 ], [ 77.763, 15.125 ], [ 77.767, 15.113 ], [ 77.779, 15.11 ], [ 77.788, 15.12 ], [ 77.801, 15.118 ], [ 77.809, 15.128 ], [ 77.805, 15.14 ], [ 77.814, 15.15 ], [ 77.827, 15.148 ], [ 77.831, 15.136 ], [ 77.844, 15.133 ], [ 77.852, 15.143 ], [ 77.865, 15.141 ], [ 77.874, 15.151 ], [ 77.87, 15.163 ], [ 77.878, 15.173 ], [ 77.891, 15.171 ], [ 77.9, 15.181 ], [ 77.913, 15.178 ], [ 77.917, 15.166 ], [ 77.929, 15.164 ], [ 77.933, 15.151 ], [ 77.925, 15.141 ], [ 77.912, 15.144 ], [ 77.903, 15.134 ], [ 77.907, 15.121 ], [ 77.92, 15.119 ], [ 77.924, 15.106 ], [ 77.937, 15.104 ], [ 77.945, 15.114 ], [ 77.958, 15.112 ], [ 77.967, 15.122 ], [ 77.963, 15.134 ], [ 77.972, 15.144 ], [ 77.984, 15.142 ], [ 77.988, 15.129 ], [ 78.001, 15.127 ], [ 78.005, 15.114 ], [ 78.018, 15.112 ], [ 78.022, 15.1 ], [ 78.013, 15.09 ], [ 78.0, 15.092 ], [ 77.992, 15.082 ], [ 77.996, 15.07 ], [ 78.008, 15.067 ], [ 78.012, 15.055 ], [ 78.004, 15.045 ], [ 78.008, 15.032 ], [ 78.021, 15.03 ], [ 78.025, 15.018 ], [ 78.037, 15.015 ], [ 78.041, 15.003 ], [ 78.054, 15.0 ], [ 78.058, 14.988 ], [ 78.071, 14.985 ], [ 78.08, 14.995 ], [ 78.092, 14.993 ], [ 78.096, 14.981 ], [ 78.109, 14.978 ], [ 78.113, 14.966 ], [ 78.126, 14.963 ], [ 78.13, 14.951 ], [ 78.143, 14.949 ], [ 78.151, 14.959 ], [ 78.164, 14.956 ], [ 78.173, 14.966 ], [ 78.186, 14.964 ] ] ] ] } },
{ "type": "Feature", "properties": { "POLYGON.ID": 292.0, "subregion": "IN-AP--pelagic", "FILTER": "Andhra Pradesh", "POLYGON": "IN-AP--pelagic", "STATE": "Andhra Pradesh", "COUNTY": "spl_region", "OWNER": null }, "geometry": { "type": "MultiPolygon", "coordinates": [ [ [ [ 86.093, 15.55 ], [ 86.107, 15.547 ], [ 86.116, 15.557 ], [ 86.13, 15.554 ], [ 86.139, 15.564 ], [ 86.135, 15.577 ], [ 86.145, 15.587 ], [ 86.159, 15.584 ], [ 86.168, 15.594 ], [ 86.182, 15.591 ], [ 86.191, 15.601 ], [ 86.205, 15.599 ], [ 86.215, 15.609 ], [ 86.211, 15.622 ], [ 86.22, 15.632 ], [ 86.234, 15.629 ], [ 86.243, 15.639 ], [ 86.257, 15.636 ], [ 86.267, 15.646 ], [ 86.263, 15.659 ], [ 86.272, 15.669 ], [ 86.286, 15.666 ], [ 86.295, 15.676 ], [ 86.292, 15.689 ], [ 86.301, 15.699 ], [ 86.315, 15.696 ], [ 86.324, 15.706 ], [ 86.338, 15.703 ], [ 86.348, 15.713 ], [ 86.344, 15.726 ], [ 86.353, 15.736 ], [ 86.367, 15.733 ], [ 86.376, 15.743 ], [ 86.372, 15.756 ], [ 86.382, 15.766 ], [ 86.396, 15.763 ], [ 86.405, 15.773 ], [ 86.419, 15.77 ], [ 86.429, 15.78 ], [ 86.425, 15.793 ], [ 86.434, 15.803 ], [ 86.448, 15.8 ], [ 86.458, 15.81 ], [ 86.471, 15.807 ], [ 86.481, 15.817 ], [ 86.477, 15.83 ], [ 86.486, 15.84 ], [ 86.5, 15.837 ], [ 86.51, 15.847 ], [ 86.506, 15.86 ], [ 86.515, 15.87 ], [ 86.529, 15.867 ], [ 86.539, 15.877 ], [ 86.552, 15.874 ], [ 86.562, 15.884 ], [ 86.558, 15.897 ], [ 86.568, 15.907 ], [ 86.581, 15.904 ], [ 86.591, 15.914 ], [ 86.587, 15.927 ], [ 86.597, 15.937 ], [ 86.61, 15.934 ], [ 86.62, 15.944 ], [ 86.616, 15.957 ], [ 86.625, 15.967 ], [ 86.639, 15.964 ], [ 86.649, 15.974 ], [ 86.645, 15.987 ], [ 86.654, 15.997 ], [ 86.668, 15.994 ], [ 86.678, 16.004 ], [ 86.674, 16.017 ], [ 86.683, 16.027 ], [ 86.697, 16.024 ], [ 86.707, 16.034 ], [ 86.703, 16.047 ], [ 86.712, 16.057 ], [ 86.726, 16.054 ], [ 86.736, 16.065 ], [ 86.732, 16.077 ], [ 86.741, 16.087 ], [ 86.755, 16.085 ], [ 86.765, 16.095 ], [ 86.761, 16.107 ], [ 86.77, 16.118 ], [ 86.784, 16.115 ], [ 86.794, 16.125 ], [ 86.79, 16.138 ], [ 86.8, 16.148 ], [ 86.813, 16.145 ], [ 86.823, 16.155 ], [ 86.819, 16.168 ], [ 86.829, 16.178 ], [ 86.842, 16.175 ], [ 86.852, 16.185 ], [ 86.848, 16.198 ], [ 86.858, 16.208 ], [ 86.871, 16.205 ], [ 86.881, 16.215 ], [ 86.877, 16.228 ], [ 86.887, 16.238 ], [ 86.9, 16.235 ], [ 86.91, 16.245 ], [ 86.906, 16.258 ], [ 86.916, 16.268 ], [ 86.929, 16.265 ], [ 86.939, 16.275 ], [ 86.935, 16.288 ], [ 86.945, 16.298 ], [ 86.958, 16.295 ], [ 86.968, 16.305 ], [ 86.964, 16.318 ], [ 86.974, 16.328 ], [ 86.988, 16.325 ], [ 86.997, 16.335 ], [ 86.993, 16.348 ], [ 87.003, 16.358 ], [ 87.017, 16.355 ], [ 87.026, 16.365 ], [ 87.022, 16.378 ], [ 87.032, 16.388 ], [ 87.046, 16.385 ], [ 87.055, 16.395 ], [ 87.052, 16.408 ], [ 87.061, 16.418 ], [ 87.057, 16.431 ], [ 87.067, 16.441 ], [ 87.081, 16.438 ], [ 87.09, 16.448 ], [ 87.086, 16.461 ], [ 87.096, 16.471 ], [ 87.11, 16.468 ], [ 87.119, 16.478 ], [ 87.116, 16.491 ], [ 87.125, 16.501 ], [ 87.139, 16.498 ], [ 87.149, 16.508 ], [ 87.145, 16.521 ], [ 87.131, 16.523 ], [ 87.127, 16.536 ], [ 87.113, 16.539 ], [ 87.109, 16.552 ], [ 87.096, 16.555 ], [ 87.092, 16.568 ], [ 87.101, 16.578 ], [ 87.097, 16.591 ], [ 87.084, 16.594 ], [ 87.08, 16.607 ], [ 87.066, 16.61 ], [ 87.062, 16.623 ], [ 87.048, 16.626 ], [ 87.044, 16.639 ], [ 87.054, 16.649 ], [ 87.05, 16.662 ], [ 87.036, 16.665 ], [ 87.033, 16.678 ], [ 87.019, 16.681 ], [ 87.015, 16.694 ], [ 87.025, 16.704 ], [ 87.021, 16.717 ], [ 87.007, 16.72 ], [ 87.003, 16.733 ], [ 86.989, 16.735 ], [ 86.985, 16.748 ], [ 86.972, 16.751 ], [ 86.968, 16.764 ], [ 86.977, 16.774 ], [ 86.973, 16.787 ], [ 86.96, 16.79 ], [ 86.956, 16.803 ], [ 86.942, 16.806 ], [ 86.938, 16.819 ], [ 86.924, 16.822 ], [ 86.92, 16.835 ], [ 86.93, 16.845 ], [ 86.926, 16.858 ], [ 86.912, 16.861 ], [ 86.908, 16.874 ], [ 86.895, 16.877 ], [ 86.891, 16.89 ], [ 86.9, 16.899 ], [ 86.896, 16.912 ], [ 86.883, 16.915 ], [ 86.879, 16.928 ], [ 86.865, 16.931 ], [ 86.861, 16.944 ], [ 86.847, 16.947 ], [ 86.843, 16.96 ], [ 86.853, 16.97 ], [ 86.849, 16.983 ], [ 86.835, 16.986 ], [ 86.831, 16.999 ], [ 86.818, 17.002 ], [ 86.814, 17.015 ], [ 86.823, 17.025 ], [ 86.819, 17.037 ], [ 86.806, 17.04 ], [ 86.802, 17.053 ], [ 86.788, 17.056 ], [ 86.784, 17.069 ], [ 86.77, 17.072 ], [ 86.766, 17.085 ], [ 86.776, 17.095 ], [ 86.772, 17.108 ], [ 86.758, 17.111 ], [ 86.755, 17.124 ], [ 86.741, 17.127 ], [ 86.737, 17.139 ], [ 86.723, 17.142 ], [ 86.719, 17.155 ], [ 86.729, 17.165 ], [ 86.725, 17.178 ], [ 86.711, 17.181 ], [ 86.707, 17.194 ], [ 86.693, 17.197 ], [ 86.69, 17.21 ], [ 86.676, 17.213 ], [ 86.672, 17.226 ], [ 86.682, 17.236 ], [ 86.678, 17.248 ], [ 86.664, 17.251 ], [ 86.66, 17.264 ], [ 86.646, 17.267 ], [ 86.642, 17.28 ], [ 86.652, 17.29 ], [ 86.648, 17.303 ], [ 86.634, 17.306 ], [ 86.63, 17.319 ], [ 86.617, 17.322 ], [ 86.613, 17.334 ], [ 86.599, 17.337 ], [ 86.595, 17.35 ], [ 86.605, 17.36 ], [ 86.601, 17.373 ], [ 86.587, 17.376 ], [ 86.583, 17.389 ], [ 86.569, 17.392 ], [ 86.565, 17.405 ], [ 86.551, 17.407 ], [ 86.547, 17.42 ], [ 86.557, 17.43 ], [ 86.553, 17.443 ], [ 86.539, 17.446 ], [ 86.535, 17.459 ], [ 86.522, 17.462 ], [ 86.518, 17.475 ], [ 86.527, 17.485 ], [ 86.524, 17.497 ], [ 86.51, 17.5 ], [ 86.506, 17.513 ], [ 86.492, 17.516 ], [ 86.488, 17.529 ], [ 86.498, 17.539 ], [ 86.494, 17.552 ], [ 86.48, 17.555 ], [ 86.476, 17.568 ], [ 86.462, 17.57 ], [ 86.458, 17.583 ], [ 86.445, 17.586 ], [ 86.441, 17.599 ], [ 86.45, 17.609 ], [ 86.446, 17.622 ], [ 86.433, 17.625 ], [ 86.429, 17.638 ], [ 86.415, 17.64 ], [ 86.411, 17.653 ], [ 86.397, 17.656 ], [ 86.393, 17.669 ], [ 86.38, 17.672 ], [ 86.376, 17.685 ], [ 86.385, 17.695 ], [ 86.381, 17.707 ], [ 86.368, 17.71 ], [ 86.364, 17.723 ], [ 86.35, 17.726 ], [ 86.346, 17.739 ], [ 86.332, 17.742 ], [ 86.328, 17.754 ], [ 86.315, 17.757 ], [ 86.311, 17.77 ], [ 86.297, 17.773 ], [ 86.293, 17.786 ], [ 86.279, 17.789 ], [ 86.275, 17.802 ], [ 86.262, 17.804 ], [ 86.258, 17.817 ], [ 86.244, 17.82 ], [ 86.24, 17.833 ], [ 86.226, 17.836 ], [ 86.222, 17.848 ], [ 86.208, 17.851 ], [ 86.204, 17.864 ], [ 86.191, 17.867 ], [ 86.187, 17.88 ], [ 86.173, 17.883 ], [ 86.169, 17.895 ], [ 86.155, 17.898 ], [ 86.151, 17.911 ], [ 86.138, 17.914 ], [ 86.134, 17.927 ], [ 86.12, 17.929 ], [ 86.116, 17.942 ], [ 86.102, 17.945 ], [ 86.098, 17.958 ], [ 86.085, 17.961 ], [ 86.081, 17.974 ], [ 86.09, 17.984 ], [ 86.086, 17.996 ], [ 86.073, 17.999 ], [ 86.069, 18.012 ], [ 86.055, 18.015 ], [ 86.051, 18.028 ], [ 86.037, 18.03 ], [ 86.033, 18.043 ], [ 86.019, 18.046 ], [ 86.015, 18.059 ], [ 86.002, 18.062 ], [ 85.998, 18.074 ], [ 85.984, 18.077 ], [ 85.98, 18.09 ], [ 85.966, 18.093 ], [ 85.962, 18.106 ], [ 85.949, 18.108 ], [ 85.945, 18.121 ], [ 85.931, 18.124 ], [ 85.927, 18.137 ], [ 85.913, 18.139 ], [ 85.909, 18.152 ], [ 85.919, 18.162 ], [ 85.915, 18.175 ], [ 85.901, 18.178 ], [ 85.897, 18.191 ], [ 85.884, 18.193 ], [ 85.88, 18.206 ], [ 85.866, 18.209 ], [ 85.862, 18.222 ], [ 85.848, 18.225 ], [ 85.844, 18.237 ], [ 85.83, 18.24 ], [ 85.826, 18.253 ], [ 85.813, 18.256 ], [ 85.809, 18.268 ], [ 85.795, 18.271 ], [ 85.791, 18.284 ], [ 85.777, 18.287 ], [ 85.773, 18.299 ], [ 85.76, 18.302 ], [ 85.756, 18.315 ], [ 85.742, 18.318 ], [ 85.738, 18.33 ], [ 85.724, 18.333 ], [ 85.72, 18.346 ], [ 85.73, 18.356 ], [ 85.726, 18.369 ], [ 85.712, 18.372 ], [ 85.708, 18.384 ], [ 85.695, 18.387 ], [ 85.691, 18.4 ], [ 85.677, 18.403 ], [ 85.673, 18.415 ], [ 85.659, 18.418 ], [ 85.655, 18.431 ], [ 85.641, 18.434 ], [ 85.637, 18.446 ], [ 85.624, 18.449 ], [ 85.62, 18.462 ], [ 85.606, 18.465 ], [ 85.602, 18.477 ], [ 85.588, 18.48 ], [ 85.584, 18.493 ], [ 85.571, 18.495 ], [ 85.567, 18.508 ], [ 85.553, 18.511 ], [ 85.549, 18.524 ], [ 85.559, 18.534 ], [ 85.555, 18.546 ], [ 85.541, 18.549 ], [ 85.537, 18.562 ], [ 85.523, 18.565 ], [ 85.519, 18.577 ], [ 85.506, 18.58 ], [ 85.501, 18.593 ], [ 85.488, 18.596 ], [ 85.478, 18.586 ], [ 85.465, 18.588 ], [ 85.46, 18.601 ], [ 85.447, 18.604 ], [ 85.443, 18.616 ], [ 85.429, 18.619 ], [ 85.425, 18.632 ], [ 85.411, 18.635 ], [ 85.407, 18.647 ], [ 85.394, 18.65 ], [ 85.39, 18.663 ], [ 85.376, 18.665 ], [ 85.372, 18.678 ], [ 85.358, 18.681 ], [ 85.354, 18.694 ], [ 85.341, 18.696 ], [ 85.331, 18.686 ], [ 85.317, 18.689 ], [ 85.313, 18.702 ], [ 85.3, 18.704 ], [ 85.296, 18.717 ], [ 85.282, 18.72 ], [ 85.278, 18.733 ], [ 85.264, 18.735 ], [ 85.26, 18.748 ], [ 85.247, 18.751 ], [ 85.243, 18.763 ], [ 85.229, 18.766 ], [ 85.219, 18.756 ], [ 85.206, 18.759 ], [ 85.202, 18.771 ], [ 85.188, 18.774 ], [ 85.184, 18.787 ], [ 85.17, 18.79 ], [ 85.166, 18.802 ], [ 85.153, 18.805 ], [ 85.149, 18.818 ], [ 85.135, 18.82 ], [ 85.131, 18.833 ], [ 85.117, 18.836 ], [ 85.108, 18.826 ], [ 85.094, 18.828 ], [ 85.09, 18.841 ], [ 85.076, 18.844 ], [ 85.072, 18.856 ], [ 85.059, 18.859 ], [ 85.055, 18.872 ], [ 85.041, 18.874 ], [ 85.037, 18.887 ], [ 85.023, 18.89 ], [ 85.019, 18.902 ], [ 85.006, 18.905 ], [ 85.001, 18.918 ], [ 84.988, 18.92 ], [ 84.984, 18.933 ], [ 84.97, 18.936 ], [ 84.961, 18.926 ], [ 84.947, 18.928 ], [ 84.943, 18.941 ], [ 84.929, 18.944 ], [ 84.925, 18.956 ], [ 84.912, 18.959 ], [ 84.908, 18.972 ], [ 84.894, 18.974 ], [ 84.884, 18.964 ], [ 84.888, 18.952 ], [ 84.879, 18.942 ], [ 84.883, 18.929 ], [ 84.873, 18.919 ], [ 84.86, 18.922 ], [ 84.85, 18.912 ], [ 84.854, 18.899 ], [ 84.844, 18.889 ], [ 84.848, 18.876 ], [ 84.839, 18.866 ], [ 84.825, 18.869 ], [ 84.816, 18.859 ], [ 84.82, 18.846 ], [ 84.81, 18.836 ], [ 84.797, 18.839 ], [ 84.787, 18.829 ], [ 84.791, 18.816 ], [ 84.781, 18.806 ], [ 84.768, 18.809 ], [ 84.758, 18.799 ], [ 84.745, 18.802 ], [ 84.735, 18.792 ], [ 84.739, 18.779 ], [ 84.729, 18.769 ], [ 84.734, 18.756 ], [ 84.724, 18.746 ], [ 84.728, 18.734 ], [ 84.718, 18.724 ], [ 84.705, 18.726 ], [ 84.695, 18.716 ], [ 84.699, 18.704 ], [ 84.69, 18.694 ], [ 84.694, 18.681 ], [ 84.684, 18.671 ], [ 84.671, 18.674 ], [ 84.661, 18.664 ], [ 84.665, 18.651 ], [ 84.656, 18.641 ], [ 84.642, 18.644 ], [ 84.632, 18.634 ], [ 84.619, 18.636 ], [ 84.609, 18.626 ], [ 84.613, 18.614 ], [ 84.604, 18.604 ], [ 84.608, 18.591 ], [ 84.598, 18.581 ], [ 84.602, 18.568 ], [ 84.593, 18.558 ], [ 84.579, 18.561 ], [ 84.57, 18.551 ], [ 84.574, 18.538 ], [ 84.564, 18.528 ], [ 84.55, 18.531 ], [ 84.541, 18.521 ], [ 84.527, 18.524 ], [ 84.518, 18.514 ], [ 84.522, 18.501 ], [ 84.512, 18.491 ], [ 84.516, 18.478 ], [ 84.507, 18.468 ], [ 84.511, 18.456 ], [ 84.501, 18.446 ], [ 84.488, 18.448 ], [ 84.478, 18.438 ], [ 84.482, 18.426 ], [ 84.473, 18.416 ], [ 84.459, 18.418 ], [ 84.45, 18.408 ], [ 84.436, 18.411 ], [ 84.426, 18.401 ], [ 84.43, 18.388 ], [ 84.421, 18.378 ], [ 84.407, 18.381 ], [ 84.398, 18.371 ], [ 84.384, 18.374 ], [ 84.375, 18.364 ], [ 84.379, 18.351 ], [ 84.369, 18.341 ], [ 84.356, 18.343 ], [ 84.346, 18.333 ], [ 84.35, 18.321 ], [ 84.341, 18.311 ], [ 84.327, 18.313 ], [ 84.318, 18.303 ], [ 84.322, 18.291 ], [ 84.312, 18.281 ], [ 84.299, 18.283 ], [ 84.289, 18.273 ], [ 84.293, 18.261 ], [ 84.284, 18.251 ], [ 84.288, 18.238 ], [ 84.278, 18.228 ], [ 84.282, 18.215 ], [ 84.273, 18.205 ], [ 84.259, 18.208 ], [ 84.25, 18.198 ], [ 84.254, 18.185 ], [ 84.244, 18.175 ], [ 84.231, 18.178 ], [ 84.221, 18.168 ], [ 84.208, 18.171 ], [ 84.198, 18.161 ], [ 84.202, 18.148 ], [ 84.193, 18.138 ], [ 84.179, 18.14 ], [ 84.17, 18.13 ], [ 84.156, 18.133 ], [ 84.146, 18.123 ], [ 84.133, 18.126 ], [ 84.123, 18.116 ], [ 84.11, 18.118 ], [ 84.1, 18.108 ], [ 84.087, 18.111 ], [ 84.077, 18.101 ], [ 84.081, 18.088 ], [ 84.072, 18.078 ], [ 84.058, 18.081 ], [ 84.049, 18.071 ], [ 84.035, 18.074 ], [ 84.026, 18.064 ], [ 84.012, 18.066 ], [ 84.003, 18.056 ], [ 83.989, 18.059 ], [ 83.98, 18.049 ], [ 83.966, 18.051 ], [ 83.957, 18.041 ], [ 83.961, 18.029 ], [ 83.952, 18.019 ], [ 83.938, 18.021 ], [ 83.929, 18.011 ], [ 83.915, 18.014 ], [ 83.906, 18.004 ], [ 83.892, 18.007 ], [ 83.883, 17.997 ], [ 83.869, 17.999 ], [ 83.86, 17.989 ], [ 83.846, 17.992 ], [ 83.837, 17.982 ], [ 83.823, 17.984 ], [ 83.814, 17.974 ], [ 83.8, 17.977 ], [ 83.791, 17.967 ], [ 83.795, 17.954 ], [ 83.785, 17.944 ], [ 83.772, 17.947 ], [ 83.762, 17.937 ], [ 83.749, 17.939 ], [ 83.739, 17.929 ], [ 83.743, 17.917 ], [ 83.734, 17.907 ], [ 83.721, 17.909 ], [ 83.711, 17.899 ], [ 83.715, 17.887 ], [ 83.706, 17.877 ], [ 83.692, 17.879 ], [ 83.683, 17.869 ], [ 83.687, 17.857 ], [ 83.677, 17.847 ], [ 83.664, 17.849 ], [ 83.654, 17.839 ], [ 83.659, 17.827 ], [ 83.649, 17.816 ], [ 83.636, 17.819 ], [ 83.626, 17.809 ], [ 83.613, 17.812 ], [ 83.603, 17.802 ], [ 83.607, 17.789 ], [ 83.598, 17.779 ], [ 83.584, 17.782 ], [ 83.575, 17.772 ], [ 83.579, 17.759 ], [ 83.57, 17.749 ], [ 83.574, 17.736 ], [ 83.564, 17.726 ], [ 83.568, 17.714 ], [ 83.559, 17.703 ], [ 83.545, 17.706 ], [ 83.536, 17.696 ], [ 83.54, 17.683 ], [ 83.531, 17.673 ], [ 83.517, 17.676 ], [ 83.508, 17.666 ], [ 83.512, 17.653 ], [ 83.502, 17.643 ], [ 83.506, 17.631 ], [ 83.497, 17.621 ], [ 83.483, 17.623 ], [ 83.474, 17.613 ], [ 83.478, 17.6 ], [ 83.469, 17.59 ], [ 83.455, 17.593 ], [ 83.446, 17.583 ], [ 83.432, 17.586 ], [ 83.423, 17.576 ], [ 83.427, 17.563 ], [ 83.418, 17.553 ], [ 83.404, 17.556 ], [ 83.395, 17.546 ], [ 83.399, 17.533 ], [ 83.389, 17.523 ], [ 83.376, 17.525 ], [ 83.367, 17.515 ], [ 83.371, 17.503 ], [ 83.361, 17.493 ], [ 83.348, 17.495 ], [ 83.338, 17.485 ], [ 83.342, 17.473 ], [ 83.333, 17.463 ], [ 83.32, 17.465 ], [ 83.31, 17.455 ], [ 83.297, 17.458 ], [ 83.287, 17.448 ], [ 83.291, 17.435 ], [ 83.282, 17.425 ], [ 83.269, 17.428 ], [ 83.259, 17.418 ], [ 83.246, 17.42 ], [ 83.236, 17.41 ], [ 83.223, 17.413 ], [ 83.214, 17.403 ], [ 83.2, 17.405 ], [ 83.191, 17.395 ], [ 83.177, 17.398 ], [ 83.168, 17.388 ], [ 83.172, 17.375 ], [ 83.163, 17.365 ], [ 83.149, 17.368 ], [ 83.14, 17.358 ], [ 83.127, 17.36 ], [ 83.117, 17.35 ], [ 83.104, 17.353 ], [ 83.094, 17.343 ], [ 83.098, 17.33 ], [ 83.089, 17.32 ], [ 83.076, 17.323 ], [ 83.066, 17.313 ], [ 83.053, 17.315 ], [ 83.044, 17.305 ], [ 83.03, 17.308 ], [ 83.021, 17.298 ], [ 83.007, 17.301 ], [ 82.998, 17.291 ], [ 82.985, 17.293 ], [ 82.975, 17.283 ], [ 82.962, 17.286 ], [ 82.953, 17.276 ], [ 82.957, 17.263 ], [ 82.947, 17.253 ], [ 82.934, 17.256 ], [ 82.925, 17.246 ], [ 82.911, 17.248 ], [ 82.902, 17.238 ], [ 82.888, 17.241 ], [ 82.879, 17.231 ], [ 82.866, 17.233 ], [ 82.856, 17.223 ], [ 82.843, 17.226 ], [ 82.834, 17.216 ], [ 82.82, 17.218 ], [ 82.811, 17.208 ], [ 82.798, 17.211 ], [ 82.788, 17.201 ], [ 82.775, 17.204 ], [ 82.766, 17.193 ], [ 82.77, 17.181 ], [ 82.76, 17.171 ], [ 82.747, 17.173 ], [ 82.738, 17.163 ], [ 82.724, 17.166 ], [ 82.715, 17.156 ], [ 82.702, 17.158 ], [ 82.692, 17.148 ], [ 82.696, 17.136 ], [ 82.687, 17.126 ], [ 82.674, 17.128 ], [ 82.664, 17.118 ], [ 82.651, 17.121 ], [ 82.642, 17.111 ], [ 82.628, 17.113 ], [ 82.619, 17.103 ], [ 82.623, 17.091 ], [ 82.614, 17.081 ], [ 82.6, 17.083 ], [ 82.591, 17.073 ], [ 82.578, 17.076 ], [ 82.568, 17.066 ], [ 82.572, 17.053 ], [ 82.563, 17.043 ], [ 82.55, 17.046 ], [ 82.54, 17.036 ], [ 82.545, 17.023 ], [ 82.535, 17.013 ], [ 82.539, 17.0 ], [ 82.53, 16.99 ], [ 82.534, 16.978 ], [ 82.525, 16.968 ], [ 82.529, 16.955 ], [ 82.542, 16.952 ], [ 82.546, 16.94 ], [ 82.537, 16.93 ], [ 82.541, 16.917 ], [ 82.532, 16.907 ], [ 82.536, 16.894 ], [ 82.549, 16.892 ], [ 82.553, 16.879 ], [ 82.544, 16.869 ], [ 82.548, 16.856 ], [ 82.539, 16.846 ], [ 82.543, 16.834 ], [ 82.533, 16.824 ], [ 82.537, 16.811 ], [ 82.528, 16.801 ], [ 82.532, 16.788 ], [ 82.523, 16.778 ], [ 82.527, 16.765 ], [ 82.54, 16.763 ], [ 82.544, 16.75 ], [ 82.535, 16.74 ], [ 82.539, 16.727 ], [ 82.53, 16.717 ], [ 82.534, 16.705 ], [ 82.547, 16.702 ], [ 82.551, 16.689 ], [ 82.542, 16.679 ], [ 82.546, 16.667 ], [ 82.537, 16.657 ], [ 82.541, 16.644 ], [ 82.531, 16.634 ], [ 82.518, 16.637 ], [ 82.509, 16.627 ], [ 82.513, 16.614 ], [ 82.526, 16.611 ], [ 82.53, 16.599 ], [ 82.521, 16.589 ], [ 82.525, 16.576 ], [ 82.516, 16.566 ], [ 82.52, 16.553 ], [ 82.51, 16.543 ], [ 82.514, 16.53 ], [ 82.505, 16.52 ], [ 82.492, 16.523 ], [ 82.483, 16.513 ], [ 82.487, 16.5 ], [ 82.477, 16.49 ], [ 82.481, 16.478 ], [ 82.472, 16.468 ], [ 82.459, 16.47 ], [ 82.449, 16.46 ], [ 82.453, 16.447 ], [ 82.444, 16.437 ], [ 82.431, 16.44 ], [ 82.422, 16.43 ], [ 82.426, 16.417 ], [ 82.416, 16.407 ], [ 82.403, 16.41 ], [ 82.394, 16.4 ], [ 82.381, 16.402 ], [ 82.371, 16.392 ], [ 82.358, 16.395 ], [ 82.349, 16.385 ], [ 82.335, 16.388 ], [ 82.326, 16.377 ], [ 82.313, 16.38 ], [ 82.309, 16.393 ], [ 82.296, 16.395 ], [ 82.286, 16.385 ], [ 82.29, 16.373 ], [ 82.281, 16.363 ], [ 82.268, 16.365 ], [ 82.259, 16.355 ], [ 82.245, 16.358 ], [ 82.236, 16.348 ], [ 82.223, 16.35 ], [ 82.214, 16.34 ], [ 82.2, 16.343 ], [ 82.191, 16.333 ], [ 82.178, 16.335 ], [ 82.169, 16.325 ], [ 82.173, 16.313 ], [ 82.163, 16.303 ], [ 82.15, 16.305 ], [ 82.141, 16.295 ], [ 82.128, 16.298 ], [ 82.118, 16.288 ], [ 82.105, 16.29 ], [ 82.096, 16.28 ], [ 82.083, 16.283 ], [ 82.073, 16.273 ], [ 82.06, 16.276 ], [ 82.051, 16.266 ], [ 82.055, 16.253 ], [ 82.046, 16.243 ], [ 82.032, 16.245 ], [ 82.023, 16.235 ], [ 82.01, 16.238 ], [ 82.001, 16.228 ], [ 81.988, 16.231 ], [ 81.978, 16.22 ], [ 81.965, 16.223 ], [ 81.961, 16.236 ], [ 81.948, 16.238 ], [ 81.939, 16.228 ], [ 81.925, 16.231 ], [ 81.916, 16.221 ], [ 81.903, 16.223 ], [ 81.894, 16.213 ], [ 81.898, 16.201 ], [ 81.888, 16.191 ], [ 81.875, 16.193 ], [ 81.866, 16.183 ], [ 81.853, 16.186 ], [ 81.844, 16.176 ], [ 81.83, 16.178 ], [ 81.821, 16.168 ], [ 81.808, 16.171 ], [ 81.799, 16.161 ], [ 81.786, 16.163 ], [ 81.776, 16.153 ], [ 81.763, 16.156 ], [ 81.754, 16.146 ], [ 81.741, 16.149 ], [ 81.732, 16.139 ], [ 81.718, 16.141 ], [ 81.709, 16.131 ], [ 81.696, 16.134 ], [ 81.692, 16.146 ], [ 81.679, 16.149 ], [ 81.67, 16.139 ], [ 81.656, 16.141 ], [ 81.652, 16.154 ], [ 81.639, 16.157 ], [ 81.635, 16.169 ], [ 81.622, 16.172 ], [ 81.613, 16.162 ], [ 81.599, 16.164 ], [ 81.595, 16.177 ], [ 81.582, 16.18 ], [ 81.573, 16.17 ], [ 81.56, 16.172 ], [ 81.556, 16.185 ], [ 81.543, 16.187 ], [ 81.533, 16.177 ], [ 81.52, 16.18 ], [ 81.516, 16.192 ], [ 81.503, 16.195 ], [ 81.494, 16.185 ], [ 81.481, 16.188 ], [ 81.471, 16.178 ], [ 81.458, 16.18 ], [ 81.449, 16.17 ], [ 81.436, 16.173 ], [ 81.427, 16.163 ], [ 81.414, 16.165 ], [ 81.404, 16.155 ], [ 81.391, 16.158 ], [ 81.382, 16.148 ], [ 81.386, 16.135 ], [ 81.377, 16.125 ], [ 81.381, 16.112 ], [ 81.372, 16.102 ], [ 81.376, 16.09 ], [ 81.367, 16.08 ], [ 81.371, 16.067 ], [ 81.362, 16.057 ], [ 81.366, 16.044 ], [ 81.357, 16.034 ], [ 81.343, 16.037 ], [ 81.334, 16.027 ], [ 81.338, 16.014 ], [ 81.329, 16.004 ], [ 81.333, 15.991 ], [ 81.324, 15.981 ], [ 81.328, 15.969 ], [ 81.319, 15.959 ], [ 81.323, 15.946 ], [ 81.314, 15.936 ], [ 81.318, 15.923 ], [ 81.309, 15.913 ], [ 81.313, 15.901 ], [ 81.304, 15.891 ], [ 81.291, 15.893 ], [ 81.281, 15.883 ], [ 81.286, 15.871 ], [ 81.276, 15.861 ], [ 81.263, 15.863 ], [ 81.254, 15.853 ], [ 81.258, 15.84 ], [ 81.249, 15.83 ], [ 81.236, 15.833 ], [ 81.227, 15.823 ], [ 81.214, 15.826 ], [ 81.205, 15.815 ], [ 81.209, 15.803 ], [ 81.199, 15.793 ], [ 81.203, 15.78 ], [ 81.194, 15.77 ], [ 81.198, 15.757 ], [ 81.189, 15.747 ], [ 81.193, 15.735 ], [ 81.184, 15.725 ], [ 81.188, 15.712 ], [ 81.179, 15.702 ], [ 81.183, 15.689 ], [ 81.174, 15.679 ], [ 81.161, 15.682 ], [ 81.152, 15.672 ], [ 81.156, 15.659 ], [ 81.147, 15.649 ], [ 81.134, 15.652 ], [ 81.125, 15.642 ], [ 81.129, 15.629 ], [ 81.119, 15.619 ], [ 81.106, 15.622 ], [ 81.097, 15.612 ], [ 81.084, 15.614 ], [ 81.075, 15.604 ], [ 81.079, 15.592 ], [ 81.07, 15.581 ], [ 81.057, 15.584 ], [ 81.048, 15.574 ], [ 81.035, 15.577 ], [ 81.026, 15.567 ], [ 81.012, 15.569 ], [ 81.003, 15.559 ], [ 80.99, 15.562 ], [ 80.981, 15.552 ], [ 80.968, 15.554 ], [ 80.959, 15.544 ], [ 80.946, 15.547 ], [ 80.937, 15.537 ], [ 80.924, 15.539 ], [ 80.92, 15.552 ], [ 80.907, 15.554 ], [ 80.897, 15.544 ], [ 80.884, 15.547 ], [ 80.875, 15.537 ], [ 80.862, 15.54 ], [ 80.853, 15.529 ], [ 80.84, 15.532 ], [ 80.836, 15.545 ], [ 80.823, 15.547 ], [ 80.814, 15.537 ], [ 80.801, 15.54 ], [ 80.797, 15.552 ], [ 80.784, 15.555 ], [ 80.775, 15.545 ], [ 80.761, 15.547 ], [ 80.757, 15.56 ], [ 80.744, 15.563 ], [ 80.74, 15.575 ], [ 80.727, 15.578 ], [ 80.718, 15.568 ], [ 80.705, 15.57 ], [ 80.701, 15.583 ], [ 80.688, 15.585 ], [ 80.684, 15.598 ], [ 80.671, 15.601 ], [ 80.667, 15.613 ], [ 80.676, 15.623 ], [ 80.672, 15.636 ], [ 80.659, 15.638 ], [ 80.655, 15.651 ], [ 80.642, 15.654 ], [ 80.638, 15.666 ], [ 80.624, 15.669 ], [ 80.62, 15.681 ], [ 80.629, 15.691 ], [ 80.625, 15.704 ], [ 80.612, 15.706 ], [ 80.603, 15.696 ], [ 80.59, 15.699 ], [ 80.581, 15.689 ], [ 80.568, 15.691 ], [ 80.559, 15.681 ], [ 80.546, 15.684 ], [ 80.537, 15.674 ], [ 80.524, 15.676 ], [ 80.515, 15.666 ], [ 80.519, 15.654 ], [ 80.51, 15.644 ], [ 80.497, 15.646 ], [ 80.488, 15.636 ], [ 80.475, 15.639 ], [ 80.466, 15.629 ], [ 80.453, 15.631 ], [ 80.444, 15.621 ], [ 80.448, 15.609 ], [ 80.439, 15.599 ], [ 80.426, 15.601 ], [ 80.417, 15.591 ], [ 80.421, 15.579 ], [ 80.412, 15.568 ], [ 80.416, 15.556 ], [ 80.407, 15.546 ], [ 80.411, 15.533 ], [ 80.402, 15.523 ], [ 80.406, 15.511 ], [ 80.397, 15.501 ], [ 80.401, 15.488 ], [ 80.392, 15.478 ], [ 80.396, 15.465 ], [ 80.387, 15.455 ], [ 80.391, 15.443 ], [ 80.382, 15.433 ], [ 80.386, 15.42 ], [ 80.377, 15.41 ], [ 80.364, 15.413 ], [ 80.355, 15.403 ], [ 80.359, 15.39 ], [ 80.35, 15.38 ], [ 80.354, 15.367 ], [ 80.345, 15.357 ], [ 80.332, 15.36 ], [ 80.323, 15.35 ], [ 80.327, 15.337 ], [ 80.318, 15.327 ], [ 80.305, 15.33 ], [ 80.296, 15.32 ], [ 80.3, 15.307 ], [ 80.291, 15.297 ], [ 80.278, 15.3 ], [ 80.269, 15.29 ], [ 80.273, 15.277 ], [ 80.264, 15.267 ], [ 80.268, 15.254 ], [ 80.259, 15.244 ], [ 80.263, 15.232 ], [ 80.254, 15.222 ], [ 80.258, 15.209 ], [ 80.271, 15.207 ], [ 80.275, 15.194 ], [ 80.266, 15.184 ], [ 80.27, 15.171 ], [ 80.261, 15.161 ], [ 80.265, 15.149 ], [ 80.256, 15.139 ], [ 80.243, 15.141 ], [ 80.234, 15.131 ], [ 80.238, 15.119 ], [ 80.229, 15.109 ], [ 80.233, 15.096 ], [ 80.224, 15.086 ], [ 80.228, 15.073 ], [ 80.219, 15.063 ], [ 80.223, 15.051 ], [ 80.214, 15.041 ], [ 80.218, 15.028 ], [ 80.231, 15.025 ], [ 80.235, 15.013 ], [ 80.227, 15.003 ], [ 80.231, 14.99 ], [ 80.244, 14.988 ], [ 80.248, 14.975 ], [ 80.239, 14.965 ], [ 80.243, 14.952 ], [ 80.256, 14.95 ], [ 80.26, 14.937 ], [ 80.251, 14.927 ], [ 80.255, 14.915 ], [ 80.246, 14.905 ], [ 80.25, 14.892 ], [ 80.263, 14.889 ], [ 80.267, 14.877 ], [ 80.258, 14.867 ], [ 80.262, 14.854 ], [ 80.253, 14.844 ], [ 80.257, 14.832 ], [ 80.27, 14.829 ], [ 80.274, 14.816 ], [ 80.287, 14.814 ], [ 80.291, 14.801 ], [ 80.282, 14.791 ], [ 80.286, 14.778 ], [ 80.299, 14.776 ], [ 80.303, 14.763 ], [ 80.316, 14.761 ], [ 80.32, 14.748 ], [ 80.311, 14.738 ], [ 80.315, 14.725 ], [ 80.328, 14.723 ], [ 80.332, 14.71 ], [ 80.323, 14.7 ], [ 80.327, 14.688 ], [ 80.34, 14.685 ], [ 80.344, 14.672 ], [ 80.357, 14.67 ], [ 80.361, 14.657 ], [ 80.352, 14.647 ], [ 80.356, 14.634 ], [ 80.369, 14.632 ], [ 80.373, 14.619 ], [ 80.364, 14.609 ], [ 80.368, 14.597 ], [ 80.359, 14.587 ], [ 80.363, 14.574 ], [ 80.376, 14.571 ], [ 80.381, 14.559 ], [ 80.372, 14.549 ], [ 80.376, 14.536 ], [ 80.367, 14.526 ], [ 80.371, 14.513 ], [ 80.362, 14.503 ], [ 80.366, 14.491 ], [ 80.357, 14.481 ], [ 80.361, 14.468 ], [ 80.352, 14.458 ], [ 80.356, 14.445 ], [ 80.347, 14.435 ], [ 80.351, 14.423 ], [ 80.342, 14.413 ], [ 80.346, 14.4 ], [ 80.337, 14.39 ], [ 80.341, 14.377 ], [ 80.332, 14.367 ], [ 80.336, 14.355 ], [ 80.349, 14.352 ], [ 80.353, 14.339 ], [ 80.344, 14.329 ], [ 80.348, 14.317 ], [ 80.339, 14.307 ], [ 80.343, 14.294 ], [ 80.334, 14.284 ], [ 80.321, 14.287 ], [ 80.312, 14.277 ], [ 80.316, 14.264 ], [ 80.307, 14.254 ], [ 80.311, 14.241 ], [ 80.302, 14.231 ], [ 80.306, 14.219 ], [ 80.297, 14.209 ], [ 80.301, 14.196 ], [ 80.292, 14.186 ], [ 80.296, 14.173 ], [ 80.309, 14.171 ], [ 80.313, 14.158 ], [ 80.304, 14.148 ], [ 80.308, 14.135 ], [ 80.3, 14.125 ], [ 80.304, 14.113 ], [ 80.317, 14.11 ], [ 80.321, 14.097 ], [ 80.312, 14.087 ], [ 80.316, 14.075 ], [ 80.329, 14.072 ], [ 80.333, 14.059 ], [ 80.324, 14.049 ], [ 80.328, 14.037 ], [ 80.341, 14.034 ], [ 80.345, 14.021 ], [ 80.336, 14.011 ], [ 80.34, 13.999 ], [ 80.353, 13.996 ], [ 80.357, 13.983 ], [ 80.37, 13.981 ], [ 80.374, 13.968 ], [ 80.365, 13.958 ], [ 80.369, 13.945 ], [ 80.382, 13.943 ], [ 80.386, 13.93 ], [ 80.377, 13.92 ], [ 80.381, 13.907 ], [ 80.394, 13.905 ], [ 80.398, 13.892 ], [ 80.411, 13.889 ], [ 80.415, 13.877 ], [ 80.406, 13.867 ], [ 80.41, 13.854 ], [ 80.423, 13.851 ], [ 80.427, 13.839 ], [ 80.418, 13.829 ], [ 80.422, 13.816 ], [ 80.435, 13.813 ], [ 80.439, 13.801 ], [ 80.43, 13.791 ], [ 80.434, 13.778 ], [ 80.425, 13.768 ], [ 80.429, 13.755 ], [ 80.42, 13.745 ], [ 80.424, 13.733 ], [ 80.415, 13.723 ], [ 80.419, 13.71 ], [ 80.41, 13.7 ], [ 80.414, 13.687 ], [ 80.405, 13.677 ], [ 80.409, 13.665 ], [ 80.422, 13.662 ], [ 80.426, 13.649 ], [ 80.439, 13.647 ], [ 80.448, 13.657 ], [ 80.461, 13.654 ], [ 80.47, 13.664 ], [ 80.466, 13.677 ], [ 80.475, 13.687 ], [ 80.488, 13.684 ], [ 80.497, 13.694 ], [ 80.51, 13.691 ], [ 80.519, 13.701 ], [ 80.532, 13.699 ], [ 80.536, 13.686 ], [ 80.549, 13.683 ], [ 80.558, 13.693 ], [ 80.571, 13.691 ], [ 80.58, 13.701 ], [ 80.593, 13.698 ], [ 80.602, 13.708 ], [ 80.615, 13.705 ], [ 80.624, 13.715 ], [ 80.637, 13.713 ], [ 80.646, 13.723 ], [ 80.659, 13.72 ], [ 80.663, 13.707 ], [ 80.676, 13.705 ], [ 80.685, 13.715 ], [ 80.698, 13.712 ], [ 80.707, 13.722 ], [ 80.72, 13.719 ], [ 80.729, 13.729 ], [ 80.742, 13.727 ], [ 80.751, 13.737 ], [ 80.764, 13.734 ], [ 80.773, 13.744 ], [ 80.786, 13.741 ], [ 80.795, 13.751 ], [ 80.808, 13.749 ], [ 80.812, 13.736 ], [ 80.825, 13.733 ], [ 80.834, 13.743 ], [ 80.847, 13.741 ], [ 80.856, 13.751 ], [ 80.869, 13.748 ], [ 80.878, 13.758 ], [ 80.891, 13.755 ], [ 80.9, 13.765 ], [ 80.913, 13.763 ], [ 80.922, 13.773 ], [ 80.935, 13.77 ], [ 80.944, 13.78 ], [ 80.957, 13.777 ], [ 80.966, 13.787 ], [ 80.979, 13.785 ], [ 80.988, 13.795 ], [ 81.001, 13.792 ], [ 81.01, 13.802 ], [ 81.023, 13.799 ], [ 81.027, 13.786 ], [ 81.04, 13.784 ], [ 81.05, 13.794 ], [ 81.063, 13.791 ], [ 81.072, 13.801 ], [ 81.085, 13.798 ], [ 81.094, 13.808 ], [ 81.107, 13.806 ], [ 81.116, 13.816 ], [ 81.129, 13.813 ], [ 81.138, 13.823 ], [ 81.151, 13.82 ], [ 81.16, 13.83 ], [ 81.173, 13.828 ], [ 81.182, 13.838 ], [ 81.195, 13.835 ], [ 81.204, 13.845 ], [ 81.217, 13.842 ], [ 81.226, 13.852 ], [ 81.239, 13.85 ], [ 81.248, 13.86 ], [ 81.262, 13.857 ], [ 81.271, 13.867 ], [ 81.284, 13.864 ], [ 81.288, 13.852 ], [ 81.301, 13.849 ], [ 81.31, 13.859 ], [ 81.323, 13.856 ], [ 81.332, 13.866 ], [ 81.345, 13.863 ], [ 81.354, 13.873 ], [ 81.367, 13.871 ], [ 81.376, 13.881 ], [ 81.389, 13.878 ], [ 81.398, 13.888 ], [ 81.412, 13.885 ], [ 81.421, 13.895 ], [ 81.434, 13.893 ], [ 81.443, 13.903 ], [ 81.456, 13.9 ], [ 81.465, 13.91 ], [ 81.478, 13.907 ], [ 81.487, 13.917 ], [ 81.5, 13.915 ], [ 81.509, 13.925 ], [ 81.522, 13.922 ], [ 81.527, 13.909 ], [ 81.54, 13.906 ], [ 81.549, 13.917 ], [ 81.562, 13.914 ], [ 81.571, 13.924 ], [ 81.584, 13.921 ], [ 81.593, 13.931 ], [ 81.606, 13.928 ], [ 81.615, 13.938 ], [ 81.628, 13.936 ], [ 81.638, 13.946 ], [ 81.651, 13.943 ], [ 81.66, 13.953 ], [ 81.673, 13.95 ], [ 81.682, 13.96 ], [ 81.695, 13.958 ], [ 81.704, 13.968 ], [ 81.717, 13.965 ], [ 81.726, 13.975 ], [ 81.74, 13.972 ], [ 81.749, 13.982 ], [ 81.762, 13.979 ], [ 81.766, 13.967 ], [ 81.779, 13.964 ], [ 81.788, 13.974 ], [ 81.801, 13.971 ], [ 81.81, 13.981 ], [ 81.824, 13.979 ], [ 81.833, 13.989 ], [ 81.846, 13.986 ], [ 81.855, 13.996 ], [ 81.868, 13.993 ], [ 81.877, 14.003 ], [ 81.89, 14.0 ], [ 81.899, 14.01 ], [ 81.913, 14.008 ], [ 81.922, 14.018 ], [ 81.935, 14.015 ], [ 81.944, 14.025 ], [ 81.957, 14.022 ], [ 81.966, 14.032 ], [ 81.98, 14.03 ], [ 81.989, 14.04 ], [ 82.002, 14.037 ], [ 82.011, 14.047 ], [ 82.024, 14.044 ], [ 82.033, 14.054 ], [ 82.046, 14.051 ], [ 82.05, 14.039 ], [ 82.064, 14.036 ], [ 82.073, 14.046 ], [ 82.086, 14.043 ], [ 82.095, 14.053 ], [ 82.108, 14.051 ], [ 82.117, 14.061 ], [ 82.131, 14.058 ], [ 82.14, 14.068 ], [ 82.153, 14.065 ], [ 82.162, 14.075 ], [ 82.175, 14.072 ], [ 82.184, 14.082 ], [ 82.198, 14.08 ], [ 82.207, 14.09 ], [ 82.22, 14.087 ], [ 82.229, 14.097 ], [ 82.242, 14.094 ], [ 82.252, 14.104 ], [ 82.265, 14.101 ], [ 82.274, 14.111 ], [ 82.287, 14.109 ], [ 82.296, 14.119 ], [ 82.309, 14.116 ], [ 82.313, 14.103 ], [ 82.327, 14.1 ], [ 82.336, 14.11 ], [ 82.349, 14.108 ], [ 82.358, 14.118 ], [ 82.371, 14.115 ], [ 82.381, 14.125 ], [ 82.394, 14.122 ], [ 82.398, 14.109 ], [ 82.411, 14.107 ], [ 82.415, 14.094 ], [ 82.428, 14.091 ], [ 82.437, 14.101 ], [ 82.451, 14.098 ], [ 82.455, 14.086 ], [ 82.468, 14.083 ], [ 82.477, 14.093 ], [ 82.49, 14.09 ], [ 82.494, 14.077 ], [ 82.508, 14.074 ], [ 82.517, 14.084 ], [ 82.53, 14.082 ], [ 82.534, 14.069 ], [ 82.547, 14.066 ], [ 82.556, 14.076 ], [ 82.57, 14.073 ], [ 82.574, 14.061 ], [ 82.587, 14.058 ], [ 82.591, 14.045 ], [ 82.604, 14.042 ], [ 82.613, 14.052 ], [ 82.626, 14.049 ], [ 82.63, 14.037 ], [ 82.644, 14.034 ], [ 82.653, 14.044 ], [ 82.666, 14.041 ], [ 82.67, 14.028 ], [ 82.683, 14.025 ], [ 82.693, 14.035 ], [ 82.706, 14.033 ], [ 82.71, 14.02 ], [ 82.723, 14.017 ], [ 82.732, 14.027 ], [ 82.746, 14.024 ], [ 82.75, 14.011 ], [ 82.763, 14.009 ], [ 82.767, 13.996 ], [ 82.78, 13.993 ], [ 82.789, 14.003 ], [ 82.802, 14.0 ], [ 82.806, 13.987 ], [ 82.82, 13.985 ], [ 82.824, 13.972 ], [ 82.837, 13.969 ], [ 82.846, 13.979 ], [ 82.859, 13.976 ], [ 82.863, 13.963 ], [ 82.877, 13.961 ], [ 82.881, 13.948 ], [ 82.894, 13.945 ], [ 82.898, 13.932 ], [ 82.911, 13.929 ], [ 82.915, 13.916 ], [ 82.928, 13.914 ], [ 82.938, 13.924 ], [ 82.951, 13.921 ], [ 82.955, 13.908 ], [ 82.968, 13.905 ], [ 82.972, 13.892 ], [ 82.985, 13.889 ], [ 82.989, 13.877 ], [ 83.003, 13.874 ], [ 83.012, 13.884 ], [ 83.025, 13.881 ], [ 83.029, 13.868 ], [ 83.042, 13.865 ], [ 83.046, 13.852 ], [ 83.06, 13.85 ], [ 83.069, 13.86 ], [ 83.082, 13.857 ], [ 83.086, 13.844 ], [ 83.099, 13.841 ], [ 83.103, 13.828 ], [ 83.117, 13.825 ], [ 83.121, 13.813 ], [ 83.134, 13.81 ], [ 83.143, 13.82 ], [ 83.156, 13.817 ], [ 83.16, 13.804 ], [ 83.174, 13.801 ], [ 83.178, 13.788 ], [ 83.191, 13.786 ], [ 83.195, 13.773 ], [ 83.208, 13.77 ], [ 83.218, 13.78 ], [ 83.231, 13.777 ], [ 83.235, 13.764 ], [ 83.248, 13.761 ], [ 83.252, 13.748 ], [ 83.265, 13.746 ], [ 83.269, 13.733 ], [ 83.283, 13.73 ], [ 83.287, 13.717 ], [ 83.3, 13.714 ], [ 83.309, 13.724 ], [ 83.322, 13.721 ], [ 83.326, 13.708 ], [ 83.34, 13.706 ], [ 83.344, 13.693 ], [ 83.357, 13.69 ], [ 83.361, 13.677 ], [ 83.374, 13.674 ], [ 83.378, 13.661 ], [ 83.391, 13.658 ], [ 83.401, 13.668 ], [ 83.414, 13.666 ], [ 83.418, 13.653 ], [ 83.431, 13.65 ], [ 83.435, 13.637 ], [ 83.449, 13.634 ], [ 83.453, 13.621 ], [ 83.466, 13.618 ], [ 83.47, 13.605 ], [ 83.483, 13.602 ], [ 83.492, 13.613 ], [ 83.506, 13.61 ], [ 83.51, 13.597 ], [ 83.523, 13.594 ], [ 83.527, 13.581 ], [ 83.54, 13.578 ], [ 83.544, 13.565 ], [ 83.558, 13.562 ], [ 83.562, 13.549 ], [ 83.575, 13.547 ], [ 83.584, 13.557 ], [ 83.597, 13.554 ], [ 83.601, 13.541 ], [ 83.615, 13.538 ], [ 83.619, 13.525 ], [ 83.632, 13.522 ], [ 83.636, 13.509 ], [ 83.649, 13.506 ], [ 83.653, 13.493 ], [ 83.667, 13.491 ], [ 83.676, 13.501 ], [ 83.689, 13.498 ], [ 83.693, 13.485 ], [ 83.706, 13.482 ], [ 83.71, 13.469 ], [ 83.724, 13.466 ], [ 83.728, 13.453 ], [ 83.741, 13.45 ], [ 83.745, 13.437 ], [ 83.758, 13.434 ], [ 83.768, 13.444 ], [ 83.781, 13.442 ], [ 83.79, 13.452 ], [ 83.786, 13.465 ], [ 83.796, 13.475 ], [ 83.792, 13.487 ], [ 83.778, 13.49 ], [ 83.774, 13.503 ], [ 83.784, 13.513 ], [ 83.78, 13.526 ], [ 83.789, 13.536 ], [ 83.802, 13.533 ], [ 83.812, 13.543 ], [ 83.825, 13.541 ], [ 83.834, 13.551 ], [ 83.848, 13.548 ], [ 83.857, 13.558 ], [ 83.87, 13.555 ], [ 83.88, 13.565 ], [ 83.893, 13.562 ], [ 83.902, 13.572 ], [ 83.898, 13.585 ], [ 83.908, 13.595 ], [ 83.921, 13.592 ], [ 83.93, 13.602 ], [ 83.943, 13.599 ], [ 83.953, 13.609 ], [ 83.966, 13.606 ], [ 83.975, 13.616 ], [ 83.989, 13.613 ], [ 83.998, 13.623 ], [ 84.011, 13.621 ], [ 84.021, 13.631 ], [ 84.017, 13.644 ], [ 84.026, 13.654 ], [ 84.04, 13.651 ], [ 84.049, 13.661 ], [ 84.062, 13.658 ], [ 84.072, 13.668 ], [ 84.085, 13.665 ], [ 84.094, 13.675 ], [ 84.108, 13.672 ], [ 84.117, 13.682 ], [ 84.113, 13.695 ], [ 84.122, 13.705 ], [ 84.136, 13.702 ], [ 84.145, 13.712 ], [ 84.158, 13.709 ], [ 84.168, 13.719 ], [ 84.181, 13.716 ], [ 84.19, 13.726 ], [ 84.186, 13.739 ], [ 84.196, 13.749 ], [ 84.209, 13.746 ], [ 84.219, 13.757 ], [ 84.232, 13.754 ], [ 84.241, 13.764 ], [ 84.237, 13.777 ], [ 84.247, 13.787 ], [ 84.26, 13.784 ], [ 84.269, 13.794 ], [ 84.283, 13.791 ], [ 84.292, 13.801 ], [ 84.288, 13.814 ], [ 84.298, 13.824 ], [ 84.311, 13.821 ], [ 84.32, 13.831 ], [ 84.334, 13.828 ], [ 84.343, 13.838 ], [ 84.339, 13.851 ], [ 84.348, 13.861 ], [ 84.362, 13.858 ], [ 84.371, 13.868 ], [ 84.385, 13.865 ], [ 84.394, 13.875 ], [ 84.39, 13.888 ], [ 84.399, 13.898 ], [ 84.413, 13.895 ], [ 84.422, 13.905 ], [ 84.436, 13.902 ], [ 84.445, 13.913 ], [ 84.441, 13.925 ], [ 84.45, 13.936 ], [ 84.464, 13.933 ], [ 84.473, 13.943 ], [ 84.487, 13.94 ], [ 84.496, 13.95 ], [ 84.492, 13.963 ], [ 84.501, 13.973 ], [ 84.515, 13.97 ], [ 84.524, 13.98 ], [ 84.538, 13.977 ], [ 84.547, 13.987 ], [ 84.543, 14.0 ], [ 84.552, 14.01 ], [ 84.566, 14.007 ], [ 84.575, 14.017 ], [ 84.589, 14.014 ], [ 84.598, 14.024 ], [ 84.594, 14.037 ], [ 84.603, 14.047 ], [ 84.617, 14.044 ], [ 84.626, 14.054 ], [ 84.64, 14.051 ], [ 84.649, 14.061 ], [ 84.645, 14.074 ], [ 84.654, 14.084 ], [ 84.668, 14.081 ], [ 84.677, 14.092 ], [ 84.673, 14.104 ], [ 84.683, 14.114 ], [ 84.696, 14.112 ], [ 84.706, 14.122 ], [ 84.702, 14.135 ], [ 84.711, 14.145 ], [ 84.724, 14.142 ], [ 84.734, 14.152 ], [ 84.73, 14.165 ], [ 84.739, 14.175 ], [ 84.753, 14.172 ], [ 84.762, 14.182 ], [ 84.758, 14.195 ], [ 84.768, 14.205 ], [ 84.781, 14.202 ], [ 84.79, 14.212 ], [ 84.786, 14.225 ], [ 84.796, 14.235 ], [ 84.809, 14.232 ], [ 84.819, 14.242 ], [ 84.815, 14.255 ], [ 84.824, 14.265 ], [ 84.838, 14.262 ], [ 84.847, 14.272 ], [ 84.843, 14.285 ], [ 84.853, 14.295 ], [ 84.866, 14.292 ], [ 84.875, 14.302 ], [ 84.871, 14.315 ], [ 84.881, 14.325 ], [ 84.894, 14.322 ], [ 84.904, 14.332 ], [ 84.9, 14.345 ], [ 84.909, 14.355 ], [ 84.923, 14.352 ], [ 84.932, 14.362 ], [ 84.946, 14.36 ], [ 84.955, 14.37 ], [ 84.951, 14.383 ], [ 84.961, 14.393 ], [ 84.974, 14.39 ], [ 84.983, 14.4 ], [ 84.979, 14.413 ], [ 84.989, 14.423 ], [ 85.002, 14.42 ], [ 85.012, 14.43 ], [ 85.008, 14.443 ], [ 85.017, 14.453 ], [ 85.031, 14.45 ], [ 85.04, 14.46 ], [ 85.036, 14.473 ], [ 85.046, 14.483 ], [ 85.042, 14.496 ], [ 85.051, 14.506 ], [ 85.065, 14.503 ], [ 85.074, 14.513 ], [ 85.07, 14.526 ], [ 85.08, 14.536 ], [ 85.093, 14.533 ], [ 85.103, 14.543 ], [ 85.099, 14.556 ], [ 85.108, 14.566 ], [ 85.104, 14.579 ], [ 85.114, 14.589 ], [ 85.127, 14.586 ], [ 85.137, 14.596 ], [ 85.133, 14.609 ], [ 85.142, 14.619 ], [ 85.156, 14.616 ], [ 85.165, 14.626 ], [ 85.161, 14.639 ], [ 85.17, 14.649 ], [ 85.184, 14.646 ], [ 85.193, 14.656 ], [ 85.189, 14.669 ], [ 85.199, 14.679 ], [ 85.195, 14.692 ], [ 85.204, 14.702 ], [ 85.218, 14.699 ], [ 85.227, 14.709 ], [ 85.223, 14.722 ], [ 85.233, 14.732 ], [ 85.229, 14.745 ], [ 85.238, 14.755 ], [ 85.252, 14.752 ], [ 85.261, 14.763 ], [ 85.257, 14.775 ], [ 85.267, 14.786 ], [ 85.263, 14.798 ], [ 85.272, 14.809 ], [ 85.286, 14.806 ], [ 85.295, 14.816 ], [ 85.291, 14.829 ], [ 85.301, 14.839 ], [ 85.297, 14.852 ], [ 85.307, 14.862 ], [ 85.32, 14.859 ], [ 85.33, 14.869 ], [ 85.326, 14.882 ], [ 85.335, 14.892 ], [ 85.331, 14.905 ], [ 85.341, 14.915 ], [ 85.354, 14.912 ], [ 85.364, 14.922 ], [ 85.36, 14.935 ], [ 85.369, 14.945 ], [ 85.365, 14.958 ], [ 85.375, 14.968 ], [ 85.388, 14.965 ], [ 85.398, 14.975 ], [ 85.394, 14.988 ], [ 85.403, 14.998 ], [ 85.417, 14.995 ], [ 85.426, 15.005 ], [ 85.44, 15.002 ], [ 85.449, 15.012 ], [ 85.445, 15.025 ], [ 85.455, 15.035 ], [ 85.468, 15.032 ], [ 85.478, 15.042 ], [ 85.474, 15.055 ], [ 85.483, 15.065 ], [ 85.497, 15.062 ], [ 85.506, 15.072 ], [ 85.52, 15.069 ], [ 85.529, 15.079 ], [ 85.525, 15.092 ], [ 85.535, 15.102 ], [ 85.549, 15.099 ], [ 85.558, 15.109 ], [ 85.572, 15.107 ], [ 85.581, 15.117 ], [ 85.577, 15.13 ], [ 85.587, 15.14 ], [ 85.6, 15.137 ], [ 85.61, 15.147 ], [ 85.606, 15.16 ], [ 85.615, 15.17 ], [ 85.629, 15.167 ], [ 85.638, 15.177 ], [ 85.652, 15.174 ], [ 85.661, 15.184 ], [ 85.657, 15.197 ], [ 85.667, 15.207 ], [ 85.681, 15.204 ], [ 85.69, 15.214 ], [ 85.686, 15.227 ], [ 85.696, 15.237 ], [ 85.709, 15.234 ], [ 85.719, 15.244 ], [ 85.715, 15.257 ], [ 85.724, 15.267 ], [ 85.738, 15.264 ], [ 85.747, 15.274 ], [ 85.743, 15.287 ], [ 85.753, 15.297 ], [ 85.767, 15.294 ], [ 85.776, 15.304 ], [ 85.772, 15.317 ], [ 85.782, 15.327 ], [ 85.795, 15.324 ], [ 85.805, 15.334 ], [ 85.801, 15.347 ], [ 85.81, 15.357 ], [ 85.824, 15.354 ], [ 85.834, 15.364 ], [ 85.83, 15.377 ], [ 85.839, 15.387 ], [ 85.853, 15.384 ], [ 85.862, 15.394 ], [ 85.858, 15.407 ], [ 85.868, 15.417 ], [ 85.881, 15.414 ], [ 85.891, 15.425 ], [ 85.905, 15.422 ], [ 85.914, 15.432 ], [ 85.928, 15.429 ], [ 85.937, 15.439 ], [ 85.933, 15.452 ], [ 85.943, 15.462 ], [ 85.956, 15.459 ], [ 85.966, 15.469 ], [ 85.98, 15.466 ], [ 85.989, 15.476 ], [ 86.003, 15.473 ], [ 86.012, 15.483 ], [ 86.008, 15.496 ], [ 86.018, 15.506 ], [ 86.031, 15.503 ], [ 86.041, 15.513 ], [ 86.055, 15.51 ], [ 86.064, 15.52 ], [ 86.06, 15.533 ], [ 86.07, 15.543 ], [ 86.083, 15.54 ], [ 86.093, 15.55 ] ] ] ] } },
{ "type": "Feature", "properties": { "POLYGON.ID": 314.0, "subregion": "IN-AP--AndhraPradesh--Coast", "FILTER": "Andhra Pradesh", "POLYGON": "IN-AP--AndhraPradesh--Coast", "STATE": "Andhra Pradesh", "COUNTY": "spl_region", "OWNER": null }, "geometry": { "type": "MultiPolygon", "coordinates": [ [ [ [ 84.66, 19.067 ], [ 84.65, 19.057 ], [ 84.636, 19.06 ], [ 84.627, 19.05 ], [ 84.613, 19.053 ], [ 84.604, 19.043 ], [ 84.608, 19.03 ], [ 84.598, 19.02 ], [ 84.585, 19.023 ], [ 84.575, 19.013 ], [ 84.579, 19.0 ], [ 84.569, 18.99 ], [ 84.556, 18.993 ], [ 84.546, 18.983 ], [ 84.55, 18.97 ], [ 84.541, 18.96 ], [ 84.545, 18.947 ], [ 84.535, 18.937 ], [ 84.522, 18.94 ], [ 84.512, 18.93 ], [ 84.516, 18.917 ], [ 84.507, 18.907 ], [ 84.511, 18.895 ], [ 84.501, 18.885 ], [ 84.487, 18.887 ], [ 84.478, 18.877 ], [ 84.482, 18.865 ], [ 84.472, 18.855 ], [ 84.459, 18.857 ], [ 84.449, 18.847 ], [ 84.453, 18.835 ], [ 84.444, 18.825 ], [ 84.43, 18.827 ], [ 84.421, 18.817 ], [ 84.425, 18.805 ], [ 84.415, 18.795 ], [ 84.402, 18.797 ], [ 84.392, 18.787 ], [ 84.378, 18.79 ], [ 84.369, 18.78 ], [ 84.373, 18.767 ], [ 84.363, 18.757 ], [ 84.35, 18.76 ], [ 84.34, 18.75 ], [ 84.344, 18.737 ], [ 84.335, 18.727 ], [ 84.321, 18.73 ], [ 84.312, 18.72 ], [ 84.316, 18.707 ], [ 84.306, 18.697 ], [ 84.293, 18.7 ], [ 84.283, 18.69 ], [ 84.287, 18.677 ], [ 84.278, 18.667 ], [ 84.264, 18.67 ], [ 84.255, 18.66 ], [ 84.259, 18.647 ], [ 84.249, 18.637 ], [ 84.236, 18.64 ], [ 84.226, 18.63 ], [ 84.212, 18.632 ], [ 84.203, 18.622 ], [ 84.189, 18.625 ], [ 84.18, 18.615 ], [ 84.184, 18.602 ], [ 84.174, 18.592 ], [ 84.161, 18.595 ], [ 84.151, 18.585 ], [ 84.138, 18.588 ], [ 84.128, 18.578 ], [ 84.115, 18.58 ], [ 84.105, 18.57 ], [ 84.092, 18.573 ], [ 84.088, 18.585 ], [ 84.074, 18.588 ], [ 84.065, 18.578 ], [ 84.051, 18.581 ], [ 84.041, 18.571 ], [ 84.028, 18.573 ], [ 84.018, 18.563 ], [ 84.005, 18.566 ], [ 83.995, 18.556 ], [ 83.982, 18.558 ], [ 83.972, 18.548 ], [ 83.959, 18.551 ], [ 83.949, 18.541 ], [ 83.936, 18.544 ], [ 83.926, 18.534 ], [ 83.93, 18.521 ], [ 83.921, 18.511 ], [ 83.907, 18.514 ], [ 83.898, 18.504 ], [ 83.902, 18.491 ], [ 83.892, 18.481 ], [ 83.879, 18.484 ], [ 83.869, 18.474 ], [ 83.873, 18.461 ], [ 83.864, 18.451 ], [ 83.85, 18.453 ], [ 83.841, 18.443 ], [ 83.845, 18.431 ], [ 83.836, 18.421 ], [ 83.822, 18.423 ], [ 83.813, 18.413 ], [ 83.799, 18.416 ], [ 83.79, 18.406 ], [ 83.794, 18.393 ], [ 83.784, 18.383 ], [ 83.771, 18.386 ], [ 83.761, 18.376 ], [ 83.765, 18.363 ], [ 83.756, 18.353 ], [ 83.742, 18.356 ], [ 83.733, 18.346 ], [ 83.719, 18.348 ], [ 83.71, 18.338 ], [ 83.714, 18.326 ], [ 83.704, 18.316 ], [ 83.691, 18.318 ], [ 83.681, 18.308 ], [ 83.668, 18.311 ], [ 83.659, 18.301 ], [ 83.663, 18.288 ], [ 83.653, 18.278 ], [ 83.64, 18.281 ], [ 83.63, 18.271 ], [ 83.617, 18.273 ], [ 83.607, 18.263 ], [ 83.611, 18.251 ], [ 83.602, 18.241 ], [ 83.588, 18.243 ], [ 83.579, 18.233 ], [ 83.565, 18.236 ], [ 83.556, 18.226 ], [ 83.56, 18.213 ], [ 83.551, 18.203 ], [ 83.537, 18.206 ], [ 83.528, 18.196 ], [ 83.514, 18.198 ], [ 83.505, 18.188 ], [ 83.509, 18.176 ], [ 83.499, 18.166 ], [ 83.486, 18.168 ], [ 83.476, 18.158 ], [ 83.463, 18.161 ], [ 83.454, 18.151 ], [ 83.458, 18.138 ], [ 83.448, 18.128 ], [ 83.435, 18.131 ], [ 83.425, 18.121 ], [ 83.412, 18.123 ], [ 83.402, 18.113 ], [ 83.406, 18.101 ], [ 83.397, 18.091 ], [ 83.384, 18.093 ], [ 83.374, 18.083 ], [ 83.378, 18.071 ], [ 83.369, 18.061 ], [ 83.373, 18.048 ], [ 83.363, 18.038 ], [ 83.35, 18.041 ], [ 83.341, 18.031 ], [ 83.345, 18.018 ], [ 83.335, 18.008 ], [ 83.339, 17.995 ], [ 83.33, 17.985 ], [ 83.334, 17.973 ], [ 83.324, 17.963 ], [ 83.311, 17.965 ], [ 83.302, 17.955 ], [ 83.306, 17.942 ], [ 83.296, 17.932 ], [ 83.3, 17.92 ], [ 83.291, 17.91 ], [ 83.277, 17.912 ], [ 83.268, 17.902 ], [ 83.272, 17.89 ], [ 83.263, 17.88 ], [ 83.267, 17.867 ], [ 83.257, 17.857 ], [ 83.244, 17.86 ], [ 83.234, 17.85 ], [ 83.239, 17.837 ], [ 83.229, 17.827 ], [ 83.216, 17.829 ], [ 83.206, 17.819 ], [ 83.193, 17.822 ], [ 83.183, 17.812 ], [ 83.17, 17.815 ], [ 83.161, 17.805 ], [ 83.165, 17.792 ], [ 83.155, 17.782 ], [ 83.142, 17.784 ], [ 83.133, 17.774 ], [ 83.119, 17.777 ], [ 83.11, 17.767 ], [ 83.096, 17.77 ], [ 83.087, 17.76 ], [ 83.091, 17.747 ], [ 83.082, 17.737 ], [ 83.068, 17.739 ], [ 83.059, 17.729 ], [ 83.045, 17.732 ], [ 83.036, 17.722 ], [ 83.04, 17.709 ], [ 83.031, 17.699 ], [ 83.017, 17.702 ], [ 83.008, 17.692 ], [ 82.994, 17.694 ], [ 82.985, 17.684 ], [ 82.972, 17.687 ], [ 82.962, 17.677 ], [ 82.966, 17.664 ], [ 82.957, 17.654 ], [ 82.944, 17.657 ], [ 82.934, 17.647 ], [ 82.921, 17.649 ], [ 82.912, 17.639 ], [ 82.916, 17.627 ], [ 82.906, 17.617 ], [ 82.893, 17.619 ], [ 82.883, 17.609 ], [ 82.87, 17.612 ], [ 82.861, 17.602 ], [ 82.847, 17.604 ], [ 82.838, 17.594 ], [ 82.842, 17.582 ], [ 82.833, 17.572 ], [ 82.819, 17.574 ], [ 82.81, 17.564 ], [ 82.797, 17.567 ], [ 82.787, 17.557 ], [ 82.774, 17.559 ], [ 82.764, 17.549 ], [ 82.769, 17.537 ], [ 82.759, 17.527 ], [ 82.746, 17.529 ], [ 82.736, 17.519 ], [ 82.723, 17.522 ], [ 82.714, 17.512 ], [ 82.718, 17.499 ], [ 82.709, 17.489 ], [ 82.695, 17.492 ], [ 82.686, 17.482 ], [ 82.672, 17.484 ], [ 82.663, 17.474 ], [ 82.65, 17.477 ], [ 82.64, 17.467 ], [ 82.644, 17.454 ], [ 82.635, 17.444 ], [ 82.622, 17.446 ], [ 82.612, 17.436 ], [ 82.599, 17.439 ], [ 82.59, 17.429 ], [ 82.594, 17.416 ], [ 82.585, 17.406 ], [ 82.571, 17.409 ], [ 82.562, 17.399 ], [ 82.548, 17.401 ], [ 82.539, 17.391 ], [ 82.526, 17.394 ], [ 82.517, 17.384 ], [ 82.521, 17.371 ], [ 82.511, 17.361 ], [ 82.498, 17.364 ], [ 82.489, 17.354 ], [ 82.475, 17.356 ], [ 82.466, 17.346 ], [ 82.453, 17.349 ], [ 82.443, 17.339 ], [ 82.447, 17.326 ], [ 82.438, 17.316 ], [ 82.425, 17.319 ], [ 82.415, 17.309 ], [ 82.402, 17.311 ], [ 82.393, 17.301 ], [ 82.397, 17.289 ], [ 82.388, 17.278 ], [ 82.374, 17.281 ], [ 82.365, 17.271 ], [ 82.352, 17.274 ], [ 82.342, 17.264 ], [ 82.329, 17.266 ], [ 82.32, 17.256 ], [ 82.306, 17.259 ], [ 82.297, 17.249 ], [ 82.284, 17.251 ], [ 82.275, 17.241 ], [ 82.261, 17.244 ], [ 82.252, 17.234 ], [ 82.239, 17.236 ], [ 82.229, 17.226 ], [ 82.216, 17.229 ], [ 82.207, 17.219 ], [ 82.193, 17.221 ], [ 82.184, 17.211 ], [ 82.171, 17.214 ], [ 82.162, 17.204 ], [ 82.148, 17.206 ], [ 82.139, 17.196 ], [ 82.126, 17.199 ], [ 82.116, 17.189 ], [ 82.103, 17.191 ], [ 82.094, 17.181 ], [ 82.081, 17.184 ], [ 82.071, 17.174 ], [ 82.058, 17.176 ], [ 82.049, 17.166 ], [ 82.036, 17.169 ], [ 82.026, 17.159 ], [ 82.013, 17.161 ], [ 82.004, 17.151 ], [ 81.99, 17.154 ], [ 81.986, 17.166 ], [ 81.973, 17.169 ], [ 81.964, 17.159 ], [ 81.951, 17.161 ], [ 81.941, 17.151 ], [ 81.928, 17.154 ], [ 81.919, 17.144 ], [ 81.906, 17.146 ], [ 81.896, 17.136 ], [ 81.883, 17.139 ], [ 81.874, 17.129 ], [ 81.861, 17.131 ], [ 81.851, 17.121 ], [ 81.838, 17.124 ], [ 81.829, 17.114 ], [ 81.816, 17.116 ], [ 81.806, 17.106 ], [ 81.793, 17.109 ], [ 81.784, 17.099 ], [ 81.771, 17.101 ], [ 81.761, 17.091 ], [ 81.748, 17.094 ], [ 81.739, 17.084 ], [ 81.726, 17.086 ], [ 81.716, 17.076 ], [ 81.703, 17.079 ], [ 81.699, 17.091 ], [ 81.686, 17.094 ], [ 81.677, 17.084 ], [ 81.663, 17.086 ], [ 81.654, 17.076 ], [ 81.641, 17.079 ], [ 81.632, 17.069 ], [ 81.619, 17.071 ], [ 81.609, 17.061 ], [ 81.596, 17.064 ], [ 81.587, 17.054 ], [ 81.591, 17.041 ], [ 81.582, 17.031 ], [ 81.586, 17.018 ], [ 81.577, 17.008 ], [ 81.563, 17.011 ], [ 81.554, 17.001 ], [ 81.558, 16.988 ], [ 81.549, 16.978 ], [ 81.553, 16.966 ], [ 81.544, 16.956 ], [ 81.531, 16.958 ], [ 81.521, 16.948 ], [ 81.526, 16.935 ], [ 81.516, 16.925 ], [ 81.503, 16.928 ], [ 81.494, 16.918 ], [ 81.481, 16.92 ], [ 81.472, 16.91 ], [ 81.458, 16.913 ], [ 81.449, 16.903 ], [ 81.436, 16.905 ], [ 81.427, 16.895 ], [ 81.414, 16.898 ], [ 81.404, 16.888 ], [ 81.391, 16.89 ], [ 81.382, 16.88 ], [ 81.369, 16.883 ], [ 81.36, 16.873 ], [ 81.346, 16.875 ], [ 81.337, 16.865 ], [ 81.324, 16.868 ], [ 81.315, 16.858 ], [ 81.302, 16.86 ], [ 81.293, 16.85 ], [ 81.279, 16.853 ], [ 81.27, 16.843 ], [ 81.257, 16.845 ], [ 81.248, 16.835 ], [ 81.235, 16.837 ], [ 81.225, 16.827 ], [ 81.23, 16.815 ], [ 81.22, 16.805 ], [ 81.207, 16.807 ], [ 81.198, 16.797 ], [ 81.185, 16.8 ], [ 81.176, 16.79 ], [ 81.163, 16.792 ], [ 81.153, 16.782 ], [ 81.14, 16.785 ], [ 81.131, 16.775 ], [ 81.118, 16.777 ], [ 81.109, 16.767 ], [ 81.096, 16.77 ], [ 81.086, 16.76 ], [ 81.073, 16.762 ], [ 81.064, 16.752 ], [ 81.051, 16.754 ], [ 81.042, 16.744 ], [ 81.029, 16.747 ], [ 81.02, 16.737 ], [ 81.006, 16.739 ], [ 80.997, 16.729 ], [ 80.984, 16.732 ], [ 80.975, 16.722 ], [ 80.979, 16.709 ], [ 80.97, 16.699 ], [ 80.957, 16.702 ], [ 80.948, 16.692 ], [ 80.935, 16.694 ], [ 80.925, 16.684 ], [ 80.912, 16.687 ], [ 80.903, 16.677 ], [ 80.89, 16.679 ], [ 80.881, 16.669 ], [ 80.868, 16.671 ], [ 80.859, 16.661 ], [ 80.845, 16.664 ], [ 80.836, 16.654 ], [ 80.823, 16.656 ], [ 80.814, 16.646 ], [ 80.818, 16.634 ], [ 80.809, 16.624 ], [ 80.796, 16.626 ], [ 80.787, 16.616 ], [ 80.774, 16.619 ], [ 80.765, 16.609 ], [ 80.752, 16.611 ], [ 80.742, 16.601 ], [ 80.729, 16.603 ], [ 80.72, 16.593 ], [ 80.724, 16.581 ], [ 80.715, 16.571 ], [ 80.702, 16.573 ], [ 80.693, 16.563 ], [ 80.697, 16.551 ], [ 80.688, 16.541 ], [ 80.675, 16.543 ], [ 80.666, 16.533 ], [ 80.653, 16.536 ], [ 80.644, 16.526 ], [ 80.648, 16.513 ], [ 80.639, 16.503 ], [ 80.625, 16.505 ], [ 80.616, 16.495 ], [ 80.62, 16.483 ], [ 80.611, 16.473 ], [ 80.598, 16.475 ], [ 80.589, 16.465 ], [ 80.593, 16.453 ], [ 80.584, 16.443 ], [ 80.571, 16.445 ], [ 80.562, 16.435 ], [ 80.566, 16.423 ], [ 80.557, 16.413 ], [ 80.544, 16.415 ], [ 80.535, 16.405 ], [ 80.539, 16.392 ], [ 80.53, 16.382 ], [ 80.517, 16.385 ], [ 80.508, 16.375 ], [ 80.512, 16.362 ], [ 80.503, 16.352 ], [ 80.49, 16.355 ], [ 80.481, 16.345 ], [ 80.467, 16.347 ], [ 80.458, 16.337 ], [ 80.445, 16.34 ], [ 80.436, 16.33 ], [ 80.423, 16.332 ], [ 80.414, 16.322 ], [ 80.418, 16.309 ], [ 80.409, 16.299 ], [ 80.396, 16.302 ], [ 80.387, 16.292 ], [ 80.374, 16.294 ], [ 80.365, 16.284 ], [ 80.352, 16.287 ], [ 80.343, 16.277 ], [ 80.33, 16.279 ], [ 80.321, 16.269 ], [ 80.325, 16.257 ], [ 80.316, 16.247 ], [ 80.303, 16.249 ], [ 80.294, 16.239 ], [ 80.281, 16.241 ], [ 80.272, 16.231 ], [ 80.259, 16.234 ], [ 80.25, 16.224 ], [ 80.236, 16.226 ], [ 80.227, 16.216 ], [ 80.214, 16.219 ], [ 80.205, 16.209 ], [ 80.209, 16.196 ], [ 80.2, 16.186 ], [ 80.187, 16.189 ], [ 80.178, 16.179 ], [ 80.165, 16.181 ], [ 80.156, 16.171 ], [ 80.16, 16.158 ], [ 80.151, 16.148 ], [ 80.155, 16.136 ], [ 80.146, 16.126 ], [ 80.133, 16.128 ], [ 80.124, 16.118 ], [ 80.128, 16.106 ], [ 80.119, 16.096 ], [ 80.123, 16.083 ], [ 80.114, 16.073 ], [ 80.119, 16.061 ], [ 80.11, 16.051 ], [ 80.114, 16.038 ], [ 80.105, 16.028 ], [ 80.092, 16.03 ], [ 80.083, 16.02 ], [ 80.087, 16.008 ], [ 80.078, 15.998 ], [ 80.082, 15.985 ], [ 80.073, 15.975 ], [ 80.077, 15.963 ], [ 80.068, 15.953 ], [ 80.055, 15.955 ], [ 80.046, 15.945 ], [ 80.05, 15.933 ], [ 80.041, 15.923 ], [ 80.045, 15.91 ], [ 80.036, 15.9 ], [ 80.023, 15.902 ], [ 80.014, 15.892 ], [ 80.018, 15.88 ], [ 80.009, 15.87 ], [ 79.996, 15.872 ], [ 79.987, 15.862 ], [ 79.991, 15.85 ], [ 79.982, 15.84 ], [ 79.986, 15.827 ], [ 79.977, 15.817 ], [ 79.964, 15.82 ], [ 79.955, 15.81 ], [ 79.959, 15.797 ], [ 79.95, 15.787 ], [ 79.954, 15.774 ], [ 79.945, 15.764 ], [ 79.932, 15.767 ], [ 79.923, 15.757 ], [ 79.927, 15.744 ], [ 79.918, 15.734 ], [ 79.905, 15.737 ], [ 79.896, 15.727 ], [ 79.9, 15.714 ], [ 79.892, 15.704 ], [ 79.896, 15.692 ], [ 79.887, 15.682 ], [ 79.874, 15.684 ], [ 79.865, 15.674 ], [ 79.869, 15.662 ], [ 79.86, 15.651 ], [ 79.847, 15.654 ], [ 79.838, 15.644 ], [ 79.842, 15.631 ], [ 79.833, 15.621 ], [ 79.82, 15.624 ], [ 79.811, 15.614 ], [ 79.815, 15.601 ], [ 79.806, 15.591 ], [ 79.81, 15.579 ], [ 79.801, 15.569 ], [ 79.788, 15.571 ], [ 79.779, 15.561 ], [ 79.783, 15.549 ], [ 79.774, 15.539 ], [ 79.761, 15.541 ], [ 79.752, 15.531 ], [ 79.756, 15.518 ], [ 79.748, 15.508 ], [ 79.752, 15.496 ], [ 79.743, 15.486 ], [ 79.747, 15.473 ], [ 79.738, 15.463 ], [ 79.742, 15.451 ], [ 79.733, 15.441 ], [ 79.737, 15.428 ], [ 79.728, 15.418 ], [ 79.732, 15.406 ], [ 79.723, 15.396 ], [ 79.727, 15.383 ], [ 79.718, 15.373 ], [ 79.722, 15.36 ], [ 79.713, 15.35 ], [ 79.717, 15.338 ], [ 79.708, 15.328 ], [ 79.712, 15.315 ], [ 79.704, 15.305 ], [ 79.708, 15.293 ], [ 79.699, 15.283 ], [ 79.703, 15.27 ], [ 79.694, 15.26 ], [ 79.698, 15.248 ], [ 79.711, 15.245 ], [ 79.715, 15.233 ], [ 79.706, 15.222 ], [ 79.71, 15.21 ], [ 79.701, 15.2 ], [ 79.705, 15.187 ], [ 79.718, 15.185 ], [ 79.722, 15.172 ], [ 79.713, 15.162 ], [ 79.717, 15.15 ], [ 79.708, 15.14 ], [ 79.712, 15.127 ], [ 79.725, 15.125 ], [ 79.729, 15.112 ], [ 79.72, 15.102 ], [ 79.724, 15.089 ], [ 79.715, 15.079 ], [ 79.719, 15.067 ], [ 79.732, 15.064 ], [ 79.736, 15.052 ], [ 79.728, 15.042 ], [ 79.732, 15.029 ], [ 79.723, 15.019 ], [ 79.727, 15.007 ], [ 79.74, 15.004 ], [ 79.744, 14.992 ], [ 79.735, 14.981 ], [ 79.739, 14.969 ], [ 79.73, 14.959 ], [ 79.734, 14.946 ], [ 79.747, 14.944 ], [ 79.751, 14.931 ], [ 79.742, 14.921 ], [ 79.746, 14.909 ], [ 79.737, 14.899 ], [ 79.741, 14.886 ], [ 79.754, 14.883 ], [ 79.758, 14.871 ], [ 79.749, 14.861 ], [ 79.753, 14.848 ], [ 79.744, 14.838 ], [ 79.748, 14.826 ], [ 79.761, 14.823 ], [ 79.765, 14.811 ], [ 79.756, 14.801 ], [ 79.76, 14.788 ], [ 79.751, 14.778 ], [ 79.756, 14.765 ], [ 79.768, 14.763 ], [ 79.772, 14.75 ], [ 79.764, 14.74 ], [ 79.768, 14.728 ], [ 79.759, 14.718 ], [ 79.763, 14.705 ], [ 79.776, 14.703 ], [ 79.78, 14.69 ], [ 79.771, 14.68 ], [ 79.775, 14.667 ], [ 79.766, 14.657 ], [ 79.77, 14.645 ], [ 79.783, 14.642 ], [ 79.787, 14.63 ], [ 79.778, 14.62 ], [ 79.782, 14.607 ], [ 79.773, 14.597 ], [ 79.777, 14.584 ], [ 79.79, 14.582 ], [ 79.794, 14.569 ], [ 79.785, 14.559 ], [ 79.789, 14.547 ], [ 79.78, 14.537 ], [ 79.784, 14.524 ], [ 79.797, 14.521 ], [ 79.801, 14.509 ], [ 79.792, 14.499 ], [ 79.796, 14.486 ], [ 79.787, 14.476 ], [ 79.792, 14.464 ], [ 79.804, 14.461 ], [ 79.808, 14.448 ], [ 79.8, 14.438 ], [ 79.804, 14.426 ], [ 79.795, 14.416 ], [ 79.799, 14.403 ], [ 79.812, 14.401 ], [ 79.816, 14.388 ], [ 79.807, 14.378 ], [ 79.811, 14.365 ], [ 79.802, 14.355 ], [ 79.806, 14.343 ], [ 79.819, 14.34 ], [ 79.823, 14.328 ], [ 79.814, 14.318 ], [ 79.818, 14.305 ], [ 79.809, 14.295 ], [ 79.813, 14.282 ], [ 79.826, 14.28 ], [ 79.83, 14.267 ], [ 79.821, 14.257 ], [ 79.825, 14.244 ], [ 79.816, 14.234 ], [ 79.82, 14.222 ], [ 79.833, 14.219 ], [ 79.837, 14.207 ], [ 79.828, 14.197 ], [ 79.832, 14.184 ], [ 79.823, 14.174 ], [ 79.827, 14.161 ], [ 79.84, 14.159 ], [ 79.844, 14.146 ], [ 79.836, 14.136 ], [ 79.84, 14.124 ], [ 79.831, 14.114 ], [ 79.835, 14.101 ], [ 79.848, 14.098 ], [ 79.852, 14.086 ], [ 79.843, 14.076 ], [ 79.847, 14.063 ], [ 79.86, 14.06 ], [ 79.864, 14.048 ], [ 79.855, 14.038 ], [ 79.859, 14.025 ], [ 79.85, 14.015 ], [ 79.854, 14.003 ], [ 79.867, 14.0 ], [ 79.871, 13.987 ], [ 79.862, 13.977 ], [ 79.866, 13.965 ], [ 79.857, 13.955 ], [ 79.861, 13.942 ], [ 79.874, 13.939 ], [ 79.878, 13.927 ], [ 79.891, 13.924 ], [ 79.895, 13.912 ], [ 79.886, 13.902 ], [ 79.89, 13.889 ], [ 79.903, 13.886 ], [ 79.907, 13.874 ], [ 79.898, 13.864 ], [ 79.902, 13.851 ], [ 79.915, 13.848 ], [ 79.919, 13.836 ], [ 79.932, 13.833 ], [ 79.936, 13.821 ], [ 79.927, 13.81 ], [ 79.931, 13.798 ], [ 79.944, 13.795 ], [ 79.948, 13.783 ], [ 79.939, 13.773 ], [ 79.943, 13.76 ], [ 79.934, 13.75 ], [ 79.938, 13.737 ], [ 79.951, 13.735 ], [ 79.955, 13.722 ], [ 79.946, 13.712 ], [ 79.95, 13.699 ], [ 79.963, 13.697 ], [ 79.967, 13.684 ], [ 79.958, 13.674 ], [ 79.962, 13.661 ], [ 79.975, 13.659 ], [ 79.984, 13.669 ], [ 79.997, 13.666 ], [ 80.001, 13.654 ], [ 80.014, 13.651 ], [ 80.018, 13.638 ], [ 80.009, 13.628 ], [ 80.013, 13.616 ], [ 80.004, 13.606 ], [ 80.008, 13.593 ], [ 80.021, 13.59 ], [ 80.025, 13.578 ], [ 80.016, 13.568 ], [ 80.02, 13.555 ], [ 80.033, 13.552 ], [ 80.037, 13.54 ], [ 80.05, 13.537 ], [ 80.059, 13.547 ], [ 80.072, 13.544 ], [ 80.076, 13.532 ], [ 80.067, 13.522 ], [ 80.071, 13.509 ], [ 80.084, 13.506 ], [ 80.088, 13.494 ], [ 80.101, 13.491 ], [ 80.11, 13.501 ], [ 80.123, 13.498 ], [ 80.132, 13.508 ], [ 80.145, 13.506 ], [ 80.149, 13.493 ], [ 80.162, 13.49 ], [ 80.171, 13.5 ], [ 80.183, 13.498 ], [ 80.188, 13.485 ], [ 80.2, 13.482 ], [ 80.209, 13.492 ], [ 80.222, 13.49 ], [ 80.226, 13.477 ], [ 80.239, 13.474 ], [ 80.248, 13.484 ], [ 80.244, 13.497 ], [ 80.253, 13.507 ], [ 80.249, 13.52 ], [ 80.258, 13.53 ], [ 80.254, 13.542 ], [ 80.263, 13.552 ], [ 80.259, 13.565 ], [ 80.268, 13.575 ], [ 80.264, 13.588 ], [ 80.251, 13.59 ], [ 80.247, 13.603 ], [ 80.256, 13.613 ], [ 80.269, 13.61 ], [ 80.273, 13.598 ], [ 80.286, 13.595 ], [ 80.295, 13.605 ], [ 80.308, 13.603 ], [ 80.312, 13.59 ], [ 80.325, 13.587 ], [ 80.334, 13.597 ], [ 80.33, 13.61 ], [ 80.339, 13.62 ], [ 80.351, 13.617 ], [ 80.36, 13.627 ], [ 80.373, 13.625 ], [ 80.382, 13.635 ], [ 80.395, 13.632 ], [ 80.404, 13.642 ], [ 80.417, 13.639 ], [ 80.426, 13.649 ], [ 80.422, 13.662 ], [ 80.409, 13.665 ], [ 80.405, 13.677 ], [ 80.414, 13.687 ], [ 80.41, 13.7 ], [ 80.419, 13.71 ], [ 80.415, 13.723 ], [ 80.424, 13.733 ], [ 80.42, 13.745 ], [ 80.429, 13.755 ], [ 80.425, 13.768 ], [ 80.434, 13.778 ], [ 80.43, 13.791 ], [ 80.439, 13.801 ], [ 80.435, 13.813 ], [ 80.422, 13.816 ], [ 80.418, 13.829 ], [ 80.427, 13.839 ], [ 80.423, 13.851 ], [ 80.41, 13.854 ], [ 80.406, 13.867 ], [ 80.415, 13.877 ], [ 80.411, 13.889 ], [ 80.398, 13.892 ], [ 80.394, 13.905 ], [ 80.381, 13.907 ], [ 80.377, 13.92 ], [ 80.386, 13.93 ], [ 80.382, 13.943 ], [ 80.369, 13.945 ], [ 80.365, 13.958 ], [ 80.374, 13.968 ], [ 80.37, 13.981 ], [ 80.357, 13.983 ], [ 80.353, 13.996 ], [ 80.34, 13.999 ], [ 80.336, 14.011 ], [ 80.345, 14.021 ], [ 80.341, 14.034 ], [ 80.328, 14.037 ], [ 80.324, 14.049 ], [ 80.333, 14.059 ], [ 80.329, 14.072 ], [ 80.316, 14.075 ], [ 80.312, 14.087 ], [ 80.321, 14.097 ], [ 80.317, 14.11 ], [ 80.304, 14.113 ], [ 80.3, 14.125 ], [ 80.308, 14.135 ], [ 80.304, 14.148 ], [ 80.313, 14.158 ], [ 80.309, 14.171 ], [ 80.296, 14.173 ], [ 80.292, 14.186 ], [ 80.301, 14.196 ], [ 80.297, 14.209 ], [ 80.306, 14.219 ], [ 80.302, 14.231 ], [ 80.311, 14.241 ], [ 80.307, 14.254 ], [ 80.316, 14.264 ], [ 80.312, 14.277 ], [ 80.321, 14.287 ], [ 80.334, 14.284 ], [ 80.343, 14.294 ], [ 80.339, 14.307 ], [ 80.348, 14.317 ], [ 80.344, 14.329 ], [ 80.353, 14.339 ], [ 80.349, 14.352 ], [ 80.336, 14.355 ], [ 80.332, 14.367 ], [ 80.341, 14.377 ], [ 80.337, 14.39 ], [ 80.346, 14.4 ], [ 80.342, 14.413 ], [ 80.351, 14.423 ], [ 80.347, 14.435 ], [ 80.356, 14.445 ], [ 80.352, 14.458 ], [ 80.361, 14.468 ], [ 80.357, 14.481 ], [ 80.366, 14.491 ], [ 80.362, 14.503 ], [ 80.371, 14.513 ], [ 80.367, 14.526 ], [ 80.376, 14.536 ], [ 80.372, 14.549 ], [ 80.381, 14.559 ], [ 80.376, 14.571 ], [ 80.363, 14.574 ], [ 80.359, 14.587 ], [ 80.368, 14.597 ], [ 80.364, 14.609 ], [ 80.373, 14.619 ], [ 80.369, 14.632 ], [ 80.356, 14.634 ], [ 80.352, 14.647 ], [ 80.361, 14.657 ], [ 80.357, 14.67 ], [ 80.344, 14.672 ], [ 80.34, 14.685 ], [ 80.327, 14.688 ], [ 80.323, 14.7 ], [ 80.332, 14.71 ], [ 80.328, 14.723 ], [ 80.315, 14.725 ], [ 80.311, 14.738 ], [ 80.32, 14.748 ], [ 80.316, 14.761 ], [ 80.303, 14.763 ], [ 80.299, 14.776 ], [ 80.286, 14.778 ], [ 80.282, 14.791 ], [ 80.291, 14.801 ], [ 80.287, 14.814 ], [ 80.274, 14.816 ], [ 80.27, 14.829 ], [ 80.257, 14.832 ], [ 80.253, 14.844 ], [ 80.262, 14.854 ], [ 80.258, 14.867 ], [ 80.267, 14.877 ], [ 80.263, 14.889 ], [ 80.25, 14.892 ], [ 80.246, 14.905 ], [ 80.255, 14.915 ], [ 80.251, 14.927 ], [ 80.26, 14.937 ], [ 80.256, 14.95 ], [ 80.243, 14.952 ], [ 80.239, 14.965 ], [ 80.248, 14.975 ], [ 80.244, 14.988 ], [ 80.231, 14.99 ], [ 80.227, 15.003 ], [ 80.235, 15.013 ], [ 80.231, 15.025 ], [ 80.218, 15.028 ], [ 80.214, 15.041 ], [ 80.223, 15.051 ], [ 80.219, 15.063 ], [ 80.228, 15.073 ], [ 80.224, 15.086 ], [ 80.233, 15.096 ], [ 80.229, 15.109 ], [ 80.238, 15.119 ], [ 80.234, 15.131 ], [ 80.243, 15.141 ], [ 80.256, 15.139 ], [ 80.265, 15.149 ], [ 80.261, 15.161 ], [ 80.27, 15.171 ], [ 80.266, 15.184 ], [ 80.275, 15.194 ], [ 80.271, 15.207 ], [ 80.258, 15.209 ], [ 80.254, 15.222 ], [ 80.263, 15.232 ], [ 80.259, 15.244 ], [ 80.268, 15.254 ], [ 80.264, 15.267 ], [ 80.273, 15.277 ], [ 80.269, 15.29 ], [ 80.278, 15.3 ], [ 80.291, 15.297 ], [ 80.3, 15.307 ], [ 80.296, 15.32 ], [ 80.305, 15.33 ], [ 80.318, 15.327 ], [ 80.327, 15.337 ], [ 80.323, 15.35 ], [ 80.332, 15.36 ], [ 80.345, 15.357 ], [ 80.354, 15.367 ], [ 80.35, 15.38 ], [ 80.359, 15.39 ], [ 80.355, 15.403 ], [ 80.364, 15.413 ], [ 80.377, 15.41 ], [ 80.386, 15.42 ], [ 80.382, 15.433 ], [ 80.391, 15.443 ], [ 80.387, 15.455 ], [ 80.396, 15.465 ], [ 80.392, 15.478 ], [ 80.401, 15.488 ], [ 80.397, 15.501 ], [ 80.406, 15.511 ], [ 80.402, 15.523 ], [ 80.411, 15.533 ], [ 80.407, 15.546 ], [ 80.416, 15.556 ], [ 80.412, 15.568 ], [ 80.421, 15.579 ], [ 80.417, 15.591 ], [ 80.426, 15.601 ], [ 80.439, 15.599 ], [ 80.448, 15.609 ], [ 80.444, 15.621 ], [ 80.453, 15.631 ], [ 80.466, 15.629 ], [ 80.475, 15.639 ], [ 80.488, 15.636 ], [ 80.497, 15.646 ], [ 80.51, 15.644 ], [ 80.519, 15.654 ], [ 80.515, 15.666 ], [ 80.524, 15.676 ], [ 80.537, 15.674 ], [ 80.546, 15.684 ], [ 80.559, 15.681 ], [ 80.568, 15.691 ], [ 80.581, 15.689 ], [ 80.59, 15.699 ], [ 80.603, 15.696 ], [ 80.612, 15.706 ], [ 80.625, 15.704 ], [ 80.629, 15.691 ], [ 80.62, 15.681 ], [ 80.624, 15.669 ], [ 80.638, 15.666 ], [ 80.642, 15.654 ], [ 80.655, 15.651 ], [ 80.659, 15.638 ], [ 80.672, 15.636 ], [ 80.676, 15.623 ], [ 80.667, 15.613 ], [ 80.671, 15.601 ], [ 80.684, 15.598 ], [ 80.688, 15.585 ], [ 80.701, 15.583 ], [ 80.705, 15.57 ], [ 80.718, 15.568 ], [ 80.727, 15.578 ], [ 80.74, 15.575 ], [ 80.744, 15.563 ], [ 80.757, 15.56 ], [ 80.761, 15.547 ], [ 80.775, 15.545 ], [ 80.784, 15.555 ], [ 80.797, 15.552 ], [ 80.801, 15.54 ], [ 80.814, 15.537 ], [ 80.823, 15.547 ], [ 80.836, 15.545 ], [ 80.84, 15.532 ], [ 80.853, 15.529 ], [ 80.862, 15.54 ], [ 80.875, 15.537 ], [ 80.884, 15.547 ], [ 80.897, 15.544 ], [ 80.907, 15.554 ], [ 80.92, 15.552 ], [ 80.924, 15.539 ], [ 80.937, 15.537 ], [ 80.946, 15.547 ], [ 80.959, 15.544 ], [ 80.968, 15.554 ], [ 80.981, 15.552 ], [ 80.99, 15.562 ], [ 81.003, 15.559 ], [ 81.012, 15.569 ], [ 81.026, 15.567 ], [ 81.035, 15.577 ], [ 81.048, 15.574 ], [ 81.057, 15.584 ], [ 81.07, 15.581 ], [ 81.079, 15.592 ], [ 81.075, 15.604 ], [ 81.084, 15.614 ], [ 81.097, 15.612 ], [ 81.106, 15.622 ], [ 81.119, 15.619 ], [ 81.129, 15.629 ], [ 81.125, 15.642 ], [ 81.134, 15.652 ], [ 81.147, 15.649 ], [ 81.156, 15.659 ], [ 81.152, 15.672 ], [ 81.161, 15.682 ], [ 81.174, 15.679 ], [ 81.183, 15.689 ], [ 81.179, 15.702 ], [ 81.188, 15.712 ], [ 81.184, 15.725 ], [ 81.193, 15.735 ], [ 81.189, 15.747 ], [ 81.198, 15.757 ], [ 81.194, 15.77 ], [ 81.203, 15.78 ], [ 81.199, 15.793 ], [ 81.209, 15.803 ], [ 81.205, 15.815 ], [ 81.214, 15.826 ], [ 81.227, 15.823 ], [ 81.236, 15.833 ], [ 81.249, 15.83 ], [ 81.258, 15.84 ], [ 81.254, 15.853 ], [ 81.263, 15.863 ], [ 81.276, 15.861 ], [ 81.286, 15.871 ], [ 81.281, 15.883 ], [ 81.291, 15.893 ], [ 81.304, 15.891 ], [ 81.313, 15.901 ], [ 81.309, 15.913 ], [ 81.318, 15.923 ], [ 81.314, 15.936 ], [ 81.323, 15.946 ], [ 81.319, 15.959 ], [ 81.328, 15.969 ], [ 81.324, 15.981 ], [ 81.333, 15.991 ], [ 81.329, 16.004 ], [ 81.338, 16.014 ], [ 81.334, 16.027 ], [ 81.343, 16.037 ], [ 81.357, 16.034 ], [ 81.366, 16.044 ], [ 81.362, 16.057 ], [ 81.371, 16.067 ], [ 81.367, 16.08 ], [ 81.376, 16.09 ], [ 81.372, 16.102 ], [ 81.381, 16.112 ], [ 81.377, 16.125 ], [ 81.386, 16.135 ], [ 81.382, 16.148 ], [ 81.391, 16.158 ], [ 81.404, 16.155 ], [ 81.414, 16.165 ], [ 81.427, 16.163 ], [ 81.436, 16.173 ], [ 81.449, 16.17 ], [ 81.458, 16.18 ], [ 81.471, 16.178 ], [ 81.481, 16.188 ], [ 81.494, 16.185 ], [ 81.503, 16.195 ], [ 81.516, 16.192 ], [ 81.52, 16.18 ], [ 81.533, 16.177 ], [ 81.543, 16.187 ], [ 81.556, 16.185 ], [ 81.56, 16.172 ], [ 81.573, 16.17 ], [ 81.582, 16.18 ], [ 81.595, 16.177 ], [ 81.599, 16.164 ], [ 81.613, 16.162 ], [ 81.622, 16.172 ], [ 81.635, 16.169 ], [ 81.639, 16.157 ], [ 81.652, 16.154 ], [ 81.656, 16.141 ], [ 81.67, 16.139 ], [ 81.679, 16.149 ], [ 81.692, 16.146 ], [ 81.696, 16.134 ], [ 81.709, 16.131 ], [ 81.718, 16.141 ], [ 81.732, 16.139 ], [ 81.741, 16.149 ], [ 81.754, 16.146 ], [ 81.763, 16.156 ], [ 81.776, 16.153 ], [ 81.786, 16.163 ], [ 81.799, 16.161 ], [ 81.808, 16.171 ], [ 81.821, 16.168 ], [ 81.83, 16.178 ], [ 81.844, 16.176 ], [ 81.853, 16.186 ], [ 81.866, 16.183 ], [ 81.875, 16.193 ], [ 81.888, 16.191 ], [ 81.898, 16.201 ], [ 81.894, 16.213 ], [ 81.903, 16.223 ], [ 81.916, 16.221 ], [ 81.925, 16.231 ], [ 81.939, 16.228 ], [ 81.948, 16.238 ], [ 81.961, 16.236 ], [ 81.965, 16.223 ], [ 81.978, 16.22 ], [ 81.988, 16.231 ], [ 82.001, 16.228 ], [ 82.01, 16.238 ], [ 82.023, 16.235 ], [ 82.032, 16.245 ], [ 82.046, 16.243 ], [ 82.055, 16.253 ], [ 82.051, 16.266 ], [ 82.06, 16.276 ], [ 82.073, 16.273 ], [ 82.083, 16.283 ], [ 82.096, 16.28 ], [ 82.105, 16.29 ], [ 82.118, 16.288 ], [ 82.128, 16.298 ], [ 82.141, 16.295 ], [ 82.15, 16.305 ], [ 82.163, 16.303 ], [ 82.173, 16.313 ], [ 82.169, 16.325 ], [ 82.178, 16.335 ], [ 82.191, 16.333 ], [ 82.2, 16.343 ], [ 82.214, 16.34 ], [ 82.223, 16.35 ], [ 82.236, 16.348 ], [ 82.245, 16.358 ], [ 82.259, 16.355 ], [ 82.268, 16.365 ], [ 82.281, 16.363 ], [ 82.29, 16.373 ], [ 82.286, 16.385 ], [ 82.296, 16.395 ], [ 82.309, 16.393 ], [ 82.313, 16.38 ], [ 82.326, 16.377 ], [ 82.335, 16.388 ], [ 82.349, 16.385 ], [ 82.358, 16.395 ], [ 82.371, 16.392 ], [ 82.381, 16.402 ], [ 82.394, 16.4 ], [ 82.403, 16.41 ], [ 82.416, 16.407 ], [ 82.426, 16.417 ], [ 82.422, 16.43 ], [ 82.431, 16.44 ], [ 82.444, 16.437 ], [ 82.453, 16.447 ], [ 82.449, 16.46 ], [ 82.459, 16.47 ], [ 82.472, 16.468 ], [ 82.481, 16.478 ], [ 82.477, 16.49 ], [ 82.487, 16.5 ], [ 82.483, 16.513 ], [ 82.492, 16.523 ], [ 82.505, 16.52 ], [ 82.514, 16.53 ], [ 82.51, 16.543 ], [ 82.52, 16.553 ], [ 82.516, 16.566 ], [ 82.525, 16.576 ], [ 82.521, 16.589 ], [ 82.53, 16.599 ], [ 82.526, 16.611 ], [ 82.513, 16.614 ], [ 82.509, 16.627 ], [ 82.518, 16.637 ], [ 82.531, 16.634 ], [ 82.541, 16.644 ], [ 82.537, 16.657 ], [ 82.546, 16.667 ], [ 82.542, 16.679 ], [ 82.551, 16.689 ], [ 82.547, 16.702 ], [ 82.534, 16.705 ], [ 82.53, 16.717 ], [ 82.539, 16.727 ], [ 82.535, 16.74 ], [ 82.544, 16.75 ], [ 82.54, 16.763 ], [ 82.527, 16.765 ], [ 82.523, 16.778 ], [ 82.532, 16.788 ], [ 82.528, 16.801 ], [ 82.537, 16.811 ], [ 82.533, 16.824 ], [ 82.543, 16.834 ], [ 82.539, 16.846 ], [ 82.548, 16.856 ], [ 82.544, 16.869 ], [ 82.553, 16.879 ], [ 82.549, 16.892 ], [ 82.536, 16.894 ], [ 82.532, 16.907 ], [ 82.541, 16.917 ], [ 82.537, 16.93 ], [ 82.546, 16.94 ], [ 82.542, 16.952 ], [ 82.529, 16.955 ], [ 82.525, 16.968 ], [ 82.534, 16.978 ], [ 82.53, 16.99 ], [ 82.539, 17.0 ], [ 82.535, 17.013 ], [ 82.545, 17.023 ], [ 82.54, 17.036 ], [ 82.55, 17.046 ], [ 82.563, 17.043 ], [ 82.572, 17.053 ], [ 82.568, 17.066 ], [ 82.578, 17.076 ], [ 82.591, 17.073 ], [ 82.6, 17.083 ], [ 82.614, 17.081 ], [ 82.623, 17.091 ], [ 82.619, 17.103 ], [ 82.628, 17.113 ], [ 82.642, 17.111 ], [ 82.651, 17.121 ], [ 82.664, 17.118 ], [ 82.674, 17.128 ], [ 82.687, 17.126 ], [ 82.696, 17.136 ], [ 82.692, 17.148 ], [ 82.702, 17.158 ], [ 82.715, 17.156 ], [ 82.724, 17.166 ], [ 82.738, 17.163 ], [ 82.747, 17.173 ], [ 82.76, 17.171 ], [ 82.77, 17.181 ], [ 82.766, 17.193 ], [ 82.775, 17.204 ], [ 82.788, 17.201 ], [ 82.798, 17.211 ], [ 82.811, 17.208 ], [ 82.82, 17.218 ], [ 82.834, 17.216 ], [ 82.843, 17.226 ], [ 82.856, 17.223 ], [ 82.866, 17.233 ], [ 82.879, 17.231 ], [ 82.888, 17.241 ], [ 82.902, 17.238 ], [ 82.911, 17.248 ], [ 82.925, 17.246 ], [ 82.934, 17.256 ], [ 82.947, 17.253 ], [ 82.957, 17.263 ], [ 82.953, 17.276 ], [ 82.962, 17.286 ], [ 82.975, 17.283 ], [ 82.985, 17.293 ], [ 82.998, 17.291 ], [ 83.007, 17.301 ], [ 83.021, 17.298 ], [ 83.03, 17.308 ], [ 83.044, 17.305 ], [ 83.053, 17.315 ], [ 83.066, 17.313 ], [ 83.076, 17.323 ], [ 83.089, 17.32 ], [ 83.098, 17.33 ], [ 83.094, 17.343 ], [ 83.104, 17.353 ], [ 83.117, 17.35 ], [ 83.127, 17.36 ], [ 83.14, 17.358 ], [ 83.149, 17.368 ], [ 83.163, 17.365 ], [ 83.172, 17.375 ], [ 83.168, 17.388 ], [ 83.177, 17.398 ], [ 83.191, 17.395 ], [ 83.2, 17.405 ], [ 83.214, 17.403 ], [ 83.223, 17.413 ], [ 83.236, 17.41 ], [ 83.246, 17.42 ], [ 83.259, 17.418 ], [ 83.269, 17.428 ], [ 83.282, 17.425 ], [ 83.291, 17.435 ], [ 83.287, 17.448 ], [ 83.297, 17.458 ], [ 83.31, 17.455 ], [ 83.32, 17.465 ], [ 83.333, 17.463 ], [ 83.342, 17.473 ], [ 83.338, 17.485 ], [ 83.348, 17.495 ], [ 83.361, 17.493 ], [ 83.371, 17.503 ], [ 83.367, 17.515 ], [ 83.376, 17.525 ], [ 83.389, 17.523 ], [ 83.399, 17.533 ], [ 83.395, 17.546 ], [ 83.404, 17.556 ], [ 83.418, 17.553 ], [ 83.427, 17.563 ], [ 83.423, 17.576 ], [ 83.432, 17.586 ], [ 83.446, 17.583 ], [ 83.455, 17.593 ], [ 83.469, 17.59 ], [ 83.478, 17.6 ], [ 83.474, 17.613 ], [ 83.483, 17.623 ], [ 83.497, 17.621 ], [ 83.506, 17.631 ], [ 83.502, 17.643 ], [ 83.512, 17.653 ], [ 83.508, 17.666 ], [ 83.517, 17.676 ], [ 83.531, 17.673 ], [ 83.54, 17.683 ], [ 83.536, 17.696 ], [ 83.545, 17.706 ], [ 83.559, 17.703 ], [ 83.568, 17.714 ], [ 83.564, 17.726 ], [ 83.574, 17.736 ], [ 83.57, 17.749 ], [ 83.579, 17.759 ], [ 83.575, 17.772 ], [ 83.584, 17.782 ], [ 83.598, 17.779 ], [ 83.607, 17.789 ], [ 83.603, 17.802 ], [ 83.613, 17.812 ], [ 83.626, 17.809 ], [ 83.636, 17.819 ], [ 83.649, 17.816 ], [ 83.659, 17.827 ], [ 83.654, 17.839 ], [ 83.664, 17.849 ], [ 83.677, 17.847 ], [ 83.687, 17.857 ], [ 83.683, 17.869 ], [ 83.692, 17.879 ], [ 83.706, 17.877 ], [ 83.715, 17.887 ], [ 83.711, 17.899 ], [ 83.721, 17.909 ], [ 83.734, 17.907 ], [ 83.743, 17.917 ], [ 83.739, 17.929 ], [ 83.749, 17.939 ], [ 83.762, 17.937 ], [ 83.772, 17.947 ], [ 83.785, 17.944 ], [ 83.795, 17.954 ], [ 83.791, 17.967 ], [ 83.8, 17.977 ], [ 83.814, 17.974 ], [ 83.823, 17.984 ], [ 83.837, 17.982 ], [ 83.846, 17.992 ], [ 83.86, 17.989 ], [ 83.869, 17.999 ], [ 83.883, 17.997 ], [ 83.892, 18.007 ], [ 83.906, 18.004 ], [ 83.915, 18.014 ], [ 83.929, 18.011 ], [ 83.938, 18.021 ], [ 83.952, 18.019 ], [ 83.961, 18.029 ], [ 83.957, 18.041 ], [ 83.966, 18.051 ], [ 83.98, 18.049 ], [ 83.989, 18.059 ], [ 84.003, 18.056 ], [ 84.012, 18.066 ], [ 84.026, 18.064 ], [ 84.035, 18.074 ], [ 84.049, 18.071 ], [ 84.058, 18.081 ], [ 84.072, 18.078 ], [ 84.081, 18.088 ], [ 84.077, 18.101 ], [ 84.087, 18.111 ], [ 84.1, 18.108 ], [ 84.11, 18.118 ], [ 84.123, 18.116 ], [ 84.133, 18.126 ], [ 84.146, 18.123 ], [ 84.156, 18.133 ], [ 84.17, 18.13 ], [ 84.179, 18.14 ], [ 84.193, 18.138 ], [ 84.202, 18.148 ], [ 84.198, 18.161 ], [ 84.208, 18.171 ], [ 84.221, 18.168 ], [ 84.231, 18.178 ], [ 84.244, 18.175 ], [ 84.254, 18.185 ], [ 84.25, 18.198 ], [ 84.259, 18.208 ], [ 84.273, 18.205 ], [ 84.282, 18.215 ], [ 84.278, 18.228 ], [ 84.288, 18.238 ], [ 84.284, 18.251 ], [ 84.293, 18.261 ], [ 84.289, 18.273 ], [ 84.299, 18.283 ], [ 84.312, 18.281 ], [ 84.322, 18.291 ], [ 84.318, 18.303 ], [ 84.327, 18.313 ], [ 84.341, 18.311 ], [ 84.35, 18.321 ], [ 84.346, 18.333 ], [ 84.356, 18.343 ], [ 84.369, 18.341 ], [ 84.379, 18.351 ], [ 84.375, 18.364 ], [ 84.384, 18.374 ], [ 84.398, 18.371 ], [ 84.407, 18.381 ], [ 84.421, 18.378 ], [ 84.43, 18.388 ], [ 84.426, 18.401 ], [ 84.436, 18.411 ], [ 84.45, 18.408 ], [ 84.459, 18.418 ], [ 84.473, 18.416 ], [ 84.482, 18.426 ], [ 84.478, 18.438 ], [ 84.488, 18.448 ], [ 84.501, 18.446 ], [ 84.511, 18.456 ], [ 84.507, 18.468 ], [ 84.516, 18.478 ], [ 84.512, 18.491 ], [ 84.522, 18.501 ], [ 84.518, 18.514 ], [ 84.527, 18.524 ], [ 84.541, 18.521 ], [ 84.55, 18.531 ], [ 84.564, 18.528 ], [ 84.574, 18.538 ], [ 84.57, 18.551 ], [ 84.579, 18.561 ], [ 84.593, 18.558 ], [ 84.602, 18.568 ], [ 84.598, 18.581 ], [ 84.608, 18.591 ], [ 84.604, 18.604 ], [ 84.613, 18.614 ], [ 84.609, 18.626 ], [ 84.619, 18.636 ], [ 84.632, 18.634 ], [ 84.642, 18.644 ], [ 84.656, 18.641 ], [ 84.665, 18.651 ], [ 84.661, 18.664 ], [ 84.671, 18.674 ], [ 84.684, 18.671 ], [ 84.694, 18.681 ], [ 84.69, 18.694 ], [ 84.699, 18.704 ], [ 84.695, 18.716 ], [ 84.705, 18.726 ], [ 84.718, 18.724 ], [ 84.728, 18.734 ], [ 84.724, 18.746 ], [ 84.734, 18.756 ], [ 84.729, 18.769 ], [ 84.739, 18.779 ], [ 84.735, 18.792 ], [ 84.745, 18.802 ], [ 84.758, 18.799 ], [ 84.768, 18.809 ], [ 84.781, 18.806 ], [ 84.791, 18.816 ], [ 84.787, 18.829 ], [ 84.797, 18.839 ], [ 84.81, 18.836 ], [ 84.82, 18.846 ], [ 84.816, 18.859 ], [ 84.825, 18.869 ], [ 84.839, 18.866 ], [ 84.848, 18.876 ], [ 84.844, 18.889 ], [ 84.854, 18.899 ], [ 84.85, 18.912 ], [ 84.86, 18.922 ], [ 84.873, 18.919 ], [ 84.883, 18.929 ], [ 84.879, 18.942 ], [ 84.888, 18.952 ], [ 84.884, 18.964 ], [ 84.894, 18.974 ], [ 84.89, 18.987 ], [ 84.899, 18.997 ], [ 84.895, 19.01 ], [ 84.882, 19.012 ], [ 84.878, 19.025 ], [ 84.864, 19.028 ], [ 84.854, 19.018 ], [ 84.841, 19.02 ], [ 84.837, 19.033 ], [ 84.823, 19.036 ], [ 84.819, 19.048 ], [ 84.805, 19.051 ], [ 84.801, 19.064 ], [ 84.788, 19.066 ], [ 84.784, 19.079 ], [ 84.77, 19.082 ], [ 84.766, 19.094 ], [ 84.752, 19.097 ], [ 84.743, 19.087 ], [ 84.729, 19.089 ], [ 84.725, 19.102 ], [ 84.712, 19.105 ], [ 84.708, 19.117 ], [ 84.717, 19.127 ], [ 84.713, 19.14 ], [ 84.723, 19.15 ], [ 84.719, 19.163 ], [ 84.705, 19.165 ], [ 84.695, 19.155 ], [ 84.682, 19.158 ], [ 84.672, 19.148 ], [ 84.676, 19.135 ], [ 84.667, 19.125 ], [ 84.653, 19.128 ], [ 84.649, 19.14 ], [ 84.635, 19.143 ], [ 84.626, 19.133 ], [ 84.612, 19.136 ], [ 84.603, 19.126 ], [ 84.607, 19.113 ], [ 84.62, 19.111 ], [ 84.624, 19.098 ], [ 84.638, 19.095 ], [ 84.642, 19.083 ], [ 84.656, 19.08 ], [ 84.66, 19.067 ] ] ] ] } },
{ "type": "Feature", "properties": { "POLYGON.ID": 1334.0, "subregion": "India--Andhra Pradesh--Chittoor--Tirupati", "FILTER": "Andhra Pradesh", "POLYGON": "India--Andhra Pradesh--Chittoor--Tirupati", "STATE": "Andhra Pradesh", "COUNTY": "Chittoor", "OWNER": null }, "geometry": { "type": "MultiPolygon", "coordinates": [ [ [ [ 79.556, 13.65 ], [ 79.552, 13.662 ], [ 79.539, 13.665 ], [ 79.535, 13.677 ], [ 79.522, 13.68 ], [ 79.518, 13.693 ], [ 79.505, 13.695 ], [ 79.496, 13.685 ], [ 79.501, 13.673 ], [ 79.492, 13.663 ], [ 79.479, 13.665 ], [ 79.47, 13.655 ], [ 79.457, 13.658 ], [ 79.453, 13.671 ], [ 79.44, 13.673 ], [ 79.431, 13.663 ], [ 79.419, 13.666 ], [ 79.41, 13.656 ], [ 79.397, 13.658 ], [ 79.388, 13.648 ], [ 79.375, 13.651 ], [ 79.366, 13.641 ], [ 79.353, 13.644 ], [ 79.345, 13.634 ], [ 79.332, 13.636 ], [ 79.323, 13.626 ], [ 79.31, 13.629 ], [ 79.301, 13.619 ], [ 79.288, 13.621 ], [ 79.28, 13.611 ], [ 79.284, 13.599 ], [ 79.275, 13.589 ], [ 79.279, 13.576 ], [ 79.292, 13.574 ], [ 79.296, 13.561 ], [ 79.309, 13.558 ], [ 79.313, 13.546 ], [ 79.325, 13.543 ], [ 79.334, 13.553 ], [ 79.347, 13.551 ], [ 79.356, 13.561 ], [ 79.369, 13.558 ], [ 79.378, 13.568 ], [ 79.39, 13.565 ], [ 79.394, 13.553 ], [ 79.386, 13.543 ], [ 79.39, 13.53 ], [ 79.402, 13.527 ], [ 79.406, 13.515 ], [ 79.419, 13.512 ], [ 79.428, 13.522 ], [ 79.441, 13.52 ], [ 79.45, 13.53 ], [ 79.463, 13.527 ], [ 79.472, 13.537 ], [ 79.484, 13.534 ], [ 79.488, 13.522 ], [ 79.501, 13.519 ], [ 79.51, 13.529 ], [ 79.523, 13.527 ], [ 79.532, 13.537 ], [ 79.545, 13.534 ], [ 79.554, 13.544 ], [ 79.55, 13.557 ], [ 79.537, 13.559 ], [ 79.533, 13.572 ], [ 79.541, 13.582 ], [ 79.537, 13.594 ], [ 79.546, 13.604 ], [ 79.542, 13.617 ], [ 79.551, 13.627 ], [ 79.547, 13.64 ], [ 79.556, 13.65 ] ] ] ] } },
{ "type": "Feature", "properties": { "POLYGON.ID": 1333.0, "subregion": "India--Andhra Pradesh--Chittoor--Plains (west)", "FILTER": "Andhra Pradesh", "POLYGON": "India--Andhra Pradesh--Chittoor--Plains (west)", "STATE": "Andhra Pradesh", "COUNTY": "Chittoor", "OWNER": null }, "geometry": { "type": "MultiPolygon", "coordinates": [ [ [ [ 79.13, 13.818 ], [ 79.126, 13.831 ], [ 79.134, 13.841 ], [ 79.13, 13.853 ], [ 79.118, 13.856 ], [ 79.109, 13.846 ], [ 79.096, 13.848 ], [ 79.092, 13.861 ], [ 79.101, 13.871 ], [ 79.097, 13.884 ], [ 79.084, 13.886 ], [ 79.075, 13.876 ], [ 79.062, 13.879 ], [ 79.058, 13.891 ], [ 79.045, 13.894 ], [ 79.037, 13.884 ], [ 79.024, 13.886 ], [ 79.02, 13.899 ], [ 79.007, 13.902 ], [ 79.003, 13.914 ], [ 78.99, 13.917 ], [ 78.981, 13.907 ], [ 78.968, 13.909 ], [ 78.96, 13.899 ], [ 78.947, 13.902 ], [ 78.938, 13.892 ], [ 78.925, 13.894 ], [ 78.916, 13.884 ], [ 78.904, 13.887 ], [ 78.9, 13.899 ], [ 78.887, 13.902 ], [ 78.878, 13.892 ], [ 78.865, 13.895 ], [ 78.857, 13.885 ], [ 78.844, 13.887 ], [ 78.835, 13.877 ], [ 78.822, 13.88 ], [ 78.813, 13.87 ], [ 78.801, 13.872 ], [ 78.797, 13.885 ], [ 78.784, 13.887 ], [ 78.775, 13.877 ], [ 78.762, 13.88 ], [ 78.753, 13.87 ], [ 78.741, 13.872 ], [ 78.737, 13.885 ], [ 78.724, 13.887 ], [ 78.715, 13.877 ], [ 78.702, 13.88 ], [ 78.694, 13.87 ], [ 78.681, 13.873 ], [ 78.672, 13.863 ], [ 78.659, 13.865 ], [ 78.655, 13.878 ], [ 78.642, 13.88 ], [ 78.638, 13.893 ], [ 78.647, 13.903 ], [ 78.643, 13.915 ], [ 78.63, 13.918 ], [ 78.622, 13.908 ], [ 78.609, 13.91 ], [ 78.605, 13.923 ], [ 78.614, 13.933 ], [ 78.61, 13.945 ], [ 78.597, 13.948 ], [ 78.593, 13.96 ], [ 78.58, 13.963 ], [ 78.576, 13.975 ], [ 78.563, 13.978 ], [ 78.559, 13.99 ], [ 78.547, 13.993 ], [ 78.538, 13.983 ], [ 78.525, 13.986 ], [ 78.516, 13.976 ], [ 78.504, 13.978 ], [ 78.495, 13.968 ], [ 78.482, 13.971 ], [ 78.478, 13.983 ], [ 78.465, 13.986 ], [ 78.457, 13.976 ], [ 78.444, 13.978 ], [ 78.435, 13.968 ], [ 78.422, 13.971 ], [ 78.414, 13.961 ], [ 78.401, 13.963 ], [ 78.392, 13.953 ], [ 78.379, 13.956 ], [ 78.371, 13.946 ], [ 78.358, 13.948 ], [ 78.349, 13.938 ], [ 78.336, 13.941 ], [ 78.328, 13.931 ], [ 78.332, 13.918 ], [ 78.323, 13.908 ], [ 78.31, 13.911 ], [ 78.302, 13.901 ], [ 78.289, 13.903 ], [ 78.28, 13.893 ], [ 78.284, 13.881 ], [ 78.276, 13.871 ], [ 78.263, 13.873 ], [ 78.254, 13.863 ], [ 78.258, 13.851 ], [ 78.249, 13.841 ], [ 78.253, 13.828 ], [ 78.245, 13.818 ], [ 78.249, 13.806 ], [ 78.24, 13.796 ], [ 78.227, 13.798 ], [ 78.219, 13.788 ], [ 78.206, 13.791 ], [ 78.197, 13.781 ], [ 78.185, 13.783 ], [ 78.181, 13.796 ], [ 78.168, 13.798 ], [ 78.159, 13.789 ], [ 78.146, 13.791 ], [ 78.138, 13.781 ], [ 78.125, 13.784 ], [ 78.116, 13.774 ], [ 78.104, 13.776 ], [ 78.095, 13.766 ], [ 78.099, 13.754 ], [ 78.09, 13.744 ], [ 78.094, 13.731 ], [ 78.086, 13.721 ], [ 78.09, 13.709 ], [ 78.081, 13.699 ], [ 78.068, 13.701 ], [ 78.06, 13.691 ], [ 78.064, 13.679 ], [ 78.076, 13.676 ], [ 78.08, 13.664 ], [ 78.093, 13.661 ], [ 78.097, 13.649 ], [ 78.11, 13.646 ], [ 78.114, 13.634 ], [ 78.126, 13.631 ], [ 78.135, 13.641 ], [ 78.148, 13.639 ], [ 78.152, 13.626 ], [ 78.165, 13.624 ], [ 78.169, 13.611 ], [ 78.181, 13.609 ], [ 78.185, 13.596 ], [ 78.198, 13.594 ], [ 78.202, 13.581 ], [ 78.215, 13.578 ], [ 78.223, 13.588 ], [ 78.236, 13.586 ], [ 78.245, 13.596 ], [ 78.257, 13.593 ], [ 78.261, 13.581 ], [ 78.274, 13.578 ], [ 78.283, 13.588 ], [ 78.296, 13.586 ], [ 78.304, 13.596 ], [ 78.317, 13.593 ], [ 78.326, 13.603 ], [ 78.322, 13.616 ], [ 78.33, 13.626 ], [ 78.326, 13.638 ], [ 78.335, 13.648 ], [ 78.348, 13.646 ], [ 78.357, 13.656 ], [ 78.369, 13.653 ], [ 78.378, 13.663 ], [ 78.391, 13.661 ], [ 78.399, 13.671 ], [ 78.412, 13.668 ], [ 78.421, 13.678 ], [ 78.434, 13.675 ], [ 78.438, 13.663 ], [ 78.45, 13.66 ], [ 78.459, 13.67 ], [ 78.472, 13.668 ], [ 78.48, 13.678 ], [ 78.493, 13.675 ], [ 78.497, 13.663 ], [ 78.51, 13.66 ], [ 78.519, 13.67 ], [ 78.531, 13.668 ], [ 78.54, 13.678 ], [ 78.553, 13.675 ], [ 78.562, 13.685 ], [ 78.574, 13.683 ], [ 78.583, 13.693 ], [ 78.596, 13.69 ], [ 78.6, 13.677 ], [ 78.613, 13.675 ], [ 78.617, 13.662 ], [ 78.629, 13.66 ], [ 78.633, 13.647 ], [ 78.646, 13.645 ], [ 78.65, 13.632 ], [ 78.663, 13.63 ], [ 78.667, 13.617 ], [ 78.658, 13.607 ], [ 78.662, 13.595 ], [ 78.675, 13.592 ], [ 78.679, 13.579 ], [ 78.692, 13.577 ], [ 78.701, 13.587 ], [ 78.713, 13.584 ], [ 78.722, 13.594 ], [ 78.718, 13.607 ], [ 78.727, 13.617 ], [ 78.74, 13.614 ], [ 78.748, 13.624 ], [ 78.761, 13.622 ], [ 78.765, 13.609 ], [ 78.778, 13.607 ], [ 78.782, 13.594 ], [ 78.795, 13.591 ], [ 78.799, 13.579 ], [ 78.811, 13.576 ], [ 78.82, 13.586 ], [ 78.833, 13.584 ], [ 78.837, 13.571 ], [ 78.85, 13.569 ], [ 78.859, 13.579 ], [ 78.871, 13.576 ], [ 78.88, 13.586 ], [ 78.893, 13.583 ], [ 78.902, 13.593 ], [ 78.915, 13.591 ], [ 78.919, 13.578 ], [ 78.931, 13.576 ], [ 78.94, 13.586 ], [ 78.953, 13.583 ], [ 78.957, 13.571 ], [ 78.97, 13.568 ], [ 78.978, 13.578 ], [ 78.991, 13.575 ], [ 79.0, 13.585 ], [ 79.013, 13.583 ], [ 79.017, 13.57 ], [ 79.03, 13.568 ], [ 79.038, 13.578 ], [ 79.051, 13.575 ], [ 79.06, 13.585 ], [ 79.073, 13.582 ], [ 79.082, 13.592 ], [ 79.094, 13.59 ], [ 79.099, 13.577 ], [ 79.111, 13.575 ], [ 79.12, 13.585 ], [ 79.133, 13.582 ], [ 79.142, 13.592 ], [ 79.138, 13.605 ], [ 79.147, 13.615 ], [ 79.159, 13.612 ], [ 79.168, 13.622 ], [ 79.164, 13.635 ], [ 79.173, 13.645 ], [ 79.186, 13.642 ], [ 79.195, 13.652 ], [ 79.191, 13.665 ], [ 79.199, 13.675 ], [ 79.195, 13.687 ], [ 79.204, 13.697 ], [ 79.2, 13.71 ], [ 79.209, 13.72 ], [ 79.205, 13.732 ], [ 79.192, 13.735 ], [ 79.188, 13.748 ], [ 79.197, 13.758 ], [ 79.193, 13.77 ], [ 79.18, 13.773 ], [ 79.176, 13.785 ], [ 79.163, 13.788 ], [ 79.159, 13.8 ], [ 79.146, 13.803 ], [ 79.142, 13.816 ], [ 79.13, 13.818 ] ] ] ] } },
{ "type": "Feature", "properties": { "POLYGON.ID": 1332.0, "subregion": "India--Andhra Pradesh--Chittoor--Hills (west)", "FILTER": "Andhra Pradesh", "POLYGON": "India--Andhra Pradesh--Chittoor--Hills (west)", "STATE": "Andhra Pradesh", "COUNTY": "Chittoor", "OWNER": null }, "geometry": { "type": "MultiPolygon", "coordinates": [ [ [ [ 78.835, 13.089 ], [ 78.848, 13.087 ], [ 78.852, 13.074 ], [ 78.865, 13.072 ], [ 78.874, 13.082 ], [ 78.887, 13.079 ], [ 78.891, 13.066 ], [ 78.882, 13.056 ], [ 78.886, 13.044 ], [ 78.899, 13.041 ], [ 78.903, 13.029 ], [ 78.915, 13.026 ], [ 78.924, 13.036 ], [ 78.92, 13.049 ], [ 78.929, 13.059 ], [ 78.942, 13.056 ], [ 78.95, 13.066 ], [ 78.963, 13.063 ], [ 78.967, 13.051 ], [ 78.98, 13.048 ], [ 78.984, 13.035 ], [ 78.997, 13.033 ], [ 79.006, 13.043 ], [ 79.018, 13.04 ], [ 79.022, 13.028 ], [ 79.035, 13.025 ], [ 79.044, 13.035 ], [ 79.057, 13.032 ], [ 79.061, 13.02 ], [ 79.073, 13.017 ], [ 79.082, 13.027 ], [ 79.095, 13.024 ], [ 79.104, 13.034 ], [ 79.117, 13.032 ], [ 79.125, 13.042 ], [ 79.138, 13.039 ], [ 79.142, 13.027 ], [ 79.155, 13.024 ], [ 79.164, 13.034 ], [ 79.177, 13.031 ], [ 79.185, 13.041 ], [ 79.181, 13.054 ], [ 79.19, 13.064 ], [ 79.203, 13.061 ], [ 79.212, 13.071 ], [ 79.208, 13.084 ], [ 79.217, 13.094 ], [ 79.229, 13.091 ], [ 79.238, 13.101 ], [ 79.234, 13.114 ], [ 79.243, 13.124 ], [ 79.239, 13.136 ], [ 79.248, 13.146 ], [ 79.261, 13.144 ], [ 79.269, 13.154 ], [ 79.265, 13.166 ], [ 79.274, 13.176 ], [ 79.27, 13.189 ], [ 79.279, 13.199 ], [ 79.275, 13.211 ], [ 79.284, 13.221 ], [ 79.28, 13.234 ], [ 79.289, 13.244 ], [ 79.285, 13.257 ], [ 79.293, 13.267 ], [ 79.289, 13.279 ], [ 79.277, 13.282 ], [ 79.273, 13.295 ], [ 79.26, 13.297 ], [ 79.256, 13.31 ], [ 79.243, 13.312 ], [ 79.239, 13.325 ], [ 79.226, 13.328 ], [ 79.217, 13.318 ], [ 79.204, 13.32 ], [ 79.2, 13.333 ], [ 79.188, 13.335 ], [ 79.184, 13.348 ], [ 79.171, 13.351 ], [ 79.167, 13.363 ], [ 79.154, 13.366 ], [ 79.15, 13.378 ], [ 79.137, 13.381 ], [ 79.133, 13.394 ], [ 79.142, 13.404 ], [ 79.138, 13.416 ], [ 79.125, 13.419 ], [ 79.121, 13.431 ], [ 79.108, 13.434 ], [ 79.104, 13.447 ], [ 79.113, 13.457 ], [ 79.109, 13.469 ], [ 79.118, 13.479 ], [ 79.114, 13.492 ], [ 79.123, 13.502 ], [ 79.135, 13.499 ], [ 79.144, 13.509 ], [ 79.14, 13.522 ], [ 79.149, 13.532 ], [ 79.145, 13.544 ], [ 79.132, 13.547 ], [ 79.128, 13.56 ], [ 79.115, 13.562 ], [ 79.111, 13.575 ], [ 79.099, 13.577 ], [ 79.094, 13.59 ], [ 79.082, 13.592 ], [ 79.073, 13.582 ], [ 79.06, 13.585 ], [ 79.051, 13.575 ], [ 79.038, 13.578 ], [ 79.03, 13.568 ], [ 79.017, 13.57 ], [ 79.013, 13.583 ], [ 79.0, 13.585 ], [ 78.991, 13.575 ], [ 78.978, 13.578 ], [ 78.97, 13.568 ], [ 78.957, 13.571 ], [ 78.953, 13.583 ], [ 78.94, 13.586 ], [ 78.931, 13.576 ], [ 78.919, 13.578 ], [ 78.915, 13.591 ], [ 78.902, 13.593 ], [ 78.893, 13.583 ], [ 78.88, 13.586 ], [ 78.871, 13.576 ], [ 78.859, 13.579 ], [ 78.85, 13.569 ], [ 78.837, 13.571 ], [ 78.833, 13.584 ], [ 78.82, 13.586 ], [ 78.811, 13.576 ], [ 78.799, 13.579 ], [ 78.795, 13.591 ], [ 78.782, 13.594 ], [ 78.778, 13.607 ], [ 78.765, 13.609 ], [ 78.761, 13.622 ], [ 78.748, 13.624 ], [ 78.74, 13.614 ], [ 78.727, 13.617 ], [ 78.718, 13.607 ], [ 78.722, 13.594 ], [ 78.713, 13.584 ], [ 78.701, 13.587 ], [ 78.692, 13.577 ], [ 78.679, 13.579 ], [ 78.675, 13.592 ], [ 78.662, 13.595 ], [ 78.658, 13.607 ], [ 78.667, 13.617 ], [ 78.663, 13.63 ], [ 78.65, 13.632 ], [ 78.646, 13.645 ], [ 78.633, 13.647 ], [ 78.629, 13.66 ], [ 78.617, 13.662 ], [ 78.613, 13.675 ], [ 78.6, 13.677 ], [ 78.596, 13.69 ], [ 78.583, 13.693 ], [ 78.574, 13.683 ], [ 78.562, 13.685 ], [ 78.553, 13.675 ], [ 78.54, 13.678 ], [ 78.531, 13.668 ], [ 78.519, 13.67 ], [ 78.51, 13.66 ], [ 78.497, 13.663 ], [ 78.493, 13.675 ], [ 78.48, 13.678 ], [ 78.472, 13.668 ], [ 78.459, 13.67 ], [ 78.45, 13.66 ], [ 78.438, 13.663 ], [ 78.434, 13.675 ], [ 78.421, 13.678 ], [ 78.412, 13.668 ], [ 78.399, 13.671 ], [ 78.391, 13.661 ], [ 78.378, 13.663 ], [ 78.369, 13.653 ], [ 78.357, 13.656 ], [ 78.348, 13.646 ], [ 78.335, 13.648 ], [ 78.326, 13.638 ], [ 78.33, 13.626 ], [ 78.322, 13.616 ], [ 78.326, 13.603 ], [ 78.317, 13.593 ], [ 78.304, 13.596 ], [ 78.296, 13.586 ], [ 78.3, 13.573 ], [ 78.291, 13.563 ], [ 78.295, 13.551 ], [ 78.286, 13.541 ], [ 78.29, 13.528 ], [ 78.303, 13.526 ], [ 78.307, 13.513 ], [ 78.298, 13.503 ], [ 78.302, 13.491 ], [ 78.315, 13.488 ], [ 78.319, 13.476 ], [ 78.31, 13.466 ], [ 78.314, 13.453 ], [ 78.327, 13.451 ], [ 78.331, 13.438 ], [ 78.322, 13.428 ], [ 78.326, 13.416 ], [ 78.339, 13.413 ], [ 78.343, 13.4 ], [ 78.356, 13.398 ], [ 78.36, 13.385 ], [ 78.351, 13.375 ], [ 78.355, 13.363 ], [ 78.368, 13.36 ], [ 78.372, 13.348 ], [ 78.385, 13.345 ], [ 78.389, 13.333 ], [ 78.401, 13.33 ], [ 78.405, 13.318 ], [ 78.418, 13.315 ], [ 78.427, 13.325 ], [ 78.439, 13.322 ], [ 78.443, 13.31 ], [ 78.456, 13.307 ], [ 78.465, 13.317 ], [ 78.478, 13.315 ], [ 78.482, 13.302 ], [ 78.494, 13.3 ], [ 78.498, 13.287 ], [ 78.511, 13.285 ], [ 78.515, 13.272 ], [ 78.528, 13.269 ], [ 78.536, 13.279 ], [ 78.549, 13.277 ], [ 78.553, 13.264 ], [ 78.566, 13.262 ], [ 78.57, 13.249 ], [ 78.561, 13.239 ], [ 78.565, 13.227 ], [ 78.557, 13.217 ], [ 78.561, 13.204 ], [ 78.552, 13.194 ], [ 78.556, 13.182 ], [ 78.547, 13.172 ], [ 78.551, 13.159 ], [ 78.542, 13.149 ], [ 78.53, 13.152 ], [ 78.521, 13.142 ], [ 78.525, 13.129 ], [ 78.516, 13.119 ], [ 78.52, 13.107 ], [ 78.512, 13.097 ], [ 78.499, 13.099 ], [ 78.49, 13.089 ], [ 78.477, 13.092 ], [ 78.469, 13.082 ], [ 78.473, 13.069 ], [ 78.464, 13.059 ], [ 78.468, 13.047 ], [ 78.459, 13.037 ], [ 78.463, 13.024 ], [ 78.455, 13.014 ], [ 78.459, 13.002 ], [ 78.45, 12.992 ], [ 78.454, 12.979 ], [ 78.445, 12.969 ], [ 78.432, 12.972 ], [ 78.424, 12.962 ], [ 78.411, 12.964 ], [ 78.402, 12.954 ], [ 78.406, 12.942 ], [ 78.398, 12.932 ], [ 78.385, 12.935 ], [ 78.376, 12.925 ], [ 78.364, 12.927 ], [ 78.36, 12.94 ], [ 78.347, 12.942 ], [ 78.338, 12.932 ], [ 78.342, 12.92 ], [ 78.334, 12.91 ], [ 78.321, 12.912 ], [ 78.312, 12.902 ], [ 78.3, 12.905 ], [ 78.291, 12.895 ], [ 78.278, 12.898 ], [ 78.269, 12.888 ], [ 78.273, 12.875 ], [ 78.265, 12.865 ], [ 78.252, 12.868 ], [ 78.243, 12.858 ], [ 78.247, 12.845 ], [ 78.239, 12.835 ], [ 78.243, 12.823 ], [ 78.234, 12.813 ], [ 78.238, 12.8 ], [ 78.251, 12.798 ], [ 78.255, 12.785 ], [ 78.246, 12.775 ], [ 78.233, 12.778 ], [ 78.225, 12.768 ], [ 78.229, 12.755 ], [ 78.22, 12.745 ], [ 78.224, 12.733 ], [ 78.215, 12.723 ], [ 78.219, 12.71 ], [ 78.211, 12.7 ], [ 78.215, 12.688 ], [ 78.227, 12.685 ], [ 78.236, 12.695 ], [ 78.249, 12.693 ], [ 78.253, 12.68 ], [ 78.265, 12.677 ], [ 78.269, 12.665 ], [ 78.282, 12.662 ], [ 78.291, 12.672 ], [ 78.303, 12.67 ], [ 78.307, 12.657 ], [ 78.32, 12.654 ], [ 78.324, 12.642 ], [ 78.337, 12.639 ], [ 78.341, 12.627 ], [ 78.354, 12.624 ], [ 78.362, 12.634 ], [ 78.375, 12.631 ], [ 78.379, 12.619 ], [ 78.392, 12.616 ], [ 78.4, 12.626 ], [ 78.413, 12.624 ], [ 78.422, 12.634 ], [ 78.434, 12.631 ], [ 78.443, 12.641 ], [ 78.456, 12.638 ], [ 78.46, 12.626 ], [ 78.472, 12.623 ], [ 78.481, 12.633 ], [ 78.477, 12.646 ], [ 78.486, 12.656 ], [ 78.498, 12.653 ], [ 78.507, 12.663 ], [ 78.503, 12.675 ], [ 78.512, 12.685 ], [ 78.525, 12.683 ], [ 78.533, 12.693 ], [ 78.546, 12.69 ], [ 78.555, 12.7 ], [ 78.551, 12.713 ], [ 78.559, 12.723 ], [ 78.555, 12.735 ], [ 78.564, 12.745 ], [ 78.56, 12.758 ], [ 78.569, 12.768 ], [ 78.582, 12.765 ], [ 78.59, 12.775 ], [ 78.586, 12.788 ], [ 78.595, 12.798 ], [ 78.591, 12.81 ], [ 78.6, 12.82 ], [ 78.596, 12.833 ], [ 78.604, 12.843 ], [ 78.6, 12.855 ], [ 78.609, 12.865 ], [ 78.622, 12.863 ], [ 78.631, 12.873 ], [ 78.627, 12.885 ], [ 78.635, 12.895 ], [ 78.631, 12.908 ], [ 78.64, 12.918 ], [ 78.653, 12.915 ], [ 78.661, 12.925 ], [ 78.657, 12.938 ], [ 78.666, 12.948 ], [ 78.662, 12.96 ], [ 78.671, 12.97 ], [ 78.667, 12.983 ], [ 78.676, 12.993 ], [ 78.672, 13.005 ], [ 78.68, 13.015 ], [ 78.693, 13.013 ], [ 78.702, 13.023 ], [ 78.698, 13.035 ], [ 78.707, 13.045 ], [ 78.703, 13.058 ], [ 78.711, 13.068 ], [ 78.724, 13.065 ], [ 78.733, 13.075 ], [ 78.745, 13.072 ], [ 78.749, 13.06 ], [ 78.762, 13.057 ], [ 78.771, 13.067 ], [ 78.784, 13.065 ], [ 78.792, 13.075 ], [ 78.805, 13.072 ], [ 78.814, 13.082 ], [ 78.827, 13.079 ], [ 78.835, 13.089 ] ] ] ] } },
{ "type": "Feature", "properties": { "POLYGON.ID": 1330.0, "subregion": "India--Andhra Pradesh--Chittoor--Tirumala Forests", "FILTER": "Andhra Pradesh", "POLYGON": "India--Andhra Pradesh--Chittoor--Tirumala Forests", "STATE": "Andhra Pradesh", "COUNTY": "Chittoor", "OWNER": null }, "geometry": { "type": "MultiPolygon", "coordinates": [ [ [ [ 79.176, 13.785 ], [ 79.18, 13.773 ], [ 79.193, 13.77 ], [ 79.197, 13.758 ], [ 79.188, 13.748 ], [ 79.192, 13.735 ], [ 79.205, 13.732 ], [ 79.209, 13.72 ], [ 79.2, 13.71 ], [ 79.204, 13.697 ], [ 79.195, 13.687 ], [ 79.199, 13.675 ], [ 79.191, 13.665 ], [ 79.195, 13.652 ], [ 79.186, 13.642 ], [ 79.173, 13.645 ], [ 79.164, 13.635 ], [ 79.168, 13.622 ], [ 79.159, 13.612 ], [ 79.147, 13.615 ], [ 79.138, 13.605 ], [ 79.142, 13.592 ], [ 79.133, 13.582 ], [ 79.12, 13.585 ], [ 79.111, 13.575 ], [ 79.115, 13.562 ], [ 79.128, 13.56 ], [ 79.132, 13.547 ], [ 79.145, 13.544 ], [ 79.149, 13.532 ], [ 79.14, 13.522 ], [ 79.144, 13.509 ], [ 79.157, 13.507 ], [ 79.166, 13.517 ], [ 79.179, 13.514 ], [ 79.187, 13.524 ], [ 79.2, 13.521 ], [ 79.204, 13.509 ], [ 79.217, 13.506 ], [ 79.226, 13.516 ], [ 79.239, 13.514 ], [ 79.243, 13.501 ], [ 79.256, 13.498 ], [ 79.264, 13.508 ], [ 79.277, 13.506 ], [ 79.286, 13.516 ], [ 79.299, 13.513 ], [ 79.308, 13.523 ], [ 79.304, 13.536 ], [ 79.313, 13.546 ], [ 79.309, 13.558 ], [ 79.296, 13.561 ], [ 79.292, 13.574 ], [ 79.279, 13.576 ], [ 79.275, 13.589 ], [ 79.284, 13.599 ], [ 79.28, 13.611 ], [ 79.288, 13.621 ], [ 79.301, 13.619 ], [ 79.31, 13.629 ], [ 79.323, 13.626 ], [ 79.332, 13.636 ], [ 79.345, 13.634 ], [ 79.353, 13.644 ], [ 79.366, 13.641 ], [ 79.375, 13.651 ], [ 79.388, 13.648 ], [ 79.397, 13.658 ], [ 79.41, 13.656 ], [ 79.419, 13.666 ], [ 79.431, 13.663 ], [ 79.44, 13.673 ], [ 79.453, 13.671 ], [ 79.457, 13.658 ], [ 79.47, 13.655 ], [ 79.479, 13.665 ], [ 79.492, 13.663 ], [ 79.501, 13.673 ], [ 79.496, 13.685 ], [ 79.505, 13.695 ], [ 79.518, 13.693 ], [ 79.527, 13.703 ], [ 79.54, 13.7 ], [ 79.549, 13.71 ], [ 79.562, 13.707 ], [ 79.571, 13.717 ], [ 79.567, 13.73 ], [ 79.554, 13.733 ], [ 79.55, 13.745 ], [ 79.537, 13.748 ], [ 79.533, 13.761 ], [ 79.52, 13.763 ], [ 79.516, 13.776 ], [ 79.525, 13.786 ], [ 79.521, 13.798 ], [ 79.508, 13.801 ], [ 79.504, 13.814 ], [ 79.491, 13.816 ], [ 79.487, 13.829 ], [ 79.496, 13.839 ], [ 79.492, 13.851 ], [ 79.479, 13.854 ], [ 79.475, 13.867 ], [ 79.484, 13.877 ], [ 79.48, 13.889 ], [ 79.467, 13.892 ], [ 79.463, 13.904 ], [ 79.472, 13.914 ], [ 79.468, 13.927 ], [ 79.455, 13.93 ], [ 79.451, 13.942 ], [ 79.46, 13.952 ], [ 79.456, 13.965 ], [ 79.464, 13.975 ], [ 79.46, 13.987 ], [ 79.448, 13.99 ], [ 79.444, 14.003 ], [ 79.452, 14.013 ], [ 79.448, 14.025 ], [ 79.435, 14.028 ], [ 79.431, 14.04 ], [ 79.419, 14.043 ], [ 79.415, 14.055 ], [ 79.402, 14.058 ], [ 79.393, 14.048 ], [ 79.38, 14.051 ], [ 79.371, 14.041 ], [ 79.375, 14.028 ], [ 79.366, 14.018 ], [ 79.37, 14.005 ], [ 79.383, 14.003 ], [ 79.387, 13.99 ], [ 79.378, 13.98 ], [ 79.382, 13.968 ], [ 79.374, 13.958 ], [ 79.378, 13.945 ], [ 79.39, 13.942 ], [ 79.394, 13.93 ], [ 79.386, 13.92 ], [ 79.39, 13.907 ], [ 79.402, 13.905 ], [ 79.406, 13.892 ], [ 79.398, 13.882 ], [ 79.402, 13.87 ], [ 79.415, 13.867 ], [ 79.419, 13.854 ], [ 79.41, 13.844 ], [ 79.414, 13.832 ], [ 79.405, 13.822 ], [ 79.409, 13.809 ], [ 79.4, 13.799 ], [ 79.404, 13.787 ], [ 79.395, 13.777 ], [ 79.382, 13.779 ], [ 79.374, 13.769 ], [ 79.378, 13.757 ], [ 79.369, 13.747 ], [ 79.356, 13.749 ], [ 79.347, 13.739 ], [ 79.334, 13.742 ], [ 79.325, 13.732 ], [ 79.312, 13.734 ], [ 79.308, 13.747 ], [ 79.296, 13.749 ], [ 79.292, 13.762 ], [ 79.279, 13.765 ], [ 79.275, 13.777 ], [ 79.262, 13.78 ], [ 79.258, 13.792 ], [ 79.245, 13.795 ], [ 79.241, 13.808 ], [ 79.228, 13.81 ], [ 79.224, 13.823 ], [ 79.211, 13.825 ], [ 79.207, 13.838 ], [ 79.194, 13.84 ], [ 79.19, 13.853 ], [ 79.178, 13.856 ], [ 79.174, 13.868 ], [ 79.161, 13.871 ], [ 79.152, 13.861 ], [ 79.139, 13.863 ], [ 79.13, 13.853 ], [ 79.134, 13.841 ], [ 79.126, 13.831 ], [ 79.13, 13.818 ], [ 79.142, 13.816 ], [ 79.146, 13.803 ], [ 79.159, 13.8 ], [ 79.163, 13.788 ], [ 79.176, 13.785 ] ] ] ] } },
{ "type": "Feature", "properties": { "POLYGON.ID": 1331.0, "subregion": "India--Andhra Pradesh--Chittoor--Hills (east)", "FILTER": "Andhra Pradesh", "POLYGON": "India--Andhra Pradesh--Chittoor--Hills (east)", "STATE": "Andhra Pradesh", "COUNTY": "Chittoor", "OWNER": null }, "geometry": { "type": "MultiPolygon", "coordinates": [ [ [ [ 80.013, 13.616 ], [ 80.009, 13.628 ], [ 80.018, 13.638 ], [ 80.014, 13.651 ], [ 80.001, 13.654 ], [ 79.997, 13.666 ], [ 79.984, 13.669 ], [ 79.975, 13.659 ], [ 79.962, 13.661 ], [ 79.953, 13.651 ], [ 79.957, 13.639 ], [ 79.949, 13.629 ], [ 79.953, 13.616 ], [ 79.944, 13.606 ], [ 79.948, 13.593 ], [ 79.939, 13.583 ], [ 79.926, 13.586 ], [ 79.917, 13.576 ], [ 79.904, 13.579 ], [ 79.9, 13.591 ], [ 79.909, 13.601 ], [ 79.905, 13.614 ], [ 79.892, 13.617 ], [ 79.888, 13.629 ], [ 79.897, 13.639 ], [ 79.893, 13.652 ], [ 79.88, 13.655 ], [ 79.876, 13.667 ], [ 79.863, 13.67 ], [ 79.859, 13.682 ], [ 79.846, 13.685 ], [ 79.842, 13.698 ], [ 79.829, 13.7 ], [ 79.825, 13.713 ], [ 79.812, 13.716 ], [ 79.808, 13.728 ], [ 79.795, 13.731 ], [ 79.786, 13.721 ], [ 79.79, 13.708 ], [ 79.782, 13.698 ], [ 79.786, 13.686 ], [ 79.777, 13.676 ], [ 79.781, 13.663 ], [ 79.794, 13.66 ], [ 79.798, 13.648 ], [ 79.789, 13.638 ], [ 79.793, 13.625 ], [ 79.784, 13.615 ], [ 79.788, 13.602 ], [ 79.779, 13.592 ], [ 79.766, 13.595 ], [ 79.757, 13.585 ], [ 79.744, 13.588 ], [ 79.74, 13.6 ], [ 79.749, 13.61 ], [ 79.745, 13.623 ], [ 79.754, 13.633 ], [ 79.75, 13.646 ], [ 79.737, 13.648 ], [ 79.733, 13.661 ], [ 79.742, 13.671 ], [ 79.738, 13.683 ], [ 79.747, 13.693 ], [ 79.743, 13.706 ], [ 79.73, 13.709 ], [ 79.726, 13.721 ], [ 79.735, 13.731 ], [ 79.731, 13.744 ], [ 79.718, 13.747 ], [ 79.714, 13.759 ], [ 79.701, 13.762 ], [ 79.692, 13.752 ], [ 79.679, 13.754 ], [ 79.67, 13.744 ], [ 79.674, 13.732 ], [ 79.666, 13.722 ], [ 79.67, 13.709 ], [ 79.661, 13.699 ], [ 79.665, 13.687 ], [ 79.656, 13.677 ], [ 79.66, 13.664 ], [ 79.651, 13.654 ], [ 79.655, 13.641 ], [ 79.646, 13.631 ], [ 79.633, 13.634 ], [ 79.624, 13.624 ], [ 79.628, 13.611 ], [ 79.62, 13.601 ], [ 79.607, 13.604 ], [ 79.598, 13.594 ], [ 79.585, 13.597 ], [ 79.576, 13.587 ], [ 79.58, 13.574 ], [ 79.571, 13.564 ], [ 79.558, 13.567 ], [ 79.55, 13.557 ], [ 79.554, 13.544 ], [ 79.545, 13.534 ], [ 79.532, 13.537 ], [ 79.523, 13.527 ], [ 79.51, 13.529 ], [ 79.501, 13.519 ], [ 79.488, 13.522 ], [ 79.484, 13.534 ], [ 79.472, 13.537 ], [ 79.463, 13.527 ], [ 79.45, 13.53 ], [ 79.441, 13.52 ], [ 79.428, 13.522 ], [ 79.419, 13.512 ], [ 79.406, 13.515 ], [ 79.402, 13.527 ], [ 79.39, 13.53 ], [ 79.386, 13.543 ], [ 79.394, 13.553 ], [ 79.39, 13.565 ], [ 79.378, 13.568 ], [ 79.369, 13.558 ], [ 79.356, 13.561 ], [ 79.347, 13.551 ], [ 79.334, 13.553 ], [ 79.325, 13.543 ], [ 79.313, 13.546 ], [ 79.304, 13.536 ], [ 79.308, 13.523 ], [ 79.299, 13.513 ], [ 79.286, 13.516 ], [ 79.277, 13.506 ], [ 79.264, 13.508 ], [ 79.256, 13.498 ], [ 79.243, 13.501 ], [ 79.239, 13.514 ], [ 79.226, 13.516 ], [ 79.217, 13.506 ], [ 79.204, 13.509 ], [ 79.2, 13.521 ], [ 79.187, 13.524 ], [ 79.179, 13.514 ], [ 79.166, 13.517 ], [ 79.157, 13.507 ], [ 79.144, 13.509 ], [ 79.135, 13.499 ], [ 79.123, 13.502 ], [ 79.114, 13.492 ], [ 79.118, 13.479 ], [ 79.109, 13.469 ], [ 79.113, 13.457 ], [ 79.104, 13.447 ], [ 79.108, 13.434 ], [ 79.121, 13.431 ], [ 79.125, 13.419 ], [ 79.138, 13.416 ], [ 79.142, 13.404 ], [ 79.133, 13.394 ], [ 79.137, 13.381 ], [ 79.15, 13.378 ], [ 79.154, 13.366 ], [ 79.167, 13.363 ], [ 79.171, 13.351 ], [ 79.184, 13.348 ], [ 79.188, 13.335 ], [ 79.2, 13.333 ], [ 79.204, 13.32 ], [ 79.217, 13.318 ], [ 79.226, 13.328 ], [ 79.239, 13.325 ], [ 79.243, 13.312 ], [ 79.256, 13.31 ], [ 79.26, 13.297 ], [ 79.273, 13.295 ], [ 79.277, 13.282 ], [ 79.289, 13.279 ], [ 79.293, 13.267 ], [ 79.285, 13.257 ], [ 79.289, 13.244 ], [ 79.28, 13.234 ], [ 79.284, 13.221 ], [ 79.275, 13.211 ], [ 79.279, 13.199 ], [ 79.27, 13.189 ], [ 79.274, 13.176 ], [ 79.265, 13.166 ], [ 79.269, 13.154 ], [ 79.282, 13.151 ], [ 79.286, 13.138 ], [ 79.277, 13.128 ], [ 79.281, 13.116 ], [ 79.294, 13.113 ], [ 79.298, 13.101 ], [ 79.311, 13.098 ], [ 79.32, 13.108 ], [ 79.333, 13.105 ], [ 79.341, 13.115 ], [ 79.354, 13.113 ], [ 79.363, 13.123 ], [ 79.376, 13.12 ], [ 79.385, 13.13 ], [ 79.398, 13.127 ], [ 79.406, 13.137 ], [ 79.419, 13.135 ], [ 79.428, 13.145 ], [ 79.441, 13.142 ], [ 79.45, 13.152 ], [ 79.463, 13.149 ], [ 79.471, 13.159 ], [ 79.484, 13.157 ], [ 79.493, 13.167 ], [ 79.506, 13.164 ], [ 79.51, 13.151 ], [ 79.523, 13.149 ], [ 79.527, 13.136 ], [ 79.54, 13.134 ], [ 79.544, 13.121 ], [ 79.556, 13.118 ], [ 79.565, 13.128 ], [ 79.578, 13.126 ], [ 79.587, 13.136 ], [ 79.6, 13.133 ], [ 79.609, 13.143 ], [ 79.622, 13.14 ], [ 79.63, 13.15 ], [ 79.626, 13.163 ], [ 79.635, 13.173 ], [ 79.631, 13.186 ], [ 79.64, 13.196 ], [ 79.636, 13.208 ], [ 79.645, 13.218 ], [ 79.658, 13.216 ], [ 79.667, 13.225 ], [ 79.68, 13.223 ], [ 79.688, 13.233 ], [ 79.701, 13.23 ], [ 79.705, 13.218 ], [ 79.718, 13.215 ], [ 79.722, 13.202 ], [ 79.735, 13.2 ], [ 79.744, 13.21 ], [ 79.757, 13.207 ], [ 79.766, 13.217 ], [ 79.779, 13.214 ], [ 79.787, 13.224 ], [ 79.8, 13.222 ], [ 79.809, 13.232 ], [ 79.805, 13.244 ], [ 79.814, 13.254 ], [ 79.827, 13.252 ], [ 79.836, 13.262 ], [ 79.832, 13.274 ], [ 79.841, 13.284 ], [ 79.854, 13.282 ], [ 79.862, 13.292 ], [ 79.858, 13.304 ], [ 79.867, 13.314 ], [ 79.863, 13.327 ], [ 79.872, 13.337 ], [ 79.885, 13.334 ], [ 79.894, 13.344 ], [ 79.907, 13.342 ], [ 79.916, 13.352 ], [ 79.929, 13.349 ], [ 79.938, 13.359 ], [ 79.934, 13.372 ], [ 79.942, 13.382 ], [ 79.955, 13.379 ], [ 79.964, 13.389 ], [ 79.96, 13.402 ], [ 79.947, 13.404 ], [ 79.943, 13.417 ], [ 79.952, 13.427 ], [ 79.965, 13.424 ], [ 79.974, 13.434 ], [ 79.97, 13.447 ], [ 79.979, 13.457 ], [ 79.992, 13.454 ], [ 80.001, 13.464 ], [ 80.014, 13.462 ], [ 80.023, 13.472 ], [ 80.035, 13.469 ], [ 80.044, 13.479 ], [ 80.04, 13.492 ], [ 80.049, 13.502 ], [ 80.045, 13.514 ], [ 80.032, 13.517 ], [ 80.028, 13.53 ], [ 80.037, 13.54 ], [ 80.033, 13.552 ], [ 80.02, 13.555 ], [ 80.016, 13.568 ], [ 80.025, 13.578 ], [ 80.021, 13.59 ], [ 80.008, 13.593 ], [ 80.004, 13.606 ], [ 80.013, 13.616 ] ] ] ] } }
]
}
