{
"type": "FeatureCollection",
"name": "Assam",
"crs": { "type": "name", "properties": { "name": "urn:ogc:def:crs:OGC:1.3:CRS84" } },
"features": [
{ "type": "Feature", "properties": { "POLYGON.ID": 172.0, "subregion": "India--Assam--Goalpara--Plains (east)", "POLYGON": "India--Assam--Goalpara--Plains (east)", "SHOW": "1", "FILTER": "Not-Assigned", "FILTER.ID": null, "OLD.POLYGON": null, "STATE": "Assam", "COUNTY": "Goalpara", "OWNER": null }, "geometry": { "type": "MultiPolygon", "coordinates": [ [ [ [ 91.091, 25.984 ], [ 91.101, 25.993 ], [ 91.097, 26.005 ], [ 91.083, 26.008 ], [ 91.079, 26.02 ], [ 91.089, 26.03 ], [ 91.085, 26.042 ], [ 91.071, 26.045 ], [ 91.06, 26.035 ], [ 91.046, 26.038 ], [ 91.042, 26.051 ], [ 91.028, 26.053 ], [ 91.017, 26.044 ], [ 91.003, 26.047 ], [ 90.999, 26.059 ], [ 90.985, 26.062 ], [ 90.981, 26.074 ], [ 90.966, 26.077 ], [ 90.962, 26.089 ], [ 90.948, 26.092 ], [ 90.938, 26.083 ], [ 90.923, 26.085 ], [ 90.913, 26.076 ], [ 90.899, 26.079 ], [ 90.889, 26.07 ], [ 90.874, 26.072 ], [ 90.87, 26.085 ], [ 90.856, 26.087 ], [ 90.846, 26.078 ], [ 90.831, 26.081 ], [ 90.827, 26.093 ], [ 90.813, 26.096 ], [ 90.809, 26.108 ], [ 90.795, 26.111 ], [ 90.784, 26.102 ], [ 90.77, 26.104 ], [ 90.76, 26.095 ], [ 90.764, 26.083 ], [ 90.753, 26.073 ], [ 90.757, 26.061 ], [ 90.747, 26.052 ], [ 90.751, 26.039 ], [ 90.765, 26.037 ], [ 90.769, 26.024 ], [ 90.759, 26.015 ], [ 90.763, 26.003 ], [ 90.753, 25.993 ], [ 90.757, 25.981 ], [ 90.747, 25.972 ], [ 90.751, 25.96 ], [ 90.74, 25.95 ], [ 90.744, 25.938 ], [ 90.759, 25.935 ], [ 90.763, 25.923 ], [ 90.752, 25.913 ], [ 90.756, 25.901 ], [ 90.771, 25.898 ], [ 90.781, 25.908 ], [ 90.777, 25.92 ], [ 90.787, 25.929 ], [ 90.783, 25.942 ], [ 90.793, 25.951 ], [ 90.808, 25.948 ], [ 90.818, 25.958 ], [ 90.832, 25.955 ], [ 90.836, 25.943 ], [ 90.851, 25.94 ], [ 90.861, 25.949 ], [ 90.875, 25.946 ], [ 90.879, 25.934 ], [ 90.894, 25.931 ], [ 90.904, 25.941 ], [ 90.918, 25.938 ], [ 90.929, 25.947 ], [ 90.943, 25.944 ], [ 90.947, 25.932 ], [ 90.961, 25.929 ], [ 90.965, 25.917 ], [ 90.955, 25.908 ], [ 90.959, 25.895 ], [ 90.973, 25.892 ], [ 90.977, 25.88 ], [ 90.991, 25.877 ], [ 91.002, 25.887 ], [ 91.016, 25.884 ], [ 91.026, 25.893 ], [ 91.022, 25.906 ], [ 91.033, 25.915 ], [ 91.047, 25.912 ], [ 91.057, 25.922 ], [ 91.053, 25.934 ], [ 91.064, 25.943 ], [ 91.06, 25.955 ], [ 91.07, 25.965 ], [ 91.066, 25.977 ], [ 91.076, 25.986 ], [ 91.091, 25.984 ] ] ] ] } },
{ "type": "Feature", "properties": { "POLYGON.ID": 173.0, "subregion": "India--Assam--Kokrajhar--Plains", "POLYGON": "India--Assam--Kokrajhar--Plains", "SHOW": "1", "FILTER": "Not-Assigned", "FILTER.ID": null, "OLD.POLYGON": null, "STATE": "Assam", "COUNTY": "Kokrajhar", "OWNER": null }, "geometry": { "type": "MultiPolygon", "coordinates": [ [ [ [ 90.129, 26.343 ], [ 90.139, 26.352 ], [ 90.154, 26.35 ], [ 90.158, 26.337 ], [ 90.172, 26.335 ], [ 90.182, 26.344 ], [ 90.178, 26.356 ], [ 90.188, 26.366 ], [ 90.184, 26.378 ], [ 90.195, 26.387 ], [ 90.191, 26.399 ], [ 90.201, 26.409 ], [ 90.215, 26.406 ], [ 90.226, 26.415 ], [ 90.24, 26.413 ], [ 90.244, 26.401 ], [ 90.258, 26.398 ], [ 90.262, 26.386 ], [ 90.277, 26.383 ], [ 90.287, 26.392 ], [ 90.283, 26.404 ], [ 90.293, 26.414 ], [ 90.307, 26.411 ], [ 90.318, 26.42 ], [ 90.332, 26.418 ], [ 90.342, 26.427 ], [ 90.338, 26.439 ], [ 90.349, 26.449 ], [ 90.363, 26.446 ], [ 90.373, 26.455 ], [ 90.387, 26.453 ], [ 90.391, 26.44 ], [ 90.406, 26.438 ], [ 90.416, 26.447 ], [ 90.412, 26.459 ], [ 90.398, 26.462 ], [ 90.394, 26.474 ], [ 90.404, 26.484 ], [ 90.4, 26.496 ], [ 90.41, 26.505 ], [ 90.406, 26.517 ], [ 90.392, 26.52 ], [ 90.388, 26.532 ], [ 90.374, 26.535 ], [ 90.37, 26.547 ], [ 90.355, 26.55 ], [ 90.351, 26.562 ], [ 90.362, 26.571 ], [ 90.357, 26.583 ], [ 90.368, 26.593 ], [ 90.364, 26.605 ], [ 90.349, 26.608 ], [ 90.345, 26.62 ], [ 90.356, 26.629 ], [ 90.352, 26.641 ], [ 90.362, 26.651 ], [ 90.358, 26.663 ], [ 90.368, 26.672 ], [ 90.364, 26.684 ], [ 90.375, 26.694 ], [ 90.37, 26.706 ], [ 90.356, 26.709 ], [ 90.346, 26.699 ], [ 90.332, 26.702 ], [ 90.321, 26.693 ], [ 90.325, 26.68 ], [ 90.315, 26.671 ], [ 90.319, 26.659 ], [ 90.309, 26.65 ], [ 90.313, 26.637 ], [ 90.327, 26.635 ], [ 90.331, 26.623 ], [ 90.321, 26.613 ], [ 90.306, 26.616 ], [ 90.296, 26.607 ], [ 90.282, 26.609 ], [ 90.272, 26.6 ], [ 90.257, 26.603 ], [ 90.253, 26.615 ], [ 90.239, 26.617 ], [ 90.235, 26.63 ], [ 90.221, 26.632 ], [ 90.21, 26.623 ], [ 90.196, 26.626 ], [ 90.186, 26.616 ], [ 90.171, 26.619 ], [ 90.161, 26.61 ], [ 90.147, 26.612 ], [ 90.136, 26.603 ], [ 90.122, 26.606 ], [ 90.112, 26.596 ], [ 90.098, 26.599 ], [ 90.087, 26.59 ], [ 90.073, 26.592 ], [ 90.069, 26.604 ], [ 90.055, 26.607 ], [ 90.044, 26.598 ], [ 90.03, 26.6 ], [ 90.026, 26.613 ], [ 90.012, 26.615 ], [ 90.008, 26.627 ], [ 89.993, 26.63 ], [ 89.983, 26.621 ], [ 89.969, 26.623 ], [ 89.959, 26.614 ], [ 89.944, 26.617 ], [ 89.94, 26.629 ], [ 89.926, 26.632 ], [ 89.922, 26.644 ], [ 89.908, 26.646 ], [ 89.897, 26.637 ], [ 89.901, 26.625 ], [ 89.891, 26.615 ], [ 89.895, 26.603 ], [ 89.909, 26.601 ], [ 89.913, 26.589 ], [ 89.903, 26.579 ], [ 89.907, 26.567 ], [ 89.922, 26.564 ], [ 89.926, 26.552 ], [ 89.915, 26.543 ], [ 89.901, 26.545 ], [ 89.891, 26.536 ], [ 89.895, 26.524 ], [ 89.885, 26.515 ], [ 89.889, 26.502 ], [ 89.878, 26.493 ], [ 89.882, 26.481 ], [ 89.872, 26.471 ], [ 89.876, 26.459 ], [ 89.866, 26.45 ], [ 89.87, 26.438 ], [ 89.884, 26.435 ], [ 89.888, 26.423 ], [ 89.878, 26.414 ], [ 89.882, 26.401 ], [ 89.896, 26.399 ], [ 89.907, 26.408 ], [ 89.921, 26.405 ], [ 89.931, 26.415 ], [ 89.927, 26.427 ], [ 89.937, 26.436 ], [ 89.952, 26.434 ], [ 89.962, 26.443 ], [ 89.976, 26.44 ], [ 89.98, 26.428 ], [ 89.995, 26.425 ], [ 89.999, 26.413 ], [ 90.013, 26.411 ], [ 90.017, 26.398 ], [ 90.031, 26.396 ], [ 90.035, 26.384 ], [ 90.049, 26.381 ], [ 90.054, 26.369 ], [ 90.068, 26.366 ], [ 90.072, 26.354 ], [ 90.086, 26.351 ], [ 90.09, 26.339 ], [ 90.104, 26.336 ], [ 90.115, 26.346 ], [ 90.129, 26.343 ] ] ] ] } },
{ "type": "Feature", "properties": { "POLYGON.ID": 174.0, "subregion": "India--Assam--Kamrup--Plains", "POLYGON": "India--Assam--Kamrup--Plains", "SHOW": "1", "FILTER": "Not-Assigned", "FILTER.ID": null, "OLD.POLYGON": null, "STATE": "Assam", "COUNTY": "Kamrup", "OWNER": null }, "geometry": { "type": "MultiPolygon", "coordinates": [ [ [ [ 91.622, 26.449 ], [ 91.618, 26.461 ], [ 91.629, 26.47 ], [ 91.625, 26.482 ], [ 91.61, 26.485 ], [ 91.606, 26.497 ], [ 91.617, 26.507 ], [ 91.613, 26.519 ], [ 91.598, 26.522 ], [ 91.594, 26.534 ], [ 91.58, 26.537 ], [ 91.57, 26.528 ], [ 91.555, 26.53 ], [ 91.545, 26.521 ], [ 91.549, 26.509 ], [ 91.563, 26.506 ], [ 91.567, 26.494 ], [ 91.557, 26.484 ], [ 91.561, 26.472 ], [ 91.55, 26.463 ], [ 91.554, 26.451 ], [ 91.569, 26.448 ], [ 91.573, 26.436 ], [ 91.562, 26.426 ], [ 91.566, 26.414 ], [ 91.556, 26.405 ], [ 91.542, 26.408 ], [ 91.531, 26.398 ], [ 91.535, 26.386 ], [ 91.525, 26.377 ], [ 91.529, 26.365 ], [ 91.519, 26.355 ], [ 91.523, 26.343 ], [ 91.512, 26.334 ], [ 91.498, 26.337 ], [ 91.487, 26.327 ], [ 91.473, 26.33 ], [ 91.463, 26.321 ], [ 91.467, 26.309 ], [ 91.456, 26.299 ], [ 91.46, 26.287 ], [ 91.45, 26.278 ], [ 91.454, 26.265 ], [ 91.468, 26.263 ], [ 91.472, 26.25 ], [ 91.487, 26.247 ], [ 91.491, 26.235 ], [ 91.48, 26.226 ], [ 91.484, 26.214 ], [ 91.499, 26.211 ], [ 91.503, 26.198 ], [ 91.492, 26.189 ], [ 91.496, 26.177 ], [ 91.511, 26.174 ], [ 91.521, 26.183 ], [ 91.535, 26.18 ], [ 91.546, 26.19 ], [ 91.56, 26.187 ], [ 91.57, 26.196 ], [ 91.585, 26.193 ], [ 91.595, 26.203 ], [ 91.609, 26.2 ], [ 91.62, 26.209 ], [ 91.634, 26.206 ], [ 91.644, 26.216 ], [ 91.64, 26.228 ], [ 91.651, 26.237 ], [ 91.647, 26.249 ], [ 91.657, 26.259 ], [ 91.672, 26.256 ], [ 91.675, 26.244 ], [ 91.69, 26.241 ], [ 91.7, 26.25 ], [ 91.696, 26.262 ], [ 91.707, 26.272 ], [ 91.703, 26.284 ], [ 91.713, 26.293 ], [ 91.709, 26.305 ], [ 91.719, 26.315 ], [ 91.715, 26.327 ], [ 91.726, 26.336 ], [ 91.74, 26.333 ], [ 91.75, 26.343 ], [ 91.765, 26.34 ], [ 91.769, 26.328 ], [ 91.783, 26.325 ], [ 91.787, 26.312 ], [ 91.801, 26.31 ], [ 91.812, 26.319 ], [ 91.808, 26.331 ], [ 91.818, 26.34 ], [ 91.814, 26.353 ], [ 91.825, 26.362 ], [ 91.821, 26.374 ], [ 91.806, 26.377 ], [ 91.802, 26.389 ], [ 91.788, 26.392 ], [ 91.784, 26.404 ], [ 91.794, 26.414 ], [ 91.79, 26.426 ], [ 91.776, 26.429 ], [ 91.772, 26.441 ], [ 91.782, 26.45 ], [ 91.778, 26.463 ], [ 91.789, 26.472 ], [ 91.785, 26.484 ], [ 91.771, 26.487 ], [ 91.76, 26.478 ], [ 91.746, 26.481 ], [ 91.742, 26.493 ], [ 91.727, 26.496 ], [ 91.717, 26.486 ], [ 91.721, 26.474 ], [ 91.711, 26.465 ], [ 91.696, 26.468 ], [ 91.686, 26.458 ], [ 91.672, 26.461 ], [ 91.661, 26.452 ], [ 91.647, 26.455 ], [ 91.637, 26.446 ], [ 91.622, 26.449 ] ] ] ] } },
{ "type": "Feature", "properties": { "POLYGON.ID": 175.0, "subregion": "India--Assam--Udalguri--Plains", "POLYGON": "India--Assam--Udalguri--Plains", "SHOW": "1", "FILTER": "Not-Assigned", "FILTER.ID": null, "OLD.POLYGON": null, "STATE": "Assam", "COUNTY": "Udalguri", "OWNER": null }, "geometry": { "type": "MultiPolygon", "coordinates": [ [ [ [ 91.996, 26.578 ], [ 92.006, 26.588 ], [ 92.02, 26.585 ], [ 92.031, 26.594 ], [ 92.027, 26.606 ], [ 92.037, 26.615 ], [ 92.052, 26.612 ], [ 92.062, 26.622 ], [ 92.058, 26.634 ], [ 92.069, 26.643 ], [ 92.083, 26.64 ], [ 92.093, 26.65 ], [ 92.108, 26.647 ], [ 92.118, 26.656 ], [ 92.132, 26.653 ], [ 92.143, 26.662 ], [ 92.157, 26.659 ], [ 92.168, 26.669 ], [ 92.182, 26.666 ], [ 92.186, 26.653 ], [ 92.2, 26.651 ], [ 92.204, 26.638 ], [ 92.219, 26.635 ], [ 92.223, 26.623 ], [ 92.237, 26.62 ], [ 92.241, 26.608 ], [ 92.255, 26.605 ], [ 92.266, 26.614 ], [ 92.262, 26.627 ], [ 92.272, 26.636 ], [ 92.268, 26.648 ], [ 92.279, 26.657 ], [ 92.293, 26.654 ], [ 92.297, 26.642 ], [ 92.287, 26.633 ], [ 92.291, 26.621 ], [ 92.305, 26.618 ], [ 92.309, 26.605 ], [ 92.323, 26.603 ], [ 92.327, 26.59 ], [ 92.342, 26.587 ], [ 92.346, 26.575 ], [ 92.36, 26.572 ], [ 92.37, 26.581 ], [ 92.366, 26.594 ], [ 92.352, 26.597 ], [ 92.348, 26.609 ], [ 92.359, 26.618 ], [ 92.373, 26.615 ], [ 92.383, 26.624 ], [ 92.398, 26.621 ], [ 92.408, 26.631 ], [ 92.404, 26.643 ], [ 92.39, 26.646 ], [ 92.379, 26.637 ], [ 92.365, 26.64 ], [ 92.361, 26.652 ], [ 92.371, 26.661 ], [ 92.367, 26.673 ], [ 92.378, 26.683 ], [ 92.374, 26.695 ], [ 92.36, 26.698 ], [ 92.349, 26.688 ], [ 92.353, 26.676 ], [ 92.343, 26.667 ], [ 92.328, 26.67 ], [ 92.324, 26.682 ], [ 92.335, 26.691 ], [ 92.331, 26.704 ], [ 92.341, 26.713 ], [ 92.337, 26.725 ], [ 92.323, 26.728 ], [ 92.319, 26.74 ], [ 92.329, 26.749 ], [ 92.325, 26.762 ], [ 92.336, 26.771 ], [ 92.332, 26.783 ], [ 92.342, 26.792 ], [ 92.338, 26.805 ], [ 92.324, 26.807 ], [ 92.32, 26.82 ], [ 92.33, 26.829 ], [ 92.326, 26.841 ], [ 92.337, 26.85 ], [ 92.333, 26.863 ], [ 92.343, 26.872 ], [ 92.339, 26.884 ], [ 92.35, 26.893 ], [ 92.346, 26.905 ], [ 92.331, 26.908 ], [ 92.321, 26.899 ], [ 92.307, 26.902 ], [ 92.296, 26.893 ], [ 92.282, 26.896 ], [ 92.271, 26.886 ], [ 92.257, 26.889 ], [ 92.246, 26.88 ], [ 92.232, 26.883 ], [ 92.222, 26.874 ], [ 92.207, 26.877 ], [ 92.197, 26.868 ], [ 92.182, 26.87 ], [ 92.172, 26.861 ], [ 92.158, 26.864 ], [ 92.147, 26.855 ], [ 92.133, 26.858 ], [ 92.122, 26.849 ], [ 92.108, 26.851 ], [ 92.098, 26.842 ], [ 92.083, 26.845 ], [ 92.073, 26.836 ], [ 92.058, 26.839 ], [ 92.048, 26.83 ], [ 92.034, 26.832 ], [ 92.023, 26.823 ], [ 92.009, 26.826 ], [ 91.998, 26.817 ], [ 91.984, 26.82 ], [ 91.98, 26.832 ], [ 91.966, 26.835 ], [ 91.962, 26.847 ], [ 91.947, 26.85 ], [ 91.937, 26.841 ], [ 91.923, 26.844 ], [ 91.912, 26.834 ], [ 91.898, 26.837 ], [ 91.887, 26.828 ], [ 91.873, 26.831 ], [ 91.869, 26.843 ], [ 91.855, 26.846 ], [ 91.844, 26.837 ], [ 91.83, 26.839 ], [ 91.82, 26.83 ], [ 91.805, 26.833 ], [ 91.795, 26.824 ], [ 91.799, 26.812 ], [ 91.788, 26.802 ], [ 91.774, 26.805 ], [ 91.764, 26.796 ], [ 91.768, 26.784 ], [ 91.757, 26.774 ], [ 91.743, 26.777 ], [ 91.732, 26.768 ], [ 91.718, 26.771 ], [ 91.708, 26.762 ], [ 91.712, 26.749 ], [ 91.726, 26.747 ], [ 91.73, 26.734 ], [ 91.744, 26.732 ], [ 91.748, 26.719 ], [ 91.738, 26.71 ], [ 91.742, 26.698 ], [ 91.732, 26.689 ], [ 91.736, 26.676 ], [ 91.725, 26.667 ], [ 91.729, 26.655 ], [ 91.744, 26.652 ], [ 91.748, 26.64 ], [ 91.737, 26.631 ], [ 91.741, 26.618 ], [ 91.731, 26.609 ], [ 91.735, 26.597 ], [ 91.749, 26.594 ], [ 91.753, 26.582 ], [ 91.767, 26.579 ], [ 91.771, 26.567 ], [ 91.761, 26.557 ], [ 91.765, 26.545 ], [ 91.779, 26.542 ], [ 91.783, 26.53 ], [ 91.773, 26.521 ], [ 91.777, 26.509 ], [ 91.791, 26.506 ], [ 91.802, 26.515 ], [ 91.816, 26.512 ], [ 91.826, 26.521 ], [ 91.822, 26.534 ], [ 91.808, 26.536 ], [ 91.804, 26.549 ], [ 91.814, 26.558 ], [ 91.829, 26.555 ], [ 91.839, 26.564 ], [ 91.854, 26.561 ], [ 91.858, 26.549 ], [ 91.872, 26.546 ], [ 91.882, 26.556 ], [ 91.897, 26.553 ], [ 91.907, 26.562 ], [ 91.921, 26.559 ], [ 91.925, 26.547 ], [ 91.94, 26.544 ], [ 91.95, 26.553 ], [ 91.965, 26.55 ], [ 91.975, 26.56 ], [ 91.989, 26.557 ], [ 91.993, 26.545 ], [ 92.008, 26.542 ], [ 92.012, 26.529 ], [ 92.026, 26.526 ], [ 92.03, 26.514 ], [ 92.044, 26.511 ], [ 92.048, 26.499 ], [ 92.038, 26.49 ], [ 92.042, 26.478 ], [ 92.056, 26.475 ], [ 92.067, 26.484 ], [ 92.063, 26.496 ], [ 92.073, 26.505 ], [ 92.069, 26.518 ], [ 92.079, 26.527 ], [ 92.076, 26.539 ], [ 92.086, 26.548 ], [ 92.1, 26.546 ], [ 92.111, 26.555 ], [ 92.107, 26.567 ], [ 92.092, 26.57 ], [ 92.088, 26.582 ], [ 92.074, 26.585 ], [ 92.064, 26.576 ], [ 92.068, 26.564 ], [ 92.057, 26.554 ], [ 92.043, 26.557 ], [ 92.032, 26.548 ], [ 92.018, 26.551 ], [ 92.014, 26.563 ], [ 92.0, 26.566 ], [ 91.996, 26.578 ] ] ] ] } },
{ "type": "Feature", "properties": { "POLYGON.ID": 176.0, "subregion": "India--Assam--Nagaon--Plains", "POLYGON": "India--Assam--Nagaon--Plains", "SHOW": "1", "FILTER": "Not-Assigned", "FILTER.ID": null, "OLD.POLYGON": null, "STATE": "Assam", "COUNTY": "Nagaon", "OWNER": null }, "geometry": { "type": "MultiPolygon", "coordinates": [ [ [ [ 92.899, 26.357 ], [ 92.895, 26.369 ], [ 92.88, 26.372 ], [ 92.876, 26.385 ], [ 92.887, 26.394 ], [ 92.883, 26.406 ], [ 92.893, 26.416 ], [ 92.908, 26.412 ], [ 92.918, 26.422 ], [ 92.933, 26.419 ], [ 92.943, 26.428 ], [ 92.957, 26.425 ], [ 92.968, 26.434 ], [ 92.982, 26.431 ], [ 92.993, 26.44 ], [ 93.007, 26.437 ], [ 93.017, 26.447 ], [ 93.032, 26.444 ], [ 93.036, 26.431 ], [ 93.05, 26.428 ], [ 93.054, 26.416 ], [ 93.068, 26.413 ], [ 93.079, 26.422 ], [ 93.075, 26.434 ], [ 93.085, 26.444 ], [ 93.1, 26.441 ], [ 93.11, 26.45 ], [ 93.106, 26.462 ], [ 93.092, 26.465 ], [ 93.088, 26.477 ], [ 93.074, 26.48 ], [ 93.07, 26.493 ], [ 93.055, 26.496 ], [ 93.045, 26.487 ], [ 93.031, 26.49 ], [ 93.02, 26.48 ], [ 93.006, 26.483 ], [ 93.002, 26.496 ], [ 93.012, 26.505 ], [ 93.008, 26.517 ], [ 93.019, 26.526 ], [ 93.015, 26.539 ], [ 93.0, 26.542 ], [ 92.996, 26.554 ], [ 93.007, 26.563 ], [ 93.003, 26.575 ], [ 92.989, 26.578 ], [ 92.985, 26.591 ], [ 92.97, 26.594 ], [ 92.966, 26.606 ], [ 92.952, 26.609 ], [ 92.941, 26.6 ], [ 92.945, 26.587 ], [ 92.935, 26.578 ], [ 92.921, 26.581 ], [ 92.91, 26.572 ], [ 92.896, 26.575 ], [ 92.885, 26.566 ], [ 92.871, 26.569 ], [ 92.86, 26.56 ], [ 92.846, 26.563 ], [ 92.836, 26.553 ], [ 92.84, 26.541 ], [ 92.829, 26.532 ], [ 92.833, 26.52 ], [ 92.823, 26.51 ], [ 92.808, 26.513 ], [ 92.798, 26.504 ], [ 92.802, 26.492 ], [ 92.791, 26.483 ], [ 92.777, 26.486 ], [ 92.767, 26.476 ], [ 92.752, 26.479 ], [ 92.742, 26.47 ], [ 92.727, 26.473 ], [ 92.717, 26.464 ], [ 92.703, 26.467 ], [ 92.699, 26.479 ], [ 92.684, 26.482 ], [ 92.674, 26.473 ], [ 92.659, 26.476 ], [ 92.649, 26.467 ], [ 92.635, 26.47 ], [ 92.631, 26.482 ], [ 92.641, 26.491 ], [ 92.637, 26.503 ], [ 92.623, 26.506 ], [ 92.619, 26.519 ], [ 92.604, 26.522 ], [ 92.594, 26.512 ], [ 92.598, 26.5 ], [ 92.588, 26.491 ], [ 92.573, 26.494 ], [ 92.569, 26.506 ], [ 92.555, 26.509 ], [ 92.544, 26.5 ], [ 92.53, 26.503 ], [ 92.52, 26.494 ], [ 92.505, 26.497 ], [ 92.495, 26.487 ], [ 92.48, 26.49 ], [ 92.47, 26.481 ], [ 92.456, 26.484 ], [ 92.445, 26.475 ], [ 92.431, 26.478 ], [ 92.42, 26.468 ], [ 92.424, 26.456 ], [ 92.439, 26.453 ], [ 92.443, 26.441 ], [ 92.432, 26.432 ], [ 92.436, 26.419 ], [ 92.426, 26.41 ], [ 92.43, 26.398 ], [ 92.444, 26.395 ], [ 92.448, 26.383 ], [ 92.462, 26.38 ], [ 92.466, 26.367 ], [ 92.481, 26.364 ], [ 92.491, 26.374 ], [ 92.506, 26.371 ], [ 92.516, 26.38 ], [ 92.53, 26.377 ], [ 92.541, 26.386 ], [ 92.555, 26.383 ], [ 92.559, 26.371 ], [ 92.573, 26.368 ], [ 92.577, 26.356 ], [ 92.567, 26.347 ], [ 92.571, 26.334 ], [ 92.561, 26.325 ], [ 92.564, 26.313 ], [ 92.554, 26.303 ], [ 92.54, 26.306 ], [ 92.529, 26.297 ], [ 92.533, 26.285 ], [ 92.523, 26.276 ], [ 92.508, 26.279 ], [ 92.498, 26.269 ], [ 92.484, 26.272 ], [ 92.473, 26.263 ], [ 92.459, 26.266 ], [ 92.455, 26.278 ], [ 92.441, 26.281 ], [ 92.43, 26.272 ], [ 92.416, 26.275 ], [ 92.405, 26.266 ], [ 92.409, 26.253 ], [ 92.424, 26.25 ], [ 92.428, 26.238 ], [ 92.417, 26.229 ], [ 92.421, 26.217 ], [ 92.436, 26.214 ], [ 92.44, 26.201 ], [ 92.429, 26.192 ], [ 92.433, 26.18 ], [ 92.423, 26.17 ], [ 92.427, 26.158 ], [ 92.441, 26.155 ], [ 92.451, 26.164 ], [ 92.466, 26.161 ], [ 92.476, 26.171 ], [ 92.491, 26.168 ], [ 92.501, 26.177 ], [ 92.515, 26.174 ], [ 92.519, 26.162 ], [ 92.509, 26.153 ], [ 92.513, 26.14 ], [ 92.527, 26.137 ], [ 92.531, 26.125 ], [ 92.545, 26.122 ], [ 92.556, 26.131 ], [ 92.57, 26.128 ], [ 92.574, 26.116 ], [ 92.589, 26.113 ], [ 92.592, 26.101 ], [ 92.582, 26.091 ], [ 92.586, 26.079 ], [ 92.6, 26.076 ], [ 92.604, 26.064 ], [ 92.619, 26.061 ], [ 92.623, 26.048 ], [ 92.612, 26.039 ], [ 92.616, 26.027 ], [ 92.606, 26.018 ], [ 92.61, 26.005 ], [ 92.599, 25.996 ], [ 92.603, 25.984 ], [ 92.618, 25.981 ], [ 92.628, 25.99 ], [ 92.642, 25.987 ], [ 92.653, 25.996 ], [ 92.649, 26.009 ], [ 92.659, 26.018 ], [ 92.674, 26.015 ], [ 92.684, 26.024 ], [ 92.698, 26.021 ], [ 92.709, 26.03 ], [ 92.705, 26.043 ], [ 92.715, 26.052 ], [ 92.73, 26.049 ], [ 92.74, 26.058 ], [ 92.754, 26.055 ], [ 92.765, 26.064 ], [ 92.761, 26.077 ], [ 92.746, 26.08 ], [ 92.743, 26.092 ], [ 92.728, 26.095 ], [ 92.724, 26.107 ], [ 92.735, 26.117 ], [ 92.731, 26.129 ], [ 92.716, 26.132 ], [ 92.712, 26.144 ], [ 92.723, 26.154 ], [ 92.737, 26.151 ], [ 92.741, 26.138 ], [ 92.755, 26.135 ], [ 92.766, 26.145 ], [ 92.762, 26.157 ], [ 92.748, 26.16 ], [ 92.744, 26.172 ], [ 92.754, 26.181 ], [ 92.75, 26.194 ], [ 92.761, 26.203 ], [ 92.757, 26.215 ], [ 92.767, 26.225 ], [ 92.781, 26.222 ], [ 92.792, 26.231 ], [ 92.788, 26.243 ], [ 92.774, 26.246 ], [ 92.77, 26.258 ], [ 92.78, 26.268 ], [ 92.776, 26.28 ], [ 92.786, 26.289 ], [ 92.801, 26.286 ], [ 92.811, 26.295 ], [ 92.826, 26.292 ], [ 92.836, 26.302 ], [ 92.832, 26.314 ], [ 92.843, 26.323 ], [ 92.857, 26.32 ], [ 92.867, 26.329 ], [ 92.882, 26.326 ], [ 92.892, 26.336 ], [ 92.888, 26.348 ], [ 92.899, 26.357 ] ] ] ] } },
{ "type": "Feature", "properties": { "POLYGON.ID": 177.0, "subregion": "India--Assam--Karbi Anglong--Hills", "POLYGON": "India--Assam--Karbi Anglong--Hills", "SHOW": "1", "FILTER": "Not-Assigned", "FILTER.ID": null, "OLD.POLYGON": null, "STATE": "Assam", "COUNTY": "Karbi Anglong", "OWNER": null }, "geometry": { "type": "MultiPolygon", "coordinates": [ [ [ [ 93.374, 26.588 ], [ 93.36, 26.591 ], [ 93.35, 26.582 ], [ 93.335, 26.585 ], [ 93.325, 26.576 ], [ 93.31, 26.579 ], [ 93.3, 26.57 ], [ 93.285, 26.573 ], [ 93.275, 26.564 ], [ 93.261, 26.567 ], [ 93.25, 26.557 ], [ 93.254, 26.545 ], [ 93.268, 26.542 ], [ 93.272, 26.53 ], [ 93.262, 26.521 ], [ 93.248, 26.524 ], [ 93.244, 26.536 ], [ 93.229, 26.539 ], [ 93.219, 26.53 ], [ 93.204, 26.533 ], [ 93.2, 26.545 ], [ 93.211, 26.554 ], [ 93.207, 26.567 ], [ 93.193, 26.57 ], [ 93.182, 26.56 ], [ 93.168, 26.563 ], [ 93.157, 26.554 ], [ 93.143, 26.557 ], [ 93.132, 26.548 ], [ 93.118, 26.551 ], [ 93.108, 26.542 ], [ 93.093, 26.545 ], [ 93.083, 26.536 ], [ 93.068, 26.539 ], [ 93.058, 26.53 ], [ 93.044, 26.533 ], [ 93.033, 26.523 ], [ 93.019, 26.526 ], [ 93.008, 26.517 ], [ 93.012, 26.505 ], [ 93.002, 26.496 ], [ 93.006, 26.483 ], [ 93.02, 26.48 ], [ 93.031, 26.49 ], [ 93.045, 26.487 ], [ 93.055, 26.496 ], [ 93.07, 26.493 ], [ 93.074, 26.48 ], [ 93.088, 26.477 ], [ 93.092, 26.465 ], [ 93.106, 26.462 ], [ 93.11, 26.45 ], [ 93.1, 26.441 ], [ 93.085, 26.444 ], [ 93.075, 26.434 ], [ 93.079, 26.422 ], [ 93.068, 26.413 ], [ 93.054, 26.416 ], [ 93.05, 26.428 ], [ 93.036, 26.431 ], [ 93.032, 26.444 ], [ 93.017, 26.447 ], [ 93.007, 26.437 ], [ 92.993, 26.44 ], [ 92.982, 26.431 ], [ 92.968, 26.434 ], [ 92.957, 26.425 ], [ 92.943, 26.428 ], [ 92.933, 26.419 ], [ 92.918, 26.422 ], [ 92.908, 26.412 ], [ 92.893, 26.416 ], [ 92.883, 26.406 ], [ 92.887, 26.394 ], [ 92.876, 26.385 ], [ 92.88, 26.372 ], [ 92.895, 26.369 ], [ 92.899, 26.357 ], [ 92.888, 26.348 ], [ 92.892, 26.336 ], [ 92.882, 26.326 ], [ 92.867, 26.329 ], [ 92.857, 26.32 ], [ 92.843, 26.323 ], [ 92.832, 26.314 ], [ 92.836, 26.302 ], [ 92.826, 26.292 ], [ 92.811, 26.295 ], [ 92.801, 26.286 ], [ 92.786, 26.289 ], [ 92.776, 26.28 ], [ 92.78, 26.268 ], [ 92.77, 26.258 ], [ 92.774, 26.246 ], [ 92.788, 26.243 ], [ 92.792, 26.231 ], [ 92.806, 26.228 ], [ 92.81, 26.215 ], [ 92.825, 26.212 ], [ 92.828, 26.2 ], [ 92.843, 26.197 ], [ 92.853, 26.206 ], [ 92.868, 26.203 ], [ 92.878, 26.213 ], [ 92.892, 26.21 ], [ 92.896, 26.197 ], [ 92.911, 26.194 ], [ 92.921, 26.204 ], [ 92.936, 26.201 ], [ 92.939, 26.188 ], [ 92.954, 26.185 ], [ 92.964, 26.194 ], [ 92.96, 26.207 ], [ 92.971, 26.216 ], [ 92.967, 26.228 ], [ 92.977, 26.238 ], [ 92.992, 26.235 ], [ 92.996, 26.222 ], [ 93.01, 26.219 ], [ 93.02, 26.228 ], [ 93.035, 26.225 ], [ 93.045, 26.235 ], [ 93.06, 26.232 ], [ 93.07, 26.241 ], [ 93.066, 26.253 ], [ 93.076, 26.262 ], [ 93.073, 26.275 ], [ 93.083, 26.284 ], [ 93.097, 26.281 ], [ 93.108, 26.29 ], [ 93.122, 26.287 ], [ 93.133, 26.296 ], [ 93.147, 26.293 ], [ 93.157, 26.302 ], [ 93.172, 26.299 ], [ 93.182, 26.309 ], [ 93.197, 26.306 ], [ 93.201, 26.293 ], [ 93.19, 26.284 ], [ 93.194, 26.272 ], [ 93.184, 26.263 ], [ 93.188, 26.25 ], [ 93.177, 26.241 ], [ 93.181, 26.229 ], [ 93.195, 26.226 ], [ 93.199, 26.213 ], [ 93.189, 26.204 ], [ 93.193, 26.192 ], [ 93.182, 26.183 ], [ 93.168, 26.186 ], [ 93.158, 26.176 ], [ 93.161, 26.164 ], [ 93.151, 26.155 ], [ 93.155, 26.143 ], [ 93.145, 26.133 ], [ 93.148, 26.121 ], [ 93.138, 26.112 ], [ 93.142, 26.099 ], [ 93.156, 26.096 ], [ 93.16, 26.084 ], [ 93.175, 26.081 ], [ 93.185, 26.09 ], [ 93.199, 26.087 ], [ 93.203, 26.075 ], [ 93.218, 26.072 ], [ 93.222, 26.059 ], [ 93.236, 26.056 ], [ 93.24, 26.044 ], [ 93.229, 26.035 ], [ 93.233, 26.022 ], [ 93.248, 26.019 ], [ 93.258, 26.029 ], [ 93.273, 26.026 ], [ 93.276, 26.013 ], [ 93.291, 26.01 ], [ 93.301, 26.019 ], [ 93.316, 26.016 ], [ 93.32, 26.004 ], [ 93.334, 26.001 ], [ 93.344, 26.01 ], [ 93.359, 26.007 ], [ 93.369, 26.016 ], [ 93.384, 26.013 ], [ 93.394, 26.022 ], [ 93.408, 26.019 ], [ 93.412, 26.007 ], [ 93.427, 26.004 ], [ 93.431, 25.992 ], [ 93.445, 25.988 ], [ 93.455, 25.998 ], [ 93.47, 25.995 ], [ 93.48, 26.004 ], [ 93.495, 26.001 ], [ 93.505, 26.01 ], [ 93.501, 26.022 ], [ 93.512, 26.032 ], [ 93.526, 26.028 ], [ 93.536, 26.038 ], [ 93.551, 26.035 ], [ 93.561, 26.044 ], [ 93.576, 26.041 ], [ 93.586, 26.05 ], [ 93.6, 26.047 ], [ 93.611, 26.056 ], [ 93.625, 26.053 ], [ 93.636, 26.062 ], [ 93.632, 26.075 ], [ 93.642, 26.084 ], [ 93.657, 26.081 ], [ 93.661, 26.068 ], [ 93.675, 26.065 ], [ 93.685, 26.074 ], [ 93.7, 26.071 ], [ 93.71, 26.081 ], [ 93.725, 26.077 ], [ 93.735, 26.087 ], [ 93.731, 26.099 ], [ 93.742, 26.108 ], [ 93.738, 26.121 ], [ 93.723, 26.124 ], [ 93.719, 26.136 ], [ 93.73, 26.145 ], [ 93.726, 26.158 ], [ 93.736, 26.167 ], [ 93.733, 26.179 ], [ 93.743, 26.188 ], [ 93.739, 26.201 ], [ 93.75, 26.21 ], [ 93.746, 26.222 ], [ 93.731, 26.225 ], [ 93.727, 26.238 ], [ 93.713, 26.241 ], [ 93.709, 26.253 ], [ 93.72, 26.262 ], [ 93.734, 26.259 ], [ 93.744, 26.268 ], [ 93.759, 26.265 ], [ 93.769, 26.274 ], [ 93.765, 26.287 ], [ 93.751, 26.29 ], [ 93.747, 26.302 ], [ 93.733, 26.305 ], [ 93.722, 26.296 ], [ 93.708, 26.299 ], [ 93.704, 26.311 ], [ 93.69, 26.315 ], [ 93.686, 26.327 ], [ 93.696, 26.336 ], [ 93.692, 26.348 ], [ 93.703, 26.358 ], [ 93.717, 26.354 ], [ 93.728, 26.364 ], [ 93.742, 26.361 ], [ 93.752, 26.37 ], [ 93.748, 26.382 ], [ 93.759, 26.391 ], [ 93.755, 26.404 ], [ 93.766, 26.413 ], [ 93.762, 26.425 ], [ 93.747, 26.428 ], [ 93.743, 26.44 ], [ 93.729, 26.444 ], [ 93.725, 26.456 ], [ 93.711, 26.459 ], [ 93.707, 26.471 ], [ 93.692, 26.474 ], [ 93.688, 26.487 ], [ 93.674, 26.49 ], [ 93.67, 26.502 ], [ 93.656, 26.505 ], [ 93.652, 26.517 ], [ 93.662, 26.527 ], [ 93.658, 26.539 ], [ 93.669, 26.548 ], [ 93.665, 26.56 ], [ 93.651, 26.563 ], [ 93.647, 26.576 ], [ 93.632, 26.579 ], [ 93.622, 26.57 ], [ 93.607, 26.573 ], [ 93.597, 26.563 ], [ 93.582, 26.567 ], [ 93.572, 26.557 ], [ 93.558, 26.56 ], [ 93.547, 26.551 ], [ 93.533, 26.554 ], [ 93.522, 26.545 ], [ 93.508, 26.548 ], [ 93.504, 26.561 ], [ 93.49, 26.564 ], [ 93.479, 26.554 ], [ 93.465, 26.557 ], [ 93.454, 26.548 ], [ 93.44, 26.551 ], [ 93.436, 26.564 ], [ 93.422, 26.567 ], [ 93.411, 26.558 ], [ 93.397, 26.561 ], [ 93.393, 26.573 ], [ 93.378, 26.576 ], [ 93.374, 26.588 ] ] ] ] } },
{ "type": "Feature", "properties": { "POLYGON.ID": 178.0, "subregion": "India--Assam--Dima Hasao--mid elevations", "POLYGON": "India--Assam--Dima Hasao--mid elevations", "SHOW": "1", "FILTER": "Not-Assigned", "FILTER.ID": null, "OLD.POLYGON": null, "STATE": "Assam", "COUNTY": "Dima Hasao", "OWNER": null }, "geometry": { "type": "MultiPolygon", "coordinates": [ [ [ [ 92.815, 25.697 ], [ 92.805, 25.688 ], [ 92.79, 25.691 ], [ 92.78, 25.682 ], [ 92.784, 25.669 ], [ 92.773, 25.66 ], [ 92.777, 25.648 ], [ 92.767, 25.638 ], [ 92.771, 25.626 ], [ 92.76, 25.617 ], [ 92.764, 25.604 ], [ 92.754, 25.595 ], [ 92.74, 25.598 ], [ 92.729, 25.589 ], [ 92.715, 25.592 ], [ 92.711, 25.604 ], [ 92.697, 25.607 ], [ 92.686, 25.598 ], [ 92.69, 25.586 ], [ 92.68, 25.576 ], [ 92.665, 25.579 ], [ 92.655, 25.57 ], [ 92.659, 25.558 ], [ 92.649, 25.548 ], [ 92.653, 25.536 ], [ 92.667, 25.533 ], [ 92.677, 25.542 ], [ 92.692, 25.539 ], [ 92.702, 25.548 ], [ 92.716, 25.545 ], [ 92.72, 25.533 ], [ 92.735, 25.53 ], [ 92.739, 25.518 ], [ 92.728, 25.508 ], [ 92.732, 25.496 ], [ 92.722, 25.487 ], [ 92.726, 25.474 ], [ 92.715, 25.465 ], [ 92.701, 25.468 ], [ 92.691, 25.459 ], [ 92.676, 25.462 ], [ 92.672, 25.474 ], [ 92.658, 25.477 ], [ 92.654, 25.489 ], [ 92.64, 25.492 ], [ 92.629, 25.483 ], [ 92.615, 25.486 ], [ 92.605, 25.477 ], [ 92.59, 25.48 ], [ 92.58, 25.471 ], [ 92.584, 25.458 ], [ 92.598, 25.455 ], [ 92.602, 25.443 ], [ 92.592, 25.433 ], [ 92.596, 25.421 ], [ 92.61, 25.418 ], [ 92.62, 25.427 ], [ 92.635, 25.424 ], [ 92.639, 25.412 ], [ 92.653, 25.409 ], [ 92.663, 25.418 ], [ 92.678, 25.415 ], [ 92.682, 25.403 ], [ 92.696, 25.4 ], [ 92.7, 25.387 ], [ 92.714, 25.384 ], [ 92.718, 25.372 ], [ 92.732, 25.369 ], [ 92.736, 25.356 ], [ 92.751, 25.353 ], [ 92.755, 25.341 ], [ 92.769, 25.338 ], [ 92.773, 25.326 ], [ 92.787, 25.322 ], [ 92.791, 25.31 ], [ 92.781, 25.301 ], [ 92.785, 25.288 ], [ 92.774, 25.279 ], [ 92.778, 25.267 ], [ 92.768, 25.257 ], [ 92.772, 25.245 ], [ 92.761, 25.235 ], [ 92.765, 25.223 ], [ 92.78, 25.22 ], [ 92.79, 25.229 ], [ 92.804, 25.226 ], [ 92.808, 25.214 ], [ 92.798, 25.205 ], [ 92.783, 25.208 ], [ 92.773, 25.198 ], [ 92.759, 25.201 ], [ 92.748, 25.192 ], [ 92.734, 25.195 ], [ 92.724, 25.186 ], [ 92.709, 25.189 ], [ 92.699, 25.179 ], [ 92.685, 25.182 ], [ 92.674, 25.173 ], [ 92.66, 25.176 ], [ 92.65, 25.167 ], [ 92.654, 25.154 ], [ 92.643, 25.145 ], [ 92.629, 25.148 ], [ 92.618, 25.139 ], [ 92.622, 25.126 ], [ 92.637, 25.123 ], [ 92.641, 25.111 ], [ 92.655, 25.108 ], [ 92.665, 25.117 ], [ 92.68, 25.114 ], [ 92.69, 25.123 ], [ 92.704, 25.12 ], [ 92.715, 25.13 ], [ 92.729, 25.127 ], [ 92.739, 25.136 ], [ 92.754, 25.133 ], [ 92.758, 25.12 ], [ 92.772, 25.117 ], [ 92.776, 25.105 ], [ 92.765, 25.096 ], [ 92.769, 25.083 ], [ 92.784, 25.08 ], [ 92.794, 25.09 ], [ 92.808, 25.086 ], [ 92.819, 25.096 ], [ 92.833, 25.093 ], [ 92.843, 25.102 ], [ 92.858, 25.099 ], [ 92.868, 25.108 ], [ 92.883, 25.105 ], [ 92.886, 25.093 ], [ 92.901, 25.09 ], [ 92.911, 25.099 ], [ 92.925, 25.096 ], [ 92.936, 25.105 ], [ 92.95, 25.102 ], [ 92.961, 25.112 ], [ 92.975, 25.109 ], [ 92.985, 25.118 ], [ 93.0, 25.115 ], [ 93.01, 25.124 ], [ 93.024, 25.121 ], [ 93.035, 25.13 ], [ 93.049, 25.127 ], [ 93.059, 25.137 ], [ 93.074, 25.134 ], [ 93.084, 25.143 ], [ 93.08, 25.155 ], [ 93.091, 25.165 ], [ 93.105, 25.162 ], [ 93.115, 25.171 ], [ 93.13, 25.168 ], [ 93.14, 25.177 ], [ 93.154, 25.174 ], [ 93.165, 25.183 ], [ 93.179, 25.18 ], [ 93.19, 25.19 ], [ 93.204, 25.187 ], [ 93.214, 25.196 ], [ 93.21, 25.208 ], [ 93.221, 25.218 ], [ 93.217, 25.23 ], [ 93.227, 25.239 ], [ 93.242, 25.236 ], [ 93.252, 25.246 ], [ 93.248, 25.258 ], [ 93.258, 25.267 ], [ 93.255, 25.28 ], [ 93.265, 25.289 ], [ 93.279, 25.286 ], [ 93.29, 25.295 ], [ 93.304, 25.292 ], [ 93.314, 25.301 ], [ 93.329, 25.298 ], [ 93.339, 25.308 ], [ 93.335, 25.32 ], [ 93.346, 25.329 ], [ 93.36, 25.326 ], [ 93.37, 25.336 ], [ 93.385, 25.332 ], [ 93.395, 25.342 ], [ 93.391, 25.354 ], [ 93.402, 25.363 ], [ 93.416, 25.36 ], [ 93.427, 25.37 ], [ 93.423, 25.382 ], [ 93.433, 25.391 ], [ 93.447, 25.388 ], [ 93.458, 25.398 ], [ 93.454, 25.41 ], [ 93.464, 25.419 ], [ 93.46, 25.432 ], [ 93.446, 25.435 ], [ 93.442, 25.447 ], [ 93.428, 25.45 ], [ 93.417, 25.441 ], [ 93.403, 25.444 ], [ 93.399, 25.457 ], [ 93.385, 25.46 ], [ 93.381, 25.472 ], [ 93.391, 25.481 ], [ 93.387, 25.494 ], [ 93.373, 25.497 ], [ 93.369, 25.509 ], [ 93.355, 25.512 ], [ 93.351, 25.525 ], [ 93.337, 25.528 ], [ 93.333, 25.54 ], [ 93.318, 25.543 ], [ 93.308, 25.534 ], [ 93.294, 25.537 ], [ 93.283, 25.528 ], [ 93.269, 25.531 ], [ 93.265, 25.543 ], [ 93.251, 25.546 ], [ 93.24, 25.537 ], [ 93.226, 25.54 ], [ 93.222, 25.553 ], [ 93.208, 25.556 ], [ 93.204, 25.568 ], [ 93.189, 25.571 ], [ 93.185, 25.584 ], [ 93.171, 25.587 ], [ 93.167, 25.599 ], [ 93.178, 25.608 ], [ 93.174, 25.621 ], [ 93.184, 25.63 ], [ 93.18, 25.642 ], [ 93.166, 25.646 ], [ 93.162, 25.658 ], [ 93.147, 25.661 ], [ 93.144, 25.673 ], [ 93.129, 25.676 ], [ 93.125, 25.689 ], [ 93.136, 25.698 ], [ 93.132, 25.71 ], [ 93.142, 25.72 ], [ 93.138, 25.732 ], [ 93.149, 25.741 ], [ 93.145, 25.754 ], [ 93.13, 25.757 ], [ 93.127, 25.769 ], [ 93.112, 25.772 ], [ 93.102, 25.763 ], [ 93.087, 25.766 ], [ 93.083, 25.778 ], [ 93.069, 25.781 ], [ 93.059, 25.772 ], [ 93.044, 25.775 ], [ 93.04, 25.788 ], [ 93.026, 25.791 ], [ 93.016, 25.781 ], [ 93.001, 25.784 ], [ 92.991, 25.775 ], [ 92.977, 25.778 ], [ 92.966, 25.769 ], [ 92.952, 25.772 ], [ 92.941, 25.763 ], [ 92.927, 25.766 ], [ 92.917, 25.756 ], [ 92.902, 25.759 ], [ 92.892, 25.75 ], [ 92.878, 25.753 ], [ 92.867, 25.744 ], [ 92.853, 25.747 ], [ 92.842, 25.738 ], [ 92.828, 25.741 ], [ 92.818, 25.731 ], [ 92.822, 25.719 ], [ 92.811, 25.71 ], [ 92.815, 25.697 ] ] ] ] } },
{ "type": "Feature", "properties": { "POLYGON.ID": 179.0, "subregion": "India--Assam--Hailakandi--Plains", "POLYGON": "India--Assam--Hailakandi--Plains", "SHOW": "1", "FILTER": "Not-Assigned", "FILTER.ID": null, "OLD.POLYGON": null, "STATE": "Assam", "COUNTY": "Hailakandi", "OWNER": null }, "geometry": { "type": "MultiPolygon", "coordinates": [ [ [ [ 92.644, 24.762 ], [ 92.654, 24.771 ], [ 92.651, 24.784 ], [ 92.661, 24.793 ], [ 92.657, 24.806 ], [ 92.643, 24.809 ], [ 92.639, 24.821 ], [ 92.649, 24.831 ], [ 92.645, 24.843 ], [ 92.631, 24.846 ], [ 92.627, 24.859 ], [ 92.613, 24.862 ], [ 92.602, 24.852 ], [ 92.606, 24.84 ], [ 92.596, 24.83 ], [ 92.582, 24.833 ], [ 92.571, 24.824 ], [ 92.575, 24.812 ], [ 92.565, 24.802 ], [ 92.569, 24.79 ], [ 92.558, 24.78 ], [ 92.562, 24.768 ], [ 92.552, 24.758 ], [ 92.556, 24.746 ], [ 92.545, 24.737 ], [ 92.549, 24.724 ], [ 92.539, 24.715 ], [ 92.543, 24.702 ], [ 92.533, 24.693 ], [ 92.537, 24.68 ], [ 92.526, 24.671 ], [ 92.53, 24.659 ], [ 92.52, 24.649 ], [ 92.524, 24.637 ], [ 92.538, 24.634 ], [ 92.542, 24.621 ], [ 92.532, 24.612 ], [ 92.535, 24.599 ], [ 92.55, 24.596 ], [ 92.554, 24.584 ], [ 92.568, 24.581 ], [ 92.572, 24.568 ], [ 92.562, 24.559 ], [ 92.565, 24.546 ], [ 92.555, 24.537 ], [ 92.559, 24.524 ], [ 92.549, 24.515 ], [ 92.553, 24.502 ], [ 92.542, 24.493 ], [ 92.546, 24.481 ], [ 92.56, 24.477 ], [ 92.564, 24.465 ], [ 92.554, 24.456 ], [ 92.558, 24.443 ], [ 92.548, 24.434 ], [ 92.552, 24.421 ], [ 92.541, 24.412 ], [ 92.545, 24.399 ], [ 92.535, 24.39 ], [ 92.539, 24.377 ], [ 92.528, 24.368 ], [ 92.532, 24.355 ], [ 92.522, 24.346 ], [ 92.526, 24.333 ], [ 92.516, 24.324 ], [ 92.519, 24.311 ], [ 92.509, 24.302 ], [ 92.513, 24.289 ], [ 92.503, 24.28 ], [ 92.507, 24.268 ], [ 92.521, 24.264 ], [ 92.531, 24.274 ], [ 92.527, 24.286 ], [ 92.538, 24.296 ], [ 92.534, 24.308 ], [ 92.544, 24.318 ], [ 92.54, 24.33 ], [ 92.55, 24.34 ], [ 92.547, 24.352 ], [ 92.557, 24.362 ], [ 92.553, 24.374 ], [ 92.563, 24.384 ], [ 92.559, 24.396 ], [ 92.57, 24.406 ], [ 92.566, 24.418 ], [ 92.576, 24.427 ], [ 92.572, 24.44 ], [ 92.583, 24.449 ], [ 92.579, 24.462 ], [ 92.589, 24.471 ], [ 92.585, 24.484 ], [ 92.595, 24.493 ], [ 92.592, 24.506 ], [ 92.602, 24.515 ], [ 92.598, 24.528 ], [ 92.608, 24.537 ], [ 92.604, 24.55 ], [ 92.615, 24.559 ], [ 92.629, 24.556 ], [ 92.639, 24.565 ], [ 92.635, 24.578 ], [ 92.621, 24.581 ], [ 92.617, 24.593 ], [ 92.628, 24.603 ], [ 92.624, 24.615 ], [ 92.634, 24.625 ], [ 92.63, 24.637 ], [ 92.64, 24.646 ], [ 92.637, 24.659 ], [ 92.647, 24.668 ], [ 92.643, 24.681 ], [ 92.629, 24.684 ], [ 92.625, 24.696 ], [ 92.635, 24.706 ], [ 92.631, 24.718 ], [ 92.642, 24.728 ], [ 92.638, 24.74 ], [ 92.648, 24.75 ], [ 92.644, 24.762 ] ] ] ] } },
{ "type": "Feature", "properties": { "POLYGON.ID": 180.0, "subregion": "India--Assam--Lakhimpur--Plains", "POLYGON": "India--Assam--Lakhimpur--Plains", "SHOW": "1", "FILTER": "Not-Assigned", "FILTER.ID": null, "OLD.POLYGON": null, "STATE": "Assam", "COUNTY": "Lakhimpur", "OWNER": null }, "geometry": { "type": "MultiPolygon", "coordinates": [ [ [ [ 93.872, 27.132 ], [ 93.861, 27.123 ], [ 93.865, 27.11 ], [ 93.879, 27.107 ], [ 93.883, 27.095 ], [ 93.898, 27.092 ], [ 93.902, 27.08 ], [ 93.916, 27.077 ], [ 93.92, 27.064 ], [ 93.934, 27.061 ], [ 93.938, 27.049 ], [ 93.953, 27.046 ], [ 93.957, 27.034 ], [ 93.946, 27.025 ], [ 93.95, 27.012 ], [ 93.964, 27.009 ], [ 93.968, 26.997 ], [ 93.983, 26.994 ], [ 93.993, 27.003 ], [ 94.008, 27.0 ], [ 94.018, 27.009 ], [ 94.014, 27.021 ], [ 94.025, 27.03 ], [ 94.039, 27.027 ], [ 94.05, 27.036 ], [ 94.064, 27.033 ], [ 94.075, 27.042 ], [ 94.089, 27.039 ], [ 94.1, 27.048 ], [ 94.096, 27.061 ], [ 94.106, 27.07 ], [ 94.102, 27.082 ], [ 94.113, 27.091 ], [ 94.109, 27.103 ], [ 94.119, 27.112 ], [ 94.134, 27.109 ], [ 94.144, 27.118 ], [ 94.14, 27.131 ], [ 94.151, 27.14 ], [ 94.147, 27.152 ], [ 94.158, 27.161 ], [ 94.154, 27.173 ], [ 94.164, 27.182 ], [ 94.16, 27.195 ], [ 94.171, 27.204 ], [ 94.167, 27.216 ], [ 94.153, 27.219 ], [ 94.149, 27.231 ], [ 94.159, 27.24 ], [ 94.155, 27.252 ], [ 94.166, 27.262 ], [ 94.162, 27.274 ], [ 94.172, 27.283 ], [ 94.169, 27.295 ], [ 94.154, 27.298 ], [ 94.144, 27.289 ], [ 94.129, 27.292 ], [ 94.125, 27.304 ], [ 94.111, 27.307 ], [ 94.1, 27.298 ], [ 94.086, 27.302 ], [ 94.082, 27.314 ], [ 94.067, 27.317 ], [ 94.057, 27.308 ], [ 94.061, 27.296 ], [ 94.05, 27.286 ], [ 94.036, 27.29 ], [ 94.025, 27.28 ], [ 94.029, 27.268 ], [ 94.019, 27.259 ], [ 94.004, 27.262 ], [ 93.994, 27.253 ], [ 93.979, 27.256 ], [ 93.969, 27.247 ], [ 93.954, 27.25 ], [ 93.944, 27.241 ], [ 93.948, 27.229 ], [ 93.937, 27.22 ], [ 93.941, 27.208 ], [ 93.931, 27.199 ], [ 93.916, 27.202 ], [ 93.906, 27.193 ], [ 93.91, 27.18 ], [ 93.899, 27.171 ], [ 93.885, 27.174 ], [ 93.874, 27.165 ], [ 93.878, 27.153 ], [ 93.868, 27.144 ], [ 93.872, 27.132 ] ] ], [ [ [ 94.283, 27.44 ], [ 94.287, 27.428 ], [ 94.302, 27.425 ], [ 94.312, 27.434 ], [ 94.308, 27.446 ], [ 94.294, 27.449 ], [ 94.29, 27.462 ], [ 94.275, 27.465 ], [ 94.265, 27.456 ], [ 94.25, 27.459 ], [ 94.24, 27.45 ], [ 94.244, 27.438 ], [ 94.258, 27.434 ], [ 94.269, 27.444 ], [ 94.283, 27.44 ] ] ], [ [ [ 93.903, 27.034 ], [ 93.888, 27.037 ], [ 93.884, 27.049 ], [ 93.87, 27.052 ], [ 93.866, 27.065 ], [ 93.852, 27.068 ], [ 93.848, 27.08 ], [ 93.833, 27.083 ], [ 93.823, 27.074 ], [ 93.827, 27.062 ], [ 93.816, 27.053 ], [ 93.802, 27.056 ], [ 93.791, 27.046 ], [ 93.777, 27.05 ], [ 93.766, 27.04 ], [ 93.752, 27.044 ], [ 93.742, 27.034 ], [ 93.745, 27.022 ], [ 93.735, 27.013 ], [ 93.72, 27.016 ], [ 93.71, 27.007 ], [ 93.714, 26.995 ], [ 93.703, 26.986 ], [ 93.707, 26.973 ], [ 93.722, 26.97 ], [ 93.726, 26.958 ], [ 93.74, 26.955 ], [ 93.744, 26.943 ], [ 93.734, 26.934 ], [ 93.737, 26.921 ], [ 93.752, 26.918 ], [ 93.756, 26.906 ], [ 93.745, 26.897 ], [ 93.749, 26.885 ], [ 93.764, 26.882 ], [ 93.774, 26.891 ], [ 93.788, 26.888 ], [ 93.792, 26.875 ], [ 93.807, 26.872 ], [ 93.817, 26.881 ], [ 93.813, 26.894 ], [ 93.824, 26.903 ], [ 93.838, 26.9 ], [ 93.849, 26.909 ], [ 93.845, 26.921 ], [ 93.855, 26.93 ], [ 93.87, 26.927 ], [ 93.88, 26.936 ], [ 93.876, 26.949 ], [ 93.887, 26.958 ], [ 93.901, 26.955 ], [ 93.912, 26.964 ], [ 93.926, 26.961 ], [ 93.937, 26.97 ], [ 93.933, 26.982 ], [ 93.918, 26.985 ], [ 93.915, 26.997 ], [ 93.925, 27.006 ], [ 93.921, 27.019 ], [ 93.907, 27.022 ], [ 93.903, 27.034 ] ] ], [ [ [ 94.126, 27.009 ], [ 94.111, 27.012 ], [ 94.101, 27.003 ], [ 94.086, 27.006 ], [ 94.076, 26.997 ], [ 94.061, 27.0 ], [ 94.051, 26.991 ], [ 94.055, 26.978 ], [ 94.069, 26.975 ], [ 94.073, 26.963 ], [ 94.088, 26.96 ], [ 94.098, 26.969 ], [ 94.112, 26.966 ], [ 94.123, 26.975 ], [ 94.137, 26.972 ], [ 94.148, 26.981 ], [ 94.144, 26.993 ], [ 94.155, 27.002 ], [ 94.169, 26.999 ], [ 94.18, 27.008 ], [ 94.194, 27.005 ], [ 94.204, 27.014 ], [ 94.201, 27.027 ], [ 94.211, 27.036 ], [ 94.225, 27.033 ], [ 94.236, 27.042 ], [ 94.232, 27.054 ], [ 94.243, 27.063 ], [ 94.239, 27.075 ], [ 94.249, 27.084 ], [ 94.264, 27.081 ], [ 94.274, 27.09 ], [ 94.289, 27.087 ], [ 94.293, 27.075 ], [ 94.307, 27.072 ], [ 94.318, 27.081 ], [ 94.332, 27.078 ], [ 94.342, 27.087 ], [ 94.357, 27.084 ], [ 94.367, 27.093 ], [ 94.382, 27.09 ], [ 94.392, 27.099 ], [ 94.407, 27.096 ], [ 94.417, 27.105 ], [ 94.432, 27.101 ], [ 94.442, 27.111 ], [ 94.457, 27.107 ], [ 94.467, 27.116 ], [ 94.463, 27.129 ], [ 94.474, 27.138 ], [ 94.488, 27.135 ], [ 94.499, 27.144 ], [ 94.495, 27.156 ], [ 94.506, 27.165 ], [ 94.502, 27.177 ], [ 94.512, 27.186 ], [ 94.508, 27.199 ], [ 94.519, 27.208 ], [ 94.515, 27.22 ], [ 94.525, 27.229 ], [ 94.522, 27.241 ], [ 94.532, 27.25 ], [ 94.528, 27.262 ], [ 94.539, 27.271 ], [ 94.553, 27.268 ], [ 94.564, 27.277 ], [ 94.56, 27.29 ], [ 94.57, 27.299 ], [ 94.585, 27.295 ], [ 94.595, 27.304 ], [ 94.592, 27.317 ], [ 94.602, 27.326 ], [ 94.617, 27.323 ], [ 94.627, 27.332 ], [ 94.623, 27.344 ], [ 94.609, 27.347 ], [ 94.605, 27.359 ], [ 94.59, 27.362 ], [ 94.587, 27.375 ], [ 94.572, 27.378 ], [ 94.562, 27.369 ], [ 94.565, 27.356 ], [ 94.555, 27.347 ], [ 94.54, 27.351 ], [ 94.53, 27.341 ], [ 94.515, 27.345 ], [ 94.505, 27.336 ], [ 94.49, 27.339 ], [ 94.48, 27.33 ], [ 94.465, 27.333 ], [ 94.455, 27.324 ], [ 94.441, 27.327 ], [ 94.437, 27.339 ], [ 94.422, 27.342 ], [ 94.412, 27.333 ], [ 94.397, 27.336 ], [ 94.393, 27.349 ], [ 94.379, 27.352 ], [ 94.368, 27.343 ], [ 94.354, 27.346 ], [ 94.343, 27.337 ], [ 94.347, 27.324 ], [ 94.337, 27.315 ], [ 94.322, 27.319 ], [ 94.318, 27.331 ], [ 94.304, 27.334 ], [ 94.3, 27.346 ], [ 94.286, 27.349 ], [ 94.282, 27.361 ], [ 94.267, 27.365 ], [ 94.263, 27.377 ], [ 94.249, 27.38 ], [ 94.238, 27.371 ], [ 94.242, 27.359 ], [ 94.257, 27.355 ], [ 94.261, 27.343 ], [ 94.25, 27.334 ], [ 94.254, 27.322 ], [ 94.243, 27.313 ], [ 94.247, 27.301 ], [ 94.237, 27.292 ], [ 94.222, 27.295 ], [ 94.212, 27.286 ], [ 94.216, 27.273 ], [ 94.23, 27.27 ], [ 94.234, 27.258 ], [ 94.224, 27.249 ], [ 94.227, 27.237 ], [ 94.217, 27.228 ], [ 94.221, 27.216 ], [ 94.21, 27.206 ], [ 94.196, 27.21 ], [ 94.185, 27.201 ], [ 94.189, 27.188 ], [ 94.179, 27.179 ], [ 94.183, 27.167 ], [ 94.197, 27.164 ], [ 94.201, 27.152 ], [ 94.19, 27.143 ], [ 94.194, 27.13 ], [ 94.184, 27.121 ], [ 94.188, 27.109 ], [ 94.177, 27.1 ], [ 94.181, 27.088 ], [ 94.171, 27.079 ], [ 94.156, 27.082 ], [ 94.146, 27.073 ], [ 94.149, 27.06 ], [ 94.139, 27.051 ], [ 94.143, 27.039 ], [ 94.132, 27.03 ], [ 94.136, 27.018 ], [ 94.126, 27.009 ] ] ] ] } },
{ "type": "Feature", "properties": { "POLYGON.ID": 181.0, "subregion": "India--Assam--Jorhat--Plains", "POLYGON": "India--Assam--Jorhat--Plains", "SHOW": "1", "FILTER": "Not-Assigned", "FILTER.ID": null, "OLD.POLYGON": null, "STATE": "Assam", "COUNTY": "Jorhat", "OWNER": null }, "geometry": { "type": "MultiPolygon", "coordinates": [ [ [ [ 94.04, 26.731 ], [ 94.044, 26.719 ], [ 94.033, 26.709 ], [ 94.037, 26.697 ], [ 94.052, 26.694 ], [ 94.055, 26.682 ], [ 94.045, 26.673 ], [ 94.049, 26.66 ], [ 94.063, 26.657 ], [ 94.074, 26.666 ], [ 94.088, 26.663 ], [ 94.092, 26.651 ], [ 94.082, 26.642 ], [ 94.085, 26.629 ], [ 94.075, 26.62 ], [ 94.079, 26.608 ], [ 94.068, 26.599 ], [ 94.072, 26.587 ], [ 94.087, 26.583 ], [ 94.091, 26.571 ], [ 94.105, 26.568 ], [ 94.109, 26.556 ], [ 94.098, 26.547 ], [ 94.102, 26.534 ], [ 94.117, 26.531 ], [ 94.12, 26.519 ], [ 94.11, 26.51 ], [ 94.114, 26.497 ], [ 94.103, 26.488 ], [ 94.107, 26.476 ], [ 94.097, 26.467 ], [ 94.101, 26.454 ], [ 94.115, 26.451 ], [ 94.119, 26.439 ], [ 94.108, 26.43 ], [ 94.112, 26.418 ], [ 94.102, 26.408 ], [ 94.106, 26.396 ], [ 94.12, 26.393 ], [ 94.124, 26.381 ], [ 94.114, 26.371 ], [ 94.117, 26.359 ], [ 94.132, 26.356 ], [ 94.136, 26.344 ], [ 94.15, 26.34 ], [ 94.154, 26.328 ], [ 94.168, 26.325 ], [ 94.179, 26.334 ], [ 94.175, 26.347 ], [ 94.185, 26.356 ], [ 94.182, 26.368 ], [ 94.192, 26.377 ], [ 94.188, 26.389 ], [ 94.174, 26.393 ], [ 94.17, 26.405 ], [ 94.18, 26.414 ], [ 94.177, 26.426 ], [ 94.187, 26.436 ], [ 94.183, 26.448 ], [ 94.194, 26.457 ], [ 94.208, 26.454 ], [ 94.219, 26.463 ], [ 94.215, 26.475 ], [ 94.225, 26.484 ], [ 94.221, 26.497 ], [ 94.232, 26.506 ], [ 94.246, 26.503 ], [ 94.257, 26.512 ], [ 94.253, 26.524 ], [ 94.263, 26.533 ], [ 94.259, 26.546 ], [ 94.27, 26.555 ], [ 94.266, 26.567 ], [ 94.277, 26.576 ], [ 94.291, 26.573 ], [ 94.301, 26.582 ], [ 94.298, 26.595 ], [ 94.308, 26.604 ], [ 94.322, 26.601 ], [ 94.333, 26.61 ], [ 94.347, 26.606 ], [ 94.358, 26.616 ], [ 94.354, 26.628 ], [ 94.365, 26.637 ], [ 94.379, 26.634 ], [ 94.389, 26.643 ], [ 94.386, 26.655 ], [ 94.396, 26.664 ], [ 94.41, 26.661 ], [ 94.421, 26.67 ], [ 94.435, 26.667 ], [ 94.446, 26.676 ], [ 94.46, 26.673 ], [ 94.471, 26.682 ], [ 94.467, 26.695 ], [ 94.477, 26.704 ], [ 94.474, 26.716 ], [ 94.484, 26.725 ], [ 94.48, 26.737 ], [ 94.491, 26.746 ], [ 94.505, 26.743 ], [ 94.516, 26.752 ], [ 94.53, 26.749 ], [ 94.541, 26.758 ], [ 94.537, 26.771 ], [ 94.522, 26.774 ], [ 94.518, 26.786 ], [ 94.529, 26.795 ], [ 94.525, 26.807 ], [ 94.511, 26.811 ], [ 94.507, 26.823 ], [ 94.492, 26.826 ], [ 94.488, 26.838 ], [ 94.499, 26.847 ], [ 94.495, 26.86 ], [ 94.506, 26.869 ], [ 94.502, 26.881 ], [ 94.487, 26.884 ], [ 94.483, 26.896 ], [ 94.494, 26.906 ], [ 94.49, 26.918 ], [ 94.476, 26.921 ], [ 94.472, 26.933 ], [ 94.457, 26.936 ], [ 94.447, 26.927 ], [ 94.432, 26.93 ], [ 94.429, 26.943 ], [ 94.414, 26.946 ], [ 94.404, 26.937 ], [ 94.407, 26.925 ], [ 94.397, 26.915 ], [ 94.383, 26.919 ], [ 94.372, 26.909 ], [ 94.376, 26.897 ], [ 94.365, 26.888 ], [ 94.351, 26.891 ], [ 94.34, 26.882 ], [ 94.344, 26.87 ], [ 94.334, 26.861 ], [ 94.319, 26.864 ], [ 94.309, 26.855 ], [ 94.294, 26.858 ], [ 94.284, 26.849 ], [ 94.27, 26.852 ], [ 94.259, 26.843 ], [ 94.245, 26.846 ], [ 94.234, 26.837 ], [ 94.22, 26.84 ], [ 94.209, 26.831 ], [ 94.195, 26.834 ], [ 94.184, 26.825 ], [ 94.188, 26.813 ], [ 94.178, 26.804 ], [ 94.163, 26.807 ], [ 94.153, 26.798 ], [ 94.138, 26.801 ], [ 94.134, 26.813 ], [ 94.12, 26.816 ], [ 94.116, 26.828 ], [ 94.102, 26.831 ], [ 94.091, 26.822 ], [ 94.095, 26.81 ], [ 94.085, 26.801 ], [ 94.07, 26.804 ], [ 94.06, 26.795 ], [ 94.045, 26.798 ], [ 94.041, 26.81 ], [ 94.027, 26.813 ], [ 94.016, 26.804 ], [ 94.002, 26.807 ], [ 93.991, 26.798 ], [ 93.995, 26.786 ], [ 93.985, 26.777 ], [ 93.989, 26.765 ], [ 94.003, 26.762 ], [ 94.007, 26.749 ], [ 94.021, 26.746 ], [ 94.025, 26.734 ], [ 94.04, 26.731 ] ], [ [ 94.38, 26.714 ], [ 94.384, 26.701 ], [ 94.374, 26.692 ], [ 94.378, 26.68 ], [ 94.367, 26.671 ], [ 94.371, 26.658 ], [ 94.361, 26.649 ], [ 94.346, 26.652 ], [ 94.342, 26.665 ], [ 94.328, 26.668 ], [ 94.317, 26.659 ], [ 94.303, 26.662 ], [ 94.299, 26.674 ], [ 94.31, 26.683 ], [ 94.306, 26.696 ], [ 94.316, 26.705 ], [ 94.312, 26.717 ], [ 94.323, 26.726 ], [ 94.319, 26.738 ], [ 94.329, 26.748 ], [ 94.344, 26.744 ], [ 94.354, 26.754 ], [ 94.369, 26.75 ], [ 94.379, 26.759 ], [ 94.394, 26.756 ], [ 94.398, 26.744 ], [ 94.387, 26.735 ], [ 94.391, 26.723 ], [ 94.38, 26.714 ] ] ] ] } },
{ "type": "Feature", "properties": { "POLYGON.ID": 182.0, "subregion": "India--Assam--Tinsukia--Plains", "POLYGON": "India--Assam--Tinsukia--Plains", "SHOW": "1", "FILTER": "Not-Assigned", "FILTER.ID": null, "OLD.POLYGON": null, "STATE": "Assam", "COUNTY": "Tinsukia", "OWNER": null }, "geometry": { "type": "MultiPolygon", "coordinates": [ [ [ [ 95.78, 27.676 ], [ 95.776, 27.688 ], [ 95.762, 27.692 ], [ 95.758, 27.704 ], [ 95.769, 27.713 ], [ 95.765, 27.725 ], [ 95.75, 27.728 ], [ 95.746, 27.74 ], [ 95.732, 27.744 ], [ 95.721, 27.735 ], [ 95.707, 27.738 ], [ 95.703, 27.75 ], [ 95.689, 27.753 ], [ 95.685, 27.765 ], [ 95.67, 27.769 ], [ 95.66, 27.76 ], [ 95.645, 27.763 ], [ 95.635, 27.754 ], [ 95.62, 27.757 ], [ 95.61, 27.748 ], [ 95.595, 27.752 ], [ 95.585, 27.743 ], [ 95.57, 27.746 ], [ 95.56, 27.737 ], [ 95.563, 27.725 ], [ 95.553, 27.716 ], [ 95.538, 27.719 ], [ 95.528, 27.71 ], [ 95.532, 27.698 ], [ 95.521, 27.689 ], [ 95.525, 27.677 ], [ 95.514, 27.668 ], [ 95.5, 27.671 ], [ 95.489, 27.662 ], [ 95.493, 27.65 ], [ 95.482, 27.641 ], [ 95.468, 27.644 ], [ 95.457, 27.635 ], [ 95.461, 27.623 ], [ 95.451, 27.614 ], [ 95.436, 27.618 ], [ 95.426, 27.609 ], [ 95.429, 27.596 ], [ 95.444, 27.593 ], [ 95.448, 27.581 ], [ 95.462, 27.578 ], [ 95.466, 27.565 ], [ 95.455, 27.557 ], [ 95.459, 27.544 ], [ 95.449, 27.535 ], [ 95.434, 27.539 ], [ 95.424, 27.53 ], [ 95.409, 27.533 ], [ 95.405, 27.545 ], [ 95.391, 27.548 ], [ 95.38, 27.539 ], [ 95.366, 27.543 ], [ 95.362, 27.555 ], [ 95.348, 27.558 ], [ 95.344, 27.57 ], [ 95.329, 27.573 ], [ 95.319, 27.564 ], [ 95.304, 27.568 ], [ 95.294, 27.559 ], [ 95.279, 27.562 ], [ 95.269, 27.553 ], [ 95.272, 27.541 ], [ 95.262, 27.532 ], [ 95.266, 27.52 ], [ 95.255, 27.511 ], [ 95.241, 27.514 ], [ 95.23, 27.505 ], [ 95.234, 27.493 ], [ 95.223, 27.484 ], [ 95.227, 27.471 ], [ 95.217, 27.462 ], [ 95.221, 27.45 ], [ 95.235, 27.447 ], [ 95.239, 27.435 ], [ 95.253, 27.432 ], [ 95.257, 27.419 ], [ 95.272, 27.416 ], [ 95.276, 27.404 ], [ 95.29, 27.401 ], [ 95.294, 27.388 ], [ 95.308, 27.385 ], [ 95.319, 27.394 ], [ 95.333, 27.391 ], [ 95.344, 27.4 ], [ 95.358, 27.397 ], [ 95.362, 27.385 ], [ 95.377, 27.381 ], [ 95.387, 27.39 ], [ 95.402, 27.387 ], [ 95.405, 27.375 ], [ 95.42, 27.372 ], [ 95.43, 27.381 ], [ 95.445, 27.377 ], [ 95.449, 27.365 ], [ 95.463, 27.362 ], [ 95.474, 27.371 ], [ 95.47, 27.383 ], [ 95.481, 27.392 ], [ 95.477, 27.404 ], [ 95.487, 27.413 ], [ 95.483, 27.425 ], [ 95.469, 27.429 ], [ 95.465, 27.441 ], [ 95.476, 27.45 ], [ 95.49, 27.447 ], [ 95.501, 27.456 ], [ 95.497, 27.468 ], [ 95.507, 27.477 ], [ 95.522, 27.474 ], [ 95.533, 27.483 ], [ 95.547, 27.479 ], [ 95.558, 27.488 ], [ 95.554, 27.5 ], [ 95.564, 27.509 ], [ 95.579, 27.506 ], [ 95.589, 27.515 ], [ 95.604, 27.512 ], [ 95.614, 27.521 ], [ 95.629, 27.518 ], [ 95.639, 27.526 ], [ 95.654, 27.523 ], [ 95.658, 27.511 ], [ 95.672, 27.508 ], [ 95.683, 27.517 ], [ 95.697, 27.513 ], [ 95.708, 27.522 ], [ 95.722, 27.519 ], [ 95.726, 27.507 ], [ 95.741, 27.504 ], [ 95.751, 27.513 ], [ 95.766, 27.509 ], [ 95.769, 27.497 ], [ 95.784, 27.494 ], [ 95.794, 27.503 ], [ 95.809, 27.499 ], [ 95.813, 27.487 ], [ 95.827, 27.484 ], [ 95.831, 27.472 ], [ 95.845, 27.468 ], [ 95.849, 27.456 ], [ 95.839, 27.447 ], [ 95.843, 27.435 ], [ 95.832, 27.426 ], [ 95.818, 27.429 ], [ 95.807, 27.42 ], [ 95.811, 27.408 ], [ 95.8, 27.399 ], [ 95.786, 27.403 ], [ 95.775, 27.394 ], [ 95.779, 27.381 ], [ 95.768, 27.372 ], [ 95.754, 27.376 ], [ 95.743, 27.367 ], [ 95.729, 27.37 ], [ 95.718, 27.361 ], [ 95.722, 27.349 ], [ 95.712, 27.34 ], [ 95.697, 27.343 ], [ 95.687, 27.334 ], [ 95.672, 27.337 ], [ 95.661, 27.328 ], [ 95.647, 27.332 ], [ 95.636, 27.323 ], [ 95.64, 27.311 ], [ 95.63, 27.302 ], [ 95.615, 27.305 ], [ 95.605, 27.296 ], [ 95.59, 27.299 ], [ 95.58, 27.29 ], [ 95.584, 27.278 ], [ 95.598, 27.275 ], [ 95.602, 27.262 ], [ 95.616, 27.259 ], [ 95.627, 27.268 ], [ 95.641, 27.265 ], [ 95.645, 27.253 ], [ 95.66, 27.249 ], [ 95.67, 27.258 ], [ 95.685, 27.255 ], [ 95.695, 27.264 ], [ 95.71, 27.261 ], [ 95.72, 27.27 ], [ 95.735, 27.266 ], [ 95.745, 27.275 ], [ 95.76, 27.272 ], [ 95.77, 27.281 ], [ 95.785, 27.278 ], [ 95.795, 27.287 ], [ 95.791, 27.299 ], [ 95.802, 27.308 ], [ 95.816, 27.305 ], [ 95.827, 27.314 ], [ 95.841, 27.31 ], [ 95.852, 27.319 ], [ 95.866, 27.316 ], [ 95.877, 27.325 ], [ 95.873, 27.337 ], [ 95.884, 27.346 ], [ 95.898, 27.343 ], [ 95.909, 27.352 ], [ 95.905, 27.364 ], [ 95.916, 27.373 ], [ 95.93, 27.37 ], [ 95.941, 27.379 ], [ 95.937, 27.391 ], [ 95.922, 27.394 ], [ 95.919, 27.406 ], [ 95.929, 27.415 ], [ 95.944, 27.412 ], [ 95.954, 27.421 ], [ 95.95, 27.433 ], [ 95.936, 27.437 ], [ 95.925, 27.428 ], [ 95.911, 27.431 ], [ 95.9, 27.422 ], [ 95.904, 27.41 ], [ 95.894, 27.401 ], [ 95.879, 27.404 ], [ 95.875, 27.416 ], [ 95.886, 27.425 ], [ 95.882, 27.437 ], [ 95.868, 27.441 ], [ 95.864, 27.453 ], [ 95.874, 27.462 ], [ 95.871, 27.474 ], [ 95.881, 27.483 ], [ 95.877, 27.495 ], [ 95.888, 27.504 ], [ 95.884, 27.516 ], [ 95.87, 27.52 ], [ 95.866, 27.532 ], [ 95.876, 27.541 ], [ 95.873, 27.553 ], [ 95.858, 27.556 ], [ 95.847, 27.547 ], [ 95.833, 27.551 ], [ 95.829, 27.563 ], [ 95.815, 27.566 ], [ 95.811, 27.578 ], [ 95.822, 27.587 ], [ 95.818, 27.6 ], [ 95.803, 27.603 ], [ 95.799, 27.615 ], [ 95.785, 27.618 ], [ 95.781, 27.631 ], [ 95.792, 27.639 ], [ 95.788, 27.652 ], [ 95.773, 27.655 ], [ 95.77, 27.667 ], [ 95.78, 27.676 ] ] ] ] } },
{ "type": "Feature", "properties": { "POLYGON.ID": 183.0, "subregion": "India--Assam--Dhubri--Plains", "POLYGON": "India--Assam--Dhubri--Plains", "SHOW": "1", "FILTER": "Not-Assigned", "FILTER.ID": null, "OLD.POLYGON": null, "STATE": "Assam", "COUNTY": "Dhubri", "OWNER": null }, "geometry": { "type": "MultiPolygon", "coordinates": [ [ [ [ 89.838, 26.171 ], [ 89.828, 26.161 ], [ 89.832, 26.149 ], [ 89.822, 26.14 ], [ 89.826, 26.127 ], [ 89.84, 26.125 ], [ 89.844, 26.113 ], [ 89.834, 26.103 ], [ 89.838, 26.091 ], [ 89.852, 26.088 ], [ 89.856, 26.076 ], [ 89.846, 26.067 ], [ 89.85, 26.054 ], [ 89.864, 26.052 ], [ 89.868, 26.039 ], [ 89.858, 26.03 ], [ 89.862, 26.018 ], [ 89.876, 26.015 ], [ 89.887, 26.025 ], [ 89.901, 26.022 ], [ 89.911, 26.031 ], [ 89.925, 26.029 ], [ 89.936, 26.038 ], [ 89.95, 26.035 ], [ 89.96, 26.045 ], [ 89.974, 26.042 ], [ 89.985, 26.051 ], [ 89.999, 26.049 ], [ 90.009, 26.058 ], [ 90.023, 26.055 ], [ 90.034, 26.065 ], [ 90.048, 26.062 ], [ 90.058, 26.072 ], [ 90.073, 26.069 ], [ 90.083, 26.078 ], [ 90.079, 26.09 ], [ 90.089, 26.1 ], [ 90.103, 26.097 ], [ 90.114, 26.107 ], [ 90.11, 26.119 ], [ 90.12, 26.128 ], [ 90.134, 26.125 ], [ 90.144, 26.135 ], [ 90.159, 26.132 ], [ 90.169, 26.142 ], [ 90.183, 26.139 ], [ 90.193, 26.148 ], [ 90.208, 26.145 ], [ 90.218, 26.155 ], [ 90.232, 26.152 ], [ 90.243, 26.162 ], [ 90.239, 26.174 ], [ 90.249, 26.183 ], [ 90.245, 26.195 ], [ 90.255, 26.205 ], [ 90.269, 26.202 ], [ 90.28, 26.211 ], [ 90.294, 26.209 ], [ 90.304, 26.218 ], [ 90.319, 26.215 ], [ 90.323, 26.203 ], [ 90.337, 26.2 ], [ 90.347, 26.21 ], [ 90.361, 26.207 ], [ 90.372, 26.216 ], [ 90.386, 26.214 ], [ 90.396, 26.223 ], [ 90.392, 26.235 ], [ 90.403, 26.245 ], [ 90.399, 26.257 ], [ 90.409, 26.266 ], [ 90.423, 26.263 ], [ 90.433, 26.273 ], [ 90.448, 26.27 ], [ 90.458, 26.279 ], [ 90.472, 26.277 ], [ 90.483, 26.286 ], [ 90.479, 26.298 ], [ 90.489, 26.308 ], [ 90.485, 26.32 ], [ 90.471, 26.323 ], [ 90.467, 26.335 ], [ 90.452, 26.338 ], [ 90.448, 26.35 ], [ 90.434, 26.353 ], [ 90.43, 26.365 ], [ 90.416, 26.367 ], [ 90.405, 26.358 ], [ 90.409, 26.346 ], [ 90.399, 26.336 ], [ 90.403, 26.324 ], [ 90.393, 26.315 ], [ 90.397, 26.303 ], [ 90.386, 26.293 ], [ 90.391, 26.281 ], [ 90.38, 26.272 ], [ 90.384, 26.26 ], [ 90.374, 26.25 ], [ 90.36, 26.253 ], [ 90.356, 26.265 ], [ 90.341, 26.268 ], [ 90.331, 26.258 ], [ 90.317, 26.261 ], [ 90.306, 26.252 ], [ 90.292, 26.255 ], [ 90.288, 26.267 ], [ 90.274, 26.27 ], [ 90.27, 26.282 ], [ 90.256, 26.284 ], [ 90.252, 26.297 ], [ 90.262, 26.306 ], [ 90.258, 26.318 ], [ 90.243, 26.321 ], [ 90.239, 26.333 ], [ 90.225, 26.336 ], [ 90.215, 26.326 ], [ 90.201, 26.329 ], [ 90.197, 26.341 ], [ 90.182, 26.344 ], [ 90.172, 26.335 ], [ 90.158, 26.337 ], [ 90.154, 26.35 ], [ 90.139, 26.352 ], [ 90.129, 26.343 ], [ 90.115, 26.346 ], [ 90.104, 26.336 ], [ 90.109, 26.324 ], [ 90.123, 26.321 ], [ 90.127, 26.309 ], [ 90.117, 26.3 ], [ 90.121, 26.288 ], [ 90.135, 26.285 ], [ 90.139, 26.273 ], [ 90.129, 26.263 ], [ 90.133, 26.251 ], [ 90.122, 26.242 ], [ 90.126, 26.23 ], [ 90.141, 26.227 ], [ 90.145, 26.215 ], [ 90.134, 26.205 ], [ 90.139, 26.193 ], [ 90.128, 26.184 ], [ 90.114, 26.186 ], [ 90.104, 26.177 ], [ 90.089, 26.18 ], [ 90.079, 26.17 ], [ 90.065, 26.173 ], [ 90.055, 26.163 ], [ 90.059, 26.151 ], [ 90.048, 26.142 ], [ 90.052, 26.13 ], [ 90.042, 26.12 ], [ 90.028, 26.123 ], [ 90.018, 26.114 ], [ 90.003, 26.116 ], [ 89.999, 26.128 ], [ 89.985, 26.131 ], [ 89.975, 26.122 ], [ 89.96, 26.125 ], [ 89.95, 26.115 ], [ 89.936, 26.118 ], [ 89.926, 26.108 ], [ 89.911, 26.111 ], [ 89.907, 26.123 ], [ 89.893, 26.126 ], [ 89.889, 26.138 ], [ 89.875, 26.141 ], [ 89.871, 26.153 ], [ 89.856, 26.156 ], [ 89.852, 26.168 ], [ 89.863, 26.177 ], [ 89.859, 26.19 ], [ 89.869, 26.199 ], [ 89.865, 26.211 ], [ 89.851, 26.214 ], [ 89.84, 26.204 ], [ 89.844, 26.192 ], [ 89.834, 26.183 ], [ 89.838, 26.171 ] ] ] ] } },
{ "type": "Feature", "properties": { "POLYGON.ID": 184.0, "subregion": "India--Assam--Bongaigaon--Plains", "POLYGON": "India--Assam--Bongaigaon--Plains", "SHOW": "1", "FILTER": "Not-Assigned", "FILTER.ID": null, "OLD.POLYGON": null, "STATE": "Assam", "COUNTY": "Bongaigaon", "OWNER": null }, "geometry": { "type": "MultiPolygon", "coordinates": [ [ [ [ 90.769, 26.515 ], [ 90.773, 26.503 ], [ 90.763, 26.494 ], [ 90.748, 26.496 ], [ 90.738, 26.487 ], [ 90.724, 26.49 ], [ 90.713, 26.48 ], [ 90.699, 26.483 ], [ 90.695, 26.495 ], [ 90.681, 26.498 ], [ 90.67, 26.489 ], [ 90.656, 26.492 ], [ 90.652, 26.504 ], [ 90.638, 26.507 ], [ 90.634, 26.519 ], [ 90.619, 26.521 ], [ 90.609, 26.512 ], [ 90.595, 26.515 ], [ 90.584, 26.505 ], [ 90.57, 26.508 ], [ 90.56, 26.499 ], [ 90.545, 26.502 ], [ 90.535, 26.492 ], [ 90.521, 26.495 ], [ 90.511, 26.486 ], [ 90.496, 26.488 ], [ 90.486, 26.479 ], [ 90.472, 26.482 ], [ 90.461, 26.472 ], [ 90.447, 26.475 ], [ 90.437, 26.466 ], [ 90.422, 26.469 ], [ 90.412, 26.459 ], [ 90.416, 26.447 ], [ 90.406, 26.438 ], [ 90.41, 26.425 ], [ 90.4, 26.416 ], [ 90.404, 26.404 ], [ 90.418, 26.401 ], [ 90.422, 26.389 ], [ 90.436, 26.386 ], [ 90.44, 26.374 ], [ 90.43, 26.365 ], [ 90.434, 26.353 ], [ 90.448, 26.35 ], [ 90.452, 26.338 ], [ 90.467, 26.335 ], [ 90.471, 26.323 ], [ 90.485, 26.32 ], [ 90.495, 26.329 ], [ 90.491, 26.341 ], [ 90.501, 26.351 ], [ 90.516, 26.348 ], [ 90.526, 26.357 ], [ 90.522, 26.37 ], [ 90.508, 26.372 ], [ 90.504, 26.385 ], [ 90.514, 26.394 ], [ 90.51, 26.406 ], [ 90.496, 26.409 ], [ 90.485, 26.399 ], [ 90.489, 26.387 ], [ 90.479, 26.378 ], [ 90.465, 26.381 ], [ 90.461, 26.393 ], [ 90.446, 26.396 ], [ 90.442, 26.408 ], [ 90.453, 26.417 ], [ 90.449, 26.429 ], [ 90.459, 26.439 ], [ 90.455, 26.451 ], [ 90.465, 26.46 ], [ 90.48, 26.458 ], [ 90.49, 26.467 ], [ 90.504, 26.464 ], [ 90.508, 26.452 ], [ 90.523, 26.449 ], [ 90.533, 26.459 ], [ 90.547, 26.456 ], [ 90.557, 26.465 ], [ 90.572, 26.462 ], [ 90.582, 26.472 ], [ 90.578, 26.484 ], [ 90.588, 26.493 ], [ 90.603, 26.491 ], [ 90.613, 26.5 ], [ 90.627, 26.497 ], [ 90.631, 26.485 ], [ 90.646, 26.482 ], [ 90.65, 26.47 ], [ 90.664, 26.467 ], [ 90.668, 26.455 ], [ 90.658, 26.446 ], [ 90.662, 26.434 ], [ 90.676, 26.431 ], [ 90.68, 26.419 ], [ 90.694, 26.416 ], [ 90.705, 26.425 ], [ 90.719, 26.422 ], [ 90.723, 26.41 ], [ 90.737, 26.407 ], [ 90.741, 26.395 ], [ 90.731, 26.386 ], [ 90.735, 26.374 ], [ 90.725, 26.364 ], [ 90.729, 26.352 ], [ 90.718, 26.343 ], [ 90.704, 26.346 ], [ 90.694, 26.336 ], [ 90.68, 26.339 ], [ 90.669, 26.33 ], [ 90.673, 26.317 ], [ 90.663, 26.308 ], [ 90.667, 26.296 ], [ 90.657, 26.286 ], [ 90.661, 26.274 ], [ 90.65, 26.265 ], [ 90.654, 26.253 ], [ 90.669, 26.25 ], [ 90.679, 26.259 ], [ 90.693, 26.256 ], [ 90.704, 26.266 ], [ 90.718, 26.263 ], [ 90.728, 26.272 ], [ 90.724, 26.285 ], [ 90.735, 26.294 ], [ 90.749, 26.291 ], [ 90.759, 26.301 ], [ 90.773, 26.298 ], [ 90.784, 26.307 ], [ 90.798, 26.304 ], [ 90.808, 26.314 ], [ 90.804, 26.326 ], [ 90.79, 26.329 ], [ 90.786, 26.341 ], [ 90.796, 26.35 ], [ 90.811, 26.347 ], [ 90.821, 26.357 ], [ 90.835, 26.354 ], [ 90.846, 26.363 ], [ 90.86, 26.361 ], [ 90.87, 26.37 ], [ 90.866, 26.382 ], [ 90.852, 26.385 ], [ 90.848, 26.397 ], [ 90.858, 26.407 ], [ 90.854, 26.419 ], [ 90.865, 26.428 ], [ 90.861, 26.44 ], [ 90.846, 26.443 ], [ 90.836, 26.434 ], [ 90.822, 26.436 ], [ 90.818, 26.449 ], [ 90.828, 26.458 ], [ 90.824, 26.47 ], [ 90.81, 26.473 ], [ 90.806, 26.485 ], [ 90.816, 26.495 ], [ 90.83, 26.492 ], [ 90.841, 26.501 ], [ 90.837, 26.513 ], [ 90.822, 26.516 ], [ 90.818, 26.528 ], [ 90.804, 26.531 ], [ 90.794, 26.522 ], [ 90.779, 26.524 ], [ 90.769, 26.515 ] ] ] ] } },
{ "type": "Feature", "properties": { "POLYGON.ID": 185.0, "subregion": "India--Assam--Barpeta--Plains", "POLYGON": "India--Assam--Barpeta--Plains", "SHOW": "1", "FILTER": "Not-Assigned", "FILTER.ID": null, "OLD.POLYGON": null, "STATE": "Assam", "COUNTY": "Barpeta", "OWNER": null }, "geometry": { "type": "MultiPolygon", "coordinates": [ [ [ [ 91.17, 26.641 ], [ 91.156, 26.644 ], [ 91.152, 26.656 ], [ 91.137, 26.659 ], [ 91.127, 26.65 ], [ 91.113, 26.652 ], [ 91.102, 26.643 ], [ 91.106, 26.631 ], [ 91.121, 26.628 ], [ 91.125, 26.616 ], [ 91.139, 26.613 ], [ 91.143, 26.601 ], [ 91.133, 26.592 ], [ 91.118, 26.594 ], [ 91.108, 26.585 ], [ 91.112, 26.573 ], [ 91.102, 26.564 ], [ 91.087, 26.566 ], [ 91.077, 26.557 ], [ 91.081, 26.545 ], [ 91.071, 26.536 ], [ 91.075, 26.523 ], [ 91.064, 26.514 ], [ 91.05, 26.517 ], [ 91.046, 26.529 ], [ 91.032, 26.532 ], [ 91.021, 26.523 ], [ 91.007, 26.525 ], [ 90.997, 26.516 ], [ 91.001, 26.504 ], [ 90.99, 26.495 ], [ 90.994, 26.482 ], [ 91.009, 26.48 ], [ 91.013, 26.467 ], [ 91.002, 26.458 ], [ 91.006, 26.446 ], [ 90.996, 26.436 ], [ 91.0, 26.424 ], [ 90.99, 26.415 ], [ 90.975, 26.418 ], [ 90.971, 26.43 ], [ 90.957, 26.433 ], [ 90.953, 26.445 ], [ 90.963, 26.454 ], [ 90.959, 26.466 ], [ 90.945, 26.469 ], [ 90.935, 26.46 ], [ 90.939, 26.448 ], [ 90.928, 26.438 ], [ 90.932, 26.426 ], [ 90.947, 26.423 ], [ 90.951, 26.411 ], [ 90.94, 26.402 ], [ 90.944, 26.39 ], [ 90.934, 26.38 ], [ 90.938, 26.368 ], [ 90.928, 26.359 ], [ 90.932, 26.346 ], [ 90.921, 26.337 ], [ 90.925, 26.325 ], [ 90.915, 26.316 ], [ 90.919, 26.303 ], [ 90.909, 26.294 ], [ 90.913, 26.282 ], [ 90.902, 26.272 ], [ 90.906, 26.26 ], [ 90.896, 26.251 ], [ 90.9, 26.239 ], [ 90.914, 26.236 ], [ 90.925, 26.245 ], [ 90.939, 26.242 ], [ 90.949, 26.252 ], [ 90.964, 26.249 ], [ 90.968, 26.237 ], [ 90.982, 26.234 ], [ 90.992, 26.243 ], [ 91.007, 26.24 ], [ 91.017, 26.25 ], [ 91.031, 26.247 ], [ 91.042, 26.256 ], [ 91.056, 26.253 ], [ 91.066, 26.263 ], [ 91.081, 26.26 ], [ 91.091, 26.269 ], [ 91.105, 26.267 ], [ 91.116, 26.276 ], [ 91.13, 26.273 ], [ 91.134, 26.261 ], [ 91.148, 26.258 ], [ 91.159, 26.267 ], [ 91.173, 26.265 ], [ 91.183, 26.274 ], [ 91.198, 26.271 ], [ 91.208, 26.28 ], [ 91.222, 26.278 ], [ 91.233, 26.287 ], [ 91.247, 26.284 ], [ 91.257, 26.293 ], [ 91.253, 26.306 ], [ 91.264, 26.315 ], [ 91.26, 26.327 ], [ 91.27, 26.337 ], [ 91.266, 26.349 ], [ 91.276, 26.358 ], [ 91.272, 26.37 ], [ 91.258, 26.373 ], [ 91.248, 26.364 ], [ 91.233, 26.367 ], [ 91.229, 26.379 ], [ 91.24, 26.388 ], [ 91.236, 26.4 ], [ 91.246, 26.41 ], [ 91.242, 26.422 ], [ 91.228, 26.425 ], [ 91.224, 26.437 ], [ 91.234, 26.446 ], [ 91.23, 26.459 ], [ 91.24, 26.468 ], [ 91.255, 26.465 ], [ 91.265, 26.474 ], [ 91.261, 26.487 ], [ 91.271, 26.496 ], [ 91.267, 26.508 ], [ 91.253, 26.511 ], [ 91.249, 26.523 ], [ 91.259, 26.532 ], [ 91.255, 26.545 ], [ 91.266, 26.554 ], [ 91.28, 26.551 ], [ 91.29, 26.56 ], [ 91.286, 26.573 ], [ 91.272, 26.575 ], [ 91.268, 26.588 ], [ 91.254, 26.59 ], [ 91.243, 26.581 ], [ 91.229, 26.584 ], [ 91.225, 26.596 ], [ 91.235, 26.605 ], [ 91.231, 26.618 ], [ 91.217, 26.621 ], [ 91.207, 26.611 ], [ 91.192, 26.614 ], [ 91.188, 26.626 ], [ 91.174, 26.629 ], [ 91.17, 26.641 ] ] ], [ [ [ 90.86, 26.566 ], [ 90.849, 26.556 ], [ 90.835, 26.559 ], [ 90.825, 26.55 ], [ 90.829, 26.538 ], [ 90.843, 26.535 ], [ 90.847, 26.523 ], [ 90.837, 26.513 ], [ 90.841, 26.501 ], [ 90.83, 26.492 ], [ 90.816, 26.495 ], [ 90.806, 26.485 ], [ 90.81, 26.473 ], [ 90.824, 26.47 ], [ 90.828, 26.458 ], [ 90.818, 26.449 ], [ 90.822, 26.436 ], [ 90.836, 26.434 ], [ 90.846, 26.443 ], [ 90.861, 26.44 ], [ 90.865, 26.428 ], [ 90.854, 26.419 ], [ 90.858, 26.407 ], [ 90.848, 26.397 ], [ 90.852, 26.385 ], [ 90.866, 26.382 ], [ 90.87, 26.37 ], [ 90.86, 26.361 ], [ 90.846, 26.363 ], [ 90.835, 26.354 ], [ 90.821, 26.357 ], [ 90.811, 26.347 ], [ 90.796, 26.35 ], [ 90.786, 26.341 ], [ 90.79, 26.329 ], [ 90.804, 26.326 ], [ 90.808, 26.314 ], [ 90.798, 26.304 ], [ 90.784, 26.307 ], [ 90.773, 26.298 ], [ 90.759, 26.301 ], [ 90.749, 26.291 ], [ 90.753, 26.279 ], [ 90.767, 26.276 ], [ 90.777, 26.286 ], [ 90.792, 26.283 ], [ 90.796, 26.271 ], [ 90.81, 26.268 ], [ 90.82, 26.277 ], [ 90.835, 26.274 ], [ 90.845, 26.284 ], [ 90.841, 26.296 ], [ 90.851, 26.305 ], [ 90.847, 26.317 ], [ 90.858, 26.327 ], [ 90.854, 26.339 ], [ 90.864, 26.348 ], [ 90.878, 26.346 ], [ 90.889, 26.355 ], [ 90.885, 26.367 ], [ 90.895, 26.377 ], [ 90.891, 26.389 ], [ 90.901, 26.398 ], [ 90.897, 26.41 ], [ 90.908, 26.42 ], [ 90.904, 26.432 ], [ 90.889, 26.435 ], [ 90.885, 26.447 ], [ 90.896, 26.456 ], [ 90.892, 26.468 ], [ 90.902, 26.478 ], [ 90.898, 26.49 ], [ 90.908, 26.499 ], [ 90.904, 26.511 ], [ 90.89, 26.514 ], [ 90.886, 26.526 ], [ 90.872, 26.529 ], [ 90.868, 26.541 ], [ 90.878, 26.551 ], [ 90.874, 26.563 ], [ 90.86, 26.566 ] ] ] ] } },
{ "type": "Feature", "properties": { "POLYGON.ID": 186.0, "subregion": "India--Assam--Nalbari--Plains", "POLYGON": "India--Assam--Nalbari--Plains", "SHOW": "1", "FILTER": "Not-Assigned", "FILTER.ID": null, "OLD.POLYGON": null, "STATE": "Assam", "COUNTY": "Nalbari", "OWNER": null }, "geometry": { "type": "MultiPolygon", "coordinates": [ [ [ [ 91.58, 26.537 ], [ 91.576, 26.549 ], [ 91.586, 26.558 ], [ 91.582, 26.571 ], [ 91.568, 26.573 ], [ 91.558, 26.564 ], [ 91.543, 26.567 ], [ 91.533, 26.558 ], [ 91.537, 26.545 ], [ 91.526, 26.536 ], [ 91.512, 26.539 ], [ 91.502, 26.53 ], [ 91.487, 26.533 ], [ 91.483, 26.545 ], [ 91.494, 26.554 ], [ 91.49, 26.566 ], [ 91.475, 26.569 ], [ 91.465, 26.56 ], [ 91.451, 26.563 ], [ 91.44, 26.553 ], [ 91.444, 26.541 ], [ 91.434, 26.532 ], [ 91.42, 26.535 ], [ 91.409, 26.525 ], [ 91.395, 26.528 ], [ 91.385, 26.519 ], [ 91.37, 26.522 ], [ 91.36, 26.512 ], [ 91.345, 26.515 ], [ 91.335, 26.506 ], [ 91.339, 26.494 ], [ 91.329, 26.484 ], [ 91.314, 26.487 ], [ 91.31, 26.5 ], [ 91.296, 26.502 ], [ 91.292, 26.515 ], [ 91.302, 26.524 ], [ 91.298, 26.536 ], [ 91.284, 26.539 ], [ 91.274, 26.53 ], [ 91.259, 26.532 ], [ 91.249, 26.523 ], [ 91.253, 26.511 ], [ 91.267, 26.508 ], [ 91.271, 26.496 ], [ 91.261, 26.487 ], [ 91.265, 26.474 ], [ 91.255, 26.465 ], [ 91.24, 26.468 ], [ 91.23, 26.459 ], [ 91.234, 26.446 ], [ 91.224, 26.437 ], [ 91.228, 26.425 ], [ 91.242, 26.422 ], [ 91.246, 26.41 ], [ 91.236, 26.4 ], [ 91.24, 26.388 ], [ 91.229, 26.379 ], [ 91.233, 26.367 ], [ 91.248, 26.364 ], [ 91.258, 26.373 ], [ 91.272, 26.37 ], [ 91.276, 26.358 ], [ 91.266, 26.349 ], [ 91.27, 26.337 ], [ 91.26, 26.327 ], [ 91.264, 26.315 ], [ 91.253, 26.306 ], [ 91.257, 26.293 ], [ 91.247, 26.284 ], [ 91.251, 26.272 ], [ 91.265, 26.269 ], [ 91.276, 26.278 ], [ 91.29, 26.275 ], [ 91.3, 26.285 ], [ 91.315, 26.282 ], [ 91.319, 26.27 ], [ 91.333, 26.267 ], [ 91.343, 26.276 ], [ 91.358, 26.273 ], [ 91.368, 26.283 ], [ 91.382, 26.28 ], [ 91.386, 26.268 ], [ 91.401, 26.265 ], [ 91.411, 26.274 ], [ 91.425, 26.271 ], [ 91.429, 26.259 ], [ 91.444, 26.256 ], [ 91.454, 26.265 ], [ 91.45, 26.278 ], [ 91.46, 26.287 ], [ 91.456, 26.299 ], [ 91.467, 26.309 ], [ 91.463, 26.321 ], [ 91.473, 26.33 ], [ 91.487, 26.327 ], [ 91.498, 26.337 ], [ 91.512, 26.334 ], [ 91.523, 26.343 ], [ 91.519, 26.355 ], [ 91.529, 26.365 ], [ 91.525, 26.377 ], [ 91.535, 26.386 ], [ 91.531, 26.398 ], [ 91.542, 26.408 ], [ 91.556, 26.405 ], [ 91.566, 26.414 ], [ 91.562, 26.426 ], [ 91.573, 26.436 ], [ 91.569, 26.448 ], [ 91.554, 26.451 ], [ 91.55, 26.463 ], [ 91.561, 26.472 ], [ 91.557, 26.484 ], [ 91.567, 26.494 ], [ 91.563, 26.506 ], [ 91.549, 26.509 ], [ 91.545, 26.521 ], [ 91.555, 26.53 ], [ 91.57, 26.528 ], [ 91.58, 26.537 ] ] ] ] } },
{ "type": "Feature", "properties": { "POLYGON.ID": 187.0, "subregion": "India--Assam--Chirang--Plains", "POLYGON": "India--Assam--Chirang--Plains", "SHOW": "1", "FILTER": "Not-Assigned", "FILTER.ID": null, "OLD.POLYGON": null, "STATE": "Assam", "COUNTY": "Chirang", "OWNER": null }, "geometry": { "type": "MultiPolygon", "coordinates": [ [ [ [ 90.482, 26.854 ], [ 90.486, 26.842 ], [ 90.476, 26.833 ], [ 90.48, 26.821 ], [ 90.47, 26.812 ], [ 90.474, 26.799 ], [ 90.463, 26.79 ], [ 90.449, 26.793 ], [ 90.439, 26.783 ], [ 90.424, 26.786 ], [ 90.414, 26.777 ], [ 90.418, 26.765 ], [ 90.408, 26.755 ], [ 90.393, 26.758 ], [ 90.383, 26.749 ], [ 90.369, 26.752 ], [ 90.358, 26.742 ], [ 90.362, 26.73 ], [ 90.377, 26.727 ], [ 90.381, 26.715 ], [ 90.37, 26.706 ], [ 90.375, 26.694 ], [ 90.364, 26.684 ], [ 90.368, 26.672 ], [ 90.358, 26.663 ], [ 90.362, 26.651 ], [ 90.352, 26.641 ], [ 90.356, 26.629 ], [ 90.345, 26.62 ], [ 90.349, 26.608 ], [ 90.364, 26.605 ], [ 90.368, 26.593 ], [ 90.357, 26.583 ], [ 90.362, 26.571 ], [ 90.351, 26.562 ], [ 90.355, 26.55 ], [ 90.37, 26.547 ], [ 90.374, 26.535 ], [ 90.388, 26.532 ], [ 90.392, 26.52 ], [ 90.406, 26.517 ], [ 90.41, 26.505 ], [ 90.4, 26.496 ], [ 90.404, 26.484 ], [ 90.394, 26.474 ], [ 90.398, 26.462 ], [ 90.412, 26.459 ], [ 90.422, 26.469 ], [ 90.437, 26.466 ], [ 90.447, 26.475 ], [ 90.461, 26.472 ], [ 90.472, 26.482 ], [ 90.486, 26.479 ], [ 90.496, 26.488 ], [ 90.511, 26.486 ], [ 90.521, 26.495 ], [ 90.535, 26.492 ], [ 90.545, 26.502 ], [ 90.56, 26.499 ], [ 90.57, 26.508 ], [ 90.584, 26.505 ], [ 90.595, 26.515 ], [ 90.609, 26.512 ], [ 90.619, 26.521 ], [ 90.634, 26.519 ], [ 90.638, 26.507 ], [ 90.652, 26.504 ], [ 90.656, 26.492 ], [ 90.67, 26.489 ], [ 90.681, 26.498 ], [ 90.695, 26.495 ], [ 90.699, 26.483 ], [ 90.713, 26.48 ], [ 90.724, 26.49 ], [ 90.738, 26.487 ], [ 90.748, 26.496 ], [ 90.763, 26.494 ], [ 90.773, 26.503 ], [ 90.769, 26.515 ], [ 90.779, 26.524 ], [ 90.794, 26.522 ], [ 90.804, 26.531 ], [ 90.818, 26.528 ], [ 90.822, 26.516 ], [ 90.837, 26.513 ], [ 90.847, 26.523 ], [ 90.843, 26.535 ], [ 90.829, 26.538 ], [ 90.825, 26.55 ], [ 90.835, 26.559 ], [ 90.849, 26.556 ], [ 90.86, 26.566 ], [ 90.874, 26.563 ], [ 90.884, 26.572 ], [ 90.88, 26.584 ], [ 90.89, 26.594 ], [ 90.886, 26.606 ], [ 90.897, 26.615 ], [ 90.893, 26.627 ], [ 90.878, 26.63 ], [ 90.868, 26.621 ], [ 90.854, 26.624 ], [ 90.85, 26.636 ], [ 90.835, 26.639 ], [ 90.825, 26.629 ], [ 90.811, 26.632 ], [ 90.8, 26.623 ], [ 90.786, 26.625 ], [ 90.782, 26.638 ], [ 90.768, 26.64 ], [ 90.757, 26.631 ], [ 90.743, 26.634 ], [ 90.739, 26.646 ], [ 90.725, 26.649 ], [ 90.714, 26.639 ], [ 90.7, 26.642 ], [ 90.69, 26.633 ], [ 90.675, 26.636 ], [ 90.671, 26.648 ], [ 90.657, 26.651 ], [ 90.647, 26.641 ], [ 90.632, 26.644 ], [ 90.622, 26.635 ], [ 90.608, 26.637 ], [ 90.604, 26.65 ], [ 90.589, 26.652 ], [ 90.585, 26.664 ], [ 90.571, 26.667 ], [ 90.567, 26.679 ], [ 90.577, 26.689 ], [ 90.573, 26.701 ], [ 90.559, 26.704 ], [ 90.555, 26.716 ], [ 90.565, 26.725 ], [ 90.561, 26.737 ], [ 90.572, 26.747 ], [ 90.568, 26.759 ], [ 90.553, 26.761 ], [ 90.549, 26.774 ], [ 90.535, 26.776 ], [ 90.531, 26.788 ], [ 90.541, 26.798 ], [ 90.537, 26.81 ], [ 90.523, 26.813 ], [ 90.519, 26.825 ], [ 90.529, 26.834 ], [ 90.525, 26.846 ], [ 90.511, 26.849 ], [ 90.507, 26.861 ], [ 90.492, 26.864 ], [ 90.482, 26.854 ] ] ] ] } },
{ "type": "Feature", "properties": { "POLYGON.ID": 188.0, "subregion": "India--Assam--Baksa--Plains", "POLYGON": "India--Assam--Baksa--Plains", "SHOW": "1", "FILTER": "Not-Assigned", "FILTER.ID": null, "OLD.POLYGON": null, "STATE": "Assam", "COUNTY": "Baksa", "OWNER": null }, "geometry": { "type": "MultiPolygon", "coordinates": [ [ [ [ 91.461, 26.777 ], [ 91.447, 26.78 ], [ 91.443, 26.792 ], [ 91.428, 26.795 ], [ 91.418, 26.785 ], [ 91.404, 26.788 ], [ 91.393, 26.779 ], [ 91.379, 26.782 ], [ 91.368, 26.772 ], [ 91.372, 26.76 ], [ 91.362, 26.751 ], [ 91.348, 26.754 ], [ 91.337, 26.745 ], [ 91.323, 26.747 ], [ 91.313, 26.738 ], [ 91.298, 26.741 ], [ 91.288, 26.732 ], [ 91.274, 26.734 ], [ 91.27, 26.747 ], [ 91.255, 26.749 ], [ 91.245, 26.74 ], [ 91.23, 26.743 ], [ 91.22, 26.734 ], [ 91.206, 26.736 ], [ 91.195, 26.727 ], [ 91.199, 26.715 ], [ 91.189, 26.706 ], [ 91.175, 26.708 ], [ 91.164, 26.699 ], [ 91.15, 26.702 ], [ 91.14, 26.693 ], [ 91.125, 26.695 ], [ 91.115, 26.686 ], [ 91.101, 26.689 ], [ 91.09, 26.68 ], [ 91.094, 26.667 ], [ 91.084, 26.658 ], [ 91.07, 26.661 ], [ 91.059, 26.652 ], [ 91.045, 26.654 ], [ 91.035, 26.645 ], [ 91.02, 26.648 ], [ 91.01, 26.639 ], [ 90.996, 26.641 ], [ 90.985, 26.632 ], [ 90.989, 26.62 ], [ 90.979, 26.611 ], [ 90.965, 26.613 ], [ 90.954, 26.604 ], [ 90.94, 26.607 ], [ 90.936, 26.619 ], [ 90.921, 26.622 ], [ 90.911, 26.612 ], [ 90.897, 26.615 ], [ 90.886, 26.606 ], [ 90.89, 26.594 ], [ 90.88, 26.584 ], [ 90.884, 26.572 ], [ 90.874, 26.563 ], [ 90.878, 26.551 ], [ 90.892, 26.548 ], [ 90.903, 26.557 ], [ 90.899, 26.569 ], [ 90.909, 26.579 ], [ 90.923, 26.576 ], [ 90.934, 26.585 ], [ 90.948, 26.583 ], [ 90.958, 26.592 ], [ 90.973, 26.589 ], [ 90.983, 26.598 ], [ 90.997, 26.596 ], [ 91.001, 26.583 ], [ 90.991, 26.574 ], [ 90.995, 26.562 ], [ 90.985, 26.553 ], [ 90.989, 26.54 ], [ 90.978, 26.531 ], [ 90.982, 26.519 ], [ 90.972, 26.509 ], [ 90.976, 26.497 ], [ 90.966, 26.488 ], [ 90.951, 26.491 ], [ 90.941, 26.481 ], [ 90.945, 26.469 ], [ 90.959, 26.466 ], [ 90.963, 26.454 ], [ 90.953, 26.445 ], [ 90.957, 26.433 ], [ 90.971, 26.43 ], [ 90.975, 26.418 ], [ 90.99, 26.415 ], [ 91.0, 26.424 ], [ 90.996, 26.436 ], [ 91.006, 26.446 ], [ 91.002, 26.458 ], [ 91.013, 26.467 ], [ 91.009, 26.48 ], [ 90.994, 26.482 ], [ 90.99, 26.495 ], [ 91.001, 26.504 ], [ 90.997, 26.516 ], [ 91.007, 26.525 ], [ 91.021, 26.523 ], [ 91.032, 26.532 ], [ 91.046, 26.529 ], [ 91.05, 26.517 ], [ 91.064, 26.514 ], [ 91.075, 26.523 ], [ 91.071, 26.536 ], [ 91.081, 26.545 ], [ 91.077, 26.557 ], [ 91.087, 26.566 ], [ 91.102, 26.564 ], [ 91.112, 26.573 ], [ 91.108, 26.585 ], [ 91.118, 26.594 ], [ 91.133, 26.592 ], [ 91.143, 26.601 ], [ 91.139, 26.613 ], [ 91.125, 26.616 ], [ 91.121, 26.628 ], [ 91.106, 26.631 ], [ 91.102, 26.643 ], [ 91.113, 26.652 ], [ 91.127, 26.65 ], [ 91.137, 26.659 ], [ 91.152, 26.656 ], [ 91.156, 26.644 ], [ 91.17, 26.641 ], [ 91.174, 26.629 ], [ 91.188, 26.626 ], [ 91.192, 26.614 ], [ 91.207, 26.611 ], [ 91.217, 26.621 ], [ 91.231, 26.618 ], [ 91.235, 26.605 ], [ 91.225, 26.596 ], [ 91.229, 26.584 ], [ 91.243, 26.581 ], [ 91.254, 26.59 ], [ 91.268, 26.588 ], [ 91.272, 26.575 ], [ 91.286, 26.573 ], [ 91.29, 26.56 ], [ 91.28, 26.551 ], [ 91.266, 26.554 ], [ 91.255, 26.545 ], [ 91.259, 26.532 ], [ 91.274, 26.53 ], [ 91.284, 26.539 ], [ 91.298, 26.536 ], [ 91.302, 26.524 ], [ 91.292, 26.515 ], [ 91.296, 26.502 ], [ 91.31, 26.5 ], [ 91.314, 26.487 ], [ 91.329, 26.484 ], [ 91.339, 26.494 ], [ 91.335, 26.506 ], [ 91.345, 26.515 ], [ 91.36, 26.512 ], [ 91.37, 26.522 ], [ 91.385, 26.519 ], [ 91.395, 26.528 ], [ 91.409, 26.525 ], [ 91.42, 26.535 ], [ 91.434, 26.532 ], [ 91.444, 26.541 ], [ 91.44, 26.553 ], [ 91.451, 26.563 ], [ 91.465, 26.56 ], [ 91.475, 26.569 ], [ 91.49, 26.566 ], [ 91.494, 26.554 ], [ 91.483, 26.545 ], [ 91.487, 26.533 ], [ 91.502, 26.53 ], [ 91.512, 26.539 ], [ 91.526, 26.536 ], [ 91.537, 26.545 ], [ 91.533, 26.558 ], [ 91.543, 26.567 ], [ 91.558, 26.564 ], [ 91.568, 26.573 ], [ 91.582, 26.571 ], [ 91.586, 26.558 ], [ 91.576, 26.549 ], [ 91.58, 26.537 ], [ 91.594, 26.534 ], [ 91.598, 26.522 ], [ 91.613, 26.519 ], [ 91.617, 26.507 ], [ 91.606, 26.497 ], [ 91.61, 26.485 ], [ 91.625, 26.482 ], [ 91.629, 26.47 ], [ 91.618, 26.461 ], [ 91.622, 26.449 ], [ 91.637, 26.446 ], [ 91.647, 26.455 ], [ 91.661, 26.452 ], [ 91.672, 26.461 ], [ 91.686, 26.458 ], [ 91.696, 26.468 ], [ 91.711, 26.465 ], [ 91.721, 26.474 ], [ 91.717, 26.486 ], [ 91.727, 26.496 ], [ 91.742, 26.493 ], [ 91.746, 26.481 ], [ 91.76, 26.478 ], [ 91.771, 26.487 ], [ 91.785, 26.484 ], [ 91.795, 26.493 ], [ 91.791, 26.506 ], [ 91.777, 26.509 ], [ 91.773, 26.521 ], [ 91.783, 26.53 ], [ 91.779, 26.542 ], [ 91.765, 26.545 ], [ 91.761, 26.557 ], [ 91.771, 26.567 ], [ 91.767, 26.579 ], [ 91.753, 26.582 ], [ 91.749, 26.594 ], [ 91.735, 26.597 ], [ 91.731, 26.609 ], [ 91.741, 26.618 ], [ 91.737, 26.631 ], [ 91.748, 26.64 ], [ 91.744, 26.652 ], [ 91.729, 26.655 ], [ 91.725, 26.667 ], [ 91.736, 26.676 ], [ 91.732, 26.689 ], [ 91.742, 26.698 ], [ 91.738, 26.71 ], [ 91.748, 26.719 ], [ 91.744, 26.732 ], [ 91.73, 26.734 ], [ 91.726, 26.747 ], [ 91.712, 26.749 ], [ 91.708, 26.762 ], [ 91.718, 26.771 ], [ 91.714, 26.783 ], [ 91.7, 26.786 ], [ 91.689, 26.777 ], [ 91.675, 26.78 ], [ 91.671, 26.792 ], [ 91.657, 26.795 ], [ 91.646, 26.785 ], [ 91.632, 26.788 ], [ 91.628, 26.8 ], [ 91.613, 26.803 ], [ 91.603, 26.794 ], [ 91.589, 26.797 ], [ 91.578, 26.788 ], [ 91.564, 26.79 ], [ 91.554, 26.781 ], [ 91.539, 26.784 ], [ 91.529, 26.775 ], [ 91.514, 26.778 ], [ 91.504, 26.768 ], [ 91.49, 26.771 ], [ 91.479, 26.762 ], [ 91.465, 26.765 ], [ 91.461, 26.777 ] ] ] ] } },
{ "type": "Feature", "properties": { "POLYGON.ID": 189.0, "subregion": "India--Assam--Kamrup Metropolitan--Guwahati", "POLYGON": "India--Assam--Kamrup Metropolitan--Guwahati", "SHOW": "1", "FILTER": "Not-Assigned", "FILTER.ID": null, "OLD.POLYGON": null, "STATE": "Assam", "COUNTY": "Kamrup", "OWNER": null }, "geometry": { "type": "MultiPolygon", "coordinates": [ [ [ [ 91.822, 26.122 ], [ 91.836, 26.119 ], [ 91.847, 26.129 ], [ 91.843, 26.141 ], [ 91.828, 26.144 ], [ 91.824, 26.156 ], [ 91.835, 26.165 ], [ 91.831, 26.178 ], [ 91.841, 26.187 ], [ 91.837, 26.199 ], [ 91.823, 26.202 ], [ 91.813, 26.193 ], [ 91.798, 26.196 ], [ 91.788, 26.187 ], [ 91.773, 26.189 ], [ 91.763, 26.18 ], [ 91.749, 26.183 ], [ 91.738, 26.174 ], [ 91.724, 26.177 ], [ 91.714, 26.167 ], [ 91.699, 26.17 ], [ 91.689, 26.161 ], [ 91.693, 26.149 ], [ 91.683, 26.139 ], [ 91.687, 26.127 ], [ 91.701, 26.124 ], [ 91.705, 26.112 ], [ 91.719, 26.109 ], [ 91.73, 26.118 ], [ 91.744, 26.115 ], [ 91.748, 26.103 ], [ 91.762, 26.1 ], [ 91.773, 26.109 ], [ 91.787, 26.107 ], [ 91.797, 26.116 ], [ 91.812, 26.113 ], [ 91.822, 26.122 ] ] ] ] } },
{ "type": "Feature", "properties": { "POLYGON.ID": 190.0, "subregion": "India--Assam--Morigaon--Plains", "POLYGON": "India--Assam--Morigaon--Plains", "SHOW": "1", "FILTER": "Not-Assigned", "FILTER.ID": null, "OLD.POLYGON": null, "STATE": "Assam", "COUNTY": "Morigaon", "OWNER": null }, "geometry": { "type": "MultiPolygon", "coordinates": [ [ [ [ 92.391, 26.143 ], [ 92.402, 26.152 ], [ 92.416, 26.149 ], [ 92.427, 26.158 ], [ 92.423, 26.17 ], [ 92.433, 26.18 ], [ 92.429, 26.192 ], [ 92.44, 26.201 ], [ 92.436, 26.214 ], [ 92.421, 26.217 ], [ 92.417, 26.229 ], [ 92.428, 26.238 ], [ 92.424, 26.25 ], [ 92.409, 26.253 ], [ 92.405, 26.266 ], [ 92.416, 26.275 ], [ 92.43, 26.272 ], [ 92.441, 26.281 ], [ 92.455, 26.278 ], [ 92.459, 26.266 ], [ 92.473, 26.263 ], [ 92.484, 26.272 ], [ 92.498, 26.269 ], [ 92.508, 26.279 ], [ 92.523, 26.276 ], [ 92.533, 26.285 ], [ 92.529, 26.297 ], [ 92.54, 26.306 ], [ 92.554, 26.303 ], [ 92.564, 26.313 ], [ 92.561, 26.325 ], [ 92.571, 26.334 ], [ 92.567, 26.347 ], [ 92.577, 26.356 ], [ 92.573, 26.368 ], [ 92.559, 26.371 ], [ 92.555, 26.383 ], [ 92.541, 26.386 ], [ 92.53, 26.377 ], [ 92.516, 26.38 ], [ 92.506, 26.371 ], [ 92.491, 26.374 ], [ 92.481, 26.364 ], [ 92.466, 26.367 ], [ 92.462, 26.38 ], [ 92.448, 26.383 ], [ 92.444, 26.395 ], [ 92.43, 26.398 ], [ 92.426, 26.41 ], [ 92.436, 26.419 ], [ 92.432, 26.432 ], [ 92.443, 26.441 ], [ 92.439, 26.453 ], [ 92.424, 26.456 ], [ 92.42, 26.468 ], [ 92.406, 26.471 ], [ 92.396, 26.462 ], [ 92.4, 26.45 ], [ 92.389, 26.441 ], [ 92.375, 26.444 ], [ 92.364, 26.434 ], [ 92.35, 26.437 ], [ 92.34, 26.428 ], [ 92.325, 26.431 ], [ 92.315, 26.422 ], [ 92.319, 26.409 ], [ 92.308, 26.4 ], [ 92.294, 26.403 ], [ 92.284, 26.394 ], [ 92.269, 26.397 ], [ 92.259, 26.387 ], [ 92.244, 26.39 ], [ 92.234, 26.381 ], [ 92.238, 26.369 ], [ 92.228, 26.36 ], [ 92.213, 26.363 ], [ 92.203, 26.353 ], [ 92.189, 26.356 ], [ 92.178, 26.347 ], [ 92.182, 26.335 ], [ 92.172, 26.325 ], [ 92.176, 26.313 ], [ 92.165, 26.304 ], [ 92.151, 26.307 ], [ 92.141, 26.297 ], [ 92.144, 26.285 ], [ 92.134, 26.276 ], [ 92.12, 26.279 ], [ 92.109, 26.27 ], [ 92.095, 26.272 ], [ 92.085, 26.263 ], [ 92.089, 26.251 ], [ 92.103, 26.248 ], [ 92.107, 26.236 ], [ 92.096, 26.226 ], [ 92.1, 26.214 ], [ 92.09, 26.205 ], [ 92.094, 26.193 ], [ 92.108, 26.19 ], [ 92.112, 26.177 ], [ 92.127, 26.174 ], [ 92.131, 26.162 ], [ 92.145, 26.159 ], [ 92.155, 26.168 ], [ 92.17, 26.166 ], [ 92.174, 26.153 ], [ 92.163, 26.144 ], [ 92.167, 26.132 ], [ 92.157, 26.122 ], [ 92.161, 26.11 ], [ 92.175, 26.107 ], [ 92.186, 26.116 ], [ 92.2, 26.113 ], [ 92.21, 26.123 ], [ 92.225, 26.12 ], [ 92.235, 26.129 ], [ 92.249, 26.126 ], [ 92.26, 26.135 ], [ 92.274, 26.133 ], [ 92.278, 26.12 ], [ 92.292, 26.117 ], [ 92.296, 26.105 ], [ 92.311, 26.102 ], [ 92.321, 26.111 ], [ 92.336, 26.108 ], [ 92.346, 26.118 ], [ 92.342, 26.13 ], [ 92.352, 26.139 ], [ 92.348, 26.151 ], [ 92.359, 26.161 ], [ 92.373, 26.158 ], [ 92.377, 26.146 ], [ 92.391, 26.143 ] ] ] ] } },
{ "type": "Feature", "properties": { "POLYGON.ID": 191.0, "subregion": "India--Assam--Darrang--Plains", "POLYGON": "India--Assam--Darrang--Plains", "SHOW": "1", "FILTER": "Not-Assigned", "FILTER.ID": null, "OLD.POLYGON": null, "STATE": "Assam", "COUNTY": "Darrang", "OWNER": null }, "geometry": { "type": "MultiPolygon", "coordinates": [ [ [ [ 91.814, 26.558 ], [ 91.804, 26.549 ], [ 91.808, 26.536 ], [ 91.822, 26.534 ], [ 91.826, 26.521 ], [ 91.816, 26.512 ], [ 91.802, 26.515 ], [ 91.791, 26.506 ], [ 91.795, 26.493 ], [ 91.785, 26.484 ], [ 91.789, 26.472 ], [ 91.778, 26.463 ], [ 91.782, 26.45 ], [ 91.772, 26.441 ], [ 91.776, 26.429 ], [ 91.79, 26.426 ], [ 91.794, 26.414 ], [ 91.784, 26.404 ], [ 91.788, 26.392 ], [ 91.802, 26.389 ], [ 91.806, 26.377 ], [ 91.821, 26.374 ], [ 91.825, 26.362 ], [ 91.814, 26.353 ], [ 91.818, 26.34 ], [ 91.808, 26.331 ], [ 91.812, 26.319 ], [ 91.801, 26.31 ], [ 91.787, 26.312 ], [ 91.777, 26.303 ], [ 91.781, 26.291 ], [ 91.77, 26.282 ], [ 91.774, 26.269 ], [ 91.764, 26.26 ], [ 91.768, 26.248 ], [ 91.782, 26.245 ], [ 91.793, 26.254 ], [ 91.807, 26.251 ], [ 91.817, 26.261 ], [ 91.832, 26.258 ], [ 91.842, 26.267 ], [ 91.838, 26.279 ], [ 91.849, 26.289 ], [ 91.845, 26.301 ], [ 91.855, 26.31 ], [ 91.869, 26.307 ], [ 91.88, 26.316 ], [ 91.894, 26.314 ], [ 91.904, 26.323 ], [ 91.9, 26.335 ], [ 91.911, 26.344 ], [ 91.907, 26.357 ], [ 91.917, 26.366 ], [ 91.932, 26.363 ], [ 91.942, 26.372 ], [ 91.956, 26.369 ], [ 91.967, 26.379 ], [ 91.963, 26.391 ], [ 91.973, 26.4 ], [ 91.987, 26.397 ], [ 91.998, 26.407 ], [ 92.012, 26.404 ], [ 92.023, 26.413 ], [ 92.037, 26.41 ], [ 92.047, 26.419 ], [ 92.043, 26.432 ], [ 92.054, 26.441 ], [ 92.068, 26.438 ], [ 92.079, 26.447 ], [ 92.075, 26.459 ], [ 92.085, 26.469 ], [ 92.099, 26.466 ], [ 92.11, 26.475 ], [ 92.124, 26.472 ], [ 92.128, 26.46 ], [ 92.142, 26.457 ], [ 92.153, 26.466 ], [ 92.167, 26.463 ], [ 92.178, 26.473 ], [ 92.192, 26.47 ], [ 92.202, 26.479 ], [ 92.217, 26.476 ], [ 92.227, 26.485 ], [ 92.223, 26.498 ], [ 92.234, 26.507 ], [ 92.23, 26.519 ], [ 92.24, 26.528 ], [ 92.236, 26.541 ], [ 92.246, 26.55 ], [ 92.261, 26.547 ], [ 92.271, 26.556 ], [ 92.267, 26.568 ], [ 92.278, 26.578 ], [ 92.274, 26.59 ], [ 92.284, 26.599 ], [ 92.299, 26.596 ], [ 92.309, 26.605 ], [ 92.305, 26.618 ], [ 92.291, 26.621 ], [ 92.287, 26.633 ], [ 92.297, 26.642 ], [ 92.293, 26.654 ], [ 92.279, 26.657 ], [ 92.268, 26.648 ], [ 92.272, 26.636 ], [ 92.262, 26.627 ], [ 92.266, 26.614 ], [ 92.255, 26.605 ], [ 92.241, 26.608 ], [ 92.237, 26.62 ], [ 92.223, 26.623 ], [ 92.219, 26.635 ], [ 92.204, 26.638 ], [ 92.2, 26.651 ], [ 92.186, 26.653 ], [ 92.182, 26.666 ], [ 92.168, 26.669 ], [ 92.157, 26.659 ], [ 92.143, 26.662 ], [ 92.132, 26.653 ], [ 92.118, 26.656 ], [ 92.108, 26.647 ], [ 92.093, 26.65 ], [ 92.083, 26.64 ], [ 92.069, 26.643 ], [ 92.058, 26.634 ], [ 92.062, 26.622 ], [ 92.052, 26.612 ], [ 92.037, 26.615 ], [ 92.027, 26.606 ], [ 92.031, 26.594 ], [ 92.02, 26.585 ], [ 92.006, 26.588 ], [ 91.996, 26.578 ], [ 92.0, 26.566 ], [ 92.014, 26.563 ], [ 92.018, 26.551 ], [ 92.032, 26.548 ], [ 92.043, 26.557 ], [ 92.057, 26.554 ], [ 92.068, 26.564 ], [ 92.064, 26.576 ], [ 92.074, 26.585 ], [ 92.088, 26.582 ], [ 92.092, 26.57 ], [ 92.107, 26.567 ], [ 92.111, 26.555 ], [ 92.1, 26.546 ], [ 92.086, 26.548 ], [ 92.076, 26.539 ], [ 92.079, 26.527 ], [ 92.069, 26.518 ], [ 92.073, 26.505 ], [ 92.063, 26.496 ], [ 92.067, 26.484 ], [ 92.056, 26.475 ], [ 92.042, 26.478 ], [ 92.038, 26.49 ], [ 92.048, 26.499 ], [ 92.044, 26.511 ], [ 92.03, 26.514 ], [ 92.026, 26.526 ], [ 92.012, 26.529 ], [ 92.008, 26.542 ], [ 91.993, 26.545 ], [ 91.989, 26.557 ], [ 91.975, 26.56 ], [ 91.965, 26.55 ], [ 91.95, 26.553 ], [ 91.94, 26.544 ], [ 91.925, 26.547 ], [ 91.921, 26.559 ], [ 91.907, 26.562 ], [ 91.897, 26.553 ], [ 91.882, 26.556 ], [ 91.872, 26.546 ], [ 91.858, 26.549 ], [ 91.854, 26.561 ], [ 91.839, 26.564 ], [ 91.829, 26.555 ], [ 91.814, 26.558 ] ] ] ] } },
{ "type": "Feature", "properties": { "POLYGON.ID": 192.0, "subregion": "India--Assam--Sonitpur--Plains", "POLYGON": "India--Assam--Sonitpur--Plains", "SHOW": "1", "FILTER": "Not-Assigned", "FILTER.ID": null, "OLD.POLYGON": null, "STATE": "Assam", "COUNTY": "Sonitpur", "OWNER": null }, "geometry": { "type": "MultiPolygon", "coordinates": [ [ [ [ 93.055, 26.872 ], [ 93.051, 26.885 ], [ 93.061, 26.894 ], [ 93.058, 26.906 ], [ 93.043, 26.909 ], [ 93.039, 26.921 ], [ 93.025, 26.924 ], [ 93.014, 26.915 ], [ 93.0, 26.918 ], [ 92.989, 26.909 ], [ 92.975, 26.912 ], [ 92.965, 26.903 ], [ 92.95, 26.906 ], [ 92.94, 26.896 ], [ 92.925, 26.899 ], [ 92.915, 26.89 ], [ 92.919, 26.878 ], [ 92.908, 26.869 ], [ 92.894, 26.872 ], [ 92.883, 26.863 ], [ 92.887, 26.85 ], [ 92.877, 26.841 ], [ 92.881, 26.829 ], [ 92.895, 26.826 ], [ 92.899, 26.814 ], [ 92.889, 26.805 ], [ 92.893, 26.792 ], [ 92.907, 26.789 ], [ 92.911, 26.777 ], [ 92.901, 26.768 ], [ 92.905, 26.756 ], [ 92.894, 26.746 ], [ 92.898, 26.734 ], [ 92.888, 26.725 ], [ 92.892, 26.713 ], [ 92.881, 26.704 ], [ 92.885, 26.691 ], [ 92.899, 26.688 ], [ 92.903, 26.676 ], [ 92.918, 26.673 ], [ 92.928, 26.682 ], [ 92.943, 26.679 ], [ 92.953, 26.689 ], [ 92.967, 26.686 ], [ 92.978, 26.695 ], [ 92.992, 26.692 ], [ 93.003, 26.701 ], [ 93.017, 26.698 ], [ 93.028, 26.707 ], [ 93.042, 26.704 ], [ 93.052, 26.713 ], [ 93.067, 26.71 ], [ 93.077, 26.72 ], [ 93.073, 26.732 ], [ 93.084, 26.741 ], [ 93.08, 26.753 ], [ 93.066, 26.756 ], [ 93.062, 26.768 ], [ 93.072, 26.778 ], [ 93.068, 26.79 ], [ 93.054, 26.793 ], [ 93.05, 26.805 ], [ 93.06, 26.814 ], [ 93.056, 26.827 ], [ 93.042, 26.83 ], [ 93.038, 26.842 ], [ 93.048, 26.851 ], [ 93.044, 26.863 ], [ 93.055, 26.872 ] ] ], [ [ [ 92.522, 26.858 ], [ 92.518, 26.87 ], [ 92.504, 26.873 ], [ 92.494, 26.864 ], [ 92.479, 26.867 ], [ 92.475, 26.879 ], [ 92.461, 26.882 ], [ 92.457, 26.894 ], [ 92.443, 26.897 ], [ 92.439, 26.909 ], [ 92.424, 26.912 ], [ 92.42, 26.924 ], [ 92.406, 26.927 ], [ 92.395, 26.918 ], [ 92.381, 26.921 ], [ 92.371, 26.912 ], [ 92.356, 26.915 ], [ 92.346, 26.905 ], [ 92.35, 26.893 ], [ 92.339, 26.884 ], [ 92.343, 26.872 ], [ 92.333, 26.863 ], [ 92.337, 26.85 ], [ 92.326, 26.841 ], [ 92.33, 26.829 ], [ 92.32, 26.82 ], [ 92.324, 26.807 ], [ 92.338, 26.805 ], [ 92.342, 26.792 ], [ 92.332, 26.783 ], [ 92.336, 26.771 ], [ 92.325, 26.762 ], [ 92.329, 26.749 ], [ 92.319, 26.74 ], [ 92.323, 26.728 ], [ 92.337, 26.725 ], [ 92.341, 26.713 ], [ 92.331, 26.704 ], [ 92.335, 26.691 ], [ 92.324, 26.682 ], [ 92.328, 26.67 ], [ 92.343, 26.667 ], [ 92.353, 26.676 ], [ 92.349, 26.688 ], [ 92.36, 26.698 ], [ 92.374, 26.695 ], [ 92.378, 26.683 ], [ 92.367, 26.673 ], [ 92.371, 26.661 ], [ 92.361, 26.652 ], [ 92.365, 26.64 ], [ 92.379, 26.637 ], [ 92.39, 26.646 ], [ 92.404, 26.643 ], [ 92.408, 26.631 ], [ 92.422, 26.628 ], [ 92.426, 26.616 ], [ 92.441, 26.613 ], [ 92.451, 26.622 ], [ 92.466, 26.619 ], [ 92.476, 26.628 ], [ 92.49, 26.625 ], [ 92.501, 26.634 ], [ 92.515, 26.631 ], [ 92.526, 26.641 ], [ 92.54, 26.638 ], [ 92.55, 26.647 ], [ 92.565, 26.644 ], [ 92.575, 26.653 ], [ 92.59, 26.65 ], [ 92.594, 26.638 ], [ 92.608, 26.635 ], [ 92.618, 26.644 ], [ 92.633, 26.641 ], [ 92.643, 26.65 ], [ 92.658, 26.648 ], [ 92.668, 26.657 ], [ 92.682, 26.654 ], [ 92.693, 26.663 ], [ 92.707, 26.66 ], [ 92.711, 26.648 ], [ 92.726, 26.645 ], [ 92.736, 26.654 ], [ 92.75, 26.651 ], [ 92.761, 26.66 ], [ 92.775, 26.657 ], [ 92.779, 26.645 ], [ 92.794, 26.642 ], [ 92.804, 26.651 ], [ 92.818, 26.648 ], [ 92.829, 26.657 ], [ 92.843, 26.654 ], [ 92.854, 26.664 ], [ 92.85, 26.676 ], [ 92.835, 26.679 ], [ 92.831, 26.691 ], [ 92.842, 26.7 ], [ 92.838, 26.713 ], [ 92.848, 26.722 ], [ 92.844, 26.734 ], [ 92.855, 26.743 ], [ 92.851, 26.756 ], [ 92.861, 26.765 ], [ 92.857, 26.777 ], [ 92.868, 26.786 ], [ 92.864, 26.798 ], [ 92.85, 26.801 ], [ 92.846, 26.814 ], [ 92.856, 26.823 ], [ 92.852, 26.835 ], [ 92.863, 26.844 ], [ 92.859, 26.856 ], [ 92.844, 26.859 ], [ 92.84, 26.872 ], [ 92.826, 26.875 ], [ 92.822, 26.887 ], [ 92.832, 26.896 ], [ 92.828, 26.908 ], [ 92.814, 26.911 ], [ 92.81, 26.923 ], [ 92.796, 26.926 ], [ 92.785, 26.917 ], [ 92.771, 26.92 ], [ 92.76, 26.911 ], [ 92.746, 26.914 ], [ 92.742, 26.926 ], [ 92.728, 26.929 ], [ 92.717, 26.92 ], [ 92.703, 26.923 ], [ 92.699, 26.935 ], [ 92.684, 26.938 ], [ 92.68, 26.95 ], [ 92.666, 26.953 ], [ 92.662, 26.965 ], [ 92.648, 26.968 ], [ 92.637, 26.959 ], [ 92.623, 26.962 ], [ 92.612, 26.953 ], [ 92.598, 26.956 ], [ 92.588, 26.947 ], [ 92.592, 26.935 ], [ 92.581, 26.925 ], [ 92.585, 26.913 ], [ 92.599, 26.91 ], [ 92.603, 26.898 ], [ 92.618, 26.895 ], [ 92.622, 26.883 ], [ 92.611, 26.874 ], [ 92.615, 26.861 ], [ 92.605, 26.852 ], [ 92.59, 26.855 ], [ 92.586, 26.867 ], [ 92.572, 26.87 ], [ 92.562, 26.861 ], [ 92.547, 26.864 ], [ 92.537, 26.855 ], [ 92.522, 26.858 ] ] ] ] } },
{ "type": "Feature", "properties": { "POLYGON.ID": 193.0, "subregion": "India--Assam--Golaghat--Plains", "POLYGON": "India--Assam--Golaghat--Plains", "SHOW": "1", "FILTER": "Not-Assigned", "FILTER.ID": null, "OLD.POLYGON": null, "STATE": "Assam", "COUNTY": "Golaghat", "OWNER": null }, "geometry": { "type": "MultiPolygon", "coordinates": [ [ [ [ 94.109, 26.556 ], [ 94.105, 26.568 ], [ 94.091, 26.571 ], [ 94.087, 26.583 ], [ 94.072, 26.587 ], [ 94.068, 26.599 ], [ 94.079, 26.608 ], [ 94.075, 26.62 ], [ 94.085, 26.629 ], [ 94.082, 26.642 ], [ 94.092, 26.651 ], [ 94.088, 26.663 ], [ 94.074, 26.666 ], [ 94.063, 26.657 ], [ 94.049, 26.66 ], [ 94.045, 26.673 ], [ 94.055, 26.682 ], [ 94.052, 26.694 ], [ 94.037, 26.697 ], [ 94.033, 26.709 ], [ 94.044, 26.719 ], [ 94.04, 26.731 ], [ 94.025, 26.734 ], [ 94.021, 26.746 ], [ 94.007, 26.749 ], [ 94.003, 26.762 ], [ 93.989, 26.765 ], [ 93.985, 26.777 ], [ 93.97, 26.78 ], [ 93.96, 26.771 ], [ 93.946, 26.774 ], [ 93.935, 26.765 ], [ 93.939, 26.753 ], [ 93.928, 26.743 ], [ 93.914, 26.747 ], [ 93.91, 26.759 ], [ 93.896, 26.762 ], [ 93.885, 26.753 ], [ 93.871, 26.756 ], [ 93.86, 26.747 ], [ 93.864, 26.734 ], [ 93.854, 26.725 ], [ 93.839, 26.728 ], [ 93.829, 26.719 ], [ 93.814, 26.722 ], [ 93.804, 26.713 ], [ 93.79, 26.716 ], [ 93.779, 26.707 ], [ 93.765, 26.71 ], [ 93.754, 26.701 ], [ 93.74, 26.704 ], [ 93.729, 26.695 ], [ 93.715, 26.698 ], [ 93.704, 26.689 ], [ 93.69, 26.692 ], [ 93.679, 26.683 ], [ 93.665, 26.686 ], [ 93.655, 26.677 ], [ 93.64, 26.68 ], [ 93.63, 26.671 ], [ 93.615, 26.674 ], [ 93.611, 26.686 ], [ 93.597, 26.689 ], [ 93.587, 26.68 ], [ 93.59, 26.668 ], [ 93.58, 26.659 ], [ 93.584, 26.646 ], [ 93.598, 26.643 ], [ 93.602, 26.631 ], [ 93.617, 26.628 ], [ 93.62, 26.616 ], [ 93.635, 26.612 ], [ 93.639, 26.6 ], [ 93.653, 26.597 ], [ 93.664, 26.606 ], [ 93.678, 26.603 ], [ 93.689, 26.612 ], [ 93.703, 26.609 ], [ 93.713, 26.618 ], [ 93.728, 26.615 ], [ 93.732, 26.603 ], [ 93.746, 26.6 ], [ 93.75, 26.588 ], [ 93.74, 26.579 ], [ 93.743, 26.566 ], [ 93.733, 26.557 ], [ 93.737, 26.545 ], [ 93.751, 26.542 ], [ 93.755, 26.529 ], [ 93.745, 26.52 ], [ 93.749, 26.508 ], [ 93.763, 26.505 ], [ 93.767, 26.493 ], [ 93.781, 26.489 ], [ 93.785, 26.477 ], [ 93.8, 26.474 ], [ 93.81, 26.483 ], [ 93.825, 26.48 ], [ 93.828, 26.468 ], [ 93.818, 26.459 ], [ 93.822, 26.446 ], [ 93.836, 26.443 ], [ 93.84, 26.431 ], [ 93.855, 26.428 ], [ 93.865, 26.437 ], [ 93.879, 26.434 ], [ 93.89, 26.443 ], [ 93.904, 26.44 ], [ 93.915, 26.449 ], [ 93.911, 26.461 ], [ 93.921, 26.471 ], [ 93.936, 26.467 ], [ 93.946, 26.477 ], [ 93.961, 26.474 ], [ 93.965, 26.461 ], [ 93.954, 26.452 ], [ 93.958, 26.44 ], [ 93.947, 26.431 ], [ 93.951, 26.418 ], [ 93.941, 26.409 ], [ 93.926, 26.412 ], [ 93.916, 26.403 ], [ 93.902, 26.406 ], [ 93.891, 26.397 ], [ 93.895, 26.385 ], [ 93.885, 26.375 ], [ 93.888, 26.363 ], [ 93.878, 26.354 ], [ 93.882, 26.342 ], [ 93.871, 26.333 ], [ 93.875, 26.32 ], [ 93.865, 26.311 ], [ 93.869, 26.299 ], [ 93.883, 26.296 ], [ 93.887, 26.283 ], [ 93.877, 26.274 ], [ 93.862, 26.277 ], [ 93.852, 26.268 ], [ 93.856, 26.256 ], [ 93.845, 26.246 ], [ 93.849, 26.234 ], [ 93.839, 26.225 ], [ 93.842, 26.213 ], [ 93.832, 26.203 ], [ 93.818, 26.207 ], [ 93.807, 26.197 ], [ 93.811, 26.185 ], [ 93.801, 26.176 ], [ 93.786, 26.179 ], [ 93.776, 26.17 ], [ 93.78, 26.157 ], [ 93.769, 26.148 ], [ 93.773, 26.136 ], [ 93.763, 26.127 ], [ 93.766, 26.114 ], [ 93.756, 26.105 ], [ 93.76, 26.093 ], [ 93.749, 26.084 ], [ 93.753, 26.071 ], [ 93.743, 26.062 ], [ 93.747, 26.05 ], [ 93.736, 26.04 ], [ 93.74, 26.028 ], [ 93.73, 26.019 ], [ 93.734, 26.006 ], [ 93.723, 25.997 ], [ 93.727, 25.985 ], [ 93.717, 25.976 ], [ 93.72, 25.963 ], [ 93.735, 25.96 ], [ 93.745, 25.969 ], [ 93.76, 25.966 ], [ 93.77, 25.976 ], [ 93.785, 25.972 ], [ 93.788, 25.96 ], [ 93.803, 25.957 ], [ 93.807, 25.945 ], [ 93.821, 25.941 ], [ 93.825, 25.929 ], [ 93.814, 25.92 ], [ 93.818, 25.907 ], [ 93.833, 25.904 ], [ 93.837, 25.892 ], [ 93.851, 25.889 ], [ 93.855, 25.876 ], [ 93.844, 25.867 ], [ 93.848, 25.855 ], [ 93.863, 25.852 ], [ 93.873, 25.861 ], [ 93.888, 25.858 ], [ 93.898, 25.867 ], [ 93.912, 25.864 ], [ 93.923, 25.873 ], [ 93.919, 25.885 ], [ 93.929, 25.895 ], [ 93.944, 25.892 ], [ 93.954, 25.901 ], [ 93.969, 25.898 ], [ 93.979, 25.907 ], [ 93.975, 25.919 ], [ 93.986, 25.928 ], [ 93.982, 25.941 ], [ 93.967, 25.944 ], [ 93.963, 25.956 ], [ 93.949, 25.959 ], [ 93.945, 25.972 ], [ 93.956, 25.981 ], [ 93.952, 25.993 ], [ 93.962, 26.003 ], [ 93.958, 26.015 ], [ 93.969, 26.024 ], [ 93.965, 26.037 ], [ 93.975, 26.046 ], [ 93.972, 26.058 ], [ 93.982, 26.067 ], [ 93.978, 26.08 ], [ 93.989, 26.089 ], [ 93.985, 26.101 ], [ 93.995, 26.11 ], [ 93.991, 26.123 ], [ 94.002, 26.132 ], [ 93.998, 26.144 ], [ 94.008, 26.153 ], [ 94.004, 26.166 ], [ 94.015, 26.175 ], [ 94.011, 26.187 ], [ 94.022, 26.197 ], [ 94.018, 26.209 ], [ 94.028, 26.218 ], [ 94.024, 26.23 ], [ 94.035, 26.24 ], [ 94.049, 26.236 ], [ 94.06, 26.246 ], [ 94.056, 26.258 ], [ 94.066, 26.267 ], [ 94.062, 26.279 ], [ 94.073, 26.289 ], [ 94.087, 26.285 ], [ 94.098, 26.295 ], [ 94.094, 26.307 ], [ 94.104, 26.316 ], [ 94.119, 26.313 ], [ 94.129, 26.322 ], [ 94.144, 26.319 ], [ 94.154, 26.328 ], [ 94.15, 26.34 ], [ 94.136, 26.344 ], [ 94.132, 26.356 ], [ 94.117, 26.359 ], [ 94.114, 26.371 ], [ 94.124, 26.381 ], [ 94.12, 26.393 ], [ 94.106, 26.396 ], [ 94.102, 26.408 ], [ 94.112, 26.418 ], [ 94.108, 26.43 ], [ 94.119, 26.439 ], [ 94.115, 26.451 ], [ 94.101, 26.454 ], [ 94.097, 26.467 ], [ 94.107, 26.476 ], [ 94.103, 26.488 ], [ 94.114, 26.497 ], [ 94.11, 26.51 ], [ 94.12, 26.519 ], [ 94.117, 26.531 ], [ 94.102, 26.534 ], [ 94.098, 26.547 ], [ 94.109, 26.556 ] ] ] ] } },
{ "type": "Feature", "properties": { "POLYGON.ID": 194.0, "subregion": "India--Assam--Cachar--Plains", "POLYGON": "India--Assam--Cachar--Plains", "SHOW": "1", "FILTER": "Not-Assigned", "FILTER.ID": null, "OLD.POLYGON": null, "STATE": "Assam", "COUNTY": "Cachar", "OWNER": null }, "geometry": { "type": "MultiPolygon", "coordinates": [ [ [ [ 92.406, 25.01 ], [ 92.395, 25.001 ], [ 92.399, 24.988 ], [ 92.414, 24.985 ], [ 92.417, 24.973 ], [ 92.407, 24.963 ], [ 92.411, 24.951 ], [ 92.425, 24.948 ], [ 92.429, 24.936 ], [ 92.444, 24.933 ], [ 92.448, 24.92 ], [ 92.462, 24.917 ], [ 92.466, 24.905 ], [ 92.48, 24.902 ], [ 92.484, 24.889 ], [ 92.498, 24.886 ], [ 92.502, 24.874 ], [ 92.517, 24.871 ], [ 92.52, 24.858 ], [ 92.535, 24.855 ], [ 92.545, 24.864 ], [ 92.559, 24.861 ], [ 92.57, 24.871 ], [ 92.584, 24.868 ], [ 92.594, 24.877 ], [ 92.609, 24.874 ], [ 92.613, 24.862 ], [ 92.627, 24.859 ], [ 92.631, 24.846 ], [ 92.645, 24.843 ], [ 92.649, 24.831 ], [ 92.639, 24.821 ], [ 92.643, 24.809 ], [ 92.657, 24.806 ], [ 92.667, 24.815 ], [ 92.682, 24.812 ], [ 92.692, 24.821 ], [ 92.706, 24.818 ], [ 92.717, 24.828 ], [ 92.731, 24.825 ], [ 92.735, 24.812 ], [ 92.749, 24.809 ], [ 92.753, 24.797 ], [ 92.767, 24.794 ], [ 92.771, 24.781 ], [ 92.786, 24.778 ], [ 92.79, 24.766 ], [ 92.779, 24.756 ], [ 92.783, 24.744 ], [ 92.773, 24.734 ], [ 92.777, 24.722 ], [ 92.791, 24.719 ], [ 92.795, 24.706 ], [ 92.809, 24.703 ], [ 92.813, 24.691 ], [ 92.827, 24.688 ], [ 92.831, 24.675 ], [ 92.846, 24.672 ], [ 92.849, 24.66 ], [ 92.864, 24.656 ], [ 92.868, 24.644 ], [ 92.882, 24.641 ], [ 92.886, 24.628 ], [ 92.9, 24.625 ], [ 92.904, 24.613 ], [ 92.918, 24.61 ], [ 92.929, 24.619 ], [ 92.943, 24.616 ], [ 92.947, 24.604 ], [ 92.961, 24.6 ], [ 92.965, 24.588 ], [ 92.979, 24.585 ], [ 92.99, 24.594 ], [ 92.986, 24.607 ], [ 92.972, 24.61 ], [ 92.968, 24.622 ], [ 92.978, 24.632 ], [ 92.974, 24.644 ], [ 92.96, 24.647 ], [ 92.956, 24.66 ], [ 92.966, 24.669 ], [ 92.962, 24.682 ], [ 92.973, 24.691 ], [ 92.969, 24.703 ], [ 92.979, 24.713 ], [ 92.975, 24.725 ], [ 92.986, 24.735 ], [ 92.982, 24.747 ], [ 92.992, 24.757 ], [ 93.007, 24.753 ], [ 93.017, 24.763 ], [ 93.013, 24.775 ], [ 93.023, 24.785 ], [ 93.019, 24.797 ], [ 93.03, 24.807 ], [ 93.026, 24.819 ], [ 93.036, 24.828 ], [ 93.032, 24.841 ], [ 93.018, 24.844 ], [ 93.014, 24.856 ], [ 93.025, 24.866 ], [ 93.021, 24.878 ], [ 93.006, 24.881 ], [ 93.002, 24.894 ], [ 92.988, 24.897 ], [ 92.984, 24.909 ], [ 92.995, 24.919 ], [ 92.991, 24.931 ], [ 92.976, 24.934 ], [ 92.972, 24.947 ], [ 92.958, 24.95 ], [ 92.954, 24.962 ], [ 92.94, 24.965 ], [ 92.93, 24.956 ], [ 92.915, 24.959 ], [ 92.905, 24.95 ], [ 92.891, 24.953 ], [ 92.887, 24.965 ], [ 92.872, 24.968 ], [ 92.862, 24.959 ], [ 92.848, 24.962 ], [ 92.837, 24.953 ], [ 92.823, 24.956 ], [ 92.813, 24.946 ], [ 92.798, 24.949 ], [ 92.788, 24.94 ], [ 92.774, 24.943 ], [ 92.763, 24.934 ], [ 92.749, 24.937 ], [ 92.745, 24.949 ], [ 92.731, 24.952 ], [ 92.72, 24.943 ], [ 92.706, 24.946 ], [ 92.696, 24.937 ], [ 92.681, 24.94 ], [ 92.677, 24.952 ], [ 92.663, 24.955 ], [ 92.653, 24.946 ], [ 92.638, 24.949 ], [ 92.634, 24.961 ], [ 92.62, 24.964 ], [ 92.61, 24.955 ], [ 92.596, 24.958 ], [ 92.592, 24.971 ], [ 92.577, 24.974 ], [ 92.567, 24.964 ], [ 92.553, 24.967 ], [ 92.549, 24.98 ], [ 92.534, 24.983 ], [ 92.53, 24.995 ], [ 92.516, 24.998 ], [ 92.506, 24.989 ], [ 92.491, 24.992 ], [ 92.481, 24.983 ], [ 92.467, 24.986 ], [ 92.463, 24.998 ], [ 92.449, 25.001 ], [ 92.445, 25.013 ], [ 92.43, 25.016 ], [ 92.426, 25.029 ], [ 92.412, 25.032 ], [ 92.402, 25.023 ], [ 92.406, 25.01 ] ] ], [ [ [ 92.889, 24.406 ], [ 92.878, 24.397 ], [ 92.882, 24.384 ], [ 92.897, 24.381 ], [ 92.907, 24.391 ], [ 92.903, 24.403 ], [ 92.889, 24.406 ] ] ] ] } },
{ "type": "Feature", "properties": { "POLYGON.ID": 195.0, "subregion": "India--Assam--Karimganj--Plains", "POLYGON": "India--Assam--Karimganj--Plains", "SHOW": "1", "FILTER": "Not-Assigned", "FILTER.ID": null, "OLD.POLYGON": null, "STATE": "Assam", "COUNTY": "Karimganj", "OWNER": null }, "geometry": { "type": "MultiPolygon", "coordinates": [ [ [ [ 92.395, 24.455 ], [ 92.398, 24.442 ], [ 92.388, 24.433 ], [ 92.392, 24.42 ], [ 92.382, 24.411 ], [ 92.386, 24.398 ], [ 92.4, 24.395 ], [ 92.404, 24.383 ], [ 92.394, 24.373 ], [ 92.397, 24.361 ], [ 92.387, 24.352 ], [ 92.391, 24.339 ], [ 92.381, 24.33 ], [ 92.385, 24.317 ], [ 92.374, 24.308 ], [ 92.378, 24.295 ], [ 92.368, 24.286 ], [ 92.372, 24.273 ], [ 92.361, 24.264 ], [ 92.365, 24.251 ], [ 92.38, 24.248 ], [ 92.39, 24.258 ], [ 92.386, 24.27 ], [ 92.396, 24.28 ], [ 92.392, 24.292 ], [ 92.403, 24.302 ], [ 92.399, 24.314 ], [ 92.409, 24.323 ], [ 92.405, 24.336 ], [ 92.416, 24.345 ], [ 92.43, 24.342 ], [ 92.44, 24.352 ], [ 92.436, 24.364 ], [ 92.447, 24.374 ], [ 92.443, 24.386 ], [ 92.453, 24.396 ], [ 92.449, 24.408 ], [ 92.459, 24.418 ], [ 92.456, 24.43 ], [ 92.466, 24.44 ], [ 92.462, 24.452 ], [ 92.448, 24.455 ], [ 92.444, 24.468 ], [ 92.454, 24.477 ], [ 92.45, 24.489 ], [ 92.436, 24.493 ], [ 92.432, 24.505 ], [ 92.442, 24.514 ], [ 92.438, 24.527 ], [ 92.449, 24.536 ], [ 92.445, 24.549 ], [ 92.455, 24.558 ], [ 92.451, 24.571 ], [ 92.462, 24.58 ], [ 92.458, 24.593 ], [ 92.468, 24.602 ], [ 92.464, 24.615 ], [ 92.474, 24.624 ], [ 92.47, 24.636 ], [ 92.456, 24.639 ], [ 92.452, 24.652 ], [ 92.463, 24.661 ], [ 92.459, 24.674 ], [ 92.469, 24.683 ], [ 92.465, 24.696 ], [ 92.475, 24.705 ], [ 92.472, 24.718 ], [ 92.482, 24.727 ], [ 92.478, 24.739 ], [ 92.488, 24.749 ], [ 92.484, 24.761 ], [ 92.47, 24.764 ], [ 92.46, 24.755 ], [ 92.464, 24.743 ], [ 92.453, 24.733 ], [ 92.457, 24.721 ], [ 92.447, 24.711 ], [ 92.433, 24.714 ], [ 92.422, 24.705 ], [ 92.426, 24.692 ], [ 92.416, 24.683 ], [ 92.42, 24.671 ], [ 92.409, 24.661 ], [ 92.413, 24.649 ], [ 92.403, 24.639 ], [ 92.407, 24.627 ], [ 92.397, 24.617 ], [ 92.401, 24.605 ], [ 92.39, 24.595 ], [ 92.394, 24.583 ], [ 92.384, 24.574 ], [ 92.388, 24.561 ], [ 92.377, 24.552 ], [ 92.381, 24.539 ], [ 92.371, 24.53 ], [ 92.375, 24.517 ], [ 92.389, 24.514 ], [ 92.393, 24.502 ], [ 92.383, 24.492 ], [ 92.387, 24.48 ], [ 92.401, 24.477 ], [ 92.405, 24.464 ], [ 92.395, 24.455 ] ] ], [ [ [ 92.301, 24.288 ], [ 92.311, 24.298 ], [ 92.307, 24.31 ], [ 92.317, 24.32 ], [ 92.313, 24.332 ], [ 92.324, 24.342 ], [ 92.32, 24.354 ], [ 92.33, 24.364 ], [ 92.326, 24.376 ], [ 92.312, 24.379 ], [ 92.308, 24.392 ], [ 92.318, 24.401 ], [ 92.314, 24.414 ], [ 92.325, 24.423 ], [ 92.321, 24.436 ], [ 92.331, 24.445 ], [ 92.327, 24.458 ], [ 92.337, 24.467 ], [ 92.334, 24.48 ], [ 92.344, 24.489 ], [ 92.34, 24.501 ], [ 92.35, 24.511 ], [ 92.346, 24.523 ], [ 92.357, 24.533 ], [ 92.353, 24.545 ], [ 92.363, 24.555 ], [ 92.359, 24.567 ], [ 92.369, 24.577 ], [ 92.366, 24.589 ], [ 92.351, 24.592 ], [ 92.347, 24.605 ], [ 92.358, 24.614 ], [ 92.354, 24.626 ], [ 92.364, 24.636 ], [ 92.36, 24.648 ], [ 92.371, 24.658 ], [ 92.367, 24.67 ], [ 92.377, 24.68 ], [ 92.373, 24.692 ], [ 92.383, 24.702 ], [ 92.379, 24.714 ], [ 92.39, 24.723 ], [ 92.386, 24.736 ], [ 92.396, 24.745 ], [ 92.392, 24.758 ], [ 92.403, 24.767 ], [ 92.417, 24.764 ], [ 92.427, 24.774 ], [ 92.442, 24.77 ], [ 92.452, 24.78 ], [ 92.448, 24.792 ], [ 92.458, 24.802 ], [ 92.454, 24.814 ], [ 92.465, 24.824 ], [ 92.461, 24.836 ], [ 92.471, 24.845 ], [ 92.467, 24.858 ], [ 92.478, 24.867 ], [ 92.474, 24.88 ], [ 92.459, 24.883 ], [ 92.449, 24.873 ], [ 92.435, 24.876 ], [ 92.424, 24.867 ], [ 92.41, 24.87 ], [ 92.4, 24.861 ], [ 92.385, 24.864 ], [ 92.381, 24.876 ], [ 92.367, 24.879 ], [ 92.363, 24.892 ], [ 92.349, 24.895 ], [ 92.345, 24.907 ], [ 92.331, 24.91 ], [ 92.327, 24.923 ], [ 92.312, 24.926 ], [ 92.302, 24.916 ], [ 92.288, 24.919 ], [ 92.277, 24.91 ], [ 92.263, 24.913 ], [ 92.259, 24.925 ], [ 92.245, 24.928 ], [ 92.235, 24.919 ], [ 92.239, 24.906 ], [ 92.228, 24.897 ], [ 92.232, 24.885 ], [ 92.222, 24.875 ], [ 92.226, 24.863 ], [ 92.215, 24.853 ], [ 92.219, 24.841 ], [ 92.234, 24.838 ], [ 92.238, 24.825 ], [ 92.252, 24.822 ], [ 92.262, 24.832 ], [ 92.276, 24.829 ], [ 92.287, 24.838 ], [ 92.283, 24.851 ], [ 92.293, 24.86 ], [ 92.308, 24.857 ], [ 92.311, 24.845 ], [ 92.326, 24.842 ], [ 92.33, 24.829 ], [ 92.344, 24.826 ], [ 92.348, 24.814 ], [ 92.338, 24.804 ], [ 92.342, 24.792 ], [ 92.331, 24.782 ], [ 92.317, 24.785 ], [ 92.307, 24.776 ], [ 92.31, 24.764 ], [ 92.3, 24.754 ], [ 92.304, 24.742 ], [ 92.318, 24.739 ], [ 92.322, 24.726 ], [ 92.312, 24.717 ], [ 92.298, 24.72 ], [ 92.287, 24.71 ], [ 92.291, 24.698 ], [ 92.281, 24.688 ], [ 92.285, 24.676 ], [ 92.274, 24.667 ], [ 92.278, 24.654 ], [ 92.268, 24.645 ], [ 92.272, 24.632 ], [ 92.262, 24.623 ], [ 92.266, 24.61 ], [ 92.28, 24.607 ], [ 92.284, 24.595 ], [ 92.273, 24.585 ], [ 92.277, 24.573 ], [ 92.292, 24.57 ], [ 92.296, 24.557 ], [ 92.31, 24.554 ], [ 92.314, 24.542 ], [ 92.328, 24.539 ], [ 92.332, 24.526 ], [ 92.322, 24.517 ], [ 92.326, 24.504 ], [ 92.315, 24.495 ], [ 92.319, 24.483 ], [ 92.309, 24.473 ], [ 92.313, 24.461 ], [ 92.303, 24.451 ], [ 92.306, 24.439 ], [ 92.296, 24.429 ], [ 92.3, 24.417 ], [ 92.29, 24.407 ], [ 92.294, 24.395 ], [ 92.283, 24.385 ], [ 92.287, 24.373 ], [ 92.277, 24.363 ], [ 92.281, 24.351 ], [ 92.271, 24.342 ], [ 92.274, 24.329 ], [ 92.264, 24.32 ], [ 92.268, 24.307 ], [ 92.282, 24.304 ], [ 92.286, 24.292 ], [ 92.276, 24.282 ], [ 92.28, 24.27 ], [ 92.27, 24.26 ], [ 92.273, 24.248 ], [ 92.288, 24.245 ], [ 92.298, 24.254 ], [ 92.294, 24.267 ], [ 92.304, 24.276 ], [ 92.301, 24.288 ] ] ] ] } },
{ "type": "Feature", "properties": { "POLYGON.ID": 196.0, "subregion": "India--Assam--Dhemaji--Plains", "POLYGON": "India--Assam--Dhemaji--Plains", "SHOW": "1", "FILTER": "Not-Assigned", "FILTER.ID": null, "OLD.POLYGON": null, "STATE": "Assam", "COUNTY": "Dhemaji", "OWNER": null }, "geometry": { "type": "MultiPolygon", "coordinates": [ [ [ [ 94.76, 27.631 ], [ 94.746, 27.634 ], [ 94.735, 27.625 ], [ 94.72, 27.629 ], [ 94.71, 27.62 ], [ 94.714, 27.607 ], [ 94.703, 27.598 ], [ 94.689, 27.602 ], [ 94.678, 27.593 ], [ 94.682, 27.58 ], [ 94.672, 27.571 ], [ 94.675, 27.559 ], [ 94.665, 27.55 ], [ 94.669, 27.538 ], [ 94.658, 27.529 ], [ 94.662, 27.517 ], [ 94.652, 27.508 ], [ 94.655, 27.496 ], [ 94.645, 27.487 ], [ 94.649, 27.474 ], [ 94.638, 27.465 ], [ 94.642, 27.453 ], [ 94.657, 27.45 ], [ 94.66, 27.438 ], [ 94.675, 27.435 ], [ 94.685, 27.444 ], [ 94.7, 27.44 ], [ 94.71, 27.45 ], [ 94.725, 27.446 ], [ 94.735, 27.455 ], [ 94.732, 27.468 ], [ 94.742, 27.477 ], [ 94.738, 27.489 ], [ 94.749, 27.498 ], [ 94.763, 27.495 ], [ 94.774, 27.504 ], [ 94.77, 27.516 ], [ 94.78, 27.525 ], [ 94.795, 27.522 ], [ 94.805, 27.531 ], [ 94.802, 27.543 ], [ 94.812, 27.552 ], [ 94.808, 27.564 ], [ 94.819, 27.573 ], [ 94.833, 27.57 ], [ 94.844, 27.579 ], [ 94.84, 27.591 ], [ 94.851, 27.6 ], [ 94.847, 27.612 ], [ 94.857, 27.621 ], [ 94.853, 27.633 ], [ 94.839, 27.637 ], [ 94.835, 27.649 ], [ 94.846, 27.658 ], [ 94.842, 27.67 ], [ 94.827, 27.673 ], [ 94.817, 27.664 ], [ 94.821, 27.652 ], [ 94.81, 27.643 ], [ 94.814, 27.631 ], [ 94.803, 27.622 ], [ 94.807, 27.61 ], [ 94.797, 27.601 ], [ 94.782, 27.604 ], [ 94.772, 27.595 ], [ 94.757, 27.598 ], [ 94.753, 27.61 ], [ 94.764, 27.619 ], [ 94.76, 27.631 ] ] ], [ [ [ 94.467, 27.412 ], [ 94.457, 27.403 ], [ 94.46, 27.391 ], [ 94.45, 27.382 ], [ 94.435, 27.385 ], [ 94.425, 27.376 ], [ 94.429, 27.364 ], [ 94.418, 27.354 ], [ 94.404, 27.358 ], [ 94.393, 27.349 ], [ 94.397, 27.336 ], [ 94.412, 27.333 ], [ 94.422, 27.342 ], [ 94.437, 27.339 ], [ 94.441, 27.327 ], [ 94.455, 27.324 ], [ 94.465, 27.333 ], [ 94.48, 27.33 ], [ 94.49, 27.339 ], [ 94.505, 27.336 ], [ 94.515, 27.345 ], [ 94.53, 27.341 ], [ 94.54, 27.351 ], [ 94.555, 27.347 ], [ 94.565, 27.356 ], [ 94.562, 27.369 ], [ 94.572, 27.378 ], [ 94.568, 27.39 ], [ 94.554, 27.393 ], [ 94.55, 27.405 ], [ 94.56, 27.414 ], [ 94.575, 27.411 ], [ 94.585, 27.42 ], [ 94.582, 27.432 ], [ 94.592, 27.441 ], [ 94.588, 27.454 ], [ 94.599, 27.463 ], [ 94.595, 27.475 ], [ 94.605, 27.484 ], [ 94.602, 27.496 ], [ 94.612, 27.505 ], [ 94.608, 27.517 ], [ 94.619, 27.526 ], [ 94.615, 27.538 ], [ 94.625, 27.547 ], [ 94.622, 27.56 ], [ 94.632, 27.569 ], [ 94.628, 27.581 ], [ 94.639, 27.59 ], [ 94.653, 27.587 ], [ 94.664, 27.596 ], [ 94.66, 27.608 ], [ 94.67, 27.617 ], [ 94.667, 27.629 ], [ 94.652, 27.632 ], [ 94.642, 27.623 ], [ 94.627, 27.626 ], [ 94.617, 27.617 ], [ 94.602, 27.62 ], [ 94.592, 27.611 ], [ 94.595, 27.599 ], [ 94.585, 27.59 ], [ 94.57, 27.593 ], [ 94.56, 27.584 ], [ 94.545, 27.588 ], [ 94.535, 27.579 ], [ 94.52, 27.582 ], [ 94.51, 27.573 ], [ 94.495, 27.576 ], [ 94.485, 27.567 ], [ 94.489, 27.555 ], [ 94.478, 27.546 ], [ 94.482, 27.533 ], [ 94.496, 27.53 ], [ 94.5, 27.518 ], [ 94.49, 27.509 ], [ 94.494, 27.497 ], [ 94.483, 27.488 ], [ 94.487, 27.476 ], [ 94.477, 27.467 ], [ 94.48, 27.454 ], [ 94.47, 27.445 ], [ 94.474, 27.433 ], [ 94.463, 27.424 ], [ 94.467, 27.412 ] ] ], [ [ [ 94.343, 27.337 ], [ 94.354, 27.346 ], [ 94.368, 27.343 ], [ 94.379, 27.352 ], [ 94.375, 27.364 ], [ 94.385, 27.373 ], [ 94.382, 27.385 ], [ 94.392, 27.394 ], [ 94.407, 27.391 ], [ 94.417, 27.4 ], [ 94.413, 27.412 ], [ 94.424, 27.421 ], [ 94.42, 27.434 ], [ 94.43, 27.443 ], [ 94.427, 27.455 ], [ 94.437, 27.464 ], [ 94.433, 27.476 ], [ 94.444, 27.485 ], [ 94.44, 27.497 ], [ 94.45, 27.506 ], [ 94.446, 27.518 ], [ 94.432, 27.522 ], [ 94.428, 27.534 ], [ 94.439, 27.543 ], [ 94.435, 27.555 ], [ 94.42, 27.558 ], [ 94.41, 27.549 ], [ 94.395, 27.552 ], [ 94.385, 27.543 ], [ 94.37, 27.546 ], [ 94.36, 27.537 ], [ 94.345, 27.54 ], [ 94.335, 27.531 ], [ 94.32, 27.534 ], [ 94.31, 27.525 ], [ 94.314, 27.513 ], [ 94.303, 27.504 ], [ 94.307, 27.492 ], [ 94.297, 27.483 ], [ 94.3, 27.471 ], [ 94.29, 27.462 ], [ 94.294, 27.449 ], [ 94.308, 27.446 ], [ 94.312, 27.434 ], [ 94.302, 27.425 ], [ 94.305, 27.413 ], [ 94.295, 27.404 ], [ 94.299, 27.392 ], [ 94.288, 27.383 ], [ 94.274, 27.386 ], [ 94.27, 27.398 ], [ 94.256, 27.401 ], [ 94.245, 27.392 ], [ 94.249, 27.38 ], [ 94.263, 27.377 ], [ 94.267, 27.365 ], [ 94.282, 27.361 ], [ 94.286, 27.349 ], [ 94.3, 27.346 ], [ 94.304, 27.334 ], [ 94.318, 27.331 ], [ 94.322, 27.319 ], [ 94.337, 27.315 ], [ 94.347, 27.324 ], [ 94.343, 27.337 ] ] ], [ [ [ 95.219, 27.836 ], [ 95.205, 27.839 ], [ 95.194, 27.83 ], [ 95.18, 27.833 ], [ 95.169, 27.824 ], [ 95.155, 27.827 ], [ 95.144, 27.818 ], [ 95.13, 27.821 ], [ 95.119, 27.812 ], [ 95.123, 27.8 ], [ 95.112, 27.791 ], [ 95.116, 27.779 ], [ 95.106, 27.77 ], [ 95.109, 27.758 ], [ 95.099, 27.749 ], [ 95.084, 27.752 ], [ 95.08, 27.764 ], [ 95.066, 27.768 ], [ 95.055, 27.759 ], [ 95.041, 27.762 ], [ 95.03, 27.753 ], [ 95.034, 27.741 ], [ 95.024, 27.732 ], [ 95.028, 27.72 ], [ 95.042, 27.716 ], [ 95.046, 27.704 ], [ 95.06, 27.701 ], [ 95.071, 27.71 ], [ 95.067, 27.722 ], [ 95.078, 27.731 ], [ 95.092, 27.728 ], [ 95.103, 27.737 ], [ 95.117, 27.734 ], [ 95.128, 27.743 ], [ 95.142, 27.74 ], [ 95.153, 27.748 ], [ 95.167, 27.745 ], [ 95.178, 27.754 ], [ 95.192, 27.751 ], [ 95.203, 27.76 ], [ 95.217, 27.757 ], [ 95.228, 27.766 ], [ 95.242, 27.763 ], [ 95.253, 27.772 ], [ 95.249, 27.784 ], [ 95.26, 27.793 ], [ 95.256, 27.805 ], [ 95.266, 27.814 ], [ 95.263, 27.826 ], [ 95.248, 27.829 ], [ 95.244, 27.841 ], [ 95.23, 27.844 ], [ 95.219, 27.836 ] ] ], [ [ [ 94.971, 27.687 ], [ 94.967, 27.699 ], [ 94.952, 27.702 ], [ 94.949, 27.714 ], [ 94.934, 27.718 ], [ 94.93, 27.73 ], [ 94.916, 27.733 ], [ 94.905, 27.724 ], [ 94.891, 27.727 ], [ 94.88, 27.718 ], [ 94.884, 27.706 ], [ 94.898, 27.703 ], [ 94.902, 27.691 ], [ 94.892, 27.682 ], [ 94.896, 27.669 ], [ 94.91, 27.666 ], [ 94.914, 27.654 ], [ 94.928, 27.651 ], [ 94.932, 27.639 ], [ 94.947, 27.636 ], [ 94.957, 27.645 ], [ 94.954, 27.657 ], [ 94.964, 27.666 ], [ 94.979, 27.663 ], [ 94.989, 27.672 ], [ 94.985, 27.684 ], [ 94.971, 27.687 ] ] ] ] } },
{ "type": "Feature", "properties": { "POLYGON.ID": 197.0, "subregion": "India--Assam--Sivasagar--Plains", "POLYGON": "India--Assam--Sivasagar--Plains", "SHOW": "1", "FILTER": "Not-Assigned", "FILTER.ID": null, "OLD.POLYGON": null, "STATE": "Assam", "COUNTY": "Sagar", "OWNER": null }, "geometry": { "type": "MultiPolygon", "coordinates": [ [ [ [ 94.768, 27.141 ], [ 94.754, 27.145 ], [ 94.75, 27.157 ], [ 94.76, 27.166 ], [ 94.775, 27.163 ], [ 94.785, 27.172 ], [ 94.781, 27.184 ], [ 94.767, 27.187 ], [ 94.763, 27.199 ], [ 94.774, 27.208 ], [ 94.77, 27.221 ], [ 94.78, 27.23 ], [ 94.776, 27.242 ], [ 94.762, 27.245 ], [ 94.751, 27.236 ], [ 94.737, 27.239 ], [ 94.733, 27.252 ], [ 94.744, 27.261 ], [ 94.74, 27.273 ], [ 94.725, 27.276 ], [ 94.715, 27.267 ], [ 94.719, 27.255 ], [ 94.708, 27.246 ], [ 94.694, 27.249 ], [ 94.683, 27.24 ], [ 94.687, 27.228 ], [ 94.676, 27.218 ], [ 94.68, 27.206 ], [ 94.67, 27.197 ], [ 94.674, 27.185 ], [ 94.663, 27.176 ], [ 94.649, 27.179 ], [ 94.638, 27.17 ], [ 94.642, 27.158 ], [ 94.632, 27.149 ], [ 94.617, 27.152 ], [ 94.607, 27.143 ], [ 94.61, 27.131 ], [ 94.6, 27.122 ], [ 94.604, 27.109 ], [ 94.593, 27.1 ], [ 94.597, 27.088 ], [ 94.587, 27.079 ], [ 94.59, 27.067 ], [ 94.58, 27.058 ], [ 94.565, 27.061 ], [ 94.555, 27.052 ], [ 94.541, 27.055 ], [ 94.53, 27.046 ], [ 94.534, 27.034 ], [ 94.523, 27.024 ], [ 94.509, 27.028 ], [ 94.498, 27.019 ], [ 94.502, 27.006 ], [ 94.492, 26.997 ], [ 94.477, 27.0 ], [ 94.467, 26.991 ], [ 94.471, 26.979 ], [ 94.46, 26.97 ], [ 94.446, 26.973 ], [ 94.435, 26.964 ], [ 94.439, 26.952 ], [ 94.429, 26.943 ], [ 94.432, 26.93 ], [ 94.447, 26.927 ], [ 94.457, 26.936 ], [ 94.472, 26.933 ], [ 94.476, 26.921 ], [ 94.49, 26.918 ], [ 94.494, 26.906 ], [ 94.483, 26.896 ], [ 94.487, 26.884 ], [ 94.502, 26.881 ], [ 94.506, 26.869 ], [ 94.495, 26.86 ], [ 94.499, 26.847 ], [ 94.488, 26.838 ], [ 94.492, 26.826 ], [ 94.507, 26.823 ], [ 94.511, 26.811 ], [ 94.525, 26.807 ], [ 94.529, 26.795 ], [ 94.518, 26.786 ], [ 94.522, 26.774 ], [ 94.537, 26.771 ], [ 94.541, 26.758 ], [ 94.555, 26.755 ], [ 94.566, 26.764 ], [ 94.562, 26.777 ], [ 94.572, 26.786 ], [ 94.587, 26.782 ], [ 94.597, 26.792 ], [ 94.612, 26.788 ], [ 94.622, 26.797 ], [ 94.636, 26.794 ], [ 94.647, 26.803 ], [ 94.661, 26.8 ], [ 94.665, 26.788 ], [ 94.68, 26.785 ], [ 94.69, 26.794 ], [ 94.705, 26.791 ], [ 94.715, 26.8 ], [ 94.73, 26.797 ], [ 94.74, 26.806 ], [ 94.755, 26.802 ], [ 94.758, 26.79 ], [ 94.773, 26.787 ], [ 94.783, 26.796 ], [ 94.798, 26.793 ], [ 94.808, 26.802 ], [ 94.804, 26.814 ], [ 94.815, 26.823 ], [ 94.811, 26.836 ], [ 94.822, 26.845 ], [ 94.818, 26.857 ], [ 94.828, 26.866 ], [ 94.843, 26.863 ], [ 94.853, 26.872 ], [ 94.849, 26.884 ], [ 94.86, 26.893 ], [ 94.856, 26.905 ], [ 94.842, 26.909 ], [ 94.838, 26.921 ], [ 94.823, 26.924 ], [ 94.813, 26.915 ], [ 94.798, 26.918 ], [ 94.795, 26.931 ], [ 94.78, 26.934 ], [ 94.77, 26.925 ], [ 94.755, 26.928 ], [ 94.751, 26.94 ], [ 94.762, 26.949 ], [ 94.758, 26.961 ], [ 94.769, 26.97 ], [ 94.765, 26.983 ], [ 94.775, 26.992 ], [ 94.79, 26.989 ], [ 94.8, 26.998 ], [ 94.815, 26.994 ], [ 94.825, 27.004 ], [ 94.821, 27.016 ], [ 94.832, 27.025 ], [ 94.828, 27.037 ], [ 94.838, 27.046 ], [ 94.835, 27.058 ], [ 94.82, 27.062 ], [ 94.816, 27.074 ], [ 94.827, 27.083 ], [ 94.823, 27.095 ], [ 94.809, 27.098 ], [ 94.805, 27.111 ], [ 94.79, 27.114 ], [ 94.786, 27.126 ], [ 94.772, 27.129 ], [ 94.768, 27.141 ] ] ] ] } },
{ "type": "Feature", "properties": { "POLYGON.ID": 198.0, "subregion": "India--Assam--Dibrugarh--Plains", "POLYGON": "India--Assam--Dibrugarh--Plains", "SHOW": "1", "FILTER": "Not-Assigned", "FILTER.ID": null, "OLD.POLYGON": null, "STATE": "Assam", "COUNTY": "Dibrugarh", "OWNER": null }, "geometry": { "type": "MultiPolygon", "coordinates": [ [ [ [ 94.737, 27.239 ], [ 94.751, 27.236 ], [ 94.762, 27.245 ], [ 94.776, 27.242 ], [ 94.78, 27.23 ], [ 94.77, 27.221 ], [ 94.774, 27.208 ], [ 94.763, 27.199 ], [ 94.767, 27.187 ], [ 94.781, 27.184 ], [ 94.785, 27.172 ], [ 94.775, 27.163 ], [ 94.76, 27.166 ], [ 94.75, 27.157 ], [ 94.754, 27.145 ], [ 94.768, 27.141 ], [ 94.772, 27.129 ], [ 94.786, 27.126 ], [ 94.79, 27.114 ], [ 94.805, 27.111 ], [ 94.809, 27.098 ], [ 94.823, 27.095 ], [ 94.834, 27.104 ], [ 94.848, 27.101 ], [ 94.858, 27.11 ], [ 94.855, 27.122 ], [ 94.865, 27.131 ], [ 94.861, 27.144 ], [ 94.872, 27.153 ], [ 94.886, 27.149 ], [ 94.897, 27.158 ], [ 94.893, 27.171 ], [ 94.904, 27.18 ], [ 94.918, 27.177 ], [ 94.929, 27.186 ], [ 94.925, 27.198 ], [ 94.935, 27.207 ], [ 94.95, 27.204 ], [ 94.96, 27.213 ], [ 94.975, 27.21 ], [ 94.978, 27.197 ], [ 94.968, 27.188 ], [ 94.972, 27.176 ], [ 94.986, 27.173 ], [ 94.99, 27.161 ], [ 94.98, 27.152 ], [ 94.983, 27.139 ], [ 94.998, 27.136 ], [ 95.008, 27.145 ], [ 95.023, 27.142 ], [ 95.033, 27.151 ], [ 95.048, 27.148 ], [ 95.052, 27.135 ], [ 95.066, 27.132 ], [ 95.077, 27.141 ], [ 95.091, 27.138 ], [ 95.095, 27.126 ], [ 95.109, 27.123 ], [ 95.12, 27.132 ], [ 95.134, 27.128 ], [ 95.145, 27.137 ], [ 95.159, 27.134 ], [ 95.17, 27.143 ], [ 95.184, 27.14 ], [ 95.195, 27.149 ], [ 95.191, 27.161 ], [ 95.202, 27.17 ], [ 95.216, 27.167 ], [ 95.227, 27.176 ], [ 95.241, 27.173 ], [ 95.252, 27.182 ], [ 95.266, 27.179 ], [ 95.277, 27.188 ], [ 95.291, 27.184 ], [ 95.302, 27.193 ], [ 95.316, 27.19 ], [ 95.32, 27.178 ], [ 95.334, 27.175 ], [ 95.345, 27.184 ], [ 95.359, 27.18 ], [ 95.37, 27.189 ], [ 95.366, 27.202 ], [ 95.377, 27.211 ], [ 95.391, 27.207 ], [ 95.402, 27.216 ], [ 95.398, 27.229 ], [ 95.408, 27.238 ], [ 95.405, 27.25 ], [ 95.415, 27.259 ], [ 95.411, 27.271 ], [ 95.422, 27.28 ], [ 95.436, 27.277 ], [ 95.447, 27.286 ], [ 95.443, 27.298 ], [ 95.454, 27.307 ], [ 95.45, 27.319 ], [ 95.46, 27.328 ], [ 95.456, 27.341 ], [ 95.467, 27.35 ], [ 95.463, 27.362 ], [ 95.449, 27.365 ], [ 95.445, 27.377 ], [ 95.43, 27.381 ], [ 95.42, 27.372 ], [ 95.405, 27.375 ], [ 95.402, 27.387 ], [ 95.387, 27.39 ], [ 95.377, 27.381 ], [ 95.362, 27.385 ], [ 95.358, 27.397 ], [ 95.344, 27.4 ], [ 95.333, 27.391 ], [ 95.319, 27.394 ], [ 95.308, 27.385 ], [ 95.294, 27.388 ], [ 95.29, 27.401 ], [ 95.276, 27.404 ], [ 95.272, 27.416 ], [ 95.257, 27.419 ], [ 95.253, 27.432 ], [ 95.239, 27.435 ], [ 95.235, 27.447 ], [ 95.221, 27.45 ], [ 95.217, 27.462 ], [ 95.227, 27.471 ], [ 95.223, 27.484 ], [ 95.234, 27.493 ], [ 95.23, 27.505 ], [ 95.241, 27.514 ], [ 95.255, 27.511 ], [ 95.266, 27.52 ], [ 95.262, 27.532 ], [ 95.272, 27.541 ], [ 95.269, 27.553 ], [ 95.254, 27.556 ], [ 95.244, 27.547 ], [ 95.229, 27.55 ], [ 95.219, 27.541 ], [ 95.204, 27.545 ], [ 95.194, 27.536 ], [ 95.179, 27.539 ], [ 95.168, 27.53 ], [ 95.154, 27.533 ], [ 95.15, 27.545 ], [ 95.136, 27.548 ], [ 95.125, 27.539 ], [ 95.111, 27.543 ], [ 95.1, 27.534 ], [ 95.086, 27.537 ], [ 95.075, 27.528 ], [ 95.061, 27.531 ], [ 95.05, 27.522 ], [ 95.036, 27.525 ], [ 95.025, 27.516 ], [ 95.011, 27.52 ], [ 95.0, 27.511 ], [ 94.986, 27.514 ], [ 94.975, 27.505 ], [ 94.961, 27.508 ], [ 94.95, 27.499 ], [ 94.954, 27.487 ], [ 94.943, 27.478 ], [ 94.929, 27.481 ], [ 94.918, 27.472 ], [ 94.904, 27.475 ], [ 94.893, 27.466 ], [ 94.879, 27.469 ], [ 94.868, 27.46 ], [ 94.872, 27.448 ], [ 94.862, 27.439 ], [ 94.847, 27.442 ], [ 94.837, 27.433 ], [ 94.84, 27.421 ], [ 94.83, 27.412 ], [ 94.834, 27.4 ], [ 94.823, 27.391 ], [ 94.827, 27.379 ], [ 94.816, 27.369 ], [ 94.82, 27.357 ], [ 94.81, 27.348 ], [ 94.814, 27.336 ], [ 94.803, 27.327 ], [ 94.807, 27.315 ], [ 94.796, 27.306 ], [ 94.782, 27.309 ], [ 94.771, 27.3 ], [ 94.775, 27.288 ], [ 94.765, 27.279 ], [ 94.75, 27.282 ], [ 94.74, 27.273 ], [ 94.744, 27.261 ], [ 94.733, 27.252 ], [ 94.737, 27.239 ] ], [ [ 94.878, 27.345 ], [ 94.864, 27.348 ], [ 94.86, 27.36 ], [ 94.87, 27.369 ], [ 94.885, 27.366 ], [ 94.895, 27.375 ], [ 94.91, 27.372 ], [ 94.92, 27.381 ], [ 94.917, 27.393 ], [ 94.927, 27.402 ], [ 94.942, 27.399 ], [ 94.945, 27.386 ], [ 94.96, 27.383 ], [ 94.964, 27.371 ], [ 94.953, 27.362 ], [ 94.939, 27.365 ], [ 94.928, 27.356 ], [ 94.932, 27.344 ], [ 94.921, 27.335 ], [ 94.907, 27.338 ], [ 94.896, 27.329 ], [ 94.882, 27.332 ], [ 94.878, 27.345 ] ] ] ] } },
{ "type": "Feature", "properties": { "POLYGON.ID": 247.0, "subregion": "India--Assam--West Karbi Anglong--Hills", "POLYGON": "India--Assam--West Karbi Anglong--Hills", "SHOW": "1", "FILTER": "Not-Assigned", "FILTER.ID": null, "OLD.POLYGON": null, "STATE": "Assam", "COUNTY": "West Karbi Anglong", "OWNER": null }, "geometry": { "type": "MultiPolygon", "coordinates": [ [ [ [ 92.445, 25.683 ], [ 92.459, 25.68 ], [ 92.463, 25.668 ], [ 92.478, 25.665 ], [ 92.482, 25.653 ], [ 92.496, 25.65 ], [ 92.5, 25.637 ], [ 92.49, 25.628 ], [ 92.494, 25.616 ], [ 92.508, 25.613 ], [ 92.518, 25.622 ], [ 92.533, 25.619 ], [ 92.537, 25.607 ], [ 92.551, 25.604 ], [ 92.555, 25.591 ], [ 92.544, 25.582 ], [ 92.548, 25.569 ], [ 92.563, 25.566 ], [ 92.567, 25.554 ], [ 92.581, 25.551 ], [ 92.591, 25.56 ], [ 92.606, 25.557 ], [ 92.616, 25.567 ], [ 92.63, 25.564 ], [ 92.641, 25.573 ], [ 92.637, 25.585 ], [ 92.647, 25.595 ], [ 92.662, 25.592 ], [ 92.665, 25.579 ], [ 92.68, 25.576 ], [ 92.69, 25.586 ], [ 92.686, 25.598 ], [ 92.697, 25.607 ], [ 92.711, 25.604 ], [ 92.715, 25.592 ], [ 92.729, 25.589 ], [ 92.74, 25.598 ], [ 92.754, 25.595 ], [ 92.764, 25.604 ], [ 92.76, 25.617 ], [ 92.771, 25.626 ], [ 92.767, 25.638 ], [ 92.777, 25.648 ], [ 92.773, 25.66 ], [ 92.784, 25.669 ], [ 92.78, 25.682 ], [ 92.79, 25.691 ], [ 92.805, 25.688 ], [ 92.815, 25.697 ], [ 92.811, 25.71 ], [ 92.822, 25.719 ], [ 92.818, 25.731 ], [ 92.828, 25.741 ], [ 92.842, 25.738 ], [ 92.853, 25.747 ], [ 92.867, 25.744 ], [ 92.878, 25.753 ], [ 92.892, 25.75 ], [ 92.902, 25.759 ], [ 92.917, 25.756 ], [ 92.927, 25.766 ], [ 92.923, 25.778 ], [ 92.934, 25.787 ], [ 92.93, 25.8 ], [ 92.915, 25.803 ], [ 92.911, 25.815 ], [ 92.897, 25.818 ], [ 92.893, 25.831 ], [ 92.879, 25.834 ], [ 92.868, 25.824 ], [ 92.854, 25.827 ], [ 92.844, 25.818 ], [ 92.829, 25.821 ], [ 92.825, 25.833 ], [ 92.811, 25.836 ], [ 92.807, 25.849 ], [ 92.793, 25.852 ], [ 92.789, 25.864 ], [ 92.774, 25.867 ], [ 92.77, 25.879 ], [ 92.756, 25.883 ], [ 92.752, 25.895 ], [ 92.738, 25.898 ], [ 92.734, 25.91 ], [ 92.719, 25.913 ], [ 92.716, 25.926 ], [ 92.701, 25.929 ], [ 92.697, 25.941 ], [ 92.683, 25.944 ], [ 92.679, 25.956 ], [ 92.665, 25.959 ], [ 92.661, 25.972 ], [ 92.646, 25.975 ], [ 92.642, 25.987 ], [ 92.628, 25.99 ], [ 92.618, 25.981 ], [ 92.603, 25.984 ], [ 92.599, 25.996 ], [ 92.61, 26.005 ], [ 92.606, 26.018 ], [ 92.616, 26.027 ], [ 92.612, 26.039 ], [ 92.623, 26.048 ], [ 92.619, 26.061 ], [ 92.604, 26.064 ], [ 92.6, 26.076 ], [ 92.586, 26.079 ], [ 92.582, 26.091 ], [ 92.592, 26.101 ], [ 92.589, 26.113 ], [ 92.574, 26.116 ], [ 92.57, 26.128 ], [ 92.556, 26.131 ], [ 92.545, 26.122 ], [ 92.531, 26.125 ], [ 92.527, 26.137 ], [ 92.513, 26.14 ], [ 92.509, 26.153 ], [ 92.494, 26.156 ], [ 92.484, 26.146 ], [ 92.488, 26.134 ], [ 92.478, 26.125 ], [ 92.463, 26.128 ], [ 92.453, 26.118 ], [ 92.457, 26.106 ], [ 92.446, 26.097 ], [ 92.432, 26.1 ], [ 92.428, 26.112 ], [ 92.414, 26.115 ], [ 92.403, 26.106 ], [ 92.389, 26.109 ], [ 92.379, 26.099 ], [ 92.383, 26.087 ], [ 92.372, 26.078 ], [ 92.358, 26.081 ], [ 92.347, 26.071 ], [ 92.333, 26.074 ], [ 92.329, 26.087 ], [ 92.315, 26.09 ], [ 92.304, 26.08 ], [ 92.29, 26.083 ], [ 92.28, 26.074 ], [ 92.284, 26.062 ], [ 92.273, 26.052 ], [ 92.277, 26.04 ], [ 92.267, 26.031 ], [ 92.252, 26.034 ], [ 92.242, 26.025 ], [ 92.246, 26.012 ], [ 92.236, 26.003 ], [ 92.221, 26.006 ], [ 92.211, 25.997 ], [ 92.196, 26.0 ], [ 92.186, 25.99 ], [ 92.19, 25.978 ], [ 92.18, 25.969 ], [ 92.165, 25.972 ], [ 92.155, 25.962 ], [ 92.159, 25.95 ], [ 92.149, 25.941 ], [ 92.152, 25.928 ], [ 92.167, 25.925 ], [ 92.171, 25.913 ], [ 92.185, 25.91 ], [ 92.196, 25.919 ], [ 92.21, 25.916 ], [ 92.214, 25.904 ], [ 92.203, 25.895 ], [ 92.207, 25.882 ], [ 92.197, 25.873 ], [ 92.183, 25.876 ], [ 92.172, 25.867 ], [ 92.176, 25.854 ], [ 92.166, 25.845 ], [ 92.17, 25.833 ], [ 92.159, 25.823 ], [ 92.163, 25.811 ], [ 92.153, 25.802 ], [ 92.157, 25.79 ], [ 92.147, 25.78 ], [ 92.151, 25.768 ], [ 92.165, 25.765 ], [ 92.169, 25.753 ], [ 92.158, 25.743 ], [ 92.162, 25.731 ], [ 92.152, 25.722 ], [ 92.156, 25.709 ], [ 92.146, 25.7 ], [ 92.15, 25.688 ], [ 92.164, 25.685 ], [ 92.168, 25.672 ], [ 92.182, 25.669 ], [ 92.193, 25.679 ], [ 92.189, 25.691 ], [ 92.199, 25.7 ], [ 92.213, 25.697 ], [ 92.224, 25.707 ], [ 92.238, 25.704 ], [ 92.248, 25.713 ], [ 92.263, 25.71 ], [ 92.273, 25.719 ], [ 92.287, 25.716 ], [ 92.298, 25.726 ], [ 92.312, 25.723 ], [ 92.323, 25.732 ], [ 92.337, 25.729 ], [ 92.347, 25.738 ], [ 92.362, 25.735 ], [ 92.372, 25.745 ], [ 92.386, 25.742 ], [ 92.397, 25.751 ], [ 92.411, 25.748 ], [ 92.415, 25.736 ], [ 92.429, 25.733 ], [ 92.433, 25.72 ], [ 92.448, 25.717 ], [ 92.452, 25.705 ], [ 92.441, 25.696 ], [ 92.445, 25.683 ] ] ] ] } },
{ "type": "Feature", "properties": { "POLYGON.ID": 248.0, "subregion": "India--Assam--Hojai--Plains", "POLYGON": "India--Assam--Hojai--Plains", "SHOW": "1", "FILTER": "Not-Assigned", "FILTER.ID": null, "OLD.POLYGON": null, "STATE": "Assam", "COUNTY": "Hojai", "OWNER": null }, "geometry": { "type": "MultiPolygon", "coordinates": [ [ [ [ 92.746, 26.08 ], [ 92.761, 26.077 ], [ 92.765, 26.064 ], [ 92.754, 26.055 ], [ 92.758, 26.043 ], [ 92.748, 26.034 ], [ 92.752, 26.021 ], [ 92.766, 26.018 ], [ 92.77, 26.006 ], [ 92.76, 25.997 ], [ 92.764, 25.984 ], [ 92.753, 25.975 ], [ 92.757, 25.963 ], [ 92.772, 25.96 ], [ 92.775, 25.947 ], [ 92.79, 25.944 ], [ 92.794, 25.932 ], [ 92.808, 25.929 ], [ 92.812, 25.917 ], [ 92.826, 25.914 ], [ 92.837, 25.923 ], [ 92.851, 25.92 ], [ 92.855, 25.908 ], [ 92.845, 25.898 ], [ 92.849, 25.886 ], [ 92.863, 25.883 ], [ 92.867, 25.871 ], [ 92.881, 25.868 ], [ 92.892, 25.877 ], [ 92.906, 25.874 ], [ 92.91, 25.861 ], [ 92.924, 25.858 ], [ 92.935, 25.868 ], [ 92.949, 25.865 ], [ 92.959, 25.874 ], [ 92.974, 25.871 ], [ 92.984, 25.88 ], [ 92.999, 25.877 ], [ 93.009, 25.886 ], [ 93.023, 25.883 ], [ 93.034, 25.893 ], [ 93.048, 25.89 ], [ 93.059, 25.899 ], [ 93.073, 25.896 ], [ 93.083, 25.905 ], [ 93.098, 25.902 ], [ 93.102, 25.89 ], [ 93.116, 25.887 ], [ 93.126, 25.896 ], [ 93.141, 25.893 ], [ 93.145, 25.88 ], [ 93.159, 25.877 ], [ 93.17, 25.887 ], [ 93.184, 25.884 ], [ 93.188, 25.871 ], [ 93.177, 25.862 ], [ 93.181, 25.85 ], [ 93.196, 25.846 ], [ 93.206, 25.856 ], [ 93.22, 25.853 ], [ 93.231, 25.862 ], [ 93.227, 25.874 ], [ 93.213, 25.877 ], [ 93.209, 25.89 ], [ 93.194, 25.893 ], [ 93.19, 25.905 ], [ 93.176, 25.908 ], [ 93.172, 25.921 ], [ 93.183, 25.93 ], [ 93.179, 25.942 ], [ 93.164, 25.945 ], [ 93.16, 25.958 ], [ 93.171, 25.967 ], [ 93.167, 25.979 ], [ 93.152, 25.982 ], [ 93.149, 25.995 ], [ 93.159, 26.004 ], [ 93.155, 26.016 ], [ 93.141, 26.019 ], [ 93.137, 26.032 ], [ 93.122, 26.035 ], [ 93.118, 26.047 ], [ 93.104, 26.05 ], [ 93.1, 26.062 ], [ 93.111, 26.072 ], [ 93.107, 26.084 ], [ 93.092, 26.087 ], [ 93.082, 26.078 ], [ 93.068, 26.081 ], [ 93.064, 26.093 ], [ 93.049, 26.096 ], [ 93.045, 26.108 ], [ 93.031, 26.111 ], [ 93.021, 26.102 ], [ 93.006, 26.105 ], [ 93.002, 26.118 ], [ 92.988, 26.121 ], [ 92.984, 26.133 ], [ 92.97, 26.136 ], [ 92.959, 26.127 ], [ 92.945, 26.13 ], [ 92.941, 26.142 ], [ 92.926, 26.145 ], [ 92.916, 26.136 ], [ 92.902, 26.139 ], [ 92.891, 26.13 ], [ 92.895, 26.117 ], [ 92.885, 26.108 ], [ 92.87, 26.111 ], [ 92.866, 26.123 ], [ 92.852, 26.126 ], [ 92.842, 26.117 ], [ 92.827, 26.12 ], [ 92.823, 26.132 ], [ 92.809, 26.135 ], [ 92.799, 26.126 ], [ 92.784, 26.129 ], [ 92.78, 26.142 ], [ 92.766, 26.145 ], [ 92.755, 26.135 ], [ 92.741, 26.138 ], [ 92.737, 26.151 ], [ 92.723, 26.154 ], [ 92.712, 26.144 ], [ 92.716, 26.132 ], [ 92.731, 26.129 ], [ 92.735, 26.117 ], [ 92.724, 26.107 ], [ 92.728, 26.095 ], [ 92.743, 26.092 ], [ 92.746, 26.08 ] ] ] ] } },
{ "type": "Feature", "properties": { "POLYGON.ID": 249.0, "subregion": "India--Assam--South Salmara-Mankachar--Brahmaputra", "POLYGON": "India--Assam--South Salmara-Mankachar--Brahmaputra", "SHOW": "1", "FILTER": "Not-Assigned", "FILTER.ID": null, "OLD.POLYGON": null, "STATE": "Assam", "COUNTY": "South Salmara-Mankachar", "OWNER": null }, "geometry": { "type": "MultiPolygon", "coordinates": [ [ [ [ 90.095, 26.042 ], [ 90.085, 26.032 ], [ 90.07, 26.035 ], [ 90.06, 26.026 ], [ 90.064, 26.013 ], [ 90.054, 26.004 ], [ 90.04, 26.007 ], [ 90.029, 25.997 ], [ 90.015, 26.0 ], [ 90.005, 25.99 ], [ 89.991, 25.993 ], [ 89.98, 25.984 ], [ 89.984, 25.972 ], [ 89.974, 25.962 ], [ 89.96, 25.965 ], [ 89.95, 25.955 ], [ 89.954, 25.943 ], [ 89.943, 25.934 ], [ 89.947, 25.922 ], [ 89.937, 25.912 ], [ 89.941, 25.9 ], [ 89.931, 25.89 ], [ 89.917, 25.893 ], [ 89.906, 25.884 ], [ 89.892, 25.886 ], [ 89.882, 25.877 ], [ 89.868, 25.88 ], [ 89.857, 25.87 ], [ 89.843, 25.873 ], [ 89.839, 25.885 ], [ 89.825, 25.888 ], [ 89.815, 25.878 ], [ 89.819, 25.866 ], [ 89.808, 25.857 ], [ 89.812, 25.845 ], [ 89.802, 25.835 ], [ 89.806, 25.823 ], [ 89.796, 25.813 ], [ 89.8, 25.801 ], [ 89.814, 25.798 ], [ 89.818, 25.786 ], [ 89.833, 25.784 ], [ 89.837, 25.771 ], [ 89.826, 25.762 ], [ 89.83, 25.75 ], [ 89.82, 25.74 ], [ 89.824, 25.728 ], [ 89.814, 25.718 ], [ 89.818, 25.706 ], [ 89.832, 25.703 ], [ 89.836, 25.691 ], [ 89.851, 25.689 ], [ 89.861, 25.698 ], [ 89.857, 25.71 ], [ 89.867, 25.72 ], [ 89.881, 25.717 ], [ 89.891, 25.726 ], [ 89.887, 25.739 ], [ 89.898, 25.748 ], [ 89.912, 25.745 ], [ 89.916, 25.733 ], [ 89.93, 25.73 ], [ 89.94, 25.74 ], [ 89.936, 25.752 ], [ 89.947, 25.762 ], [ 89.943, 25.774 ], [ 89.953, 25.783 ], [ 89.949, 25.795 ], [ 89.959, 25.805 ], [ 89.955, 25.817 ], [ 89.965, 25.827 ], [ 89.98, 25.824 ], [ 89.99, 25.833 ], [ 90.004, 25.831 ], [ 90.014, 25.84 ], [ 90.01, 25.852 ], [ 90.021, 25.862 ], [ 90.017, 25.874 ], [ 90.027, 25.883 ], [ 90.023, 25.896 ], [ 90.033, 25.905 ], [ 90.047, 25.902 ], [ 90.058, 25.912 ], [ 90.072, 25.909 ], [ 90.082, 25.918 ], [ 90.078, 25.931 ], [ 90.088, 25.94 ], [ 90.103, 25.937 ], [ 90.113, 25.947 ], [ 90.109, 25.959 ], [ 90.119, 25.968 ], [ 90.133, 25.966 ], [ 90.144, 25.975 ], [ 90.14, 25.987 ], [ 90.15, 25.997 ], [ 90.146, 26.009 ], [ 90.156, 26.018 ], [ 90.17, 26.016 ], [ 90.181, 26.025 ], [ 90.177, 26.037 ], [ 90.162, 26.04 ], [ 90.158, 26.052 ], [ 90.144, 26.055 ], [ 90.134, 26.046 ], [ 90.119, 26.048 ], [ 90.109, 26.039 ], [ 90.095, 26.042 ] ] ] ] } },
{ "type": "Feature", "properties": { "POLYGON.ID": 250.0, "subregion": "India--Assam--Charaideo--Plains", "POLYGON": "India--Assam--Charaideo--Plains", "SHOW": "1", "FILTER": "Not-Assigned", "FILTER.ID": null, "OLD.POLYGON": null, "STATE": "Assam", "COUNTY": "Charaideo", "OWNER": null }, "geometry": { "type": "MultiPolygon", "coordinates": [ [ [ [ 94.827, 27.083 ], [ 94.816, 27.074 ], [ 94.82, 27.062 ], [ 94.835, 27.058 ], [ 94.838, 27.046 ], [ 94.828, 27.037 ], [ 94.832, 27.025 ], [ 94.821, 27.016 ], [ 94.825, 27.004 ], [ 94.815, 26.994 ], [ 94.8, 26.998 ], [ 94.79, 26.989 ], [ 94.775, 26.992 ], [ 94.765, 26.983 ], [ 94.769, 26.97 ], [ 94.758, 26.961 ], [ 94.762, 26.949 ], [ 94.751, 26.94 ], [ 94.755, 26.928 ], [ 94.77, 26.925 ], [ 94.78, 26.934 ], [ 94.795, 26.931 ], [ 94.798, 26.918 ], [ 94.813, 26.915 ], [ 94.823, 26.924 ], [ 94.838, 26.921 ], [ 94.842, 26.909 ], [ 94.856, 26.905 ], [ 94.867, 26.915 ], [ 94.863, 26.927 ], [ 94.873, 26.936 ], [ 94.888, 26.933 ], [ 94.898, 26.942 ], [ 94.913, 26.938 ], [ 94.923, 26.948 ], [ 94.919, 26.96 ], [ 94.93, 26.969 ], [ 94.944, 26.966 ], [ 94.955, 26.975 ], [ 94.951, 26.987 ], [ 94.962, 26.996 ], [ 94.976, 26.993 ], [ 94.987, 27.002 ], [ 95.001, 26.999 ], [ 95.012, 27.008 ], [ 95.026, 27.005 ], [ 95.03, 26.992 ], [ 95.044, 26.989 ], [ 95.048, 26.977 ], [ 95.063, 26.974 ], [ 95.066, 26.961 ], [ 95.056, 26.952 ], [ 95.06, 26.94 ], [ 95.074, 26.937 ], [ 95.085, 26.946 ], [ 95.099, 26.943 ], [ 95.11, 26.952 ], [ 95.106, 26.964 ], [ 95.116, 26.973 ], [ 95.113, 26.985 ], [ 95.123, 26.994 ], [ 95.137, 26.991 ], [ 95.148, 27.0 ], [ 95.162, 26.997 ], [ 95.173, 27.006 ], [ 95.169, 27.018 ], [ 95.18, 27.027 ], [ 95.194, 27.024 ], [ 95.205, 27.033 ], [ 95.201, 27.045 ], [ 95.211, 27.054 ], [ 95.226, 27.051 ], [ 95.236, 27.06 ], [ 95.233, 27.072 ], [ 95.243, 27.081 ], [ 95.258, 27.078 ], [ 95.268, 27.087 ], [ 95.264, 27.099 ], [ 95.275, 27.108 ], [ 95.289, 27.105 ], [ 95.3, 27.114 ], [ 95.296, 27.126 ], [ 95.307, 27.135 ], [ 95.321, 27.132 ], [ 95.332, 27.141 ], [ 95.346, 27.138 ], [ 95.357, 27.147 ], [ 95.353, 27.159 ], [ 95.363, 27.168 ], [ 95.359, 27.18 ], [ 95.345, 27.184 ], [ 95.334, 27.175 ], [ 95.32, 27.178 ], [ 95.316, 27.19 ], [ 95.302, 27.193 ], [ 95.291, 27.184 ], [ 95.277, 27.188 ], [ 95.266, 27.179 ], [ 95.252, 27.182 ], [ 95.241, 27.173 ], [ 95.227, 27.176 ], [ 95.216, 27.167 ], [ 95.202, 27.17 ], [ 95.191, 27.161 ], [ 95.195, 27.149 ], [ 95.184, 27.14 ], [ 95.17, 27.143 ], [ 95.159, 27.134 ], [ 95.145, 27.137 ], [ 95.134, 27.128 ], [ 95.12, 27.132 ], [ 95.109, 27.123 ], [ 95.095, 27.126 ], [ 95.091, 27.138 ], [ 95.077, 27.141 ], [ 95.066, 27.132 ], [ 95.052, 27.135 ], [ 95.048, 27.148 ], [ 95.033, 27.151 ], [ 95.023, 27.142 ], [ 95.008, 27.145 ], [ 94.998, 27.136 ], [ 94.983, 27.139 ], [ 94.98, 27.152 ], [ 94.99, 27.161 ], [ 94.986, 27.173 ], [ 94.972, 27.176 ], [ 94.968, 27.188 ], [ 94.978, 27.197 ], [ 94.975, 27.21 ], [ 94.96, 27.213 ], [ 94.95, 27.204 ], [ 94.935, 27.207 ], [ 94.925, 27.198 ], [ 94.929, 27.186 ], [ 94.918, 27.177 ], [ 94.904, 27.18 ], [ 94.893, 27.171 ], [ 94.897, 27.158 ], [ 94.886, 27.149 ], [ 94.872, 27.153 ], [ 94.861, 27.144 ], [ 94.865, 27.131 ], [ 94.855, 27.122 ], [ 94.858, 27.11 ], [ 94.848, 27.101 ], [ 94.834, 27.104 ], [ 94.823, 27.095 ], [ 94.827, 27.083 ] ] ] ] } },
{ "type": "Feature", "properties": { "POLYGON.ID": 251.0, "subregion": "India--Assam--Majuli--Plains", "POLYGON": "India--Assam--Majuli--Plains", "SHOW": "1", "FILTER": "Not-Assigned", "FILTER.ID": null, "OLD.POLYGON": null, "STATE": "Assam", "COUNTY": "Majuli", "OWNER": null }, "geometry": { "type": "MultiPolygon", "coordinates": [ [ [ [ 94.224, 26.953 ], [ 94.228, 26.941 ], [ 94.242, 26.938 ], [ 94.246, 26.926 ], [ 94.261, 26.922 ], [ 94.271, 26.931 ], [ 94.286, 26.928 ], [ 94.296, 26.937 ], [ 94.292, 26.95 ], [ 94.303, 26.959 ], [ 94.299, 26.971 ], [ 94.309, 26.98 ], [ 94.305, 26.992 ], [ 94.316, 27.001 ], [ 94.33, 26.998 ], [ 94.341, 27.007 ], [ 94.337, 27.02 ], [ 94.348, 27.029 ], [ 94.344, 27.041 ], [ 94.354, 27.05 ], [ 94.369, 27.047 ], [ 94.379, 27.056 ], [ 94.375, 27.068 ], [ 94.386, 27.077 ], [ 94.4, 27.074 ], [ 94.411, 27.083 ], [ 94.425, 27.08 ], [ 94.436, 27.089 ], [ 94.432, 27.101 ], [ 94.417, 27.105 ], [ 94.407, 27.096 ], [ 94.392, 27.099 ], [ 94.382, 27.09 ], [ 94.367, 27.093 ], [ 94.357, 27.084 ], [ 94.342, 27.087 ], [ 94.332, 27.078 ], [ 94.318, 27.081 ], [ 94.307, 27.072 ], [ 94.293, 27.075 ], [ 94.289, 27.087 ], [ 94.274, 27.09 ], [ 94.264, 27.081 ], [ 94.249, 27.084 ], [ 94.239, 27.075 ], [ 94.243, 27.063 ], [ 94.232, 27.054 ], [ 94.236, 27.042 ], [ 94.225, 27.033 ], [ 94.211, 27.036 ], [ 94.201, 27.027 ], [ 94.204, 27.014 ], [ 94.194, 27.005 ], [ 94.18, 27.008 ], [ 94.169, 26.999 ], [ 94.155, 27.002 ], [ 94.144, 26.993 ], [ 94.148, 26.981 ], [ 94.137, 26.972 ], [ 94.123, 26.975 ], [ 94.112, 26.966 ], [ 94.098, 26.969 ], [ 94.088, 26.96 ], [ 94.073, 26.963 ], [ 94.069, 26.975 ], [ 94.055, 26.978 ], [ 94.044, 26.969 ], [ 94.03, 26.972 ], [ 94.019, 26.963 ], [ 94.023, 26.951 ], [ 94.013, 26.942 ], [ 93.998, 26.945 ], [ 93.988, 26.936 ], [ 93.992, 26.924 ], [ 94.006, 26.921 ], [ 94.017, 26.93 ], [ 94.031, 26.927 ], [ 94.035, 26.914 ], [ 94.049, 26.911 ], [ 94.06, 26.92 ], [ 94.074, 26.917 ], [ 94.085, 26.926 ], [ 94.099, 26.923 ], [ 94.11, 26.932 ], [ 94.124, 26.929 ], [ 94.135, 26.938 ], [ 94.149, 26.935 ], [ 94.16, 26.944 ], [ 94.174, 26.941 ], [ 94.185, 26.95 ], [ 94.199, 26.947 ], [ 94.21, 26.956 ], [ 94.224, 26.953 ] ] ] ] } },
{ "type": "Feature", "properties": { "POLYGON.ID": 252.0, "subregion": "India--Assam--Biswanath--Plains", "POLYGON": "India--Assam--Biswanath--Plains", "SHOW": "1", "FILTER": "Not-Assigned", "FILTER.ID": null, "OLD.POLYGON": null, "STATE": "Assam", "COUNTY": "Biswanath", "OWNER": null }, "geometry": { "type": "MultiPolygon", "coordinates": [ [ [ [ 93.761, 26.848 ], [ 93.775, 26.845 ], [ 93.786, 26.854 ], [ 93.782, 26.866 ], [ 93.792, 26.875 ], [ 93.788, 26.888 ], [ 93.774, 26.891 ], [ 93.764, 26.882 ], [ 93.749, 26.885 ], [ 93.745, 26.897 ], [ 93.756, 26.906 ], [ 93.752, 26.918 ], [ 93.737, 26.921 ], [ 93.734, 26.934 ], [ 93.744, 26.943 ], [ 93.74, 26.955 ], [ 93.726, 26.958 ], [ 93.722, 26.97 ], [ 93.707, 26.973 ], [ 93.703, 26.986 ], [ 93.689, 26.989 ], [ 93.679, 26.98 ], [ 93.664, 26.983 ], [ 93.654, 26.973 ], [ 93.639, 26.977 ], [ 93.629, 26.967 ], [ 93.614, 26.97 ], [ 93.604, 26.961 ], [ 93.589, 26.964 ], [ 93.579, 26.955 ], [ 93.564, 26.958 ], [ 93.554, 26.949 ], [ 93.54, 26.952 ], [ 93.529, 26.943 ], [ 93.533, 26.931 ], [ 93.522, 26.922 ], [ 93.526, 26.909 ], [ 93.516, 26.9 ], [ 93.502, 26.903 ], [ 93.498, 26.916 ], [ 93.483, 26.919 ], [ 93.473, 26.91 ], [ 93.458, 26.913 ], [ 93.448, 26.903 ], [ 93.433, 26.906 ], [ 93.423, 26.897 ], [ 93.427, 26.885 ], [ 93.416, 26.876 ], [ 93.42, 26.864 ], [ 93.435, 26.861 ], [ 93.439, 26.848 ], [ 93.428, 26.839 ], [ 93.432, 26.827 ], [ 93.446, 26.824 ], [ 93.45, 26.812 ], [ 93.44, 26.803 ], [ 93.444, 26.79 ], [ 93.458, 26.787 ], [ 93.469, 26.796 ], [ 93.483, 26.793 ], [ 93.494, 26.803 ], [ 93.508, 26.799 ], [ 93.512, 26.787 ], [ 93.526, 26.784 ], [ 93.537, 26.793 ], [ 93.551, 26.79 ], [ 93.562, 26.799 ], [ 93.576, 26.796 ], [ 93.587, 26.805 ], [ 93.601, 26.802 ], [ 93.612, 26.812 ], [ 93.626, 26.808 ], [ 93.63, 26.796 ], [ 93.644, 26.793 ], [ 93.655, 26.802 ], [ 93.669, 26.799 ], [ 93.68, 26.808 ], [ 93.694, 26.805 ], [ 93.705, 26.814 ], [ 93.719, 26.811 ], [ 93.729, 26.821 ], [ 93.744, 26.817 ], [ 93.754, 26.827 ], [ 93.75, 26.839 ], [ 93.761, 26.848 ] ] ], [ [ [ 93.266, 26.76 ], [ 93.276, 26.769 ], [ 93.272, 26.781 ], [ 93.283, 26.79 ], [ 93.279, 26.802 ], [ 93.264, 26.805 ], [ 93.261, 26.818 ], [ 93.271, 26.827 ], [ 93.267, 26.839 ], [ 93.253, 26.842 ], [ 93.249, 26.854 ], [ 93.259, 26.864 ], [ 93.255, 26.876 ], [ 93.241, 26.879 ], [ 93.237, 26.891 ], [ 93.223, 26.894 ], [ 93.219, 26.906 ], [ 93.204, 26.909 ], [ 93.2, 26.922 ], [ 93.186, 26.925 ], [ 93.175, 26.915 ], [ 93.161, 26.918 ], [ 93.15, 26.909 ], [ 93.136, 26.912 ], [ 93.126, 26.903 ], [ 93.111, 26.906 ], [ 93.101, 26.897 ], [ 93.086, 26.9 ], [ 93.076, 26.891 ], [ 93.061, 26.894 ], [ 93.051, 26.885 ], [ 93.055, 26.872 ], [ 93.044, 26.863 ], [ 93.048, 26.851 ], [ 93.038, 26.842 ], [ 93.042, 26.83 ], [ 93.056, 26.827 ], [ 93.06, 26.814 ], [ 93.05, 26.805 ], [ 93.054, 26.793 ], [ 93.068, 26.79 ], [ 93.072, 26.778 ], [ 93.062, 26.768 ], [ 93.066, 26.756 ], [ 93.08, 26.753 ], [ 93.084, 26.741 ], [ 93.073, 26.732 ], [ 93.077, 26.72 ], [ 93.092, 26.716 ], [ 93.102, 26.726 ], [ 93.117, 26.723 ], [ 93.127, 26.732 ], [ 93.141, 26.729 ], [ 93.145, 26.717 ], [ 93.16, 26.714 ], [ 93.17, 26.723 ], [ 93.185, 26.72 ], [ 93.195, 26.729 ], [ 93.21, 26.726 ], [ 93.22, 26.735 ], [ 93.216, 26.747 ], [ 93.227, 26.757 ], [ 93.241, 26.753 ], [ 93.251, 26.763 ], [ 93.266, 26.76 ] ] ], [ [ [ 93.296, 26.833 ], [ 93.31, 26.83 ], [ 93.314, 26.818 ], [ 93.304, 26.809 ], [ 93.308, 26.796 ], [ 93.322, 26.793 ], [ 93.326, 26.781 ], [ 93.34, 26.778 ], [ 93.351, 26.787 ], [ 93.365, 26.784 ], [ 93.376, 26.793 ], [ 93.39, 26.79 ], [ 93.401, 26.799 ], [ 93.397, 26.812 ], [ 93.407, 26.821 ], [ 93.403, 26.833 ], [ 93.389, 26.836 ], [ 93.385, 26.848 ], [ 93.395, 26.858 ], [ 93.391, 26.87 ], [ 93.377, 26.873 ], [ 93.367, 26.864 ], [ 93.352, 26.867 ], [ 93.342, 26.858 ], [ 93.327, 26.861 ], [ 93.317, 26.851 ], [ 93.302, 26.854 ], [ 93.292, 26.845 ], [ 93.296, 26.833 ] ] ] ] } },
{ "type": "Feature", "properties": { "POLYGON.ID": 832.0, "subregion": "India--Assam--Biswanath--Other Rivers", "POLYGON": "India--Assam--Biswanath--Other Rivers", "SHOW": "1", "FILTER": "Not-Assigned", "FILTER.ID": null, "OLD.POLYGON": null, "STATE": "Assam", "COUNTY": "Biswanath", "OWNER": null }, "geometry": { "type": "MultiPolygon", "coordinates": [ [ [ [ 93.253, 26.842 ], [ 93.267, 26.839 ], [ 93.271, 26.827 ], [ 93.261, 26.818 ], [ 93.264, 26.805 ], [ 93.279, 26.802 ], [ 93.283, 26.79 ], [ 93.272, 26.781 ], [ 93.276, 26.769 ], [ 93.291, 26.766 ], [ 93.301, 26.775 ], [ 93.316, 26.772 ], [ 93.326, 26.781 ], [ 93.322, 26.793 ], [ 93.308, 26.796 ], [ 93.304, 26.809 ], [ 93.314, 26.818 ], [ 93.31, 26.83 ], [ 93.296, 26.833 ], [ 93.292, 26.845 ], [ 93.278, 26.848 ], [ 93.274, 26.861 ], [ 93.259, 26.864 ], [ 93.249, 26.854 ], [ 93.253, 26.842 ] ] ], [ [ [ 93.429, 26.919 ], [ 93.415, 26.922 ], [ 93.411, 26.934 ], [ 93.397, 26.937 ], [ 93.386, 26.928 ], [ 93.39, 26.916 ], [ 93.38, 26.906 ], [ 93.384, 26.894 ], [ 93.373, 26.885 ], [ 93.377, 26.873 ], [ 93.391, 26.87 ], [ 93.395, 26.858 ], [ 93.385, 26.848 ], [ 93.389, 26.836 ], [ 93.403, 26.833 ], [ 93.407, 26.821 ], [ 93.397, 26.812 ], [ 93.401, 26.799 ], [ 93.415, 26.796 ], [ 93.426, 26.806 ], [ 93.44, 26.803 ], [ 93.45, 26.812 ], [ 93.446, 26.824 ], [ 93.432, 26.827 ], [ 93.428, 26.839 ], [ 93.439, 26.848 ], [ 93.435, 26.861 ], [ 93.42, 26.864 ], [ 93.416, 26.876 ], [ 93.427, 26.885 ], [ 93.423, 26.897 ], [ 93.433, 26.906 ], [ 93.429, 26.919 ] ] ] ] } },
{ "type": "Feature", "properties": { "POLYGON.ID": 831.0, "subregion": "India--Assam--Biswanath--Forests", "POLYGON": "India--Assam--Biswanath--Forests", "SHOW": "1", "FILTER": "Not-Assigned", "FILTER.ID": null, "OLD.POLYGON": null, "STATE": "Assam", "COUNTY": "Biswanath", "OWNER": null }, "geometry": { "type": "MultiPolygon", "coordinates": [ [ [ [ 93.335, 26.961 ], [ 93.325, 26.952 ], [ 93.31, 26.955 ], [ 93.3, 26.946 ], [ 93.285, 26.949 ], [ 93.281, 26.961 ], [ 93.267, 26.964 ], [ 93.257, 26.955 ], [ 93.242, 26.958 ], [ 93.232, 26.949 ], [ 93.217, 26.952 ], [ 93.207, 26.943 ], [ 93.192, 26.946 ], [ 93.182, 26.937 ], [ 93.167, 26.94 ], [ 93.157, 26.931 ], [ 93.143, 26.934 ], [ 93.132, 26.924 ], [ 93.118, 26.927 ], [ 93.107, 26.918 ], [ 93.093, 26.921 ], [ 93.082, 26.912 ], [ 93.068, 26.915 ], [ 93.058, 26.906 ], [ 93.061, 26.894 ], [ 93.076, 26.891 ], [ 93.086, 26.9 ], [ 93.101, 26.897 ], [ 93.111, 26.906 ], [ 93.126, 26.903 ], [ 93.136, 26.912 ], [ 93.15, 26.909 ], [ 93.161, 26.918 ], [ 93.175, 26.915 ], [ 93.186, 26.925 ], [ 93.2, 26.922 ], [ 93.204, 26.909 ], [ 93.219, 26.906 ], [ 93.223, 26.894 ], [ 93.237, 26.891 ], [ 93.241, 26.879 ], [ 93.255, 26.876 ], [ 93.259, 26.864 ], [ 93.274, 26.861 ], [ 93.278, 26.848 ], [ 93.292, 26.845 ], [ 93.302, 26.854 ], [ 93.317, 26.851 ], [ 93.327, 26.861 ], [ 93.342, 26.858 ], [ 93.352, 26.867 ], [ 93.367, 26.864 ], [ 93.377, 26.873 ], [ 93.373, 26.885 ], [ 93.384, 26.894 ], [ 93.38, 26.906 ], [ 93.39, 26.916 ], [ 93.386, 26.928 ], [ 93.397, 26.937 ], [ 93.411, 26.934 ], [ 93.415, 26.922 ], [ 93.429, 26.919 ], [ 93.433, 26.906 ], [ 93.448, 26.903 ], [ 93.458, 26.913 ], [ 93.473, 26.91 ], [ 93.483, 26.919 ], [ 93.498, 26.916 ], [ 93.502, 26.903 ], [ 93.516, 26.9 ], [ 93.526, 26.909 ], [ 93.522, 26.922 ], [ 93.533, 26.931 ], [ 93.529, 26.943 ], [ 93.515, 26.946 ], [ 93.504, 26.937 ], [ 93.49, 26.94 ], [ 93.479, 26.931 ], [ 93.465, 26.934 ], [ 93.461, 26.946 ], [ 93.447, 26.949 ], [ 93.443, 26.961 ], [ 93.428, 26.965 ], [ 93.418, 26.955 ], [ 93.403, 26.958 ], [ 93.393, 26.949 ], [ 93.378, 26.952 ], [ 93.374, 26.964 ], [ 93.36, 26.968 ], [ 93.35, 26.958 ], [ 93.335, 26.961 ] ] ] ] } },
{ "type": "Feature", "properties": { "POLYGON.ID": 830.0, "subregion": "India--Assam--Biswanath--Brahmaputra", "POLYGON": "India--Assam--Biswanath--Brahmaputra", "SHOW": "1", "FILTER": "Not-Assigned", "FILTER.ID": null, "OLD.POLYGON": null, "STATE": "Assam", "COUNTY": "Biswanath", "OWNER": null }, "geometry": { "type": "MultiPolygon", "coordinates": [ [ [ [ 93.346, 26.72 ], [ 93.356, 26.729 ], [ 93.352, 26.741 ], [ 93.363, 26.751 ], [ 93.377, 26.747 ], [ 93.388, 26.757 ], [ 93.402, 26.754 ], [ 93.406, 26.741 ], [ 93.42, 26.738 ], [ 93.431, 26.747 ], [ 93.445, 26.744 ], [ 93.456, 26.754 ], [ 93.47, 26.75 ], [ 93.48, 26.76 ], [ 93.495, 26.757 ], [ 93.505, 26.766 ], [ 93.52, 26.763 ], [ 93.524, 26.75 ], [ 93.538, 26.747 ], [ 93.542, 26.735 ], [ 93.556, 26.732 ], [ 93.56, 26.72 ], [ 93.575, 26.717 ], [ 93.585, 26.726 ], [ 93.6, 26.723 ], [ 93.604, 26.711 ], [ 93.618, 26.708 ], [ 93.628, 26.717 ], [ 93.643, 26.714 ], [ 93.653, 26.723 ], [ 93.649, 26.735 ], [ 93.66, 26.744 ], [ 93.656, 26.756 ], [ 93.642, 26.76 ], [ 93.638, 26.772 ], [ 93.648, 26.781 ], [ 93.644, 26.793 ], [ 93.63, 26.796 ], [ 93.626, 26.808 ], [ 93.612, 26.812 ], [ 93.601, 26.802 ], [ 93.587, 26.805 ], [ 93.576, 26.796 ], [ 93.562, 26.799 ], [ 93.551, 26.79 ], [ 93.537, 26.793 ], [ 93.526, 26.784 ], [ 93.512, 26.787 ], [ 93.508, 26.799 ], [ 93.494, 26.803 ], [ 93.483, 26.793 ], [ 93.469, 26.796 ], [ 93.458, 26.787 ], [ 93.444, 26.79 ], [ 93.44, 26.803 ], [ 93.426, 26.806 ], [ 93.415, 26.796 ], [ 93.401, 26.799 ], [ 93.39, 26.79 ], [ 93.376, 26.793 ], [ 93.365, 26.784 ], [ 93.351, 26.787 ], [ 93.34, 26.778 ], [ 93.326, 26.781 ], [ 93.316, 26.772 ], [ 93.301, 26.775 ], [ 93.291, 26.766 ], [ 93.276, 26.769 ], [ 93.266, 26.76 ], [ 93.251, 26.763 ], [ 93.241, 26.753 ], [ 93.227, 26.757 ], [ 93.216, 26.747 ], [ 93.22, 26.735 ], [ 93.21, 26.726 ], [ 93.195, 26.729 ], [ 93.185, 26.72 ], [ 93.17, 26.723 ], [ 93.16, 26.714 ], [ 93.145, 26.717 ], [ 93.141, 26.729 ], [ 93.127, 26.732 ], [ 93.117, 26.723 ], [ 93.102, 26.726 ], [ 93.092, 26.716 ], [ 93.096, 26.704 ], [ 93.11, 26.701 ], [ 93.114, 26.689 ], [ 93.104, 26.68 ], [ 93.107, 26.668 ], [ 93.122, 26.664 ], [ 93.126, 26.652 ], [ 93.14, 26.649 ], [ 93.144, 26.637 ], [ 93.134, 26.628 ], [ 93.138, 26.616 ], [ 93.152, 26.612 ], [ 93.162, 26.622 ], [ 93.177, 26.619 ], [ 93.187, 26.628 ], [ 93.202, 26.625 ], [ 93.212, 26.634 ], [ 93.227, 26.631 ], [ 93.237, 26.64 ], [ 93.233, 26.652 ], [ 93.244, 26.662 ], [ 93.258, 26.659 ], [ 93.268, 26.668 ], [ 93.264, 26.68 ], [ 93.275, 26.689 ], [ 93.289, 26.686 ], [ 93.3, 26.695 ], [ 93.314, 26.692 ], [ 93.325, 26.702 ], [ 93.321, 26.714 ], [ 93.331, 26.723 ], [ 93.346, 26.72 ] ] ] ] } },
{ "type": "Feature", "properties": { "POLYGON.ID": 829.0, "subregion": "India--Assam--Lakhimpur--Other Rivers", "POLYGON": "India--Assam--Lakhimpur--Other Rivers", "SHOW": "1", "FILTER": "Not-Assigned", "FILTER.ID": null, "OLD.POLYGON": null, "STATE": "Assam", "COUNTY": "Lakhimpur", "OWNER": null }, "geometry": { "type": "MultiPolygon", "coordinates": [ [ [ [ 93.85, 26.863 ], [ 93.861, 26.872 ], [ 93.875, 26.869 ], [ 93.885, 26.878 ], [ 93.882, 26.89 ], [ 93.892, 26.9 ], [ 93.906, 26.897 ], [ 93.917, 26.906 ], [ 93.913, 26.918 ], [ 93.924, 26.927 ], [ 93.938, 26.924 ], [ 93.948, 26.933 ], [ 93.963, 26.93 ], [ 93.973, 26.939 ], [ 93.988, 26.936 ], [ 93.998, 26.945 ], [ 94.013, 26.942 ], [ 94.023, 26.951 ], [ 94.019, 26.963 ], [ 94.03, 26.972 ], [ 94.044, 26.969 ], [ 94.055, 26.978 ], [ 94.051, 26.991 ], [ 94.061, 27.0 ], [ 94.076, 26.997 ], [ 94.086, 27.006 ], [ 94.101, 27.003 ], [ 94.111, 27.012 ], [ 94.126, 27.009 ], [ 94.136, 27.018 ], [ 94.132, 27.03 ], [ 94.143, 27.039 ], [ 94.139, 27.051 ], [ 94.149, 27.06 ], [ 94.146, 27.073 ], [ 94.156, 27.082 ], [ 94.171, 27.079 ], [ 94.181, 27.088 ], [ 94.177, 27.1 ], [ 94.188, 27.109 ], [ 94.184, 27.121 ], [ 94.194, 27.13 ], [ 94.19, 27.143 ], [ 94.201, 27.152 ], [ 94.197, 27.164 ], [ 94.183, 27.167 ], [ 94.179, 27.179 ], [ 94.189, 27.188 ], [ 94.185, 27.201 ], [ 94.196, 27.21 ], [ 94.21, 27.206 ], [ 94.221, 27.216 ], [ 94.217, 27.228 ], [ 94.227, 27.237 ], [ 94.224, 27.249 ], [ 94.234, 27.258 ], [ 94.23, 27.27 ], [ 94.216, 27.273 ], [ 94.212, 27.286 ], [ 94.222, 27.295 ], [ 94.237, 27.292 ], [ 94.247, 27.301 ], [ 94.243, 27.313 ], [ 94.254, 27.322 ], [ 94.25, 27.334 ], [ 94.261, 27.343 ], [ 94.257, 27.355 ], [ 94.242, 27.359 ], [ 94.238, 27.371 ], [ 94.249, 27.38 ], [ 94.245, 27.392 ], [ 94.256, 27.401 ], [ 94.27, 27.398 ], [ 94.274, 27.386 ], [ 94.288, 27.383 ], [ 94.299, 27.392 ], [ 94.295, 27.404 ], [ 94.305, 27.413 ], [ 94.302, 27.425 ], [ 94.287, 27.428 ], [ 94.283, 27.44 ], [ 94.269, 27.444 ], [ 94.258, 27.434 ], [ 94.244, 27.438 ], [ 94.233, 27.429 ], [ 94.219, 27.432 ], [ 94.208, 27.423 ], [ 94.212, 27.41 ], [ 94.202, 27.401 ], [ 94.187, 27.404 ], [ 94.177, 27.395 ], [ 94.162, 27.399 ], [ 94.152, 27.389 ], [ 94.137, 27.393 ], [ 94.127, 27.383 ], [ 94.131, 27.371 ], [ 94.12, 27.362 ], [ 94.124, 27.35 ], [ 94.113, 27.341 ], [ 94.099, 27.344 ], [ 94.089, 27.335 ], [ 94.074, 27.338 ], [ 94.064, 27.329 ], [ 94.067, 27.317 ], [ 94.082, 27.314 ], [ 94.086, 27.302 ], [ 94.1, 27.298 ], [ 94.111, 27.307 ], [ 94.125, 27.304 ], [ 94.129, 27.292 ], [ 94.144, 27.289 ], [ 94.154, 27.298 ], [ 94.169, 27.295 ], [ 94.172, 27.283 ], [ 94.162, 27.274 ], [ 94.166, 27.262 ], [ 94.155, 27.252 ], [ 94.159, 27.24 ], [ 94.149, 27.231 ], [ 94.153, 27.219 ], [ 94.167, 27.216 ], [ 94.171, 27.204 ], [ 94.16, 27.195 ], [ 94.164, 27.182 ], [ 94.154, 27.173 ], [ 94.158, 27.161 ], [ 94.147, 27.152 ], [ 94.151, 27.14 ], [ 94.14, 27.131 ], [ 94.144, 27.118 ], [ 94.134, 27.109 ], [ 94.119, 27.112 ], [ 94.109, 27.103 ], [ 94.113, 27.091 ], [ 94.102, 27.082 ], [ 94.106, 27.07 ], [ 94.096, 27.061 ], [ 94.1, 27.048 ], [ 94.089, 27.039 ], [ 94.075, 27.042 ], [ 94.064, 27.033 ], [ 94.05, 27.036 ], [ 94.039, 27.027 ], [ 94.025, 27.03 ], [ 94.014, 27.021 ], [ 94.018, 27.009 ], [ 94.008, 27.0 ], [ 93.993, 27.003 ], [ 93.983, 26.994 ], [ 93.968, 26.997 ], [ 93.964, 27.009 ], [ 93.95, 27.012 ], [ 93.946, 27.025 ], [ 93.957, 27.034 ], [ 93.953, 27.046 ], [ 93.938, 27.049 ], [ 93.934, 27.061 ], [ 93.92, 27.064 ], [ 93.916, 27.077 ], [ 93.902, 27.08 ], [ 93.898, 27.092 ], [ 93.883, 27.095 ], [ 93.879, 27.107 ], [ 93.865, 27.11 ], [ 93.861, 27.123 ], [ 93.847, 27.126 ], [ 93.836, 27.117 ], [ 93.84, 27.104 ], [ 93.829, 27.095 ], [ 93.833, 27.083 ], [ 93.848, 27.08 ], [ 93.852, 27.068 ], [ 93.866, 27.065 ], [ 93.87, 27.052 ], [ 93.884, 27.049 ], [ 93.888, 27.037 ], [ 93.903, 27.034 ], [ 93.907, 27.022 ], [ 93.921, 27.019 ], [ 93.925, 27.006 ], [ 93.915, 26.997 ], [ 93.918, 26.985 ], [ 93.933, 26.982 ], [ 93.937, 26.97 ], [ 93.926, 26.961 ], [ 93.912, 26.964 ], [ 93.901, 26.955 ], [ 93.887, 26.958 ], [ 93.876, 26.949 ], [ 93.88, 26.936 ], [ 93.87, 26.927 ], [ 93.855, 26.93 ], [ 93.845, 26.921 ], [ 93.849, 26.909 ], [ 93.838, 26.9 ], [ 93.824, 26.903 ], [ 93.813, 26.894 ], [ 93.817, 26.881 ], [ 93.807, 26.872 ], [ 93.792, 26.875 ], [ 93.782, 26.866 ], [ 93.786, 26.854 ], [ 93.8, 26.851 ], [ 93.811, 26.86 ], [ 93.825, 26.857 ], [ 93.836, 26.866 ], [ 93.85, 26.863 ] ] ] ] } },
{ "type": "Feature", "properties": { "POLYGON.ID": 828.0, "subregion": "India--Assam--Dhemaji--Forests (west)", "POLYGON": "India--Assam--Dhemaji--Forests (west)", "SHOW": "1", "FILTER": "Not-Assigned", "FILTER.ID": null, "OLD.POLYGON": null, "STATE": "Assam", "COUNTY": "Dhemaji", "OWNER": null }, "geometry": { "type": "MultiPolygon", "coordinates": [ [ [ [ 94.295, 27.528 ], [ 94.31, 27.525 ], [ 94.32, 27.534 ], [ 94.335, 27.531 ], [ 94.345, 27.54 ], [ 94.36, 27.537 ], [ 94.37, 27.546 ], [ 94.385, 27.543 ], [ 94.395, 27.552 ], [ 94.41, 27.549 ], [ 94.42, 27.558 ], [ 94.435, 27.555 ], [ 94.445, 27.564 ], [ 94.441, 27.576 ], [ 94.427, 27.579 ], [ 94.423, 27.591 ], [ 94.409, 27.595 ], [ 94.398, 27.586 ], [ 94.384, 27.589 ], [ 94.373, 27.58 ], [ 94.359, 27.583 ], [ 94.348, 27.574 ], [ 94.334, 27.577 ], [ 94.323, 27.568 ], [ 94.309, 27.571 ], [ 94.298, 27.562 ], [ 94.284, 27.565 ], [ 94.273, 27.556 ], [ 94.259, 27.559 ], [ 94.248, 27.55 ], [ 94.252, 27.538 ], [ 94.266, 27.535 ], [ 94.27, 27.523 ], [ 94.285, 27.519 ], [ 94.295, 27.528 ] ] ] ] } },
{ "type": "Feature", "properties": { "POLYGON.ID": 823.0, "subregion": "India--Assam--Dhemaji--Brahmaputra", "POLYGON": "India--Assam--Dhemaji--Brahmaputra", "SHOW": "1", "FILTER": "Not-Assigned", "FILTER.ID": null, "OLD.POLYGON": null, "STATE": "Assam", "COUNTY": "Dhemaji", "OWNER": null }, "geometry": { "type": "MultiPolygon", "coordinates": [ [ [ [ 95.392, 27.842 ], [ 95.381, 27.833 ], [ 95.367, 27.837 ], [ 95.363, 27.849 ], [ 95.348, 27.852 ], [ 95.344, 27.864 ], [ 95.33, 27.867 ], [ 95.319, 27.858 ], [ 95.323, 27.846 ], [ 95.338, 27.843 ], [ 95.342, 27.831 ], [ 95.331, 27.822 ], [ 95.317, 27.825 ], [ 95.306, 27.816 ], [ 95.31, 27.804 ], [ 95.299, 27.795 ], [ 95.285, 27.798 ], [ 95.274, 27.789 ], [ 95.26, 27.793 ], [ 95.249, 27.784 ], [ 95.253, 27.772 ], [ 95.242, 27.763 ], [ 95.228, 27.766 ], [ 95.217, 27.757 ], [ 95.203, 27.76 ], [ 95.192, 27.751 ], [ 95.196, 27.739 ], [ 95.211, 27.736 ], [ 95.214, 27.724 ], [ 95.204, 27.715 ], [ 95.208, 27.702 ], [ 95.197, 27.693 ], [ 95.201, 27.681 ], [ 95.19, 27.672 ], [ 95.194, 27.66 ], [ 95.209, 27.657 ], [ 95.219, 27.666 ], [ 95.234, 27.663 ], [ 95.244, 27.672 ], [ 95.259, 27.668 ], [ 95.269, 27.677 ], [ 95.266, 27.69 ], [ 95.276, 27.698 ], [ 95.291, 27.695 ], [ 95.301, 27.704 ], [ 95.316, 27.701 ], [ 95.326, 27.71 ], [ 95.341, 27.707 ], [ 95.351, 27.716 ], [ 95.366, 27.712 ], [ 95.376, 27.721 ], [ 95.373, 27.734 ], [ 95.383, 27.743 ], [ 95.398, 27.739 ], [ 95.408, 27.748 ], [ 95.404, 27.76 ], [ 95.415, 27.769 ], [ 95.411, 27.782 ], [ 95.422, 27.791 ], [ 95.436, 27.787 ], [ 95.447, 27.796 ], [ 95.443, 27.808 ], [ 95.453, 27.817 ], [ 95.45, 27.83 ], [ 95.46, 27.838 ], [ 95.456, 27.851 ], [ 95.467, 27.86 ], [ 95.463, 27.872 ], [ 95.449, 27.875 ], [ 95.438, 27.866 ], [ 95.442, 27.854 ], [ 95.431, 27.845 ], [ 95.417, 27.848 ], [ 95.406, 27.839 ], [ 95.392, 27.842 ] ] ] ] } },
{ "type": "Feature", "properties": { "POLYGON.ID": 817.0, "subregion": "India--Assam--Tinsukia--Brahmaputra", "POLYGON": "India--Assam--Tinsukia--Brahmaputra", "SHOW": "1", "FILTER": "Not-Assigned", "FILTER.ID": null, "OLD.POLYGON": null, "STATE": "Assam", "COUNTY": "Tinsukia", "OWNER": null }, "geometry": { "type": "MultiPolygon", "coordinates": [ [ [ [ 95.57, 27.746 ], [ 95.585, 27.743 ], [ 95.595, 27.752 ], [ 95.61, 27.748 ], [ 95.62, 27.757 ], [ 95.635, 27.754 ], [ 95.645, 27.763 ], [ 95.66, 27.76 ], [ 95.67, 27.769 ], [ 95.685, 27.765 ], [ 95.689, 27.753 ], [ 95.703, 27.75 ], [ 95.707, 27.738 ], [ 95.721, 27.735 ], [ 95.732, 27.744 ], [ 95.746, 27.74 ], [ 95.75, 27.728 ], [ 95.765, 27.725 ], [ 95.775, 27.734 ], [ 95.79, 27.73 ], [ 95.8, 27.739 ], [ 95.797, 27.752 ], [ 95.807, 27.76 ], [ 95.803, 27.773 ], [ 95.814, 27.782 ], [ 95.828, 27.778 ], [ 95.839, 27.787 ], [ 95.835, 27.799 ], [ 95.846, 27.808 ], [ 95.842, 27.82 ], [ 95.853, 27.829 ], [ 95.867, 27.826 ], [ 95.878, 27.835 ], [ 95.874, 27.847 ], [ 95.859, 27.85 ], [ 95.849, 27.842 ], [ 95.834, 27.845 ], [ 95.824, 27.836 ], [ 95.809, 27.839 ], [ 95.799, 27.83 ], [ 95.784, 27.834 ], [ 95.774, 27.825 ], [ 95.759, 27.828 ], [ 95.748, 27.819 ], [ 95.734, 27.822 ], [ 95.723, 27.813 ], [ 95.709, 27.817 ], [ 95.705, 27.829 ], [ 95.691, 27.832 ], [ 95.68, 27.823 ], [ 95.666, 27.826 ], [ 95.662, 27.839 ], [ 95.647, 27.842 ], [ 95.643, 27.854 ], [ 95.654, 27.863 ], [ 95.65, 27.875 ], [ 95.661, 27.884 ], [ 95.657, 27.896 ], [ 95.668, 27.905 ], [ 95.664, 27.917 ], [ 95.674, 27.926 ], [ 95.67, 27.938 ], [ 95.681, 27.947 ], [ 95.677, 27.959 ], [ 95.663, 27.963 ], [ 95.652, 27.954 ], [ 95.638, 27.957 ], [ 95.634, 27.969 ], [ 95.619, 27.972 ], [ 95.609, 27.963 ], [ 95.594, 27.967 ], [ 95.584, 27.958 ], [ 95.587, 27.946 ], [ 95.577, 27.937 ], [ 95.562, 27.94 ], [ 95.552, 27.931 ], [ 95.556, 27.919 ], [ 95.545, 27.91 ], [ 95.531, 27.913 ], [ 95.52, 27.904 ], [ 95.524, 27.892 ], [ 95.513, 27.883 ], [ 95.499, 27.886 ], [ 95.488, 27.877 ], [ 95.474, 27.881 ], [ 95.463, 27.872 ], [ 95.467, 27.86 ], [ 95.456, 27.851 ], [ 95.46, 27.838 ], [ 95.45, 27.83 ], [ 95.453, 27.817 ], [ 95.443, 27.808 ], [ 95.447, 27.796 ], [ 95.436, 27.787 ], [ 95.422, 27.791 ], [ 95.411, 27.782 ], [ 95.415, 27.769 ], [ 95.404, 27.76 ], [ 95.408, 27.748 ], [ 95.398, 27.739 ], [ 95.383, 27.743 ], [ 95.373, 27.734 ], [ 95.376, 27.721 ], [ 95.391, 27.718 ], [ 95.401, 27.727 ], [ 95.416, 27.724 ], [ 95.426, 27.733 ], [ 95.423, 27.745 ], [ 95.433, 27.754 ], [ 95.448, 27.751 ], [ 95.458, 27.76 ], [ 95.454, 27.772 ], [ 95.465, 27.781 ], [ 95.479, 27.778 ], [ 95.49, 27.787 ], [ 95.505, 27.783 ], [ 95.508, 27.771 ], [ 95.498, 27.762 ], [ 95.502, 27.75 ], [ 95.491, 27.741 ], [ 95.495, 27.729 ], [ 95.484, 27.72 ], [ 95.488, 27.708 ], [ 95.478, 27.699 ], [ 95.481, 27.687 ], [ 95.496, 27.683 ], [ 95.5, 27.671 ], [ 95.514, 27.668 ], [ 95.525, 27.677 ], [ 95.521, 27.689 ], [ 95.532, 27.698 ], [ 95.528, 27.71 ], [ 95.538, 27.719 ], [ 95.553, 27.716 ], [ 95.563, 27.725 ], [ 95.56, 27.737 ], [ 95.57, 27.746 ] ] ] ] } },
{ "type": "Feature", "properties": { "POLYGON.ID": 818.0, "subregion": "India--Assam--Tinsukia--Dehing Patkai WLS", "POLYGON": "India--Assam--Tinsukia--Dehing Patkai WLS", "SHOW": "1", "FILTER": "Not-Assigned", "FILTER.ID": null, "OLD.POLYGON": null, "STATE": "Assam", "COUNTY": "Tinsukia", "OWNER": null }, "geometry": { "type": "MultiPolygon", "coordinates": [ [ [ [ 95.636, 27.323 ], [ 95.647, 27.332 ], [ 95.661, 27.328 ], [ 95.672, 27.337 ], [ 95.687, 27.334 ], [ 95.697, 27.343 ], [ 95.712, 27.34 ], [ 95.722, 27.349 ], [ 95.718, 27.361 ], [ 95.729, 27.37 ], [ 95.743, 27.367 ], [ 95.754, 27.376 ], [ 95.768, 27.372 ], [ 95.779, 27.381 ], [ 95.775, 27.394 ], [ 95.786, 27.403 ], [ 95.8, 27.399 ], [ 95.811, 27.408 ], [ 95.807, 27.42 ], [ 95.818, 27.429 ], [ 95.832, 27.426 ], [ 95.843, 27.435 ], [ 95.839, 27.447 ], [ 95.849, 27.456 ], [ 95.845, 27.468 ], [ 95.831, 27.472 ], [ 95.827, 27.484 ], [ 95.813, 27.487 ], [ 95.809, 27.499 ], [ 95.794, 27.503 ], [ 95.784, 27.494 ], [ 95.769, 27.497 ], [ 95.766, 27.509 ], [ 95.751, 27.513 ], [ 95.741, 27.504 ], [ 95.726, 27.507 ], [ 95.722, 27.519 ], [ 95.708, 27.522 ], [ 95.697, 27.513 ], [ 95.683, 27.517 ], [ 95.672, 27.508 ], [ 95.658, 27.511 ], [ 95.654, 27.523 ], [ 95.639, 27.526 ], [ 95.629, 27.518 ], [ 95.614, 27.521 ], [ 95.604, 27.512 ], [ 95.589, 27.515 ], [ 95.579, 27.506 ], [ 95.564, 27.509 ], [ 95.554, 27.5 ], [ 95.558, 27.488 ], [ 95.547, 27.479 ], [ 95.533, 27.483 ], [ 95.522, 27.474 ], [ 95.507, 27.477 ], [ 95.497, 27.468 ], [ 95.501, 27.456 ], [ 95.49, 27.447 ], [ 95.476, 27.45 ], [ 95.465, 27.441 ], [ 95.469, 27.429 ], [ 95.483, 27.425 ], [ 95.487, 27.413 ], [ 95.477, 27.404 ], [ 95.481, 27.392 ], [ 95.47, 27.383 ], [ 95.474, 27.371 ], [ 95.463, 27.362 ], [ 95.467, 27.35 ], [ 95.456, 27.341 ], [ 95.46, 27.328 ], [ 95.45, 27.319 ], [ 95.454, 27.307 ], [ 95.443, 27.298 ], [ 95.447, 27.286 ], [ 95.461, 27.283 ], [ 95.465, 27.27 ], [ 95.48, 27.267 ], [ 95.483, 27.255 ], [ 95.498, 27.252 ], [ 95.508, 27.261 ], [ 95.523, 27.257 ], [ 95.533, 27.266 ], [ 95.548, 27.263 ], [ 95.552, 27.251 ], [ 95.566, 27.248 ], [ 95.57, 27.235 ], [ 95.584, 27.232 ], [ 95.588, 27.22 ], [ 95.603, 27.217 ], [ 95.613, 27.226 ], [ 95.628, 27.222 ], [ 95.638, 27.231 ], [ 95.653, 27.228 ], [ 95.663, 27.237 ], [ 95.66, 27.249 ], [ 95.645, 27.253 ], [ 95.641, 27.265 ], [ 95.627, 27.268 ], [ 95.616, 27.259 ], [ 95.602, 27.262 ], [ 95.598, 27.275 ], [ 95.584, 27.278 ], [ 95.58, 27.29 ], [ 95.59, 27.299 ], [ 95.605, 27.296 ], [ 95.615, 27.305 ], [ 95.63, 27.302 ], [ 95.64, 27.311 ], [ 95.636, 27.323 ] ] ] ] } },
{ "type": "Feature", "properties": { "POLYGON.ID": 819.0, "subregion": "India--Assam--Tinsukia--Jairampur and Changlang Forests", "POLYGON": "India--Assam--Tinsukia--Jairampur and Changlang Forests", "SHOW": "1", "FILTER": "Not-Assigned", "FILTER.ID": null, "OLD.POLYGON": null, "STATE": "Assam", "COUNTY": "Changlang", "OWNER": null }, "geometry": { "type": "MultiPolygon", "coordinates": [ [ [ [ 95.873, 27.337 ], [ 95.877, 27.325 ], [ 95.866, 27.316 ], [ 95.852, 27.319 ], [ 95.841, 27.31 ], [ 95.827, 27.314 ], [ 95.816, 27.305 ], [ 95.802, 27.308 ], [ 95.791, 27.299 ], [ 95.795, 27.287 ], [ 95.81, 27.283 ], [ 95.814, 27.271 ], [ 95.828, 27.268 ], [ 95.839, 27.277 ], [ 95.853, 27.274 ], [ 95.864, 27.283 ], [ 95.878, 27.279 ], [ 95.889, 27.288 ], [ 95.903, 27.285 ], [ 95.914, 27.294 ], [ 95.928, 27.291 ], [ 95.939, 27.3 ], [ 95.953, 27.296 ], [ 95.964, 27.305 ], [ 95.96, 27.317 ], [ 95.97, 27.326 ], [ 95.967, 27.339 ], [ 95.977, 27.348 ], [ 95.992, 27.344 ], [ 96.002, 27.353 ], [ 95.998, 27.365 ], [ 96.009, 27.374 ], [ 96.005, 27.387 ], [ 95.991, 27.39 ], [ 95.987, 27.402 ], [ 95.973, 27.405 ], [ 95.969, 27.418 ], [ 95.954, 27.421 ], [ 95.944, 27.412 ], [ 95.929, 27.415 ], [ 95.919, 27.406 ], [ 95.922, 27.394 ], [ 95.937, 27.391 ], [ 95.941, 27.379 ], [ 95.93, 27.37 ], [ 95.916, 27.373 ], [ 95.905, 27.364 ], [ 95.909, 27.352 ], [ 95.898, 27.343 ], [ 95.884, 27.346 ], [ 95.873, 27.337 ] ] ] ] } },
{ "type": "Feature", "properties": { "POLYGON.ID": 820.0, "subregion": "India--Assam--Tinsukia--Plains north of river", "POLYGON": "India--Assam--Tinsukia--Plains north of river", "SHOW": "1", "FILTER": "Not-Assigned", "FILTER.ID": null, "OLD.POLYGON": null, "STATE": "Assam", "COUNTY": "Tinsukia", "OWNER": null }, "geometry": { "type": "MultiPolygon", "coordinates": [ [ [ [ 95.67, 27.938 ], [ 95.674, 27.926 ], [ 95.664, 27.917 ], [ 95.668, 27.905 ], [ 95.657, 27.896 ], [ 95.661, 27.884 ], [ 95.65, 27.875 ], [ 95.654, 27.863 ], [ 95.643, 27.854 ], [ 95.647, 27.842 ], [ 95.662, 27.839 ], [ 95.666, 27.826 ], [ 95.68, 27.823 ], [ 95.691, 27.832 ], [ 95.705, 27.829 ], [ 95.709, 27.817 ], [ 95.723, 27.813 ], [ 95.734, 27.822 ], [ 95.748, 27.819 ], [ 95.759, 27.828 ], [ 95.774, 27.825 ], [ 95.784, 27.834 ], [ 95.799, 27.83 ], [ 95.809, 27.839 ], [ 95.824, 27.836 ], [ 95.834, 27.845 ], [ 95.849, 27.842 ], [ 95.859, 27.85 ], [ 95.874, 27.847 ], [ 95.884, 27.856 ], [ 95.899, 27.853 ], [ 95.91, 27.862 ], [ 95.906, 27.874 ], [ 95.916, 27.883 ], [ 95.912, 27.895 ], [ 95.923, 27.904 ], [ 95.938, 27.901 ], [ 95.948, 27.909 ], [ 95.944, 27.922 ], [ 95.955, 27.931 ], [ 95.951, 27.943 ], [ 95.962, 27.952 ], [ 95.958, 27.964 ], [ 95.943, 27.967 ], [ 95.933, 27.958 ], [ 95.918, 27.961 ], [ 95.915, 27.974 ], [ 95.9, 27.977 ], [ 95.889, 27.968 ], [ 95.875, 27.971 ], [ 95.864, 27.962 ], [ 95.85, 27.966 ], [ 95.846, 27.978 ], [ 95.832, 27.981 ], [ 95.821, 27.972 ], [ 95.825, 27.96 ], [ 95.814, 27.951 ], [ 95.8, 27.954 ], [ 95.796, 27.966 ], [ 95.781, 27.97 ], [ 95.771, 27.961 ], [ 95.756, 27.964 ], [ 95.746, 27.955 ], [ 95.731, 27.958 ], [ 95.727, 27.971 ], [ 95.713, 27.974 ], [ 95.702, 27.965 ], [ 95.688, 27.968 ], [ 95.677, 27.959 ], [ 95.681, 27.947 ], [ 95.67, 27.938 ] ] ] ] } },
{ "type": "Feature", "properties": { "POLYGON.ID": 821.0, "subregion": "India--Assam--Tinsukia--Dibru Saikhowa", "POLYGON": "India--Assam--Tinsukia--Dibru Saikhowa", "SHOW": "1", "FILTER": "Not-Assigned", "FILTER.ID": null, "OLD.POLYGON": null, "STATE": "Assam", "COUNTY": "Tinsukia", "OWNER": null }, "geometry": { "type": "MultiPolygon", "coordinates": [ [ [ [ 95.293, 27.604 ], [ 95.307, 27.601 ], [ 95.311, 27.589 ], [ 95.3, 27.58 ], [ 95.304, 27.568 ], [ 95.319, 27.564 ], [ 95.329, 27.573 ], [ 95.344, 27.57 ], [ 95.354, 27.579 ], [ 95.369, 27.576 ], [ 95.379, 27.585 ], [ 95.375, 27.597 ], [ 95.386, 27.606 ], [ 95.401, 27.603 ], [ 95.411, 27.612 ], [ 95.426, 27.609 ], [ 95.436, 27.618 ], [ 95.451, 27.614 ], [ 95.461, 27.623 ], [ 95.457, 27.635 ], [ 95.468, 27.644 ], [ 95.482, 27.641 ], [ 95.493, 27.65 ], [ 95.489, 27.662 ], [ 95.5, 27.671 ], [ 95.496, 27.683 ], [ 95.481, 27.687 ], [ 95.478, 27.699 ], [ 95.488, 27.708 ], [ 95.484, 27.72 ], [ 95.495, 27.729 ], [ 95.491, 27.741 ], [ 95.502, 27.75 ], [ 95.498, 27.762 ], [ 95.508, 27.771 ], [ 95.505, 27.783 ], [ 95.49, 27.787 ], [ 95.479, 27.778 ], [ 95.465, 27.781 ], [ 95.454, 27.772 ], [ 95.458, 27.76 ], [ 95.448, 27.751 ], [ 95.433, 27.754 ], [ 95.423, 27.745 ], [ 95.426, 27.733 ], [ 95.416, 27.724 ], [ 95.401, 27.727 ], [ 95.391, 27.718 ], [ 95.376, 27.721 ], [ 95.366, 27.712 ], [ 95.351, 27.716 ], [ 95.341, 27.707 ], [ 95.326, 27.71 ], [ 95.316, 27.701 ], [ 95.301, 27.704 ], [ 95.291, 27.695 ], [ 95.276, 27.698 ], [ 95.266, 27.69 ], [ 95.269, 27.677 ], [ 95.284, 27.674 ], [ 95.288, 27.662 ], [ 95.277, 27.653 ], [ 95.281, 27.641 ], [ 95.296, 27.638 ], [ 95.299, 27.625 ], [ 95.289, 27.616 ], [ 95.293, 27.604 ] ] ] ] } },
{ "type": "Feature", "properties": { "POLYGON.ID": 822.0, "subregion": "India--Assam--Tinsukia--Maguri", "POLYGON": "India--Assam--Tinsukia--Maguri", "SHOW": "1", "FILTER": "Not-Assigned", "FILTER.ID": null, "OLD.POLYGON": null, "STATE": "Assam", "COUNTY": "Tinsukia", "OWNER": null }, "geometry": { "type": "MultiPolygon", "coordinates": [ [ [ [ 95.405, 27.545 ], [ 95.409, 27.533 ], [ 95.424, 27.53 ], [ 95.434, 27.539 ], [ 95.449, 27.535 ], [ 95.459, 27.544 ], [ 95.455, 27.557 ], [ 95.466, 27.565 ], [ 95.462, 27.578 ], [ 95.448, 27.581 ], [ 95.444, 27.593 ], [ 95.429, 27.596 ], [ 95.426, 27.609 ], [ 95.411, 27.612 ], [ 95.401, 27.603 ], [ 95.386, 27.606 ], [ 95.375, 27.597 ], [ 95.379, 27.585 ], [ 95.369, 27.576 ], [ 95.354, 27.579 ], [ 95.344, 27.57 ], [ 95.348, 27.558 ], [ 95.362, 27.555 ], [ 95.366, 27.543 ], [ 95.38, 27.539 ], [ 95.391, 27.548 ], [ 95.405, 27.545 ] ] ] ] } },
{ "type": "Feature", "properties": { "POLYGON.ID": 824.0, "subregion": "India--Assam--Dhemaji--Other Rivers", "POLYGON": "India--Assam--Dhemaji--Other Rivers", "SHOW": "1", "FILTER": "Not-Assigned", "FILTER.ID": null, "OLD.POLYGON": null, "STATE": "Assam", "COUNTY": "Dhemaji", "OWNER": null }, "geometry": { "type": "MultiPolygon", "coordinates": [ [ [ [ 94.404, 27.358 ], [ 94.418, 27.354 ], [ 94.429, 27.364 ], [ 94.425, 27.376 ], [ 94.435, 27.385 ], [ 94.45, 27.382 ], [ 94.46, 27.391 ], [ 94.457, 27.403 ], [ 94.467, 27.412 ], [ 94.463, 27.424 ], [ 94.474, 27.433 ], [ 94.47, 27.445 ], [ 94.48, 27.454 ], [ 94.477, 27.467 ], [ 94.487, 27.476 ], [ 94.483, 27.488 ], [ 94.494, 27.497 ], [ 94.49, 27.509 ], [ 94.5, 27.518 ], [ 94.496, 27.53 ], [ 94.482, 27.533 ], [ 94.478, 27.546 ], [ 94.489, 27.555 ], [ 94.485, 27.567 ], [ 94.47, 27.57 ], [ 94.46, 27.561 ], [ 94.445, 27.564 ], [ 94.435, 27.555 ], [ 94.439, 27.543 ], [ 94.428, 27.534 ], [ 94.432, 27.522 ], [ 94.446, 27.518 ], [ 94.45, 27.506 ], [ 94.44, 27.497 ], [ 94.444, 27.485 ], [ 94.433, 27.476 ], [ 94.437, 27.464 ], [ 94.427, 27.455 ], [ 94.43, 27.443 ], [ 94.42, 27.434 ], [ 94.424, 27.421 ], [ 94.413, 27.412 ], [ 94.417, 27.4 ], [ 94.407, 27.391 ], [ 94.392, 27.394 ], [ 94.382, 27.385 ], [ 94.385, 27.373 ], [ 94.375, 27.364 ], [ 94.379, 27.352 ], [ 94.393, 27.349 ], [ 94.404, 27.358 ] ] ], [ [ [ 94.853, 27.633 ], [ 94.857, 27.621 ], [ 94.847, 27.612 ], [ 94.851, 27.6 ], [ 94.865, 27.597 ], [ 94.876, 27.606 ], [ 94.89, 27.603 ], [ 94.901, 27.612 ], [ 94.915, 27.609 ], [ 94.926, 27.618 ], [ 94.922, 27.63 ], [ 94.932, 27.639 ], [ 94.928, 27.651 ], [ 94.914, 27.654 ], [ 94.91, 27.666 ], [ 94.896, 27.669 ], [ 94.892, 27.682 ], [ 94.902, 27.691 ], [ 94.898, 27.703 ], [ 94.884, 27.706 ], [ 94.88, 27.718 ], [ 94.891, 27.727 ], [ 94.905, 27.724 ], [ 94.916, 27.733 ], [ 94.93, 27.73 ], [ 94.934, 27.718 ], [ 94.949, 27.714 ], [ 94.952, 27.702 ], [ 94.967, 27.699 ], [ 94.971, 27.687 ], [ 94.985, 27.684 ], [ 94.989, 27.672 ], [ 95.004, 27.668 ], [ 95.014, 27.677 ], [ 95.029, 27.674 ], [ 95.039, 27.683 ], [ 95.035, 27.695 ], [ 95.046, 27.704 ], [ 95.042, 27.716 ], [ 95.028, 27.72 ], [ 95.024, 27.732 ], [ 95.034, 27.741 ], [ 95.03, 27.753 ], [ 95.041, 27.762 ], [ 95.055, 27.759 ], [ 95.066, 27.768 ], [ 95.08, 27.764 ], [ 95.084, 27.752 ], [ 95.099, 27.749 ], [ 95.109, 27.758 ], [ 95.106, 27.77 ], [ 95.116, 27.779 ], [ 95.112, 27.791 ], [ 95.123, 27.8 ], [ 95.119, 27.812 ], [ 95.104, 27.816 ], [ 95.094, 27.807 ], [ 95.079, 27.81 ], [ 95.069, 27.801 ], [ 95.073, 27.789 ], [ 95.062, 27.78 ], [ 95.048, 27.783 ], [ 95.037, 27.774 ], [ 95.023, 27.777 ], [ 95.012, 27.768 ], [ 94.998, 27.771 ], [ 94.987, 27.762 ], [ 94.973, 27.766 ], [ 94.962, 27.757 ], [ 94.948, 27.76 ], [ 94.937, 27.751 ], [ 94.922, 27.754 ], [ 94.912, 27.745 ], [ 94.897, 27.748 ], [ 94.887, 27.739 ], [ 94.872, 27.742 ], [ 94.862, 27.733 ], [ 94.866, 27.721 ], [ 94.855, 27.712 ], [ 94.859, 27.7 ], [ 94.848, 27.691 ], [ 94.834, 27.694 ], [ 94.823, 27.685 ], [ 94.809, 27.688 ], [ 94.798, 27.679 ], [ 94.784, 27.683 ], [ 94.773, 27.674 ], [ 94.777, 27.661 ], [ 94.767, 27.652 ], [ 94.752, 27.656 ], [ 94.742, 27.647 ], [ 94.727, 27.65 ], [ 94.717, 27.641 ], [ 94.702, 27.644 ], [ 94.692, 27.635 ], [ 94.677, 27.638 ], [ 94.667, 27.629 ], [ 94.67, 27.617 ], [ 94.66, 27.608 ], [ 94.664, 27.596 ], [ 94.653, 27.587 ], [ 94.639, 27.59 ], [ 94.628, 27.581 ], [ 94.632, 27.569 ], [ 94.622, 27.56 ], [ 94.625, 27.547 ], [ 94.615, 27.538 ], [ 94.619, 27.526 ], [ 94.608, 27.517 ], [ 94.612, 27.505 ], [ 94.602, 27.496 ], [ 94.605, 27.484 ], [ 94.595, 27.475 ], [ 94.599, 27.463 ], [ 94.588, 27.454 ], [ 94.592, 27.441 ], [ 94.582, 27.432 ], [ 94.585, 27.42 ], [ 94.575, 27.411 ], [ 94.56, 27.414 ], [ 94.55, 27.405 ], [ 94.554, 27.393 ], [ 94.568, 27.39 ], [ 94.572, 27.378 ], [ 94.587, 27.375 ], [ 94.59, 27.362 ], [ 94.605, 27.359 ], [ 94.615, 27.368 ], [ 94.63, 27.365 ], [ 94.64, 27.374 ], [ 94.637, 27.386 ], [ 94.647, 27.395 ], [ 94.662, 27.392 ], [ 94.672, 27.401 ], [ 94.668, 27.413 ], [ 94.679, 27.422 ], [ 94.675, 27.435 ], [ 94.66, 27.438 ], [ 94.657, 27.45 ], [ 94.642, 27.453 ], [ 94.638, 27.465 ], [ 94.649, 27.474 ], [ 94.645, 27.487 ], [ 94.655, 27.496 ], [ 94.652, 27.508 ], [ 94.662, 27.517 ], [ 94.658, 27.529 ], [ 94.669, 27.538 ], [ 94.665, 27.55 ], [ 94.675, 27.559 ], [ 94.672, 27.571 ], [ 94.682, 27.58 ], [ 94.678, 27.593 ], [ 94.689, 27.602 ], [ 94.703, 27.598 ], [ 94.714, 27.607 ], [ 94.71, 27.62 ], [ 94.72, 27.629 ], [ 94.735, 27.625 ], [ 94.746, 27.634 ], [ 94.76, 27.631 ], [ 94.764, 27.619 ], [ 94.753, 27.61 ], [ 94.757, 27.598 ], [ 94.772, 27.595 ], [ 94.782, 27.604 ], [ 94.797, 27.601 ], [ 94.807, 27.61 ], [ 94.803, 27.622 ], [ 94.814, 27.631 ], [ 94.81, 27.643 ], [ 94.821, 27.652 ], [ 94.817, 27.664 ], [ 94.827, 27.673 ], [ 94.842, 27.67 ], [ 94.846, 27.658 ], [ 94.835, 27.649 ], [ 94.839, 27.637 ], [ 94.853, 27.633 ] ] ], [ [ [ 94.26, 27.513 ], [ 94.264, 27.501 ], [ 94.253, 27.492 ], [ 94.257, 27.48 ], [ 94.272, 27.477 ], [ 94.275, 27.465 ], [ 94.29, 27.462 ], [ 94.3, 27.471 ], [ 94.297, 27.483 ], [ 94.307, 27.492 ], [ 94.303, 27.504 ], [ 94.314, 27.513 ], [ 94.31, 27.525 ], [ 94.295, 27.528 ], [ 94.285, 27.519 ], [ 94.27, 27.523 ], [ 94.26, 27.513 ] ] ] ] } },
{ "type": "Feature", "properties": { "POLYGON.ID": 825.0, "subregion": "India--Assam--Dhemaji--Poba RF", "POLYGON": "India--Assam--Dhemaji--Poba RF", "SHOW": "1", "FILTER": "Not-Assigned", "FILTER.ID": null, "OLD.POLYGON": null, "STATE": "Assam", "COUNTY": "Dhemaji", "OWNER": null }, "geometry": { "type": "MultiPolygon", "coordinates": [ [ [ [ 95.342, 27.831 ], [ 95.338, 27.843 ], [ 95.323, 27.846 ], [ 95.319, 27.858 ], [ 95.305, 27.862 ], [ 95.294, 27.853 ], [ 95.28, 27.856 ], [ 95.269, 27.847 ], [ 95.255, 27.85 ], [ 95.244, 27.841 ], [ 95.248, 27.829 ], [ 95.263, 27.826 ], [ 95.266, 27.814 ], [ 95.256, 27.805 ], [ 95.26, 27.793 ], [ 95.274, 27.789 ], [ 95.285, 27.798 ], [ 95.299, 27.795 ], [ 95.31, 27.804 ], [ 95.306, 27.816 ], [ 95.317, 27.825 ], [ 95.331, 27.822 ], [ 95.342, 27.831 ] ] ] ] } },
{ "type": "Feature", "properties": { "POLYGON.ID": 826.0, "subregion": "India--Assam--Dhemaji--Forests (foothills)", "POLYGON": "India--Assam--Dhemaji--Forests (foothills)", "SHOW": "1", "FILTER": "Not-Assigned", "FILTER.ID": null, "OLD.POLYGON": null, "STATE": "Assam", "COUNTY": "Dhemaji", "OWNER": null }, "geometry": { "type": "MultiPolygon", "coordinates": [ [ [ [ 94.315, 27.592 ], [ 94.311, 27.604 ], [ 94.297, 27.607 ], [ 94.286, 27.598 ], [ 94.272, 27.601 ], [ 94.268, 27.614 ], [ 94.279, 27.623 ], [ 94.275, 27.635 ], [ 94.26, 27.638 ], [ 94.25, 27.629 ], [ 94.235, 27.632 ], [ 94.225, 27.623 ], [ 94.229, 27.611 ], [ 94.218, 27.602 ], [ 94.222, 27.59 ], [ 94.236, 27.586 ], [ 94.24, 27.574 ], [ 94.255, 27.571 ], [ 94.259, 27.559 ], [ 94.273, 27.556 ], [ 94.284, 27.565 ], [ 94.298, 27.562 ], [ 94.309, 27.571 ], [ 94.323, 27.568 ], [ 94.334, 27.577 ], [ 94.33, 27.589 ], [ 94.315, 27.592 ] ] ] ] } },
{ "type": "Feature", "properties": { "POLYGON.ID": 827.0, "subregion": "India--Assam--Lakhimpur--Forests", "POLYGON": "India--Assam--Lakhimpur--Forests", "SHOW": "1", "FILTER": "Not-Assigned", "FILTER.ID": null, "OLD.POLYGON": null, "STATE": "Assam", "COUNTY": "Lakhimpur", "OWNER": null }, "geometry": { "type": "MultiPolygon", "coordinates": [ [ [ [ 94.275, 27.465 ], [ 94.272, 27.477 ], [ 94.257, 27.48 ], [ 94.253, 27.492 ], [ 94.264, 27.501 ], [ 94.26, 27.513 ], [ 94.27, 27.523 ], [ 94.266, 27.535 ], [ 94.252, 27.538 ], [ 94.241, 27.529 ], [ 94.227, 27.532 ], [ 94.216, 27.523 ], [ 94.22, 27.511 ], [ 94.21, 27.502 ], [ 94.214, 27.489 ], [ 94.203, 27.48 ], [ 94.189, 27.483 ], [ 94.178, 27.474 ], [ 94.182, 27.462 ], [ 94.172, 27.453 ], [ 94.157, 27.456 ], [ 94.147, 27.447 ], [ 94.151, 27.435 ], [ 94.14, 27.426 ], [ 94.126, 27.429 ], [ 94.115, 27.42 ], [ 94.119, 27.408 ], [ 94.108, 27.399 ], [ 94.094, 27.402 ], [ 94.083, 27.393 ], [ 94.087, 27.381 ], [ 94.077, 27.372 ], [ 94.062, 27.375 ], [ 94.052, 27.366 ], [ 94.056, 27.353 ], [ 94.045, 27.344 ], [ 94.031, 27.347 ], [ 94.02, 27.338 ], [ 94.006, 27.341 ], [ 93.995, 27.332 ], [ 93.999, 27.32 ], [ 93.989, 27.311 ], [ 93.974, 27.314 ], [ 93.964, 27.305 ], [ 93.968, 27.293 ], [ 93.957, 27.284 ], [ 93.961, 27.272 ], [ 93.95, 27.262 ], [ 93.936, 27.266 ], [ 93.926, 27.256 ], [ 93.911, 27.26 ], [ 93.901, 27.25 ], [ 93.905, 27.238 ], [ 93.894, 27.229 ], [ 93.898, 27.217 ], [ 93.887, 27.208 ], [ 93.873, 27.211 ], [ 93.862, 27.202 ], [ 93.866, 27.19 ], [ 93.856, 27.181 ], [ 93.841, 27.184 ], [ 93.831, 27.174 ], [ 93.835, 27.162 ], [ 93.824, 27.153 ], [ 93.81, 27.156 ], [ 93.799, 27.147 ], [ 93.803, 27.135 ], [ 93.818, 27.132 ], [ 93.822, 27.12 ], [ 93.836, 27.117 ], [ 93.847, 27.126 ], [ 93.861, 27.123 ], [ 93.872, 27.132 ], [ 93.868, 27.144 ], [ 93.878, 27.153 ], [ 93.874, 27.165 ], [ 93.885, 27.174 ], [ 93.899, 27.171 ], [ 93.91, 27.18 ], [ 93.906, 27.193 ], [ 93.916, 27.202 ], [ 93.931, 27.199 ], [ 93.941, 27.208 ], [ 93.937, 27.22 ], [ 93.948, 27.229 ], [ 93.944, 27.241 ], [ 93.954, 27.25 ], [ 93.969, 27.247 ], [ 93.979, 27.256 ], [ 93.994, 27.253 ], [ 94.004, 27.262 ], [ 94.019, 27.259 ], [ 94.029, 27.268 ], [ 94.025, 27.28 ], [ 94.036, 27.29 ], [ 94.05, 27.286 ], [ 94.061, 27.296 ], [ 94.057, 27.308 ], [ 94.067, 27.317 ], [ 94.064, 27.329 ], [ 94.074, 27.338 ], [ 94.089, 27.335 ], [ 94.099, 27.344 ], [ 94.113, 27.341 ], [ 94.124, 27.35 ], [ 94.12, 27.362 ], [ 94.131, 27.371 ], [ 94.127, 27.383 ], [ 94.137, 27.393 ], [ 94.152, 27.389 ], [ 94.162, 27.399 ], [ 94.177, 27.395 ], [ 94.187, 27.404 ], [ 94.202, 27.401 ], [ 94.212, 27.41 ], [ 94.208, 27.423 ], [ 94.219, 27.432 ], [ 94.233, 27.429 ], [ 94.244, 27.438 ], [ 94.24, 27.45 ], [ 94.25, 27.459 ], [ 94.265, 27.456 ], [ 94.275, 27.465 ] ] ] ] } },
{ "type": "Feature", "properties": { "POLYGON.ID": 833.0, "subregion": "India--Assam--Sonitpur--Sonai Rupai WLS", "POLYGON": "India--Assam--Sonitpur--Sonai Rupai WLS", "SHOW": "1", "FILTER": "Not-Assigned", "FILTER.ID": null, "OLD.POLYGON": null, "STATE": "Assam", "COUNTY": "Sonitpur", "OWNER": null }, "geometry": { "type": "MultiPolygon", "coordinates": [ [ [ [ 92.437, 26.955 ], [ 92.427, 26.946 ], [ 92.431, 26.933 ], [ 92.42, 26.924 ], [ 92.424, 26.912 ], [ 92.439, 26.909 ], [ 92.443, 26.897 ], [ 92.457, 26.894 ], [ 92.461, 26.882 ], [ 92.475, 26.879 ], [ 92.479, 26.867 ], [ 92.494, 26.864 ], [ 92.504, 26.873 ], [ 92.518, 26.87 ], [ 92.522, 26.858 ], [ 92.537, 26.855 ], [ 92.547, 26.864 ], [ 92.562, 26.861 ], [ 92.572, 26.87 ], [ 92.586, 26.867 ], [ 92.59, 26.855 ], [ 92.605, 26.852 ], [ 92.615, 26.861 ], [ 92.611, 26.874 ], [ 92.622, 26.883 ], [ 92.618, 26.895 ], [ 92.603, 26.898 ], [ 92.599, 26.91 ], [ 92.585, 26.913 ], [ 92.581, 26.925 ], [ 92.592, 26.935 ], [ 92.588, 26.947 ], [ 92.598, 26.956 ], [ 92.612, 26.953 ], [ 92.623, 26.962 ], [ 92.637, 26.959 ], [ 92.648, 26.968 ], [ 92.662, 26.965 ], [ 92.666, 26.953 ], [ 92.68, 26.95 ], [ 92.684, 26.938 ], [ 92.699, 26.935 ], [ 92.703, 26.923 ], [ 92.717, 26.92 ], [ 92.728, 26.929 ], [ 92.742, 26.926 ], [ 92.746, 26.914 ], [ 92.76, 26.911 ], [ 92.771, 26.92 ], [ 92.785, 26.917 ], [ 92.796, 26.926 ], [ 92.81, 26.923 ], [ 92.821, 26.933 ], [ 92.817, 26.945 ], [ 92.802, 26.948 ], [ 92.798, 26.96 ], [ 92.784, 26.963 ], [ 92.78, 26.975 ], [ 92.765, 26.978 ], [ 92.762, 26.99 ], [ 92.747, 26.993 ], [ 92.737, 26.984 ], [ 92.722, 26.987 ], [ 92.712, 26.978 ], [ 92.697, 26.981 ], [ 92.693, 26.993 ], [ 92.679, 26.996 ], [ 92.669, 26.987 ], [ 92.654, 26.99 ], [ 92.644, 26.981 ], [ 92.629, 26.984 ], [ 92.619, 26.974 ], [ 92.604, 26.977 ], [ 92.594, 26.968 ], [ 92.58, 26.971 ], [ 92.569, 26.962 ], [ 92.555, 26.965 ], [ 92.544, 26.956 ], [ 92.53, 26.959 ], [ 92.526, 26.971 ], [ 92.512, 26.974 ], [ 92.501, 26.964 ], [ 92.487, 26.967 ], [ 92.476, 26.958 ], [ 92.462, 26.961 ], [ 92.452, 26.952 ], [ 92.437, 26.955 ] ] ] ] } },
{ "type": "Feature", "properties": { "POLYGON.ID": 834.0, "subregion": "India--Assam--Sonitpur--Nameri NP", "POLYGON": "India--Assam--Sonitpur--Nameri NP", "SHOW": "1", "FILTER": "Not-Assigned", "FILTER.ID": null, "OLD.POLYGON": null, "STATE": "Assam", "COUNTY": "Sonitpur", "OWNER": null }, "geometry": { "type": "MultiPolygon", "coordinates": [ [ [ [ 92.765, 26.978 ], [ 92.78, 26.975 ], [ 92.784, 26.963 ], [ 92.798, 26.96 ], [ 92.802, 26.948 ], [ 92.817, 26.945 ], [ 92.821, 26.933 ], [ 92.81, 26.923 ], [ 92.814, 26.911 ], [ 92.828, 26.908 ], [ 92.832, 26.896 ], [ 92.822, 26.887 ], [ 92.826, 26.875 ], [ 92.84, 26.872 ], [ 92.844, 26.859 ], [ 92.859, 26.856 ], [ 92.863, 26.844 ], [ 92.877, 26.841 ], [ 92.887, 26.85 ], [ 92.883, 26.863 ], [ 92.894, 26.872 ], [ 92.908, 26.869 ], [ 92.919, 26.878 ], [ 92.915, 26.89 ], [ 92.925, 26.899 ], [ 92.94, 26.896 ], [ 92.95, 26.906 ], [ 92.965, 26.903 ], [ 92.975, 26.912 ], [ 92.989, 26.909 ], [ 93.0, 26.918 ], [ 92.996, 26.93 ], [ 92.982, 26.933 ], [ 92.978, 26.945 ], [ 92.963, 26.948 ], [ 92.953, 26.939 ], [ 92.938, 26.942 ], [ 92.934, 26.954 ], [ 92.92, 26.957 ], [ 92.916, 26.97 ], [ 92.902, 26.973 ], [ 92.898, 26.985 ], [ 92.883, 26.988 ], [ 92.879, 27.0 ], [ 92.865, 27.003 ], [ 92.854, 26.994 ], [ 92.84, 26.997 ], [ 92.836, 27.009 ], [ 92.822, 27.012 ], [ 92.818, 27.024 ], [ 92.803, 27.027 ], [ 92.793, 27.018 ], [ 92.778, 27.021 ], [ 92.775, 27.033 ], [ 92.76, 27.036 ], [ 92.75, 27.027 ], [ 92.735, 27.03 ], [ 92.725, 27.021 ], [ 92.71, 27.024 ], [ 92.7, 27.014 ], [ 92.686, 27.017 ], [ 92.682, 27.03 ], [ 92.667, 27.033 ], [ 92.657, 27.023 ], [ 92.642, 27.026 ], [ 92.632, 27.017 ], [ 92.636, 27.005 ], [ 92.65, 27.002 ], [ 92.654, 26.99 ], [ 92.669, 26.987 ], [ 92.679, 26.996 ], [ 92.693, 26.993 ], [ 92.697, 26.981 ], [ 92.712, 26.978 ], [ 92.722, 26.987 ], [ 92.737, 26.984 ], [ 92.747, 26.993 ], [ 92.762, 26.99 ], [ 92.765, 26.978 ] ] ] ] } },
{ "type": "Feature", "properties": { "POLYGON.ID": 835.0, "subregion": "India--Assam--Sonitpur--Brahmaputra", "POLYGON": "India--Assam--Sonitpur--Brahmaputra", "SHOW": "1", "FILTER": "Not-Assigned", "FILTER.ID": null, "OLD.POLYGON": null, "STATE": "Assam", "COUNTY": "Sonitpur", "OWNER": null }, "geometry": { "type": "MultiPolygon", "coordinates": [ [ [ [ 92.476, 26.628 ], [ 92.466, 26.619 ], [ 92.451, 26.622 ], [ 92.441, 26.613 ], [ 92.426, 26.616 ], [ 92.422, 26.628 ], [ 92.408, 26.631 ], [ 92.398, 26.621 ], [ 92.383, 26.624 ], [ 92.373, 26.615 ], [ 92.359, 26.618 ], [ 92.348, 26.609 ], [ 92.352, 26.597 ], [ 92.366, 26.594 ], [ 92.37, 26.581 ], [ 92.36, 26.572 ], [ 92.364, 26.56 ], [ 92.378, 26.557 ], [ 92.382, 26.545 ], [ 92.372, 26.535 ], [ 92.376, 26.523 ], [ 92.39, 26.52 ], [ 92.394, 26.508 ], [ 92.409, 26.505 ], [ 92.412, 26.493 ], [ 92.427, 26.49 ], [ 92.431, 26.478 ], [ 92.445, 26.475 ], [ 92.456, 26.484 ], [ 92.47, 26.481 ], [ 92.48, 26.49 ], [ 92.495, 26.487 ], [ 92.505, 26.497 ], [ 92.52, 26.494 ], [ 92.53, 26.503 ], [ 92.544, 26.5 ], [ 92.555, 26.509 ], [ 92.569, 26.506 ], [ 92.573, 26.494 ], [ 92.588, 26.491 ], [ 92.598, 26.5 ], [ 92.594, 26.512 ], [ 92.604, 26.522 ], [ 92.619, 26.519 ], [ 92.629, 26.528 ], [ 92.625, 26.54 ], [ 92.636, 26.549 ], [ 92.65, 26.546 ], [ 92.66, 26.556 ], [ 92.675, 26.553 ], [ 92.679, 26.54 ], [ 92.693, 26.537 ], [ 92.704, 26.547 ], [ 92.718, 26.544 ], [ 92.728, 26.553 ], [ 92.743, 26.55 ], [ 92.753, 26.559 ], [ 92.768, 26.556 ], [ 92.778, 26.565 ], [ 92.792, 26.562 ], [ 92.796, 26.55 ], [ 92.811, 26.547 ], [ 92.815, 26.535 ], [ 92.829, 26.532 ], [ 92.84, 26.541 ], [ 92.836, 26.553 ], [ 92.846, 26.563 ], [ 92.86, 26.56 ], [ 92.871, 26.569 ], [ 92.885, 26.566 ], [ 92.896, 26.575 ], [ 92.91, 26.572 ], [ 92.921, 26.581 ], [ 92.935, 26.578 ], [ 92.945, 26.587 ], [ 92.941, 26.6 ], [ 92.952, 26.609 ], [ 92.966, 26.606 ], [ 92.97, 26.594 ], [ 92.985, 26.591 ], [ 92.989, 26.578 ], [ 93.003, 26.575 ], [ 93.013, 26.585 ], [ 93.028, 26.582 ], [ 93.038, 26.591 ], [ 93.053, 26.588 ], [ 93.063, 26.597 ], [ 93.077, 26.594 ], [ 93.088, 26.603 ], [ 93.102, 26.6 ], [ 93.113, 26.609 ], [ 93.127, 26.606 ], [ 93.138, 26.616 ], [ 93.134, 26.628 ], [ 93.144, 26.637 ], [ 93.14, 26.649 ], [ 93.126, 26.652 ], [ 93.122, 26.664 ], [ 93.107, 26.668 ], [ 93.104, 26.68 ], [ 93.114, 26.689 ], [ 93.11, 26.701 ], [ 93.096, 26.704 ], [ 93.092, 26.716 ], [ 93.077, 26.72 ], [ 93.067, 26.71 ], [ 93.052, 26.713 ], [ 93.042, 26.704 ], [ 93.028, 26.707 ], [ 93.017, 26.698 ], [ 93.003, 26.701 ], [ 92.992, 26.692 ], [ 92.978, 26.695 ], [ 92.967, 26.686 ], [ 92.953, 26.689 ], [ 92.943, 26.679 ], [ 92.928, 26.682 ], [ 92.918, 26.673 ], [ 92.903, 26.676 ], [ 92.893, 26.667 ], [ 92.897, 26.655 ], [ 92.886, 26.645 ], [ 92.872, 26.648 ], [ 92.862, 26.639 ], [ 92.847, 26.642 ], [ 92.843, 26.654 ], [ 92.829, 26.657 ], [ 92.818, 26.648 ], [ 92.804, 26.651 ], [ 92.794, 26.642 ], [ 92.779, 26.645 ], [ 92.775, 26.657 ], [ 92.761, 26.66 ], [ 92.75, 26.651 ], [ 92.736, 26.654 ], [ 92.726, 26.645 ], [ 92.711, 26.648 ], [ 92.707, 26.66 ], [ 92.693, 26.663 ], [ 92.682, 26.654 ], [ 92.668, 26.657 ], [ 92.658, 26.648 ], [ 92.643, 26.65 ], [ 92.633, 26.641 ], [ 92.618, 26.644 ], [ 92.608, 26.635 ], [ 92.594, 26.638 ], [ 92.59, 26.65 ], [ 92.575, 26.653 ], [ 92.565, 26.644 ], [ 92.55, 26.647 ], [ 92.54, 26.638 ], [ 92.526, 26.641 ], [ 92.515, 26.631 ], [ 92.501, 26.634 ], [ 92.49, 26.625 ], [ 92.476, 26.628 ] ] ] ] } },
{ "type": "Feature", "properties": { "POLYGON.ID": 836.0, "subregion": "India--Assam--Sonitpur--Kameng", "POLYGON": "India--Assam--Sonitpur--Kameng", "SHOW": "1", "FILTER": "Not-Assigned", "FILTER.ID": null, "OLD.POLYGON": null, "STATE": "Assam", "COUNTY": "Sonitpur", "OWNER": null }, "geometry": { "type": "MultiPolygon", "coordinates": [ [ [ [ 92.861, 26.765 ], [ 92.851, 26.756 ], [ 92.855, 26.743 ], [ 92.844, 26.734 ], [ 92.848, 26.722 ], [ 92.838, 26.713 ], [ 92.842, 26.7 ], [ 92.831, 26.691 ], [ 92.835, 26.679 ], [ 92.85, 26.676 ], [ 92.854, 26.664 ], [ 92.843, 26.654 ], [ 92.847, 26.642 ], [ 92.862, 26.639 ], [ 92.872, 26.648 ], [ 92.886, 26.645 ], [ 92.897, 26.655 ], [ 92.893, 26.667 ], [ 92.903, 26.676 ], [ 92.899, 26.688 ], [ 92.885, 26.691 ], [ 92.881, 26.704 ], [ 92.892, 26.713 ], [ 92.888, 26.725 ], [ 92.898, 26.734 ], [ 92.894, 26.746 ], [ 92.905, 26.756 ], [ 92.901, 26.768 ], [ 92.911, 26.777 ], [ 92.907, 26.789 ], [ 92.893, 26.792 ], [ 92.889, 26.805 ], [ 92.899, 26.814 ], [ 92.895, 26.826 ], [ 92.881, 26.829 ], [ 92.877, 26.841 ], [ 92.863, 26.844 ], [ 92.852, 26.835 ], [ 92.856, 26.823 ], [ 92.846, 26.814 ], [ 92.85, 26.801 ], [ 92.864, 26.798 ], [ 92.868, 26.786 ], [ 92.857, 26.777 ], [ 92.861, 26.765 ] ] ] ] } },
{ "type": "Feature", "properties": { "POLYGON.ID": 837.0, "subregion": "India--Assam--Darrang--Orang NP", "POLYGON": "India--Assam--Darrang--Orang NP", "SHOW": "1", "FILTER": "Not-Assigned", "FILTER.ID": null, "OLD.POLYGON": null, "STATE": "Assam", "COUNTY": "Darrang", "OWNER": null }, "geometry": { "type": "MultiPolygon", "coordinates": [ [ [ [ 92.274, 26.59 ], [ 92.278, 26.578 ], [ 92.267, 26.568 ], [ 92.271, 26.556 ], [ 92.261, 26.547 ], [ 92.246, 26.55 ], [ 92.236, 26.541 ], [ 92.24, 26.528 ], [ 92.23, 26.519 ], [ 92.234, 26.507 ], [ 92.223, 26.498 ], [ 92.227, 26.485 ], [ 92.242, 26.482 ], [ 92.245, 26.47 ], [ 92.235, 26.461 ], [ 92.239, 26.449 ], [ 92.253, 26.446 ], [ 92.264, 26.455 ], [ 92.278, 26.452 ], [ 92.289, 26.461 ], [ 92.285, 26.474 ], [ 92.295, 26.483 ], [ 92.309, 26.48 ], [ 92.32, 26.489 ], [ 92.334, 26.486 ], [ 92.345, 26.495 ], [ 92.341, 26.508 ], [ 92.351, 26.517 ], [ 92.365, 26.514 ], [ 92.376, 26.523 ], [ 92.372, 26.535 ], [ 92.382, 26.545 ], [ 92.378, 26.557 ], [ 92.364, 26.56 ], [ 92.36, 26.572 ], [ 92.346, 26.575 ], [ 92.342, 26.587 ], [ 92.327, 26.59 ], [ 92.323, 26.603 ], [ 92.309, 26.605 ], [ 92.299, 26.596 ], [ 92.284, 26.599 ], [ 92.274, 26.59 ] ] ] ] } },
{ "type": "Feature", "properties": { "POLYGON.ID": 838.0, "subregion": "India--Assam--Darrang--Brahmaputra", "POLYGON": "India--Assam--Darrang--Brahmaputra", "SHOW": "1", "FILTER": "Not-Assigned", "FILTER.ID": null, "OLD.POLYGON": null, "STATE": "Assam", "COUNTY": "Darrang", "OWNER": null }, "geometry": { "type": "MultiPolygon", "coordinates": [ [ [ [ 92.085, 26.469 ], [ 92.075, 26.459 ], [ 92.079, 26.447 ], [ 92.068, 26.438 ], [ 92.054, 26.441 ], [ 92.043, 26.432 ], [ 92.047, 26.419 ], [ 92.037, 26.41 ], [ 92.023, 26.413 ], [ 92.012, 26.404 ], [ 91.998, 26.407 ], [ 91.987, 26.397 ], [ 91.973, 26.4 ], [ 91.963, 26.391 ], [ 91.967, 26.379 ], [ 91.956, 26.369 ], [ 91.942, 26.372 ], [ 91.932, 26.363 ], [ 91.917, 26.366 ], [ 91.907, 26.357 ], [ 91.911, 26.344 ], [ 91.9, 26.335 ], [ 91.904, 26.323 ], [ 91.894, 26.314 ], [ 91.88, 26.316 ], [ 91.869, 26.307 ], [ 91.855, 26.31 ], [ 91.845, 26.301 ], [ 91.849, 26.289 ], [ 91.838, 26.279 ], [ 91.842, 26.267 ], [ 91.832, 26.258 ], [ 91.817, 26.261 ], [ 91.807, 26.251 ], [ 91.793, 26.254 ], [ 91.782, 26.245 ], [ 91.768, 26.248 ], [ 91.758, 26.238 ], [ 91.743, 26.241 ], [ 91.733, 26.232 ], [ 91.737, 26.22 ], [ 91.751, 26.217 ], [ 91.755, 26.205 ], [ 91.77, 26.202 ], [ 91.773, 26.189 ], [ 91.788, 26.187 ], [ 91.798, 26.196 ], [ 91.813, 26.193 ], [ 91.823, 26.202 ], [ 91.837, 26.199 ], [ 91.848, 26.209 ], [ 91.862, 26.206 ], [ 91.872, 26.215 ], [ 91.887, 26.212 ], [ 91.897, 26.221 ], [ 91.911, 26.219 ], [ 91.922, 26.228 ], [ 91.918, 26.24 ], [ 91.928, 26.249 ], [ 91.943, 26.246 ], [ 91.953, 26.256 ], [ 91.967, 26.253 ], [ 91.978, 26.262 ], [ 91.974, 26.274 ], [ 91.984, 26.284 ], [ 91.998, 26.281 ], [ 92.009, 26.29 ], [ 92.023, 26.287 ], [ 92.027, 26.275 ], [ 92.042, 26.272 ], [ 92.052, 26.281 ], [ 92.048, 26.294 ], [ 92.058, 26.303 ], [ 92.054, 26.315 ], [ 92.065, 26.324 ], [ 92.079, 26.321 ], [ 92.089, 26.331 ], [ 92.086, 26.343 ], [ 92.096, 26.352 ], [ 92.11, 26.349 ], [ 92.121, 26.359 ], [ 92.117, 26.371 ], [ 92.127, 26.38 ], [ 92.123, 26.392 ], [ 92.134, 26.402 ], [ 92.148, 26.399 ], [ 92.158, 26.408 ], [ 92.173, 26.405 ], [ 92.183, 26.414 ], [ 92.197, 26.411 ], [ 92.208, 26.421 ], [ 92.222, 26.418 ], [ 92.233, 26.427 ], [ 92.247, 26.424 ], [ 92.257, 26.433 ], [ 92.253, 26.446 ], [ 92.239, 26.449 ], [ 92.235, 26.461 ], [ 92.245, 26.47 ], [ 92.242, 26.482 ], [ 92.227, 26.485 ], [ 92.217, 26.476 ], [ 92.202, 26.479 ], [ 92.192, 26.47 ], [ 92.178, 26.473 ], [ 92.167, 26.463 ], [ 92.153, 26.466 ], [ 92.142, 26.457 ], [ 92.128, 26.46 ], [ 92.124, 26.472 ], [ 92.11, 26.475 ], [ 92.099, 26.466 ], [ 92.085, 26.469 ] ] ] ] } },
{ "type": "Feature", "properties": { "POLYGON.ID": 839.0, "subregion": "India--Assam--Udalguri--Forests", "POLYGON": "India--Assam--Udalguri--Forests", "SHOW": "1", "FILTER": "Not-Assigned", "FILTER.ID": null, "OLD.POLYGON": null, "STATE": "Assam", "COUNTY": "Udalguri", "OWNER": null }, "geometry": { "type": "MultiPolygon", "coordinates": [ [ [ [ 92.179, 26.883 ], [ 92.164, 26.886 ], [ 92.154, 26.876 ], [ 92.139, 26.879 ], [ 92.135, 26.891 ], [ 92.121, 26.894 ], [ 92.111, 26.885 ], [ 92.096, 26.888 ], [ 92.086, 26.879 ], [ 92.09, 26.867 ], [ 92.079, 26.857 ], [ 92.065, 26.86 ], [ 92.055, 26.851 ], [ 92.04, 26.854 ], [ 92.036, 26.866 ], [ 92.022, 26.869 ], [ 92.011, 26.86 ], [ 91.997, 26.863 ], [ 91.993, 26.875 ], [ 91.979, 26.878 ], [ 91.975, 26.89 ], [ 91.96, 26.893 ], [ 91.956, 26.905 ], [ 91.942, 26.908 ], [ 91.938, 26.92 ], [ 91.924, 26.923 ], [ 91.913, 26.914 ], [ 91.899, 26.916 ], [ 91.895, 26.929 ], [ 91.88, 26.932 ], [ 91.87, 26.922 ], [ 91.856, 26.925 ], [ 91.845, 26.916 ], [ 91.849, 26.904 ], [ 91.839, 26.894 ], [ 91.824, 26.897 ], [ 91.814, 26.888 ], [ 91.818, 26.876 ], [ 91.808, 26.867 ], [ 91.793, 26.87 ], [ 91.783, 26.86 ], [ 91.768, 26.863 ], [ 91.758, 26.854 ], [ 91.762, 26.842 ], [ 91.752, 26.832 ], [ 91.737, 26.835 ], [ 91.727, 26.826 ], [ 91.712, 26.829 ], [ 91.702, 26.82 ], [ 91.706, 26.807 ], [ 91.696, 26.798 ], [ 91.7, 26.786 ], [ 91.714, 26.783 ], [ 91.718, 26.771 ], [ 91.732, 26.768 ], [ 91.743, 26.777 ], [ 91.757, 26.774 ], [ 91.768, 26.784 ], [ 91.764, 26.796 ], [ 91.774, 26.805 ], [ 91.788, 26.802 ], [ 91.799, 26.812 ], [ 91.795, 26.824 ], [ 91.805, 26.833 ], [ 91.82, 26.83 ], [ 91.83, 26.839 ], [ 91.844, 26.837 ], [ 91.855, 26.846 ], [ 91.869, 26.843 ], [ 91.873, 26.831 ], [ 91.887, 26.828 ], [ 91.898, 26.837 ], [ 91.912, 26.834 ], [ 91.923, 26.844 ], [ 91.937, 26.841 ], [ 91.947, 26.85 ], [ 91.962, 26.847 ], [ 91.966, 26.835 ], [ 91.98, 26.832 ], [ 91.984, 26.82 ], [ 91.998, 26.817 ], [ 92.009, 26.826 ], [ 92.023, 26.823 ], [ 92.034, 26.832 ], [ 92.048, 26.83 ], [ 92.058, 26.839 ], [ 92.073, 26.836 ], [ 92.083, 26.845 ], [ 92.098, 26.842 ], [ 92.108, 26.851 ], [ 92.122, 26.849 ], [ 92.133, 26.858 ], [ 92.147, 26.855 ], [ 92.158, 26.864 ], [ 92.172, 26.861 ], [ 92.182, 26.87 ], [ 92.197, 26.868 ], [ 92.207, 26.877 ], [ 92.222, 26.874 ], [ 92.232, 26.883 ], [ 92.246, 26.88 ], [ 92.257, 26.889 ], [ 92.271, 26.886 ], [ 92.282, 26.896 ], [ 92.296, 26.893 ], [ 92.307, 26.902 ], [ 92.321, 26.899 ], [ 92.331, 26.908 ], [ 92.346, 26.905 ], [ 92.356, 26.915 ], [ 92.352, 26.927 ], [ 92.338, 26.93 ], [ 92.327, 26.92 ], [ 92.313, 26.923 ], [ 92.303, 26.914 ], [ 92.288, 26.917 ], [ 92.278, 26.908 ], [ 92.263, 26.911 ], [ 92.253, 26.902 ], [ 92.239, 26.905 ], [ 92.228, 26.895 ], [ 92.214, 26.898 ], [ 92.203, 26.889 ], [ 92.189, 26.892 ], [ 92.179, 26.883 ] ] ] ] } },
{ "type": "Feature", "properties": { "POLYGON.ID": 840.0, "subregion": "India--Assam--Kamrup--Brahmaputra", "POLYGON": "India--Assam--Kamrup--Brahmaputra", "SHOW": "1", "FILTER": "Not-Assigned", "FILTER.ID": null, "OLD.POLYGON": null, "STATE": "Assam", "COUNTY": "Kamrup", "OWNER": null }, "geometry": { "type": "MultiPolygon", "coordinates": [ [ [ [ 91.702, 26.204 ], [ 91.687, 26.207 ], [ 91.677, 26.198 ], [ 91.663, 26.2 ], [ 91.659, 26.213 ], [ 91.644, 26.216 ], [ 91.634, 26.206 ], [ 91.62, 26.209 ], [ 91.609, 26.2 ], [ 91.595, 26.203 ], [ 91.585, 26.193 ], [ 91.57, 26.196 ], [ 91.56, 26.187 ], [ 91.546, 26.19 ], [ 91.535, 26.18 ], [ 91.521, 26.183 ], [ 91.511, 26.174 ], [ 91.496, 26.177 ], [ 91.492, 26.189 ], [ 91.503, 26.198 ], [ 91.499, 26.211 ], [ 91.484, 26.214 ], [ 91.48, 26.226 ], [ 91.491, 26.235 ], [ 91.487, 26.247 ], [ 91.472, 26.25 ], [ 91.468, 26.263 ], [ 91.454, 26.265 ], [ 91.444, 26.256 ], [ 91.429, 26.259 ], [ 91.419, 26.25 ], [ 91.423, 26.237 ], [ 91.413, 26.228 ], [ 91.417, 26.216 ], [ 91.406, 26.206 ], [ 91.41, 26.194 ], [ 91.425, 26.191 ], [ 91.429, 26.179 ], [ 91.418, 26.17 ], [ 91.404, 26.173 ], [ 91.394, 26.163 ], [ 91.379, 26.166 ], [ 91.369, 26.157 ], [ 91.355, 26.16 ], [ 91.351, 26.172 ], [ 91.336, 26.175 ], [ 91.326, 26.165 ], [ 91.312, 26.168 ], [ 91.301, 26.159 ], [ 91.287, 26.162 ], [ 91.283, 26.174 ], [ 91.269, 26.177 ], [ 91.258, 26.168 ], [ 91.244, 26.17 ], [ 91.24, 26.183 ], [ 91.226, 26.185 ], [ 91.215, 26.176 ], [ 91.201, 26.179 ], [ 91.191, 26.17 ], [ 91.176, 26.172 ], [ 91.172, 26.185 ], [ 91.158, 26.188 ], [ 91.148, 26.178 ], [ 91.133, 26.181 ], [ 91.123, 26.172 ], [ 91.109, 26.174 ], [ 91.098, 26.165 ], [ 91.084, 26.168 ], [ 91.074, 26.159 ], [ 91.078, 26.146 ], [ 91.092, 26.144 ], [ 91.096, 26.131 ], [ 91.11, 26.128 ], [ 91.121, 26.138 ], [ 91.135, 26.135 ], [ 91.145, 26.144 ], [ 91.16, 26.141 ], [ 91.164, 26.129 ], [ 91.178, 26.126 ], [ 91.182, 26.114 ], [ 91.196, 26.111 ], [ 91.207, 26.121 ], [ 91.221, 26.118 ], [ 91.225, 26.106 ], [ 91.239, 26.103 ], [ 91.243, 26.09 ], [ 91.257, 26.088 ], [ 91.261, 26.075 ], [ 91.276, 26.072 ], [ 91.286, 26.082 ], [ 91.3, 26.079 ], [ 91.311, 26.088 ], [ 91.325, 26.085 ], [ 91.329, 26.073 ], [ 91.343, 26.07 ], [ 91.354, 26.08 ], [ 91.368, 26.077 ], [ 91.378, 26.086 ], [ 91.393, 26.083 ], [ 91.403, 26.093 ], [ 91.399, 26.105 ], [ 91.409, 26.114 ], [ 91.424, 26.111 ], [ 91.434, 26.121 ], [ 91.448, 26.118 ], [ 91.452, 26.106 ], [ 91.467, 26.103 ], [ 91.477, 26.112 ], [ 91.491, 26.109 ], [ 91.495, 26.097 ], [ 91.51, 26.094 ], [ 91.52, 26.103 ], [ 91.534, 26.101 ], [ 91.545, 26.11 ], [ 91.541, 26.122 ], [ 91.551, 26.131 ], [ 91.566, 26.129 ], [ 91.576, 26.138 ], [ 91.59, 26.135 ], [ 91.601, 26.144 ], [ 91.615, 26.141 ], [ 91.625, 26.151 ], [ 91.64, 26.148 ], [ 91.65, 26.157 ], [ 91.664, 26.154 ], [ 91.675, 26.164 ], [ 91.689, 26.161 ], [ 91.699, 26.17 ], [ 91.714, 26.167 ], [ 91.724, 26.177 ], [ 91.738, 26.174 ], [ 91.749, 26.183 ], [ 91.763, 26.18 ], [ 91.773, 26.189 ], [ 91.77, 26.202 ], [ 91.755, 26.205 ], [ 91.751, 26.217 ], [ 91.737, 26.22 ], [ 91.726, 26.21 ], [ 91.712, 26.213 ], [ 91.702, 26.204 ] ] ] ] } },
{ "type": "Feature", "properties": { "POLYGON.ID": 866.0, "subregion": "India--Assam--Goalpara--Forests", "POLYGON": "India--Assam--Goalpara--Forests", "SHOW": "1", "FILTER": "Not-Assigned", "FILTER.ID": null, "OLD.POLYGON": null, "STATE": "Assam", "COUNTY": "Goalpara", "OWNER": null }, "geometry": { "type": "MultiPolygon", "coordinates": [ [ [ [ 90.377, 26.078 ], [ 90.367, 26.069 ], [ 90.371, 26.057 ], [ 90.361, 26.047 ], [ 90.365, 26.035 ], [ 90.379, 26.032 ], [ 90.383, 26.02 ], [ 90.397, 26.017 ], [ 90.401, 26.005 ], [ 90.415, 26.002 ], [ 90.419, 25.99 ], [ 90.434, 25.987 ], [ 90.444, 25.997 ], [ 90.458, 25.994 ], [ 90.469, 26.003 ], [ 90.483, 26.001 ], [ 90.487, 25.988 ], [ 90.501, 25.986 ], [ 90.505, 25.973 ], [ 90.52, 25.971 ], [ 90.524, 25.958 ], [ 90.538, 25.956 ], [ 90.542, 25.943 ], [ 90.532, 25.934 ], [ 90.536, 25.922 ], [ 90.55, 25.919 ], [ 90.56, 25.928 ], [ 90.574, 25.926 ], [ 90.585, 25.935 ], [ 90.581, 25.947 ], [ 90.591, 25.957 ], [ 90.605, 25.954 ], [ 90.609, 25.942 ], [ 90.624, 25.939 ], [ 90.628, 25.927 ], [ 90.642, 25.924 ], [ 90.652, 25.933 ], [ 90.666, 25.93 ], [ 90.677, 25.94 ], [ 90.691, 25.937 ], [ 90.701, 25.946 ], [ 90.716, 25.944 ], [ 90.726, 25.953 ], [ 90.74, 25.95 ], [ 90.751, 25.96 ], [ 90.747, 25.972 ], [ 90.757, 25.981 ], [ 90.753, 25.993 ], [ 90.763, 26.003 ], [ 90.759, 26.015 ], [ 90.769, 26.024 ], [ 90.765, 26.037 ], [ 90.751, 26.039 ], [ 90.747, 26.052 ], [ 90.757, 26.061 ], [ 90.753, 26.073 ], [ 90.764, 26.083 ], [ 90.76, 26.095 ], [ 90.745, 26.098 ], [ 90.735, 26.088 ], [ 90.721, 26.091 ], [ 90.717, 26.103 ], [ 90.702, 26.106 ], [ 90.698, 26.118 ], [ 90.684, 26.121 ], [ 90.68, 26.133 ], [ 90.666, 26.136 ], [ 90.662, 26.148 ], [ 90.648, 26.151 ], [ 90.644, 26.163 ], [ 90.629, 26.166 ], [ 90.625, 26.178 ], [ 90.611, 26.181 ], [ 90.601, 26.172 ], [ 90.586, 26.175 ], [ 90.582, 26.187 ], [ 90.568, 26.19 ], [ 90.558, 26.18 ], [ 90.543, 26.183 ], [ 90.533, 26.174 ], [ 90.519, 26.176 ], [ 90.508, 26.167 ], [ 90.494, 26.17 ], [ 90.484, 26.16 ], [ 90.488, 26.148 ], [ 90.478, 26.139 ], [ 90.463, 26.142 ], [ 90.453, 26.132 ], [ 90.457, 26.12 ], [ 90.447, 26.111 ], [ 90.432, 26.113 ], [ 90.422, 26.104 ], [ 90.408, 26.107 ], [ 90.398, 26.097 ], [ 90.383, 26.1 ], [ 90.373, 26.091 ], [ 90.377, 26.078 ] ] ] ] } },
{ "type": "Feature", "properties": { "POLYGON.ID": 865.0, "subregion": "India--Assam--Goalpara--Plains (west)", "POLYGON": "India--Assam--Goalpara--Plains (west)", "SHOW": "1", "FILTER": "Not-Assigned", "FILTER.ID": null, "OLD.POLYGON": null, "STATE": "Assam", "COUNTY": "Goalpara", "OWNER": null }, "geometry": { "type": "MultiPolygon", "coordinates": [ [ [ [ 90.15, 25.997 ], [ 90.14, 25.987 ], [ 90.144, 25.975 ], [ 90.133, 25.966 ], [ 90.137, 25.954 ], [ 90.152, 25.951 ], [ 90.162, 25.96 ], [ 90.176, 25.957 ], [ 90.18, 25.945 ], [ 90.194, 25.942 ], [ 90.205, 25.952 ], [ 90.219, 25.949 ], [ 90.229, 25.959 ], [ 90.244, 25.956 ], [ 90.254, 25.965 ], [ 90.268, 25.962 ], [ 90.278, 25.972 ], [ 90.293, 25.969 ], [ 90.303, 25.979 ], [ 90.317, 25.976 ], [ 90.327, 25.985 ], [ 90.323, 25.997 ], [ 90.334, 26.007 ], [ 90.348, 26.004 ], [ 90.358, 26.014 ], [ 90.373, 26.011 ], [ 90.383, 26.02 ], [ 90.379, 26.032 ], [ 90.365, 26.035 ], [ 90.361, 26.047 ], [ 90.371, 26.057 ], [ 90.367, 26.069 ], [ 90.377, 26.078 ], [ 90.373, 26.091 ], [ 90.359, 26.093 ], [ 90.348, 26.084 ], [ 90.334, 26.087 ], [ 90.324, 26.077 ], [ 90.328, 26.065 ], [ 90.318, 26.056 ], [ 90.303, 26.058 ], [ 90.293, 26.049 ], [ 90.279, 26.052 ], [ 90.269, 26.042 ], [ 90.254, 26.045 ], [ 90.25, 26.057 ], [ 90.236, 26.06 ], [ 90.226, 26.051 ], [ 90.211, 26.053 ], [ 90.201, 26.044 ], [ 90.205, 26.032 ], [ 90.195, 26.022 ], [ 90.181, 26.025 ], [ 90.17, 26.016 ], [ 90.156, 26.018 ], [ 90.146, 26.009 ], [ 90.15, 25.997 ] ] ] ] } },
{ "type": "Feature", "properties": { "POLYGON.ID": 864.0, "subregion": "India--Assam--Goalpara--Brahmaputra", "POLYGON": "India--Assam--Goalpara--Brahmaputra", "SHOW": "1", "FILTER": "Not-Assigned", "FILTER.ID": null, "OLD.POLYGON": null, "STATE": "Assam", "COUNTY": "Goalpara", "OWNER": null }, "geometry": { "type": "MultiPolygon", "coordinates": [ [ [ [ 90.181, 26.105 ], [ 90.171, 26.096 ], [ 90.175, 26.083 ], [ 90.164, 26.074 ], [ 90.169, 26.062 ], [ 90.183, 26.059 ], [ 90.187, 26.047 ], [ 90.177, 26.037 ], [ 90.181, 26.025 ], [ 90.195, 26.022 ], [ 90.205, 26.032 ], [ 90.201, 26.044 ], [ 90.211, 26.053 ], [ 90.226, 26.051 ], [ 90.236, 26.06 ], [ 90.25, 26.057 ], [ 90.254, 26.045 ], [ 90.269, 26.042 ], [ 90.279, 26.052 ], [ 90.293, 26.049 ], [ 90.303, 26.058 ], [ 90.318, 26.056 ], [ 90.328, 26.065 ], [ 90.324, 26.077 ], [ 90.334, 26.087 ], [ 90.348, 26.084 ], [ 90.359, 26.093 ], [ 90.373, 26.091 ], [ 90.383, 26.1 ], [ 90.398, 26.097 ], [ 90.408, 26.107 ], [ 90.422, 26.104 ], [ 90.432, 26.113 ], [ 90.447, 26.111 ], [ 90.457, 26.12 ], [ 90.453, 26.132 ], [ 90.463, 26.142 ], [ 90.459, 26.154 ], [ 90.445, 26.157 ], [ 90.441, 26.169 ], [ 90.427, 26.172 ], [ 90.423, 26.184 ], [ 90.408, 26.186 ], [ 90.404, 26.199 ], [ 90.39, 26.201 ], [ 90.386, 26.214 ], [ 90.372, 26.216 ], [ 90.361, 26.207 ], [ 90.347, 26.21 ], [ 90.337, 26.2 ], [ 90.323, 26.203 ], [ 90.319, 26.215 ], [ 90.304, 26.218 ], [ 90.294, 26.209 ], [ 90.28, 26.211 ], [ 90.269, 26.202 ], [ 90.255, 26.205 ], [ 90.245, 26.195 ], [ 90.249, 26.183 ], [ 90.239, 26.174 ], [ 90.243, 26.162 ], [ 90.232, 26.152 ], [ 90.218, 26.155 ], [ 90.208, 26.145 ], [ 90.193, 26.148 ], [ 90.183, 26.139 ], [ 90.187, 26.127 ], [ 90.177, 26.117 ], [ 90.181, 26.105 ] ] ] ] } },
{ "type": "Feature", "properties": { "POLYGON.ID": 859.0, "subregion": "India--Assam--Kokrajhar--Chakrashila WLS", "POLYGON": "India--Assam--Kokrajhar--Chakrashila WLS", "SHOW": "1", "FILTER": "Not-Assigned", "FILTER.ID": null, "OLD.POLYGON": null, "STATE": "Assam", "COUNTY": "Kokrajhar", "OWNER": null }, "geometry": { "type": "MultiPolygon", "coordinates": [ [ [ [ 90.36, 26.253 ], [ 90.374, 26.25 ], [ 90.384, 26.26 ], [ 90.38, 26.272 ], [ 90.391, 26.281 ], [ 90.386, 26.293 ], [ 90.397, 26.303 ], [ 90.393, 26.315 ], [ 90.403, 26.324 ], [ 90.399, 26.336 ], [ 90.409, 26.346 ], [ 90.405, 26.358 ], [ 90.416, 26.367 ], [ 90.43, 26.365 ], [ 90.44, 26.374 ], [ 90.436, 26.386 ], [ 90.422, 26.389 ], [ 90.418, 26.401 ], [ 90.404, 26.404 ], [ 90.4, 26.416 ], [ 90.41, 26.425 ], [ 90.406, 26.438 ], [ 90.391, 26.44 ], [ 90.387, 26.453 ], [ 90.373, 26.455 ], [ 90.363, 26.446 ], [ 90.349, 26.449 ], [ 90.338, 26.439 ], [ 90.342, 26.427 ], [ 90.332, 26.418 ], [ 90.318, 26.42 ], [ 90.307, 26.411 ], [ 90.293, 26.414 ], [ 90.283, 26.404 ], [ 90.287, 26.392 ], [ 90.277, 26.383 ], [ 90.262, 26.386 ], [ 90.258, 26.398 ], [ 90.244, 26.401 ], [ 90.24, 26.413 ], [ 90.226, 26.415 ], [ 90.215, 26.406 ], [ 90.201, 26.409 ], [ 90.191, 26.399 ], [ 90.195, 26.387 ], [ 90.184, 26.378 ], [ 90.188, 26.366 ], [ 90.178, 26.356 ], [ 90.182, 26.344 ], [ 90.197, 26.341 ], [ 90.201, 26.329 ], [ 90.215, 26.326 ], [ 90.225, 26.336 ], [ 90.239, 26.333 ], [ 90.243, 26.321 ], [ 90.258, 26.318 ], [ 90.262, 26.306 ], [ 90.252, 26.297 ], [ 90.256, 26.284 ], [ 90.27, 26.282 ], [ 90.274, 26.27 ], [ 90.288, 26.267 ], [ 90.292, 26.255 ], [ 90.306, 26.252 ], [ 90.317, 26.261 ], [ 90.331, 26.258 ], [ 90.341, 26.268 ], [ 90.356, 26.265 ], [ 90.36, 26.253 ] ] ] ] } },
{ "type": "Feature", "properties": { "POLYGON.ID": 858.0, "subregion": "India--Assam--Kokrajhar--Forests (southwest)", "POLYGON": "India--Assam--Kokrajhar--Forests (southwest)", "SHOW": "1", "FILTER": "Not-Assigned", "FILTER.ID": null, "OLD.POLYGON": null, "STATE": "Assam", "COUNTY": "Kokrajhar", "OWNER": null }, "geometry": { "type": "MultiPolygon", "coordinates": [ [ [ [ 89.876, 26.38 ], [ 89.866, 26.37 ], [ 89.87, 26.358 ], [ 89.859, 26.349 ], [ 89.863, 26.337 ], [ 89.878, 26.334 ], [ 89.882, 26.322 ], [ 89.871, 26.312 ], [ 89.875, 26.3 ], [ 89.865, 26.291 ], [ 89.869, 26.279 ], [ 89.859, 26.269 ], [ 89.863, 26.257 ], [ 89.853, 26.248 ], [ 89.857, 26.235 ], [ 89.847, 26.226 ], [ 89.851, 26.214 ], [ 89.865, 26.211 ], [ 89.869, 26.199 ], [ 89.859, 26.19 ], [ 89.863, 26.177 ], [ 89.852, 26.168 ], [ 89.856, 26.156 ], [ 89.871, 26.153 ], [ 89.875, 26.141 ], [ 89.889, 26.138 ], [ 89.893, 26.126 ], [ 89.907, 26.123 ], [ 89.911, 26.111 ], [ 89.926, 26.108 ], [ 89.936, 26.118 ], [ 89.95, 26.115 ], [ 89.96, 26.125 ], [ 89.975, 26.122 ], [ 89.985, 26.131 ], [ 89.999, 26.128 ], [ 90.003, 26.116 ], [ 90.018, 26.114 ], [ 90.028, 26.123 ], [ 90.042, 26.12 ], [ 90.052, 26.13 ], [ 90.048, 26.142 ], [ 90.059, 26.151 ], [ 90.055, 26.163 ], [ 90.065, 26.173 ], [ 90.079, 26.17 ], [ 90.089, 26.18 ], [ 90.104, 26.177 ], [ 90.114, 26.186 ], [ 90.128, 26.184 ], [ 90.139, 26.193 ], [ 90.134, 26.205 ], [ 90.145, 26.215 ], [ 90.141, 26.227 ], [ 90.126, 26.23 ], [ 90.122, 26.242 ], [ 90.133, 26.251 ], [ 90.129, 26.263 ], [ 90.139, 26.273 ], [ 90.135, 26.285 ], [ 90.121, 26.288 ], [ 90.117, 26.3 ], [ 90.127, 26.309 ], [ 90.123, 26.321 ], [ 90.109, 26.324 ], [ 90.104, 26.336 ], [ 90.09, 26.339 ], [ 90.086, 26.351 ], [ 90.072, 26.354 ], [ 90.068, 26.366 ], [ 90.054, 26.369 ], [ 90.049, 26.381 ], [ 90.035, 26.384 ], [ 90.031, 26.396 ], [ 90.017, 26.398 ], [ 90.013, 26.411 ], [ 89.999, 26.413 ], [ 89.995, 26.425 ], [ 89.98, 26.428 ], [ 89.976, 26.44 ], [ 89.962, 26.443 ], [ 89.952, 26.434 ], [ 89.937, 26.436 ], [ 89.927, 26.427 ], [ 89.931, 26.415 ], [ 89.921, 26.405 ], [ 89.907, 26.408 ], [ 89.896, 26.399 ], [ 89.9, 26.387 ], [ 89.89, 26.377 ], [ 89.876, 26.38 ] ] ] ] } },
{ "type": "Feature", "properties": { "POLYGON.ID": 856.0, "subregion": "India--Assam--Kokrajhar--Raimona NP (centre)", "POLYGON": "India--Assam--Kokrajhar--Raimona NP (centre)", "SHOW": "1", "FILTER": "Not-Assigned", "FILTER.ID": null, "OLD.POLYGON": null, "STATE": "Assam", "COUNTY": "Mon", "OWNER": null }, "geometry": { "type": "MultiPolygon", "coordinates": [ [ [ [ 90.098, 26.758 ], [ 90.088, 26.748 ], [ 90.074, 26.751 ], [ 90.063, 26.742 ], [ 90.049, 26.744 ], [ 90.039, 26.735 ], [ 90.025, 26.738 ], [ 90.021, 26.75 ], [ 90.006, 26.752 ], [ 89.996, 26.743 ], [ 89.982, 26.746 ], [ 89.971, 26.736 ], [ 89.957, 26.739 ], [ 89.947, 26.73 ], [ 89.932, 26.732 ], [ 89.928, 26.744 ], [ 89.914, 26.747 ], [ 89.904, 26.738 ], [ 89.908, 26.726 ], [ 89.922, 26.723 ], [ 89.926, 26.711 ], [ 89.916, 26.701 ], [ 89.92, 26.689 ], [ 89.934, 26.687 ], [ 89.938, 26.675 ], [ 89.953, 26.672 ], [ 89.957, 26.66 ], [ 89.946, 26.65 ], [ 89.95, 26.638 ], [ 89.965, 26.636 ], [ 89.969, 26.623 ], [ 89.983, 26.621 ], [ 89.993, 26.63 ], [ 90.008, 26.627 ], [ 90.012, 26.615 ], [ 90.026, 26.613 ], [ 90.03, 26.6 ], [ 90.044, 26.598 ], [ 90.055, 26.607 ], [ 90.069, 26.604 ], [ 90.073, 26.592 ], [ 90.087, 26.59 ], [ 90.098, 26.599 ], [ 90.112, 26.596 ], [ 90.122, 26.606 ], [ 90.136, 26.603 ], [ 90.147, 26.612 ], [ 90.161, 26.61 ], [ 90.171, 26.619 ], [ 90.186, 26.616 ], [ 90.196, 26.626 ], [ 90.21, 26.623 ], [ 90.221, 26.632 ], [ 90.217, 26.644 ], [ 90.202, 26.647 ], [ 90.198, 26.659 ], [ 90.208, 26.669 ], [ 90.204, 26.681 ], [ 90.215, 26.69 ], [ 90.211, 26.702 ], [ 90.221, 26.712 ], [ 90.217, 26.724 ], [ 90.227, 26.733 ], [ 90.223, 26.745 ], [ 90.209, 26.748 ], [ 90.205, 26.76 ], [ 90.191, 26.763 ], [ 90.187, 26.775 ], [ 90.172, 26.778 ], [ 90.162, 26.768 ], [ 90.148, 26.771 ], [ 90.137, 26.762 ], [ 90.123, 26.764 ], [ 90.113, 26.755 ], [ 90.098, 26.758 ] ] ] ] } },
{ "type": "Feature", "properties": { "POLYGON.ID": 855.0, "subregion": "India--Assam--Kokrajhar--Sikhwna Jwhwlao NP", "POLYGON": "India--Assam--Kokrajhar--Sikhwna Jwhwlao NP", "SHOW": "1", "FILTER": "Not-Assigned", "FILTER.ID": null, "OLD.POLYGON": null, "STATE": "Assam", "COUNTY": "Kokrajhar", "OWNER": null }, "geometry": { "type": "MultiPolygon", "coordinates": [ [ [ [ 90.369, 26.752 ], [ 90.365, 26.764 ], [ 90.35, 26.766 ], [ 90.346, 26.778 ], [ 90.357, 26.788 ], [ 90.353, 26.8 ], [ 90.338, 26.803 ], [ 90.334, 26.815 ], [ 90.345, 26.824 ], [ 90.341, 26.836 ], [ 90.351, 26.846 ], [ 90.347, 26.858 ], [ 90.332, 26.86 ], [ 90.328, 26.873 ], [ 90.314, 26.875 ], [ 90.304, 26.866 ], [ 90.289, 26.869 ], [ 90.279, 26.859 ], [ 90.265, 26.862 ], [ 90.261, 26.874 ], [ 90.246, 26.877 ], [ 90.236, 26.867 ], [ 90.222, 26.87 ], [ 90.212, 26.861 ], [ 90.216, 26.849 ], [ 90.205, 26.839 ], [ 90.191, 26.842 ], [ 90.181, 26.833 ], [ 90.185, 26.821 ], [ 90.174, 26.811 ], [ 90.178, 26.799 ], [ 90.168, 26.79 ], [ 90.172, 26.778 ], [ 90.187, 26.775 ], [ 90.191, 26.763 ], [ 90.205, 26.76 ], [ 90.209, 26.748 ], [ 90.223, 26.745 ], [ 90.227, 26.733 ], [ 90.217, 26.724 ], [ 90.221, 26.712 ], [ 90.211, 26.702 ], [ 90.215, 26.69 ], [ 90.204, 26.681 ], [ 90.208, 26.669 ], [ 90.198, 26.659 ], [ 90.202, 26.647 ], [ 90.217, 26.644 ], [ 90.221, 26.632 ], [ 90.235, 26.63 ], [ 90.239, 26.617 ], [ 90.253, 26.615 ], [ 90.257, 26.603 ], [ 90.272, 26.6 ], [ 90.282, 26.609 ], [ 90.296, 26.607 ], [ 90.306, 26.616 ], [ 90.321, 26.613 ], [ 90.331, 26.623 ], [ 90.327, 26.635 ], [ 90.313, 26.637 ], [ 90.309, 26.65 ], [ 90.319, 26.659 ], [ 90.315, 26.671 ], [ 90.325, 26.68 ], [ 90.321, 26.693 ], [ 90.332, 26.702 ], [ 90.346, 26.699 ], [ 90.356, 26.709 ], [ 90.37, 26.706 ], [ 90.381, 26.715 ], [ 90.377, 26.727 ], [ 90.362, 26.73 ], [ 90.358, 26.742 ], [ 90.369, 26.752 ] ] ] ] } },
{ "type": "Feature", "properties": { "POLYGON.ID": 854.0, "subregion": "India--Assam--Chirang--Sikhwna Jwhwlao NP", "POLYGON": "India--Assam--Chirang--Sikhwna Jwhwlao NP", "SHOW": "1", "FILTER": "Not-Assigned", "FILTER.ID": null, "OLD.POLYGON": null, "STATE": "Assam", "COUNTY": "Chirang", "OWNER": null }, "geometry": { "type": "MultiPolygon", "coordinates": [ [ [ [ 90.419, 26.923 ], [ 90.409, 26.914 ], [ 90.394, 26.917 ], [ 90.384, 26.907 ], [ 90.37, 26.91 ], [ 90.366, 26.922 ], [ 90.351, 26.925 ], [ 90.341, 26.915 ], [ 90.345, 26.903 ], [ 90.335, 26.894 ], [ 90.339, 26.882 ], [ 90.328, 26.873 ], [ 90.332, 26.86 ], [ 90.347, 26.858 ], [ 90.351, 26.846 ], [ 90.341, 26.836 ], [ 90.345, 26.824 ], [ 90.334, 26.815 ], [ 90.338, 26.803 ], [ 90.353, 26.8 ], [ 90.357, 26.788 ], [ 90.346, 26.778 ], [ 90.35, 26.766 ], [ 90.365, 26.764 ], [ 90.369, 26.752 ], [ 90.383, 26.749 ], [ 90.393, 26.758 ], [ 90.408, 26.755 ], [ 90.418, 26.765 ], [ 90.414, 26.777 ], [ 90.424, 26.786 ], [ 90.439, 26.783 ], [ 90.449, 26.793 ], [ 90.463, 26.79 ], [ 90.474, 26.799 ], [ 90.47, 26.812 ], [ 90.48, 26.821 ], [ 90.476, 26.833 ], [ 90.486, 26.842 ], [ 90.482, 26.854 ], [ 90.492, 26.864 ], [ 90.488, 26.876 ], [ 90.474, 26.879 ], [ 90.47, 26.891 ], [ 90.456, 26.894 ], [ 90.452, 26.906 ], [ 90.437, 26.908 ], [ 90.433, 26.92 ], [ 90.419, 26.923 ] ] ] ] } },
{ "type": "Feature", "properties": { "POLYGON.ID": 853.0, "subregion": "India--Assam--Chirang--Manas NP", "POLYGON": "India--Assam--Chirang--Manas NP", "SHOW": "1", "FILTER": "Not-Assigned", "FILTER.ID": null, "OLD.POLYGON": null, "STATE": "Assam", "COUNTY": "Chirang", "OWNER": null }, "geometry": { "type": "MultiPolygon", "coordinates": [ [ [ [ 90.547, 26.819 ], [ 90.543, 26.831 ], [ 90.529, 26.834 ], [ 90.519, 26.825 ], [ 90.523, 26.813 ], [ 90.537, 26.81 ], [ 90.541, 26.798 ], [ 90.531, 26.788 ], [ 90.535, 26.776 ], [ 90.549, 26.774 ], [ 90.553, 26.761 ], [ 90.568, 26.759 ], [ 90.572, 26.747 ], [ 90.561, 26.737 ], [ 90.565, 26.725 ], [ 90.555, 26.716 ], [ 90.559, 26.704 ], [ 90.573, 26.701 ], [ 90.577, 26.689 ], [ 90.567, 26.679 ], [ 90.571, 26.667 ], [ 90.585, 26.664 ], [ 90.589, 26.652 ], [ 90.604, 26.65 ], [ 90.608, 26.637 ], [ 90.622, 26.635 ], [ 90.632, 26.644 ], [ 90.647, 26.641 ], [ 90.657, 26.651 ], [ 90.671, 26.648 ], [ 90.675, 26.636 ], [ 90.69, 26.633 ], [ 90.7, 26.642 ], [ 90.714, 26.639 ], [ 90.725, 26.649 ], [ 90.739, 26.646 ], [ 90.743, 26.634 ], [ 90.757, 26.631 ], [ 90.768, 26.64 ], [ 90.782, 26.638 ], [ 90.786, 26.625 ], [ 90.8, 26.623 ], [ 90.811, 26.632 ], [ 90.825, 26.629 ], [ 90.835, 26.639 ], [ 90.85, 26.636 ], [ 90.854, 26.624 ], [ 90.868, 26.621 ], [ 90.878, 26.63 ], [ 90.893, 26.627 ], [ 90.903, 26.637 ], [ 90.899, 26.649 ], [ 90.909, 26.658 ], [ 90.905, 26.67 ], [ 90.891, 26.673 ], [ 90.887, 26.685 ], [ 90.897, 26.695 ], [ 90.912, 26.692 ], [ 90.922, 26.701 ], [ 90.918, 26.713 ], [ 90.928, 26.723 ], [ 90.924, 26.735 ], [ 90.935, 26.744 ], [ 90.931, 26.756 ], [ 90.941, 26.766 ], [ 90.937, 26.778 ], [ 90.947, 26.787 ], [ 90.943, 26.799 ], [ 90.929, 26.802 ], [ 90.919, 26.793 ], [ 90.904, 26.796 ], [ 90.894, 26.786 ], [ 90.88, 26.789 ], [ 90.876, 26.801 ], [ 90.861, 26.804 ], [ 90.851, 26.795 ], [ 90.837, 26.797 ], [ 90.826, 26.788 ], [ 90.812, 26.791 ], [ 90.802, 26.781 ], [ 90.787, 26.784 ], [ 90.783, 26.796 ], [ 90.769, 26.799 ], [ 90.759, 26.79 ], [ 90.744, 26.793 ], [ 90.734, 26.783 ], [ 90.72, 26.786 ], [ 90.709, 26.777 ], [ 90.695, 26.779 ], [ 90.691, 26.792 ], [ 90.677, 26.794 ], [ 90.666, 26.785 ], [ 90.652, 26.788 ], [ 90.648, 26.8 ], [ 90.634, 26.803 ], [ 90.63, 26.815 ], [ 90.615, 26.818 ], [ 90.605, 26.808 ], [ 90.591, 26.811 ], [ 90.586, 26.823 ], [ 90.572, 26.826 ], [ 90.562, 26.817 ], [ 90.547, 26.819 ] ] ] ] } },
{ "type": "Feature", "properties": { "POLYGON.ID": 852.0, "subregion": "India--Assam--Baksa--Manas NP (plains)", "POLYGON": "India--Assam--Baksa--Manas NP (plains)", "SHOW": "1", "FILTER": "Not-Assigned", "FILTER.ID": null, "OLD.POLYGON": null, "STATE": "Assam", "COUNTY": "Baksa", "OWNER": null }, "geometry": { "type": "MultiPolygon", "coordinates": [ [ [ [ 91.195, 26.727 ], [ 91.206, 26.736 ], [ 91.22, 26.734 ], [ 91.23, 26.743 ], [ 91.226, 26.755 ], [ 91.212, 26.758 ], [ 91.208, 26.77 ], [ 91.194, 26.773 ], [ 91.183, 26.764 ], [ 91.169, 26.766 ], [ 91.165, 26.779 ], [ 91.151, 26.781 ], [ 91.14, 26.772 ], [ 91.126, 26.775 ], [ 91.122, 26.787 ], [ 91.108, 26.79 ], [ 91.097, 26.781 ], [ 91.083, 26.783 ], [ 91.073, 26.774 ], [ 91.077, 26.762 ], [ 91.066, 26.753 ], [ 91.052, 26.755 ], [ 91.048, 26.767 ], [ 91.034, 26.77 ], [ 91.023, 26.761 ], [ 91.009, 26.764 ], [ 91.005, 26.776 ], [ 90.99, 26.779 ], [ 90.986, 26.791 ], [ 90.972, 26.794 ], [ 90.968, 26.806 ], [ 90.954, 26.809 ], [ 90.943, 26.799 ], [ 90.947, 26.787 ], [ 90.937, 26.778 ], [ 90.941, 26.766 ], [ 90.931, 26.756 ], [ 90.935, 26.744 ], [ 90.924, 26.735 ], [ 90.928, 26.723 ], [ 90.918, 26.713 ], [ 90.922, 26.701 ], [ 90.912, 26.692 ], [ 90.897, 26.695 ], [ 90.887, 26.685 ], [ 90.891, 26.673 ], [ 90.905, 26.67 ], [ 90.909, 26.658 ], [ 90.899, 26.649 ], [ 90.903, 26.637 ], [ 90.893, 26.627 ], [ 90.897, 26.615 ], [ 90.911, 26.612 ], [ 90.921, 26.622 ], [ 90.936, 26.619 ], [ 90.94, 26.607 ], [ 90.954, 26.604 ], [ 90.965, 26.613 ], [ 90.979, 26.611 ], [ 90.989, 26.62 ], [ 90.985, 26.632 ], [ 90.996, 26.641 ], [ 91.01, 26.639 ], [ 91.02, 26.648 ], [ 91.035, 26.645 ], [ 91.045, 26.654 ], [ 91.059, 26.652 ], [ 91.07, 26.661 ], [ 91.084, 26.658 ], [ 91.094, 26.667 ], [ 91.09, 26.68 ], [ 91.101, 26.689 ], [ 91.115, 26.686 ], [ 91.125, 26.695 ], [ 91.14, 26.693 ], [ 91.15, 26.702 ], [ 91.164, 26.699 ], [ 91.175, 26.708 ], [ 91.189, 26.706 ], [ 91.199, 26.715 ], [ 91.195, 26.727 ] ] ] ] } },
{ "type": "Feature", "properties": { "POLYGON.ID": 851.0, "subregion": "India--Assam--Baksa--Manas NP (hills)", "POLYGON": "India--Assam--Baksa--Manas NP (hills)", "SHOW": "1", "FILTER": "Not-Assigned", "FILTER.ID": null, "OLD.POLYGON": null, "STATE": "Assam", "COUNTY": "Baksa", "OWNER": null }, "geometry": { "type": "MultiPolygon", "coordinates": [ [ [ [ 91.153, 26.815 ], [ 91.139, 26.818 ], [ 91.135, 26.83 ], [ 91.12, 26.833 ], [ 91.11, 26.823 ], [ 91.096, 26.826 ], [ 91.085, 26.817 ], [ 91.071, 26.82 ], [ 91.061, 26.81 ], [ 91.046, 26.813 ], [ 91.036, 26.804 ], [ 91.022, 26.807 ], [ 91.011, 26.797 ], [ 90.997, 26.8 ], [ 90.986, 26.791 ], [ 90.99, 26.779 ], [ 91.005, 26.776 ], [ 91.009, 26.764 ], [ 91.023, 26.761 ], [ 91.034, 26.77 ], [ 91.048, 26.767 ], [ 91.052, 26.755 ], [ 91.066, 26.753 ], [ 91.077, 26.762 ], [ 91.073, 26.774 ], [ 91.083, 26.783 ], [ 91.097, 26.781 ], [ 91.108, 26.79 ], [ 91.122, 26.787 ], [ 91.126, 26.775 ], [ 91.14, 26.772 ], [ 91.151, 26.781 ], [ 91.165, 26.779 ], [ 91.169, 26.766 ], [ 91.183, 26.764 ], [ 91.194, 26.773 ], [ 91.208, 26.77 ], [ 91.212, 26.758 ], [ 91.226, 26.755 ], [ 91.23, 26.743 ], [ 91.245, 26.74 ], [ 91.255, 26.749 ], [ 91.27, 26.747 ], [ 91.274, 26.734 ], [ 91.288, 26.732 ], [ 91.298, 26.741 ], [ 91.313, 26.738 ], [ 91.323, 26.747 ], [ 91.337, 26.745 ], [ 91.348, 26.754 ], [ 91.362, 26.751 ], [ 91.372, 26.76 ], [ 91.368, 26.772 ], [ 91.354, 26.775 ], [ 91.35, 26.787 ], [ 91.336, 26.79 ], [ 91.332, 26.802 ], [ 91.317, 26.805 ], [ 91.307, 26.796 ], [ 91.293, 26.799 ], [ 91.289, 26.811 ], [ 91.274, 26.814 ], [ 91.27, 26.826 ], [ 91.256, 26.829 ], [ 91.246, 26.819 ], [ 91.231, 26.822 ], [ 91.221, 26.813 ], [ 91.206, 26.816 ], [ 91.202, 26.828 ], [ 91.188, 26.831 ], [ 91.178, 26.821 ], [ 91.163, 26.824 ], [ 91.153, 26.815 ] ] ] ] } },
{ "type": "Feature", "properties": { "POLYGON.ID": 850.0, "subregion": "India--Assam--Baksa--Forests (east)", "POLYGON": "India--Assam--Baksa--Forests (east)", "SHOW": "1", "FILTER": "Not-Assigned", "FILTER.ID": null, "OLD.POLYGON": null, "STATE": "Assam", "COUNTY": "Baksa", "OWNER": null }, "geometry": { "type": "MultiPolygon", "coordinates": [ [ [ [ 91.478, 26.808 ], [ 91.474, 26.82 ], [ 91.459, 26.823 ], [ 91.455, 26.835 ], [ 91.441, 26.838 ], [ 91.437, 26.85 ], [ 91.423, 26.853 ], [ 91.412, 26.843 ], [ 91.398, 26.846 ], [ 91.388, 26.837 ], [ 91.392, 26.825 ], [ 91.381, 26.815 ], [ 91.367, 26.818 ], [ 91.356, 26.809 ], [ 91.36, 26.797 ], [ 91.35, 26.787 ], [ 91.354, 26.775 ], [ 91.368, 26.772 ], [ 91.379, 26.782 ], [ 91.393, 26.779 ], [ 91.404, 26.788 ], [ 91.418, 26.785 ], [ 91.428, 26.795 ], [ 91.443, 26.792 ], [ 91.447, 26.78 ], [ 91.461, 26.777 ], [ 91.465, 26.765 ], [ 91.479, 26.762 ], [ 91.49, 26.771 ], [ 91.504, 26.768 ], [ 91.514, 26.778 ], [ 91.529, 26.775 ], [ 91.539, 26.784 ], [ 91.554, 26.781 ], [ 91.564, 26.79 ], [ 91.578, 26.788 ], [ 91.589, 26.797 ], [ 91.603, 26.794 ], [ 91.613, 26.803 ], [ 91.628, 26.8 ], [ 91.632, 26.788 ], [ 91.646, 26.785 ], [ 91.657, 26.795 ], [ 91.671, 26.792 ], [ 91.675, 26.78 ], [ 91.689, 26.777 ], [ 91.7, 26.786 ], [ 91.696, 26.798 ], [ 91.706, 26.807 ], [ 91.702, 26.82 ], [ 91.688, 26.823 ], [ 91.677, 26.813 ], [ 91.663, 26.816 ], [ 91.659, 26.828 ], [ 91.645, 26.831 ], [ 91.634, 26.822 ], [ 91.62, 26.825 ], [ 91.609, 26.815 ], [ 91.595, 26.818 ], [ 91.585, 26.809 ], [ 91.57, 26.812 ], [ 91.56, 26.803 ], [ 91.546, 26.805 ], [ 91.542, 26.818 ], [ 91.527, 26.82 ], [ 91.517, 26.811 ], [ 91.502, 26.814 ], [ 91.492, 26.805 ], [ 91.478, 26.808 ] ] ] ] } },
{ "type": "Feature", "properties": { "POLYGON.ID": 849.0, "subregion": "India--Assam--Bongaigaon--Forests", "POLYGON": "India--Assam--Bongaigaon--Forests", "SHOW": "1", "FILTER": "Not-Assigned", "FILTER.ID": null, "OLD.POLYGON": null, "STATE": "Assam", "COUNTY": "Bongaigaon", "OWNER": null }, "geometry": { "type": "MultiPolygon", "coordinates": [ [ [ [ 90.523, 26.449 ], [ 90.508, 26.452 ], [ 90.504, 26.464 ], [ 90.49, 26.467 ], [ 90.48, 26.458 ], [ 90.465, 26.46 ], [ 90.455, 26.451 ], [ 90.459, 26.439 ], [ 90.449, 26.429 ], [ 90.453, 26.417 ], [ 90.442, 26.408 ], [ 90.446, 26.396 ], [ 90.461, 26.393 ], [ 90.465, 26.381 ], [ 90.479, 26.378 ], [ 90.489, 26.387 ], [ 90.485, 26.399 ], [ 90.496, 26.409 ], [ 90.51, 26.406 ], [ 90.514, 26.394 ], [ 90.504, 26.385 ], [ 90.508, 26.372 ], [ 90.522, 26.37 ], [ 90.526, 26.357 ], [ 90.516, 26.348 ], [ 90.501, 26.351 ], [ 90.491, 26.341 ], [ 90.495, 26.329 ], [ 90.485, 26.32 ], [ 90.489, 26.308 ], [ 90.479, 26.298 ], [ 90.483, 26.286 ], [ 90.472, 26.277 ], [ 90.476, 26.265 ], [ 90.491, 26.262 ], [ 90.501, 26.271 ], [ 90.515, 26.268 ], [ 90.519, 26.256 ], [ 90.534, 26.253 ], [ 90.544, 26.263 ], [ 90.558, 26.26 ], [ 90.562, 26.248 ], [ 90.577, 26.245 ], [ 90.587, 26.254 ], [ 90.601, 26.252 ], [ 90.605, 26.239 ], [ 90.619, 26.237 ], [ 90.63, 26.246 ], [ 90.644, 26.243 ], [ 90.654, 26.253 ], [ 90.65, 26.265 ], [ 90.661, 26.274 ], [ 90.657, 26.286 ], [ 90.667, 26.296 ], [ 90.663, 26.308 ], [ 90.673, 26.317 ], [ 90.669, 26.33 ], [ 90.68, 26.339 ], [ 90.694, 26.336 ], [ 90.704, 26.346 ], [ 90.718, 26.343 ], [ 90.729, 26.352 ], [ 90.725, 26.364 ], [ 90.735, 26.374 ], [ 90.731, 26.386 ], [ 90.741, 26.395 ], [ 90.737, 26.407 ], [ 90.723, 26.41 ], [ 90.719, 26.422 ], [ 90.705, 26.425 ], [ 90.694, 26.416 ], [ 90.68, 26.419 ], [ 90.676, 26.431 ], [ 90.662, 26.434 ], [ 90.658, 26.446 ], [ 90.668, 26.455 ], [ 90.664, 26.467 ], [ 90.65, 26.47 ], [ 90.646, 26.482 ], [ 90.631, 26.485 ], [ 90.627, 26.497 ], [ 90.613, 26.5 ], [ 90.603, 26.491 ], [ 90.588, 26.493 ], [ 90.578, 26.484 ], [ 90.582, 26.472 ], [ 90.572, 26.462 ], [ 90.557, 26.465 ], [ 90.547, 26.456 ], [ 90.533, 26.459 ], [ 90.523, 26.449 ] ] ] ] } },
{ "type": "Feature", "properties": { "POLYGON.ID": 848.0, "subregion": "India--Assam--Bongaigaon--Brahmaputra", "POLYGON": "India--Assam--Bongaigaon--Brahmaputra", "SHOW": "1", "FILTER": "Not-Assigned", "FILTER.ID": null, "OLD.POLYGON": null, "STATE": "Assam", "COUNTY": "Bongaigaon", "OWNER": null }, "geometry": { "type": "MultiPolygon", "coordinates": [ [ [ [ 90.519, 26.256 ], [ 90.515, 26.268 ], [ 90.501, 26.271 ], [ 90.491, 26.262 ], [ 90.476, 26.265 ], [ 90.472, 26.277 ], [ 90.458, 26.279 ], [ 90.448, 26.27 ], [ 90.433, 26.273 ], [ 90.423, 26.263 ], [ 90.409, 26.266 ], [ 90.399, 26.257 ], [ 90.403, 26.245 ], [ 90.392, 26.235 ], [ 90.396, 26.223 ], [ 90.386, 26.214 ], [ 90.39, 26.201 ], [ 90.404, 26.199 ], [ 90.408, 26.186 ], [ 90.423, 26.184 ], [ 90.427, 26.172 ], [ 90.441, 26.169 ], [ 90.445, 26.157 ], [ 90.459, 26.154 ], [ 90.463, 26.142 ], [ 90.478, 26.139 ], [ 90.488, 26.148 ], [ 90.484, 26.16 ], [ 90.494, 26.17 ], [ 90.508, 26.167 ], [ 90.519, 26.176 ], [ 90.533, 26.174 ], [ 90.543, 26.183 ], [ 90.558, 26.18 ], [ 90.568, 26.19 ], [ 90.582, 26.187 ], [ 90.586, 26.175 ], [ 90.601, 26.172 ], [ 90.611, 26.181 ], [ 90.625, 26.178 ], [ 90.636, 26.188 ], [ 90.65, 26.185 ], [ 90.66, 26.194 ], [ 90.656, 26.207 ], [ 90.666, 26.216 ], [ 90.662, 26.228 ], [ 90.648, 26.231 ], [ 90.644, 26.243 ], [ 90.63, 26.246 ], [ 90.619, 26.237 ], [ 90.605, 26.239 ], [ 90.601, 26.252 ], [ 90.587, 26.254 ], [ 90.577, 26.245 ], [ 90.562, 26.248 ], [ 90.558, 26.26 ], [ 90.544, 26.263 ], [ 90.534, 26.253 ], [ 90.519, 26.256 ] ] ] ] } },
{ "type": "Feature", "properties": { "POLYGON.ID": 841.0, "subregion": "India--Assam--Kamrup--Changsari Forest", "POLYGON": "India--Assam--Kamrup--Changsari Forest", "SHOW": "1", "FILTER": "Not-Assigned", "FILTER.ID": null, "OLD.POLYGON": null, "STATE": "Assam", "COUNTY": "Kamrup", "OWNER": null }, "geometry": { "type": "MultiPolygon", "coordinates": [ [ [ [ 91.69, 26.241 ], [ 91.675, 26.244 ], [ 91.672, 26.256 ], [ 91.657, 26.259 ], [ 91.647, 26.249 ], [ 91.651, 26.237 ], [ 91.64, 26.228 ], [ 91.644, 26.216 ], [ 91.659, 26.213 ], [ 91.663, 26.2 ], [ 91.677, 26.198 ], [ 91.687, 26.207 ], [ 91.702, 26.204 ], [ 91.712, 26.213 ], [ 91.726, 26.21 ], [ 91.737, 26.22 ], [ 91.733, 26.232 ], [ 91.743, 26.241 ], [ 91.758, 26.238 ], [ 91.768, 26.248 ], [ 91.764, 26.26 ], [ 91.774, 26.269 ], [ 91.77, 26.282 ], [ 91.781, 26.291 ], [ 91.777, 26.303 ], [ 91.787, 26.312 ], [ 91.783, 26.325 ], [ 91.769, 26.328 ], [ 91.765, 26.34 ], [ 91.75, 26.343 ], [ 91.74, 26.333 ], [ 91.726, 26.336 ], [ 91.715, 26.327 ], [ 91.719, 26.315 ], [ 91.709, 26.305 ], [ 91.713, 26.293 ], [ 91.703, 26.284 ], [ 91.707, 26.272 ], [ 91.696, 26.262 ], [ 91.7, 26.25 ], [ 91.69, 26.241 ] ] ] ] } },
{ "type": "Feature", "properties": { "POLYGON.ID": 842.0, "subregion": "India--Assam--Kamrup--Forest transition", "POLYGON": "India--Assam--Kamrup--Forest transition", "SHOW": "1", "FILTER": "Not-Assigned", "FILTER.ID": null, "OLD.POLYGON": null, "STATE": "Assam", "COUNTY": "Kamrup", "OWNER": null }, "geometry": { "type": "MultiPolygon", "coordinates": [ [ [ [ 91.046, 26.038 ], [ 91.06, 26.035 ], [ 91.071, 26.045 ], [ 91.085, 26.042 ], [ 91.089, 26.03 ], [ 91.079, 26.02 ], [ 91.083, 26.008 ], [ 91.097, 26.005 ], [ 91.101, 25.993 ], [ 91.115, 25.99 ], [ 91.119, 25.978 ], [ 91.134, 25.975 ], [ 91.144, 25.984 ], [ 91.158, 25.982 ], [ 91.162, 25.969 ], [ 91.176, 25.966 ], [ 91.187, 25.976 ], [ 91.201, 25.973 ], [ 91.211, 25.982 ], [ 91.226, 25.979 ], [ 91.236, 25.989 ], [ 91.25, 25.986 ], [ 91.261, 25.995 ], [ 91.275, 25.992 ], [ 91.285, 26.002 ], [ 91.3, 25.999 ], [ 91.31, 26.008 ], [ 91.324, 26.005 ], [ 91.335, 26.015 ], [ 91.349, 26.012 ], [ 91.359, 26.021 ], [ 91.374, 26.018 ], [ 91.384, 26.028 ], [ 91.398, 26.025 ], [ 91.402, 26.013 ], [ 91.417, 26.01 ], [ 91.421, 25.998 ], [ 91.435, 25.995 ], [ 91.439, 25.982 ], [ 91.453, 25.98 ], [ 91.457, 25.967 ], [ 91.472, 25.964 ], [ 91.482, 25.974 ], [ 91.496, 25.971 ], [ 91.507, 25.98 ], [ 91.503, 25.992 ], [ 91.513, 26.002 ], [ 91.527, 25.999 ], [ 91.538, 26.008 ], [ 91.552, 26.005 ], [ 91.562, 26.015 ], [ 91.577, 26.012 ], [ 91.587, 26.021 ], [ 91.583, 26.033 ], [ 91.593, 26.043 ], [ 91.589, 26.055 ], [ 91.575, 26.058 ], [ 91.571, 26.07 ], [ 91.581, 26.08 ], [ 91.577, 26.092 ], [ 91.563, 26.095 ], [ 91.559, 26.107 ], [ 91.545, 26.11 ], [ 91.534, 26.101 ], [ 91.52, 26.103 ], [ 91.51, 26.094 ], [ 91.495, 26.097 ], [ 91.491, 26.109 ], [ 91.477, 26.112 ], [ 91.467, 26.103 ], [ 91.452, 26.106 ], [ 91.448, 26.118 ], [ 91.434, 26.121 ], [ 91.424, 26.111 ], [ 91.409, 26.114 ], [ 91.399, 26.105 ], [ 91.403, 26.093 ], [ 91.393, 26.083 ], [ 91.378, 26.086 ], [ 91.368, 26.077 ], [ 91.354, 26.08 ], [ 91.343, 26.07 ], [ 91.329, 26.073 ], [ 91.325, 26.085 ], [ 91.311, 26.088 ], [ 91.3, 26.079 ], [ 91.286, 26.082 ], [ 91.276, 26.072 ], [ 91.261, 26.075 ], [ 91.257, 26.088 ], [ 91.243, 26.09 ], [ 91.239, 26.103 ], [ 91.225, 26.106 ], [ 91.221, 26.118 ], [ 91.207, 26.121 ], [ 91.196, 26.111 ], [ 91.182, 26.114 ], [ 91.178, 26.126 ], [ 91.164, 26.129 ], [ 91.16, 26.141 ], [ 91.145, 26.144 ], [ 91.135, 26.135 ], [ 91.121, 26.138 ], [ 91.11, 26.128 ], [ 91.096, 26.131 ], [ 91.092, 26.144 ], [ 91.078, 26.146 ], [ 91.067, 26.137 ], [ 91.053, 26.14 ], [ 91.043, 26.13 ], [ 91.028, 26.133 ], [ 91.018, 26.124 ], [ 91.022, 26.112 ], [ 91.012, 26.102 ], [ 90.997, 26.105 ], [ 90.987, 26.096 ], [ 90.973, 26.099 ], [ 90.962, 26.089 ], [ 90.966, 26.077 ], [ 90.981, 26.074 ], [ 90.985, 26.062 ], [ 90.999, 26.059 ], [ 91.003, 26.047 ], [ 91.017, 26.044 ], [ 91.028, 26.053 ], [ 91.042, 26.051 ], [ 91.046, 26.038 ] ] ] ] } },
{ "type": "Feature", "properties": { "POLYGON.ID": 843.0, "subregion": "India--Assam--Kamrup--Garbhanga RF", "POLYGON": "India--Assam--Kamrup--Garbhanga RF", "SHOW": "1", "FILTER": "Not-Assigned", "FILTER.ID": null, "OLD.POLYGON": null, "STATE": "Assam", "COUNTY": "Kamrup", "OWNER": null }, "geometry": { "type": "MultiPolygon", "coordinates": [ [ [ [ 91.682, 26.059 ], [ 91.667, 26.062 ], [ 91.657, 26.053 ], [ 91.643, 26.056 ], [ 91.639, 26.068 ], [ 91.624, 26.071 ], [ 91.614, 26.062 ], [ 91.6, 26.064 ], [ 91.589, 26.055 ], [ 91.593, 26.043 ], [ 91.583, 26.033 ], [ 91.587, 26.021 ], [ 91.601, 26.018 ], [ 91.612, 26.028 ], [ 91.626, 26.025 ], [ 91.63, 26.012 ], [ 91.62, 26.003 ], [ 91.624, 25.991 ], [ 91.638, 25.988 ], [ 91.642, 25.976 ], [ 91.632, 25.966 ], [ 91.636, 25.954 ], [ 91.625, 25.945 ], [ 91.629, 25.932 ], [ 91.644, 25.929 ], [ 91.647, 25.917 ], [ 91.662, 25.914 ], [ 91.672, 25.924 ], [ 91.687, 25.921 ], [ 91.697, 25.93 ], [ 91.693, 25.942 ], [ 91.703, 25.952 ], [ 91.718, 25.949 ], [ 91.728, 25.958 ], [ 91.724, 25.97 ], [ 91.734, 25.98 ], [ 91.73, 25.992 ], [ 91.716, 25.995 ], [ 91.712, 26.007 ], [ 91.722, 26.017 ], [ 91.718, 26.029 ], [ 91.704, 26.032 ], [ 91.7, 26.044 ], [ 91.686, 26.047 ], [ 91.682, 26.059 ] ] ] ] } },
{ "type": "Feature", "properties": { "POLYGON.ID": 844.0, "subregion": "India--Assam--Kamrup--Forests (south)", "POLYGON": "India--Assam--Kamrup--Forests (south)", "SHOW": "1", "FILTER": "Not-Assigned", "FILTER.ID": null, "OLD.POLYGON": null, "STATE": "Assam", "COUNTY": "Kamrup", "OWNER": null }, "geometry": { "type": "MultiPolygon", "coordinates": [ [ [ [ 91.374, 26.018 ], [ 91.359, 26.021 ], [ 91.349, 26.012 ], [ 91.335, 26.015 ], [ 91.324, 26.005 ], [ 91.31, 26.008 ], [ 91.3, 25.999 ], [ 91.285, 26.002 ], [ 91.275, 25.992 ], [ 91.261, 25.995 ], [ 91.25, 25.986 ], [ 91.236, 25.989 ], [ 91.226, 25.979 ], [ 91.211, 25.982 ], [ 91.201, 25.973 ], [ 91.187, 25.976 ], [ 91.176, 25.966 ], [ 91.162, 25.969 ], [ 91.158, 25.982 ], [ 91.144, 25.984 ], [ 91.134, 25.975 ], [ 91.119, 25.978 ], [ 91.115, 25.99 ], [ 91.101, 25.993 ], [ 91.091, 25.984 ], [ 91.076, 25.986 ], [ 91.066, 25.977 ], [ 91.07, 25.965 ], [ 91.06, 25.955 ], [ 91.064, 25.943 ], [ 91.053, 25.934 ], [ 91.057, 25.922 ], [ 91.047, 25.912 ], [ 91.033, 25.915 ], [ 91.022, 25.906 ], [ 91.026, 25.893 ], [ 91.016, 25.884 ], [ 91.02, 25.872 ], [ 91.01, 25.862 ], [ 91.014, 25.85 ], [ 91.003, 25.841 ], [ 91.007, 25.828 ], [ 91.022, 25.825 ], [ 91.032, 25.835 ], [ 91.046, 25.832 ], [ 91.057, 25.841 ], [ 91.071, 25.839 ], [ 91.075, 25.826 ], [ 91.089, 25.823 ], [ 91.1, 25.833 ], [ 91.114, 25.83 ], [ 91.124, 25.839 ], [ 91.139, 25.837 ], [ 91.149, 25.846 ], [ 91.163, 25.843 ], [ 91.173, 25.852 ], [ 91.188, 25.85 ], [ 91.192, 25.837 ], [ 91.181, 25.828 ], [ 91.185, 25.816 ], [ 91.175, 25.806 ], [ 91.179, 25.794 ], [ 91.169, 25.785 ], [ 91.173, 25.772 ], [ 91.187, 25.769 ], [ 91.191, 25.757 ], [ 91.181, 25.748 ], [ 91.185, 25.735 ], [ 91.199, 25.733 ], [ 91.203, 25.72 ], [ 91.217, 25.717 ], [ 91.228, 25.727 ], [ 91.242, 25.724 ], [ 91.252, 25.733 ], [ 91.248, 25.746 ], [ 91.259, 25.755 ], [ 91.273, 25.752 ], [ 91.283, 25.762 ], [ 91.279, 25.774 ], [ 91.29, 25.783 ], [ 91.304, 25.78 ], [ 91.314, 25.79 ], [ 91.31, 25.802 ], [ 91.321, 25.811 ], [ 91.317, 25.824 ], [ 91.327, 25.833 ], [ 91.341, 25.83 ], [ 91.352, 25.84 ], [ 91.366, 25.837 ], [ 91.376, 25.846 ], [ 91.391, 25.843 ], [ 91.401, 25.853 ], [ 91.415, 25.85 ], [ 91.425, 25.859 ], [ 91.44, 25.856 ], [ 91.444, 25.844 ], [ 91.458, 25.841 ], [ 91.468, 25.85 ], [ 91.464, 25.863 ], [ 91.475, 25.872 ], [ 91.471, 25.884 ], [ 91.481, 25.894 ], [ 91.495, 25.891 ], [ 91.506, 25.9 ], [ 91.502, 25.912 ], [ 91.512, 25.922 ], [ 91.508, 25.934 ], [ 91.519, 25.943 ], [ 91.515, 25.956 ], [ 91.525, 25.965 ], [ 91.539, 25.962 ], [ 91.55, 25.971 ], [ 91.546, 25.984 ], [ 91.556, 25.993 ], [ 91.552, 26.005 ], [ 91.538, 26.008 ], [ 91.527, 25.999 ], [ 91.513, 26.002 ], [ 91.503, 25.992 ], [ 91.507, 25.98 ], [ 91.496, 25.971 ], [ 91.482, 25.974 ], [ 91.472, 25.964 ], [ 91.457, 25.967 ], [ 91.453, 25.98 ], [ 91.439, 25.982 ], [ 91.435, 25.995 ], [ 91.421, 25.998 ], [ 91.417, 26.01 ], [ 91.402, 26.013 ], [ 91.398, 26.025 ], [ 91.384, 26.028 ], [ 91.374, 26.018 ] ] ] ] } },
{ "type": "Feature", "properties": { "POLYGON.ID": 845.0, "subregion": "India--Assam--Nalbari--Brahmaputra", "POLYGON": "India--Assam--Nalbari--Brahmaputra", "SHOW": "1", "FILTER": "Not-Assigned", "FILTER.ID": null, "OLD.POLYGON": null, "STATE": "Assam", "COUNTY": "Nalbari", "OWNER": null }, "geometry": { "type": "MultiPolygon", "coordinates": [ [ [ [ 91.228, 26.219 ], [ 91.232, 26.207 ], [ 91.246, 26.204 ], [ 91.25, 26.192 ], [ 91.24, 26.183 ], [ 91.244, 26.17 ], [ 91.258, 26.168 ], [ 91.269, 26.177 ], [ 91.283, 26.174 ], [ 91.287, 26.162 ], [ 91.301, 26.159 ], [ 91.312, 26.168 ], [ 91.326, 26.165 ], [ 91.336, 26.175 ], [ 91.351, 26.172 ], [ 91.355, 26.16 ], [ 91.369, 26.157 ], [ 91.379, 26.166 ], [ 91.394, 26.163 ], [ 91.404, 26.173 ], [ 91.418, 26.17 ], [ 91.429, 26.179 ], [ 91.425, 26.191 ], [ 91.41, 26.194 ], [ 91.406, 26.206 ], [ 91.417, 26.216 ], [ 91.413, 26.228 ], [ 91.423, 26.237 ], [ 91.419, 26.25 ], [ 91.429, 26.259 ], [ 91.425, 26.271 ], [ 91.411, 26.274 ], [ 91.401, 26.265 ], [ 91.386, 26.268 ], [ 91.382, 26.28 ], [ 91.368, 26.283 ], [ 91.358, 26.273 ], [ 91.343, 26.276 ], [ 91.333, 26.267 ], [ 91.319, 26.27 ], [ 91.315, 26.282 ], [ 91.3, 26.285 ], [ 91.29, 26.275 ], [ 91.276, 26.278 ], [ 91.265, 26.269 ], [ 91.251, 26.272 ], [ 91.247, 26.284 ], [ 91.233, 26.287 ], [ 91.222, 26.278 ], [ 91.226, 26.265 ], [ 91.216, 26.256 ], [ 91.22, 26.244 ], [ 91.21, 26.234 ], [ 91.214, 26.222 ], [ 91.228, 26.219 ] ] ] ] } },
{ "type": "Feature", "properties": { "POLYGON.ID": 846.0, "subregion": "India--Assam--Barpeta--Brahmaputra", "POLYGON": "India--Assam--Barpeta--Brahmaputra", "SHOW": "1", "FILTER": "Not-Assigned", "FILTER.ID": null, "OLD.POLYGON": null, "STATE": "Assam", "COUNTY": "Barpeta", "OWNER": null }, "geometry": { "type": "MultiPolygon", "coordinates": [ [ [ [ 90.857, 26.247 ], [ 90.853, 26.259 ], [ 90.839, 26.262 ], [ 90.835, 26.274 ], [ 90.82, 26.277 ], [ 90.81, 26.268 ], [ 90.796, 26.271 ], [ 90.792, 26.283 ], [ 90.777, 26.286 ], [ 90.767, 26.276 ], [ 90.753, 26.279 ], [ 90.749, 26.291 ], [ 90.735, 26.294 ], [ 90.724, 26.285 ], [ 90.728, 26.272 ], [ 90.718, 26.263 ], [ 90.704, 26.266 ], [ 90.693, 26.256 ], [ 90.679, 26.259 ], [ 90.669, 26.25 ], [ 90.654, 26.253 ], [ 90.644, 26.243 ], [ 90.648, 26.231 ], [ 90.662, 26.228 ], [ 90.666, 26.216 ], [ 90.656, 26.207 ], [ 90.66, 26.194 ], [ 90.65, 26.185 ], [ 90.636, 26.188 ], [ 90.625, 26.178 ], [ 90.629, 26.166 ], [ 90.644, 26.163 ], [ 90.648, 26.151 ], [ 90.662, 26.148 ], [ 90.666, 26.136 ], [ 90.68, 26.133 ], [ 90.684, 26.121 ], [ 90.698, 26.118 ], [ 90.702, 26.106 ], [ 90.717, 26.103 ], [ 90.721, 26.091 ], [ 90.735, 26.088 ], [ 90.745, 26.098 ], [ 90.76, 26.095 ], [ 90.77, 26.104 ], [ 90.784, 26.102 ], [ 90.795, 26.111 ], [ 90.809, 26.108 ], [ 90.813, 26.096 ], [ 90.827, 26.093 ], [ 90.831, 26.081 ], [ 90.846, 26.078 ], [ 90.856, 26.087 ], [ 90.87, 26.085 ], [ 90.874, 26.072 ], [ 90.889, 26.07 ], [ 90.899, 26.079 ], [ 90.913, 26.076 ], [ 90.923, 26.085 ], [ 90.938, 26.083 ], [ 90.948, 26.092 ], [ 90.962, 26.089 ], [ 90.973, 26.099 ], [ 90.987, 26.096 ], [ 90.997, 26.105 ], [ 91.012, 26.102 ], [ 91.022, 26.112 ], [ 91.018, 26.124 ], [ 91.028, 26.133 ], [ 91.043, 26.13 ], [ 91.053, 26.14 ], [ 91.067, 26.137 ], [ 91.078, 26.146 ], [ 91.074, 26.159 ], [ 91.084, 26.168 ], [ 91.098, 26.165 ], [ 91.109, 26.174 ], [ 91.123, 26.172 ], [ 91.133, 26.181 ], [ 91.148, 26.178 ], [ 91.158, 26.188 ], [ 91.172, 26.185 ], [ 91.176, 26.172 ], [ 91.191, 26.17 ], [ 91.201, 26.179 ], [ 91.215, 26.176 ], [ 91.226, 26.185 ], [ 91.24, 26.183 ], [ 91.25, 26.192 ], [ 91.246, 26.204 ], [ 91.232, 26.207 ], [ 91.228, 26.219 ], [ 91.214, 26.222 ], [ 91.21, 26.234 ], [ 91.22, 26.244 ], [ 91.216, 26.256 ], [ 91.226, 26.265 ], [ 91.222, 26.278 ], [ 91.208, 26.28 ], [ 91.198, 26.271 ], [ 91.183, 26.274 ], [ 91.173, 26.265 ], [ 91.159, 26.267 ], [ 91.148, 26.258 ], [ 91.134, 26.261 ], [ 91.13, 26.273 ], [ 91.116, 26.276 ], [ 91.105, 26.267 ], [ 91.091, 26.269 ], [ 91.081, 26.26 ], [ 91.066, 26.263 ], [ 91.056, 26.253 ], [ 91.042, 26.256 ], [ 91.031, 26.247 ], [ 91.017, 26.25 ], [ 91.007, 26.24 ], [ 90.992, 26.243 ], [ 90.982, 26.234 ], [ 90.968, 26.237 ], [ 90.964, 26.249 ], [ 90.949, 26.252 ], [ 90.939, 26.242 ], [ 90.925, 26.245 ], [ 90.914, 26.236 ], [ 90.9, 26.239 ], [ 90.89, 26.229 ], [ 90.875, 26.232 ], [ 90.871, 26.244 ], [ 90.857, 26.247 ] ] ] ] } },
{ "type": "Feature", "properties": { "POLYGON.ID": 847.0, "subregion": "India--Assam--Barpeta--Beki River", "POLYGON": "India--Assam--Barpeta--Beki River", "SHOW": "1", "FILTER": "Not-Assigned", "FILTER.ID": null, "OLD.POLYGON": null, "STATE": "Assam", "COUNTY": "Barpeta", "OWNER": null }, "geometry": { "type": "MultiPolygon", "coordinates": [ [ [ [ 90.932, 26.426 ], [ 90.928, 26.438 ], [ 90.939, 26.448 ], [ 90.935, 26.46 ], [ 90.945, 26.469 ], [ 90.941, 26.481 ], [ 90.951, 26.491 ], [ 90.966, 26.488 ], [ 90.976, 26.497 ], [ 90.972, 26.509 ], [ 90.982, 26.519 ], [ 90.978, 26.531 ], [ 90.989, 26.54 ], [ 90.985, 26.553 ], [ 90.995, 26.562 ], [ 90.991, 26.574 ], [ 91.001, 26.583 ], [ 90.997, 26.596 ], [ 90.983, 26.598 ], [ 90.973, 26.589 ], [ 90.958, 26.592 ], [ 90.948, 26.583 ], [ 90.934, 26.585 ], [ 90.923, 26.576 ], [ 90.909, 26.579 ], [ 90.899, 26.569 ], [ 90.903, 26.557 ], [ 90.892, 26.548 ], [ 90.878, 26.551 ], [ 90.868, 26.541 ], [ 90.872, 26.529 ], [ 90.886, 26.526 ], [ 90.89, 26.514 ], [ 90.904, 26.511 ], [ 90.908, 26.499 ], [ 90.898, 26.49 ], [ 90.902, 26.478 ], [ 90.892, 26.468 ], [ 90.896, 26.456 ], [ 90.885, 26.447 ], [ 90.889, 26.435 ], [ 90.904, 26.432 ], [ 90.908, 26.42 ], [ 90.897, 26.41 ], [ 90.901, 26.398 ], [ 90.891, 26.389 ], [ 90.895, 26.377 ], [ 90.885, 26.367 ], [ 90.889, 26.355 ], [ 90.878, 26.346 ], [ 90.864, 26.348 ], [ 90.854, 26.339 ], [ 90.858, 26.327 ], [ 90.847, 26.317 ], [ 90.851, 26.305 ], [ 90.841, 26.296 ], [ 90.845, 26.284 ], [ 90.835, 26.274 ], [ 90.839, 26.262 ], [ 90.853, 26.259 ], [ 90.857, 26.247 ], [ 90.871, 26.244 ], [ 90.875, 26.232 ], [ 90.89, 26.229 ], [ 90.9, 26.239 ], [ 90.896, 26.251 ], [ 90.906, 26.26 ], [ 90.902, 26.272 ], [ 90.913, 26.282 ], [ 90.909, 26.294 ], [ 90.919, 26.303 ], [ 90.915, 26.316 ], [ 90.925, 26.325 ], [ 90.921, 26.337 ], [ 90.932, 26.346 ], [ 90.928, 26.359 ], [ 90.938, 26.368 ], [ 90.934, 26.38 ], [ 90.944, 26.39 ], [ 90.94, 26.402 ], [ 90.951, 26.411 ], [ 90.947, 26.423 ], [ 90.932, 26.426 ] ] ] ] } },
{ "type": "Feature", "properties": { "POLYGON.ID": 860.0, "subregion": "India--Assam--Kokrajhar--Raimona NP (west)", "POLYGON": "India--Assam--Kokrajhar--Raimona NP (west)", "SHOW": "1", "FILTER": "Not-Assigned", "FILTER.ID": null, "OLD.POLYGON": null, "STATE": "Assam", "COUNTY": "Mon", "OWNER": null }, "geometry": { "type": "MultiPolygon", "coordinates": [ [ [ [ 89.965, 26.636 ], [ 89.95, 26.638 ], [ 89.946, 26.65 ], [ 89.957, 26.66 ], [ 89.953, 26.672 ], [ 89.938, 26.675 ], [ 89.934, 26.687 ], [ 89.92, 26.689 ], [ 89.916, 26.701 ], [ 89.926, 26.711 ], [ 89.922, 26.723 ], [ 89.908, 26.726 ], [ 89.904, 26.738 ], [ 89.89, 26.74 ], [ 89.885, 26.753 ], [ 89.871, 26.755 ], [ 89.861, 26.746 ], [ 89.847, 26.749 ], [ 89.836, 26.739 ], [ 89.84, 26.727 ], [ 89.855, 26.724 ], [ 89.859, 26.712 ], [ 89.848, 26.703 ], [ 89.853, 26.691 ], [ 89.867, 26.688 ], [ 89.871, 26.676 ], [ 89.861, 26.667 ], [ 89.865, 26.654 ], [ 89.854, 26.645 ], [ 89.858, 26.633 ], [ 89.848, 26.624 ], [ 89.852, 26.611 ], [ 89.866, 26.609 ], [ 89.871, 26.597 ], [ 89.86, 26.587 ], [ 89.864, 26.575 ], [ 89.854, 26.566 ], [ 89.858, 26.554 ], [ 89.848, 26.544 ], [ 89.852, 26.532 ], [ 89.842, 26.523 ], [ 89.846, 26.511 ], [ 89.835, 26.501 ], [ 89.839, 26.489 ], [ 89.854, 26.486 ], [ 89.858, 26.474 ], [ 89.872, 26.471 ], [ 89.882, 26.481 ], [ 89.878, 26.493 ], [ 89.889, 26.502 ], [ 89.885, 26.515 ], [ 89.895, 26.524 ], [ 89.891, 26.536 ], [ 89.901, 26.545 ], [ 89.915, 26.543 ], [ 89.926, 26.552 ], [ 89.922, 26.564 ], [ 89.907, 26.567 ], [ 89.903, 26.579 ], [ 89.913, 26.589 ], [ 89.909, 26.601 ], [ 89.895, 26.603 ], [ 89.891, 26.615 ], [ 89.901, 26.625 ], [ 89.897, 26.637 ], [ 89.908, 26.646 ], [ 89.922, 26.644 ], [ 89.926, 26.632 ], [ 89.94, 26.629 ], [ 89.944, 26.617 ], [ 89.959, 26.614 ], [ 89.969, 26.623 ], [ 89.965, 26.636 ] ] ] ] } },
{ "type": "Feature", "properties": { "POLYGON.ID": 861.0, "subregion": "India--Assam--Dhubri--Brahmaputra", "POLYGON": "India--Assam--Dhubri--Brahmaputra", "SHOW": "1", "FILTER": "Not-Assigned", "FILTER.ID": null, "OLD.POLYGON": null, "STATE": "Assam", "COUNTY": "Dhubri", "OWNER": null }, "geometry": { "type": "MultiPolygon", "coordinates": [ [ [ [ 90.177, 26.117 ], [ 90.187, 26.127 ], [ 90.183, 26.139 ], [ 90.169, 26.142 ], [ 90.159, 26.132 ], [ 90.144, 26.135 ], [ 90.134, 26.125 ], [ 90.12, 26.128 ], [ 90.11, 26.119 ], [ 90.114, 26.107 ], [ 90.103, 26.097 ], [ 90.089, 26.1 ], [ 90.079, 26.09 ], [ 90.083, 26.078 ], [ 90.073, 26.069 ], [ 90.058, 26.072 ], [ 90.048, 26.062 ], [ 90.034, 26.065 ], [ 90.023, 26.055 ], [ 90.009, 26.058 ], [ 89.999, 26.049 ], [ 89.985, 26.051 ], [ 89.974, 26.042 ], [ 89.96, 26.045 ], [ 89.95, 26.035 ], [ 89.936, 26.038 ], [ 89.925, 26.029 ], [ 89.911, 26.031 ], [ 89.901, 26.022 ], [ 89.887, 26.025 ], [ 89.876, 26.015 ], [ 89.88, 26.003 ], [ 89.87, 25.993 ], [ 89.856, 25.996 ], [ 89.846, 25.987 ], [ 89.831, 25.989 ], [ 89.821, 25.98 ], [ 89.825, 25.968 ], [ 89.815, 25.958 ], [ 89.819, 25.946 ], [ 89.833, 25.943 ], [ 89.837, 25.931 ], [ 89.851, 25.929 ], [ 89.856, 25.916 ], [ 89.845, 25.907 ], [ 89.849, 25.895 ], [ 89.839, 25.885 ], [ 89.843, 25.873 ], [ 89.857, 25.87 ], [ 89.868, 25.88 ], [ 89.882, 25.877 ], [ 89.892, 25.886 ], [ 89.906, 25.884 ], [ 89.917, 25.893 ], [ 89.931, 25.89 ], [ 89.941, 25.9 ], [ 89.937, 25.912 ], [ 89.947, 25.922 ], [ 89.943, 25.934 ], [ 89.954, 25.943 ], [ 89.95, 25.955 ], [ 89.96, 25.965 ], [ 89.974, 25.962 ], [ 89.984, 25.972 ], [ 89.98, 25.984 ], [ 89.991, 25.993 ], [ 90.005, 25.99 ], [ 90.015, 26.0 ], [ 90.029, 25.997 ], [ 90.04, 26.007 ], [ 90.054, 26.004 ], [ 90.064, 26.013 ], [ 90.06, 26.026 ], [ 90.07, 26.035 ], [ 90.085, 26.032 ], [ 90.095, 26.042 ], [ 90.109, 26.039 ], [ 90.119, 26.048 ], [ 90.134, 26.046 ], [ 90.144, 26.055 ], [ 90.158, 26.052 ], [ 90.162, 26.04 ], [ 90.177, 26.037 ], [ 90.187, 26.047 ], [ 90.183, 26.059 ], [ 90.169, 26.062 ], [ 90.164, 26.074 ], [ 90.175, 26.083 ], [ 90.171, 26.096 ], [ 90.181, 26.105 ], [ 90.177, 26.117 ] ] ] ] } },
{ "type": "Feature", "properties": { "POLYGON.ID": 862.0, "subregion": "India--Assam--Dhubri--Other Rivers", "POLYGON": "India--Assam--Dhubri--Other Rivers", "SHOW": "1", "FILTER": "Not-Assigned", "FILTER.ID": null, "OLD.POLYGON": null, "STATE": "Assam", "COUNTY": "Dhubri", "OWNER": null }, "geometry": { "type": "MultiPolygon", "coordinates": [ [ [ [ 89.868, 26.039 ], [ 89.864, 26.052 ], [ 89.85, 26.054 ], [ 89.846, 26.067 ], [ 89.856, 26.076 ], [ 89.852, 26.088 ], [ 89.838, 26.091 ], [ 89.834, 26.103 ], [ 89.844, 26.113 ], [ 89.84, 26.125 ], [ 89.826, 26.127 ], [ 89.822, 26.14 ], [ 89.832, 26.149 ], [ 89.828, 26.161 ], [ 89.838, 26.171 ], [ 89.834, 26.183 ], [ 89.844, 26.192 ], [ 89.84, 26.204 ], [ 89.851, 26.214 ], [ 89.847, 26.226 ], [ 89.857, 26.235 ], [ 89.853, 26.248 ], [ 89.863, 26.257 ], [ 89.859, 26.269 ], [ 89.869, 26.279 ], [ 89.865, 26.291 ], [ 89.875, 26.3 ], [ 89.871, 26.312 ], [ 89.882, 26.322 ], [ 89.878, 26.334 ], [ 89.863, 26.337 ], [ 89.859, 26.349 ], [ 89.87, 26.358 ], [ 89.866, 26.37 ], [ 89.876, 26.38 ], [ 89.89, 26.377 ], [ 89.9, 26.387 ], [ 89.896, 26.399 ], [ 89.882, 26.401 ], [ 89.878, 26.414 ], [ 89.888, 26.423 ], [ 89.884, 26.435 ], [ 89.87, 26.438 ], [ 89.866, 26.45 ], [ 89.876, 26.459 ], [ 89.872, 26.471 ], [ 89.858, 26.474 ], [ 89.848, 26.465 ], [ 89.833, 26.467 ], [ 89.823, 26.458 ], [ 89.809, 26.461 ], [ 89.798, 26.451 ], [ 89.784, 26.454 ], [ 89.78, 26.466 ], [ 89.766, 26.469 ], [ 89.756, 26.459 ], [ 89.76, 26.447 ], [ 89.749, 26.438 ], [ 89.753, 26.426 ], [ 89.743, 26.416 ], [ 89.747, 26.404 ], [ 89.761, 26.401 ], [ 89.766, 26.389 ], [ 89.755, 26.38 ], [ 89.759, 26.368 ], [ 89.774, 26.365 ], [ 89.778, 26.353 ], [ 89.767, 26.343 ], [ 89.771, 26.331 ], [ 89.761, 26.322 ], [ 89.747, 26.325 ], [ 89.737, 26.315 ], [ 89.741, 26.303 ], [ 89.73, 26.294 ], [ 89.734, 26.281 ], [ 89.724, 26.272 ], [ 89.728, 26.26 ], [ 89.718, 26.25 ], [ 89.722, 26.238 ], [ 89.712, 26.229 ], [ 89.716, 26.217 ], [ 89.706, 26.207 ], [ 89.71, 26.195 ], [ 89.724, 26.192 ], [ 89.728, 26.18 ], [ 89.718, 26.171 ], [ 89.722, 26.159 ], [ 89.712, 26.149 ], [ 89.716, 26.137 ], [ 89.73, 26.134 ], [ 89.734, 26.122 ], [ 89.748, 26.119 ], [ 89.752, 26.107 ], [ 89.766, 26.105 ], [ 89.771, 26.092 ], [ 89.76, 26.083 ], [ 89.764, 26.071 ], [ 89.754, 26.061 ], [ 89.758, 26.049 ], [ 89.748, 26.04 ], [ 89.752, 26.027 ], [ 89.766, 26.025 ], [ 89.77, 26.013 ], [ 89.784, 26.01 ], [ 89.789, 25.998 ], [ 89.803, 25.995 ], [ 89.807, 25.983 ], [ 89.821, 25.98 ], [ 89.831, 25.989 ], [ 89.846, 25.987 ], [ 89.856, 25.996 ], [ 89.87, 25.993 ], [ 89.88, 26.003 ], [ 89.876, 26.015 ], [ 89.862, 26.018 ], [ 89.858, 26.03 ], [ 89.868, 26.039 ] ] ] ] } },
{ "type": "Feature", "properties": { "POLYGON.ID": 863.0, "subregion": "India--Assam--South Salmara-Mankachar--Plains", "POLYGON": "India--Assam--South Salmara-Mankachar--Plains", "SHOW": "1", "FILTER": "Not-Assigned", "FILTER.ID": null, "OLD.POLYGON": null, "STATE": "Assam", "COUNTY": "South Salmara-Mankachar", "OWNER": null }, "geometry": { "type": "MultiPolygon", "coordinates": [ [ [ [ 89.885, 25.544 ], [ 89.881, 25.557 ], [ 89.891, 25.566 ], [ 89.887, 25.578 ], [ 89.897, 25.588 ], [ 89.911, 25.585 ], [ 89.921, 25.595 ], [ 89.936, 25.592 ], [ 89.946, 25.601 ], [ 89.96, 25.599 ], [ 89.964, 25.586 ], [ 89.978, 25.584 ], [ 89.989, 25.593 ], [ 90.003, 25.59 ], [ 90.013, 25.6 ], [ 90.009, 25.612 ], [ 89.995, 25.615 ], [ 89.991, 25.627 ], [ 89.977, 25.63 ], [ 89.973, 25.642 ], [ 89.958, 25.645 ], [ 89.954, 25.657 ], [ 89.94, 25.66 ], [ 89.936, 25.672 ], [ 89.946, 25.681 ], [ 89.942, 25.694 ], [ 89.928, 25.696 ], [ 89.924, 25.709 ], [ 89.91, 25.711 ], [ 89.906, 25.724 ], [ 89.891, 25.726 ], [ 89.881, 25.717 ], [ 89.867, 25.72 ], [ 89.857, 25.71 ], [ 89.861, 25.698 ], [ 89.851, 25.689 ], [ 89.855, 25.676 ], [ 89.844, 25.667 ], [ 89.848, 25.655 ], [ 89.863, 25.652 ], [ 89.867, 25.64 ], [ 89.856, 25.63 ], [ 89.86, 25.618 ], [ 89.875, 25.615 ], [ 89.879, 25.603 ], [ 89.868, 25.593 ], [ 89.873, 25.581 ], [ 89.862, 25.572 ], [ 89.866, 25.559 ], [ 89.856, 25.55 ], [ 89.842, 25.553 ], [ 89.832, 25.543 ], [ 89.836, 25.531 ], [ 89.825, 25.521 ], [ 89.829, 25.509 ], [ 89.819, 25.5 ], [ 89.823, 25.487 ], [ 89.838, 25.485 ], [ 89.842, 25.472 ], [ 89.856, 25.47 ], [ 89.866, 25.479 ], [ 89.862, 25.491 ], [ 89.872, 25.501 ], [ 89.868, 25.513 ], [ 89.878, 25.523 ], [ 89.874, 25.535 ], [ 89.885, 25.544 ] ] ] ] } },
{ "type": "Feature", "properties": { "POLYGON.ID": 867.0, "subregion": "India--Assam--Kamrup Metropolitan--Deepor Beel", "POLYGON": "India--Assam--Kamrup Metropolitan--Deepor Beel", "SHOW": "1", "FILTER": "Not-Assigned", "FILTER.ID": null, "OLD.POLYGON": null, "STATE": "Assam", "COUNTY": "Kamrup", "OWNER": null }, "geometry": { "type": "MultiPolygon", "coordinates": [ [ [ [ 91.65, 26.157 ], [ 91.64, 26.148 ], [ 91.625, 26.151 ], [ 91.615, 26.141 ], [ 91.601, 26.144 ], [ 91.59, 26.135 ], [ 91.576, 26.138 ], [ 91.566, 26.129 ], [ 91.551, 26.131 ], [ 91.541, 26.122 ], [ 91.545, 26.11 ], [ 91.559, 26.107 ], [ 91.563, 26.095 ], [ 91.577, 26.092 ], [ 91.581, 26.08 ], [ 91.571, 26.07 ], [ 91.575, 26.058 ], [ 91.589, 26.055 ], [ 91.6, 26.064 ], [ 91.614, 26.062 ], [ 91.624, 26.071 ], [ 91.62, 26.083 ], [ 91.631, 26.092 ], [ 91.645, 26.09 ], [ 91.656, 26.099 ], [ 91.67, 26.096 ], [ 91.68, 26.105 ], [ 91.695, 26.102 ], [ 91.705, 26.112 ], [ 91.701, 26.124 ], [ 91.687, 26.127 ], [ 91.683, 26.139 ], [ 91.693, 26.149 ], [ 91.689, 26.161 ], [ 91.675, 26.164 ], [ 91.664, 26.154 ], [ 91.65, 26.157 ] ] ] ] } },
{ "type": "Feature", "properties": { "POLYGON.ID": 868.0, "subregion": "India--Assam--Kamrup Metropolitan--Garbhanga RF", "POLYGON": "India--Assam--Kamrup Metropolitan--Garbhanga RF", "SHOW": "1", "FILTER": "Not-Assigned", "FILTER.ID": null, "OLD.POLYGON": null, "STATE": "Assam", "COUNTY": "Kamrup", "OWNER": null }, "geometry": { "type": "MultiPolygon", "coordinates": [ [ [ [ 91.705, 26.112 ], [ 91.695, 26.102 ], [ 91.68, 26.105 ], [ 91.67, 26.096 ], [ 91.656, 26.099 ], [ 91.645, 26.09 ], [ 91.631, 26.092 ], [ 91.62, 26.083 ], [ 91.624, 26.071 ], [ 91.639, 26.068 ], [ 91.643, 26.056 ], [ 91.657, 26.053 ], [ 91.667, 26.062 ], [ 91.682, 26.059 ], [ 91.686, 26.047 ], [ 91.7, 26.044 ], [ 91.704, 26.032 ], [ 91.718, 26.029 ], [ 91.729, 26.038 ], [ 91.725, 26.05 ], [ 91.735, 26.06 ], [ 91.749, 26.057 ], [ 91.76, 26.066 ], [ 91.756, 26.079 ], [ 91.766, 26.088 ], [ 91.762, 26.1 ], [ 91.748, 26.103 ], [ 91.744, 26.115 ], [ 91.73, 26.118 ], [ 91.719, 26.109 ], [ 91.705, 26.112 ] ] ] ] } },
{ "type": "Feature", "properties": { "POLYGON.ID": 869.0, "subregion": "India--Assam--Kamrup Metropolitan--Forests (east)", "POLYGON": "India--Assam--Kamrup Metropolitan--Forests (east)", "SHOW": "1", "FILTER": "Not-Assigned", "FILTER.ID": null, "OLD.POLYGON": null, "STATE": "Assam", "COUNTY": "Kamrup", "OWNER": null }, "geometry": { "type": "MultiPolygon", "coordinates": [ [ [ [ 91.969, 26.081 ], [ 91.984, 26.078 ], [ 91.994, 26.087 ], [ 91.99, 26.099 ], [ 92.001, 26.109 ], [ 92.015, 26.106 ], [ 92.025, 26.115 ], [ 92.04, 26.112 ], [ 92.05, 26.121 ], [ 92.064, 26.118 ], [ 92.075, 26.128 ], [ 92.089, 26.125 ], [ 92.093, 26.113 ], [ 92.107, 26.11 ], [ 92.111, 26.097 ], [ 92.126, 26.094 ], [ 92.136, 26.104 ], [ 92.15, 26.101 ], [ 92.161, 26.11 ], [ 92.157, 26.122 ], [ 92.167, 26.132 ], [ 92.163, 26.144 ], [ 92.174, 26.153 ], [ 92.17, 26.166 ], [ 92.155, 26.168 ], [ 92.145, 26.159 ], [ 92.131, 26.162 ], [ 92.127, 26.174 ], [ 92.112, 26.177 ], [ 92.108, 26.19 ], [ 92.094, 26.193 ], [ 92.09, 26.205 ], [ 92.076, 26.208 ], [ 92.065, 26.198 ], [ 92.051, 26.201 ], [ 92.041, 26.192 ], [ 92.026, 26.195 ], [ 92.022, 26.207 ], [ 92.008, 26.21 ], [ 92.004, 26.222 ], [ 91.99, 26.225 ], [ 91.986, 26.238 ], [ 91.971, 26.241 ], [ 91.967, 26.253 ], [ 91.953, 26.256 ], [ 91.943, 26.246 ], [ 91.928, 26.249 ], [ 91.918, 26.24 ], [ 91.922, 26.228 ], [ 91.911, 26.219 ], [ 91.897, 26.221 ], [ 91.887, 26.212 ], [ 91.872, 26.215 ], [ 91.862, 26.206 ], [ 91.848, 26.209 ], [ 91.837, 26.199 ], [ 91.841, 26.187 ], [ 91.831, 26.178 ], [ 91.835, 26.165 ], [ 91.824, 26.156 ], [ 91.828, 26.144 ], [ 91.843, 26.141 ], [ 91.847, 26.129 ], [ 91.836, 26.119 ], [ 91.84, 26.107 ], [ 91.855, 26.104 ], [ 91.859, 26.092 ], [ 91.873, 26.089 ], [ 91.877, 26.077 ], [ 91.867, 26.067 ], [ 91.871, 26.055 ], [ 91.885, 26.052 ], [ 91.895, 26.062 ], [ 91.91, 26.059 ], [ 91.92, 26.068 ], [ 91.934, 26.065 ], [ 91.945, 26.074 ], [ 91.959, 26.071 ], [ 91.969, 26.081 ] ] ] ] } },
{ "type": "Feature", "properties": { "POLYGON.ID": 870.0, "subregion": "India--Assam--Kamrup Metropolitan--Forests (south)", "POLYGON": "India--Assam--Kamrup Metropolitan--Forests (south)", "SHOW": "1", "FILTER": "Not-Assigned", "FILTER.ID": null, "OLD.POLYGON": null, "STATE": "Assam", "COUNTY": "Kamrup", "OWNER": null }, "geometry": { "type": "MultiPolygon", "coordinates": [ [ [ [ 91.975, 26.022 ], [ 91.989, 26.019 ], [ 92.0, 26.029 ], [ 92.014, 26.026 ], [ 92.024, 26.035 ], [ 92.039, 26.032 ], [ 92.049, 26.041 ], [ 92.063, 26.038 ], [ 92.074, 26.048 ], [ 92.088, 26.045 ], [ 92.099, 26.054 ], [ 92.113, 26.051 ], [ 92.117, 26.039 ], [ 92.131, 26.036 ], [ 92.142, 26.045 ], [ 92.138, 26.058 ], [ 92.148, 26.067 ], [ 92.162, 26.064 ], [ 92.173, 26.073 ], [ 92.169, 26.086 ], [ 92.179, 26.095 ], [ 92.175, 26.107 ], [ 92.161, 26.11 ], [ 92.15, 26.101 ], [ 92.136, 26.104 ], [ 92.126, 26.094 ], [ 92.111, 26.097 ], [ 92.107, 26.11 ], [ 92.093, 26.113 ], [ 92.089, 26.125 ], [ 92.075, 26.128 ], [ 92.064, 26.118 ], [ 92.05, 26.121 ], [ 92.04, 26.112 ], [ 92.025, 26.115 ], [ 92.015, 26.106 ], [ 92.001, 26.109 ], [ 91.99, 26.099 ], [ 91.994, 26.087 ], [ 91.984, 26.078 ], [ 91.969, 26.081 ], [ 91.959, 26.071 ], [ 91.945, 26.074 ], [ 91.934, 26.065 ], [ 91.92, 26.068 ], [ 91.91, 26.059 ], [ 91.895, 26.062 ], [ 91.885, 26.052 ], [ 91.871, 26.055 ], [ 91.86, 26.046 ], [ 91.864, 26.033 ], [ 91.879, 26.031 ], [ 91.883, 26.018 ], [ 91.897, 26.015 ], [ 91.901, 26.003 ], [ 91.915, 26.0 ], [ 91.926, 26.009 ], [ 91.94, 26.007 ], [ 91.95, 26.016 ], [ 91.965, 26.013 ], [ 91.975, 26.022 ] ] ] ] } },
{ "type": "Feature", "properties": { "POLYGON.ID": 871.0, "subregion": "India--Assam--Morigaon--Brahmaputra", "POLYGON": "India--Assam--Morigaon--Brahmaputra", "SHOW": "1", "FILTER": "Not-Assigned", "FILTER.ID": null, "OLD.POLYGON": null, "STATE": "Assam", "COUNTY": "Morigaon", "OWNER": null }, "geometry": { "type": "MultiPolygon", "coordinates": [ [ [ [ 92.233, 26.427 ], [ 92.222, 26.418 ], [ 92.208, 26.421 ], [ 92.197, 26.411 ], [ 92.183, 26.414 ], [ 92.173, 26.405 ], [ 92.158, 26.408 ], [ 92.148, 26.399 ], [ 92.134, 26.402 ], [ 92.123, 26.392 ], [ 92.127, 26.38 ], [ 92.117, 26.371 ], [ 92.121, 26.359 ], [ 92.11, 26.349 ], [ 92.096, 26.352 ], [ 92.086, 26.343 ], [ 92.089, 26.331 ], [ 92.079, 26.321 ], [ 92.065, 26.324 ], [ 92.054, 26.315 ], [ 92.058, 26.303 ], [ 92.048, 26.294 ], [ 92.052, 26.281 ], [ 92.042, 26.272 ], [ 92.045, 26.26 ], [ 92.06, 26.257 ], [ 92.07, 26.266 ], [ 92.085, 26.263 ], [ 92.095, 26.272 ], [ 92.109, 26.27 ], [ 92.12, 26.279 ], [ 92.134, 26.276 ], [ 92.144, 26.285 ], [ 92.141, 26.297 ], [ 92.151, 26.307 ], [ 92.165, 26.304 ], [ 92.176, 26.313 ], [ 92.172, 26.325 ], [ 92.182, 26.335 ], [ 92.178, 26.347 ], [ 92.189, 26.356 ], [ 92.203, 26.353 ], [ 92.213, 26.363 ], [ 92.228, 26.36 ], [ 92.238, 26.369 ], [ 92.234, 26.381 ], [ 92.244, 26.39 ], [ 92.259, 26.387 ], [ 92.269, 26.397 ], [ 92.284, 26.394 ], [ 92.294, 26.403 ], [ 92.308, 26.4 ], [ 92.319, 26.409 ], [ 92.315, 26.422 ], [ 92.325, 26.431 ], [ 92.34, 26.428 ], [ 92.35, 26.437 ], [ 92.364, 26.434 ], [ 92.375, 26.444 ], [ 92.389, 26.441 ], [ 92.4, 26.45 ], [ 92.396, 26.462 ], [ 92.406, 26.471 ], [ 92.42, 26.468 ], [ 92.431, 26.478 ], [ 92.427, 26.49 ], [ 92.412, 26.493 ], [ 92.409, 26.505 ], [ 92.394, 26.508 ], [ 92.39, 26.52 ], [ 92.376, 26.523 ], [ 92.365, 26.514 ], [ 92.351, 26.517 ], [ 92.341, 26.508 ], [ 92.345, 26.495 ], [ 92.334, 26.486 ], [ 92.32, 26.489 ], [ 92.309, 26.48 ], [ 92.295, 26.483 ], [ 92.285, 26.474 ], [ 92.289, 26.461 ], [ 92.278, 26.452 ], [ 92.264, 26.455 ], [ 92.253, 26.446 ], [ 92.257, 26.433 ], [ 92.247, 26.424 ], [ 92.233, 26.427 ] ] ] ] } },
{ "type": "Feature", "properties": { "POLYGON.ID": 872.0, "subregion": "India--Assam--Morigaon--Forests", "POLYGON": "India--Assam--Morigaon--Forests", "SHOW": "1", "FILTER": "Not-Assigned", "FILTER.ID": null, "OLD.POLYGON": null, "STATE": "Assam", "COUNTY": "Morigaon", "OWNER": null }, "geometry": { "type": "MultiPolygon", "coordinates": [ [ [ [ 92.216, 26.064 ], [ 92.23, 26.061 ], [ 92.241, 26.071 ], [ 92.255, 26.068 ], [ 92.259, 26.055 ], [ 92.273, 26.052 ], [ 92.284, 26.062 ], [ 92.28, 26.074 ], [ 92.29, 26.083 ], [ 92.304, 26.08 ], [ 92.315, 26.09 ], [ 92.329, 26.087 ], [ 92.333, 26.074 ], [ 92.347, 26.071 ], [ 92.358, 26.081 ], [ 92.372, 26.078 ], [ 92.383, 26.087 ], [ 92.379, 26.099 ], [ 92.389, 26.109 ], [ 92.403, 26.106 ], [ 92.414, 26.115 ], [ 92.428, 26.112 ], [ 92.432, 26.1 ], [ 92.446, 26.097 ], [ 92.457, 26.106 ], [ 92.453, 26.118 ], [ 92.463, 26.128 ], [ 92.478, 26.125 ], [ 92.488, 26.134 ], [ 92.484, 26.146 ], [ 92.494, 26.156 ], [ 92.509, 26.153 ], [ 92.519, 26.162 ], [ 92.515, 26.174 ], [ 92.501, 26.177 ], [ 92.491, 26.168 ], [ 92.476, 26.171 ], [ 92.466, 26.161 ], [ 92.451, 26.164 ], [ 92.441, 26.155 ], [ 92.427, 26.158 ], [ 92.416, 26.149 ], [ 92.402, 26.152 ], [ 92.391, 26.143 ], [ 92.377, 26.146 ], [ 92.373, 26.158 ], [ 92.359, 26.161 ], [ 92.348, 26.151 ], [ 92.352, 26.139 ], [ 92.342, 26.13 ], [ 92.346, 26.118 ], [ 92.336, 26.108 ], [ 92.321, 26.111 ], [ 92.311, 26.102 ], [ 92.296, 26.105 ], [ 92.292, 26.117 ], [ 92.278, 26.12 ], [ 92.274, 26.133 ], [ 92.26, 26.135 ], [ 92.249, 26.126 ], [ 92.235, 26.129 ], [ 92.225, 26.12 ], [ 92.21, 26.123 ], [ 92.2, 26.113 ], [ 92.186, 26.116 ], [ 92.175, 26.107 ], [ 92.179, 26.095 ], [ 92.169, 26.086 ], [ 92.173, 26.073 ], [ 92.187, 26.07 ], [ 92.197, 26.08 ], [ 92.212, 26.077 ], [ 92.216, 26.064 ] ] ] ] } },
{ "type": "Feature", "properties": { "POLYGON.ID": 873.0, "subregion": "India--Assam--Morigaon--Pobitora WLS", "POLYGON": "India--Assam--Morigaon--Pobitora WLS", "SHOW": "1", "FILTER": "Not-Assigned", "FILTER.ID": null, "OLD.POLYGON": null, "STATE": "Assam", "COUNTY": "Morigaon", "OWNER": null }, "geometry": { "type": "MultiPolygon", "coordinates": [ [ [ [ 91.974, 26.274 ], [ 91.978, 26.262 ], [ 91.967, 26.253 ], [ 91.971, 26.241 ], [ 91.986, 26.238 ], [ 91.99, 26.225 ], [ 92.004, 26.222 ], [ 92.008, 26.21 ], [ 92.022, 26.207 ], [ 92.026, 26.195 ], [ 92.041, 26.192 ], [ 92.051, 26.201 ], [ 92.065, 26.198 ], [ 92.076, 26.208 ], [ 92.09, 26.205 ], [ 92.1, 26.214 ], [ 92.096, 26.226 ], [ 92.107, 26.236 ], [ 92.103, 26.248 ], [ 92.089, 26.251 ], [ 92.085, 26.263 ], [ 92.07, 26.266 ], [ 92.06, 26.257 ], [ 92.045, 26.26 ], [ 92.042, 26.272 ], [ 92.027, 26.275 ], [ 92.023, 26.287 ], [ 92.009, 26.29 ], [ 91.998, 26.281 ], [ 91.984, 26.284 ], [ 91.974, 26.274 ] ] ] ] } },
{ "type": "Feature", "properties": { "POLYGON.ID": 874.0, "subregion": "India--Assam--Nagaon--Laikhowa WLS", "POLYGON": "India--Assam--Nagaon--Laikhowa WLS", "SHOW": "1", "FILTER": "Not-Assigned", "FILTER.ID": null, "OLD.POLYGON": null, "STATE": "Assam", "COUNTY": "Nagaon", "OWNER": null }, "geometry": { "type": "MultiPolygon", "coordinates": [ [ [ [ 92.727, 26.473 ], [ 92.742, 26.47 ], [ 92.752, 26.479 ], [ 92.767, 26.476 ], [ 92.777, 26.486 ], [ 92.791, 26.483 ], [ 92.802, 26.492 ], [ 92.798, 26.504 ], [ 92.808, 26.513 ], [ 92.823, 26.51 ], [ 92.833, 26.52 ], [ 92.829, 26.532 ], [ 92.815, 26.535 ], [ 92.811, 26.547 ], [ 92.796, 26.55 ], [ 92.792, 26.562 ], [ 92.778, 26.565 ], [ 92.768, 26.556 ], [ 92.753, 26.559 ], [ 92.743, 26.55 ], [ 92.728, 26.553 ], [ 92.718, 26.544 ], [ 92.704, 26.547 ], [ 92.693, 26.537 ], [ 92.679, 26.54 ], [ 92.675, 26.553 ], [ 92.66, 26.556 ], [ 92.65, 26.546 ], [ 92.636, 26.549 ], [ 92.625, 26.54 ], [ 92.629, 26.528 ], [ 92.619, 26.519 ], [ 92.623, 26.506 ], [ 92.637, 26.503 ], [ 92.641, 26.491 ], [ 92.631, 26.482 ], [ 92.635, 26.47 ], [ 92.649, 26.467 ], [ 92.659, 26.476 ], [ 92.674, 26.473 ], [ 92.684, 26.482 ], [ 92.699, 26.479 ], [ 92.703, 26.467 ], [ 92.717, 26.464 ], [ 92.727, 26.473 ] ] ] ] } },
{ "type": "Feature", "properties": { "POLYGON.ID": 875.0, "subregion": "India--Assam--Nagaon--Kaziranga NP", "POLYGON": "India--Assam--Nagaon--Kaziranga NP", "SHOW": "1", "FILTER": "Not-Assigned", "FILTER.ID": null, "OLD.POLYGON": null, "STATE": "Assam", "COUNTY": "Nagaon", "OWNER": null }, "geometry": { "type": "MultiPolygon", "coordinates": [ [ [ [ 93.121, 26.585 ], [ 93.106, 26.588 ], [ 93.096, 26.579 ], [ 93.081, 26.582 ], [ 93.077, 26.594 ], [ 93.063, 26.597 ], [ 93.053, 26.588 ], [ 93.038, 26.591 ], [ 93.028, 26.582 ], [ 93.013, 26.585 ], [ 93.003, 26.575 ], [ 93.007, 26.563 ], [ 92.996, 26.554 ], [ 93.0, 26.542 ], [ 93.015, 26.539 ], [ 93.019, 26.526 ], [ 93.033, 26.523 ], [ 93.044, 26.533 ], [ 93.058, 26.53 ], [ 93.068, 26.539 ], [ 93.083, 26.536 ], [ 93.093, 26.545 ], [ 93.108, 26.542 ], [ 93.118, 26.551 ], [ 93.132, 26.548 ], [ 93.143, 26.557 ], [ 93.157, 26.554 ], [ 93.168, 26.563 ], [ 93.182, 26.56 ], [ 93.193, 26.57 ], [ 93.207, 26.567 ], [ 93.211, 26.554 ], [ 93.2, 26.545 ], [ 93.204, 26.533 ], [ 93.219, 26.53 ], [ 93.229, 26.539 ], [ 93.244, 26.536 ], [ 93.248, 26.524 ], [ 93.262, 26.521 ], [ 93.272, 26.53 ], [ 93.268, 26.542 ], [ 93.254, 26.545 ], [ 93.25, 26.557 ], [ 93.261, 26.567 ], [ 93.275, 26.564 ], [ 93.285, 26.573 ], [ 93.3, 26.57 ], [ 93.31, 26.579 ], [ 93.306, 26.591 ], [ 93.292, 26.594 ], [ 93.288, 26.607 ], [ 93.299, 26.616 ], [ 93.295, 26.628 ], [ 93.305, 26.637 ], [ 93.301, 26.649 ], [ 93.312, 26.659 ], [ 93.308, 26.671 ], [ 93.293, 26.674 ], [ 93.283, 26.665 ], [ 93.287, 26.652 ], [ 93.276, 26.643 ], [ 93.262, 26.646 ], [ 93.251, 26.637 ], [ 93.255, 26.625 ], [ 93.245, 26.616 ], [ 93.23, 26.619 ], [ 93.22, 26.61 ], [ 93.206, 26.613 ], [ 93.195, 26.603 ], [ 93.181, 26.606 ], [ 93.17, 26.597 ], [ 93.156, 26.6 ], [ 93.145, 26.591 ], [ 93.131, 26.594 ], [ 93.121, 26.585 ] ] ] ] } },
{ "type": "Feature", "properties": { "POLYGON.ID": 876.0, "subregion": "India--Assam--West Karbi Anglong--Plains", "POLYGON": "India--Assam--West Karbi Anglong--Plains", "SHOW": "1", "FILTER": "Not-Assigned", "FILTER.ID": null, "OLD.POLYGON": null, "STATE": "Assam", "COUNTY": "West Karbi Anglong", "OWNER": null }, "geometry": { "type": "MultiPolygon", "coordinates": [ [ [ [ 93.026, 25.791 ], [ 93.04, 25.788 ], [ 93.044, 25.775 ], [ 93.059, 25.772 ], [ 93.069, 25.781 ], [ 93.065, 25.794 ], [ 93.051, 25.797 ], [ 93.047, 25.809 ], [ 93.033, 25.812 ], [ 93.029, 25.825 ], [ 93.014, 25.828 ], [ 93.01, 25.84 ], [ 92.996, 25.843 ], [ 92.992, 25.855 ], [ 92.978, 25.859 ], [ 92.974, 25.871 ], [ 92.959, 25.874 ], [ 92.949, 25.865 ], [ 92.935, 25.868 ], [ 92.924, 25.858 ], [ 92.91, 25.861 ], [ 92.906, 25.874 ], [ 92.892, 25.877 ], [ 92.881, 25.868 ], [ 92.867, 25.871 ], [ 92.863, 25.883 ], [ 92.849, 25.886 ], [ 92.845, 25.898 ], [ 92.855, 25.908 ], [ 92.851, 25.92 ], [ 92.837, 25.923 ], [ 92.826, 25.914 ], [ 92.812, 25.917 ], [ 92.808, 25.929 ], [ 92.794, 25.932 ], [ 92.79, 25.944 ], [ 92.775, 25.947 ], [ 92.772, 25.96 ], [ 92.757, 25.963 ], [ 92.753, 25.975 ], [ 92.764, 25.984 ], [ 92.76, 25.997 ], [ 92.77, 26.006 ], [ 92.766, 26.018 ], [ 92.752, 26.021 ], [ 92.748, 26.034 ], [ 92.758, 26.043 ], [ 92.754, 26.055 ], [ 92.74, 26.058 ], [ 92.73, 26.049 ], [ 92.715, 26.052 ], [ 92.705, 26.043 ], [ 92.709, 26.03 ], [ 92.698, 26.021 ], [ 92.684, 26.024 ], [ 92.674, 26.015 ], [ 92.659, 26.018 ], [ 92.649, 26.009 ], [ 92.653, 25.996 ], [ 92.642, 25.987 ], [ 92.646, 25.975 ], [ 92.661, 25.972 ], [ 92.665, 25.959 ], [ 92.679, 25.956 ], [ 92.683, 25.944 ], [ 92.697, 25.941 ], [ 92.701, 25.929 ], [ 92.716, 25.926 ], [ 92.719, 25.913 ], [ 92.734, 25.91 ], [ 92.738, 25.898 ], [ 92.752, 25.895 ], [ 92.756, 25.883 ], [ 92.77, 25.879 ], [ 92.774, 25.867 ], [ 92.789, 25.864 ], [ 92.793, 25.852 ], [ 92.807, 25.849 ], [ 92.811, 25.836 ], [ 92.825, 25.833 ], [ 92.829, 25.821 ], [ 92.844, 25.818 ], [ 92.854, 25.827 ], [ 92.868, 25.824 ], [ 92.879, 25.834 ], [ 92.893, 25.831 ], [ 92.897, 25.818 ], [ 92.911, 25.815 ], [ 92.915, 25.803 ], [ 92.93, 25.8 ], [ 92.934, 25.787 ], [ 92.923, 25.778 ], [ 92.927, 25.766 ], [ 92.941, 25.763 ], [ 92.952, 25.772 ], [ 92.966, 25.769 ], [ 92.977, 25.778 ], [ 92.991, 25.775 ], [ 93.001, 25.784 ], [ 93.016, 25.781 ], [ 93.026, 25.791 ] ] ] ] } },
{ "type": "Feature", "properties": { "POLYGON.ID": 877.0, "subregion": "India--Assam--Hojai--Forests (north)", "POLYGON": "India--Assam--Hojai--Forests (north)", "SHOW": "1", "FILTER": "Not-Assigned", "FILTER.ID": null, "OLD.POLYGON": null, "STATE": "Assam", "COUNTY": "Hojai", "OWNER": null }, "geometry": { "type": "MultiPolygon", "coordinates": [ [ [ [ 92.78, 26.142 ], [ 92.784, 26.129 ], [ 92.799, 26.126 ], [ 92.809, 26.135 ], [ 92.823, 26.132 ], [ 92.827, 26.12 ], [ 92.842, 26.117 ], [ 92.852, 26.126 ], [ 92.866, 26.123 ], [ 92.87, 26.111 ], [ 92.885, 26.108 ], [ 92.895, 26.117 ], [ 92.891, 26.13 ], [ 92.902, 26.139 ], [ 92.916, 26.136 ], [ 92.926, 26.145 ], [ 92.941, 26.142 ], [ 92.951, 26.151 ], [ 92.947, 26.164 ], [ 92.958, 26.173 ], [ 92.954, 26.185 ], [ 92.939, 26.188 ], [ 92.936, 26.201 ], [ 92.921, 26.204 ], [ 92.911, 26.194 ], [ 92.896, 26.197 ], [ 92.892, 26.21 ], [ 92.878, 26.213 ], [ 92.868, 26.203 ], [ 92.853, 26.206 ], [ 92.843, 26.197 ], [ 92.828, 26.2 ], [ 92.825, 26.212 ], [ 92.81, 26.215 ], [ 92.806, 26.228 ], [ 92.792, 26.231 ], [ 92.781, 26.222 ], [ 92.767, 26.225 ], [ 92.757, 26.215 ], [ 92.761, 26.203 ], [ 92.75, 26.194 ], [ 92.754, 26.181 ], [ 92.744, 26.172 ], [ 92.748, 26.16 ], [ 92.762, 26.157 ], [ 92.766, 26.145 ], [ 92.78, 26.142 ] ] ] ] } },
{ "type": "Feature", "properties": { "POLYGON.ID": 878.0, "subregion": "India--Assam--Hojai--Forests (south)", "POLYGON": "India--Assam--Hojai--Forests (south)", "SHOW": "1", "FILTER": "Not-Assigned", "FILTER.ID": null, "OLD.POLYGON": null, "STATE": "Assam", "COUNTY": "Hojai", "OWNER": null }, "geometry": { "type": "MultiPolygon", "coordinates": [ [ [ [ 93.116, 25.887 ], [ 93.102, 25.89 ], [ 93.098, 25.902 ], [ 93.083, 25.905 ], [ 93.073, 25.896 ], [ 93.059, 25.899 ], [ 93.048, 25.89 ], [ 93.034, 25.893 ], [ 93.023, 25.883 ], [ 93.009, 25.886 ], [ 92.999, 25.877 ], [ 92.984, 25.88 ], [ 92.974, 25.871 ], [ 92.978, 25.859 ], [ 92.992, 25.855 ], [ 92.996, 25.843 ], [ 93.01, 25.84 ], [ 93.014, 25.828 ], [ 93.029, 25.825 ], [ 93.033, 25.812 ], [ 93.047, 25.809 ], [ 93.051, 25.797 ], [ 93.065, 25.794 ], [ 93.069, 25.781 ], [ 93.083, 25.778 ], [ 93.087, 25.766 ], [ 93.102, 25.763 ], [ 93.112, 25.772 ], [ 93.127, 25.769 ], [ 93.13, 25.757 ], [ 93.145, 25.754 ], [ 93.149, 25.741 ], [ 93.138, 25.732 ], [ 93.142, 25.72 ], [ 93.157, 25.717 ], [ 93.167, 25.726 ], [ 93.181, 25.723 ], [ 93.192, 25.732 ], [ 93.206, 25.729 ], [ 93.217, 25.738 ], [ 93.231, 25.735 ], [ 93.241, 25.745 ], [ 93.237, 25.757 ], [ 93.248, 25.766 ], [ 93.244, 25.779 ], [ 93.254, 25.788 ], [ 93.25, 25.8 ], [ 93.236, 25.803 ], [ 93.232, 25.816 ], [ 93.243, 25.825 ], [ 93.239, 25.837 ], [ 93.224, 25.84 ], [ 93.22, 25.853 ], [ 93.206, 25.856 ], [ 93.196, 25.846 ], [ 93.181, 25.85 ], [ 93.177, 25.862 ], [ 93.188, 25.871 ], [ 93.184, 25.884 ], [ 93.17, 25.887 ], [ 93.159, 25.877 ], [ 93.145, 25.88 ], [ 93.141, 25.893 ], [ 93.126, 25.896 ], [ 93.116, 25.887 ] ] ] ] } },
{ "type": "Feature", "properties": { "POLYGON.ID": 879.0, "subregion": "India--Assam--Dima Hasao--Kopili Reservoir", "POLYGON": "India--Assam--Dima Hasao--Kopili Reservoir", "SHOW": "1", "FILTER": "Not-Assigned", "FILTER.ID": null, "OLD.POLYGON": null, "STATE": "Assam", "COUNTY": "Dima Hasao", "OWNER": null }, "geometry": { "type": "MultiPolygon", "coordinates": [ [ [ [ 92.593, 25.514 ], [ 92.578, 25.517 ], [ 92.568, 25.508 ], [ 92.572, 25.495 ], [ 92.562, 25.486 ], [ 92.566, 25.474 ], [ 92.58, 25.471 ], [ 92.59, 25.48 ], [ 92.605, 25.477 ], [ 92.615, 25.486 ], [ 92.629, 25.483 ], [ 92.64, 25.492 ], [ 92.654, 25.489 ], [ 92.658, 25.477 ], [ 92.672, 25.474 ], [ 92.676, 25.462 ], [ 92.691, 25.459 ], [ 92.701, 25.468 ], [ 92.715, 25.465 ], [ 92.726, 25.474 ], [ 92.722, 25.487 ], [ 92.732, 25.496 ], [ 92.728, 25.508 ], [ 92.739, 25.518 ], [ 92.735, 25.53 ], [ 92.72, 25.533 ], [ 92.716, 25.545 ], [ 92.702, 25.548 ], [ 92.692, 25.539 ], [ 92.677, 25.542 ], [ 92.667, 25.533 ], [ 92.653, 25.536 ], [ 92.642, 25.527 ], [ 92.628, 25.53 ], [ 92.617, 25.52 ], [ 92.603, 25.523 ], [ 92.593, 25.514 ] ] ] ] } },
{ "type": "Feature", "properties": { "POLYGON.ID": 880.0, "subregion": "India--Assam--Dima Hasao--high elevations", "POLYGON": "India--Assam--Dima Hasao--high elevations", "SHOW": "1", "FILTER": "Not-Assigned", "FILTER.ID": null, "OLD.POLYGON": null, "STATE": "Assam", "COUNTY": "Dima Hasao", "OWNER": null }, "geometry": { "type": "MultiPolygon", "coordinates": [ [ [ [ 93.314, 25.301 ], [ 93.304, 25.292 ], [ 93.29, 25.295 ], [ 93.279, 25.286 ], [ 93.265, 25.289 ], [ 93.255, 25.28 ], [ 93.258, 25.267 ], [ 93.248, 25.258 ], [ 93.252, 25.246 ], [ 93.242, 25.236 ], [ 93.227, 25.239 ], [ 93.217, 25.23 ], [ 93.221, 25.218 ], [ 93.21, 25.208 ], [ 93.214, 25.196 ], [ 93.204, 25.187 ], [ 93.19, 25.19 ], [ 93.179, 25.18 ], [ 93.165, 25.183 ], [ 93.154, 25.174 ], [ 93.14, 25.177 ], [ 93.13, 25.168 ], [ 93.115, 25.171 ], [ 93.105, 25.162 ], [ 93.091, 25.165 ], [ 93.08, 25.155 ], [ 93.084, 25.143 ], [ 93.074, 25.134 ], [ 93.059, 25.137 ], [ 93.049, 25.127 ], [ 93.035, 25.13 ], [ 93.024, 25.121 ], [ 93.01, 25.124 ], [ 93.0, 25.115 ], [ 92.985, 25.118 ], [ 92.975, 25.109 ], [ 92.961, 25.112 ], [ 92.95, 25.102 ], [ 92.936, 25.105 ], [ 92.925, 25.096 ], [ 92.911, 25.099 ], [ 92.901, 25.09 ], [ 92.886, 25.093 ], [ 92.883, 25.105 ], [ 92.868, 25.108 ], [ 92.858, 25.099 ], [ 92.843, 25.102 ], [ 92.833, 25.093 ], [ 92.819, 25.096 ], [ 92.808, 25.086 ], [ 92.812, 25.074 ], [ 92.827, 25.071 ], [ 92.831, 25.058 ], [ 92.845, 25.055 ], [ 92.855, 25.065 ], [ 92.87, 25.062 ], [ 92.88, 25.071 ], [ 92.894, 25.068 ], [ 92.905, 25.077 ], [ 92.919, 25.074 ], [ 92.923, 25.062 ], [ 92.937, 25.059 ], [ 92.948, 25.068 ], [ 92.962, 25.065 ], [ 92.972, 25.074 ], [ 92.987, 25.071 ], [ 92.997, 25.081 ], [ 93.011, 25.078 ], [ 93.015, 25.065 ], [ 93.03, 25.062 ], [ 93.033, 25.05 ], [ 93.048, 25.046 ], [ 93.052, 25.034 ], [ 93.066, 25.031 ], [ 93.07, 25.018 ], [ 93.06, 25.009 ], [ 93.063, 24.997 ], [ 93.078, 24.994 ], [ 93.088, 25.003 ], [ 93.102, 25.0 ], [ 93.113, 25.009 ], [ 93.127, 25.006 ], [ 93.131, 24.994 ], [ 93.145, 24.99 ], [ 93.149, 24.978 ], [ 93.164, 24.975 ], [ 93.174, 24.984 ], [ 93.188, 24.981 ], [ 93.199, 24.991 ], [ 93.213, 24.987 ], [ 93.217, 24.975 ], [ 93.231, 24.972 ], [ 93.242, 24.981 ], [ 93.256, 24.978 ], [ 93.266, 24.987 ], [ 93.262, 25.0 ], [ 93.248, 25.003 ], [ 93.244, 25.015 ], [ 93.255, 25.025 ], [ 93.251, 25.037 ], [ 93.261, 25.047 ], [ 93.275, 25.043 ], [ 93.286, 25.053 ], [ 93.3, 25.05 ], [ 93.311, 25.059 ], [ 93.307, 25.071 ], [ 93.317, 25.081 ], [ 93.313, 25.093 ], [ 93.324, 25.103 ], [ 93.338, 25.099 ], [ 93.348, 25.109 ], [ 93.344, 25.121 ], [ 93.355, 25.131 ], [ 93.351, 25.143 ], [ 93.337, 25.146 ], [ 93.333, 25.159 ], [ 93.343, 25.168 ], [ 93.339, 25.18 ], [ 93.35, 25.19 ], [ 93.364, 25.186 ], [ 93.374, 25.196 ], [ 93.37, 25.208 ], [ 93.381, 25.218 ], [ 93.377, 25.23 ], [ 93.387, 25.239 ], [ 93.384, 25.252 ], [ 93.394, 25.261 ], [ 93.408, 25.258 ], [ 93.419, 25.267 ], [ 93.415, 25.28 ], [ 93.425, 25.289 ], [ 93.44, 25.286 ], [ 93.45, 25.295 ], [ 93.464, 25.292 ], [ 93.475, 25.301 ], [ 93.471, 25.314 ], [ 93.456, 25.317 ], [ 93.453, 25.329 ], [ 93.463, 25.339 ], [ 93.459, 25.351 ], [ 93.47, 25.36 ], [ 93.466, 25.373 ], [ 93.476, 25.382 ], [ 93.472, 25.394 ], [ 93.458, 25.398 ], [ 93.447, 25.388 ], [ 93.433, 25.391 ], [ 93.423, 25.382 ], [ 93.427, 25.37 ], [ 93.416, 25.36 ], [ 93.402, 25.363 ], [ 93.391, 25.354 ], [ 93.395, 25.342 ], [ 93.385, 25.332 ], [ 93.37, 25.336 ], [ 93.36, 25.326 ], [ 93.346, 25.329 ], [ 93.335, 25.32 ], [ 93.339, 25.308 ], [ 93.329, 25.298 ], [ 93.314, 25.301 ] ] ] ] } },
{ "type": "Feature", "properties": { "POLYGON.ID": 910.0, "subregion": "India--Assam--Dibrugarh--Dehing Patkai WLS", "POLYGON": "India--Assam--Dibrugarh--Dehing Patkai WLS", "SHOW": "1", "FILTER": "Not-Assigned", "FILTER.ID": null, "OLD.POLYGON": null, "STATE": "Assam", "COUNTY": "Dibrugarh", "OWNER": null }, "geometry": { "type": "MultiPolygon", "coordinates": [ [ [ [ 95.366, 27.202 ], [ 95.37, 27.189 ], [ 95.359, 27.18 ], [ 95.363, 27.168 ], [ 95.353, 27.159 ], [ 95.357, 27.147 ], [ 95.371, 27.144 ], [ 95.375, 27.131 ], [ 95.364, 27.122 ], [ 95.368, 27.11 ], [ 95.383, 27.107 ], [ 95.393, 27.116 ], [ 95.408, 27.113 ], [ 95.418, 27.122 ], [ 95.433, 27.118 ], [ 95.443, 27.127 ], [ 95.439, 27.14 ], [ 95.45, 27.149 ], [ 95.446, 27.161 ], [ 95.457, 27.17 ], [ 95.453, 27.182 ], [ 95.463, 27.191 ], [ 95.459, 27.203 ], [ 95.47, 27.212 ], [ 95.466, 27.225 ], [ 95.477, 27.234 ], [ 95.473, 27.246 ], [ 95.483, 27.255 ], [ 95.48, 27.267 ], [ 95.465, 27.27 ], [ 95.461, 27.283 ], [ 95.447, 27.286 ], [ 95.436, 27.277 ], [ 95.422, 27.28 ], [ 95.411, 27.271 ], [ 95.415, 27.259 ], [ 95.405, 27.25 ], [ 95.408, 27.238 ], [ 95.398, 27.229 ], [ 95.402, 27.216 ], [ 95.391, 27.207 ], [ 95.377, 27.211 ], [ 95.366, 27.202 ] ] ] ] } },
{ "type": "Feature", "properties": { "POLYGON.ID": 909.0, "subregion": "India--Assam--Dibrugarh--Jakoi RF", "POLYGON": "India--Assam--Dibrugarh--Jakoi RF", "SHOW": "1", "FILTER": "Not-Assigned", "FILTER.ID": null, "OLD.POLYGON": null, "STATE": "Assam", "COUNTY": "Dibrugarh", "OWNER": null }, "geometry": { "type": "MultiPolygon", "coordinates": [ [ [ [ 94.928, 27.356 ], [ 94.939, 27.365 ], [ 94.953, 27.362 ], [ 94.964, 27.371 ], [ 94.96, 27.383 ], [ 94.945, 27.386 ], [ 94.942, 27.399 ], [ 94.927, 27.402 ], [ 94.917, 27.393 ], [ 94.92, 27.381 ], [ 94.91, 27.372 ], [ 94.895, 27.375 ], [ 94.885, 27.366 ], [ 94.87, 27.369 ], [ 94.86, 27.36 ], [ 94.864, 27.348 ], [ 94.878, 27.345 ], [ 94.882, 27.332 ], [ 94.896, 27.329 ], [ 94.907, 27.338 ], [ 94.921, 27.335 ], [ 94.932, 27.344 ], [ 94.928, 27.356 ] ] ] ] } },
{ "type": "Feature", "properties": { "POLYGON.ID": 908.0, "subregion": "India--Assam--Dibrugarh--Dibru Saikhova NP", "POLYGON": "India--Assam--Dibrugarh--Dibru Saikhova NP", "SHOW": "1", "FILTER": "Not-Assigned", "FILTER.ID": null, "OLD.POLYGON": null, "STATE": "Assam", "COUNTY": "Dibrugarh", "OWNER": null }, "geometry": { "type": "MultiPolygon", "coordinates": [ [ [ [ 95.218, 27.587 ], [ 95.232, 27.584 ], [ 95.243, 27.593 ], [ 95.257, 27.59 ], [ 95.261, 27.577 ], [ 95.275, 27.574 ], [ 95.279, 27.562 ], [ 95.294, 27.559 ], [ 95.304, 27.568 ], [ 95.3, 27.58 ], [ 95.311, 27.589 ], [ 95.307, 27.601 ], [ 95.293, 27.604 ], [ 95.289, 27.616 ], [ 95.299, 27.625 ], [ 95.296, 27.638 ], [ 95.281, 27.641 ], [ 95.277, 27.653 ], [ 95.288, 27.662 ], [ 95.284, 27.674 ], [ 95.269, 27.677 ], [ 95.259, 27.668 ], [ 95.244, 27.672 ], [ 95.234, 27.663 ], [ 95.238, 27.65 ], [ 95.227, 27.641 ], [ 95.231, 27.629 ], [ 95.22, 27.62 ], [ 95.206, 27.624 ], [ 95.195, 27.615 ], [ 95.199, 27.602 ], [ 95.214, 27.599 ], [ 95.218, 27.587 ] ] ] ] } },
{ "type": "Feature", "properties": { "POLYGON.ID": 907.0, "subregion": "India--Assam--Dibrugarh--Brahmaputra", "POLYGON": "India--Assam--Dibrugarh--Brahmaputra", "SHOW": "1", "FILTER": "Not-Assigned", "FILTER.ID": null, "OLD.POLYGON": null, "STATE": "Assam", "COUNTY": "Dibrugarh", "OWNER": null }, "geometry": { "type": "MultiPolygon", "coordinates": [ [ [ [ 95.269, 27.553 ], [ 95.279, 27.562 ], [ 95.275, 27.574 ], [ 95.261, 27.577 ], [ 95.257, 27.59 ], [ 95.243, 27.593 ], [ 95.232, 27.584 ], [ 95.218, 27.587 ], [ 95.214, 27.599 ], [ 95.199, 27.602 ], [ 95.195, 27.615 ], [ 95.206, 27.624 ], [ 95.22, 27.62 ], [ 95.231, 27.629 ], [ 95.227, 27.641 ], [ 95.238, 27.65 ], [ 95.234, 27.663 ], [ 95.219, 27.666 ], [ 95.209, 27.657 ], [ 95.194, 27.66 ], [ 95.19, 27.672 ], [ 95.201, 27.681 ], [ 95.197, 27.693 ], [ 95.208, 27.702 ], [ 95.204, 27.715 ], [ 95.214, 27.724 ], [ 95.211, 27.736 ], [ 95.196, 27.739 ], [ 95.192, 27.751 ], [ 95.178, 27.754 ], [ 95.167, 27.745 ], [ 95.153, 27.748 ], [ 95.142, 27.74 ], [ 95.128, 27.743 ], [ 95.117, 27.734 ], [ 95.103, 27.737 ], [ 95.092, 27.728 ], [ 95.078, 27.731 ], [ 95.067, 27.722 ], [ 95.071, 27.71 ], [ 95.06, 27.701 ], [ 95.046, 27.704 ], [ 95.035, 27.695 ], [ 95.039, 27.683 ], [ 95.029, 27.674 ], [ 95.014, 27.677 ], [ 95.004, 27.668 ], [ 94.989, 27.672 ], [ 94.979, 27.663 ], [ 94.964, 27.666 ], [ 94.954, 27.657 ], [ 94.957, 27.645 ], [ 94.947, 27.636 ], [ 94.932, 27.639 ], [ 94.922, 27.63 ], [ 94.926, 27.618 ], [ 94.915, 27.609 ], [ 94.901, 27.612 ], [ 94.89, 27.603 ], [ 94.876, 27.606 ], [ 94.865, 27.597 ], [ 94.851, 27.6 ], [ 94.84, 27.591 ], [ 94.844, 27.579 ], [ 94.833, 27.57 ], [ 94.819, 27.573 ], [ 94.808, 27.564 ], [ 94.812, 27.552 ], [ 94.802, 27.543 ], [ 94.805, 27.531 ], [ 94.795, 27.522 ], [ 94.78, 27.525 ], [ 94.77, 27.516 ], [ 94.774, 27.504 ], [ 94.763, 27.495 ], [ 94.749, 27.498 ], [ 94.738, 27.489 ], [ 94.742, 27.477 ], [ 94.732, 27.468 ], [ 94.735, 27.455 ], [ 94.725, 27.446 ], [ 94.71, 27.45 ], [ 94.7, 27.44 ], [ 94.685, 27.444 ], [ 94.675, 27.435 ], [ 94.679, 27.422 ], [ 94.668, 27.413 ], [ 94.672, 27.401 ], [ 94.662, 27.392 ], [ 94.647, 27.395 ], [ 94.637, 27.386 ], [ 94.64, 27.374 ], [ 94.63, 27.365 ], [ 94.615, 27.368 ], [ 94.605, 27.359 ], [ 94.609, 27.347 ], [ 94.623, 27.344 ], [ 94.627, 27.332 ], [ 94.617, 27.323 ], [ 94.602, 27.326 ], [ 94.592, 27.317 ], [ 94.595, 27.304 ], [ 94.585, 27.295 ], [ 94.57, 27.299 ], [ 94.56, 27.29 ], [ 94.564, 27.277 ], [ 94.553, 27.268 ], [ 94.539, 27.271 ], [ 94.528, 27.262 ], [ 94.532, 27.25 ], [ 94.522, 27.241 ], [ 94.525, 27.229 ], [ 94.515, 27.22 ], [ 94.519, 27.208 ], [ 94.533, 27.204 ], [ 94.537, 27.192 ], [ 94.552, 27.189 ], [ 94.555, 27.177 ], [ 94.57, 27.174 ], [ 94.574, 27.161 ], [ 94.588, 27.158 ], [ 94.592, 27.146 ], [ 94.607, 27.143 ], [ 94.617, 27.152 ], [ 94.632, 27.149 ], [ 94.642, 27.158 ], [ 94.638, 27.17 ], [ 94.649, 27.179 ], [ 94.663, 27.176 ], [ 94.674, 27.185 ], [ 94.67, 27.197 ], [ 94.68, 27.206 ], [ 94.676, 27.218 ], [ 94.687, 27.228 ], [ 94.683, 27.24 ], [ 94.694, 27.249 ], [ 94.708, 27.246 ], [ 94.719, 27.255 ], [ 94.715, 27.267 ], [ 94.725, 27.276 ], [ 94.74, 27.273 ], [ 94.75, 27.282 ], [ 94.765, 27.279 ], [ 94.775, 27.288 ], [ 94.771, 27.3 ], [ 94.782, 27.309 ], [ 94.796, 27.306 ], [ 94.807, 27.315 ], [ 94.803, 27.327 ], [ 94.814, 27.336 ], [ 94.81, 27.348 ], [ 94.82, 27.357 ], [ 94.816, 27.369 ], [ 94.827, 27.379 ], [ 94.823, 27.391 ], [ 94.834, 27.4 ], [ 94.83, 27.412 ], [ 94.84, 27.421 ], [ 94.837, 27.433 ], [ 94.847, 27.442 ], [ 94.862, 27.439 ], [ 94.872, 27.448 ], [ 94.868, 27.46 ], [ 94.879, 27.469 ], [ 94.893, 27.466 ], [ 94.904, 27.475 ], [ 94.918, 27.472 ], [ 94.929, 27.481 ], [ 94.943, 27.478 ], [ 94.954, 27.487 ], [ 94.95, 27.499 ], [ 94.961, 27.508 ], [ 94.975, 27.505 ], [ 94.986, 27.514 ], [ 95.0, 27.511 ], [ 95.011, 27.52 ], [ 95.025, 27.516 ], [ 95.036, 27.525 ], [ 95.05, 27.522 ], [ 95.061, 27.531 ], [ 95.075, 27.528 ], [ 95.086, 27.537 ], [ 95.1, 27.534 ], [ 95.111, 27.543 ], [ 95.125, 27.539 ], [ 95.136, 27.548 ], [ 95.15, 27.545 ], [ 95.154, 27.533 ], [ 95.168, 27.53 ], [ 95.179, 27.539 ], [ 95.194, 27.536 ], [ 95.204, 27.545 ], [ 95.219, 27.541 ], [ 95.229, 27.55 ], [ 95.244, 27.547 ], [ 95.254, 27.556 ], [ 95.269, 27.553 ] ] ] ] } },
{ "type": "Feature", "properties": { "POLYGON.ID": 906.0, "subregion": "India--Assam--Charaideo--Forests (southeast)", "POLYGON": "India--Assam--Charaideo--Forests (southeast)", "SHOW": "1", "FILTER": "Not-Assigned", "FILTER.ID": null, "OLD.POLYGON": null, "STATE": "Assam", "COUNTY": "Charaideo", "OWNER": null }, "geometry": { "type": "MultiPolygon", "coordinates": [ [ [ [ 95.289, 27.105 ], [ 95.275, 27.108 ], [ 95.264, 27.099 ], [ 95.268, 27.087 ], [ 95.258, 27.078 ], [ 95.243, 27.081 ], [ 95.233, 27.072 ], [ 95.236, 27.06 ], [ 95.226, 27.051 ], [ 95.211, 27.054 ], [ 95.201, 27.045 ], [ 95.205, 27.033 ], [ 95.219, 27.03 ], [ 95.23, 27.039 ], [ 95.244, 27.035 ], [ 95.255, 27.045 ], [ 95.269, 27.041 ], [ 95.28, 27.05 ], [ 95.294, 27.047 ], [ 95.305, 27.056 ], [ 95.301, 27.068 ], [ 95.311, 27.077 ], [ 95.326, 27.074 ], [ 95.336, 27.083 ], [ 95.333, 27.095 ], [ 95.343, 27.104 ], [ 95.358, 27.101 ], [ 95.368, 27.11 ], [ 95.364, 27.122 ], [ 95.375, 27.131 ], [ 95.371, 27.144 ], [ 95.357, 27.147 ], [ 95.346, 27.138 ], [ 95.332, 27.141 ], [ 95.321, 27.132 ], [ 95.307, 27.135 ], [ 95.296, 27.126 ], [ 95.3, 27.114 ], [ 95.289, 27.105 ] ] ] ] } },
{ "type": "Feature", "properties": { "POLYGON.ID": 905.0, "subregion": "India--Assam--Charaideo--Forests (southwest)", "POLYGON": "India--Assam--Charaideo--Forests (southwest)", "SHOW": "1", "FILTER": "Not-Assigned", "FILTER.ID": null, "OLD.POLYGON": null, "STATE": "Assam", "COUNTY": "Charaideo", "OWNER": null }, "geometry": { "type": "MultiPolygon", "coordinates": [ [ [ [ 94.942, 26.932 ], [ 94.956, 26.929 ], [ 94.96, 26.917 ], [ 94.974, 26.913 ], [ 94.985, 26.922 ], [ 94.999, 26.919 ], [ 95.01, 26.928 ], [ 95.024, 26.925 ], [ 95.035, 26.934 ], [ 95.049, 26.931 ], [ 95.06, 26.94 ], [ 95.056, 26.952 ], [ 95.066, 26.961 ], [ 95.063, 26.974 ], [ 95.048, 26.977 ], [ 95.044, 26.989 ], [ 95.03, 26.992 ], [ 95.026, 27.005 ], [ 95.012, 27.008 ], [ 95.001, 26.999 ], [ 94.987, 27.002 ], [ 94.976, 26.993 ], [ 94.962, 26.996 ], [ 94.951, 26.987 ], [ 94.955, 26.975 ], [ 94.944, 26.966 ], [ 94.93, 26.969 ], [ 94.919, 26.96 ], [ 94.923, 26.948 ], [ 94.938, 26.944 ], [ 94.942, 26.932 ] ] ] ] } },
{ "type": "Feature", "properties": { "POLYGON.ID": 904.0, "subregion": "India--Assam--Sivasagar--Forests", "POLYGON": "India--Assam--Sivasagar--Forests", "SHOW": "1", "FILTER": "Not-Assigned", "FILTER.ID": null, "OLD.POLYGON": null, "STATE": "Assam", "COUNTY": "Sagar", "OWNER": null }, "geometry": { "type": "MultiPolygon", "coordinates": [ [ [ [ 94.685, 26.726 ], [ 94.695, 26.736 ], [ 94.71, 26.732 ], [ 94.72, 26.741 ], [ 94.716, 26.754 ], [ 94.727, 26.763 ], [ 94.741, 26.76 ], [ 94.752, 26.769 ], [ 94.766, 26.766 ], [ 94.777, 26.775 ], [ 94.773, 26.787 ], [ 94.758, 26.79 ], [ 94.755, 26.802 ], [ 94.74, 26.806 ], [ 94.73, 26.797 ], [ 94.715, 26.8 ], [ 94.705, 26.791 ], [ 94.69, 26.794 ], [ 94.68, 26.785 ], [ 94.665, 26.788 ], [ 94.661, 26.8 ], [ 94.647, 26.803 ], [ 94.636, 26.794 ], [ 94.622, 26.797 ], [ 94.612, 26.788 ], [ 94.597, 26.792 ], [ 94.587, 26.782 ], [ 94.572, 26.786 ], [ 94.562, 26.777 ], [ 94.566, 26.764 ], [ 94.555, 26.755 ], [ 94.559, 26.743 ], [ 94.573, 26.74 ], [ 94.577, 26.727 ], [ 94.592, 26.724 ], [ 94.602, 26.733 ], [ 94.617, 26.73 ], [ 94.62, 26.718 ], [ 94.635, 26.715 ], [ 94.645, 26.724 ], [ 94.66, 26.721 ], [ 94.67, 26.73 ], [ 94.685, 26.726 ] ] ] ] } },
{ "type": "Feature", "properties": { "POLYGON.ID": 903.0, "subregion": "India--Assam--Majuli--Brahmaputra", "POLYGON": "India--Assam--Majuli--Brahmaputra", "SHOW": "1", "FILTER": "Not-Assigned", "FILTER.ID": null, "OLD.POLYGON": null, "STATE": "Assam", "COUNTY": "Majuli", "OWNER": null }, "geometry": { "type": "MultiPolygon", "coordinates": [ [ [ [ 94.414, 26.946 ], [ 94.429, 26.943 ], [ 94.439, 26.952 ], [ 94.435, 26.964 ], [ 94.446, 26.973 ], [ 94.46, 26.97 ], [ 94.471, 26.979 ], [ 94.467, 26.991 ], [ 94.477, 27.0 ], [ 94.492, 26.997 ], [ 94.502, 27.006 ], [ 94.498, 27.019 ], [ 94.509, 27.028 ], [ 94.523, 27.024 ], [ 94.534, 27.034 ], [ 94.53, 27.046 ], [ 94.541, 27.055 ], [ 94.555, 27.052 ], [ 94.565, 27.061 ], [ 94.58, 27.058 ], [ 94.59, 27.067 ], [ 94.587, 27.079 ], [ 94.597, 27.088 ], [ 94.593, 27.1 ], [ 94.604, 27.109 ], [ 94.6, 27.122 ], [ 94.61, 27.131 ], [ 94.607, 27.143 ], [ 94.592, 27.146 ], [ 94.588, 27.158 ], [ 94.574, 27.161 ], [ 94.57, 27.174 ], [ 94.555, 27.177 ], [ 94.552, 27.189 ], [ 94.537, 27.192 ], [ 94.533, 27.204 ], [ 94.519, 27.208 ], [ 94.508, 27.199 ], [ 94.512, 27.186 ], [ 94.502, 27.177 ], [ 94.506, 27.165 ], [ 94.495, 27.156 ], [ 94.499, 27.144 ], [ 94.488, 27.135 ], [ 94.474, 27.138 ], [ 94.463, 27.129 ], [ 94.467, 27.116 ], [ 94.457, 27.107 ], [ 94.442, 27.111 ], [ 94.432, 27.101 ], [ 94.436, 27.089 ], [ 94.425, 27.08 ], [ 94.411, 27.083 ], [ 94.4, 27.074 ], [ 94.386, 27.077 ], [ 94.375, 27.068 ], [ 94.379, 27.056 ], [ 94.369, 27.047 ], [ 94.354, 27.05 ], [ 94.344, 27.041 ], [ 94.348, 27.029 ], [ 94.337, 27.02 ], [ 94.341, 27.007 ], [ 94.33, 26.998 ], [ 94.316, 27.001 ], [ 94.305, 26.992 ], [ 94.309, 26.98 ], [ 94.299, 26.971 ], [ 94.303, 26.959 ], [ 94.292, 26.95 ], [ 94.296, 26.937 ], [ 94.286, 26.928 ], [ 94.271, 26.931 ], [ 94.261, 26.922 ], [ 94.246, 26.926 ], [ 94.242, 26.938 ], [ 94.228, 26.941 ], [ 94.224, 26.953 ], [ 94.21, 26.956 ], [ 94.199, 26.947 ], [ 94.185, 26.95 ], [ 94.174, 26.941 ], [ 94.16, 26.944 ], [ 94.149, 26.935 ], [ 94.135, 26.938 ], [ 94.124, 26.929 ], [ 94.11, 26.932 ], [ 94.099, 26.923 ], [ 94.085, 26.926 ], [ 94.074, 26.917 ], [ 94.06, 26.92 ], [ 94.049, 26.911 ], [ 94.035, 26.914 ], [ 94.031, 26.927 ], [ 94.017, 26.93 ], [ 94.006, 26.921 ], [ 93.992, 26.924 ], [ 93.988, 26.936 ], [ 93.973, 26.939 ], [ 93.963, 26.93 ], [ 93.967, 26.918 ], [ 93.956, 26.909 ], [ 93.96, 26.896 ], [ 93.975, 26.893 ], [ 93.979, 26.881 ], [ 93.993, 26.878 ], [ 93.997, 26.866 ], [ 94.011, 26.862 ], [ 94.022, 26.872 ], [ 94.036, 26.868 ], [ 94.047, 26.878 ], [ 94.061, 26.874 ], [ 94.072, 26.884 ], [ 94.086, 26.881 ], [ 94.097, 26.89 ], [ 94.111, 26.886 ], [ 94.121, 26.896 ], [ 94.136, 26.892 ], [ 94.146, 26.902 ], [ 94.161, 26.898 ], [ 94.171, 26.908 ], [ 94.186, 26.904 ], [ 94.196, 26.914 ], [ 94.211, 26.91 ], [ 94.215, 26.898 ], [ 94.229, 26.895 ], [ 94.24, 26.904 ], [ 94.254, 26.901 ], [ 94.258, 26.889 ], [ 94.272, 26.886 ], [ 94.283, 26.895 ], [ 94.297, 26.892 ], [ 94.301, 26.879 ], [ 94.316, 26.876 ], [ 94.319, 26.864 ], [ 94.334, 26.861 ], [ 94.344, 26.87 ], [ 94.34, 26.882 ], [ 94.351, 26.891 ], [ 94.365, 26.888 ], [ 94.376, 26.897 ], [ 94.372, 26.909 ], [ 94.383, 26.919 ], [ 94.397, 26.915 ], [ 94.407, 26.925 ], [ 94.404, 26.937 ], [ 94.414, 26.946 ] ] ] ] } },
{ "type": "Feature", "properties": { "POLYGON.ID": 902.0, "subregion": "India--Assam--Jorhat-- Forests (south)", "POLYGON": "India--Assam--Jorhat-- Forests (south)", "SHOW": "1", "FILTER": "Not-Assigned", "FILTER.ID": null, "OLD.POLYGON": null, "STATE": "Assam", "COUNTY": "Jorhat", "OWNER": null }, "geometry": { "type": "MultiPolygon", "coordinates": [ [ [ [ 94.308, 26.604 ], [ 94.298, 26.595 ], [ 94.301, 26.582 ], [ 94.291, 26.573 ], [ 94.277, 26.576 ], [ 94.266, 26.567 ], [ 94.27, 26.555 ], [ 94.259, 26.546 ], [ 94.263, 26.533 ], [ 94.278, 26.53 ], [ 94.282, 26.518 ], [ 94.296, 26.515 ], [ 94.306, 26.524 ], [ 94.321, 26.521 ], [ 94.331, 26.53 ], [ 94.346, 26.527 ], [ 94.356, 26.536 ], [ 94.352, 26.548 ], [ 94.363, 26.557 ], [ 94.377, 26.554 ], [ 94.388, 26.563 ], [ 94.402, 26.56 ], [ 94.413, 26.569 ], [ 94.409, 26.582 ], [ 94.419, 26.591 ], [ 94.415, 26.603 ], [ 94.426, 26.612 ], [ 94.422, 26.624 ], [ 94.433, 26.633 ], [ 94.447, 26.63 ], [ 94.458, 26.639 ], [ 94.454, 26.652 ], [ 94.464, 26.661 ], [ 94.479, 26.658 ], [ 94.489, 26.667 ], [ 94.504, 26.664 ], [ 94.514, 26.673 ], [ 94.51, 26.685 ], [ 94.521, 26.694 ], [ 94.535, 26.691 ], [ 94.546, 26.7 ], [ 94.56, 26.697 ], [ 94.571, 26.706 ], [ 94.567, 26.718 ], [ 94.577, 26.727 ], [ 94.573, 26.74 ], [ 94.559, 26.743 ], [ 94.555, 26.755 ], [ 94.541, 26.758 ], [ 94.53, 26.749 ], [ 94.516, 26.752 ], [ 94.505, 26.743 ], [ 94.491, 26.746 ], [ 94.48, 26.737 ], [ 94.484, 26.725 ], [ 94.474, 26.716 ], [ 94.477, 26.704 ], [ 94.467, 26.695 ], [ 94.471, 26.682 ], [ 94.46, 26.673 ], [ 94.446, 26.676 ], [ 94.435, 26.667 ], [ 94.421, 26.67 ], [ 94.41, 26.661 ], [ 94.396, 26.664 ], [ 94.386, 26.655 ], [ 94.389, 26.643 ], [ 94.379, 26.634 ], [ 94.365, 26.637 ], [ 94.354, 26.628 ], [ 94.358, 26.616 ], [ 94.347, 26.606 ], [ 94.333, 26.61 ], [ 94.322, 26.601 ], [ 94.308, 26.604 ] ] ] ] } },
{ "type": "Feature", "properties": { "POLYGON.ID": 901.0, "subregion": "India--Assam--Jorhat-- Hoollongapar Gibbon WLS", "POLYGON": "India--Assam--Jorhat-- Hoollongapar Gibbon WLS", "SHOW": "1", "FILTER": "Not-Assigned", "FILTER.ID": null, "OLD.POLYGON": null, "STATE": "Assam", "COUNTY": "Jorhat", "OWNER": null }, "geometry": { "type": "MultiPolygon", "coordinates": [ [ [ [ 94.317, 26.659 ], [ 94.328, 26.668 ], [ 94.342, 26.665 ], [ 94.346, 26.652 ], [ 94.361, 26.649 ], [ 94.371, 26.658 ], [ 94.367, 26.671 ], [ 94.378, 26.68 ], [ 94.374, 26.692 ], [ 94.384, 26.701 ], [ 94.38, 26.714 ], [ 94.391, 26.723 ], [ 94.387, 26.735 ], [ 94.398, 26.744 ], [ 94.394, 26.756 ], [ 94.379, 26.759 ], [ 94.369, 26.75 ], [ 94.354, 26.754 ], [ 94.344, 26.744 ], [ 94.329, 26.748 ], [ 94.319, 26.738 ], [ 94.323, 26.726 ], [ 94.312, 26.717 ], [ 94.316, 26.705 ], [ 94.306, 26.696 ], [ 94.31, 26.683 ], [ 94.299, 26.674 ], [ 94.303, 26.662 ], [ 94.317, 26.659 ] ] ] ] } },
{ "type": "Feature", "properties": { "POLYGON.ID": 900.0, "subregion": "India--Assam--Jorhat--Brahmaputra", "POLYGON": "India--Assam--Jorhat--Brahmaputra", "SHOW": "1", "FILTER": "Not-Assigned", "FILTER.ID": null, "OLD.POLYGON": null, "STATE": "Assam", "COUNTY": "Jorhat", "OWNER": null }, "geometry": { "type": "MultiPolygon", "coordinates": [ [ [ [ 94.171, 26.908 ], [ 94.161, 26.898 ], [ 94.146, 26.902 ], [ 94.136, 26.892 ], [ 94.121, 26.896 ], [ 94.111, 26.886 ], [ 94.097, 26.89 ], [ 94.086, 26.881 ], [ 94.072, 26.884 ], [ 94.061, 26.874 ], [ 94.047, 26.878 ], [ 94.036, 26.868 ], [ 94.022, 26.872 ], [ 94.011, 26.862 ], [ 93.997, 26.866 ], [ 93.986, 26.856 ], [ 93.99, 26.844 ], [ 93.98, 26.835 ], [ 93.984, 26.823 ], [ 93.998, 26.82 ], [ 94.002, 26.807 ], [ 94.016, 26.804 ], [ 94.027, 26.813 ], [ 94.041, 26.81 ], [ 94.045, 26.798 ], [ 94.06, 26.795 ], [ 94.07, 26.804 ], [ 94.085, 26.801 ], [ 94.095, 26.81 ], [ 94.091, 26.822 ], [ 94.102, 26.831 ], [ 94.116, 26.828 ], [ 94.12, 26.816 ], [ 94.134, 26.813 ], [ 94.138, 26.801 ], [ 94.153, 26.798 ], [ 94.163, 26.807 ], [ 94.178, 26.804 ], [ 94.188, 26.813 ], [ 94.184, 26.825 ], [ 94.195, 26.834 ], [ 94.209, 26.831 ], [ 94.22, 26.84 ], [ 94.234, 26.837 ], [ 94.245, 26.846 ], [ 94.259, 26.843 ], [ 94.27, 26.852 ], [ 94.284, 26.849 ], [ 94.294, 26.858 ], [ 94.309, 26.855 ], [ 94.319, 26.864 ], [ 94.316, 26.876 ], [ 94.301, 26.879 ], [ 94.297, 26.892 ], [ 94.283, 26.895 ], [ 94.272, 26.886 ], [ 94.258, 26.889 ], [ 94.254, 26.901 ], [ 94.24, 26.904 ], [ 94.229, 26.895 ], [ 94.215, 26.898 ], [ 94.211, 26.91 ], [ 94.196, 26.914 ], [ 94.186, 26.904 ], [ 94.171, 26.908 ] ] ] ] } },
{ "type": "Feature", "properties": { "POLYGON.ID": 890.0, "subregion": "India--Assam--Karimganj--Hills (west)", "POLYGON": "India--Assam--Karimganj--Hills (west)", "SHOW": "1", "FILTER": "Not-Assigned", "FILTER.ID": null, "OLD.POLYGON": null, "STATE": "Assam", "COUNTY": "Karimganj", "OWNER": null }, "geometry": { "type": "MultiPolygon", "coordinates": [ [ [ [ 92.287, 24.71 ], [ 92.298, 24.72 ], [ 92.312, 24.717 ], [ 92.322, 24.726 ], [ 92.318, 24.739 ], [ 92.304, 24.742 ], [ 92.3, 24.754 ], [ 92.31, 24.764 ], [ 92.307, 24.776 ], [ 92.317, 24.785 ], [ 92.331, 24.782 ], [ 92.342, 24.792 ], [ 92.338, 24.804 ], [ 92.348, 24.814 ], [ 92.344, 24.826 ], [ 92.33, 24.829 ], [ 92.326, 24.842 ], [ 92.311, 24.845 ], [ 92.308, 24.857 ], [ 92.293, 24.86 ], [ 92.283, 24.851 ], [ 92.287, 24.838 ], [ 92.276, 24.829 ], [ 92.262, 24.832 ], [ 92.252, 24.822 ], [ 92.256, 24.81 ], [ 92.27, 24.807 ], [ 92.274, 24.794 ], [ 92.264, 24.785 ], [ 92.268, 24.773 ], [ 92.257, 24.763 ], [ 92.261, 24.751 ], [ 92.275, 24.748 ], [ 92.279, 24.735 ], [ 92.269, 24.726 ], [ 92.273, 24.713 ], [ 92.263, 24.704 ], [ 92.248, 24.707 ], [ 92.238, 24.698 ], [ 92.242, 24.685 ], [ 92.232, 24.676 ], [ 92.236, 24.663 ], [ 92.225, 24.654 ], [ 92.229, 24.641 ], [ 92.219, 24.632 ], [ 92.223, 24.619 ], [ 92.212, 24.61 ], [ 92.216, 24.598 ], [ 92.206, 24.588 ], [ 92.21, 24.576 ], [ 92.224, 24.573 ], [ 92.228, 24.56 ], [ 92.218, 24.551 ], [ 92.222, 24.538 ], [ 92.211, 24.529 ], [ 92.215, 24.516 ], [ 92.23, 24.513 ], [ 92.234, 24.501 ], [ 92.223, 24.491 ], [ 92.227, 24.479 ], [ 92.217, 24.469 ], [ 92.221, 24.457 ], [ 92.235, 24.454 ], [ 92.239, 24.441 ], [ 92.253, 24.438 ], [ 92.257, 24.426 ], [ 92.247, 24.417 ], [ 92.251, 24.404 ], [ 92.241, 24.395 ], [ 92.244, 24.382 ], [ 92.259, 24.379 ], [ 92.263, 24.367 ], [ 92.252, 24.357 ], [ 92.256, 24.345 ], [ 92.246, 24.335 ], [ 92.25, 24.323 ], [ 92.24, 24.313 ], [ 92.243, 24.301 ], [ 92.233, 24.291 ], [ 92.219, 24.294 ], [ 92.209, 24.285 ], [ 92.212, 24.272 ], [ 92.202, 24.263 ], [ 92.206, 24.25 ], [ 92.22, 24.247 ], [ 92.224, 24.235 ], [ 92.239, 24.232 ], [ 92.249, 24.241 ], [ 92.263, 24.238 ], [ 92.273, 24.248 ], [ 92.27, 24.26 ], [ 92.28, 24.27 ], [ 92.276, 24.282 ], [ 92.286, 24.292 ], [ 92.282, 24.304 ], [ 92.268, 24.307 ], [ 92.264, 24.32 ], [ 92.274, 24.329 ], [ 92.271, 24.342 ], [ 92.281, 24.351 ], [ 92.277, 24.363 ], [ 92.287, 24.373 ], [ 92.283, 24.385 ], [ 92.294, 24.395 ], [ 92.29, 24.407 ], [ 92.3, 24.417 ], [ 92.296, 24.429 ], [ 92.306, 24.439 ], [ 92.303, 24.451 ], [ 92.313, 24.461 ], [ 92.309, 24.473 ], [ 92.319, 24.483 ], [ 92.315, 24.495 ], [ 92.326, 24.504 ], [ 92.322, 24.517 ], [ 92.332, 24.526 ], [ 92.328, 24.539 ], [ 92.314, 24.542 ], [ 92.31, 24.554 ], [ 92.296, 24.557 ], [ 92.292, 24.57 ], [ 92.277, 24.573 ], [ 92.273, 24.585 ], [ 92.284, 24.595 ], [ 92.28, 24.607 ], [ 92.266, 24.61 ], [ 92.262, 24.623 ], [ 92.272, 24.632 ], [ 92.268, 24.645 ], [ 92.278, 24.654 ], [ 92.274, 24.667 ], [ 92.285, 24.676 ], [ 92.281, 24.688 ], [ 92.291, 24.698 ], [ 92.287, 24.71 ] ] ] ] } },
{ "type": "Feature", "properties": { "POLYGON.ID": 889.0, "subregion": "India--Assam--Karimganj--Hills (centre)", "POLYGON": "India--Assam--Karimganj--Hills (centre)", "SHOW": "1", "FILTER": "Not-Assigned", "FILTER.ID": null, "OLD.POLYGON": null, "STATE": "Assam", "COUNTY": "Karimganj", "OWNER": null }, "geometry": { "type": "MultiPolygon", "coordinates": [ [ [ [ 92.495, 24.771 ], [ 92.491, 24.783 ], [ 92.501, 24.793 ], [ 92.497, 24.805 ], [ 92.508, 24.814 ], [ 92.504, 24.827 ], [ 92.514, 24.836 ], [ 92.51, 24.849 ], [ 92.52, 24.858 ], [ 92.517, 24.871 ], [ 92.502, 24.874 ], [ 92.498, 24.886 ], [ 92.484, 24.889 ], [ 92.474, 24.88 ], [ 92.478, 24.867 ], [ 92.467, 24.858 ], [ 92.471, 24.845 ], [ 92.461, 24.836 ], [ 92.465, 24.824 ], [ 92.454, 24.814 ], [ 92.458, 24.802 ], [ 92.448, 24.792 ], [ 92.452, 24.78 ], [ 92.442, 24.77 ], [ 92.427, 24.774 ], [ 92.417, 24.764 ], [ 92.403, 24.767 ], [ 92.392, 24.758 ], [ 92.396, 24.745 ], [ 92.386, 24.736 ], [ 92.39, 24.723 ], [ 92.379, 24.714 ], [ 92.383, 24.702 ], [ 92.373, 24.692 ], [ 92.377, 24.68 ], [ 92.367, 24.67 ], [ 92.371, 24.658 ], [ 92.36, 24.648 ], [ 92.364, 24.636 ], [ 92.354, 24.626 ], [ 92.358, 24.614 ], [ 92.347, 24.605 ], [ 92.351, 24.592 ], [ 92.366, 24.589 ], [ 92.369, 24.577 ], [ 92.359, 24.567 ], [ 92.363, 24.555 ], [ 92.353, 24.545 ], [ 92.357, 24.533 ], [ 92.346, 24.523 ], [ 92.35, 24.511 ], [ 92.34, 24.501 ], [ 92.344, 24.489 ], [ 92.334, 24.48 ], [ 92.337, 24.467 ], [ 92.327, 24.458 ], [ 92.331, 24.445 ], [ 92.321, 24.436 ], [ 92.325, 24.423 ], [ 92.314, 24.414 ], [ 92.318, 24.401 ], [ 92.308, 24.392 ], [ 92.312, 24.379 ], [ 92.326, 24.376 ], [ 92.33, 24.364 ], [ 92.32, 24.354 ], [ 92.324, 24.342 ], [ 92.313, 24.332 ], [ 92.317, 24.32 ], [ 92.307, 24.31 ], [ 92.311, 24.298 ], [ 92.301, 24.288 ], [ 92.304, 24.276 ], [ 92.294, 24.267 ], [ 92.298, 24.254 ], [ 92.312, 24.251 ], [ 92.323, 24.26 ], [ 92.337, 24.257 ], [ 92.347, 24.267 ], [ 92.361, 24.264 ], [ 92.372, 24.273 ], [ 92.368, 24.286 ], [ 92.378, 24.295 ], [ 92.374, 24.308 ], [ 92.385, 24.317 ], [ 92.381, 24.33 ], [ 92.391, 24.339 ], [ 92.387, 24.352 ], [ 92.397, 24.361 ], [ 92.394, 24.373 ], [ 92.404, 24.383 ], [ 92.4, 24.395 ], [ 92.386, 24.398 ], [ 92.382, 24.411 ], [ 92.392, 24.42 ], [ 92.388, 24.433 ], [ 92.398, 24.442 ], [ 92.395, 24.455 ], [ 92.405, 24.464 ], [ 92.401, 24.477 ], [ 92.387, 24.48 ], [ 92.383, 24.492 ], [ 92.393, 24.502 ], [ 92.389, 24.514 ], [ 92.375, 24.517 ], [ 92.371, 24.53 ], [ 92.381, 24.539 ], [ 92.377, 24.552 ], [ 92.388, 24.561 ], [ 92.384, 24.574 ], [ 92.394, 24.583 ], [ 92.39, 24.595 ], [ 92.401, 24.605 ], [ 92.397, 24.617 ], [ 92.407, 24.627 ], [ 92.403, 24.639 ], [ 92.413, 24.649 ], [ 92.409, 24.661 ], [ 92.42, 24.671 ], [ 92.416, 24.683 ], [ 92.426, 24.692 ], [ 92.422, 24.705 ], [ 92.433, 24.714 ], [ 92.447, 24.711 ], [ 92.457, 24.721 ], [ 92.453, 24.733 ], [ 92.464, 24.743 ], [ 92.46, 24.755 ], [ 92.47, 24.764 ], [ 92.484, 24.761 ], [ 92.495, 24.771 ] ] ] ] } },
{ "type": "Feature", "properties": { "POLYGON.ID": 888.0, "subregion": "India--Assam--Karimganj--Hills (east)", "POLYGON": "India--Assam--Karimganj--Hills (east)", "SHOW": "1", "FILTER": "Not-Assigned", "FILTER.ID": null, "OLD.POLYGON": null, "STATE": "Assam", "COUNTY": "Karimganj", "OWNER": null }, "geometry": { "type": "MultiPolygon", "coordinates": [ [ [ [ 92.459, 24.674 ], [ 92.463, 24.661 ], [ 92.452, 24.652 ], [ 92.456, 24.639 ], [ 92.47, 24.636 ], [ 92.474, 24.624 ], [ 92.464, 24.615 ], [ 92.468, 24.602 ], [ 92.458, 24.593 ], [ 92.462, 24.58 ], [ 92.451, 24.571 ], [ 92.455, 24.558 ], [ 92.445, 24.549 ], [ 92.449, 24.536 ], [ 92.438, 24.527 ], [ 92.442, 24.514 ], [ 92.432, 24.505 ], [ 92.436, 24.493 ], [ 92.45, 24.489 ], [ 92.454, 24.477 ], [ 92.444, 24.468 ], [ 92.448, 24.455 ], [ 92.462, 24.452 ], [ 92.466, 24.44 ], [ 92.456, 24.43 ], [ 92.459, 24.418 ], [ 92.449, 24.408 ], [ 92.453, 24.396 ], [ 92.443, 24.386 ], [ 92.447, 24.374 ], [ 92.436, 24.364 ], [ 92.44, 24.352 ], [ 92.43, 24.342 ], [ 92.416, 24.345 ], [ 92.405, 24.336 ], [ 92.409, 24.323 ], [ 92.399, 24.314 ], [ 92.403, 24.302 ], [ 92.392, 24.292 ], [ 92.396, 24.28 ], [ 92.386, 24.27 ], [ 92.39, 24.258 ], [ 92.404, 24.255 ], [ 92.415, 24.264 ], [ 92.429, 24.261 ], [ 92.439, 24.27 ], [ 92.435, 24.283 ], [ 92.446, 24.292 ], [ 92.46, 24.289 ], [ 92.47, 24.299 ], [ 92.466, 24.311 ], [ 92.477, 24.321 ], [ 92.473, 24.333 ], [ 92.483, 24.343 ], [ 92.479, 24.355 ], [ 92.489, 24.365 ], [ 92.486, 24.377 ], [ 92.496, 24.386 ], [ 92.492, 24.399 ], [ 92.502, 24.408 ], [ 92.498, 24.421 ], [ 92.509, 24.43 ], [ 92.505, 24.443 ], [ 92.515, 24.452 ], [ 92.511, 24.465 ], [ 92.497, 24.468 ], [ 92.493, 24.48 ], [ 92.503, 24.49 ], [ 92.499, 24.502 ], [ 92.51, 24.512 ], [ 92.506, 24.524 ], [ 92.516, 24.534 ], [ 92.512, 24.546 ], [ 92.523, 24.555 ], [ 92.519, 24.568 ], [ 92.504, 24.571 ], [ 92.5, 24.583 ], [ 92.511, 24.593 ], [ 92.507, 24.605 ], [ 92.517, 24.615 ], [ 92.513, 24.627 ], [ 92.499, 24.63 ], [ 92.495, 24.643 ], [ 92.505, 24.652 ], [ 92.502, 24.665 ], [ 92.487, 24.668 ], [ 92.483, 24.68 ], [ 92.494, 24.69 ], [ 92.49, 24.702 ], [ 92.5, 24.711 ], [ 92.496, 24.724 ], [ 92.507, 24.733 ], [ 92.503, 24.746 ], [ 92.513, 24.755 ], [ 92.527, 24.752 ], [ 92.538, 24.762 ], [ 92.534, 24.774 ], [ 92.544, 24.783 ], [ 92.54, 24.796 ], [ 92.55, 24.805 ], [ 92.547, 24.818 ], [ 92.557, 24.827 ], [ 92.553, 24.84 ], [ 92.563, 24.849 ], [ 92.559, 24.861 ], [ 92.545, 24.864 ], [ 92.535, 24.855 ], [ 92.52, 24.858 ], [ 92.51, 24.849 ], [ 92.514, 24.836 ], [ 92.504, 24.827 ], [ 92.508, 24.814 ], [ 92.497, 24.805 ], [ 92.501, 24.793 ], [ 92.491, 24.783 ], [ 92.495, 24.771 ], [ 92.484, 24.761 ], [ 92.488, 24.749 ], [ 92.478, 24.739 ], [ 92.482, 24.727 ], [ 92.472, 24.718 ], [ 92.475, 24.705 ], [ 92.465, 24.696 ], [ 92.469, 24.683 ], [ 92.459, 24.674 ] ] ] ] } },
{ "type": "Feature", "properties": { "POLYGON.ID": 887.0, "subregion": "India--Assam--Hailakandi--Hills (east)", "POLYGON": "India--Assam--Hailakandi--Hills (east)", "SHOW": "1", "FILTER": "Not-Assigned", "FILTER.ID": null, "OLD.POLYGON": null, "STATE": "Assam", "COUNTY": "Hailakandi", "OWNER": null }, "geometry": { "type": "MultiPolygon", "coordinates": [ [ [ [ 92.758, 24.528 ], [ 92.768, 24.538 ], [ 92.764, 24.55 ], [ 92.774, 24.559 ], [ 92.77, 24.572 ], [ 92.756, 24.575 ], [ 92.752, 24.587 ], [ 92.738, 24.591 ], [ 92.728, 24.581 ], [ 92.732, 24.569 ], [ 92.721, 24.559 ], [ 92.707, 24.562 ], [ 92.703, 24.575 ], [ 92.689, 24.578 ], [ 92.685, 24.59 ], [ 92.67, 24.593 ], [ 92.667, 24.606 ], [ 92.652, 24.609 ], [ 92.642, 24.6 ], [ 92.628, 24.603 ], [ 92.617, 24.593 ], [ 92.621, 24.581 ], [ 92.635, 24.578 ], [ 92.639, 24.565 ], [ 92.629, 24.556 ], [ 92.615, 24.559 ], [ 92.604, 24.55 ], [ 92.608, 24.537 ], [ 92.598, 24.528 ], [ 92.602, 24.515 ], [ 92.592, 24.506 ], [ 92.595, 24.493 ], [ 92.585, 24.484 ], [ 92.589, 24.471 ], [ 92.579, 24.462 ], [ 92.583, 24.449 ], [ 92.572, 24.44 ], [ 92.576, 24.427 ], [ 92.566, 24.418 ], [ 92.57, 24.406 ], [ 92.559, 24.396 ], [ 92.563, 24.384 ], [ 92.553, 24.374 ], [ 92.557, 24.362 ], [ 92.547, 24.352 ], [ 92.55, 24.34 ], [ 92.54, 24.33 ], [ 92.544, 24.318 ], [ 92.534, 24.308 ], [ 92.538, 24.296 ], [ 92.527, 24.286 ], [ 92.531, 24.274 ], [ 92.521, 24.264 ], [ 92.525, 24.252 ], [ 92.514, 24.242 ], [ 92.518, 24.23 ], [ 92.508, 24.221 ], [ 92.512, 24.208 ], [ 92.502, 24.199 ], [ 92.506, 24.186 ], [ 92.495, 24.177 ], [ 92.499, 24.164 ], [ 92.513, 24.161 ], [ 92.524, 24.17 ], [ 92.538, 24.167 ], [ 92.548, 24.177 ], [ 92.544, 24.189 ], [ 92.555, 24.199 ], [ 92.551, 24.211 ], [ 92.561, 24.221 ], [ 92.557, 24.233 ], [ 92.568, 24.243 ], [ 92.582, 24.24 ], [ 92.592, 24.249 ], [ 92.606, 24.246 ], [ 92.617, 24.255 ], [ 92.613, 24.268 ], [ 92.623, 24.277 ], [ 92.619, 24.29 ], [ 92.63, 24.299 ], [ 92.626, 24.312 ], [ 92.636, 24.321 ], [ 92.632, 24.334 ], [ 92.643, 24.343 ], [ 92.657, 24.34 ], [ 92.667, 24.35 ], [ 92.681, 24.346 ], [ 92.692, 24.356 ], [ 92.688, 24.368 ], [ 92.698, 24.378 ], [ 92.694, 24.39 ], [ 92.705, 24.4 ], [ 92.701, 24.412 ], [ 92.711, 24.422 ], [ 92.725, 24.419 ], [ 92.736, 24.428 ], [ 92.732, 24.44 ], [ 92.742, 24.45 ], [ 92.738, 24.462 ], [ 92.749, 24.472 ], [ 92.745, 24.484 ], [ 92.755, 24.494 ], [ 92.751, 24.506 ], [ 92.761, 24.516 ], [ 92.758, 24.528 ] ] ] ] } },
{ "type": "Feature", "properties": { "POLYGON.ID": 886.0, "subregion": "India--Assam--Hailakandi--Hills (west)", "POLYGON": "India--Assam--Hailakandi--Hills (west)", "SHOW": "1", "FILTER": "Not-Assigned", "FILTER.ID": null, "OLD.POLYGON": null, "STATE": "Assam", "COUNTY": "Hailakandi", "OWNER": null }, "geometry": { "type": "MultiPolygon", "coordinates": [ [ [ [ 92.495, 24.177 ], [ 92.506, 24.186 ], [ 92.502, 24.199 ], [ 92.512, 24.208 ], [ 92.508, 24.221 ], [ 92.518, 24.23 ], [ 92.514, 24.242 ], [ 92.525, 24.252 ], [ 92.521, 24.264 ], [ 92.507, 24.268 ], [ 92.503, 24.28 ], [ 92.513, 24.289 ], [ 92.509, 24.302 ], [ 92.519, 24.311 ], [ 92.516, 24.324 ], [ 92.526, 24.333 ], [ 92.522, 24.346 ], [ 92.532, 24.355 ], [ 92.528, 24.368 ], [ 92.539, 24.377 ], [ 92.535, 24.39 ], [ 92.545, 24.399 ], [ 92.541, 24.412 ], [ 92.552, 24.421 ], [ 92.548, 24.434 ], [ 92.558, 24.443 ], [ 92.554, 24.456 ], [ 92.564, 24.465 ], [ 92.56, 24.477 ], [ 92.546, 24.481 ], [ 92.542, 24.493 ], [ 92.553, 24.502 ], [ 92.549, 24.515 ], [ 92.559, 24.524 ], [ 92.555, 24.537 ], [ 92.565, 24.546 ], [ 92.562, 24.559 ], [ 92.572, 24.568 ], [ 92.568, 24.581 ], [ 92.554, 24.584 ], [ 92.55, 24.596 ], [ 92.535, 24.599 ], [ 92.532, 24.612 ], [ 92.542, 24.621 ], [ 92.538, 24.634 ], [ 92.524, 24.637 ], [ 92.52, 24.649 ], [ 92.53, 24.659 ], [ 92.526, 24.671 ], [ 92.537, 24.68 ], [ 92.533, 24.693 ], [ 92.543, 24.702 ], [ 92.539, 24.715 ], [ 92.549, 24.724 ], [ 92.545, 24.737 ], [ 92.556, 24.746 ], [ 92.552, 24.758 ], [ 92.562, 24.768 ], [ 92.558, 24.78 ], [ 92.569, 24.79 ], [ 92.565, 24.802 ], [ 92.575, 24.812 ], [ 92.571, 24.824 ], [ 92.582, 24.833 ], [ 92.596, 24.83 ], [ 92.606, 24.84 ], [ 92.602, 24.852 ], [ 92.613, 24.862 ], [ 92.609, 24.874 ], [ 92.594, 24.877 ], [ 92.584, 24.868 ], [ 92.57, 24.871 ], [ 92.559, 24.861 ], [ 92.563, 24.849 ], [ 92.553, 24.84 ], [ 92.557, 24.827 ], [ 92.547, 24.818 ], [ 92.55, 24.805 ], [ 92.54, 24.796 ], [ 92.544, 24.783 ], [ 92.534, 24.774 ], [ 92.538, 24.762 ], [ 92.527, 24.752 ], [ 92.513, 24.755 ], [ 92.503, 24.746 ], [ 92.507, 24.733 ], [ 92.496, 24.724 ], [ 92.5, 24.711 ], [ 92.49, 24.702 ], [ 92.494, 24.69 ], [ 92.483, 24.68 ], [ 92.487, 24.668 ], [ 92.502, 24.665 ], [ 92.505, 24.652 ], [ 92.495, 24.643 ], [ 92.499, 24.63 ], [ 92.513, 24.627 ], [ 92.517, 24.615 ], [ 92.507, 24.605 ], [ 92.511, 24.593 ], [ 92.5, 24.583 ], [ 92.504, 24.571 ], [ 92.519, 24.568 ], [ 92.523, 24.555 ], [ 92.512, 24.546 ], [ 92.516, 24.534 ], [ 92.506, 24.524 ], [ 92.51, 24.512 ], [ 92.499, 24.502 ], [ 92.503, 24.49 ], [ 92.493, 24.48 ], [ 92.497, 24.468 ], [ 92.511, 24.465 ], [ 92.515, 24.452 ], [ 92.505, 24.443 ], [ 92.509, 24.43 ], [ 92.498, 24.421 ], [ 92.502, 24.408 ], [ 92.492, 24.399 ], [ 92.496, 24.386 ], [ 92.486, 24.377 ], [ 92.489, 24.365 ], [ 92.479, 24.355 ], [ 92.483, 24.343 ], [ 92.473, 24.333 ], [ 92.477, 24.321 ], [ 92.466, 24.311 ], [ 92.47, 24.299 ], [ 92.46, 24.289 ], [ 92.446, 24.292 ], [ 92.435, 24.283 ], [ 92.439, 24.27 ], [ 92.429, 24.261 ], [ 92.433, 24.248 ], [ 92.422, 24.239 ], [ 92.426, 24.226 ], [ 92.416, 24.217 ], [ 92.42, 24.204 ], [ 92.41, 24.195 ], [ 92.414, 24.183 ], [ 92.428, 24.179 ], [ 92.432, 24.167 ], [ 92.446, 24.164 ], [ 92.45, 24.151 ], [ 92.464, 24.148 ], [ 92.475, 24.158 ], [ 92.489, 24.155 ], [ 92.499, 24.164 ], [ 92.495, 24.177 ] ] ] ] } },
{ "type": "Feature", "properties": { "POLYGON.ID": 881.0, "subregion": "India--Assam--Cachar--Forests (high)", "POLYGON": "India--Assam--Cachar--Forests (high)", "SHOW": "1", "FILTER": "Not-Assigned", "FILTER.ID": null, "OLD.POLYGON": null, "STATE": "Assam", "COUNTY": "Cachar", "OWNER": null }, "geometry": { "type": "MultiPolygon", "coordinates": [ [ [ [ 93.03, 25.062 ], [ 93.015, 25.065 ], [ 93.011, 25.078 ], [ 92.997, 25.081 ], [ 92.987, 25.071 ], [ 92.972, 25.074 ], [ 92.962, 25.065 ], [ 92.948, 25.068 ], [ 92.937, 25.059 ], [ 92.923, 25.062 ], [ 92.919, 25.074 ], [ 92.905, 25.077 ], [ 92.894, 25.068 ], [ 92.88, 25.071 ], [ 92.87, 25.062 ], [ 92.855, 25.065 ], [ 92.845, 25.055 ], [ 92.831, 25.058 ], [ 92.827, 25.071 ], [ 92.812, 25.074 ], [ 92.802, 25.065 ], [ 92.806, 25.052 ], [ 92.795, 25.043 ], [ 92.781, 25.046 ], [ 92.771, 25.037 ], [ 92.775, 25.024 ], [ 92.764, 25.015 ], [ 92.75, 25.018 ], [ 92.74, 25.008 ], [ 92.744, 24.996 ], [ 92.758, 24.993 ], [ 92.762, 24.98 ], [ 92.751, 24.971 ], [ 92.755, 24.959 ], [ 92.745, 24.949 ], [ 92.749, 24.937 ], [ 92.763, 24.934 ], [ 92.774, 24.943 ], [ 92.788, 24.94 ], [ 92.798, 24.949 ], [ 92.813, 24.946 ], [ 92.823, 24.956 ], [ 92.837, 24.953 ], [ 92.848, 24.962 ], [ 92.862, 24.959 ], [ 92.872, 24.968 ], [ 92.887, 24.965 ], [ 92.891, 24.953 ], [ 92.905, 24.95 ], [ 92.915, 24.959 ], [ 92.93, 24.956 ], [ 92.94, 24.965 ], [ 92.954, 24.962 ], [ 92.958, 24.95 ], [ 92.972, 24.947 ], [ 92.983, 24.956 ], [ 92.997, 24.953 ], [ 93.008, 24.962 ], [ 93.022, 24.959 ], [ 93.032, 24.969 ], [ 93.047, 24.966 ], [ 93.057, 24.975 ], [ 93.053, 24.987 ], [ 93.063, 24.997 ], [ 93.06, 25.009 ], [ 93.07, 25.018 ], [ 93.066, 25.031 ], [ 93.052, 25.034 ], [ 93.048, 25.046 ], [ 93.033, 25.05 ], [ 93.03, 25.062 ] ] ] ] } },
{ "type": "Feature", "properties": { "POLYGON.ID": 882.0, "subregion": "India--Assam--Cachar--Barail WLS", "POLYGON": "India--Assam--Cachar--Barail WLS", "SHOW": "1", "FILTER": "Not-Assigned", "FILTER.ID": null, "OLD.POLYGON": null, "STATE": "Assam", "COUNTY": "Cachar", "OWNER": null }, "geometry": { "type": "MultiPolygon", "coordinates": [ [ [ [ 92.596, 24.958 ], [ 92.61, 24.955 ], [ 92.62, 24.964 ], [ 92.634, 24.961 ], [ 92.638, 24.949 ], [ 92.653, 24.946 ], [ 92.663, 24.955 ], [ 92.677, 24.952 ], [ 92.681, 24.94 ], [ 92.696, 24.937 ], [ 92.706, 24.946 ], [ 92.72, 24.943 ], [ 92.731, 24.952 ], [ 92.745, 24.949 ], [ 92.755, 24.959 ], [ 92.751, 24.971 ], [ 92.762, 24.98 ], [ 92.758, 24.993 ], [ 92.744, 24.996 ], [ 92.74, 25.008 ], [ 92.75, 25.018 ], [ 92.764, 25.015 ], [ 92.775, 25.024 ], [ 92.771, 25.037 ], [ 92.781, 25.046 ], [ 92.795, 25.043 ], [ 92.806, 25.052 ], [ 92.802, 25.065 ], [ 92.812, 25.074 ], [ 92.808, 25.086 ], [ 92.794, 25.09 ], [ 92.784, 25.08 ], [ 92.769, 25.083 ], [ 92.765, 25.096 ], [ 92.776, 25.105 ], [ 92.772, 25.117 ], [ 92.758, 25.12 ], [ 92.754, 25.133 ], [ 92.739, 25.136 ], [ 92.729, 25.127 ], [ 92.715, 25.13 ], [ 92.704, 25.12 ], [ 92.69, 25.123 ], [ 92.68, 25.114 ], [ 92.665, 25.117 ], [ 92.655, 25.108 ], [ 92.641, 25.111 ], [ 92.637, 25.123 ], [ 92.622, 25.126 ], [ 92.612, 25.117 ], [ 92.598, 25.12 ], [ 92.594, 25.132 ], [ 92.579, 25.135 ], [ 92.569, 25.126 ], [ 92.555, 25.129 ], [ 92.551, 25.141 ], [ 92.537, 25.144 ], [ 92.526, 25.135 ], [ 92.53, 25.123 ], [ 92.52, 25.113 ], [ 92.505, 25.116 ], [ 92.495, 25.107 ], [ 92.481, 25.11 ], [ 92.47, 25.101 ], [ 92.474, 25.088 ], [ 92.464, 25.079 ], [ 92.468, 25.066 ], [ 92.458, 25.057 ], [ 92.461, 25.045 ], [ 92.451, 25.035 ], [ 92.437, 25.038 ], [ 92.426, 25.029 ], [ 92.43, 25.016 ], [ 92.445, 25.013 ], [ 92.449, 25.001 ], [ 92.463, 24.998 ], [ 92.467, 24.986 ], [ 92.481, 24.983 ], [ 92.491, 24.992 ], [ 92.506, 24.989 ], [ 92.516, 24.998 ], [ 92.53, 24.995 ], [ 92.534, 24.983 ], [ 92.549, 24.98 ], [ 92.553, 24.967 ], [ 92.567, 24.964 ], [ 92.577, 24.974 ], [ 92.592, 24.971 ], [ 92.596, 24.958 ] ] ] ] } },
{ "type": "Feature", "properties": { "POLYGON.ID": 883.0, "subregion": "India--Assam--Cachar--Forests (east)", "POLYGON": "India--Assam--Cachar--Forests (east)", "SHOW": "1", "FILTER": "Not-Assigned", "FILTER.ID": null, "OLD.POLYGON": null, "STATE": "Assam", "COUNTY": "Cachar", "OWNER": null }, "geometry": { "type": "MultiPolygon", "coordinates": [ [ [ [ 93.109, 24.766 ], [ 93.105, 24.779 ], [ 93.116, 24.788 ], [ 93.112, 24.8 ], [ 93.122, 24.81 ], [ 93.136, 24.807 ], [ 93.14, 24.794 ], [ 93.155, 24.791 ], [ 93.165, 24.8 ], [ 93.179, 24.797 ], [ 93.19, 24.807 ], [ 93.186, 24.819 ], [ 93.196, 24.828 ], [ 93.192, 24.841 ], [ 93.203, 24.85 ], [ 93.199, 24.863 ], [ 93.209, 24.872 ], [ 93.224, 24.869 ], [ 93.234, 24.878 ], [ 93.23, 24.891 ], [ 93.24, 24.9 ], [ 93.236, 24.913 ], [ 93.247, 24.922 ], [ 93.243, 24.934 ], [ 93.253, 24.944 ], [ 93.249, 24.956 ], [ 93.26, 24.966 ], [ 93.256, 24.978 ], [ 93.242, 24.981 ], [ 93.231, 24.972 ], [ 93.217, 24.975 ], [ 93.213, 24.987 ], [ 93.199, 24.991 ], [ 93.188, 24.981 ], [ 93.174, 24.984 ], [ 93.164, 24.975 ], [ 93.149, 24.978 ], [ 93.145, 24.99 ], [ 93.131, 24.994 ], [ 93.127, 25.006 ], [ 93.113, 25.009 ], [ 93.102, 25.0 ], [ 93.088, 25.003 ], [ 93.078, 24.994 ], [ 93.063, 24.997 ], [ 93.053, 24.987 ], [ 93.057, 24.975 ], [ 93.047, 24.966 ], [ 93.032, 24.969 ], [ 93.022, 24.959 ], [ 93.008, 24.962 ], [ 92.997, 24.953 ], [ 92.983, 24.956 ], [ 92.972, 24.947 ], [ 92.976, 24.934 ], [ 92.991, 24.931 ], [ 92.995, 24.919 ], [ 92.984, 24.909 ], [ 92.988, 24.897 ], [ 93.002, 24.894 ], [ 93.006, 24.881 ], [ 93.021, 24.878 ], [ 93.025, 24.866 ], [ 93.014, 24.856 ], [ 93.018, 24.844 ], [ 93.032, 24.841 ], [ 93.036, 24.828 ], [ 93.026, 24.819 ], [ 93.03, 24.807 ], [ 93.019, 24.797 ], [ 93.023, 24.785 ], [ 93.013, 24.775 ], [ 93.017, 24.763 ], [ 93.031, 24.76 ], [ 93.035, 24.747 ], [ 93.049, 24.744 ], [ 93.053, 24.732 ], [ 93.068, 24.729 ], [ 93.072, 24.716 ], [ 93.086, 24.713 ], [ 93.096, 24.722 ], [ 93.092, 24.735 ], [ 93.103, 24.744 ], [ 93.099, 24.757 ], [ 93.109, 24.766 ] ] ] ] } },
{ "type": "Feature", "properties": { "POLYGON.ID": 884.0, "subregion": "India--Assam--Cachar--Forests (south)", "POLYGON": "India--Assam--Cachar--Forests (south)", "SHOW": "1", "FILTER": "Not-Assigned", "FILTER.ID": null, "OLD.POLYGON": null, "STATE": "Assam", "COUNTY": "Cachar", "OWNER": null }, "geometry": { "type": "MultiPolygon", "coordinates": [ [ [ [ 93.006, 24.416 ], [ 93.02, 24.413 ], [ 93.03, 24.422 ], [ 93.026, 24.435 ], [ 93.037, 24.444 ], [ 93.033, 24.457 ], [ 93.043, 24.466 ], [ 93.039, 24.479 ], [ 93.05, 24.488 ], [ 93.046, 24.5 ], [ 93.056, 24.51 ], [ 93.052, 24.522 ], [ 93.063, 24.532 ], [ 93.059, 24.544 ], [ 93.069, 24.554 ], [ 93.065, 24.566 ], [ 93.076, 24.576 ], [ 93.09, 24.572 ], [ 93.1, 24.582 ], [ 93.096, 24.594 ], [ 93.082, 24.597 ], [ 93.078, 24.61 ], [ 93.089, 24.619 ], [ 93.085, 24.632 ], [ 93.095, 24.641 ], [ 93.091, 24.654 ], [ 93.101, 24.663 ], [ 93.098, 24.675 ], [ 93.083, 24.679 ], [ 93.079, 24.691 ], [ 93.09, 24.7 ], [ 93.086, 24.713 ], [ 93.072, 24.716 ], [ 93.068, 24.729 ], [ 93.053, 24.732 ], [ 93.049, 24.744 ], [ 93.035, 24.747 ], [ 93.031, 24.76 ], [ 93.017, 24.763 ], [ 93.007, 24.753 ], [ 92.992, 24.757 ], [ 92.982, 24.747 ], [ 92.986, 24.735 ], [ 92.975, 24.725 ], [ 92.979, 24.713 ], [ 92.969, 24.703 ], [ 92.973, 24.691 ], [ 92.962, 24.682 ], [ 92.966, 24.669 ], [ 92.956, 24.66 ], [ 92.96, 24.647 ], [ 92.974, 24.644 ], [ 92.978, 24.632 ], [ 92.968, 24.622 ], [ 92.972, 24.61 ], [ 92.986, 24.607 ], [ 92.99, 24.594 ], [ 92.979, 24.585 ], [ 92.965, 24.588 ], [ 92.955, 24.579 ], [ 92.959, 24.566 ], [ 92.948, 24.557 ], [ 92.952, 24.544 ], [ 92.942, 24.535 ], [ 92.928, 24.538 ], [ 92.917, 24.528 ], [ 92.903, 24.532 ], [ 92.893, 24.522 ], [ 92.878, 24.525 ], [ 92.868, 24.516 ], [ 92.872, 24.503 ], [ 92.861, 24.494 ], [ 92.847, 24.497 ], [ 92.837, 24.488 ], [ 92.841, 24.475 ], [ 92.83, 24.466 ], [ 92.816, 24.469 ], [ 92.806, 24.459 ], [ 92.81, 24.447 ], [ 92.799, 24.438 ], [ 92.803, 24.425 ], [ 92.793, 24.416 ], [ 92.797, 24.403 ], [ 92.811, 24.4 ], [ 92.815, 24.387 ], [ 92.829, 24.384 ], [ 92.84, 24.394 ], [ 92.854, 24.391 ], [ 92.864, 24.4 ], [ 92.878, 24.397 ], [ 92.889, 24.406 ], [ 92.903, 24.403 ], [ 92.913, 24.413 ], [ 92.928, 24.41 ], [ 92.932, 24.397 ], [ 92.946, 24.394 ], [ 92.956, 24.403 ], [ 92.971, 24.4 ], [ 92.981, 24.41 ], [ 92.995, 24.407 ], [ 93.006, 24.416 ] ] ] ] } },
{ "type": "Feature", "properties": { "POLYGON.ID": 885.0, "subregion": "India--Assam--Cachar--Forests (southwest)", "POLYGON": "India--Assam--Cachar--Forests (southwest)", "SHOW": "1", "FILTER": "Not-Assigned", "FILTER.ID": null, "OLD.POLYGON": null, "STATE": "Assam", "COUNTY": "Cachar", "OWNER": null }, "geometry": { "type": "MultiPolygon", "coordinates": [ [ [ [ 92.644, 24.762 ], [ 92.648, 24.75 ], [ 92.638, 24.74 ], [ 92.642, 24.728 ], [ 92.631, 24.718 ], [ 92.635, 24.706 ], [ 92.625, 24.696 ], [ 92.629, 24.684 ], [ 92.643, 24.681 ], [ 92.647, 24.668 ], [ 92.637, 24.659 ], [ 92.64, 24.646 ], [ 92.63, 24.637 ], [ 92.634, 24.625 ], [ 92.624, 24.615 ], [ 92.628, 24.603 ], [ 92.642, 24.6 ], [ 92.652, 24.609 ], [ 92.667, 24.606 ], [ 92.67, 24.593 ], [ 92.685, 24.59 ], [ 92.689, 24.578 ], [ 92.703, 24.575 ], [ 92.707, 24.562 ], [ 92.721, 24.559 ], [ 92.732, 24.569 ], [ 92.728, 24.581 ], [ 92.738, 24.591 ], [ 92.752, 24.587 ], [ 92.756, 24.575 ], [ 92.77, 24.572 ], [ 92.774, 24.559 ], [ 92.764, 24.55 ], [ 92.768, 24.538 ], [ 92.758, 24.528 ], [ 92.761, 24.516 ], [ 92.751, 24.506 ], [ 92.755, 24.494 ], [ 92.745, 24.484 ], [ 92.749, 24.472 ], [ 92.763, 24.469 ], [ 92.767, 24.456 ], [ 92.781, 24.453 ], [ 92.785, 24.441 ], [ 92.799, 24.438 ], [ 92.81, 24.447 ], [ 92.806, 24.459 ], [ 92.816, 24.469 ], [ 92.83, 24.466 ], [ 92.841, 24.475 ], [ 92.837, 24.488 ], [ 92.847, 24.497 ], [ 92.861, 24.494 ], [ 92.872, 24.503 ], [ 92.868, 24.516 ], [ 92.878, 24.525 ], [ 92.893, 24.522 ], [ 92.903, 24.532 ], [ 92.917, 24.528 ], [ 92.928, 24.538 ], [ 92.942, 24.535 ], [ 92.952, 24.544 ], [ 92.948, 24.557 ], [ 92.959, 24.566 ], [ 92.955, 24.579 ], [ 92.965, 24.588 ], [ 92.961, 24.6 ], [ 92.947, 24.604 ], [ 92.943, 24.616 ], [ 92.929, 24.619 ], [ 92.918, 24.61 ], [ 92.904, 24.613 ], [ 92.9, 24.625 ], [ 92.886, 24.628 ], [ 92.882, 24.641 ], [ 92.868, 24.644 ], [ 92.864, 24.656 ], [ 92.849, 24.66 ], [ 92.846, 24.672 ], [ 92.831, 24.675 ], [ 92.827, 24.688 ], [ 92.813, 24.691 ], [ 92.809, 24.703 ], [ 92.795, 24.706 ], [ 92.791, 24.719 ], [ 92.777, 24.722 ], [ 92.773, 24.734 ], [ 92.783, 24.744 ], [ 92.779, 24.756 ], [ 92.79, 24.766 ], [ 92.786, 24.778 ], [ 92.771, 24.781 ], [ 92.767, 24.794 ], [ 92.753, 24.797 ], [ 92.749, 24.809 ], [ 92.735, 24.812 ], [ 92.731, 24.825 ], [ 92.717, 24.828 ], [ 92.706, 24.818 ], [ 92.692, 24.821 ], [ 92.682, 24.812 ], [ 92.667, 24.815 ], [ 92.657, 24.806 ], [ 92.661, 24.793 ], [ 92.651, 24.784 ], [ 92.654, 24.771 ], [ 92.644, 24.762 ] ] ] ] } },
{ "type": "Feature", "properties": { "POLYGON.ID": 891.0, "subregion": "India--Assam--Karbi Anglong--Forests (south)", "POLYGON": "India--Assam--Karbi Anglong--Forests (south)", "SHOW": "1", "FILTER": "Not-Assigned", "FILTER.ID": null, "OLD.POLYGON": null, "STATE": "Assam", "COUNTY": "Karbi Anglong", "OWNER": null }, "geometry": { "type": "MultiPolygon", "coordinates": [ [ [ [ 93.33, 25.76 ], [ 93.316, 25.763 ], [ 93.305, 25.754 ], [ 93.291, 25.757 ], [ 93.287, 25.769 ], [ 93.297, 25.779 ], [ 93.312, 25.775 ], [ 93.322, 25.785 ], [ 93.318, 25.797 ], [ 93.304, 25.8 ], [ 93.3, 25.813 ], [ 93.31, 25.822 ], [ 93.307, 25.834 ], [ 93.317, 25.843 ], [ 93.331, 25.84 ], [ 93.342, 25.85 ], [ 93.356, 25.847 ], [ 93.367, 25.856 ], [ 93.363, 25.868 ], [ 93.373, 25.877 ], [ 93.369, 25.89 ], [ 93.355, 25.893 ], [ 93.351, 25.905 ], [ 93.361, 25.914 ], [ 93.357, 25.927 ], [ 93.343, 25.93 ], [ 93.339, 25.942 ], [ 93.35, 25.952 ], [ 93.346, 25.964 ], [ 93.331, 25.967 ], [ 93.327, 25.979 ], [ 93.338, 25.989 ], [ 93.334, 26.001 ], [ 93.32, 26.004 ], [ 93.316, 26.016 ], [ 93.301, 26.019 ], [ 93.291, 26.01 ], [ 93.276, 26.013 ], [ 93.273, 26.026 ], [ 93.258, 26.029 ], [ 93.248, 26.019 ], [ 93.233, 26.022 ], [ 93.223, 26.013 ], [ 93.209, 26.016 ], [ 93.205, 26.029 ], [ 93.19, 26.032 ], [ 93.18, 26.022 ], [ 93.184, 26.01 ], [ 93.173, 26.001 ], [ 93.177, 25.988 ], [ 93.167, 25.979 ], [ 93.171, 25.967 ], [ 93.16, 25.958 ], [ 93.164, 25.945 ], [ 93.179, 25.942 ], [ 93.183, 25.93 ], [ 93.172, 25.921 ], [ 93.176, 25.908 ], [ 93.19, 25.905 ], [ 93.194, 25.893 ], [ 93.209, 25.89 ], [ 93.213, 25.877 ], [ 93.227, 25.874 ], [ 93.231, 25.862 ], [ 93.22, 25.853 ], [ 93.224, 25.84 ], [ 93.239, 25.837 ], [ 93.243, 25.825 ], [ 93.232, 25.816 ], [ 93.236, 25.803 ], [ 93.25, 25.8 ], [ 93.254, 25.788 ], [ 93.244, 25.779 ], [ 93.248, 25.766 ], [ 93.237, 25.757 ], [ 93.241, 25.745 ], [ 93.231, 25.735 ], [ 93.217, 25.738 ], [ 93.206, 25.729 ], [ 93.192, 25.732 ], [ 93.181, 25.723 ], [ 93.167, 25.726 ], [ 93.157, 25.717 ], [ 93.142, 25.72 ], [ 93.132, 25.71 ], [ 93.136, 25.698 ], [ 93.125, 25.689 ], [ 93.129, 25.676 ], [ 93.144, 25.673 ], [ 93.147, 25.661 ], [ 93.162, 25.658 ], [ 93.166, 25.646 ], [ 93.18, 25.642 ], [ 93.184, 25.63 ], [ 93.174, 25.621 ], [ 93.178, 25.608 ], [ 93.167, 25.599 ], [ 93.171, 25.587 ], [ 93.185, 25.584 ], [ 93.189, 25.571 ], [ 93.204, 25.568 ], [ 93.208, 25.556 ], [ 93.222, 25.553 ], [ 93.226, 25.54 ], [ 93.24, 25.537 ], [ 93.251, 25.546 ], [ 93.265, 25.543 ], [ 93.269, 25.531 ], [ 93.283, 25.528 ], [ 93.294, 25.537 ], [ 93.308, 25.534 ], [ 93.318, 25.543 ], [ 93.333, 25.54 ], [ 93.343, 25.55 ], [ 93.339, 25.562 ], [ 93.35, 25.571 ], [ 93.364, 25.568 ], [ 93.374, 25.577 ], [ 93.389, 25.574 ], [ 93.399, 25.584 ], [ 93.395, 25.596 ], [ 93.406, 25.605 ], [ 93.402, 25.618 ], [ 93.412, 25.627 ], [ 93.427, 25.624 ], [ 93.437, 25.633 ], [ 93.451, 25.63 ], [ 93.462, 25.639 ], [ 93.476, 25.636 ], [ 93.487, 25.645 ], [ 93.483, 25.658 ], [ 93.493, 25.667 ], [ 93.507, 25.664 ], [ 93.518, 25.673 ], [ 93.514, 25.686 ], [ 93.524, 25.695 ], [ 93.539, 25.692 ], [ 93.549, 25.701 ], [ 93.545, 25.713 ], [ 93.556, 25.723 ], [ 93.552, 25.735 ], [ 93.562, 25.744 ], [ 93.577, 25.741 ], [ 93.587, 25.75 ], [ 93.583, 25.763 ], [ 93.594, 25.772 ], [ 93.59, 25.784 ], [ 93.6, 25.794 ], [ 93.596, 25.806 ], [ 93.607, 25.815 ], [ 93.621, 25.812 ], [ 93.632, 25.821 ], [ 93.646, 25.818 ], [ 93.656, 25.828 ], [ 93.671, 25.824 ], [ 93.681, 25.834 ], [ 93.677, 25.846 ], [ 93.688, 25.855 ], [ 93.684, 25.868 ], [ 93.694, 25.877 ], [ 93.69, 25.889 ], [ 93.676, 25.892 ], [ 93.672, 25.905 ], [ 93.658, 25.908 ], [ 93.654, 25.92 ], [ 93.639, 25.923 ], [ 93.629, 25.914 ], [ 93.633, 25.902 ], [ 93.622, 25.893 ], [ 93.608, 25.896 ], [ 93.604, 25.908 ], [ 93.59, 25.911 ], [ 93.579, 25.902 ], [ 93.565, 25.905 ], [ 93.561, 25.917 ], [ 93.547, 25.92 ], [ 93.543, 25.933 ], [ 93.528, 25.936 ], [ 93.518, 25.927 ], [ 93.522, 25.914 ], [ 93.511, 25.905 ], [ 93.515, 25.893 ], [ 93.505, 25.883 ], [ 93.509, 25.871 ], [ 93.498, 25.862 ], [ 93.502, 25.85 ], [ 93.517, 25.846 ], [ 93.521, 25.834 ], [ 93.535, 25.831 ], [ 93.545, 25.84 ], [ 93.56, 25.837 ], [ 93.564, 25.825 ], [ 93.553, 25.815 ], [ 93.557, 25.803 ], [ 93.547, 25.794 ], [ 93.551, 25.781 ], [ 93.54, 25.772 ], [ 93.526, 25.775 ], [ 93.515, 25.766 ], [ 93.501, 25.769 ], [ 93.491, 25.76 ], [ 93.476, 25.763 ], [ 93.472, 25.775 ], [ 93.458, 25.778 ], [ 93.447, 25.769 ], [ 93.433, 25.772 ], [ 93.429, 25.785 ], [ 93.415, 25.788 ], [ 93.404, 25.779 ], [ 93.39, 25.782 ], [ 93.38, 25.772 ], [ 93.365, 25.775 ], [ 93.355, 25.766 ], [ 93.34, 25.769 ], [ 93.33, 25.76 ] ] ], [ [ [ 93.86, 26.369 ], [ 93.864, 26.357 ], [ 93.878, 26.354 ], [ 93.888, 26.363 ], [ 93.885, 26.375 ], [ 93.87, 26.379 ], [ 93.86, 26.369 ] ] ] ] } },
{ "type": "Feature", "properties": { "POLYGON.ID": 892.0, "subregion": "India--Assam--Karbi Anglong--Plains", "POLYGON": "India--Assam--Karbi Anglong--Plains", "SHOW": "1", "FILTER": "Not-Assigned", "FILTER.ID": null, "OLD.POLYGON": null, "STATE": "Assam", "COUNTY": "Karbi Anglong", "OWNER": null }, "geometry": { "type": "MultiPolygon", "coordinates": [ [ [ [ 93.185, 26.09 ], [ 93.175, 26.081 ], [ 93.16, 26.084 ], [ 93.156, 26.096 ], [ 93.142, 26.099 ], [ 93.138, 26.112 ], [ 93.148, 26.121 ], [ 93.145, 26.133 ], [ 93.155, 26.143 ], [ 93.151, 26.155 ], [ 93.161, 26.164 ], [ 93.158, 26.176 ], [ 93.168, 26.186 ], [ 93.182, 26.183 ], [ 93.193, 26.192 ], [ 93.189, 26.204 ], [ 93.199, 26.213 ], [ 93.195, 26.226 ], [ 93.181, 26.229 ], [ 93.177, 26.241 ], [ 93.188, 26.25 ], [ 93.184, 26.263 ], [ 93.194, 26.272 ], [ 93.19, 26.284 ], [ 93.201, 26.293 ], [ 93.197, 26.306 ], [ 93.182, 26.309 ], [ 93.172, 26.299 ], [ 93.157, 26.302 ], [ 93.147, 26.293 ], [ 93.133, 26.296 ], [ 93.122, 26.287 ], [ 93.108, 26.29 ], [ 93.097, 26.281 ], [ 93.083, 26.284 ], [ 93.073, 26.275 ], [ 93.076, 26.262 ], [ 93.066, 26.253 ], [ 93.07, 26.241 ], [ 93.06, 26.232 ], [ 93.045, 26.235 ], [ 93.035, 26.225 ], [ 93.02, 26.228 ], [ 93.01, 26.219 ], [ 92.996, 26.222 ], [ 92.992, 26.235 ], [ 92.977, 26.238 ], [ 92.967, 26.228 ], [ 92.971, 26.216 ], [ 92.96, 26.207 ], [ 92.964, 26.194 ], [ 92.954, 26.185 ], [ 92.958, 26.173 ], [ 92.947, 26.164 ], [ 92.951, 26.151 ], [ 92.941, 26.142 ], [ 92.945, 26.13 ], [ 92.959, 26.127 ], [ 92.97, 26.136 ], [ 92.984, 26.133 ], [ 92.988, 26.121 ], [ 93.002, 26.118 ], [ 93.006, 26.105 ], [ 93.021, 26.102 ], [ 93.031, 26.111 ], [ 93.045, 26.108 ], [ 93.049, 26.096 ], [ 93.064, 26.093 ], [ 93.068, 26.081 ], [ 93.082, 26.078 ], [ 93.092, 26.087 ], [ 93.107, 26.084 ], [ 93.111, 26.072 ], [ 93.1, 26.062 ], [ 93.104, 26.05 ], [ 93.118, 26.047 ], [ 93.122, 26.035 ], [ 93.137, 26.032 ], [ 93.141, 26.019 ], [ 93.155, 26.016 ], [ 93.159, 26.004 ], [ 93.149, 25.995 ], [ 93.152, 25.982 ], [ 93.167, 25.979 ], [ 93.177, 25.988 ], [ 93.173, 26.001 ], [ 93.184, 26.01 ], [ 93.18, 26.022 ], [ 93.19, 26.032 ], [ 93.205, 26.029 ], [ 93.209, 26.016 ], [ 93.223, 26.013 ], [ 93.233, 26.022 ], [ 93.229, 26.035 ], [ 93.24, 26.044 ], [ 93.236, 26.056 ], [ 93.222, 26.059 ], [ 93.218, 26.072 ], [ 93.203, 26.075 ], [ 93.199, 26.087 ], [ 93.185, 26.09 ] ] ] ] } },
{ "type": "Feature", "properties": { "POLYGON.ID": 893.0, "subregion": "India--Assam--Karbi Anglong--Forests (east)", "POLYGON": "India--Assam--Karbi Anglong--Forests (east)", "SHOW": "1", "FILTER": "Not-Assigned", "FILTER.ID": null, "OLD.POLYGON": null, "STATE": "Assam", "COUNTY": "Karbi Anglong", "OWNER": null }, "geometry": { "type": "MultiPolygon", "coordinates": [ [ [ [ 93.849, 26.234 ], [ 93.845, 26.246 ], [ 93.856, 26.256 ], [ 93.852, 26.268 ], [ 93.862, 26.277 ], [ 93.877, 26.274 ], [ 93.887, 26.283 ], [ 93.883, 26.296 ], [ 93.869, 26.299 ], [ 93.865, 26.311 ], [ 93.875, 26.32 ], [ 93.871, 26.333 ], [ 93.882, 26.342 ], [ 93.878, 26.354 ], [ 93.864, 26.357 ], [ 93.86, 26.369 ], [ 93.87, 26.379 ], [ 93.866, 26.391 ], [ 93.852, 26.394 ], [ 93.841, 26.385 ], [ 93.827, 26.388 ], [ 93.817, 26.379 ], [ 93.802, 26.382 ], [ 93.792, 26.373 ], [ 93.777, 26.376 ], [ 93.773, 26.388 ], [ 93.784, 26.397 ], [ 93.78, 26.41 ], [ 93.79, 26.419 ], [ 93.787, 26.431 ], [ 93.797, 26.44 ], [ 93.793, 26.453 ], [ 93.779, 26.456 ], [ 93.775, 26.468 ], [ 93.785, 26.477 ], [ 93.781, 26.489 ], [ 93.767, 26.493 ], [ 93.763, 26.505 ], [ 93.749, 26.508 ], [ 93.745, 26.52 ], [ 93.755, 26.529 ], [ 93.751, 26.542 ], [ 93.737, 26.545 ], [ 93.733, 26.557 ], [ 93.743, 26.566 ], [ 93.74, 26.579 ], [ 93.75, 26.588 ], [ 93.746, 26.6 ], [ 93.732, 26.603 ], [ 93.728, 26.615 ], [ 93.713, 26.618 ], [ 93.703, 26.609 ], [ 93.689, 26.612 ], [ 93.678, 26.603 ], [ 93.664, 26.606 ], [ 93.653, 26.597 ], [ 93.639, 26.6 ], [ 93.628, 26.591 ], [ 93.632, 26.579 ], [ 93.647, 26.576 ], [ 93.651, 26.563 ], [ 93.665, 26.56 ], [ 93.669, 26.548 ], [ 93.658, 26.539 ], [ 93.662, 26.527 ], [ 93.652, 26.517 ], [ 93.656, 26.505 ], [ 93.67, 26.502 ], [ 93.674, 26.49 ], [ 93.688, 26.487 ], [ 93.692, 26.474 ], [ 93.707, 26.471 ], [ 93.711, 26.459 ], [ 93.725, 26.456 ], [ 93.729, 26.444 ], [ 93.743, 26.44 ], [ 93.747, 26.428 ], [ 93.762, 26.425 ], [ 93.766, 26.413 ], [ 93.755, 26.404 ], [ 93.759, 26.391 ], [ 93.748, 26.382 ], [ 93.752, 26.37 ], [ 93.742, 26.361 ], [ 93.728, 26.364 ], [ 93.717, 26.354 ], [ 93.703, 26.358 ], [ 93.692, 26.348 ], [ 93.696, 26.336 ], [ 93.686, 26.327 ], [ 93.69, 26.315 ], [ 93.704, 26.311 ], [ 93.708, 26.299 ], [ 93.722, 26.296 ], [ 93.733, 26.305 ], [ 93.747, 26.302 ], [ 93.751, 26.29 ], [ 93.765, 26.287 ], [ 93.769, 26.274 ], [ 93.759, 26.265 ], [ 93.744, 26.268 ], [ 93.734, 26.259 ], [ 93.72, 26.262 ], [ 93.709, 26.253 ], [ 93.713, 26.241 ], [ 93.727, 26.238 ], [ 93.731, 26.225 ], [ 93.746, 26.222 ], [ 93.75, 26.21 ], [ 93.739, 26.201 ], [ 93.743, 26.188 ], [ 93.733, 26.179 ], [ 93.736, 26.167 ], [ 93.726, 26.158 ], [ 93.73, 26.145 ], [ 93.719, 26.136 ], [ 93.723, 26.124 ], [ 93.738, 26.121 ], [ 93.742, 26.108 ], [ 93.731, 26.099 ], [ 93.735, 26.087 ], [ 93.725, 26.077 ], [ 93.71, 26.081 ], [ 93.7, 26.071 ], [ 93.685, 26.074 ], [ 93.675, 26.065 ], [ 93.661, 26.068 ], [ 93.657, 26.081 ], [ 93.642, 26.084 ], [ 93.632, 26.075 ], [ 93.636, 26.062 ], [ 93.625, 26.053 ], [ 93.611, 26.056 ], [ 93.6, 26.047 ], [ 93.586, 26.05 ], [ 93.576, 26.041 ], [ 93.561, 26.044 ], [ 93.551, 26.035 ], [ 93.536, 26.038 ], [ 93.526, 26.028 ], [ 93.512, 26.032 ], [ 93.501, 26.022 ], [ 93.505, 26.01 ], [ 93.495, 26.001 ], [ 93.48, 26.004 ], [ 93.47, 25.995 ], [ 93.455, 25.998 ], [ 93.445, 25.988 ], [ 93.431, 25.992 ], [ 93.427, 26.004 ], [ 93.412, 26.007 ], [ 93.408, 26.019 ], [ 93.394, 26.022 ], [ 93.384, 26.013 ], [ 93.369, 26.016 ], [ 93.359, 26.007 ], [ 93.344, 26.01 ], [ 93.334, 26.001 ], [ 93.338, 25.989 ], [ 93.327, 25.979 ], [ 93.331, 25.967 ], [ 93.346, 25.964 ], [ 93.35, 25.952 ], [ 93.339, 25.942 ], [ 93.343, 25.93 ], [ 93.357, 25.927 ], [ 93.361, 25.914 ], [ 93.351, 25.905 ], [ 93.355, 25.893 ], [ 93.369, 25.89 ], [ 93.373, 25.877 ], [ 93.363, 25.868 ], [ 93.367, 25.856 ], [ 93.356, 25.847 ], [ 93.342, 25.85 ], [ 93.331, 25.84 ], [ 93.317, 25.843 ], [ 93.307, 25.834 ], [ 93.31, 25.822 ], [ 93.3, 25.813 ], [ 93.304, 25.8 ], [ 93.318, 25.797 ], [ 93.322, 25.785 ], [ 93.312, 25.775 ], [ 93.297, 25.779 ], [ 93.287, 25.769 ], [ 93.291, 25.757 ], [ 93.305, 25.754 ], [ 93.316, 25.763 ], [ 93.33, 25.76 ], [ 93.34, 25.769 ], [ 93.355, 25.766 ], [ 93.365, 25.775 ], [ 93.38, 25.772 ], [ 93.39, 25.782 ], [ 93.404, 25.779 ], [ 93.415, 25.788 ], [ 93.429, 25.785 ], [ 93.433, 25.772 ], [ 93.447, 25.769 ], [ 93.458, 25.778 ], [ 93.472, 25.775 ], [ 93.476, 25.763 ], [ 93.491, 25.76 ], [ 93.501, 25.769 ], [ 93.515, 25.766 ], [ 93.526, 25.775 ], [ 93.54, 25.772 ], [ 93.551, 25.781 ], [ 93.547, 25.794 ], [ 93.557, 25.803 ], [ 93.553, 25.815 ], [ 93.564, 25.825 ], [ 93.56, 25.837 ], [ 93.545, 25.84 ], [ 93.535, 25.831 ], [ 93.521, 25.834 ], [ 93.517, 25.846 ], [ 93.502, 25.85 ], [ 93.498, 25.862 ], [ 93.509, 25.871 ], [ 93.505, 25.883 ], [ 93.515, 25.893 ], [ 93.511, 25.905 ], [ 93.522, 25.914 ], [ 93.518, 25.927 ], [ 93.528, 25.936 ], [ 93.543, 25.933 ], [ 93.547, 25.92 ], [ 93.561, 25.917 ], [ 93.565, 25.905 ], [ 93.579, 25.902 ], [ 93.59, 25.911 ], [ 93.604, 25.908 ], [ 93.608, 25.896 ], [ 93.622, 25.893 ], [ 93.633, 25.902 ], [ 93.629, 25.914 ], [ 93.639, 25.923 ], [ 93.654, 25.92 ], [ 93.658, 25.908 ], [ 93.672, 25.905 ], [ 93.683, 25.914 ], [ 93.679, 25.926 ], [ 93.689, 25.936 ], [ 93.703, 25.932 ], [ 93.714, 25.942 ], [ 93.71, 25.954 ], [ 93.72, 25.963 ], [ 93.717, 25.976 ], [ 93.727, 25.985 ], [ 93.723, 25.997 ], [ 93.734, 26.006 ], [ 93.73, 26.019 ], [ 93.74, 26.028 ], [ 93.736, 26.04 ], [ 93.747, 26.05 ], [ 93.743, 26.062 ], [ 93.753, 26.071 ], [ 93.749, 26.084 ], [ 93.76, 26.093 ], [ 93.756, 26.105 ], [ 93.766, 26.114 ], [ 93.763, 26.127 ], [ 93.773, 26.136 ], [ 93.769, 26.148 ], [ 93.78, 26.157 ], [ 93.776, 26.17 ], [ 93.786, 26.179 ], [ 93.801, 26.176 ], [ 93.811, 26.185 ], [ 93.807, 26.197 ], [ 93.818, 26.207 ], [ 93.832, 26.203 ], [ 93.842, 26.213 ], [ 93.839, 26.225 ], [ 93.849, 26.234 ] ] ] ] } },
{ "type": "Feature", "properties": { "POLYGON.ID": 894.0, "subregion": "India--Assam--Nagaon--Brahmaputra", "POLYGON": "India--Assam--Nagaon--Brahmaputra", "SHOW": "1", "FILTER": "Not-Assigned", "FILTER.ID": null, "OLD.POLYGON": null, "STATE": "Assam", "COUNTY": "Nagaon", "OWNER": null }, "geometry": { "type": "MultiPolygon", "coordinates": [ [ [ [ 93.23, 26.619 ], [ 93.245, 26.616 ], [ 93.255, 26.625 ], [ 93.251, 26.637 ], [ 93.262, 26.646 ], [ 93.276, 26.643 ], [ 93.287, 26.652 ], [ 93.283, 26.665 ], [ 93.293, 26.674 ], [ 93.308, 26.671 ], [ 93.318, 26.68 ], [ 93.314, 26.692 ], [ 93.3, 26.695 ], [ 93.289, 26.686 ], [ 93.275, 26.689 ], [ 93.264, 26.68 ], [ 93.268, 26.668 ], [ 93.258, 26.659 ], [ 93.244, 26.662 ], [ 93.233, 26.652 ], [ 93.237, 26.64 ], [ 93.227, 26.631 ], [ 93.212, 26.634 ], [ 93.202, 26.625 ], [ 93.187, 26.628 ], [ 93.177, 26.619 ], [ 93.162, 26.622 ], [ 93.152, 26.612 ], [ 93.138, 26.616 ], [ 93.127, 26.606 ], [ 93.113, 26.609 ], [ 93.102, 26.6 ], [ 93.088, 26.603 ], [ 93.077, 26.594 ], [ 93.081, 26.582 ], [ 93.096, 26.579 ], [ 93.106, 26.588 ], [ 93.121, 26.585 ], [ 93.131, 26.594 ], [ 93.145, 26.591 ], [ 93.156, 26.6 ], [ 93.17, 26.597 ], [ 93.181, 26.606 ], [ 93.195, 26.603 ], [ 93.206, 26.613 ], [ 93.22, 26.61 ], [ 93.23, 26.619 ] ] ] ] } },
{ "type": "Feature", "properties": { "POLYGON.ID": 895.0, "subregion": "India--Assam--Golaghat--Brahmaputra (west)", "POLYGON": "India--Assam--Golaghat--Brahmaputra (west)", "SHOW": "1", "FILTER": "Not-Assigned", "FILTER.ID": null, "OLD.POLYGON": null, "STATE": "Assam", "COUNTY": "Golaghat", "OWNER": null }, "geometry": { "type": "MultiPolygon", "coordinates": [ [ [ [ 93.463, 26.729 ], [ 93.474, 26.738 ], [ 93.488, 26.735 ], [ 93.492, 26.723 ], [ 93.507, 26.72 ], [ 93.511, 26.708 ], [ 93.525, 26.705 ], [ 93.529, 26.692 ], [ 93.543, 26.689 ], [ 93.547, 26.677 ], [ 93.562, 26.674 ], [ 93.572, 26.683 ], [ 93.568, 26.695 ], [ 93.579, 26.704 ], [ 93.593, 26.701 ], [ 93.604, 26.711 ], [ 93.6, 26.723 ], [ 93.585, 26.726 ], [ 93.575, 26.717 ], [ 93.56, 26.72 ], [ 93.556, 26.732 ], [ 93.542, 26.735 ], [ 93.538, 26.747 ], [ 93.524, 26.75 ], [ 93.52, 26.763 ], [ 93.505, 26.766 ], [ 93.495, 26.757 ], [ 93.48, 26.76 ], [ 93.47, 26.75 ], [ 93.456, 26.754 ], [ 93.445, 26.744 ], [ 93.431, 26.747 ], [ 93.42, 26.738 ], [ 93.406, 26.741 ], [ 93.402, 26.754 ], [ 93.388, 26.757 ], [ 93.377, 26.747 ], [ 93.363, 26.751 ], [ 93.352, 26.741 ], [ 93.356, 26.729 ], [ 93.346, 26.72 ], [ 93.331, 26.723 ], [ 93.321, 26.714 ], [ 93.325, 26.702 ], [ 93.314, 26.692 ], [ 93.318, 26.68 ], [ 93.333, 26.677 ], [ 93.343, 26.686 ], [ 93.357, 26.683 ], [ 93.368, 26.692 ], [ 93.382, 26.689 ], [ 93.393, 26.698 ], [ 93.389, 26.711 ], [ 93.399, 26.72 ], [ 93.414, 26.717 ], [ 93.424, 26.726 ], [ 93.439, 26.723 ], [ 93.449, 26.732 ], [ 93.463, 26.729 ] ] ] ] } },
{ "type": "Feature", "properties": { "POLYGON.ID": 896.0, "subregion": "India--Assam--Golaghat--Brahmaputra (east)", "POLYGON": "India--Assam--Golaghat--Brahmaputra (east)", "SHOW": "1", "FILTER": "Not-Assigned", "FILTER.ID": null, "OLD.POLYGON": null, "STATE": "Assam", "COUNTY": "Golaghat", "OWNER": null }, "geometry": { "type": "MultiPolygon", "coordinates": [ [ [ [ 93.754, 26.827 ], [ 93.744, 26.817 ], [ 93.729, 26.821 ], [ 93.719, 26.811 ], [ 93.705, 26.814 ], [ 93.694, 26.805 ], [ 93.68, 26.808 ], [ 93.669, 26.799 ], [ 93.655, 26.802 ], [ 93.644, 26.793 ], [ 93.648, 26.781 ], [ 93.638, 26.772 ], [ 93.642, 26.76 ], [ 93.656, 26.756 ], [ 93.66, 26.744 ], [ 93.649, 26.735 ], [ 93.653, 26.723 ], [ 93.643, 26.714 ], [ 93.628, 26.717 ], [ 93.618, 26.708 ], [ 93.604, 26.711 ], [ 93.593, 26.701 ], [ 93.579, 26.704 ], [ 93.568, 26.695 ], [ 93.572, 26.683 ], [ 93.587, 26.68 ], [ 93.597, 26.689 ], [ 93.611, 26.686 ], [ 93.615, 26.674 ], [ 93.63, 26.671 ], [ 93.64, 26.68 ], [ 93.655, 26.677 ], [ 93.665, 26.686 ], [ 93.679, 26.683 ], [ 93.69, 26.692 ], [ 93.704, 26.689 ], [ 93.715, 26.698 ], [ 93.729, 26.695 ], [ 93.74, 26.704 ], [ 93.754, 26.701 ], [ 93.765, 26.71 ], [ 93.779, 26.707 ], [ 93.79, 26.716 ], [ 93.804, 26.713 ], [ 93.814, 26.722 ], [ 93.829, 26.719 ], [ 93.839, 26.728 ], [ 93.854, 26.725 ], [ 93.864, 26.734 ], [ 93.86, 26.747 ], [ 93.871, 26.756 ], [ 93.885, 26.753 ], [ 93.896, 26.762 ], [ 93.91, 26.759 ], [ 93.914, 26.747 ], [ 93.928, 26.743 ], [ 93.939, 26.753 ], [ 93.935, 26.765 ], [ 93.946, 26.774 ], [ 93.96, 26.771 ], [ 93.97, 26.78 ], [ 93.985, 26.777 ], [ 93.995, 26.786 ], [ 93.991, 26.798 ], [ 94.002, 26.807 ], [ 93.998, 26.82 ], [ 93.984, 26.823 ], [ 93.98, 26.835 ], [ 93.99, 26.844 ], [ 93.986, 26.856 ], [ 93.997, 26.866 ], [ 93.993, 26.878 ], [ 93.979, 26.881 ], [ 93.975, 26.893 ], [ 93.96, 26.896 ], [ 93.956, 26.909 ], [ 93.967, 26.918 ], [ 93.963, 26.93 ], [ 93.948, 26.933 ], [ 93.938, 26.924 ], [ 93.924, 26.927 ], [ 93.913, 26.918 ], [ 93.917, 26.906 ], [ 93.906, 26.897 ], [ 93.892, 26.9 ], [ 93.882, 26.89 ], [ 93.885, 26.878 ], [ 93.875, 26.869 ], [ 93.861, 26.872 ], [ 93.85, 26.863 ], [ 93.836, 26.866 ], [ 93.825, 26.857 ], [ 93.811, 26.86 ], [ 93.8, 26.851 ], [ 93.786, 26.854 ], [ 93.775, 26.845 ], [ 93.761, 26.848 ], [ 93.75, 26.839 ], [ 93.754, 26.827 ] ] ] ] } },
{ "type": "Feature", "properties": { "POLYGON.ID": 897.0, "subregion": "India--Assam--Golaghat--Kaziranga NP", "POLYGON": "India--Assam--Golaghat--Kaziranga NP", "SHOW": "1", "FILTER": "Not-Assigned", "FILTER.ID": null, "OLD.POLYGON": null, "STATE": "Assam", "COUNTY": "Golaghat", "OWNER": null }, "geometry": { "type": "MultiPolygon", "coordinates": [ [ [ [ 93.463, 26.729 ], [ 93.449, 26.732 ], [ 93.439, 26.723 ], [ 93.424, 26.726 ], [ 93.414, 26.717 ], [ 93.399, 26.72 ], [ 93.389, 26.711 ], [ 93.393, 26.698 ], [ 93.382, 26.689 ], [ 93.368, 26.692 ], [ 93.357, 26.683 ], [ 93.343, 26.686 ], [ 93.333, 26.677 ], [ 93.318, 26.68 ], [ 93.308, 26.671 ], [ 93.312, 26.659 ], [ 93.301, 26.649 ], [ 93.305, 26.637 ], [ 93.295, 26.628 ], [ 93.299, 26.616 ], [ 93.288, 26.607 ], [ 93.292, 26.594 ], [ 93.306, 26.591 ], [ 93.31, 26.579 ], [ 93.325, 26.576 ], [ 93.335, 26.585 ], [ 93.35, 26.582 ], [ 93.36, 26.591 ], [ 93.374, 26.588 ], [ 93.385, 26.597 ], [ 93.399, 26.594 ], [ 93.41, 26.603 ], [ 93.424, 26.6 ], [ 93.435, 26.61 ], [ 93.449, 26.607 ], [ 93.459, 26.616 ], [ 93.474, 26.613 ], [ 93.484, 26.622 ], [ 93.499, 26.619 ], [ 93.509, 26.628 ], [ 93.505, 26.64 ], [ 93.516, 26.649 ], [ 93.512, 26.662 ], [ 93.522, 26.671 ], [ 93.537, 26.668 ], [ 93.547, 26.677 ], [ 93.543, 26.689 ], [ 93.529, 26.692 ], [ 93.525, 26.705 ], [ 93.511, 26.708 ], [ 93.507, 26.72 ], [ 93.492, 26.723 ], [ 93.488, 26.735 ], [ 93.474, 26.738 ], [ 93.463, 26.729 ] ] ] ] } },
{ "type": "Feature", "properties": { "POLYGON.ID": 898.0, "subregion": "India--Assam--Golaghat--Kaziranga Habitation", "POLYGON": "India--Assam--Golaghat--Kaziranga Habitation", "SHOW": "1", "FILTER": "Not-Assigned", "FILTER.ID": null, "OLD.POLYGON": null, "STATE": "Assam", "COUNTY": "Golaghat", "OWNER": null }, "geometry": { "type": "MultiPolygon", "coordinates": [ [ [ [ 93.639, 26.6 ], [ 93.635, 26.612 ], [ 93.62, 26.616 ], [ 93.617, 26.628 ], [ 93.602, 26.631 ], [ 93.598, 26.643 ], [ 93.584, 26.646 ], [ 93.58, 26.659 ], [ 93.59, 26.668 ], [ 93.587, 26.68 ], [ 93.572, 26.683 ], [ 93.562, 26.674 ], [ 93.547, 26.677 ], [ 93.537, 26.668 ], [ 93.522, 26.671 ], [ 93.512, 26.662 ], [ 93.516, 26.649 ], [ 93.505, 26.64 ], [ 93.509, 26.628 ], [ 93.499, 26.619 ], [ 93.484, 26.622 ], [ 93.474, 26.613 ], [ 93.459, 26.616 ], [ 93.449, 26.607 ], [ 93.435, 26.61 ], [ 93.424, 26.6 ], [ 93.41, 26.603 ], [ 93.399, 26.594 ], [ 93.385, 26.597 ], [ 93.374, 26.588 ], [ 93.378, 26.576 ], [ 93.393, 26.573 ], [ 93.397, 26.561 ], [ 93.411, 26.558 ], [ 93.422, 26.567 ], [ 93.436, 26.564 ], [ 93.44, 26.551 ], [ 93.454, 26.548 ], [ 93.465, 26.557 ], [ 93.479, 26.554 ], [ 93.49, 26.564 ], [ 93.504, 26.561 ], [ 93.508, 26.548 ], [ 93.522, 26.545 ], [ 93.533, 26.554 ], [ 93.547, 26.551 ], [ 93.558, 26.56 ], [ 93.572, 26.557 ], [ 93.582, 26.567 ], [ 93.597, 26.563 ], [ 93.607, 26.573 ], [ 93.622, 26.57 ], [ 93.632, 26.579 ], [ 93.628, 26.591 ], [ 93.639, 26.6 ] ] ] ] } },
{ "type": "Feature", "properties": { "POLYGON.ID": 899.0, "subregion": "India--Assam--Golaghat--Nambot-Doigrung WLS", "POLYGON": "India--Assam--Golaghat--Nambot-Doigrung WLS", "SHOW": "1", "FILTER": "Not-Assigned", "FILTER.ID": null, "OLD.POLYGON": null, "STATE": "Assam", "COUNTY": "Golaghat", "OWNER": null }, "geometry": { "type": "MultiPolygon", "coordinates": [ [ [ [ 93.879, 26.434 ], [ 93.865, 26.437 ], [ 93.855, 26.428 ], [ 93.84, 26.431 ], [ 93.836, 26.443 ], [ 93.822, 26.446 ], [ 93.818, 26.459 ], [ 93.828, 26.468 ], [ 93.825, 26.48 ], [ 93.81, 26.483 ], [ 93.8, 26.474 ], [ 93.785, 26.477 ], [ 93.775, 26.468 ], [ 93.779, 26.456 ], [ 93.793, 26.453 ], [ 93.797, 26.44 ], [ 93.787, 26.431 ], [ 93.79, 26.419 ], [ 93.78, 26.41 ], [ 93.784, 26.397 ], [ 93.773, 26.388 ], [ 93.777, 26.376 ], [ 93.792, 26.373 ], [ 93.802, 26.382 ], [ 93.817, 26.379 ], [ 93.827, 26.388 ], [ 93.841, 26.385 ], [ 93.852, 26.394 ], [ 93.866, 26.391 ], [ 93.87, 26.379 ], [ 93.885, 26.375 ], [ 93.895, 26.385 ], [ 93.891, 26.397 ], [ 93.902, 26.406 ], [ 93.916, 26.403 ], [ 93.926, 26.412 ], [ 93.941, 26.409 ], [ 93.951, 26.418 ], [ 93.947, 26.431 ], [ 93.958, 26.44 ], [ 93.954, 26.452 ], [ 93.965, 26.461 ], [ 93.961, 26.474 ], [ 93.946, 26.477 ], [ 93.936, 26.467 ], [ 93.921, 26.471 ], [ 93.911, 26.461 ], [ 93.915, 26.449 ], [ 93.904, 26.44 ], [ 93.89, 26.443 ], [ 93.879, 26.434 ] ] ] ] } }
]
}
