{
"type": "FeatureCollection",
"name": "Chhattisgarh",
"crs": { "type": "name", "properties": { "name": "urn:ogc:def:crs:OGC:1.3:CRS84" } },
"features": [
{ "type": "Feature", "properties": { "POLYGON.ID": 5.0, "subregion": "India--Chhattisgarh (state-level)_CL25584", "FILTER": "Chhattisgarh", "POLYGON": "India--Chhattisgarh (state-level)_CL25584", "COUNTY": "spl_region", "STATE": "Chhattisgarh", "OWNER": null }, "geometry": { "type": "MultiPolygon", "coordinates": [ [ [ [ 83.915, 23.172 ], [ 83.929, 23.17 ], [ 83.933, 23.157 ], [ 83.947, 23.155 ], [ 83.957, 23.165 ], [ 83.952, 23.177 ], [ 83.962, 23.187 ], [ 83.976, 23.185 ], [ 83.985, 23.195 ], [ 83.999, 23.192 ], [ 84.003, 23.18 ], [ 84.017, 23.178 ], [ 84.027, 23.188 ], [ 84.04, 23.185 ], [ 84.05, 23.195 ], [ 84.064, 23.193 ], [ 84.074, 23.203 ], [ 84.069, 23.215 ], [ 84.056, 23.217 ], [ 84.052, 23.229 ], [ 84.061, 23.239 ], [ 84.057, 23.252 ], [ 84.067, 23.261 ], [ 84.063, 23.274 ], [ 84.072, 23.283 ], [ 84.068, 23.296 ], [ 84.078, 23.305 ], [ 84.074, 23.318 ], [ 84.083, 23.328 ], [ 84.079, 23.34 ], [ 84.065, 23.342 ], [ 84.061, 23.354 ], [ 84.048, 23.356 ], [ 84.043, 23.369 ], [ 84.03, 23.371 ], [ 84.02, 23.361 ], [ 84.006, 23.363 ], [ 83.997, 23.354 ], [ 83.983, 23.356 ], [ 83.979, 23.368 ], [ 83.965, 23.37 ], [ 83.961, 23.382 ], [ 83.971, 23.392 ], [ 83.966, 23.404 ], [ 83.976, 23.414 ], [ 83.972, 23.426 ], [ 83.982, 23.436 ], [ 83.977, 23.448 ], [ 83.964, 23.451 ], [ 83.96, 23.463 ], [ 83.969, 23.473 ], [ 83.983, 23.47 ], [ 83.993, 23.48 ], [ 83.989, 23.492 ], [ 83.998, 23.502 ], [ 84.012, 23.5 ], [ 84.022, 23.51 ], [ 84.017, 23.522 ], [ 84.027, 23.532 ], [ 84.023, 23.544 ], [ 84.033, 23.554 ], [ 84.029, 23.566 ], [ 84.038, 23.576 ], [ 84.034, 23.588 ], [ 84.02, 23.59 ], [ 84.016, 23.602 ], [ 84.026, 23.612 ], [ 84.022, 23.624 ], [ 84.008, 23.627 ], [ 84.004, 23.639 ], [ 83.99, 23.641 ], [ 83.98, 23.631 ], [ 83.967, 23.634 ], [ 83.957, 23.624 ], [ 83.943, 23.626 ], [ 83.934, 23.616 ], [ 83.938, 23.604 ], [ 83.928, 23.594 ], [ 83.932, 23.582 ], [ 83.923, 23.572 ], [ 83.909, 23.574 ], [ 83.905, 23.587 ], [ 83.891, 23.589 ], [ 83.881, 23.579 ], [ 83.867, 23.581 ], [ 83.863, 23.593 ], [ 83.85, 23.596 ], [ 83.84, 23.586 ], [ 83.826, 23.588 ], [ 83.822, 23.6 ], [ 83.808, 23.603 ], [ 83.799, 23.593 ], [ 83.785, 23.595 ], [ 83.781, 23.607 ], [ 83.767, 23.609 ], [ 83.763, 23.621 ], [ 83.749, 23.624 ], [ 83.745, 23.636 ], [ 83.755, 23.646 ], [ 83.751, 23.658 ], [ 83.737, 23.66 ], [ 83.733, 23.672 ], [ 83.719, 23.674 ], [ 83.715, 23.687 ], [ 83.724, 23.696 ], [ 83.738, 23.694 ], [ 83.748, 23.704 ], [ 83.744, 23.716 ], [ 83.753, 23.726 ], [ 83.749, 23.738 ], [ 83.735, 23.74 ], [ 83.731, 23.752 ], [ 83.741, 23.762 ], [ 83.737, 23.774 ], [ 83.723, 23.777 ], [ 83.719, 23.789 ], [ 83.705, 23.791 ], [ 83.701, 23.803 ], [ 83.711, 23.813 ], [ 83.707, 23.825 ], [ 83.693, 23.827 ], [ 83.683, 23.817 ], [ 83.669, 23.82 ], [ 83.665, 23.832 ], [ 83.675, 23.842 ], [ 83.671, 23.854 ], [ 83.657, 23.856 ], [ 83.647, 23.846 ], [ 83.634, 23.848 ], [ 83.63, 23.86 ], [ 83.616, 23.863 ], [ 83.606, 23.853 ], [ 83.592, 23.855 ], [ 83.588, 23.867 ], [ 83.575, 23.869 ], [ 83.57, 23.881 ], [ 83.58, 23.891 ], [ 83.576, 23.903 ], [ 83.562, 23.905 ], [ 83.558, 23.918 ], [ 83.544, 23.92 ], [ 83.54, 23.932 ], [ 83.55, 23.942 ], [ 83.546, 23.954 ], [ 83.532, 23.956 ], [ 83.528, 23.968 ], [ 83.514, 23.97 ], [ 83.51, 23.982 ], [ 83.519, 23.992 ], [ 83.515, 24.004 ], [ 83.525, 24.014 ], [ 83.521, 24.026 ], [ 83.507, 24.028 ], [ 83.503, 24.04 ], [ 83.489, 24.043 ], [ 83.48, 24.033 ], [ 83.466, 24.035 ], [ 83.462, 24.047 ], [ 83.448, 24.049 ], [ 83.444, 24.061 ], [ 83.43, 24.063 ], [ 83.426, 24.075 ], [ 83.412, 24.078 ], [ 83.408, 24.09 ], [ 83.394, 24.092 ], [ 83.39, 24.104 ], [ 83.376, 24.106 ], [ 83.367, 24.096 ], [ 83.353, 24.098 ], [ 83.349, 24.11 ], [ 83.335, 24.113 ], [ 83.326, 24.103 ], [ 83.312, 24.105 ], [ 83.302, 24.095 ], [ 83.306, 24.083 ], [ 83.297, 24.073 ], [ 83.301, 24.061 ], [ 83.291, 24.051 ], [ 83.296, 24.039 ], [ 83.286, 24.03 ], [ 83.272, 24.032 ], [ 83.263, 24.022 ], [ 83.249, 24.024 ], [ 83.239, 24.014 ], [ 83.243, 24.002 ], [ 83.234, 23.992 ], [ 83.238, 23.98 ], [ 83.228, 23.97 ], [ 83.232, 23.958 ], [ 83.223, 23.949 ], [ 83.227, 23.937 ], [ 83.217, 23.927 ], [ 83.204, 23.929 ], [ 83.194, 23.919 ], [ 83.18, 23.921 ], [ 83.171, 23.911 ], [ 83.157, 23.914 ], [ 83.148, 23.904 ], [ 83.152, 23.892 ], [ 83.142, 23.882 ], [ 83.128, 23.884 ], [ 83.119, 23.874 ], [ 83.105, 23.876 ], [ 83.096, 23.866 ], [ 83.082, 23.869 ], [ 83.078, 23.881 ], [ 83.064, 23.883 ], [ 83.054, 23.873 ], [ 83.041, 23.875 ], [ 83.037, 23.887 ], [ 83.023, 23.889 ], [ 83.013, 23.88 ], [ 83.0, 23.882 ], [ 82.99, 23.872 ], [ 82.976, 23.874 ], [ 82.967, 23.864 ], [ 82.953, 23.866 ], [ 82.949, 23.878 ], [ 82.935, 23.88 ], [ 82.931, 23.893 ], [ 82.918, 23.895 ], [ 82.913, 23.907 ], [ 82.9, 23.909 ], [ 82.89, 23.899 ], [ 82.876, 23.901 ], [ 82.872, 23.913 ], [ 82.882, 23.923 ], [ 82.878, 23.935 ], [ 82.864, 23.937 ], [ 82.86, 23.949 ], [ 82.846, 23.951 ], [ 82.842, 23.963 ], [ 82.828, 23.966 ], [ 82.819, 23.956 ], [ 82.805, 23.958 ], [ 82.796, 23.948 ], [ 82.782, 23.95 ], [ 82.772, 23.94 ], [ 82.759, 23.942 ], [ 82.749, 23.933 ], [ 82.753, 23.921 ], [ 82.744, 23.911 ], [ 82.73, 23.913 ], [ 82.726, 23.925 ], [ 82.712, 23.927 ], [ 82.703, 23.917 ], [ 82.707, 23.905 ], [ 82.697, 23.895 ], [ 82.702, 23.883 ], [ 82.715, 23.881 ], [ 82.725, 23.891 ], [ 82.738, 23.889 ], [ 82.743, 23.877 ], [ 82.756, 23.875 ], [ 82.766, 23.885 ], [ 82.779, 23.882 ], [ 82.784, 23.87 ], [ 82.774, 23.86 ], [ 82.778, 23.848 ], [ 82.769, 23.839 ], [ 82.773, 23.827 ], [ 82.786, 23.824 ], [ 82.791, 23.812 ], [ 82.804, 23.81 ], [ 82.814, 23.82 ], [ 82.827, 23.818 ], [ 82.832, 23.806 ], [ 82.822, 23.796 ], [ 82.826, 23.784 ], [ 82.84, 23.782 ], [ 82.844, 23.77 ], [ 82.858, 23.768 ], [ 82.867, 23.778 ], [ 82.863, 23.79 ], [ 82.873, 23.799 ], [ 82.886, 23.797 ], [ 82.896, 23.807 ], [ 82.91, 23.805 ], [ 82.914, 23.793 ], [ 82.904, 23.783 ], [ 82.908, 23.771 ], [ 82.922, 23.769 ], [ 82.931, 23.779 ], [ 82.945, 23.777 ], [ 82.949, 23.764 ], [ 82.963, 23.762 ], [ 82.973, 23.772 ], [ 82.986, 23.77 ], [ 82.996, 23.78 ], [ 82.992, 23.792 ], [ 83.001, 23.802 ], [ 83.015, 23.8 ], [ 83.019, 23.788 ], [ 83.033, 23.785 ], [ 83.037, 23.773 ], [ 83.051, 23.771 ], [ 83.06, 23.781 ], [ 83.074, 23.779 ], [ 83.078, 23.767 ], [ 83.068, 23.757 ], [ 83.073, 23.745 ], [ 83.086, 23.743 ], [ 83.09, 23.731 ], [ 83.104, 23.728 ], [ 83.108, 23.716 ], [ 83.122, 23.714 ], [ 83.126, 23.702 ], [ 83.14, 23.7 ], [ 83.149, 23.71 ], [ 83.163, 23.708 ], [ 83.173, 23.717 ], [ 83.186, 23.715 ], [ 83.196, 23.725 ], [ 83.21, 23.723 ], [ 83.214, 23.711 ], [ 83.204, 23.701 ], [ 83.208, 23.689 ], [ 83.199, 23.679 ], [ 83.203, 23.667 ], [ 83.193, 23.657 ], [ 83.197, 23.645 ], [ 83.211, 23.643 ], [ 83.215, 23.631 ], [ 83.206, 23.621 ], [ 83.21, 23.609 ], [ 83.2, 23.599 ], [ 83.204, 23.587 ], [ 83.195, 23.577 ], [ 83.199, 23.565 ], [ 83.213, 23.563 ], [ 83.222, 23.573 ], [ 83.236, 23.57 ], [ 83.245, 23.58 ], [ 83.259, 23.578 ], [ 83.269, 23.588 ], [ 83.282, 23.586 ], [ 83.287, 23.574 ], [ 83.277, 23.564 ], [ 83.281, 23.552 ], [ 83.271, 23.542 ], [ 83.258, 23.544 ], [ 83.248, 23.534 ], [ 83.252, 23.522 ], [ 83.266, 23.52 ], [ 83.27, 23.508 ], [ 83.284, 23.505 ], [ 83.293, 23.515 ], [ 83.307, 23.513 ], [ 83.317, 23.523 ], [ 83.33, 23.521 ], [ 83.335, 23.509 ], [ 83.325, 23.499 ], [ 83.311, 23.501 ], [ 83.302, 23.491 ], [ 83.306, 23.479 ], [ 83.32, 23.477 ], [ 83.324, 23.465 ], [ 83.337, 23.462 ], [ 83.347, 23.472 ], [ 83.361, 23.47 ], [ 83.365, 23.458 ], [ 83.355, 23.448 ], [ 83.359, 23.436 ], [ 83.373, 23.434 ], [ 83.377, 23.422 ], [ 83.368, 23.412 ], [ 83.354, 23.414 ], [ 83.35, 23.426 ], [ 83.336, 23.428 ], [ 83.326, 23.418 ], [ 83.313, 23.421 ], [ 83.303, 23.411 ], [ 83.307, 23.399 ], [ 83.321, 23.396 ], [ 83.325, 23.384 ], [ 83.316, 23.375 ], [ 83.302, 23.377 ], [ 83.298, 23.389 ], [ 83.284, 23.391 ], [ 83.274, 23.381 ], [ 83.261, 23.383 ], [ 83.257, 23.396 ], [ 83.243, 23.398 ], [ 83.233, 23.388 ], [ 83.22, 23.39 ], [ 83.21, 23.38 ], [ 83.214, 23.368 ], [ 83.205, 23.358 ], [ 83.209, 23.346 ], [ 83.199, 23.336 ], [ 83.203, 23.324 ], [ 83.217, 23.322 ], [ 83.221, 23.31 ], [ 83.212, 23.3 ], [ 83.216, 23.288 ], [ 83.206, 23.278 ], [ 83.21, 23.266 ], [ 83.201, 23.256 ], [ 83.205, 23.244 ], [ 83.219, 23.242 ], [ 83.223, 23.229 ], [ 83.236, 23.227 ], [ 83.246, 23.237 ], [ 83.26, 23.235 ], [ 83.264, 23.223 ], [ 83.277, 23.22 ], [ 83.281, 23.208 ], [ 83.295, 23.206 ], [ 83.299, 23.194 ], [ 83.313, 23.192 ], [ 83.317, 23.18 ], [ 83.331, 23.177 ], [ 83.34, 23.187 ], [ 83.354, 23.185 ], [ 83.364, 23.195 ], [ 83.36, 23.207 ], [ 83.369, 23.217 ], [ 83.365, 23.229 ], [ 83.375, 23.239 ], [ 83.37, 23.251 ], [ 83.38, 23.261 ], [ 83.394, 23.259 ], [ 83.403, 23.269 ], [ 83.417, 23.266 ], [ 83.421, 23.254 ], [ 83.435, 23.252 ], [ 83.444, 23.262 ], [ 83.458, 23.26 ], [ 83.462, 23.247 ], [ 83.476, 23.245 ], [ 83.486, 23.255 ], [ 83.499, 23.253 ], [ 83.503, 23.241 ], [ 83.517, 23.238 ], [ 83.521, 23.226 ], [ 83.535, 23.224 ], [ 83.539, 23.212 ], [ 83.529, 23.202 ], [ 83.534, 23.19 ], [ 83.547, 23.187 ], [ 83.551, 23.175 ], [ 83.565, 23.173 ], [ 83.575, 23.183 ], [ 83.571, 23.195 ], [ 83.58, 23.205 ], [ 83.594, 23.203 ], [ 83.598, 23.191 ], [ 83.612, 23.188 ], [ 83.621, 23.198 ], [ 83.617, 23.21 ], [ 83.627, 23.22 ], [ 83.641, 23.218 ], [ 83.65, 23.228 ], [ 83.664, 23.225 ], [ 83.674, 23.235 ], [ 83.687, 23.233 ], [ 83.691, 23.221 ], [ 83.705, 23.219 ], [ 83.715, 23.228 ], [ 83.728, 23.226 ], [ 83.738, 23.236 ], [ 83.752, 23.234 ], [ 83.761, 23.244 ], [ 83.775, 23.241 ], [ 83.785, 23.251 ], [ 83.799, 23.249 ], [ 83.803, 23.237 ], [ 83.816, 23.234 ], [ 83.826, 23.244 ], [ 83.84, 23.242 ], [ 83.844, 23.23 ], [ 83.858, 23.228 ], [ 83.862, 23.215 ], [ 83.875, 23.213 ], [ 83.88, 23.201 ], [ 83.893, 23.199 ], [ 83.897, 23.186 ], [ 83.911, 23.184 ], [ 83.915, 23.172 ] ] ] ] } },
{ "type": "Feature", "properties": { "POLYGON.ID": 94.0, "subregion": "India--Chhattisgarh--Central_CL30866", "FILTER": "Chhattisgarh", "POLYGON": "India--Chhattisgarh--Central_CL30866", "COUNTY": "spl_region", "STATE": "Chhattisgarh", "OWNER": null }, "geometry": { "type": "MultiPolygon", "coordinates": [ [ [ [ 80.575, 21.215 ], [ 80.566, 21.205 ], [ 80.553, 21.208 ], [ 80.544, 21.198 ], [ 80.53, 21.2 ], [ 80.521, 21.19 ], [ 80.508, 21.192 ], [ 80.499, 21.182 ], [ 80.485, 21.184 ], [ 80.476, 21.174 ], [ 80.463, 21.176 ], [ 80.454, 21.166 ], [ 80.458, 21.154 ], [ 80.449, 21.144 ], [ 80.453, 21.132 ], [ 80.444, 21.122 ], [ 80.448, 21.11 ], [ 80.439, 21.1 ], [ 80.443, 21.088 ], [ 80.456, 21.085 ], [ 80.46, 21.073 ], [ 80.451, 21.063 ], [ 80.455, 21.051 ], [ 80.446, 21.041 ], [ 80.45, 21.029 ], [ 80.441, 21.019 ], [ 80.427, 21.021 ], [ 80.418, 21.011 ], [ 80.422, 20.999 ], [ 80.436, 20.997 ], [ 80.44, 20.985 ], [ 80.453, 20.983 ], [ 80.457, 20.97 ], [ 80.448, 20.96 ], [ 80.452, 20.948 ], [ 80.465, 20.946 ], [ 80.469, 20.934 ], [ 80.483, 20.932 ], [ 80.492, 20.942 ], [ 80.505, 20.94 ], [ 80.509, 20.927 ], [ 80.523, 20.925 ], [ 80.532, 20.935 ], [ 80.545, 20.933 ], [ 80.549, 20.921 ], [ 80.54, 20.911 ], [ 80.544, 20.899 ], [ 80.557, 20.897 ], [ 80.562, 20.884 ], [ 80.552, 20.874 ], [ 80.557, 20.862 ], [ 80.547, 20.852 ], [ 80.551, 20.84 ], [ 80.565, 20.838 ], [ 80.569, 20.826 ], [ 80.56, 20.816 ], [ 80.564, 20.804 ], [ 80.555, 20.794 ], [ 80.559, 20.781 ], [ 80.549, 20.771 ], [ 80.554, 20.759 ], [ 80.567, 20.757 ], [ 80.571, 20.745 ], [ 80.562, 20.735 ], [ 80.566, 20.723 ], [ 80.557, 20.713 ], [ 80.561, 20.7 ], [ 80.574, 20.698 ], [ 80.578, 20.686 ], [ 80.569, 20.676 ], [ 80.556, 20.678 ], [ 80.547, 20.668 ], [ 80.533, 20.67 ], [ 80.524, 20.66 ], [ 80.511, 20.663 ], [ 80.502, 20.653 ], [ 80.506, 20.64 ], [ 80.497, 20.63 ], [ 80.483, 20.633 ], [ 80.474, 20.623 ], [ 80.478, 20.61 ], [ 80.492, 20.608 ], [ 80.496, 20.596 ], [ 80.509, 20.594 ], [ 80.513, 20.582 ], [ 80.526, 20.579 ], [ 80.535, 20.589 ], [ 80.549, 20.587 ], [ 80.558, 20.597 ], [ 80.571, 20.595 ], [ 80.58, 20.605 ], [ 80.594, 20.603 ], [ 80.603, 20.613 ], [ 80.616, 20.611 ], [ 80.62, 20.598 ], [ 80.611, 20.588 ], [ 80.615, 20.576 ], [ 80.628, 20.574 ], [ 80.633, 20.562 ], [ 80.623, 20.552 ], [ 80.628, 20.54 ], [ 80.618, 20.53 ], [ 80.622, 20.517 ], [ 80.613, 20.507 ], [ 80.617, 20.495 ], [ 80.608, 20.485 ], [ 80.612, 20.473 ], [ 80.603, 20.463 ], [ 80.607, 20.451 ], [ 80.598, 20.441 ], [ 80.602, 20.428 ], [ 80.593, 20.418 ], [ 80.597, 20.406 ], [ 80.588, 20.396 ], [ 80.592, 20.384 ], [ 80.605, 20.382 ], [ 80.609, 20.37 ], [ 80.623, 20.367 ], [ 80.627, 20.355 ], [ 80.618, 20.345 ], [ 80.622, 20.333 ], [ 80.612, 20.323 ], [ 80.599, 20.325 ], [ 80.59, 20.315 ], [ 80.577, 20.317 ], [ 80.568, 20.307 ], [ 80.554, 20.309 ], [ 80.545, 20.299 ], [ 80.549, 20.287 ], [ 80.54, 20.277 ], [ 80.527, 20.279 ], [ 80.518, 20.269 ], [ 80.504, 20.272 ], [ 80.5, 20.284 ], [ 80.487, 20.286 ], [ 80.478, 20.276 ], [ 80.465, 20.278 ], [ 80.455, 20.268 ], [ 80.459, 20.256 ], [ 80.45, 20.246 ], [ 80.437, 20.248 ], [ 80.433, 20.26 ], [ 80.42, 20.263 ], [ 80.411, 20.253 ], [ 80.397, 20.255 ], [ 80.388, 20.245 ], [ 80.392, 20.233 ], [ 80.406, 20.23 ], [ 80.41, 20.218 ], [ 80.423, 20.216 ], [ 80.427, 20.204 ], [ 80.418, 20.194 ], [ 80.405, 20.196 ], [ 80.395, 20.186 ], [ 80.4, 20.174 ], [ 80.39, 20.164 ], [ 80.394, 20.151 ], [ 80.408, 20.149 ], [ 80.412, 20.137 ], [ 80.425, 20.135 ], [ 80.434, 20.145 ], [ 80.447, 20.143 ], [ 80.457, 20.153 ], [ 80.47, 20.15 ], [ 80.474, 20.138 ], [ 80.487, 20.136 ], [ 80.496, 20.146 ], [ 80.51, 20.144 ], [ 80.514, 20.131 ], [ 80.527, 20.129 ], [ 80.531, 20.117 ], [ 80.544, 20.115 ], [ 80.554, 20.125 ], [ 80.567, 20.123 ], [ 80.576, 20.133 ], [ 80.572, 20.145 ], [ 80.559, 20.147 ], [ 80.555, 20.159 ], [ 80.564, 20.169 ], [ 80.56, 20.182 ], [ 80.569, 20.192 ], [ 80.582, 20.189 ], [ 80.586, 20.177 ], [ 80.599, 20.175 ], [ 80.609, 20.185 ], [ 80.622, 20.183 ], [ 80.631, 20.193 ], [ 80.627, 20.205 ], [ 80.636, 20.215 ], [ 80.649, 20.213 ], [ 80.659, 20.223 ], [ 80.672, 20.221 ], [ 80.676, 20.208 ], [ 80.689, 20.206 ], [ 80.693, 20.194 ], [ 80.707, 20.192 ], [ 80.716, 20.202 ], [ 80.729, 20.199 ], [ 80.738, 20.209 ], [ 80.734, 20.222 ], [ 80.743, 20.232 ], [ 80.739, 20.244 ], [ 80.726, 20.246 ], [ 80.722, 20.258 ], [ 80.731, 20.268 ], [ 80.744, 20.266 ], [ 80.754, 20.276 ], [ 80.749, 20.288 ], [ 80.759, 20.298 ], [ 80.772, 20.296 ], [ 80.776, 20.284 ], [ 80.789, 20.282 ], [ 80.799, 20.292 ], [ 80.812, 20.29 ], [ 80.821, 20.3 ], [ 80.817, 20.312 ], [ 80.826, 20.322 ], [ 80.822, 20.334 ], [ 80.831, 20.344 ], [ 80.845, 20.342 ], [ 80.854, 20.352 ], [ 80.85, 20.364 ], [ 80.859, 20.374 ], [ 80.855, 20.386 ], [ 80.864, 20.396 ], [ 80.877, 20.394 ], [ 80.887, 20.404 ], [ 80.9, 20.402 ], [ 80.909, 20.412 ], [ 80.905, 20.424 ], [ 80.914, 20.434 ], [ 80.927, 20.432 ], [ 80.937, 20.442 ], [ 80.95, 20.44 ], [ 80.959, 20.45 ], [ 80.973, 20.448 ], [ 80.982, 20.458 ], [ 80.995, 20.455 ], [ 80.999, 20.443 ], [ 81.013, 20.441 ], [ 81.017, 20.429 ], [ 81.03, 20.426 ], [ 81.034, 20.414 ], [ 81.047, 20.412 ], [ 81.057, 20.422 ], [ 81.07, 20.42 ], [ 81.074, 20.407 ], [ 81.087, 20.405 ], [ 81.097, 20.415 ], [ 81.11, 20.413 ], [ 81.114, 20.401 ], [ 81.127, 20.398 ], [ 81.132, 20.386 ], [ 81.145, 20.384 ], [ 81.154, 20.394 ], [ 81.168, 20.392 ], [ 81.177, 20.402 ], [ 81.19, 20.399 ], [ 81.199, 20.409 ], [ 81.213, 20.407 ], [ 81.222, 20.417 ], [ 81.218, 20.429 ], [ 81.227, 20.439 ], [ 81.24, 20.437 ], [ 81.25, 20.447 ], [ 81.246, 20.459 ], [ 81.255, 20.47 ], [ 81.251, 20.482 ], [ 81.26, 20.492 ], [ 81.256, 20.504 ], [ 81.265, 20.514 ], [ 81.279, 20.512 ], [ 81.288, 20.522 ], [ 81.301, 20.52 ], [ 81.31, 20.53 ], [ 81.306, 20.542 ], [ 81.316, 20.552 ], [ 81.329, 20.55 ], [ 81.338, 20.56 ], [ 81.352, 20.557 ], [ 81.356, 20.545 ], [ 81.369, 20.543 ], [ 81.373, 20.531 ], [ 81.387, 20.528 ], [ 81.396, 20.538 ], [ 81.392, 20.551 ], [ 81.401, 20.561 ], [ 81.414, 20.558 ], [ 81.424, 20.568 ], [ 81.437, 20.566 ], [ 81.446, 20.576 ], [ 81.46, 20.574 ], [ 81.469, 20.584 ], [ 81.465, 20.596 ], [ 81.474, 20.606 ], [ 81.488, 20.604 ], [ 81.497, 20.614 ], [ 81.493, 20.626 ], [ 81.502, 20.636 ], [ 81.498, 20.648 ], [ 81.507, 20.658 ], [ 81.503, 20.671 ], [ 81.512, 20.681 ], [ 81.508, 20.693 ], [ 81.518, 20.703 ], [ 81.514, 20.715 ], [ 81.5, 20.717 ], [ 81.496, 20.73 ], [ 81.483, 20.732 ], [ 81.479, 20.744 ], [ 81.488, 20.754 ], [ 81.484, 20.766 ], [ 81.493, 20.776 ], [ 81.489, 20.789 ], [ 81.498, 20.799 ], [ 81.512, 20.796 ], [ 81.521, 20.806 ], [ 81.517, 20.819 ], [ 81.503, 20.821 ], [ 81.499, 20.833 ], [ 81.486, 20.835 ], [ 81.482, 20.848 ], [ 81.468, 20.85 ], [ 81.464, 20.862 ], [ 81.474, 20.872 ], [ 81.487, 20.87 ], [ 81.496, 20.88 ], [ 81.492, 20.892 ], [ 81.502, 20.902 ], [ 81.515, 20.9 ], [ 81.524, 20.91 ], [ 81.52, 20.922 ], [ 81.529, 20.932 ], [ 81.543, 20.93 ], [ 81.552, 20.94 ], [ 81.566, 20.938 ], [ 81.575, 20.948 ], [ 81.588, 20.945 ], [ 81.598, 20.955 ], [ 81.611, 20.953 ], [ 81.62, 20.963 ], [ 81.616, 20.975 ], [ 81.626, 20.985 ], [ 81.621, 20.998 ], [ 81.608, 21.0 ], [ 81.604, 21.012 ], [ 81.613, 21.022 ], [ 81.609, 21.034 ], [ 81.596, 21.037 ], [ 81.592, 21.049 ], [ 81.601, 21.059 ], [ 81.597, 21.071 ], [ 81.583, 21.073 ], [ 81.579, 21.086 ], [ 81.589, 21.096 ], [ 81.584, 21.108 ], [ 81.594, 21.118 ], [ 81.59, 21.13 ], [ 81.599, 21.14 ], [ 81.595, 21.152 ], [ 81.604, 21.162 ], [ 81.618, 21.16 ], [ 81.627, 21.17 ], [ 81.623, 21.182 ], [ 81.609, 21.184 ], [ 81.605, 21.197 ], [ 81.592, 21.199 ], [ 81.588, 21.211 ], [ 81.574, 21.213 ], [ 81.57, 21.226 ], [ 81.557, 21.228 ], [ 81.553, 21.24 ], [ 81.539, 21.242 ], [ 81.535, 21.254 ], [ 81.544, 21.264 ], [ 81.54, 21.277 ], [ 81.55, 21.287 ], [ 81.546, 21.299 ], [ 81.555, 21.309 ], [ 81.551, 21.321 ], [ 81.56, 21.331 ], [ 81.574, 21.329 ], [ 81.583, 21.339 ], [ 81.596, 21.337 ], [ 81.606, 21.347 ], [ 81.602, 21.359 ], [ 81.611, 21.369 ], [ 81.607, 21.381 ], [ 81.616, 21.391 ], [ 81.629, 21.389 ], [ 81.639, 21.399 ], [ 81.635, 21.411 ], [ 81.644, 21.421 ], [ 81.64, 21.433 ], [ 81.626, 21.435 ], [ 81.622, 21.447 ], [ 81.632, 21.457 ], [ 81.628, 21.47 ], [ 81.637, 21.48 ], [ 81.633, 21.492 ], [ 81.642, 21.502 ], [ 81.638, 21.514 ], [ 81.647, 21.524 ], [ 81.643, 21.536 ], [ 81.653, 21.546 ], [ 81.666, 21.544 ], [ 81.675, 21.554 ], [ 81.671, 21.566 ], [ 81.681, 21.576 ], [ 81.676, 21.588 ], [ 81.686, 21.598 ], [ 81.699, 21.596 ], [ 81.709, 21.606 ], [ 81.705, 21.618 ], [ 81.691, 21.62 ], [ 81.687, 21.633 ], [ 81.673, 21.635 ], [ 81.669, 21.647 ], [ 81.656, 21.649 ], [ 81.652, 21.661 ], [ 81.661, 21.671 ], [ 81.675, 21.669 ], [ 81.684, 21.679 ], [ 81.697, 21.677 ], [ 81.707, 21.687 ], [ 81.72, 21.685 ], [ 81.73, 21.695 ], [ 81.725, 21.707 ], [ 81.712, 21.709 ], [ 81.708, 21.721 ], [ 81.717, 21.731 ], [ 81.713, 21.743 ], [ 81.7, 21.746 ], [ 81.696, 21.758 ], [ 81.705, 21.768 ], [ 81.718, 21.765 ], [ 81.722, 21.753 ], [ 81.736, 21.751 ], [ 81.745, 21.761 ], [ 81.759, 21.759 ], [ 81.768, 21.769 ], [ 81.782, 21.767 ], [ 81.791, 21.777 ], [ 81.804, 21.774 ], [ 81.809, 21.762 ], [ 81.822, 21.76 ], [ 81.831, 21.77 ], [ 81.845, 21.768 ], [ 81.854, 21.778 ], [ 81.868, 21.775 ], [ 81.877, 21.785 ], [ 81.891, 21.783 ], [ 81.9, 21.793 ], [ 81.913, 21.791 ], [ 81.923, 21.801 ], [ 81.936, 21.799 ], [ 81.946, 21.809 ], [ 81.942, 21.821 ], [ 81.951, 21.831 ], [ 81.947, 21.843 ], [ 81.956, 21.853 ], [ 81.97, 21.851 ], [ 81.979, 21.861 ], [ 81.993, 21.859 ], [ 81.997, 21.846 ], [ 82.01, 21.844 ], [ 82.02, 21.854 ], [ 82.015, 21.866 ], [ 82.025, 21.876 ], [ 82.038, 21.874 ], [ 82.048, 21.884 ], [ 82.061, 21.882 ], [ 82.065, 21.87 ], [ 82.079, 21.867 ], [ 82.083, 21.855 ], [ 82.097, 21.853 ], [ 82.101, 21.841 ], [ 82.114, 21.838 ], [ 82.118, 21.826 ], [ 82.132, 21.824 ], [ 82.141, 21.834 ], [ 82.155, 21.832 ], [ 82.164, 21.842 ], [ 82.178, 21.839 ], [ 82.182, 21.827 ], [ 82.172, 21.817 ], [ 82.176, 21.805 ], [ 82.19, 21.803 ], [ 82.194, 21.791 ], [ 82.185, 21.781 ], [ 82.189, 21.768 ], [ 82.202, 21.766 ], [ 82.206, 21.754 ], [ 82.22, 21.752 ], [ 82.229, 21.762 ], [ 82.243, 21.76 ], [ 82.247, 21.747 ], [ 82.26, 21.745 ], [ 82.27, 21.755 ], [ 82.283, 21.753 ], [ 82.288, 21.741 ], [ 82.301, 21.738 ], [ 82.305, 21.726 ], [ 82.319, 21.724 ], [ 82.323, 21.712 ], [ 82.336, 21.709 ], [ 82.346, 21.719 ], [ 82.359, 21.717 ], [ 82.363, 21.705 ], [ 82.377, 21.703 ], [ 82.386, 21.712 ], [ 82.4, 21.71 ], [ 82.409, 21.72 ], [ 82.423, 21.718 ], [ 82.432, 21.728 ], [ 82.428, 21.74 ], [ 82.438, 21.75 ], [ 82.451, 21.748 ], [ 82.455, 21.736 ], [ 82.469, 21.733 ], [ 82.473, 21.721 ], [ 82.486, 21.719 ], [ 82.496, 21.729 ], [ 82.509, 21.726 ], [ 82.519, 21.736 ], [ 82.532, 21.734 ], [ 82.542, 21.744 ], [ 82.555, 21.742 ], [ 82.56, 21.73 ], [ 82.573, 21.727 ], [ 82.577, 21.715 ], [ 82.591, 21.713 ], [ 82.6, 21.723 ], [ 82.614, 21.72 ], [ 82.623, 21.73 ], [ 82.637, 21.728 ], [ 82.641, 21.716 ], [ 82.654, 21.714 ], [ 82.664, 21.724 ], [ 82.677, 21.721 ], [ 82.687, 21.731 ], [ 82.7, 21.729 ], [ 82.705, 21.717 ], [ 82.718, 21.714 ], [ 82.728, 21.724 ], [ 82.741, 21.722 ], [ 82.751, 21.732 ], [ 82.764, 21.73 ], [ 82.768, 21.717 ], [ 82.782, 21.715 ], [ 82.791, 21.725 ], [ 82.805, 21.723 ], [ 82.809, 21.71 ], [ 82.823, 21.708 ], [ 82.832, 21.718 ], [ 82.846, 21.716 ], [ 82.85, 21.704 ], [ 82.863, 21.701 ], [ 82.867, 21.689 ], [ 82.881, 21.687 ], [ 82.89, 21.697 ], [ 82.904, 21.694 ], [ 82.914, 21.704 ], [ 82.927, 21.702 ], [ 82.937, 21.712 ], [ 82.933, 21.724 ], [ 82.942, 21.734 ], [ 82.956, 21.732 ], [ 82.96, 21.72 ], [ 82.973, 21.717 ], [ 82.983, 21.727 ], [ 82.996, 21.725 ], [ 83.006, 21.735 ], [ 83.019, 21.732 ], [ 83.029, 21.742 ], [ 83.043, 21.74 ], [ 83.047, 21.728 ], [ 83.06, 21.725 ], [ 83.064, 21.713 ], [ 83.078, 21.711 ], [ 83.087, 21.721 ], [ 83.101, 21.719 ], [ 83.111, 21.728 ], [ 83.124, 21.726 ], [ 83.128, 21.714 ], [ 83.142, 21.712 ], [ 83.151, 21.721 ], [ 83.165, 21.719 ], [ 83.169, 21.707 ], [ 83.183, 21.704 ], [ 83.192, 21.714 ], [ 83.206, 21.712 ], [ 83.21, 21.7 ], [ 83.224, 21.697 ], [ 83.233, 21.707 ], [ 83.247, 21.705 ], [ 83.251, 21.693 ], [ 83.264, 21.69 ], [ 83.269, 21.678 ], [ 83.282, 21.676 ], [ 83.292, 21.686 ], [ 83.305, 21.683 ], [ 83.315, 21.693 ], [ 83.311, 21.706 ], [ 83.297, 21.708 ], [ 83.288, 21.698 ], [ 83.274, 21.7 ], [ 83.27, 21.713 ], [ 83.256, 21.715 ], [ 83.252, 21.727 ], [ 83.262, 21.737 ], [ 83.258, 21.75 ], [ 83.244, 21.752 ], [ 83.24, 21.764 ], [ 83.249, 21.774 ], [ 83.245, 21.786 ], [ 83.232, 21.789 ], [ 83.227, 21.801 ], [ 83.214, 21.803 ], [ 83.21, 21.816 ], [ 83.219, 21.826 ], [ 83.215, 21.838 ], [ 83.202, 21.84 ], [ 83.197, 21.852 ], [ 83.207, 21.862 ], [ 83.203, 21.875 ], [ 83.212, 21.885 ], [ 83.208, 21.897 ], [ 83.218, 21.907 ], [ 83.214, 21.919 ], [ 83.2, 21.921 ], [ 83.191, 21.911 ], [ 83.177, 21.914 ], [ 83.173, 21.926 ], [ 83.159, 21.928 ], [ 83.15, 21.918 ], [ 83.136, 21.921 ], [ 83.132, 21.933 ], [ 83.118, 21.935 ], [ 83.114, 21.948 ], [ 83.101, 21.95 ], [ 83.097, 21.962 ], [ 83.083, 21.964 ], [ 83.079, 21.977 ], [ 83.065, 21.979 ], [ 83.056, 21.969 ], [ 83.042, 21.971 ], [ 83.033, 21.961 ], [ 83.019, 21.964 ], [ 83.015, 21.976 ], [ 83.001, 21.978 ], [ 82.997, 21.991 ], [ 83.007, 22.001 ], [ 83.02, 21.998 ], [ 83.03, 22.008 ], [ 83.026, 22.02 ], [ 83.012, 22.023 ], [ 83.008, 22.035 ], [ 83.017, 22.045 ], [ 83.013, 22.057 ], [ 83.023, 22.067 ], [ 83.019, 22.079 ], [ 83.005, 22.082 ], [ 83.001, 22.094 ], [ 82.987, 22.096 ], [ 82.978, 22.086 ], [ 82.964, 22.088 ], [ 82.96, 22.101 ], [ 82.947, 22.103 ], [ 82.942, 22.115 ], [ 82.952, 22.125 ], [ 82.948, 22.137 ], [ 82.957, 22.147 ], [ 82.953, 22.16 ], [ 82.963, 22.169 ], [ 82.976, 22.167 ], [ 82.986, 22.177 ], [ 82.999, 22.175 ], [ 83.004, 22.163 ], [ 83.017, 22.16 ], [ 83.027, 22.17 ], [ 83.023, 22.182 ], [ 83.032, 22.192 ], [ 83.046, 22.19 ], [ 83.055, 22.2 ], [ 83.051, 22.212 ], [ 83.037, 22.215 ], [ 83.033, 22.227 ], [ 83.043, 22.237 ], [ 83.039, 22.249 ], [ 83.048, 22.259 ], [ 83.044, 22.271 ], [ 83.054, 22.281 ], [ 83.05, 22.293 ], [ 83.059, 22.303 ], [ 83.073, 22.301 ], [ 83.082, 22.311 ], [ 83.078, 22.323 ], [ 83.088, 22.333 ], [ 83.084, 22.345 ], [ 83.093, 22.355 ], [ 83.107, 22.353 ], [ 83.116, 22.363 ], [ 83.112, 22.375 ], [ 83.098, 22.377 ], [ 83.094, 22.389 ], [ 83.104, 22.399 ], [ 83.1, 22.412 ], [ 83.109, 22.421 ], [ 83.105, 22.434 ], [ 83.092, 22.436 ], [ 83.087, 22.448 ], [ 83.097, 22.458 ], [ 83.093, 22.47 ], [ 83.079, 22.473 ], [ 83.075, 22.485 ], [ 83.085, 22.495 ], [ 83.098, 22.492 ], [ 83.108, 22.502 ], [ 83.104, 22.514 ], [ 83.113, 22.524 ], [ 83.109, 22.537 ], [ 83.095, 22.539 ], [ 83.091, 22.551 ], [ 83.101, 22.561 ], [ 83.097, 22.573 ], [ 83.106, 22.583 ], [ 83.102, 22.595 ], [ 83.088, 22.598 ], [ 83.084, 22.61 ], [ 83.094, 22.62 ], [ 83.09, 22.632 ], [ 83.099, 22.642 ], [ 83.113, 22.639 ], [ 83.122, 22.649 ], [ 83.118, 22.662 ], [ 83.105, 22.664 ], [ 83.101, 22.676 ], [ 83.087, 22.678 ], [ 83.077, 22.668 ], [ 83.064, 22.671 ], [ 83.054, 22.661 ], [ 83.041, 22.663 ], [ 83.031, 22.653 ], [ 83.017, 22.655 ], [ 83.008, 22.645 ], [ 82.994, 22.648 ], [ 82.99, 22.66 ], [ 82.977, 22.662 ], [ 82.972, 22.674 ], [ 82.959, 22.677 ], [ 82.949, 22.667 ], [ 82.936, 22.669 ], [ 82.932, 22.681 ], [ 82.941, 22.691 ], [ 82.937, 22.703 ], [ 82.923, 22.705 ], [ 82.919, 22.717 ], [ 82.906, 22.72 ], [ 82.901, 22.732 ], [ 82.888, 22.734 ], [ 82.884, 22.746 ], [ 82.87, 22.749 ], [ 82.861, 22.739 ], [ 82.847, 22.741 ], [ 82.843, 22.753 ], [ 82.829, 22.755 ], [ 82.82, 22.745 ], [ 82.806, 22.748 ], [ 82.802, 22.76 ], [ 82.788, 22.762 ], [ 82.784, 22.774 ], [ 82.771, 22.776 ], [ 82.766, 22.788 ], [ 82.753, 22.791 ], [ 82.749, 22.803 ], [ 82.735, 22.805 ], [ 82.731, 22.817 ], [ 82.717, 22.819 ], [ 82.713, 22.832 ], [ 82.7, 22.834 ], [ 82.69, 22.824 ], [ 82.676, 22.826 ], [ 82.667, 22.816 ], [ 82.653, 22.818 ], [ 82.644, 22.808 ], [ 82.63, 22.811 ], [ 82.626, 22.823 ], [ 82.613, 22.825 ], [ 82.608, 22.837 ], [ 82.595, 22.839 ], [ 82.585, 22.829 ], [ 82.572, 22.832 ], [ 82.568, 22.844 ], [ 82.554, 22.846 ], [ 82.55, 22.858 ], [ 82.559, 22.868 ], [ 82.573, 22.866 ], [ 82.582, 22.876 ], [ 82.578, 22.888 ], [ 82.588, 22.898 ], [ 82.584, 22.91 ], [ 82.57, 22.912 ], [ 82.566, 22.924 ], [ 82.575, 22.934 ], [ 82.571, 22.946 ], [ 82.558, 22.948 ], [ 82.554, 22.96 ], [ 82.563, 22.97 ], [ 82.559, 22.982 ], [ 82.545, 22.985 ], [ 82.536, 22.975 ], [ 82.522, 22.977 ], [ 82.513, 22.967 ], [ 82.499, 22.969 ], [ 82.49, 22.959 ], [ 82.476, 22.962 ], [ 82.472, 22.974 ], [ 82.458, 22.976 ], [ 82.449, 22.966 ], [ 82.435, 22.968 ], [ 82.431, 22.98 ], [ 82.418, 22.982 ], [ 82.413, 22.994 ], [ 82.4, 22.997 ], [ 82.396, 23.009 ], [ 82.382, 23.011 ], [ 82.373, 23.001 ], [ 82.359, 23.003 ], [ 82.35, 22.993 ], [ 82.336, 22.995 ], [ 82.326, 22.985 ], [ 82.331, 22.973 ], [ 82.321, 22.963 ], [ 82.308, 22.966 ], [ 82.298, 22.956 ], [ 82.285, 22.958 ], [ 82.275, 22.948 ], [ 82.262, 22.95 ], [ 82.252, 22.94 ], [ 82.238, 22.942 ], [ 82.229, 22.932 ], [ 82.215, 22.935 ], [ 82.211, 22.947 ], [ 82.198, 22.949 ], [ 82.194, 22.961 ], [ 82.18, 22.963 ], [ 82.176, 22.975 ], [ 82.185, 22.985 ], [ 82.181, 22.997 ], [ 82.191, 23.007 ], [ 82.187, 23.019 ], [ 82.173, 23.021 ], [ 82.169, 23.033 ], [ 82.178, 23.043 ], [ 82.174, 23.055 ], [ 82.161, 23.058 ], [ 82.156, 23.07 ], [ 82.143, 23.072 ], [ 82.139, 23.084 ], [ 82.125, 23.086 ], [ 82.121, 23.098 ], [ 82.107, 23.1 ], [ 82.103, 23.112 ], [ 82.09, 23.114 ], [ 82.08, 23.104 ], [ 82.067, 23.107 ], [ 82.057, 23.097 ], [ 82.044, 23.099 ], [ 82.034, 23.089 ], [ 82.021, 23.091 ], [ 82.011, 23.081 ], [ 81.998, 23.083 ], [ 81.988, 23.073 ], [ 81.975, 23.075 ], [ 81.971, 23.088 ], [ 81.957, 23.09 ], [ 81.948, 23.08 ], [ 81.952, 23.068 ], [ 81.942, 23.058 ], [ 81.929, 23.06 ], [ 81.919, 23.05 ], [ 81.924, 23.038 ], [ 81.937, 23.036 ], [ 81.941, 23.024 ], [ 81.932, 23.014 ], [ 81.936, 23.002 ], [ 81.95, 23.0 ], [ 81.954, 22.988 ], [ 81.944, 22.978 ], [ 81.948, 22.966 ], [ 81.939, 22.956 ], [ 81.925, 22.958 ], [ 81.916, 22.948 ], [ 81.92, 22.936 ], [ 81.911, 22.926 ], [ 81.897, 22.928 ], [ 81.888, 22.918 ], [ 81.874, 22.92 ], [ 81.865, 22.91 ], [ 81.869, 22.898 ], [ 81.86, 22.888 ], [ 81.846, 22.89 ], [ 81.837, 22.881 ], [ 81.823, 22.883 ], [ 81.814, 22.873 ], [ 81.8, 22.875 ], [ 81.791, 22.865 ], [ 81.777, 22.867 ], [ 81.768, 22.857 ], [ 81.772, 22.845 ], [ 81.763, 22.835 ], [ 81.767, 22.823 ], [ 81.78, 22.821 ], [ 81.784, 22.809 ], [ 81.775, 22.799 ], [ 81.779, 22.787 ], [ 81.793, 22.785 ], [ 81.797, 22.773 ], [ 81.787, 22.763 ], [ 81.792, 22.751 ], [ 81.782, 22.741 ], [ 81.769, 22.743 ], [ 81.759, 22.733 ], [ 81.763, 22.721 ], [ 81.754, 22.711 ], [ 81.758, 22.699 ], [ 81.772, 22.697 ], [ 81.776, 22.685 ], [ 81.766, 22.675 ], [ 81.77, 22.663 ], [ 81.761, 22.653 ], [ 81.748, 22.655 ], [ 81.743, 22.667 ], [ 81.73, 22.669 ], [ 81.721, 22.659 ], [ 81.725, 22.647 ], [ 81.715, 22.637 ], [ 81.702, 22.639 ], [ 81.698, 22.651 ], [ 81.684, 22.653 ], [ 81.675, 22.644 ], [ 81.679, 22.631 ], [ 81.67, 22.622 ], [ 81.656, 22.624 ], [ 81.647, 22.614 ], [ 81.651, 22.602 ], [ 81.641, 22.592 ], [ 81.646, 22.58 ], [ 81.659, 22.577 ], [ 81.663, 22.565 ], [ 81.654, 22.555 ], [ 81.64, 22.558 ], [ 81.631, 22.548 ], [ 81.617, 22.55 ], [ 81.608, 22.54 ], [ 81.595, 22.542 ], [ 81.59, 22.554 ], [ 81.577, 22.556 ], [ 81.568, 22.546 ], [ 81.572, 22.534 ], [ 81.562, 22.524 ], [ 81.549, 22.526 ], [ 81.545, 22.538 ], [ 81.531, 22.541 ], [ 81.522, 22.531 ], [ 81.508, 22.533 ], [ 81.499, 22.523 ], [ 81.503, 22.511 ], [ 81.494, 22.501 ], [ 81.48, 22.503 ], [ 81.471, 22.493 ], [ 81.458, 22.495 ], [ 81.448, 22.485 ], [ 81.435, 22.487 ], [ 81.425, 22.477 ], [ 81.43, 22.465 ], [ 81.42, 22.455 ], [ 81.424, 22.443 ], [ 81.415, 22.433 ], [ 81.402, 22.435 ], [ 81.397, 22.447 ], [ 81.384, 22.45 ], [ 81.38, 22.462 ], [ 81.389, 22.472 ], [ 81.385, 22.484 ], [ 81.394, 22.494 ], [ 81.39, 22.506 ], [ 81.377, 22.508 ], [ 81.373, 22.52 ], [ 81.359, 22.522 ], [ 81.35, 22.512 ], [ 81.336, 22.514 ], [ 81.332, 22.526 ], [ 81.319, 22.528 ], [ 81.309, 22.518 ], [ 81.314, 22.506 ], [ 81.327, 22.504 ], [ 81.331, 22.492 ], [ 81.322, 22.482 ], [ 81.308, 22.484 ], [ 81.304, 22.496 ], [ 81.291, 22.498 ], [ 81.281, 22.489 ], [ 81.268, 22.491 ], [ 81.259, 22.481 ], [ 81.263, 22.469 ], [ 81.253, 22.459 ], [ 81.24, 22.461 ], [ 81.231, 22.451 ], [ 81.217, 22.453 ], [ 81.213, 22.465 ], [ 81.2, 22.467 ], [ 81.196, 22.479 ], [ 81.182, 22.481 ], [ 81.173, 22.471 ], [ 81.159, 22.473 ], [ 81.15, 22.463 ], [ 81.154, 22.451 ], [ 81.145, 22.441 ], [ 81.131, 22.444 ], [ 81.122, 22.434 ], [ 81.109, 22.436 ], [ 81.099, 22.426 ], [ 81.104, 22.414 ], [ 81.117, 22.412 ], [ 81.121, 22.4 ], [ 81.112, 22.39 ], [ 81.116, 22.377 ], [ 81.107, 22.368 ], [ 81.111, 22.355 ], [ 81.124, 22.353 ], [ 81.128, 22.341 ], [ 81.119, 22.331 ], [ 81.123, 22.319 ], [ 81.114, 22.309 ], [ 81.118, 22.297 ], [ 81.109, 22.287 ], [ 81.113, 22.275 ], [ 81.103, 22.265 ], [ 81.09, 22.267 ], [ 81.081, 22.257 ], [ 81.085, 22.245 ], [ 81.076, 22.235 ], [ 81.062, 22.237 ], [ 81.058, 22.25 ], [ 81.045, 22.252 ], [ 81.035, 22.242 ], [ 81.039, 22.23 ], [ 81.03, 22.22 ], [ 81.034, 22.208 ], [ 81.025, 22.198 ], [ 81.029, 22.186 ], [ 81.02, 22.176 ], [ 81.024, 22.163 ], [ 81.015, 22.154 ], [ 81.019, 22.141 ], [ 81.01, 22.131 ], [ 80.996, 22.134 ], [ 80.987, 22.124 ], [ 80.991, 22.112 ], [ 81.004, 22.109 ], [ 81.009, 22.097 ], [ 80.999, 22.087 ], [ 81.003, 22.075 ], [ 80.994, 22.065 ], [ 80.998, 22.053 ], [ 80.989, 22.043 ], [ 80.976, 22.045 ], [ 80.971, 22.057 ], [ 80.981, 22.067 ], [ 80.977, 22.08 ], [ 80.963, 22.082 ], [ 80.959, 22.094 ], [ 80.968, 22.104 ], [ 80.964, 22.116 ], [ 80.951, 22.118 ], [ 80.941, 22.108 ], [ 80.928, 22.11 ], [ 80.924, 22.122 ], [ 80.911, 22.124 ], [ 80.901, 22.114 ], [ 80.905, 22.102 ], [ 80.896, 22.092 ], [ 80.9, 22.08 ], [ 80.891, 22.07 ], [ 80.895, 22.058 ], [ 80.886, 22.048 ], [ 80.89, 22.036 ], [ 80.881, 22.026 ], [ 80.885, 22.014 ], [ 80.876, 22.004 ], [ 80.862, 22.006 ], [ 80.853, 21.996 ], [ 80.857, 21.984 ], [ 80.848, 21.974 ], [ 80.852, 21.962 ], [ 80.843, 21.952 ], [ 80.847, 21.94 ], [ 80.838, 21.93 ], [ 80.842, 21.918 ], [ 80.832, 21.908 ], [ 80.837, 21.896 ], [ 80.827, 21.886 ], [ 80.831, 21.874 ], [ 80.845, 21.872 ], [ 80.849, 21.86 ], [ 80.84, 21.85 ], [ 80.844, 21.837 ], [ 80.835, 21.827 ], [ 80.839, 21.815 ], [ 80.829, 21.805 ], [ 80.834, 21.793 ], [ 80.824, 21.783 ], [ 80.828, 21.771 ], [ 80.819, 21.761 ], [ 80.823, 21.749 ], [ 80.814, 21.739 ], [ 80.801, 21.741 ], [ 80.797, 21.753 ], [ 80.783, 21.755 ], [ 80.774, 21.745 ], [ 80.761, 21.748 ], [ 80.756, 21.76 ], [ 80.743, 21.762 ], [ 80.734, 21.752 ], [ 80.738, 21.74 ], [ 80.729, 21.73 ], [ 80.733, 21.718 ], [ 80.724, 21.708 ], [ 80.728, 21.696 ], [ 80.718, 21.686 ], [ 80.723, 21.673 ], [ 80.713, 21.664 ], [ 80.717, 21.651 ], [ 80.731, 21.649 ], [ 80.735, 21.637 ], [ 80.726, 21.627 ], [ 80.73, 21.615 ], [ 80.721, 21.605 ], [ 80.725, 21.593 ], [ 80.715, 21.583 ], [ 80.72, 21.571 ], [ 80.733, 21.569 ], [ 80.737, 21.557 ], [ 80.728, 21.547 ], [ 80.732, 21.535 ], [ 80.723, 21.525 ], [ 80.727, 21.512 ], [ 80.718, 21.502 ], [ 80.722, 21.49 ], [ 80.735, 21.488 ], [ 80.739, 21.476 ], [ 80.73, 21.466 ], [ 80.734, 21.454 ], [ 80.725, 21.444 ], [ 80.712, 21.446 ], [ 80.702, 21.436 ], [ 80.706, 21.424 ], [ 80.697, 21.414 ], [ 80.701, 21.402 ], [ 80.692, 21.392 ], [ 80.696, 21.38 ], [ 80.687, 21.37 ], [ 80.691, 21.358 ], [ 80.682, 21.348 ], [ 80.669, 21.35 ], [ 80.659, 21.34 ], [ 80.663, 21.328 ], [ 80.677, 21.325 ], [ 80.681, 21.313 ], [ 80.672, 21.303 ], [ 80.676, 21.291 ], [ 80.667, 21.281 ], [ 80.653, 21.283 ], [ 80.644, 21.273 ], [ 80.648, 21.261 ], [ 80.639, 21.251 ], [ 80.626, 21.253 ], [ 80.616, 21.243 ], [ 80.62, 21.231 ], [ 80.611, 21.221 ], [ 80.598, 21.223 ], [ 80.589, 21.213 ], [ 80.575, 21.215 ] ] ] ] } },
{ "type": "Feature", "properties": { "POLYGON.ID": 93.0, "subregion": "India--Chhattisgarh--East_CL30865", "FILTER": "Chhattisgarh", "POLYGON": "India--Chhattisgarh--East_CL30865", "COUNTY": "spl_region", "STATE": "Chhattisgarh", "OWNER": null }, "geometry": { "type": "MultiPolygon", "coordinates": [ [ [ [ 81.993, 21.859 ], [ 81.979, 21.861 ], [ 81.97, 21.851 ], [ 81.956, 21.853 ], [ 81.947, 21.843 ], [ 81.951, 21.831 ], [ 81.942, 21.821 ], [ 81.946, 21.809 ], [ 81.936, 21.799 ], [ 81.923, 21.801 ], [ 81.913, 21.791 ], [ 81.9, 21.793 ], [ 81.891, 21.783 ], [ 81.877, 21.785 ], [ 81.868, 21.775 ], [ 81.854, 21.778 ], [ 81.845, 21.768 ], [ 81.831, 21.77 ], [ 81.822, 21.76 ], [ 81.809, 21.762 ], [ 81.804, 21.774 ], [ 81.791, 21.777 ], [ 81.782, 21.767 ], [ 81.768, 21.769 ], [ 81.759, 21.759 ], [ 81.745, 21.761 ], [ 81.736, 21.751 ], [ 81.722, 21.753 ], [ 81.718, 21.765 ], [ 81.705, 21.768 ], [ 81.696, 21.758 ], [ 81.7, 21.746 ], [ 81.713, 21.743 ], [ 81.717, 21.731 ], [ 81.708, 21.721 ], [ 81.712, 21.709 ], [ 81.725, 21.707 ], [ 81.73, 21.695 ], [ 81.72, 21.685 ], [ 81.707, 21.687 ], [ 81.697, 21.677 ], [ 81.684, 21.679 ], [ 81.675, 21.669 ], [ 81.661, 21.671 ], [ 81.652, 21.661 ], [ 81.656, 21.649 ], [ 81.669, 21.647 ], [ 81.673, 21.635 ], [ 81.687, 21.633 ], [ 81.691, 21.62 ], [ 81.705, 21.618 ], [ 81.709, 21.606 ], [ 81.699, 21.596 ], [ 81.686, 21.598 ], [ 81.676, 21.588 ], [ 81.681, 21.576 ], [ 81.671, 21.566 ], [ 81.675, 21.554 ], [ 81.666, 21.544 ], [ 81.653, 21.546 ], [ 81.643, 21.536 ], [ 81.647, 21.524 ], [ 81.638, 21.514 ], [ 81.642, 21.502 ], [ 81.633, 21.492 ], [ 81.637, 21.48 ], [ 81.628, 21.47 ], [ 81.632, 21.457 ], [ 81.622, 21.447 ], [ 81.626, 21.435 ], [ 81.64, 21.433 ], [ 81.644, 21.421 ], [ 81.635, 21.411 ], [ 81.639, 21.399 ], [ 81.629, 21.389 ], [ 81.616, 21.391 ], [ 81.607, 21.381 ], [ 81.611, 21.369 ], [ 81.602, 21.359 ], [ 81.606, 21.347 ], [ 81.596, 21.337 ], [ 81.583, 21.339 ], [ 81.574, 21.329 ], [ 81.56, 21.331 ], [ 81.551, 21.321 ], [ 81.555, 21.309 ], [ 81.546, 21.299 ], [ 81.55, 21.287 ], [ 81.54, 21.277 ], [ 81.544, 21.264 ], [ 81.535, 21.254 ], [ 81.539, 21.242 ], [ 81.553, 21.24 ], [ 81.557, 21.228 ], [ 81.57, 21.226 ], [ 81.574, 21.213 ], [ 81.588, 21.211 ], [ 81.592, 21.199 ], [ 81.605, 21.197 ], [ 81.609, 21.184 ], [ 81.623, 21.182 ], [ 81.627, 21.17 ], [ 81.618, 21.16 ], [ 81.604, 21.162 ], [ 81.595, 21.152 ], [ 81.599, 21.14 ], [ 81.59, 21.13 ], [ 81.594, 21.118 ], [ 81.584, 21.108 ], [ 81.589, 21.096 ], [ 81.579, 21.086 ], [ 81.583, 21.073 ], [ 81.597, 21.071 ], [ 81.601, 21.059 ], [ 81.592, 21.049 ], [ 81.596, 21.037 ], [ 81.609, 21.034 ], [ 81.613, 21.022 ], [ 81.604, 21.012 ], [ 81.608, 21.0 ], [ 81.621, 20.998 ], [ 81.626, 20.985 ], [ 81.616, 20.975 ], [ 81.62, 20.963 ], [ 81.611, 20.953 ], [ 81.598, 20.955 ], [ 81.588, 20.945 ], [ 81.575, 20.948 ], [ 81.566, 20.938 ], [ 81.552, 20.94 ], [ 81.543, 20.93 ], [ 81.529, 20.932 ], [ 81.52, 20.922 ], [ 81.524, 20.91 ], [ 81.515, 20.9 ], [ 81.502, 20.902 ], [ 81.492, 20.892 ], [ 81.496, 20.88 ], [ 81.487, 20.87 ], [ 81.474, 20.872 ], [ 81.464, 20.862 ], [ 81.468, 20.85 ], [ 81.482, 20.848 ], [ 81.486, 20.835 ], [ 81.499, 20.833 ], [ 81.503, 20.821 ], [ 81.517, 20.819 ], [ 81.521, 20.806 ], [ 81.512, 20.796 ], [ 81.498, 20.799 ], [ 81.489, 20.789 ], [ 81.493, 20.776 ], [ 81.484, 20.766 ], [ 81.488, 20.754 ], [ 81.479, 20.744 ], [ 81.483, 20.732 ], [ 81.496, 20.73 ], [ 81.5, 20.717 ], [ 81.514, 20.715 ], [ 81.518, 20.703 ], [ 81.508, 20.693 ], [ 81.512, 20.681 ], [ 81.503, 20.671 ], [ 81.507, 20.658 ], [ 81.498, 20.648 ], [ 81.502, 20.636 ], [ 81.493, 20.626 ], [ 81.497, 20.614 ], [ 81.488, 20.604 ], [ 81.474, 20.606 ], [ 81.465, 20.596 ], [ 81.469, 20.584 ], [ 81.46, 20.574 ], [ 81.446, 20.576 ], [ 81.437, 20.566 ], [ 81.424, 20.568 ], [ 81.414, 20.558 ], [ 81.419, 20.546 ], [ 81.409, 20.536 ], [ 81.413, 20.524 ], [ 81.427, 20.521 ], [ 81.431, 20.509 ], [ 81.444, 20.507 ], [ 81.453, 20.517 ], [ 81.467, 20.515 ], [ 81.476, 20.525 ], [ 81.49, 20.522 ], [ 81.494, 20.51 ], [ 81.507, 20.508 ], [ 81.511, 20.496 ], [ 81.525, 20.493 ], [ 81.534, 20.503 ], [ 81.547, 20.501 ], [ 81.556, 20.511 ], [ 81.57, 20.509 ], [ 81.579, 20.519 ], [ 81.593, 20.516 ], [ 81.602, 20.526 ], [ 81.615, 20.524 ], [ 81.619, 20.512 ], [ 81.633, 20.51 ], [ 81.637, 20.497 ], [ 81.65, 20.495 ], [ 81.66, 20.505 ], [ 81.673, 20.503 ], [ 81.677, 20.49 ], [ 81.691, 20.488 ], [ 81.695, 20.476 ], [ 81.708, 20.474 ], [ 81.717, 20.484 ], [ 81.731, 20.481 ], [ 81.735, 20.469 ], [ 81.726, 20.459 ], [ 81.73, 20.447 ], [ 81.743, 20.444 ], [ 81.747, 20.432 ], [ 81.738, 20.422 ], [ 81.742, 20.41 ], [ 81.755, 20.407 ], [ 81.759, 20.395 ], [ 81.773, 20.393 ], [ 81.777, 20.381 ], [ 81.768, 20.371 ], [ 81.772, 20.358 ], [ 81.785, 20.356 ], [ 81.789, 20.344 ], [ 81.78, 20.334 ], [ 81.784, 20.321 ], [ 81.775, 20.311 ], [ 81.761, 20.314 ], [ 81.752, 20.304 ], [ 81.756, 20.291 ], [ 81.769, 20.289 ], [ 81.774, 20.277 ], [ 81.787, 20.274 ], [ 81.791, 20.262 ], [ 81.782, 20.252 ], [ 81.786, 20.24 ], [ 81.777, 20.23 ], [ 81.781, 20.217 ], [ 81.794, 20.215 ], [ 81.798, 20.203 ], [ 81.812, 20.2 ], [ 81.816, 20.188 ], [ 81.806, 20.178 ], [ 81.81, 20.166 ], [ 81.801, 20.156 ], [ 81.788, 20.158 ], [ 81.778, 20.148 ], [ 81.765, 20.15 ], [ 81.761, 20.163 ], [ 81.747, 20.165 ], [ 81.738, 20.155 ], [ 81.725, 20.157 ], [ 81.715, 20.147 ], [ 81.72, 20.135 ], [ 81.71, 20.125 ], [ 81.697, 20.127 ], [ 81.693, 20.139 ], [ 81.679, 20.142 ], [ 81.67, 20.132 ], [ 81.657, 20.134 ], [ 81.653, 20.146 ], [ 81.639, 20.149 ], [ 81.635, 20.161 ], [ 81.622, 20.163 ], [ 81.618, 20.176 ], [ 81.604, 20.178 ], [ 81.6, 20.19 ], [ 81.587, 20.193 ], [ 81.578, 20.183 ], [ 81.564, 20.185 ], [ 81.56, 20.197 ], [ 81.547, 20.2 ], [ 81.537, 20.19 ], [ 81.541, 20.177 ], [ 81.532, 20.167 ], [ 81.519, 20.17 ], [ 81.51, 20.159 ], [ 81.496, 20.162 ], [ 81.487, 20.152 ], [ 81.474, 20.154 ], [ 81.464, 20.144 ], [ 81.451, 20.146 ], [ 81.447, 20.159 ], [ 81.433, 20.161 ], [ 81.424, 20.151 ], [ 81.411, 20.153 ], [ 81.402, 20.143 ], [ 81.406, 20.131 ], [ 81.396, 20.121 ], [ 81.4, 20.109 ], [ 81.391, 20.099 ], [ 81.395, 20.086 ], [ 81.409, 20.084 ], [ 81.413, 20.072 ], [ 81.403, 20.062 ], [ 81.39, 20.064 ], [ 81.381, 20.054 ], [ 81.367, 20.056 ], [ 81.358, 20.046 ], [ 81.345, 20.048 ], [ 81.336, 20.038 ], [ 81.322, 20.041 ], [ 81.313, 20.031 ], [ 81.3, 20.033 ], [ 81.29, 20.023 ], [ 81.295, 20.011 ], [ 81.308, 20.008 ], [ 81.312, 19.996 ], [ 81.303, 19.986 ], [ 81.307, 19.974 ], [ 81.32, 19.971 ], [ 81.324, 19.959 ], [ 81.338, 19.957 ], [ 81.342, 19.945 ], [ 81.332, 19.934 ], [ 81.337, 19.922 ], [ 81.35, 19.92 ], [ 81.354, 19.908 ], [ 81.367, 19.905 ], [ 81.371, 19.893 ], [ 81.385, 19.891 ], [ 81.394, 19.901 ], [ 81.407, 19.898 ], [ 81.411, 19.886 ], [ 81.402, 19.876 ], [ 81.406, 19.864 ], [ 81.397, 19.854 ], [ 81.384, 19.856 ], [ 81.374, 19.846 ], [ 81.379, 19.834 ], [ 81.392, 19.831 ], [ 81.396, 19.819 ], [ 81.387, 19.809 ], [ 81.373, 19.811 ], [ 81.364, 19.801 ], [ 81.368, 19.789 ], [ 81.382, 19.787 ], [ 81.386, 19.774 ], [ 81.376, 19.764 ], [ 81.38, 19.752 ], [ 81.371, 19.742 ], [ 81.375, 19.729 ], [ 81.389, 19.727 ], [ 81.398, 19.737 ], [ 81.411, 19.735 ], [ 81.415, 19.722 ], [ 81.429, 19.72 ], [ 81.433, 19.708 ], [ 81.446, 19.705 ], [ 81.45, 19.693 ], [ 81.464, 19.691 ], [ 81.468, 19.678 ], [ 81.481, 19.676 ], [ 81.485, 19.664 ], [ 81.498, 19.661 ], [ 81.503, 19.649 ], [ 81.493, 19.639 ], [ 81.48, 19.641 ], [ 81.471, 19.631 ], [ 81.457, 19.634 ], [ 81.448, 19.624 ], [ 81.452, 19.611 ], [ 81.465, 19.609 ], [ 81.47, 19.597 ], [ 81.46, 19.587 ], [ 81.464, 19.574 ], [ 81.455, 19.564 ], [ 81.459, 19.552 ], [ 81.45, 19.542 ], [ 81.454, 19.529 ], [ 81.445, 19.519 ], [ 81.449, 19.507 ], [ 81.44, 19.497 ], [ 81.426, 19.499 ], [ 81.417, 19.489 ], [ 81.421, 19.477 ], [ 81.434, 19.475 ], [ 81.444, 19.485 ], [ 81.457, 19.482 ], [ 81.461, 19.47 ], [ 81.474, 19.468 ], [ 81.479, 19.455 ], [ 81.469, 19.445 ], [ 81.473, 19.433 ], [ 81.464, 19.423 ], [ 81.468, 19.41 ], [ 81.459, 19.4 ], [ 81.463, 19.388 ], [ 81.454, 19.378 ], [ 81.44, 19.38 ], [ 81.431, 19.37 ], [ 81.418, 19.373 ], [ 81.409, 19.363 ], [ 81.395, 19.365 ], [ 81.391, 19.377 ], [ 81.401, 19.387 ], [ 81.396, 19.4 ], [ 81.383, 19.402 ], [ 81.374, 19.392 ], [ 81.378, 19.38 ], [ 81.369, 19.37 ], [ 81.373, 19.357 ], [ 81.386, 19.355 ], [ 81.39, 19.343 ], [ 81.381, 19.332 ], [ 81.368, 19.335 ], [ 81.358, 19.325 ], [ 81.362, 19.312 ], [ 81.376, 19.31 ], [ 81.385, 19.32 ], [ 81.398, 19.318 ], [ 81.402, 19.305 ], [ 81.416, 19.303 ], [ 81.42, 19.291 ], [ 81.433, 19.288 ], [ 81.437, 19.276 ], [ 81.451, 19.274 ], [ 81.455, 19.261 ], [ 81.468, 19.259 ], [ 81.472, 19.246 ], [ 81.485, 19.244 ], [ 81.49, 19.232 ], [ 81.503, 19.229 ], [ 81.507, 19.217 ], [ 81.52, 19.214 ], [ 81.529, 19.225 ], [ 81.543, 19.222 ], [ 81.552, 19.232 ], [ 81.548, 19.245 ], [ 81.557, 19.255 ], [ 81.553, 19.267 ], [ 81.562, 19.277 ], [ 81.576, 19.275 ], [ 81.585, 19.285 ], [ 81.598, 19.282 ], [ 81.602, 19.27 ], [ 81.616, 19.268 ], [ 81.62, 19.255 ], [ 81.611, 19.245 ], [ 81.615, 19.233 ], [ 81.628, 19.23 ], [ 81.637, 19.24 ], [ 81.651, 19.238 ], [ 81.66, 19.248 ], [ 81.673, 19.246 ], [ 81.683, 19.256 ], [ 81.678, 19.268 ], [ 81.665, 19.27 ], [ 81.656, 19.26 ], [ 81.642, 19.263 ], [ 81.638, 19.275 ], [ 81.625, 19.278 ], [ 81.621, 19.29 ], [ 81.63, 19.3 ], [ 81.626, 19.312 ], [ 81.635, 19.322 ], [ 81.631, 19.335 ], [ 81.641, 19.345 ], [ 81.654, 19.343 ], [ 81.663, 19.353 ], [ 81.659, 19.365 ], [ 81.668, 19.375 ], [ 81.682, 19.373 ], [ 81.686, 19.36 ], [ 81.699, 19.358 ], [ 81.708, 19.368 ], [ 81.722, 19.366 ], [ 81.731, 19.376 ], [ 81.744, 19.373 ], [ 81.749, 19.361 ], [ 81.762, 19.358 ], [ 81.766, 19.346 ], [ 81.779, 19.344 ], [ 81.789, 19.354 ], [ 81.785, 19.366 ], [ 81.794, 19.376 ], [ 81.79, 19.388 ], [ 81.799, 19.398 ], [ 81.795, 19.411 ], [ 81.804, 19.421 ], [ 81.8, 19.433 ], [ 81.787, 19.436 ], [ 81.783, 19.448 ], [ 81.792, 19.458 ], [ 81.805, 19.456 ], [ 81.815, 19.466 ], [ 81.811, 19.478 ], [ 81.82, 19.488 ], [ 81.816, 19.501 ], [ 81.825, 19.511 ], [ 81.838, 19.508 ], [ 81.843, 19.496 ], [ 81.856, 19.493 ], [ 81.865, 19.504 ], [ 81.861, 19.516 ], [ 81.848, 19.518 ], [ 81.844, 19.531 ], [ 81.853, 19.541 ], [ 81.849, 19.553 ], [ 81.858, 19.563 ], [ 81.872, 19.561 ], [ 81.876, 19.548 ], [ 81.889, 19.546 ], [ 81.893, 19.534 ], [ 81.907, 19.531 ], [ 81.911, 19.519 ], [ 81.924, 19.516 ], [ 81.933, 19.526 ], [ 81.929, 19.539 ], [ 81.939, 19.549 ], [ 81.952, 19.546 ], [ 81.956, 19.534 ], [ 81.969, 19.532 ], [ 81.979, 19.542 ], [ 81.992, 19.539 ], [ 81.996, 19.527 ], [ 81.987, 19.517 ], [ 81.991, 19.504 ], [ 82.004, 19.502 ], [ 82.008, 19.49 ], [ 82.022, 19.487 ], [ 82.031, 19.497 ], [ 82.027, 19.51 ], [ 82.036, 19.52 ], [ 82.032, 19.532 ], [ 82.042, 19.542 ], [ 82.038, 19.555 ], [ 82.047, 19.565 ], [ 82.043, 19.577 ], [ 82.052, 19.587 ], [ 82.048, 19.599 ], [ 82.057, 19.609 ], [ 82.053, 19.622 ], [ 82.063, 19.632 ], [ 82.058, 19.644 ], [ 82.045, 19.647 ], [ 82.041, 19.659 ], [ 82.05, 19.669 ], [ 82.046, 19.682 ], [ 82.056, 19.692 ], [ 82.051, 19.704 ], [ 82.061, 19.714 ], [ 82.057, 19.726 ], [ 82.043, 19.729 ], [ 82.039, 19.741 ], [ 82.049, 19.751 ], [ 82.062, 19.749 ], [ 82.071, 19.759 ], [ 82.067, 19.771 ], [ 82.077, 19.781 ], [ 82.072, 19.794 ], [ 82.059, 19.796 ], [ 82.05, 19.786 ], [ 82.036, 19.788 ], [ 82.032, 19.801 ], [ 82.019, 19.803 ], [ 82.009, 19.793 ], [ 81.996, 19.795 ], [ 81.992, 19.808 ], [ 81.979, 19.81 ], [ 81.974, 19.823 ], [ 81.961, 19.825 ], [ 81.957, 19.837 ], [ 81.966, 19.847 ], [ 81.962, 19.86 ], [ 81.949, 19.862 ], [ 81.945, 19.874 ], [ 81.931, 19.877 ], [ 81.927, 19.889 ], [ 81.914, 19.892 ], [ 81.904, 19.881 ], [ 81.891, 19.884 ], [ 81.887, 19.896 ], [ 81.874, 19.899 ], [ 81.87, 19.911 ], [ 81.856, 19.913 ], [ 81.852, 19.926 ], [ 81.861, 19.936 ], [ 81.857, 19.948 ], [ 81.844, 19.95 ], [ 81.84, 19.963 ], [ 81.849, 19.973 ], [ 81.845, 19.985 ], [ 81.854, 19.995 ], [ 81.85, 20.007 ], [ 81.86, 20.017 ], [ 81.855, 20.03 ], [ 81.865, 20.04 ], [ 81.878, 20.037 ], [ 81.887, 20.048 ], [ 81.901, 20.045 ], [ 81.91, 20.055 ], [ 81.906, 20.068 ], [ 81.915, 20.078 ], [ 81.929, 20.075 ], [ 81.938, 20.085 ], [ 81.934, 20.098 ], [ 81.943, 20.108 ], [ 81.957, 20.105 ], [ 81.961, 20.093 ], [ 81.974, 20.091 ], [ 81.978, 20.078 ], [ 81.992, 20.076 ], [ 81.996, 20.063 ], [ 82.009, 20.061 ], [ 82.013, 20.049 ], [ 82.027, 20.046 ], [ 82.031, 20.034 ], [ 82.044, 20.032 ], [ 82.054, 20.042 ], [ 82.067, 20.039 ], [ 82.076, 20.049 ], [ 82.09, 20.047 ], [ 82.094, 20.035 ], [ 82.107, 20.032 ], [ 82.111, 20.02 ], [ 82.125, 20.018 ], [ 82.134, 20.028 ], [ 82.148, 20.025 ], [ 82.152, 20.013 ], [ 82.165, 20.01 ], [ 82.169, 19.998 ], [ 82.183, 19.996 ], [ 82.187, 19.983 ], [ 82.2, 19.981 ], [ 82.21, 19.991 ], [ 82.223, 19.989 ], [ 82.232, 19.999 ], [ 82.246, 19.996 ], [ 82.25, 19.984 ], [ 82.263, 19.981 ], [ 82.267, 19.969 ], [ 82.281, 19.967 ], [ 82.285, 19.954 ], [ 82.276, 19.944 ], [ 82.28, 19.932 ], [ 82.293, 19.93 ], [ 82.297, 19.917 ], [ 82.288, 19.907 ], [ 82.292, 19.895 ], [ 82.305, 19.892 ], [ 82.309, 19.88 ], [ 82.323, 19.878 ], [ 82.327, 19.865 ], [ 82.318, 19.855 ], [ 82.322, 19.843 ], [ 82.335, 19.84 ], [ 82.345, 19.85 ], [ 82.358, 19.848 ], [ 82.367, 19.858 ], [ 82.381, 19.856 ], [ 82.39, 19.866 ], [ 82.386, 19.878 ], [ 82.395, 19.888 ], [ 82.409, 19.886 ], [ 82.418, 19.896 ], [ 82.432, 19.893 ], [ 82.441, 19.903 ], [ 82.455, 19.901 ], [ 82.464, 19.911 ], [ 82.477, 19.908 ], [ 82.481, 19.896 ], [ 82.495, 19.894 ], [ 82.504, 19.904 ], [ 82.518, 19.901 ], [ 82.522, 19.889 ], [ 82.535, 19.886 ], [ 82.539, 19.874 ], [ 82.553, 19.872 ], [ 82.562, 19.882 ], [ 82.576, 19.879 ], [ 82.58, 19.867 ], [ 82.593, 19.864 ], [ 82.597, 19.852 ], [ 82.588, 19.842 ], [ 82.575, 19.844 ], [ 82.565, 19.834 ], [ 82.569, 19.822 ], [ 82.583, 19.82 ], [ 82.587, 19.807 ], [ 82.577, 19.797 ], [ 82.581, 19.785 ], [ 82.595, 19.782 ], [ 82.604, 19.792 ], [ 82.618, 19.79 ], [ 82.627, 19.8 ], [ 82.641, 19.797 ], [ 82.65, 19.807 ], [ 82.646, 19.82 ], [ 82.655, 19.83 ], [ 82.669, 19.827 ], [ 82.678, 19.837 ], [ 82.692, 19.835 ], [ 82.701, 19.845 ], [ 82.715, 19.843 ], [ 82.724, 19.853 ], [ 82.72, 19.865 ], [ 82.729, 19.875 ], [ 82.725, 19.887 ], [ 82.712, 19.89 ], [ 82.708, 19.902 ], [ 82.717, 19.912 ], [ 82.713, 19.925 ], [ 82.722, 19.935 ], [ 82.718, 19.947 ], [ 82.728, 19.957 ], [ 82.724, 19.97 ], [ 82.71, 19.972 ], [ 82.706, 19.984 ], [ 82.715, 19.994 ], [ 82.711, 20.007 ], [ 82.698, 20.009 ], [ 82.688, 19.999 ], [ 82.675, 20.002 ], [ 82.666, 19.992 ], [ 82.652, 19.994 ], [ 82.648, 20.007 ], [ 82.635, 20.009 ], [ 82.625, 19.999 ], [ 82.612, 20.001 ], [ 82.602, 19.991 ], [ 82.589, 19.994 ], [ 82.585, 20.006 ], [ 82.571, 20.009 ], [ 82.567, 20.021 ], [ 82.554, 20.023 ], [ 82.544, 20.013 ], [ 82.531, 20.016 ], [ 82.521, 20.006 ], [ 82.508, 20.008 ], [ 82.504, 20.021 ], [ 82.49, 20.023 ], [ 82.486, 20.035 ], [ 82.473, 20.038 ], [ 82.463, 20.028 ], [ 82.45, 20.03 ], [ 82.446, 20.042 ], [ 82.432, 20.045 ], [ 82.428, 20.057 ], [ 82.415, 20.06 ], [ 82.406, 20.05 ], [ 82.392, 20.052 ], [ 82.388, 20.064 ], [ 82.397, 20.074 ], [ 82.393, 20.087 ], [ 82.403, 20.097 ], [ 82.399, 20.109 ], [ 82.408, 20.119 ], [ 82.404, 20.132 ], [ 82.39, 20.134 ], [ 82.386, 20.146 ], [ 82.396, 20.156 ], [ 82.392, 20.169 ], [ 82.401, 20.179 ], [ 82.414, 20.176 ], [ 82.424, 20.186 ], [ 82.42, 20.199 ], [ 82.429, 20.209 ], [ 82.425, 20.221 ], [ 82.412, 20.224 ], [ 82.407, 20.236 ], [ 82.417, 20.246 ], [ 82.413, 20.258 ], [ 82.422, 20.268 ], [ 82.418, 20.281 ], [ 82.427, 20.291 ], [ 82.423, 20.303 ], [ 82.433, 20.313 ], [ 82.429, 20.325 ], [ 82.415, 20.328 ], [ 82.411, 20.34 ], [ 82.398, 20.342 ], [ 82.393, 20.355 ], [ 82.403, 20.365 ], [ 82.416, 20.362 ], [ 82.426, 20.372 ], [ 82.422, 20.385 ], [ 82.431, 20.395 ], [ 82.427, 20.407 ], [ 82.436, 20.417 ], [ 82.432, 20.43 ], [ 82.442, 20.44 ], [ 82.438, 20.452 ], [ 82.424, 20.454 ], [ 82.42, 20.467 ], [ 82.406, 20.469 ], [ 82.402, 20.481 ], [ 82.389, 20.484 ], [ 82.385, 20.496 ], [ 82.394, 20.506 ], [ 82.39, 20.518 ], [ 82.377, 20.521 ], [ 82.373, 20.533 ], [ 82.359, 20.535 ], [ 82.355, 20.548 ], [ 82.341, 20.55 ], [ 82.337, 20.562 ], [ 82.347, 20.572 ], [ 82.343, 20.585 ], [ 82.352, 20.595 ], [ 82.348, 20.607 ], [ 82.357, 20.617 ], [ 82.371, 20.615 ], [ 82.38, 20.625 ], [ 82.376, 20.637 ], [ 82.363, 20.639 ], [ 82.359, 20.652 ], [ 82.368, 20.662 ], [ 82.364, 20.674 ], [ 82.35, 20.676 ], [ 82.346, 20.689 ], [ 82.356, 20.699 ], [ 82.352, 20.711 ], [ 82.361, 20.721 ], [ 82.357, 20.733 ], [ 82.343, 20.736 ], [ 82.339, 20.748 ], [ 82.349, 20.758 ], [ 82.345, 20.77 ], [ 82.354, 20.78 ], [ 82.35, 20.793 ], [ 82.336, 20.795 ], [ 82.332, 20.807 ], [ 82.342, 20.817 ], [ 82.338, 20.83 ], [ 82.347, 20.84 ], [ 82.343, 20.852 ], [ 82.352, 20.862 ], [ 82.348, 20.874 ], [ 82.358, 20.884 ], [ 82.371, 20.882 ], [ 82.375, 20.87 ], [ 82.389, 20.867 ], [ 82.398, 20.877 ], [ 82.412, 20.875 ], [ 82.416, 20.863 ], [ 82.406, 20.853 ], [ 82.41, 20.84 ], [ 82.424, 20.838 ], [ 82.428, 20.826 ], [ 82.441, 20.823 ], [ 82.451, 20.833 ], [ 82.464, 20.831 ], [ 82.474, 20.841 ], [ 82.47, 20.853 ], [ 82.479, 20.863 ], [ 82.493, 20.861 ], [ 82.502, 20.871 ], [ 82.498, 20.883 ], [ 82.484, 20.886 ], [ 82.48, 20.898 ], [ 82.49, 20.908 ], [ 82.503, 20.906 ], [ 82.513, 20.915 ], [ 82.508, 20.928 ], [ 82.518, 20.938 ], [ 82.531, 20.935 ], [ 82.541, 20.945 ], [ 82.554, 20.943 ], [ 82.564, 20.953 ], [ 82.56, 20.965 ], [ 82.569, 20.975 ], [ 82.583, 20.973 ], [ 82.592, 20.983 ], [ 82.588, 20.995 ], [ 82.597, 21.005 ], [ 82.611, 21.003 ], [ 82.62, 21.013 ], [ 82.616, 21.025 ], [ 82.626, 21.035 ], [ 82.622, 21.048 ], [ 82.608, 21.05 ], [ 82.604, 21.062 ], [ 82.613, 21.072 ], [ 82.627, 21.07 ], [ 82.636, 21.08 ], [ 82.632, 21.092 ], [ 82.642, 21.102 ], [ 82.638, 21.114 ], [ 82.647, 21.124 ], [ 82.643, 21.137 ], [ 82.652, 21.147 ], [ 82.666, 21.144 ], [ 82.675, 21.154 ], [ 82.689, 21.152 ], [ 82.698, 21.162 ], [ 82.712, 21.16 ], [ 82.721, 21.17 ], [ 82.735, 21.167 ], [ 82.739, 21.155 ], [ 82.752, 21.153 ], [ 82.762, 21.163 ], [ 82.775, 21.16 ], [ 82.779, 21.148 ], [ 82.793, 21.146 ], [ 82.802, 21.156 ], [ 82.816, 21.153 ], [ 82.825, 21.163 ], [ 82.839, 21.161 ], [ 82.849, 21.171 ], [ 82.862, 21.168 ], [ 82.866, 21.156 ], [ 82.88, 21.154 ], [ 82.889, 21.164 ], [ 82.903, 21.161 ], [ 82.912, 21.171 ], [ 82.926, 21.169 ], [ 82.935, 21.179 ], [ 82.949, 21.177 ], [ 82.958, 21.187 ], [ 82.972, 21.184 ], [ 82.976, 21.172 ], [ 82.989, 21.17 ], [ 82.994, 21.157 ], [ 82.984, 21.147 ], [ 82.988, 21.135 ], [ 83.002, 21.133 ], [ 83.011, 21.143 ], [ 83.025, 21.14 ], [ 83.029, 21.128 ], [ 83.042, 21.126 ], [ 83.047, 21.113 ], [ 83.06, 21.111 ], [ 83.07, 21.121 ], [ 83.083, 21.118 ], [ 83.087, 21.106 ], [ 83.101, 21.104 ], [ 83.11, 21.114 ], [ 83.124, 21.111 ], [ 83.133, 21.121 ], [ 83.147, 21.119 ], [ 83.156, 21.129 ], [ 83.17, 21.126 ], [ 83.18, 21.136 ], [ 83.193, 21.134 ], [ 83.203, 21.144 ], [ 83.199, 21.156 ], [ 83.208, 21.166 ], [ 83.204, 21.179 ], [ 83.213, 21.189 ], [ 83.209, 21.201 ], [ 83.219, 21.211 ], [ 83.215, 21.223 ], [ 83.224, 21.233 ], [ 83.22, 21.246 ], [ 83.23, 21.256 ], [ 83.226, 21.268 ], [ 83.235, 21.278 ], [ 83.249, 21.275 ], [ 83.258, 21.285 ], [ 83.272, 21.283 ], [ 83.281, 21.293 ], [ 83.277, 21.305 ], [ 83.264, 21.308 ], [ 83.259, 21.32 ], [ 83.269, 21.33 ], [ 83.265, 21.342 ], [ 83.274, 21.352 ], [ 83.27, 21.365 ], [ 83.28, 21.375 ], [ 83.293, 21.372 ], [ 83.303, 21.382 ], [ 83.317, 21.38 ], [ 83.321, 21.367 ], [ 83.334, 21.365 ], [ 83.338, 21.353 ], [ 83.352, 21.35 ], [ 83.361, 21.36 ], [ 83.375, 21.358 ], [ 83.379, 21.346 ], [ 83.393, 21.343 ], [ 83.402, 21.353 ], [ 83.398, 21.366 ], [ 83.408, 21.375 ], [ 83.404, 21.388 ], [ 83.39, 21.39 ], [ 83.386, 21.403 ], [ 83.395, 21.412 ], [ 83.391, 21.425 ], [ 83.378, 21.427 ], [ 83.374, 21.44 ], [ 83.36, 21.442 ], [ 83.356, 21.454 ], [ 83.342, 21.457 ], [ 83.338, 21.469 ], [ 83.348, 21.479 ], [ 83.344, 21.491 ], [ 83.353, 21.501 ], [ 83.349, 21.513 ], [ 83.359, 21.523 ], [ 83.354, 21.536 ], [ 83.364, 21.546 ], [ 83.36, 21.558 ], [ 83.369, 21.568 ], [ 83.365, 21.58 ], [ 83.375, 21.59 ], [ 83.371, 21.602 ], [ 83.38, 21.612 ], [ 83.394, 21.61 ], [ 83.403, 21.62 ], [ 83.399, 21.632 ], [ 83.409, 21.642 ], [ 83.422, 21.64 ], [ 83.432, 21.65 ], [ 83.428, 21.662 ], [ 83.437, 21.672 ], [ 83.433, 21.684 ], [ 83.443, 21.694 ], [ 83.457, 21.692 ], [ 83.466, 21.702 ], [ 83.462, 21.714 ], [ 83.471, 21.724 ], [ 83.485, 21.722 ], [ 83.495, 21.732 ], [ 83.491, 21.744 ], [ 83.477, 21.746 ], [ 83.473, 21.759 ], [ 83.482, 21.769 ], [ 83.478, 21.781 ], [ 83.488, 21.791 ], [ 83.484, 21.803 ], [ 83.493, 21.813 ], [ 83.507, 21.811 ], [ 83.511, 21.798 ], [ 83.525, 21.796 ], [ 83.534, 21.806 ], [ 83.53, 21.818 ], [ 83.54, 21.828 ], [ 83.536, 21.841 ], [ 83.545, 21.851 ], [ 83.559, 21.848 ], [ 83.563, 21.836 ], [ 83.577, 21.833 ], [ 83.586, 21.843 ], [ 83.582, 21.856 ], [ 83.592, 21.866 ], [ 83.587, 21.878 ], [ 83.574, 21.88 ], [ 83.57, 21.893 ], [ 83.579, 21.903 ], [ 83.593, 21.9 ], [ 83.602, 21.91 ], [ 83.598, 21.922 ], [ 83.585, 21.925 ], [ 83.581, 21.937 ], [ 83.567, 21.939 ], [ 83.563, 21.952 ], [ 83.549, 21.954 ], [ 83.545, 21.966 ], [ 83.531, 21.969 ], [ 83.527, 21.981 ], [ 83.537, 21.991 ], [ 83.551, 21.989 ], [ 83.56, 21.998 ], [ 83.556, 22.011 ], [ 83.542, 22.013 ], [ 83.538, 22.025 ], [ 83.548, 22.035 ], [ 83.544, 22.048 ], [ 83.553, 22.058 ], [ 83.567, 22.055 ], [ 83.576, 22.065 ], [ 83.59, 22.063 ], [ 83.6, 22.073 ], [ 83.596, 22.085 ], [ 83.582, 22.087 ], [ 83.578, 22.1 ], [ 83.564, 22.102 ], [ 83.56, 22.114 ], [ 83.57, 22.124 ], [ 83.583, 22.122 ], [ 83.593, 22.132 ], [ 83.589, 22.144 ], [ 83.598, 22.154 ], [ 83.612, 22.152 ], [ 83.622, 22.161 ], [ 83.617, 22.174 ], [ 83.627, 22.184 ], [ 83.623, 22.196 ], [ 83.632, 22.206 ], [ 83.628, 22.218 ], [ 83.638, 22.228 ], [ 83.652, 22.226 ], [ 83.661, 22.236 ], [ 83.675, 22.233 ], [ 83.684, 22.243 ], [ 83.698, 22.241 ], [ 83.708, 22.251 ], [ 83.721, 22.248 ], [ 83.725, 22.236 ], [ 83.739, 22.234 ], [ 83.749, 22.244 ], [ 83.762, 22.241 ], [ 83.772, 22.251 ], [ 83.768, 22.263 ], [ 83.778, 22.273 ], [ 83.791, 22.271 ], [ 83.801, 22.281 ], [ 83.797, 22.293 ], [ 83.783, 22.296 ], [ 83.779, 22.308 ], [ 83.765, 22.31 ], [ 83.761, 22.322 ], [ 83.771, 22.332 ], [ 83.767, 22.345 ], [ 83.753, 22.347 ], [ 83.749, 22.359 ], [ 83.735, 22.362 ], [ 83.731, 22.374 ], [ 83.717, 22.376 ], [ 83.708, 22.366 ], [ 83.694, 22.369 ], [ 83.69, 22.381 ], [ 83.676, 22.383 ], [ 83.672, 22.395 ], [ 83.658, 22.398 ], [ 83.654, 22.41 ], [ 83.641, 22.412 ], [ 83.637, 22.425 ], [ 83.623, 22.427 ], [ 83.619, 22.439 ], [ 83.605, 22.441 ], [ 83.601, 22.454 ], [ 83.587, 22.456 ], [ 83.583, 22.468 ], [ 83.569, 22.471 ], [ 83.565, 22.483 ], [ 83.575, 22.493 ], [ 83.589, 22.49 ], [ 83.598, 22.5 ], [ 83.594, 22.513 ], [ 83.604, 22.522 ], [ 83.6, 22.535 ], [ 83.586, 22.537 ], [ 83.582, 22.549 ], [ 83.568, 22.552 ], [ 83.559, 22.542 ], [ 83.563, 22.529 ], [ 83.553, 22.52 ], [ 83.539, 22.522 ], [ 83.53, 22.512 ], [ 83.516, 22.514 ], [ 83.507, 22.504 ], [ 83.493, 22.507 ], [ 83.483, 22.497 ], [ 83.47, 22.499 ], [ 83.466, 22.511 ], [ 83.452, 22.514 ], [ 83.448, 22.526 ], [ 83.434, 22.528 ], [ 83.43, 22.54 ], [ 83.416, 22.543 ], [ 83.412, 22.555 ], [ 83.398, 22.557 ], [ 83.394, 22.569 ], [ 83.404, 22.579 ], [ 83.4, 22.591 ], [ 83.409, 22.601 ], [ 83.405, 22.614 ], [ 83.415, 22.624 ], [ 83.411, 22.636 ], [ 83.397, 22.638 ], [ 83.393, 22.65 ], [ 83.379, 22.653 ], [ 83.375, 22.665 ], [ 83.385, 22.675 ], [ 83.381, 22.687 ], [ 83.39, 22.697 ], [ 83.386, 22.709 ], [ 83.396, 22.719 ], [ 83.391, 22.731 ], [ 83.378, 22.733 ], [ 83.368, 22.723 ], [ 83.355, 22.726 ], [ 83.35, 22.738 ], [ 83.337, 22.74 ], [ 83.333, 22.752 ], [ 83.319, 22.755 ], [ 83.315, 22.767 ], [ 83.301, 22.769 ], [ 83.292, 22.759 ], [ 83.278, 22.761 ], [ 83.274, 22.774 ], [ 83.26, 22.776 ], [ 83.251, 22.766 ], [ 83.237, 22.768 ], [ 83.233, 22.78 ], [ 83.219, 22.783 ], [ 83.21, 22.773 ], [ 83.196, 22.775 ], [ 83.192, 22.787 ], [ 83.178, 22.79 ], [ 83.169, 22.78 ], [ 83.173, 22.767 ], [ 83.163, 22.758 ], [ 83.167, 22.745 ], [ 83.158, 22.735 ], [ 83.144, 22.738 ], [ 83.135, 22.728 ], [ 83.121, 22.73 ], [ 83.111, 22.72 ], [ 83.116, 22.708 ], [ 83.106, 22.698 ], [ 83.11, 22.686 ], [ 83.101, 22.676 ], [ 83.105, 22.664 ], [ 83.118, 22.662 ], [ 83.122, 22.649 ], [ 83.113, 22.639 ], [ 83.099, 22.642 ], [ 83.09, 22.632 ], [ 83.094, 22.62 ], [ 83.084, 22.61 ], [ 83.088, 22.598 ], [ 83.102, 22.595 ], [ 83.106, 22.583 ], [ 83.097, 22.573 ], [ 83.101, 22.561 ], [ 83.091, 22.551 ], [ 83.095, 22.539 ], [ 83.109, 22.537 ], [ 83.113, 22.524 ], [ 83.104, 22.514 ], [ 83.108, 22.502 ], [ 83.098, 22.492 ], [ 83.085, 22.495 ], [ 83.075, 22.485 ], [ 83.079, 22.473 ], [ 83.093, 22.47 ], [ 83.097, 22.458 ], [ 83.087, 22.448 ], [ 83.092, 22.436 ], [ 83.105, 22.434 ], [ 83.109, 22.421 ], [ 83.1, 22.412 ], [ 83.104, 22.399 ], [ 83.094, 22.389 ], [ 83.098, 22.377 ], [ 83.112, 22.375 ], [ 83.116, 22.363 ], [ 83.107, 22.353 ], [ 83.093, 22.355 ], [ 83.084, 22.345 ], [ 83.088, 22.333 ], [ 83.078, 22.323 ], [ 83.082, 22.311 ], [ 83.073, 22.301 ], [ 83.059, 22.303 ], [ 83.05, 22.293 ], [ 83.054, 22.281 ], [ 83.044, 22.271 ], [ 83.048, 22.259 ], [ 83.039, 22.249 ], [ 83.043, 22.237 ], [ 83.033, 22.227 ], [ 83.037, 22.215 ], [ 83.051, 22.212 ], [ 83.055, 22.2 ], [ 83.046, 22.19 ], [ 83.032, 22.192 ], [ 83.023, 22.182 ], [ 83.027, 22.17 ], [ 83.017, 22.16 ], [ 83.004, 22.163 ], [ 82.999, 22.175 ], [ 82.986, 22.177 ], [ 82.976, 22.167 ], [ 82.963, 22.169 ], [ 82.953, 22.16 ], [ 82.957, 22.147 ], [ 82.948, 22.137 ], [ 82.952, 22.125 ], [ 82.942, 22.115 ], [ 82.947, 22.103 ], [ 82.96, 22.101 ], [ 82.964, 22.088 ], [ 82.978, 22.086 ], [ 82.987, 22.096 ], [ 83.001, 22.094 ], [ 83.005, 22.082 ], [ 83.019, 22.079 ], [ 83.023, 22.067 ], [ 83.013, 22.057 ], [ 83.017, 22.045 ], [ 83.008, 22.035 ], [ 83.012, 22.023 ], [ 83.026, 22.02 ], [ 83.03, 22.008 ], [ 83.02, 21.998 ], [ 83.007, 22.001 ], [ 82.997, 21.991 ], [ 83.001, 21.978 ], [ 83.015, 21.976 ], [ 83.019, 21.964 ], [ 83.033, 21.961 ], [ 83.042, 21.971 ], [ 83.056, 21.969 ], [ 83.065, 21.979 ], [ 83.079, 21.977 ], [ 83.083, 21.964 ], [ 83.097, 21.962 ], [ 83.101, 21.95 ], [ 83.114, 21.948 ], [ 83.118, 21.935 ], [ 83.132, 21.933 ], [ 83.136, 21.921 ], [ 83.15, 21.918 ], [ 83.159, 21.928 ], [ 83.173, 21.926 ], [ 83.177, 21.914 ], [ 83.191, 21.911 ], [ 83.2, 21.921 ], [ 83.214, 21.919 ], [ 83.218, 21.907 ], [ 83.208, 21.897 ], [ 83.212, 21.885 ], [ 83.203, 21.875 ], [ 83.207, 21.862 ], [ 83.197, 21.852 ], [ 83.202, 21.84 ], [ 83.215, 21.838 ], [ 83.219, 21.826 ], [ 83.21, 21.816 ], [ 83.214, 21.803 ], [ 83.227, 21.801 ], [ 83.232, 21.789 ], [ 83.245, 21.786 ], [ 83.249, 21.774 ], [ 83.24, 21.764 ], [ 83.244, 21.752 ], [ 83.258, 21.75 ], [ 83.262, 21.737 ], [ 83.252, 21.727 ], [ 83.256, 21.715 ], [ 83.27, 21.713 ], [ 83.274, 21.7 ], [ 83.288, 21.698 ], [ 83.297, 21.708 ], [ 83.311, 21.706 ], [ 83.315, 21.693 ], [ 83.305, 21.683 ], [ 83.292, 21.686 ], [ 83.282, 21.676 ], [ 83.269, 21.678 ], [ 83.264, 21.69 ], [ 83.251, 21.693 ], [ 83.247, 21.705 ], [ 83.233, 21.707 ], [ 83.224, 21.697 ], [ 83.21, 21.7 ], [ 83.206, 21.712 ], [ 83.192, 21.714 ], [ 83.183, 21.704 ], [ 83.169, 21.707 ], [ 83.165, 21.719 ], [ 83.151, 21.721 ], [ 83.142, 21.712 ], [ 83.128, 21.714 ], [ 83.124, 21.726 ], [ 83.111, 21.728 ], [ 83.101, 21.719 ], [ 83.087, 21.721 ], [ 83.078, 21.711 ], [ 83.064, 21.713 ], [ 83.06, 21.725 ], [ 83.047, 21.728 ], [ 83.043, 21.74 ], [ 83.029, 21.742 ], [ 83.019, 21.732 ], [ 83.006, 21.735 ], [ 82.996, 21.725 ], [ 82.983, 21.727 ], [ 82.973, 21.717 ], [ 82.96, 21.72 ], [ 82.956, 21.732 ], [ 82.942, 21.734 ], [ 82.933, 21.724 ], [ 82.937, 21.712 ], [ 82.927, 21.702 ], [ 82.914, 21.704 ], [ 82.904, 21.694 ], [ 82.89, 21.697 ], [ 82.881, 21.687 ], [ 82.867, 21.689 ], [ 82.863, 21.701 ], [ 82.85, 21.704 ], [ 82.846, 21.716 ], [ 82.832, 21.718 ], [ 82.823, 21.708 ], [ 82.809, 21.71 ], [ 82.805, 21.723 ], [ 82.791, 21.725 ], [ 82.782, 21.715 ], [ 82.768, 21.717 ], [ 82.764, 21.73 ], [ 82.751, 21.732 ], [ 82.741, 21.722 ], [ 82.728, 21.724 ], [ 82.718, 21.714 ], [ 82.705, 21.717 ], [ 82.7, 21.729 ], [ 82.687, 21.731 ], [ 82.677, 21.721 ], [ 82.664, 21.724 ], [ 82.654, 21.714 ], [ 82.641, 21.716 ], [ 82.637, 21.728 ], [ 82.623, 21.73 ], [ 82.614, 21.72 ], [ 82.6, 21.723 ], [ 82.591, 21.713 ], [ 82.577, 21.715 ], [ 82.573, 21.727 ], [ 82.56, 21.73 ], [ 82.555, 21.742 ], [ 82.542, 21.744 ], [ 82.532, 21.734 ], [ 82.519, 21.736 ], [ 82.509, 21.726 ], [ 82.496, 21.729 ], [ 82.486, 21.719 ], [ 82.473, 21.721 ], [ 82.469, 21.733 ], [ 82.455, 21.736 ], [ 82.451, 21.748 ], [ 82.438, 21.75 ], [ 82.428, 21.74 ], [ 82.432, 21.728 ], [ 82.423, 21.718 ], [ 82.409, 21.72 ], [ 82.4, 21.71 ], [ 82.386, 21.712 ], [ 82.377, 21.703 ], [ 82.363, 21.705 ], [ 82.359, 21.717 ], [ 82.346, 21.719 ], [ 82.336, 21.709 ], [ 82.323, 21.712 ], [ 82.319, 21.724 ], [ 82.305, 21.726 ], [ 82.301, 21.738 ], [ 82.288, 21.741 ], [ 82.283, 21.753 ], [ 82.27, 21.755 ], [ 82.26, 21.745 ], [ 82.247, 21.747 ], [ 82.243, 21.76 ], [ 82.229, 21.762 ], [ 82.22, 21.752 ], [ 82.206, 21.754 ], [ 82.202, 21.766 ], [ 82.189, 21.768 ], [ 82.185, 21.781 ], [ 82.194, 21.791 ], [ 82.19, 21.803 ], [ 82.176, 21.805 ], [ 82.172, 21.817 ], [ 82.182, 21.827 ], [ 82.178, 21.839 ], [ 82.164, 21.842 ], [ 82.155, 21.832 ], [ 82.141, 21.834 ], [ 82.132, 21.824 ], [ 82.118, 21.826 ], [ 82.114, 21.838 ], [ 82.101, 21.841 ], [ 82.097, 21.853 ], [ 82.083, 21.855 ], [ 82.079, 21.867 ], [ 82.065, 21.87 ], [ 82.061, 21.882 ], [ 82.048, 21.884 ], [ 82.038, 21.874 ], [ 82.025, 21.876 ], [ 82.015, 21.866 ], [ 82.02, 21.854 ], [ 82.01, 21.844 ], [ 81.997, 21.846 ], [ 81.993, 21.859 ] ] ], [ [ [ 83.469, 21.655 ], [ 83.455, 21.657 ], [ 83.446, 21.647 ], [ 83.45, 21.635 ], [ 83.44, 21.625 ], [ 83.444, 21.613 ], [ 83.458, 21.611 ], [ 83.467, 21.62 ], [ 83.481, 21.618 ], [ 83.491, 21.628 ], [ 83.487, 21.64 ], [ 83.473, 21.643 ], [ 83.469, 21.655 ] ] ] ] } },
{ "type": "Feature", "properties": { "POLYGON.ID": 92.0, "subregion": "India--Chhattisgarh--South_CL30864", "FILTER": "Chhattisgarh", "POLYGON": "India--Chhattisgarh--South_CL30864", "COUNTY": "spl_region", "STATE": "Chhattisgarh", "OWNER": null }, "geometry": { "type": "MultiPolygon", "coordinates": [ [ [ [ 80.556, 19.406 ], [ 80.546, 19.396 ], [ 80.551, 19.384 ], [ 80.541, 19.374 ], [ 80.528, 19.376 ], [ 80.519, 19.366 ], [ 80.523, 19.354 ], [ 80.514, 19.344 ], [ 80.501, 19.346 ], [ 80.492, 19.336 ], [ 80.478, 19.338 ], [ 80.469, 19.328 ], [ 80.473, 19.316 ], [ 80.464, 19.306 ], [ 80.468, 19.294 ], [ 80.459, 19.284 ], [ 80.463, 19.271 ], [ 80.454, 19.261 ], [ 80.441, 19.264 ], [ 80.432, 19.253 ], [ 80.419, 19.256 ], [ 80.409, 19.246 ], [ 80.396, 19.248 ], [ 80.387, 19.238 ], [ 80.391, 19.226 ], [ 80.382, 19.216 ], [ 80.386, 19.203 ], [ 80.399, 19.201 ], [ 80.404, 19.189 ], [ 80.394, 19.179 ], [ 80.381, 19.181 ], [ 80.372, 19.171 ], [ 80.359, 19.173 ], [ 80.35, 19.163 ], [ 80.354, 19.151 ], [ 80.345, 19.141 ], [ 80.332, 19.143 ], [ 80.322, 19.133 ], [ 80.327, 19.121 ], [ 80.34, 19.118 ], [ 80.344, 19.106 ], [ 80.335, 19.096 ], [ 80.339, 19.084 ], [ 80.33, 19.074 ], [ 80.316, 19.076 ], [ 80.307, 19.066 ], [ 80.311, 19.054 ], [ 80.302, 19.044 ], [ 80.306, 19.031 ], [ 80.297, 19.021 ], [ 80.301, 19.009 ], [ 80.292, 18.999 ], [ 80.279, 19.001 ], [ 80.27, 18.991 ], [ 80.274, 18.979 ], [ 80.265, 18.969 ], [ 80.269, 18.956 ], [ 80.26, 18.946 ], [ 80.264, 18.934 ], [ 80.277, 18.932 ], [ 80.281, 18.919 ], [ 80.295, 18.917 ], [ 80.299, 18.905 ], [ 80.312, 18.903 ], [ 80.316, 18.89 ], [ 80.329, 18.888 ], [ 80.333, 18.876 ], [ 80.346, 18.873 ], [ 80.35, 18.861 ], [ 80.341, 18.851 ], [ 80.345, 18.839 ], [ 80.359, 18.836 ], [ 80.363, 18.824 ], [ 80.354, 18.814 ], [ 80.34, 18.816 ], [ 80.331, 18.806 ], [ 80.318, 18.808 ], [ 80.309, 18.798 ], [ 80.296, 18.801 ], [ 80.287, 18.791 ], [ 80.291, 18.778 ], [ 80.282, 18.768 ], [ 80.269, 18.771 ], [ 80.259, 18.761 ], [ 80.264, 18.748 ], [ 80.254, 18.738 ], [ 80.259, 18.726 ], [ 80.272, 18.723 ], [ 80.276, 18.711 ], [ 80.289, 18.709 ], [ 80.293, 18.696 ], [ 80.306, 18.694 ], [ 80.31, 18.682 ], [ 80.301, 18.672 ], [ 80.305, 18.659 ], [ 80.318, 18.657 ], [ 80.323, 18.645 ], [ 80.313, 18.635 ], [ 80.318, 18.622 ], [ 80.331, 18.62 ], [ 80.335, 18.608 ], [ 80.348, 18.605 ], [ 80.352, 18.593 ], [ 80.365, 18.591 ], [ 80.374, 18.601 ], [ 80.387, 18.598 ], [ 80.397, 18.608 ], [ 80.41, 18.606 ], [ 80.419, 18.616 ], [ 80.432, 18.614 ], [ 80.441, 18.624 ], [ 80.454, 18.622 ], [ 80.463, 18.632 ], [ 80.477, 18.629 ], [ 80.486, 18.639 ], [ 80.499, 18.637 ], [ 80.503, 18.625 ], [ 80.516, 18.622 ], [ 80.52, 18.61 ], [ 80.533, 18.608 ], [ 80.538, 18.595 ], [ 80.551, 18.593 ], [ 80.555, 18.581 ], [ 80.568, 18.578 ], [ 80.572, 18.566 ], [ 80.585, 18.563 ], [ 80.589, 18.551 ], [ 80.603, 18.549 ], [ 80.607, 18.536 ], [ 80.62, 18.534 ], [ 80.624, 18.522 ], [ 80.637, 18.519 ], [ 80.641, 18.507 ], [ 80.632, 18.497 ], [ 80.636, 18.484 ], [ 80.649, 18.482 ], [ 80.653, 18.47 ], [ 80.667, 18.467 ], [ 80.671, 18.455 ], [ 80.684, 18.453 ], [ 80.688, 18.44 ], [ 80.701, 18.438 ], [ 80.705, 18.425 ], [ 80.719, 18.423 ], [ 80.723, 18.411 ], [ 80.736, 18.408 ], [ 80.74, 18.396 ], [ 80.731, 18.386 ], [ 80.735, 18.373 ], [ 80.726, 18.363 ], [ 80.73, 18.351 ], [ 80.743, 18.349 ], [ 80.747, 18.336 ], [ 80.738, 18.326 ], [ 80.742, 18.314 ], [ 80.755, 18.311 ], [ 80.759, 18.299 ], [ 80.772, 18.297 ], [ 80.777, 18.284 ], [ 80.767, 18.274 ], [ 80.771, 18.262 ], [ 80.785, 18.259 ], [ 80.789, 18.247 ], [ 80.78, 18.237 ], [ 80.766, 18.239 ], [ 80.757, 18.229 ], [ 80.744, 18.232 ], [ 80.735, 18.222 ], [ 80.739, 18.209 ], [ 80.73, 18.199 ], [ 80.734, 18.187 ], [ 80.747, 18.184 ], [ 80.751, 18.172 ], [ 80.764, 18.169 ], [ 80.774, 18.18 ], [ 80.787, 18.177 ], [ 80.791, 18.165 ], [ 80.804, 18.162 ], [ 80.813, 18.172 ], [ 80.809, 18.185 ], [ 80.818, 18.195 ], [ 80.814, 18.207 ], [ 80.823, 18.217 ], [ 80.819, 18.23 ], [ 80.828, 18.24 ], [ 80.842, 18.237 ], [ 80.851, 18.247 ], [ 80.864, 18.245 ], [ 80.868, 18.233 ], [ 80.859, 18.223 ], [ 80.863, 18.21 ], [ 80.854, 18.2 ], [ 80.858, 18.188 ], [ 80.849, 18.178 ], [ 80.853, 18.165 ], [ 80.866, 18.163 ], [ 80.87, 18.15 ], [ 80.883, 18.148 ], [ 80.887, 18.136 ], [ 80.901, 18.133 ], [ 80.91, 18.143 ], [ 80.923, 18.141 ], [ 80.932, 18.151 ], [ 80.945, 18.148 ], [ 80.955, 18.159 ], [ 80.95, 18.171 ], [ 80.96, 18.181 ], [ 80.973, 18.179 ], [ 80.977, 18.166 ], [ 80.968, 18.156 ], [ 80.972, 18.144 ], [ 80.963, 18.134 ], [ 80.967, 18.121 ], [ 80.958, 18.111 ], [ 80.962, 18.099 ], [ 80.952, 18.089 ], [ 80.957, 18.076 ], [ 80.97, 18.074 ], [ 80.974, 18.061 ], [ 80.965, 18.051 ], [ 80.969, 18.039 ], [ 80.982, 18.036 ], [ 80.986, 18.024 ], [ 80.977, 18.014 ], [ 80.981, 18.001 ], [ 80.972, 17.991 ], [ 80.976, 17.979 ], [ 80.989, 17.977 ], [ 80.993, 17.964 ], [ 80.984, 17.954 ], [ 80.988, 17.942 ], [ 81.001, 17.939 ], [ 81.005, 17.927 ], [ 80.996, 17.917 ], [ 81.0, 17.904 ], [ 80.991, 17.894 ], [ 80.995, 17.882 ], [ 80.986, 17.872 ], [ 80.99, 17.859 ], [ 81.003, 17.857 ], [ 81.007, 17.844 ], [ 80.998, 17.834 ], [ 81.002, 17.822 ], [ 80.993, 17.812 ], [ 80.997, 17.799 ], [ 81.01, 17.797 ], [ 81.015, 17.784 ], [ 81.028, 17.782 ], [ 81.037, 17.792 ], [ 81.05, 17.789 ], [ 81.054, 17.777 ], [ 81.067, 17.775 ], [ 81.077, 17.785 ], [ 81.09, 17.782 ], [ 81.099, 17.792 ], [ 81.095, 17.805 ], [ 81.104, 17.815 ], [ 81.117, 17.812 ], [ 81.126, 17.822 ], [ 81.122, 17.835 ], [ 81.132, 17.845 ], [ 81.145, 17.842 ], [ 81.154, 17.853 ], [ 81.167, 17.85 ], [ 81.176, 17.86 ], [ 81.19, 17.858 ], [ 81.194, 17.845 ], [ 81.207, 17.843 ], [ 81.211, 17.83 ], [ 81.224, 17.828 ], [ 81.233, 17.838 ], [ 81.247, 17.835 ], [ 81.251, 17.823 ], [ 81.264, 17.821 ], [ 81.268, 17.808 ], [ 81.281, 17.806 ], [ 81.29, 17.816 ], [ 81.304, 17.813 ], [ 81.313, 17.823 ], [ 81.326, 17.821 ], [ 81.33, 17.808 ], [ 81.343, 17.806 ], [ 81.353, 17.816 ], [ 81.366, 17.813 ], [ 81.37, 17.801 ], [ 81.383, 17.798 ], [ 81.392, 17.809 ], [ 81.388, 17.821 ], [ 81.397, 17.831 ], [ 81.393, 17.844 ], [ 81.403, 17.854 ], [ 81.399, 17.866 ], [ 81.408, 17.876 ], [ 81.404, 17.889 ], [ 81.413, 17.899 ], [ 81.426, 17.896 ], [ 81.43, 17.884 ], [ 81.443, 17.881 ], [ 81.453, 17.891 ], [ 81.449, 17.904 ], [ 81.458, 17.914 ], [ 81.454, 17.926 ], [ 81.463, 17.936 ], [ 81.459, 17.949 ], [ 81.468, 17.959 ], [ 81.464, 17.972 ], [ 81.473, 17.982 ], [ 81.469, 17.994 ], [ 81.478, 18.004 ], [ 81.474, 18.017 ], [ 81.483, 18.027 ], [ 81.479, 18.039 ], [ 81.489, 18.049 ], [ 81.485, 18.062 ], [ 81.494, 18.072 ], [ 81.49, 18.084 ], [ 81.499, 18.094 ], [ 81.512, 18.092 ], [ 81.521, 18.102 ], [ 81.517, 18.114 ], [ 81.527, 18.124 ], [ 81.522, 18.137 ], [ 81.532, 18.147 ], [ 81.528, 18.159 ], [ 81.514, 18.162 ], [ 81.51, 18.174 ], [ 81.52, 18.184 ], [ 81.515, 18.197 ], [ 81.525, 18.207 ], [ 81.521, 18.219 ], [ 81.53, 18.229 ], [ 81.526, 18.242 ], [ 81.535, 18.252 ], [ 81.531, 18.264 ], [ 81.54, 18.275 ], [ 81.553, 18.272 ], [ 81.563, 18.282 ], [ 81.576, 18.28 ], [ 81.585, 18.29 ], [ 81.581, 18.302 ], [ 81.59, 18.312 ], [ 81.604, 18.31 ], [ 81.613, 18.32 ], [ 81.626, 18.317 ], [ 81.635, 18.327 ], [ 81.649, 18.325 ], [ 81.658, 18.335 ], [ 81.654, 18.348 ], [ 81.663, 18.358 ], [ 81.676, 18.355 ], [ 81.68, 18.343 ], [ 81.694, 18.34 ], [ 81.703, 18.35 ], [ 81.716, 18.348 ], [ 81.726, 18.358 ], [ 81.739, 18.355 ], [ 81.748, 18.365 ], [ 81.744, 18.378 ], [ 81.753, 18.388 ], [ 81.767, 18.386 ], [ 81.776, 18.396 ], [ 81.772, 18.408 ], [ 81.781, 18.418 ], [ 81.777, 18.431 ], [ 81.786, 18.441 ], [ 81.8, 18.438 ], [ 81.809, 18.448 ], [ 81.805, 18.461 ], [ 81.814, 18.471 ], [ 81.827, 18.468 ], [ 81.837, 18.478 ], [ 81.85, 18.476 ], [ 81.859, 18.486 ], [ 81.855, 18.498 ], [ 81.864, 18.508 ], [ 81.86, 18.521 ], [ 81.87, 18.531 ], [ 81.883, 18.529 ], [ 81.892, 18.539 ], [ 81.906, 18.536 ], [ 81.915, 18.546 ], [ 81.911, 18.559 ], [ 81.92, 18.569 ], [ 81.933, 18.566 ], [ 81.943, 18.576 ], [ 81.956, 18.574 ], [ 81.965, 18.584 ], [ 81.961, 18.596 ], [ 81.948, 18.599 ], [ 81.944, 18.611 ], [ 81.93, 18.614 ], [ 81.926, 18.626 ], [ 81.913, 18.629 ], [ 81.909, 18.641 ], [ 81.896, 18.644 ], [ 81.892, 18.656 ], [ 81.901, 18.666 ], [ 81.914, 18.664 ], [ 81.918, 18.651 ], [ 81.932, 18.649 ], [ 81.941, 18.659 ], [ 81.954, 18.656 ], [ 81.964, 18.666 ], [ 81.959, 18.679 ], [ 81.969, 18.689 ], [ 81.965, 18.701 ], [ 81.974, 18.711 ], [ 81.987, 18.709 ], [ 81.997, 18.719 ], [ 82.01, 18.717 ], [ 82.019, 18.727 ], [ 82.033, 18.724 ], [ 82.042, 18.734 ], [ 82.055, 18.732 ], [ 82.059, 18.719 ], [ 82.073, 18.717 ], [ 82.082, 18.727 ], [ 82.078, 18.739 ], [ 82.087, 18.749 ], [ 82.083, 18.762 ], [ 82.092, 18.772 ], [ 82.106, 18.769 ], [ 82.115, 18.779 ], [ 82.129, 18.777 ], [ 82.138, 18.787 ], [ 82.151, 18.785 ], [ 82.161, 18.795 ], [ 82.156, 18.807 ], [ 82.166, 18.817 ], [ 82.162, 18.83 ], [ 82.171, 18.84 ], [ 82.167, 18.852 ], [ 82.176, 18.862 ], [ 82.172, 18.875 ], [ 82.181, 18.885 ], [ 82.177, 18.897 ], [ 82.187, 18.907 ], [ 82.2, 18.905 ], [ 82.209, 18.915 ], [ 82.223, 18.912 ], [ 82.232, 18.922 ], [ 82.246, 18.92 ], [ 82.255, 18.93 ], [ 82.251, 18.942 ], [ 82.237, 18.945 ], [ 82.233, 18.957 ], [ 82.243, 18.967 ], [ 82.239, 18.98 ], [ 82.248, 18.99 ], [ 82.244, 19.002 ], [ 82.23, 19.005 ], [ 82.226, 19.017 ], [ 82.236, 19.027 ], [ 82.232, 19.04 ], [ 82.218, 19.042 ], [ 82.214, 19.055 ], [ 82.201, 19.057 ], [ 82.197, 19.07 ], [ 82.206, 19.08 ], [ 82.202, 19.092 ], [ 82.211, 19.102 ], [ 82.207, 19.115 ], [ 82.194, 19.117 ], [ 82.19, 19.129 ], [ 82.176, 19.132 ], [ 82.172, 19.144 ], [ 82.181, 19.154 ], [ 82.177, 19.167 ], [ 82.187, 19.177 ], [ 82.183, 19.189 ], [ 82.169, 19.192 ], [ 82.165, 19.204 ], [ 82.174, 19.214 ], [ 82.17, 19.227 ], [ 82.157, 19.229 ], [ 82.153, 19.242 ], [ 82.162, 19.252 ], [ 82.158, 19.264 ], [ 82.168, 19.274 ], [ 82.163, 19.286 ], [ 82.173, 19.296 ], [ 82.169, 19.309 ], [ 82.178, 19.319 ], [ 82.174, 19.331 ], [ 82.183, 19.341 ], [ 82.179, 19.354 ], [ 82.166, 19.356 ], [ 82.156, 19.346 ], [ 82.143, 19.349 ], [ 82.139, 19.361 ], [ 82.148, 19.371 ], [ 82.162, 19.369 ], [ 82.171, 19.379 ], [ 82.184, 19.376 ], [ 82.194, 19.386 ], [ 82.19, 19.399 ], [ 82.176, 19.401 ], [ 82.172, 19.414 ], [ 82.182, 19.424 ], [ 82.177, 19.436 ], [ 82.164, 19.438 ], [ 82.155, 19.428 ], [ 82.141, 19.431 ], [ 82.132, 19.421 ], [ 82.119, 19.423 ], [ 82.114, 19.436 ], [ 82.124, 19.446 ], [ 82.12, 19.458 ], [ 82.106, 19.461 ], [ 82.102, 19.473 ], [ 82.112, 19.483 ], [ 82.107, 19.495 ], [ 82.094, 19.498 ], [ 82.09, 19.51 ], [ 82.077, 19.513 ], [ 82.067, 19.503 ], [ 82.054, 19.505 ], [ 82.05, 19.517 ], [ 82.036, 19.52 ], [ 82.027, 19.51 ], [ 82.031, 19.497 ], [ 82.022, 19.487 ], [ 82.008, 19.49 ], [ 82.004, 19.502 ], [ 81.991, 19.504 ], [ 81.987, 19.517 ], [ 81.996, 19.527 ], [ 81.992, 19.539 ], [ 81.979, 19.542 ], [ 81.969, 19.532 ], [ 81.956, 19.534 ], [ 81.952, 19.546 ], [ 81.939, 19.549 ], [ 81.929, 19.539 ], [ 81.933, 19.526 ], [ 81.924, 19.516 ], [ 81.911, 19.519 ], [ 81.907, 19.531 ], [ 81.893, 19.534 ], [ 81.889, 19.546 ], [ 81.876, 19.548 ], [ 81.872, 19.561 ], [ 81.858, 19.563 ], [ 81.849, 19.553 ], [ 81.853, 19.541 ], [ 81.844, 19.531 ], [ 81.848, 19.518 ], [ 81.861, 19.516 ], [ 81.865, 19.504 ], [ 81.856, 19.493 ], [ 81.843, 19.496 ], [ 81.838, 19.508 ], [ 81.825, 19.511 ], [ 81.816, 19.501 ], [ 81.82, 19.488 ], [ 81.811, 19.478 ], [ 81.815, 19.466 ], [ 81.805, 19.456 ], [ 81.792, 19.458 ], [ 81.783, 19.448 ], [ 81.787, 19.436 ], [ 81.8, 19.433 ], [ 81.804, 19.421 ], [ 81.795, 19.411 ], [ 81.799, 19.398 ], [ 81.79, 19.388 ], [ 81.794, 19.376 ], [ 81.785, 19.366 ], [ 81.789, 19.354 ], [ 81.779, 19.344 ], [ 81.766, 19.346 ], [ 81.762, 19.358 ], [ 81.749, 19.361 ], [ 81.744, 19.373 ], [ 81.731, 19.376 ], [ 81.722, 19.366 ], [ 81.708, 19.368 ], [ 81.699, 19.358 ], [ 81.686, 19.36 ], [ 81.682, 19.373 ], [ 81.668, 19.375 ], [ 81.659, 19.365 ], [ 81.663, 19.353 ], [ 81.654, 19.343 ], [ 81.641, 19.345 ], [ 81.631, 19.335 ], [ 81.635, 19.322 ], [ 81.626, 19.312 ], [ 81.63, 19.3 ], [ 81.621, 19.29 ], [ 81.625, 19.278 ], [ 81.638, 19.275 ], [ 81.642, 19.263 ], [ 81.656, 19.26 ], [ 81.665, 19.27 ], [ 81.678, 19.268 ], [ 81.683, 19.256 ], [ 81.673, 19.246 ], [ 81.66, 19.248 ], [ 81.651, 19.238 ], [ 81.637, 19.24 ], [ 81.628, 19.23 ], [ 81.615, 19.233 ], [ 81.611, 19.245 ], [ 81.62, 19.255 ], [ 81.616, 19.268 ], [ 81.602, 19.27 ], [ 81.598, 19.282 ], [ 81.585, 19.285 ], [ 81.576, 19.275 ], [ 81.562, 19.277 ], [ 81.553, 19.267 ], [ 81.557, 19.255 ], [ 81.548, 19.245 ], [ 81.552, 19.232 ], [ 81.543, 19.222 ], [ 81.529, 19.225 ], [ 81.52, 19.214 ], [ 81.507, 19.217 ], [ 81.503, 19.229 ], [ 81.49, 19.232 ], [ 81.485, 19.244 ], [ 81.472, 19.246 ], [ 81.468, 19.259 ], [ 81.455, 19.261 ], [ 81.451, 19.274 ], [ 81.437, 19.276 ], [ 81.433, 19.288 ], [ 81.42, 19.291 ], [ 81.416, 19.303 ], [ 81.402, 19.305 ], [ 81.398, 19.318 ], [ 81.385, 19.32 ], [ 81.376, 19.31 ], [ 81.362, 19.312 ], [ 81.358, 19.325 ], [ 81.368, 19.335 ], [ 81.381, 19.332 ], [ 81.39, 19.343 ], [ 81.386, 19.355 ], [ 81.373, 19.357 ], [ 81.369, 19.37 ], [ 81.378, 19.38 ], [ 81.374, 19.392 ], [ 81.383, 19.402 ], [ 81.396, 19.4 ], [ 81.401, 19.387 ], [ 81.391, 19.377 ], [ 81.395, 19.365 ], [ 81.409, 19.363 ], [ 81.418, 19.373 ], [ 81.431, 19.37 ], [ 81.44, 19.38 ], [ 81.454, 19.378 ], [ 81.463, 19.388 ], [ 81.459, 19.4 ], [ 81.468, 19.41 ], [ 81.464, 19.423 ], [ 81.473, 19.433 ], [ 81.469, 19.445 ], [ 81.479, 19.455 ], [ 81.474, 19.468 ], [ 81.461, 19.47 ], [ 81.457, 19.482 ], [ 81.444, 19.485 ], [ 81.434, 19.475 ], [ 81.421, 19.477 ], [ 81.417, 19.489 ], [ 81.426, 19.499 ], [ 81.44, 19.497 ], [ 81.449, 19.507 ], [ 81.445, 19.519 ], [ 81.454, 19.529 ], [ 81.45, 19.542 ], [ 81.459, 19.552 ], [ 81.455, 19.564 ], [ 81.464, 19.574 ], [ 81.46, 19.587 ], [ 81.47, 19.597 ], [ 81.465, 19.609 ], [ 81.452, 19.611 ], [ 81.448, 19.624 ], [ 81.457, 19.634 ], [ 81.471, 19.631 ], [ 81.48, 19.641 ], [ 81.493, 19.639 ], [ 81.503, 19.649 ], [ 81.498, 19.661 ], [ 81.485, 19.664 ], [ 81.481, 19.676 ], [ 81.468, 19.678 ], [ 81.464, 19.691 ], [ 81.45, 19.693 ], [ 81.446, 19.705 ], [ 81.433, 19.708 ], [ 81.429, 19.72 ], [ 81.415, 19.722 ], [ 81.411, 19.735 ], [ 81.398, 19.737 ], [ 81.389, 19.727 ], [ 81.375, 19.729 ], [ 81.371, 19.742 ], [ 81.38, 19.752 ], [ 81.376, 19.764 ], [ 81.386, 19.774 ], [ 81.382, 19.787 ], [ 81.368, 19.789 ], [ 81.364, 19.801 ], [ 81.373, 19.811 ], [ 81.387, 19.809 ], [ 81.396, 19.819 ], [ 81.392, 19.831 ], [ 81.379, 19.834 ], [ 81.374, 19.846 ], [ 81.384, 19.856 ], [ 81.397, 19.854 ], [ 81.406, 19.864 ], [ 81.402, 19.876 ], [ 81.411, 19.886 ], [ 81.407, 19.898 ], [ 81.394, 19.901 ], [ 81.385, 19.891 ], [ 81.371, 19.893 ], [ 81.367, 19.905 ], [ 81.354, 19.908 ], [ 81.35, 19.92 ], [ 81.337, 19.922 ], [ 81.332, 19.934 ], [ 81.342, 19.945 ], [ 81.338, 19.957 ], [ 81.324, 19.959 ], [ 81.32, 19.971 ], [ 81.307, 19.974 ], [ 81.303, 19.986 ], [ 81.312, 19.996 ], [ 81.308, 20.008 ], [ 81.295, 20.011 ], [ 81.29, 20.023 ], [ 81.3, 20.033 ], [ 81.313, 20.031 ], [ 81.322, 20.041 ], [ 81.336, 20.038 ], [ 81.345, 20.048 ], [ 81.358, 20.046 ], [ 81.367, 20.056 ], [ 81.381, 20.054 ], [ 81.39, 20.064 ], [ 81.403, 20.062 ], [ 81.413, 20.072 ], [ 81.409, 20.084 ], [ 81.395, 20.086 ], [ 81.391, 20.099 ], [ 81.4, 20.109 ], [ 81.396, 20.121 ], [ 81.406, 20.131 ], [ 81.402, 20.143 ], [ 81.411, 20.153 ], [ 81.424, 20.151 ], [ 81.433, 20.161 ], [ 81.447, 20.159 ], [ 81.451, 20.146 ], [ 81.464, 20.144 ], [ 81.474, 20.154 ], [ 81.487, 20.152 ], [ 81.496, 20.162 ], [ 81.51, 20.159 ], [ 81.519, 20.17 ], [ 81.532, 20.167 ], [ 81.541, 20.177 ], [ 81.537, 20.19 ], [ 81.547, 20.2 ], [ 81.56, 20.197 ], [ 81.564, 20.185 ], [ 81.578, 20.183 ], [ 81.587, 20.193 ], [ 81.6, 20.19 ], [ 81.604, 20.178 ], [ 81.618, 20.176 ], [ 81.622, 20.163 ], [ 81.635, 20.161 ], [ 81.639, 20.149 ], [ 81.653, 20.146 ], [ 81.657, 20.134 ], [ 81.67, 20.132 ], [ 81.679, 20.142 ], [ 81.693, 20.139 ], [ 81.697, 20.127 ], [ 81.71, 20.125 ], [ 81.72, 20.135 ], [ 81.715, 20.147 ], [ 81.725, 20.157 ], [ 81.738, 20.155 ], [ 81.747, 20.165 ], [ 81.761, 20.163 ], [ 81.765, 20.15 ], [ 81.778, 20.148 ], [ 81.788, 20.158 ], [ 81.801, 20.156 ], [ 81.81, 20.166 ], [ 81.806, 20.178 ], [ 81.816, 20.188 ], [ 81.812, 20.2 ], [ 81.798, 20.203 ], [ 81.794, 20.215 ], [ 81.781, 20.217 ], [ 81.777, 20.23 ], [ 81.786, 20.24 ], [ 81.782, 20.252 ], [ 81.791, 20.262 ], [ 81.787, 20.274 ], [ 81.774, 20.277 ], [ 81.769, 20.289 ], [ 81.756, 20.291 ], [ 81.752, 20.304 ], [ 81.761, 20.314 ], [ 81.775, 20.311 ], [ 81.784, 20.321 ], [ 81.78, 20.334 ], [ 81.789, 20.344 ], [ 81.785, 20.356 ], [ 81.772, 20.358 ], [ 81.768, 20.371 ], [ 81.777, 20.381 ], [ 81.773, 20.393 ], [ 81.759, 20.395 ], [ 81.755, 20.407 ], [ 81.742, 20.41 ], [ 81.738, 20.422 ], [ 81.747, 20.432 ], [ 81.743, 20.444 ], [ 81.73, 20.447 ], [ 81.726, 20.459 ], [ 81.735, 20.469 ], [ 81.731, 20.481 ], [ 81.717, 20.484 ], [ 81.708, 20.474 ], [ 81.695, 20.476 ], [ 81.691, 20.488 ], [ 81.677, 20.49 ], [ 81.673, 20.503 ], [ 81.66, 20.505 ], [ 81.65, 20.495 ], [ 81.637, 20.497 ], [ 81.633, 20.51 ], [ 81.619, 20.512 ], [ 81.615, 20.524 ], [ 81.602, 20.526 ], [ 81.593, 20.516 ], [ 81.579, 20.519 ], [ 81.57, 20.509 ], [ 81.556, 20.511 ], [ 81.547, 20.501 ], [ 81.534, 20.503 ], [ 81.525, 20.493 ], [ 81.511, 20.496 ], [ 81.507, 20.508 ], [ 81.494, 20.51 ], [ 81.49, 20.522 ], [ 81.476, 20.525 ], [ 81.467, 20.515 ], [ 81.453, 20.517 ], [ 81.444, 20.507 ], [ 81.431, 20.509 ], [ 81.427, 20.521 ], [ 81.413, 20.524 ], [ 81.409, 20.536 ], [ 81.419, 20.546 ], [ 81.414, 20.558 ], [ 81.401, 20.561 ], [ 81.392, 20.551 ], [ 81.396, 20.538 ], [ 81.387, 20.528 ], [ 81.373, 20.531 ], [ 81.369, 20.543 ], [ 81.356, 20.545 ], [ 81.352, 20.557 ], [ 81.338, 20.56 ], [ 81.329, 20.55 ], [ 81.316, 20.552 ], [ 81.306, 20.542 ], [ 81.31, 20.53 ], [ 81.301, 20.52 ], [ 81.288, 20.522 ], [ 81.279, 20.512 ], [ 81.265, 20.514 ], [ 81.256, 20.504 ], [ 81.26, 20.492 ], [ 81.251, 20.482 ], [ 81.255, 20.47 ], [ 81.246, 20.459 ], [ 81.25, 20.447 ], [ 81.24, 20.437 ], [ 81.227, 20.439 ], [ 81.218, 20.429 ], [ 81.222, 20.417 ], [ 81.213, 20.407 ], [ 81.199, 20.409 ], [ 81.19, 20.399 ], [ 81.177, 20.402 ], [ 81.168, 20.392 ], [ 81.154, 20.394 ], [ 81.145, 20.384 ], [ 81.132, 20.386 ], [ 81.127, 20.398 ], [ 81.114, 20.401 ], [ 81.11, 20.413 ], [ 81.097, 20.415 ], [ 81.087, 20.405 ], [ 81.074, 20.407 ], [ 81.07, 20.42 ], [ 81.057, 20.422 ], [ 81.047, 20.412 ], [ 81.034, 20.414 ], [ 81.03, 20.426 ], [ 81.017, 20.429 ], [ 81.013, 20.441 ], [ 80.999, 20.443 ], [ 80.995, 20.455 ], [ 80.982, 20.458 ], [ 80.973, 20.448 ], [ 80.959, 20.45 ], [ 80.95, 20.44 ], [ 80.937, 20.442 ], [ 80.927, 20.432 ], [ 80.914, 20.434 ], [ 80.905, 20.424 ], [ 80.909, 20.412 ], [ 80.9, 20.402 ], [ 80.887, 20.404 ], [ 80.877, 20.394 ], [ 80.864, 20.396 ], [ 80.855, 20.386 ], [ 80.859, 20.374 ], [ 80.85, 20.364 ], [ 80.854, 20.352 ], [ 80.845, 20.342 ], [ 80.831, 20.344 ], [ 80.822, 20.334 ], [ 80.826, 20.322 ], [ 80.817, 20.312 ], [ 80.821, 20.3 ], [ 80.812, 20.29 ], [ 80.799, 20.292 ], [ 80.789, 20.282 ], [ 80.776, 20.284 ], [ 80.772, 20.296 ], [ 80.759, 20.298 ], [ 80.749, 20.288 ], [ 80.754, 20.276 ], [ 80.744, 20.266 ], [ 80.731, 20.268 ], [ 80.722, 20.258 ], [ 80.726, 20.246 ], [ 80.739, 20.244 ], [ 80.743, 20.232 ], [ 80.734, 20.222 ], [ 80.738, 20.209 ], [ 80.729, 20.199 ], [ 80.716, 20.202 ], [ 80.707, 20.192 ], [ 80.693, 20.194 ], [ 80.689, 20.206 ], [ 80.676, 20.208 ], [ 80.672, 20.221 ], [ 80.659, 20.223 ], [ 80.649, 20.213 ], [ 80.636, 20.215 ], [ 80.627, 20.205 ], [ 80.631, 20.193 ], [ 80.622, 20.183 ], [ 80.609, 20.185 ], [ 80.599, 20.175 ], [ 80.586, 20.177 ], [ 80.582, 20.189 ], [ 80.569, 20.192 ], [ 80.56, 20.182 ], [ 80.564, 20.169 ], [ 80.555, 20.159 ], [ 80.559, 20.147 ], [ 80.572, 20.145 ], [ 80.576, 20.133 ], [ 80.567, 20.123 ], [ 80.554, 20.125 ], [ 80.544, 20.115 ], [ 80.548, 20.103 ], [ 80.539, 20.092 ], [ 80.543, 20.08 ], [ 80.557, 20.078 ], [ 80.561, 20.066 ], [ 80.552, 20.056 ], [ 80.556, 20.043 ], [ 80.547, 20.033 ], [ 80.551, 20.021 ], [ 80.541, 20.011 ], [ 80.546, 19.999 ], [ 80.536, 19.989 ], [ 80.541, 19.977 ], [ 80.531, 19.967 ], [ 80.535, 19.954 ], [ 80.526, 19.944 ], [ 80.53, 19.932 ], [ 80.521, 19.922 ], [ 80.508, 19.924 ], [ 80.504, 19.937 ], [ 80.491, 19.939 ], [ 80.487, 19.951 ], [ 80.473, 19.953 ], [ 80.464, 19.943 ], [ 80.451, 19.945 ], [ 80.442, 19.935 ], [ 80.428, 19.938 ], [ 80.419, 19.928 ], [ 80.423, 19.915 ], [ 80.414, 19.905 ], [ 80.418, 19.893 ], [ 80.432, 19.891 ], [ 80.441, 19.901 ], [ 80.454, 19.899 ], [ 80.463, 19.909 ], [ 80.476, 19.906 ], [ 80.481, 19.894 ], [ 80.494, 19.892 ], [ 80.498, 19.88 ], [ 80.489, 19.87 ], [ 80.493, 19.857 ], [ 80.484, 19.847 ], [ 80.488, 19.835 ], [ 80.501, 19.833 ], [ 80.505, 19.821 ], [ 80.518, 19.818 ], [ 80.527, 19.828 ], [ 80.541, 19.826 ], [ 80.545, 19.814 ], [ 80.536, 19.804 ], [ 80.54, 19.792 ], [ 80.553, 19.789 ], [ 80.557, 19.777 ], [ 80.548, 19.767 ], [ 80.552, 19.755 ], [ 80.565, 19.753 ], [ 80.574, 19.763 ], [ 80.588, 19.76 ], [ 80.592, 19.748 ], [ 80.605, 19.746 ], [ 80.609, 19.733 ], [ 80.622, 19.731 ], [ 80.627, 19.719 ], [ 80.64, 19.717 ], [ 80.644, 19.704 ], [ 80.657, 19.702 ], [ 80.666, 19.712 ], [ 80.68, 19.71 ], [ 80.684, 19.698 ], [ 80.674, 19.688 ], [ 80.679, 19.675 ], [ 80.669, 19.665 ], [ 80.673, 19.653 ], [ 80.664, 19.643 ], [ 80.668, 19.631 ], [ 80.659, 19.621 ], [ 80.663, 19.608 ], [ 80.677, 19.606 ], [ 80.686, 19.616 ], [ 80.699, 19.614 ], [ 80.708, 19.624 ], [ 80.721, 19.622 ], [ 80.726, 19.609 ], [ 80.739, 19.607 ], [ 80.743, 19.595 ], [ 80.756, 19.592 ], [ 80.76, 19.58 ], [ 80.774, 19.578 ], [ 80.778, 19.565 ], [ 80.791, 19.563 ], [ 80.8, 19.573 ], [ 80.813, 19.571 ], [ 80.817, 19.559 ], [ 80.831, 19.556 ], [ 80.835, 19.544 ], [ 80.848, 19.542 ], [ 80.852, 19.529 ], [ 80.865, 19.527 ], [ 80.87, 19.515 ], [ 80.883, 19.513 ], [ 80.887, 19.5 ], [ 80.9, 19.498 ], [ 80.904, 19.486 ], [ 80.895, 19.476 ], [ 80.899, 19.463 ], [ 80.89, 19.453 ], [ 80.877, 19.455 ], [ 80.868, 19.445 ], [ 80.854, 19.448 ], [ 80.845, 19.438 ], [ 80.832, 19.44 ], [ 80.823, 19.43 ], [ 80.809, 19.432 ], [ 80.8, 19.422 ], [ 80.804, 19.41 ], [ 80.818, 19.408 ], [ 80.822, 19.395 ], [ 80.835, 19.393 ], [ 80.839, 19.381 ], [ 80.852, 19.378 ], [ 80.856, 19.366 ], [ 80.847, 19.356 ], [ 80.834, 19.358 ], [ 80.825, 19.348 ], [ 80.811, 19.351 ], [ 80.802, 19.341 ], [ 80.806, 19.328 ], [ 80.797, 19.318 ], [ 80.784, 19.32 ], [ 80.775, 19.31 ], [ 80.761, 19.313 ], [ 80.752, 19.303 ], [ 80.756, 19.29 ], [ 80.747, 19.28 ], [ 80.734, 19.283 ], [ 80.725, 19.273 ], [ 80.712, 19.275 ], [ 80.708, 19.287 ], [ 80.694, 19.289 ], [ 80.69, 19.302 ], [ 80.699, 19.312 ], [ 80.695, 19.324 ], [ 80.682, 19.326 ], [ 80.673, 19.316 ], [ 80.66, 19.319 ], [ 80.65, 19.309 ], [ 80.637, 19.311 ], [ 80.628, 19.301 ], [ 80.615, 19.303 ], [ 80.611, 19.316 ], [ 80.597, 19.318 ], [ 80.593, 19.33 ], [ 80.603, 19.34 ], [ 80.598, 19.353 ], [ 80.585, 19.355 ], [ 80.581, 19.367 ], [ 80.59, 19.377 ], [ 80.586, 19.389 ], [ 80.573, 19.392 ], [ 80.569, 19.404 ], [ 80.556, 19.406 ] ] ], [ [ [ 80.479, 19.825 ], [ 80.465, 19.827 ], [ 80.456, 19.817 ], [ 80.443, 19.82 ], [ 80.434, 19.81 ], [ 80.421, 19.812 ], [ 80.411, 19.802 ], [ 80.416, 19.789 ], [ 80.429, 19.787 ], [ 80.438, 19.797 ], [ 80.451, 19.795 ], [ 80.455, 19.783 ], [ 80.468, 19.781 ], [ 80.478, 19.791 ], [ 80.474, 19.803 ], [ 80.483, 19.813 ], [ 80.479, 19.825 ] ] ] ] } },
{ "type": "Feature", "properties": { "POLYGON.ID": 91.0, "subregion": "India--Chhattisgarh--North_CL30863", "FILTER": "Chhattisgarh", "POLYGON": "India--Chhattisgarh--North_CL30863", "COUNTY": "spl_region", "STATE": "Chhattisgarh", "OWNER": null }, "geometry": { "type": "MultiPolygon", "coordinates": [ [ [ [ 82.653, 22.818 ], [ 82.667, 22.816 ], [ 82.676, 22.826 ], [ 82.69, 22.824 ], [ 82.7, 22.834 ], [ 82.713, 22.832 ], [ 82.717, 22.819 ], [ 82.731, 22.817 ], [ 82.735, 22.805 ], [ 82.749, 22.803 ], [ 82.753, 22.791 ], [ 82.766, 22.788 ], [ 82.771, 22.776 ], [ 82.784, 22.774 ], [ 82.788, 22.762 ], [ 82.802, 22.76 ], [ 82.806, 22.748 ], [ 82.82, 22.745 ], [ 82.829, 22.755 ], [ 82.843, 22.753 ], [ 82.847, 22.741 ], [ 82.861, 22.739 ], [ 82.87, 22.749 ], [ 82.884, 22.746 ], [ 82.888, 22.734 ], [ 82.901, 22.732 ], [ 82.906, 22.72 ], [ 82.919, 22.717 ], [ 82.923, 22.705 ], [ 82.937, 22.703 ], [ 82.941, 22.691 ], [ 82.932, 22.681 ], [ 82.936, 22.669 ], [ 82.949, 22.667 ], [ 82.959, 22.677 ], [ 82.972, 22.674 ], [ 82.977, 22.662 ], [ 82.99, 22.66 ], [ 82.994, 22.648 ], [ 83.008, 22.645 ], [ 83.017, 22.655 ], [ 83.031, 22.653 ], [ 83.041, 22.663 ], [ 83.054, 22.661 ], [ 83.064, 22.671 ], [ 83.077, 22.668 ], [ 83.087, 22.678 ], [ 83.101, 22.676 ], [ 83.11, 22.686 ], [ 83.106, 22.698 ], [ 83.116, 22.708 ], [ 83.111, 22.72 ], [ 83.121, 22.73 ], [ 83.135, 22.728 ], [ 83.144, 22.738 ], [ 83.158, 22.735 ], [ 83.167, 22.745 ], [ 83.163, 22.758 ], [ 83.173, 22.767 ], [ 83.169, 22.78 ], [ 83.178, 22.79 ], [ 83.192, 22.787 ], [ 83.196, 22.775 ], [ 83.21, 22.773 ], [ 83.219, 22.783 ], [ 83.233, 22.78 ], [ 83.237, 22.768 ], [ 83.251, 22.766 ], [ 83.26, 22.776 ], [ 83.274, 22.774 ], [ 83.278, 22.761 ], [ 83.292, 22.759 ], [ 83.301, 22.769 ], [ 83.315, 22.767 ], [ 83.319, 22.755 ], [ 83.333, 22.752 ], [ 83.337, 22.74 ], [ 83.35, 22.738 ], [ 83.355, 22.726 ], [ 83.368, 22.723 ], [ 83.378, 22.733 ], [ 83.391, 22.731 ], [ 83.396, 22.719 ], [ 83.386, 22.709 ], [ 83.39, 22.697 ], [ 83.381, 22.687 ], [ 83.385, 22.675 ], [ 83.375, 22.665 ], [ 83.379, 22.653 ], [ 83.393, 22.65 ], [ 83.397, 22.638 ], [ 83.411, 22.636 ], [ 83.415, 22.624 ], [ 83.405, 22.614 ], [ 83.409, 22.601 ], [ 83.4, 22.591 ], [ 83.404, 22.579 ], [ 83.394, 22.569 ], [ 83.398, 22.557 ], [ 83.412, 22.555 ], [ 83.416, 22.543 ], [ 83.43, 22.54 ], [ 83.434, 22.528 ], [ 83.448, 22.526 ], [ 83.452, 22.514 ], [ 83.466, 22.511 ], [ 83.47, 22.499 ], [ 83.483, 22.497 ], [ 83.493, 22.507 ], [ 83.507, 22.504 ], [ 83.516, 22.514 ], [ 83.53, 22.512 ], [ 83.539, 22.522 ], [ 83.553, 22.52 ], [ 83.563, 22.529 ], [ 83.559, 22.542 ], [ 83.568, 22.552 ], [ 83.582, 22.549 ], [ 83.586, 22.537 ], [ 83.6, 22.535 ], [ 83.604, 22.522 ], [ 83.594, 22.513 ], [ 83.598, 22.5 ], [ 83.589, 22.49 ], [ 83.575, 22.493 ], [ 83.565, 22.483 ], [ 83.569, 22.471 ], [ 83.583, 22.468 ], [ 83.587, 22.456 ], [ 83.601, 22.454 ], [ 83.605, 22.441 ], [ 83.619, 22.439 ], [ 83.623, 22.427 ], [ 83.637, 22.425 ], [ 83.641, 22.412 ], [ 83.654, 22.41 ], [ 83.658, 22.398 ], [ 83.672, 22.395 ], [ 83.676, 22.383 ], [ 83.69, 22.381 ], [ 83.694, 22.369 ], [ 83.708, 22.366 ], [ 83.717, 22.376 ], [ 83.731, 22.374 ], [ 83.735, 22.362 ], [ 83.749, 22.359 ], [ 83.753, 22.347 ], [ 83.767, 22.345 ], [ 83.771, 22.332 ], [ 83.761, 22.322 ], [ 83.765, 22.31 ], [ 83.779, 22.308 ], [ 83.783, 22.296 ], [ 83.797, 22.293 ], [ 83.801, 22.281 ], [ 83.815, 22.279 ], [ 83.824, 22.288 ], [ 83.82, 22.301 ], [ 83.83, 22.311 ], [ 83.825, 22.323 ], [ 83.835, 22.333 ], [ 83.849, 22.33 ], [ 83.858, 22.34 ], [ 83.872, 22.338 ], [ 83.882, 22.348 ], [ 83.895, 22.346 ], [ 83.905, 22.355 ], [ 83.919, 22.353 ], [ 83.928, 22.363 ], [ 83.942, 22.361 ], [ 83.952, 22.371 ], [ 83.965, 22.368 ], [ 83.969, 22.356 ], [ 83.983, 22.354 ], [ 83.993, 22.363 ], [ 83.989, 22.376 ], [ 83.998, 22.386 ], [ 84.012, 22.383 ], [ 84.022, 22.393 ], [ 84.018, 22.405 ], [ 84.027, 22.415 ], [ 84.023, 22.428 ], [ 84.033, 22.438 ], [ 84.046, 22.435 ], [ 84.056, 22.445 ], [ 84.052, 22.457 ], [ 84.038, 22.46 ], [ 84.034, 22.472 ], [ 84.02, 22.474 ], [ 84.016, 22.487 ], [ 84.003, 22.489 ], [ 83.998, 22.501 ], [ 83.985, 22.504 ], [ 83.981, 22.516 ], [ 83.99, 22.526 ], [ 84.004, 22.523 ], [ 84.014, 22.533 ], [ 84.009, 22.546 ], [ 84.019, 22.555 ], [ 84.015, 22.568 ], [ 84.025, 22.578 ], [ 84.02, 22.59 ], [ 84.03, 22.6 ], [ 84.044, 22.597 ], [ 84.053, 22.607 ], [ 84.067, 22.605 ], [ 84.077, 22.615 ], [ 84.073, 22.627 ], [ 84.082, 22.637 ], [ 84.096, 22.635 ], [ 84.106, 22.644 ], [ 84.119, 22.642 ], [ 84.124, 22.63 ], [ 84.137, 22.627 ], [ 84.147, 22.637 ], [ 84.161, 22.635 ], [ 84.17, 22.645 ], [ 84.184, 22.642 ], [ 84.194, 22.652 ], [ 84.19, 22.665 ], [ 84.199, 22.675 ], [ 84.213, 22.672 ], [ 84.223, 22.682 ], [ 84.236, 22.68 ], [ 84.246, 22.69 ], [ 84.242, 22.702 ], [ 84.228, 22.704 ], [ 84.224, 22.716 ], [ 84.234, 22.726 ], [ 84.23, 22.739 ], [ 84.239, 22.748 ], [ 84.253, 22.746 ], [ 84.263, 22.756 ], [ 84.259, 22.768 ], [ 84.268, 22.778 ], [ 84.282, 22.776 ], [ 84.292, 22.786 ], [ 84.305, 22.783 ], [ 84.315, 22.793 ], [ 84.311, 22.805 ], [ 84.321, 22.815 ], [ 84.317, 22.827 ], [ 84.326, 22.837 ], [ 84.322, 22.85 ], [ 84.332, 22.859 ], [ 84.346, 22.857 ], [ 84.355, 22.867 ], [ 84.369, 22.865 ], [ 84.379, 22.874 ], [ 84.375, 22.887 ], [ 84.384, 22.897 ], [ 84.38, 22.909 ], [ 84.39, 22.919 ], [ 84.386, 22.931 ], [ 84.395, 22.941 ], [ 84.391, 22.953 ], [ 84.377, 22.955 ], [ 84.373, 22.968 ], [ 84.36, 22.97 ], [ 84.355, 22.982 ], [ 84.342, 22.985 ], [ 84.332, 22.975 ], [ 84.318, 22.977 ], [ 84.309, 22.967 ], [ 84.295, 22.97 ], [ 84.285, 22.96 ], [ 84.271, 22.962 ], [ 84.267, 22.974 ], [ 84.254, 22.977 ], [ 84.249, 22.989 ], [ 84.236, 22.991 ], [ 84.226, 22.981 ], [ 84.212, 22.984 ], [ 84.208, 22.996 ], [ 84.194, 22.998 ], [ 84.19, 23.01 ], [ 84.2, 23.02 ], [ 84.196, 23.033 ], [ 84.182, 23.035 ], [ 84.172, 23.025 ], [ 84.176, 23.013 ], [ 84.167, 23.003 ], [ 84.171, 22.991 ], [ 84.185, 22.988 ], [ 84.189, 22.976 ], [ 84.179, 22.966 ], [ 84.165, 22.969 ], [ 84.161, 22.981 ], [ 84.148, 22.983 ], [ 84.143, 22.995 ], [ 84.13, 22.998 ], [ 84.126, 23.01 ], [ 84.135, 23.02 ], [ 84.131, 23.032 ], [ 84.117, 23.034 ], [ 84.113, 23.047 ], [ 84.123, 23.056 ], [ 84.119, 23.069 ], [ 84.128, 23.079 ], [ 84.124, 23.091 ], [ 84.111, 23.093 ], [ 84.106, 23.105 ], [ 84.093, 23.108 ], [ 84.089, 23.12 ], [ 84.075, 23.122 ], [ 84.065, 23.112 ], [ 84.051, 23.115 ], [ 84.047, 23.127 ], [ 84.034, 23.129 ], [ 84.029, 23.141 ], [ 84.039, 23.151 ], [ 84.035, 23.163 ], [ 84.045, 23.173 ], [ 84.04, 23.185 ], [ 84.027, 23.188 ], [ 84.017, 23.178 ], [ 84.003, 23.18 ], [ 83.999, 23.192 ], [ 83.985, 23.195 ], [ 83.976, 23.185 ], [ 83.962, 23.187 ], [ 83.952, 23.177 ], [ 83.957, 23.165 ], [ 83.947, 23.155 ], [ 83.933, 23.157 ], [ 83.929, 23.17 ], [ 83.915, 23.172 ], [ 83.911, 23.184 ], [ 83.897, 23.186 ], [ 83.893, 23.199 ], [ 83.88, 23.201 ], [ 83.875, 23.213 ], [ 83.862, 23.215 ], [ 83.858, 23.228 ], [ 83.844, 23.23 ], [ 83.84, 23.242 ], [ 83.826, 23.244 ], [ 83.816, 23.234 ], [ 83.803, 23.237 ], [ 83.799, 23.249 ], [ 83.785, 23.251 ], [ 83.775, 23.241 ], [ 83.761, 23.244 ], [ 83.752, 23.234 ], [ 83.738, 23.236 ], [ 83.728, 23.226 ], [ 83.715, 23.228 ], [ 83.705, 23.219 ], [ 83.691, 23.221 ], [ 83.687, 23.233 ], [ 83.674, 23.235 ], [ 83.664, 23.225 ], [ 83.65, 23.228 ], [ 83.641, 23.218 ], [ 83.627, 23.22 ], [ 83.617, 23.21 ], [ 83.621, 23.198 ], [ 83.612, 23.188 ], [ 83.598, 23.191 ], [ 83.594, 23.203 ], [ 83.58, 23.205 ], [ 83.571, 23.195 ], [ 83.575, 23.183 ], [ 83.565, 23.173 ], [ 83.551, 23.175 ], [ 83.547, 23.187 ], [ 83.534, 23.19 ], [ 83.529, 23.202 ], [ 83.539, 23.212 ], [ 83.535, 23.224 ], [ 83.521, 23.226 ], [ 83.517, 23.238 ], [ 83.503, 23.241 ], [ 83.499, 23.253 ], [ 83.486, 23.255 ], [ 83.476, 23.245 ], [ 83.462, 23.247 ], [ 83.458, 23.26 ], [ 83.444, 23.262 ], [ 83.435, 23.252 ], [ 83.421, 23.254 ], [ 83.417, 23.266 ], [ 83.403, 23.269 ], [ 83.394, 23.259 ], [ 83.38, 23.261 ], [ 83.37, 23.251 ], [ 83.375, 23.239 ], [ 83.365, 23.229 ], [ 83.369, 23.217 ], [ 83.36, 23.207 ], [ 83.364, 23.195 ], [ 83.354, 23.185 ], [ 83.34, 23.187 ], [ 83.331, 23.177 ], [ 83.317, 23.18 ], [ 83.313, 23.192 ], [ 83.299, 23.194 ], [ 83.295, 23.206 ], [ 83.281, 23.208 ], [ 83.277, 23.22 ], [ 83.264, 23.223 ], [ 83.26, 23.235 ], [ 83.246, 23.237 ], [ 83.236, 23.227 ], [ 83.223, 23.229 ], [ 83.219, 23.242 ], [ 83.205, 23.244 ], [ 83.201, 23.256 ], [ 83.21, 23.266 ], [ 83.206, 23.278 ], [ 83.216, 23.288 ], [ 83.212, 23.3 ], [ 83.221, 23.31 ], [ 83.217, 23.322 ], [ 83.203, 23.324 ], [ 83.199, 23.336 ], [ 83.209, 23.346 ], [ 83.205, 23.358 ], [ 83.214, 23.368 ], [ 83.21, 23.38 ], [ 83.22, 23.39 ], [ 83.233, 23.388 ], [ 83.243, 23.398 ], [ 83.257, 23.396 ], [ 83.261, 23.383 ], [ 83.274, 23.381 ], [ 83.284, 23.391 ], [ 83.298, 23.389 ], [ 83.302, 23.377 ], [ 83.316, 23.375 ], [ 83.325, 23.384 ], [ 83.321, 23.396 ], [ 83.307, 23.399 ], [ 83.303, 23.411 ], [ 83.313, 23.421 ], [ 83.326, 23.418 ], [ 83.336, 23.428 ], [ 83.35, 23.426 ], [ 83.354, 23.414 ], [ 83.368, 23.412 ], [ 83.377, 23.422 ], [ 83.373, 23.434 ], [ 83.359, 23.436 ], [ 83.355, 23.448 ], [ 83.365, 23.458 ], [ 83.361, 23.47 ], [ 83.347, 23.472 ], [ 83.337, 23.462 ], [ 83.324, 23.465 ], [ 83.32, 23.477 ], [ 83.306, 23.479 ], [ 83.302, 23.491 ], [ 83.311, 23.501 ], [ 83.325, 23.499 ], [ 83.335, 23.509 ], [ 83.33, 23.521 ], [ 83.317, 23.523 ], [ 83.307, 23.513 ], [ 83.293, 23.515 ], [ 83.284, 23.505 ], [ 83.27, 23.508 ], [ 83.266, 23.52 ], [ 83.252, 23.522 ], [ 83.248, 23.534 ], [ 83.258, 23.544 ], [ 83.271, 23.542 ], [ 83.281, 23.552 ], [ 83.277, 23.564 ], [ 83.287, 23.574 ], [ 83.282, 23.586 ], [ 83.269, 23.588 ], [ 83.259, 23.578 ], [ 83.245, 23.58 ], [ 83.236, 23.57 ], [ 83.222, 23.573 ], [ 83.213, 23.563 ], [ 83.199, 23.565 ], [ 83.195, 23.577 ], [ 83.204, 23.587 ], [ 83.2, 23.599 ], [ 83.21, 23.609 ], [ 83.206, 23.621 ], [ 83.215, 23.631 ], [ 83.211, 23.643 ], [ 83.197, 23.645 ], [ 83.193, 23.657 ], [ 83.203, 23.667 ], [ 83.199, 23.679 ], [ 83.208, 23.689 ], [ 83.204, 23.701 ], [ 83.214, 23.711 ], [ 83.21, 23.723 ], [ 83.196, 23.725 ], [ 83.186, 23.715 ], [ 83.173, 23.717 ], [ 83.163, 23.708 ], [ 83.149, 23.71 ], [ 83.14, 23.7 ], [ 83.126, 23.702 ], [ 83.122, 23.714 ], [ 83.108, 23.716 ], [ 83.104, 23.728 ], [ 83.09, 23.731 ], [ 83.086, 23.743 ], [ 83.073, 23.745 ], [ 83.068, 23.757 ], [ 83.078, 23.767 ], [ 83.074, 23.779 ], [ 83.06, 23.781 ], [ 83.051, 23.771 ], [ 83.037, 23.773 ], [ 83.033, 23.785 ], [ 83.019, 23.788 ], [ 83.015, 23.8 ], [ 83.001, 23.802 ], [ 82.992, 23.792 ], [ 82.996, 23.78 ], [ 82.986, 23.77 ], [ 82.973, 23.772 ], [ 82.963, 23.762 ], [ 82.949, 23.764 ], [ 82.945, 23.777 ], [ 82.931, 23.779 ], [ 82.922, 23.769 ], [ 82.908, 23.771 ], [ 82.904, 23.783 ], [ 82.914, 23.793 ], [ 82.91, 23.805 ], [ 82.896, 23.807 ], [ 82.886, 23.797 ], [ 82.873, 23.799 ], [ 82.863, 23.79 ], [ 82.867, 23.778 ], [ 82.858, 23.768 ], [ 82.844, 23.77 ], [ 82.84, 23.782 ], [ 82.826, 23.784 ], [ 82.822, 23.796 ], [ 82.832, 23.806 ], [ 82.827, 23.818 ], [ 82.814, 23.82 ], [ 82.804, 23.81 ], [ 82.791, 23.812 ], [ 82.786, 23.824 ], [ 82.773, 23.827 ], [ 82.769, 23.839 ], [ 82.778, 23.848 ], [ 82.774, 23.86 ], [ 82.784, 23.87 ], [ 82.779, 23.882 ], [ 82.766, 23.885 ], [ 82.756, 23.875 ], [ 82.743, 23.877 ], [ 82.738, 23.889 ], [ 82.725, 23.891 ], [ 82.715, 23.881 ], [ 82.702, 23.883 ], [ 82.697, 23.895 ], [ 82.707, 23.905 ], [ 82.703, 23.917 ], [ 82.689, 23.919 ], [ 82.68, 23.909 ], [ 82.666, 23.912 ], [ 82.656, 23.902 ], [ 82.661, 23.89 ], [ 82.651, 23.88 ], [ 82.655, 23.868 ], [ 82.646, 23.858 ], [ 82.65, 23.846 ], [ 82.64, 23.836 ], [ 82.627, 23.838 ], [ 82.617, 23.828 ], [ 82.603, 23.83 ], [ 82.594, 23.821 ], [ 82.58, 23.823 ], [ 82.571, 23.813 ], [ 82.557, 23.815 ], [ 82.548, 23.805 ], [ 82.552, 23.793 ], [ 82.542, 23.783 ], [ 82.529, 23.785 ], [ 82.519, 23.775 ], [ 82.505, 23.778 ], [ 82.501, 23.79 ], [ 82.488, 23.792 ], [ 82.483, 23.804 ], [ 82.47, 23.806 ], [ 82.466, 23.818 ], [ 82.452, 23.82 ], [ 82.443, 23.81 ], [ 82.429, 23.812 ], [ 82.419, 23.802 ], [ 82.406, 23.804 ], [ 82.396, 23.795 ], [ 82.383, 23.797 ], [ 82.379, 23.809 ], [ 82.365, 23.811 ], [ 82.355, 23.801 ], [ 82.342, 23.803 ], [ 82.338, 23.815 ], [ 82.324, 23.817 ], [ 82.315, 23.807 ], [ 82.301, 23.809 ], [ 82.297, 23.821 ], [ 82.283, 23.823 ], [ 82.274, 23.814 ], [ 82.26, 23.816 ], [ 82.251, 23.806 ], [ 82.237, 23.808 ], [ 82.233, 23.82 ], [ 82.219, 23.822 ], [ 82.215, 23.834 ], [ 82.225, 23.844 ], [ 82.22, 23.856 ], [ 82.207, 23.858 ], [ 82.197, 23.848 ], [ 82.184, 23.85 ], [ 82.174, 23.84 ], [ 82.178, 23.828 ], [ 82.169, 23.818 ], [ 82.155, 23.821 ], [ 82.146, 23.811 ], [ 82.132, 23.813 ], [ 82.128, 23.825 ], [ 82.114, 23.827 ], [ 82.105, 23.817 ], [ 82.091, 23.819 ], [ 82.082, 23.809 ], [ 82.068, 23.811 ], [ 82.064, 23.823 ], [ 82.051, 23.825 ], [ 82.046, 23.837 ], [ 82.033, 23.839 ], [ 82.029, 23.851 ], [ 82.015, 23.853 ], [ 82.011, 23.865 ], [ 81.997, 23.867 ], [ 81.988, 23.858 ], [ 81.974, 23.86 ], [ 81.965, 23.85 ], [ 81.951, 23.852 ], [ 81.947, 23.864 ], [ 81.934, 23.866 ], [ 81.924, 23.856 ], [ 81.911, 23.858 ], [ 81.901, 23.848 ], [ 81.888, 23.85 ], [ 81.878, 23.84 ], [ 81.864, 23.842 ], [ 81.855, 23.832 ], [ 81.859, 23.821 ], [ 81.85, 23.811 ], [ 81.836, 23.813 ], [ 81.827, 23.803 ], [ 81.813, 23.805 ], [ 81.809, 23.817 ], [ 81.795, 23.819 ], [ 81.786, 23.809 ], [ 81.772, 23.811 ], [ 81.768, 23.823 ], [ 81.755, 23.825 ], [ 81.751, 23.837 ], [ 81.737, 23.839 ], [ 81.733, 23.851 ], [ 81.719, 23.853 ], [ 81.715, 23.865 ], [ 81.702, 23.867 ], [ 81.697, 23.879 ], [ 81.684, 23.881 ], [ 81.68, 23.893 ], [ 81.689, 23.903 ], [ 81.685, 23.915 ], [ 81.671, 23.917 ], [ 81.667, 23.929 ], [ 81.654, 23.931 ], [ 81.644, 23.921 ], [ 81.649, 23.909 ], [ 81.639, 23.899 ], [ 81.626, 23.901 ], [ 81.616, 23.891 ], [ 81.62, 23.879 ], [ 81.611, 23.869 ], [ 81.615, 23.858 ], [ 81.606, 23.848 ], [ 81.61, 23.836 ], [ 81.623, 23.834 ], [ 81.627, 23.822 ], [ 81.641, 23.82 ], [ 81.645, 23.808 ], [ 81.659, 23.806 ], [ 81.663, 23.794 ], [ 81.653, 23.784 ], [ 81.658, 23.772 ], [ 81.671, 23.77 ], [ 81.675, 23.758 ], [ 81.689, 23.756 ], [ 81.693, 23.744 ], [ 81.684, 23.734 ], [ 81.688, 23.722 ], [ 81.678, 23.712 ], [ 81.682, 23.7 ], [ 81.673, 23.69 ], [ 81.659, 23.692 ], [ 81.65, 23.682 ], [ 81.654, 23.67 ], [ 81.645, 23.661 ], [ 81.631, 23.663 ], [ 81.622, 23.653 ], [ 81.626, 23.641 ], [ 81.617, 23.631 ], [ 81.621, 23.619 ], [ 81.611, 23.609 ], [ 81.616, 23.597 ], [ 81.606, 23.587 ], [ 81.593, 23.589 ], [ 81.583, 23.579 ], [ 81.587, 23.567 ], [ 81.578, 23.557 ], [ 81.582, 23.545 ], [ 81.596, 23.543 ], [ 81.605, 23.553 ], [ 81.619, 23.551 ], [ 81.623, 23.539 ], [ 81.613, 23.529 ], [ 81.617, 23.517 ], [ 81.608, 23.508 ], [ 81.612, 23.496 ], [ 81.626, 23.493 ], [ 81.63, 23.481 ], [ 81.643, 23.479 ], [ 81.653, 23.489 ], [ 81.649, 23.501 ], [ 81.658, 23.511 ], [ 81.654, 23.523 ], [ 81.663, 23.533 ], [ 81.677, 23.531 ], [ 81.681, 23.519 ], [ 81.695, 23.517 ], [ 81.704, 23.527 ], [ 81.717, 23.525 ], [ 81.727, 23.535 ], [ 81.723, 23.547 ], [ 81.732, 23.557 ], [ 81.746, 23.555 ], [ 81.755, 23.564 ], [ 81.769, 23.562 ], [ 81.773, 23.55 ], [ 81.786, 23.548 ], [ 81.796, 23.558 ], [ 81.809, 23.556 ], [ 81.814, 23.544 ], [ 81.827, 23.542 ], [ 81.831, 23.53 ], [ 81.822, 23.52 ], [ 81.826, 23.508 ], [ 81.839, 23.506 ], [ 81.849, 23.516 ], [ 81.862, 23.514 ], [ 81.872, 23.524 ], [ 81.885, 23.522 ], [ 81.895, 23.532 ], [ 81.908, 23.53 ], [ 81.918, 23.539 ], [ 81.931, 23.537 ], [ 81.936, 23.525 ], [ 81.926, 23.515 ], [ 81.93, 23.503 ], [ 81.944, 23.501 ], [ 81.948, 23.489 ], [ 81.962, 23.487 ], [ 81.966, 23.475 ], [ 81.956, 23.465 ], [ 81.96, 23.453 ], [ 81.974, 23.451 ], [ 81.978, 23.439 ], [ 81.969, 23.429 ], [ 81.973, 23.417 ], [ 81.986, 23.415 ], [ 81.996, 23.425 ], [ 82.009, 23.423 ], [ 82.014, 23.411 ], [ 82.027, 23.409 ], [ 82.031, 23.397 ], [ 82.022, 23.387 ], [ 82.026, 23.375 ], [ 82.04, 23.373 ], [ 82.049, 23.383 ], [ 82.063, 23.381 ], [ 82.072, 23.39 ], [ 82.086, 23.388 ], [ 82.095, 23.398 ], [ 82.109, 23.396 ], [ 82.113, 23.384 ], [ 82.103, 23.374 ], [ 82.107, 23.362 ], [ 82.121, 23.36 ], [ 82.13, 23.37 ], [ 82.144, 23.368 ], [ 82.148, 23.356 ], [ 82.162, 23.354 ], [ 82.166, 23.342 ], [ 82.18, 23.34 ], [ 82.184, 23.327 ], [ 82.197, 23.325 ], [ 82.201, 23.313 ], [ 82.192, 23.303 ], [ 82.196, 23.291 ], [ 82.187, 23.281 ], [ 82.191, 23.269 ], [ 82.181, 23.26 ], [ 82.168, 23.262 ], [ 82.158, 23.252 ], [ 82.162, 23.24 ], [ 82.153, 23.23 ], [ 82.157, 23.218 ], [ 82.148, 23.208 ], [ 82.152, 23.196 ], [ 82.142, 23.186 ], [ 82.146, 23.174 ], [ 82.16, 23.172 ], [ 82.164, 23.16 ], [ 82.155, 23.15 ], [ 82.159, 23.138 ], [ 82.149, 23.128 ], [ 82.136, 23.13 ], [ 82.126, 23.12 ], [ 82.13, 23.108 ], [ 82.121, 23.098 ], [ 82.125, 23.086 ], [ 82.139, 23.084 ], [ 82.143, 23.072 ], [ 82.156, 23.07 ], [ 82.161, 23.058 ], [ 82.174, 23.055 ], [ 82.178, 23.043 ], [ 82.169, 23.033 ], [ 82.173, 23.021 ], [ 82.187, 23.019 ], [ 82.191, 23.007 ], [ 82.181, 22.997 ], [ 82.185, 22.985 ], [ 82.176, 22.975 ], [ 82.18, 22.963 ], [ 82.194, 22.961 ], [ 82.198, 22.949 ], [ 82.211, 22.947 ], [ 82.215, 22.935 ], [ 82.229, 22.932 ], [ 82.238, 22.942 ], [ 82.252, 22.94 ], [ 82.262, 22.95 ], [ 82.275, 22.948 ], [ 82.285, 22.958 ], [ 82.298, 22.956 ], [ 82.308, 22.966 ], [ 82.321, 22.963 ], [ 82.331, 22.973 ], [ 82.326, 22.985 ], [ 82.336, 22.995 ], [ 82.35, 22.993 ], [ 82.359, 23.003 ], [ 82.373, 23.001 ], [ 82.382, 23.011 ], [ 82.396, 23.009 ], [ 82.4, 22.997 ], [ 82.413, 22.994 ], [ 82.418, 22.982 ], [ 82.431, 22.98 ], [ 82.435, 22.968 ], [ 82.449, 22.966 ], [ 82.458, 22.976 ], [ 82.472, 22.974 ], [ 82.476, 22.962 ], [ 82.49, 22.959 ], [ 82.499, 22.969 ], [ 82.513, 22.967 ], [ 82.522, 22.977 ], [ 82.536, 22.975 ], [ 82.545, 22.985 ], [ 82.559, 22.982 ], [ 82.563, 22.97 ], [ 82.554, 22.96 ], [ 82.558, 22.948 ], [ 82.571, 22.946 ], [ 82.575, 22.934 ], [ 82.566, 22.924 ], [ 82.57, 22.912 ], [ 82.584, 22.91 ], [ 82.588, 22.898 ], [ 82.578, 22.888 ], [ 82.582, 22.876 ], [ 82.573, 22.866 ], [ 82.559, 22.868 ], [ 82.55, 22.858 ], [ 82.554, 22.846 ], [ 82.568, 22.844 ], [ 82.572, 22.832 ], [ 82.585, 22.829 ], [ 82.595, 22.839 ], [ 82.608, 22.837 ], [ 82.613, 22.825 ], [ 82.626, 22.823 ], [ 82.63, 22.811 ], [ 82.644, 22.808 ], [ 82.653, 22.818 ] ] ] ] } }
]
}
