{
"type": "FeatureCollection",
"name": "Gujarat",
"crs": { "type": "name", "properties": { "name": "urn:ogc:def:crs:OGC:1.3:CRS84" } },
"features": [
{ "type": "Feature", "properties": { "POLYGON.ID": 17.0, "subregion": "India--Gujarat--Southern Hills_CL30698", "FILTER": "Gujarat", "POLYGON": "India--Gujarat--Southern Hills_CL30698", "COUNTY": "spl_region", "STATE": "Gujarat", "OWNER": null }, "geometry": { "type": "MultiPolygon", "coordinates": [ [ [ [ 74.022, 21.421 ], [ 74.034, 21.419 ], [ 74.042, 21.429 ], [ 74.038, 21.441 ], [ 74.047, 21.451 ], [ 74.059, 21.449 ], [ 74.068, 21.459 ], [ 74.08, 21.457 ], [ 74.084, 21.446 ], [ 74.096, 21.444 ], [ 74.105, 21.454 ], [ 74.117, 21.453 ], [ 74.126, 21.463 ], [ 74.138, 21.461 ], [ 74.146, 21.471 ], [ 74.159, 21.47 ], [ 74.167, 21.479 ], [ 74.18, 21.478 ], [ 74.184, 21.466 ], [ 74.196, 21.465 ], [ 74.205, 21.475 ], [ 74.217, 21.473 ], [ 74.225, 21.483 ], [ 74.238, 21.482 ], [ 74.242, 21.47 ], [ 74.255, 21.468 ], [ 74.263, 21.478 ], [ 74.275, 21.477 ], [ 74.284, 21.487 ], [ 74.296, 21.485 ], [ 74.305, 21.495 ], [ 74.317, 21.494 ], [ 74.325, 21.504 ], [ 74.321, 21.515 ], [ 74.33, 21.525 ], [ 74.326, 21.537 ], [ 74.334, 21.547 ], [ 74.33, 21.558 ], [ 74.318, 21.56 ], [ 74.309, 21.55 ], [ 74.297, 21.551 ], [ 74.293, 21.563 ], [ 74.28, 21.565 ], [ 74.272, 21.555 ], [ 74.276, 21.543 ], [ 74.267, 21.533 ], [ 74.255, 21.535 ], [ 74.251, 21.546 ], [ 74.238, 21.548 ], [ 74.23, 21.538 ], [ 74.218, 21.539 ], [ 74.209, 21.529 ], [ 74.197, 21.531 ], [ 74.193, 21.542 ], [ 74.18, 21.544 ], [ 74.176, 21.556 ], [ 74.164, 21.557 ], [ 74.159, 21.569 ], [ 74.147, 21.57 ], [ 74.139, 21.56 ], [ 74.126, 21.562 ], [ 74.118, 21.552 ], [ 74.105, 21.553 ], [ 74.097, 21.543 ], [ 74.085, 21.545 ], [ 74.081, 21.556 ], [ 74.068, 21.558 ], [ 74.06, 21.548 ], [ 74.047, 21.55 ], [ 74.039, 21.54 ], [ 74.026, 21.541 ], [ 74.022, 21.553 ], [ 74.01, 21.554 ], [ 74.002, 21.544 ], [ 73.989, 21.546 ], [ 73.981, 21.536 ], [ 73.985, 21.524 ], [ 73.977, 21.514 ], [ 73.964, 21.516 ], [ 73.96, 21.527 ], [ 73.948, 21.529 ], [ 73.939, 21.519 ], [ 73.927, 21.521 ], [ 73.919, 21.511 ], [ 73.906, 21.512 ], [ 73.898, 21.502 ], [ 73.885, 21.504 ], [ 73.881, 21.515 ], [ 73.869, 21.517 ], [ 73.861, 21.507 ], [ 73.848, 21.508 ], [ 73.844, 21.52 ], [ 73.832, 21.521 ], [ 73.828, 21.533 ], [ 73.836, 21.543 ], [ 73.832, 21.554 ], [ 73.819, 21.556 ], [ 73.815, 21.567 ], [ 73.824, 21.577 ], [ 73.82, 21.589 ], [ 73.807, 21.59 ], [ 73.803, 21.602 ], [ 73.791, 21.603 ], [ 73.787, 21.615 ], [ 73.795, 21.625 ], [ 73.791, 21.636 ], [ 73.799, 21.646 ], [ 73.812, 21.645 ], [ 73.816, 21.633 ], [ 73.828, 21.632 ], [ 73.836, 21.642 ], [ 73.849, 21.64 ], [ 73.857, 21.65 ], [ 73.87, 21.649 ], [ 73.878, 21.658 ], [ 73.89, 21.657 ], [ 73.899, 21.667 ], [ 73.895, 21.678 ], [ 73.903, 21.688 ], [ 73.899, 21.7 ], [ 73.886, 21.701 ], [ 73.885, 21.705 ], [ 73.881, 21.712 ], [ 73.867, 21.713 ], [ 73.862, 21.723 ], [ 73.848, 21.724 ], [ 73.842, 21.734 ], [ 73.85, 21.744 ], [ 73.844, 21.754 ], [ 73.83, 21.755 ], [ 73.825, 21.766 ], [ 73.832, 21.775 ], [ 73.826, 21.786 ], [ 73.834, 21.795 ], [ 73.828, 21.806 ], [ 73.815, 21.806 ], [ 73.809, 21.817 ], [ 73.795, 21.817 ], [ 73.789, 21.828 ], [ 73.797, 21.837 ], [ 73.811, 21.837 ], [ 73.818, 21.846 ], [ 73.832, 21.846 ], [ 73.838, 21.835 ], [ 73.852, 21.834 ], [ 73.859, 21.844 ], [ 73.873, 21.843 ], [ 73.881, 21.853 ], [ 73.894, 21.852 ], [ 73.902, 21.862 ], [ 73.916, 21.861 ], [ 73.923, 21.87 ], [ 73.937, 21.87 ], [ 73.945, 21.879 ], [ 73.939, 21.89 ], [ 73.925, 21.891 ], [ 73.92, 21.901 ], [ 73.906, 21.902 ], [ 73.9, 21.912 ], [ 73.886, 21.913 ], [ 73.881, 21.923 ], [ 73.867, 21.924 ], [ 73.861, 21.934 ], [ 73.869, 21.944 ], [ 73.863, 21.954 ], [ 73.849, 21.955 ], [ 73.841, 21.946 ], [ 73.828, 21.946 ], [ 73.82, 21.937 ], [ 73.806, 21.938 ], [ 73.799, 21.928 ], [ 73.785, 21.929 ], [ 73.779, 21.939 ], [ 73.787, 21.949 ], [ 73.781, 21.959 ], [ 73.767, 21.96 ], [ 73.761, 21.97 ], [ 73.748, 21.971 ], [ 73.742, 21.982 ], [ 73.728, 21.982 ], [ 73.72, 21.973 ], [ 73.707, 21.973 ], [ 73.701, 21.984 ], [ 73.709, 21.993 ], [ 73.703, 22.004 ], [ 73.689, 22.005 ], [ 73.683, 22.015 ], [ 73.67, 22.016 ], [ 73.664, 22.026 ], [ 73.671, 22.036 ], [ 73.665, 22.046 ], [ 73.652, 22.047 ], [ 73.646, 22.057 ], [ 73.654, 22.067 ], [ 73.648, 22.078 ], [ 73.634, 22.078 ], [ 73.626, 22.069 ], [ 73.613, 22.069 ], [ 73.607, 22.08 ], [ 73.593, 22.081 ], [ 73.585, 22.071 ], [ 73.591, 22.061 ], [ 73.583, 22.051 ], [ 73.57, 22.052 ], [ 73.564, 22.062 ], [ 73.55, 22.063 ], [ 73.542, 22.053 ], [ 73.529, 22.054 ], [ 73.521, 22.044 ], [ 73.507, 22.045 ], [ 73.5, 22.035 ], [ 73.506, 22.025 ], [ 73.498, 22.015 ], [ 73.504, 22.005 ], [ 73.517, 22.004 ], [ 73.523, 21.994 ], [ 73.516, 21.984 ], [ 73.502, 21.985 ], [ 73.494, 21.975 ], [ 73.481, 21.976 ], [ 73.473, 21.966 ], [ 73.459, 21.967 ], [ 73.453, 21.977 ], [ 73.44, 21.978 ], [ 73.432, 21.968 ], [ 73.438, 21.958 ], [ 73.43, 21.948 ], [ 73.436, 21.938 ], [ 73.428, 21.928 ], [ 73.434, 21.918 ], [ 73.427, 21.908 ], [ 73.413, 21.909 ], [ 73.407, 21.919 ], [ 73.393, 21.92 ], [ 73.387, 21.931 ], [ 73.374, 21.931 ], [ 73.366, 21.922 ], [ 73.352, 21.922 ], [ 73.345, 21.913 ], [ 73.351, 21.902 ], [ 73.343, 21.893 ], [ 73.349, 21.882 ], [ 73.341, 21.873 ], [ 73.328, 21.873 ], [ 73.322, 21.884 ], [ 73.308, 21.885 ], [ 73.3, 21.875 ], [ 73.306, 21.864 ], [ 73.299, 21.855 ], [ 73.305, 21.844 ], [ 73.297, 21.835 ], [ 73.303, 21.824 ], [ 73.316, 21.824 ], [ 73.324, 21.833 ], [ 73.338, 21.833 ], [ 73.344, 21.822 ], [ 73.336, 21.813 ], [ 73.342, 21.802 ], [ 73.356, 21.802 ], [ 73.362, 21.791 ], [ 73.375, 21.79 ], [ 73.381, 21.78 ], [ 73.395, 21.779 ], [ 73.401, 21.769 ], [ 73.393, 21.759 ], [ 73.399, 21.749 ], [ 73.413, 21.748 ], [ 73.418, 21.738 ], [ 73.411, 21.728 ], [ 73.397, 21.729 ], [ 73.389, 21.719 ], [ 73.395, 21.709 ], [ 73.409, 21.708 ], [ 73.417, 21.718 ], [ 73.43, 21.717 ], [ 73.436, 21.707 ], [ 73.45, 21.706 ], [ 73.458, 21.716 ], [ 73.471, 21.715 ], [ 73.477, 21.705 ], [ 73.491, 21.704 ], [ 73.497, 21.693 ], [ 73.489, 21.684 ], [ 73.495, 21.674 ], [ 73.487, 21.664 ], [ 73.474, 21.665 ], [ 73.466, 21.655 ], [ 73.472, 21.645 ], [ 73.485, 21.644 ], [ 73.491, 21.634 ], [ 73.484, 21.624 ], [ 73.489, 21.614 ], [ 73.482, 21.604 ], [ 73.468, 21.605 ], [ 73.461, 21.595 ], [ 73.466, 21.585 ], [ 73.459, 21.575 ], [ 73.445, 21.576 ], [ 73.438, 21.566 ], [ 73.443, 21.556 ], [ 73.436, 21.546 ], [ 73.442, 21.536 ], [ 73.455, 21.535 ], [ 73.461, 21.525 ], [ 73.475, 21.524 ], [ 73.481, 21.514 ], [ 73.473, 21.504 ], [ 73.479, 21.494 ], [ 73.492, 21.493 ], [ 73.498, 21.483 ], [ 73.512, 21.482 ], [ 73.518, 21.472 ], [ 73.53, 21.471 ], [ 73.538, 21.48 ], [ 73.551, 21.479 ], [ 73.555, 21.467 ], [ 73.567, 21.466 ], [ 73.575, 21.476 ], [ 73.588, 21.474 ], [ 73.596, 21.484 ], [ 73.608, 21.483 ], [ 73.613, 21.471 ], [ 73.625, 21.47 ], [ 73.633, 21.48 ], [ 73.646, 21.478 ], [ 73.654, 21.488 ], [ 73.666, 21.487 ], [ 73.67, 21.475 ], [ 73.683, 21.474 ], [ 73.687, 21.462 ], [ 73.679, 21.452 ], [ 73.683, 21.441 ], [ 73.695, 21.439 ], [ 73.699, 21.428 ], [ 73.691, 21.418 ], [ 73.695, 21.406 ], [ 73.687, 21.396 ], [ 73.674, 21.398 ], [ 73.666, 21.388 ], [ 73.654, 21.389 ], [ 73.645, 21.379 ], [ 73.633, 21.381 ], [ 73.625, 21.371 ], [ 73.612, 21.373 ], [ 73.604, 21.363 ], [ 73.592, 21.364 ], [ 73.587, 21.376 ], [ 73.575, 21.377 ], [ 73.567, 21.367 ], [ 73.554, 21.369 ], [ 73.546, 21.359 ], [ 73.534, 21.36 ], [ 73.526, 21.35 ], [ 73.513, 21.352 ], [ 73.509, 21.363 ], [ 73.517, 21.373 ], [ 73.513, 21.385 ], [ 73.501, 21.386 ], [ 73.493, 21.376 ], [ 73.48, 21.378 ], [ 73.476, 21.389 ], [ 73.464, 21.391 ], [ 73.456, 21.381 ], [ 73.46, 21.369 ], [ 73.452, 21.359 ], [ 73.439, 21.361 ], [ 73.431, 21.351 ], [ 73.435, 21.339 ], [ 73.427, 21.33 ], [ 73.431, 21.318 ], [ 73.443, 21.317 ], [ 73.447, 21.305 ], [ 73.439, 21.295 ], [ 73.443, 21.284 ], [ 73.435, 21.274 ], [ 73.423, 21.275 ], [ 73.418, 21.287 ], [ 73.406, 21.288 ], [ 73.398, 21.278 ], [ 73.386, 21.28 ], [ 73.377, 21.27 ], [ 73.365, 21.271 ], [ 73.357, 21.261 ], [ 73.361, 21.25 ], [ 73.373, 21.248 ], [ 73.377, 21.237 ], [ 73.369, 21.227 ], [ 73.357, 21.228 ], [ 73.348, 21.218 ], [ 73.336, 21.22 ], [ 73.328, 21.21 ], [ 73.316, 21.212 ], [ 73.307, 21.202 ], [ 73.295, 21.203 ], [ 73.287, 21.193 ], [ 73.291, 21.182 ], [ 73.283, 21.172 ], [ 73.287, 21.16 ], [ 73.278, 21.15 ], [ 73.266, 21.152 ], [ 73.258, 21.142 ], [ 73.262, 21.13 ], [ 73.254, 21.12 ], [ 73.258, 21.109 ], [ 73.25, 21.099 ], [ 73.237, 21.1 ], [ 73.229, 21.09 ], [ 73.217, 21.092 ], [ 73.209, 21.082 ], [ 73.213, 21.071 ], [ 73.204, 21.061 ], [ 73.209, 21.049 ], [ 73.2, 21.039 ], [ 73.204, 21.028 ], [ 73.217, 21.026 ], [ 73.221, 21.015 ], [ 73.233, 21.013 ], [ 73.237, 21.002 ], [ 73.229, 20.992 ], [ 73.233, 20.98 ], [ 73.225, 20.97 ], [ 73.229, 20.959 ], [ 73.241, 20.957 ], [ 73.245, 20.946 ], [ 73.257, 20.944 ], [ 73.262, 20.933 ], [ 73.274, 20.931 ], [ 73.278, 20.92 ], [ 73.29, 20.918 ], [ 73.294, 20.907 ], [ 73.307, 20.905 ], [ 73.311, 20.894 ], [ 73.323, 20.892 ], [ 73.327, 20.88 ], [ 73.319, 20.871 ], [ 73.323, 20.859 ], [ 73.335, 20.857 ], [ 73.343, 20.867 ], [ 73.356, 20.866 ], [ 73.36, 20.854 ], [ 73.351, 20.844 ], [ 73.356, 20.833 ], [ 73.368, 20.831 ], [ 73.372, 20.82 ], [ 73.384, 20.818 ], [ 73.392, 20.828 ], [ 73.405, 20.827 ], [ 73.409, 20.815 ], [ 73.421, 20.814 ], [ 73.429, 20.823 ], [ 73.442, 20.822 ], [ 73.446, 20.81 ], [ 73.458, 20.809 ], [ 73.466, 20.819 ], [ 73.479, 20.817 ], [ 73.483, 20.806 ], [ 73.474, 20.796 ], [ 73.478, 20.784 ], [ 73.491, 20.783 ], [ 73.495, 20.771 ], [ 73.487, 20.761 ], [ 73.491, 20.75 ], [ 73.482, 20.74 ], [ 73.47, 20.741 ], [ 73.462, 20.731 ], [ 73.466, 20.72 ], [ 73.478, 20.718 ], [ 73.482, 20.707 ], [ 73.474, 20.697 ], [ 73.478, 20.685 ], [ 73.49, 20.683 ], [ 73.495, 20.672 ], [ 73.486, 20.662 ], [ 73.49, 20.65 ], [ 73.503, 20.649 ], [ 73.511, 20.659 ], [ 73.507, 20.67 ], [ 73.515, 20.68 ], [ 73.527, 20.679 ], [ 73.532, 20.667 ], [ 73.544, 20.666 ], [ 73.548, 20.654 ], [ 73.56, 20.652 ], [ 73.564, 20.641 ], [ 73.577, 20.639 ], [ 73.585, 20.649 ], [ 73.597, 20.648 ], [ 73.601, 20.636 ], [ 73.614, 20.634 ], [ 73.618, 20.623 ], [ 73.609, 20.613 ], [ 73.613, 20.601 ], [ 73.626, 20.6 ], [ 73.63, 20.588 ], [ 73.642, 20.587 ], [ 73.646, 20.575 ], [ 73.659, 20.573 ], [ 73.663, 20.562 ], [ 73.675, 20.56 ], [ 73.683, 20.57 ], [ 73.696, 20.569 ], [ 73.704, 20.579 ], [ 73.716, 20.577 ], [ 73.72, 20.565 ], [ 73.733, 20.564 ], [ 73.741, 20.574 ], [ 73.753, 20.572 ], [ 73.762, 20.582 ], [ 73.774, 20.58 ], [ 73.782, 20.59 ], [ 73.778, 20.602 ], [ 73.786, 20.612 ], [ 73.799, 20.61 ], [ 73.807, 20.62 ], [ 73.819, 20.619 ], [ 73.828, 20.629 ], [ 73.824, 20.64 ], [ 73.832, 20.65 ], [ 73.828, 20.662 ], [ 73.836, 20.672 ], [ 73.832, 20.683 ], [ 73.82, 20.685 ], [ 73.816, 20.697 ], [ 73.824, 20.707 ], [ 73.836, 20.705 ], [ 73.84, 20.693 ], [ 73.853, 20.692 ], [ 73.861, 20.702 ], [ 73.857, 20.713 ], [ 73.865, 20.723 ], [ 73.878, 20.722 ], [ 73.886, 20.732 ], [ 73.898, 20.73 ], [ 73.902, 20.718 ], [ 73.915, 20.717 ], [ 73.923, 20.727 ], [ 73.935, 20.725 ], [ 73.944, 20.735 ], [ 73.94, 20.747 ], [ 73.948, 20.757 ], [ 73.944, 20.768 ], [ 73.932, 20.77 ], [ 73.927, 20.782 ], [ 73.936, 20.792 ], [ 73.932, 20.803 ], [ 73.94, 20.813 ], [ 73.936, 20.825 ], [ 73.944, 20.835 ], [ 73.94, 20.846 ], [ 73.928, 20.848 ], [ 73.924, 20.859 ], [ 73.932, 20.869 ], [ 73.928, 20.881 ], [ 73.916, 20.883 ], [ 73.911, 20.894 ], [ 73.92, 20.904 ], [ 73.916, 20.916 ], [ 73.903, 20.917 ], [ 73.899, 20.929 ], [ 73.887, 20.93 ], [ 73.883, 20.942 ], [ 73.891, 20.952 ], [ 73.903, 20.95 ], [ 73.912, 20.96 ], [ 73.908, 20.972 ], [ 73.895, 20.973 ], [ 73.891, 20.985 ], [ 73.879, 20.987 ], [ 73.875, 20.998 ], [ 73.862, 21.0 ], [ 73.854, 20.99 ], [ 73.842, 20.991 ], [ 73.838, 21.003 ], [ 73.825, 21.005 ], [ 73.821, 21.016 ], [ 73.809, 21.018 ], [ 73.805, 21.029 ], [ 73.813, 21.039 ], [ 73.809, 21.051 ], [ 73.817, 21.061 ], [ 73.813, 21.072 ], [ 73.801, 21.074 ], [ 73.792, 21.064 ], [ 73.78, 21.065 ], [ 73.776, 21.077 ], [ 73.764, 21.078 ], [ 73.755, 21.069 ], [ 73.743, 21.07 ], [ 73.739, 21.082 ], [ 73.727, 21.083 ], [ 73.722, 21.095 ], [ 73.71, 21.096 ], [ 73.706, 21.108 ], [ 73.694, 21.109 ], [ 73.685, 21.099 ], [ 73.673, 21.101 ], [ 73.669, 21.112 ], [ 73.657, 21.114 ], [ 73.652, 21.126 ], [ 73.64, 21.127 ], [ 73.632, 21.117 ], [ 73.619, 21.119 ], [ 73.615, 21.13 ], [ 73.603, 21.132 ], [ 73.599, 21.143 ], [ 73.587, 21.145 ], [ 73.583, 21.156 ], [ 73.591, 21.166 ], [ 73.603, 21.165 ], [ 73.607, 21.153 ], [ 73.62, 21.152 ], [ 73.624, 21.14 ], [ 73.636, 21.139 ], [ 73.644, 21.149 ], [ 73.657, 21.147 ], [ 73.665, 21.157 ], [ 73.677, 21.155 ], [ 73.681, 21.144 ], [ 73.694, 21.142 ], [ 73.702, 21.152 ], [ 73.714, 21.151 ], [ 73.719, 21.139 ], [ 73.731, 21.138 ], [ 73.739, 21.148 ], [ 73.735, 21.159 ], [ 73.743, 21.169 ], [ 73.756, 21.168 ], [ 73.764, 21.178 ], [ 73.776, 21.176 ], [ 73.785, 21.186 ], [ 73.797, 21.184 ], [ 73.801, 21.173 ], [ 73.814, 21.171 ], [ 73.822, 21.181 ], [ 73.818, 21.193 ], [ 73.826, 21.203 ], [ 73.822, 21.214 ], [ 73.81, 21.216 ], [ 73.806, 21.227 ], [ 73.814, 21.237 ], [ 73.826, 21.236 ], [ 73.835, 21.246 ], [ 73.831, 21.257 ], [ 73.839, 21.267 ], [ 73.851, 21.266 ], [ 73.86, 21.276 ], [ 73.872, 21.274 ], [ 73.876, 21.263 ], [ 73.888, 21.261 ], [ 73.897, 21.271 ], [ 73.909, 21.269 ], [ 73.917, 21.279 ], [ 73.93, 21.278 ], [ 73.938, 21.288 ], [ 73.934, 21.299 ], [ 73.942, 21.309 ], [ 73.938, 21.321 ], [ 73.947, 21.331 ], [ 73.943, 21.342 ], [ 73.951, 21.352 ], [ 73.947, 21.364 ], [ 73.955, 21.374 ], [ 73.951, 21.385 ], [ 73.959, 21.395 ], [ 73.972, 21.394 ], [ 73.98, 21.404 ], [ 73.993, 21.402 ], [ 74.001, 21.412 ], [ 74.013, 21.411 ], [ 74.022, 21.421 ] ] ], [ [ [ 73.068, 20.154 ], [ 73.056, 20.155 ], [ 73.052, 20.167 ], [ 73.06, 20.177 ], [ 73.056, 20.188 ], [ 73.064, 20.198 ], [ 73.06, 20.21 ], [ 73.068, 20.22 ], [ 73.08, 20.218 ], [ 73.088, 20.228 ], [ 73.101, 20.227 ], [ 73.109, 20.237 ], [ 73.105, 20.248 ], [ 73.113, 20.258 ], [ 73.125, 20.257 ], [ 73.133, 20.267 ], [ 73.129, 20.278 ], [ 73.137, 20.288 ], [ 73.15, 20.286 ], [ 73.158, 20.296 ], [ 73.154, 20.308 ], [ 73.142, 20.31 ], [ 73.138, 20.321 ], [ 73.125, 20.323 ], [ 73.117, 20.313 ], [ 73.105, 20.314 ], [ 73.101, 20.326 ], [ 73.109, 20.336 ], [ 73.105, 20.347 ], [ 73.093, 20.349 ], [ 73.085, 20.339 ], [ 73.089, 20.327 ], [ 73.08, 20.317 ], [ 73.068, 20.319 ], [ 73.064, 20.331 ], [ 73.052, 20.332 ], [ 73.044, 20.322 ], [ 73.048, 20.311 ], [ 73.04, 20.301 ], [ 73.027, 20.302 ], [ 73.019, 20.292 ], [ 73.007, 20.294 ], [ 72.999, 20.284 ], [ 72.987, 20.286 ], [ 72.978, 20.276 ], [ 72.966, 20.277 ], [ 72.962, 20.289 ], [ 72.95, 20.29 ], [ 72.942, 20.28 ], [ 72.93, 20.282 ], [ 72.921, 20.272 ], [ 72.926, 20.26 ], [ 72.917, 20.25 ], [ 72.921, 20.239 ], [ 72.934, 20.237 ], [ 72.942, 20.247 ], [ 72.954, 20.246 ], [ 72.958, 20.234 ], [ 72.97, 20.233 ], [ 72.978, 20.243 ], [ 72.991, 20.241 ], [ 72.995, 20.229 ], [ 73.007, 20.228 ], [ 73.011, 20.216 ], [ 73.003, 20.206 ], [ 72.991, 20.208 ], [ 72.987, 20.219 ], [ 72.974, 20.221 ], [ 72.966, 20.211 ], [ 72.97, 20.2 ], [ 72.962, 20.19 ], [ 72.966, 20.178 ], [ 72.978, 20.176 ], [ 72.982, 20.165 ], [ 72.974, 20.155 ], [ 72.978, 20.143 ], [ 72.97, 20.133 ], [ 72.974, 20.122 ], [ 72.986, 20.12 ], [ 72.995, 20.13 ], [ 73.007, 20.129 ], [ 73.011, 20.117 ], [ 73.003, 20.107 ], [ 73.007, 20.096 ], [ 73.019, 20.094 ], [ 73.023, 20.082 ], [ 73.035, 20.081 ], [ 73.039, 20.069 ], [ 73.051, 20.068 ], [ 73.06, 20.078 ], [ 73.056, 20.089 ], [ 73.064, 20.099 ], [ 73.076, 20.098 ], [ 73.08, 20.086 ], [ 73.092, 20.084 ], [ 73.1, 20.094 ], [ 73.113, 20.093 ], [ 73.117, 20.081 ], [ 73.129, 20.08 ], [ 73.133, 20.068 ], [ 73.145, 20.066 ], [ 73.153, 20.076 ], [ 73.166, 20.075 ], [ 73.17, 20.063 ], [ 73.182, 20.062 ], [ 73.19, 20.072 ], [ 73.186, 20.083 ], [ 73.194, 20.093 ], [ 73.206, 20.091 ], [ 73.215, 20.101 ], [ 73.211, 20.113 ], [ 73.198, 20.115 ], [ 73.194, 20.126 ], [ 73.182, 20.128 ], [ 73.178, 20.139 ], [ 73.186, 20.149 ], [ 73.182, 20.161 ], [ 73.19, 20.171 ], [ 73.202, 20.169 ], [ 73.211, 20.179 ], [ 73.207, 20.191 ], [ 73.194, 20.192 ], [ 73.19, 20.204 ], [ 73.178, 20.206 ], [ 73.17, 20.196 ], [ 73.158, 20.197 ], [ 73.154, 20.209 ], [ 73.141, 20.21 ], [ 73.133, 20.2 ], [ 73.137, 20.189 ], [ 73.129, 20.179 ], [ 73.133, 20.167 ], [ 73.125, 20.157 ], [ 73.113, 20.159 ], [ 73.105, 20.149 ], [ 73.092, 20.151 ], [ 73.088, 20.162 ], [ 73.076, 20.164 ], [ 73.068, 20.154 ] ] ], [ [ [ 72.954, 20.312 ], [ 72.966, 20.31 ], [ 72.974, 20.32 ], [ 72.97, 20.332 ], [ 72.958, 20.333 ], [ 72.95, 20.323 ], [ 72.954, 20.312 ] ] ] ] } },
{ "type": "Feature", "properties": { "POLYGON.ID": 80.0, "subregion": "India--Gujarat--Kachchh_CL30367", "FILTER": "Gujarat", "POLYGON": "India--Gujarat--Kachchh_CL30367", "COUNTY": "Kachchh", "STATE": "Gujarat", "OWNER": null }, "geometry": { "type": "MultiPolygon", "coordinates": [ [ [ [ 68.884, 23.004 ], [ 68.891, 22.994 ], [ 68.905, 22.994 ], [ 68.912, 22.983 ], [ 68.926, 22.983 ], [ 68.932, 22.972 ], [ 68.946, 22.972 ], [ 68.953, 22.962 ], [ 68.967, 22.961 ], [ 68.974, 22.951 ], [ 68.988, 22.951 ], [ 68.994, 22.94 ], [ 69.008, 22.94 ], [ 69.015, 22.929 ], [ 69.029, 22.929 ], [ 69.036, 22.919 ], [ 69.049, 22.918 ], [ 69.056, 22.908 ], [ 69.07, 22.908 ], [ 69.077, 22.897 ], [ 69.091, 22.897 ], [ 69.097, 22.886 ], [ 69.111, 22.886 ], [ 69.118, 22.876 ], [ 69.111, 22.866 ], [ 69.117, 22.855 ], [ 69.131, 22.855 ], [ 69.138, 22.865 ], [ 69.152, 22.865 ], [ 69.159, 22.854 ], [ 69.152, 22.844 ], [ 69.158, 22.834 ], [ 69.172, 22.833 ], [ 69.179, 22.823 ], [ 69.193, 22.823 ], [ 69.2, 22.833 ], [ 69.214, 22.832 ], [ 69.221, 22.822 ], [ 69.234, 22.822 ], [ 69.241, 22.811 ], [ 69.255, 22.811 ], [ 69.262, 22.821 ], [ 69.276, 22.82 ], [ 69.283, 22.81 ], [ 69.297, 22.81 ], [ 69.304, 22.82 ], [ 69.318, 22.819 ], [ 69.324, 22.809 ], [ 69.338, 22.808 ], [ 69.345, 22.818 ], [ 69.359, 22.818 ], [ 69.366, 22.808 ], [ 69.38, 22.807 ], [ 69.386, 22.797 ], [ 69.4, 22.796 ], [ 69.407, 22.786 ], [ 69.421, 22.786 ], [ 69.427, 22.775 ], [ 69.441, 22.775 ], [ 69.448, 22.764 ], [ 69.462, 22.764 ], [ 69.468, 22.754 ], [ 69.482, 22.753 ], [ 69.49, 22.763 ], [ 69.503, 22.763 ], [ 69.511, 22.773 ], [ 69.504, 22.783 ], [ 69.511, 22.793 ], [ 69.525, 22.793 ], [ 69.532, 22.782 ], [ 69.546, 22.782 ], [ 69.553, 22.792 ], [ 69.567, 22.791 ], [ 69.574, 22.801 ], [ 69.588, 22.801 ], [ 69.594, 22.791 ], [ 69.608, 22.79 ], [ 69.615, 22.8 ], [ 69.629, 22.8 ], [ 69.636, 22.789 ], [ 69.65, 22.789 ], [ 69.656, 22.778 ], [ 69.67, 22.778 ], [ 69.678, 22.788 ], [ 69.691, 22.788 ], [ 69.699, 22.797 ], [ 69.713, 22.797 ], [ 69.72, 22.807 ], [ 69.734, 22.807 ], [ 69.741, 22.816 ], [ 69.755, 22.816 ], [ 69.761, 22.806 ], [ 69.775, 22.805 ], [ 69.783, 22.815 ], [ 69.776, 22.826 ], [ 69.783, 22.836 ], [ 69.797, 22.835 ], [ 69.804, 22.845 ], [ 69.818, 22.845 ], [ 69.826, 22.855 ], [ 69.839, 22.854 ], [ 69.847, 22.864 ], [ 69.861, 22.864 ], [ 69.867, 22.853 ], [ 69.881, 22.853 ], [ 69.888, 22.863 ], [ 69.902, 22.862 ], [ 69.91, 22.872 ], [ 69.923, 22.872 ], [ 69.931, 22.882 ], [ 69.945, 22.881 ], [ 69.952, 22.891 ], [ 69.966, 22.891 ], [ 69.972, 22.88 ], [ 69.986, 22.88 ], [ 69.994, 22.89 ], [ 70.007, 22.889 ], [ 70.015, 22.899 ], [ 70.029, 22.899 ], [ 70.036, 22.909 ], [ 70.05, 22.908 ], [ 70.057, 22.918 ], [ 70.071, 22.918 ], [ 70.078, 22.907 ], [ 70.092, 22.907 ], [ 70.099, 22.917 ], [ 70.092, 22.927 ], [ 70.1, 22.937 ], [ 70.093, 22.948 ], [ 70.1, 22.958 ], [ 70.114, 22.957 ], [ 70.122, 22.967 ], [ 70.115, 22.978 ], [ 70.122, 22.988 ], [ 70.136, 22.987 ], [ 70.144, 22.997 ], [ 70.137, 23.007 ], [ 70.144, 23.017 ], [ 70.158, 23.017 ], [ 70.166, 23.027 ], [ 70.159, 23.037 ], [ 70.167, 23.047 ], [ 70.18, 23.047 ], [ 70.188, 23.057 ], [ 70.202, 23.056 ], [ 70.209, 23.066 ], [ 70.203, 23.077 ], [ 70.21, 23.087 ], [ 70.203, 23.097 ], [ 70.211, 23.107 ], [ 70.225, 23.107 ], [ 70.232, 23.117 ], [ 70.246, 23.116 ], [ 70.253, 23.126 ], [ 70.247, 23.137 ], [ 70.254, 23.147 ], [ 70.268, 23.146 ], [ 70.276, 23.156 ], [ 70.289, 23.156 ], [ 70.297, 23.166 ], [ 70.311, 23.165 ], [ 70.318, 23.175 ], [ 70.312, 23.186 ], [ 70.319, 23.196 ], [ 70.333, 23.195 ], [ 70.34, 23.205 ], [ 70.354, 23.205 ], [ 70.362, 23.215 ], [ 70.376, 23.214 ], [ 70.382, 23.204 ], [ 70.396, 23.203 ], [ 70.403, 23.193 ], [ 70.417, 23.192 ], [ 70.424, 23.202 ], [ 70.438, 23.202 ], [ 70.445, 23.191 ], [ 70.459, 23.191 ], [ 70.465, 23.18 ], [ 70.479, 23.18 ], [ 70.486, 23.169 ], [ 70.499, 23.169 ], [ 70.506, 23.158 ], [ 70.52, 23.158 ], [ 70.527, 23.168 ], [ 70.541, 23.167 ], [ 70.549, 23.177 ], [ 70.563, 23.177 ], [ 70.569, 23.166 ], [ 70.583, 23.166 ], [ 70.591, 23.176 ], [ 70.604, 23.175 ], [ 70.611, 23.165 ], [ 70.625, 23.164 ], [ 70.632, 23.174 ], [ 70.646, 23.173 ], [ 70.654, 23.183 ], [ 70.647, 23.194 ], [ 70.655, 23.204 ], [ 70.669, 23.203 ], [ 70.676, 23.213 ], [ 70.69, 23.213 ], [ 70.697, 23.202 ], [ 70.711, 23.202 ], [ 70.717, 23.191 ], [ 70.71, 23.181 ], [ 70.696, 23.182 ], [ 70.688, 23.172 ], [ 70.695, 23.161 ], [ 70.687, 23.151 ], [ 70.673, 23.152 ], [ 70.666, 23.142 ], [ 70.672, 23.132 ], [ 70.686, 23.131 ], [ 70.693, 23.121 ], [ 70.707, 23.12 ], [ 70.714, 23.13 ], [ 70.728, 23.129 ], [ 70.735, 23.139 ], [ 70.749, 23.139 ], [ 70.757, 23.149 ], [ 70.771, 23.148 ], [ 70.778, 23.158 ], [ 70.792, 23.158 ], [ 70.8, 23.168 ], [ 70.814, 23.167 ], [ 70.82, 23.157 ], [ 70.813, 23.147 ], [ 70.819, 23.136 ], [ 70.833, 23.136 ], [ 70.839, 23.125 ], [ 70.853, 23.125 ], [ 70.861, 23.135 ], [ 70.875, 23.134 ], [ 70.882, 23.144 ], [ 70.896, 23.143 ], [ 70.904, 23.153 ], [ 70.897, 23.164 ], [ 70.905, 23.174 ], [ 70.919, 23.173 ], [ 70.925, 23.163 ], [ 70.939, 23.162 ], [ 70.947, 23.172 ], [ 70.961, 23.172 ], [ 70.967, 23.161 ], [ 70.981, 23.161 ], [ 70.988, 23.171 ], [ 71.002, 23.17 ], [ 71.01, 23.18 ], [ 71.024, 23.179 ], [ 71.03, 23.169 ], [ 71.044, 23.168 ], [ 71.052, 23.178 ], [ 71.066, 23.178 ], [ 71.073, 23.188 ], [ 71.087, 23.187 ], [ 71.095, 23.197 ], [ 71.088, 23.208 ], [ 71.096, 23.218 ], [ 71.11, 23.217 ], [ 71.116, 23.206 ], [ 71.13, 23.206 ], [ 71.136, 23.195 ], [ 71.15, 23.195 ], [ 71.157, 23.184 ], [ 71.171, 23.184 ], [ 71.178, 23.194 ], [ 71.192, 23.193 ], [ 71.199, 23.183 ], [ 71.213, 23.182 ], [ 71.219, 23.172 ], [ 71.211, 23.162 ], [ 71.218, 23.151 ], [ 71.232, 23.151 ], [ 71.239, 23.16 ], [ 71.253, 23.16 ], [ 71.26, 23.149 ], [ 71.274, 23.149 ], [ 71.281, 23.159 ], [ 71.275, 23.169 ], [ 71.282, 23.179 ], [ 71.296, 23.179 ], [ 71.303, 23.168 ], [ 71.317, 23.168 ], [ 71.324, 23.177 ], [ 71.338, 23.177 ], [ 71.344, 23.166 ], [ 71.358, 23.166 ], [ 71.365, 23.155 ], [ 71.379, 23.155 ], [ 71.385, 23.144 ], [ 71.399, 23.144 ], [ 71.406, 23.154 ], [ 71.42, 23.153 ], [ 71.427, 23.142 ], [ 71.441, 23.142 ], [ 71.447, 23.131 ], [ 71.461, 23.131 ], [ 71.469, 23.141 ], [ 71.483, 23.14 ], [ 71.49, 23.15 ], [ 71.504, 23.149 ], [ 71.512, 23.159 ], [ 71.526, 23.159 ], [ 71.532, 23.148 ], [ 71.546, 23.148 ], [ 71.552, 23.137 ], [ 71.566, 23.137 ], [ 71.572, 23.126 ], [ 71.586, 23.125 ], [ 71.594, 23.135 ], [ 71.608, 23.135 ], [ 71.615, 23.145 ], [ 71.629, 23.144 ], [ 71.636, 23.134 ], [ 71.65, 23.133 ], [ 71.657, 23.143 ], [ 71.671, 23.142 ], [ 71.678, 23.132 ], [ 71.691, 23.131 ], [ 71.698, 23.121 ], [ 71.712, 23.12 ], [ 71.718, 23.109 ], [ 71.732, 23.109 ], [ 71.74, 23.119 ], [ 71.753, 23.118 ], [ 71.761, 23.128 ], [ 71.755, 23.139 ], [ 71.762, 23.148 ], [ 71.756, 23.159 ], [ 71.764, 23.169 ], [ 71.757, 23.179 ], [ 71.743, 23.18 ], [ 71.736, 23.17 ], [ 71.722, 23.171 ], [ 71.714, 23.161 ], [ 71.7, 23.161 ], [ 71.694, 23.172 ], [ 71.702, 23.182 ], [ 71.695, 23.192 ], [ 71.681, 23.193 ], [ 71.675, 23.204 ], [ 71.661, 23.204 ], [ 71.655, 23.215 ], [ 71.662, 23.225 ], [ 71.656, 23.235 ], [ 71.664, 23.245 ], [ 71.678, 23.244 ], [ 71.685, 23.254 ], [ 71.679, 23.265 ], [ 71.665, 23.266 ], [ 71.658, 23.276 ], [ 71.645, 23.277 ], [ 71.638, 23.287 ], [ 71.646, 23.297 ], [ 71.639, 23.308 ], [ 71.647, 23.318 ], [ 71.641, 23.328 ], [ 71.648, 23.338 ], [ 71.642, 23.349 ], [ 71.628, 23.349 ], [ 71.622, 23.36 ], [ 71.608, 23.36 ], [ 71.6, 23.351 ], [ 71.586, 23.351 ], [ 71.58, 23.362 ], [ 71.566, 23.362 ], [ 71.559, 23.373 ], [ 71.567, 23.383 ], [ 71.581, 23.382 ], [ 71.589, 23.392 ], [ 71.582, 23.403 ], [ 71.59, 23.413 ], [ 71.583, 23.423 ], [ 71.569, 23.424 ], [ 71.563, 23.434 ], [ 71.549, 23.435 ], [ 71.543, 23.446 ], [ 71.55, 23.456 ], [ 71.544, 23.466 ], [ 71.53, 23.467 ], [ 71.522, 23.457 ], [ 71.508, 23.457 ], [ 71.502, 23.468 ], [ 71.51, 23.478 ], [ 71.503, 23.488 ], [ 71.511, 23.498 ], [ 71.525, 23.498 ], [ 71.532, 23.508 ], [ 71.526, 23.518 ], [ 71.512, 23.519 ], [ 71.504, 23.509 ], [ 71.49, 23.51 ], [ 71.483, 23.5 ], [ 71.469, 23.5 ], [ 71.461, 23.49 ], [ 71.468, 23.48 ], [ 71.46, 23.47 ], [ 71.446, 23.47 ], [ 71.44, 23.481 ], [ 71.447, 23.491 ], [ 71.441, 23.501 ], [ 71.448, 23.511 ], [ 71.442, 23.522 ], [ 71.45, 23.532 ], [ 71.443, 23.542 ], [ 71.451, 23.552 ], [ 71.444, 23.563 ], [ 71.43, 23.564 ], [ 71.424, 23.574 ], [ 71.431, 23.584 ], [ 71.425, 23.595 ], [ 71.433, 23.605 ], [ 71.426, 23.615 ], [ 71.412, 23.616 ], [ 71.405, 23.606 ], [ 71.391, 23.607 ], [ 71.384, 23.617 ], [ 71.392, 23.627 ], [ 71.385, 23.638 ], [ 71.371, 23.638 ], [ 71.365, 23.649 ], [ 71.351, 23.649 ], [ 71.344, 23.66 ], [ 71.33, 23.661 ], [ 71.323, 23.651 ], [ 71.309, 23.651 ], [ 71.301, 23.641 ], [ 71.287, 23.642 ], [ 71.281, 23.652 ], [ 71.267, 23.653 ], [ 71.259, 23.643 ], [ 71.245, 23.644 ], [ 71.239, 23.654 ], [ 71.225, 23.655 ], [ 71.218, 23.665 ], [ 71.226, 23.675 ], [ 71.219, 23.686 ], [ 71.227, 23.696 ], [ 71.22, 23.706 ], [ 71.228, 23.716 ], [ 71.221, 23.727 ], [ 71.207, 23.728 ], [ 71.201, 23.738 ], [ 71.187, 23.739 ], [ 71.179, 23.729 ], [ 71.165, 23.729 ], [ 71.158, 23.719 ], [ 71.164, 23.709 ], [ 71.157, 23.699 ], [ 71.163, 23.688 ], [ 71.155, 23.678 ], [ 71.141, 23.679 ], [ 71.134, 23.669 ], [ 71.14, 23.658 ], [ 71.133, 23.648 ], [ 71.139, 23.638 ], [ 71.132, 23.628 ], [ 71.118, 23.628 ], [ 71.11, 23.618 ], [ 71.096, 23.619 ], [ 71.088, 23.609 ], [ 71.074, 23.609 ], [ 71.068, 23.62 ], [ 71.054, 23.62 ], [ 71.047, 23.631 ], [ 71.033, 23.631 ], [ 71.027, 23.642 ], [ 71.034, 23.652 ], [ 71.028, 23.663 ], [ 71.036, 23.673 ], [ 71.05, 23.672 ], [ 71.057, 23.682 ], [ 71.071, 23.682 ], [ 71.079, 23.692 ], [ 71.072, 23.702 ], [ 71.058, 23.703 ], [ 71.052, 23.713 ], [ 71.059, 23.723 ], [ 71.053, 23.734 ], [ 71.06, 23.744 ], [ 71.054, 23.755 ], [ 71.061, 23.765 ], [ 71.055, 23.775 ], [ 71.063, 23.785 ], [ 71.056, 23.796 ], [ 71.064, 23.806 ], [ 71.057, 23.816 ], [ 71.065, 23.826 ], [ 71.058, 23.837 ], [ 71.066, 23.847 ], [ 71.08, 23.847 ], [ 71.088, 23.857 ], [ 71.081, 23.867 ], [ 71.089, 23.877 ], [ 71.082, 23.888 ], [ 71.09, 23.898 ], [ 71.104, 23.897 ], [ 71.111, 23.907 ], [ 71.125, 23.907 ], [ 71.133, 23.917 ], [ 71.147, 23.916 ], [ 71.155, 23.926 ], [ 71.169, 23.926 ], [ 71.175, 23.915 ], [ 71.189, 23.915 ], [ 71.197, 23.925 ], [ 71.211, 23.924 ], [ 71.219, 23.934 ], [ 71.233, 23.934 ], [ 71.239, 23.923 ], [ 71.253, 23.922 ], [ 71.261, 23.932 ], [ 71.275, 23.932 ], [ 71.282, 23.921 ], [ 71.296, 23.921 ], [ 71.303, 23.931 ], [ 71.297, 23.941 ], [ 71.305, 23.951 ], [ 71.298, 23.962 ], [ 71.306, 23.972 ], [ 71.32, 23.971 ], [ 71.327, 23.981 ], [ 71.321, 23.992 ], [ 71.307, 23.993 ], [ 71.299, 23.983 ], [ 71.285, 23.983 ], [ 71.279, 23.994 ], [ 71.286, 24.004 ], [ 71.28, 24.015 ], [ 71.287, 24.025 ], [ 71.302, 24.024 ], [ 71.309, 24.034 ], [ 71.303, 24.045 ], [ 71.31, 24.055 ], [ 71.304, 24.065 ], [ 71.312, 24.076 ], [ 71.305, 24.086 ], [ 71.313, 24.096 ], [ 71.327, 24.096 ], [ 71.334, 24.106 ], [ 71.328, 24.116 ], [ 71.314, 24.117 ], [ 71.307, 24.128 ], [ 71.293, 24.128 ], [ 71.287, 24.139 ], [ 71.273, 24.139 ], [ 71.266, 24.15 ], [ 71.274, 24.16 ], [ 71.267, 24.171 ], [ 71.275, 24.181 ], [ 71.289, 24.18 ], [ 71.296, 24.17 ], [ 71.31, 24.169 ], [ 71.316, 24.158 ], [ 71.33, 24.158 ], [ 71.338, 24.168 ], [ 71.352, 24.167 ], [ 71.36, 24.177 ], [ 71.353, 24.188 ], [ 71.339, 24.189 ], [ 71.333, 24.199 ], [ 71.319, 24.2 ], [ 71.312, 24.211 ], [ 71.298, 24.211 ], [ 71.291, 24.222 ], [ 71.299, 24.232 ], [ 71.293, 24.243 ], [ 71.278, 24.243 ], [ 71.272, 24.254 ], [ 71.28, 24.264 ], [ 71.294, 24.263 ], [ 71.301, 24.273 ], [ 71.295, 24.284 ], [ 71.303, 24.294 ], [ 71.296, 24.305 ], [ 71.304, 24.315 ], [ 71.318, 24.314 ], [ 71.326, 24.325 ], [ 71.34, 24.324 ], [ 71.347, 24.334 ], [ 71.362, 24.333 ], [ 71.369, 24.344 ], [ 71.384, 24.343 ], [ 71.391, 24.353 ], [ 71.385, 24.364 ], [ 71.371, 24.364 ], [ 71.364, 24.375 ], [ 71.372, 24.385 ], [ 71.365, 24.396 ], [ 71.351, 24.396 ], [ 71.343, 24.386 ], [ 71.329, 24.387 ], [ 71.323, 24.398 ], [ 71.33, 24.408 ], [ 71.324, 24.418 ], [ 71.332, 24.429 ], [ 71.325, 24.439 ], [ 71.333, 24.449 ], [ 71.326, 24.46 ], [ 71.334, 24.47 ], [ 71.327, 24.481 ], [ 71.335, 24.491 ], [ 71.349, 24.49 ], [ 71.357, 24.501 ], [ 71.35, 24.511 ], [ 71.336, 24.512 ], [ 71.33, 24.523 ], [ 71.316, 24.523 ], [ 71.308, 24.513 ], [ 71.294, 24.514 ], [ 71.286, 24.504 ], [ 71.272, 24.504 ], [ 71.265, 24.515 ], [ 71.273, 24.525 ], [ 71.266, 24.536 ], [ 71.274, 24.546 ], [ 71.288, 24.545 ], [ 71.296, 24.555 ], [ 71.289, 24.566 ], [ 71.297, 24.576 ], [ 71.291, 24.587 ], [ 71.298, 24.597 ], [ 71.292, 24.608 ], [ 71.278, 24.608 ], [ 71.271, 24.619 ], [ 71.257, 24.62 ], [ 71.25, 24.63 ], [ 71.236, 24.631 ], [ 71.229, 24.642 ], [ 71.215, 24.642 ], [ 71.209, 24.653 ], [ 71.194, 24.654 ], [ 71.187, 24.643 ], [ 71.172, 24.644 ], [ 71.166, 24.655 ], [ 71.152, 24.655 ], [ 71.145, 24.666 ], [ 71.131, 24.667 ], [ 71.124, 24.677 ], [ 71.11, 24.678 ], [ 71.103, 24.689 ], [ 71.089, 24.689 ], [ 71.081, 24.679 ], [ 71.067, 24.68 ], [ 71.06, 24.67 ], [ 71.045, 24.67 ], [ 71.038, 24.66 ], [ 71.023, 24.66 ], [ 71.016, 24.65 ], [ 71.001, 24.651 ], [ 70.994, 24.641 ], [ 71.0, 24.63 ], [ 70.993, 24.62 ], [ 70.978, 24.62 ], [ 70.971, 24.61 ], [ 70.977, 24.6 ], [ 70.97, 24.589 ], [ 70.976, 24.579 ], [ 70.969, 24.568 ], [ 70.975, 24.558 ], [ 70.968, 24.548 ], [ 70.974, 24.537 ], [ 70.988, 24.536 ], [ 70.995, 24.526 ], [ 70.987, 24.516 ], [ 70.994, 24.505 ], [ 70.986, 24.495 ], [ 70.993, 24.484 ], [ 70.985, 24.474 ], [ 70.992, 24.463 ], [ 70.984, 24.453 ], [ 70.991, 24.442 ], [ 71.005, 24.442 ], [ 71.011, 24.431 ], [ 71.026, 24.431 ], [ 71.032, 24.42 ], [ 71.046, 24.419 ], [ 71.054, 24.429 ], [ 71.068, 24.429 ], [ 71.075, 24.418 ], [ 71.089, 24.418 ], [ 71.097, 24.428 ], [ 71.111, 24.427 ], [ 71.117, 24.416 ], [ 71.11, 24.406 ], [ 71.096, 24.407 ], [ 71.088, 24.397 ], [ 71.074, 24.397 ], [ 71.066, 24.387 ], [ 71.052, 24.388 ], [ 71.044, 24.378 ], [ 71.051, 24.367 ], [ 71.043, 24.357 ], [ 71.029, 24.357 ], [ 71.022, 24.368 ], [ 71.008, 24.369 ], [ 71.002, 24.379 ], [ 70.987, 24.38 ], [ 70.98, 24.37 ], [ 70.966, 24.37 ], [ 70.958, 24.36 ], [ 70.944, 24.361 ], [ 70.936, 24.351 ], [ 70.922, 24.351 ], [ 70.914, 24.341 ], [ 70.921, 24.33 ], [ 70.913, 24.32 ], [ 70.899, 24.321 ], [ 70.892, 24.311 ], [ 70.877, 24.311 ], [ 70.87, 24.301 ], [ 70.856, 24.302 ], [ 70.848, 24.292 ], [ 70.855, 24.281 ], [ 70.869, 24.28 ], [ 70.875, 24.27 ], [ 70.868, 24.26 ], [ 70.853, 24.26 ], [ 70.846, 24.25 ], [ 70.832, 24.251 ], [ 70.824, 24.24 ], [ 70.81, 24.241 ], [ 70.802, 24.231 ], [ 70.788, 24.231 ], [ 70.781, 24.221 ], [ 70.766, 24.222 ], [ 70.76, 24.232 ], [ 70.746, 24.233 ], [ 70.738, 24.223 ], [ 70.724, 24.223 ], [ 70.717, 24.234 ], [ 70.703, 24.235 ], [ 70.696, 24.224 ], [ 70.681, 24.225 ], [ 70.675, 24.236 ], [ 70.661, 24.236 ], [ 70.654, 24.247 ], [ 70.64, 24.247 ], [ 70.632, 24.237 ], [ 70.618, 24.238 ], [ 70.612, 24.248 ], [ 70.597, 24.249 ], [ 70.591, 24.26 ], [ 70.598, 24.27 ], [ 70.592, 24.28 ], [ 70.599, 24.29 ], [ 70.593, 24.301 ], [ 70.6, 24.311 ], [ 70.594, 24.322 ], [ 70.58, 24.322 ], [ 70.573, 24.333 ], [ 70.58, 24.343 ], [ 70.574, 24.354 ], [ 70.581, 24.364 ], [ 70.596, 24.363 ], [ 70.603, 24.374 ], [ 70.597, 24.384 ], [ 70.604, 24.394 ], [ 70.618, 24.394 ], [ 70.626, 24.404 ], [ 70.619, 24.415 ], [ 70.605, 24.415 ], [ 70.598, 24.426 ], [ 70.584, 24.426 ], [ 70.578, 24.437 ], [ 70.563, 24.438 ], [ 70.556, 24.427 ], [ 70.542, 24.428 ], [ 70.534, 24.418 ], [ 70.52, 24.418 ], [ 70.512, 24.408 ], [ 70.498, 24.409 ], [ 70.491, 24.399 ], [ 70.476, 24.399 ], [ 70.469, 24.389 ], [ 70.455, 24.389 ], [ 70.448, 24.4 ], [ 70.434, 24.401 ], [ 70.426, 24.39 ], [ 70.412, 24.391 ], [ 70.404, 24.381 ], [ 70.39, 24.381 ], [ 70.383, 24.371 ], [ 70.369, 24.372 ], [ 70.361, 24.361 ], [ 70.347, 24.362 ], [ 70.339, 24.352 ], [ 70.325, 24.352 ], [ 70.318, 24.363 ], [ 70.304, 24.363 ], [ 70.297, 24.353 ], [ 70.283, 24.354 ], [ 70.275, 24.344 ], [ 70.261, 24.344 ], [ 70.253, 24.334 ], [ 70.239, 24.334 ], [ 70.232, 24.324 ], [ 70.217, 24.325 ], [ 70.211, 24.335 ], [ 70.197, 24.336 ], [ 70.189, 24.326 ], [ 70.175, 24.326 ], [ 70.167, 24.316 ], [ 70.153, 24.317 ], [ 70.146, 24.306 ], [ 70.132, 24.307 ], [ 70.125, 24.318 ], [ 70.111, 24.318 ], [ 70.103, 24.308 ], [ 70.11, 24.297 ], [ 70.102, 24.287 ], [ 70.088, 24.288 ], [ 70.081, 24.277 ], [ 70.087, 24.267 ], [ 70.08, 24.257 ], [ 70.087, 24.246 ], [ 70.079, 24.236 ], [ 70.065, 24.236 ], [ 70.057, 24.226 ], [ 70.064, 24.216 ], [ 70.057, 24.205 ], [ 70.043, 24.206 ], [ 70.035, 24.196 ], [ 70.042, 24.185 ], [ 70.034, 24.175 ], [ 70.02, 24.175 ], [ 70.013, 24.186 ], [ 69.999, 24.187 ], [ 69.992, 24.176 ], [ 69.978, 24.177 ], [ 69.971, 24.187 ], [ 69.957, 24.188 ], [ 69.949, 24.178 ], [ 69.935, 24.178 ], [ 69.929, 24.189 ], [ 69.914, 24.189 ], [ 69.907, 24.179 ], [ 69.893, 24.18 ], [ 69.886, 24.19 ], [ 69.872, 24.191 ], [ 69.864, 24.18 ], [ 69.85, 24.181 ], [ 69.843, 24.171 ], [ 69.829, 24.171 ], [ 69.822, 24.182 ], [ 69.808, 24.182 ], [ 69.8, 24.172 ], [ 69.786, 24.173 ], [ 69.78, 24.183 ], [ 69.765, 24.184 ], [ 69.758, 24.173 ], [ 69.744, 24.174 ], [ 69.737, 24.184 ], [ 69.723, 24.185 ], [ 69.716, 24.196 ], [ 69.724, 24.206 ], [ 69.717, 24.216 ], [ 69.703, 24.217 ], [ 69.696, 24.227 ], [ 69.682, 24.228 ], [ 69.675, 24.238 ], [ 69.661, 24.239 ], [ 69.654, 24.249 ], [ 69.662, 24.26 ], [ 69.655, 24.27 ], [ 69.641, 24.271 ], [ 69.634, 24.281 ], [ 69.62, 24.282 ], [ 69.613, 24.292 ], [ 69.599, 24.293 ], [ 69.592, 24.303 ], [ 69.578, 24.304 ], [ 69.57, 24.294 ], [ 69.556, 24.294 ], [ 69.549, 24.284 ], [ 69.535, 24.284 ], [ 69.527, 24.274 ], [ 69.513, 24.274 ], [ 69.506, 24.285 ], [ 69.492, 24.285 ], [ 69.485, 24.275 ], [ 69.471, 24.276 ], [ 69.464, 24.286 ], [ 69.45, 24.287 ], [ 69.443, 24.297 ], [ 69.429, 24.298 ], [ 69.421, 24.288 ], [ 69.407, 24.288 ], [ 69.4, 24.278 ], [ 69.386, 24.278 ], [ 69.379, 24.289 ], [ 69.365, 24.289 ], [ 69.357, 24.279 ], [ 69.343, 24.279 ], [ 69.336, 24.29 ], [ 69.322, 24.29 ], [ 69.315, 24.301 ], [ 69.301, 24.301 ], [ 69.294, 24.291 ], [ 69.28, 24.292 ], [ 69.272, 24.281 ], [ 69.258, 24.282 ], [ 69.251, 24.272 ], [ 69.237, 24.272 ], [ 69.229, 24.262 ], [ 69.215, 24.262 ], [ 69.208, 24.252 ], [ 69.194, 24.252 ], [ 69.187, 24.263 ], [ 69.173, 24.263 ], [ 69.165, 24.253 ], [ 69.151, 24.254 ], [ 69.144, 24.264 ], [ 69.13, 24.264 ], [ 69.123, 24.275 ], [ 69.109, 24.275 ], [ 69.102, 24.286 ], [ 69.088, 24.286 ], [ 69.081, 24.276 ], [ 69.067, 24.277 ], [ 69.059, 24.266 ], [ 69.045, 24.267 ], [ 69.038, 24.257 ], [ 69.024, 24.257 ], [ 69.016, 24.247 ], [ 69.023, 24.236 ], [ 69.016, 24.226 ], [ 69.002, 24.226 ], [ 68.995, 24.237 ], [ 69.002, 24.247 ], [ 68.995, 24.258 ], [ 68.981, 24.258 ], [ 68.974, 24.269 ], [ 68.982, 24.279 ], [ 68.975, 24.289 ], [ 68.961, 24.29 ], [ 68.954, 24.3 ], [ 68.961, 24.311 ], [ 68.954, 24.321 ], [ 68.94, 24.321 ], [ 68.933, 24.311 ], [ 68.918, 24.312 ], [ 68.911, 24.301 ], [ 68.897, 24.302 ], [ 68.89, 24.292 ], [ 68.897, 24.281 ], [ 68.889, 24.271 ], [ 68.896, 24.26 ], [ 68.889, 24.25 ], [ 68.875, 24.25 ], [ 68.867, 24.24 ], [ 68.853, 24.241 ], [ 68.846, 24.251 ], [ 68.854, 24.261 ], [ 68.847, 24.272 ], [ 68.854, 24.282 ], [ 68.847, 24.293 ], [ 68.854, 24.303 ], [ 68.848, 24.313 ], [ 68.833, 24.314 ], [ 68.827, 24.324 ], [ 68.812, 24.325 ], [ 68.805, 24.315 ], [ 68.791, 24.315 ], [ 68.784, 24.305 ], [ 68.769, 24.305 ], [ 68.762, 24.295 ], [ 68.748, 24.295 ], [ 68.741, 24.285 ], [ 68.748, 24.274 ], [ 68.762, 24.274 ], [ 68.769, 24.263 ], [ 68.761, 24.253 ], [ 68.747, 24.254 ], [ 68.74, 24.243 ], [ 68.747, 24.233 ], [ 68.74, 24.223 ], [ 68.746, 24.212 ], [ 68.739, 24.202 ], [ 68.746, 24.191 ], [ 68.739, 24.181 ], [ 68.746, 24.171 ], [ 68.738, 24.16 ], [ 68.745, 24.15 ], [ 68.738, 24.14 ], [ 68.745, 24.129 ], [ 68.738, 24.119 ], [ 68.745, 24.108 ], [ 68.737, 24.098 ], [ 68.744, 24.088 ], [ 68.737, 24.077 ], [ 68.744, 24.067 ], [ 68.737, 24.057 ], [ 68.743, 24.046 ], [ 68.736, 24.036 ], [ 68.743, 24.026 ], [ 68.736, 24.015 ], [ 68.743, 24.005 ], [ 68.735, 23.995 ], [ 68.742, 23.984 ], [ 68.735, 23.974 ], [ 68.721, 23.974 ], [ 68.714, 23.985 ], [ 68.7, 23.985 ], [ 68.693, 23.975 ], [ 68.679, 23.975 ], [ 68.672, 23.986 ], [ 68.658, 23.986 ], [ 68.65, 23.976 ], [ 68.636, 23.976 ], [ 68.629, 23.987 ], [ 68.615, 23.987 ], [ 68.608, 23.977 ], [ 68.594, 23.977 ], [ 68.587, 23.988 ], [ 68.573, 23.988 ], [ 68.566, 23.978 ], [ 68.552, 23.978 ], [ 68.545, 23.989 ], [ 68.531, 23.989 ], [ 68.524, 23.979 ], [ 68.509, 23.979 ], [ 68.503, 23.99 ], [ 68.488, 23.99 ], [ 68.481, 23.98 ], [ 68.467, 23.98 ], [ 68.46, 23.991 ], [ 68.446, 23.991 ], [ 68.439, 23.981 ], [ 68.425, 23.981 ], [ 68.418, 23.971 ], [ 68.404, 23.971 ], [ 68.397, 23.982 ], [ 68.383, 23.982 ], [ 68.376, 23.993 ], [ 68.362, 23.993 ], [ 68.354, 23.983 ], [ 68.34, 23.983 ], [ 68.333, 23.973 ], [ 68.319, 23.973 ], [ 68.312, 23.963 ], [ 68.319, 23.953 ], [ 68.312, 23.942 ], [ 68.298, 23.943 ], [ 68.29, 23.933 ], [ 68.276, 23.933 ], [ 68.269, 23.923 ], [ 68.255, 23.923 ], [ 68.248, 23.913 ], [ 68.234, 23.913 ], [ 68.227, 23.903 ], [ 68.213, 23.903 ], [ 68.205, 23.893 ], [ 68.212, 23.883 ], [ 68.205, 23.872 ], [ 68.191, 23.873 ], [ 68.184, 23.863 ], [ 68.191, 23.852 ], [ 68.184, 23.842 ], [ 68.191, 23.831 ], [ 68.184, 23.821 ], [ 68.191, 23.811 ], [ 68.183, 23.801 ], [ 68.19, 23.79 ], [ 68.183, 23.78 ], [ 68.19, 23.77 ], [ 68.183, 23.759 ], [ 68.19, 23.749 ], [ 68.183, 23.739 ], [ 68.169, 23.739 ], [ 68.162, 23.729 ], [ 68.169, 23.719 ], [ 68.161, 23.708 ], [ 68.168, 23.698 ], [ 68.161, 23.688 ], [ 68.147, 23.688 ], [ 68.14, 23.699 ], [ 68.126, 23.699 ], [ 68.119, 23.689 ], [ 68.105, 23.689 ], [ 68.098, 23.679 ], [ 68.084, 23.679 ], [ 68.077, 23.669 ], [ 68.084, 23.659 ], [ 68.077, 23.648 ], [ 68.084, 23.638 ], [ 68.098, 23.638 ], [ 68.105, 23.627 ], [ 68.097, 23.617 ], [ 68.104, 23.607 ], [ 68.118, 23.606 ], [ 68.125, 23.596 ], [ 68.139, 23.596 ], [ 68.146, 23.585 ], [ 68.16, 23.585 ], [ 68.167, 23.574 ], [ 68.181, 23.574 ], [ 68.188, 23.584 ], [ 68.202, 23.584 ], [ 68.209, 23.574 ], [ 68.223, 23.573 ], [ 68.23, 23.583 ], [ 68.244, 23.583 ], [ 68.251, 23.573 ], [ 68.265, 23.572 ], [ 68.272, 23.582 ], [ 68.286, 23.582 ], [ 68.293, 23.572 ], [ 68.286, 23.562 ], [ 68.293, 23.551 ], [ 68.307, 23.551 ], [ 68.314, 23.54 ], [ 68.307, 23.53 ], [ 68.314, 23.52 ], [ 68.306, 23.51 ], [ 68.313, 23.499 ], [ 68.306, 23.489 ], [ 68.313, 23.479 ], [ 68.327, 23.479 ], [ 68.334, 23.489 ], [ 68.348, 23.488 ], [ 68.355, 23.478 ], [ 68.369, 23.478 ], [ 68.376, 23.488 ], [ 68.39, 23.487 ], [ 68.397, 23.477 ], [ 68.39, 23.467 ], [ 68.397, 23.456 ], [ 68.39, 23.446 ], [ 68.397, 23.436 ], [ 68.389, 23.426 ], [ 68.396, 23.415 ], [ 68.389, 23.405 ], [ 68.396, 23.395 ], [ 68.41, 23.395 ], [ 68.417, 23.405 ], [ 68.431, 23.404 ], [ 68.438, 23.394 ], [ 68.452, 23.394 ], [ 68.459, 23.383 ], [ 68.452, 23.373 ], [ 68.458, 23.363 ], [ 68.472, 23.362 ], [ 68.479, 23.352 ], [ 68.472, 23.342 ], [ 68.479, 23.331 ], [ 68.493, 23.331 ], [ 68.5, 23.321 ], [ 68.493, 23.311 ], [ 68.499, 23.3 ], [ 68.492, 23.29 ], [ 68.499, 23.28 ], [ 68.513, 23.279 ], [ 68.52, 23.269 ], [ 68.513, 23.259 ], [ 68.52, 23.249 ], [ 68.534, 23.248 ], [ 68.54, 23.238 ], [ 68.554, 23.237 ], [ 68.561, 23.227 ], [ 68.575, 23.227 ], [ 68.582, 23.216 ], [ 68.575, 23.206 ], [ 68.582, 23.196 ], [ 68.596, 23.196 ], [ 68.602, 23.185 ], [ 68.616, 23.185 ], [ 68.623, 23.174 ], [ 68.616, 23.164 ], [ 68.623, 23.154 ], [ 68.637, 23.154 ], [ 68.643, 23.143 ], [ 68.657, 23.143 ], [ 68.664, 23.133 ], [ 68.678, 23.132 ], [ 68.685, 23.122 ], [ 68.699, 23.121 ], [ 68.706, 23.111 ], [ 68.719, 23.111 ], [ 68.726, 23.1 ], [ 68.719, 23.09 ], [ 68.726, 23.08 ], [ 68.74, 23.08 ], [ 68.747, 23.069 ], [ 68.76, 23.069 ], [ 68.767, 23.058 ], [ 68.781, 23.058 ], [ 68.788, 23.048 ], [ 68.802, 23.047 ], [ 68.809, 23.037 ], [ 68.822, 23.037 ], [ 68.829, 23.026 ], [ 68.843, 23.026 ], [ 68.85, 23.015 ], [ 68.864, 23.015 ], [ 68.871, 23.005 ], [ 68.884, 23.004 ] ] ], [ [ [ 70.944, 23.131 ], [ 70.958, 23.131 ], [ 70.966, 23.141 ], [ 70.959, 23.151 ], [ 70.946, 23.152 ], [ 70.938, 23.142 ], [ 70.944, 23.131 ] ] ] ] } },
{ "type": "Feature", "properties": { "POLYGON.ID": 79.0, "subregion": "India--Gujarat--Northern Forest_CL30365", "FILTER": "Gujarat", "POLYGON": "India--Gujarat--Northern Forest_CL30365", "COUNTY": "spl_region", "STATE": "Gujarat", "OWNER": null }, "geometry": { "type": "MultiPolygon", "coordinates": [ [ [ [ 73.197, 24.35 ], [ 73.205, 24.36 ], [ 73.199, 24.371 ], [ 73.185, 24.372 ], [ 73.177, 24.362 ], [ 73.163, 24.362 ], [ 73.155, 24.352 ], [ 73.141, 24.353 ], [ 73.134, 24.364 ], [ 73.12, 24.365 ], [ 73.114, 24.375 ], [ 73.1, 24.376 ], [ 73.094, 24.387 ], [ 73.079, 24.388 ], [ 73.073, 24.398 ], [ 73.081, 24.409 ], [ 73.095, 24.408 ], [ 73.103, 24.418 ], [ 73.097, 24.429 ], [ 73.105, 24.439 ], [ 73.099, 24.449 ], [ 73.107, 24.459 ], [ 73.1, 24.47 ], [ 73.086, 24.471 ], [ 73.08, 24.482 ], [ 73.066, 24.482 ], [ 73.058, 24.472 ], [ 73.044, 24.473 ], [ 73.036, 24.463 ], [ 73.022, 24.464 ], [ 73.015, 24.475 ], [ 73.001, 24.475 ], [ 72.993, 24.465 ], [ 72.979, 24.466 ], [ 72.971, 24.456 ], [ 72.977, 24.445 ], [ 72.969, 24.435 ], [ 72.976, 24.425 ], [ 72.968, 24.414 ], [ 72.954, 24.415 ], [ 72.946, 24.405 ], [ 72.952, 24.394 ], [ 72.966, 24.394 ], [ 72.972, 24.383 ], [ 72.964, 24.373 ], [ 72.971, 24.362 ], [ 72.963, 24.352 ], [ 72.948, 24.353 ], [ 72.941, 24.343 ], [ 72.926, 24.344 ], [ 72.918, 24.334 ], [ 72.904, 24.334 ], [ 72.898, 24.345 ], [ 72.884, 24.346 ], [ 72.878, 24.357 ], [ 72.863, 24.357 ], [ 72.857, 24.368 ], [ 72.843, 24.369 ], [ 72.837, 24.38 ], [ 72.823, 24.38 ], [ 72.815, 24.37 ], [ 72.801, 24.371 ], [ 72.793, 24.361 ], [ 72.778, 24.362 ], [ 72.772, 24.372 ], [ 72.758, 24.373 ], [ 72.75, 24.363 ], [ 72.736, 24.364 ], [ 72.73, 24.375 ], [ 72.716, 24.375 ], [ 72.709, 24.386 ], [ 72.695, 24.387 ], [ 72.689, 24.397 ], [ 72.697, 24.408 ], [ 72.69, 24.418 ], [ 72.676, 24.419 ], [ 72.67, 24.43 ], [ 72.678, 24.44 ], [ 72.672, 24.451 ], [ 72.679, 24.461 ], [ 72.673, 24.471 ], [ 72.659, 24.472 ], [ 72.651, 24.462 ], [ 72.637, 24.463 ], [ 72.631, 24.474 ], [ 72.616, 24.474 ], [ 72.608, 24.464 ], [ 72.594, 24.465 ], [ 72.588, 24.476 ], [ 72.574, 24.476 ], [ 72.567, 24.487 ], [ 72.553, 24.488 ], [ 72.547, 24.499 ], [ 72.555, 24.509 ], [ 72.548, 24.519 ], [ 72.534, 24.52 ], [ 72.526, 24.51 ], [ 72.533, 24.499 ], [ 72.525, 24.489 ], [ 72.511, 24.49 ], [ 72.503, 24.48 ], [ 72.509, 24.469 ], [ 72.501, 24.459 ], [ 72.508, 24.448 ], [ 72.5, 24.438 ], [ 72.506, 24.427 ], [ 72.498, 24.417 ], [ 72.484, 24.418 ], [ 72.476, 24.408 ], [ 72.462, 24.409 ], [ 72.456, 24.42 ], [ 72.463, 24.43 ], [ 72.457, 24.44 ], [ 72.443, 24.441 ], [ 72.437, 24.452 ], [ 72.444, 24.462 ], [ 72.438, 24.473 ], [ 72.446, 24.483 ], [ 72.44, 24.493 ], [ 72.447, 24.503 ], [ 72.441, 24.514 ], [ 72.427, 24.515 ], [ 72.421, 24.526 ], [ 72.406, 24.526 ], [ 72.399, 24.516 ], [ 72.384, 24.517 ], [ 72.378, 24.528 ], [ 72.364, 24.528 ], [ 72.357, 24.539 ], [ 72.365, 24.549 ], [ 72.359, 24.56 ], [ 72.345, 24.561 ], [ 72.337, 24.551 ], [ 72.323, 24.551 ], [ 72.315, 24.541 ], [ 72.301, 24.542 ], [ 72.294, 24.553 ], [ 72.28, 24.553 ], [ 72.274, 24.564 ], [ 72.259, 24.565 ], [ 72.253, 24.576 ], [ 72.261, 24.586 ], [ 72.254, 24.596 ], [ 72.262, 24.607 ], [ 72.277, 24.606 ], [ 72.284, 24.616 ], [ 72.278, 24.627 ], [ 72.264, 24.627 ], [ 72.257, 24.638 ], [ 72.243, 24.639 ], [ 72.235, 24.629 ], [ 72.221, 24.629 ], [ 72.213, 24.619 ], [ 72.199, 24.62 ], [ 72.191, 24.61 ], [ 72.177, 24.611 ], [ 72.171, 24.621 ], [ 72.156, 24.622 ], [ 72.15, 24.633 ], [ 72.136, 24.633 ], [ 72.129, 24.644 ], [ 72.115, 24.645 ], [ 72.109, 24.656 ], [ 72.094, 24.656 ], [ 72.088, 24.667 ], [ 72.096, 24.677 ], [ 72.089, 24.688 ], [ 72.097, 24.698 ], [ 72.091, 24.709 ], [ 72.077, 24.71 ], [ 72.07, 24.72 ], [ 72.056, 24.721 ], [ 72.048, 24.711 ], [ 72.034, 24.712 ], [ 72.026, 24.701 ], [ 72.012, 24.702 ], [ 72.004, 24.692 ], [ 71.99, 24.693 ], [ 71.982, 24.682 ], [ 71.988, 24.672 ], [ 71.98, 24.662 ], [ 71.966, 24.662 ], [ 71.958, 24.652 ], [ 71.965, 24.641 ], [ 71.957, 24.631 ], [ 71.943, 24.632 ], [ 71.936, 24.643 ], [ 71.922, 24.643 ], [ 71.916, 24.654 ], [ 71.924, 24.664 ], [ 71.917, 24.675 ], [ 71.903, 24.676 ], [ 71.896, 24.686 ], [ 71.882, 24.687 ], [ 71.874, 24.677 ], [ 71.86, 24.678 ], [ 71.852, 24.667 ], [ 71.859, 24.657 ], [ 71.851, 24.647 ], [ 71.857, 24.636 ], [ 71.85, 24.626 ], [ 71.835, 24.626 ], [ 71.828, 24.616 ], [ 71.813, 24.617 ], [ 71.807, 24.628 ], [ 71.815, 24.638 ], [ 71.808, 24.648 ], [ 71.816, 24.659 ], [ 71.81, 24.669 ], [ 71.795, 24.67 ], [ 71.789, 24.681 ], [ 71.775, 24.681 ], [ 71.767, 24.671 ], [ 71.753, 24.672 ], [ 71.745, 24.662 ], [ 71.731, 24.662 ], [ 71.723, 24.652 ], [ 71.709, 24.653 ], [ 71.702, 24.664 ], [ 71.688, 24.664 ], [ 71.68, 24.654 ], [ 71.666, 24.655 ], [ 71.658, 24.645 ], [ 71.644, 24.645 ], [ 71.637, 24.656 ], [ 71.623, 24.657 ], [ 71.617, 24.667 ], [ 71.602, 24.668 ], [ 71.596, 24.679 ], [ 71.582, 24.679 ], [ 71.575, 24.69 ], [ 71.561, 24.691 ], [ 71.553, 24.681 ], [ 71.539, 24.681 ], [ 71.532, 24.692 ], [ 71.518, 24.693 ], [ 71.51, 24.682 ], [ 71.496, 24.683 ], [ 71.488, 24.673 ], [ 71.474, 24.673 ], [ 71.466, 24.663 ], [ 71.452, 24.664 ], [ 71.444, 24.654 ], [ 71.43, 24.654 ], [ 71.422, 24.644 ], [ 71.408, 24.645 ], [ 71.4, 24.635 ], [ 71.386, 24.635 ], [ 71.378, 24.625 ], [ 71.364, 24.626 ], [ 71.358, 24.636 ], [ 71.365, 24.647 ], [ 71.359, 24.657 ], [ 71.345, 24.658 ], [ 71.337, 24.648 ], [ 71.323, 24.648 ], [ 71.315, 24.638 ], [ 71.301, 24.639 ], [ 71.293, 24.629 ], [ 71.299, 24.618 ], [ 71.292, 24.608 ], [ 71.298, 24.597 ], [ 71.291, 24.587 ], [ 71.297, 24.576 ], [ 71.289, 24.566 ], [ 71.296, 24.555 ], [ 71.288, 24.545 ], [ 71.274, 24.546 ], [ 71.266, 24.536 ], [ 71.273, 24.525 ], [ 71.265, 24.515 ], [ 71.272, 24.504 ], [ 71.286, 24.504 ], [ 71.294, 24.514 ], [ 71.308, 24.513 ], [ 71.316, 24.523 ], [ 71.33, 24.523 ], [ 71.336, 24.512 ], [ 71.35, 24.511 ], [ 71.357, 24.501 ], [ 71.349, 24.49 ], [ 71.335, 24.491 ], [ 71.327, 24.481 ], [ 71.334, 24.47 ], [ 71.326, 24.46 ], [ 71.333, 24.449 ], [ 71.325, 24.439 ], [ 71.332, 24.429 ], [ 71.324, 24.418 ], [ 71.33, 24.408 ], [ 71.323, 24.398 ], [ 71.329, 24.387 ], [ 71.343, 24.386 ], [ 71.351, 24.396 ], [ 71.365, 24.396 ], [ 71.372, 24.385 ], [ 71.364, 24.375 ], [ 71.371, 24.364 ], [ 71.385, 24.364 ], [ 71.391, 24.353 ], [ 71.384, 24.343 ], [ 71.369, 24.344 ], [ 71.362, 24.333 ], [ 71.347, 24.334 ], [ 71.34, 24.324 ], [ 71.326, 24.325 ], [ 71.318, 24.314 ], [ 71.304, 24.315 ], [ 71.296, 24.305 ], [ 71.303, 24.294 ], [ 71.295, 24.284 ], [ 71.301, 24.273 ], [ 71.294, 24.263 ], [ 71.28, 24.264 ], [ 71.272, 24.254 ], [ 71.278, 24.243 ], [ 71.293, 24.243 ], [ 71.299, 24.232 ], [ 71.291, 24.222 ], [ 71.298, 24.211 ], [ 71.312, 24.211 ], [ 71.319, 24.2 ], [ 71.333, 24.199 ], [ 71.339, 24.189 ], [ 71.353, 24.188 ], [ 71.36, 24.177 ], [ 71.352, 24.167 ], [ 71.338, 24.168 ], [ 71.33, 24.158 ], [ 71.316, 24.158 ], [ 71.31, 24.169 ], [ 71.296, 24.17 ], [ 71.289, 24.18 ], [ 71.275, 24.181 ], [ 71.267, 24.171 ], [ 71.274, 24.16 ], [ 71.266, 24.15 ], [ 71.273, 24.139 ], [ 71.287, 24.139 ], [ 71.293, 24.128 ], [ 71.307, 24.128 ], [ 71.314, 24.117 ], [ 71.328, 24.116 ], [ 71.334, 24.106 ], [ 71.327, 24.096 ], [ 71.313, 24.096 ], [ 71.305, 24.086 ], [ 71.312, 24.076 ], [ 71.304, 24.065 ], [ 71.31, 24.055 ], [ 71.303, 24.045 ], [ 71.309, 24.034 ], [ 71.302, 24.024 ], [ 71.287, 24.025 ], [ 71.28, 24.015 ], [ 71.286, 24.004 ], [ 71.279, 23.994 ], [ 71.285, 23.983 ], [ 71.299, 23.983 ], [ 71.307, 23.993 ], [ 71.321, 23.992 ], [ 71.327, 23.981 ], [ 71.342, 23.981 ], [ 71.348, 23.97 ], [ 71.362, 23.97 ], [ 71.369, 23.959 ], [ 71.383, 23.958 ], [ 71.39, 23.968 ], [ 71.404, 23.968 ], [ 71.411, 23.957 ], [ 71.403, 23.947 ], [ 71.41, 23.937 ], [ 71.424, 23.936 ], [ 71.431, 23.946 ], [ 71.446, 23.945 ], [ 71.453, 23.955 ], [ 71.447, 23.966 ], [ 71.454, 23.976 ], [ 71.448, 23.987 ], [ 71.456, 23.997 ], [ 71.449, 24.007 ], [ 71.457, 24.018 ], [ 71.471, 24.017 ], [ 71.479, 24.027 ], [ 71.493, 24.026 ], [ 71.499, 24.016 ], [ 71.491, 24.006 ], [ 71.498, 23.995 ], [ 71.49, 23.985 ], [ 71.497, 23.974 ], [ 71.511, 23.974 ], [ 71.518, 23.984 ], [ 71.533, 23.983 ], [ 71.54, 23.993 ], [ 71.554, 23.993 ], [ 71.561, 23.982 ], [ 71.575, 23.981 ], [ 71.581, 23.971 ], [ 71.595, 23.97 ], [ 71.602, 23.959 ], [ 71.594, 23.949 ], [ 71.601, 23.939 ], [ 71.615, 23.938 ], [ 71.622, 23.948 ], [ 71.636, 23.948 ], [ 71.644, 23.958 ], [ 71.658, 23.957 ], [ 71.666, 23.967 ], [ 71.68, 23.966 ], [ 71.686, 23.956 ], [ 71.701, 23.955 ], [ 71.707, 23.945 ], [ 71.699, 23.934 ], [ 71.706, 23.924 ], [ 71.72, 23.923 ], [ 71.726, 23.913 ], [ 71.718, 23.903 ], [ 71.725, 23.892 ], [ 71.717, 23.882 ], [ 71.724, 23.871 ], [ 71.716, 23.861 ], [ 71.722, 23.851 ], [ 71.736, 23.85 ], [ 71.743, 23.839 ], [ 71.757, 23.839 ], [ 71.763, 23.828 ], [ 71.777, 23.827 ], [ 71.785, 23.837 ], [ 71.779, 23.848 ], [ 71.786, 23.858 ], [ 71.8, 23.858 ], [ 71.807, 23.847 ], [ 71.821, 23.846 ], [ 71.827, 23.836 ], [ 71.841, 23.835 ], [ 71.849, 23.845 ], [ 71.863, 23.844 ], [ 71.871, 23.854 ], [ 71.864, 23.865 ], [ 71.872, 23.875 ], [ 71.886, 23.874 ], [ 71.894, 23.884 ], [ 71.908, 23.884 ], [ 71.914, 23.873 ], [ 71.928, 23.872 ], [ 71.936, 23.882 ], [ 71.95, 23.882 ], [ 71.958, 23.892 ], [ 71.972, 23.891 ], [ 71.98, 23.901 ], [ 71.973, 23.912 ], [ 71.959, 23.912 ], [ 71.953, 23.923 ], [ 71.939, 23.924 ], [ 71.932, 23.934 ], [ 71.94, 23.944 ], [ 71.934, 23.955 ], [ 71.942, 23.965 ], [ 71.935, 23.976 ], [ 71.921, 23.976 ], [ 71.915, 23.987 ], [ 71.922, 23.997 ], [ 71.937, 23.996 ], [ 71.944, 24.007 ], [ 71.958, 24.006 ], [ 71.965, 23.995 ], [ 71.979, 23.995 ], [ 71.985, 23.984 ], [ 71.999, 23.983 ], [ 72.006, 23.973 ], [ 72.02, 23.972 ], [ 72.027, 23.982 ], [ 72.042, 23.981 ], [ 72.049, 23.991 ], [ 72.043, 24.002 ], [ 72.029, 24.003 ], [ 72.023, 24.013 ], [ 72.03, 24.023 ], [ 72.024, 24.034 ], [ 72.032, 24.044 ], [ 72.046, 24.043 ], [ 72.052, 24.033 ], [ 72.066, 24.032 ], [ 72.074, 24.042 ], [ 72.088, 24.041 ], [ 72.096, 24.051 ], [ 72.11, 24.051 ], [ 72.118, 24.061 ], [ 72.132, 24.06 ], [ 72.14, 24.07 ], [ 72.154, 24.07 ], [ 72.162, 24.08 ], [ 72.155, 24.09 ], [ 72.163, 24.1 ], [ 72.157, 24.111 ], [ 72.142, 24.112 ], [ 72.136, 24.122 ], [ 72.122, 24.123 ], [ 72.116, 24.134 ], [ 72.123, 24.144 ], [ 72.138, 24.143 ], [ 72.144, 24.132 ], [ 72.158, 24.132 ], [ 72.164, 24.121 ], [ 72.179, 24.12 ], [ 72.186, 24.13 ], [ 72.2, 24.13 ], [ 72.208, 24.14 ], [ 72.222, 24.139 ], [ 72.229, 24.128 ], [ 72.221, 24.118 ], [ 72.207, 24.119 ], [ 72.199, 24.109 ], [ 72.205, 24.098 ], [ 72.219, 24.098 ], [ 72.226, 24.087 ], [ 72.218, 24.077 ], [ 72.224, 24.066 ], [ 72.238, 24.066 ], [ 72.246, 24.076 ], [ 72.26, 24.075 ], [ 72.267, 24.064 ], [ 72.281, 24.063 ], [ 72.287, 24.053 ], [ 72.301, 24.052 ], [ 72.308, 24.041 ], [ 72.322, 24.041 ], [ 72.328, 24.03 ], [ 72.342, 24.029 ], [ 72.348, 24.019 ], [ 72.362, 24.018 ], [ 72.369, 24.007 ], [ 72.361, 23.997 ], [ 72.367, 23.987 ], [ 72.359, 23.977 ], [ 72.366, 23.966 ], [ 72.38, 23.965 ], [ 72.388, 23.975 ], [ 72.402, 23.975 ], [ 72.41, 23.985 ], [ 72.424, 23.984 ], [ 72.43, 23.973 ], [ 72.444, 23.973 ], [ 72.45, 23.962 ], [ 72.464, 23.961 ], [ 72.471, 23.951 ], [ 72.485, 23.95 ], [ 72.491, 23.939 ], [ 72.505, 23.938 ], [ 72.513, 23.948 ], [ 72.527, 23.948 ], [ 72.533, 23.937 ], [ 72.547, 23.936 ], [ 72.555, 23.946 ], [ 72.569, 23.946 ], [ 72.576, 23.935 ], [ 72.59, 23.934 ], [ 72.597, 23.944 ], [ 72.591, 23.955 ], [ 72.599, 23.965 ], [ 72.593, 23.976 ], [ 72.601, 23.986 ], [ 72.615, 23.985 ], [ 72.623, 23.995 ], [ 72.637, 23.994 ], [ 72.644, 24.004 ], [ 72.638, 24.015 ], [ 72.646, 24.025 ], [ 72.64, 24.036 ], [ 72.626, 24.036 ], [ 72.619, 24.047 ], [ 72.627, 24.057 ], [ 72.641, 24.056 ], [ 72.649, 24.066 ], [ 72.643, 24.077 ], [ 72.651, 24.087 ], [ 72.665, 24.086 ], [ 72.671, 24.076 ], [ 72.685, 24.075 ], [ 72.693, 24.085 ], [ 72.707, 24.084 ], [ 72.715, 24.094 ], [ 72.729, 24.093 ], [ 72.735, 24.083 ], [ 72.75, 24.082 ], [ 72.757, 24.092 ], [ 72.772, 24.091 ], [ 72.779, 24.101 ], [ 72.794, 24.101 ], [ 72.8, 24.09 ], [ 72.792, 24.08 ], [ 72.798, 24.069 ], [ 72.812, 24.068 ], [ 72.818, 24.058 ], [ 72.811, 24.048 ], [ 72.817, 24.037 ], [ 72.831, 24.036 ], [ 72.839, 24.046 ], [ 72.853, 24.046 ], [ 72.859, 24.035 ], [ 72.851, 24.025 ], [ 72.857, 24.014 ], [ 72.85, 24.004 ], [ 72.856, 23.993 ], [ 72.848, 23.983 ], [ 72.854, 23.973 ], [ 72.846, 23.963 ], [ 72.832, 23.964 ], [ 72.824, 23.954 ], [ 72.831, 23.943 ], [ 72.823, 23.933 ], [ 72.829, 23.922 ], [ 72.821, 23.912 ], [ 72.807, 23.913 ], [ 72.799, 23.903 ], [ 72.805, 23.892 ], [ 72.798, 23.882 ], [ 72.804, 23.872 ], [ 72.796, 23.862 ], [ 72.802, 23.851 ], [ 72.794, 23.841 ], [ 72.801, 23.83 ], [ 72.793, 23.82 ], [ 72.799, 23.81 ], [ 72.813, 23.809 ], [ 72.819, 23.798 ], [ 72.811, 23.788 ], [ 72.797, 23.789 ], [ 72.79, 23.779 ], [ 72.796, 23.769 ], [ 72.788, 23.759 ], [ 72.794, 23.748 ], [ 72.808, 23.747 ], [ 72.814, 23.737 ], [ 72.807, 23.727 ], [ 72.813, 23.716 ], [ 72.805, 23.706 ], [ 72.811, 23.695 ], [ 72.825, 23.695 ], [ 72.831, 23.684 ], [ 72.824, 23.674 ], [ 72.83, 23.663 ], [ 72.822, 23.653 ], [ 72.828, 23.643 ], [ 72.82, 23.633 ], [ 72.826, 23.622 ], [ 72.84, 23.622 ], [ 72.847, 23.611 ], [ 72.839, 23.601 ], [ 72.825, 23.602 ], [ 72.817, 23.592 ], [ 72.803, 23.593 ], [ 72.795, 23.583 ], [ 72.801, 23.572 ], [ 72.815, 23.571 ], [ 72.822, 23.561 ], [ 72.814, 23.551 ], [ 72.82, 23.54 ], [ 72.834, 23.539 ], [ 72.84, 23.529 ], [ 72.832, 23.519 ], [ 72.839, 23.508 ], [ 72.831, 23.498 ], [ 72.817, 23.499 ], [ 72.811, 23.51 ], [ 72.797, 23.51 ], [ 72.789, 23.5 ], [ 72.795, 23.49 ], [ 72.809, 23.489 ], [ 72.815, 23.478 ], [ 72.807, 23.469 ], [ 72.813, 23.458 ], [ 72.806, 23.448 ], [ 72.812, 23.437 ], [ 72.804, 23.428 ], [ 72.81, 23.417 ], [ 72.802, 23.407 ], [ 72.789, 23.408 ], [ 72.782, 23.418 ], [ 72.768, 23.419 ], [ 72.761, 23.409 ], [ 72.747, 23.41 ], [ 72.739, 23.4 ], [ 72.745, 23.389 ], [ 72.759, 23.389 ], [ 72.765, 23.378 ], [ 72.757, 23.368 ], [ 72.764, 23.358 ], [ 72.778, 23.357 ], [ 72.784, 23.346 ], [ 72.798, 23.346 ], [ 72.804, 23.335 ], [ 72.796, 23.325 ], [ 72.802, 23.314 ], [ 72.816, 23.314 ], [ 72.824, 23.324 ], [ 72.838, 23.323 ], [ 72.844, 23.312 ], [ 72.858, 23.312 ], [ 72.866, 23.321 ], [ 72.88, 23.321 ], [ 72.888, 23.331 ], [ 72.901, 23.33 ], [ 72.908, 23.319 ], [ 72.9, 23.309 ], [ 72.906, 23.299 ], [ 72.898, 23.289 ], [ 72.904, 23.278 ], [ 72.918, 23.278 ], [ 72.924, 23.267 ], [ 72.917, 23.257 ], [ 72.923, 23.247 ], [ 72.937, 23.246 ], [ 72.943, 23.235 ], [ 72.957, 23.235 ], [ 72.965, 23.244 ], [ 72.958, 23.255 ], [ 72.966, 23.265 ], [ 72.96, 23.276 ], [ 72.968, 23.285 ], [ 72.982, 23.285 ], [ 72.99, 23.295 ], [ 73.004, 23.294 ], [ 73.01, 23.283 ], [ 73.024, 23.282 ], [ 73.03, 23.272 ], [ 73.044, 23.271 ], [ 73.05, 23.261 ], [ 73.064, 23.26 ], [ 73.072, 23.27 ], [ 73.086, 23.269 ], [ 73.093, 23.279 ], [ 73.087, 23.289 ], [ 73.095, 23.299 ], [ 73.089, 23.31 ], [ 73.097, 23.32 ], [ 73.091, 23.33 ], [ 73.098, 23.34 ], [ 73.092, 23.351 ], [ 73.1, 23.361 ], [ 73.094, 23.371 ], [ 73.102, 23.381 ], [ 73.116, 23.38 ], [ 73.124, 23.39 ], [ 73.118, 23.401 ], [ 73.125, 23.411 ], [ 73.119, 23.421 ], [ 73.127, 23.431 ], [ 73.121, 23.442 ], [ 73.129, 23.452 ], [ 73.123, 23.462 ], [ 73.13, 23.472 ], [ 73.144, 23.472 ], [ 73.152, 23.481 ], [ 73.166, 23.481 ], [ 73.174, 23.491 ], [ 73.168, 23.501 ], [ 73.176, 23.511 ], [ 73.17, 23.522 ], [ 73.178, 23.532 ], [ 73.171, 23.542 ], [ 73.179, 23.552 ], [ 73.193, 23.551 ], [ 73.201, 23.561 ], [ 73.195, 23.572 ], [ 73.203, 23.582 ], [ 73.197, 23.593 ], [ 73.205, 23.602 ], [ 73.199, 23.613 ], [ 73.206, 23.623 ], [ 73.2, 23.634 ], [ 73.186, 23.634 ], [ 73.18, 23.645 ], [ 73.166, 23.646 ], [ 73.16, 23.656 ], [ 73.168, 23.666 ], [ 73.162, 23.677 ], [ 73.148, 23.678 ], [ 73.142, 23.688 ], [ 73.149, 23.698 ], [ 73.143, 23.709 ], [ 73.129, 23.71 ], [ 73.123, 23.72 ], [ 73.131, 23.73 ], [ 73.125, 23.741 ], [ 73.133, 23.751 ], [ 73.126, 23.762 ], [ 73.134, 23.772 ], [ 73.148, 23.771 ], [ 73.156, 23.781 ], [ 73.15, 23.791 ], [ 73.158, 23.801 ], [ 73.172, 23.801 ], [ 73.18, 23.811 ], [ 73.174, 23.821 ], [ 73.182, 23.831 ], [ 73.196, 23.83 ], [ 73.204, 23.84 ], [ 73.218, 23.84 ], [ 73.226, 23.85 ], [ 73.219, 23.86 ], [ 73.227, 23.87 ], [ 73.221, 23.881 ], [ 73.229, 23.891 ], [ 73.243, 23.89 ], [ 73.249, 23.879 ], [ 73.241, 23.869 ], [ 73.248, 23.859 ], [ 73.262, 23.858 ], [ 73.268, 23.847 ], [ 73.282, 23.847 ], [ 73.288, 23.836 ], [ 73.302, 23.835 ], [ 73.31, 23.845 ], [ 73.304, 23.856 ], [ 73.29, 23.856 ], [ 73.284, 23.867 ], [ 73.291, 23.877 ], [ 73.285, 23.888 ], [ 73.293, 23.898 ], [ 73.307, 23.897 ], [ 73.313, 23.886 ], [ 73.327, 23.885 ], [ 73.335, 23.895 ], [ 73.349, 23.895 ], [ 73.357, 23.905 ], [ 73.371, 23.904 ], [ 73.379, 23.914 ], [ 73.393, 23.913 ], [ 73.401, 23.923 ], [ 73.415, 23.922 ], [ 73.423, 23.932 ], [ 73.417, 23.943 ], [ 73.425, 23.953 ], [ 73.419, 23.963 ], [ 73.427, 23.973 ], [ 73.421, 23.984 ], [ 73.407, 23.985 ], [ 73.401, 23.996 ], [ 73.409, 24.006 ], [ 73.402, 24.016 ], [ 73.41, 24.026 ], [ 73.404, 24.037 ], [ 73.412, 24.047 ], [ 73.406, 24.058 ], [ 73.392, 24.058 ], [ 73.386, 24.069 ], [ 73.372, 24.07 ], [ 73.366, 24.081 ], [ 73.374, 24.091 ], [ 73.367, 24.101 ], [ 73.353, 24.102 ], [ 73.347, 24.113 ], [ 73.333, 24.114 ], [ 73.325, 24.104 ], [ 73.331, 24.093 ], [ 73.323, 24.083 ], [ 73.329, 24.072 ], [ 73.322, 24.062 ], [ 73.307, 24.063 ], [ 73.3, 24.053 ], [ 73.306, 24.042 ], [ 73.298, 24.032 ], [ 73.284, 24.033 ], [ 73.276, 24.023 ], [ 73.262, 24.024 ], [ 73.254, 24.014 ], [ 73.24, 24.015 ], [ 73.233, 24.025 ], [ 73.219, 24.026 ], [ 73.213, 24.037 ], [ 73.199, 24.038 ], [ 73.193, 24.048 ], [ 73.201, 24.058 ], [ 73.215, 24.058 ], [ 73.223, 24.068 ], [ 73.217, 24.078 ], [ 73.203, 24.079 ], [ 73.196, 24.09 ], [ 73.182, 24.091 ], [ 73.176, 24.101 ], [ 73.162, 24.102 ], [ 73.156, 24.113 ], [ 73.142, 24.114 ], [ 73.136, 24.124 ], [ 73.121, 24.125 ], [ 73.115, 24.136 ], [ 73.101, 24.136 ], [ 73.095, 24.147 ], [ 73.103, 24.157 ], [ 73.097, 24.168 ], [ 73.083, 24.169 ], [ 73.076, 24.179 ], [ 73.084, 24.189 ], [ 73.078, 24.2 ], [ 73.086, 24.21 ], [ 73.08, 24.221 ], [ 73.088, 24.231 ], [ 73.081, 24.242 ], [ 73.089, 24.252 ], [ 73.104, 24.251 ], [ 73.111, 24.261 ], [ 73.126, 24.26 ], [ 73.134, 24.27 ], [ 73.127, 24.281 ], [ 73.135, 24.291 ], [ 73.129, 24.302 ], [ 73.137, 24.312 ], [ 73.151, 24.311 ], [ 73.157, 24.3 ], [ 73.172, 24.299 ], [ 73.179, 24.309 ], [ 73.173, 24.32 ], [ 73.181, 24.33 ], [ 73.195, 24.329 ], [ 73.203, 24.339 ], [ 73.197, 24.35 ] ], [ [ 72.027, 24.075 ], [ 72.033, 24.065 ], [ 72.025, 24.055 ], [ 72.011, 24.055 ], [ 72.005, 24.066 ], [ 72.013, 24.076 ], [ 72.027, 24.075 ] ] ], [ [ [ 72.321, 24.625 ], [ 72.307, 24.625 ], [ 72.299, 24.615 ], [ 72.305, 24.605 ], [ 72.319, 24.604 ], [ 72.326, 24.593 ], [ 72.34, 24.592 ], [ 72.348, 24.602 ], [ 72.341, 24.613 ], [ 72.349, 24.623 ], [ 72.343, 24.634 ], [ 72.329, 24.635 ], [ 72.321, 24.625 ] ] ] ] } },
{ "type": "Feature", "properties": { "POLYGON.ID": 90.0, "subregion": "India--Gujarat--Southern Coast_CL30699", "FILTER": "Gujarat", "POLYGON": "India--Gujarat--Southern Coast_CL30699", "COUNTY": "spl_region", "STATE": "Gujarat", "OWNER": null }, "geometry": { "type": "MultiPolygon", "coordinates": [ [ [ [ 73.486, 20.53 ], [ 73.482, 20.541 ], [ 73.47, 20.543 ], [ 73.465, 20.554 ], [ 73.474, 20.564 ], [ 73.47, 20.576 ], [ 73.457, 20.577 ], [ 73.453, 20.589 ], [ 73.441, 20.591 ], [ 73.437, 20.602 ], [ 73.425, 20.604 ], [ 73.421, 20.615 ], [ 73.408, 20.617 ], [ 73.404, 20.628 ], [ 73.392, 20.63 ], [ 73.388, 20.642 ], [ 73.396, 20.651 ], [ 73.408, 20.65 ], [ 73.417, 20.66 ], [ 73.429, 20.658 ], [ 73.437, 20.668 ], [ 73.433, 20.68 ], [ 73.441, 20.69 ], [ 73.437, 20.701 ], [ 73.445, 20.711 ], [ 73.458, 20.71 ], [ 73.466, 20.72 ], [ 73.462, 20.731 ], [ 73.47, 20.741 ], [ 73.482, 20.74 ], [ 73.491, 20.75 ], [ 73.487, 20.761 ], [ 73.495, 20.771 ], [ 73.491, 20.783 ], [ 73.478, 20.784 ], [ 73.474, 20.796 ], [ 73.483, 20.806 ], [ 73.479, 20.817 ], [ 73.466, 20.819 ], [ 73.458, 20.809 ], [ 73.446, 20.81 ], [ 73.442, 20.822 ], [ 73.429, 20.823 ], [ 73.421, 20.814 ], [ 73.409, 20.815 ], [ 73.405, 20.827 ], [ 73.392, 20.828 ], [ 73.384, 20.818 ], [ 73.372, 20.82 ], [ 73.368, 20.831 ], [ 73.356, 20.833 ], [ 73.351, 20.844 ], [ 73.36, 20.854 ], [ 73.356, 20.866 ], [ 73.343, 20.867 ], [ 73.335, 20.857 ], [ 73.323, 20.859 ], [ 73.319, 20.871 ], [ 73.306, 20.872 ], [ 73.298, 20.862 ], [ 73.302, 20.851 ], [ 73.315, 20.849 ], [ 73.319, 20.838 ], [ 73.31, 20.828 ], [ 73.298, 20.829 ], [ 73.29, 20.819 ], [ 73.278, 20.821 ], [ 73.269, 20.811 ], [ 73.257, 20.812 ], [ 73.253, 20.824 ], [ 73.241, 20.825 ], [ 73.237, 20.837 ], [ 73.245, 20.847 ], [ 73.241, 20.858 ], [ 73.229, 20.86 ], [ 73.22, 20.85 ], [ 73.208, 20.851 ], [ 73.204, 20.863 ], [ 73.192, 20.864 ], [ 73.188, 20.876 ], [ 73.175, 20.878 ], [ 73.171, 20.889 ], [ 73.159, 20.891 ], [ 73.155, 20.902 ], [ 73.143, 20.904 ], [ 73.135, 20.894 ], [ 73.122, 20.895 ], [ 73.118, 20.907 ], [ 73.126, 20.917 ], [ 73.122, 20.928 ], [ 73.11, 20.93 ], [ 73.106, 20.941 ], [ 73.094, 20.943 ], [ 73.09, 20.954 ], [ 73.077, 20.956 ], [ 73.073, 20.967 ], [ 73.061, 20.969 ], [ 73.057, 20.98 ], [ 73.045, 20.982 ], [ 73.041, 20.993 ], [ 73.049, 21.003 ], [ 73.045, 21.015 ], [ 73.033, 21.016 ], [ 73.029, 21.028 ], [ 73.016, 21.029 ], [ 73.012, 21.041 ], [ 73.02, 21.05 ], [ 73.016, 21.062 ], [ 73.004, 21.063 ], [ 72.996, 21.053 ], [ 72.984, 21.055 ], [ 72.98, 21.066 ], [ 72.967, 21.068 ], [ 72.959, 21.058 ], [ 72.947, 21.059 ], [ 72.939, 21.05 ], [ 72.927, 21.051 ], [ 72.918, 21.041 ], [ 72.906, 21.043 ], [ 72.902, 21.054 ], [ 72.89, 21.056 ], [ 72.882, 21.046 ], [ 72.869, 21.047 ], [ 72.861, 21.037 ], [ 72.849, 21.039 ], [ 72.848, 21.042 ], [ 72.844, 21.049 ], [ 72.83, 21.05 ], [ 72.824, 21.06 ], [ 72.811, 21.061 ], [ 72.805, 21.071 ], [ 72.791, 21.072 ], [ 72.784, 21.062 ], [ 72.77, 21.063 ], [ 72.763, 21.053 ], [ 72.749, 21.054 ], [ 72.743, 21.064 ], [ 72.73, 21.065 ], [ 72.722, 21.055 ], [ 72.709, 21.056 ], [ 72.701, 21.046 ], [ 72.707, 21.036 ], [ 72.7, 21.027 ], [ 72.706, 21.016 ], [ 72.719, 21.016 ], [ 72.725, 21.006 ], [ 72.718, 20.996 ], [ 72.724, 20.986 ], [ 72.716, 20.976 ], [ 72.722, 20.966 ], [ 72.729, 20.966 ], [ 72.735, 20.965 ], [ 72.739, 20.954 ], [ 72.731, 20.944 ], [ 72.735, 20.932 ], [ 72.747, 20.931 ], [ 72.751, 20.919 ], [ 72.763, 20.918 ], [ 72.768, 20.906 ], [ 72.78, 20.905 ], [ 72.784, 20.893 ], [ 72.776, 20.883 ], [ 72.78, 20.872 ], [ 72.792, 20.87 ], [ 72.796, 20.859 ], [ 72.808, 20.857 ], [ 72.812, 20.846 ], [ 72.804, 20.836 ], [ 72.808, 20.825 ], [ 72.82, 20.823 ], [ 72.824, 20.812 ], [ 72.816, 20.802 ], [ 72.82, 20.79 ], [ 72.833, 20.789 ], [ 72.837, 20.777 ], [ 72.828, 20.767 ], [ 72.833, 20.756 ], [ 72.845, 20.754 ], [ 72.849, 20.743 ], [ 72.841, 20.733 ], [ 72.845, 20.721 ], [ 72.837, 20.711 ], [ 72.841, 20.7 ], [ 72.853, 20.698 ], [ 72.857, 20.687 ], [ 72.849, 20.677 ], [ 72.853, 20.665 ], [ 72.865, 20.664 ], [ 72.869, 20.652 ], [ 72.861, 20.642 ], [ 72.865, 20.631 ], [ 72.877, 20.629 ], [ 72.881, 20.618 ], [ 72.873, 20.608 ], [ 72.877, 20.596 ], [ 72.889, 20.595 ], [ 72.893, 20.583 ], [ 72.885, 20.573 ], [ 72.889, 20.562 ], [ 72.881, 20.552 ], [ 72.885, 20.541 ], [ 72.877, 20.531 ], [ 72.881, 20.519 ], [ 72.873, 20.509 ], [ 72.861, 20.511 ], [ 72.853, 20.501 ], [ 72.857, 20.489 ], [ 72.849, 20.479 ], [ 72.836, 20.481 ], [ 72.828, 20.471 ], [ 72.832, 20.459 ], [ 72.824, 20.449 ], [ 72.828, 20.438 ], [ 72.82, 20.428 ], [ 72.824, 20.416 ], [ 72.816, 20.406 ], [ 72.82, 20.395 ], [ 72.812, 20.385 ], [ 72.816, 20.374 ], [ 72.808, 20.364 ], [ 72.796, 20.365 ], [ 72.787, 20.355 ], [ 72.775, 20.357 ], [ 72.767, 20.347 ], [ 72.771, 20.335 ], [ 72.763, 20.325 ], [ 72.767, 20.314 ], [ 72.759, 20.304 ], [ 72.747, 20.305 ], [ 72.739, 20.295 ], [ 72.743, 20.284 ], [ 72.735, 20.274 ], [ 72.739, 20.262 ], [ 72.731, 20.253 ], [ 72.735, 20.241 ], [ 72.726, 20.231 ], [ 72.731, 20.22 ], [ 72.743, 20.218 ], [ 72.747, 20.206 ], [ 72.739, 20.197 ], [ 72.743, 20.185 ], [ 72.735, 20.175 ], [ 72.739, 20.164 ], [ 72.73, 20.154 ], [ 72.735, 20.142 ], [ 72.747, 20.14 ], [ 72.751, 20.129 ], [ 72.763, 20.127 ], [ 72.771, 20.137 ], [ 72.783, 20.136 ], [ 72.791, 20.146 ], [ 72.804, 20.144 ], [ 72.812, 20.154 ], [ 72.808, 20.166 ], [ 72.816, 20.176 ], [ 72.828, 20.174 ], [ 72.836, 20.184 ], [ 72.832, 20.195 ], [ 72.84, 20.205 ], [ 72.852, 20.204 ], [ 72.86, 20.214 ], [ 72.856, 20.225 ], [ 72.865, 20.235 ], [ 72.877, 20.234 ], [ 72.881, 20.222 ], [ 72.893, 20.221 ], [ 72.901, 20.231 ], [ 72.913, 20.229 ], [ 72.917, 20.217 ], [ 72.93, 20.216 ], [ 72.938, 20.226 ], [ 72.95, 20.224 ], [ 72.954, 20.213 ], [ 72.966, 20.211 ], [ 72.974, 20.221 ], [ 72.97, 20.233 ], [ 72.958, 20.234 ], [ 72.954, 20.246 ], [ 72.942, 20.247 ], [ 72.934, 20.237 ], [ 72.921, 20.239 ], [ 72.917, 20.25 ], [ 72.926, 20.26 ], [ 72.921, 20.272 ], [ 72.93, 20.282 ], [ 72.942, 20.28 ], [ 72.95, 20.29 ], [ 72.962, 20.289 ], [ 72.966, 20.277 ], [ 72.978, 20.276 ], [ 72.987, 20.286 ], [ 72.999, 20.284 ], [ 73.007, 20.294 ], [ 73.019, 20.292 ], [ 73.027, 20.302 ], [ 73.04, 20.301 ], [ 73.048, 20.311 ], [ 73.044, 20.322 ], [ 73.052, 20.332 ], [ 73.064, 20.331 ], [ 73.068, 20.319 ], [ 73.08, 20.317 ], [ 73.089, 20.327 ], [ 73.085, 20.339 ], [ 73.093, 20.349 ], [ 73.105, 20.347 ], [ 73.109, 20.336 ], [ 73.101, 20.326 ], [ 73.105, 20.314 ], [ 73.117, 20.313 ], [ 73.125, 20.323 ], [ 73.138, 20.321 ], [ 73.142, 20.31 ], [ 73.154, 20.308 ], [ 73.158, 20.296 ], [ 73.15, 20.286 ], [ 73.137, 20.288 ], [ 73.129, 20.278 ], [ 73.133, 20.267 ], [ 73.125, 20.257 ], [ 73.113, 20.258 ], [ 73.105, 20.248 ], [ 73.109, 20.237 ], [ 73.101, 20.227 ], [ 73.088, 20.228 ], [ 73.08, 20.218 ], [ 73.068, 20.22 ], [ 73.06, 20.21 ], [ 73.064, 20.198 ], [ 73.056, 20.188 ], [ 73.06, 20.177 ], [ 73.052, 20.167 ], [ 73.056, 20.155 ], [ 73.068, 20.154 ], [ 73.076, 20.164 ], [ 73.088, 20.162 ], [ 73.092, 20.151 ], [ 73.105, 20.149 ], [ 73.113, 20.159 ], [ 73.125, 20.157 ], [ 73.133, 20.167 ], [ 73.129, 20.179 ], [ 73.137, 20.189 ], [ 73.133, 20.2 ], [ 73.141, 20.21 ], [ 73.154, 20.209 ], [ 73.158, 20.197 ], [ 73.17, 20.196 ], [ 73.178, 20.206 ], [ 73.19, 20.204 ], [ 73.194, 20.192 ], [ 73.207, 20.191 ], [ 73.211, 20.179 ], [ 73.202, 20.169 ], [ 73.19, 20.171 ], [ 73.182, 20.161 ], [ 73.186, 20.149 ], [ 73.178, 20.139 ], [ 73.182, 20.128 ], [ 73.194, 20.126 ], [ 73.198, 20.115 ], [ 73.211, 20.113 ], [ 73.219, 20.123 ], [ 73.231, 20.121 ], [ 73.239, 20.131 ], [ 73.251, 20.13 ], [ 73.26, 20.14 ], [ 73.272, 20.138 ], [ 73.28, 20.148 ], [ 73.276, 20.16 ], [ 73.284, 20.17 ], [ 73.28, 20.181 ], [ 73.288, 20.191 ], [ 73.284, 20.203 ], [ 73.292, 20.213 ], [ 73.305, 20.211 ], [ 73.309, 20.199 ], [ 73.321, 20.198 ], [ 73.329, 20.208 ], [ 73.342, 20.206 ], [ 73.35, 20.216 ], [ 73.362, 20.215 ], [ 73.366, 20.203 ], [ 73.378, 20.201 ], [ 73.387, 20.211 ], [ 73.399, 20.21 ], [ 73.403, 20.198 ], [ 73.415, 20.196 ], [ 73.423, 20.206 ], [ 73.419, 20.218 ], [ 73.407, 20.22 ], [ 73.403, 20.231 ], [ 73.411, 20.241 ], [ 73.407, 20.253 ], [ 73.415, 20.263 ], [ 73.411, 20.274 ], [ 73.42, 20.284 ], [ 73.415, 20.296 ], [ 73.424, 20.306 ], [ 73.42, 20.317 ], [ 73.428, 20.327 ], [ 73.424, 20.339 ], [ 73.411, 20.341 ], [ 73.407, 20.352 ], [ 73.416, 20.362 ], [ 73.412, 20.374 ], [ 73.399, 20.375 ], [ 73.395, 20.387 ], [ 73.403, 20.397 ], [ 73.399, 20.408 ], [ 73.408, 20.418 ], [ 73.42, 20.417 ], [ 73.428, 20.427 ], [ 73.424, 20.438 ], [ 73.432, 20.448 ], [ 73.428, 20.46 ], [ 73.436, 20.47 ], [ 73.449, 20.468 ], [ 73.457, 20.478 ], [ 73.453, 20.49 ], [ 73.461, 20.5 ], [ 73.457, 20.511 ], [ 73.465, 20.521 ], [ 73.478, 20.52 ], [ 73.486, 20.53 ] ], [ [ 72.974, 20.32 ], [ 72.966, 20.31 ], [ 72.954, 20.312 ], [ 72.95, 20.323 ], [ 72.958, 20.333 ], [ 72.97, 20.332 ], [ 72.974, 20.32 ] ] ] ] } },
{ "type": "Feature", "properties": { "POLYGON.ID": 88.0, "subregion": "India--Gujarat--Saurashtra--Bhavnagar_CL30696", "FILTER": "Gujarat", "POLYGON": "India--Gujarat--Saurashtra--Bhavnagar_CL30696", "COUNTY": "Bhavnagar", "STATE": "Gujarat", "OWNER": null }, "geometry": { "type": "MultiPolygon", "coordinates": [ [ [ [ 72.154, 21.351 ], [ 72.161, 21.361 ], [ 72.175, 21.36 ], [ 72.182, 21.37 ], [ 72.176, 21.38 ], [ 72.183, 21.39 ], [ 72.197, 21.389 ], [ 72.205, 21.399 ], [ 72.218, 21.398 ], [ 72.226, 21.408 ], [ 72.219, 21.418 ], [ 72.227, 21.428 ], [ 72.241, 21.427 ], [ 72.248, 21.437 ], [ 72.242, 21.447 ], [ 72.249, 21.457 ], [ 72.243, 21.467 ], [ 72.251, 21.477 ], [ 72.264, 21.476 ], [ 72.272, 21.486 ], [ 72.266, 21.496 ], [ 72.273, 21.505 ], [ 72.267, 21.516 ], [ 72.275, 21.525 ], [ 72.288, 21.525 ], [ 72.296, 21.534 ], [ 72.29, 21.545 ], [ 72.297, 21.554 ], [ 72.291, 21.565 ], [ 72.299, 21.574 ], [ 72.293, 21.585 ], [ 72.3, 21.594 ], [ 72.314, 21.594 ], [ 72.321, 21.603 ], [ 72.315, 21.614 ], [ 72.323, 21.623 ], [ 72.317, 21.633 ], [ 72.324, 21.643 ], [ 72.318, 21.653 ], [ 72.326, 21.663 ], [ 72.319, 21.673 ], [ 72.306, 21.674 ], [ 72.3, 21.684 ], [ 72.307, 21.694 ], [ 72.301, 21.704 ], [ 72.287, 21.705 ], [ 72.28, 21.695 ], [ 72.266, 21.696 ], [ 72.26, 21.706 ], [ 72.247, 21.707 ], [ 72.24, 21.717 ], [ 72.248, 21.727 ], [ 72.242, 21.737 ], [ 72.228, 21.738 ], [ 72.222, 21.748 ], [ 72.208, 21.749 ], [ 72.202, 21.759 ], [ 72.21, 21.769 ], [ 72.204, 21.779 ], [ 72.19, 21.78 ], [ 72.184, 21.79 ], [ 72.192, 21.8 ], [ 72.205, 21.799 ], [ 72.213, 21.809 ], [ 72.226, 21.808 ], [ 72.232, 21.798 ], [ 72.246, 21.797 ], [ 72.254, 21.807 ], [ 72.248, 21.817 ], [ 72.255, 21.827 ], [ 72.249, 21.837 ], [ 72.256, 21.847 ], [ 72.25, 21.857 ], [ 72.237, 21.858 ], [ 72.231, 21.868 ], [ 72.238, 21.878 ], [ 72.232, 21.888 ], [ 72.218, 21.889 ], [ 72.212, 21.899 ], [ 72.22, 21.909 ], [ 72.214, 21.919 ], [ 72.221, 21.929 ], [ 72.215, 21.939 ], [ 72.223, 21.949 ], [ 72.236, 21.949 ], [ 72.244, 21.958 ], [ 72.238, 21.969 ], [ 72.245, 21.978 ], [ 72.259, 21.978 ], [ 72.266, 21.987 ], [ 72.26, 21.998 ], [ 72.247, 21.998 ], [ 72.239, 21.989 ], [ 72.225, 21.989 ], [ 72.218, 21.98 ], [ 72.204, 21.98 ], [ 72.198, 21.991 ], [ 72.184, 21.991 ], [ 72.178, 22.002 ], [ 72.164, 22.002 ], [ 72.158, 22.013 ], [ 72.145, 22.013 ], [ 72.138, 22.024 ], [ 72.146, 22.033 ], [ 72.14, 22.044 ], [ 72.126, 22.044 ], [ 72.12, 22.055 ], [ 72.106, 22.055 ], [ 72.099, 22.046 ], [ 72.085, 22.046 ], [ 72.079, 22.057 ], [ 72.065, 22.057 ], [ 72.059, 22.068 ], [ 72.066, 22.077 ], [ 72.06, 22.088 ], [ 72.068, 22.097 ], [ 72.062, 22.108 ], [ 72.048, 22.108 ], [ 72.042, 22.119 ], [ 72.028, 22.119 ], [ 72.021, 22.11 ], [ 72.007, 22.11 ], [ 71.999, 22.101 ], [ 71.986, 22.101 ], [ 71.979, 22.112 ], [ 71.966, 22.112 ], [ 71.959, 22.123 ], [ 71.946, 22.123 ], [ 71.94, 22.134 ], [ 71.926, 22.134 ], [ 71.918, 22.124 ], [ 71.925, 22.114 ], [ 71.917, 22.104 ], [ 71.903, 22.105 ], [ 71.896, 22.095 ], [ 71.882, 22.096 ], [ 71.875, 22.086 ], [ 71.881, 22.076 ], [ 71.873, 22.066 ], [ 71.86, 22.067 ], [ 71.852, 22.057 ], [ 71.858, 22.047 ], [ 71.872, 22.046 ], [ 71.878, 22.036 ], [ 71.871, 22.026 ], [ 71.877, 22.015 ], [ 71.869, 22.006 ], [ 71.856, 22.006 ], [ 71.849, 22.017 ], [ 71.836, 22.017 ], [ 71.828, 22.008 ], [ 71.815, 22.008 ], [ 71.808, 22.019 ], [ 71.795, 22.019 ], [ 71.787, 22.009 ], [ 71.773, 22.01 ], [ 71.766, 22.0 ], [ 71.752, 22.001 ], [ 71.746, 22.011 ], [ 71.732, 22.012 ], [ 71.725, 22.002 ], [ 71.731, 21.992 ], [ 71.724, 21.982 ], [ 71.71, 21.983 ], [ 71.703, 21.973 ], [ 71.709, 21.962 ], [ 71.701, 21.953 ], [ 71.688, 21.953 ], [ 71.68, 21.944 ], [ 71.686, 21.933 ], [ 71.679, 21.924 ], [ 71.685, 21.913 ], [ 71.678, 21.903 ], [ 71.684, 21.893 ], [ 71.676, 21.883 ], [ 71.683, 21.873 ], [ 71.675, 21.863 ], [ 71.661, 21.864 ], [ 71.654, 21.854 ], [ 71.66, 21.844 ], [ 71.653, 21.834 ], [ 71.639, 21.835 ], [ 71.632, 21.825 ], [ 71.618, 21.826 ], [ 71.611, 21.816 ], [ 71.597, 21.817 ], [ 71.589, 21.807 ], [ 71.596, 21.797 ], [ 71.588, 21.787 ], [ 71.594, 21.777 ], [ 71.608, 21.776 ], [ 71.616, 21.786 ], [ 71.629, 21.785 ], [ 71.635, 21.775 ], [ 71.628, 21.765 ], [ 71.634, 21.755 ], [ 71.627, 21.745 ], [ 71.613, 21.746 ], [ 71.606, 21.736 ], [ 71.612, 21.726 ], [ 71.626, 21.725 ], [ 71.632, 21.715 ], [ 71.624, 21.705 ], [ 71.611, 21.706 ], [ 71.603, 21.696 ], [ 71.59, 21.697 ], [ 71.582, 21.687 ], [ 71.588, 21.677 ], [ 71.581, 21.667 ], [ 71.587, 21.657 ], [ 71.601, 21.656 ], [ 71.607, 21.646 ], [ 71.621, 21.645 ], [ 71.627, 21.635 ], [ 71.619, 21.625 ], [ 71.606, 21.626 ], [ 71.6, 21.636 ], [ 71.586, 21.637 ], [ 71.579, 21.627 ], [ 71.565, 21.627 ], [ 71.558, 21.618 ], [ 71.564, 21.607 ], [ 71.556, 21.598 ], [ 71.563, 21.588 ], [ 71.555, 21.578 ], [ 71.561, 21.568 ], [ 71.554, 21.558 ], [ 71.54, 21.558 ], [ 71.533, 21.549 ], [ 71.519, 21.549 ], [ 71.512, 21.54 ], [ 71.498, 21.54 ], [ 71.491, 21.531 ], [ 71.497, 21.52 ], [ 71.49, 21.511 ], [ 71.496, 21.5 ], [ 71.489, 21.491 ], [ 71.495, 21.48 ], [ 71.487, 21.471 ], [ 71.494, 21.461 ], [ 71.507, 21.46 ], [ 71.515, 21.47 ], [ 71.528, 21.469 ], [ 71.534, 21.459 ], [ 71.527, 21.449 ], [ 71.533, 21.439 ], [ 71.547, 21.438 ], [ 71.554, 21.448 ], [ 71.568, 21.447 ], [ 71.574, 21.437 ], [ 71.588, 21.437 ], [ 71.595, 21.446 ], [ 71.609, 21.446 ], [ 71.615, 21.435 ], [ 71.607, 21.426 ], [ 71.613, 21.415 ], [ 71.606, 21.406 ], [ 71.612, 21.396 ], [ 71.626, 21.395 ], [ 71.632, 21.385 ], [ 71.625, 21.375 ], [ 71.631, 21.365 ], [ 71.623, 21.355 ], [ 71.63, 21.345 ], [ 71.622, 21.335 ], [ 71.628, 21.325 ], [ 71.621, 21.315 ], [ 71.607, 21.316 ], [ 71.6, 21.306 ], [ 71.586, 21.307 ], [ 71.579, 21.297 ], [ 71.566, 21.298 ], [ 71.558, 21.288 ], [ 71.545, 21.289 ], [ 71.537, 21.279 ], [ 71.543, 21.269 ], [ 71.536, 21.259 ], [ 71.523, 21.26 ], [ 71.515, 21.25 ], [ 71.521, 21.24 ], [ 71.514, 21.23 ], [ 71.52, 21.22 ], [ 71.513, 21.211 ], [ 71.519, 21.2 ], [ 71.512, 21.191 ], [ 71.518, 21.181 ], [ 71.531, 21.18 ], [ 71.537, 21.17 ], [ 71.551, 21.169 ], [ 71.557, 21.159 ], [ 71.571, 21.158 ], [ 71.577, 21.148 ], [ 71.59, 21.148 ], [ 71.597, 21.137 ], [ 71.61, 21.137 ], [ 71.616, 21.127 ], [ 71.609, 21.117 ], [ 71.615, 21.107 ], [ 71.629, 21.106 ], [ 71.635, 21.096 ], [ 71.627, 21.086 ], [ 71.633, 21.076 ], [ 71.626, 21.067 ], [ 71.632, 21.057 ], [ 71.625, 21.047 ], [ 71.631, 21.037 ], [ 71.645, 21.036 ], [ 71.651, 21.026 ], [ 71.664, 21.025 ], [ 71.67, 21.015 ], [ 71.663, 21.006 ], [ 71.669, 20.995 ], [ 71.683, 20.995 ], [ 71.69, 21.004 ], [ 71.703, 21.004 ], [ 71.711, 21.013 ], [ 71.724, 21.013 ], [ 71.73, 21.003 ], [ 71.744, 21.002 ], [ 71.751, 21.012 ], [ 71.765, 21.011 ], [ 71.772, 21.021 ], [ 71.786, 21.02 ], [ 71.793, 21.03 ], [ 71.807, 21.029 ], [ 71.814, 21.039 ], [ 71.808, 21.049 ], [ 71.815, 21.058 ], [ 71.829, 21.058 ], [ 71.836, 21.067 ], [ 71.85, 21.067 ], [ 71.857, 21.076 ], [ 71.87, 21.076 ], [ 71.878, 21.085 ], [ 71.891, 21.085 ], [ 71.899, 21.094 ], [ 71.912, 21.094 ], [ 71.92, 21.103 ], [ 71.933, 21.103 ], [ 71.941, 21.112 ], [ 71.954, 21.112 ], [ 71.962, 21.121 ], [ 71.975, 21.121 ], [ 71.982, 21.13 ], [ 71.996, 21.13 ], [ 72.002, 21.119 ], [ 72.016, 21.119 ], [ 72.023, 21.128 ], [ 72.017, 21.139 ], [ 72.024, 21.148 ], [ 72.038, 21.148 ], [ 72.045, 21.157 ], [ 72.059, 21.157 ], [ 72.066, 21.166 ], [ 72.08, 21.166 ], [ 72.087, 21.175 ], [ 72.101, 21.175 ], [ 72.108, 21.184 ], [ 72.122, 21.184 ], [ 72.129, 21.193 ], [ 72.123, 21.203 ], [ 72.131, 21.213 ], [ 72.124, 21.223 ], [ 72.111, 21.224 ], [ 72.105, 21.234 ], [ 72.091, 21.235 ], [ 72.085, 21.245 ], [ 72.093, 21.255 ], [ 72.106, 21.254 ], [ 72.114, 21.264 ], [ 72.108, 21.274 ], [ 72.115, 21.283 ], [ 72.129, 21.283 ], [ 72.136, 21.292 ], [ 72.13, 21.303 ], [ 72.137, 21.312 ], [ 72.131, 21.322 ], [ 72.139, 21.332 ], [ 72.152, 21.331 ], [ 72.16, 21.341 ], [ 72.154, 21.351 ] ] ], [ [ [ 72.449, 21.948 ], [ 72.463, 21.948 ], [ 72.47, 21.958 ], [ 72.464, 21.968 ], [ 72.45, 21.969 ], [ 72.444, 21.979 ], [ 72.452, 21.989 ], [ 72.446, 21.999 ], [ 72.432, 22.0 ], [ 72.426, 22.01 ], [ 72.434, 22.02 ], [ 72.427, 22.03 ], [ 72.414, 22.031 ], [ 72.408, 22.041 ], [ 72.394, 22.042 ], [ 72.386, 22.032 ], [ 72.373, 22.033 ], [ 72.367, 22.043 ], [ 72.353, 22.044 ], [ 72.345, 22.034 ], [ 72.332, 22.035 ], [ 72.324, 22.025 ], [ 72.31, 22.026 ], [ 72.303, 22.016 ], [ 72.309, 22.006 ], [ 72.301, 21.996 ], [ 72.288, 21.996 ], [ 72.28, 21.987 ], [ 72.286, 21.976 ], [ 72.279, 21.967 ], [ 72.285, 21.956 ], [ 72.277, 21.947 ], [ 72.283, 21.936 ], [ 72.276, 21.927 ], [ 72.282, 21.916 ], [ 72.274, 21.907 ], [ 72.28, 21.896 ], [ 72.273, 21.886 ], [ 72.279, 21.876 ], [ 72.293, 21.875 ], [ 72.299, 21.865 ], [ 72.291, 21.855 ], [ 72.297, 21.845 ], [ 72.29, 21.835 ], [ 72.296, 21.825 ], [ 72.31, 21.824 ], [ 72.316, 21.814 ], [ 72.308, 21.804 ], [ 72.314, 21.794 ], [ 72.328, 21.793 ], [ 72.334, 21.783 ], [ 72.348, 21.782 ], [ 72.355, 21.792 ], [ 72.369, 21.791 ], [ 72.376, 21.801 ], [ 72.39, 21.8 ], [ 72.398, 21.81 ], [ 72.392, 21.82 ], [ 72.399, 21.83 ], [ 72.393, 21.841 ], [ 72.401, 21.85 ], [ 72.394, 21.861 ], [ 72.402, 21.87 ], [ 72.416, 21.87 ], [ 72.423, 21.879 ], [ 72.417, 21.89 ], [ 72.425, 21.899 ], [ 72.438, 21.899 ], [ 72.446, 21.908 ], [ 72.44, 21.919 ], [ 72.447, 21.928 ], [ 72.441, 21.939 ], [ 72.449, 21.948 ] ] ] ] } },
{ "type": "Feature", "properties": { "POLYGON.ID": 87.0, "subregion": "India--Gujarat--Saurashtra--Rajkot_CL30695", "FILTER": "Gujarat", "POLYGON": "India--Gujarat--Saurashtra--Rajkot_CL30695", "COUNTY": "Rajkot", "STATE": "Gujarat", "OWNER": null }, "geometry": { "type": "MultiPolygon", "coordinates": [ [ [ [ 71.94, 22.134 ], [ 71.946, 22.123 ], [ 71.959, 22.123 ], [ 71.966, 22.112 ], [ 71.979, 22.112 ], [ 71.986, 22.101 ], [ 71.999, 22.101 ], [ 72.007, 22.11 ], [ 72.021, 22.11 ], [ 72.028, 22.119 ], [ 72.042, 22.119 ], [ 72.048, 22.108 ], [ 72.062, 22.108 ], [ 72.068, 22.097 ], [ 72.082, 22.097 ], [ 72.089, 22.107 ], [ 72.103, 22.106 ], [ 72.109, 22.096 ], [ 72.123, 22.095 ], [ 72.13, 22.105 ], [ 72.144, 22.104 ], [ 72.151, 22.114 ], [ 72.145, 22.124 ], [ 72.153, 22.134 ], [ 72.147, 22.144 ], [ 72.133, 22.145 ], [ 72.127, 22.155 ], [ 72.113, 22.156 ], [ 72.107, 22.166 ], [ 72.114, 22.176 ], [ 72.128, 22.175 ], [ 72.136, 22.185 ], [ 72.13, 22.196 ], [ 72.116, 22.196 ], [ 72.11, 22.207 ], [ 72.096, 22.207 ], [ 72.09, 22.218 ], [ 72.076, 22.218 ], [ 72.07, 22.229 ], [ 72.077, 22.238 ], [ 72.071, 22.249 ], [ 72.057, 22.249 ], [ 72.05, 22.24 ], [ 72.036, 22.24 ], [ 72.03, 22.251 ], [ 72.016, 22.251 ], [ 72.009, 22.242 ], [ 71.995, 22.242 ], [ 71.989, 22.253 ], [ 71.975, 22.253 ], [ 71.967, 22.243 ], [ 71.954, 22.244 ], [ 71.948, 22.254 ], [ 71.934, 22.255 ], [ 71.928, 22.265 ], [ 71.914, 22.266 ], [ 71.906, 22.256 ], [ 71.893, 22.257 ], [ 71.886, 22.267 ], [ 71.873, 22.268 ], [ 71.865, 22.258 ], [ 71.851, 22.259 ], [ 71.845, 22.269 ], [ 71.853, 22.279 ], [ 71.846, 22.289 ], [ 71.854, 22.299 ], [ 71.848, 22.31 ], [ 71.855, 22.319 ], [ 71.869, 22.319 ], [ 71.877, 22.329 ], [ 71.89, 22.328 ], [ 71.898, 22.338 ], [ 71.892, 22.348 ], [ 71.899, 22.358 ], [ 71.893, 22.368 ], [ 71.879, 22.369 ], [ 71.873, 22.379 ], [ 71.859, 22.38 ], [ 71.852, 22.37 ], [ 71.838, 22.371 ], [ 71.832, 22.381 ], [ 71.839, 22.391 ], [ 71.833, 22.401 ], [ 71.819, 22.402 ], [ 71.812, 22.392 ], [ 71.798, 22.393 ], [ 71.79, 22.383 ], [ 71.797, 22.373 ], [ 71.789, 22.363 ], [ 71.775, 22.363 ], [ 71.768, 22.354 ], [ 71.754, 22.354 ], [ 71.748, 22.365 ], [ 71.734, 22.365 ], [ 71.728, 22.376 ], [ 71.714, 22.376 ], [ 71.708, 22.387 ], [ 71.694, 22.387 ], [ 71.688, 22.398 ], [ 71.674, 22.398 ], [ 71.666, 22.388 ], [ 71.653, 22.389 ], [ 71.645, 22.379 ], [ 71.631, 22.38 ], [ 71.624, 22.37 ], [ 71.63, 22.36 ], [ 71.623, 22.35 ], [ 71.609, 22.35 ], [ 71.601, 22.341 ], [ 71.587, 22.341 ], [ 71.58, 22.331 ], [ 71.566, 22.332 ], [ 71.56, 22.342 ], [ 71.546, 22.343 ], [ 71.539, 22.333 ], [ 71.525, 22.334 ], [ 71.517, 22.324 ], [ 71.504, 22.325 ], [ 71.496, 22.315 ], [ 71.503, 22.304 ], [ 71.495, 22.295 ], [ 71.481, 22.295 ], [ 71.474, 22.285 ], [ 71.46, 22.286 ], [ 71.453, 22.276 ], [ 71.439, 22.277 ], [ 71.431, 22.267 ], [ 71.438, 22.257 ], [ 71.43, 22.247 ], [ 71.436, 22.236 ], [ 71.429, 22.227 ], [ 71.415, 22.227 ], [ 71.408, 22.217 ], [ 71.394, 22.218 ], [ 71.388, 22.228 ], [ 71.395, 22.238 ], [ 71.389, 22.249 ], [ 71.396, 22.258 ], [ 71.39, 22.269 ], [ 71.376, 22.269 ], [ 71.37, 22.28 ], [ 71.356, 22.28 ], [ 71.349, 22.27 ], [ 71.335, 22.271 ], [ 71.329, 22.281 ], [ 71.315, 22.282 ], [ 71.308, 22.272 ], [ 71.314, 22.262 ], [ 71.306, 22.252 ], [ 71.293, 22.253 ], [ 71.286, 22.263 ], [ 71.273, 22.263 ], [ 71.266, 22.274 ], [ 71.253, 22.274 ], [ 71.245, 22.265 ], [ 71.231, 22.265 ], [ 71.224, 22.255 ], [ 71.23, 22.245 ], [ 71.223, 22.235 ], [ 71.229, 22.225 ], [ 71.243, 22.224 ], [ 71.249, 22.214 ], [ 71.263, 22.213 ], [ 71.27, 22.223 ], [ 71.284, 22.223 ], [ 71.29, 22.212 ], [ 71.283, 22.202 ], [ 71.289, 22.192 ], [ 71.303, 22.192 ], [ 71.309, 22.181 ], [ 71.302, 22.171 ], [ 71.288, 22.172 ], [ 71.281, 22.162 ], [ 71.267, 22.163 ], [ 71.261, 22.173 ], [ 71.247, 22.174 ], [ 71.24, 22.164 ], [ 71.226, 22.164 ], [ 71.219, 22.175 ], [ 71.206, 22.175 ], [ 71.198, 22.166 ], [ 71.185, 22.166 ], [ 71.177, 22.156 ], [ 71.184, 22.146 ], [ 71.176, 22.136 ], [ 71.162, 22.137 ], [ 71.155, 22.127 ], [ 71.141, 22.127 ], [ 71.134, 22.118 ], [ 71.12, 22.118 ], [ 71.114, 22.129 ], [ 71.121, 22.138 ], [ 71.135, 22.138 ], [ 71.142, 22.148 ], [ 71.136, 22.158 ], [ 71.143, 22.168 ], [ 71.157, 22.167 ], [ 71.165, 22.177 ], [ 71.158, 22.187 ], [ 71.144, 22.188 ], [ 71.138, 22.198 ], [ 71.124, 22.199 ], [ 71.118, 22.209 ], [ 71.126, 22.219 ], [ 71.119, 22.229 ], [ 71.105, 22.23 ], [ 71.099, 22.24 ], [ 71.107, 22.25 ], [ 71.1, 22.26 ], [ 71.086, 22.261 ], [ 71.08, 22.271 ], [ 71.066, 22.272 ], [ 71.06, 22.282 ], [ 71.067, 22.292 ], [ 71.061, 22.302 ], [ 71.047, 22.303 ], [ 71.041, 22.313 ], [ 71.027, 22.314 ], [ 71.021, 22.324 ], [ 71.028, 22.334 ], [ 71.022, 22.344 ], [ 71.008, 22.345 ], [ 71.002, 22.355 ], [ 71.009, 22.365 ], [ 71.023, 22.365 ], [ 71.03, 22.374 ], [ 71.024, 22.385 ], [ 71.031, 22.395 ], [ 71.025, 22.405 ], [ 71.011, 22.406 ], [ 71.004, 22.396 ], [ 70.99, 22.396 ], [ 70.984, 22.407 ], [ 70.97, 22.407 ], [ 70.964, 22.418 ], [ 70.95, 22.418 ], [ 70.943, 22.429 ], [ 70.93, 22.429 ], [ 70.923, 22.439 ], [ 70.909, 22.44 ], [ 70.903, 22.45 ], [ 70.889, 22.451 ], [ 70.883, 22.461 ], [ 70.869, 22.462 ], [ 70.862, 22.452 ], [ 70.848, 22.453 ], [ 70.841, 22.463 ], [ 70.828, 22.463 ], [ 70.821, 22.474 ], [ 70.807, 22.474 ], [ 70.8, 22.464 ], [ 70.786, 22.465 ], [ 70.779, 22.455 ], [ 70.785, 22.445 ], [ 70.799, 22.444 ], [ 70.805, 22.434 ], [ 70.798, 22.424 ], [ 70.784, 22.425 ], [ 70.778, 22.435 ], [ 70.764, 22.435 ], [ 70.757, 22.426 ], [ 70.743, 22.426 ], [ 70.737, 22.437 ], [ 70.723, 22.437 ], [ 70.715, 22.427 ], [ 70.702, 22.428 ], [ 70.695, 22.438 ], [ 70.681, 22.439 ], [ 70.675, 22.449 ], [ 70.682, 22.459 ], [ 70.676, 22.469 ], [ 70.662, 22.47 ], [ 70.656, 22.48 ], [ 70.663, 22.49 ], [ 70.657, 22.5 ], [ 70.643, 22.501 ], [ 70.636, 22.511 ], [ 70.623, 22.512 ], [ 70.616, 22.522 ], [ 70.624, 22.532 ], [ 70.617, 22.542 ], [ 70.624, 22.552 ], [ 70.638, 22.552 ], [ 70.646, 22.562 ], [ 70.639, 22.572 ], [ 70.625, 22.573 ], [ 70.619, 22.583 ], [ 70.605, 22.583 ], [ 70.599, 22.594 ], [ 70.606, 22.604 ], [ 70.6, 22.614 ], [ 70.586, 22.615 ], [ 70.578, 22.605 ], [ 70.565, 22.605 ], [ 70.557, 22.595 ], [ 70.564, 22.585 ], [ 70.556, 22.575 ], [ 70.563, 22.565 ], [ 70.555, 22.555 ], [ 70.562, 22.544 ], [ 70.576, 22.544 ], [ 70.582, 22.534 ], [ 70.575, 22.524 ], [ 70.561, 22.524 ], [ 70.554, 22.535 ], [ 70.541, 22.535 ], [ 70.533, 22.525 ], [ 70.54, 22.515 ], [ 70.532, 22.505 ], [ 70.539, 22.495 ], [ 70.553, 22.494 ], [ 70.56, 22.504 ], [ 70.574, 22.503 ], [ 70.58, 22.493 ], [ 70.573, 22.483 ], [ 70.559, 22.484 ], [ 70.552, 22.474 ], [ 70.558, 22.463 ], [ 70.551, 22.454 ], [ 70.537, 22.454 ], [ 70.531, 22.464 ], [ 70.517, 22.465 ], [ 70.51, 22.475 ], [ 70.497, 22.476 ], [ 70.489, 22.466 ], [ 70.496, 22.456 ], [ 70.488, 22.446 ], [ 70.474, 22.446 ], [ 70.468, 22.457 ], [ 70.454, 22.457 ], [ 70.447, 22.447 ], [ 70.453, 22.437 ], [ 70.446, 22.427 ], [ 70.452, 22.417 ], [ 70.466, 22.416 ], [ 70.474, 22.426 ], [ 70.487, 22.426 ], [ 70.494, 22.415 ], [ 70.486, 22.405 ], [ 70.493, 22.395 ], [ 70.486, 22.385 ], [ 70.492, 22.375 ], [ 70.485, 22.365 ], [ 70.491, 22.355 ], [ 70.505, 22.354 ], [ 70.512, 22.364 ], [ 70.526, 22.363 ], [ 70.532, 22.353 ], [ 70.525, 22.343 ], [ 70.532, 22.333 ], [ 70.524, 22.323 ], [ 70.51, 22.323 ], [ 70.504, 22.334 ], [ 70.49, 22.334 ], [ 70.483, 22.324 ], [ 70.469, 22.325 ], [ 70.462, 22.315 ], [ 70.468, 22.305 ], [ 70.482, 22.304 ], [ 70.488, 22.294 ], [ 70.502, 22.293 ], [ 70.509, 22.283 ], [ 70.501, 22.273 ], [ 70.508, 22.263 ], [ 70.522, 22.262 ], [ 70.528, 22.252 ], [ 70.542, 22.252 ], [ 70.548, 22.241 ], [ 70.562, 22.241 ], [ 70.568, 22.23 ], [ 70.582, 22.23 ], [ 70.588, 22.22 ], [ 70.581, 22.21 ], [ 70.588, 22.199 ], [ 70.58, 22.19 ], [ 70.587, 22.179 ], [ 70.579, 22.169 ], [ 70.586, 22.159 ], [ 70.578, 22.149 ], [ 70.565, 22.15 ], [ 70.557, 22.14 ], [ 70.564, 22.13 ], [ 70.577, 22.129 ], [ 70.584, 22.119 ], [ 70.577, 22.109 ], [ 70.563, 22.11 ], [ 70.555, 22.1 ], [ 70.562, 22.089 ], [ 70.555, 22.08 ], [ 70.561, 22.069 ], [ 70.554, 22.059 ], [ 70.56, 22.049 ], [ 70.553, 22.039 ], [ 70.559, 22.029 ], [ 70.552, 22.019 ], [ 70.538, 22.02 ], [ 70.531, 22.01 ], [ 70.517, 22.01 ], [ 70.51, 22.001 ], [ 70.496, 22.001 ], [ 70.49, 22.011 ], [ 70.497, 22.021 ], [ 70.511, 22.021 ], [ 70.518, 22.031 ], [ 70.532, 22.03 ], [ 70.539, 22.04 ], [ 70.533, 22.05 ], [ 70.519, 22.051 ], [ 70.512, 22.041 ], [ 70.498, 22.041 ], [ 70.491, 22.052 ], [ 70.478, 22.052 ], [ 70.471, 22.062 ], [ 70.458, 22.063 ], [ 70.45, 22.053 ], [ 70.457, 22.043 ], [ 70.449, 22.033 ], [ 70.436, 22.034 ], [ 70.428, 22.024 ], [ 70.415, 22.024 ], [ 70.408, 22.035 ], [ 70.395, 22.035 ], [ 70.388, 22.045 ], [ 70.375, 22.046 ], [ 70.368, 22.056 ], [ 70.354, 22.057 ], [ 70.347, 22.047 ], [ 70.333, 22.047 ], [ 70.326, 22.037 ], [ 70.333, 22.027 ], [ 70.325, 22.017 ], [ 70.312, 22.018 ], [ 70.304, 22.008 ], [ 70.291, 22.009 ], [ 70.283, 21.999 ], [ 70.27, 21.999 ], [ 70.262, 21.989 ], [ 70.249, 21.99 ], [ 70.241, 21.98 ], [ 70.248, 21.97 ], [ 70.241, 21.96 ], [ 70.227, 21.961 ], [ 70.22, 21.971 ], [ 70.207, 21.971 ], [ 70.199, 21.961 ], [ 70.206, 21.951 ], [ 70.22, 21.951 ], [ 70.226, 21.94 ], [ 70.219, 21.931 ], [ 70.225, 21.92 ], [ 70.218, 21.911 ], [ 70.204, 21.911 ], [ 70.197, 21.901 ], [ 70.183, 21.902 ], [ 70.177, 21.912 ], [ 70.184, 21.922 ], [ 70.178, 21.932 ], [ 70.164, 21.933 ], [ 70.158, 21.943 ], [ 70.144, 21.943 ], [ 70.137, 21.933 ], [ 70.143, 21.923 ], [ 70.136, 21.913 ], [ 70.142, 21.903 ], [ 70.135, 21.893 ], [ 70.142, 21.883 ], [ 70.134, 21.873 ], [ 70.121, 21.874 ], [ 70.113, 21.864 ], [ 70.12, 21.854 ], [ 70.113, 21.844 ], [ 70.099, 21.844 ], [ 70.092, 21.835 ], [ 70.098, 21.824 ], [ 70.091, 21.815 ], [ 70.097, 21.804 ], [ 70.09, 21.795 ], [ 70.077, 21.795 ], [ 70.07, 21.805 ], [ 70.056, 21.806 ], [ 70.049, 21.796 ], [ 70.036, 21.796 ], [ 70.028, 21.787 ], [ 70.035, 21.776 ], [ 70.049, 21.776 ], [ 70.055, 21.766 ], [ 70.069, 21.765 ], [ 70.075, 21.755 ], [ 70.068, 21.745 ], [ 70.074, 21.735 ], [ 70.088, 21.734 ], [ 70.094, 21.724 ], [ 70.087, 21.714 ], [ 70.094, 21.704 ], [ 70.107, 21.704 ], [ 70.114, 21.694 ], [ 70.127, 21.693 ], [ 70.134, 21.683 ], [ 70.147, 21.682 ], [ 70.154, 21.672 ], [ 70.147, 21.662 ], [ 70.153, 21.652 ], [ 70.146, 21.642 ], [ 70.132, 21.643 ], [ 70.125, 21.633 ], [ 70.131, 21.623 ], [ 70.145, 21.622 ], [ 70.151, 21.612 ], [ 70.165, 21.612 ], [ 70.172, 21.621 ], [ 70.186, 21.621 ], [ 70.193, 21.631 ], [ 70.207, 21.63 ], [ 70.214, 21.64 ], [ 70.228, 21.64 ], [ 70.234, 21.629 ], [ 70.248, 21.629 ], [ 70.254, 21.619 ], [ 70.268, 21.618 ], [ 70.274, 21.608 ], [ 70.267, 21.598 ], [ 70.273, 21.588 ], [ 70.266, 21.578 ], [ 70.252, 21.579 ], [ 70.245, 21.569 ], [ 70.252, 21.559 ], [ 70.244, 21.549 ], [ 70.251, 21.539 ], [ 70.264, 21.538 ], [ 70.272, 21.548 ], [ 70.285, 21.548 ], [ 70.292, 21.557 ], [ 70.286, 21.568 ], [ 70.293, 21.577 ], [ 70.307, 21.577 ], [ 70.314, 21.587 ], [ 70.328, 21.586 ], [ 70.335, 21.596 ], [ 70.349, 21.595 ], [ 70.356, 21.605 ], [ 70.369, 21.605 ], [ 70.377, 21.614 ], [ 70.37, 21.625 ], [ 70.378, 21.634 ], [ 70.391, 21.634 ], [ 70.398, 21.644 ], [ 70.412, 21.643 ], [ 70.419, 21.653 ], [ 70.433, 21.652 ], [ 70.44, 21.662 ], [ 70.454, 21.662 ], [ 70.46, 21.651 ], [ 70.474, 21.651 ], [ 70.481, 21.661 ], [ 70.495, 21.66 ], [ 70.502, 21.67 ], [ 70.516, 21.669 ], [ 70.523, 21.679 ], [ 70.536, 21.679 ], [ 70.543, 21.668 ], [ 70.556, 21.668 ], [ 70.563, 21.658 ], [ 70.556, 21.648 ], [ 70.562, 21.638 ], [ 70.576, 21.637 ], [ 70.582, 21.627 ], [ 70.596, 21.626 ], [ 70.603, 21.636 ], [ 70.616, 21.636 ], [ 70.623, 21.625 ], [ 70.636, 21.625 ], [ 70.644, 21.634 ], [ 70.637, 21.645 ], [ 70.645, 21.654 ], [ 70.658, 21.654 ], [ 70.665, 21.644 ], [ 70.678, 21.643 ], [ 70.685, 21.633 ], [ 70.677, 21.623 ], [ 70.684, 21.613 ], [ 70.697, 21.612 ], [ 70.704, 21.602 ], [ 70.717, 21.602 ], [ 70.725, 21.611 ], [ 70.718, 21.622 ], [ 70.725, 21.631 ], [ 70.739, 21.631 ], [ 70.746, 21.641 ], [ 70.74, 21.651 ], [ 70.747, 21.661 ], [ 70.741, 21.671 ], [ 70.748, 21.681 ], [ 70.762, 21.68 ], [ 70.768, 21.67 ], [ 70.782, 21.669 ], [ 70.789, 21.679 ], [ 70.783, 21.689 ], [ 70.79, 21.699 ], [ 70.804, 21.698 ], [ 70.811, 21.708 ], [ 70.805, 21.718 ], [ 70.791, 21.719 ], [ 70.785, 21.729 ], [ 70.792, 21.739 ], [ 70.806, 21.739 ], [ 70.813, 21.748 ], [ 70.827, 21.748 ], [ 70.833, 21.737 ], [ 70.847, 21.737 ], [ 70.854, 21.747 ], [ 70.868, 21.746 ], [ 70.874, 21.736 ], [ 70.888, 21.735 ], [ 70.895, 21.745 ], [ 70.889, 21.755 ], [ 70.896, 21.765 ], [ 70.91, 21.765 ], [ 70.916, 21.754 ], [ 70.93, 21.754 ], [ 70.936, 21.743 ], [ 70.95, 21.743 ], [ 70.957, 21.753 ], [ 70.971, 21.752 ], [ 70.977, 21.742 ], [ 70.97, 21.732 ], [ 70.976, 21.722 ], [ 70.99, 21.721 ], [ 70.997, 21.731 ], [ 71.01, 21.731 ], [ 71.018, 21.74 ], [ 71.031, 21.74 ], [ 71.039, 21.749 ], [ 71.033, 21.76 ], [ 71.04, 21.769 ], [ 71.054, 21.769 ], [ 71.061, 21.779 ], [ 71.055, 21.789 ], [ 71.041, 21.789 ], [ 71.035, 21.8 ], [ 71.042, 21.809 ], [ 71.036, 21.82 ], [ 71.043, 21.83 ], [ 71.057, 21.829 ], [ 71.063, 21.819 ], [ 71.077, 21.818 ], [ 71.084, 21.828 ], [ 71.098, 21.827 ], [ 71.105, 21.837 ], [ 71.099, 21.847 ], [ 71.106, 21.857 ], [ 71.1, 21.867 ], [ 71.086, 21.868 ], [ 71.079, 21.858 ], [ 71.065, 21.859 ], [ 71.058, 21.849 ], [ 71.044, 21.85 ], [ 71.038, 21.86 ], [ 71.045, 21.87 ], [ 71.059, 21.869 ], [ 71.066, 21.879 ], [ 71.06, 21.889 ], [ 71.067, 21.899 ], [ 71.061, 21.909 ], [ 71.068, 21.919 ], [ 71.082, 21.918 ], [ 71.088, 21.908 ], [ 71.102, 21.908 ], [ 71.109, 21.917 ], [ 71.123, 21.917 ], [ 71.13, 21.926 ], [ 71.124, 21.937 ], [ 71.131, 21.947 ], [ 71.145, 21.946 ], [ 71.153, 21.956 ], [ 71.166, 21.955 ], [ 71.174, 21.965 ], [ 71.187, 21.964 ], [ 71.195, 21.974 ], [ 71.188, 21.985 ], [ 71.196, 21.994 ], [ 71.19, 22.005 ], [ 71.197, 22.014 ], [ 71.211, 22.014 ], [ 71.217, 22.003 ], [ 71.231, 22.003 ], [ 71.238, 22.013 ], [ 71.252, 22.012 ], [ 71.258, 22.002 ], [ 71.251, 21.992 ], [ 71.257, 21.982 ], [ 71.25, 21.972 ], [ 71.256, 21.962 ], [ 71.269, 21.961 ], [ 71.277, 21.971 ], [ 71.291, 21.97 ], [ 71.298, 21.98 ], [ 71.292, 21.99 ], [ 71.299, 22.0 ], [ 71.293, 22.01 ], [ 71.279, 22.011 ], [ 71.273, 22.021 ], [ 71.28, 22.031 ], [ 71.294, 22.031 ], [ 71.301, 22.04 ], [ 71.315, 22.04 ], [ 71.321, 22.029 ], [ 71.335, 22.029 ], [ 71.341, 22.018 ], [ 71.334, 22.009 ], [ 71.34, 21.998 ], [ 71.333, 21.989 ], [ 71.339, 21.978 ], [ 71.353, 21.978 ], [ 71.36, 21.987 ], [ 71.374, 21.987 ], [ 71.38, 21.977 ], [ 71.394, 21.976 ], [ 71.4, 21.966 ], [ 71.393, 21.956 ], [ 71.399, 21.946 ], [ 71.413, 21.945 ], [ 71.42, 21.955 ], [ 71.434, 21.954 ], [ 71.44, 21.944 ], [ 71.454, 21.943 ], [ 71.46, 21.933 ], [ 71.453, 21.923 ], [ 71.459, 21.913 ], [ 71.451, 21.903 ], [ 71.438, 21.904 ], [ 71.431, 21.914 ], [ 71.418, 21.915 ], [ 71.41, 21.905 ], [ 71.417, 21.895 ], [ 71.409, 21.885 ], [ 71.415, 21.875 ], [ 71.429, 21.874 ], [ 71.437, 21.884 ], [ 71.45, 21.883 ], [ 71.456, 21.873 ], [ 71.449, 21.863 ], [ 71.455, 21.853 ], [ 71.448, 21.843 ], [ 71.454, 21.833 ], [ 71.447, 21.823 ], [ 71.453, 21.813 ], [ 71.467, 21.812 ], [ 71.473, 21.802 ], [ 71.486, 21.801 ], [ 71.493, 21.791 ], [ 71.506, 21.79 ], [ 71.513, 21.78 ], [ 71.526, 21.779 ], [ 71.532, 21.769 ], [ 71.546, 21.769 ], [ 71.552, 21.758 ], [ 71.545, 21.749 ], [ 71.551, 21.738 ], [ 71.565, 21.738 ], [ 71.572, 21.747 ], [ 71.586, 21.747 ], [ 71.592, 21.736 ], [ 71.585, 21.727 ], [ 71.591, 21.716 ], [ 71.583, 21.707 ], [ 71.59, 21.697 ], [ 71.603, 21.696 ], [ 71.611, 21.706 ], [ 71.624, 21.705 ], [ 71.632, 21.715 ], [ 71.626, 21.725 ], [ 71.612, 21.726 ], [ 71.606, 21.736 ], [ 71.613, 21.746 ], [ 71.627, 21.745 ], [ 71.634, 21.755 ], [ 71.628, 21.765 ], [ 71.635, 21.775 ], [ 71.629, 21.785 ], [ 71.616, 21.786 ], [ 71.608, 21.776 ], [ 71.594, 21.777 ], [ 71.588, 21.787 ], [ 71.596, 21.797 ], [ 71.589, 21.807 ], [ 71.597, 21.817 ], [ 71.611, 21.816 ], [ 71.618, 21.826 ], [ 71.632, 21.825 ], [ 71.639, 21.835 ], [ 71.653, 21.834 ], [ 71.66, 21.844 ], [ 71.654, 21.854 ], [ 71.661, 21.864 ], [ 71.675, 21.863 ], [ 71.683, 21.873 ], [ 71.676, 21.883 ], [ 71.684, 21.893 ], [ 71.678, 21.903 ], [ 71.685, 21.913 ], [ 71.679, 21.924 ], [ 71.686, 21.933 ], [ 71.68, 21.944 ], [ 71.688, 21.953 ], [ 71.701, 21.953 ], [ 71.709, 21.962 ], [ 71.703, 21.973 ], [ 71.71, 21.983 ], [ 71.724, 21.982 ], [ 71.731, 21.992 ], [ 71.725, 22.002 ], [ 71.732, 22.012 ], [ 71.746, 22.011 ], [ 71.752, 22.001 ], [ 71.766, 22.0 ], [ 71.773, 22.01 ], [ 71.787, 22.009 ], [ 71.795, 22.019 ], [ 71.808, 22.019 ], [ 71.815, 22.008 ], [ 71.828, 22.008 ], [ 71.836, 22.017 ], [ 71.849, 22.017 ], [ 71.856, 22.006 ], [ 71.869, 22.006 ], [ 71.877, 22.015 ], [ 71.871, 22.026 ], [ 71.878, 22.036 ], [ 71.872, 22.046 ], [ 71.858, 22.047 ], [ 71.852, 22.057 ], [ 71.86, 22.067 ], [ 71.873, 22.066 ], [ 71.881, 22.076 ], [ 71.875, 22.086 ], [ 71.882, 22.096 ], [ 71.896, 22.095 ], [ 71.903, 22.105 ], [ 71.917, 22.104 ], [ 71.925, 22.114 ], [ 71.918, 22.124 ], [ 71.926, 22.134 ], [ 71.94, 22.134 ] ], [ [ 70.766, 21.76 ], [ 70.773, 21.77 ], [ 70.767, 21.78 ], [ 70.774, 21.79 ], [ 70.788, 21.789 ], [ 70.794, 21.779 ], [ 70.787, 21.769 ], [ 70.793, 21.759 ], [ 70.786, 21.749 ], [ 70.772, 21.75 ], [ 70.766, 21.76 ] ], [ [ 71.354, 22.24 ], [ 71.347, 22.23 ], [ 71.353, 22.22 ], [ 71.345, 22.21 ], [ 71.332, 22.211 ], [ 71.325, 22.221 ], [ 71.312, 22.221 ], [ 71.305, 22.232 ], [ 71.313, 22.242 ], [ 71.326, 22.241 ], [ 71.334, 22.251 ], [ 71.348, 22.25 ], [ 71.354, 22.24 ] ] ] ] } },
{ "type": "Feature", "properties": { "POLYGON.ID": 86.0, "subregion": "India--Gujarat--Gandhinagar_CL30692", "FILTER": "Gujarat", "POLYGON": "India--Gujarat--Gandhinagar_CL30692", "COUNTY": "Gandhinagar", "STATE": "Gujarat", "OWNER": null }, "geometry": { "type": "MultiPolygon", "coordinates": [ [ [ [ 72.529, 23.41 ], [ 72.515, 23.411 ], [ 72.508, 23.401 ], [ 72.514, 23.391 ], [ 72.506, 23.381 ], [ 72.512, 23.37 ], [ 72.526, 23.369 ], [ 72.532, 23.359 ], [ 72.525, 23.349 ], [ 72.511, 23.35 ], [ 72.503, 23.34 ], [ 72.489, 23.34 ], [ 72.481, 23.33 ], [ 72.487, 23.32 ], [ 72.48, 23.31 ], [ 72.466, 23.311 ], [ 72.458, 23.301 ], [ 72.444, 23.301 ], [ 72.438, 23.312 ], [ 72.424, 23.313 ], [ 72.416, 23.303 ], [ 72.422, 23.292 ], [ 72.415, 23.282 ], [ 72.421, 23.272 ], [ 72.435, 23.271 ], [ 72.441, 23.261 ], [ 72.433, 23.251 ], [ 72.44, 23.24 ], [ 72.432, 23.23 ], [ 72.438, 23.22 ], [ 72.43, 23.21 ], [ 72.416, 23.21 ], [ 72.409, 23.201 ], [ 72.415, 23.19 ], [ 72.407, 23.18 ], [ 72.393, 23.181 ], [ 72.386, 23.171 ], [ 72.392, 23.16 ], [ 72.406, 23.16 ], [ 72.412, 23.149 ], [ 72.426, 23.148 ], [ 72.432, 23.138 ], [ 72.424, 23.128 ], [ 72.411, 23.129 ], [ 72.403, 23.119 ], [ 72.389, 23.119 ], [ 72.381, 23.11 ], [ 72.367, 23.11 ], [ 72.361, 23.121 ], [ 72.347, 23.121 ], [ 72.339, 23.112 ], [ 72.346, 23.101 ], [ 72.36, 23.1 ], [ 72.366, 23.09 ], [ 72.38, 23.089 ], [ 72.386, 23.079 ], [ 72.378, 23.069 ], [ 72.384, 23.058 ], [ 72.398, 23.058 ], [ 72.406, 23.067 ], [ 72.42, 23.067 ], [ 72.426, 23.056 ], [ 72.44, 23.056 ], [ 72.448, 23.065 ], [ 72.462, 23.065 ], [ 72.469, 23.075 ], [ 72.463, 23.085 ], [ 72.471, 23.095 ], [ 72.485, 23.094 ], [ 72.493, 23.104 ], [ 72.486, 23.115 ], [ 72.494, 23.125 ], [ 72.488, 23.135 ], [ 72.496, 23.145 ], [ 72.509, 23.144 ], [ 72.517, 23.154 ], [ 72.531, 23.154 ], [ 72.537, 23.143 ], [ 72.551, 23.142 ], [ 72.557, 23.132 ], [ 72.571, 23.131 ], [ 72.578, 23.12 ], [ 72.591, 23.12 ], [ 72.599, 23.13 ], [ 72.613, 23.129 ], [ 72.619, 23.118 ], [ 72.612, 23.109 ], [ 72.618, 23.098 ], [ 72.632, 23.097 ], [ 72.638, 23.087 ], [ 72.652, 23.086 ], [ 72.659, 23.096 ], [ 72.673, 23.095 ], [ 72.681, 23.105 ], [ 72.695, 23.104 ], [ 72.703, 23.114 ], [ 72.717, 23.114 ], [ 72.723, 23.103 ], [ 72.737, 23.102 ], [ 72.743, 23.092 ], [ 72.757, 23.091 ], [ 72.763, 23.08 ], [ 72.777, 23.08 ], [ 72.783, 23.069 ], [ 72.775, 23.059 ], [ 72.781, 23.049 ], [ 72.795, 23.048 ], [ 72.801, 23.038 ], [ 72.815, 23.037 ], [ 72.821, 23.026 ], [ 72.814, 23.016 ], [ 72.82, 23.006 ], [ 72.834, 23.005 ], [ 72.841, 23.015 ], [ 72.855, 23.014 ], [ 72.861, 23.004 ], [ 72.875, 23.003 ], [ 72.883, 23.013 ], [ 72.897, 23.012 ], [ 72.905, 23.022 ], [ 72.899, 23.033 ], [ 72.906, 23.042 ], [ 72.9, 23.053 ], [ 72.908, 23.063 ], [ 72.922, 23.062 ], [ 72.93, 23.072 ], [ 72.944, 23.071 ], [ 72.95, 23.061 ], [ 72.964, 23.06 ], [ 72.971, 23.07 ], [ 72.985, 23.069 ], [ 72.993, 23.079 ], [ 72.987, 23.089 ], [ 72.995, 23.099 ], [ 73.009, 23.099 ], [ 73.016, 23.108 ], [ 73.01, 23.119 ], [ 73.018, 23.129 ], [ 73.012, 23.139 ], [ 73.02, 23.149 ], [ 73.014, 23.16 ], [ 73.0, 23.161 ], [ 72.992, 23.151 ], [ 72.978, 23.151 ], [ 72.972, 23.162 ], [ 72.98, 23.172 ], [ 72.974, 23.182 ], [ 72.981, 23.192 ], [ 72.975, 23.203 ], [ 72.983, 23.213 ], [ 72.977, 23.223 ], [ 72.985, 23.233 ], [ 72.979, 23.244 ], [ 72.986, 23.254 ], [ 73.0, 23.253 ], [ 73.008, 23.263 ], [ 73.002, 23.273 ], [ 73.01, 23.283 ], [ 73.004, 23.294 ], [ 72.99, 23.295 ], [ 72.982, 23.285 ], [ 72.968, 23.285 ], [ 72.96, 23.276 ], [ 72.966, 23.265 ], [ 72.958, 23.255 ], [ 72.965, 23.244 ], [ 72.957, 23.235 ], [ 72.943, 23.235 ], [ 72.937, 23.246 ], [ 72.923, 23.247 ], [ 72.917, 23.257 ], [ 72.924, 23.267 ], [ 72.918, 23.278 ], [ 72.904, 23.278 ], [ 72.898, 23.289 ], [ 72.906, 23.299 ], [ 72.9, 23.309 ], [ 72.908, 23.319 ], [ 72.901, 23.33 ], [ 72.888, 23.331 ], [ 72.88, 23.321 ], [ 72.866, 23.321 ], [ 72.858, 23.312 ], [ 72.844, 23.312 ], [ 72.838, 23.323 ], [ 72.824, 23.324 ], [ 72.816, 23.314 ], [ 72.802, 23.314 ], [ 72.796, 23.325 ], [ 72.804, 23.335 ], [ 72.798, 23.346 ], [ 72.784, 23.346 ], [ 72.778, 23.357 ], [ 72.764, 23.358 ], [ 72.757, 23.368 ], [ 72.765, 23.378 ], [ 72.759, 23.389 ], [ 72.745, 23.389 ], [ 72.739, 23.4 ], [ 72.747, 23.41 ], [ 72.761, 23.409 ], [ 72.768, 23.419 ], [ 72.782, 23.418 ], [ 72.789, 23.408 ], [ 72.802, 23.407 ], [ 72.81, 23.417 ], [ 72.804, 23.428 ], [ 72.812, 23.437 ], [ 72.806, 23.448 ], [ 72.813, 23.458 ], [ 72.807, 23.469 ], [ 72.815, 23.478 ], [ 72.809, 23.489 ], [ 72.795, 23.49 ], [ 72.789, 23.5 ], [ 72.775, 23.501 ], [ 72.769, 23.512 ], [ 72.776, 23.522 ], [ 72.77, 23.532 ], [ 72.756, 23.533 ], [ 72.748, 23.523 ], [ 72.734, 23.524 ], [ 72.728, 23.534 ], [ 72.714, 23.535 ], [ 72.706, 23.525 ], [ 72.692, 23.526 ], [ 72.686, 23.537 ], [ 72.672, 23.537 ], [ 72.666, 23.548 ], [ 72.652, 23.549 ], [ 72.646, 23.559 ], [ 72.632, 23.56 ], [ 72.624, 23.55 ], [ 72.63, 23.539 ], [ 72.622, 23.529 ], [ 72.629, 23.519 ], [ 72.621, 23.509 ], [ 72.607, 23.51 ], [ 72.601, 23.52 ], [ 72.587, 23.521 ], [ 72.579, 23.511 ], [ 72.585, 23.5 ], [ 72.577, 23.49 ], [ 72.584, 23.48 ], [ 72.576, 23.47 ], [ 72.582, 23.459 ], [ 72.574, 23.449 ], [ 72.56, 23.45 ], [ 72.553, 23.44 ], [ 72.539, 23.441 ], [ 72.531, 23.431 ], [ 72.537, 23.42 ], [ 72.529, 23.41 ] ] ] ] } },
{ "type": "Feature", "properties": { "POLYGON.ID": 84.0, "subregion": "India--Gujarat--Saurashtra--Junagadh_CL30380", "FILTER": "Gujarat", "POLYGON": "India--Gujarat--Saurashtra--Junagadh_CL30380", "COUNTY": "Una", "STATE": "Gujarat", "OWNER": null }, "geometry": { "type": "MultiPolygon", "coordinates": [ [ [ [ 70.106, 21.664 ], [ 70.112, 21.654 ], [ 70.105, 21.644 ], [ 70.091, 21.644 ], [ 70.084, 21.635 ], [ 70.07, 21.635 ], [ 70.063, 21.625 ], [ 70.05, 21.626 ], [ 70.042, 21.616 ], [ 70.049, 21.606 ], [ 70.063, 21.605 ], [ 70.069, 21.595 ], [ 70.062, 21.585 ], [ 70.048, 21.586 ], [ 70.042, 21.596 ], [ 70.028, 21.596 ], [ 70.021, 21.587 ], [ 70.007, 21.587 ], [ 70.0, 21.577 ], [ 69.987, 21.578 ], [ 69.98, 21.588 ], [ 69.966, 21.589 ], [ 69.959, 21.579 ], [ 69.966, 21.569 ], [ 69.979, 21.568 ], [ 69.986, 21.558 ], [ 69.999, 21.557 ], [ 70.006, 21.547 ], [ 69.999, 21.537 ], [ 69.985, 21.538 ], [ 69.978, 21.528 ], [ 69.984, 21.518 ], [ 69.977, 21.508 ], [ 69.984, 21.498 ], [ 69.997, 21.498 ], [ 70.004, 21.487 ], [ 70.017, 21.487 ], [ 70.024, 21.477 ], [ 70.037, 21.476 ], [ 70.044, 21.466 ], [ 70.036, 21.456 ], [ 70.043, 21.446 ], [ 70.036, 21.436 ], [ 70.022, 21.437 ], [ 70.016, 21.447 ], [ 70.002, 21.448 ], [ 69.995, 21.438 ], [ 69.981, 21.438 ], [ 69.974, 21.429 ], [ 69.981, 21.418 ], [ 69.974, 21.409 ], [ 69.96, 21.409 ], [ 69.953, 21.399 ], [ 69.959, 21.389 ], [ 69.952, 21.379 ], [ 69.938, 21.38 ], [ 69.931, 21.37 ], [ 69.938, 21.36 ], [ 69.951, 21.36 ], [ 69.958, 21.349 ], [ 69.971, 21.349 ], [ 69.978, 21.339 ], [ 69.971, 21.329 ], [ 69.977, 21.319 ], [ 69.97, 21.309 ], [ 69.976, 21.299 ], [ 69.99, 21.299 ], [ 69.996, 21.288 ], [ 70.01, 21.288 ], [ 70.016, 21.278 ], [ 70.009, 21.268 ], [ 70.015, 21.258 ], [ 70.008, 21.248 ], [ 69.995, 21.249 ], [ 69.988, 21.239 ], [ 69.994, 21.229 ], [ 69.987, 21.219 ], [ 69.993, 21.209 ], [ 69.986, 21.199 ], [ 69.993, 21.189 ], [ 70.006, 21.189 ], [ 70.013, 21.179 ], [ 70.026, 21.178 ], [ 70.032, 21.168 ], [ 70.025, 21.158 ], [ 70.032, 21.148 ], [ 70.045, 21.148 ], [ 70.052, 21.138 ], [ 70.065, 21.137 ], [ 70.072, 21.127 ], [ 70.064, 21.117 ], [ 70.071, 21.107 ], [ 70.084, 21.107 ], [ 70.091, 21.097 ], [ 70.104, 21.096 ], [ 70.111, 21.086 ], [ 70.124, 21.085 ], [ 70.13, 21.075 ], [ 70.123, 21.066 ], [ 70.13, 21.056 ], [ 70.143, 21.055 ], [ 70.15, 21.045 ], [ 70.163, 21.044 ], [ 70.169, 21.034 ], [ 70.183, 21.034 ], [ 70.189, 21.024 ], [ 70.182, 21.014 ], [ 70.189, 21.004 ], [ 70.202, 21.004 ], [ 70.208, 20.993 ], [ 70.222, 20.993 ], [ 70.228, 20.983 ], [ 70.242, 20.982 ], [ 70.249, 20.992 ], [ 70.243, 21.002 ], [ 70.25, 21.012 ], [ 70.263, 21.011 ], [ 70.27, 21.021 ], [ 70.284, 21.02 ], [ 70.29, 21.01 ], [ 70.304, 21.01 ], [ 70.311, 21.019 ], [ 70.324, 21.019 ], [ 70.332, 21.029 ], [ 70.345, 21.028 ], [ 70.352, 21.038 ], [ 70.366, 21.037 ], [ 70.372, 21.027 ], [ 70.365, 21.018 ], [ 70.371, 21.007 ], [ 70.385, 21.007 ], [ 70.392, 21.017 ], [ 70.386, 21.027 ], [ 70.393, 21.036 ], [ 70.386, 21.046 ], [ 70.394, 21.056 ], [ 70.407, 21.056 ], [ 70.413, 21.046 ], [ 70.427, 21.045 ], [ 70.433, 21.035 ], [ 70.447, 21.034 ], [ 70.454, 21.044 ], [ 70.448, 21.054 ], [ 70.455, 21.064 ], [ 70.448, 21.074 ], [ 70.456, 21.084 ], [ 70.449, 21.094 ], [ 70.457, 21.103 ], [ 70.47, 21.103 ], [ 70.477, 21.113 ], [ 70.471, 21.123 ], [ 70.478, 21.132 ], [ 70.492, 21.132 ], [ 70.499, 21.142 ], [ 70.493, 21.152 ], [ 70.5, 21.161 ], [ 70.493, 21.172 ], [ 70.501, 21.181 ], [ 70.514, 21.181 ], [ 70.52, 21.171 ], [ 70.534, 21.17 ], [ 70.541, 21.18 ], [ 70.555, 21.179 ], [ 70.562, 21.189 ], [ 70.576, 21.188 ], [ 70.583, 21.198 ], [ 70.576, 21.208 ], [ 70.563, 21.209 ], [ 70.557, 21.219 ], [ 70.543, 21.219 ], [ 70.537, 21.23 ], [ 70.544, 21.239 ], [ 70.538, 21.249 ], [ 70.524, 21.25 ], [ 70.518, 21.26 ], [ 70.525, 21.27 ], [ 70.519, 21.28 ], [ 70.526, 21.29 ], [ 70.539, 21.289 ], [ 70.546, 21.279 ], [ 70.559, 21.278 ], [ 70.567, 21.288 ], [ 70.58, 21.288 ], [ 70.586, 21.277 ], [ 70.6, 21.277 ], [ 70.606, 21.267 ], [ 70.62, 21.266 ], [ 70.627, 21.276 ], [ 70.641, 21.275 ], [ 70.647, 21.265 ], [ 70.66, 21.265 ], [ 70.667, 21.255 ], [ 70.68, 21.254 ], [ 70.688, 21.264 ], [ 70.701, 21.263 ], [ 70.707, 21.253 ], [ 70.721, 21.253 ], [ 70.727, 21.242 ], [ 70.741, 21.242 ], [ 70.747, 21.232 ], [ 70.761, 21.231 ], [ 70.767, 21.221 ], [ 70.76, 21.211 ], [ 70.746, 21.212 ], [ 70.739, 21.202 ], [ 70.745, 21.192 ], [ 70.738, 21.182 ], [ 70.744, 21.172 ], [ 70.737, 21.162 ], [ 70.743, 21.152 ], [ 70.736, 21.143 ], [ 70.742, 21.132 ], [ 70.756, 21.132 ], [ 70.763, 21.142 ], [ 70.777, 21.141 ], [ 70.784, 21.151 ], [ 70.797, 21.15 ], [ 70.804, 21.14 ], [ 70.817, 21.14 ], [ 70.824, 21.129 ], [ 70.837, 21.129 ], [ 70.843, 21.119 ], [ 70.857, 21.118 ], [ 70.864, 21.128 ], [ 70.858, 21.138 ], [ 70.844, 21.138 ], [ 70.838, 21.149 ], [ 70.845, 21.158 ], [ 70.859, 21.158 ], [ 70.866, 21.167 ], [ 70.86, 21.178 ], [ 70.846, 21.178 ], [ 70.84, 21.188 ], [ 70.826, 21.189 ], [ 70.82, 21.199 ], [ 70.827, 21.209 ], [ 70.821, 21.219 ], [ 70.808, 21.219 ], [ 70.801, 21.23 ], [ 70.809, 21.239 ], [ 70.802, 21.249 ], [ 70.81, 21.259 ], [ 70.823, 21.259 ], [ 70.83, 21.268 ], [ 70.844, 21.268 ], [ 70.85, 21.257 ], [ 70.864, 21.257 ], [ 70.871, 21.267 ], [ 70.885, 21.266 ], [ 70.892, 21.276 ], [ 70.886, 21.286 ], [ 70.893, 21.296 ], [ 70.906, 21.295 ], [ 70.914, 21.305 ], [ 70.927, 21.304 ], [ 70.935, 21.314 ], [ 70.928, 21.324 ], [ 70.936, 21.334 ], [ 70.929, 21.344 ], [ 70.916, 21.345 ], [ 70.908, 21.335 ], [ 70.895, 21.335 ], [ 70.888, 21.326 ], [ 70.874, 21.326 ], [ 70.868, 21.336 ], [ 70.875, 21.346 ], [ 70.869, 21.356 ], [ 70.876, 21.366 ], [ 70.87, 21.376 ], [ 70.877, 21.386 ], [ 70.891, 21.385 ], [ 70.898, 21.395 ], [ 70.911, 21.395 ], [ 70.918, 21.384 ], [ 70.931, 21.384 ], [ 70.939, 21.393 ], [ 70.952, 21.393 ], [ 70.959, 21.403 ], [ 70.953, 21.413 ], [ 70.94, 21.413 ], [ 70.933, 21.424 ], [ 70.941, 21.433 ], [ 70.934, 21.443 ], [ 70.921, 21.444 ], [ 70.914, 21.454 ], [ 70.901, 21.455 ], [ 70.894, 21.445 ], [ 70.88, 21.446 ], [ 70.874, 21.456 ], [ 70.86, 21.456 ], [ 70.854, 21.467 ], [ 70.84, 21.467 ], [ 70.834, 21.477 ], [ 70.82, 21.478 ], [ 70.814, 21.488 ], [ 70.821, 21.498 ], [ 70.815, 21.508 ], [ 70.822, 21.518 ], [ 70.836, 21.517 ], [ 70.843, 21.527 ], [ 70.857, 21.526 ], [ 70.864, 21.536 ], [ 70.878, 21.536 ], [ 70.885, 21.545 ], [ 70.879, 21.556 ], [ 70.886, 21.565 ], [ 70.88, 21.575 ], [ 70.866, 21.576 ], [ 70.86, 21.586 ], [ 70.867, 21.596 ], [ 70.861, 21.606 ], [ 70.847, 21.607 ], [ 70.841, 21.617 ], [ 70.848, 21.627 ], [ 70.842, 21.637 ], [ 70.828, 21.637 ], [ 70.822, 21.648 ], [ 70.808, 21.648 ], [ 70.802, 21.659 ], [ 70.788, 21.659 ], [ 70.781, 21.649 ], [ 70.767, 21.65 ], [ 70.76, 21.64 ], [ 70.746, 21.641 ], [ 70.739, 21.631 ], [ 70.725, 21.631 ], [ 70.718, 21.622 ], [ 70.725, 21.611 ], [ 70.717, 21.602 ], [ 70.704, 21.602 ], [ 70.697, 21.612 ], [ 70.684, 21.613 ], [ 70.677, 21.623 ], [ 70.685, 21.633 ], [ 70.678, 21.643 ], [ 70.665, 21.644 ], [ 70.658, 21.654 ], [ 70.645, 21.654 ], [ 70.637, 21.645 ], [ 70.644, 21.634 ], [ 70.636, 21.625 ], [ 70.623, 21.625 ], [ 70.616, 21.636 ], [ 70.603, 21.636 ], [ 70.596, 21.626 ], [ 70.582, 21.627 ], [ 70.576, 21.637 ], [ 70.562, 21.638 ], [ 70.556, 21.648 ], [ 70.563, 21.658 ], [ 70.556, 21.668 ], [ 70.543, 21.668 ], [ 70.536, 21.679 ], [ 70.523, 21.679 ], [ 70.516, 21.669 ], [ 70.502, 21.67 ], [ 70.495, 21.66 ], [ 70.481, 21.661 ], [ 70.474, 21.651 ], [ 70.46, 21.651 ], [ 70.454, 21.662 ], [ 70.44, 21.662 ], [ 70.433, 21.652 ], [ 70.419, 21.653 ], [ 70.412, 21.643 ], [ 70.398, 21.644 ], [ 70.391, 21.634 ], [ 70.378, 21.634 ], [ 70.37, 21.625 ], [ 70.377, 21.614 ], [ 70.369, 21.605 ], [ 70.356, 21.605 ], [ 70.349, 21.595 ], [ 70.335, 21.596 ], [ 70.328, 21.586 ], [ 70.314, 21.587 ], [ 70.307, 21.577 ], [ 70.293, 21.577 ], [ 70.286, 21.568 ], [ 70.292, 21.557 ], [ 70.285, 21.548 ], [ 70.272, 21.548 ], [ 70.264, 21.538 ], [ 70.251, 21.539 ], [ 70.244, 21.549 ], [ 70.252, 21.559 ], [ 70.245, 21.569 ], [ 70.252, 21.579 ], [ 70.266, 21.578 ], [ 70.273, 21.588 ], [ 70.267, 21.598 ], [ 70.274, 21.608 ], [ 70.268, 21.618 ], [ 70.254, 21.619 ], [ 70.248, 21.629 ], [ 70.234, 21.629 ], [ 70.228, 21.64 ], [ 70.214, 21.64 ], [ 70.207, 21.63 ], [ 70.193, 21.631 ], [ 70.186, 21.621 ], [ 70.172, 21.621 ], [ 70.165, 21.612 ], [ 70.151, 21.612 ], [ 70.145, 21.622 ], [ 70.131, 21.623 ], [ 70.125, 21.633 ], [ 70.132, 21.643 ], [ 70.146, 21.642 ], [ 70.153, 21.652 ], [ 70.147, 21.662 ], [ 70.133, 21.663 ], [ 70.127, 21.673 ], [ 70.113, 21.674 ], [ 70.106, 21.664 ] ], [ [ 70.872, 21.416 ], [ 70.878, 21.406 ], [ 70.871, 21.396 ], [ 70.857, 21.397 ], [ 70.851, 21.407 ], [ 70.858, 21.417 ], [ 70.872, 21.416 ] ] ] ] } },
{ "type": "Feature", "properties": { "POLYGON.ID": 83.0, "subregion": "India--Gujarat--Saurashtra--Jamnagar and Porbandar_CL30375", "FILTER": "Gujarat", "POLYGON": "India--Gujarat--Saurashtra--Jamnagar and Porbandar_CL30375", "COUNTY": "Banda", "STATE": "Gujarat", "OWNER": null }, "geometry": { "type": "MultiPolygon", "coordinates": [ [ [ [ 68.931, 22.262 ], [ 68.938, 22.252 ], [ 68.931, 22.242 ], [ 68.938, 22.232 ], [ 68.951, 22.232 ], [ 68.958, 22.221 ], [ 68.972, 22.221 ], [ 68.978, 22.211 ], [ 68.971, 22.201 ], [ 68.978, 22.191 ], [ 68.992, 22.19 ], [ 68.998, 22.18 ], [ 68.991, 22.17 ], [ 68.998, 22.16 ], [ 69.012, 22.159 ], [ 69.018, 22.149 ], [ 69.032, 22.149 ], [ 69.039, 22.139 ], [ 69.031, 22.129 ], [ 69.038, 22.118 ], [ 69.052, 22.118 ], [ 69.058, 22.108 ], [ 69.072, 22.107 ], [ 69.079, 22.097 ], [ 69.072, 22.087 ], [ 69.078, 22.077 ], [ 69.092, 22.077 ], [ 69.099, 22.066 ], [ 69.112, 22.066 ], [ 69.119, 22.056 ], [ 69.112, 22.046 ], [ 69.118, 22.036 ], [ 69.132, 22.035 ], [ 69.139, 22.025 ], [ 69.153, 22.025 ], [ 69.159, 22.014 ], [ 69.152, 22.005 ], [ 69.159, 21.994 ], [ 69.172, 21.994 ], [ 69.179, 21.984 ], [ 69.193, 21.983 ], [ 69.199, 21.973 ], [ 69.192, 21.963 ], [ 69.199, 21.953 ], [ 69.212, 21.953 ], [ 69.219, 21.942 ], [ 69.233, 21.942 ], [ 69.239, 21.932 ], [ 69.232, 21.922 ], [ 69.239, 21.912 ], [ 69.252, 21.911 ], [ 69.259, 21.901 ], [ 69.273, 21.901 ], [ 69.279, 21.89 ], [ 69.272, 21.881 ], [ 69.279, 21.87 ], [ 69.292, 21.87 ], [ 69.299, 21.86 ], [ 69.313, 21.859 ], [ 69.319, 21.849 ], [ 69.333, 21.849 ], [ 69.339, 21.838 ], [ 69.353, 21.838 ], [ 69.36, 21.828 ], [ 69.373, 21.827 ], [ 69.38, 21.817 ], [ 69.373, 21.807 ], [ 69.379, 21.797 ], [ 69.393, 21.797 ], [ 69.4, 21.787 ], [ 69.392, 21.777 ], [ 69.399, 21.767 ], [ 69.413, 21.766 ], [ 69.419, 21.756 ], [ 69.433, 21.756 ], [ 69.439, 21.745 ], [ 69.453, 21.745 ], [ 69.46, 21.735 ], [ 69.473, 21.734 ], [ 69.48, 21.724 ], [ 69.473, 21.714 ], [ 69.479, 21.704 ], [ 69.493, 21.704 ], [ 69.499, 21.693 ], [ 69.513, 21.693 ], [ 69.519, 21.683 ], [ 69.512, 21.673 ], [ 69.519, 21.663 ], [ 69.532, 21.662 ], [ 69.539, 21.652 ], [ 69.553, 21.652 ], [ 69.559, 21.642 ], [ 69.573, 21.641 ], [ 69.579, 21.631 ], [ 69.593, 21.631 ], [ 69.599, 21.62 ], [ 69.613, 21.62 ], [ 69.619, 21.61 ], [ 69.612, 21.6 ], [ 69.619, 21.59 ], [ 69.632, 21.589 ], [ 69.639, 21.579 ], [ 69.653, 21.579 ], [ 69.659, 21.569 ], [ 69.652, 21.559 ], [ 69.658, 21.549 ], [ 69.672, 21.548 ], [ 69.679, 21.538 ], [ 69.692, 21.538 ], [ 69.699, 21.527 ], [ 69.712, 21.527 ], [ 69.719, 21.517 ], [ 69.712, 21.507 ], [ 69.718, 21.497 ], [ 69.732, 21.496 ], [ 69.738, 21.486 ], [ 69.731, 21.476 ], [ 69.737, 21.466 ], [ 69.751, 21.466 ], [ 69.758, 21.456 ], [ 69.771, 21.455 ], [ 69.778, 21.445 ], [ 69.77, 21.435 ], [ 69.777, 21.425 ], [ 69.79, 21.425 ], [ 69.797, 21.414 ], [ 69.811, 21.414 ], [ 69.817, 21.404 ], [ 69.81, 21.394 ], [ 69.816, 21.384 ], [ 69.83, 21.384 ], [ 69.836, 21.373 ], [ 69.85, 21.373 ], [ 69.856, 21.363 ], [ 69.849, 21.353 ], [ 69.856, 21.343 ], [ 69.869, 21.342 ], [ 69.876, 21.332 ], [ 69.868, 21.323 ], [ 69.875, 21.312 ], [ 69.888, 21.312 ], [ 69.895, 21.302 ], [ 69.908, 21.301 ], [ 69.915, 21.291 ], [ 69.908, 21.281 ], [ 69.914, 21.271 ], [ 69.928, 21.271 ], [ 69.934, 21.261 ], [ 69.948, 21.26 ], [ 69.954, 21.25 ], [ 69.947, 21.24 ], [ 69.953, 21.23 ], [ 69.967, 21.23 ], [ 69.973, 21.22 ], [ 69.987, 21.219 ], [ 69.994, 21.229 ], [ 69.988, 21.239 ], [ 69.995, 21.249 ], [ 70.008, 21.248 ], [ 70.015, 21.258 ], [ 70.009, 21.268 ], [ 70.016, 21.278 ], [ 70.01, 21.288 ], [ 69.996, 21.288 ], [ 69.99, 21.299 ], [ 69.976, 21.299 ], [ 69.97, 21.309 ], [ 69.977, 21.319 ], [ 69.971, 21.329 ], [ 69.978, 21.339 ], [ 69.971, 21.349 ], [ 69.958, 21.349 ], [ 69.951, 21.36 ], [ 69.938, 21.36 ], [ 69.931, 21.37 ], [ 69.938, 21.38 ], [ 69.952, 21.379 ], [ 69.959, 21.389 ], [ 69.953, 21.399 ], [ 69.96, 21.409 ], [ 69.974, 21.409 ], [ 69.981, 21.418 ], [ 69.974, 21.429 ], [ 69.981, 21.438 ], [ 69.995, 21.438 ], [ 70.002, 21.448 ], [ 70.016, 21.447 ], [ 70.022, 21.437 ], [ 70.036, 21.436 ], [ 70.043, 21.446 ], [ 70.036, 21.456 ], [ 70.044, 21.466 ], [ 70.037, 21.476 ], [ 70.024, 21.477 ], [ 70.017, 21.487 ], [ 70.004, 21.487 ], [ 69.997, 21.498 ], [ 69.984, 21.498 ], [ 69.977, 21.508 ], [ 69.984, 21.518 ], [ 69.978, 21.528 ], [ 69.985, 21.538 ], [ 69.999, 21.537 ], [ 70.006, 21.547 ], [ 69.999, 21.557 ], [ 69.986, 21.558 ], [ 69.979, 21.568 ], [ 69.966, 21.569 ], [ 69.959, 21.579 ], [ 69.966, 21.589 ], [ 69.98, 21.588 ], [ 69.987, 21.578 ], [ 70.0, 21.577 ], [ 70.007, 21.587 ], [ 70.021, 21.587 ], [ 70.028, 21.596 ], [ 70.042, 21.596 ], [ 70.048, 21.586 ], [ 70.062, 21.585 ], [ 70.069, 21.595 ], [ 70.063, 21.605 ], [ 70.049, 21.606 ], [ 70.042, 21.616 ], [ 70.05, 21.626 ], [ 70.063, 21.625 ], [ 70.07, 21.635 ], [ 70.084, 21.635 ], [ 70.091, 21.644 ], [ 70.105, 21.644 ], [ 70.112, 21.654 ], [ 70.106, 21.664 ], [ 70.113, 21.674 ], [ 70.127, 21.673 ], [ 70.133, 21.663 ], [ 70.147, 21.662 ], [ 70.154, 21.672 ], [ 70.147, 21.682 ], [ 70.134, 21.683 ], [ 70.127, 21.693 ], [ 70.114, 21.694 ], [ 70.107, 21.704 ], [ 70.094, 21.704 ], [ 70.087, 21.714 ], [ 70.094, 21.724 ], [ 70.088, 21.734 ], [ 70.074, 21.735 ], [ 70.068, 21.745 ], [ 70.075, 21.755 ], [ 70.069, 21.765 ], [ 70.055, 21.766 ], [ 70.049, 21.776 ], [ 70.035, 21.776 ], [ 70.028, 21.787 ], [ 70.036, 21.796 ], [ 70.049, 21.796 ], [ 70.056, 21.806 ], [ 70.07, 21.805 ], [ 70.077, 21.795 ], [ 70.09, 21.795 ], [ 70.097, 21.804 ], [ 70.091, 21.815 ], [ 70.098, 21.824 ], [ 70.092, 21.835 ], [ 70.099, 21.844 ], [ 70.113, 21.844 ], [ 70.12, 21.854 ], [ 70.113, 21.864 ], [ 70.121, 21.874 ], [ 70.134, 21.873 ], [ 70.142, 21.883 ], [ 70.135, 21.893 ], [ 70.142, 21.903 ], [ 70.136, 21.913 ], [ 70.143, 21.923 ], [ 70.137, 21.933 ], [ 70.144, 21.943 ], [ 70.158, 21.943 ], [ 70.164, 21.933 ], [ 70.178, 21.932 ], [ 70.184, 21.922 ], [ 70.177, 21.912 ], [ 70.183, 21.902 ], [ 70.197, 21.901 ], [ 70.204, 21.911 ], [ 70.218, 21.911 ], [ 70.225, 21.92 ], [ 70.219, 21.931 ], [ 70.226, 21.94 ], [ 70.22, 21.951 ], [ 70.206, 21.951 ], [ 70.199, 21.961 ], [ 70.207, 21.971 ], [ 70.22, 21.971 ], [ 70.227, 21.961 ], [ 70.241, 21.96 ], [ 70.248, 21.97 ], [ 70.241, 21.98 ], [ 70.249, 21.99 ], [ 70.262, 21.989 ], [ 70.27, 21.999 ], [ 70.283, 21.999 ], [ 70.291, 22.009 ], [ 70.304, 22.008 ], [ 70.312, 22.018 ], [ 70.325, 22.017 ], [ 70.333, 22.027 ], [ 70.326, 22.037 ], [ 70.333, 22.047 ], [ 70.347, 22.047 ], [ 70.354, 22.057 ], [ 70.368, 22.056 ], [ 70.375, 22.046 ], [ 70.388, 22.045 ], [ 70.395, 22.035 ], [ 70.408, 22.035 ], [ 70.415, 22.024 ], [ 70.428, 22.024 ], [ 70.436, 22.034 ], [ 70.449, 22.033 ], [ 70.457, 22.043 ], [ 70.45, 22.053 ], [ 70.458, 22.063 ], [ 70.471, 22.062 ], [ 70.478, 22.052 ], [ 70.491, 22.052 ], [ 70.498, 22.041 ], [ 70.512, 22.041 ], [ 70.519, 22.051 ], [ 70.533, 22.05 ], [ 70.539, 22.04 ], [ 70.532, 22.03 ], [ 70.518, 22.031 ], [ 70.511, 22.021 ], [ 70.497, 22.021 ], [ 70.49, 22.011 ], [ 70.496, 22.001 ], [ 70.51, 22.001 ], [ 70.517, 22.01 ], [ 70.531, 22.01 ], [ 70.538, 22.02 ], [ 70.552, 22.019 ], [ 70.559, 22.029 ], [ 70.553, 22.039 ], [ 70.56, 22.049 ], [ 70.554, 22.059 ], [ 70.561, 22.069 ], [ 70.555, 22.08 ], [ 70.562, 22.089 ], [ 70.555, 22.1 ], [ 70.563, 22.11 ], [ 70.577, 22.109 ], [ 70.584, 22.119 ], [ 70.577, 22.129 ], [ 70.564, 22.13 ], [ 70.557, 22.14 ], [ 70.565, 22.15 ], [ 70.578, 22.149 ], [ 70.586, 22.159 ], [ 70.579, 22.169 ], [ 70.587, 22.179 ], [ 70.58, 22.19 ], [ 70.588, 22.199 ], [ 70.581, 22.21 ], [ 70.588, 22.22 ], [ 70.582, 22.23 ], [ 70.568, 22.23 ], [ 70.562, 22.241 ], [ 70.548, 22.241 ], [ 70.542, 22.252 ], [ 70.528, 22.252 ], [ 70.522, 22.262 ], [ 70.508, 22.263 ], [ 70.501, 22.273 ], [ 70.509, 22.283 ], [ 70.502, 22.293 ], [ 70.488, 22.294 ], [ 70.482, 22.304 ], [ 70.468, 22.305 ], [ 70.462, 22.315 ], [ 70.469, 22.325 ], [ 70.483, 22.324 ], [ 70.49, 22.334 ], [ 70.504, 22.334 ], [ 70.51, 22.323 ], [ 70.524, 22.323 ], [ 70.532, 22.333 ], [ 70.525, 22.343 ], [ 70.532, 22.353 ], [ 70.526, 22.363 ], [ 70.512, 22.364 ], [ 70.505, 22.354 ], [ 70.491, 22.355 ], [ 70.485, 22.365 ], [ 70.492, 22.375 ], [ 70.486, 22.385 ], [ 70.493, 22.395 ], [ 70.486, 22.405 ], [ 70.494, 22.415 ], [ 70.487, 22.426 ], [ 70.474, 22.426 ], [ 70.466, 22.416 ], [ 70.452, 22.417 ], [ 70.446, 22.427 ], [ 70.453, 22.437 ], [ 70.447, 22.447 ], [ 70.454, 22.457 ], [ 70.468, 22.457 ], [ 70.474, 22.446 ], [ 70.488, 22.446 ], [ 70.496, 22.456 ], [ 70.489, 22.466 ], [ 70.497, 22.476 ], [ 70.51, 22.475 ], [ 70.517, 22.465 ], [ 70.531, 22.464 ], [ 70.537, 22.454 ], [ 70.551, 22.454 ], [ 70.558, 22.463 ], [ 70.552, 22.474 ], [ 70.559, 22.484 ], [ 70.573, 22.483 ], [ 70.58, 22.493 ], [ 70.574, 22.503 ], [ 70.56, 22.504 ], [ 70.553, 22.494 ], [ 70.539, 22.495 ], [ 70.532, 22.505 ], [ 70.54, 22.515 ], [ 70.533, 22.525 ], [ 70.541, 22.535 ], [ 70.554, 22.535 ], [ 70.561, 22.524 ], [ 70.575, 22.524 ], [ 70.582, 22.534 ], [ 70.576, 22.544 ], [ 70.562, 22.544 ], [ 70.555, 22.555 ], [ 70.563, 22.565 ], [ 70.556, 22.575 ], [ 70.564, 22.585 ], [ 70.557, 22.595 ], [ 70.565, 22.605 ], [ 70.578, 22.605 ], [ 70.586, 22.615 ], [ 70.6, 22.614 ], [ 70.606, 22.604 ], [ 70.599, 22.594 ], [ 70.605, 22.583 ], [ 70.619, 22.583 ], [ 70.625, 22.573 ], [ 70.639, 22.572 ], [ 70.646, 22.562 ], [ 70.638, 22.552 ], [ 70.624, 22.552 ], [ 70.617, 22.542 ], [ 70.624, 22.532 ], [ 70.616, 22.522 ], [ 70.623, 22.512 ], [ 70.636, 22.511 ], [ 70.643, 22.501 ], [ 70.657, 22.5 ], [ 70.663, 22.49 ], [ 70.656, 22.48 ], [ 70.662, 22.47 ], [ 70.676, 22.469 ], [ 70.682, 22.459 ], [ 70.675, 22.449 ], [ 70.681, 22.439 ], [ 70.695, 22.438 ], [ 70.702, 22.428 ], [ 70.715, 22.427 ], [ 70.723, 22.437 ], [ 70.737, 22.437 ], [ 70.743, 22.426 ], [ 70.757, 22.426 ], [ 70.764, 22.435 ], [ 70.778, 22.435 ], [ 70.784, 22.425 ], [ 70.798, 22.424 ], [ 70.805, 22.434 ], [ 70.799, 22.444 ], [ 70.785, 22.445 ], [ 70.779, 22.455 ], [ 70.786, 22.465 ], [ 70.8, 22.464 ], [ 70.807, 22.474 ], [ 70.821, 22.474 ], [ 70.828, 22.463 ], [ 70.841, 22.463 ], [ 70.848, 22.453 ], [ 70.862, 22.452 ], [ 70.869, 22.462 ], [ 70.883, 22.461 ], [ 70.889, 22.451 ], [ 70.903, 22.45 ], [ 70.909, 22.44 ], [ 70.923, 22.439 ], [ 70.93, 22.429 ], [ 70.943, 22.429 ], [ 70.95, 22.418 ], [ 70.964, 22.418 ], [ 70.97, 22.407 ], [ 70.984, 22.407 ], [ 70.991, 22.417 ], [ 71.005, 22.416 ], [ 71.012, 22.426 ], [ 71.006, 22.436 ], [ 71.013, 22.446 ], [ 71.027, 22.446 ], [ 71.034, 22.435 ], [ 71.047, 22.435 ], [ 71.054, 22.424 ], [ 71.067, 22.424 ], [ 71.074, 22.413 ], [ 71.088, 22.413 ], [ 71.095, 22.423 ], [ 71.109, 22.422 ], [ 71.116, 22.432 ], [ 71.11, 22.442 ], [ 71.117, 22.452 ], [ 71.131, 22.451 ], [ 71.139, 22.461 ], [ 71.132, 22.472 ], [ 71.14, 22.482 ], [ 71.153, 22.481 ], [ 71.161, 22.491 ], [ 71.155, 22.501 ], [ 71.162, 22.511 ], [ 71.156, 22.521 ], [ 71.142, 22.522 ], [ 71.135, 22.532 ], [ 71.143, 22.542 ], [ 71.137, 22.553 ], [ 71.123, 22.553 ], [ 71.115, 22.543 ], [ 71.122, 22.533 ], [ 71.114, 22.523 ], [ 71.1, 22.524 ], [ 71.093, 22.514 ], [ 71.079, 22.514 ], [ 71.073, 22.525 ], [ 71.08, 22.535 ], [ 71.074, 22.545 ], [ 71.081, 22.555 ], [ 71.095, 22.554 ], [ 71.103, 22.564 ], [ 71.096, 22.575 ], [ 71.104, 22.584 ], [ 71.097, 22.595 ], [ 71.105, 22.605 ], [ 71.098, 22.615 ], [ 71.106, 22.625 ], [ 71.099, 22.635 ], [ 71.107, 22.645 ], [ 71.121, 22.645 ], [ 71.128, 22.655 ], [ 71.142, 22.654 ], [ 71.149, 22.664 ], [ 71.143, 22.674 ], [ 71.151, 22.684 ], [ 71.164, 22.684 ], [ 71.172, 22.694 ], [ 71.166, 22.704 ], [ 71.152, 22.705 ], [ 71.145, 22.715 ], [ 71.153, 22.725 ], [ 71.146, 22.735 ], [ 71.133, 22.736 ], [ 71.126, 22.746 ], [ 71.134, 22.756 ], [ 71.127, 22.767 ], [ 71.135, 22.777 ], [ 71.128, 22.787 ], [ 71.136, 22.797 ], [ 71.129, 22.807 ], [ 71.116, 22.808 ], [ 71.109, 22.818 ], [ 71.117, 22.828 ], [ 71.131, 22.828 ], [ 71.138, 22.838 ], [ 71.132, 22.848 ], [ 71.139, 22.858 ], [ 71.153, 22.857 ], [ 71.159, 22.847 ], [ 71.173, 22.846 ], [ 71.18, 22.836 ], [ 71.194, 22.835 ], [ 71.2, 22.825 ], [ 71.214, 22.824 ], [ 71.22, 22.814 ], [ 71.234, 22.813 ], [ 71.241, 22.823 ], [ 71.235, 22.834 ], [ 71.243, 22.843 ], [ 71.236, 22.854 ], [ 71.244, 22.864 ], [ 71.258, 22.863 ], [ 71.265, 22.873 ], [ 71.259, 22.884 ], [ 71.266, 22.894 ], [ 71.26, 22.904 ], [ 71.267, 22.914 ], [ 71.281, 22.913 ], [ 71.289, 22.923 ], [ 71.282, 22.934 ], [ 71.29, 22.944 ], [ 71.304, 22.943 ], [ 71.311, 22.953 ], [ 71.305, 22.963 ], [ 71.291, 22.964 ], [ 71.285, 22.974 ], [ 71.292, 22.984 ], [ 71.306, 22.984 ], [ 71.314, 22.994 ], [ 71.307, 23.004 ], [ 71.315, 23.014 ], [ 71.308, 23.025 ], [ 71.295, 23.025 ], [ 71.288, 23.036 ], [ 71.296, 23.046 ], [ 71.289, 23.056 ], [ 71.297, 23.066 ], [ 71.29, 23.076 ], [ 71.298, 23.086 ], [ 71.312, 23.086 ], [ 71.319, 23.096 ], [ 71.333, 23.095 ], [ 71.341, 23.105 ], [ 71.355, 23.105 ], [ 71.362, 23.114 ], [ 71.356, 23.125 ], [ 71.342, 23.126 ], [ 71.336, 23.136 ], [ 71.322, 23.137 ], [ 71.315, 23.147 ], [ 71.301, 23.148 ], [ 71.295, 23.158 ], [ 71.303, 23.168 ], [ 71.296, 23.179 ], [ 71.282, 23.179 ], [ 71.275, 23.169 ], [ 71.281, 23.159 ], [ 71.274, 23.149 ], [ 71.26, 23.149 ], [ 71.253, 23.16 ], [ 71.239, 23.16 ], [ 71.232, 23.151 ], [ 71.218, 23.151 ], [ 71.211, 23.162 ], [ 71.219, 23.172 ], [ 71.213, 23.182 ], [ 71.199, 23.183 ], [ 71.192, 23.193 ], [ 71.178, 23.194 ], [ 71.171, 23.184 ], [ 71.157, 23.184 ], [ 71.15, 23.195 ], [ 71.136, 23.195 ], [ 71.13, 23.206 ], [ 71.116, 23.206 ], [ 71.11, 23.217 ], [ 71.096, 23.218 ], [ 71.088, 23.208 ], [ 71.095, 23.197 ], [ 71.087, 23.187 ], [ 71.073, 23.188 ], [ 71.066, 23.178 ], [ 71.052, 23.178 ], [ 71.044, 23.168 ], [ 71.03, 23.169 ], [ 71.024, 23.179 ], [ 71.01, 23.18 ], [ 71.002, 23.17 ], [ 70.988, 23.171 ], [ 70.981, 23.161 ], [ 70.967, 23.161 ], [ 70.961, 23.172 ], [ 70.947, 23.172 ], [ 70.939, 23.162 ], [ 70.925, 23.163 ], [ 70.919, 23.173 ], [ 70.905, 23.174 ], [ 70.897, 23.164 ], [ 70.904, 23.153 ], [ 70.896, 23.143 ], [ 70.882, 23.144 ], [ 70.875, 23.134 ], [ 70.861, 23.135 ], [ 70.853, 23.125 ], [ 70.839, 23.125 ], [ 70.833, 23.136 ], [ 70.819, 23.136 ], [ 70.813, 23.147 ], [ 70.82, 23.157 ], [ 70.814, 23.167 ], [ 70.8, 23.168 ], [ 70.792, 23.158 ], [ 70.778, 23.158 ], [ 70.771, 23.148 ], [ 70.757, 23.149 ], [ 70.749, 23.139 ], [ 70.735, 23.139 ], [ 70.728, 23.129 ], [ 70.714, 23.13 ], [ 70.707, 23.12 ], [ 70.693, 23.121 ], [ 70.686, 23.131 ], [ 70.672, 23.132 ], [ 70.665, 23.122 ], [ 70.671, 23.111 ], [ 70.664, 23.101 ], [ 70.65, 23.102 ], [ 70.643, 23.092 ], [ 70.629, 23.092 ], [ 70.621, 23.082 ], [ 70.607, 23.083 ], [ 70.6, 23.073 ], [ 70.586, 23.073 ], [ 70.578, 23.063 ], [ 70.585, 23.053 ], [ 70.578, 23.043 ], [ 70.564, 23.043 ], [ 70.556, 23.034 ], [ 70.542, 23.034 ], [ 70.535, 23.024 ], [ 70.541, 23.014 ], [ 70.534, 23.004 ], [ 70.54, 22.993 ], [ 70.533, 22.983 ], [ 70.519, 22.984 ], [ 70.512, 22.974 ], [ 70.498, 22.974 ], [ 70.491, 22.985 ], [ 70.477, 22.985 ], [ 70.47, 22.975 ], [ 70.456, 22.976 ], [ 70.45, 22.986 ], [ 70.436, 22.987 ], [ 70.428, 22.977 ], [ 70.414, 22.977 ], [ 70.407, 22.967 ], [ 70.414, 22.957 ], [ 70.427, 22.956 ], [ 70.434, 22.946 ], [ 70.448, 22.946 ], [ 70.454, 22.935 ], [ 70.468, 22.935 ], [ 70.475, 22.924 ], [ 70.467, 22.914 ], [ 70.474, 22.904 ], [ 70.466, 22.894 ], [ 70.453, 22.894 ], [ 70.445, 22.884 ], [ 70.452, 22.874 ], [ 70.444, 22.864 ], [ 70.451, 22.854 ], [ 70.443, 22.844 ], [ 70.43, 22.844 ], [ 70.423, 22.855 ], [ 70.43, 22.865 ], [ 70.424, 22.875 ], [ 70.431, 22.885 ], [ 70.425, 22.895 ], [ 70.432, 22.905 ], [ 70.426, 22.916 ], [ 70.433, 22.926 ], [ 70.427, 22.936 ], [ 70.413, 22.937 ], [ 70.405, 22.927 ], [ 70.391, 22.927 ], [ 70.384, 22.917 ], [ 70.37, 22.918 ], [ 70.363, 22.908 ], [ 70.349, 22.908 ], [ 70.341, 22.898 ], [ 70.348, 22.888 ], [ 70.341, 22.878 ], [ 70.347, 22.867 ], [ 70.34, 22.858 ], [ 70.326, 22.858 ], [ 70.319, 22.848 ], [ 70.325, 22.838 ], [ 70.318, 22.828 ], [ 70.304, 22.828 ], [ 70.296, 22.818 ], [ 70.303, 22.808 ], [ 70.296, 22.798 ], [ 70.282, 22.798 ], [ 70.274, 22.789 ], [ 70.281, 22.778 ], [ 70.274, 22.768 ], [ 70.26, 22.769 ], [ 70.252, 22.759 ], [ 70.238, 22.759 ], [ 70.231, 22.749 ], [ 70.238, 22.739 ], [ 70.23, 22.729 ], [ 70.216, 22.729 ], [ 70.209, 22.72 ], [ 70.216, 22.709 ], [ 70.208, 22.699 ], [ 70.215, 22.689 ], [ 70.208, 22.679 ], [ 70.214, 22.669 ], [ 70.207, 22.659 ], [ 70.193, 22.659 ], [ 70.186, 22.649 ], [ 70.192, 22.639 ], [ 70.185, 22.629 ], [ 70.171, 22.629 ], [ 70.164, 22.62 ], [ 70.17, 22.609 ], [ 70.163, 22.599 ], [ 70.149, 22.6 ], [ 70.142, 22.59 ], [ 70.128, 22.59 ], [ 70.121, 22.58 ], [ 70.127, 22.57 ], [ 70.12, 22.56 ], [ 70.106, 22.561 ], [ 70.099, 22.571 ], [ 70.086, 22.571 ], [ 70.078, 22.562 ], [ 70.064, 22.562 ], [ 70.058, 22.572 ], [ 70.065, 22.582 ], [ 70.059, 22.593 ], [ 70.045, 22.593 ], [ 70.038, 22.603 ], [ 70.025, 22.604 ], [ 70.018, 22.614 ], [ 70.004, 22.615 ], [ 69.997, 22.605 ], [ 69.983, 22.605 ], [ 69.976, 22.595 ], [ 69.962, 22.596 ], [ 69.955, 22.586 ], [ 69.941, 22.586 ], [ 69.934, 22.576 ], [ 69.94, 22.566 ], [ 69.933, 22.556 ], [ 69.939, 22.546 ], [ 69.932, 22.536 ], [ 69.939, 22.526 ], [ 69.931, 22.516 ], [ 69.918, 22.516 ], [ 69.91, 22.506 ], [ 69.897, 22.507 ], [ 69.889, 22.497 ], [ 69.875, 22.497 ], [ 69.868, 22.487 ], [ 69.875, 22.477 ], [ 69.868, 22.467 ], [ 69.854, 22.468 ], [ 69.847, 22.478 ], [ 69.833, 22.478 ], [ 69.827, 22.489 ], [ 69.834, 22.499 ], [ 69.828, 22.509 ], [ 69.814, 22.509 ], [ 69.807, 22.52 ], [ 69.793, 22.52 ], [ 69.786, 22.51 ], [ 69.793, 22.5 ], [ 69.785, 22.49 ], [ 69.772, 22.49 ], [ 69.764, 22.481 ], [ 69.751, 22.481 ], [ 69.744, 22.491 ], [ 69.73, 22.492 ], [ 69.723, 22.482 ], [ 69.709, 22.482 ], [ 69.702, 22.472 ], [ 69.688, 22.473 ], [ 69.681, 22.463 ], [ 69.687, 22.453 ], [ 69.68, 22.443 ], [ 69.687, 22.432 ], [ 69.68, 22.423 ], [ 69.686, 22.412 ], [ 69.679, 22.402 ], [ 69.665, 22.403 ], [ 69.658, 22.393 ], [ 69.644, 22.393 ], [ 69.637, 22.383 ], [ 69.623, 22.384 ], [ 69.616, 22.374 ], [ 69.602, 22.374 ], [ 69.595, 22.364 ], [ 69.581, 22.365 ], [ 69.575, 22.375 ], [ 69.561, 22.376 ], [ 69.554, 22.386 ], [ 69.541, 22.386 ], [ 69.533, 22.376 ], [ 69.52, 22.377 ], [ 69.513, 22.387 ], [ 69.499, 22.388 ], [ 69.492, 22.378 ], [ 69.499, 22.367 ], [ 69.491, 22.358 ], [ 69.478, 22.358 ], [ 69.47, 22.348 ], [ 69.457, 22.348 ], [ 69.45, 22.339 ], [ 69.436, 22.339 ], [ 69.429, 22.329 ], [ 69.415, 22.329 ], [ 69.408, 22.32 ], [ 69.394, 22.32 ], [ 69.387, 22.33 ], [ 69.374, 22.331 ], [ 69.367, 22.341 ], [ 69.353, 22.341 ], [ 69.346, 22.332 ], [ 69.332, 22.332 ], [ 69.325, 22.322 ], [ 69.311, 22.322 ], [ 69.304, 22.313 ], [ 69.311, 22.302 ], [ 69.304, 22.292 ], [ 69.29, 22.293 ], [ 69.283, 22.283 ], [ 69.269, 22.283 ], [ 69.262, 22.273 ], [ 69.248, 22.274 ], [ 69.241, 22.264 ], [ 69.227, 22.264 ], [ 69.22, 22.254 ], [ 69.227, 22.244 ], [ 69.22, 22.234 ], [ 69.206, 22.235 ], [ 69.199, 22.245 ], [ 69.185, 22.245 ], [ 69.178, 22.235 ], [ 69.165, 22.236 ], [ 69.158, 22.246 ], [ 69.165, 22.256 ], [ 69.158, 22.266 ], [ 69.166, 22.276 ], [ 69.179, 22.276 ], [ 69.186, 22.286 ], [ 69.18, 22.296 ], [ 69.187, 22.306 ], [ 69.18, 22.316 ], [ 69.187, 22.326 ], [ 69.181, 22.336 ], [ 69.188, 22.346 ], [ 69.181, 22.356 ], [ 69.188, 22.366 ], [ 69.202, 22.366 ], [ 69.209, 22.376 ], [ 69.203, 22.386 ], [ 69.21, 22.396 ], [ 69.203, 22.406 ], [ 69.21, 22.416 ], [ 69.204, 22.427 ], [ 69.19, 22.427 ], [ 69.183, 22.437 ], [ 69.17, 22.438 ], [ 69.162, 22.428 ], [ 69.149, 22.428 ], [ 69.141, 22.418 ], [ 69.128, 22.419 ], [ 69.121, 22.429 ], [ 69.128, 22.439 ], [ 69.142, 22.439 ], [ 69.149, 22.448 ], [ 69.163, 22.448 ], [ 69.17, 22.458 ], [ 69.163, 22.468 ], [ 69.171, 22.478 ], [ 69.164, 22.489 ], [ 69.15, 22.489 ], [ 69.143, 22.479 ], [ 69.129, 22.479 ], [ 69.122, 22.49 ], [ 69.109, 22.49 ], [ 69.102, 22.48 ], [ 69.088, 22.481 ], [ 69.081, 22.491 ], [ 69.067, 22.491 ], [ 69.06, 22.481 ], [ 69.046, 22.482 ], [ 69.039, 22.472 ], [ 69.025, 22.472 ], [ 69.018, 22.462 ], [ 69.005, 22.463 ], [ 68.997, 22.453 ], [ 69.004, 22.442 ], [ 68.997, 22.432 ], [ 68.983, 22.433 ], [ 68.976, 22.423 ], [ 68.983, 22.413 ], [ 68.976, 22.403 ], [ 68.962, 22.403 ], [ 68.955, 22.393 ], [ 68.961, 22.383 ], [ 68.954, 22.373 ], [ 68.941, 22.373 ], [ 68.933, 22.363 ], [ 68.94, 22.353 ], [ 68.933, 22.343 ], [ 68.94, 22.333 ], [ 68.933, 22.323 ], [ 68.919, 22.323 ], [ 68.912, 22.313 ], [ 68.918, 22.303 ], [ 68.932, 22.303 ], [ 68.939, 22.292 ], [ 68.932, 22.283 ], [ 68.938, 22.272 ], [ 68.931, 22.262 ] ], [ [ 69.059, 22.441 ], [ 69.066, 22.451 ], [ 69.08, 22.45 ], [ 69.087, 22.44 ], [ 69.08, 22.43 ], [ 69.066, 22.431 ], [ 69.059, 22.441 ] ], [ [ 69.079, 22.39 ], [ 69.065, 22.39 ], [ 69.058, 22.4 ], [ 69.065, 22.41 ], [ 69.079, 22.41 ], [ 69.086, 22.4 ], [ 69.079, 22.39 ] ], [ [ 70.959, 23.151 ], [ 70.966, 23.141 ], [ 70.958, 23.131 ], [ 70.944, 23.131 ], [ 70.938, 23.142 ], [ 70.946, 23.152 ], [ 70.959, 23.151 ] ] ], [ [ [ 70.919, 20.74 ], [ 70.905, 20.74 ], [ 70.898, 20.731 ], [ 70.885, 20.731 ], [ 70.878, 20.722 ], [ 70.884, 20.712 ], [ 70.877, 20.702 ], [ 70.883, 20.692 ], [ 70.896, 20.691 ], [ 70.902, 20.681 ], [ 70.916, 20.681 ], [ 70.923, 20.69 ], [ 70.937, 20.69 ], [ 70.944, 20.699 ], [ 70.957, 20.699 ], [ 70.963, 20.689 ], [ 70.977, 20.688 ], [ 70.984, 20.698 ], [ 70.998, 20.697 ], [ 71.005, 20.707 ], [ 70.999, 20.717 ], [ 71.006, 20.726 ], [ 71.0, 20.737 ], [ 70.986, 20.737 ], [ 70.979, 20.728 ], [ 70.965, 20.728 ], [ 70.959, 20.738 ], [ 70.946, 20.739 ], [ 70.939, 20.729 ], [ 70.925, 20.73 ], [ 70.919, 20.74 ] ] ], [ [ [ 69.596, 22.405 ], [ 69.603, 22.395 ], [ 69.617, 22.394 ], [ 69.624, 22.404 ], [ 69.638, 22.404 ], [ 69.645, 22.413 ], [ 69.659, 22.413 ], [ 69.666, 22.423 ], [ 69.659, 22.433 ], [ 69.666, 22.443 ], [ 69.66, 22.453 ], [ 69.646, 22.454 ], [ 69.64, 22.464 ], [ 69.626, 22.465 ], [ 69.619, 22.475 ], [ 69.605, 22.475 ], [ 69.598, 22.466 ], [ 69.584, 22.466 ], [ 69.577, 22.456 ], [ 69.584, 22.446 ], [ 69.577, 22.436 ], [ 69.583, 22.426 ], [ 69.576, 22.416 ], [ 69.582, 22.405 ], [ 69.596, 22.405 ] ] ], [ [ [ 69.354, 22.382 ], [ 69.348, 22.392 ], [ 69.334, 22.393 ], [ 69.327, 22.383 ], [ 69.313, 22.383 ], [ 69.306, 22.373 ], [ 69.312, 22.363 ], [ 69.326, 22.362 ], [ 69.333, 22.372 ], [ 69.347, 22.372 ], [ 69.354, 22.382 ] ] ] ] } },
{ "type": "Feature", "properties": { "POLYGON.ID": 82.0, "subregion": "India--Gujarat--Eastern Forest_CL30369", "FILTER": "Gujarat", "POLYGON": "India--Gujarat--Eastern Forest_CL30369", "COUNTY": "spl_region", "STATE": "Gujarat", "OWNER": null }, "geometry": { "type": "MultiPolygon", "coordinates": [ [ [ [ 73.873, 23.38 ], [ 73.859, 23.38 ], [ 73.853, 23.391 ], [ 73.861, 23.401 ], [ 73.855, 23.412 ], [ 73.841, 23.412 ], [ 73.835, 23.423 ], [ 73.843, 23.433 ], [ 73.837, 23.444 ], [ 73.823, 23.444 ], [ 73.815, 23.435 ], [ 73.801, 23.435 ], [ 73.793, 23.425 ], [ 73.779, 23.426 ], [ 73.773, 23.437 ], [ 73.781, 23.447 ], [ 73.775, 23.457 ], [ 73.761, 23.458 ], [ 73.753, 23.448 ], [ 73.759, 23.438 ], [ 73.751, 23.428 ], [ 73.737, 23.429 ], [ 73.729, 23.419 ], [ 73.715, 23.42 ], [ 73.709, 23.43 ], [ 73.717, 23.44 ], [ 73.711, 23.451 ], [ 73.697, 23.452 ], [ 73.691, 23.462 ], [ 73.677, 23.463 ], [ 73.669, 23.453 ], [ 73.655, 23.454 ], [ 73.647, 23.444 ], [ 73.633, 23.445 ], [ 73.627, 23.455 ], [ 73.635, 23.465 ], [ 73.629, 23.476 ], [ 73.637, 23.486 ], [ 73.651, 23.485 ], [ 73.659, 23.495 ], [ 73.653, 23.506 ], [ 73.661, 23.515 ], [ 73.655, 23.526 ], [ 73.641, 23.527 ], [ 73.635, 23.538 ], [ 73.643, 23.547 ], [ 73.637, 23.558 ], [ 73.645, 23.568 ], [ 73.638, 23.579 ], [ 73.646, 23.588 ], [ 73.64, 23.599 ], [ 73.648, 23.609 ], [ 73.642, 23.62 ], [ 73.65, 23.63 ], [ 73.644, 23.64 ], [ 73.63, 23.641 ], [ 73.624, 23.652 ], [ 73.61, 23.652 ], [ 73.604, 23.663 ], [ 73.59, 23.664 ], [ 73.582, 23.654 ], [ 73.568, 23.655 ], [ 73.56, 23.645 ], [ 73.566, 23.634 ], [ 73.558, 23.624 ], [ 73.544, 23.625 ], [ 73.536, 23.615 ], [ 73.522, 23.616 ], [ 73.516, 23.627 ], [ 73.502, 23.628 ], [ 73.496, 23.638 ], [ 73.504, 23.648 ], [ 73.498, 23.659 ], [ 73.506, 23.669 ], [ 73.5, 23.679 ], [ 73.508, 23.689 ], [ 73.502, 23.7 ], [ 73.488, 23.701 ], [ 73.482, 23.711 ], [ 73.467, 23.712 ], [ 73.461, 23.723 ], [ 73.447, 23.724 ], [ 73.441, 23.734 ], [ 73.449, 23.744 ], [ 73.443, 23.755 ], [ 73.429, 23.756 ], [ 73.423, 23.766 ], [ 73.409, 23.767 ], [ 73.403, 23.778 ], [ 73.389, 23.779 ], [ 73.381, 23.769 ], [ 73.367, 23.769 ], [ 73.361, 23.78 ], [ 73.369, 23.79 ], [ 73.362, 23.801 ], [ 73.37, 23.811 ], [ 73.364, 23.821 ], [ 73.372, 23.831 ], [ 73.366, 23.842 ], [ 73.352, 23.843 ], [ 73.346, 23.853 ], [ 73.354, 23.863 ], [ 73.368, 23.863 ], [ 73.376, 23.872 ], [ 73.37, 23.883 ], [ 73.378, 23.893 ], [ 73.371, 23.904 ], [ 73.357, 23.905 ], [ 73.349, 23.895 ], [ 73.335, 23.895 ], [ 73.327, 23.885 ], [ 73.313, 23.886 ], [ 73.307, 23.897 ], [ 73.293, 23.898 ], [ 73.285, 23.888 ], [ 73.291, 23.877 ], [ 73.284, 23.867 ], [ 73.29, 23.856 ], [ 73.304, 23.856 ], [ 73.31, 23.845 ], [ 73.302, 23.835 ], [ 73.288, 23.836 ], [ 73.282, 23.847 ], [ 73.268, 23.847 ], [ 73.262, 23.858 ], [ 73.248, 23.859 ], [ 73.241, 23.869 ], [ 73.249, 23.879 ], [ 73.243, 23.89 ], [ 73.229, 23.891 ], [ 73.221, 23.881 ], [ 73.227, 23.87 ], [ 73.219, 23.86 ], [ 73.226, 23.85 ], [ 73.218, 23.84 ], [ 73.204, 23.84 ], [ 73.196, 23.83 ], [ 73.182, 23.831 ], [ 73.174, 23.821 ], [ 73.18, 23.811 ], [ 73.172, 23.801 ], [ 73.158, 23.801 ], [ 73.15, 23.791 ], [ 73.156, 23.781 ], [ 73.148, 23.771 ], [ 73.134, 23.772 ], [ 73.126, 23.762 ], [ 73.133, 23.751 ], [ 73.125, 23.741 ], [ 73.131, 23.73 ], [ 73.123, 23.72 ], [ 73.129, 23.71 ], [ 73.143, 23.709 ], [ 73.149, 23.698 ], [ 73.142, 23.688 ], [ 73.148, 23.678 ], [ 73.162, 23.677 ], [ 73.168, 23.666 ], [ 73.16, 23.656 ], [ 73.166, 23.646 ], [ 73.18, 23.645 ], [ 73.186, 23.634 ], [ 73.2, 23.634 ], [ 73.206, 23.623 ], [ 73.199, 23.613 ], [ 73.205, 23.602 ], [ 73.197, 23.593 ], [ 73.203, 23.582 ], [ 73.195, 23.572 ], [ 73.201, 23.561 ], [ 73.193, 23.551 ], [ 73.179, 23.552 ], [ 73.171, 23.542 ], [ 73.178, 23.532 ], [ 73.17, 23.522 ], [ 73.176, 23.511 ], [ 73.168, 23.501 ], [ 73.174, 23.491 ], [ 73.166, 23.481 ], [ 73.152, 23.481 ], [ 73.144, 23.472 ], [ 73.13, 23.472 ], [ 73.123, 23.462 ], [ 73.129, 23.452 ], [ 73.121, 23.442 ], [ 73.127, 23.431 ], [ 73.119, 23.421 ], [ 73.125, 23.411 ], [ 73.118, 23.401 ], [ 73.124, 23.39 ], [ 73.116, 23.38 ], [ 73.102, 23.381 ], [ 73.094, 23.371 ], [ 73.1, 23.361 ], [ 73.092, 23.351 ], [ 73.098, 23.34 ], [ 73.091, 23.33 ], [ 73.097, 23.32 ], [ 73.089, 23.31 ], [ 73.095, 23.299 ], [ 73.087, 23.289 ], [ 73.093, 23.279 ], [ 73.086, 23.269 ], [ 73.072, 23.27 ], [ 73.064, 23.26 ], [ 73.05, 23.261 ], [ 73.044, 23.271 ], [ 73.03, 23.272 ], [ 73.024, 23.282 ], [ 73.01, 23.283 ], [ 73.002, 23.273 ], [ 73.008, 23.263 ], [ 73.0, 23.253 ], [ 72.986, 23.254 ], [ 72.979, 23.244 ], [ 72.985, 23.233 ], [ 72.977, 23.223 ], [ 72.983, 23.213 ], [ 72.975, 23.203 ], [ 72.981, 23.192 ], [ 72.974, 23.182 ], [ 72.98, 23.172 ], [ 72.972, 23.162 ], [ 72.978, 23.151 ], [ 72.992, 23.151 ], [ 73.0, 23.161 ], [ 73.014, 23.16 ], [ 73.021, 23.17 ], [ 73.035, 23.169 ], [ 73.041, 23.158 ], [ 73.055, 23.158 ], [ 73.063, 23.167 ], [ 73.077, 23.167 ], [ 73.085, 23.177 ], [ 73.099, 23.176 ], [ 73.107, 23.186 ], [ 73.121, 23.185 ], [ 73.128, 23.195 ], [ 73.142, 23.194 ], [ 73.148, 23.183 ], [ 73.162, 23.183 ], [ 73.168, 23.172 ], [ 73.161, 23.162 ], [ 73.167, 23.152 ], [ 73.181, 23.151 ], [ 73.187, 23.14 ], [ 73.201, 23.14 ], [ 73.207, 23.129 ], [ 73.199, 23.119 ], [ 73.205, 23.109 ], [ 73.219, 23.108 ], [ 73.225, 23.097 ], [ 73.239, 23.097 ], [ 73.245, 23.086 ], [ 73.237, 23.076 ], [ 73.243, 23.066 ], [ 73.257, 23.065 ], [ 73.263, 23.054 ], [ 73.255, 23.045 ], [ 73.261, 23.034 ], [ 73.254, 23.024 ], [ 73.26, 23.014 ], [ 73.252, 23.004 ], [ 73.258, 22.993 ], [ 73.272, 22.992 ], [ 73.278, 22.982 ], [ 73.27, 22.972 ], [ 73.256, 22.973 ], [ 73.248, 22.963 ], [ 73.254, 22.952 ], [ 73.247, 22.943 ], [ 73.253, 22.932 ], [ 73.267, 22.931 ], [ 73.274, 22.941 ], [ 73.288, 22.94 ], [ 73.294, 22.93 ], [ 73.308, 22.929 ], [ 73.316, 22.939 ], [ 73.33, 22.938 ], [ 73.336, 22.928 ], [ 73.35, 22.927 ], [ 73.357, 22.937 ], [ 73.371, 22.936 ], [ 73.379, 22.946 ], [ 73.393, 22.945 ], [ 73.401, 22.955 ], [ 73.415, 22.954 ], [ 73.421, 22.943 ], [ 73.413, 22.934 ], [ 73.399, 22.934 ], [ 73.391, 22.925 ], [ 73.377, 22.925 ], [ 73.37, 22.916 ], [ 73.376, 22.905 ], [ 73.368, 22.895 ], [ 73.374, 22.885 ], [ 73.366, 22.875 ], [ 73.372, 22.864 ], [ 73.386, 22.864 ], [ 73.392, 22.853 ], [ 73.384, 22.843 ], [ 73.37, 22.844 ], [ 73.363, 22.834 ], [ 73.369, 22.824 ], [ 73.361, 22.814 ], [ 73.367, 22.803 ], [ 73.359, 22.794 ], [ 73.365, 22.783 ], [ 73.357, 22.773 ], [ 73.363, 22.763 ], [ 73.377, 22.762 ], [ 73.385, 22.772 ], [ 73.379, 22.782 ], [ 73.387, 22.792 ], [ 73.381, 22.803 ], [ 73.388, 22.812 ], [ 73.402, 22.812 ], [ 73.408, 22.801 ], [ 73.4, 22.791 ], [ 73.406, 22.781 ], [ 73.42, 22.78 ], [ 73.426, 22.77 ], [ 73.419, 22.76 ], [ 73.405, 22.761 ], [ 73.397, 22.751 ], [ 73.383, 22.752 ], [ 73.375, 22.742 ], [ 73.381, 22.731 ], [ 73.374, 22.721 ], [ 73.38, 22.711 ], [ 73.393, 22.71 ], [ 73.399, 22.7 ], [ 73.392, 22.69 ], [ 73.398, 22.679 ], [ 73.411, 22.679 ], [ 73.417, 22.668 ], [ 73.41, 22.658 ], [ 73.396, 22.659 ], [ 73.388, 22.649 ], [ 73.374, 22.65 ], [ 73.366, 22.64 ], [ 73.372, 22.63 ], [ 73.386, 22.629 ], [ 73.392, 22.619 ], [ 73.385, 22.609 ], [ 73.391, 22.598 ], [ 73.383, 22.589 ], [ 73.389, 22.578 ], [ 73.381, 22.568 ], [ 73.387, 22.558 ], [ 73.401, 22.557 ], [ 73.407, 22.547 ], [ 73.421, 22.546 ], [ 73.427, 22.535 ], [ 73.419, 22.526 ], [ 73.405, 22.526 ], [ 73.397, 22.517 ], [ 73.403, 22.506 ], [ 73.417, 22.505 ], [ 73.423, 22.495 ], [ 73.415, 22.485 ], [ 73.421, 22.475 ], [ 73.435, 22.474 ], [ 73.441, 22.463 ], [ 73.433, 22.454 ], [ 73.419, 22.455 ], [ 73.412, 22.445 ], [ 73.418, 22.434 ], [ 73.431, 22.434 ], [ 73.437, 22.423 ], [ 73.451, 22.422 ], [ 73.457, 22.412 ], [ 73.449, 22.402 ], [ 73.455, 22.392 ], [ 73.469, 22.391 ], [ 73.475, 22.38 ], [ 73.467, 22.371 ], [ 73.473, 22.36 ], [ 73.487, 22.36 ], [ 73.493, 22.349 ], [ 73.507, 22.348 ], [ 73.513, 22.338 ], [ 73.526, 22.337 ], [ 73.534, 22.347 ], [ 73.548, 22.346 ], [ 73.554, 22.336 ], [ 73.546, 22.326 ], [ 73.552, 22.315 ], [ 73.544, 22.306 ], [ 73.55, 22.295 ], [ 73.543, 22.286 ], [ 73.549, 22.275 ], [ 73.541, 22.265 ], [ 73.527, 22.266 ], [ 73.519, 22.256 ], [ 73.506, 22.257 ], [ 73.498, 22.248 ], [ 73.504, 22.237 ], [ 73.496, 22.227 ], [ 73.482, 22.228 ], [ 73.475, 22.218 ], [ 73.481, 22.208 ], [ 73.494, 22.207 ], [ 73.5, 22.197 ], [ 73.492, 22.187 ], [ 73.498, 22.177 ], [ 73.491, 22.167 ], [ 73.497, 22.157 ], [ 73.51, 22.156 ], [ 73.516, 22.145 ], [ 73.509, 22.136 ], [ 73.514, 22.125 ], [ 73.507, 22.116 ], [ 73.493, 22.116 ], [ 73.485, 22.107 ], [ 73.491, 22.096 ], [ 73.484, 22.087 ], [ 73.489, 22.076 ], [ 73.503, 22.075 ], [ 73.511, 22.085 ], [ 73.525, 22.084 ], [ 73.531, 22.074 ], [ 73.523, 22.064 ], [ 73.529, 22.054 ], [ 73.542, 22.053 ], [ 73.55, 22.063 ], [ 73.564, 22.062 ], [ 73.57, 22.052 ], [ 73.583, 22.051 ], [ 73.591, 22.061 ], [ 73.585, 22.071 ], [ 73.593, 22.081 ], [ 73.607, 22.08 ], [ 73.613, 22.069 ], [ 73.626, 22.069 ], [ 73.634, 22.078 ], [ 73.648, 22.078 ], [ 73.654, 22.067 ], [ 73.646, 22.057 ], [ 73.652, 22.047 ], [ 73.665, 22.046 ], [ 73.671, 22.036 ], [ 73.664, 22.026 ], [ 73.67, 22.016 ], [ 73.683, 22.015 ], [ 73.689, 22.005 ], [ 73.703, 22.004 ], [ 73.709, 21.993 ], [ 73.701, 21.984 ], [ 73.707, 21.973 ], [ 73.72, 21.973 ], [ 73.728, 21.982 ], [ 73.742, 21.982 ], [ 73.748, 21.971 ], [ 73.761, 21.97 ], [ 73.767, 21.96 ], [ 73.781, 21.959 ], [ 73.787, 21.949 ], [ 73.779, 21.939 ], [ 73.785, 21.929 ], [ 73.799, 21.928 ], [ 73.806, 21.938 ], [ 73.82, 21.937 ], [ 73.828, 21.946 ], [ 73.841, 21.946 ], [ 73.849, 21.955 ], [ 73.863, 21.954 ], [ 73.869, 21.944 ], [ 73.861, 21.934 ], [ 73.867, 21.924 ], [ 73.881, 21.923 ], [ 73.886, 21.913 ], [ 73.9, 21.912 ], [ 73.906, 21.902 ], [ 73.92, 21.901 ], [ 73.925, 21.891 ], [ 73.939, 21.89 ], [ 73.945, 21.879 ], [ 73.959, 21.879 ], [ 73.966, 21.888 ], [ 73.98, 21.887 ], [ 73.988, 21.897 ], [ 74.001, 21.896 ], [ 74.009, 21.906 ], [ 74.023, 21.905 ], [ 74.031, 21.915 ], [ 74.044, 21.914 ], [ 74.052, 21.923 ], [ 74.066, 21.923 ], [ 74.073, 21.932 ], [ 74.087, 21.931 ], [ 74.095, 21.941 ], [ 74.108, 21.94 ], [ 74.116, 21.95 ], [ 74.13, 21.949 ], [ 74.138, 21.959 ], [ 74.132, 21.969 ], [ 74.14, 21.979 ], [ 74.134, 21.989 ], [ 74.12, 21.99 ], [ 74.114, 22.0 ], [ 74.101, 22.001 ], [ 74.095, 22.012 ], [ 74.103, 22.021 ], [ 74.116, 22.02 ], [ 74.124, 22.03 ], [ 74.118, 22.041 ], [ 74.126, 22.05 ], [ 74.14, 22.049 ], [ 74.148, 22.059 ], [ 74.161, 22.058 ], [ 74.169, 22.068 ], [ 74.163, 22.078 ], [ 74.171, 22.088 ], [ 74.165, 22.098 ], [ 74.152, 22.099 ], [ 74.144, 22.089 ], [ 74.13, 22.09 ], [ 74.124, 22.101 ], [ 74.132, 22.11 ], [ 74.126, 22.121 ], [ 74.134, 22.13 ], [ 74.128, 22.141 ], [ 74.136, 22.151 ], [ 74.13, 22.161 ], [ 74.116, 22.162 ], [ 74.111, 22.172 ], [ 74.118, 22.182 ], [ 74.113, 22.192 ], [ 74.12, 22.202 ], [ 74.115, 22.212 ], [ 74.101, 22.213 ], [ 74.095, 22.224 ], [ 74.081, 22.225 ], [ 74.075, 22.235 ], [ 74.083, 22.245 ], [ 74.077, 22.255 ], [ 74.064, 22.256 ], [ 74.058, 22.266 ], [ 74.066, 22.276 ], [ 74.06, 22.287 ], [ 74.068, 22.296 ], [ 74.062, 22.307 ], [ 74.07, 22.316 ], [ 74.064, 22.327 ], [ 74.072, 22.336 ], [ 74.066, 22.347 ], [ 74.073, 22.357 ], [ 74.087, 22.356 ], [ 74.095, 22.366 ], [ 74.109, 22.365 ], [ 74.115, 22.354 ], [ 74.128, 22.353 ], [ 74.134, 22.343 ], [ 74.126, 22.333 ], [ 74.132, 22.323 ], [ 74.146, 22.322 ], [ 74.154, 22.332 ], [ 74.168, 22.331 ], [ 74.173, 22.32 ], [ 74.187, 22.32 ], [ 74.195, 22.329 ], [ 74.189, 22.34 ], [ 74.197, 22.349 ], [ 74.211, 22.349 ], [ 74.219, 22.358 ], [ 74.213, 22.369 ], [ 74.221, 22.378 ], [ 74.234, 22.378 ], [ 74.242, 22.387 ], [ 74.256, 22.386 ], [ 74.264, 22.396 ], [ 74.277, 22.395 ], [ 74.285, 22.405 ], [ 74.28, 22.415 ], [ 74.266, 22.416 ], [ 74.26, 22.427 ], [ 74.246, 22.428 ], [ 74.24, 22.438 ], [ 74.227, 22.439 ], [ 74.219, 22.429 ], [ 74.205, 22.43 ], [ 74.199, 22.441 ], [ 74.207, 22.45 ], [ 74.201, 22.461 ], [ 74.209, 22.47 ], [ 74.203, 22.481 ], [ 74.189, 22.482 ], [ 74.182, 22.472 ], [ 74.187, 22.462 ], [ 74.18, 22.452 ], [ 74.185, 22.441 ], [ 74.178, 22.432 ], [ 74.164, 22.432 ], [ 74.158, 22.443 ], [ 74.144, 22.444 ], [ 74.136, 22.434 ], [ 74.123, 22.435 ], [ 74.115, 22.425 ], [ 74.101, 22.426 ], [ 74.095, 22.437 ], [ 74.103, 22.446 ], [ 74.097, 22.457 ], [ 74.105, 22.466 ], [ 74.099, 22.477 ], [ 74.085, 22.478 ], [ 74.079, 22.488 ], [ 74.087, 22.498 ], [ 74.081, 22.508 ], [ 74.068, 22.509 ], [ 74.06, 22.5 ], [ 74.046, 22.5 ], [ 74.038, 22.491 ], [ 74.024, 22.491 ], [ 74.019, 22.502 ], [ 74.026, 22.512 ], [ 74.04, 22.511 ], [ 74.048, 22.521 ], [ 74.042, 22.531 ], [ 74.05, 22.541 ], [ 74.064, 22.54 ], [ 74.072, 22.55 ], [ 74.085, 22.549 ], [ 74.091, 22.538 ], [ 74.105, 22.538 ], [ 74.111, 22.527 ], [ 74.125, 22.526 ], [ 74.131, 22.516 ], [ 74.144, 22.515 ], [ 74.152, 22.525 ], [ 74.146, 22.535 ], [ 74.154, 22.545 ], [ 74.168, 22.544 ], [ 74.176, 22.554 ], [ 74.19, 22.553 ], [ 74.197, 22.563 ], [ 74.211, 22.562 ], [ 74.219, 22.571 ], [ 74.213, 22.582 ], [ 74.221, 22.592 ], [ 74.215, 22.602 ], [ 74.223, 22.612 ], [ 74.237, 22.611 ], [ 74.245, 22.621 ], [ 74.259, 22.62 ], [ 74.266, 22.63 ], [ 74.261, 22.64 ], [ 74.268, 22.65 ], [ 74.282, 22.649 ], [ 74.288, 22.639 ], [ 74.302, 22.638 ], [ 74.308, 22.627 ], [ 74.322, 22.626 ], [ 74.329, 22.636 ], [ 74.343, 22.635 ], [ 74.351, 22.645 ], [ 74.365, 22.644 ], [ 74.371, 22.634 ], [ 74.385, 22.633 ], [ 74.392, 22.642 ], [ 74.387, 22.653 ], [ 74.395, 22.663 ], [ 74.389, 22.673 ], [ 74.397, 22.683 ], [ 74.391, 22.693 ], [ 74.399, 22.703 ], [ 74.393, 22.714 ], [ 74.401, 22.723 ], [ 74.395, 22.734 ], [ 74.403, 22.744 ], [ 74.417, 22.743 ], [ 74.425, 22.753 ], [ 74.419, 22.763 ], [ 74.427, 22.773 ], [ 74.421, 22.783 ], [ 74.429, 22.793 ], [ 74.443, 22.792 ], [ 74.45, 22.802 ], [ 74.445, 22.813 ], [ 74.453, 22.822 ], [ 74.466, 22.821 ], [ 74.474, 22.831 ], [ 74.468, 22.842 ], [ 74.476, 22.851 ], [ 74.471, 22.862 ], [ 74.479, 22.872 ], [ 74.473, 22.882 ], [ 74.459, 22.883 ], [ 74.453, 22.894 ], [ 74.461, 22.904 ], [ 74.455, 22.914 ], [ 74.441, 22.915 ], [ 74.435, 22.926 ], [ 74.422, 22.926 ], [ 74.414, 22.917 ], [ 74.419, 22.906 ], [ 74.412, 22.896 ], [ 74.398, 22.897 ], [ 74.392, 22.908 ], [ 74.378, 22.909 ], [ 74.372, 22.919 ], [ 74.358, 22.92 ], [ 74.352, 22.931 ], [ 74.36, 22.94 ], [ 74.354, 22.951 ], [ 74.341, 22.952 ], [ 74.335, 22.962 ], [ 74.343, 22.972 ], [ 74.357, 22.971 ], [ 74.364, 22.981 ], [ 74.359, 22.992 ], [ 74.345, 22.992 ], [ 74.339, 23.003 ], [ 74.347, 23.013 ], [ 74.341, 23.023 ], [ 74.327, 23.024 ], [ 74.321, 23.035 ], [ 74.329, 23.045 ], [ 74.323, 23.055 ], [ 74.331, 23.065 ], [ 74.325, 23.076 ], [ 74.311, 23.076 ], [ 74.306, 23.087 ], [ 74.292, 23.088 ], [ 74.286, 23.098 ], [ 74.294, 23.108 ], [ 74.288, 23.119 ], [ 74.296, 23.129 ], [ 74.29, 23.139 ], [ 74.276, 23.14 ], [ 74.27, 23.151 ], [ 74.278, 23.16 ], [ 74.272, 23.171 ], [ 74.258, 23.172 ], [ 74.252, 23.183 ], [ 74.238, 23.183 ], [ 74.23, 23.174 ], [ 74.217, 23.174 ], [ 74.211, 23.185 ], [ 74.197, 23.186 ], [ 74.189, 23.176 ], [ 74.195, 23.165 ], [ 74.187, 23.156 ], [ 74.173, 23.157 ], [ 74.167, 23.167 ], [ 74.153, 23.168 ], [ 74.147, 23.179 ], [ 74.133, 23.179 ], [ 74.127, 23.19 ], [ 74.135, 23.2 ], [ 74.129, 23.21 ], [ 74.137, 23.22 ], [ 74.131, 23.231 ], [ 74.139, 23.241 ], [ 74.133, 23.251 ], [ 74.141, 23.261 ], [ 74.135, 23.272 ], [ 74.121, 23.273 ], [ 74.115, 23.283 ], [ 74.102, 23.284 ], [ 74.096, 23.295 ], [ 74.082, 23.295 ], [ 74.076, 23.306 ], [ 74.062, 23.307 ], [ 74.054, 23.297 ], [ 74.04, 23.298 ], [ 74.034, 23.309 ], [ 74.042, 23.318 ], [ 74.036, 23.329 ], [ 74.022, 23.33 ], [ 74.016, 23.34 ], [ 74.002, 23.341 ], [ 73.994, 23.331 ], [ 73.98, 23.332 ], [ 73.974, 23.343 ], [ 73.982, 23.353 ], [ 73.976, 23.363 ], [ 73.962, 23.364 ], [ 73.956, 23.375 ], [ 73.942, 23.376 ], [ 73.934, 23.366 ], [ 73.94, 23.355 ], [ 73.932, 23.345 ], [ 73.919, 23.346 ], [ 73.911, 23.336 ], [ 73.897, 23.337 ], [ 73.891, 23.348 ], [ 73.877, 23.349 ], [ 73.871, 23.359 ], [ 73.879, 23.369 ], [ 73.873, 23.38 ] ] ] ] } },
{ "type": "Feature", "properties": { "POLYGON.ID": 81.0, "subregion": "India--Gujarat--Ahmedabad (includes Nal Sarovar)_CL30368", "FILTER": "Gujarat", "POLYGON": "India--Gujarat--Ahmedabad (includes Nal Sarovar)_CL30368", "COUNTY": "Ahmedabad", "STATE": "Gujarat", "OWNER": null }, "geometry": { "type": "MultiPolygon", "coordinates": [ [ [ [ 72.075, 22.604 ], [ 72.081, 22.593 ], [ 72.095, 22.592 ], [ 72.102, 22.602 ], [ 72.116, 22.602 ], [ 72.122, 22.591 ], [ 72.136, 22.591 ], [ 72.142, 22.58 ], [ 72.156, 22.579 ], [ 72.162, 22.569 ], [ 72.176, 22.568 ], [ 72.182, 22.558 ], [ 72.175, 22.548 ], [ 72.181, 22.538 ], [ 72.173, 22.528 ], [ 72.159, 22.528 ], [ 72.152, 22.519 ], [ 72.158, 22.508 ], [ 72.15, 22.498 ], [ 72.157, 22.488 ], [ 72.149, 22.478 ], [ 72.135, 22.479 ], [ 72.128, 22.469 ], [ 72.114, 22.47 ], [ 72.106, 22.46 ], [ 72.112, 22.449 ], [ 72.105, 22.44 ], [ 72.091, 22.44 ], [ 72.084, 22.431 ], [ 72.07, 22.431 ], [ 72.064, 22.442 ], [ 72.05, 22.442 ], [ 72.044, 22.453 ], [ 72.051, 22.462 ], [ 72.045, 22.473 ], [ 72.053, 22.483 ], [ 72.046, 22.493 ], [ 72.033, 22.494 ], [ 72.026, 22.504 ], [ 72.012, 22.505 ], [ 72.006, 22.515 ], [ 71.992, 22.516 ], [ 71.985, 22.506 ], [ 71.971, 22.507 ], [ 71.965, 22.517 ], [ 71.972, 22.527 ], [ 71.966, 22.537 ], [ 71.952, 22.538 ], [ 71.946, 22.548 ], [ 71.932, 22.549 ], [ 71.925, 22.539 ], [ 71.931, 22.529 ], [ 71.923, 22.519 ], [ 71.93, 22.509 ], [ 71.922, 22.499 ], [ 71.928, 22.488 ], [ 71.942, 22.488 ], [ 71.95, 22.498 ], [ 71.964, 22.497 ], [ 71.97, 22.486 ], [ 71.962, 22.477 ], [ 71.948, 22.477 ], [ 71.941, 22.467 ], [ 71.947, 22.457 ], [ 71.94, 22.447 ], [ 71.946, 22.437 ], [ 71.938, 22.427 ], [ 71.944, 22.417 ], [ 71.937, 22.407 ], [ 71.943, 22.396 ], [ 71.936, 22.387 ], [ 71.922, 22.387 ], [ 71.916, 22.398 ], [ 71.923, 22.407 ], [ 71.917, 22.418 ], [ 71.903, 22.418 ], [ 71.896, 22.409 ], [ 71.882, 22.409 ], [ 71.874, 22.4 ], [ 71.86, 22.4 ], [ 71.853, 22.39 ], [ 71.859, 22.38 ], [ 71.873, 22.379 ], [ 71.879, 22.369 ], [ 71.893, 22.368 ], [ 71.899, 22.358 ], [ 71.892, 22.348 ], [ 71.898, 22.338 ], [ 71.89, 22.328 ], [ 71.877, 22.329 ], [ 71.869, 22.319 ], [ 71.855, 22.319 ], [ 71.848, 22.31 ], [ 71.854, 22.299 ], [ 71.846, 22.289 ], [ 71.853, 22.279 ], [ 71.845, 22.269 ], [ 71.851, 22.259 ], [ 71.865, 22.258 ], [ 71.873, 22.268 ], [ 71.886, 22.267 ], [ 71.893, 22.257 ], [ 71.906, 22.256 ], [ 71.914, 22.266 ], [ 71.928, 22.265 ], [ 71.934, 22.255 ], [ 71.948, 22.254 ], [ 71.954, 22.244 ], [ 71.967, 22.243 ], [ 71.975, 22.253 ], [ 71.989, 22.253 ], [ 71.995, 22.242 ], [ 72.009, 22.242 ], [ 72.016, 22.251 ], [ 72.03, 22.251 ], [ 72.036, 22.24 ], [ 72.05, 22.24 ], [ 72.057, 22.249 ], [ 72.071, 22.249 ], [ 72.077, 22.238 ], [ 72.07, 22.229 ], [ 72.076, 22.218 ], [ 72.09, 22.218 ], [ 72.096, 22.207 ], [ 72.11, 22.207 ], [ 72.116, 22.196 ], [ 72.13, 22.196 ], [ 72.136, 22.185 ], [ 72.128, 22.175 ], [ 72.114, 22.176 ], [ 72.107, 22.166 ], [ 72.113, 22.156 ], [ 72.127, 22.155 ], [ 72.133, 22.145 ], [ 72.147, 22.144 ], [ 72.153, 22.134 ], [ 72.145, 22.124 ], [ 72.151, 22.114 ], [ 72.144, 22.104 ], [ 72.13, 22.105 ], [ 72.123, 22.095 ], [ 72.109, 22.096 ], [ 72.103, 22.106 ], [ 72.089, 22.107 ], [ 72.082, 22.097 ], [ 72.068, 22.097 ], [ 72.06, 22.088 ], [ 72.066, 22.077 ], [ 72.059, 22.068 ], [ 72.065, 22.057 ], [ 72.079, 22.057 ], [ 72.085, 22.046 ], [ 72.099, 22.046 ], [ 72.106, 22.055 ], [ 72.12, 22.055 ], [ 72.126, 22.044 ], [ 72.14, 22.044 ], [ 72.146, 22.033 ], [ 72.138, 22.024 ], [ 72.145, 22.013 ], [ 72.158, 22.013 ], [ 72.164, 22.002 ], [ 72.178, 22.002 ], [ 72.184, 21.991 ], [ 72.198, 21.991 ], [ 72.204, 21.98 ], [ 72.218, 21.98 ], [ 72.225, 21.989 ], [ 72.239, 21.989 ], [ 72.247, 21.998 ], [ 72.26, 21.998 ], [ 72.268, 22.007 ], [ 72.262, 22.018 ], [ 72.248, 22.019 ], [ 72.242, 22.029 ], [ 72.249, 22.039 ], [ 72.243, 22.049 ], [ 72.251, 22.059 ], [ 72.264, 22.058 ], [ 72.271, 22.048 ], [ 72.284, 22.047 ], [ 72.292, 22.057 ], [ 72.286, 22.067 ], [ 72.293, 22.077 ], [ 72.287, 22.087 ], [ 72.295, 22.097 ], [ 72.308, 22.096 ], [ 72.316, 22.106 ], [ 72.31, 22.116 ], [ 72.317, 22.126 ], [ 72.331, 22.125 ], [ 72.339, 22.135 ], [ 72.333, 22.146 ], [ 72.34, 22.155 ], [ 72.334, 22.166 ], [ 72.342, 22.175 ], [ 72.336, 22.186 ], [ 72.343, 22.196 ], [ 72.357, 22.195 ], [ 72.364, 22.205 ], [ 72.358, 22.215 ], [ 72.366, 22.225 ], [ 72.36, 22.235 ], [ 72.367, 22.245 ], [ 72.361, 22.255 ], [ 72.369, 22.265 ], [ 72.363, 22.276 ], [ 72.37, 22.285 ], [ 72.364, 22.296 ], [ 72.372, 22.305 ], [ 72.366, 22.316 ], [ 72.373, 22.326 ], [ 72.387, 22.325 ], [ 72.394, 22.335 ], [ 72.388, 22.345 ], [ 72.396, 22.355 ], [ 72.39, 22.365 ], [ 72.376, 22.366 ], [ 72.37, 22.376 ], [ 72.356, 22.377 ], [ 72.35, 22.388 ], [ 72.358, 22.397 ], [ 72.351, 22.408 ], [ 72.359, 22.418 ], [ 72.373, 22.417 ], [ 72.38, 22.427 ], [ 72.374, 22.437 ], [ 72.361, 22.438 ], [ 72.354, 22.448 ], [ 72.362, 22.458 ], [ 72.376, 22.457 ], [ 72.383, 22.467 ], [ 72.397, 22.466 ], [ 72.405, 22.476 ], [ 72.419, 22.476 ], [ 72.426, 22.485 ], [ 72.42, 22.496 ], [ 72.428, 22.506 ], [ 72.441, 22.505 ], [ 72.449, 22.515 ], [ 72.443, 22.525 ], [ 72.451, 22.535 ], [ 72.444, 22.545 ], [ 72.431, 22.546 ], [ 72.424, 22.556 ], [ 72.432, 22.566 ], [ 72.446, 22.566 ], [ 72.454, 22.575 ], [ 72.467, 22.575 ], [ 72.475, 22.585 ], [ 72.489, 22.584 ], [ 72.496, 22.594 ], [ 72.49, 22.604 ], [ 72.498, 22.614 ], [ 72.512, 22.613 ], [ 72.519, 22.623 ], [ 72.533, 22.622 ], [ 72.541, 22.632 ], [ 72.535, 22.643 ], [ 72.542, 22.652 ], [ 72.556, 22.652 ], [ 72.564, 22.662 ], [ 72.558, 22.672 ], [ 72.544, 22.673 ], [ 72.538, 22.683 ], [ 72.545, 22.693 ], [ 72.539, 22.703 ], [ 72.525, 22.704 ], [ 72.519, 22.715 ], [ 72.527, 22.724 ], [ 72.521, 22.735 ], [ 72.528, 22.745 ], [ 72.522, 22.755 ], [ 72.53, 22.765 ], [ 72.524, 22.776 ], [ 72.532, 22.785 ], [ 72.525, 22.796 ], [ 72.533, 22.806 ], [ 72.547, 22.805 ], [ 72.555, 22.815 ], [ 72.568, 22.814 ], [ 72.576, 22.824 ], [ 72.59, 22.823 ], [ 72.598, 22.833 ], [ 72.591, 22.844 ], [ 72.599, 22.853 ], [ 72.593, 22.864 ], [ 72.601, 22.874 ], [ 72.615, 22.873 ], [ 72.622, 22.883 ], [ 72.636, 22.882 ], [ 72.644, 22.892 ], [ 72.658, 22.891 ], [ 72.664, 22.881 ], [ 72.678, 22.88 ], [ 72.685, 22.89 ], [ 72.699, 22.889 ], [ 72.707, 22.899 ], [ 72.721, 22.898 ], [ 72.729, 22.908 ], [ 72.742, 22.908 ], [ 72.75, 22.917 ], [ 72.764, 22.917 ], [ 72.77, 22.906 ], [ 72.784, 22.905 ], [ 72.792, 22.915 ], [ 72.786, 22.926 ], [ 72.793, 22.936 ], [ 72.807, 22.935 ], [ 72.815, 22.945 ], [ 72.829, 22.944 ], [ 72.837, 22.954 ], [ 72.83, 22.964 ], [ 72.838, 22.974 ], [ 72.832, 22.985 ], [ 72.84, 22.995 ], [ 72.834, 23.005 ], [ 72.82, 23.006 ], [ 72.814, 23.016 ], [ 72.821, 23.026 ], [ 72.815, 23.037 ], [ 72.801, 23.038 ], [ 72.795, 23.048 ], [ 72.781, 23.049 ], [ 72.775, 23.059 ], [ 72.783, 23.069 ], [ 72.777, 23.08 ], [ 72.763, 23.08 ], [ 72.757, 23.091 ], [ 72.743, 23.092 ], [ 72.737, 23.102 ], [ 72.723, 23.103 ], [ 72.717, 23.114 ], [ 72.703, 23.114 ], [ 72.695, 23.104 ], [ 72.681, 23.105 ], [ 72.673, 23.095 ], [ 72.659, 23.096 ], [ 72.652, 23.086 ], [ 72.638, 23.087 ], [ 72.632, 23.097 ], [ 72.618, 23.098 ], [ 72.612, 23.109 ], [ 72.619, 23.118 ], [ 72.613, 23.129 ], [ 72.599, 23.13 ], [ 72.591, 23.12 ], [ 72.578, 23.12 ], [ 72.571, 23.131 ], [ 72.557, 23.132 ], [ 72.551, 23.142 ], [ 72.537, 23.143 ], [ 72.531, 23.154 ], [ 72.517, 23.154 ], [ 72.509, 23.144 ], [ 72.496, 23.145 ], [ 72.488, 23.135 ], [ 72.494, 23.125 ], [ 72.486, 23.115 ], [ 72.493, 23.104 ], [ 72.485, 23.094 ], [ 72.471, 23.095 ], [ 72.463, 23.085 ], [ 72.469, 23.075 ], [ 72.462, 23.065 ], [ 72.448, 23.065 ], [ 72.44, 23.056 ], [ 72.426, 23.056 ], [ 72.42, 23.067 ], [ 72.406, 23.067 ], [ 72.398, 23.058 ], [ 72.384, 23.058 ], [ 72.378, 23.069 ], [ 72.386, 23.079 ], [ 72.38, 23.089 ], [ 72.366, 23.09 ], [ 72.36, 23.1 ], [ 72.346, 23.101 ], [ 72.339, 23.112 ], [ 72.326, 23.112 ], [ 72.318, 23.102 ], [ 72.304, 23.103 ], [ 72.296, 23.093 ], [ 72.303, 23.083 ], [ 72.316, 23.082 ], [ 72.323, 23.071 ], [ 72.315, 23.062 ], [ 72.321, 23.051 ], [ 72.314, 23.041 ], [ 72.3, 23.042 ], [ 72.293, 23.052 ], [ 72.279, 23.053 ], [ 72.273, 23.064 ], [ 72.281, 23.073 ], [ 72.275, 23.084 ], [ 72.261, 23.085 ], [ 72.255, 23.095 ], [ 72.262, 23.105 ], [ 72.256, 23.116 ], [ 72.242, 23.116 ], [ 72.236, 23.127 ], [ 72.222, 23.127 ], [ 72.214, 23.118 ], [ 72.2, 23.118 ], [ 72.193, 23.108 ], [ 72.179, 23.109 ], [ 72.171, 23.099 ], [ 72.157, 23.1 ], [ 72.151, 23.11 ], [ 72.159, 23.12 ], [ 72.152, 23.131 ], [ 72.16, 23.141 ], [ 72.174, 23.14 ], [ 72.182, 23.15 ], [ 72.175, 23.16 ], [ 72.183, 23.17 ], [ 72.177, 23.181 ], [ 72.163, 23.181 ], [ 72.157, 23.192 ], [ 72.164, 23.202 ], [ 72.178, 23.201 ], [ 72.186, 23.211 ], [ 72.18, 23.222 ], [ 72.187, 23.232 ], [ 72.181, 23.242 ], [ 72.189, 23.252 ], [ 72.182, 23.263 ], [ 72.19, 23.273 ], [ 72.184, 23.283 ], [ 72.192, 23.293 ], [ 72.205, 23.292 ], [ 72.213, 23.302 ], [ 72.207, 23.313 ], [ 72.215, 23.323 ], [ 72.229, 23.322 ], [ 72.236, 23.332 ], [ 72.25, 23.331 ], [ 72.258, 23.341 ], [ 72.252, 23.352 ], [ 72.259, 23.362 ], [ 72.253, 23.372 ], [ 72.261, 23.382 ], [ 72.275, 23.382 ], [ 72.282, 23.391 ], [ 72.276, 23.402 ], [ 72.284, 23.412 ], [ 72.278, 23.423 ], [ 72.285, 23.433 ], [ 72.279, 23.443 ], [ 72.265, 23.444 ], [ 72.259, 23.454 ], [ 72.245, 23.455 ], [ 72.237, 23.445 ], [ 72.243, 23.435 ], [ 72.236, 23.425 ], [ 72.222, 23.425 ], [ 72.215, 23.436 ], [ 72.201, 23.436 ], [ 72.194, 23.427 ], [ 72.18, 23.427 ], [ 72.174, 23.438 ], [ 72.16, 23.438 ], [ 72.153, 23.449 ], [ 72.139, 23.45 ], [ 72.133, 23.46 ], [ 72.119, 23.461 ], [ 72.111, 23.451 ], [ 72.097, 23.452 ], [ 72.091, 23.462 ], [ 72.077, 23.463 ], [ 72.069, 23.453 ], [ 72.055, 23.454 ], [ 72.049, 23.464 ], [ 72.035, 23.465 ], [ 72.029, 23.475 ], [ 72.036, 23.485 ], [ 72.03, 23.496 ], [ 72.016, 23.497 ], [ 72.01, 23.507 ], [ 71.996, 23.508 ], [ 71.988, 23.498 ], [ 71.994, 23.487 ], [ 71.987, 23.477 ], [ 71.973, 23.478 ], [ 71.965, 23.468 ], [ 71.971, 23.457 ], [ 71.964, 23.448 ], [ 71.97, 23.437 ], [ 71.962, 23.427 ], [ 71.969, 23.416 ], [ 71.961, 23.406 ], [ 71.967, 23.396 ], [ 71.96, 23.386 ], [ 71.946, 23.387 ], [ 71.939, 23.397 ], [ 71.925, 23.398 ], [ 71.918, 23.388 ], [ 71.904, 23.389 ], [ 71.896, 23.379 ], [ 71.882, 23.379 ], [ 71.874, 23.369 ], [ 71.881, 23.359 ], [ 71.873, 23.349 ], [ 71.879, 23.338 ], [ 71.893, 23.338 ], [ 71.9, 23.327 ], [ 71.892, 23.317 ], [ 71.878, 23.318 ], [ 71.87, 23.308 ], [ 71.877, 23.297 ], [ 71.869, 23.287 ], [ 71.875, 23.277 ], [ 71.868, 23.267 ], [ 71.874, 23.256 ], [ 71.866, 23.246 ], [ 71.873, 23.236 ], [ 71.865, 23.226 ], [ 71.871, 23.215 ], [ 71.885, 23.215 ], [ 71.893, 23.225 ], [ 71.887, 23.235 ], [ 71.894, 23.245 ], [ 71.908, 23.244 ], [ 71.916, 23.254 ], [ 71.93, 23.254 ], [ 71.936, 23.243 ], [ 71.95, 23.243 ], [ 71.958, 23.252 ], [ 71.972, 23.252 ], [ 71.978, 23.241 ], [ 71.992, 23.241 ], [ 71.998, 23.23 ], [ 71.991, 23.22 ], [ 71.977, 23.221 ], [ 71.969, 23.211 ], [ 71.955, 23.212 ], [ 71.947, 23.202 ], [ 71.934, 23.202 ], [ 71.926, 23.192 ], [ 71.932, 23.182 ], [ 71.925, 23.172 ], [ 71.911, 23.173 ], [ 71.903, 23.163 ], [ 71.909, 23.152 ], [ 71.902, 23.142 ], [ 71.908, 23.132 ], [ 71.9, 23.122 ], [ 71.907, 23.111 ], [ 71.899, 23.101 ], [ 71.905, 23.091 ], [ 71.919, 23.09 ], [ 71.925, 23.08 ], [ 71.918, 23.07 ], [ 71.924, 23.059 ], [ 71.938, 23.059 ], [ 71.944, 23.048 ], [ 71.937, 23.038 ], [ 71.943, 23.028 ], [ 71.957, 23.027 ], [ 71.965, 23.037 ], [ 71.958, 23.047 ], [ 71.966, 23.057 ], [ 71.98, 23.057 ], [ 71.987, 23.067 ], [ 72.001, 23.066 ], [ 72.008, 23.055 ], [ 72.022, 23.055 ], [ 72.028, 23.044 ], [ 72.02, 23.034 ], [ 72.026, 23.024 ], [ 72.019, 23.014 ], [ 72.005, 23.015 ], [ 71.997, 23.005 ], [ 72.004, 22.994 ], [ 72.017, 22.994 ], [ 72.024, 22.983 ], [ 72.016, 22.973 ], [ 72.002, 22.974 ], [ 71.995, 22.964 ], [ 72.001, 22.953 ], [ 71.993, 22.944 ], [ 71.999, 22.933 ], [ 71.992, 22.923 ], [ 71.998, 22.913 ], [ 71.99, 22.903 ], [ 71.997, 22.892 ], [ 71.989, 22.883 ], [ 71.995, 22.872 ], [ 71.988, 22.862 ], [ 71.994, 22.852 ], [ 71.986, 22.842 ], [ 71.993, 22.831 ], [ 72.007, 22.831 ], [ 72.013, 22.82 ], [ 72.027, 22.82 ], [ 72.033, 22.809 ], [ 72.047, 22.808 ], [ 72.053, 22.798 ], [ 72.045, 22.788 ], [ 72.052, 22.778 ], [ 72.044, 22.768 ], [ 72.05, 22.757 ], [ 72.064, 22.757 ], [ 72.07, 22.746 ], [ 72.063, 22.736 ], [ 72.069, 22.726 ], [ 72.083, 22.725 ], [ 72.09, 22.735 ], [ 72.104, 22.734 ], [ 72.11, 22.724 ], [ 72.103, 22.714 ], [ 72.109, 22.704 ], [ 72.101, 22.694 ], [ 72.108, 22.683 ], [ 72.1, 22.674 ], [ 72.086, 22.674 ], [ 72.08, 22.685 ], [ 72.066, 22.685 ], [ 72.06, 22.696 ], [ 72.046, 22.696 ], [ 72.039, 22.687 ], [ 72.045, 22.676 ], [ 72.037, 22.666 ], [ 72.043, 22.656 ], [ 72.057, 22.655 ], [ 72.063, 22.645 ], [ 72.056, 22.635 ], [ 72.062, 22.624 ], [ 72.054, 22.615 ], [ 72.061, 22.604 ], [ 72.075, 22.604 ] ] ] ] } },
{ "type": "Feature", "properties": { "POLYGON.ID": 144.0, "subregion": "India--Gujarat--Surendranagar (LRK)_CL31437", "FILTER": "Gujarat", "POLYGON": "India--Gujarat--Surendranagar (LRK)_CL31437", "COUNTY": "Surendranagar", "STATE": "Gujarat", "OWNER": null }, "geometry": { "type": "MultiPolygon", "coordinates": [ [ [ [ 71.999, 22.933 ], [ 71.993, 22.944 ], [ 72.001, 22.953 ], [ 71.995, 22.964 ], [ 72.002, 22.974 ], [ 72.016, 22.973 ], [ 72.024, 22.983 ], [ 72.017, 22.994 ], [ 72.004, 22.994 ], [ 71.997, 23.005 ], [ 72.005, 23.015 ], [ 72.019, 23.014 ], [ 72.026, 23.024 ], [ 72.02, 23.034 ], [ 72.028, 23.044 ], [ 72.022, 23.055 ], [ 72.008, 23.055 ], [ 72.001, 23.066 ], [ 71.987, 23.067 ], [ 71.98, 23.057 ], [ 71.966, 23.057 ], [ 71.958, 23.047 ], [ 71.965, 23.037 ], [ 71.957, 23.027 ], [ 71.943, 23.028 ], [ 71.937, 23.038 ], [ 71.944, 23.048 ], [ 71.938, 23.059 ], [ 71.924, 23.059 ], [ 71.918, 23.07 ], [ 71.925, 23.08 ], [ 71.919, 23.09 ], [ 71.905, 23.091 ], [ 71.899, 23.101 ], [ 71.907, 23.111 ], [ 71.9, 23.122 ], [ 71.908, 23.132 ], [ 71.902, 23.142 ], [ 71.909, 23.152 ], [ 71.903, 23.163 ], [ 71.911, 23.173 ], [ 71.925, 23.172 ], [ 71.932, 23.182 ], [ 71.926, 23.192 ], [ 71.934, 23.202 ], [ 71.947, 23.202 ], [ 71.955, 23.212 ], [ 71.969, 23.211 ], [ 71.977, 23.221 ], [ 71.991, 23.22 ], [ 71.998, 23.23 ], [ 71.992, 23.241 ], [ 71.978, 23.241 ], [ 71.972, 23.252 ], [ 71.958, 23.252 ], [ 71.95, 23.243 ], [ 71.936, 23.243 ], [ 71.93, 23.254 ], [ 71.916, 23.254 ], [ 71.908, 23.244 ], [ 71.894, 23.245 ], [ 71.887, 23.235 ], [ 71.893, 23.225 ], [ 71.885, 23.215 ], [ 71.871, 23.215 ], [ 71.865, 23.226 ], [ 71.873, 23.236 ], [ 71.866, 23.246 ], [ 71.874, 23.256 ], [ 71.868, 23.267 ], [ 71.875, 23.277 ], [ 71.869, 23.287 ], [ 71.877, 23.297 ], [ 71.87, 23.308 ], [ 71.878, 23.318 ], [ 71.892, 23.317 ], [ 71.9, 23.327 ], [ 71.893, 23.338 ], [ 71.879, 23.338 ], [ 71.873, 23.349 ], [ 71.881, 23.359 ], [ 71.874, 23.369 ], [ 71.882, 23.379 ], [ 71.896, 23.379 ], [ 71.904, 23.389 ], [ 71.918, 23.388 ], [ 71.925, 23.398 ], [ 71.939, 23.397 ], [ 71.946, 23.387 ], [ 71.96, 23.386 ], [ 71.967, 23.396 ], [ 71.961, 23.406 ], [ 71.969, 23.416 ], [ 71.962, 23.427 ], [ 71.97, 23.437 ], [ 71.964, 23.448 ], [ 71.971, 23.457 ], [ 71.965, 23.468 ], [ 71.973, 23.478 ], [ 71.987, 23.477 ], [ 71.994, 23.487 ], [ 71.988, 23.498 ], [ 71.974, 23.499 ], [ 71.968, 23.509 ], [ 71.975, 23.519 ], [ 71.969, 23.53 ], [ 71.955, 23.53 ], [ 71.947, 23.52 ], [ 71.954, 23.51 ], [ 71.946, 23.5 ], [ 71.932, 23.5 ], [ 71.924, 23.49 ], [ 71.91, 23.491 ], [ 71.903, 23.481 ], [ 71.889, 23.482 ], [ 71.881, 23.472 ], [ 71.867, 23.472 ], [ 71.859, 23.463 ], [ 71.845, 23.463 ], [ 71.838, 23.453 ], [ 71.844, 23.443 ], [ 71.836, 23.433 ], [ 71.843, 23.422 ], [ 71.835, 23.412 ], [ 71.821, 23.413 ], [ 71.814, 23.403 ], [ 71.8, 23.403 ], [ 71.792, 23.394 ], [ 71.778, 23.394 ], [ 71.772, 23.405 ], [ 71.758, 23.405 ], [ 71.751, 23.416 ], [ 71.759, 23.426 ], [ 71.773, 23.425 ], [ 71.781, 23.435 ], [ 71.774, 23.446 ], [ 71.782, 23.456 ], [ 71.775, 23.466 ], [ 71.761, 23.467 ], [ 71.755, 23.477 ], [ 71.741, 23.478 ], [ 71.735, 23.489 ], [ 71.721, 23.489 ], [ 71.713, 23.479 ], [ 71.699, 23.48 ], [ 71.693, 23.491 ], [ 71.679, 23.491 ], [ 71.671, 23.481 ], [ 71.657, 23.482 ], [ 71.651, 23.492 ], [ 71.637, 23.493 ], [ 71.63, 23.504 ], [ 71.616, 23.504 ], [ 71.609, 23.494 ], [ 71.595, 23.495 ], [ 71.587, 23.485 ], [ 71.573, 23.485 ], [ 71.567, 23.496 ], [ 71.553, 23.497 ], [ 71.545, 23.487 ], [ 71.531, 23.487 ], [ 71.524, 23.477 ], [ 71.53, 23.467 ], [ 71.544, 23.466 ], [ 71.55, 23.456 ], [ 71.543, 23.446 ], [ 71.549, 23.435 ], [ 71.563, 23.434 ], [ 71.569, 23.424 ], [ 71.583, 23.423 ], [ 71.59, 23.413 ], [ 71.582, 23.403 ], [ 71.589, 23.392 ], [ 71.581, 23.382 ], [ 71.567, 23.383 ], [ 71.559, 23.373 ], [ 71.566, 23.362 ], [ 71.58, 23.362 ], [ 71.586, 23.351 ], [ 71.6, 23.351 ], [ 71.608, 23.36 ], [ 71.622, 23.36 ], [ 71.628, 23.349 ], [ 71.642, 23.349 ], [ 71.648, 23.338 ], [ 71.641, 23.328 ], [ 71.647, 23.318 ], [ 71.639, 23.308 ], [ 71.646, 23.297 ], [ 71.638, 23.287 ], [ 71.645, 23.277 ], [ 71.658, 23.276 ], [ 71.665, 23.266 ], [ 71.679, 23.265 ], [ 71.685, 23.254 ], [ 71.678, 23.244 ], [ 71.664, 23.245 ], [ 71.656, 23.235 ], [ 71.662, 23.225 ], [ 71.655, 23.215 ], [ 71.661, 23.204 ], [ 71.675, 23.204 ], [ 71.681, 23.193 ], [ 71.695, 23.192 ], [ 71.702, 23.182 ], [ 71.694, 23.172 ], [ 71.7, 23.161 ], [ 71.714, 23.161 ], [ 71.722, 23.171 ], [ 71.736, 23.17 ], [ 71.743, 23.18 ], [ 71.757, 23.179 ], [ 71.764, 23.169 ], [ 71.756, 23.159 ], [ 71.762, 23.148 ], [ 71.755, 23.139 ], [ 71.761, 23.128 ], [ 71.753, 23.118 ], [ 71.74, 23.119 ], [ 71.732, 23.109 ], [ 71.718, 23.109 ], [ 71.712, 23.12 ], [ 71.698, 23.121 ], [ 71.691, 23.131 ], [ 71.678, 23.132 ], [ 71.671, 23.142 ], [ 71.657, 23.143 ], [ 71.65, 23.133 ], [ 71.636, 23.134 ], [ 71.629, 23.144 ], [ 71.615, 23.145 ], [ 71.608, 23.135 ], [ 71.594, 23.135 ], [ 71.586, 23.125 ], [ 71.572, 23.126 ], [ 71.566, 23.137 ], [ 71.552, 23.137 ], [ 71.546, 23.148 ], [ 71.532, 23.148 ], [ 71.526, 23.159 ], [ 71.512, 23.159 ], [ 71.504, 23.149 ], [ 71.49, 23.15 ], [ 71.483, 23.14 ], [ 71.469, 23.141 ], [ 71.461, 23.131 ], [ 71.447, 23.131 ], [ 71.441, 23.142 ], [ 71.427, 23.142 ], [ 71.42, 23.153 ], [ 71.406, 23.154 ], [ 71.399, 23.144 ], [ 71.385, 23.144 ], [ 71.379, 23.155 ], [ 71.365, 23.155 ], [ 71.358, 23.166 ], [ 71.344, 23.166 ], [ 71.338, 23.177 ], [ 71.324, 23.177 ], [ 71.317, 23.168 ], [ 71.303, 23.168 ], [ 71.295, 23.158 ], [ 71.301, 23.148 ], [ 71.315, 23.147 ], [ 71.322, 23.137 ], [ 71.336, 23.136 ], [ 71.342, 23.126 ], [ 71.356, 23.125 ], [ 71.362, 23.114 ], [ 71.355, 23.105 ], [ 71.341, 23.105 ], [ 71.333, 23.095 ], [ 71.319, 23.096 ], [ 71.312, 23.086 ], [ 71.298, 23.086 ], [ 71.29, 23.076 ], [ 71.297, 23.066 ], [ 71.289, 23.056 ], [ 71.296, 23.046 ], [ 71.288, 23.036 ], [ 71.295, 23.025 ], [ 71.308, 23.025 ], [ 71.315, 23.014 ], [ 71.307, 23.004 ], [ 71.314, 22.994 ], [ 71.306, 22.984 ], [ 71.292, 22.984 ], [ 71.285, 22.974 ], [ 71.291, 22.964 ], [ 71.305, 22.963 ], [ 71.311, 22.953 ], [ 71.304, 22.943 ], [ 71.29, 22.944 ], [ 71.282, 22.934 ], [ 71.289, 22.923 ], [ 71.281, 22.913 ], [ 71.267, 22.914 ], [ 71.26, 22.904 ], [ 71.266, 22.894 ], [ 71.259, 22.884 ], [ 71.265, 22.873 ], [ 71.258, 22.863 ], [ 71.244, 22.864 ], [ 71.236, 22.854 ], [ 71.243, 22.843 ], [ 71.235, 22.834 ], [ 71.241, 22.823 ], [ 71.234, 22.813 ], [ 71.22, 22.814 ], [ 71.214, 22.824 ], [ 71.2, 22.825 ], [ 71.194, 22.835 ], [ 71.18, 22.836 ], [ 71.173, 22.846 ], [ 71.159, 22.847 ], [ 71.153, 22.857 ], [ 71.139, 22.858 ], [ 71.132, 22.848 ], [ 71.138, 22.838 ], [ 71.131, 22.828 ], [ 71.117, 22.828 ], [ 71.109, 22.818 ], [ 71.116, 22.808 ], [ 71.129, 22.807 ], [ 71.136, 22.797 ], [ 71.128, 22.787 ], [ 71.135, 22.777 ], [ 71.127, 22.767 ], [ 71.134, 22.756 ], [ 71.126, 22.746 ], [ 71.133, 22.736 ], [ 71.146, 22.735 ], [ 71.153, 22.725 ], [ 71.145, 22.715 ], [ 71.152, 22.705 ], [ 71.166, 22.704 ], [ 71.172, 22.694 ], [ 71.164, 22.684 ], [ 71.151, 22.684 ], [ 71.143, 22.674 ], [ 71.149, 22.664 ], [ 71.142, 22.654 ], [ 71.128, 22.655 ], [ 71.121, 22.645 ], [ 71.107, 22.645 ], [ 71.099, 22.635 ], [ 71.106, 22.625 ], [ 71.098, 22.615 ], [ 71.105, 22.605 ], [ 71.097, 22.595 ], [ 71.104, 22.584 ], [ 71.096, 22.575 ], [ 71.103, 22.564 ], [ 71.095, 22.554 ], [ 71.081, 22.555 ], [ 71.074, 22.545 ], [ 71.08, 22.535 ], [ 71.073, 22.525 ], [ 71.079, 22.514 ], [ 71.093, 22.514 ], [ 71.1, 22.524 ], [ 71.114, 22.523 ], [ 71.122, 22.533 ], [ 71.115, 22.543 ], [ 71.123, 22.553 ], [ 71.137, 22.553 ], [ 71.143, 22.542 ], [ 71.135, 22.532 ], [ 71.142, 22.522 ], [ 71.156, 22.521 ], [ 71.162, 22.511 ], [ 71.155, 22.501 ], [ 71.161, 22.491 ], [ 71.153, 22.481 ], [ 71.14, 22.482 ], [ 71.132, 22.472 ], [ 71.139, 22.461 ], [ 71.131, 22.451 ], [ 71.117, 22.452 ], [ 71.11, 22.442 ], [ 71.116, 22.432 ], [ 71.109, 22.422 ], [ 71.095, 22.423 ], [ 71.088, 22.413 ], [ 71.074, 22.413 ], [ 71.067, 22.424 ], [ 71.054, 22.424 ], [ 71.047, 22.435 ], [ 71.034, 22.435 ], [ 71.027, 22.446 ], [ 71.013, 22.446 ], [ 71.006, 22.436 ], [ 71.012, 22.426 ], [ 71.005, 22.416 ], [ 70.991, 22.417 ], [ 70.984, 22.407 ], [ 70.99, 22.396 ], [ 71.004, 22.396 ], [ 71.011, 22.406 ], [ 71.025, 22.405 ], [ 71.031, 22.395 ], [ 71.024, 22.385 ], [ 71.03, 22.374 ], [ 71.023, 22.365 ], [ 71.009, 22.365 ], [ 71.002, 22.355 ], [ 71.008, 22.345 ], [ 71.022, 22.344 ], [ 71.028, 22.334 ], [ 71.021, 22.324 ], [ 71.027, 22.314 ], [ 71.041, 22.313 ], [ 71.047, 22.303 ], [ 71.061, 22.302 ], [ 71.067, 22.292 ], [ 71.06, 22.282 ], [ 71.066, 22.272 ], [ 71.08, 22.271 ], [ 71.086, 22.261 ], [ 71.1, 22.26 ], [ 71.107, 22.25 ], [ 71.099, 22.24 ], [ 71.105, 22.23 ], [ 71.119, 22.229 ], [ 71.126, 22.219 ], [ 71.118, 22.209 ], [ 71.124, 22.199 ], [ 71.138, 22.198 ], [ 71.144, 22.188 ], [ 71.158, 22.187 ], [ 71.165, 22.177 ], [ 71.157, 22.167 ], [ 71.143, 22.168 ], [ 71.136, 22.158 ], [ 71.142, 22.148 ], [ 71.135, 22.138 ], [ 71.121, 22.138 ], [ 71.114, 22.129 ], [ 71.12, 22.118 ], [ 71.134, 22.118 ], [ 71.141, 22.127 ], [ 71.155, 22.127 ], [ 71.162, 22.137 ], [ 71.176, 22.136 ], [ 71.184, 22.146 ], [ 71.177, 22.156 ], [ 71.185, 22.166 ], [ 71.198, 22.166 ], [ 71.206, 22.175 ], [ 71.219, 22.175 ], [ 71.226, 22.164 ], [ 71.24, 22.164 ], [ 71.247, 22.174 ], [ 71.261, 22.173 ], [ 71.267, 22.163 ], [ 71.281, 22.162 ], [ 71.288, 22.172 ], [ 71.302, 22.171 ], [ 71.309, 22.181 ], [ 71.303, 22.192 ], [ 71.289, 22.192 ], [ 71.283, 22.202 ], [ 71.29, 22.212 ], [ 71.284, 22.223 ], [ 71.27, 22.223 ], [ 71.263, 22.213 ], [ 71.249, 22.214 ], [ 71.243, 22.224 ], [ 71.229, 22.225 ], [ 71.223, 22.235 ], [ 71.23, 22.245 ], [ 71.224, 22.255 ], [ 71.231, 22.265 ], [ 71.245, 22.265 ], [ 71.253, 22.274 ], [ 71.266, 22.274 ], [ 71.273, 22.263 ], [ 71.286, 22.263 ], [ 71.293, 22.253 ], [ 71.306, 22.252 ], [ 71.314, 22.262 ], [ 71.308, 22.272 ], [ 71.315, 22.282 ], [ 71.329, 22.281 ], [ 71.335, 22.271 ], [ 71.349, 22.27 ], [ 71.356, 22.28 ], [ 71.37, 22.28 ], [ 71.376, 22.269 ], [ 71.39, 22.269 ], [ 71.396, 22.258 ], [ 71.389, 22.249 ], [ 71.395, 22.238 ], [ 71.388, 22.228 ], [ 71.394, 22.218 ], [ 71.408, 22.217 ], [ 71.415, 22.227 ], [ 71.429, 22.227 ], [ 71.436, 22.236 ], [ 71.43, 22.247 ], [ 71.438, 22.257 ], [ 71.431, 22.267 ], [ 71.439, 22.277 ], [ 71.453, 22.276 ], [ 71.46, 22.286 ], [ 71.474, 22.285 ], [ 71.481, 22.295 ], [ 71.495, 22.295 ], [ 71.503, 22.304 ], [ 71.496, 22.315 ], [ 71.504, 22.325 ], [ 71.517, 22.324 ], [ 71.525, 22.334 ], [ 71.539, 22.333 ], [ 71.546, 22.343 ], [ 71.56, 22.342 ], [ 71.566, 22.332 ], [ 71.58, 22.331 ], [ 71.587, 22.341 ], [ 71.601, 22.341 ], [ 71.609, 22.35 ], [ 71.623, 22.35 ], [ 71.63, 22.36 ], [ 71.624, 22.37 ], [ 71.631, 22.38 ], [ 71.645, 22.379 ], [ 71.653, 22.389 ], [ 71.666, 22.388 ], [ 71.674, 22.398 ], [ 71.688, 22.398 ], [ 71.694, 22.387 ], [ 71.708, 22.387 ], [ 71.714, 22.376 ], [ 71.728, 22.376 ], [ 71.734, 22.365 ], [ 71.748, 22.365 ], [ 71.754, 22.354 ], [ 71.768, 22.354 ], [ 71.775, 22.363 ], [ 71.789, 22.363 ], [ 71.797, 22.373 ], [ 71.79, 22.383 ], [ 71.798, 22.393 ], [ 71.812, 22.392 ], [ 71.819, 22.402 ], [ 71.833, 22.401 ], [ 71.839, 22.391 ], [ 71.832, 22.381 ], [ 71.838, 22.371 ], [ 71.852, 22.37 ], [ 71.859, 22.38 ], [ 71.853, 22.39 ], [ 71.86, 22.4 ], [ 71.874, 22.4 ], [ 71.882, 22.409 ], [ 71.896, 22.409 ], [ 71.903, 22.418 ], [ 71.917, 22.418 ], [ 71.923, 22.407 ], [ 71.916, 22.398 ], [ 71.922, 22.387 ], [ 71.936, 22.387 ], [ 71.943, 22.396 ], [ 71.937, 22.407 ], [ 71.944, 22.417 ], [ 71.938, 22.427 ], [ 71.946, 22.437 ], [ 71.94, 22.447 ], [ 71.947, 22.457 ], [ 71.941, 22.467 ], [ 71.948, 22.477 ], [ 71.962, 22.477 ], [ 71.97, 22.486 ], [ 71.964, 22.497 ], [ 71.95, 22.498 ], [ 71.942, 22.488 ], [ 71.928, 22.488 ], [ 71.922, 22.499 ], [ 71.93, 22.509 ], [ 71.923, 22.519 ], [ 71.931, 22.529 ], [ 71.925, 22.539 ], [ 71.932, 22.549 ], [ 71.946, 22.548 ], [ 71.952, 22.538 ], [ 71.966, 22.537 ], [ 71.972, 22.527 ], [ 71.965, 22.517 ], [ 71.971, 22.507 ], [ 71.985, 22.506 ], [ 71.992, 22.516 ], [ 72.006, 22.515 ], [ 72.012, 22.505 ], [ 72.026, 22.504 ], [ 72.033, 22.494 ], [ 72.046, 22.493 ], [ 72.053, 22.483 ], [ 72.045, 22.473 ], [ 72.051, 22.462 ], [ 72.044, 22.453 ], [ 72.05, 22.442 ], [ 72.064, 22.442 ], [ 72.07, 22.431 ], [ 72.084, 22.431 ], [ 72.091, 22.44 ], [ 72.105, 22.44 ], [ 72.112, 22.449 ], [ 72.106, 22.46 ], [ 72.114, 22.47 ], [ 72.128, 22.469 ], [ 72.135, 22.479 ], [ 72.149, 22.478 ], [ 72.157, 22.488 ], [ 72.15, 22.498 ], [ 72.158, 22.508 ], [ 72.152, 22.519 ], [ 72.159, 22.528 ], [ 72.173, 22.528 ], [ 72.181, 22.538 ], [ 72.175, 22.548 ], [ 72.182, 22.558 ], [ 72.176, 22.568 ], [ 72.162, 22.569 ], [ 72.156, 22.579 ], [ 72.142, 22.58 ], [ 72.136, 22.591 ], [ 72.122, 22.591 ], [ 72.116, 22.602 ], [ 72.102, 22.602 ], [ 72.095, 22.592 ], [ 72.081, 22.593 ], [ 72.075, 22.604 ], [ 72.061, 22.604 ], [ 72.054, 22.615 ], [ 72.062, 22.624 ], [ 72.056, 22.635 ], [ 72.063, 22.645 ], [ 72.057, 22.655 ], [ 72.043, 22.656 ], [ 72.037, 22.666 ], [ 72.045, 22.676 ], [ 72.039, 22.687 ], [ 72.046, 22.696 ], [ 72.06, 22.696 ], [ 72.066, 22.685 ], [ 72.08, 22.685 ], [ 72.086, 22.674 ], [ 72.1, 22.674 ], [ 72.108, 22.683 ], [ 72.101, 22.694 ], [ 72.109, 22.704 ], [ 72.103, 22.714 ], [ 72.11, 22.724 ], [ 72.104, 22.734 ], [ 72.09, 22.735 ], [ 72.083, 22.725 ], [ 72.069, 22.726 ], [ 72.063, 22.736 ], [ 72.07, 22.746 ], [ 72.064, 22.757 ], [ 72.05, 22.757 ], [ 72.044, 22.768 ], [ 72.052, 22.778 ], [ 72.045, 22.788 ], [ 72.053, 22.798 ], [ 72.047, 22.808 ], [ 72.033, 22.809 ], [ 72.027, 22.82 ], [ 72.013, 22.82 ], [ 72.007, 22.831 ], [ 71.993, 22.831 ], [ 71.986, 22.842 ], [ 71.994, 22.852 ], [ 71.988, 22.862 ], [ 71.995, 22.872 ], [ 71.989, 22.883 ], [ 71.997, 22.892 ], [ 71.99, 22.903 ], [ 71.998, 22.913 ], [ 71.992, 22.923 ], [ 71.999, 22.933 ] ] ], [ [ [ 71.326, 22.241 ], [ 71.313, 22.242 ], [ 71.305, 22.232 ], [ 71.312, 22.221 ], [ 71.325, 22.221 ], [ 71.332, 22.211 ], [ 71.345, 22.21 ], [ 71.353, 22.22 ], [ 71.347, 22.23 ], [ 71.354, 22.24 ], [ 71.348, 22.25 ], [ 71.334, 22.251 ], [ 71.326, 22.241 ] ] ] ] } },
{ "type": "Feature", "properties": { "POLYGON.ID": 143.0, "subregion": "India--Gujarat--Anand and Kheda_CL31436", "FILTER": "Gujarat", "POLYGON": "India--Gujarat--Anand and Kheda_CL31436", "COUNTY": "Kheda", "STATE": "Gujarat", "OWNER": null }, "geometry": { "type": "MultiPolygon", "coordinates": [ [ [ [ 73.272, 22.992 ], [ 73.258, 22.993 ], [ 73.252, 23.004 ], [ 73.26, 23.014 ], [ 73.254, 23.024 ], [ 73.261, 23.034 ], [ 73.255, 23.045 ], [ 73.263, 23.054 ], [ 73.257, 23.065 ], [ 73.243, 23.066 ], [ 73.237, 23.076 ], [ 73.245, 23.086 ], [ 73.239, 23.097 ], [ 73.225, 23.097 ], [ 73.219, 23.108 ], [ 73.205, 23.109 ], [ 73.199, 23.119 ], [ 73.207, 23.129 ], [ 73.201, 23.14 ], [ 73.187, 23.14 ], [ 73.181, 23.151 ], [ 73.167, 23.152 ], [ 73.161, 23.162 ], [ 73.168, 23.172 ], [ 73.162, 23.183 ], [ 73.148, 23.183 ], [ 73.142, 23.194 ], [ 73.128, 23.195 ], [ 73.121, 23.185 ], [ 73.107, 23.186 ], [ 73.099, 23.176 ], [ 73.085, 23.177 ], [ 73.077, 23.167 ], [ 73.063, 23.167 ], [ 73.055, 23.158 ], [ 73.041, 23.158 ], [ 73.035, 23.169 ], [ 73.021, 23.17 ], [ 73.014, 23.16 ], [ 73.02, 23.149 ], [ 73.012, 23.139 ], [ 73.018, 23.129 ], [ 73.01, 23.119 ], [ 73.016, 23.108 ], [ 73.009, 23.099 ], [ 72.995, 23.099 ], [ 72.987, 23.089 ], [ 72.993, 23.079 ], [ 72.985, 23.069 ], [ 72.971, 23.07 ], [ 72.964, 23.06 ], [ 72.95, 23.061 ], [ 72.944, 23.071 ], [ 72.93, 23.072 ], [ 72.922, 23.062 ], [ 72.908, 23.063 ], [ 72.9, 23.053 ], [ 72.906, 23.042 ], [ 72.899, 23.033 ], [ 72.905, 23.022 ], [ 72.897, 23.012 ], [ 72.883, 23.013 ], [ 72.875, 23.003 ], [ 72.861, 23.004 ], [ 72.855, 23.014 ], [ 72.841, 23.015 ], [ 72.834, 23.005 ], [ 72.84, 22.995 ], [ 72.832, 22.985 ], [ 72.838, 22.974 ], [ 72.83, 22.964 ], [ 72.837, 22.954 ], [ 72.829, 22.944 ], [ 72.815, 22.945 ], [ 72.807, 22.935 ], [ 72.793, 22.936 ], [ 72.786, 22.926 ], [ 72.792, 22.915 ], [ 72.784, 22.905 ], [ 72.77, 22.906 ], [ 72.764, 22.917 ], [ 72.75, 22.917 ], [ 72.742, 22.908 ], [ 72.729, 22.908 ], [ 72.721, 22.898 ], [ 72.707, 22.899 ], [ 72.699, 22.889 ], [ 72.685, 22.89 ], [ 72.678, 22.88 ], [ 72.664, 22.881 ], [ 72.658, 22.891 ], [ 72.644, 22.892 ], [ 72.636, 22.882 ], [ 72.622, 22.883 ], [ 72.615, 22.873 ], [ 72.601, 22.874 ], [ 72.593, 22.864 ], [ 72.599, 22.853 ], [ 72.591, 22.844 ], [ 72.598, 22.833 ], [ 72.59, 22.823 ], [ 72.576, 22.824 ], [ 72.568, 22.814 ], [ 72.555, 22.815 ], [ 72.547, 22.805 ], [ 72.533, 22.806 ], [ 72.525, 22.796 ], [ 72.532, 22.785 ], [ 72.524, 22.776 ], [ 72.53, 22.765 ], [ 72.522, 22.755 ], [ 72.528, 22.745 ], [ 72.521, 22.735 ], [ 72.527, 22.724 ], [ 72.519, 22.715 ], [ 72.525, 22.704 ], [ 72.539, 22.703 ], [ 72.545, 22.693 ], [ 72.538, 22.683 ], [ 72.544, 22.673 ], [ 72.558, 22.672 ], [ 72.564, 22.662 ], [ 72.556, 22.652 ], [ 72.542, 22.652 ], [ 72.535, 22.643 ], [ 72.541, 22.632 ], [ 72.533, 22.622 ], [ 72.519, 22.623 ], [ 72.512, 22.613 ], [ 72.498, 22.614 ], [ 72.49, 22.604 ], [ 72.496, 22.594 ], [ 72.489, 22.584 ], [ 72.475, 22.585 ], [ 72.467, 22.575 ], [ 72.454, 22.575 ], [ 72.446, 22.566 ], [ 72.432, 22.566 ], [ 72.424, 22.556 ], [ 72.431, 22.546 ], [ 72.444, 22.545 ], [ 72.451, 22.535 ], [ 72.443, 22.525 ], [ 72.449, 22.515 ], [ 72.441, 22.505 ], [ 72.428, 22.506 ], [ 72.42, 22.496 ], [ 72.426, 22.485 ], [ 72.419, 22.476 ], [ 72.405, 22.476 ], [ 72.397, 22.466 ], [ 72.383, 22.467 ], [ 72.376, 22.457 ], [ 72.362, 22.458 ], [ 72.354, 22.448 ], [ 72.361, 22.438 ], [ 72.374, 22.437 ], [ 72.38, 22.427 ], [ 72.373, 22.417 ], [ 72.359, 22.418 ], [ 72.351, 22.408 ], [ 72.358, 22.397 ], [ 72.35, 22.388 ], [ 72.356, 22.377 ], [ 72.37, 22.376 ], [ 72.376, 22.366 ], [ 72.39, 22.365 ], [ 72.396, 22.355 ], [ 72.388, 22.345 ], [ 72.394, 22.335 ], [ 72.387, 22.325 ], [ 72.373, 22.326 ], [ 72.366, 22.316 ], [ 72.372, 22.305 ], [ 72.385, 22.305 ], [ 72.392, 22.294 ], [ 72.405, 22.294 ], [ 72.411, 22.283 ], [ 72.404, 22.274 ], [ 72.39, 22.274 ], [ 72.383, 22.264 ], [ 72.389, 22.254 ], [ 72.381, 22.244 ], [ 72.387, 22.234 ], [ 72.401, 22.233 ], [ 72.407, 22.223 ], [ 72.399, 22.213 ], [ 72.406, 22.203 ], [ 72.419, 22.202 ], [ 72.425, 22.192 ], [ 72.439, 22.191 ], [ 72.447, 22.201 ], [ 72.441, 22.211 ], [ 72.448, 22.221 ], [ 72.462, 22.22 ], [ 72.47, 22.23 ], [ 72.463, 22.24 ], [ 72.471, 22.25 ], [ 72.485, 22.249 ], [ 72.492, 22.259 ], [ 72.506, 22.259 ], [ 72.514, 22.268 ], [ 72.508, 22.279 ], [ 72.515, 22.288 ], [ 72.529, 22.288 ], [ 72.537, 22.297 ], [ 72.55, 22.297 ], [ 72.557, 22.286 ], [ 72.57, 22.286 ], [ 72.578, 22.295 ], [ 72.592, 22.295 ], [ 72.598, 22.284 ], [ 72.611, 22.284 ], [ 72.618, 22.273 ], [ 72.631, 22.273 ], [ 72.639, 22.282 ], [ 72.653, 22.282 ], [ 72.659, 22.271 ], [ 72.673, 22.271 ], [ 72.679, 22.26 ], [ 72.692, 22.259 ], [ 72.7, 22.269 ], [ 72.714, 22.268 ], [ 72.72, 22.258 ], [ 72.734, 22.257 ], [ 72.74, 22.247 ], [ 72.732, 22.237 ], [ 72.738, 22.227 ], [ 72.752, 22.226 ], [ 72.758, 22.216 ], [ 72.772, 22.215 ], [ 72.779, 22.225 ], [ 72.793, 22.224 ], [ 72.801, 22.234 ], [ 72.795, 22.244 ], [ 72.802, 22.254 ], [ 72.816, 22.253 ], [ 72.824, 22.263 ], [ 72.837, 22.262 ], [ 72.845, 22.272 ], [ 72.859, 22.271 ], [ 72.865, 22.261 ], [ 72.879, 22.26 ], [ 72.885, 22.25 ], [ 72.898, 22.249 ], [ 72.906, 22.259 ], [ 72.92, 22.258 ], [ 72.927, 22.268 ], [ 72.921, 22.278 ], [ 72.929, 22.288 ], [ 72.923, 22.298 ], [ 72.931, 22.308 ], [ 72.944, 22.307 ], [ 72.95, 22.297 ], [ 72.943, 22.287 ], [ 72.949, 22.277 ], [ 72.963, 22.276 ], [ 72.969, 22.266 ], [ 72.982, 22.265 ], [ 72.988, 22.254 ], [ 73.002, 22.254 ], [ 73.01, 22.263 ], [ 73.004, 22.274 ], [ 73.011, 22.284 ], [ 73.025, 22.283 ], [ 73.033, 22.293 ], [ 73.047, 22.292 ], [ 73.054, 22.302 ], [ 73.048, 22.312 ], [ 73.056, 22.322 ], [ 73.05, 22.332 ], [ 73.058, 22.342 ], [ 73.052, 22.352 ], [ 73.059, 22.362 ], [ 73.053, 22.373 ], [ 73.061, 22.382 ], [ 73.075, 22.382 ], [ 73.082, 22.391 ], [ 73.076, 22.402 ], [ 73.063, 22.403 ], [ 73.057, 22.413 ], [ 73.064, 22.423 ], [ 73.058, 22.433 ], [ 73.066, 22.443 ], [ 73.08, 22.442 ], [ 73.087, 22.452 ], [ 73.081, 22.462 ], [ 73.089, 22.472 ], [ 73.083, 22.483 ], [ 73.091, 22.492 ], [ 73.085, 22.503 ], [ 73.092, 22.513 ], [ 73.106, 22.512 ], [ 73.114, 22.522 ], [ 73.128, 22.521 ], [ 73.135, 22.531 ], [ 73.149, 22.53 ], [ 73.157, 22.54 ], [ 73.151, 22.55 ], [ 73.159, 22.56 ], [ 73.153, 22.57 ], [ 73.16, 22.58 ], [ 73.154, 22.591 ], [ 73.162, 22.6 ], [ 73.176, 22.6 ], [ 73.184, 22.609 ], [ 73.197, 22.609 ], [ 73.205, 22.618 ], [ 73.219, 22.618 ], [ 73.227, 22.628 ], [ 73.221, 22.638 ], [ 73.228, 22.648 ], [ 73.242, 22.647 ], [ 73.25, 22.657 ], [ 73.264, 22.656 ], [ 73.272, 22.666 ], [ 73.266, 22.676 ], [ 73.273, 22.686 ], [ 73.267, 22.697 ], [ 73.253, 22.697 ], [ 73.247, 22.708 ], [ 73.255, 22.718 ], [ 73.249, 22.728 ], [ 73.257, 22.738 ], [ 73.251, 22.748 ], [ 73.259, 22.758 ], [ 73.253, 22.769 ], [ 73.26, 22.779 ], [ 73.274, 22.778 ], [ 73.282, 22.788 ], [ 73.296, 22.787 ], [ 73.302, 22.776 ], [ 73.316, 22.776 ], [ 73.324, 22.785 ], [ 73.337, 22.785 ], [ 73.345, 22.794 ], [ 73.359, 22.794 ], [ 73.367, 22.803 ], [ 73.361, 22.814 ], [ 73.369, 22.824 ], [ 73.363, 22.834 ], [ 73.37, 22.844 ], [ 73.384, 22.843 ], [ 73.392, 22.853 ], [ 73.386, 22.864 ], [ 73.372, 22.864 ], [ 73.366, 22.875 ], [ 73.374, 22.885 ], [ 73.368, 22.895 ], [ 73.376, 22.905 ], [ 73.37, 22.916 ], [ 73.377, 22.925 ], [ 73.391, 22.925 ], [ 73.399, 22.934 ], [ 73.413, 22.934 ], [ 73.421, 22.943 ], [ 73.415, 22.954 ], [ 73.401, 22.955 ], [ 73.393, 22.945 ], [ 73.379, 22.946 ], [ 73.371, 22.936 ], [ 73.357, 22.937 ], [ 73.35, 22.927 ], [ 73.336, 22.928 ], [ 73.33, 22.938 ], [ 73.316, 22.939 ], [ 73.308, 22.929 ], [ 73.294, 22.93 ], [ 73.288, 22.94 ], [ 73.274, 22.941 ], [ 73.267, 22.931 ], [ 73.253, 22.932 ], [ 73.247, 22.943 ], [ 73.254, 22.952 ], [ 73.248, 22.963 ], [ 73.256, 22.973 ], [ 73.27, 22.972 ], [ 73.278, 22.982 ], [ 73.272, 22.992 ] ] ] ] } },
{ "type": "Feature", "properties": { "POLYGON.ID": 142.0, "subregion": "India--Gujarat--Vadodara_CL31435", "FILTER": "Gujarat", "POLYGON": "India--Gujarat--Vadodara_CL31435", "COUNTY": "Doda", "STATE": "Gujarat", "OWNER": null }, "geometry": { "type": "MultiPolygon", "coordinates": [ [ [ [ 73.55, 22.295 ], [ 73.544, 22.306 ], [ 73.552, 22.315 ], [ 73.546, 22.326 ], [ 73.554, 22.336 ], [ 73.548, 22.346 ], [ 73.534, 22.347 ], [ 73.526, 22.337 ], [ 73.513, 22.338 ], [ 73.507, 22.348 ], [ 73.493, 22.349 ], [ 73.487, 22.36 ], [ 73.473, 22.36 ], [ 73.467, 22.371 ], [ 73.475, 22.38 ], [ 73.469, 22.391 ], [ 73.455, 22.392 ], [ 73.449, 22.402 ], [ 73.457, 22.412 ], [ 73.451, 22.422 ], [ 73.437, 22.423 ], [ 73.431, 22.434 ], [ 73.418, 22.434 ], [ 73.412, 22.445 ], [ 73.419, 22.455 ], [ 73.433, 22.454 ], [ 73.441, 22.463 ], [ 73.435, 22.474 ], [ 73.421, 22.475 ], [ 73.415, 22.485 ], [ 73.423, 22.495 ], [ 73.417, 22.505 ], [ 73.403, 22.506 ], [ 73.397, 22.517 ], [ 73.405, 22.526 ], [ 73.419, 22.526 ], [ 73.427, 22.535 ], [ 73.421, 22.546 ], [ 73.407, 22.547 ], [ 73.401, 22.557 ], [ 73.387, 22.558 ], [ 73.381, 22.568 ], [ 73.389, 22.578 ], [ 73.383, 22.589 ], [ 73.391, 22.598 ], [ 73.385, 22.609 ], [ 73.392, 22.619 ], [ 73.386, 22.629 ], [ 73.372, 22.63 ], [ 73.366, 22.64 ], [ 73.374, 22.65 ], [ 73.388, 22.649 ], [ 73.396, 22.659 ], [ 73.41, 22.658 ], [ 73.417, 22.668 ], [ 73.411, 22.679 ], [ 73.398, 22.679 ], [ 73.392, 22.69 ], [ 73.399, 22.7 ], [ 73.393, 22.71 ], [ 73.38, 22.711 ], [ 73.374, 22.721 ], [ 73.381, 22.731 ], [ 73.375, 22.742 ], [ 73.383, 22.752 ], [ 73.397, 22.751 ], [ 73.405, 22.761 ], [ 73.419, 22.76 ], [ 73.426, 22.77 ], [ 73.42, 22.78 ], [ 73.406, 22.781 ], [ 73.4, 22.791 ], [ 73.408, 22.801 ], [ 73.402, 22.812 ], [ 73.388, 22.812 ], [ 73.381, 22.803 ], [ 73.387, 22.792 ], [ 73.379, 22.782 ], [ 73.385, 22.772 ], [ 73.377, 22.762 ], [ 73.363, 22.763 ], [ 73.357, 22.773 ], [ 73.365, 22.783 ], [ 73.359, 22.794 ], [ 73.345, 22.794 ], [ 73.337, 22.785 ], [ 73.324, 22.785 ], [ 73.316, 22.776 ], [ 73.302, 22.776 ], [ 73.296, 22.787 ], [ 73.282, 22.788 ], [ 73.274, 22.778 ], [ 73.26, 22.779 ], [ 73.253, 22.769 ], [ 73.259, 22.758 ], [ 73.251, 22.748 ], [ 73.257, 22.738 ], [ 73.249, 22.728 ], [ 73.255, 22.718 ], [ 73.247, 22.708 ], [ 73.253, 22.697 ], [ 73.267, 22.697 ], [ 73.273, 22.686 ], [ 73.266, 22.676 ], [ 73.272, 22.666 ], [ 73.264, 22.656 ], [ 73.25, 22.657 ], [ 73.242, 22.647 ], [ 73.228, 22.648 ], [ 73.221, 22.638 ], [ 73.227, 22.628 ], [ 73.219, 22.618 ], [ 73.205, 22.618 ], [ 73.197, 22.609 ], [ 73.184, 22.609 ], [ 73.176, 22.6 ], [ 73.162, 22.6 ], [ 73.154, 22.591 ], [ 73.16, 22.58 ], [ 73.153, 22.57 ], [ 73.159, 22.56 ], [ 73.151, 22.55 ], [ 73.157, 22.54 ], [ 73.149, 22.53 ], [ 73.135, 22.531 ], [ 73.128, 22.521 ], [ 73.114, 22.522 ], [ 73.106, 22.512 ], [ 73.092, 22.513 ], [ 73.085, 22.503 ], [ 73.091, 22.492 ], [ 73.083, 22.483 ], [ 73.089, 22.472 ], [ 73.081, 22.462 ], [ 73.087, 22.452 ], [ 73.08, 22.442 ], [ 73.066, 22.443 ], [ 73.058, 22.433 ], [ 73.064, 22.423 ], [ 73.057, 22.413 ], [ 73.063, 22.403 ], [ 73.076, 22.402 ], [ 73.082, 22.391 ], [ 73.075, 22.382 ], [ 73.061, 22.382 ], [ 73.053, 22.373 ], [ 73.059, 22.362 ], [ 73.052, 22.352 ], [ 73.058, 22.342 ], [ 73.05, 22.332 ], [ 73.056, 22.322 ], [ 73.048, 22.312 ], [ 73.054, 22.302 ], [ 73.047, 22.292 ], [ 73.033, 22.293 ], [ 73.025, 22.283 ], [ 73.011, 22.284 ], [ 73.004, 22.274 ], [ 73.01, 22.263 ], [ 73.002, 22.254 ], [ 72.988, 22.254 ], [ 72.982, 22.265 ], [ 72.969, 22.266 ], [ 72.963, 22.276 ], [ 72.949, 22.277 ], [ 72.943, 22.287 ], [ 72.95, 22.297 ], [ 72.944, 22.307 ], [ 72.931, 22.308 ], [ 72.923, 22.298 ], [ 72.929, 22.288 ], [ 72.921, 22.278 ], [ 72.927, 22.268 ], [ 72.92, 22.258 ], [ 72.906, 22.259 ], [ 72.898, 22.249 ], [ 72.885, 22.25 ], [ 72.877, 22.24 ], [ 72.863, 22.241 ], [ 72.856, 22.231 ], [ 72.862, 22.221 ], [ 72.875, 22.22 ], [ 72.881, 22.209 ], [ 72.874, 22.2 ], [ 72.88, 22.189 ], [ 72.872, 22.18 ], [ 72.878, 22.169 ], [ 72.871, 22.159 ], [ 72.877, 22.149 ], [ 72.869, 22.139 ], [ 72.875, 22.129 ], [ 72.867, 22.119 ], [ 72.873, 22.109 ], [ 72.887, 22.108 ], [ 72.893, 22.098 ], [ 72.907, 22.097 ], [ 72.913, 22.087 ], [ 72.905, 22.077 ], [ 72.911, 22.067 ], [ 72.925, 22.066 ], [ 72.931, 22.055 ], [ 72.945, 22.055 ], [ 72.951, 22.044 ], [ 72.964, 22.044 ], [ 72.972, 22.053 ], [ 72.986, 22.053 ], [ 72.992, 22.042 ], [ 72.984, 22.033 ], [ 72.99, 22.022 ], [ 73.004, 22.021 ], [ 73.01, 22.011 ], [ 73.023, 22.01 ], [ 73.029, 22.0 ], [ 73.043, 21.999 ], [ 73.051, 22.009 ], [ 73.065, 22.008 ], [ 73.071, 21.998 ], [ 73.063, 21.988 ], [ 73.069, 21.978 ], [ 73.061, 21.968 ], [ 73.048, 21.969 ], [ 73.04, 21.959 ], [ 73.046, 21.949 ], [ 73.038, 21.939 ], [ 73.025, 21.94 ], [ 73.017, 21.93 ], [ 73.003, 21.931 ], [ 72.996, 21.921 ], [ 73.002, 21.911 ], [ 73.015, 21.91 ], [ 73.023, 21.92 ], [ 73.037, 21.919 ], [ 73.044, 21.929 ], [ 73.058, 21.928 ], [ 73.064, 21.918 ], [ 73.056, 21.908 ], [ 73.062, 21.898 ], [ 73.055, 21.888 ], [ 73.061, 21.877 ], [ 73.074, 21.877 ], [ 73.082, 21.886 ], [ 73.096, 21.886 ], [ 73.102, 21.875 ], [ 73.115, 21.875 ], [ 73.121, 21.864 ], [ 73.135, 21.864 ], [ 73.141, 21.853 ], [ 73.154, 21.852 ], [ 73.16, 21.842 ], [ 73.174, 21.841 ], [ 73.18, 21.831 ], [ 73.194, 21.83 ], [ 73.2, 21.82 ], [ 73.213, 21.819 ], [ 73.221, 21.829 ], [ 73.235, 21.828 ], [ 73.242, 21.838 ], [ 73.236, 21.848 ], [ 73.244, 21.858 ], [ 73.238, 21.868 ], [ 73.246, 21.878 ], [ 73.24, 21.888 ], [ 73.226, 21.889 ], [ 73.22, 21.899 ], [ 73.228, 21.909 ], [ 73.222, 21.919 ], [ 73.229, 21.929 ], [ 73.243, 21.928 ], [ 73.251, 21.938 ], [ 73.264, 21.937 ], [ 73.27, 21.927 ], [ 73.263, 21.917 ], [ 73.269, 21.907 ], [ 73.282, 21.906 ], [ 73.288, 21.896 ], [ 73.302, 21.895 ], [ 73.308, 21.885 ], [ 73.322, 21.884 ], [ 73.328, 21.873 ], [ 73.341, 21.873 ], [ 73.349, 21.882 ], [ 73.343, 21.893 ], [ 73.351, 21.902 ], [ 73.345, 21.913 ], [ 73.352, 21.922 ], [ 73.366, 21.922 ], [ 73.374, 21.931 ], [ 73.387, 21.931 ], [ 73.393, 21.92 ], [ 73.407, 21.919 ], [ 73.413, 21.909 ], [ 73.427, 21.908 ], [ 73.434, 21.918 ], [ 73.428, 21.928 ], [ 73.436, 21.938 ], [ 73.43, 21.948 ], [ 73.438, 21.958 ], [ 73.432, 21.968 ], [ 73.44, 21.978 ], [ 73.453, 21.977 ], [ 73.459, 21.967 ], [ 73.473, 21.966 ], [ 73.481, 21.976 ], [ 73.494, 21.975 ], [ 73.502, 21.985 ], [ 73.516, 21.984 ], [ 73.523, 21.994 ], [ 73.517, 22.004 ], [ 73.504, 22.005 ], [ 73.498, 22.015 ], [ 73.506, 22.025 ], [ 73.5, 22.035 ], [ 73.507, 22.045 ], [ 73.521, 22.044 ], [ 73.529, 22.054 ], [ 73.523, 22.064 ], [ 73.531, 22.074 ], [ 73.525, 22.084 ], [ 73.511, 22.085 ], [ 73.503, 22.075 ], [ 73.489, 22.076 ], [ 73.484, 22.087 ], [ 73.491, 22.096 ], [ 73.485, 22.107 ], [ 73.493, 22.116 ], [ 73.507, 22.116 ], [ 73.514, 22.125 ], [ 73.509, 22.136 ], [ 73.516, 22.145 ], [ 73.51, 22.156 ], [ 73.497, 22.157 ], [ 73.491, 22.167 ], [ 73.498, 22.177 ], [ 73.492, 22.187 ], [ 73.5, 22.197 ], [ 73.494, 22.207 ], [ 73.481, 22.208 ], [ 73.475, 22.218 ], [ 73.482, 22.228 ], [ 73.496, 22.227 ], [ 73.504, 22.237 ], [ 73.498, 22.248 ], [ 73.506, 22.257 ], [ 73.519, 22.256 ], [ 73.527, 22.266 ], [ 73.541, 22.265 ], [ 73.549, 22.275 ], [ 73.543, 22.286 ], [ 73.55, 22.295 ] ], [ [ 72.919, 22.167 ], [ 72.912, 22.157 ], [ 72.898, 22.158 ], [ 72.892, 22.168 ], [ 72.9, 22.178 ], [ 72.893, 22.189 ], [ 72.901, 22.198 ], [ 72.915, 22.198 ], [ 72.921, 22.187 ], [ 72.913, 22.177 ], [ 72.919, 22.167 ] ] ] ] } },
{ "type": "Feature", "properties": { "POLYGON.ID": 141.0, "subregion": "India--Gujarat--Bharuch and Surat_CL31434", "FILTER": "Gujarat", "POLYGON": "India--Gujarat--Bharuch and Surat_CL31434", "COUNTY": "Bharuch", "STATE": "Gujarat", "OWNER": null }, "geometry": { "type": "MultiPolygon", "coordinates": [ [ [ [ 73.003, 21.931 ], [ 73.017, 21.93 ], [ 73.025, 21.94 ], [ 73.038, 21.939 ], [ 73.046, 21.949 ], [ 73.04, 21.959 ], [ 73.048, 21.969 ], [ 73.061, 21.968 ], [ 73.069, 21.978 ], [ 73.063, 21.988 ], [ 73.071, 21.998 ], [ 73.065, 22.008 ], [ 73.051, 22.009 ], [ 73.043, 21.999 ], [ 73.029, 22.0 ], [ 73.023, 22.01 ], [ 73.01, 22.011 ], [ 73.004, 22.021 ], [ 72.99, 22.022 ], [ 72.984, 22.033 ], [ 72.992, 22.042 ], [ 72.986, 22.053 ], [ 72.972, 22.053 ], [ 72.964, 22.044 ], [ 72.951, 22.044 ], [ 72.945, 22.055 ], [ 72.931, 22.055 ], [ 72.925, 22.066 ], [ 72.911, 22.067 ], [ 72.905, 22.077 ], [ 72.913, 22.087 ], [ 72.907, 22.097 ], [ 72.893, 22.098 ], [ 72.887, 22.108 ], [ 72.873, 22.109 ], [ 72.867, 22.119 ], [ 72.875, 22.129 ], [ 72.869, 22.139 ], [ 72.877, 22.149 ], [ 72.871, 22.159 ], [ 72.878, 22.169 ], [ 72.872, 22.18 ], [ 72.88, 22.189 ], [ 72.874, 22.2 ], [ 72.881, 22.209 ], [ 72.875, 22.22 ], [ 72.862, 22.221 ], [ 72.856, 22.231 ], [ 72.863, 22.241 ], [ 72.857, 22.251 ], [ 72.843, 22.252 ], [ 72.836, 22.242 ], [ 72.822, 22.243 ], [ 72.814, 22.233 ], [ 72.801, 22.234 ], [ 72.793, 22.224 ], [ 72.779, 22.225 ], [ 72.772, 22.215 ], [ 72.778, 22.205 ], [ 72.77, 22.195 ], [ 72.756, 22.196 ], [ 72.749, 22.186 ], [ 72.735, 22.187 ], [ 72.729, 22.197 ], [ 72.715, 22.198 ], [ 72.709, 22.208 ], [ 72.695, 22.209 ], [ 72.689, 22.219 ], [ 72.676, 22.22 ], [ 72.669, 22.23 ], [ 72.656, 22.231 ], [ 72.648, 22.221 ], [ 72.634, 22.222 ], [ 72.628, 22.232 ], [ 72.615, 22.233 ], [ 72.607, 22.223 ], [ 72.593, 22.224 ], [ 72.586, 22.214 ], [ 72.572, 22.215 ], [ 72.564, 22.205 ], [ 72.57, 22.195 ], [ 72.563, 22.185 ], [ 72.549, 22.186 ], [ 72.541, 22.176 ], [ 72.547, 22.166 ], [ 72.54, 22.156 ], [ 72.546, 22.145 ], [ 72.538, 22.136 ], [ 72.525, 22.136 ], [ 72.517, 22.127 ], [ 72.523, 22.116 ], [ 72.537, 22.116 ], [ 72.543, 22.105 ], [ 72.535, 22.095 ], [ 72.522, 22.096 ], [ 72.514, 22.086 ], [ 72.52, 22.076 ], [ 72.513, 22.066 ], [ 72.519, 22.056 ], [ 72.511, 22.046 ], [ 72.517, 22.036 ], [ 72.51, 22.026 ], [ 72.516, 22.016 ], [ 72.508, 22.006 ], [ 72.514, 21.996 ], [ 72.507, 21.986 ], [ 72.513, 21.976 ], [ 72.505, 21.966 ], [ 72.511, 21.956 ], [ 72.504, 21.946 ], [ 72.49, 21.946 ], [ 72.482, 21.937 ], [ 72.488, 21.926 ], [ 72.502, 21.926 ], [ 72.508, 21.915 ], [ 72.501, 21.906 ], [ 72.507, 21.895 ], [ 72.499, 21.886 ], [ 72.505, 21.875 ], [ 72.519, 21.875 ], [ 72.525, 21.864 ], [ 72.539, 21.864 ], [ 72.546, 21.873 ], [ 72.56, 21.873 ], [ 72.567, 21.882 ], [ 72.581, 21.882 ], [ 72.589, 21.891 ], [ 72.602, 21.891 ], [ 72.608, 21.88 ], [ 72.601, 21.871 ], [ 72.607, 21.86 ], [ 72.599, 21.851 ], [ 72.605, 21.84 ], [ 72.598, 21.831 ], [ 72.604, 21.82 ], [ 72.596, 21.811 ], [ 72.583, 21.811 ], [ 72.575, 21.802 ], [ 72.581, 21.791 ], [ 72.574, 21.782 ], [ 72.56, 21.782 ], [ 72.552, 21.773 ], [ 72.558, 21.762 ], [ 72.572, 21.762 ], [ 72.578, 21.751 ], [ 72.571, 21.742 ], [ 72.557, 21.742 ], [ 72.551, 21.753 ], [ 72.537, 21.753 ], [ 72.53, 21.744 ], [ 72.536, 21.733 ], [ 72.528, 21.724 ], [ 72.515, 21.724 ], [ 72.507, 21.715 ], [ 72.513, 21.704 ], [ 72.505, 21.695 ], [ 72.512, 21.684 ], [ 72.504, 21.675 ], [ 72.51, 21.664 ], [ 72.524, 21.664 ], [ 72.53, 21.653 ], [ 72.543, 21.653 ], [ 72.549, 21.642 ], [ 72.563, 21.642 ], [ 72.571, 21.651 ], [ 72.584, 21.651 ], [ 72.592, 21.66 ], [ 72.605, 21.66 ], [ 72.613, 21.669 ], [ 72.627, 21.669 ], [ 72.634, 21.678 ], [ 72.648, 21.678 ], [ 72.654, 21.667 ], [ 72.667, 21.667 ], [ 72.675, 21.676 ], [ 72.689, 21.676 ], [ 72.695, 21.665 ], [ 72.687, 21.656 ], [ 72.693, 21.645 ], [ 72.686, 21.636 ], [ 72.672, 21.636 ], [ 72.664, 21.627 ], [ 72.651, 21.627 ], [ 72.645, 21.638 ], [ 72.631, 21.638 ], [ 72.624, 21.629 ], [ 72.63, 21.618 ], [ 72.622, 21.609 ], [ 72.608, 21.609 ], [ 72.601, 21.6 ], [ 72.607, 21.589 ], [ 72.599, 21.58 ], [ 72.605, 21.569 ], [ 72.598, 21.56 ], [ 72.604, 21.55 ], [ 72.617, 21.549 ], [ 72.624, 21.539 ], [ 72.616, 21.529 ], [ 72.622, 21.519 ], [ 72.636, 21.518 ], [ 72.643, 21.528 ], [ 72.657, 21.527 ], [ 72.664, 21.537 ], [ 72.678, 21.536 ], [ 72.684, 21.526 ], [ 72.676, 21.516 ], [ 72.682, 21.506 ], [ 72.675, 21.496 ], [ 72.661, 21.497 ], [ 72.654, 21.487 ], [ 72.66, 21.477 ], [ 72.652, 21.467 ], [ 72.639, 21.468 ], [ 72.631, 21.458 ], [ 72.637, 21.448 ], [ 72.651, 21.447 ], [ 72.657, 21.437 ], [ 72.649, 21.427 ], [ 72.655, 21.417 ], [ 72.648, 21.407 ], [ 72.654, 21.397 ], [ 72.646, 21.388 ], [ 72.633, 21.388 ], [ 72.625, 21.379 ], [ 72.631, 21.368 ], [ 72.645, 21.368 ], [ 72.651, 21.357 ], [ 72.643, 21.348 ], [ 72.629, 21.348 ], [ 72.622, 21.339 ], [ 72.608, 21.34 ], [ 72.601, 21.33 ], [ 72.587, 21.331 ], [ 72.58, 21.321 ], [ 72.586, 21.311 ], [ 72.578, 21.301 ], [ 72.584, 21.291 ], [ 72.598, 21.29 ], [ 72.604, 21.28 ], [ 72.596, 21.27 ], [ 72.602, 21.26 ], [ 72.595, 21.251 ], [ 72.601, 21.24 ], [ 72.614, 21.24 ], [ 72.62, 21.229 ], [ 72.634, 21.229 ], [ 72.64, 21.218 ], [ 72.632, 21.209 ], [ 72.619, 21.21 ], [ 72.611, 21.2 ], [ 72.617, 21.19 ], [ 72.61, 21.18 ], [ 72.616, 21.17 ], [ 72.608, 21.16 ], [ 72.614, 21.15 ], [ 72.607, 21.141 ], [ 72.613, 21.13 ], [ 72.605, 21.121 ], [ 72.611, 21.11 ], [ 72.604, 21.101 ], [ 72.61, 21.091 ], [ 72.623, 21.09 ], [ 72.629, 21.08 ], [ 72.622, 21.07 ], [ 72.628, 21.06 ], [ 72.641, 21.059 ], [ 72.649, 21.069 ], [ 72.662, 21.068 ], [ 72.67, 21.078 ], [ 72.664, 21.088 ], [ 72.671, 21.098 ], [ 72.685, 21.097 ], [ 72.691, 21.087 ], [ 72.683, 21.077 ], [ 72.689, 21.067 ], [ 72.682, 21.057 ], [ 72.688, 21.047 ], [ 72.701, 21.046 ], [ 72.709, 21.056 ], [ 72.722, 21.055 ], [ 72.73, 21.065 ], [ 72.743, 21.064 ], [ 72.749, 21.054 ], [ 72.763, 21.053 ], [ 72.77, 21.063 ], [ 72.784, 21.062 ], [ 72.791, 21.072 ], [ 72.805, 21.071 ], [ 72.811, 21.061 ], [ 72.824, 21.06 ], [ 72.83, 21.05 ], [ 72.844, 21.049 ], [ 72.848, 21.042 ], [ 72.849, 21.039 ], [ 72.861, 21.037 ], [ 72.869, 21.047 ], [ 72.882, 21.046 ], [ 72.89, 21.056 ], [ 72.902, 21.054 ], [ 72.906, 21.043 ], [ 72.918, 21.041 ], [ 72.927, 21.051 ], [ 72.939, 21.05 ], [ 72.947, 21.059 ], [ 72.959, 21.058 ], [ 72.967, 21.068 ], [ 72.98, 21.066 ], [ 72.984, 21.055 ], [ 72.996, 21.053 ], [ 73.004, 21.063 ], [ 73.016, 21.062 ], [ 73.02, 21.05 ], [ 73.012, 21.041 ], [ 73.016, 21.029 ], [ 73.029, 21.028 ], [ 73.033, 21.016 ], [ 73.045, 21.015 ], [ 73.049, 21.003 ], [ 73.041, 20.993 ], [ 73.045, 20.982 ], [ 73.057, 20.98 ], [ 73.061, 20.969 ], [ 73.073, 20.967 ], [ 73.077, 20.956 ], [ 73.09, 20.954 ], [ 73.094, 20.943 ], [ 73.106, 20.941 ], [ 73.11, 20.93 ], [ 73.122, 20.928 ], [ 73.126, 20.917 ], [ 73.118, 20.907 ], [ 73.122, 20.895 ], [ 73.135, 20.894 ], [ 73.143, 20.904 ], [ 73.155, 20.902 ], [ 73.159, 20.891 ], [ 73.171, 20.889 ], [ 73.175, 20.878 ], [ 73.188, 20.876 ], [ 73.192, 20.864 ], [ 73.204, 20.863 ], [ 73.208, 20.851 ], [ 73.22, 20.85 ], [ 73.229, 20.86 ], [ 73.241, 20.858 ], [ 73.245, 20.847 ], [ 73.237, 20.837 ], [ 73.241, 20.825 ], [ 73.253, 20.824 ], [ 73.257, 20.812 ], [ 73.269, 20.811 ], [ 73.278, 20.821 ], [ 73.29, 20.819 ], [ 73.298, 20.829 ], [ 73.31, 20.828 ], [ 73.319, 20.838 ], [ 73.315, 20.849 ], [ 73.302, 20.851 ], [ 73.298, 20.862 ], [ 73.306, 20.872 ], [ 73.319, 20.871 ], [ 73.327, 20.88 ], [ 73.323, 20.892 ], [ 73.311, 20.894 ], [ 73.307, 20.905 ], [ 73.294, 20.907 ], [ 73.29, 20.918 ], [ 73.278, 20.92 ], [ 73.274, 20.931 ], [ 73.262, 20.933 ], [ 73.257, 20.944 ], [ 73.245, 20.946 ], [ 73.241, 20.957 ], [ 73.229, 20.959 ], [ 73.225, 20.97 ], [ 73.233, 20.98 ], [ 73.229, 20.992 ], [ 73.237, 21.002 ], [ 73.233, 21.013 ], [ 73.221, 21.015 ], [ 73.217, 21.026 ], [ 73.204, 21.028 ], [ 73.2, 21.039 ], [ 73.209, 21.049 ], [ 73.204, 21.061 ], [ 73.213, 21.071 ], [ 73.209, 21.082 ], [ 73.217, 21.092 ], [ 73.229, 21.09 ], [ 73.237, 21.1 ], [ 73.25, 21.099 ], [ 73.258, 21.109 ], [ 73.254, 21.12 ], [ 73.262, 21.13 ], [ 73.258, 21.142 ], [ 73.266, 21.152 ], [ 73.278, 21.15 ], [ 73.287, 21.16 ], [ 73.283, 21.172 ], [ 73.291, 21.182 ], [ 73.287, 21.193 ], [ 73.295, 21.203 ], [ 73.307, 21.202 ], [ 73.316, 21.212 ], [ 73.328, 21.21 ], [ 73.336, 21.22 ], [ 73.348, 21.218 ], [ 73.357, 21.228 ], [ 73.369, 21.227 ], [ 73.377, 21.237 ], [ 73.373, 21.248 ], [ 73.361, 21.25 ], [ 73.357, 21.261 ], [ 73.365, 21.271 ], [ 73.377, 21.27 ], [ 73.386, 21.28 ], [ 73.398, 21.278 ], [ 73.406, 21.288 ], [ 73.418, 21.287 ], [ 73.423, 21.275 ], [ 73.435, 21.274 ], [ 73.443, 21.284 ], [ 73.439, 21.295 ], [ 73.447, 21.305 ], [ 73.443, 21.317 ], [ 73.431, 21.318 ], [ 73.427, 21.33 ], [ 73.435, 21.339 ], [ 73.431, 21.351 ], [ 73.439, 21.361 ], [ 73.452, 21.359 ], [ 73.46, 21.369 ], [ 73.456, 21.381 ], [ 73.464, 21.391 ], [ 73.476, 21.389 ], [ 73.48, 21.378 ], [ 73.493, 21.376 ], [ 73.501, 21.386 ], [ 73.513, 21.385 ], [ 73.517, 21.373 ], [ 73.509, 21.363 ], [ 73.513, 21.352 ], [ 73.526, 21.35 ], [ 73.534, 21.36 ], [ 73.546, 21.359 ], [ 73.554, 21.369 ], [ 73.567, 21.367 ], [ 73.575, 21.377 ], [ 73.587, 21.376 ], [ 73.592, 21.364 ], [ 73.604, 21.363 ], [ 73.612, 21.373 ], [ 73.625, 21.371 ], [ 73.633, 21.381 ], [ 73.645, 21.379 ], [ 73.654, 21.389 ], [ 73.666, 21.388 ], [ 73.674, 21.398 ], [ 73.687, 21.396 ], [ 73.695, 21.406 ], [ 73.691, 21.418 ], [ 73.699, 21.428 ], [ 73.695, 21.439 ], [ 73.683, 21.441 ], [ 73.679, 21.452 ], [ 73.687, 21.462 ], [ 73.683, 21.474 ], [ 73.67, 21.475 ], [ 73.666, 21.487 ], [ 73.654, 21.488 ], [ 73.646, 21.478 ], [ 73.633, 21.48 ], [ 73.625, 21.47 ], [ 73.613, 21.471 ], [ 73.608, 21.483 ], [ 73.596, 21.484 ], [ 73.588, 21.474 ], [ 73.575, 21.476 ], [ 73.567, 21.466 ], [ 73.555, 21.467 ], [ 73.551, 21.479 ], [ 73.538, 21.48 ], [ 73.53, 21.471 ], [ 73.518, 21.472 ], [ 73.512, 21.482 ], [ 73.498, 21.483 ], [ 73.492, 21.493 ], [ 73.479, 21.494 ], [ 73.473, 21.504 ], [ 73.481, 21.514 ], [ 73.475, 21.524 ], [ 73.461, 21.525 ], [ 73.455, 21.535 ], [ 73.442, 21.536 ], [ 73.436, 21.546 ], [ 73.443, 21.556 ], [ 73.438, 21.566 ], [ 73.445, 21.576 ], [ 73.459, 21.575 ], [ 73.466, 21.585 ], [ 73.461, 21.595 ], [ 73.468, 21.605 ], [ 73.482, 21.604 ], [ 73.489, 21.614 ], [ 73.484, 21.624 ], [ 73.491, 21.634 ], [ 73.485, 21.644 ], [ 73.472, 21.645 ], [ 73.466, 21.655 ], [ 73.474, 21.665 ], [ 73.487, 21.664 ], [ 73.495, 21.674 ], [ 73.489, 21.684 ], [ 73.497, 21.693 ], [ 73.491, 21.704 ], [ 73.477, 21.705 ], [ 73.471, 21.715 ], [ 73.458, 21.716 ], [ 73.45, 21.706 ], [ 73.436, 21.707 ], [ 73.43, 21.717 ], [ 73.417, 21.718 ], [ 73.409, 21.708 ], [ 73.395, 21.709 ], [ 73.389, 21.719 ], [ 73.397, 21.729 ], [ 73.411, 21.728 ], [ 73.418, 21.738 ], [ 73.413, 21.748 ], [ 73.399, 21.749 ], [ 73.393, 21.759 ], [ 73.401, 21.769 ], [ 73.395, 21.779 ], [ 73.381, 21.78 ], [ 73.375, 21.79 ], [ 73.362, 21.791 ], [ 73.356, 21.802 ], [ 73.342, 21.802 ], [ 73.336, 21.813 ], [ 73.344, 21.822 ], [ 73.338, 21.833 ], [ 73.324, 21.833 ], [ 73.316, 21.824 ], [ 73.303, 21.824 ], [ 73.297, 21.835 ], [ 73.305, 21.844 ], [ 73.299, 21.855 ], [ 73.306, 21.864 ], [ 73.3, 21.875 ], [ 73.308, 21.885 ], [ 73.302, 21.895 ], [ 73.288, 21.896 ], [ 73.282, 21.906 ], [ 73.269, 21.907 ], [ 73.263, 21.917 ], [ 73.27, 21.927 ], [ 73.264, 21.937 ], [ 73.251, 21.938 ], [ 73.243, 21.928 ], [ 73.229, 21.929 ], [ 73.222, 21.919 ], [ 73.228, 21.909 ], [ 73.22, 21.899 ], [ 73.226, 21.889 ], [ 73.24, 21.888 ], [ 73.246, 21.878 ], [ 73.238, 21.868 ], [ 73.244, 21.858 ], [ 73.236, 21.848 ], [ 73.242, 21.838 ], [ 73.235, 21.828 ], [ 73.221, 21.829 ], [ 73.213, 21.819 ], [ 73.2, 21.82 ], [ 73.194, 21.83 ], [ 73.18, 21.831 ], [ 73.174, 21.841 ], [ 73.16, 21.842 ], [ 73.154, 21.852 ], [ 73.141, 21.853 ], [ 73.135, 21.864 ], [ 73.121, 21.864 ], [ 73.115, 21.875 ], [ 73.102, 21.875 ], [ 73.096, 21.886 ], [ 73.082, 21.886 ], [ 73.074, 21.877 ], [ 73.061, 21.877 ], [ 73.055, 21.888 ], [ 73.062, 21.898 ], [ 73.056, 21.908 ], [ 73.064, 21.918 ], [ 73.058, 21.928 ], [ 73.044, 21.929 ], [ 73.037, 21.919 ], [ 73.023, 21.92 ], [ 73.015, 21.91 ], [ 73.002, 21.911 ], [ 72.996, 21.921 ], [ 73.003, 21.931 ] ], [ [ 72.613, 21.94 ], [ 72.627, 21.94 ], [ 72.633, 21.929 ], [ 72.625, 21.92 ], [ 72.611, 21.92 ], [ 72.605, 21.931 ], [ 72.613, 21.94 ] ], [ [ 72.708, 21.665 ], [ 72.716, 21.674 ], [ 72.729, 21.673 ], [ 72.735, 21.663 ], [ 72.749, 21.662 ], [ 72.755, 21.652 ], [ 72.748, 21.642 ], [ 72.734, 21.643 ], [ 72.728, 21.654 ], [ 72.714, 21.654 ], [ 72.708, 21.665 ] ] ], [ [ [ 72.9, 22.178 ], [ 72.892, 22.168 ], [ 72.898, 22.158 ], [ 72.912, 22.157 ], [ 72.919, 22.167 ], [ 72.913, 22.177 ], [ 72.921, 22.187 ], [ 72.915, 22.198 ], [ 72.901, 22.198 ], [ 72.893, 22.189 ], [ 72.9, 22.178 ] ] ] ] } },
{ "type": "Feature", "properties": { "POLYGON.ID": 140.0, "subregion": "India--Gujarat--Patan_CL31433", "FILTER": "Gujarat", "POLYGON": "India--Gujarat--Patan_CL31433", "COUNTY": "Patan", "STATE": "Gujarat", "OWNER": null }, "geometry": { "type": "MultiPolygon", "coordinates": [ [ [ [ 71.835, 23.412 ], [ 71.843, 23.422 ], [ 71.836, 23.433 ], [ 71.844, 23.443 ], [ 71.838, 23.453 ], [ 71.845, 23.463 ], [ 71.859, 23.463 ], [ 71.867, 23.472 ], [ 71.881, 23.472 ], [ 71.889, 23.482 ], [ 71.903, 23.481 ], [ 71.91, 23.491 ], [ 71.924, 23.49 ], [ 71.932, 23.5 ], [ 71.946, 23.5 ], [ 71.954, 23.51 ], [ 71.947, 23.52 ], [ 71.955, 23.53 ], [ 71.949, 23.541 ], [ 71.957, 23.551 ], [ 71.95, 23.561 ], [ 71.958, 23.571 ], [ 71.952, 23.582 ], [ 71.959, 23.592 ], [ 71.973, 23.591 ], [ 71.981, 23.601 ], [ 71.975, 23.612 ], [ 71.982, 23.622 ], [ 71.996, 23.621 ], [ 72.004, 23.631 ], [ 72.018, 23.631 ], [ 72.024, 23.62 ], [ 72.038, 23.619 ], [ 72.045, 23.609 ], [ 72.059, 23.608 ], [ 72.065, 23.597 ], [ 72.057, 23.587 ], [ 72.064, 23.577 ], [ 72.078, 23.576 ], [ 72.084, 23.566 ], [ 72.098, 23.565 ], [ 72.106, 23.575 ], [ 72.099, 23.586 ], [ 72.107, 23.595 ], [ 72.121, 23.595 ], [ 72.129, 23.605 ], [ 72.143, 23.604 ], [ 72.151, 23.614 ], [ 72.165, 23.613 ], [ 72.172, 23.623 ], [ 72.186, 23.623 ], [ 72.194, 23.633 ], [ 72.208, 23.632 ], [ 72.214, 23.621 ], [ 72.228, 23.621 ], [ 72.236, 23.631 ], [ 72.25, 23.63 ], [ 72.258, 23.64 ], [ 72.272, 23.639 ], [ 72.278, 23.629 ], [ 72.292, 23.628 ], [ 72.3, 23.638 ], [ 72.294, 23.649 ], [ 72.301, 23.659 ], [ 72.295, 23.669 ], [ 72.303, 23.679 ], [ 72.297, 23.69 ], [ 72.283, 23.69 ], [ 72.276, 23.701 ], [ 72.284, 23.711 ], [ 72.278, 23.722 ], [ 72.286, 23.732 ], [ 72.3, 23.731 ], [ 72.307, 23.741 ], [ 72.301, 23.752 ], [ 72.309, 23.762 ], [ 72.302, 23.772 ], [ 72.31, 23.782 ], [ 72.304, 23.793 ], [ 72.312, 23.803 ], [ 72.305, 23.813 ], [ 72.313, 23.823 ], [ 72.307, 23.834 ], [ 72.293, 23.835 ], [ 72.287, 23.845 ], [ 72.294, 23.855 ], [ 72.308, 23.855 ], [ 72.316, 23.865 ], [ 72.33, 23.864 ], [ 72.338, 23.874 ], [ 72.352, 23.873 ], [ 72.36, 23.883 ], [ 72.374, 23.883 ], [ 72.38, 23.872 ], [ 72.394, 23.871 ], [ 72.402, 23.881 ], [ 72.416, 23.881 ], [ 72.424, 23.891 ], [ 72.438, 23.89 ], [ 72.446, 23.9 ], [ 72.46, 23.899 ], [ 72.468, 23.909 ], [ 72.482, 23.909 ], [ 72.49, 23.918 ], [ 72.483, 23.929 ], [ 72.491, 23.939 ], [ 72.485, 23.95 ], [ 72.471, 23.951 ], [ 72.464, 23.961 ], [ 72.45, 23.962 ], [ 72.444, 23.973 ], [ 72.43, 23.973 ], [ 72.424, 23.984 ], [ 72.41, 23.985 ], [ 72.402, 23.975 ], [ 72.388, 23.975 ], [ 72.38, 23.965 ], [ 72.366, 23.966 ], [ 72.359, 23.977 ], [ 72.367, 23.987 ], [ 72.361, 23.997 ], [ 72.369, 24.007 ], [ 72.362, 24.018 ], [ 72.348, 24.019 ], [ 72.342, 24.029 ], [ 72.328, 24.03 ], [ 72.322, 24.041 ], [ 72.308, 24.041 ], [ 72.301, 24.052 ], [ 72.287, 24.053 ], [ 72.281, 24.063 ], [ 72.267, 24.064 ], [ 72.26, 24.075 ], [ 72.246, 24.076 ], [ 72.238, 24.066 ], [ 72.224, 24.066 ], [ 72.218, 24.077 ], [ 72.226, 24.087 ], [ 72.219, 24.098 ], [ 72.205, 24.098 ], [ 72.199, 24.109 ], [ 72.207, 24.119 ], [ 72.221, 24.118 ], [ 72.229, 24.128 ], [ 72.222, 24.139 ], [ 72.208, 24.14 ], [ 72.2, 24.13 ], [ 72.186, 24.13 ], [ 72.179, 24.12 ], [ 72.164, 24.121 ], [ 72.158, 24.132 ], [ 72.144, 24.132 ], [ 72.138, 24.143 ], [ 72.123, 24.144 ], [ 72.116, 24.134 ], [ 72.122, 24.123 ], [ 72.136, 24.122 ], [ 72.142, 24.112 ], [ 72.157, 24.111 ], [ 72.163, 24.1 ], [ 72.155, 24.09 ], [ 72.162, 24.08 ], [ 72.154, 24.07 ], [ 72.14, 24.07 ], [ 72.132, 24.06 ], [ 72.118, 24.061 ], [ 72.11, 24.051 ], [ 72.096, 24.051 ], [ 72.088, 24.041 ], [ 72.074, 24.042 ], [ 72.066, 24.032 ], [ 72.052, 24.033 ], [ 72.046, 24.043 ], [ 72.032, 24.044 ], [ 72.024, 24.034 ], [ 72.03, 24.023 ], [ 72.023, 24.013 ], [ 72.029, 24.003 ], [ 72.043, 24.002 ], [ 72.049, 23.991 ], [ 72.042, 23.981 ], [ 72.027, 23.982 ], [ 72.02, 23.972 ], [ 72.006, 23.973 ], [ 71.999, 23.983 ], [ 71.985, 23.984 ], [ 71.979, 23.995 ], [ 71.965, 23.995 ], [ 71.958, 24.006 ], [ 71.944, 24.007 ], [ 71.937, 23.996 ], [ 71.922, 23.997 ], [ 71.915, 23.987 ], [ 71.921, 23.976 ], [ 71.935, 23.976 ], [ 71.942, 23.965 ], [ 71.934, 23.955 ], [ 71.94, 23.944 ], [ 71.932, 23.934 ], [ 71.939, 23.924 ], [ 71.953, 23.923 ], [ 71.959, 23.912 ], [ 71.973, 23.912 ], [ 71.98, 23.901 ], [ 71.972, 23.891 ], [ 71.958, 23.892 ], [ 71.95, 23.882 ], [ 71.936, 23.882 ], [ 71.928, 23.872 ], [ 71.914, 23.873 ], [ 71.908, 23.884 ], [ 71.894, 23.884 ], [ 71.886, 23.874 ], [ 71.872, 23.875 ], [ 71.864, 23.865 ], [ 71.871, 23.854 ], [ 71.863, 23.844 ], [ 71.849, 23.845 ], [ 71.841, 23.835 ], [ 71.827, 23.836 ], [ 71.821, 23.846 ], [ 71.807, 23.847 ], [ 71.8, 23.858 ], [ 71.786, 23.858 ], [ 71.779, 23.848 ], [ 71.785, 23.837 ], [ 71.777, 23.827 ], [ 71.763, 23.828 ], [ 71.757, 23.839 ], [ 71.743, 23.839 ], [ 71.736, 23.85 ], [ 71.722, 23.851 ], [ 71.716, 23.861 ], [ 71.724, 23.871 ], [ 71.717, 23.882 ], [ 71.725, 23.892 ], [ 71.718, 23.903 ], [ 71.726, 23.913 ], [ 71.72, 23.923 ], [ 71.706, 23.924 ], [ 71.699, 23.934 ], [ 71.707, 23.945 ], [ 71.701, 23.955 ], [ 71.686, 23.956 ], [ 71.68, 23.966 ], [ 71.666, 23.967 ], [ 71.658, 23.957 ], [ 71.644, 23.958 ], [ 71.636, 23.948 ], [ 71.622, 23.948 ], [ 71.615, 23.938 ], [ 71.601, 23.939 ], [ 71.594, 23.949 ], [ 71.602, 23.959 ], [ 71.595, 23.97 ], [ 71.581, 23.971 ], [ 71.575, 23.981 ], [ 71.561, 23.982 ], [ 71.554, 23.993 ], [ 71.54, 23.993 ], [ 71.533, 23.983 ], [ 71.518, 23.984 ], [ 71.511, 23.974 ], [ 71.497, 23.974 ], [ 71.49, 23.985 ], [ 71.498, 23.995 ], [ 71.491, 24.006 ], [ 71.499, 24.016 ], [ 71.493, 24.026 ], [ 71.479, 24.027 ], [ 71.471, 24.017 ], [ 71.457, 24.018 ], [ 71.449, 24.007 ], [ 71.456, 23.997 ], [ 71.448, 23.987 ], [ 71.454, 23.976 ], [ 71.447, 23.966 ], [ 71.453, 23.955 ], [ 71.446, 23.945 ], [ 71.431, 23.946 ], [ 71.424, 23.936 ], [ 71.41, 23.937 ], [ 71.403, 23.947 ], [ 71.411, 23.957 ], [ 71.404, 23.968 ], [ 71.39, 23.968 ], [ 71.383, 23.958 ], [ 71.369, 23.959 ], [ 71.362, 23.97 ], [ 71.348, 23.97 ], [ 71.342, 23.981 ], [ 71.327, 23.981 ], [ 71.32, 23.971 ], [ 71.306, 23.972 ], [ 71.298, 23.962 ], [ 71.305, 23.951 ], [ 71.297, 23.941 ], [ 71.303, 23.931 ], [ 71.296, 23.921 ], [ 71.282, 23.921 ], [ 71.275, 23.932 ], [ 71.261, 23.932 ], [ 71.253, 23.922 ], [ 71.239, 23.923 ], [ 71.233, 23.934 ], [ 71.219, 23.934 ], [ 71.211, 23.924 ], [ 71.197, 23.925 ], [ 71.189, 23.915 ], [ 71.175, 23.915 ], [ 71.169, 23.926 ], [ 71.155, 23.926 ], [ 71.147, 23.916 ], [ 71.133, 23.917 ], [ 71.125, 23.907 ], [ 71.111, 23.907 ], [ 71.104, 23.897 ], [ 71.09, 23.898 ], [ 71.082, 23.888 ], [ 71.089, 23.877 ], [ 71.081, 23.867 ], [ 71.088, 23.857 ], [ 71.08, 23.847 ], [ 71.066, 23.847 ], [ 71.058, 23.837 ], [ 71.065, 23.826 ], [ 71.057, 23.816 ], [ 71.064, 23.806 ], [ 71.056, 23.796 ], [ 71.063, 23.785 ], [ 71.055, 23.775 ], [ 71.061, 23.765 ], [ 71.054, 23.755 ], [ 71.06, 23.744 ], [ 71.053, 23.734 ], [ 71.059, 23.723 ], [ 71.052, 23.713 ], [ 71.058, 23.703 ], [ 71.072, 23.702 ], [ 71.079, 23.692 ], [ 71.071, 23.682 ], [ 71.057, 23.682 ], [ 71.05, 23.672 ], [ 71.036, 23.673 ], [ 71.028, 23.663 ], [ 71.034, 23.652 ], [ 71.027, 23.642 ], [ 71.033, 23.631 ], [ 71.047, 23.631 ], [ 71.054, 23.62 ], [ 71.068, 23.62 ], [ 71.074, 23.609 ], [ 71.088, 23.609 ], [ 71.096, 23.619 ], [ 71.11, 23.618 ], [ 71.118, 23.628 ], [ 71.132, 23.628 ], [ 71.139, 23.638 ], [ 71.133, 23.648 ], [ 71.14, 23.658 ], [ 71.134, 23.669 ], [ 71.141, 23.679 ], [ 71.155, 23.678 ], [ 71.163, 23.688 ], [ 71.157, 23.699 ], [ 71.164, 23.709 ], [ 71.158, 23.719 ], [ 71.165, 23.729 ], [ 71.179, 23.729 ], [ 71.187, 23.739 ], [ 71.201, 23.738 ], [ 71.207, 23.728 ], [ 71.221, 23.727 ], [ 71.228, 23.716 ], [ 71.22, 23.706 ], [ 71.227, 23.696 ], [ 71.219, 23.686 ], [ 71.226, 23.675 ], [ 71.218, 23.665 ], [ 71.225, 23.655 ], [ 71.239, 23.654 ], [ 71.245, 23.644 ], [ 71.259, 23.643 ], [ 71.267, 23.653 ], [ 71.281, 23.652 ], [ 71.287, 23.642 ], [ 71.301, 23.641 ], [ 71.309, 23.651 ], [ 71.323, 23.651 ], [ 71.33, 23.661 ], [ 71.344, 23.66 ], [ 71.351, 23.649 ], [ 71.365, 23.649 ], [ 71.371, 23.638 ], [ 71.385, 23.638 ], [ 71.392, 23.627 ], [ 71.384, 23.617 ], [ 71.391, 23.607 ], [ 71.405, 23.606 ], [ 71.412, 23.616 ], [ 71.426, 23.615 ], [ 71.433, 23.605 ], [ 71.425, 23.595 ], [ 71.431, 23.584 ], [ 71.424, 23.574 ], [ 71.43, 23.564 ], [ 71.444, 23.563 ], [ 71.451, 23.552 ], [ 71.443, 23.542 ], [ 71.45, 23.532 ], [ 71.442, 23.522 ], [ 71.448, 23.511 ], [ 71.441, 23.501 ], [ 71.447, 23.491 ], [ 71.44, 23.481 ], [ 71.446, 23.47 ], [ 71.46, 23.47 ], [ 71.468, 23.48 ], [ 71.461, 23.49 ], [ 71.469, 23.5 ], [ 71.483, 23.5 ], [ 71.49, 23.51 ], [ 71.504, 23.509 ], [ 71.512, 23.519 ], [ 71.526, 23.518 ], [ 71.532, 23.508 ], [ 71.525, 23.498 ], [ 71.511, 23.498 ], [ 71.503, 23.488 ], [ 71.51, 23.478 ], [ 71.502, 23.468 ], [ 71.508, 23.457 ], [ 71.522, 23.457 ], [ 71.53, 23.467 ], [ 71.524, 23.477 ], [ 71.531, 23.487 ], [ 71.545, 23.487 ], [ 71.553, 23.497 ], [ 71.567, 23.496 ], [ 71.573, 23.485 ], [ 71.587, 23.485 ], [ 71.595, 23.495 ], [ 71.609, 23.494 ], [ 71.616, 23.504 ], [ 71.63, 23.504 ], [ 71.637, 23.493 ], [ 71.651, 23.492 ], [ 71.657, 23.482 ], [ 71.671, 23.481 ], [ 71.679, 23.491 ], [ 71.693, 23.491 ], [ 71.699, 23.48 ], [ 71.713, 23.479 ], [ 71.721, 23.489 ], [ 71.735, 23.489 ], [ 71.741, 23.478 ], [ 71.755, 23.477 ], [ 71.761, 23.467 ], [ 71.775, 23.466 ], [ 71.782, 23.456 ], [ 71.774, 23.446 ], [ 71.781, 23.435 ], [ 71.773, 23.425 ], [ 71.759, 23.426 ], [ 71.751, 23.416 ], [ 71.758, 23.405 ], [ 71.772, 23.405 ], [ 71.778, 23.394 ], [ 71.792, 23.394 ], [ 71.8, 23.403 ], [ 71.814, 23.403 ], [ 71.821, 23.413 ], [ 71.835, 23.412 ] ] ], [ [ [ 72.011, 24.055 ], [ 72.025, 24.055 ], [ 72.033, 24.065 ], [ 72.027, 24.075 ], [ 72.013, 24.076 ], [ 72.005, 24.066 ], [ 72.011, 24.055 ] ] ] ] } },
{ "type": "Feature", "properties": { "POLYGON.ID": 139.0, "subregion": "India--Gujarat--Mehsana (includes Thol)_CL31432", "FILTER": "Gujarat", "POLYGON": "India--Gujarat--Mehsana (includes Thol)_CL31432", "COUNTY": "Mehsana", "STATE": "Gujarat", "OWNER": null }, "geometry": { "type": "MultiPolygon", "coordinates": [ [ [ [ 72.792, 24.08 ], [ 72.8, 24.09 ], [ 72.794, 24.101 ], [ 72.779, 24.101 ], [ 72.772, 24.091 ], [ 72.757, 24.092 ], [ 72.75, 24.082 ], [ 72.735, 24.083 ], [ 72.729, 24.093 ], [ 72.715, 24.094 ], [ 72.707, 24.084 ], [ 72.693, 24.085 ], [ 72.685, 24.075 ], [ 72.671, 24.076 ], [ 72.665, 24.086 ], [ 72.651, 24.087 ], [ 72.643, 24.077 ], [ 72.649, 24.066 ], [ 72.641, 24.056 ], [ 72.627, 24.057 ], [ 72.619, 24.047 ], [ 72.626, 24.036 ], [ 72.64, 24.036 ], [ 72.646, 24.025 ], [ 72.638, 24.015 ], [ 72.644, 24.004 ], [ 72.637, 23.994 ], [ 72.623, 23.995 ], [ 72.615, 23.985 ], [ 72.601, 23.986 ], [ 72.593, 23.976 ], [ 72.599, 23.965 ], [ 72.591, 23.955 ], [ 72.597, 23.944 ], [ 72.59, 23.934 ], [ 72.576, 23.935 ], [ 72.569, 23.946 ], [ 72.555, 23.946 ], [ 72.547, 23.936 ], [ 72.533, 23.937 ], [ 72.527, 23.948 ], [ 72.513, 23.948 ], [ 72.505, 23.938 ], [ 72.491, 23.939 ], [ 72.483, 23.929 ], [ 72.49, 23.918 ], [ 72.482, 23.909 ], [ 72.468, 23.909 ], [ 72.46, 23.899 ], [ 72.446, 23.9 ], [ 72.438, 23.89 ], [ 72.424, 23.891 ], [ 72.416, 23.881 ], [ 72.402, 23.881 ], [ 72.394, 23.871 ], [ 72.38, 23.872 ], [ 72.374, 23.883 ], [ 72.36, 23.883 ], [ 72.352, 23.873 ], [ 72.338, 23.874 ], [ 72.33, 23.864 ], [ 72.316, 23.865 ], [ 72.308, 23.855 ], [ 72.294, 23.855 ], [ 72.287, 23.845 ], [ 72.293, 23.835 ], [ 72.307, 23.834 ], [ 72.313, 23.823 ], [ 72.305, 23.813 ], [ 72.312, 23.803 ], [ 72.304, 23.793 ], [ 72.31, 23.782 ], [ 72.302, 23.772 ], [ 72.309, 23.762 ], [ 72.301, 23.752 ], [ 72.307, 23.741 ], [ 72.3, 23.731 ], [ 72.286, 23.732 ], [ 72.278, 23.722 ], [ 72.284, 23.711 ], [ 72.276, 23.701 ], [ 72.283, 23.69 ], [ 72.297, 23.69 ], [ 72.303, 23.679 ], [ 72.295, 23.669 ], [ 72.301, 23.659 ], [ 72.294, 23.649 ], [ 72.3, 23.638 ], [ 72.292, 23.628 ], [ 72.278, 23.629 ], [ 72.272, 23.639 ], [ 72.258, 23.64 ], [ 72.25, 23.63 ], [ 72.236, 23.631 ], [ 72.228, 23.621 ], [ 72.214, 23.621 ], [ 72.208, 23.632 ], [ 72.194, 23.633 ], [ 72.186, 23.623 ], [ 72.172, 23.623 ], [ 72.165, 23.613 ], [ 72.151, 23.614 ], [ 72.143, 23.604 ], [ 72.129, 23.605 ], [ 72.121, 23.595 ], [ 72.107, 23.595 ], [ 72.099, 23.586 ], [ 72.106, 23.575 ], [ 72.098, 23.565 ], [ 72.084, 23.566 ], [ 72.078, 23.576 ], [ 72.064, 23.577 ], [ 72.057, 23.587 ], [ 72.065, 23.597 ], [ 72.059, 23.608 ], [ 72.045, 23.609 ], [ 72.038, 23.619 ], [ 72.024, 23.62 ], [ 72.018, 23.631 ], [ 72.004, 23.631 ], [ 71.996, 23.621 ], [ 71.982, 23.622 ], [ 71.975, 23.612 ], [ 71.981, 23.601 ], [ 71.973, 23.591 ], [ 71.959, 23.592 ], [ 71.952, 23.582 ], [ 71.958, 23.571 ], [ 71.95, 23.561 ], [ 71.957, 23.551 ], [ 71.949, 23.541 ], [ 71.955, 23.53 ], [ 71.969, 23.53 ], [ 71.975, 23.519 ], [ 71.968, 23.509 ], [ 71.974, 23.499 ], [ 71.988, 23.498 ], [ 71.996, 23.508 ], [ 72.01, 23.507 ], [ 72.016, 23.497 ], [ 72.03, 23.496 ], [ 72.036, 23.485 ], [ 72.029, 23.475 ], [ 72.035, 23.465 ], [ 72.049, 23.464 ], [ 72.055, 23.454 ], [ 72.069, 23.453 ], [ 72.077, 23.463 ], [ 72.091, 23.462 ], [ 72.097, 23.452 ], [ 72.111, 23.451 ], [ 72.119, 23.461 ], [ 72.133, 23.46 ], [ 72.139, 23.45 ], [ 72.153, 23.449 ], [ 72.16, 23.438 ], [ 72.174, 23.438 ], [ 72.18, 23.427 ], [ 72.194, 23.427 ], [ 72.201, 23.436 ], [ 72.215, 23.436 ], [ 72.222, 23.425 ], [ 72.236, 23.425 ], [ 72.243, 23.435 ], [ 72.237, 23.445 ], [ 72.245, 23.455 ], [ 72.259, 23.454 ], [ 72.265, 23.444 ], [ 72.279, 23.443 ], [ 72.285, 23.433 ], [ 72.278, 23.423 ], [ 72.284, 23.412 ], [ 72.276, 23.402 ], [ 72.282, 23.391 ], [ 72.275, 23.382 ], [ 72.261, 23.382 ], [ 72.253, 23.372 ], [ 72.259, 23.362 ], [ 72.252, 23.352 ], [ 72.258, 23.341 ], [ 72.25, 23.331 ], [ 72.236, 23.332 ], [ 72.229, 23.322 ], [ 72.215, 23.323 ], [ 72.207, 23.313 ], [ 72.213, 23.302 ], [ 72.205, 23.292 ], [ 72.192, 23.293 ], [ 72.184, 23.283 ], [ 72.19, 23.273 ], [ 72.182, 23.263 ], [ 72.189, 23.252 ], [ 72.181, 23.242 ], [ 72.187, 23.232 ], [ 72.18, 23.222 ], [ 72.186, 23.211 ], [ 72.178, 23.201 ], [ 72.164, 23.202 ], [ 72.157, 23.192 ], [ 72.163, 23.181 ], [ 72.177, 23.181 ], [ 72.183, 23.17 ], [ 72.175, 23.16 ], [ 72.182, 23.15 ], [ 72.174, 23.14 ], [ 72.16, 23.141 ], [ 72.152, 23.131 ], [ 72.159, 23.12 ], [ 72.151, 23.11 ], [ 72.157, 23.1 ], [ 72.171, 23.099 ], [ 72.179, 23.109 ], [ 72.193, 23.108 ], [ 72.2, 23.118 ], [ 72.214, 23.118 ], [ 72.222, 23.127 ], [ 72.236, 23.127 ], [ 72.242, 23.116 ], [ 72.256, 23.116 ], [ 72.262, 23.105 ], [ 72.255, 23.095 ], [ 72.261, 23.085 ], [ 72.275, 23.084 ], [ 72.281, 23.073 ], [ 72.273, 23.064 ], [ 72.279, 23.053 ], [ 72.293, 23.052 ], [ 72.3, 23.042 ], [ 72.314, 23.041 ], [ 72.321, 23.051 ], [ 72.315, 23.062 ], [ 72.323, 23.071 ], [ 72.316, 23.082 ], [ 72.303, 23.083 ], [ 72.296, 23.093 ], [ 72.304, 23.103 ], [ 72.318, 23.102 ], [ 72.326, 23.112 ], [ 72.339, 23.112 ], [ 72.347, 23.121 ], [ 72.361, 23.121 ], [ 72.367, 23.11 ], [ 72.381, 23.11 ], [ 72.389, 23.119 ], [ 72.403, 23.119 ], [ 72.411, 23.129 ], [ 72.424, 23.128 ], [ 72.432, 23.138 ], [ 72.426, 23.148 ], [ 72.412, 23.149 ], [ 72.406, 23.16 ], [ 72.392, 23.16 ], [ 72.386, 23.171 ], [ 72.393, 23.181 ], [ 72.407, 23.18 ], [ 72.415, 23.19 ], [ 72.409, 23.201 ], [ 72.416, 23.21 ], [ 72.43, 23.21 ], [ 72.438, 23.22 ], [ 72.432, 23.23 ], [ 72.44, 23.24 ], [ 72.433, 23.251 ], [ 72.441, 23.261 ], [ 72.435, 23.271 ], [ 72.421, 23.272 ], [ 72.415, 23.282 ], [ 72.422, 23.292 ], [ 72.416, 23.303 ], [ 72.424, 23.313 ], [ 72.438, 23.312 ], [ 72.444, 23.301 ], [ 72.458, 23.301 ], [ 72.466, 23.311 ], [ 72.48, 23.31 ], [ 72.487, 23.32 ], [ 72.481, 23.33 ], [ 72.489, 23.34 ], [ 72.503, 23.34 ], [ 72.511, 23.35 ], [ 72.525, 23.349 ], [ 72.532, 23.359 ], [ 72.526, 23.369 ], [ 72.512, 23.37 ], [ 72.506, 23.381 ], [ 72.514, 23.391 ], [ 72.508, 23.401 ], [ 72.515, 23.411 ], [ 72.529, 23.41 ], [ 72.537, 23.42 ], [ 72.531, 23.431 ], [ 72.539, 23.441 ], [ 72.553, 23.44 ], [ 72.56, 23.45 ], [ 72.574, 23.449 ], [ 72.582, 23.459 ], [ 72.576, 23.47 ], [ 72.584, 23.48 ], [ 72.577, 23.49 ], [ 72.585, 23.5 ], [ 72.579, 23.511 ], [ 72.587, 23.521 ], [ 72.601, 23.52 ], [ 72.607, 23.51 ], [ 72.621, 23.509 ], [ 72.629, 23.519 ], [ 72.622, 23.529 ], [ 72.63, 23.539 ], [ 72.624, 23.55 ], [ 72.632, 23.56 ], [ 72.646, 23.559 ], [ 72.652, 23.549 ], [ 72.666, 23.548 ], [ 72.672, 23.537 ], [ 72.686, 23.537 ], [ 72.692, 23.526 ], [ 72.706, 23.525 ], [ 72.714, 23.535 ], [ 72.728, 23.534 ], [ 72.734, 23.524 ], [ 72.748, 23.523 ], [ 72.756, 23.533 ], [ 72.77, 23.532 ], [ 72.776, 23.522 ], [ 72.769, 23.512 ], [ 72.775, 23.501 ], [ 72.789, 23.5 ], [ 72.797, 23.51 ], [ 72.811, 23.51 ], [ 72.817, 23.499 ], [ 72.831, 23.498 ], [ 72.839, 23.508 ], [ 72.832, 23.519 ], [ 72.84, 23.529 ], [ 72.834, 23.539 ], [ 72.82, 23.54 ], [ 72.814, 23.551 ], [ 72.822, 23.561 ], [ 72.815, 23.571 ], [ 72.801, 23.572 ], [ 72.795, 23.583 ], [ 72.803, 23.593 ], [ 72.817, 23.592 ], [ 72.825, 23.602 ], [ 72.839, 23.601 ], [ 72.847, 23.611 ], [ 72.84, 23.622 ], [ 72.826, 23.622 ], [ 72.82, 23.633 ], [ 72.828, 23.643 ], [ 72.822, 23.653 ], [ 72.83, 23.663 ], [ 72.824, 23.674 ], [ 72.831, 23.684 ], [ 72.825, 23.695 ], [ 72.811, 23.695 ], [ 72.805, 23.706 ], [ 72.813, 23.716 ], [ 72.807, 23.727 ], [ 72.814, 23.737 ], [ 72.808, 23.747 ], [ 72.794, 23.748 ], [ 72.788, 23.759 ], [ 72.796, 23.769 ], [ 72.79, 23.779 ], [ 72.797, 23.789 ], [ 72.811, 23.788 ], [ 72.819, 23.798 ], [ 72.813, 23.809 ], [ 72.799, 23.81 ], [ 72.793, 23.82 ], [ 72.801, 23.83 ], [ 72.794, 23.841 ], [ 72.802, 23.851 ], [ 72.796, 23.862 ], [ 72.804, 23.872 ], [ 72.798, 23.882 ], [ 72.805, 23.892 ], [ 72.799, 23.903 ], [ 72.807, 23.913 ], [ 72.821, 23.912 ], [ 72.829, 23.922 ], [ 72.823, 23.933 ], [ 72.831, 23.943 ], [ 72.824, 23.954 ], [ 72.832, 23.964 ], [ 72.846, 23.963 ], [ 72.854, 23.973 ], [ 72.848, 23.983 ], [ 72.856, 23.993 ], [ 72.85, 24.004 ], [ 72.857, 24.014 ], [ 72.851, 24.025 ], [ 72.859, 24.035 ], [ 72.853, 24.046 ], [ 72.839, 24.046 ], [ 72.831, 24.036 ], [ 72.817, 24.037 ], [ 72.811, 24.048 ], [ 72.818, 24.058 ], [ 72.812, 24.068 ], [ 72.798, 24.069 ], [ 72.792, 24.08 ] ] ] ] } },
{ "type": "Feature", "properties": { "POLYGON.ID": 171.0, "subregion": "India--Gujarat--Saurashtra--Gir Somnath_CL31769", "FILTER": "Gujarat", "POLYGON": "India--Gujarat--Saurashtra--Gir Somnath_CL31769", "COUNTY": "Gir Somnath", "STATE": "Gujarat", "OWNER": null }, "geometry": { "type": "MultiPolygon", "coordinates": [ [ [ [ 70.864, 21.257 ], [ 70.85, 21.257 ], [ 70.844, 21.268 ], [ 70.83, 21.268 ], [ 70.823, 21.259 ], [ 70.81, 21.259 ], [ 70.802, 21.249 ], [ 70.809, 21.239 ], [ 70.801, 21.23 ], [ 70.808, 21.219 ], [ 70.821, 21.219 ], [ 70.827, 21.209 ], [ 70.82, 21.199 ], [ 70.826, 21.189 ], [ 70.84, 21.188 ], [ 70.846, 21.178 ], [ 70.86, 21.178 ], [ 70.866, 21.167 ], [ 70.859, 21.158 ], [ 70.845, 21.158 ], [ 70.838, 21.149 ], [ 70.844, 21.138 ], [ 70.858, 21.138 ], [ 70.864, 21.128 ], [ 70.857, 21.118 ], [ 70.843, 21.119 ], [ 70.837, 21.129 ], [ 70.824, 21.129 ], [ 70.817, 21.14 ], [ 70.804, 21.14 ], [ 70.797, 21.15 ], [ 70.784, 21.151 ], [ 70.777, 21.141 ], [ 70.763, 21.142 ], [ 70.756, 21.132 ], [ 70.742, 21.132 ], [ 70.736, 21.143 ], [ 70.743, 21.152 ], [ 70.737, 21.162 ], [ 70.744, 21.172 ], [ 70.738, 21.182 ], [ 70.745, 21.192 ], [ 70.739, 21.202 ], [ 70.746, 21.212 ], [ 70.76, 21.211 ], [ 70.767, 21.221 ], [ 70.761, 21.231 ], [ 70.747, 21.232 ], [ 70.741, 21.242 ], [ 70.727, 21.242 ], [ 70.721, 21.253 ], [ 70.707, 21.253 ], [ 70.701, 21.263 ], [ 70.688, 21.264 ], [ 70.68, 21.254 ], [ 70.667, 21.255 ], [ 70.66, 21.265 ], [ 70.647, 21.265 ], [ 70.641, 21.275 ], [ 70.627, 21.276 ], [ 70.62, 21.266 ], [ 70.606, 21.267 ], [ 70.6, 21.277 ], [ 70.586, 21.277 ], [ 70.58, 21.288 ], [ 70.567, 21.288 ], [ 70.559, 21.278 ], [ 70.546, 21.279 ], [ 70.539, 21.289 ], [ 70.526, 21.29 ], [ 70.519, 21.28 ], [ 70.525, 21.27 ], [ 70.518, 21.26 ], [ 70.524, 21.25 ], [ 70.538, 21.249 ], [ 70.544, 21.239 ], [ 70.537, 21.23 ], [ 70.543, 21.219 ], [ 70.557, 21.219 ], [ 70.563, 21.209 ], [ 70.576, 21.208 ], [ 70.583, 21.198 ], [ 70.576, 21.188 ], [ 70.562, 21.189 ], [ 70.555, 21.179 ], [ 70.541, 21.18 ], [ 70.534, 21.17 ], [ 70.52, 21.171 ], [ 70.514, 21.181 ], [ 70.501, 21.181 ], [ 70.493, 21.172 ], [ 70.5, 21.161 ], [ 70.493, 21.152 ], [ 70.499, 21.142 ], [ 70.492, 21.132 ], [ 70.478, 21.132 ], [ 70.471, 21.123 ], [ 70.477, 21.113 ], [ 70.47, 21.103 ], [ 70.457, 21.103 ], [ 70.449, 21.094 ], [ 70.456, 21.084 ], [ 70.448, 21.074 ], [ 70.455, 21.064 ], [ 70.448, 21.054 ], [ 70.454, 21.044 ], [ 70.447, 21.034 ], [ 70.433, 21.035 ], [ 70.427, 21.045 ], [ 70.413, 21.046 ], [ 70.407, 21.056 ], [ 70.394, 21.056 ], [ 70.386, 21.046 ], [ 70.393, 21.036 ], [ 70.386, 21.027 ], [ 70.392, 21.017 ], [ 70.385, 21.007 ], [ 70.371, 21.007 ], [ 70.365, 21.018 ], [ 70.372, 21.027 ], [ 70.366, 21.037 ], [ 70.352, 21.038 ], [ 70.345, 21.028 ], [ 70.332, 21.029 ], [ 70.324, 21.019 ], [ 70.311, 21.019 ], [ 70.304, 21.01 ], [ 70.29, 21.01 ], [ 70.284, 21.02 ], [ 70.27, 21.021 ], [ 70.263, 21.011 ], [ 70.25, 21.012 ], [ 70.243, 21.002 ], [ 70.249, 20.992 ], [ 70.242, 20.982 ], [ 70.248, 20.972 ], [ 70.241, 20.963 ], [ 70.247, 20.952 ], [ 70.261, 20.952 ], [ 70.267, 20.942 ], [ 70.281, 20.941 ], [ 70.287, 20.931 ], [ 70.3, 20.931 ], [ 70.307, 20.921 ], [ 70.32, 20.92 ], [ 70.327, 20.91 ], [ 70.34, 20.91 ], [ 70.346, 20.899 ], [ 70.36, 20.899 ], [ 70.366, 20.889 ], [ 70.38, 20.888 ], [ 70.386, 20.878 ], [ 70.399, 20.878 ], [ 70.406, 20.868 ], [ 70.419, 20.867 ], [ 70.426, 20.857 ], [ 70.418, 20.847 ], [ 70.425, 20.837 ], [ 70.438, 20.837 ], [ 70.444, 20.827 ], [ 70.458, 20.826 ], [ 70.465, 20.836 ], [ 70.479, 20.835 ], [ 70.485, 20.825 ], [ 70.498, 20.825 ], [ 70.505, 20.815 ], [ 70.518, 20.814 ], [ 70.524, 20.804 ], [ 70.538, 20.804 ], [ 70.544, 20.793 ], [ 70.558, 20.793 ], [ 70.564, 20.783 ], [ 70.577, 20.782 ], [ 70.584, 20.772 ], [ 70.597, 20.772 ], [ 70.603, 20.762 ], [ 70.617, 20.761 ], [ 70.623, 20.751 ], [ 70.636, 20.751 ], [ 70.643, 20.74 ], [ 70.656, 20.74 ], [ 70.663, 20.75 ], [ 70.677, 20.749 ], [ 70.683, 20.739 ], [ 70.697, 20.738 ], [ 70.703, 20.728 ], [ 70.716, 20.728 ], [ 70.722, 20.718 ], [ 70.736, 20.717 ], [ 70.742, 20.707 ], [ 70.756, 20.707 ], [ 70.762, 20.697 ], [ 70.775, 20.696 ], [ 70.782, 20.706 ], [ 70.796, 20.705 ], [ 70.802, 20.695 ], [ 70.816, 20.694 ], [ 70.822, 20.684 ], [ 70.835, 20.684 ], [ 70.842, 20.693 ], [ 70.856, 20.693 ], [ 70.863, 20.702 ], [ 70.877, 20.702 ], [ 70.884, 20.712 ], [ 70.878, 20.722 ], [ 70.885, 20.731 ], [ 70.898, 20.731 ], [ 70.905, 20.74 ], [ 70.919, 20.74 ], [ 70.925, 20.73 ], [ 70.939, 20.729 ], [ 70.946, 20.739 ], [ 70.959, 20.738 ], [ 70.965, 20.728 ], [ 70.979, 20.728 ], [ 70.986, 20.737 ], [ 71.0, 20.737 ], [ 71.006, 20.726 ], [ 71.019, 20.726 ], [ 71.026, 20.735 ], [ 71.04, 20.735 ], [ 71.046, 20.725 ], [ 71.06, 20.724 ], [ 71.067, 20.734 ], [ 71.08, 20.733 ], [ 71.087, 20.743 ], [ 71.101, 20.742 ], [ 71.108, 20.752 ], [ 71.122, 20.751 ], [ 71.128, 20.741 ], [ 71.141, 20.741 ], [ 71.149, 20.75 ], [ 71.162, 20.75 ], [ 71.169, 20.759 ], [ 71.163, 20.769 ], [ 71.17, 20.779 ], [ 71.184, 20.778 ], [ 71.19, 20.768 ], [ 71.203, 20.768 ], [ 71.211, 20.777 ], [ 71.204, 20.788 ], [ 71.212, 20.797 ], [ 71.225, 20.797 ], [ 71.231, 20.786 ], [ 71.245, 20.786 ], [ 71.252, 20.795 ], [ 71.246, 20.806 ], [ 71.253, 20.815 ], [ 71.267, 20.815 ], [ 71.274, 20.824 ], [ 71.287, 20.824 ], [ 71.295, 20.833 ], [ 71.308, 20.833 ], [ 71.315, 20.842 ], [ 71.329, 20.842 ], [ 71.335, 20.832 ], [ 71.349, 20.831 ], [ 71.356, 20.841 ], [ 71.369, 20.84 ], [ 71.377, 20.85 ], [ 71.39, 20.849 ], [ 71.397, 20.859 ], [ 71.411, 20.858 ], [ 71.418, 20.868 ], [ 71.432, 20.867 ], [ 71.438, 20.857 ], [ 71.451, 20.856 ], [ 71.459, 20.866 ], [ 71.472, 20.865 ], [ 71.479, 20.875 ], [ 71.493, 20.874 ], [ 71.5, 20.884 ], [ 71.494, 20.894 ], [ 71.501, 20.904 ], [ 71.515, 20.903 ], [ 71.521, 20.893 ], [ 71.534, 20.892 ], [ 71.542, 20.902 ], [ 71.536, 20.912 ], [ 71.522, 20.913 ], [ 71.516, 20.923 ], [ 71.523, 20.932 ], [ 71.537, 20.932 ], [ 71.544, 20.941 ], [ 71.558, 20.941 ], [ 71.564, 20.931 ], [ 71.577, 20.93 ], [ 71.585, 20.94 ], [ 71.578, 20.95 ], [ 71.586, 20.959 ], [ 71.599, 20.959 ], [ 71.605, 20.949 ], [ 71.619, 20.948 ], [ 71.626, 20.958 ], [ 71.64, 20.957 ], [ 71.647, 20.967 ], [ 71.641, 20.977 ], [ 71.648, 20.986 ], [ 71.662, 20.986 ], [ 71.669, 20.995 ], [ 71.663, 21.006 ], [ 71.67, 21.015 ], [ 71.664, 21.025 ], [ 71.651, 21.026 ], [ 71.645, 21.036 ], [ 71.631, 21.037 ], [ 71.625, 21.047 ], [ 71.632, 21.057 ], [ 71.626, 21.067 ], [ 71.633, 21.076 ], [ 71.627, 21.086 ], [ 71.635, 21.096 ], [ 71.629, 21.106 ], [ 71.615, 21.107 ], [ 71.609, 21.117 ], [ 71.616, 21.127 ], [ 71.61, 21.137 ], [ 71.597, 21.137 ], [ 71.59, 21.148 ], [ 71.577, 21.148 ], [ 71.571, 21.158 ], [ 71.557, 21.159 ], [ 71.551, 21.169 ], [ 71.537, 21.17 ], [ 71.531, 21.18 ], [ 71.518, 21.181 ], [ 71.512, 21.191 ], [ 71.519, 21.2 ], [ 71.513, 21.211 ], [ 71.52, 21.22 ], [ 71.514, 21.23 ], [ 71.521, 21.24 ], [ 71.515, 21.25 ], [ 71.523, 21.26 ], [ 71.536, 21.259 ], [ 71.543, 21.269 ], [ 71.537, 21.279 ], [ 71.545, 21.289 ], [ 71.558, 21.288 ], [ 71.566, 21.298 ], [ 71.579, 21.297 ], [ 71.586, 21.307 ], [ 71.6, 21.306 ], [ 71.607, 21.316 ], [ 71.621, 21.315 ], [ 71.628, 21.325 ], [ 71.622, 21.335 ], [ 71.63, 21.345 ], [ 71.623, 21.355 ], [ 71.631, 21.365 ], [ 71.625, 21.375 ], [ 71.632, 21.385 ], [ 71.626, 21.395 ], [ 71.612, 21.396 ], [ 71.606, 21.406 ], [ 71.613, 21.415 ], [ 71.607, 21.426 ], [ 71.615, 21.435 ], [ 71.609, 21.446 ], [ 71.595, 21.446 ], [ 71.588, 21.437 ], [ 71.574, 21.437 ], [ 71.568, 21.447 ], [ 71.554, 21.448 ], [ 71.547, 21.438 ], [ 71.533, 21.439 ], [ 71.527, 21.449 ], [ 71.534, 21.459 ], [ 71.528, 21.469 ], [ 71.515, 21.47 ], [ 71.507, 21.46 ], [ 71.494, 21.461 ], [ 71.487, 21.471 ], [ 71.495, 21.48 ], [ 71.489, 21.491 ], [ 71.496, 21.5 ], [ 71.49, 21.511 ], [ 71.497, 21.52 ], [ 71.491, 21.531 ], [ 71.498, 21.54 ], [ 71.512, 21.54 ], [ 71.519, 21.549 ], [ 71.533, 21.549 ], [ 71.54, 21.558 ], [ 71.554, 21.558 ], [ 71.561, 21.568 ], [ 71.555, 21.578 ], [ 71.563, 21.588 ], [ 71.556, 21.598 ], [ 71.564, 21.607 ], [ 71.558, 21.618 ], [ 71.565, 21.627 ], [ 71.579, 21.627 ], [ 71.586, 21.637 ], [ 71.6, 21.636 ], [ 71.606, 21.626 ], [ 71.619, 21.625 ], [ 71.627, 21.635 ], [ 71.621, 21.645 ], [ 71.607, 21.646 ], [ 71.601, 21.656 ], [ 71.587, 21.657 ], [ 71.581, 21.667 ], [ 71.588, 21.677 ], [ 71.582, 21.687 ], [ 71.59, 21.697 ], [ 71.583, 21.707 ], [ 71.591, 21.716 ], [ 71.585, 21.727 ], [ 71.592, 21.736 ], [ 71.586, 21.747 ], [ 71.572, 21.747 ], [ 71.565, 21.738 ], [ 71.551, 21.738 ], [ 71.545, 21.749 ], [ 71.552, 21.758 ], [ 71.546, 21.769 ], [ 71.532, 21.769 ], [ 71.526, 21.779 ], [ 71.513, 21.78 ], [ 71.506, 21.79 ], [ 71.493, 21.791 ], [ 71.486, 21.801 ], [ 71.473, 21.802 ], [ 71.467, 21.812 ], [ 71.453, 21.813 ], [ 71.447, 21.823 ], [ 71.454, 21.833 ], [ 71.448, 21.843 ], [ 71.455, 21.853 ], [ 71.449, 21.863 ], [ 71.456, 21.873 ], [ 71.45, 21.883 ], [ 71.437, 21.884 ], [ 71.429, 21.874 ], [ 71.415, 21.875 ], [ 71.409, 21.885 ], [ 71.417, 21.895 ], [ 71.41, 21.905 ], [ 71.418, 21.915 ], [ 71.431, 21.914 ], [ 71.438, 21.904 ], [ 71.451, 21.903 ], [ 71.459, 21.913 ], [ 71.453, 21.923 ], [ 71.46, 21.933 ], [ 71.454, 21.943 ], [ 71.44, 21.944 ], [ 71.434, 21.954 ], [ 71.42, 21.955 ], [ 71.413, 21.945 ], [ 71.399, 21.946 ], [ 71.393, 21.956 ], [ 71.4, 21.966 ], [ 71.394, 21.976 ], [ 71.38, 21.977 ], [ 71.374, 21.987 ], [ 71.36, 21.987 ], [ 71.353, 21.978 ], [ 71.339, 21.978 ], [ 71.333, 21.989 ], [ 71.34, 21.998 ], [ 71.334, 22.009 ], [ 71.341, 22.018 ], [ 71.335, 22.029 ], [ 71.321, 22.029 ], [ 71.315, 22.04 ], [ 71.301, 22.04 ], [ 71.294, 22.031 ], [ 71.28, 22.031 ], [ 71.273, 22.021 ], [ 71.279, 22.011 ], [ 71.293, 22.01 ], [ 71.299, 22.0 ], [ 71.292, 21.99 ], [ 71.298, 21.98 ], [ 71.291, 21.97 ], [ 71.277, 21.971 ], [ 71.269, 21.961 ], [ 71.256, 21.962 ], [ 71.25, 21.972 ], [ 71.257, 21.982 ], [ 71.251, 21.992 ], [ 71.258, 22.002 ], [ 71.252, 22.012 ], [ 71.238, 22.013 ], [ 71.231, 22.003 ], [ 71.217, 22.003 ], [ 71.211, 22.014 ], [ 71.197, 22.014 ], [ 71.19, 22.005 ], [ 71.196, 21.994 ], [ 71.188, 21.985 ], [ 71.195, 21.974 ], [ 71.187, 21.964 ], [ 71.174, 21.965 ], [ 71.166, 21.955 ], [ 71.153, 21.956 ], [ 71.145, 21.946 ], [ 71.131, 21.947 ], [ 71.124, 21.937 ], [ 71.13, 21.926 ], [ 71.123, 21.917 ], [ 71.109, 21.917 ], [ 71.102, 21.908 ], [ 71.088, 21.908 ], [ 71.082, 21.918 ], [ 71.068, 21.919 ], [ 71.061, 21.909 ], [ 71.067, 21.899 ], [ 71.06, 21.889 ], [ 71.066, 21.879 ], [ 71.059, 21.869 ], [ 71.045, 21.87 ], [ 71.038, 21.86 ], [ 71.044, 21.85 ], [ 71.058, 21.849 ], [ 71.065, 21.859 ], [ 71.079, 21.858 ], [ 71.086, 21.868 ], [ 71.1, 21.867 ], [ 71.106, 21.857 ], [ 71.099, 21.847 ], [ 71.105, 21.837 ], [ 71.098, 21.827 ], [ 71.084, 21.828 ], [ 71.077, 21.818 ], [ 71.063, 21.819 ], [ 71.057, 21.829 ], [ 71.043, 21.83 ], [ 71.036, 21.82 ], [ 71.042, 21.809 ], [ 71.035, 21.8 ], [ 71.041, 21.789 ], [ 71.055, 21.789 ], [ 71.061, 21.779 ], [ 71.054, 21.769 ], [ 71.04, 21.769 ], [ 71.033, 21.76 ], [ 71.039, 21.749 ], [ 71.031, 21.74 ], [ 71.018, 21.74 ], [ 71.01, 21.731 ], [ 70.997, 21.731 ], [ 70.99, 21.721 ], [ 70.976, 21.722 ], [ 70.97, 21.732 ], [ 70.977, 21.742 ], [ 70.971, 21.752 ], [ 70.957, 21.753 ], [ 70.95, 21.743 ], [ 70.936, 21.743 ], [ 70.93, 21.754 ], [ 70.916, 21.754 ], [ 70.91, 21.765 ], [ 70.896, 21.765 ], [ 70.889, 21.755 ], [ 70.895, 21.745 ], [ 70.888, 21.735 ], [ 70.874, 21.736 ], [ 70.868, 21.746 ], [ 70.854, 21.747 ], [ 70.847, 21.737 ], [ 70.833, 21.737 ], [ 70.827, 21.748 ], [ 70.813, 21.748 ], [ 70.806, 21.739 ], [ 70.792, 21.739 ], [ 70.785, 21.729 ], [ 70.791, 21.719 ], [ 70.805, 21.718 ], [ 70.811, 21.708 ], [ 70.804, 21.698 ], [ 70.79, 21.699 ], [ 70.783, 21.689 ], [ 70.789, 21.679 ], [ 70.782, 21.669 ], [ 70.768, 21.67 ], [ 70.762, 21.68 ], [ 70.748, 21.681 ], [ 70.741, 21.671 ], [ 70.747, 21.661 ], [ 70.74, 21.651 ], [ 70.746, 21.641 ], [ 70.76, 21.64 ], [ 70.767, 21.65 ], [ 70.781, 21.649 ], [ 70.788, 21.659 ], [ 70.802, 21.659 ], [ 70.808, 21.648 ], [ 70.822, 21.648 ], [ 70.828, 21.637 ], [ 70.842, 21.637 ], [ 70.848, 21.627 ], [ 70.841, 21.617 ], [ 70.847, 21.607 ], [ 70.861, 21.606 ], [ 70.867, 21.596 ], [ 70.86, 21.586 ], [ 70.866, 21.576 ], [ 70.88, 21.575 ], [ 70.886, 21.565 ], [ 70.879, 21.556 ], [ 70.885, 21.545 ], [ 70.878, 21.536 ], [ 70.864, 21.536 ], [ 70.857, 21.526 ], [ 70.843, 21.527 ], [ 70.836, 21.517 ], [ 70.822, 21.518 ], [ 70.815, 21.508 ], [ 70.821, 21.498 ], [ 70.814, 21.488 ], [ 70.82, 21.478 ], [ 70.834, 21.477 ], [ 70.84, 21.467 ], [ 70.854, 21.467 ], [ 70.86, 21.456 ], [ 70.874, 21.456 ], [ 70.88, 21.446 ], [ 70.894, 21.445 ], [ 70.901, 21.455 ], [ 70.914, 21.454 ], [ 70.921, 21.444 ], [ 70.934, 21.443 ], [ 70.941, 21.433 ], [ 70.933, 21.424 ], [ 70.94, 21.413 ], [ 70.953, 21.413 ], [ 70.959, 21.403 ], [ 70.952, 21.393 ], [ 70.939, 21.393 ], [ 70.931, 21.384 ], [ 70.918, 21.384 ], [ 70.911, 21.395 ], [ 70.898, 21.395 ], [ 70.891, 21.385 ], [ 70.877, 21.386 ], [ 70.87, 21.376 ], [ 70.876, 21.366 ], [ 70.869, 21.356 ], [ 70.875, 21.346 ], [ 70.868, 21.336 ], [ 70.874, 21.326 ], [ 70.888, 21.326 ], [ 70.895, 21.335 ], [ 70.908, 21.335 ], [ 70.916, 21.345 ], [ 70.929, 21.344 ], [ 70.936, 21.334 ], [ 70.928, 21.324 ], [ 70.935, 21.314 ], [ 70.927, 21.304 ], [ 70.914, 21.305 ], [ 70.906, 21.295 ], [ 70.893, 21.296 ], [ 70.886, 21.286 ], [ 70.892, 21.276 ], [ 70.885, 21.266 ], [ 70.871, 21.267 ], [ 70.864, 21.257 ] ] ], [ [ [ 70.857, 21.397 ], [ 70.871, 21.396 ], [ 70.878, 21.406 ], [ 70.872, 21.416 ], [ 70.858, 21.417 ], [ 70.851, 21.407 ], [ 70.857, 21.397 ] ] ], [ [ [ 70.794, 21.779 ], [ 70.788, 21.789 ], [ 70.774, 21.79 ], [ 70.767, 21.78 ], [ 70.773, 21.77 ], [ 70.766, 21.76 ], [ 70.772, 21.75 ], [ 70.786, 21.749 ], [ 70.793, 21.759 ], [ 70.787, 21.769 ], [ 70.794, 21.779 ] ] ] ] } }
]
}
