{
"type": "FeatureCollection",
"name": "Himachal_Pradesh",
"crs": { "type": "name", "properties": { "name": "urn:ogc:def:crs:OGC:1.3:CRS84" } },
"features": [
{ "type": "Feature", "properties": { "POLYGON.ID": 30.0, "subregion": "India--Himachal Pradesh--Lahaul & Spiti--Spiti", "POLYGON": "India--Himachal Pradesh--Lahaul & Spiti--Spiti", "SHOW": "1", "FILTER": "Not-Assigned", "FILTER.ID": null, "OLD.POLYGON": null, "STATE": "Himachal Pradesh", "COUNTY": "spl_region", "OWNER": null }, "geometry": { "type": "MultiPolygon", "coordinates": [ [ [ [ 78.49, 32.441 ], [ 78.484, 32.453 ], [ 78.468, 32.454 ], [ 78.462, 32.466 ], [ 78.472, 32.477 ], [ 78.466, 32.489 ], [ 78.476, 32.499 ], [ 78.47, 32.511 ], [ 78.454, 32.513 ], [ 78.448, 32.525 ], [ 78.432, 32.526 ], [ 78.422, 32.516 ], [ 78.407, 32.517 ], [ 78.397, 32.507 ], [ 78.381, 32.508 ], [ 78.371, 32.498 ], [ 78.356, 32.499 ], [ 78.346, 32.489 ], [ 78.352, 32.477 ], [ 78.342, 32.466 ], [ 78.326, 32.468 ], [ 78.32, 32.48 ], [ 78.304, 32.481 ], [ 78.298, 32.493 ], [ 78.308, 32.504 ], [ 78.302, 32.516 ], [ 78.312, 32.527 ], [ 78.306, 32.539 ], [ 78.316, 32.549 ], [ 78.31, 32.561 ], [ 78.319, 32.572 ], [ 78.335, 32.57 ], [ 78.345, 32.581 ], [ 78.361, 32.579 ], [ 78.371, 32.59 ], [ 78.365, 32.602 ], [ 78.374, 32.612 ], [ 78.39, 32.611 ], [ 78.4, 32.621 ], [ 78.394, 32.633 ], [ 78.378, 32.635 ], [ 78.372, 32.647 ], [ 78.382, 32.657 ], [ 78.376, 32.669 ], [ 78.386, 32.68 ], [ 78.38, 32.692 ], [ 78.389, 32.702 ], [ 78.383, 32.714 ], [ 78.393, 32.725 ], [ 78.387, 32.737 ], [ 78.371, 32.738 ], [ 78.365, 32.751 ], [ 78.349, 32.752 ], [ 78.34, 32.742 ], [ 78.324, 32.743 ], [ 78.314, 32.733 ], [ 78.32, 32.72 ], [ 78.31, 32.71 ], [ 78.316, 32.698 ], [ 78.307, 32.687 ], [ 78.291, 32.689 ], [ 78.281, 32.678 ], [ 78.265, 32.68 ], [ 78.255, 32.669 ], [ 78.24, 32.671 ], [ 78.23, 32.66 ], [ 78.214, 32.662 ], [ 78.208, 32.674 ], [ 78.192, 32.675 ], [ 78.182, 32.665 ], [ 78.166, 32.666 ], [ 78.16, 32.678 ], [ 78.145, 32.68 ], [ 78.135, 32.669 ], [ 78.141, 32.657 ], [ 78.131, 32.647 ], [ 78.115, 32.648 ], [ 78.109, 32.66 ], [ 78.093, 32.662 ], [ 78.084, 32.651 ], [ 78.09, 32.639 ], [ 78.08, 32.629 ], [ 78.064, 32.63 ], [ 78.058, 32.642 ], [ 78.042, 32.644 ], [ 78.032, 32.633 ], [ 78.017, 32.635 ], [ 78.007, 32.624 ], [ 77.991, 32.626 ], [ 77.985, 32.638 ], [ 77.969, 32.639 ], [ 77.963, 32.651 ], [ 77.947, 32.653 ], [ 77.941, 32.665 ], [ 77.951, 32.675 ], [ 77.945, 32.687 ], [ 77.929, 32.689 ], [ 77.923, 32.701 ], [ 77.932, 32.711 ], [ 77.926, 32.723 ], [ 77.936, 32.734 ], [ 77.93, 32.746 ], [ 77.94, 32.756 ], [ 77.934, 32.769 ], [ 77.918, 32.77 ], [ 77.912, 32.782 ], [ 77.896, 32.784 ], [ 77.89, 32.796 ], [ 77.874, 32.797 ], [ 77.868, 32.809 ], [ 77.877, 32.82 ], [ 77.871, 32.832 ], [ 77.855, 32.833 ], [ 77.849, 32.845 ], [ 77.833, 32.847 ], [ 77.823, 32.836 ], [ 77.808, 32.838 ], [ 77.801, 32.85 ], [ 77.786, 32.851 ], [ 77.779, 32.863 ], [ 77.789, 32.874 ], [ 77.783, 32.886 ], [ 77.793, 32.896 ], [ 77.809, 32.895 ], [ 77.818, 32.905 ], [ 77.812, 32.917 ], [ 77.796, 32.919 ], [ 77.79, 32.931 ], [ 77.774, 32.932 ], [ 77.768, 32.944 ], [ 77.752, 32.946 ], [ 77.746, 32.958 ], [ 77.73, 32.959 ], [ 77.724, 32.972 ], [ 77.708, 32.973 ], [ 77.702, 32.985 ], [ 77.686, 32.986 ], [ 77.676, 32.976 ], [ 77.682, 32.964 ], [ 77.672, 32.953 ], [ 77.657, 32.955 ], [ 77.647, 32.944 ], [ 77.631, 32.946 ], [ 77.621, 32.935 ], [ 77.605, 32.936 ], [ 77.595, 32.926 ], [ 77.58, 32.927 ], [ 77.57, 32.917 ], [ 77.554, 32.918 ], [ 77.544, 32.907 ], [ 77.55, 32.895 ], [ 77.541, 32.885 ], [ 77.525, 32.886 ], [ 77.515, 32.876 ], [ 77.499, 32.877 ], [ 77.489, 32.866 ], [ 77.474, 32.868 ], [ 77.464, 32.857 ], [ 77.448, 32.859 ], [ 77.442, 32.871 ], [ 77.426, 32.872 ], [ 77.419, 32.884 ], [ 77.404, 32.886 ], [ 77.394, 32.875 ], [ 77.4, 32.863 ], [ 77.39, 32.852 ], [ 77.375, 32.854 ], [ 77.365, 32.843 ], [ 77.371, 32.831 ], [ 77.361, 32.82 ], [ 77.368, 32.808 ], [ 77.384, 32.807 ], [ 77.39, 32.795 ], [ 77.38, 32.784 ], [ 77.386, 32.772 ], [ 77.402, 32.771 ], [ 77.408, 32.759 ], [ 77.424, 32.757 ], [ 77.431, 32.745 ], [ 77.421, 32.735 ], [ 77.427, 32.723 ], [ 77.417, 32.712 ], [ 77.402, 32.714 ], [ 77.392, 32.703 ], [ 77.376, 32.704 ], [ 77.366, 32.694 ], [ 77.35, 32.695 ], [ 77.341, 32.685 ], [ 77.325, 32.686 ], [ 77.319, 32.698 ], [ 77.303, 32.699 ], [ 77.293, 32.689 ], [ 77.299, 32.677 ], [ 77.29, 32.666 ], [ 77.296, 32.654 ], [ 77.312, 32.653 ], [ 77.318, 32.641 ], [ 77.334, 32.639 ], [ 77.344, 32.65 ], [ 77.36, 32.649 ], [ 77.366, 32.637 ], [ 77.356, 32.626 ], [ 77.362, 32.614 ], [ 77.353, 32.603 ], [ 77.359, 32.591 ], [ 77.349, 32.581 ], [ 77.355, 32.569 ], [ 77.346, 32.558 ], [ 77.33, 32.56 ], [ 77.32, 32.549 ], [ 77.305, 32.55 ], [ 77.295, 32.54 ], [ 77.279, 32.541 ], [ 77.273, 32.553 ], [ 77.257, 32.555 ], [ 77.247, 32.544 ], [ 77.254, 32.532 ], [ 77.244, 32.521 ], [ 77.25, 32.509 ], [ 77.241, 32.499 ], [ 77.247, 32.487 ], [ 77.237, 32.476 ], [ 77.243, 32.464 ], [ 77.234, 32.454 ], [ 77.24, 32.442 ], [ 77.256, 32.44 ], [ 77.262, 32.428 ], [ 77.253, 32.418 ], [ 77.237, 32.419 ], [ 77.227, 32.408 ], [ 77.233, 32.396 ], [ 77.224, 32.386 ], [ 77.23, 32.374 ], [ 77.246, 32.373 ], [ 77.252, 32.361 ], [ 77.268, 32.359 ], [ 77.274, 32.347 ], [ 77.29, 32.346 ], [ 77.296, 32.334 ], [ 77.312, 32.332 ], [ 77.318, 32.32 ], [ 77.334, 32.319 ], [ 77.34, 32.307 ], [ 77.33, 32.297 ], [ 77.337, 32.285 ], [ 77.352, 32.283 ], [ 77.359, 32.271 ], [ 77.349, 32.261 ], [ 77.355, 32.249 ], [ 77.346, 32.238 ], [ 77.352, 32.226 ], [ 77.368, 32.225 ], [ 77.374, 32.213 ], [ 77.39, 32.211 ], [ 77.396, 32.199 ], [ 77.411, 32.198 ], [ 77.418, 32.186 ], [ 77.433, 32.185 ], [ 77.443, 32.195 ], [ 77.459, 32.194 ], [ 77.468, 32.204 ], [ 77.462, 32.216 ], [ 77.472, 32.227 ], [ 77.488, 32.226 ], [ 77.494, 32.214 ], [ 77.509, 32.212 ], [ 77.516, 32.2 ], [ 77.531, 32.199 ], [ 77.541, 32.209 ], [ 77.557, 32.208 ], [ 77.563, 32.196 ], [ 77.579, 32.195 ], [ 77.585, 32.183 ], [ 77.601, 32.181 ], [ 77.607, 32.169 ], [ 77.622, 32.168 ], [ 77.629, 32.156 ], [ 77.644, 32.154 ], [ 77.65, 32.142 ], [ 77.666, 32.141 ], [ 77.672, 32.129 ], [ 77.663, 32.119 ], [ 77.669, 32.107 ], [ 77.684, 32.105 ], [ 77.691, 32.093 ], [ 77.706, 32.092 ], [ 77.716, 32.102 ], [ 77.732, 32.101 ], [ 77.738, 32.089 ], [ 77.753, 32.087 ], [ 77.76, 32.076 ], [ 77.75, 32.065 ], [ 77.756, 32.053 ], [ 77.772, 32.052 ], [ 77.778, 32.04 ], [ 77.793, 32.038 ], [ 77.8, 32.026 ], [ 77.79, 32.016 ], [ 77.796, 32.004 ], [ 77.786, 31.993 ], [ 77.792, 31.981 ], [ 77.783, 31.971 ], [ 77.789, 31.959 ], [ 77.779, 31.948 ], [ 77.785, 31.936 ], [ 77.776, 31.926 ], [ 77.782, 31.914 ], [ 77.798, 31.913 ], [ 77.804, 31.901 ], [ 77.819, 31.899 ], [ 77.825, 31.887 ], [ 77.841, 31.886 ], [ 77.847, 31.874 ], [ 77.837, 31.863 ], [ 77.844, 31.851 ], [ 77.834, 31.841 ], [ 77.84, 31.829 ], [ 77.856, 31.828 ], [ 77.862, 31.816 ], [ 77.852, 31.805 ], [ 77.858, 31.793 ], [ 77.874, 31.792 ], [ 77.88, 31.78 ], [ 77.895, 31.778 ], [ 77.901, 31.766 ], [ 77.917, 31.765 ], [ 77.923, 31.753 ], [ 77.939, 31.752 ], [ 77.948, 31.762 ], [ 77.942, 31.774 ], [ 77.952, 31.785 ], [ 77.968, 31.783 ], [ 77.974, 31.771 ], [ 77.989, 31.77 ], [ 77.999, 31.78 ], [ 78.014, 31.779 ], [ 78.02, 31.767 ], [ 78.036, 31.765 ], [ 78.046, 31.776 ], [ 78.061, 31.774 ], [ 78.071, 31.785 ], [ 78.087, 31.783 ], [ 78.096, 31.794 ], [ 78.09, 31.806 ], [ 78.1, 31.816 ], [ 78.094, 31.828 ], [ 78.103, 31.839 ], [ 78.097, 31.851 ], [ 78.107, 31.861 ], [ 78.123, 31.86 ], [ 78.132, 31.87 ], [ 78.148, 31.869 ], [ 78.154, 31.857 ], [ 78.17, 31.855 ], [ 78.179, 31.866 ], [ 78.173, 31.878 ], [ 78.183, 31.888 ], [ 78.177, 31.9 ], [ 78.187, 31.911 ], [ 78.181, 31.922 ], [ 78.19, 31.933 ], [ 78.206, 31.931 ], [ 78.216, 31.942 ], [ 78.231, 31.94 ], [ 78.237, 31.929 ], [ 78.253, 31.927 ], [ 78.263, 31.937 ], [ 78.278, 31.936 ], [ 78.284, 31.924 ], [ 78.3, 31.923 ], [ 78.309, 31.933 ], [ 78.325, 31.932 ], [ 78.335, 31.942 ], [ 78.35, 31.94 ], [ 78.36, 31.951 ], [ 78.376, 31.949 ], [ 78.385, 31.96 ], [ 78.401, 31.958 ], [ 78.407, 31.946 ], [ 78.423, 31.945 ], [ 78.429, 31.933 ], [ 78.444, 31.931 ], [ 78.454, 31.942 ], [ 78.448, 31.954 ], [ 78.458, 31.964 ], [ 78.452, 31.976 ], [ 78.436, 31.978 ], [ 78.43, 31.99 ], [ 78.44, 32.0 ], [ 78.434, 32.012 ], [ 78.444, 32.023 ], [ 78.438, 32.035 ], [ 78.447, 32.045 ], [ 78.441, 32.057 ], [ 78.451, 32.068 ], [ 78.467, 32.066 ], [ 78.473, 32.054 ], [ 78.488, 32.053 ], [ 78.494, 32.041 ], [ 78.51, 32.039 ], [ 78.52, 32.049 ], [ 78.535, 32.048 ], [ 78.545, 32.058 ], [ 78.561, 32.057 ], [ 78.571, 32.067 ], [ 78.586, 32.066 ], [ 78.592, 32.054 ], [ 78.608, 32.052 ], [ 78.618, 32.063 ], [ 78.633, 32.061 ], [ 78.643, 32.072 ], [ 78.659, 32.07 ], [ 78.668, 32.081 ], [ 78.662, 32.093 ], [ 78.672, 32.103 ], [ 78.666, 32.115 ], [ 78.651, 32.116 ], [ 78.645, 32.128 ], [ 78.629, 32.13 ], [ 78.623, 32.142 ], [ 78.607, 32.144 ], [ 78.601, 32.156 ], [ 78.611, 32.166 ], [ 78.627, 32.164 ], [ 78.637, 32.175 ], [ 78.631, 32.187 ], [ 78.615, 32.188 ], [ 78.609, 32.2 ], [ 78.619, 32.211 ], [ 78.613, 32.223 ], [ 78.597, 32.224 ], [ 78.591, 32.236 ], [ 78.576, 32.238 ], [ 78.57, 32.25 ], [ 78.554, 32.252 ], [ 78.548, 32.264 ], [ 78.532, 32.265 ], [ 78.522, 32.255 ], [ 78.507, 32.256 ], [ 78.497, 32.246 ], [ 78.481, 32.247 ], [ 78.475, 32.259 ], [ 78.485, 32.27 ], [ 78.501, 32.268 ], [ 78.511, 32.279 ], [ 78.505, 32.291 ], [ 78.489, 32.292 ], [ 78.483, 32.304 ], [ 78.493, 32.315 ], [ 78.487, 32.327 ], [ 78.496, 32.337 ], [ 78.49, 32.349 ], [ 78.5, 32.36 ], [ 78.516, 32.358 ], [ 78.526, 32.369 ], [ 78.52, 32.381 ], [ 78.53, 32.391 ], [ 78.545, 32.39 ], [ 78.555, 32.4 ], [ 78.549, 32.412 ], [ 78.559, 32.422 ], [ 78.553, 32.435 ], [ 78.537, 32.436 ], [ 78.527, 32.426 ], [ 78.512, 32.427 ], [ 78.506, 32.439 ], [ 78.49, 32.441 ] ] ] ] } },
{ "type": "Feature", "properties": { "POLYGON.ID": 31.0, "subregion": "India--Himachal Pradesh--Solan--Shivaliks", "POLYGON": "India--Himachal Pradesh--Solan--Shivaliks", "SHOW": "1", "FILTER": "Not-Assigned", "FILTER.ID": null, "OLD.POLYGON": null, "STATE": "Himachal Pradesh", "COUNTY": "Solan", "OWNER": null }, "geometry": { "type": "MultiPolygon", "coordinates": [ [ [ [ 76.834, 31.123 ], [ 76.824, 31.113 ], [ 76.809, 31.114 ], [ 76.8, 31.104 ], [ 76.784, 31.105 ], [ 76.778, 31.117 ], [ 76.762, 31.118 ], [ 76.756, 31.13 ], [ 76.765, 31.14 ], [ 76.759, 31.152 ], [ 76.769, 31.163 ], [ 76.762, 31.174 ], [ 76.747, 31.176 ], [ 76.741, 31.188 ], [ 76.75, 31.198 ], [ 76.744, 31.21 ], [ 76.728, 31.211 ], [ 76.722, 31.223 ], [ 76.706, 31.224 ], [ 76.697, 31.214 ], [ 76.682, 31.215 ], [ 76.672, 31.205 ], [ 76.657, 31.206 ], [ 76.647, 31.195 ], [ 76.632, 31.197 ], [ 76.622, 31.186 ], [ 76.607, 31.187 ], [ 76.598, 31.177 ], [ 76.604, 31.165 ], [ 76.594, 31.154 ], [ 76.601, 31.143 ], [ 76.591, 31.132 ], [ 76.598, 31.12 ], [ 76.613, 31.119 ], [ 76.619, 31.107 ], [ 76.635, 31.106 ], [ 76.641, 31.094 ], [ 76.632, 31.084 ], [ 76.616, 31.085 ], [ 76.607, 31.074 ], [ 76.613, 31.062 ], [ 76.604, 31.052 ], [ 76.61, 31.04 ], [ 76.626, 31.039 ], [ 76.632, 31.027 ], [ 76.622, 31.017 ], [ 76.629, 31.005 ], [ 76.644, 31.003 ], [ 76.65, 30.992 ], [ 76.666, 30.99 ], [ 76.672, 30.979 ], [ 76.688, 30.977 ], [ 76.694, 30.966 ], [ 76.709, 30.964 ], [ 76.716, 30.952 ], [ 76.731, 30.951 ], [ 76.737, 30.939 ], [ 76.753, 30.938 ], [ 76.762, 30.949 ], [ 76.756, 30.96 ], [ 76.74, 30.962 ], [ 76.734, 30.973 ], [ 76.719, 30.975 ], [ 76.712, 30.987 ], [ 76.722, 30.997 ], [ 76.716, 31.009 ], [ 76.7, 31.01 ], [ 76.694, 31.022 ], [ 76.678, 31.023 ], [ 76.672, 31.035 ], [ 76.657, 31.036 ], [ 76.65, 31.048 ], [ 76.66, 31.059 ], [ 76.675, 31.057 ], [ 76.685, 31.068 ], [ 76.678, 31.08 ], [ 76.688, 31.09 ], [ 76.681, 31.102 ], [ 76.666, 31.103 ], [ 76.66, 31.115 ], [ 76.644, 31.116 ], [ 76.638, 31.128 ], [ 76.647, 31.139 ], [ 76.641, 31.151 ], [ 76.65, 31.161 ], [ 76.666, 31.16 ], [ 76.675, 31.17 ], [ 76.691, 31.169 ], [ 76.697, 31.157 ], [ 76.688, 31.147 ], [ 76.694, 31.135 ], [ 76.685, 31.124 ], [ 76.691, 31.113 ], [ 76.706, 31.111 ], [ 76.713, 31.099 ], [ 76.728, 31.098 ], [ 76.734, 31.086 ], [ 76.725, 31.076 ], [ 76.731, 31.064 ], [ 76.722, 31.054 ], [ 76.728, 31.042 ], [ 76.719, 31.031 ], [ 76.725, 31.019 ], [ 76.74, 31.018 ], [ 76.747, 31.006 ], [ 76.762, 31.005 ], [ 76.771, 31.016 ], [ 76.787, 31.014 ], [ 76.793, 31.002 ], [ 76.784, 30.992 ], [ 76.79, 30.98 ], [ 76.805, 30.979 ], [ 76.812, 30.967 ], [ 76.827, 30.966 ], [ 76.833, 30.954 ], [ 76.849, 30.953 ], [ 76.855, 30.941 ], [ 76.846, 30.93 ], [ 76.852, 30.919 ], [ 76.867, 30.917 ], [ 76.873, 30.906 ], [ 76.864, 30.895 ], [ 76.87, 30.883 ], [ 76.886, 30.882 ], [ 76.895, 30.892 ], [ 76.911, 30.891 ], [ 76.92, 30.902 ], [ 76.914, 30.913 ], [ 76.923, 30.924 ], [ 76.939, 30.923 ], [ 76.948, 30.933 ], [ 76.963, 30.932 ], [ 76.973, 30.942 ], [ 76.967, 30.954 ], [ 76.976, 30.965 ], [ 76.97, 30.976 ], [ 76.979, 30.987 ], [ 76.973, 30.999 ], [ 76.982, 31.009 ], [ 76.976, 31.021 ], [ 76.986, 31.032 ], [ 76.979, 31.043 ], [ 76.989, 31.054 ], [ 76.983, 31.066 ], [ 76.992, 31.076 ], [ 76.986, 31.088 ], [ 76.97, 31.089 ], [ 76.964, 31.101 ], [ 76.974, 31.112 ], [ 76.967, 31.123 ], [ 76.952, 31.125 ], [ 76.946, 31.137 ], [ 76.93, 31.138 ], [ 76.924, 31.15 ], [ 76.908, 31.151 ], [ 76.899, 31.14 ], [ 76.905, 31.129 ], [ 76.896, 31.118 ], [ 76.88, 31.119 ], [ 76.874, 31.131 ], [ 76.859, 31.133 ], [ 76.849, 31.122 ], [ 76.834, 31.123 ] ] ] ] } },
{ "type": "Feature", "properties": { "POLYGON.ID": 41.0, "subregion": "India--Himachal Pradesh--Bilaspur--Foothills", "POLYGON": "India--Himachal Pradesh--Bilaspur--Foothills", "SHOW": "1", "FILTER": "Not-Assigned", "FILTER.ID": null, "OLD.POLYGON": null, "STATE": "Himachal Pradesh", "COUNTY": "Bilaspur", "OWNER": null }, "geometry": { "type": "MultiPolygon", "coordinates": [ [ [ [ 76.641, 31.32 ], [ 76.647, 31.308 ], [ 76.663, 31.307 ], [ 76.669, 31.295 ], [ 76.685, 31.294 ], [ 76.691, 31.282 ], [ 76.682, 31.272 ], [ 76.688, 31.26 ], [ 76.703, 31.259 ], [ 76.71, 31.247 ], [ 76.725, 31.245 ], [ 76.731, 31.234 ], [ 76.747, 31.232 ], [ 76.753, 31.22 ], [ 76.769, 31.219 ], [ 76.778, 31.23 ], [ 76.794, 31.228 ], [ 76.8, 31.217 ], [ 76.815, 31.215 ], [ 76.825, 31.226 ], [ 76.84, 31.225 ], [ 76.846, 31.213 ], [ 76.862, 31.211 ], [ 76.871, 31.222 ], [ 76.865, 31.234 ], [ 76.875, 31.244 ], [ 76.868, 31.256 ], [ 76.878, 31.267 ], [ 76.893, 31.265 ], [ 76.903, 31.276 ], [ 76.918, 31.275 ], [ 76.928, 31.285 ], [ 76.922, 31.297 ], [ 76.931, 31.307 ], [ 76.925, 31.319 ], [ 76.909, 31.321 ], [ 76.9, 31.31 ], [ 76.884, 31.311 ], [ 76.878, 31.323 ], [ 76.887, 31.334 ], [ 76.881, 31.346 ], [ 76.891, 31.356 ], [ 76.884, 31.368 ], [ 76.869, 31.369 ], [ 76.863, 31.381 ], [ 76.872, 31.392 ], [ 76.866, 31.404 ], [ 76.85, 31.405 ], [ 76.844, 31.417 ], [ 76.828, 31.418 ], [ 76.822, 31.43 ], [ 76.807, 31.431 ], [ 76.8, 31.443 ], [ 76.81, 31.454 ], [ 76.804, 31.465 ], [ 76.788, 31.467 ], [ 76.782, 31.479 ], [ 76.791, 31.489 ], [ 76.785, 31.501 ], [ 76.769, 31.502 ], [ 76.763, 31.514 ], [ 76.747, 31.515 ], [ 76.741, 31.527 ], [ 76.725, 31.529 ], [ 76.719, 31.54 ], [ 76.729, 31.551 ], [ 76.722, 31.563 ], [ 76.732, 31.573 ], [ 76.726, 31.585 ], [ 76.71, 31.587 ], [ 76.704, 31.598 ], [ 76.688, 31.6 ], [ 76.679, 31.589 ], [ 76.663, 31.59 ], [ 76.654, 31.58 ], [ 76.638, 31.581 ], [ 76.628, 31.571 ], [ 76.613, 31.572 ], [ 76.603, 31.561 ], [ 76.61, 31.549 ], [ 76.6, 31.539 ], [ 76.607, 31.527 ], [ 76.622, 31.526 ], [ 76.629, 31.514 ], [ 76.619, 31.503 ], [ 76.625, 31.491 ], [ 76.616, 31.481 ], [ 76.622, 31.469 ], [ 76.613, 31.458 ], [ 76.619, 31.447 ], [ 76.61, 31.436 ], [ 76.616, 31.424 ], [ 76.607, 31.414 ], [ 76.591, 31.415 ], [ 76.585, 31.427 ], [ 76.569, 31.428 ], [ 76.563, 31.44 ], [ 76.547, 31.441 ], [ 76.541, 31.453 ], [ 76.525, 31.454 ], [ 76.516, 31.444 ], [ 76.522, 31.432 ], [ 76.538, 31.431 ], [ 76.544, 31.419 ], [ 76.56, 31.417 ], [ 76.566, 31.406 ], [ 76.557, 31.395 ], [ 76.563, 31.383 ], [ 76.579, 31.382 ], [ 76.585, 31.37 ], [ 76.6, 31.369 ], [ 76.607, 31.357 ], [ 76.622, 31.356 ], [ 76.629, 31.344 ], [ 76.619, 31.333 ], [ 76.625, 31.321 ], [ 76.641, 31.32 ] ] ] ] } },
{ "type": "Feature", "properties": { "POLYGON.ID": 162.0, "subregion": "India--Himachal Pradesh--Sirmaur--Shivaliks", "POLYGON": "India--Himachal Pradesh--Sirmaur--Shivaliks", "SHOW": "1", "FILTER": "Not-Assigned", "FILTER.ID": null, "OLD.POLYGON": null, "STATE": "Himachal Pradesh", "COUNTY": "Mau", "OWNER": null }, "geometry": { "type": "MultiPolygon", "coordinates": [ [ [ [ 77.576, 30.429 ], [ 77.57, 30.441 ], [ 77.579, 30.451 ], [ 77.573, 30.463 ], [ 77.558, 30.464 ], [ 77.552, 30.476 ], [ 77.536, 30.477 ], [ 77.53, 30.489 ], [ 77.515, 30.49 ], [ 77.509, 30.502 ], [ 77.494, 30.503 ], [ 77.484, 30.493 ], [ 77.469, 30.494 ], [ 77.463, 30.506 ], [ 77.472, 30.516 ], [ 77.466, 30.528 ], [ 77.476, 30.539 ], [ 77.491, 30.537 ], [ 77.497, 30.526 ], [ 77.512, 30.524 ], [ 77.518, 30.512 ], [ 77.534, 30.511 ], [ 77.543, 30.521 ], [ 77.558, 30.52 ], [ 77.564, 30.508 ], [ 77.58, 30.507 ], [ 77.586, 30.495 ], [ 77.601, 30.494 ], [ 77.607, 30.482 ], [ 77.598, 30.472 ], [ 77.604, 30.46 ], [ 77.619, 30.459 ], [ 77.628, 30.469 ], [ 77.622, 30.481 ], [ 77.632, 30.491 ], [ 77.647, 30.49 ], [ 77.653, 30.478 ], [ 77.668, 30.477 ], [ 77.678, 30.487 ], [ 77.672, 30.499 ], [ 77.656, 30.5 ], [ 77.65, 30.512 ], [ 77.66, 30.522 ], [ 77.654, 30.534 ], [ 77.639, 30.535 ], [ 77.629, 30.525 ], [ 77.614, 30.526 ], [ 77.608, 30.538 ], [ 77.592, 30.54 ], [ 77.583, 30.529 ], [ 77.568, 30.531 ], [ 77.562, 30.542 ], [ 77.546, 30.544 ], [ 77.54, 30.555 ], [ 77.525, 30.557 ], [ 77.516, 30.546 ], [ 77.5, 30.548 ], [ 77.494, 30.56 ], [ 77.479, 30.561 ], [ 77.47, 30.55 ], [ 77.454, 30.552 ], [ 77.445, 30.541 ], [ 77.429, 30.543 ], [ 77.423, 30.554 ], [ 77.408, 30.556 ], [ 77.402, 30.568 ], [ 77.387, 30.569 ], [ 77.377, 30.559 ], [ 77.362, 30.56 ], [ 77.356, 30.572 ], [ 77.341, 30.573 ], [ 77.334, 30.585 ], [ 77.319, 30.586 ], [ 77.313, 30.598 ], [ 77.298, 30.599 ], [ 77.292, 30.611 ], [ 77.276, 30.612 ], [ 77.27, 30.624 ], [ 77.255, 30.625 ], [ 77.249, 30.637 ], [ 77.233, 30.638 ], [ 77.227, 30.65 ], [ 77.212, 30.652 ], [ 77.206, 30.663 ], [ 77.19, 30.665 ], [ 77.184, 30.676 ], [ 77.169, 30.678 ], [ 77.16, 30.667 ], [ 77.166, 30.656 ], [ 77.181, 30.654 ], [ 77.187, 30.642 ], [ 77.178, 30.632 ], [ 77.184, 30.62 ], [ 77.175, 30.61 ], [ 77.181, 30.598 ], [ 77.171, 30.588 ], [ 77.156, 30.589 ], [ 77.147, 30.578 ], [ 77.153, 30.567 ], [ 77.143, 30.556 ], [ 77.149, 30.544 ], [ 77.165, 30.543 ], [ 77.171, 30.531 ], [ 77.186, 30.53 ], [ 77.192, 30.518 ], [ 77.208, 30.517 ], [ 77.214, 30.505 ], [ 77.204, 30.495 ], [ 77.21, 30.483 ], [ 77.226, 30.482 ], [ 77.235, 30.492 ], [ 77.25, 30.491 ], [ 77.257, 30.479 ], [ 77.272, 30.478 ], [ 77.278, 30.466 ], [ 77.293, 30.465 ], [ 77.303, 30.475 ], [ 77.318, 30.474 ], [ 77.324, 30.462 ], [ 77.339, 30.461 ], [ 77.349, 30.471 ], [ 77.364, 30.47 ], [ 77.37, 30.458 ], [ 77.385, 30.457 ], [ 77.391, 30.445 ], [ 77.407, 30.444 ], [ 77.413, 30.432 ], [ 77.428, 30.431 ], [ 77.437, 30.441 ], [ 77.431, 30.453 ], [ 77.441, 30.463 ], [ 77.456, 30.462 ], [ 77.462, 30.45 ], [ 77.477, 30.449 ], [ 77.483, 30.437 ], [ 77.474, 30.426 ], [ 77.459, 30.428 ], [ 77.449, 30.417 ], [ 77.434, 30.419 ], [ 77.425, 30.408 ], [ 77.431, 30.397 ], [ 77.446, 30.395 ], [ 77.455, 30.406 ], [ 77.471, 30.404 ], [ 77.48, 30.415 ], [ 77.495, 30.413 ], [ 77.505, 30.424 ], [ 77.499, 30.436 ], [ 77.508, 30.446 ], [ 77.524, 30.445 ], [ 77.53, 30.433 ], [ 77.545, 30.431 ], [ 77.551, 30.42 ], [ 77.541, 30.409 ], [ 77.547, 30.398 ], [ 77.563, 30.396 ], [ 77.572, 30.407 ], [ 77.566, 30.418 ], [ 77.576, 30.429 ] ] ], [ [ [ 77.709, 30.54 ], [ 77.7, 30.53 ], [ 77.685, 30.531 ], [ 77.675, 30.521 ], [ 77.681, 30.509 ], [ 77.696, 30.508 ], [ 77.702, 30.496 ], [ 77.718, 30.495 ], [ 77.727, 30.505 ], [ 77.743, 30.504 ], [ 77.752, 30.514 ], [ 77.767, 30.513 ], [ 77.777, 30.523 ], [ 77.792, 30.522 ], [ 77.801, 30.532 ], [ 77.795, 30.544 ], [ 77.78, 30.545 ], [ 77.771, 30.535 ], [ 77.755, 30.536 ], [ 77.746, 30.526 ], [ 77.731, 30.527 ], [ 77.725, 30.539 ], [ 77.709, 30.54 ] ] ] ] } },
{ "type": "Feature", "properties": { "POLYGON.ID": 163.0, "subregion": "India--Himachal Pradesh--Chamba--high Himalaya", "POLYGON": "India--Himachal Pradesh--Chamba--high Himalaya", "SHOW": "1", "FILTER": "Not-Assigned", "FILTER.ID": null, "OLD.POLYGON": null, "STATE": "Himachal Pradesh", "COUNTY": "Chamba", "OWNER": null }, "geometry": { "type": "MultiPolygon", "coordinates": [ [ [ [ 76.373, 32.789 ], [ 76.366, 32.801 ], [ 76.376, 32.812 ], [ 76.392, 32.81 ], [ 76.401, 32.821 ], [ 76.395, 32.833 ], [ 76.405, 32.844 ], [ 76.398, 32.856 ], [ 76.408, 32.867 ], [ 76.424, 32.865 ], [ 76.43, 32.853 ], [ 76.446, 32.852 ], [ 76.452, 32.84 ], [ 76.468, 32.839 ], [ 76.475, 32.827 ], [ 76.465, 32.816 ], [ 76.472, 32.804 ], [ 76.488, 32.803 ], [ 76.497, 32.813 ], [ 76.513, 32.812 ], [ 76.523, 32.823 ], [ 76.539, 32.821 ], [ 76.548, 32.832 ], [ 76.564, 32.831 ], [ 76.574, 32.842 ], [ 76.59, 32.84 ], [ 76.599, 32.851 ], [ 76.615, 32.85 ], [ 76.625, 32.86 ], [ 76.641, 32.859 ], [ 76.647, 32.847 ], [ 76.663, 32.846 ], [ 76.673, 32.856 ], [ 76.689, 32.855 ], [ 76.698, 32.866 ], [ 76.692, 32.878 ], [ 76.701, 32.888 ], [ 76.717, 32.887 ], [ 76.727, 32.898 ], [ 76.721, 32.91 ], [ 76.73, 32.92 ], [ 76.746, 32.919 ], [ 76.756, 32.93 ], [ 76.772, 32.928 ], [ 76.781, 32.939 ], [ 76.775, 32.951 ], [ 76.785, 32.962 ], [ 76.778, 32.974 ], [ 76.788, 32.985 ], [ 76.782, 32.997 ], [ 76.766, 32.998 ], [ 76.759, 33.01 ], [ 76.769, 33.021 ], [ 76.762, 33.033 ], [ 76.746, 33.034 ], [ 76.74, 33.046 ], [ 76.75, 33.057 ], [ 76.743, 33.069 ], [ 76.753, 33.079 ], [ 76.746, 33.091 ], [ 76.756, 33.102 ], [ 76.75, 33.114 ], [ 76.759, 33.125 ], [ 76.753, 33.137 ], [ 76.763, 33.148 ], [ 76.756, 33.16 ], [ 76.766, 33.17 ], [ 76.759, 33.182 ], [ 76.743, 33.184 ], [ 76.734, 33.173 ], [ 76.718, 33.174 ], [ 76.708, 33.164 ], [ 76.692, 33.165 ], [ 76.686, 33.177 ], [ 76.67, 33.178 ], [ 76.66, 33.168 ], [ 76.644, 33.169 ], [ 76.634, 33.158 ], [ 76.618, 33.16 ], [ 76.612, 33.172 ], [ 76.621, 33.182 ], [ 76.615, 33.194 ], [ 76.599, 33.196 ], [ 76.593, 33.208 ], [ 76.577, 33.209 ], [ 76.567, 33.198 ], [ 76.551, 33.2 ], [ 76.541, 33.189 ], [ 76.525, 33.19 ], [ 76.516, 33.179 ], [ 76.5, 33.181 ], [ 76.49, 33.17 ], [ 76.474, 33.171 ], [ 76.467, 33.183 ], [ 76.451, 33.185 ], [ 76.442, 33.174 ], [ 76.426, 33.175 ], [ 76.419, 33.187 ], [ 76.403, 33.189 ], [ 76.394, 33.178 ], [ 76.4, 33.166 ], [ 76.391, 33.155 ], [ 76.374, 33.156 ], [ 76.365, 33.146 ], [ 76.349, 33.147 ], [ 76.339, 33.136 ], [ 76.323, 33.137 ], [ 76.314, 33.127 ], [ 76.32, 33.115 ], [ 76.311, 33.104 ], [ 76.295, 33.105 ], [ 76.285, 33.095 ], [ 76.291, 33.083 ], [ 76.282, 33.072 ], [ 76.288, 33.06 ], [ 76.279, 33.049 ], [ 76.285, 33.037 ], [ 76.276, 33.026 ], [ 76.26, 33.028 ], [ 76.25, 33.017 ], [ 76.234, 33.018 ], [ 76.228, 33.03 ], [ 76.212, 33.031 ], [ 76.202, 33.021 ], [ 76.186, 33.022 ], [ 76.177, 33.011 ], [ 76.161, 33.012 ], [ 76.151, 33.002 ], [ 76.135, 33.003 ], [ 76.128, 33.015 ], [ 76.112, 33.016 ], [ 76.103, 33.006 ], [ 76.109, 32.994 ], [ 76.1, 32.983 ], [ 76.106, 32.971 ], [ 76.097, 32.96 ], [ 76.081, 32.961 ], [ 76.071, 32.951 ], [ 76.055, 32.952 ], [ 76.046, 32.941 ], [ 76.052, 32.929 ], [ 76.043, 32.918 ], [ 76.027, 32.92 ], [ 76.017, 32.909 ], [ 76.024, 32.897 ], [ 76.04, 32.896 ], [ 76.049, 32.906 ], [ 76.065, 32.905 ], [ 76.075, 32.916 ], [ 76.091, 32.915 ], [ 76.1, 32.925 ], [ 76.116, 32.924 ], [ 76.126, 32.935 ], [ 76.142, 32.934 ], [ 76.151, 32.944 ], [ 76.167, 32.943 ], [ 76.174, 32.931 ], [ 76.19, 32.93 ], [ 76.196, 32.918 ], [ 76.187, 32.907 ], [ 76.193, 32.895 ], [ 76.209, 32.894 ], [ 76.216, 32.882 ], [ 76.206, 32.871 ], [ 76.213, 32.859 ], [ 76.203, 32.848 ], [ 76.21, 32.836 ], [ 76.2, 32.826 ], [ 76.184, 32.827 ], [ 76.175, 32.816 ], [ 76.181, 32.804 ], [ 76.172, 32.794 ], [ 76.178, 32.782 ], [ 76.194, 32.78 ], [ 76.201, 32.768 ], [ 76.191, 32.758 ], [ 76.198, 32.746 ], [ 76.188, 32.735 ], [ 76.195, 32.723 ], [ 76.211, 32.722 ], [ 76.217, 32.71 ], [ 76.208, 32.699 ], [ 76.214, 32.687 ], [ 76.23, 32.686 ], [ 76.236, 32.674 ], [ 76.227, 32.663 ], [ 76.233, 32.651 ], [ 76.249, 32.65 ], [ 76.256, 32.638 ], [ 76.246, 32.627 ], [ 76.253, 32.615 ], [ 76.269, 32.614 ], [ 76.275, 32.602 ], [ 76.266, 32.591 ], [ 76.272, 32.579 ], [ 76.288, 32.578 ], [ 76.294, 32.566 ], [ 76.285, 32.556 ], [ 76.291, 32.544 ], [ 76.307, 32.542 ], [ 76.314, 32.53 ], [ 76.329, 32.529 ], [ 76.336, 32.517 ], [ 76.352, 32.516 ], [ 76.358, 32.504 ], [ 76.374, 32.503 ], [ 76.384, 32.513 ], [ 76.399, 32.512 ], [ 76.406, 32.5 ], [ 76.422, 32.499 ], [ 76.431, 32.509 ], [ 76.447, 32.508 ], [ 76.454, 32.496 ], [ 76.469, 32.495 ], [ 76.476, 32.483 ], [ 76.492, 32.482 ], [ 76.501, 32.492 ], [ 76.517, 32.491 ], [ 76.523, 32.479 ], [ 76.539, 32.478 ], [ 76.546, 32.466 ], [ 76.562, 32.465 ], [ 76.571, 32.475 ], [ 76.587, 32.474 ], [ 76.593, 32.462 ], [ 76.584, 32.451 ], [ 76.568, 32.453 ], [ 76.558, 32.442 ], [ 76.543, 32.443 ], [ 76.533, 32.433 ], [ 76.517, 32.434 ], [ 76.508, 32.423 ], [ 76.492, 32.425 ], [ 76.485, 32.436 ], [ 76.47, 32.438 ], [ 76.46, 32.427 ], [ 76.444, 32.428 ], [ 76.435, 32.418 ], [ 76.419, 32.419 ], [ 76.412, 32.431 ], [ 76.397, 32.432 ], [ 76.387, 32.422 ], [ 76.371, 32.423 ], [ 76.365, 32.435 ], [ 76.349, 32.436 ], [ 76.343, 32.448 ], [ 76.327, 32.449 ], [ 76.317, 32.439 ], [ 76.301, 32.44 ], [ 76.295, 32.452 ], [ 76.279, 32.453 ], [ 76.27, 32.442 ], [ 76.254, 32.444 ], [ 76.244, 32.433 ], [ 76.228, 32.434 ], [ 76.222, 32.446 ], [ 76.206, 32.447 ], [ 76.197, 32.437 ], [ 76.203, 32.425 ], [ 76.194, 32.414 ], [ 76.2, 32.402 ], [ 76.216, 32.401 ], [ 76.222, 32.389 ], [ 76.238, 32.388 ], [ 76.248, 32.398 ], [ 76.264, 32.397 ], [ 76.27, 32.385 ], [ 76.26, 32.375 ], [ 76.267, 32.363 ], [ 76.283, 32.361 ], [ 76.289, 32.349 ], [ 76.305, 32.348 ], [ 76.311, 32.336 ], [ 76.327, 32.335 ], [ 76.334, 32.323 ], [ 76.349, 32.322 ], [ 76.356, 32.31 ], [ 76.372, 32.309 ], [ 76.378, 32.297 ], [ 76.394, 32.295 ], [ 76.4, 32.283 ], [ 76.416, 32.282 ], [ 76.423, 32.27 ], [ 76.438, 32.269 ], [ 76.445, 32.257 ], [ 76.461, 32.256 ], [ 76.467, 32.244 ], [ 76.483, 32.242 ], [ 76.489, 32.231 ], [ 76.505, 32.229 ], [ 76.514, 32.24 ], [ 76.53, 32.239 ], [ 76.537, 32.227 ], [ 76.552, 32.225 ], [ 76.559, 32.213 ], [ 76.575, 32.212 ], [ 76.584, 32.223 ], [ 76.6, 32.222 ], [ 76.606, 32.21 ], [ 76.622, 32.208 ], [ 76.628, 32.196 ], [ 76.644, 32.195 ], [ 76.65, 32.183 ], [ 76.666, 32.182 ], [ 76.676, 32.192 ], [ 76.691, 32.191 ], [ 76.701, 32.202 ], [ 76.717, 32.201 ], [ 76.723, 32.189 ], [ 76.739, 32.187 ], [ 76.748, 32.198 ], [ 76.764, 32.197 ], [ 76.774, 32.207 ], [ 76.767, 32.219 ], [ 76.777, 32.23 ], [ 76.771, 32.242 ], [ 76.78, 32.252 ], [ 76.774, 32.264 ], [ 76.783, 32.275 ], [ 76.777, 32.287 ], [ 76.786, 32.297 ], [ 76.78, 32.309 ], [ 76.79, 32.32 ], [ 76.783, 32.332 ], [ 76.768, 32.333 ], [ 76.761, 32.345 ], [ 76.771, 32.356 ], [ 76.764, 32.368 ], [ 76.774, 32.378 ], [ 76.79, 32.377 ], [ 76.799, 32.388 ], [ 76.793, 32.4 ], [ 76.803, 32.41 ], [ 76.818, 32.409 ], [ 76.828, 32.42 ], [ 76.822, 32.432 ], [ 76.831, 32.442 ], [ 76.847, 32.441 ], [ 76.857, 32.452 ], [ 76.85, 32.464 ], [ 76.86, 32.474 ], [ 76.853, 32.486 ], [ 76.863, 32.497 ], [ 76.857, 32.509 ], [ 76.866, 32.519 ], [ 76.86, 32.531 ], [ 76.844, 32.533 ], [ 76.835, 32.522 ], [ 76.819, 32.523 ], [ 76.812, 32.535 ], [ 76.796, 32.537 ], [ 76.79, 32.549 ], [ 76.774, 32.55 ], [ 76.765, 32.539 ], [ 76.749, 32.541 ], [ 76.743, 32.553 ], [ 76.727, 32.554 ], [ 76.717, 32.543 ], [ 76.701, 32.545 ], [ 76.695, 32.557 ], [ 76.679, 32.558 ], [ 76.673, 32.57 ], [ 76.657, 32.571 ], [ 76.65, 32.583 ], [ 76.634, 32.584 ], [ 76.628, 32.596 ], [ 76.612, 32.598 ], [ 76.606, 32.61 ], [ 76.59, 32.611 ], [ 76.584, 32.623 ], [ 76.593, 32.634 ], [ 76.587, 32.646 ], [ 76.571, 32.647 ], [ 76.564, 32.659 ], [ 76.549, 32.66 ], [ 76.539, 32.65 ], [ 76.523, 32.651 ], [ 76.517, 32.663 ], [ 76.501, 32.664 ], [ 76.491, 32.653 ], [ 76.475, 32.655 ], [ 76.466, 32.644 ], [ 76.45, 32.645 ], [ 76.443, 32.657 ], [ 76.453, 32.668 ], [ 76.447, 32.68 ], [ 76.431, 32.681 ], [ 76.424, 32.693 ], [ 76.434, 32.704 ], [ 76.427, 32.716 ], [ 76.411, 32.717 ], [ 76.405, 32.729 ], [ 76.414, 32.74 ], [ 76.408, 32.752 ], [ 76.392, 32.753 ], [ 76.386, 32.765 ], [ 76.395, 32.776 ], [ 76.389, 32.788 ], [ 76.373, 32.789 ] ] ] ] } },
{ "type": "Feature", "properties": { "POLYGON.ID": 164.0, "subregion": "India--Himachal Pradesh--Hamirpur--Foothills", "POLYGON": "India--Himachal Pradesh--Hamirpur--Foothills", "SHOW": "1", "FILTER": "Not-Assigned", "FILTER.ID": null, "OLD.POLYGON": null, "STATE": "Himachal Pradesh", "COUNTY": "Mirpur", "OWNER": null }, "geometry": { "type": "MultiPolygon", "coordinates": [ [ [ [ 76.478, 31.685 ], [ 76.484, 31.673 ], [ 76.475, 31.663 ], [ 76.481, 31.651 ], [ 76.472, 31.64 ], [ 76.478, 31.628 ], [ 76.469, 31.618 ], [ 76.475, 31.606 ], [ 76.466, 31.595 ], [ 76.472, 31.583 ], [ 76.463, 31.573 ], [ 76.447, 31.574 ], [ 76.438, 31.563 ], [ 76.444, 31.552 ], [ 76.434, 31.541 ], [ 76.441, 31.529 ], [ 76.431, 31.518 ], [ 76.438, 31.507 ], [ 76.453, 31.505 ], [ 76.46, 31.494 ], [ 76.475, 31.492 ], [ 76.482, 31.48 ], [ 76.497, 31.479 ], [ 76.503, 31.467 ], [ 76.519, 31.466 ], [ 76.525, 31.454 ], [ 76.541, 31.453 ], [ 76.547, 31.441 ], [ 76.563, 31.44 ], [ 76.569, 31.428 ], [ 76.585, 31.427 ], [ 76.591, 31.415 ], [ 76.607, 31.414 ], [ 76.616, 31.424 ], [ 76.61, 31.436 ], [ 76.619, 31.447 ], [ 76.613, 31.458 ], [ 76.622, 31.469 ], [ 76.616, 31.481 ], [ 76.625, 31.491 ], [ 76.619, 31.503 ], [ 76.629, 31.514 ], [ 76.622, 31.526 ], [ 76.607, 31.527 ], [ 76.6, 31.539 ], [ 76.61, 31.549 ], [ 76.603, 31.561 ], [ 76.613, 31.572 ], [ 76.628, 31.571 ], [ 76.638, 31.581 ], [ 76.654, 31.58 ], [ 76.663, 31.59 ], [ 76.679, 31.589 ], [ 76.688, 31.6 ], [ 76.704, 31.598 ], [ 76.71, 31.587 ], [ 76.726, 31.585 ], [ 76.735, 31.596 ], [ 76.729, 31.608 ], [ 76.713, 31.609 ], [ 76.707, 31.621 ], [ 76.716, 31.631 ], [ 76.71, 31.643 ], [ 76.719, 31.654 ], [ 76.713, 31.666 ], [ 76.697, 31.667 ], [ 76.691, 31.679 ], [ 76.701, 31.69 ], [ 76.694, 31.701 ], [ 76.679, 31.703 ], [ 76.672, 31.715 ], [ 76.657, 31.716 ], [ 76.65, 31.728 ], [ 76.66, 31.738 ], [ 76.654, 31.75 ], [ 76.638, 31.752 ], [ 76.632, 31.763 ], [ 76.616, 31.765 ], [ 76.61, 31.777 ], [ 76.619, 31.787 ], [ 76.613, 31.799 ], [ 76.622, 31.81 ], [ 76.616, 31.822 ], [ 76.625, 31.832 ], [ 76.619, 31.844 ], [ 76.628, 31.855 ], [ 76.622, 31.867 ], [ 76.632, 31.877 ], [ 76.625, 31.889 ], [ 76.609, 31.89 ], [ 76.6, 31.88 ], [ 76.584, 31.881 ], [ 76.575, 31.87 ], [ 76.559, 31.872 ], [ 76.55, 31.861 ], [ 76.534, 31.862 ], [ 76.525, 31.852 ], [ 76.509, 31.853 ], [ 76.5, 31.842 ], [ 76.484, 31.844 ], [ 76.474, 31.833 ], [ 76.481, 31.821 ], [ 76.471, 31.811 ], [ 76.456, 31.812 ], [ 76.446, 31.801 ], [ 76.43, 31.802 ], [ 76.421, 31.792 ], [ 76.427, 31.78 ], [ 76.443, 31.779 ], [ 76.449, 31.767 ], [ 76.44, 31.756 ], [ 76.446, 31.744 ], [ 76.437, 31.734 ], [ 76.443, 31.722 ], [ 76.434, 31.711 ], [ 76.44, 31.699 ], [ 76.456, 31.698 ], [ 76.462, 31.686 ], [ 76.478, 31.685 ] ] ] ] } },
{ "type": "Feature", "properties": { "POLYGON.ID": 165.0, "subregion": "India--Himachal Pradesh--Kangra--mid Himalaya", "POLYGON": "India--Himachal Pradesh--Kangra--mid Himalaya", "SHOW": "1", "FILTER": "Not-Assigned", "FILTER.ID": null, "OLD.POLYGON": null, "STATE": "Himachal Pradesh", "COUNTY": "Kangra", "OWNER": null }, "geometry": { "type": "MultiPolygon", "coordinates": [ [ [ [ 76.717, 32.029 ], [ 76.726, 32.04 ], [ 76.742, 32.039 ], [ 76.751, 32.049 ], [ 76.767, 32.048 ], [ 76.777, 32.059 ], [ 76.77, 32.071 ], [ 76.78, 32.081 ], [ 76.773, 32.093 ], [ 76.758, 32.094 ], [ 76.751, 32.106 ], [ 76.736, 32.108 ], [ 76.729, 32.12 ], [ 76.714, 32.121 ], [ 76.707, 32.133 ], [ 76.691, 32.134 ], [ 76.682, 32.124 ], [ 76.666, 32.125 ], [ 76.66, 32.137 ], [ 76.644, 32.138 ], [ 76.635, 32.127 ], [ 76.619, 32.129 ], [ 76.612, 32.141 ], [ 76.597, 32.142 ], [ 76.59, 32.154 ], [ 76.575, 32.155 ], [ 76.568, 32.167 ], [ 76.552, 32.168 ], [ 76.546, 32.18 ], [ 76.53, 32.182 ], [ 76.521, 32.171 ], [ 76.505, 32.172 ], [ 76.499, 32.184 ], [ 76.483, 32.185 ], [ 76.477, 32.197 ], [ 76.461, 32.199 ], [ 76.454, 32.211 ], [ 76.439, 32.212 ], [ 76.432, 32.224 ], [ 76.416, 32.225 ], [ 76.41, 32.237 ], [ 76.394, 32.238 ], [ 76.388, 32.25 ], [ 76.372, 32.251 ], [ 76.366, 32.263 ], [ 76.35, 32.265 ], [ 76.343, 32.277 ], [ 76.328, 32.278 ], [ 76.321, 32.29 ], [ 76.305, 32.291 ], [ 76.299, 32.303 ], [ 76.283, 32.304 ], [ 76.277, 32.316 ], [ 76.261, 32.317 ], [ 76.254, 32.329 ], [ 76.239, 32.331 ], [ 76.232, 32.342 ], [ 76.216, 32.344 ], [ 76.21, 32.356 ], [ 76.194, 32.357 ], [ 76.185, 32.346 ], [ 76.169, 32.347 ], [ 76.159, 32.337 ], [ 76.166, 32.325 ], [ 76.156, 32.314 ], [ 76.163, 32.302 ], [ 76.153, 32.292 ], [ 76.16, 32.28 ], [ 76.176, 32.278 ], [ 76.182, 32.266 ], [ 76.173, 32.256 ], [ 76.179, 32.244 ], [ 76.195, 32.243 ], [ 76.201, 32.231 ], [ 76.217, 32.229 ], [ 76.226, 32.24 ], [ 76.242, 32.239 ], [ 76.249, 32.227 ], [ 76.265, 32.226 ], [ 76.271, 32.214 ], [ 76.287, 32.213 ], [ 76.293, 32.201 ], [ 76.309, 32.199 ], [ 76.315, 32.187 ], [ 76.331, 32.186 ], [ 76.341, 32.197 ], [ 76.356, 32.196 ], [ 76.366, 32.206 ], [ 76.382, 32.205 ], [ 76.388, 32.193 ], [ 76.404, 32.192 ], [ 76.41, 32.18 ], [ 76.426, 32.179 ], [ 76.432, 32.167 ], [ 76.448, 32.165 ], [ 76.455, 32.154 ], [ 76.47, 32.152 ], [ 76.477, 32.14 ], [ 76.467, 32.13 ], [ 76.474, 32.118 ], [ 76.489, 32.116 ], [ 76.496, 32.105 ], [ 76.512, 32.103 ], [ 76.521, 32.114 ], [ 76.537, 32.113 ], [ 76.543, 32.101 ], [ 76.559, 32.099 ], [ 76.565, 32.088 ], [ 76.581, 32.086 ], [ 76.587, 32.074 ], [ 76.603, 32.073 ], [ 76.613, 32.084 ], [ 76.628, 32.082 ], [ 76.635, 32.07 ], [ 76.65, 32.069 ], [ 76.657, 32.057 ], [ 76.647, 32.047 ], [ 76.654, 32.035 ], [ 76.669, 32.033 ], [ 76.679, 32.044 ], [ 76.695, 32.043 ], [ 76.701, 32.031 ], [ 76.717, 32.029 ] ] ] ] } },
{ "type": "Feature", "properties": { "POLYGON.ID": 166.0, "subregion": "India--Himachal Pradesh--Kinnaur--Trans Himalaya", "POLYGON": "India--Himachal Pradesh--Kinnaur--Trans Himalaya", "SHOW": "1", "FILTER": "Not-Assigned", "FILTER.ID": null, "OLD.POLYGON": null, "STATE": "Himachal Pradesh", "COUNTY": "Kinnaur", "OWNER": null }, "geometry": { "type": "MultiPolygon", "coordinates": [ [ [ [ 78.571, 32.067 ], [ 78.561, 32.057 ], [ 78.545, 32.058 ], [ 78.535, 32.048 ], [ 78.52, 32.049 ], [ 78.51, 32.039 ], [ 78.494, 32.041 ], [ 78.488, 32.053 ], [ 78.473, 32.054 ], [ 78.467, 32.066 ], [ 78.451, 32.068 ], [ 78.441, 32.057 ], [ 78.447, 32.045 ], [ 78.438, 32.035 ], [ 78.444, 32.023 ], [ 78.434, 32.012 ], [ 78.44, 32.0 ], [ 78.43, 31.99 ], [ 78.436, 31.978 ], [ 78.452, 31.976 ], [ 78.458, 31.964 ], [ 78.448, 31.954 ], [ 78.454, 31.942 ], [ 78.444, 31.931 ], [ 78.429, 31.933 ], [ 78.423, 31.945 ], [ 78.407, 31.946 ], [ 78.401, 31.958 ], [ 78.385, 31.96 ], [ 78.376, 31.949 ], [ 78.36, 31.951 ], [ 78.35, 31.94 ], [ 78.335, 31.942 ], [ 78.325, 31.932 ], [ 78.309, 31.933 ], [ 78.3, 31.923 ], [ 78.284, 31.924 ], [ 78.278, 31.936 ], [ 78.263, 31.937 ], [ 78.253, 31.927 ], [ 78.237, 31.929 ], [ 78.231, 31.94 ], [ 78.216, 31.942 ], [ 78.206, 31.931 ], [ 78.19, 31.933 ], [ 78.181, 31.922 ], [ 78.187, 31.911 ], [ 78.177, 31.9 ], [ 78.183, 31.888 ], [ 78.173, 31.878 ], [ 78.179, 31.866 ], [ 78.17, 31.855 ], [ 78.154, 31.857 ], [ 78.148, 31.869 ], [ 78.132, 31.87 ], [ 78.123, 31.86 ], [ 78.107, 31.861 ], [ 78.097, 31.851 ], [ 78.103, 31.839 ], [ 78.094, 31.828 ], [ 78.1, 31.816 ], [ 78.09, 31.806 ], [ 78.096, 31.794 ], [ 78.087, 31.783 ], [ 78.071, 31.785 ], [ 78.061, 31.774 ], [ 78.046, 31.776 ], [ 78.036, 31.765 ], [ 78.042, 31.753 ], [ 78.058, 31.752 ], [ 78.067, 31.762 ], [ 78.083, 31.761 ], [ 78.089, 31.749 ], [ 78.105, 31.748 ], [ 78.114, 31.758 ], [ 78.13, 31.757 ], [ 78.136, 31.745 ], [ 78.151, 31.743 ], [ 78.157, 31.731 ], [ 78.148, 31.721 ], [ 78.154, 31.709 ], [ 78.169, 31.707 ], [ 78.175, 31.695 ], [ 78.191, 31.694 ], [ 78.197, 31.682 ], [ 78.212, 31.681 ], [ 78.218, 31.669 ], [ 78.234, 31.667 ], [ 78.244, 31.678 ], [ 78.259, 31.676 ], [ 78.265, 31.664 ], [ 78.281, 31.663 ], [ 78.29, 31.673 ], [ 78.306, 31.672 ], [ 78.312, 31.66 ], [ 78.328, 31.658 ], [ 78.333, 31.646 ], [ 78.349, 31.645 ], [ 78.359, 31.655 ], [ 78.374, 31.654 ], [ 78.38, 31.642 ], [ 78.396, 31.64 ], [ 78.402, 31.628 ], [ 78.417, 31.627 ], [ 78.423, 31.615 ], [ 78.414, 31.605 ], [ 78.419, 31.593 ], [ 78.435, 31.591 ], [ 78.441, 31.579 ], [ 78.456, 31.578 ], [ 78.462, 31.566 ], [ 78.453, 31.555 ], [ 78.459, 31.544 ], [ 78.449, 31.533 ], [ 78.433, 31.535 ], [ 78.428, 31.547 ], [ 78.412, 31.548 ], [ 78.402, 31.538 ], [ 78.387, 31.539 ], [ 78.377, 31.529 ], [ 78.362, 31.53 ], [ 78.352, 31.52 ], [ 78.336, 31.521 ], [ 78.327, 31.511 ], [ 78.311, 31.512 ], [ 78.302, 31.502 ], [ 78.308, 31.49 ], [ 78.298, 31.48 ], [ 78.282, 31.481 ], [ 78.273, 31.471 ], [ 78.279, 31.459 ], [ 78.294, 31.457 ], [ 78.3, 31.445 ], [ 78.316, 31.444 ], [ 78.322, 31.432 ], [ 78.337, 31.43 ], [ 78.343, 31.419 ], [ 78.359, 31.417 ], [ 78.368, 31.427 ], [ 78.384, 31.426 ], [ 78.39, 31.414 ], [ 78.405, 31.413 ], [ 78.411, 31.401 ], [ 78.427, 31.399 ], [ 78.433, 31.387 ], [ 78.448, 31.386 ], [ 78.454, 31.374 ], [ 78.469, 31.372 ], [ 78.475, 31.36 ], [ 78.491, 31.359 ], [ 78.497, 31.347 ], [ 78.512, 31.346 ], [ 78.518, 31.334 ], [ 78.508, 31.323 ], [ 78.514, 31.311 ], [ 78.505, 31.301 ], [ 78.511, 31.289 ], [ 78.501, 31.279 ], [ 78.507, 31.267 ], [ 78.522, 31.265 ], [ 78.528, 31.253 ], [ 78.544, 31.252 ], [ 78.553, 31.262 ], [ 78.569, 31.261 ], [ 78.575, 31.249 ], [ 78.59, 31.247 ], [ 78.6, 31.258 ], [ 78.615, 31.256 ], [ 78.621, 31.244 ], [ 78.611, 31.234 ], [ 78.617, 31.222 ], [ 78.633, 31.221 ], [ 78.639, 31.209 ], [ 78.654, 31.207 ], [ 78.66, 31.195 ], [ 78.675, 31.194 ], [ 78.685, 31.204 ], [ 78.7, 31.203 ], [ 78.706, 31.191 ], [ 78.722, 31.189 ], [ 78.731, 31.2 ], [ 78.747, 31.198 ], [ 78.752, 31.186 ], [ 78.768, 31.185 ], [ 78.778, 31.195 ], [ 78.793, 31.194 ], [ 78.803, 31.204 ], [ 78.818, 31.202 ], [ 78.824, 31.191 ], [ 78.814, 31.18 ], [ 78.82, 31.168 ], [ 78.835, 31.167 ], [ 78.841, 31.155 ], [ 78.832, 31.145 ], [ 78.837, 31.133 ], [ 78.853, 31.131 ], [ 78.859, 31.119 ], [ 78.874, 31.118 ], [ 78.88, 31.106 ], [ 78.895, 31.104 ], [ 78.905, 31.115 ], [ 78.92, 31.113 ], [ 78.926, 31.101 ], [ 78.941, 31.1 ], [ 78.951, 31.11 ], [ 78.967, 31.108 ], [ 78.976, 31.119 ], [ 78.992, 31.117 ], [ 79.001, 31.128 ], [ 78.995, 31.139 ], [ 79.005, 31.15 ], [ 78.999, 31.162 ], [ 78.984, 31.163 ], [ 78.978, 31.175 ], [ 78.963, 31.177 ], [ 78.957, 31.189 ], [ 78.967, 31.199 ], [ 78.961, 31.211 ], [ 78.945, 31.212 ], [ 78.94, 31.224 ], [ 78.924, 31.226 ], [ 78.918, 31.238 ], [ 78.928, 31.248 ], [ 78.922, 31.26 ], [ 78.907, 31.262 ], [ 78.897, 31.251 ], [ 78.882, 31.253 ], [ 78.876, 31.265 ], [ 78.886, 31.275 ], [ 78.88, 31.287 ], [ 78.889, 31.297 ], [ 78.884, 31.309 ], [ 78.868, 31.311 ], [ 78.862, 31.323 ], [ 78.847, 31.324 ], [ 78.837, 31.314 ], [ 78.822, 31.315 ], [ 78.816, 31.327 ], [ 78.8, 31.329 ], [ 78.795, 31.341 ], [ 78.779, 31.342 ], [ 78.773, 31.354 ], [ 78.783, 31.364 ], [ 78.777, 31.376 ], [ 78.787, 31.387 ], [ 78.781, 31.399 ], [ 78.791, 31.409 ], [ 78.785, 31.421 ], [ 78.795, 31.431 ], [ 78.81, 31.43 ], [ 78.82, 31.44 ], [ 78.814, 31.452 ], [ 78.798, 31.454 ], [ 78.793, 31.465 ], [ 78.777, 31.467 ], [ 78.771, 31.479 ], [ 78.781, 31.489 ], [ 78.775, 31.501 ], [ 78.76, 31.503 ], [ 78.75, 31.492 ], [ 78.734, 31.494 ], [ 78.728, 31.506 ], [ 78.738, 31.516 ], [ 78.732, 31.528 ], [ 78.742, 31.539 ], [ 78.758, 31.537 ], [ 78.763, 31.525 ], [ 78.779, 31.524 ], [ 78.789, 31.534 ], [ 78.783, 31.546 ], [ 78.792, 31.556 ], [ 78.808, 31.555 ], [ 78.818, 31.565 ], [ 78.833, 31.564 ], [ 78.843, 31.574 ], [ 78.837, 31.586 ], [ 78.847, 31.596 ], [ 78.862, 31.595 ], [ 78.872, 31.605 ], [ 78.866, 31.617 ], [ 78.851, 31.619 ], [ 78.845, 31.631 ], [ 78.829, 31.632 ], [ 78.823, 31.644 ], [ 78.808, 31.646 ], [ 78.802, 31.658 ], [ 78.812, 31.668 ], [ 78.806, 31.68 ], [ 78.816, 31.69 ], [ 78.81, 31.702 ], [ 78.794, 31.704 ], [ 78.784, 31.693 ], [ 78.769, 31.695 ], [ 78.763, 31.707 ], [ 78.773, 31.717 ], [ 78.767, 31.729 ], [ 78.751, 31.731 ], [ 78.745, 31.743 ], [ 78.755, 31.753 ], [ 78.749, 31.765 ], [ 78.734, 31.767 ], [ 78.728, 31.779 ], [ 78.712, 31.78 ], [ 78.706, 31.792 ], [ 78.716, 31.802 ], [ 78.732, 31.801 ], [ 78.741, 31.811 ], [ 78.735, 31.823 ], [ 78.745, 31.834 ], [ 78.761, 31.832 ], [ 78.77, 31.843 ], [ 78.765, 31.855 ], [ 78.774, 31.865 ], [ 78.768, 31.877 ], [ 78.753, 31.878 ], [ 78.747, 31.89 ], [ 78.757, 31.901 ], [ 78.772, 31.899 ], [ 78.782, 31.91 ], [ 78.776, 31.922 ], [ 78.786, 31.932 ], [ 78.78, 31.944 ], [ 78.79, 31.955 ], [ 78.784, 31.966 ], [ 78.794, 31.977 ], [ 78.788, 31.989 ], [ 78.798, 31.999 ], [ 78.792, 32.011 ], [ 78.776, 32.013 ], [ 78.77, 32.025 ], [ 78.754, 32.026 ], [ 78.745, 32.016 ], [ 78.729, 32.018 ], [ 78.723, 32.029 ], [ 78.733, 32.04 ], [ 78.727, 32.052 ], [ 78.737, 32.062 ], [ 78.731, 32.074 ], [ 78.715, 32.076 ], [ 78.709, 32.088 ], [ 78.694, 32.089 ], [ 78.688, 32.101 ], [ 78.672, 32.103 ], [ 78.662, 32.093 ], [ 78.668, 32.081 ], [ 78.659, 32.07 ], [ 78.643, 32.072 ], [ 78.633, 32.061 ], [ 78.618, 32.063 ], [ 78.608, 32.052 ], [ 78.592, 32.054 ], [ 78.586, 32.066 ], [ 78.571, 32.067 ] ] ] ] } },
{ "type": "Feature", "properties": { "POLYGON.ID": 167.0, "subregion": "India--Himachal Pradesh--Kullu--high Himalaya", "POLYGON": "India--Himachal Pradesh--Kullu--high Himalaya", "SHOW": "1", "FILTER": "Not-Assigned", "FILTER.ID": null, "OLD.POLYGON": null, "STATE": "Himachal Pradesh", "COUNTY": "Kullu", "OWNER": null }, "geometry": { "type": "MultiPolygon", "coordinates": [ [ [ [ 77.198, 32.32 ], [ 77.188, 32.309 ], [ 77.194, 32.297 ], [ 77.21, 32.296 ], [ 77.217, 32.284 ], [ 77.207, 32.273 ], [ 77.213, 32.261 ], [ 77.204, 32.251 ], [ 77.21, 32.239 ], [ 77.2, 32.228 ], [ 77.206, 32.216 ], [ 77.197, 32.205 ], [ 77.203, 32.193 ], [ 77.194, 32.183 ], [ 77.2, 32.171 ], [ 77.19, 32.16 ], [ 77.196, 32.148 ], [ 77.187, 32.138 ], [ 77.193, 32.126 ], [ 77.184, 32.115 ], [ 77.168, 32.117 ], [ 77.158, 32.106 ], [ 77.164, 32.094 ], [ 77.155, 32.084 ], [ 77.161, 32.072 ], [ 77.152, 32.061 ], [ 77.158, 32.049 ], [ 77.148, 32.039 ], [ 77.154, 32.027 ], [ 77.145, 32.016 ], [ 77.151, 32.004 ], [ 77.167, 32.003 ], [ 77.173, 31.991 ], [ 77.164, 31.98 ], [ 77.17, 31.968 ], [ 77.185, 31.967 ], [ 77.192, 31.955 ], [ 77.207, 31.954 ], [ 77.214, 31.942 ], [ 77.204, 31.931 ], [ 77.21, 31.919 ], [ 77.226, 31.918 ], [ 77.232, 31.906 ], [ 77.223, 31.895 ], [ 77.229, 31.884 ], [ 77.244, 31.882 ], [ 77.251, 31.87 ], [ 77.241, 31.86 ], [ 77.247, 31.848 ], [ 77.263, 31.846 ], [ 77.269, 31.835 ], [ 77.26, 31.824 ], [ 77.266, 31.812 ], [ 77.256, 31.802 ], [ 77.262, 31.79 ], [ 77.278, 31.788 ], [ 77.284, 31.776 ], [ 77.275, 31.766 ], [ 77.281, 31.754 ], [ 77.297, 31.753 ], [ 77.303, 31.741 ], [ 77.318, 31.739 ], [ 77.325, 31.727 ], [ 77.315, 31.717 ], [ 77.321, 31.705 ], [ 77.337, 31.704 ], [ 77.343, 31.692 ], [ 77.359, 31.69 ], [ 77.365, 31.678 ], [ 77.355, 31.668 ], [ 77.361, 31.656 ], [ 77.352, 31.645 ], [ 77.358, 31.634 ], [ 77.374, 31.632 ], [ 77.38, 31.62 ], [ 77.37, 31.61 ], [ 77.376, 31.598 ], [ 77.392, 31.597 ], [ 77.398, 31.585 ], [ 77.389, 31.574 ], [ 77.395, 31.562 ], [ 77.41, 31.561 ], [ 77.416, 31.549 ], [ 77.407, 31.538 ], [ 77.413, 31.527 ], [ 77.429, 31.525 ], [ 77.435, 31.513 ], [ 77.45, 31.512 ], [ 77.456, 31.5 ], [ 77.472, 31.499 ], [ 77.478, 31.487 ], [ 77.494, 31.485 ], [ 77.5, 31.474 ], [ 77.515, 31.472 ], [ 77.525, 31.483 ], [ 77.54, 31.481 ], [ 77.55, 31.492 ], [ 77.566, 31.49 ], [ 77.575, 31.501 ], [ 77.591, 31.499 ], [ 77.597, 31.488 ], [ 77.612, 31.486 ], [ 77.622, 31.497 ], [ 77.637, 31.495 ], [ 77.647, 31.506 ], [ 77.641, 31.518 ], [ 77.65, 31.528 ], [ 77.666, 31.527 ], [ 77.672, 31.515 ], [ 77.688, 31.513 ], [ 77.697, 31.524 ], [ 77.691, 31.536 ], [ 77.701, 31.546 ], [ 77.695, 31.558 ], [ 77.679, 31.56 ], [ 77.673, 31.571 ], [ 77.657, 31.573 ], [ 77.651, 31.585 ], [ 77.661, 31.595 ], [ 77.655, 31.607 ], [ 77.639, 31.609 ], [ 77.633, 31.62 ], [ 77.643, 31.631 ], [ 77.658, 31.63 ], [ 77.668, 31.64 ], [ 77.662, 31.652 ], [ 77.646, 31.653 ], [ 77.64, 31.665 ], [ 77.65, 31.676 ], [ 77.665, 31.674 ], [ 77.675, 31.685 ], [ 77.669, 31.697 ], [ 77.678, 31.707 ], [ 77.694, 31.706 ], [ 77.703, 31.716 ], [ 77.719, 31.715 ], [ 77.725, 31.703 ], [ 77.741, 31.702 ], [ 77.75, 31.712 ], [ 77.744, 31.724 ], [ 77.754, 31.735 ], [ 77.748, 31.746 ], [ 77.757, 31.757 ], [ 77.773, 31.756 ], [ 77.782, 31.766 ], [ 77.798, 31.765 ], [ 77.804, 31.753 ], [ 77.82, 31.751 ], [ 77.829, 31.762 ], [ 77.845, 31.76 ], [ 77.855, 31.771 ], [ 77.87, 31.769 ], [ 77.88, 31.78 ], [ 77.874, 31.792 ], [ 77.858, 31.793 ], [ 77.852, 31.805 ], [ 77.862, 31.816 ], [ 77.856, 31.828 ], [ 77.84, 31.829 ], [ 77.834, 31.841 ], [ 77.844, 31.851 ], [ 77.837, 31.863 ], [ 77.847, 31.874 ], [ 77.841, 31.886 ], [ 77.825, 31.887 ], [ 77.819, 31.899 ], [ 77.804, 31.901 ], [ 77.798, 31.913 ], [ 77.782, 31.914 ], [ 77.776, 31.926 ], [ 77.785, 31.936 ], [ 77.779, 31.948 ], [ 77.789, 31.959 ], [ 77.783, 31.971 ], [ 77.792, 31.981 ], [ 77.786, 31.993 ], [ 77.796, 32.004 ], [ 77.79, 32.016 ], [ 77.8, 32.026 ], [ 77.793, 32.038 ], [ 77.778, 32.04 ], [ 77.772, 32.052 ], [ 77.756, 32.053 ], [ 77.75, 32.065 ], [ 77.76, 32.076 ], [ 77.753, 32.087 ], [ 77.738, 32.089 ], [ 77.732, 32.101 ], [ 77.716, 32.102 ], [ 77.706, 32.092 ], [ 77.691, 32.093 ], [ 77.684, 32.105 ], [ 77.669, 32.107 ], [ 77.663, 32.119 ], [ 77.672, 32.129 ], [ 77.666, 32.141 ], [ 77.65, 32.142 ], [ 77.644, 32.154 ], [ 77.629, 32.156 ], [ 77.622, 32.168 ], [ 77.607, 32.169 ], [ 77.601, 32.181 ], [ 77.585, 32.183 ], [ 77.579, 32.195 ], [ 77.563, 32.196 ], [ 77.557, 32.208 ], [ 77.541, 32.209 ], [ 77.531, 32.199 ], [ 77.516, 32.2 ], [ 77.509, 32.212 ], [ 77.494, 32.214 ], [ 77.488, 32.226 ], [ 77.472, 32.227 ], [ 77.462, 32.216 ], [ 77.468, 32.204 ], [ 77.459, 32.194 ], [ 77.443, 32.195 ], [ 77.433, 32.185 ], [ 77.418, 32.186 ], [ 77.411, 32.198 ], [ 77.396, 32.199 ], [ 77.39, 32.211 ], [ 77.374, 32.213 ], [ 77.368, 32.225 ], [ 77.352, 32.226 ], [ 77.346, 32.238 ], [ 77.355, 32.249 ], [ 77.349, 32.261 ], [ 77.359, 32.271 ], [ 77.352, 32.283 ], [ 77.337, 32.285 ], [ 77.33, 32.297 ], [ 77.34, 32.307 ], [ 77.334, 32.319 ], [ 77.318, 32.32 ], [ 77.312, 32.332 ], [ 77.296, 32.334 ], [ 77.29, 32.346 ], [ 77.274, 32.347 ], [ 77.268, 32.359 ], [ 77.252, 32.361 ], [ 77.246, 32.373 ], [ 77.23, 32.374 ], [ 77.224, 32.386 ], [ 77.208, 32.387 ], [ 77.202, 32.399 ], [ 77.186, 32.401 ], [ 77.18, 32.413 ], [ 77.164, 32.414 ], [ 77.154, 32.403 ], [ 77.138, 32.405 ], [ 77.129, 32.394 ], [ 77.113, 32.395 ], [ 77.107, 32.407 ], [ 77.091, 32.409 ], [ 77.081, 32.398 ], [ 77.088, 32.386 ], [ 77.078, 32.376 ], [ 77.062, 32.377 ], [ 77.053, 32.366 ], [ 77.059, 32.354 ], [ 77.049, 32.344 ], [ 77.056, 32.332 ], [ 77.046, 32.321 ], [ 77.052, 32.309 ], [ 77.043, 32.299 ], [ 77.049, 32.287 ], [ 77.039, 32.276 ], [ 77.024, 32.277 ], [ 77.014, 32.267 ], [ 77.02, 32.255 ], [ 77.036, 32.254 ], [ 77.042, 32.242 ], [ 77.033, 32.231 ], [ 77.039, 32.219 ], [ 77.03, 32.208 ], [ 77.014, 32.21 ], [ 77.004, 32.199 ], [ 77.01, 32.187 ], [ 77.001, 32.177 ], [ 76.985, 32.178 ], [ 76.976, 32.167 ], [ 76.982, 32.155 ], [ 76.972, 32.145 ], [ 76.979, 32.133 ], [ 76.969, 32.122 ], [ 76.953, 32.124 ], [ 76.944, 32.113 ], [ 76.95, 32.101 ], [ 76.941, 32.091 ], [ 76.947, 32.079 ], [ 76.963, 32.077 ], [ 76.969, 32.065 ], [ 76.959, 32.055 ], [ 76.966, 32.043 ], [ 76.981, 32.041 ], [ 76.988, 32.03 ], [ 77.003, 32.028 ], [ 77.01, 32.016 ], [ 77.025, 32.015 ], [ 77.032, 32.003 ], [ 77.022, 31.992 ], [ 77.028, 31.981 ], [ 77.044, 31.979 ], [ 77.053, 31.99 ], [ 77.069, 31.988 ], [ 77.079, 31.999 ], [ 77.094, 31.998 ], [ 77.104, 32.008 ], [ 77.098, 32.02 ], [ 77.107, 32.031 ], [ 77.101, 32.043 ], [ 77.111, 32.053 ], [ 77.104, 32.065 ], [ 77.114, 32.076 ], [ 77.108, 32.088 ], [ 77.117, 32.098 ], [ 77.111, 32.11 ], [ 77.121, 32.121 ], [ 77.136, 32.119 ], [ 77.146, 32.13 ], [ 77.14, 32.142 ], [ 77.149, 32.153 ], [ 77.143, 32.164 ], [ 77.152, 32.175 ], [ 77.146, 32.187 ], [ 77.156, 32.198 ], [ 77.15, 32.21 ], [ 77.159, 32.22 ], [ 77.153, 32.232 ], [ 77.162, 32.243 ], [ 77.156, 32.255 ], [ 77.166, 32.265 ], [ 77.16, 32.277 ], [ 77.144, 32.279 ], [ 77.138, 32.29 ], [ 77.147, 32.301 ], [ 77.141, 32.313 ], [ 77.15, 32.324 ], [ 77.144, 32.336 ], [ 77.154, 32.346 ], [ 77.17, 32.345 ], [ 77.176, 32.333 ], [ 77.192, 32.332 ], [ 77.198, 32.32 ] ] ] ] } },
{ "type": "Feature", "properties": { "POLYGON.ID": 168.0, "subregion": "India--Himachal Pradesh--Mandi--mid Himalaya", "POLYGON": "India--Himachal Pradesh--Mandi--mid Himalaya", "SHOW": "1", "FILTER": "Not-Assigned", "FILTER.ID": null, "OLD.POLYGON": null, "STATE": "Himachal Pradesh", "COUNTY": "Mandi", "OWNER": null }, "geometry": { "type": "MultiPolygon", "coordinates": [ [ [ [ 76.77, 32.014 ], [ 76.786, 32.012 ], [ 76.792, 32.0 ], [ 76.808, 31.999 ], [ 76.814, 31.987 ], [ 76.83, 31.986 ], [ 76.836, 31.974 ], [ 76.852, 31.973 ], [ 76.858, 31.961 ], [ 76.874, 31.959 ], [ 76.88, 31.948 ], [ 76.896, 31.946 ], [ 76.902, 31.934 ], [ 76.893, 31.924 ], [ 76.899, 31.912 ], [ 76.915, 31.91 ], [ 76.921, 31.899 ], [ 76.911, 31.888 ], [ 76.918, 31.876 ], [ 76.933, 31.875 ], [ 76.94, 31.863 ], [ 76.93, 31.852 ], [ 76.936, 31.84 ], [ 76.952, 31.839 ], [ 76.958, 31.827 ], [ 76.949, 31.817 ], [ 76.955, 31.805 ], [ 76.946, 31.794 ], [ 76.952, 31.782 ], [ 76.942, 31.772 ], [ 76.949, 31.76 ], [ 76.939, 31.749 ], [ 76.945, 31.737 ], [ 76.936, 31.727 ], [ 76.942, 31.715 ], [ 76.933, 31.704 ], [ 76.939, 31.692 ], [ 76.954, 31.691 ], [ 76.961, 31.679 ], [ 76.976, 31.678 ], [ 76.983, 31.666 ], [ 76.973, 31.655 ], [ 76.979, 31.644 ], [ 76.97, 31.633 ], [ 76.976, 31.621 ], [ 76.967, 31.611 ], [ 76.973, 31.599 ], [ 76.963, 31.588 ], [ 76.97, 31.576 ], [ 76.96, 31.566 ], [ 76.945, 31.567 ], [ 76.935, 31.556 ], [ 76.941, 31.545 ], [ 76.932, 31.534 ], [ 76.916, 31.535 ], [ 76.91, 31.547 ], [ 76.894, 31.549 ], [ 76.885, 31.538 ], [ 76.891, 31.526 ], [ 76.882, 31.516 ], [ 76.866, 31.517 ], [ 76.857, 31.506 ], [ 76.863, 31.494 ], [ 76.854, 31.484 ], [ 76.86, 31.472 ], [ 76.85, 31.461 ], [ 76.857, 31.45 ], [ 76.847, 31.439 ], [ 76.832, 31.44 ], [ 76.822, 31.43 ], [ 76.828, 31.418 ], [ 76.844, 31.417 ], [ 76.85, 31.405 ], [ 76.866, 31.404 ], [ 76.872, 31.392 ], [ 76.863, 31.381 ], [ 76.869, 31.369 ], [ 76.884, 31.368 ], [ 76.891, 31.356 ], [ 76.906, 31.355 ], [ 76.916, 31.365 ], [ 76.931, 31.364 ], [ 76.937, 31.352 ], [ 76.928, 31.342 ], [ 76.934, 31.33 ], [ 76.95, 31.329 ], [ 76.956, 31.317 ], [ 76.971, 31.315 ], [ 76.978, 31.304 ], [ 76.993, 31.302 ], [ 76.999, 31.29 ], [ 77.015, 31.289 ], [ 77.021, 31.277 ], [ 77.037, 31.276 ], [ 77.043, 31.264 ], [ 77.058, 31.263 ], [ 77.065, 31.251 ], [ 77.08, 31.25 ], [ 77.086, 31.238 ], [ 77.102, 31.236 ], [ 77.111, 31.247 ], [ 77.127, 31.246 ], [ 77.133, 31.234 ], [ 77.148, 31.232 ], [ 77.158, 31.243 ], [ 77.173, 31.242 ], [ 77.183, 31.252 ], [ 77.198, 31.251 ], [ 77.208, 31.261 ], [ 77.223, 31.26 ], [ 77.233, 31.27 ], [ 77.248, 31.269 ], [ 77.254, 31.257 ], [ 77.27, 31.256 ], [ 77.279, 31.266 ], [ 77.295, 31.265 ], [ 77.304, 31.275 ], [ 77.32, 31.274 ], [ 77.329, 31.285 ], [ 77.323, 31.296 ], [ 77.333, 31.307 ], [ 77.327, 31.319 ], [ 77.336, 31.329 ], [ 77.352, 31.328 ], [ 77.361, 31.338 ], [ 77.355, 31.35 ], [ 77.364, 31.361 ], [ 77.38, 31.359 ], [ 77.389, 31.37 ], [ 77.383, 31.382 ], [ 77.393, 31.392 ], [ 77.387, 31.404 ], [ 77.371, 31.406 ], [ 77.365, 31.417 ], [ 77.374, 31.428 ], [ 77.368, 31.44 ], [ 77.353, 31.441 ], [ 77.347, 31.453 ], [ 77.331, 31.454 ], [ 77.325, 31.466 ], [ 77.334, 31.477 ], [ 77.328, 31.489 ], [ 77.313, 31.49 ], [ 77.307, 31.502 ], [ 77.316, 31.512 ], [ 77.31, 31.524 ], [ 77.319, 31.535 ], [ 77.313, 31.547 ], [ 77.298, 31.548 ], [ 77.292, 31.56 ], [ 77.301, 31.57 ], [ 77.295, 31.582 ], [ 77.304, 31.593 ], [ 77.298, 31.605 ], [ 77.308, 31.615 ], [ 77.302, 31.627 ], [ 77.311, 31.638 ], [ 77.305, 31.65 ], [ 77.314, 31.66 ], [ 77.308, 31.672 ], [ 77.293, 31.673 ], [ 77.287, 31.685 ], [ 77.271, 31.687 ], [ 77.265, 31.699 ], [ 77.249, 31.7 ], [ 77.243, 31.712 ], [ 77.227, 31.713 ], [ 77.221, 31.725 ], [ 77.205, 31.726 ], [ 77.199, 31.738 ], [ 77.209, 31.749 ], [ 77.203, 31.761 ], [ 77.212, 31.771 ], [ 77.206, 31.783 ], [ 77.19, 31.785 ], [ 77.184, 31.796 ], [ 77.194, 31.807 ], [ 77.187, 31.819 ], [ 77.172, 31.82 ], [ 77.166, 31.832 ], [ 77.15, 31.834 ], [ 77.144, 31.845 ], [ 77.128, 31.847 ], [ 77.118, 31.836 ], [ 77.103, 31.838 ], [ 77.093, 31.827 ], [ 77.078, 31.828 ], [ 77.071, 31.84 ], [ 77.056, 31.842 ], [ 77.049, 31.853 ], [ 77.059, 31.864 ], [ 77.053, 31.876 ], [ 77.037, 31.877 ], [ 77.031, 31.889 ], [ 77.04, 31.9 ], [ 77.034, 31.912 ], [ 77.018, 31.913 ], [ 77.012, 31.925 ], [ 76.996, 31.926 ], [ 76.99, 31.938 ], [ 77.0, 31.949 ], [ 76.994, 31.961 ], [ 76.978, 31.962 ], [ 76.972, 31.974 ], [ 76.981, 31.985 ], [ 76.975, 31.996 ], [ 76.984, 32.007 ], [ 76.978, 32.019 ], [ 76.962, 32.02 ], [ 76.956, 32.032 ], [ 76.94, 32.034 ], [ 76.934, 32.045 ], [ 76.944, 32.056 ], [ 76.937, 32.068 ], [ 76.922, 32.069 ], [ 76.912, 32.059 ], [ 76.896, 32.06 ], [ 76.887, 32.049 ], [ 76.871, 32.051 ], [ 76.862, 32.04 ], [ 76.846, 32.042 ], [ 76.84, 32.053 ], [ 76.824, 32.055 ], [ 76.818, 32.067 ], [ 76.802, 32.068 ], [ 76.795, 32.08 ], [ 76.78, 32.081 ], [ 76.77, 32.071 ], [ 76.777, 32.059 ], [ 76.767, 32.048 ], [ 76.751, 32.049 ], [ 76.742, 32.039 ], [ 76.748, 32.027 ], [ 76.764, 32.026 ], [ 76.77, 32.014 ] ] ] ] } },
{ "type": "Feature", "properties": { "POLYGON.ID": 169.0, "subregion": "India--Himachal Pradesh--Shimla--Foothills", "POLYGON": "India--Himachal Pradesh--Shimla--Foothills", "SHOW": "1", "FILTER": "Not-Assigned", "FILTER.ID": null, "OLD.POLYGON": null, "STATE": "Himachal Pradesh", "COUNTY": "Shimla", "OWNER": null }, "geometry": { "type": "MultiPolygon", "coordinates": [ [ [ [ 77.273, 30.962 ], [ 77.283, 30.972 ], [ 77.277, 30.984 ], [ 77.261, 30.985 ], [ 77.255, 30.997 ], [ 77.265, 31.008 ], [ 77.258, 31.019 ], [ 77.243, 31.021 ], [ 77.237, 31.033 ], [ 77.246, 31.043 ], [ 77.24, 31.055 ], [ 77.25, 31.065 ], [ 77.243, 31.077 ], [ 77.253, 31.088 ], [ 77.247, 31.1 ], [ 77.256, 31.11 ], [ 77.25, 31.122 ], [ 77.235, 31.123 ], [ 77.225, 31.113 ], [ 77.21, 31.114 ], [ 77.2, 31.104 ], [ 77.185, 31.105 ], [ 77.175, 31.094 ], [ 77.16, 31.096 ], [ 77.15, 31.085 ], [ 77.135, 31.087 ], [ 77.129, 31.098 ], [ 77.113, 31.1 ], [ 77.107, 31.112 ], [ 77.092, 31.113 ], [ 77.085, 31.125 ], [ 77.095, 31.135 ], [ 77.089, 31.147 ], [ 77.073, 31.148 ], [ 77.067, 31.16 ], [ 77.052, 31.162 ], [ 77.045, 31.173 ], [ 77.03, 31.175 ], [ 77.02, 31.164 ], [ 77.027, 31.152 ], [ 77.017, 31.142 ], [ 77.023, 31.13 ], [ 77.014, 31.119 ], [ 77.02, 31.108 ], [ 77.036, 31.106 ], [ 77.042, 31.095 ], [ 77.032, 31.084 ], [ 77.039, 31.072 ], [ 77.054, 31.071 ], [ 77.063, 31.081 ], [ 77.079, 31.08 ], [ 77.085, 31.068 ], [ 77.076, 31.058 ], [ 77.082, 31.046 ], [ 77.097, 31.045 ], [ 77.103, 31.033 ], [ 77.119, 31.031 ], [ 77.125, 31.02 ], [ 77.141, 31.018 ], [ 77.147, 31.007 ], [ 77.162, 31.005 ], [ 77.168, 30.993 ], [ 77.184, 30.992 ], [ 77.193, 31.003 ], [ 77.209, 31.001 ], [ 77.215, 30.989 ], [ 77.205, 30.979 ], [ 77.211, 30.967 ], [ 77.227, 30.966 ], [ 77.233, 30.954 ], [ 77.249, 30.953 ], [ 77.255, 30.941 ], [ 77.27, 30.939 ], [ 77.279, 30.95 ], [ 77.273, 30.962 ] ] ] ] } },
{ "type": "Feature", "properties": { "POLYGON.ID": 170.0, "subregion": "India--Himachal Pradesh--Una--Shivaliks", "POLYGON": "India--Himachal Pradesh--Una--Shivaliks", "SHOW": "1", "FILTER": "Not-Assigned", "FILTER.ID": null, "OLD.POLYGON": null, "STATE": "Himachal Pradesh", "COUNTY": "Una", "OWNER": null }, "geometry": { "type": "MultiPolygon", "coordinates": [ [ [ [ 76.167, 31.789 ], [ 76.16, 31.801 ], [ 76.144, 31.802 ], [ 76.135, 31.792 ], [ 76.119, 31.793 ], [ 76.113, 31.805 ], [ 76.097, 31.806 ], [ 76.091, 31.818 ], [ 76.1, 31.829 ], [ 76.094, 31.84 ], [ 76.078, 31.842 ], [ 76.072, 31.854 ], [ 76.056, 31.855 ], [ 76.049, 31.867 ], [ 76.034, 31.868 ], [ 76.024, 31.857 ], [ 76.009, 31.858 ], [ 75.999, 31.848 ], [ 75.984, 31.849 ], [ 75.977, 31.861 ], [ 75.961, 31.862 ], [ 75.952, 31.851 ], [ 75.958, 31.84 ], [ 75.949, 31.829 ], [ 75.956, 31.817 ], [ 75.946, 31.806 ], [ 75.953, 31.794 ], [ 75.943, 31.784 ], [ 75.95, 31.772 ], [ 75.966, 31.771 ], [ 75.972, 31.759 ], [ 75.963, 31.748 ], [ 75.969, 31.736 ], [ 75.985, 31.735 ], [ 75.991, 31.723 ], [ 75.982, 31.713 ], [ 75.988, 31.701 ], [ 76.004, 31.7 ], [ 76.01, 31.688 ], [ 76.001, 31.677 ], [ 76.007, 31.665 ], [ 75.998, 31.655 ], [ 76.004, 31.643 ], [ 76.02, 31.642 ], [ 76.027, 31.63 ], [ 76.017, 31.619 ], [ 76.024, 31.607 ], [ 76.039, 31.606 ], [ 76.046, 31.594 ], [ 76.061, 31.593 ], [ 76.068, 31.581 ], [ 76.058, 31.571 ], [ 76.065, 31.559 ], [ 76.081, 31.558 ], [ 76.087, 31.546 ], [ 76.103, 31.544 ], [ 76.109, 31.533 ], [ 76.1, 31.522 ], [ 76.106, 31.51 ], [ 76.122, 31.509 ], [ 76.128, 31.497 ], [ 76.119, 31.487 ], [ 76.125, 31.475 ], [ 76.141, 31.473 ], [ 76.147, 31.462 ], [ 76.163, 31.46 ], [ 76.169, 31.449 ], [ 76.16, 31.438 ], [ 76.166, 31.426 ], [ 76.157, 31.416 ], [ 76.163, 31.404 ], [ 76.179, 31.403 ], [ 76.185, 31.391 ], [ 76.176, 31.38 ], [ 76.16, 31.381 ], [ 76.151, 31.371 ], [ 76.135, 31.372 ], [ 76.126, 31.361 ], [ 76.132, 31.35 ], [ 76.148, 31.348 ], [ 76.154, 31.336 ], [ 76.145, 31.326 ], [ 76.151, 31.314 ], [ 76.142, 31.303 ], [ 76.148, 31.292 ], [ 76.164, 31.29 ], [ 76.173, 31.301 ], [ 76.189, 31.3 ], [ 76.198, 31.31 ], [ 76.214, 31.309 ], [ 76.223, 31.32 ], [ 76.217, 31.332 ], [ 76.201, 31.333 ], [ 76.195, 31.345 ], [ 76.204, 31.355 ], [ 76.198, 31.367 ], [ 76.207, 31.378 ], [ 76.223, 31.376 ], [ 76.229, 31.365 ], [ 76.22, 31.354 ], [ 76.226, 31.342 ], [ 76.242, 31.341 ], [ 76.248, 31.329 ], [ 76.264, 31.328 ], [ 76.273, 31.338 ], [ 76.267, 31.35 ], [ 76.276, 31.361 ], [ 76.27, 31.373 ], [ 76.254, 31.374 ], [ 76.248, 31.386 ], [ 76.257, 31.396 ], [ 76.251, 31.408 ], [ 76.235, 31.409 ], [ 76.229, 31.421 ], [ 76.213, 31.422 ], [ 76.207, 31.434 ], [ 76.191, 31.436 ], [ 76.185, 31.447 ], [ 76.194, 31.458 ], [ 76.188, 31.47 ], [ 76.172, 31.471 ], [ 76.166, 31.483 ], [ 76.175, 31.493 ], [ 76.169, 31.505 ], [ 76.153, 31.507 ], [ 76.147, 31.518 ], [ 76.156, 31.529 ], [ 76.15, 31.541 ], [ 76.134, 31.542 ], [ 76.128, 31.554 ], [ 76.137, 31.564 ], [ 76.131, 31.576 ], [ 76.115, 31.578 ], [ 76.108, 31.589 ], [ 76.118, 31.6 ], [ 76.111, 31.612 ], [ 76.096, 31.613 ], [ 76.089, 31.625 ], [ 76.099, 31.636 ], [ 76.092, 31.647 ], [ 76.077, 31.649 ], [ 76.07, 31.66 ], [ 76.055, 31.662 ], [ 76.048, 31.674 ], [ 76.057, 31.684 ], [ 76.051, 31.696 ], [ 76.035, 31.697 ], [ 76.029, 31.709 ], [ 76.038, 31.72 ], [ 76.032, 31.732 ], [ 76.016, 31.733 ], [ 76.01, 31.745 ], [ 75.994, 31.746 ], [ 75.988, 31.758 ], [ 75.997, 31.768 ], [ 75.991, 31.78 ], [ 75.975, 31.781 ], [ 75.968, 31.793 ], [ 75.978, 31.804 ], [ 75.971, 31.816 ], [ 75.981, 31.826 ], [ 75.996, 31.825 ], [ 76.003, 31.813 ], [ 76.019, 31.812 ], [ 76.025, 31.8 ], [ 76.016, 31.79 ], [ 76.022, 31.778 ], [ 76.038, 31.777 ], [ 76.044, 31.765 ], [ 76.06, 31.763 ], [ 76.066, 31.752 ], [ 76.057, 31.741 ], [ 76.063, 31.729 ], [ 76.079, 31.728 ], [ 76.085, 31.716 ], [ 76.101, 31.715 ], [ 76.108, 31.703 ], [ 76.123, 31.702 ], [ 76.13, 31.69 ], [ 76.12, 31.679 ], [ 76.127, 31.667 ], [ 76.117, 31.657 ], [ 76.124, 31.645 ], [ 76.139, 31.644 ], [ 76.146, 31.632 ], [ 76.161, 31.631 ], [ 76.168, 31.619 ], [ 76.183, 31.618 ], [ 76.19, 31.606 ], [ 76.206, 31.605 ], [ 76.212, 31.593 ], [ 76.203, 31.582 ], [ 76.209, 31.57 ], [ 76.2, 31.56 ], [ 76.206, 31.548 ], [ 76.197, 31.537 ], [ 76.203, 31.525 ], [ 76.219, 31.524 ], [ 76.228, 31.535 ], [ 76.222, 31.547 ], [ 76.231, 31.557 ], [ 76.247, 31.556 ], [ 76.256, 31.566 ], [ 76.272, 31.565 ], [ 76.278, 31.553 ], [ 76.269, 31.543 ], [ 76.275, 31.531 ], [ 76.266, 31.52 ], [ 76.272, 31.509 ], [ 76.263, 31.498 ], [ 76.269, 31.486 ], [ 76.285, 31.485 ], [ 76.294, 31.495 ], [ 76.31, 31.494 ], [ 76.316, 31.482 ], [ 76.306, 31.472 ], [ 76.313, 31.46 ], [ 76.328, 31.459 ], [ 76.335, 31.447 ], [ 76.35, 31.446 ], [ 76.357, 31.434 ], [ 76.372, 31.433 ], [ 76.379, 31.421 ], [ 76.394, 31.419 ], [ 76.404, 31.43 ], [ 76.419, 31.429 ], [ 76.426, 31.417 ], [ 76.441, 31.416 ], [ 76.45, 31.426 ], [ 76.466, 31.425 ], [ 76.475, 31.436 ], [ 76.469, 31.447 ], [ 76.479, 31.458 ], [ 76.472, 31.47 ], [ 76.457, 31.471 ], [ 76.45, 31.483 ], [ 76.46, 31.494 ], [ 76.453, 31.505 ], [ 76.438, 31.507 ], [ 76.431, 31.518 ], [ 76.441, 31.529 ], [ 76.434, 31.541 ], [ 76.444, 31.552 ], [ 76.438, 31.563 ], [ 76.422, 31.565 ], [ 76.416, 31.576 ], [ 76.425, 31.587 ], [ 76.419, 31.599 ], [ 76.403, 31.6 ], [ 76.397, 31.612 ], [ 76.381, 31.613 ], [ 76.375, 31.625 ], [ 76.384, 31.636 ], [ 76.378, 31.648 ], [ 76.362, 31.649 ], [ 76.356, 31.661 ], [ 76.34, 31.662 ], [ 76.334, 31.674 ], [ 76.343, 31.684 ], [ 76.337, 31.696 ], [ 76.321, 31.698 ], [ 76.315, 31.709 ], [ 76.299, 31.711 ], [ 76.29, 31.7 ], [ 76.274, 31.701 ], [ 76.268, 31.713 ], [ 76.252, 31.714 ], [ 76.245, 31.726 ], [ 76.23, 31.727 ], [ 76.223, 31.739 ], [ 76.208, 31.741 ], [ 76.201, 31.752 ], [ 76.211, 31.763 ], [ 76.204, 31.775 ], [ 76.189, 31.776 ], [ 76.182, 31.788 ], [ 76.167, 31.789 ] ] ] ] } },
{ "type": "Feature", "properties": { "POLYGON.ID": 329.0, "subregion": "India--Himachal Pradesh--Kangra--low elevations (east)", "POLYGON": "India--Himachal Pradesh--Kangra--low elevations (east)", "SHOW": "1", "FILTER": "Not-Assigned", "FILTER.ID": null, "OLD.POLYGON": null, "STATE": "Himachal Pradesh", "COUNTY": "Kangra", "OWNER": null }, "geometry": { "type": "MultiPolygon", "coordinates": [ [ [ [ 76.302, 31.733 ], [ 76.296, 31.745 ], [ 76.305, 31.756 ], [ 76.299, 31.768 ], [ 76.308, 31.778 ], [ 76.324, 31.777 ], [ 76.333, 31.787 ], [ 76.349, 31.786 ], [ 76.355, 31.774 ], [ 76.371, 31.773 ], [ 76.38, 31.784 ], [ 76.396, 31.782 ], [ 76.405, 31.793 ], [ 76.399, 31.805 ], [ 76.383, 31.806 ], [ 76.377, 31.818 ], [ 76.361, 31.819 ], [ 76.355, 31.831 ], [ 76.339, 31.832 ], [ 76.333, 31.844 ], [ 76.317, 31.846 ], [ 76.311, 31.858 ], [ 76.32, 31.868 ], [ 76.314, 31.88 ], [ 76.298, 31.881 ], [ 76.292, 31.893 ], [ 76.301, 31.904 ], [ 76.295, 31.916 ], [ 76.279, 31.917 ], [ 76.27, 31.906 ], [ 76.254, 31.908 ], [ 76.244, 31.897 ], [ 76.229, 31.898 ], [ 76.219, 31.887 ], [ 76.226, 31.876 ], [ 76.216, 31.865 ], [ 76.201, 31.866 ], [ 76.191, 31.856 ], [ 76.175, 31.857 ], [ 76.169, 31.869 ], [ 76.153, 31.87 ], [ 76.147, 31.882 ], [ 76.156, 31.892 ], [ 76.15, 31.904 ], [ 76.134, 31.906 ], [ 76.128, 31.917 ], [ 76.112, 31.919 ], [ 76.106, 31.931 ], [ 76.09, 31.932 ], [ 76.08, 31.921 ], [ 76.065, 31.922 ], [ 76.058, 31.934 ], [ 76.043, 31.935 ], [ 76.033, 31.925 ], [ 76.017, 31.926 ], [ 76.011, 31.938 ], [ 75.995, 31.939 ], [ 75.986, 31.928 ], [ 75.97, 31.93 ], [ 75.964, 31.941 ], [ 75.948, 31.943 ], [ 75.939, 31.932 ], [ 75.923, 31.933 ], [ 75.913, 31.923 ], [ 75.92, 31.911 ], [ 75.936, 31.909 ], [ 75.942, 31.898 ], [ 75.933, 31.887 ], [ 75.939, 31.875 ], [ 75.955, 31.874 ], [ 75.961, 31.862 ], [ 75.977, 31.861 ], [ 75.984, 31.849 ], [ 75.999, 31.848 ], [ 76.009, 31.858 ], [ 76.024, 31.857 ], [ 76.034, 31.868 ], [ 76.049, 31.867 ], [ 76.056, 31.855 ], [ 76.072, 31.854 ], [ 76.078, 31.842 ], [ 76.094, 31.84 ], [ 76.1, 31.829 ], [ 76.091, 31.818 ], [ 76.097, 31.806 ], [ 76.113, 31.805 ], [ 76.119, 31.793 ], [ 76.135, 31.792 ], [ 76.144, 31.802 ], [ 76.16, 31.801 ], [ 76.167, 31.789 ], [ 76.182, 31.788 ], [ 76.189, 31.776 ], [ 76.204, 31.775 ], [ 76.211, 31.763 ], [ 76.201, 31.752 ], [ 76.208, 31.741 ], [ 76.223, 31.739 ], [ 76.23, 31.727 ], [ 76.245, 31.726 ], [ 76.252, 31.714 ], [ 76.268, 31.713 ], [ 76.274, 31.701 ], [ 76.29, 31.7 ], [ 76.299, 31.711 ], [ 76.315, 31.709 ], [ 76.324, 31.72 ], [ 76.318, 31.732 ], [ 76.302, 31.733 ] ] ] ] } },
{ "type": "Feature", "properties": { "POLYGON.ID": 515.0, "subregion": "India--Himachal Pradesh--Kangra--high Himalaya", "POLYGON": "India--Himachal Pradesh--Kangra--high Himalaya", "SHOW": "1", "FILTER": "Not-Assigned", "FILTER.ID": null, "OLD.POLYGON": null, "STATE": "Himachal Pradesh", "COUNTY": "Kangra", "OWNER": null }, "geometry": { "type": "MultiPolygon", "coordinates": [ [ [ [ 77.091, 32.409 ], [ 77.085, 32.421 ], [ 77.069, 32.422 ], [ 77.059, 32.411 ], [ 77.043, 32.413 ], [ 77.037, 32.425 ], [ 77.021, 32.426 ], [ 77.012, 32.416 ], [ 76.996, 32.417 ], [ 76.986, 32.406 ], [ 76.97, 32.408 ], [ 76.961, 32.397 ], [ 76.945, 32.398 ], [ 76.939, 32.41 ], [ 76.923, 32.412 ], [ 76.917, 32.424 ], [ 76.926, 32.434 ], [ 76.92, 32.446 ], [ 76.904, 32.448 ], [ 76.898, 32.46 ], [ 76.882, 32.461 ], [ 76.876, 32.473 ], [ 76.86, 32.474 ], [ 76.85, 32.464 ], [ 76.857, 32.452 ], [ 76.847, 32.441 ], [ 76.831, 32.442 ], [ 76.822, 32.432 ], [ 76.828, 32.42 ], [ 76.818, 32.409 ], [ 76.803, 32.41 ], [ 76.793, 32.4 ], [ 76.799, 32.388 ], [ 76.79, 32.377 ], [ 76.774, 32.378 ], [ 76.764, 32.368 ], [ 76.771, 32.356 ], [ 76.761, 32.345 ], [ 76.768, 32.333 ], [ 76.783, 32.332 ], [ 76.79, 32.32 ], [ 76.78, 32.309 ], [ 76.786, 32.297 ], [ 76.777, 32.287 ], [ 76.783, 32.275 ], [ 76.774, 32.264 ], [ 76.78, 32.252 ], [ 76.771, 32.242 ], [ 76.777, 32.23 ], [ 76.767, 32.219 ], [ 76.774, 32.207 ], [ 76.764, 32.197 ], [ 76.748, 32.198 ], [ 76.739, 32.187 ], [ 76.723, 32.189 ], [ 76.717, 32.201 ], [ 76.701, 32.202 ], [ 76.691, 32.191 ], [ 76.676, 32.192 ], [ 76.666, 32.182 ], [ 76.65, 32.183 ], [ 76.644, 32.195 ], [ 76.628, 32.196 ], [ 76.622, 32.208 ], [ 76.606, 32.21 ], [ 76.6, 32.222 ], [ 76.584, 32.223 ], [ 76.575, 32.212 ], [ 76.559, 32.213 ], [ 76.552, 32.225 ], [ 76.537, 32.227 ], [ 76.53, 32.239 ], [ 76.514, 32.24 ], [ 76.505, 32.229 ], [ 76.489, 32.231 ], [ 76.483, 32.242 ], [ 76.467, 32.244 ], [ 76.461, 32.256 ], [ 76.445, 32.257 ], [ 76.438, 32.269 ], [ 76.423, 32.27 ], [ 76.416, 32.282 ], [ 76.4, 32.283 ], [ 76.394, 32.295 ], [ 76.378, 32.297 ], [ 76.372, 32.309 ], [ 76.356, 32.31 ], [ 76.349, 32.322 ], [ 76.334, 32.323 ], [ 76.327, 32.335 ], [ 76.311, 32.336 ], [ 76.305, 32.348 ], [ 76.289, 32.349 ], [ 76.283, 32.361 ], [ 76.267, 32.363 ], [ 76.26, 32.375 ], [ 76.27, 32.385 ], [ 76.264, 32.397 ], [ 76.248, 32.398 ], [ 76.238, 32.388 ], [ 76.222, 32.389 ], [ 76.213, 32.378 ], [ 76.197, 32.38 ], [ 76.188, 32.369 ], [ 76.194, 32.357 ], [ 76.21, 32.356 ], [ 76.216, 32.344 ], [ 76.232, 32.342 ], [ 76.239, 32.331 ], [ 76.254, 32.329 ], [ 76.261, 32.317 ], [ 76.277, 32.316 ], [ 76.283, 32.304 ], [ 76.299, 32.303 ], [ 76.305, 32.291 ], [ 76.321, 32.29 ], [ 76.328, 32.278 ], [ 76.343, 32.277 ], [ 76.35, 32.265 ], [ 76.366, 32.263 ], [ 76.372, 32.251 ], [ 76.388, 32.25 ], [ 76.394, 32.238 ], [ 76.41, 32.237 ], [ 76.416, 32.225 ], [ 76.432, 32.224 ], [ 76.439, 32.212 ], [ 76.454, 32.211 ], [ 76.461, 32.199 ], [ 76.477, 32.197 ], [ 76.483, 32.185 ], [ 76.499, 32.184 ], [ 76.505, 32.172 ], [ 76.521, 32.171 ], [ 76.53, 32.182 ], [ 76.546, 32.18 ], [ 76.552, 32.168 ], [ 76.568, 32.167 ], [ 76.575, 32.155 ], [ 76.59, 32.154 ], [ 76.597, 32.142 ], [ 76.612, 32.141 ], [ 76.619, 32.129 ], [ 76.635, 32.127 ], [ 76.644, 32.138 ], [ 76.66, 32.137 ], [ 76.666, 32.125 ], [ 76.682, 32.124 ], [ 76.691, 32.134 ], [ 76.707, 32.133 ], [ 76.714, 32.121 ], [ 76.729, 32.12 ], [ 76.736, 32.108 ], [ 76.751, 32.106 ], [ 76.758, 32.094 ], [ 76.773, 32.093 ], [ 76.78, 32.081 ], [ 76.795, 32.08 ], [ 76.802, 32.068 ], [ 76.818, 32.067 ], [ 76.824, 32.055 ], [ 76.84, 32.053 ], [ 76.846, 32.042 ], [ 76.862, 32.04 ], [ 76.871, 32.051 ], [ 76.887, 32.049 ], [ 76.896, 32.06 ], [ 76.912, 32.059 ], [ 76.922, 32.069 ], [ 76.937, 32.068 ], [ 76.947, 32.079 ], [ 76.941, 32.091 ], [ 76.95, 32.101 ], [ 76.944, 32.113 ], [ 76.953, 32.124 ], [ 76.969, 32.122 ], [ 76.979, 32.133 ], [ 76.972, 32.145 ], [ 76.982, 32.155 ], [ 76.976, 32.167 ], [ 76.985, 32.178 ], [ 77.001, 32.177 ], [ 77.01, 32.187 ], [ 77.004, 32.199 ], [ 77.014, 32.21 ], [ 77.03, 32.208 ], [ 77.039, 32.219 ], [ 77.033, 32.231 ], [ 77.042, 32.242 ], [ 77.036, 32.254 ], [ 77.02, 32.255 ], [ 77.014, 32.267 ], [ 77.024, 32.277 ], [ 77.039, 32.276 ], [ 77.049, 32.287 ], [ 77.043, 32.299 ], [ 77.052, 32.309 ], [ 77.046, 32.321 ], [ 77.056, 32.332 ], [ 77.049, 32.344 ], [ 77.059, 32.354 ], [ 77.053, 32.366 ], [ 77.062, 32.377 ], [ 77.078, 32.376 ], [ 77.088, 32.386 ], [ 77.081, 32.398 ], [ 77.091, 32.409 ] ] ] ] } },
{ "type": "Feature", "properties": { "POLYGON.ID": 514.0, "subregion": "India--Himachal Pradesh--Kangra--Shivaliks", "POLYGON": "India--Himachal Pradesh--Kangra--Shivaliks", "SHOW": "1", "FILTER": "Not-Assigned", "FILTER.ID": null, "OLD.POLYGON": null, "STATE": "Himachal Pradesh", "COUNTY": "Kangra", "OWNER": null }, "geometry": { "type": "MultiPolygon", "coordinates": [ [ [ [ 76.148, 32.189 ], [ 76.141, 32.201 ], [ 76.125, 32.202 ], [ 76.119, 32.214 ], [ 76.103, 32.216 ], [ 76.097, 32.228 ], [ 76.081, 32.229 ], [ 76.075, 32.241 ], [ 76.059, 32.242 ], [ 76.049, 32.231 ], [ 76.033, 32.232 ], [ 76.027, 32.244 ], [ 76.011, 32.246 ], [ 76.005, 32.257 ], [ 76.014, 32.268 ], [ 76.008, 32.28 ], [ 75.992, 32.281 ], [ 75.985, 32.293 ], [ 75.995, 32.304 ], [ 75.988, 32.316 ], [ 75.972, 32.317 ], [ 75.966, 32.329 ], [ 75.95, 32.33 ], [ 75.944, 32.342 ], [ 75.953, 32.353 ], [ 75.947, 32.365 ], [ 75.956, 32.375 ], [ 75.949, 32.387 ], [ 75.959, 32.398 ], [ 75.952, 32.41 ], [ 75.937, 32.411 ], [ 75.927, 32.4 ], [ 75.911, 32.402 ], [ 75.902, 32.391 ], [ 75.886, 32.392 ], [ 75.877, 32.381 ], [ 75.861, 32.383 ], [ 75.851, 32.372 ], [ 75.858, 32.36 ], [ 75.848, 32.349 ], [ 75.833, 32.351 ], [ 75.823, 32.34 ], [ 75.83, 32.328 ], [ 75.82, 32.317 ], [ 75.827, 32.305 ], [ 75.843, 32.304 ], [ 75.849, 32.292 ], [ 75.865, 32.291 ], [ 75.871, 32.279 ], [ 75.862, 32.268 ], [ 75.869, 32.256 ], [ 75.884, 32.255 ], [ 75.891, 32.243 ], [ 75.907, 32.242 ], [ 75.913, 32.23 ], [ 75.929, 32.229 ], [ 75.935, 32.217 ], [ 75.926, 32.206 ], [ 75.933, 32.195 ], [ 75.948, 32.193 ], [ 75.958, 32.204 ], [ 75.974, 32.203 ], [ 75.98, 32.191 ], [ 75.996, 32.19 ], [ 76.002, 32.178 ], [ 76.018, 32.177 ], [ 76.028, 32.187 ], [ 76.043, 32.186 ], [ 76.05, 32.174 ], [ 76.04, 32.163 ], [ 76.047, 32.152 ], [ 76.037, 32.141 ], [ 76.044, 32.129 ], [ 76.035, 32.118 ], [ 76.041, 32.106 ], [ 76.057, 32.105 ], [ 76.063, 32.093 ], [ 76.079, 32.092 ], [ 76.085, 32.08 ], [ 76.101, 32.079 ], [ 76.108, 32.067 ], [ 76.098, 32.056 ], [ 76.105, 32.044 ], [ 76.095, 32.034 ], [ 76.102, 32.022 ], [ 76.117, 32.021 ], [ 76.124, 32.009 ], [ 76.14, 32.008 ], [ 76.146, 31.996 ], [ 76.162, 31.994 ], [ 76.168, 31.983 ], [ 76.159, 31.972 ], [ 76.165, 31.96 ], [ 76.181, 31.959 ], [ 76.187, 31.947 ], [ 76.178, 31.936 ], [ 76.184, 31.924 ], [ 76.2, 31.923 ], [ 76.207, 31.911 ], [ 76.222, 31.91 ], [ 76.229, 31.898 ], [ 76.244, 31.897 ], [ 76.254, 31.908 ], [ 76.27, 31.906 ], [ 76.279, 31.917 ], [ 76.295, 31.916 ], [ 76.301, 31.904 ], [ 76.292, 31.893 ], [ 76.298, 31.881 ], [ 76.314, 31.88 ], [ 76.323, 31.891 ], [ 76.317, 31.903 ], [ 76.326, 31.913 ], [ 76.32, 31.925 ], [ 76.304, 31.926 ], [ 76.298, 31.938 ], [ 76.307, 31.949 ], [ 76.301, 31.961 ], [ 76.31, 31.971 ], [ 76.304, 31.983 ], [ 76.288, 31.984 ], [ 76.282, 31.996 ], [ 76.291, 32.007 ], [ 76.285, 32.019 ], [ 76.294, 32.03 ], [ 76.288, 32.041 ], [ 76.297, 32.052 ], [ 76.291, 32.064 ], [ 76.275, 32.065 ], [ 76.269, 32.077 ], [ 76.278, 32.088 ], [ 76.272, 32.1 ], [ 76.256, 32.101 ], [ 76.249, 32.113 ], [ 76.259, 32.124 ], [ 76.252, 32.135 ], [ 76.237, 32.137 ], [ 76.23, 32.149 ], [ 76.214, 32.15 ], [ 76.208, 32.162 ], [ 76.192, 32.163 ], [ 76.186, 32.175 ], [ 76.17, 32.176 ], [ 76.164, 32.188 ], [ 76.148, 32.189 ] ] ] ] } },
{ "type": "Feature", "properties": { "POLYGON.ID": 520.0, "subregion": "India--Himachal Pradesh--Chamba--low Himalaya", "POLYGON": "India--Himachal Pradesh--Chamba--low Himalaya", "SHOW": "1", "FILTER": "Not-Assigned", "FILTER.ID": null, "OLD.POLYGON": null, "STATE": "Himachal Pradesh", "COUNTY": "Chamba", "OWNER": null }, "geometry": { "type": "MultiPolygon", "coordinates": [ [ [ [ 75.975, 32.397 ], [ 75.981, 32.385 ], [ 75.997, 32.384 ], [ 76.004, 32.372 ], [ 75.994, 32.361 ], [ 76.001, 32.349 ], [ 76.016, 32.348 ], [ 76.023, 32.336 ], [ 76.014, 32.325 ], [ 76.02, 32.313 ], [ 76.011, 32.303 ], [ 76.017, 32.291 ], [ 76.033, 32.29 ], [ 76.039, 32.278 ], [ 76.055, 32.276 ], [ 76.062, 32.264 ], [ 76.077, 32.263 ], [ 76.087, 32.274 ], [ 76.103, 32.273 ], [ 76.109, 32.261 ], [ 76.125, 32.26 ], [ 76.131, 32.248 ], [ 76.122, 32.237 ], [ 76.128, 32.225 ], [ 76.144, 32.224 ], [ 76.154, 32.234 ], [ 76.17, 32.233 ], [ 76.179, 32.244 ], [ 76.173, 32.256 ], [ 76.182, 32.266 ], [ 76.176, 32.278 ], [ 76.16, 32.28 ], [ 76.153, 32.292 ], [ 76.163, 32.302 ], [ 76.156, 32.314 ], [ 76.166, 32.325 ], [ 76.159, 32.337 ], [ 76.143, 32.338 ], [ 76.134, 32.327 ], [ 76.14, 32.315 ], [ 76.131, 32.305 ], [ 76.115, 32.306 ], [ 76.109, 32.318 ], [ 76.093, 32.319 ], [ 76.086, 32.331 ], [ 76.096, 32.342 ], [ 76.089, 32.354 ], [ 76.099, 32.364 ], [ 76.092, 32.376 ], [ 76.102, 32.387 ], [ 76.095, 32.399 ], [ 76.105, 32.41 ], [ 76.098, 32.422 ], [ 76.082, 32.423 ], [ 76.076, 32.435 ], [ 76.06, 32.436 ], [ 76.054, 32.448 ], [ 76.038, 32.449 ], [ 76.031, 32.461 ], [ 76.041, 32.472 ], [ 76.034, 32.484 ], [ 76.018, 32.485 ], [ 76.012, 32.497 ], [ 75.996, 32.498 ], [ 75.989, 32.51 ], [ 75.974, 32.511 ], [ 75.967, 32.523 ], [ 75.951, 32.524 ], [ 75.945, 32.536 ], [ 75.954, 32.547 ], [ 75.948, 32.559 ], [ 75.932, 32.56 ], [ 75.925, 32.572 ], [ 75.935, 32.583 ], [ 75.928, 32.595 ], [ 75.938, 32.606 ], [ 75.931, 32.617 ], [ 75.915, 32.619 ], [ 75.906, 32.608 ], [ 75.912, 32.596 ], [ 75.903, 32.585 ], [ 75.887, 32.587 ], [ 75.877, 32.576 ], [ 75.884, 32.564 ], [ 75.874, 32.553 ], [ 75.881, 32.541 ], [ 75.872, 32.53 ], [ 75.856, 32.532 ], [ 75.846, 32.521 ], [ 75.853, 32.509 ], [ 75.843, 32.498 ], [ 75.85, 32.486 ], [ 75.866, 32.485 ], [ 75.872, 32.473 ], [ 75.888, 32.472 ], [ 75.895, 32.46 ], [ 75.885, 32.449 ], [ 75.892, 32.437 ], [ 75.908, 32.436 ], [ 75.914, 32.424 ], [ 75.93, 32.423 ], [ 75.937, 32.411 ], [ 75.952, 32.41 ], [ 75.959, 32.398 ], [ 75.975, 32.397 ] ] ] ] } },
{ "type": "Feature", "properties": { "POLYGON.ID": 521.0, "subregion": "India--Himachal Pradesh--Chamba--mid Himalaya", "POLYGON": "India--Himachal Pradesh--Chamba--mid Himalaya", "SHOW": "1", "FILTER": "Not-Assigned", "FILTER.ID": null, "OLD.POLYGON": null, "STATE": "Himachal Pradesh", "COUNTY": "Chamba", "OWNER": null }, "geometry": { "type": "MultiPolygon", "coordinates": [ [ [ [ 76.419, 32.419 ], [ 76.435, 32.418 ], [ 76.444, 32.428 ], [ 76.46, 32.427 ], [ 76.47, 32.438 ], [ 76.485, 32.436 ], [ 76.492, 32.425 ], [ 76.508, 32.423 ], [ 76.517, 32.434 ], [ 76.533, 32.433 ], [ 76.543, 32.443 ], [ 76.558, 32.442 ], [ 76.568, 32.453 ], [ 76.584, 32.451 ], [ 76.593, 32.462 ], [ 76.587, 32.474 ], [ 76.571, 32.475 ], [ 76.562, 32.465 ], [ 76.546, 32.466 ], [ 76.539, 32.478 ], [ 76.523, 32.479 ], [ 76.517, 32.491 ], [ 76.501, 32.492 ], [ 76.492, 32.482 ], [ 76.476, 32.483 ], [ 76.469, 32.495 ], [ 76.454, 32.496 ], [ 76.447, 32.508 ], [ 76.431, 32.509 ], [ 76.422, 32.499 ], [ 76.406, 32.5 ], [ 76.399, 32.512 ], [ 76.384, 32.513 ], [ 76.374, 32.503 ], [ 76.358, 32.504 ], [ 76.352, 32.516 ], [ 76.336, 32.517 ], [ 76.329, 32.529 ], [ 76.314, 32.53 ], [ 76.307, 32.542 ], [ 76.291, 32.544 ], [ 76.285, 32.556 ], [ 76.294, 32.566 ], [ 76.288, 32.578 ], [ 76.272, 32.579 ], [ 76.266, 32.591 ], [ 76.275, 32.602 ], [ 76.269, 32.614 ], [ 76.253, 32.615 ], [ 76.246, 32.627 ], [ 76.256, 32.638 ], [ 76.249, 32.65 ], [ 76.233, 32.651 ], [ 76.227, 32.663 ], [ 76.236, 32.674 ], [ 76.23, 32.686 ], [ 76.214, 32.687 ], [ 76.208, 32.699 ], [ 76.217, 32.71 ], [ 76.211, 32.722 ], [ 76.195, 32.723 ], [ 76.188, 32.735 ], [ 76.198, 32.746 ], [ 76.191, 32.758 ], [ 76.201, 32.768 ], [ 76.194, 32.78 ], [ 76.178, 32.782 ], [ 76.172, 32.794 ], [ 76.181, 32.804 ], [ 76.175, 32.816 ], [ 76.184, 32.827 ], [ 76.2, 32.826 ], [ 76.21, 32.836 ], [ 76.203, 32.848 ], [ 76.213, 32.859 ], [ 76.206, 32.871 ], [ 76.216, 32.882 ], [ 76.209, 32.894 ], [ 76.193, 32.895 ], [ 76.187, 32.907 ], [ 76.196, 32.918 ], [ 76.19, 32.93 ], [ 76.174, 32.931 ], [ 76.167, 32.943 ], [ 76.151, 32.944 ], [ 76.142, 32.934 ], [ 76.126, 32.935 ], [ 76.116, 32.924 ], [ 76.1, 32.925 ], [ 76.091, 32.915 ], [ 76.075, 32.916 ], [ 76.065, 32.905 ], [ 76.049, 32.906 ], [ 76.04, 32.896 ], [ 76.024, 32.897 ], [ 76.017, 32.909 ], [ 76.001, 32.91 ], [ 75.992, 32.899 ], [ 75.976, 32.901 ], [ 75.966, 32.89 ], [ 75.973, 32.878 ], [ 75.963, 32.867 ], [ 75.947, 32.868 ], [ 75.941, 32.88 ], [ 75.925, 32.882 ], [ 75.918, 32.894 ], [ 75.902, 32.895 ], [ 75.896, 32.907 ], [ 75.88, 32.908 ], [ 75.873, 32.92 ], [ 75.857, 32.921 ], [ 75.851, 32.933 ], [ 75.835, 32.934 ], [ 75.825, 32.924 ], [ 75.832, 32.912 ], [ 75.822, 32.901 ], [ 75.806, 32.902 ], [ 75.797, 32.891 ], [ 75.803, 32.879 ], [ 75.819, 32.878 ], [ 75.826, 32.866 ], [ 75.817, 32.855 ], [ 75.823, 32.843 ], [ 75.839, 32.842 ], [ 75.846, 32.83 ], [ 75.862, 32.829 ], [ 75.868, 32.817 ], [ 75.884, 32.816 ], [ 75.891, 32.804 ], [ 75.881, 32.793 ], [ 75.888, 32.781 ], [ 75.904, 32.78 ], [ 75.91, 32.768 ], [ 75.926, 32.767 ], [ 75.933, 32.755 ], [ 75.923, 32.744 ], [ 75.93, 32.732 ], [ 75.92, 32.721 ], [ 75.904, 32.723 ], [ 75.895, 32.712 ], [ 75.901, 32.7 ], [ 75.892, 32.689 ], [ 75.899, 32.677 ], [ 75.889, 32.666 ], [ 75.896, 32.655 ], [ 75.912, 32.653 ], [ 75.918, 32.641 ], [ 75.909, 32.631 ], [ 75.915, 32.619 ], [ 75.931, 32.617 ], [ 75.938, 32.606 ], [ 75.928, 32.595 ], [ 75.935, 32.583 ], [ 75.925, 32.572 ], [ 75.932, 32.56 ], [ 75.948, 32.559 ], [ 75.954, 32.547 ], [ 75.945, 32.536 ], [ 75.951, 32.524 ], [ 75.967, 32.523 ], [ 75.974, 32.511 ], [ 75.989, 32.51 ], [ 75.996, 32.498 ], [ 76.012, 32.497 ], [ 76.018, 32.485 ], [ 76.034, 32.484 ], [ 76.041, 32.472 ], [ 76.031, 32.461 ], [ 76.038, 32.449 ], [ 76.054, 32.448 ], [ 76.06, 32.436 ], [ 76.076, 32.435 ], [ 76.082, 32.423 ], [ 76.098, 32.422 ], [ 76.105, 32.41 ], [ 76.095, 32.399 ], [ 76.102, 32.387 ], [ 76.092, 32.376 ], [ 76.099, 32.364 ], [ 76.089, 32.354 ], [ 76.096, 32.342 ], [ 76.086, 32.331 ], [ 76.093, 32.319 ], [ 76.109, 32.318 ], [ 76.115, 32.306 ], [ 76.131, 32.305 ], [ 76.14, 32.315 ], [ 76.134, 32.327 ], [ 76.143, 32.338 ], [ 76.159, 32.337 ], [ 76.169, 32.347 ], [ 76.185, 32.346 ], [ 76.194, 32.357 ], [ 76.188, 32.369 ], [ 76.197, 32.38 ], [ 76.213, 32.378 ], [ 76.222, 32.389 ], [ 76.216, 32.401 ], [ 76.2, 32.402 ], [ 76.194, 32.414 ], [ 76.203, 32.425 ], [ 76.197, 32.437 ], [ 76.206, 32.447 ], [ 76.222, 32.446 ], [ 76.228, 32.434 ], [ 76.244, 32.433 ], [ 76.254, 32.444 ], [ 76.27, 32.442 ], [ 76.279, 32.453 ], [ 76.295, 32.452 ], [ 76.301, 32.44 ], [ 76.317, 32.439 ], [ 76.327, 32.449 ], [ 76.343, 32.448 ], [ 76.349, 32.436 ], [ 76.365, 32.435 ], [ 76.371, 32.423 ], [ 76.387, 32.422 ], [ 76.397, 32.432 ], [ 76.412, 32.431 ], [ 76.419, 32.419 ] ] ] ] } },
{ "type": "Feature", "properties": { "POLYGON.ID": 522.0, "subregion": "India--Himachal Pradesh--Lahaul & Spiti--Lahaul", "POLYGON": "India--Himachal Pradesh--Lahaul & Spiti--Lahaul", "SHOW": "1", "FILTER": "Not-Assigned", "FILTER.ID": null, "OLD.POLYGON": null, "STATE": "Himachal Pradesh", "COUNTY": "spl_region", "OWNER": null }, "geometry": { "type": "MultiPolygon", "coordinates": [ [ [ [ 76.746, 33.091 ], [ 76.753, 33.079 ], [ 76.743, 33.069 ], [ 76.75, 33.057 ], [ 76.74, 33.046 ], [ 76.746, 33.034 ], [ 76.762, 33.033 ], [ 76.769, 33.021 ], [ 76.759, 33.01 ], [ 76.766, 32.998 ], [ 76.782, 32.997 ], [ 76.788, 32.985 ], [ 76.778, 32.974 ], [ 76.785, 32.962 ], [ 76.775, 32.951 ], [ 76.781, 32.939 ], [ 76.772, 32.928 ], [ 76.756, 32.93 ], [ 76.746, 32.919 ], [ 76.73, 32.92 ], [ 76.721, 32.91 ], [ 76.727, 32.898 ], [ 76.717, 32.887 ], [ 76.701, 32.888 ], [ 76.692, 32.878 ], [ 76.698, 32.866 ], [ 76.689, 32.855 ], [ 76.673, 32.856 ], [ 76.663, 32.846 ], [ 76.647, 32.847 ], [ 76.641, 32.859 ], [ 76.625, 32.86 ], [ 76.615, 32.85 ], [ 76.599, 32.851 ], [ 76.59, 32.84 ], [ 76.574, 32.842 ], [ 76.564, 32.831 ], [ 76.548, 32.832 ], [ 76.539, 32.821 ], [ 76.523, 32.823 ], [ 76.513, 32.812 ], [ 76.497, 32.813 ], [ 76.488, 32.803 ], [ 76.472, 32.804 ], [ 76.465, 32.816 ], [ 76.475, 32.827 ], [ 76.468, 32.839 ], [ 76.452, 32.84 ], [ 76.446, 32.852 ], [ 76.43, 32.853 ], [ 76.424, 32.865 ], [ 76.408, 32.867 ], [ 76.398, 32.856 ], [ 76.405, 32.844 ], [ 76.395, 32.833 ], [ 76.401, 32.821 ], [ 76.392, 32.81 ], [ 76.376, 32.812 ], [ 76.366, 32.801 ], [ 76.373, 32.789 ], [ 76.389, 32.788 ], [ 76.395, 32.776 ], [ 76.386, 32.765 ], [ 76.392, 32.753 ], [ 76.408, 32.752 ], [ 76.414, 32.74 ], [ 76.405, 32.729 ], [ 76.411, 32.717 ], [ 76.427, 32.716 ], [ 76.434, 32.704 ], [ 76.424, 32.693 ], [ 76.431, 32.681 ], [ 76.447, 32.68 ], [ 76.453, 32.668 ], [ 76.443, 32.657 ], [ 76.45, 32.645 ], [ 76.466, 32.644 ], [ 76.475, 32.655 ], [ 76.491, 32.653 ], [ 76.501, 32.664 ], [ 76.517, 32.663 ], [ 76.523, 32.651 ], [ 76.539, 32.65 ], [ 76.549, 32.66 ], [ 76.564, 32.659 ], [ 76.571, 32.647 ], [ 76.587, 32.646 ], [ 76.593, 32.634 ], [ 76.584, 32.623 ], [ 76.59, 32.611 ], [ 76.606, 32.61 ], [ 76.612, 32.598 ], [ 76.628, 32.596 ], [ 76.634, 32.584 ], [ 76.65, 32.583 ], [ 76.657, 32.571 ], [ 76.673, 32.57 ], [ 76.679, 32.558 ], [ 76.695, 32.557 ], [ 76.701, 32.545 ], [ 76.717, 32.543 ], [ 76.727, 32.554 ], [ 76.743, 32.553 ], [ 76.749, 32.541 ], [ 76.765, 32.539 ], [ 76.774, 32.55 ], [ 76.79, 32.549 ], [ 76.796, 32.537 ], [ 76.812, 32.535 ], [ 76.819, 32.523 ], [ 76.835, 32.522 ], [ 76.844, 32.533 ], [ 76.86, 32.531 ], [ 76.866, 32.519 ], [ 76.857, 32.509 ], [ 76.863, 32.497 ], [ 76.853, 32.486 ], [ 76.86, 32.474 ], [ 76.876, 32.473 ], [ 76.882, 32.461 ], [ 76.898, 32.46 ], [ 76.904, 32.448 ], [ 76.92, 32.446 ], [ 76.926, 32.434 ], [ 76.917, 32.424 ], [ 76.923, 32.412 ], [ 76.939, 32.41 ], [ 76.945, 32.398 ], [ 76.961, 32.397 ], [ 76.97, 32.408 ], [ 76.986, 32.406 ], [ 76.996, 32.417 ], [ 77.012, 32.416 ], [ 77.021, 32.426 ], [ 77.037, 32.425 ], [ 77.043, 32.413 ], [ 77.059, 32.411 ], [ 77.069, 32.422 ], [ 77.085, 32.421 ], [ 77.091, 32.409 ], [ 77.107, 32.407 ], [ 77.113, 32.395 ], [ 77.129, 32.394 ], [ 77.138, 32.405 ], [ 77.154, 32.403 ], [ 77.164, 32.414 ], [ 77.18, 32.413 ], [ 77.186, 32.401 ], [ 77.202, 32.399 ], [ 77.208, 32.387 ], [ 77.224, 32.386 ], [ 77.233, 32.396 ], [ 77.227, 32.408 ], [ 77.237, 32.419 ], [ 77.253, 32.418 ], [ 77.262, 32.428 ], [ 77.256, 32.44 ], [ 77.24, 32.442 ], [ 77.234, 32.454 ], [ 77.243, 32.464 ], [ 77.237, 32.476 ], [ 77.247, 32.487 ], [ 77.241, 32.499 ], [ 77.25, 32.509 ], [ 77.244, 32.521 ], [ 77.254, 32.532 ], [ 77.247, 32.544 ], [ 77.257, 32.555 ], [ 77.273, 32.553 ], [ 77.279, 32.541 ], [ 77.295, 32.54 ], [ 77.305, 32.55 ], [ 77.32, 32.549 ], [ 77.33, 32.56 ], [ 77.346, 32.558 ], [ 77.355, 32.569 ], [ 77.349, 32.581 ], [ 77.359, 32.591 ], [ 77.353, 32.603 ], [ 77.362, 32.614 ], [ 77.356, 32.626 ], [ 77.366, 32.637 ], [ 77.36, 32.649 ], [ 77.344, 32.65 ], [ 77.334, 32.639 ], [ 77.318, 32.641 ], [ 77.312, 32.653 ], [ 77.296, 32.654 ], [ 77.29, 32.666 ], [ 77.299, 32.677 ], [ 77.293, 32.689 ], [ 77.303, 32.699 ], [ 77.319, 32.698 ], [ 77.325, 32.686 ], [ 77.341, 32.685 ], [ 77.35, 32.695 ], [ 77.366, 32.694 ], [ 77.376, 32.704 ], [ 77.392, 32.703 ], [ 77.402, 32.714 ], [ 77.417, 32.712 ], [ 77.427, 32.723 ], [ 77.421, 32.735 ], [ 77.431, 32.745 ], [ 77.424, 32.757 ], [ 77.408, 32.759 ], [ 77.402, 32.771 ], [ 77.386, 32.772 ], [ 77.38, 32.784 ], [ 77.39, 32.795 ], [ 77.384, 32.807 ], [ 77.368, 32.808 ], [ 77.361, 32.82 ], [ 77.345, 32.822 ], [ 77.339, 32.834 ], [ 77.323, 32.835 ], [ 77.317, 32.847 ], [ 77.301, 32.849 ], [ 77.295, 32.861 ], [ 77.279, 32.862 ], [ 77.273, 32.874 ], [ 77.257, 32.875 ], [ 77.25, 32.888 ], [ 77.235, 32.889 ], [ 77.228, 32.901 ], [ 77.212, 32.902 ], [ 77.206, 32.914 ], [ 77.19, 32.916 ], [ 77.184, 32.928 ], [ 77.168, 32.929 ], [ 77.162, 32.941 ], [ 77.171, 32.952 ], [ 77.165, 32.964 ], [ 77.149, 32.965 ], [ 77.143, 32.977 ], [ 77.127, 32.979 ], [ 77.117, 32.968 ], [ 77.101, 32.969 ], [ 77.095, 32.981 ], [ 77.079, 32.983 ], [ 77.072, 32.995 ], [ 77.057, 32.996 ], [ 77.047, 32.986 ], [ 77.031, 32.987 ], [ 77.025, 32.999 ], [ 77.009, 33.0 ], [ 76.999, 32.99 ], [ 76.983, 32.991 ], [ 76.977, 33.003 ], [ 76.961, 33.004 ], [ 76.954, 33.016 ], [ 76.938, 33.018 ], [ 76.932, 33.03 ], [ 76.942, 33.04 ], [ 76.935, 33.053 ], [ 76.919, 33.054 ], [ 76.913, 33.066 ], [ 76.923, 33.077 ], [ 76.916, 33.089 ], [ 76.9, 33.09 ], [ 76.894, 33.102 ], [ 76.903, 33.113 ], [ 76.897, 33.125 ], [ 76.881, 33.126 ], [ 76.871, 33.115 ], [ 76.855, 33.117 ], [ 76.849, 33.129 ], [ 76.833, 33.13 ], [ 76.827, 33.142 ], [ 76.836, 33.153 ], [ 76.83, 33.165 ], [ 76.84, 33.176 ], [ 76.833, 33.188 ], [ 76.843, 33.198 ], [ 76.859, 33.197 ], [ 76.869, 33.208 ], [ 76.862, 33.22 ], [ 76.846, 33.221 ], [ 76.84, 33.233 ], [ 76.824, 33.234 ], [ 76.817, 33.247 ], [ 76.801, 33.248 ], [ 76.795, 33.26 ], [ 76.779, 33.261 ], [ 76.769, 33.251 ], [ 76.776, 33.239 ], [ 76.766, 33.228 ], [ 76.772, 33.216 ], [ 76.763, 33.205 ], [ 76.769, 33.193 ], [ 76.759, 33.182 ], [ 76.766, 33.17 ], [ 76.756, 33.16 ], [ 76.763, 33.148 ], [ 76.753, 33.137 ], [ 76.759, 33.125 ], [ 76.75, 33.114 ], [ 76.756, 33.102 ], [ 76.746, 33.091 ] ] ] ] } },
{ "type": "Feature", "properties": { "POLYGON.ID": 523.0, "subregion": "India--Himachal Pradesh--Una--Plains", "POLYGON": "India--Himachal Pradesh--Una--Plains", "SHOW": "1", "FILTER": "Not-Assigned", "FILTER.ID": null, "OLD.POLYGON": null, "STATE": "Himachal Pradesh", "COUNTY": "Una", "OWNER": null }, "geometry": { "type": "MultiPolygon", "coordinates": [ [ [ [ 76.245, 31.307 ], [ 76.261, 31.306 ], [ 76.27, 31.316 ], [ 76.285, 31.315 ], [ 76.292, 31.303 ], [ 76.307, 31.302 ], [ 76.317, 31.312 ], [ 76.31, 31.324 ], [ 76.32, 31.335 ], [ 76.335, 31.334 ], [ 76.345, 31.344 ], [ 76.338, 31.356 ], [ 76.348, 31.367 ], [ 76.341, 31.378 ], [ 76.326, 31.38 ], [ 76.319, 31.391 ], [ 76.329, 31.402 ], [ 76.344, 31.401 ], [ 76.354, 31.411 ], [ 76.369, 31.41 ], [ 76.379, 31.421 ], [ 76.372, 31.433 ], [ 76.357, 31.434 ], [ 76.35, 31.446 ], [ 76.335, 31.447 ], [ 76.328, 31.459 ], [ 76.313, 31.46 ], [ 76.306, 31.472 ], [ 76.316, 31.482 ], [ 76.31, 31.494 ], [ 76.294, 31.495 ], [ 76.285, 31.485 ], [ 76.269, 31.486 ], [ 76.263, 31.498 ], [ 76.272, 31.509 ], [ 76.266, 31.52 ], [ 76.275, 31.531 ], [ 76.269, 31.543 ], [ 76.278, 31.553 ], [ 76.272, 31.565 ], [ 76.256, 31.566 ], [ 76.247, 31.556 ], [ 76.231, 31.557 ], [ 76.222, 31.547 ], [ 76.228, 31.535 ], [ 76.219, 31.524 ], [ 76.203, 31.525 ], [ 76.197, 31.537 ], [ 76.206, 31.548 ], [ 76.2, 31.56 ], [ 76.209, 31.57 ], [ 76.203, 31.582 ], [ 76.212, 31.593 ], [ 76.206, 31.605 ], [ 76.19, 31.606 ], [ 76.183, 31.618 ], [ 76.168, 31.619 ], [ 76.161, 31.631 ], [ 76.146, 31.632 ], [ 76.139, 31.644 ], [ 76.124, 31.645 ], [ 76.117, 31.657 ], [ 76.127, 31.667 ], [ 76.12, 31.679 ], [ 76.13, 31.69 ], [ 76.123, 31.702 ], [ 76.108, 31.703 ], [ 76.101, 31.715 ], [ 76.085, 31.716 ], [ 76.079, 31.728 ], [ 76.063, 31.729 ], [ 76.057, 31.741 ], [ 76.066, 31.752 ], [ 76.06, 31.763 ], [ 76.044, 31.765 ], [ 76.038, 31.777 ], [ 76.022, 31.778 ], [ 76.016, 31.79 ], [ 76.025, 31.8 ], [ 76.019, 31.812 ], [ 76.003, 31.813 ], [ 75.996, 31.825 ], [ 75.981, 31.826 ], [ 75.971, 31.816 ], [ 75.978, 31.804 ], [ 75.968, 31.793 ], [ 75.975, 31.781 ], [ 75.991, 31.78 ], [ 75.997, 31.768 ], [ 75.988, 31.758 ], [ 75.994, 31.746 ], [ 76.01, 31.745 ], [ 76.016, 31.733 ], [ 76.032, 31.732 ], [ 76.038, 31.72 ], [ 76.029, 31.709 ], [ 76.035, 31.697 ], [ 76.051, 31.696 ], [ 76.057, 31.684 ], [ 76.048, 31.674 ], [ 76.055, 31.662 ], [ 76.07, 31.66 ], [ 76.077, 31.649 ], [ 76.092, 31.647 ], [ 76.099, 31.636 ], [ 76.089, 31.625 ], [ 76.096, 31.613 ], [ 76.111, 31.612 ], [ 76.118, 31.6 ], [ 76.108, 31.589 ], [ 76.115, 31.578 ], [ 76.131, 31.576 ], [ 76.137, 31.564 ], [ 76.128, 31.554 ], [ 76.134, 31.542 ], [ 76.15, 31.541 ], [ 76.156, 31.529 ], [ 76.147, 31.518 ], [ 76.153, 31.507 ], [ 76.169, 31.505 ], [ 76.175, 31.493 ], [ 76.166, 31.483 ], [ 76.172, 31.471 ], [ 76.188, 31.47 ], [ 76.194, 31.458 ], [ 76.185, 31.447 ], [ 76.191, 31.436 ], [ 76.207, 31.434 ], [ 76.213, 31.422 ], [ 76.229, 31.421 ], [ 76.235, 31.409 ], [ 76.251, 31.408 ], [ 76.257, 31.396 ], [ 76.248, 31.386 ], [ 76.254, 31.374 ], [ 76.27, 31.373 ], [ 76.276, 31.361 ], [ 76.267, 31.35 ], [ 76.273, 31.338 ], [ 76.264, 31.328 ], [ 76.248, 31.329 ], [ 76.242, 31.341 ], [ 76.226, 31.342 ], [ 76.22, 31.354 ], [ 76.229, 31.365 ], [ 76.223, 31.376 ], [ 76.207, 31.378 ], [ 76.198, 31.367 ], [ 76.204, 31.355 ], [ 76.195, 31.345 ], [ 76.201, 31.333 ], [ 76.217, 31.332 ], [ 76.223, 31.32 ], [ 76.214, 31.309 ], [ 76.22, 31.297 ], [ 76.236, 31.296 ], [ 76.245, 31.307 ] ] ] ] } },
{ "type": "Feature", "properties": { "POLYGON.ID": 527.0, "subregion": "India--Himachal Pradesh--Hamirpur--Shivaliks", "POLYGON": "India--Himachal Pradesh--Hamirpur--Shivaliks", "SHOW": "1", "FILTER": "Not-Assigned", "FILTER.ID": null, "OLD.POLYGON": null, "STATE": "Himachal Pradesh", "COUNTY": "Mirpur", "OWNER": null }, "geometry": { "type": "MultiPolygon", "coordinates": [ [ [ [ 76.38, 31.784 ], [ 76.371, 31.773 ], [ 76.355, 31.774 ], [ 76.349, 31.786 ], [ 76.333, 31.787 ], [ 76.324, 31.777 ], [ 76.308, 31.778 ], [ 76.299, 31.768 ], [ 76.305, 31.756 ], [ 76.296, 31.745 ], [ 76.302, 31.733 ], [ 76.318, 31.732 ], [ 76.324, 31.72 ], [ 76.315, 31.709 ], [ 76.321, 31.698 ], [ 76.337, 31.696 ], [ 76.343, 31.684 ], [ 76.334, 31.674 ], [ 76.34, 31.662 ], [ 76.356, 31.661 ], [ 76.362, 31.649 ], [ 76.378, 31.648 ], [ 76.384, 31.636 ], [ 76.375, 31.625 ], [ 76.381, 31.613 ], [ 76.397, 31.612 ], [ 76.403, 31.6 ], [ 76.419, 31.599 ], [ 76.425, 31.587 ], [ 76.416, 31.576 ], [ 76.422, 31.565 ], [ 76.438, 31.563 ], [ 76.447, 31.574 ], [ 76.463, 31.573 ], [ 76.472, 31.583 ], [ 76.466, 31.595 ], [ 76.475, 31.606 ], [ 76.469, 31.618 ], [ 76.478, 31.628 ], [ 76.472, 31.64 ], [ 76.481, 31.651 ], [ 76.475, 31.663 ], [ 76.484, 31.673 ], [ 76.478, 31.685 ], [ 76.462, 31.686 ], [ 76.456, 31.698 ], [ 76.44, 31.699 ], [ 76.434, 31.711 ], [ 76.443, 31.722 ], [ 76.437, 31.734 ], [ 76.446, 31.744 ], [ 76.44, 31.756 ], [ 76.449, 31.767 ], [ 76.443, 31.779 ], [ 76.427, 31.78 ], [ 76.421, 31.792 ], [ 76.405, 31.793 ], [ 76.396, 31.782 ], [ 76.38, 31.784 ] ] ] ] } },
{ "type": "Feature", "properties": { "POLYGON.ID": 528.0, "subregion": "India--Himachal Pradesh--Mandi--low Himalaya", "POLYGON": "India--Himachal Pradesh--Mandi--low Himalaya", "SHOW": "1", "FILTER": "Not-Assigned", "FILTER.ID": null, "OLD.POLYGON": null, "STATE": "Himachal Pradesh", "COUNTY": "Mandi", "OWNER": null }, "geometry": { "type": "MultiPolygon", "coordinates": [ [ [ [ 76.857, 31.45 ], [ 76.85, 31.461 ], [ 76.86, 31.472 ], [ 76.854, 31.484 ], [ 76.863, 31.494 ], [ 76.857, 31.506 ], [ 76.866, 31.517 ], [ 76.882, 31.516 ], [ 76.891, 31.526 ], [ 76.885, 31.538 ], [ 76.894, 31.549 ], [ 76.91, 31.547 ], [ 76.916, 31.535 ], [ 76.932, 31.534 ], [ 76.941, 31.545 ], [ 76.935, 31.556 ], [ 76.945, 31.567 ], [ 76.96, 31.566 ], [ 76.97, 31.576 ], [ 76.963, 31.588 ], [ 76.973, 31.599 ], [ 76.967, 31.611 ], [ 76.976, 31.621 ], [ 76.97, 31.633 ], [ 76.979, 31.644 ], [ 76.973, 31.655 ], [ 76.983, 31.666 ], [ 76.976, 31.678 ], [ 76.961, 31.679 ], [ 76.954, 31.691 ], [ 76.939, 31.692 ], [ 76.933, 31.704 ], [ 76.942, 31.715 ], [ 76.936, 31.727 ], [ 76.945, 31.737 ], [ 76.939, 31.749 ], [ 76.949, 31.76 ], [ 76.942, 31.772 ], [ 76.952, 31.782 ], [ 76.946, 31.794 ], [ 76.955, 31.805 ], [ 76.949, 31.817 ], [ 76.958, 31.827 ], [ 76.952, 31.839 ], [ 76.936, 31.84 ], [ 76.93, 31.852 ], [ 76.94, 31.863 ], [ 76.933, 31.875 ], [ 76.918, 31.876 ], [ 76.911, 31.888 ], [ 76.921, 31.899 ], [ 76.915, 31.91 ], [ 76.899, 31.912 ], [ 76.893, 31.924 ], [ 76.902, 31.934 ], [ 76.896, 31.946 ], [ 76.88, 31.948 ], [ 76.874, 31.959 ], [ 76.858, 31.961 ], [ 76.852, 31.973 ], [ 76.836, 31.974 ], [ 76.83, 31.986 ], [ 76.814, 31.987 ], [ 76.808, 31.999 ], [ 76.792, 32.0 ], [ 76.786, 32.012 ], [ 76.77, 32.014 ], [ 76.764, 32.026 ], [ 76.748, 32.027 ], [ 76.742, 32.039 ], [ 76.726, 32.04 ], [ 76.717, 32.029 ], [ 76.701, 32.031 ], [ 76.695, 32.043 ], [ 76.679, 32.044 ], [ 76.669, 32.033 ], [ 76.676, 32.021 ], [ 76.666, 32.011 ], [ 76.672, 31.999 ], [ 76.688, 31.998 ], [ 76.694, 31.986 ], [ 76.685, 31.975 ], [ 76.691, 31.963 ], [ 76.682, 31.953 ], [ 76.688, 31.941 ], [ 76.679, 31.93 ], [ 76.685, 31.918 ], [ 76.676, 31.908 ], [ 76.682, 31.896 ], [ 76.672, 31.885 ], [ 76.679, 31.873 ], [ 76.669, 31.863 ], [ 76.654, 31.864 ], [ 76.647, 31.876 ], [ 76.632, 31.877 ], [ 76.622, 31.867 ], [ 76.628, 31.855 ], [ 76.619, 31.844 ], [ 76.625, 31.832 ], [ 76.616, 31.822 ], [ 76.622, 31.81 ], [ 76.613, 31.799 ], [ 76.619, 31.787 ], [ 76.61, 31.777 ], [ 76.616, 31.765 ], [ 76.632, 31.763 ], [ 76.638, 31.752 ], [ 76.654, 31.75 ], [ 76.66, 31.738 ], [ 76.65, 31.728 ], [ 76.657, 31.716 ], [ 76.672, 31.715 ], [ 76.679, 31.703 ], [ 76.694, 31.701 ], [ 76.701, 31.69 ], [ 76.691, 31.679 ], [ 76.697, 31.667 ], [ 76.713, 31.666 ], [ 76.719, 31.654 ], [ 76.71, 31.643 ], [ 76.716, 31.631 ], [ 76.707, 31.621 ], [ 76.713, 31.609 ], [ 76.729, 31.608 ], [ 76.735, 31.596 ], [ 76.726, 31.585 ], [ 76.732, 31.573 ], [ 76.722, 31.563 ], [ 76.729, 31.551 ], [ 76.719, 31.54 ], [ 76.725, 31.529 ], [ 76.741, 31.527 ], [ 76.747, 31.515 ], [ 76.763, 31.514 ], [ 76.769, 31.502 ], [ 76.785, 31.501 ], [ 76.791, 31.489 ], [ 76.782, 31.479 ], [ 76.788, 31.467 ], [ 76.804, 31.465 ], [ 76.81, 31.454 ], [ 76.8, 31.443 ], [ 76.807, 31.431 ], [ 76.822, 31.43 ], [ 76.832, 31.44 ], [ 76.847, 31.439 ], [ 76.857, 31.45 ] ] ] ] } },
{ "type": "Feature", "properties": { "POLYGON.ID": 529.0, "subregion": "India--Himachal Pradesh--Kullu--mid Himalaya", "POLYGON": "India--Himachal Pradesh--Kullu--mid Himalaya", "SHOW": "1", "FILTER": "Not-Assigned", "FILTER.ID": null, "OLD.POLYGON": null, "STATE": "Himachal Pradesh", "COUNTY": "Kullu", "OWNER": null }, "geometry": { "type": "MultiPolygon", "coordinates": [ [ [ [ 77.402, 31.346 ], [ 77.411, 31.357 ], [ 77.427, 31.355 ], [ 77.433, 31.343 ], [ 77.448, 31.342 ], [ 77.458, 31.353 ], [ 77.473, 31.351 ], [ 77.483, 31.362 ], [ 77.498, 31.36 ], [ 77.504, 31.348 ], [ 77.52, 31.347 ], [ 77.529, 31.358 ], [ 77.545, 31.356 ], [ 77.555, 31.367 ], [ 77.548, 31.379 ], [ 77.558, 31.389 ], [ 77.573, 31.388 ], [ 77.583, 31.398 ], [ 77.599, 31.397 ], [ 77.605, 31.385 ], [ 77.62, 31.383 ], [ 77.63, 31.394 ], [ 77.624, 31.406 ], [ 77.633, 31.416 ], [ 77.627, 31.428 ], [ 77.637, 31.439 ], [ 77.631, 31.451 ], [ 77.64, 31.461 ], [ 77.656, 31.46 ], [ 77.665, 31.47 ], [ 77.681, 31.469 ], [ 77.69, 31.479 ], [ 77.684, 31.491 ], [ 77.694, 31.502 ], [ 77.709, 31.5 ], [ 77.719, 31.511 ], [ 77.734, 31.509 ], [ 77.744, 31.52 ], [ 77.759, 31.518 ], [ 77.769, 31.529 ], [ 77.785, 31.527 ], [ 77.794, 31.538 ], [ 77.788, 31.55 ], [ 77.773, 31.551 ], [ 77.763, 31.541 ], [ 77.747, 31.542 ], [ 77.741, 31.554 ], [ 77.726, 31.555 ], [ 77.716, 31.545 ], [ 77.701, 31.546 ], [ 77.691, 31.536 ], [ 77.697, 31.524 ], [ 77.688, 31.513 ], [ 77.672, 31.515 ], [ 77.666, 31.527 ], [ 77.65, 31.528 ], [ 77.641, 31.518 ], [ 77.647, 31.506 ], [ 77.637, 31.495 ], [ 77.622, 31.497 ], [ 77.612, 31.486 ], [ 77.597, 31.488 ], [ 77.591, 31.499 ], [ 77.575, 31.501 ], [ 77.566, 31.49 ], [ 77.55, 31.492 ], [ 77.54, 31.481 ], [ 77.525, 31.483 ], [ 77.515, 31.472 ], [ 77.5, 31.474 ], [ 77.494, 31.485 ], [ 77.478, 31.487 ], [ 77.472, 31.499 ], [ 77.456, 31.5 ], [ 77.45, 31.512 ], [ 77.435, 31.513 ], [ 77.429, 31.525 ], [ 77.413, 31.527 ], [ 77.407, 31.538 ], [ 77.416, 31.549 ], [ 77.41, 31.561 ], [ 77.395, 31.562 ], [ 77.389, 31.574 ], [ 77.398, 31.585 ], [ 77.392, 31.597 ], [ 77.376, 31.598 ], [ 77.37, 31.61 ], [ 77.38, 31.62 ], [ 77.374, 31.632 ], [ 77.358, 31.634 ], [ 77.352, 31.645 ], [ 77.361, 31.656 ], [ 77.355, 31.668 ], [ 77.365, 31.678 ], [ 77.359, 31.69 ], [ 77.343, 31.692 ], [ 77.337, 31.704 ], [ 77.321, 31.705 ], [ 77.315, 31.717 ], [ 77.325, 31.727 ], [ 77.318, 31.739 ], [ 77.303, 31.741 ], [ 77.297, 31.753 ], [ 77.281, 31.754 ], [ 77.275, 31.766 ], [ 77.284, 31.776 ], [ 77.278, 31.788 ], [ 77.262, 31.79 ], [ 77.256, 31.802 ], [ 77.266, 31.812 ], [ 77.26, 31.824 ], [ 77.269, 31.835 ], [ 77.263, 31.846 ], [ 77.247, 31.848 ], [ 77.241, 31.86 ], [ 77.251, 31.87 ], [ 77.244, 31.882 ], [ 77.229, 31.884 ], [ 77.223, 31.895 ], [ 77.232, 31.906 ], [ 77.226, 31.918 ], [ 77.21, 31.919 ], [ 77.204, 31.931 ], [ 77.214, 31.942 ], [ 77.207, 31.954 ], [ 77.192, 31.955 ], [ 77.185, 31.967 ], [ 77.17, 31.968 ], [ 77.164, 31.98 ], [ 77.173, 31.991 ], [ 77.167, 32.003 ], [ 77.151, 32.004 ], [ 77.145, 32.016 ], [ 77.154, 32.027 ], [ 77.148, 32.039 ], [ 77.158, 32.049 ], [ 77.152, 32.061 ], [ 77.161, 32.072 ], [ 77.155, 32.084 ], [ 77.164, 32.094 ], [ 77.158, 32.106 ], [ 77.168, 32.117 ], [ 77.184, 32.115 ], [ 77.193, 32.126 ], [ 77.187, 32.138 ], [ 77.196, 32.148 ], [ 77.19, 32.16 ], [ 77.2, 32.171 ], [ 77.194, 32.183 ], [ 77.203, 32.193 ], [ 77.197, 32.205 ], [ 77.206, 32.216 ], [ 77.2, 32.228 ], [ 77.21, 32.239 ], [ 77.204, 32.251 ], [ 77.213, 32.261 ], [ 77.207, 32.273 ], [ 77.217, 32.284 ], [ 77.21, 32.296 ], [ 77.194, 32.297 ], [ 77.188, 32.309 ], [ 77.198, 32.32 ], [ 77.192, 32.332 ], [ 77.176, 32.333 ], [ 77.17, 32.345 ], [ 77.154, 32.346 ], [ 77.144, 32.336 ], [ 77.15, 32.324 ], [ 77.141, 32.313 ], [ 77.147, 32.301 ], [ 77.138, 32.29 ], [ 77.144, 32.279 ], [ 77.16, 32.277 ], [ 77.166, 32.265 ], [ 77.156, 32.255 ], [ 77.162, 32.243 ], [ 77.153, 32.232 ], [ 77.159, 32.22 ], [ 77.15, 32.21 ], [ 77.156, 32.198 ], [ 77.146, 32.187 ], [ 77.152, 32.175 ], [ 77.143, 32.164 ], [ 77.149, 32.153 ], [ 77.14, 32.142 ], [ 77.146, 32.13 ], [ 77.136, 32.119 ], [ 77.121, 32.121 ], [ 77.111, 32.11 ], [ 77.117, 32.098 ], [ 77.108, 32.088 ], [ 77.114, 32.076 ], [ 77.104, 32.065 ], [ 77.111, 32.053 ], [ 77.101, 32.043 ], [ 77.107, 32.031 ], [ 77.098, 32.02 ], [ 77.104, 32.008 ], [ 77.094, 31.998 ], [ 77.079, 31.999 ], [ 77.069, 31.988 ], [ 77.053, 31.99 ], [ 77.044, 31.979 ], [ 77.028, 31.981 ], [ 77.022, 31.992 ], [ 77.032, 32.003 ], [ 77.025, 32.015 ], [ 77.01, 32.016 ], [ 77.003, 32.028 ], [ 76.988, 32.03 ], [ 76.981, 32.041 ], [ 76.966, 32.043 ], [ 76.959, 32.055 ], [ 76.969, 32.065 ], [ 76.963, 32.077 ], [ 76.947, 32.079 ], [ 76.937, 32.068 ], [ 76.944, 32.056 ], [ 76.934, 32.045 ], [ 76.94, 32.034 ], [ 76.956, 32.032 ], [ 76.962, 32.02 ], [ 76.978, 32.019 ], [ 76.984, 32.007 ], [ 76.975, 31.996 ], [ 76.981, 31.985 ], [ 76.972, 31.974 ], [ 76.978, 31.962 ], [ 76.994, 31.961 ], [ 77.0, 31.949 ], [ 76.99, 31.938 ], [ 76.996, 31.926 ], [ 77.012, 31.925 ], [ 77.018, 31.913 ], [ 77.034, 31.912 ], [ 77.04, 31.9 ], [ 77.031, 31.889 ], [ 77.037, 31.877 ], [ 77.053, 31.876 ], [ 77.059, 31.864 ], [ 77.049, 31.853 ], [ 77.056, 31.842 ], [ 77.071, 31.84 ], [ 77.078, 31.828 ], [ 77.093, 31.827 ], [ 77.103, 31.838 ], [ 77.118, 31.836 ], [ 77.128, 31.847 ], [ 77.144, 31.845 ], [ 77.15, 31.834 ], [ 77.166, 31.832 ], [ 77.172, 31.82 ], [ 77.187, 31.819 ], [ 77.194, 31.807 ], [ 77.184, 31.796 ], [ 77.19, 31.785 ], [ 77.206, 31.783 ], [ 77.212, 31.771 ], [ 77.203, 31.761 ], [ 77.209, 31.749 ], [ 77.199, 31.738 ], [ 77.205, 31.726 ], [ 77.221, 31.725 ], [ 77.227, 31.713 ], [ 77.243, 31.712 ], [ 77.249, 31.7 ], [ 77.265, 31.699 ], [ 77.271, 31.687 ], [ 77.287, 31.685 ], [ 77.293, 31.673 ], [ 77.308, 31.672 ], [ 77.314, 31.66 ], [ 77.305, 31.65 ], [ 77.311, 31.638 ], [ 77.302, 31.627 ], [ 77.308, 31.615 ], [ 77.298, 31.605 ], [ 77.304, 31.593 ], [ 77.295, 31.582 ], [ 77.301, 31.57 ], [ 77.292, 31.56 ], [ 77.298, 31.548 ], [ 77.313, 31.547 ], [ 77.319, 31.535 ], [ 77.31, 31.524 ], [ 77.316, 31.512 ], [ 77.307, 31.502 ], [ 77.313, 31.49 ], [ 77.328, 31.489 ], [ 77.334, 31.477 ], [ 77.325, 31.466 ], [ 77.331, 31.454 ], [ 77.347, 31.453 ], [ 77.353, 31.441 ], [ 77.368, 31.44 ], [ 77.374, 31.428 ], [ 77.365, 31.417 ], [ 77.371, 31.406 ], [ 77.387, 31.404 ], [ 77.393, 31.392 ], [ 77.383, 31.382 ], [ 77.389, 31.37 ], [ 77.38, 31.359 ], [ 77.386, 31.348 ], [ 77.402, 31.346 ] ] ] ] } },
{ "type": "Feature", "properties": { "POLYGON.ID": 530.0, "subregion": "India--Himachal Pradesh--Shimla--mid Himalaya", "POLYGON": "India--Himachal Pradesh--Shimla--mid Himalaya", "SHOW": "1", "FILTER": "Not-Assigned", "FILTER.ID": null, "OLD.POLYGON": null, "STATE": "Himachal Pradesh", "COUNTY": "Shimla", "OWNER": null }, "geometry": { "type": "MultiPolygon", "coordinates": [ [ [ [ 77.864, 31.079 ], [ 77.858, 31.09 ], [ 77.867, 31.101 ], [ 77.861, 31.113 ], [ 77.846, 31.114 ], [ 77.84, 31.126 ], [ 77.824, 31.127 ], [ 77.818, 31.139 ], [ 77.803, 31.141 ], [ 77.793, 31.13 ], [ 77.778, 31.132 ], [ 77.772, 31.143 ], [ 77.781, 31.154 ], [ 77.775, 31.166 ], [ 77.785, 31.176 ], [ 77.8, 31.175 ], [ 77.81, 31.185 ], [ 77.804, 31.197 ], [ 77.813, 31.208 ], [ 77.829, 31.206 ], [ 77.838, 31.217 ], [ 77.854, 31.215 ], [ 77.86, 31.203 ], [ 77.875, 31.202 ], [ 77.885, 31.212 ], [ 77.9, 31.211 ], [ 77.91, 31.221 ], [ 77.925, 31.22 ], [ 77.935, 31.23 ], [ 77.929, 31.242 ], [ 77.938, 31.253 ], [ 77.932, 31.264 ], [ 77.917, 31.266 ], [ 77.907, 31.255 ], [ 77.892, 31.257 ], [ 77.886, 31.269 ], [ 77.87, 31.27 ], [ 77.861, 31.26 ], [ 77.845, 31.261 ], [ 77.836, 31.251 ], [ 77.82, 31.252 ], [ 77.814, 31.264 ], [ 77.799, 31.265 ], [ 77.789, 31.255 ], [ 77.774, 31.256 ], [ 77.768, 31.268 ], [ 77.752, 31.27 ], [ 77.743, 31.259 ], [ 77.727, 31.261 ], [ 77.721, 31.272 ], [ 77.706, 31.274 ], [ 77.696, 31.263 ], [ 77.681, 31.265 ], [ 77.675, 31.277 ], [ 77.659, 31.278 ], [ 77.653, 31.29 ], [ 77.637, 31.291 ], [ 77.631, 31.303 ], [ 77.641, 31.314 ], [ 77.635, 31.326 ], [ 77.644, 31.336 ], [ 77.638, 31.348 ], [ 77.648, 31.358 ], [ 77.663, 31.357 ], [ 77.673, 31.367 ], [ 77.667, 31.379 ], [ 77.676, 31.39 ], [ 77.692, 31.388 ], [ 77.701, 31.399 ], [ 77.717, 31.397 ], [ 77.726, 31.408 ], [ 77.742, 31.406 ], [ 77.752, 31.417 ], [ 77.767, 31.416 ], [ 77.777, 31.426 ], [ 77.771, 31.438 ], [ 77.78, 31.448 ], [ 77.774, 31.46 ], [ 77.784, 31.471 ], [ 77.778, 31.483 ], [ 77.787, 31.493 ], [ 77.781, 31.505 ], [ 77.791, 31.515 ], [ 77.785, 31.527 ], [ 77.769, 31.529 ], [ 77.759, 31.518 ], [ 77.744, 31.52 ], [ 77.734, 31.509 ], [ 77.719, 31.511 ], [ 77.709, 31.5 ], [ 77.694, 31.502 ], [ 77.684, 31.491 ], [ 77.69, 31.479 ], [ 77.681, 31.469 ], [ 77.665, 31.47 ], [ 77.656, 31.46 ], [ 77.64, 31.461 ], [ 77.631, 31.451 ], [ 77.637, 31.439 ], [ 77.627, 31.428 ], [ 77.633, 31.416 ], [ 77.624, 31.406 ], [ 77.63, 31.394 ], [ 77.62, 31.383 ], [ 77.605, 31.385 ], [ 77.599, 31.397 ], [ 77.583, 31.398 ], [ 77.573, 31.388 ], [ 77.558, 31.389 ], [ 77.548, 31.379 ], [ 77.555, 31.367 ], [ 77.545, 31.356 ], [ 77.529, 31.358 ], [ 77.52, 31.347 ], [ 77.504, 31.348 ], [ 77.498, 31.36 ], [ 77.483, 31.362 ], [ 77.473, 31.351 ], [ 77.458, 31.353 ], [ 77.448, 31.342 ], [ 77.433, 31.343 ], [ 77.427, 31.355 ], [ 77.411, 31.357 ], [ 77.402, 31.346 ], [ 77.386, 31.348 ], [ 77.38, 31.359 ], [ 77.364, 31.361 ], [ 77.355, 31.35 ], [ 77.361, 31.338 ], [ 77.352, 31.328 ], [ 77.336, 31.329 ], [ 77.327, 31.319 ], [ 77.333, 31.307 ], [ 77.323, 31.296 ], [ 77.329, 31.285 ], [ 77.32, 31.274 ], [ 77.304, 31.275 ], [ 77.295, 31.265 ], [ 77.279, 31.266 ], [ 77.27, 31.256 ], [ 77.254, 31.257 ], [ 77.248, 31.269 ], [ 77.233, 31.27 ], [ 77.223, 31.26 ], [ 77.208, 31.261 ], [ 77.198, 31.251 ], [ 77.183, 31.252 ], [ 77.173, 31.242 ], [ 77.158, 31.243 ], [ 77.148, 31.232 ], [ 77.133, 31.234 ], [ 77.127, 31.246 ], [ 77.111, 31.247 ], [ 77.102, 31.236 ], [ 77.086, 31.238 ], [ 77.08, 31.25 ], [ 77.065, 31.251 ], [ 77.058, 31.263 ], [ 77.043, 31.264 ], [ 77.037, 31.276 ], [ 77.021, 31.277 ], [ 77.012, 31.267 ], [ 77.018, 31.255 ], [ 77.008, 31.244 ], [ 77.015, 31.233 ], [ 77.005, 31.222 ], [ 77.011, 31.21 ], [ 77.002, 31.2 ], [ 77.008, 31.188 ], [ 77.024, 31.186 ], [ 77.03, 31.175 ], [ 77.045, 31.173 ], [ 77.052, 31.162 ], [ 77.067, 31.16 ], [ 77.073, 31.148 ], [ 77.089, 31.147 ], [ 77.095, 31.135 ], [ 77.085, 31.125 ], [ 77.092, 31.113 ], [ 77.107, 31.112 ], [ 77.113, 31.1 ], [ 77.129, 31.098 ], [ 77.135, 31.087 ], [ 77.15, 31.085 ], [ 77.16, 31.096 ], [ 77.175, 31.094 ], [ 77.185, 31.105 ], [ 77.2, 31.104 ], [ 77.21, 31.114 ], [ 77.225, 31.113 ], [ 77.235, 31.123 ], [ 77.25, 31.122 ], [ 77.256, 31.11 ], [ 77.247, 31.1 ], [ 77.253, 31.088 ], [ 77.243, 31.077 ], [ 77.25, 31.065 ], [ 77.24, 31.055 ], [ 77.246, 31.043 ], [ 77.237, 31.033 ], [ 77.243, 31.021 ], [ 77.258, 31.019 ], [ 77.265, 31.008 ], [ 77.255, 30.997 ], [ 77.261, 30.985 ], [ 77.277, 30.984 ], [ 77.283, 30.972 ], [ 77.273, 30.962 ], [ 77.279, 30.95 ], [ 77.295, 30.949 ], [ 77.304, 30.959 ], [ 77.32, 30.958 ], [ 77.329, 30.968 ], [ 77.323, 30.98 ], [ 77.333, 30.99 ], [ 77.348, 30.989 ], [ 77.357, 31.0 ], [ 77.373, 30.998 ], [ 77.382, 31.009 ], [ 77.398, 31.007 ], [ 77.404, 30.996 ], [ 77.419, 30.994 ], [ 77.425, 30.982 ], [ 77.441, 30.981 ], [ 77.447, 30.969 ], [ 77.437, 30.959 ], [ 77.444, 30.947 ], [ 77.434, 30.936 ], [ 77.419, 30.938 ], [ 77.409, 30.927 ], [ 77.415, 30.916 ], [ 77.431, 30.914 ], [ 77.437, 30.902 ], [ 77.427, 30.892 ], [ 77.433, 30.88 ], [ 77.449, 30.879 ], [ 77.455, 30.867 ], [ 77.47, 30.866 ], [ 77.476, 30.854 ], [ 77.492, 30.852 ], [ 77.498, 30.841 ], [ 77.488, 30.83 ], [ 77.494, 30.818 ], [ 77.485, 30.808 ], [ 77.491, 30.796 ], [ 77.507, 30.795 ], [ 77.513, 30.783 ], [ 77.528, 30.782 ], [ 77.537, 30.792 ], [ 77.553, 30.791 ], [ 77.559, 30.779 ], [ 77.574, 30.777 ], [ 77.584, 30.788 ], [ 77.599, 30.787 ], [ 77.608, 30.797 ], [ 77.624, 30.796 ], [ 77.633, 30.806 ], [ 77.649, 30.805 ], [ 77.655, 30.793 ], [ 77.67, 30.791 ], [ 77.676, 30.78 ], [ 77.692, 30.778 ], [ 77.698, 30.766 ], [ 77.713, 30.765 ], [ 77.722, 30.775 ], [ 77.716, 30.787 ], [ 77.726, 30.798 ], [ 77.741, 30.796 ], [ 77.751, 30.807 ], [ 77.745, 30.819 ], [ 77.754, 30.829 ], [ 77.748, 30.841 ], [ 77.758, 30.851 ], [ 77.752, 30.863 ], [ 77.761, 30.873 ], [ 77.776, 30.872 ], [ 77.782, 30.86 ], [ 77.798, 30.859 ], [ 77.807, 30.869 ], [ 77.801, 30.881 ], [ 77.811, 30.891 ], [ 77.805, 30.903 ], [ 77.814, 30.914 ], [ 77.808, 30.926 ], [ 77.793, 30.927 ], [ 77.783, 30.917 ], [ 77.768, 30.918 ], [ 77.762, 30.93 ], [ 77.747, 30.931 ], [ 77.741, 30.943 ], [ 77.75, 30.953 ], [ 77.744, 30.965 ], [ 77.753, 30.976 ], [ 77.769, 30.974 ], [ 77.778, 30.985 ], [ 77.794, 30.983 ], [ 77.8, 30.971 ], [ 77.815, 30.97 ], [ 77.825, 30.98 ], [ 77.819, 30.992 ], [ 77.828, 31.003 ], [ 77.822, 31.015 ], [ 77.807, 31.016 ], [ 77.801, 31.028 ], [ 77.81, 31.038 ], [ 77.826, 31.037 ], [ 77.835, 31.047 ], [ 77.829, 31.059 ], [ 77.839, 31.07 ], [ 77.854, 31.068 ], [ 77.864, 31.079 ] ] ] ] } },
{ "type": "Feature", "properties": { "POLYGON.ID": 531.0, "subregion": "India--Himachal Pradesh--Shimla--high Himalaya", "POLYGON": "India--Himachal Pradesh--Shimla--high Himalaya", "SHOW": "1", "FILTER": "Not-Assigned", "FILTER.ID": null, "OLD.POLYGON": null, "STATE": "Himachal Pradesh", "COUNTY": "Shimla", "OWNER": null }, "geometry": { "type": "MultiPolygon", "coordinates": [ [ [ [ 77.646, 31.653 ], [ 77.662, 31.652 ], [ 77.668, 31.64 ], [ 77.658, 31.63 ], [ 77.643, 31.631 ], [ 77.633, 31.62 ], [ 77.639, 31.609 ], [ 77.655, 31.607 ], [ 77.661, 31.595 ], [ 77.651, 31.585 ], [ 77.657, 31.573 ], [ 77.673, 31.571 ], [ 77.679, 31.56 ], [ 77.695, 31.558 ], [ 77.701, 31.546 ], [ 77.716, 31.545 ], [ 77.726, 31.555 ], [ 77.741, 31.554 ], [ 77.747, 31.542 ], [ 77.763, 31.541 ], [ 77.773, 31.551 ], [ 77.788, 31.55 ], [ 77.794, 31.538 ], [ 77.785, 31.527 ], [ 77.791, 31.515 ], [ 77.781, 31.505 ], [ 77.787, 31.493 ], [ 77.778, 31.483 ], [ 77.784, 31.471 ], [ 77.774, 31.46 ], [ 77.78, 31.448 ], [ 77.771, 31.438 ], [ 77.777, 31.426 ], [ 77.767, 31.416 ], [ 77.752, 31.417 ], [ 77.742, 31.406 ], [ 77.726, 31.408 ], [ 77.717, 31.397 ], [ 77.701, 31.399 ], [ 77.692, 31.388 ], [ 77.676, 31.39 ], [ 77.667, 31.379 ], [ 77.673, 31.367 ], [ 77.663, 31.357 ], [ 77.648, 31.358 ], [ 77.638, 31.348 ], [ 77.644, 31.336 ], [ 77.635, 31.326 ], [ 77.641, 31.314 ], [ 77.631, 31.303 ], [ 77.637, 31.291 ], [ 77.653, 31.29 ], [ 77.659, 31.278 ], [ 77.675, 31.277 ], [ 77.681, 31.265 ], [ 77.696, 31.263 ], [ 77.706, 31.274 ], [ 77.721, 31.272 ], [ 77.727, 31.261 ], [ 77.743, 31.259 ], [ 77.752, 31.27 ], [ 77.768, 31.268 ], [ 77.774, 31.256 ], [ 77.789, 31.255 ], [ 77.799, 31.265 ], [ 77.814, 31.264 ], [ 77.82, 31.252 ], [ 77.836, 31.251 ], [ 77.845, 31.261 ], [ 77.861, 31.26 ], [ 77.87, 31.27 ], [ 77.886, 31.269 ], [ 77.892, 31.257 ], [ 77.907, 31.255 ], [ 77.917, 31.266 ], [ 77.932, 31.264 ], [ 77.938, 31.253 ], [ 77.929, 31.242 ], [ 77.935, 31.23 ], [ 77.925, 31.22 ], [ 77.91, 31.221 ], [ 77.9, 31.211 ], [ 77.885, 31.212 ], [ 77.875, 31.202 ], [ 77.86, 31.203 ], [ 77.854, 31.215 ], [ 77.838, 31.217 ], [ 77.829, 31.206 ], [ 77.813, 31.208 ], [ 77.804, 31.197 ], [ 77.81, 31.185 ], [ 77.8, 31.175 ], [ 77.785, 31.176 ], [ 77.775, 31.166 ], [ 77.781, 31.154 ], [ 77.772, 31.143 ], [ 77.778, 31.132 ], [ 77.793, 31.13 ], [ 77.803, 31.141 ], [ 77.818, 31.139 ], [ 77.824, 31.127 ], [ 77.84, 31.126 ], [ 77.846, 31.114 ], [ 77.861, 31.113 ], [ 77.871, 31.123 ], [ 77.886, 31.122 ], [ 77.896, 31.132 ], [ 77.89, 31.144 ], [ 77.899, 31.154 ], [ 77.915, 31.153 ], [ 77.924, 31.163 ], [ 77.94, 31.162 ], [ 77.949, 31.172 ], [ 77.965, 31.171 ], [ 77.971, 31.159 ], [ 77.986, 31.158 ], [ 77.996, 31.168 ], [ 78.011, 31.167 ], [ 78.017, 31.155 ], [ 78.033, 31.153 ], [ 78.042, 31.164 ], [ 78.058, 31.162 ], [ 78.067, 31.173 ], [ 78.061, 31.185 ], [ 78.071, 31.195 ], [ 78.086, 31.194 ], [ 78.092, 31.182 ], [ 78.108, 31.18 ], [ 78.117, 31.191 ], [ 78.111, 31.203 ], [ 78.121, 31.213 ], [ 78.136, 31.212 ], [ 78.146, 31.222 ], [ 78.161, 31.221 ], [ 78.171, 31.231 ], [ 78.186, 31.23 ], [ 78.192, 31.218 ], [ 78.208, 31.216 ], [ 78.217, 31.227 ], [ 78.233, 31.225 ], [ 78.242, 31.236 ], [ 78.258, 31.234 ], [ 78.267, 31.245 ], [ 78.261, 31.256 ], [ 78.271, 31.267 ], [ 78.286, 31.265 ], [ 78.292, 31.253 ], [ 78.308, 31.252 ], [ 78.317, 31.262 ], [ 78.312, 31.274 ], [ 78.321, 31.285 ], [ 78.315, 31.297 ], [ 78.3, 31.298 ], [ 78.294, 31.31 ], [ 78.303, 31.32 ], [ 78.297, 31.332 ], [ 78.282, 31.334 ], [ 78.272, 31.323 ], [ 78.257, 31.325 ], [ 78.251, 31.337 ], [ 78.235, 31.338 ], [ 78.226, 31.328 ], [ 78.21, 31.329 ], [ 78.204, 31.341 ], [ 78.189, 31.343 ], [ 78.179, 31.332 ], [ 78.164, 31.334 ], [ 78.158, 31.345 ], [ 78.167, 31.356 ], [ 78.161, 31.368 ], [ 78.171, 31.378 ], [ 78.165, 31.39 ], [ 78.15, 31.392 ], [ 78.144, 31.403 ], [ 78.128, 31.405 ], [ 78.122, 31.417 ], [ 78.107, 31.418 ], [ 78.097, 31.408 ], [ 78.082, 31.409 ], [ 78.072, 31.399 ], [ 78.056, 31.4 ], [ 78.05, 31.412 ], [ 78.035, 31.414 ], [ 78.025, 31.403 ], [ 78.01, 31.405 ], [ 78.0, 31.394 ], [ 77.985, 31.396 ], [ 77.979, 31.407 ], [ 77.963, 31.409 ], [ 77.957, 31.421 ], [ 77.942, 31.422 ], [ 77.936, 31.434 ], [ 77.92, 31.436 ], [ 77.914, 31.447 ], [ 77.899, 31.449 ], [ 77.893, 31.461 ], [ 77.877, 31.462 ], [ 77.871, 31.474 ], [ 77.881, 31.485 ], [ 77.875, 31.496 ], [ 77.859, 31.498 ], [ 77.853, 31.51 ], [ 77.837, 31.511 ], [ 77.831, 31.523 ], [ 77.841, 31.534 ], [ 77.835, 31.545 ], [ 77.844, 31.556 ], [ 77.838, 31.568 ], [ 77.848, 31.578 ], [ 77.842, 31.59 ], [ 77.826, 31.592 ], [ 77.82, 31.604 ], [ 77.83, 31.614 ], [ 77.824, 31.626 ], [ 77.808, 31.627 ], [ 77.802, 31.639 ], [ 77.812, 31.65 ], [ 77.806, 31.662 ], [ 77.79, 31.663 ], [ 77.784, 31.675 ], [ 77.794, 31.685 ], [ 77.788, 31.697 ], [ 77.772, 31.699 ], [ 77.766, 31.711 ], [ 77.75, 31.712 ], [ 77.741, 31.702 ], [ 77.725, 31.703 ], [ 77.719, 31.715 ], [ 77.703, 31.716 ], [ 77.694, 31.706 ], [ 77.678, 31.707 ], [ 77.669, 31.697 ], [ 77.675, 31.685 ], [ 77.665, 31.674 ], [ 77.65, 31.676 ], [ 77.64, 31.665 ], [ 77.646, 31.653 ] ] ] ] } },
{ "type": "Feature", "properties": { "POLYGON.ID": 532.0, "subregion": "India--Himachal Pradesh--Bilaspur--Shivaliks", "POLYGON": "India--Himachal Pradesh--Bilaspur--Shivaliks", "SHOW": "1", "FILTER": "Not-Assigned", "FILTER.ID": null, "OLD.POLYGON": null, "STATE": "Himachal Pradesh", "COUNTY": "Bilaspur", "OWNER": null }, "geometry": { "type": "MultiPolygon", "coordinates": [ [ [ [ 76.516, 31.444 ], [ 76.525, 31.454 ], [ 76.519, 31.466 ], [ 76.503, 31.467 ], [ 76.497, 31.479 ], [ 76.482, 31.48 ], [ 76.475, 31.492 ], [ 76.46, 31.494 ], [ 76.45, 31.483 ], [ 76.457, 31.471 ], [ 76.472, 31.47 ], [ 76.479, 31.458 ], [ 76.469, 31.447 ], [ 76.475, 31.436 ], [ 76.466, 31.425 ], [ 76.45, 31.426 ], [ 76.441, 31.416 ], [ 76.426, 31.417 ], [ 76.419, 31.429 ], [ 76.404, 31.43 ], [ 76.394, 31.419 ], [ 76.401, 31.408 ], [ 76.391, 31.397 ], [ 76.398, 31.385 ], [ 76.388, 31.375 ], [ 76.394, 31.363 ], [ 76.41, 31.362 ], [ 76.416, 31.35 ], [ 76.407, 31.339 ], [ 76.413, 31.327 ], [ 76.429, 31.326 ], [ 76.435, 31.314 ], [ 76.451, 31.313 ], [ 76.457, 31.301 ], [ 76.448, 31.291 ], [ 76.454, 31.279 ], [ 76.47, 31.278 ], [ 76.479, 31.288 ], [ 76.495, 31.287 ], [ 76.501, 31.275 ], [ 76.516, 31.274 ], [ 76.523, 31.262 ], [ 76.538, 31.261 ], [ 76.544, 31.249 ], [ 76.56, 31.248 ], [ 76.569, 31.258 ], [ 76.585, 31.257 ], [ 76.594, 31.267 ], [ 76.61, 31.266 ], [ 76.616, 31.254 ], [ 76.607, 31.244 ], [ 76.591, 31.245 ], [ 76.582, 31.235 ], [ 76.588, 31.223 ], [ 76.579, 31.212 ], [ 76.585, 31.2 ], [ 76.601, 31.199 ], [ 76.61, 31.21 ], [ 76.626, 31.208 ], [ 76.635, 31.219 ], [ 76.65, 31.218 ], [ 76.657, 31.206 ], [ 76.672, 31.205 ], [ 76.682, 31.215 ], [ 76.697, 31.214 ], [ 76.706, 31.224 ], [ 76.722, 31.223 ], [ 76.731, 31.234 ], [ 76.725, 31.245 ], [ 76.71, 31.247 ], [ 76.703, 31.259 ], [ 76.688, 31.26 ], [ 76.682, 31.272 ], [ 76.691, 31.282 ], [ 76.685, 31.294 ], [ 76.669, 31.295 ], [ 76.663, 31.307 ], [ 76.647, 31.308 ], [ 76.641, 31.32 ], [ 76.625, 31.321 ], [ 76.619, 31.333 ], [ 76.629, 31.344 ], [ 76.622, 31.356 ], [ 76.607, 31.357 ], [ 76.6, 31.369 ], [ 76.585, 31.37 ], [ 76.579, 31.382 ], [ 76.563, 31.383 ], [ 76.557, 31.395 ], [ 76.566, 31.406 ], [ 76.56, 31.417 ], [ 76.544, 31.419 ], [ 76.538, 31.431 ], [ 76.522, 31.432 ], [ 76.516, 31.444 ] ] ] ] } },
{ "type": "Feature", "properties": { "POLYGON.ID": 533.0, "subregion": "India--Himachal Pradesh--Solan--mid Himalaya", "POLYGON": "India--Himachal Pradesh--Solan--mid Himalaya", "SHOW": "1", "FILTER": "Not-Assigned", "FILTER.ID": null, "OLD.POLYGON": null, "STATE": "Himachal Pradesh", "COUNTY": "Solan", "OWNER": null }, "geometry": { "type": "MultiPolygon", "coordinates": [ [ [ [ 77.015, 31.233 ], [ 77.008, 31.244 ], [ 77.018, 31.255 ], [ 77.012, 31.267 ], [ 77.021, 31.277 ], [ 77.015, 31.289 ], [ 76.999, 31.29 ], [ 76.993, 31.302 ], [ 76.978, 31.304 ], [ 76.971, 31.315 ], [ 76.956, 31.317 ], [ 76.95, 31.329 ], [ 76.934, 31.33 ], [ 76.928, 31.342 ], [ 76.937, 31.352 ], [ 76.931, 31.364 ], [ 76.916, 31.365 ], [ 76.906, 31.355 ], [ 76.891, 31.356 ], [ 76.881, 31.346 ], [ 76.887, 31.334 ], [ 76.878, 31.323 ], [ 76.884, 31.311 ], [ 76.9, 31.31 ], [ 76.909, 31.321 ], [ 76.925, 31.319 ], [ 76.931, 31.307 ], [ 76.922, 31.297 ], [ 76.928, 31.285 ], [ 76.918, 31.275 ], [ 76.924, 31.263 ], [ 76.94, 31.261 ], [ 76.946, 31.25 ], [ 76.937, 31.239 ], [ 76.943, 31.227 ], [ 76.959, 31.226 ], [ 76.965, 31.214 ], [ 76.98, 31.213 ], [ 76.986, 31.201 ], [ 77.002, 31.2 ], [ 77.011, 31.21 ], [ 77.005, 31.222 ], [ 77.015, 31.233 ] ] ] ] } },
{ "type": "Feature", "properties": { "POLYGON.ID": 534.0, "subregion": "India--Himachal Pradesh--Solan--Around Baddi", "POLYGON": "India--Himachal Pradesh--Solan--Around Baddi", "SHOW": "1", "FILTER": "Not-Assigned", "FILTER.ID": null, "OLD.POLYGON": null, "STATE": "Himachal Pradesh", "COUNTY": "Solan", "OWNER": null }, "geometry": { "type": "MultiPolygon", "coordinates": [ [ [ [ 76.787, 31.014 ], [ 76.771, 31.016 ], [ 76.762, 31.005 ], [ 76.747, 31.006 ], [ 76.74, 31.018 ], [ 76.725, 31.019 ], [ 76.719, 31.031 ], [ 76.728, 31.042 ], [ 76.722, 31.054 ], [ 76.731, 31.064 ], [ 76.725, 31.076 ], [ 76.734, 31.086 ], [ 76.728, 31.098 ], [ 76.713, 31.099 ], [ 76.706, 31.111 ], [ 76.691, 31.113 ], [ 76.685, 31.124 ], [ 76.694, 31.135 ], [ 76.688, 31.147 ], [ 76.697, 31.157 ], [ 76.691, 31.169 ], [ 76.675, 31.17 ], [ 76.666, 31.16 ], [ 76.65, 31.161 ], [ 76.641, 31.151 ], [ 76.647, 31.139 ], [ 76.638, 31.128 ], [ 76.644, 31.116 ], [ 76.66, 31.115 ], [ 76.666, 31.103 ], [ 76.681, 31.102 ], [ 76.688, 31.09 ], [ 76.678, 31.08 ], [ 76.685, 31.068 ], [ 76.675, 31.057 ], [ 76.66, 31.059 ], [ 76.65, 31.048 ], [ 76.657, 31.036 ], [ 76.672, 31.035 ], [ 76.678, 31.023 ], [ 76.694, 31.022 ], [ 76.7, 31.01 ], [ 76.716, 31.009 ], [ 76.722, 30.997 ], [ 76.712, 30.987 ], [ 76.719, 30.975 ], [ 76.734, 30.973 ], [ 76.74, 30.962 ], [ 76.756, 30.96 ], [ 76.762, 30.949 ], [ 76.753, 30.938 ], [ 76.759, 30.926 ], [ 76.774, 30.925 ], [ 76.781, 30.913 ], [ 76.796, 30.912 ], [ 76.805, 30.922 ], [ 76.821, 30.921 ], [ 76.827, 30.909 ], [ 76.843, 30.908 ], [ 76.849, 30.896 ], [ 76.864, 30.895 ], [ 76.873, 30.906 ], [ 76.867, 30.917 ], [ 76.852, 30.919 ], [ 76.846, 30.93 ], [ 76.855, 30.941 ], [ 76.849, 30.953 ], [ 76.833, 30.954 ], [ 76.827, 30.966 ], [ 76.812, 30.967 ], [ 76.805, 30.979 ], [ 76.79, 30.98 ], [ 76.784, 30.992 ], [ 76.793, 31.002 ], [ 76.787, 31.014 ] ] ] ] } },
{ "type": "Feature", "properties": { "POLYGON.ID": 535.0, "subregion": "India--Himachal Pradesh--Solan--low Himalaya", "POLYGON": "India--Himachal Pradesh--Solan--low Himalaya", "SHOW": "1", "FILTER": "Not-Assigned", "FILTER.ID": null, "OLD.POLYGON": null, "STATE": "Himachal Pradesh", "COUNTY": "Solan", "OWNER": null }, "geometry": { "type": "MultiPolygon", "coordinates": [ [ [ [ 77.043, 30.779 ], [ 77.058, 30.777 ], [ 77.068, 30.788 ], [ 77.062, 30.8 ], [ 77.071, 30.81 ], [ 77.086, 30.809 ], [ 77.096, 30.819 ], [ 77.09, 30.831 ], [ 77.099, 30.841 ], [ 77.115, 30.84 ], [ 77.124, 30.851 ], [ 77.139, 30.849 ], [ 77.149, 30.86 ], [ 77.164, 30.858 ], [ 77.174, 30.869 ], [ 77.189, 30.868 ], [ 77.198, 30.878 ], [ 77.214, 30.877 ], [ 77.223, 30.887 ], [ 77.217, 30.899 ], [ 77.226, 30.909 ], [ 77.242, 30.908 ], [ 77.251, 30.919 ], [ 77.245, 30.93 ], [ 77.255, 30.941 ], [ 77.249, 30.953 ], [ 77.233, 30.954 ], [ 77.227, 30.966 ], [ 77.211, 30.967 ], [ 77.205, 30.979 ], [ 77.215, 30.989 ], [ 77.209, 31.001 ], [ 77.193, 31.003 ], [ 77.184, 30.992 ], [ 77.168, 30.993 ], [ 77.162, 31.005 ], [ 77.147, 31.007 ], [ 77.141, 31.018 ], [ 77.125, 31.02 ], [ 77.119, 31.031 ], [ 77.103, 31.033 ], [ 77.097, 31.045 ], [ 77.082, 31.046 ], [ 77.076, 31.058 ], [ 77.085, 31.068 ], [ 77.079, 31.08 ], [ 77.063, 31.081 ], [ 77.054, 31.071 ], [ 77.039, 31.072 ], [ 77.032, 31.084 ], [ 77.042, 31.095 ], [ 77.036, 31.106 ], [ 77.02, 31.108 ], [ 77.014, 31.119 ], [ 77.023, 31.13 ], [ 77.017, 31.142 ], [ 77.027, 31.152 ], [ 77.02, 31.164 ], [ 77.03, 31.175 ], [ 77.024, 31.186 ], [ 77.008, 31.188 ], [ 77.002, 31.2 ], [ 76.986, 31.201 ], [ 76.98, 31.213 ], [ 76.965, 31.214 ], [ 76.959, 31.226 ], [ 76.943, 31.227 ], [ 76.937, 31.239 ], [ 76.946, 31.25 ], [ 76.94, 31.261 ], [ 76.924, 31.263 ], [ 76.918, 31.275 ], [ 76.903, 31.276 ], [ 76.893, 31.265 ], [ 76.878, 31.267 ], [ 76.868, 31.256 ], [ 76.875, 31.244 ], [ 76.865, 31.234 ], [ 76.871, 31.222 ], [ 76.862, 31.211 ], [ 76.846, 31.213 ], [ 76.84, 31.225 ], [ 76.825, 31.226 ], [ 76.815, 31.215 ], [ 76.8, 31.217 ], [ 76.794, 31.228 ], [ 76.778, 31.23 ], [ 76.769, 31.219 ], [ 76.753, 31.22 ], [ 76.747, 31.232 ], [ 76.731, 31.234 ], [ 76.722, 31.223 ], [ 76.728, 31.211 ], [ 76.744, 31.21 ], [ 76.75, 31.198 ], [ 76.741, 31.188 ], [ 76.747, 31.176 ], [ 76.762, 31.174 ], [ 76.769, 31.163 ], [ 76.759, 31.152 ], [ 76.765, 31.14 ], [ 76.756, 31.13 ], [ 76.762, 31.118 ], [ 76.778, 31.117 ], [ 76.784, 31.105 ], [ 76.8, 31.104 ], [ 76.809, 31.114 ], [ 76.824, 31.113 ], [ 76.834, 31.123 ], [ 76.849, 31.122 ], [ 76.859, 31.133 ], [ 76.874, 31.131 ], [ 76.88, 31.119 ], [ 76.896, 31.118 ], [ 76.905, 31.129 ], [ 76.899, 31.14 ], [ 76.908, 31.151 ], [ 76.924, 31.15 ], [ 76.93, 31.138 ], [ 76.946, 31.137 ], [ 76.952, 31.125 ], [ 76.967, 31.123 ], [ 76.974, 31.112 ], [ 76.964, 31.101 ], [ 76.97, 31.089 ], [ 76.986, 31.088 ], [ 76.992, 31.076 ], [ 76.983, 31.066 ], [ 76.989, 31.054 ], [ 76.979, 31.043 ], [ 76.986, 31.032 ], [ 76.976, 31.021 ], [ 76.982, 31.009 ], [ 76.973, 30.999 ], [ 76.979, 30.987 ], [ 76.97, 30.976 ], [ 76.976, 30.965 ], [ 76.967, 30.954 ], [ 76.973, 30.942 ], [ 76.963, 30.932 ], [ 76.948, 30.933 ], [ 76.939, 30.923 ], [ 76.923, 30.924 ], [ 76.914, 30.913 ], [ 76.92, 30.902 ], [ 76.911, 30.891 ], [ 76.917, 30.879 ], [ 76.932, 30.878 ], [ 76.938, 30.866 ], [ 76.954, 30.865 ], [ 76.96, 30.853 ], [ 76.951, 30.843 ], [ 76.957, 30.831 ], [ 76.972, 30.83 ], [ 76.978, 30.818 ], [ 76.994, 30.817 ], [ 77.0, 30.805 ], [ 77.015, 30.803 ], [ 77.021, 30.792 ], [ 77.012, 30.781 ], [ 77.018, 30.769 ], [ 77.034, 30.768 ], [ 77.043, 30.779 ] ] ] ] } },
{ "type": "Feature", "properties": { "POLYGON.ID": 536.0, "subregion": "India--Himachal Pradesh--Sirmaur--low Himalaya", "POLYGON": "India--Himachal Pradesh--Sirmaur--low Himalaya", "SHOW": "1", "FILTER": "Not-Assigned", "FILTER.ID": null, "OLD.POLYGON": null, "STATE": "Himachal Pradesh", "COUNTY": "Mau", "OWNER": null }, "geometry": { "type": "MultiPolygon", "coordinates": [ [ [ [ 77.263, 30.839 ], [ 77.257, 30.85 ], [ 77.266, 30.861 ], [ 77.26, 30.873 ], [ 77.27, 30.883 ], [ 77.263, 30.895 ], [ 77.273, 30.905 ], [ 77.267, 30.917 ], [ 77.276, 30.928 ], [ 77.27, 30.939 ], [ 77.255, 30.941 ], [ 77.245, 30.93 ], [ 77.251, 30.919 ], [ 77.242, 30.908 ], [ 77.226, 30.909 ], [ 77.217, 30.899 ], [ 77.223, 30.887 ], [ 77.214, 30.877 ], [ 77.198, 30.878 ], [ 77.189, 30.868 ], [ 77.174, 30.869 ], [ 77.164, 30.858 ], [ 77.149, 30.86 ], [ 77.139, 30.849 ], [ 77.124, 30.851 ], [ 77.115, 30.84 ], [ 77.099, 30.841 ], [ 77.09, 30.831 ], [ 77.096, 30.819 ], [ 77.086, 30.809 ], [ 77.071, 30.81 ], [ 77.062, 30.8 ], [ 77.068, 30.788 ], [ 77.058, 30.777 ], [ 77.043, 30.779 ], [ 77.034, 30.768 ], [ 77.04, 30.756 ], [ 77.055, 30.755 ], [ 77.065, 30.765 ], [ 77.08, 30.764 ], [ 77.086, 30.752 ], [ 77.102, 30.751 ], [ 77.108, 30.739 ], [ 77.123, 30.738 ], [ 77.129, 30.726 ], [ 77.12, 30.716 ], [ 77.126, 30.704 ], [ 77.141, 30.703 ], [ 77.147, 30.691 ], [ 77.163, 30.69 ], [ 77.169, 30.678 ], [ 77.184, 30.676 ], [ 77.19, 30.665 ], [ 77.206, 30.663 ], [ 77.212, 30.652 ], [ 77.227, 30.65 ], [ 77.233, 30.638 ], [ 77.249, 30.637 ], [ 77.255, 30.625 ], [ 77.27, 30.624 ], [ 77.276, 30.612 ], [ 77.292, 30.611 ], [ 77.298, 30.599 ], [ 77.313, 30.598 ], [ 77.319, 30.586 ], [ 77.334, 30.585 ], [ 77.341, 30.573 ], [ 77.356, 30.572 ], [ 77.362, 30.56 ], [ 77.377, 30.559 ], [ 77.387, 30.569 ], [ 77.402, 30.568 ], [ 77.408, 30.556 ], [ 77.423, 30.554 ], [ 77.429, 30.543 ], [ 77.445, 30.541 ], [ 77.454, 30.552 ], [ 77.47, 30.55 ], [ 77.479, 30.561 ], [ 77.494, 30.56 ], [ 77.5, 30.548 ], [ 77.516, 30.546 ], [ 77.525, 30.557 ], [ 77.54, 30.555 ], [ 77.546, 30.544 ], [ 77.562, 30.542 ], [ 77.568, 30.531 ], [ 77.583, 30.529 ], [ 77.592, 30.54 ], [ 77.608, 30.538 ], [ 77.614, 30.526 ], [ 77.629, 30.525 ], [ 77.639, 30.535 ], [ 77.654, 30.534 ], [ 77.663, 30.544 ], [ 77.679, 30.543 ], [ 77.685, 30.531 ], [ 77.7, 30.53 ], [ 77.709, 30.54 ], [ 77.725, 30.539 ], [ 77.731, 30.527 ], [ 77.746, 30.526 ], [ 77.755, 30.536 ], [ 77.771, 30.535 ], [ 77.78, 30.545 ], [ 77.774, 30.557 ], [ 77.759, 30.558 ], [ 77.753, 30.57 ], [ 77.737, 30.572 ], [ 77.728, 30.561 ], [ 77.713, 30.563 ], [ 77.703, 30.552 ], [ 77.688, 30.554 ], [ 77.682, 30.565 ], [ 77.667, 30.567 ], [ 77.657, 30.556 ], [ 77.642, 30.558 ], [ 77.636, 30.569 ], [ 77.621, 30.571 ], [ 77.611, 30.56 ], [ 77.596, 30.562 ], [ 77.59, 30.574 ], [ 77.574, 30.575 ], [ 77.568, 30.587 ], [ 77.553, 30.588 ], [ 77.544, 30.578 ], [ 77.528, 30.579 ], [ 77.522, 30.591 ], [ 77.507, 30.592 ], [ 77.498, 30.582 ], [ 77.482, 30.583 ], [ 77.476, 30.595 ], [ 77.461, 30.596 ], [ 77.455, 30.608 ], [ 77.439, 30.609 ], [ 77.433, 30.621 ], [ 77.418, 30.622 ], [ 77.412, 30.634 ], [ 77.397, 30.636 ], [ 77.391, 30.647 ], [ 77.375, 30.649 ], [ 77.369, 30.66 ], [ 77.354, 30.662 ], [ 77.348, 30.674 ], [ 77.332, 30.675 ], [ 77.326, 30.687 ], [ 77.311, 30.688 ], [ 77.305, 30.7 ], [ 77.289, 30.701 ], [ 77.283, 30.713 ], [ 77.268, 30.714 ], [ 77.262, 30.726 ], [ 77.271, 30.736 ], [ 77.265, 30.748 ], [ 77.25, 30.75 ], [ 77.244, 30.761 ], [ 77.253, 30.772 ], [ 77.247, 30.784 ], [ 77.256, 30.794 ], [ 77.25, 30.806 ], [ 77.26, 30.816 ], [ 77.254, 30.828 ], [ 77.263, 30.839 ] ] ] ] } },
{ "type": "Feature", "properties": { "POLYGON.ID": 537.0, "subregion": "India--Himachal Pradesh--Sirmaur--mid Himalaya", "POLYGON": "India--Himachal Pradesh--Sirmaur--mid Himalaya", "SHOW": "1", "FILTER": "Not-Assigned", "FILTER.ID": null, "OLD.POLYGON": null, "STATE": "Himachal Pradesh", "COUNTY": "Mau", "OWNER": null }, "geometry": { "type": "MultiPolygon", "coordinates": [ [ [ [ 77.326, 30.687 ], [ 77.332, 30.675 ], [ 77.348, 30.674 ], [ 77.354, 30.662 ], [ 77.369, 30.66 ], [ 77.375, 30.649 ], [ 77.391, 30.647 ], [ 77.397, 30.636 ], [ 77.412, 30.634 ], [ 77.418, 30.622 ], [ 77.433, 30.621 ], [ 77.439, 30.609 ], [ 77.455, 30.608 ], [ 77.461, 30.596 ], [ 77.476, 30.595 ], [ 77.482, 30.583 ], [ 77.498, 30.582 ], [ 77.507, 30.592 ], [ 77.522, 30.591 ], [ 77.528, 30.579 ], [ 77.544, 30.578 ], [ 77.553, 30.588 ], [ 77.568, 30.587 ], [ 77.574, 30.575 ], [ 77.59, 30.574 ], [ 77.596, 30.562 ], [ 77.611, 30.56 ], [ 77.621, 30.571 ], [ 77.636, 30.569 ], [ 77.642, 30.558 ], [ 77.657, 30.556 ], [ 77.667, 30.567 ], [ 77.682, 30.565 ], [ 77.688, 30.554 ], [ 77.703, 30.552 ], [ 77.713, 30.563 ], [ 77.728, 30.561 ], [ 77.737, 30.572 ], [ 77.753, 30.57 ], [ 77.762, 30.581 ], [ 77.756, 30.592 ], [ 77.766, 30.603 ], [ 77.781, 30.601 ], [ 77.79, 30.612 ], [ 77.785, 30.624 ], [ 77.794, 30.634 ], [ 77.788, 30.646 ], [ 77.797, 30.656 ], [ 77.791, 30.668 ], [ 77.776, 30.669 ], [ 77.77, 30.681 ], [ 77.755, 30.682 ], [ 77.749, 30.694 ], [ 77.758, 30.705 ], [ 77.752, 30.716 ], [ 77.737, 30.718 ], [ 77.731, 30.73 ], [ 77.715, 30.731 ], [ 77.709, 30.743 ], [ 77.719, 30.753 ], [ 77.713, 30.765 ], [ 77.698, 30.766 ], [ 77.692, 30.778 ], [ 77.676, 30.78 ], [ 77.67, 30.791 ], [ 77.655, 30.793 ], [ 77.649, 30.805 ], [ 77.633, 30.806 ], [ 77.624, 30.796 ], [ 77.608, 30.797 ], [ 77.599, 30.787 ], [ 77.584, 30.788 ], [ 77.574, 30.777 ], [ 77.559, 30.779 ], [ 77.553, 30.791 ], [ 77.537, 30.792 ], [ 77.528, 30.782 ], [ 77.513, 30.783 ], [ 77.507, 30.795 ], [ 77.491, 30.796 ], [ 77.485, 30.808 ], [ 77.494, 30.818 ], [ 77.488, 30.83 ], [ 77.498, 30.841 ], [ 77.492, 30.852 ], [ 77.476, 30.854 ], [ 77.47, 30.866 ], [ 77.455, 30.867 ], [ 77.449, 30.879 ], [ 77.433, 30.88 ], [ 77.427, 30.892 ], [ 77.437, 30.902 ], [ 77.431, 30.914 ], [ 77.415, 30.916 ], [ 77.409, 30.927 ], [ 77.419, 30.938 ], [ 77.434, 30.936 ], [ 77.444, 30.947 ], [ 77.437, 30.959 ], [ 77.447, 30.969 ], [ 77.441, 30.981 ], [ 77.425, 30.982 ], [ 77.419, 30.994 ], [ 77.404, 30.996 ], [ 77.398, 31.007 ], [ 77.382, 31.009 ], [ 77.373, 30.998 ], [ 77.357, 31.0 ], [ 77.348, 30.989 ], [ 77.333, 30.99 ], [ 77.323, 30.98 ], [ 77.329, 30.968 ], [ 77.32, 30.958 ], [ 77.304, 30.959 ], [ 77.295, 30.949 ], [ 77.279, 30.95 ], [ 77.27, 30.939 ], [ 77.276, 30.928 ], [ 77.267, 30.917 ], [ 77.273, 30.905 ], [ 77.263, 30.895 ], [ 77.27, 30.883 ], [ 77.26, 30.873 ], [ 77.266, 30.861 ], [ 77.257, 30.85 ], [ 77.263, 30.839 ], [ 77.254, 30.828 ], [ 77.26, 30.816 ], [ 77.25, 30.806 ], [ 77.256, 30.794 ], [ 77.247, 30.784 ], [ 77.253, 30.772 ], [ 77.244, 30.761 ], [ 77.25, 30.75 ], [ 77.265, 30.748 ], [ 77.271, 30.736 ], [ 77.262, 30.726 ], [ 77.268, 30.714 ], [ 77.283, 30.713 ], [ 77.289, 30.701 ], [ 77.305, 30.7 ], [ 77.311, 30.688 ], [ 77.326, 30.687 ] ] ] ] } },
{ "type": "Feature", "properties": { "POLYGON.ID": 538.0, "subregion": "India--Himachal Pradesh--Sirmaur--Plains", "POLYGON": "India--Himachal Pradesh--Sirmaur--Plains", "SHOW": "1", "FILTER": "Not-Assigned", "FILTER.ID": null, "OLD.POLYGON": null, "STATE": "Himachal Pradesh", "COUNTY": "Mau", "OWNER": null }, "geometry": { "type": "MultiPolygon", "coordinates": [ [ [ [ 77.65, 30.456 ], [ 77.665, 30.454 ], [ 77.674, 30.465 ], [ 77.69, 30.463 ], [ 77.699, 30.474 ], [ 77.714, 30.472 ], [ 77.724, 30.483 ], [ 77.739, 30.482 ], [ 77.748, 30.492 ], [ 77.743, 30.504 ], [ 77.727, 30.505 ], [ 77.718, 30.495 ], [ 77.702, 30.496 ], [ 77.696, 30.508 ], [ 77.681, 30.509 ], [ 77.675, 30.521 ], [ 77.685, 30.531 ], [ 77.679, 30.543 ], [ 77.663, 30.544 ], [ 77.654, 30.534 ], [ 77.66, 30.522 ], [ 77.65, 30.512 ], [ 77.656, 30.5 ], [ 77.672, 30.499 ], [ 77.678, 30.487 ], [ 77.668, 30.477 ], [ 77.653, 30.478 ], [ 77.647, 30.49 ], [ 77.632, 30.491 ], [ 77.622, 30.481 ], [ 77.628, 30.469 ], [ 77.619, 30.459 ], [ 77.604, 30.46 ], [ 77.598, 30.472 ], [ 77.607, 30.482 ], [ 77.601, 30.494 ], [ 77.586, 30.495 ], [ 77.58, 30.507 ], [ 77.564, 30.508 ], [ 77.558, 30.52 ], [ 77.543, 30.521 ], [ 77.534, 30.511 ], [ 77.518, 30.512 ], [ 77.512, 30.524 ], [ 77.497, 30.526 ], [ 77.491, 30.537 ], [ 77.476, 30.539 ], [ 77.466, 30.528 ], [ 77.472, 30.516 ], [ 77.463, 30.506 ], [ 77.469, 30.494 ], [ 77.484, 30.493 ], [ 77.494, 30.503 ], [ 77.509, 30.502 ], [ 77.515, 30.49 ], [ 77.53, 30.489 ], [ 77.536, 30.477 ], [ 77.552, 30.476 ], [ 77.558, 30.464 ], [ 77.573, 30.463 ], [ 77.579, 30.451 ], [ 77.594, 30.45 ], [ 77.6, 30.438 ], [ 77.616, 30.436 ], [ 77.625, 30.447 ], [ 77.64, 30.445 ], [ 77.65, 30.456 ] ] ] ] } },
{ "type": "Feature", "properties": { "POLYGON.ID": 539.0, "subregion": "India--Himachal Pradesh--Kinnaur--high Himalaya", "POLYGON": "India--Himachal Pradesh--Kinnaur--high Himalaya", "SHOW": "1", "FILTER": "Not-Assigned", "FILTER.ID": null, "OLD.POLYGON": null, "STATE": "Himachal Pradesh", "COUNTY": "Kinnaur", "OWNER": null }, "geometry": { "type": "MultiPolygon", "coordinates": [ [ [ [ 78.05, 31.412 ], [ 78.056, 31.4 ], [ 78.072, 31.399 ], [ 78.082, 31.409 ], [ 78.097, 31.408 ], [ 78.107, 31.418 ], [ 78.122, 31.417 ], [ 78.128, 31.405 ], [ 78.144, 31.403 ], [ 78.15, 31.392 ], [ 78.165, 31.39 ], [ 78.171, 31.378 ], [ 78.161, 31.368 ], [ 78.167, 31.356 ], [ 78.158, 31.345 ], [ 78.164, 31.334 ], [ 78.179, 31.332 ], [ 78.189, 31.343 ], [ 78.204, 31.341 ], [ 78.21, 31.329 ], [ 78.226, 31.328 ], [ 78.235, 31.338 ], [ 78.251, 31.337 ], [ 78.257, 31.325 ], [ 78.272, 31.323 ], [ 78.282, 31.334 ], [ 78.297, 31.332 ], [ 78.303, 31.32 ], [ 78.294, 31.31 ], [ 78.3, 31.298 ], [ 78.315, 31.297 ], [ 78.321, 31.285 ], [ 78.337, 31.283 ], [ 78.346, 31.294 ], [ 78.362, 31.292 ], [ 78.368, 31.28 ], [ 78.383, 31.279 ], [ 78.389, 31.267 ], [ 78.404, 31.265 ], [ 78.41, 31.254 ], [ 78.426, 31.252 ], [ 78.432, 31.24 ], [ 78.447, 31.239 ], [ 78.457, 31.249 ], [ 78.472, 31.248 ], [ 78.478, 31.236 ], [ 78.468, 31.225 ], [ 78.474, 31.213 ], [ 78.49, 31.212 ], [ 78.496, 31.2 ], [ 78.511, 31.199 ], [ 78.521, 31.209 ], [ 78.536, 31.207 ], [ 78.546, 31.218 ], [ 78.561, 31.216 ], [ 78.571, 31.227 ], [ 78.586, 31.225 ], [ 78.596, 31.236 ], [ 78.611, 31.234 ], [ 78.621, 31.244 ], [ 78.615, 31.256 ], [ 78.6, 31.258 ], [ 78.59, 31.247 ], [ 78.575, 31.249 ], [ 78.569, 31.261 ], [ 78.553, 31.262 ], [ 78.544, 31.252 ], [ 78.528, 31.253 ], [ 78.522, 31.265 ], [ 78.507, 31.267 ], [ 78.501, 31.279 ], [ 78.511, 31.289 ], [ 78.505, 31.301 ], [ 78.514, 31.311 ], [ 78.508, 31.323 ], [ 78.518, 31.334 ], [ 78.512, 31.346 ], [ 78.497, 31.347 ], [ 78.491, 31.359 ], [ 78.475, 31.36 ], [ 78.469, 31.372 ], [ 78.454, 31.374 ], [ 78.448, 31.386 ], [ 78.433, 31.387 ], [ 78.427, 31.399 ], [ 78.411, 31.401 ], [ 78.405, 31.413 ], [ 78.39, 31.414 ], [ 78.384, 31.426 ], [ 78.368, 31.427 ], [ 78.359, 31.417 ], [ 78.343, 31.419 ], [ 78.337, 31.43 ], [ 78.322, 31.432 ], [ 78.316, 31.444 ], [ 78.3, 31.445 ], [ 78.294, 31.457 ], [ 78.279, 31.459 ], [ 78.273, 31.471 ], [ 78.282, 31.481 ], [ 78.298, 31.48 ], [ 78.308, 31.49 ], [ 78.302, 31.502 ], [ 78.311, 31.512 ], [ 78.327, 31.511 ], [ 78.336, 31.521 ], [ 78.352, 31.52 ], [ 78.362, 31.53 ], [ 78.377, 31.529 ], [ 78.387, 31.539 ], [ 78.402, 31.538 ], [ 78.412, 31.548 ], [ 78.428, 31.547 ], [ 78.433, 31.535 ], [ 78.449, 31.533 ], [ 78.459, 31.544 ], [ 78.453, 31.555 ], [ 78.462, 31.566 ], [ 78.456, 31.578 ], [ 78.441, 31.579 ], [ 78.435, 31.591 ], [ 78.419, 31.593 ], [ 78.414, 31.605 ], [ 78.423, 31.615 ], [ 78.417, 31.627 ], [ 78.402, 31.628 ], [ 78.396, 31.64 ], [ 78.38, 31.642 ], [ 78.374, 31.654 ], [ 78.359, 31.655 ], [ 78.349, 31.645 ], [ 78.333, 31.646 ], [ 78.328, 31.658 ], [ 78.312, 31.66 ], [ 78.306, 31.672 ], [ 78.29, 31.673 ], [ 78.281, 31.663 ], [ 78.265, 31.664 ], [ 78.259, 31.676 ], [ 78.244, 31.678 ], [ 78.234, 31.667 ], [ 78.218, 31.669 ], [ 78.212, 31.681 ], [ 78.197, 31.682 ], [ 78.191, 31.694 ], [ 78.175, 31.695 ], [ 78.169, 31.707 ], [ 78.154, 31.709 ], [ 78.148, 31.721 ], [ 78.157, 31.731 ], [ 78.151, 31.743 ], [ 78.136, 31.745 ], [ 78.13, 31.757 ], [ 78.114, 31.758 ], [ 78.105, 31.748 ], [ 78.089, 31.749 ], [ 78.083, 31.761 ], [ 78.067, 31.762 ], [ 78.058, 31.752 ], [ 78.042, 31.753 ], [ 78.036, 31.765 ], [ 78.02, 31.767 ], [ 78.014, 31.779 ], [ 77.999, 31.78 ], [ 77.989, 31.77 ], [ 77.974, 31.771 ], [ 77.968, 31.783 ], [ 77.952, 31.785 ], [ 77.942, 31.774 ], [ 77.948, 31.762 ], [ 77.939, 31.752 ], [ 77.923, 31.753 ], [ 77.917, 31.765 ], [ 77.901, 31.766 ], [ 77.895, 31.778 ], [ 77.88, 31.78 ], [ 77.87, 31.769 ], [ 77.855, 31.771 ], [ 77.845, 31.76 ], [ 77.829, 31.762 ], [ 77.82, 31.751 ], [ 77.804, 31.753 ], [ 77.798, 31.765 ], [ 77.782, 31.766 ], [ 77.773, 31.756 ], [ 77.757, 31.757 ], [ 77.748, 31.746 ], [ 77.754, 31.735 ], [ 77.744, 31.724 ], [ 77.75, 31.712 ], [ 77.766, 31.711 ], [ 77.772, 31.699 ], [ 77.788, 31.697 ], [ 77.794, 31.685 ], [ 77.784, 31.675 ], [ 77.79, 31.663 ], [ 77.806, 31.662 ], [ 77.812, 31.65 ], [ 77.802, 31.639 ], [ 77.808, 31.627 ], [ 77.824, 31.626 ], [ 77.83, 31.614 ], [ 77.82, 31.604 ], [ 77.826, 31.592 ], [ 77.842, 31.59 ], [ 77.848, 31.578 ], [ 77.838, 31.568 ], [ 77.844, 31.556 ], [ 77.835, 31.545 ], [ 77.841, 31.534 ], [ 77.831, 31.523 ], [ 77.837, 31.511 ], [ 77.853, 31.51 ], [ 77.859, 31.498 ], [ 77.875, 31.496 ], [ 77.881, 31.485 ], [ 77.871, 31.474 ], [ 77.877, 31.462 ], [ 77.893, 31.461 ], [ 77.899, 31.449 ], [ 77.914, 31.447 ], [ 77.92, 31.436 ], [ 77.936, 31.434 ], [ 77.942, 31.422 ], [ 77.957, 31.421 ], [ 77.963, 31.409 ], [ 77.979, 31.407 ], [ 77.985, 31.396 ], [ 78.0, 31.394 ], [ 78.01, 31.405 ], [ 78.025, 31.403 ], [ 78.035, 31.414 ], [ 78.05, 31.412 ] ] ] ] } },
{ "type": "Feature", "properties": { "POLYGON.ID": 604.0, "subregion": "India--Himachal Pradesh--Kangra--low Himalaya", "POLYGON": "India--Himachal Pradesh--Kangra--low Himalaya", "SHOW": "1", "FILTER": "Not-Assigned", "FILTER.ID": null, "OLD.POLYGON": null, "STATE": "Himachal Pradesh", "COUNTY": "Kangra", "OWNER": null }, "geometry": { "type": "MultiPolygon", "coordinates": [ [ [ [ 76.565, 32.088 ], [ 76.559, 32.099 ], [ 76.543, 32.101 ], [ 76.537, 32.113 ], [ 76.521, 32.114 ], [ 76.512, 32.103 ], [ 76.496, 32.105 ], [ 76.489, 32.116 ], [ 76.474, 32.118 ], [ 76.467, 32.13 ], [ 76.477, 32.14 ], [ 76.47, 32.152 ], [ 76.455, 32.154 ], [ 76.448, 32.165 ], [ 76.432, 32.167 ], [ 76.426, 32.179 ], [ 76.41, 32.18 ], [ 76.404, 32.192 ], [ 76.388, 32.193 ], [ 76.382, 32.205 ], [ 76.366, 32.206 ], [ 76.356, 32.196 ], [ 76.341, 32.197 ], [ 76.331, 32.186 ], [ 76.315, 32.187 ], [ 76.309, 32.199 ], [ 76.293, 32.201 ], [ 76.287, 32.213 ], [ 76.271, 32.214 ], [ 76.265, 32.226 ], [ 76.249, 32.227 ], [ 76.242, 32.239 ], [ 76.226, 32.24 ], [ 76.217, 32.229 ], [ 76.201, 32.231 ], [ 76.195, 32.243 ], [ 76.179, 32.244 ], [ 76.17, 32.233 ], [ 76.154, 32.234 ], [ 76.144, 32.224 ], [ 76.128, 32.225 ], [ 76.122, 32.237 ], [ 76.131, 32.248 ], [ 76.125, 32.26 ], [ 76.109, 32.261 ], [ 76.103, 32.273 ], [ 76.087, 32.274 ], [ 76.077, 32.263 ], [ 76.062, 32.264 ], [ 76.055, 32.276 ], [ 76.039, 32.278 ], [ 76.033, 32.29 ], [ 76.017, 32.291 ], [ 76.011, 32.303 ], [ 76.02, 32.313 ], [ 76.014, 32.325 ], [ 76.023, 32.336 ], [ 76.016, 32.348 ], [ 76.001, 32.349 ], [ 75.994, 32.361 ], [ 76.004, 32.372 ], [ 75.997, 32.384 ], [ 75.981, 32.385 ], [ 75.975, 32.397 ], [ 75.959, 32.398 ], [ 75.949, 32.387 ], [ 75.956, 32.375 ], [ 75.947, 32.365 ], [ 75.953, 32.353 ], [ 75.944, 32.342 ], [ 75.95, 32.33 ], [ 75.966, 32.329 ], [ 75.972, 32.317 ], [ 75.988, 32.316 ], [ 75.995, 32.304 ], [ 75.985, 32.293 ], [ 75.992, 32.281 ], [ 76.008, 32.28 ], [ 76.014, 32.268 ], [ 76.005, 32.257 ], [ 76.011, 32.246 ], [ 76.027, 32.244 ], [ 76.033, 32.232 ], [ 76.049, 32.231 ], [ 76.059, 32.242 ], [ 76.075, 32.241 ], [ 76.081, 32.229 ], [ 76.097, 32.228 ], [ 76.103, 32.216 ], [ 76.119, 32.214 ], [ 76.125, 32.202 ], [ 76.141, 32.201 ], [ 76.148, 32.189 ], [ 76.164, 32.188 ], [ 76.17, 32.176 ], [ 76.186, 32.175 ], [ 76.192, 32.163 ], [ 76.208, 32.162 ], [ 76.214, 32.15 ], [ 76.23, 32.149 ], [ 76.237, 32.137 ], [ 76.252, 32.135 ], [ 76.259, 32.124 ], [ 76.249, 32.113 ], [ 76.256, 32.101 ], [ 76.272, 32.1 ], [ 76.278, 32.088 ], [ 76.269, 32.077 ], [ 76.275, 32.065 ], [ 76.291, 32.064 ], [ 76.297, 32.052 ], [ 76.288, 32.041 ], [ 76.294, 32.03 ], [ 76.285, 32.019 ], [ 76.291, 32.007 ], [ 76.282, 31.996 ], [ 76.288, 31.984 ], [ 76.304, 31.983 ], [ 76.31, 31.971 ], [ 76.301, 31.961 ], [ 76.307, 31.949 ], [ 76.298, 31.938 ], [ 76.304, 31.926 ], [ 76.32, 31.925 ], [ 76.326, 31.913 ], [ 76.317, 31.903 ], [ 76.323, 31.891 ], [ 76.314, 31.88 ], [ 76.32, 31.868 ], [ 76.311, 31.858 ], [ 76.317, 31.846 ], [ 76.333, 31.844 ], [ 76.339, 31.832 ], [ 76.355, 31.831 ], [ 76.361, 31.819 ], [ 76.377, 31.818 ], [ 76.383, 31.806 ], [ 76.399, 31.805 ], [ 76.405, 31.793 ], [ 76.421, 31.792 ], [ 76.43, 31.802 ], [ 76.446, 31.801 ], [ 76.456, 31.812 ], [ 76.471, 31.811 ], [ 76.481, 31.821 ], [ 76.474, 31.833 ], [ 76.484, 31.844 ], [ 76.5, 31.842 ], [ 76.509, 31.853 ], [ 76.525, 31.852 ], [ 76.534, 31.862 ], [ 76.55, 31.861 ], [ 76.559, 31.872 ], [ 76.575, 31.87 ], [ 76.584, 31.881 ], [ 76.6, 31.88 ], [ 76.609, 31.89 ], [ 76.625, 31.889 ], [ 76.632, 31.877 ], [ 76.647, 31.876 ], [ 76.654, 31.864 ], [ 76.669, 31.863 ], [ 76.679, 31.873 ], [ 76.672, 31.885 ], [ 76.682, 31.896 ], [ 76.676, 31.908 ], [ 76.685, 31.918 ], [ 76.679, 31.93 ], [ 76.688, 31.941 ], [ 76.682, 31.953 ], [ 76.691, 31.963 ], [ 76.685, 31.975 ], [ 76.694, 31.986 ], [ 76.688, 31.998 ], [ 76.672, 31.999 ], [ 76.666, 32.011 ], [ 76.676, 32.021 ], [ 76.669, 32.033 ], [ 76.654, 32.035 ], [ 76.647, 32.047 ], [ 76.657, 32.057 ], [ 76.65, 32.069 ], [ 76.635, 32.07 ], [ 76.628, 32.082 ], [ 76.613, 32.084 ], [ 76.603, 32.073 ], [ 76.587, 32.074 ], [ 76.581, 32.086 ], [ 76.565, 32.088 ] ] ] ] } },
{ "type": "Feature", "properties": { "POLYGON.ID": 1207.0, "subregion": "India--Himachal Pradesh--Kangra--Plains", "POLYGON": "India--Himachal Pradesh--Kangra--Plains", "SHOW": "1", "FILTER": "Not-Assigned", "FILTER.ID": null, "OLD.POLYGON": null, "STATE": "Himachal Pradesh", "COUNTY": "Kangra", "OWNER": null }, "geometry": { "type": "MultiPolygon", "coordinates": [ [ [ [ 75.658, 32.113 ], [ 75.649, 32.102 ], [ 75.656, 32.09 ], [ 75.646, 32.079 ], [ 75.631, 32.08 ], [ 75.621, 32.07 ], [ 75.628, 32.058 ], [ 75.644, 32.057 ], [ 75.653, 32.067 ], [ 75.669, 32.066 ], [ 75.675, 32.054 ], [ 75.691, 32.053 ], [ 75.697, 32.041 ], [ 75.713, 32.04 ], [ 75.72, 32.028 ], [ 75.736, 32.027 ], [ 75.742, 32.015 ], [ 75.758, 32.014 ], [ 75.764, 32.002 ], [ 75.78, 32.001 ], [ 75.787, 31.989 ], [ 75.802, 31.988 ], [ 75.809, 31.976 ], [ 75.825, 31.975 ], [ 75.831, 31.963 ], [ 75.847, 31.962 ], [ 75.853, 31.95 ], [ 75.869, 31.949 ], [ 75.878, 31.959 ], [ 75.872, 31.971 ], [ 75.881, 31.982 ], [ 75.875, 31.994 ], [ 75.859, 31.995 ], [ 75.853, 32.007 ], [ 75.837, 32.008 ], [ 75.83, 32.02 ], [ 75.84, 32.031 ], [ 75.833, 32.043 ], [ 75.817, 32.044 ], [ 75.811, 32.056 ], [ 75.795, 32.057 ], [ 75.789, 32.069 ], [ 75.773, 32.07 ], [ 75.766, 32.082 ], [ 75.751, 32.083 ], [ 75.744, 32.095 ], [ 75.728, 32.096 ], [ 75.722, 32.108 ], [ 75.706, 32.109 ], [ 75.699, 32.121 ], [ 75.684, 32.122 ], [ 75.674, 32.111 ], [ 75.658, 32.113 ] ] ] ] } },
{ "type": "Feature", "properties": { "POLYGON.ID": 1206.0, "subregion": "India--Himachal Pradesh--Kangra--low elevations (west)", "POLYGON": "India--Himachal Pradesh--Kangra--low elevations (west)", "SHOW": "1", "FILTER": "Not-Assigned", "FILTER.ID": null, "OLD.POLYGON": null, "STATE": "Himachal Pradesh", "COUNTY": "Kangra", "OWNER": null }, "geometry": { "type": "MultiPolygon", "coordinates": [ [ [ [ 75.728, 32.096 ], [ 75.744, 32.095 ], [ 75.751, 32.083 ], [ 75.766, 32.082 ], [ 75.773, 32.07 ], [ 75.789, 32.069 ], [ 75.795, 32.057 ], [ 75.811, 32.056 ], [ 75.817, 32.044 ], [ 75.833, 32.043 ], [ 75.84, 32.031 ], [ 75.83, 32.02 ], [ 75.837, 32.008 ], [ 75.853, 32.007 ], [ 75.859, 31.995 ], [ 75.875, 31.994 ], [ 75.881, 31.982 ], [ 75.897, 31.981 ], [ 75.906, 31.991 ], [ 75.922, 31.99 ], [ 75.932, 32.001 ], [ 75.947, 32.0 ], [ 75.957, 32.01 ], [ 75.95, 32.022 ], [ 75.96, 32.033 ], [ 75.953, 32.045 ], [ 75.963, 32.055 ], [ 75.956, 32.067 ], [ 75.965, 32.078 ], [ 75.959, 32.09 ], [ 75.943, 32.091 ], [ 75.937, 32.103 ], [ 75.946, 32.114 ], [ 75.94, 32.126 ], [ 75.924, 32.127 ], [ 75.917, 32.139 ], [ 75.927, 32.149 ], [ 75.92, 32.161 ], [ 75.93, 32.172 ], [ 75.923, 32.184 ], [ 75.933, 32.195 ], [ 75.926, 32.206 ], [ 75.935, 32.217 ], [ 75.929, 32.229 ], [ 75.913, 32.23 ], [ 75.907, 32.242 ], [ 75.891, 32.243 ], [ 75.884, 32.255 ], [ 75.869, 32.256 ], [ 75.862, 32.268 ], [ 75.871, 32.279 ], [ 75.865, 32.291 ], [ 75.849, 32.292 ], [ 75.843, 32.304 ], [ 75.827, 32.305 ], [ 75.82, 32.317 ], [ 75.804, 32.318 ], [ 75.795, 32.308 ], [ 75.779, 32.309 ], [ 75.77, 32.298 ], [ 75.776, 32.286 ], [ 75.767, 32.276 ], [ 75.751, 32.277 ], [ 75.742, 32.266 ], [ 75.726, 32.267 ], [ 75.716, 32.257 ], [ 75.701, 32.258 ], [ 75.691, 32.247 ], [ 75.675, 32.248 ], [ 75.666, 32.237 ], [ 75.673, 32.226 ], [ 75.663, 32.215 ], [ 75.67, 32.203 ], [ 75.686, 32.202 ], [ 75.692, 32.19 ], [ 75.683, 32.179 ], [ 75.689, 32.167 ], [ 75.705, 32.166 ], [ 75.712, 32.154 ], [ 75.702, 32.144 ], [ 75.709, 32.132 ], [ 75.699, 32.121 ], [ 75.706, 32.109 ], [ 75.722, 32.108 ], [ 75.728, 32.096 ] ] ] ] } },
{ "type": "Feature", "properties": { "POLYGON.ID": 1205.0, "subregion": "India--Himachal Pradesh--Kangra--Pong Dam", "POLYGON": "India--Himachal Pradesh--Kangra--Pong Dam", "SHOW": "1", "FILTER": "India--Himachal Pradesh--Pong Dam polygon", "FILTER.ID": "CL26184", "OLD.POLYGON": "1", "STATE": "Himachal Pradesh", "COUNTY": "Kangra", "OWNER": null }, "geometry": { "type": "MultiPolygon", "coordinates": [ [ [ [ 76.063, 32.093 ], [ 76.057, 32.105 ], [ 76.041, 32.106 ], [ 76.035, 32.118 ], [ 76.044, 32.129 ], [ 76.037, 32.141 ], [ 76.047, 32.152 ], [ 76.04, 32.163 ], [ 76.05, 32.174 ], [ 76.043, 32.186 ], [ 76.028, 32.187 ], [ 76.018, 32.177 ], [ 76.002, 32.178 ], [ 75.996, 32.19 ], [ 75.98, 32.191 ], [ 75.974, 32.203 ], [ 75.958, 32.204 ], [ 75.948, 32.193 ], [ 75.933, 32.195 ], [ 75.923, 32.184 ], [ 75.93, 32.172 ], [ 75.92, 32.161 ], [ 75.927, 32.149 ], [ 75.917, 32.139 ], [ 75.924, 32.127 ], [ 75.94, 32.126 ], [ 75.946, 32.114 ], [ 75.937, 32.103 ], [ 75.943, 32.091 ], [ 75.959, 32.09 ], [ 75.965, 32.078 ], [ 75.956, 32.067 ], [ 75.963, 32.055 ], [ 75.953, 32.045 ], [ 75.96, 32.033 ], [ 75.95, 32.022 ], [ 75.957, 32.01 ], [ 75.947, 32.0 ], [ 75.932, 32.001 ], [ 75.922, 31.99 ], [ 75.906, 31.991 ], [ 75.897, 31.981 ], [ 75.881, 31.982 ], [ 75.872, 31.971 ], [ 75.878, 31.959 ], [ 75.869, 31.949 ], [ 75.876, 31.937 ], [ 75.891, 31.936 ], [ 75.898, 31.924 ], [ 75.913, 31.923 ], [ 75.923, 31.933 ], [ 75.939, 31.932 ], [ 75.948, 31.943 ], [ 75.964, 31.941 ], [ 75.97, 31.93 ], [ 75.986, 31.928 ], [ 75.995, 31.939 ], [ 76.011, 31.938 ], [ 76.017, 31.926 ], [ 76.033, 31.925 ], [ 76.043, 31.935 ], [ 76.058, 31.934 ], [ 76.065, 31.922 ], [ 76.08, 31.921 ], [ 76.09, 31.932 ], [ 76.106, 31.931 ], [ 76.112, 31.919 ], [ 76.128, 31.917 ], [ 76.134, 31.906 ], [ 76.15, 31.904 ], [ 76.156, 31.892 ], [ 76.147, 31.882 ], [ 76.153, 31.87 ], [ 76.169, 31.869 ], [ 76.175, 31.857 ], [ 76.191, 31.856 ], [ 76.201, 31.866 ], [ 76.216, 31.865 ], [ 76.226, 31.876 ], [ 76.219, 31.887 ], [ 76.229, 31.898 ], [ 76.222, 31.91 ], [ 76.207, 31.911 ], [ 76.2, 31.923 ], [ 76.184, 31.924 ], [ 76.178, 31.936 ], [ 76.187, 31.947 ], [ 76.181, 31.959 ], [ 76.165, 31.96 ], [ 76.159, 31.972 ], [ 76.168, 31.983 ], [ 76.162, 31.994 ], [ 76.146, 31.996 ], [ 76.14, 32.008 ], [ 76.124, 32.009 ], [ 76.117, 32.021 ], [ 76.102, 32.022 ], [ 76.095, 32.034 ], [ 76.105, 32.044 ], [ 76.098, 32.056 ], [ 76.108, 32.067 ], [ 76.101, 32.079 ], [ 76.085, 32.08 ], [ 76.079, 32.092 ], [ 76.063, 32.093 ] ] ] ] } }
]
}
