{
"type": "FeatureCollection",
"name": "Jammu_and_Kashmir",
"crs": { "type": "name", "properties": { "name": "urn:ogc:def:crs:OGC:1.3:CRS84" } },
"features": [
{ "type": "Feature", "properties": { "POLYGON.ID": 519.0, "subregion": "India--Jammu and Kashmir--Kupwara--Valley", "FILTER": "Jammu and Kashmir", "POLYGON": "India--Jammu and Kashmir--Kupwara--Valley", "STATE": "Jammu and Kashmir", "COUNTY": "Kupwara", "OWNER": null }, "geometry": { "type": "MultiPolygon", "coordinates": [ [ [ [ 74.413, 34.408 ], [ 74.406, 34.42 ], [ 74.389, 34.421 ], [ 74.38, 34.41 ], [ 74.363, 34.411 ], [ 74.354, 34.4 ], [ 74.337, 34.401 ], [ 74.33, 34.413 ], [ 74.314, 34.414 ], [ 74.307, 34.426 ], [ 74.316, 34.437 ], [ 74.333, 34.436 ], [ 74.342, 34.447 ], [ 74.335, 34.459 ], [ 74.345, 34.47 ], [ 74.338, 34.482 ], [ 74.321, 34.483 ], [ 74.314, 34.495 ], [ 74.298, 34.496 ], [ 74.291, 34.508 ], [ 74.274, 34.509 ], [ 74.267, 34.521 ], [ 74.277, 34.532 ], [ 74.27, 34.544 ], [ 74.253, 34.545 ], [ 74.244, 34.534 ], [ 74.227, 34.535 ], [ 74.22, 34.548 ], [ 74.204, 34.549 ], [ 74.197, 34.561 ], [ 74.18, 34.562 ], [ 74.171, 34.551 ], [ 74.178, 34.539 ], [ 74.168, 34.528 ], [ 74.152, 34.529 ], [ 74.145, 34.541 ], [ 74.128, 34.542 ], [ 74.119, 34.531 ], [ 74.103, 34.532 ], [ 74.093, 34.521 ], [ 74.077, 34.522 ], [ 74.067, 34.511 ], [ 74.074, 34.499 ], [ 74.065, 34.488 ], [ 74.072, 34.476 ], [ 74.063, 34.464 ], [ 74.07, 34.452 ], [ 74.086, 34.451 ], [ 74.093, 34.439 ], [ 74.11, 34.438 ], [ 74.117, 34.426 ], [ 74.107, 34.415 ], [ 74.114, 34.403 ], [ 74.105, 34.392 ], [ 74.112, 34.38 ], [ 74.128, 34.379 ], [ 74.135, 34.367 ], [ 74.152, 34.366 ], [ 74.161, 34.377 ], [ 74.178, 34.376 ], [ 74.187, 34.387 ], [ 74.203, 34.386 ], [ 74.213, 34.397 ], [ 74.229, 34.396 ], [ 74.236, 34.384 ], [ 74.253, 34.383 ], [ 74.26, 34.371 ], [ 74.25, 34.36 ], [ 74.234, 34.361 ], [ 74.225, 34.35 ], [ 74.208, 34.351 ], [ 74.199, 34.34 ], [ 74.206, 34.328 ], [ 74.222, 34.327 ], [ 74.229, 34.315 ], [ 74.246, 34.314 ], [ 74.255, 34.325 ], [ 74.271, 34.324 ], [ 74.278, 34.312 ], [ 74.295, 34.311 ], [ 74.302, 34.299 ], [ 74.292, 34.288 ], [ 74.299, 34.276 ], [ 74.29, 34.265 ], [ 74.297, 34.253 ], [ 74.313, 34.252 ], [ 74.323, 34.263 ], [ 74.339, 34.262 ], [ 74.349, 34.273 ], [ 74.342, 34.285 ], [ 74.351, 34.296 ], [ 74.368, 34.295 ], [ 74.377, 34.306 ], [ 74.37, 34.318 ], [ 74.379, 34.329 ], [ 74.372, 34.341 ], [ 74.382, 34.352 ], [ 74.398, 34.351 ], [ 74.408, 34.362 ], [ 74.424, 34.36 ], [ 74.434, 34.371 ], [ 74.427, 34.383 ], [ 74.41, 34.385 ], [ 74.403, 34.397 ], [ 74.413, 34.408 ] ] ] ] } },
{ "type": "Feature", "properties": { "POLYGON.ID": 518.0, "subregion": "India--Jammu and Kashmir--Anantnag--Valley", "FILTER": "Jammu and Kashmir", "POLYGON": "India--Jammu and Kashmir--Anantnag--Valley", "STATE": "Jammu and Kashmir", "COUNTY": "Jammu", "OWNER": null }, "geometry": { "type": "MultiPolygon", "coordinates": [ [ [ [ 75.134, 33.584 ], [ 75.15, 33.583 ], [ 75.157, 33.571 ], [ 75.173, 33.57 ], [ 75.18, 33.558 ], [ 75.196, 33.556 ], [ 75.203, 33.544 ], [ 75.219, 33.543 ], [ 75.229, 33.554 ], [ 75.222, 33.566 ], [ 75.231, 33.577 ], [ 75.225, 33.589 ], [ 75.208, 33.59 ], [ 75.202, 33.602 ], [ 75.186, 33.603 ], [ 75.179, 33.615 ], [ 75.188, 33.626 ], [ 75.204, 33.625 ], [ 75.211, 33.613 ], [ 75.227, 33.612 ], [ 75.234, 33.6 ], [ 75.25, 33.599 ], [ 75.26, 33.61 ], [ 75.276, 33.608 ], [ 75.283, 33.596 ], [ 75.299, 33.595 ], [ 75.306, 33.583 ], [ 75.322, 33.582 ], [ 75.331, 33.593 ], [ 75.325, 33.605 ], [ 75.308, 33.606 ], [ 75.302, 33.618 ], [ 75.286, 33.619 ], [ 75.279, 33.631 ], [ 75.263, 33.632 ], [ 75.256, 33.644 ], [ 75.24, 33.646 ], [ 75.233, 33.658 ], [ 75.217, 33.659 ], [ 75.21, 33.671 ], [ 75.219, 33.682 ], [ 75.213, 33.694 ], [ 75.222, 33.705 ], [ 75.238, 33.703 ], [ 75.245, 33.691 ], [ 75.261, 33.69 ], [ 75.271, 33.701 ], [ 75.287, 33.7 ], [ 75.297, 33.711 ], [ 75.313, 33.71 ], [ 75.322, 33.721 ], [ 75.316, 33.733 ], [ 75.299, 33.734 ], [ 75.293, 33.746 ], [ 75.276, 33.747 ], [ 75.267, 33.736 ], [ 75.251, 33.737 ], [ 75.241, 33.726 ], [ 75.225, 33.728 ], [ 75.218, 33.74 ], [ 75.228, 33.75 ], [ 75.221, 33.762 ], [ 75.23, 33.773 ], [ 75.247, 33.772 ], [ 75.256, 33.783 ], [ 75.249, 33.795 ], [ 75.259, 33.806 ], [ 75.275, 33.805 ], [ 75.285, 33.816 ], [ 75.278, 33.828 ], [ 75.287, 33.839 ], [ 75.281, 33.851 ], [ 75.29, 33.861 ], [ 75.283, 33.874 ], [ 75.293, 33.884 ], [ 75.286, 33.896 ], [ 75.296, 33.907 ], [ 75.289, 33.919 ], [ 75.298, 33.93 ], [ 75.292, 33.942 ], [ 75.275, 33.943 ], [ 75.266, 33.933 ], [ 75.273, 33.921 ], [ 75.263, 33.91 ], [ 75.247, 33.911 ], [ 75.237, 33.9 ], [ 75.244, 33.888 ], [ 75.235, 33.877 ], [ 75.241, 33.865 ], [ 75.232, 33.854 ], [ 75.239, 33.842 ], [ 75.229, 33.831 ], [ 75.236, 33.819 ], [ 75.226, 33.808 ], [ 75.21, 33.809 ], [ 75.203, 33.821 ], [ 75.187, 33.823 ], [ 75.18, 33.835 ], [ 75.164, 33.836 ], [ 75.157, 33.848 ], [ 75.141, 33.849 ], [ 75.131, 33.838 ], [ 75.115, 33.839 ], [ 75.106, 33.828 ], [ 75.089, 33.829 ], [ 75.08, 33.819 ], [ 75.087, 33.807 ], [ 75.077, 33.796 ], [ 75.084, 33.784 ], [ 75.1, 33.782 ], [ 75.107, 33.77 ], [ 75.123, 33.769 ], [ 75.13, 33.757 ], [ 75.121, 33.746 ], [ 75.127, 33.734 ], [ 75.118, 33.724 ], [ 75.125, 33.711 ], [ 75.115, 33.701 ], [ 75.122, 33.689 ], [ 75.138, 33.687 ], [ 75.145, 33.675 ], [ 75.136, 33.665 ], [ 75.142, 33.653 ], [ 75.133, 33.642 ], [ 75.14, 33.63 ], [ 75.13, 33.619 ], [ 75.137, 33.607 ], [ 75.127, 33.596 ], [ 75.134, 33.584 ] ] ] ] } },
{ "type": "Feature", "properties": { "POLYGON.ID": 517.0, "subregion": "India--Jammu and Kashmir--Ganderbal--Valley", "FILTER": "Jammu and Kashmir", "POLYGON": "India--Jammu and Kashmir--Ganderbal--Valley", "STATE": "Jammu and Kashmir", "COUNTY": "Jammu", "OWNER": null }, "geometry": { "type": "MultiPolygon", "coordinates": [ [ [ [ 74.697, 34.134 ], [ 74.704, 34.122 ], [ 74.72, 34.121 ], [ 74.727, 34.109 ], [ 74.743, 34.108 ], [ 74.75, 34.096 ], [ 74.766, 34.095 ], [ 74.776, 34.105 ], [ 74.769, 34.118 ], [ 74.753, 34.119 ], [ 74.746, 34.131 ], [ 74.755, 34.142 ], [ 74.772, 34.141 ], [ 74.781, 34.151 ], [ 74.797, 34.15 ], [ 74.807, 34.161 ], [ 74.823, 34.16 ], [ 74.833, 34.171 ], [ 74.849, 34.17 ], [ 74.859, 34.181 ], [ 74.852, 34.193 ], [ 74.835, 34.194 ], [ 74.829, 34.206 ], [ 74.812, 34.207 ], [ 74.805, 34.219 ], [ 74.789, 34.22 ], [ 74.782, 34.232 ], [ 74.791, 34.243 ], [ 74.785, 34.255 ], [ 74.794, 34.266 ], [ 74.81, 34.265 ], [ 74.82, 34.276 ], [ 74.836, 34.275 ], [ 74.846, 34.286 ], [ 74.862, 34.285 ], [ 74.869, 34.273 ], [ 74.886, 34.272 ], [ 74.892, 34.26 ], [ 74.909, 34.259 ], [ 74.916, 34.247 ], [ 74.932, 34.245 ], [ 74.939, 34.233 ], [ 74.955, 34.232 ], [ 74.965, 34.243 ], [ 74.958, 34.255 ], [ 74.942, 34.256 ], [ 74.935, 34.268 ], [ 74.918, 34.27 ], [ 74.911, 34.282 ], [ 74.895, 34.283 ], [ 74.888, 34.295 ], [ 74.872, 34.296 ], [ 74.865, 34.308 ], [ 74.849, 34.309 ], [ 74.839, 34.298 ], [ 74.823, 34.299 ], [ 74.813, 34.288 ], [ 74.797, 34.289 ], [ 74.787, 34.278 ], [ 74.771, 34.28 ], [ 74.761, 34.269 ], [ 74.745, 34.27 ], [ 74.735, 34.259 ], [ 74.719, 34.26 ], [ 74.71, 34.249 ], [ 74.693, 34.25 ], [ 74.684, 34.239 ], [ 74.667, 34.24 ], [ 74.658, 34.229 ], [ 74.665, 34.217 ], [ 74.655, 34.206 ], [ 74.662, 34.194 ], [ 74.653, 34.183 ], [ 74.66, 34.171 ], [ 74.676, 34.17 ], [ 74.683, 34.158 ], [ 74.673, 34.147 ], [ 74.68, 34.135 ], [ 74.697, 34.134 ] ] ] ] } },
{ "type": "Feature", "properties": { "POLYGON.ID": 516.0, "subregion": "India--Jammu and Kashmir--Srinagar--Valley", "FILTER": "Jammu and Kashmir", "POLYGON": "India--Jammu and Kashmir--Srinagar--Valley", "STATE": "Jammu and Kashmir", "COUNTY": "Jammu", "OWNER": null }, "geometry": { "type": "MultiPolygon", "coordinates": [ [ [ [ 74.987, 34.01 ], [ 74.98, 34.022 ], [ 74.964, 34.023 ], [ 74.957, 34.035 ], [ 74.967, 34.046 ], [ 74.96, 34.058 ], [ 74.944, 34.059 ], [ 74.934, 34.048 ], [ 74.918, 34.05 ], [ 74.908, 34.039 ], [ 74.892, 34.04 ], [ 74.885, 34.052 ], [ 74.869, 34.053 ], [ 74.862, 34.065 ], [ 74.871, 34.076 ], [ 74.888, 34.075 ], [ 74.897, 34.086 ], [ 74.89, 34.098 ], [ 74.9, 34.109 ], [ 74.893, 34.121 ], [ 74.902, 34.132 ], [ 74.896, 34.144 ], [ 74.905, 34.155 ], [ 74.898, 34.167 ], [ 74.882, 34.168 ], [ 74.875, 34.18 ], [ 74.859, 34.181 ], [ 74.849, 34.17 ], [ 74.833, 34.171 ], [ 74.823, 34.16 ], [ 74.807, 34.161 ], [ 74.797, 34.15 ], [ 74.781, 34.151 ], [ 74.772, 34.141 ], [ 74.755, 34.142 ], [ 74.746, 34.131 ], [ 74.753, 34.119 ], [ 74.769, 34.118 ], [ 74.776, 34.105 ], [ 74.766, 34.095 ], [ 74.773, 34.083 ], [ 74.79, 34.081 ], [ 74.797, 34.069 ], [ 74.787, 34.058 ], [ 74.794, 34.046 ], [ 74.784, 34.035 ], [ 74.791, 34.023 ], [ 74.808, 34.022 ], [ 74.817, 34.033 ], [ 74.833, 34.032 ], [ 74.84, 34.02 ], [ 74.857, 34.019 ], [ 74.866, 34.03 ], [ 74.882, 34.029 ], [ 74.889, 34.017 ], [ 74.906, 34.016 ], [ 74.912, 34.004 ], [ 74.929, 34.002 ], [ 74.936, 33.99 ], [ 74.952, 33.989 ], [ 74.961, 34.0 ], [ 74.978, 33.999 ], [ 74.987, 34.01 ] ] ] ] } },
{ "type": "Feature", "properties": { "POLYGON.ID": 495.0, "subregion": "India--Jammu and Kashmir--Kulgam--Valley", "FILTER": "Jammu and Kashmir", "POLYGON": "India--Jammu and Kashmir--Kulgam--Valley", "STATE": "Jammu and Kashmir", "COUNTY": "Kulgam", "OWNER": null }, "geometry": { "type": "MultiPolygon", "coordinates": [ [ [ [ 75.02, 33.73 ], [ 75.004, 33.731 ], [ 74.995, 33.721 ], [ 74.978, 33.722 ], [ 74.969, 33.711 ], [ 74.976, 33.699 ], [ 74.966, 33.688 ], [ 74.973, 33.676 ], [ 74.964, 33.665 ], [ 74.948, 33.666 ], [ 74.938, 33.655 ], [ 74.922, 33.656 ], [ 74.912, 33.645 ], [ 74.919, 33.633 ], [ 74.91, 33.623 ], [ 74.894, 33.624 ], [ 74.884, 33.613 ], [ 74.868, 33.614 ], [ 74.861, 33.626 ], [ 74.845, 33.627 ], [ 74.835, 33.616 ], [ 74.842, 33.604 ], [ 74.858, 33.603 ], [ 74.865, 33.591 ], [ 74.882, 33.59 ], [ 74.888, 33.578 ], [ 74.905, 33.577 ], [ 74.911, 33.565 ], [ 74.928, 33.564 ], [ 74.934, 33.552 ], [ 74.951, 33.551 ], [ 74.957, 33.539 ], [ 74.974, 33.537 ], [ 74.983, 33.548 ], [ 74.976, 33.56 ], [ 74.986, 33.571 ], [ 74.979, 33.583 ], [ 74.963, 33.584 ], [ 74.956, 33.596 ], [ 74.94, 33.597 ], [ 74.933, 33.609 ], [ 74.942, 33.62 ], [ 74.958, 33.619 ], [ 74.965, 33.607 ], [ 74.981, 33.606 ], [ 74.991, 33.617 ], [ 75.007, 33.616 ], [ 75.017, 33.627 ], [ 75.033, 33.626 ], [ 75.042, 33.636 ], [ 75.058, 33.635 ], [ 75.065, 33.623 ], [ 75.081, 33.622 ], [ 75.091, 33.633 ], [ 75.107, 33.632 ], [ 75.114, 33.62 ], [ 75.13, 33.619 ], [ 75.14, 33.63 ], [ 75.133, 33.642 ], [ 75.142, 33.653 ], [ 75.136, 33.665 ], [ 75.145, 33.675 ], [ 75.138, 33.687 ], [ 75.122, 33.689 ], [ 75.115, 33.701 ], [ 75.125, 33.711 ], [ 75.118, 33.724 ], [ 75.127, 33.734 ], [ 75.121, 33.746 ], [ 75.13, 33.757 ], [ 75.123, 33.769 ], [ 75.107, 33.77 ], [ 75.1, 33.782 ], [ 75.084, 33.784 ], [ 75.077, 33.796 ], [ 75.061, 33.797 ], [ 75.052, 33.786 ], [ 75.058, 33.774 ], [ 75.049, 33.763 ], [ 75.056, 33.751 ], [ 75.046, 33.74 ], [ 75.053, 33.728 ], [ 75.043, 33.717 ], [ 75.027, 33.718 ], [ 75.02, 33.73 ] ] ] ] } },
{ "type": "Feature", "properties": { "POLYGON.ID": 494.0, "subregion": "India--Jammu and Kashmir--Shopian--Valley", "FILTER": "Jammu and Kashmir", "POLYGON": "India--Jammu and Kashmir--Shopian--Valley", "STATE": "Jammu and Kashmir", "COUNTY": "Shopian", "OWNER": null }, "geometry": { "type": "MultiPolygon", "coordinates": [ [ [ [ 74.922, 33.656 ], [ 74.938, 33.655 ], [ 74.948, 33.666 ], [ 74.964, 33.665 ], [ 74.973, 33.676 ], [ 74.966, 33.688 ], [ 74.976, 33.699 ], [ 74.969, 33.711 ], [ 74.978, 33.722 ], [ 74.995, 33.721 ], [ 75.004, 33.731 ], [ 75.02, 33.73 ], [ 75.027, 33.718 ], [ 75.043, 33.717 ], [ 75.053, 33.728 ], [ 75.046, 33.74 ], [ 75.056, 33.751 ], [ 75.049, 33.763 ], [ 75.058, 33.774 ], [ 75.052, 33.786 ], [ 75.035, 33.787 ], [ 75.026, 33.776 ], [ 75.01, 33.777 ], [ 75.0, 33.766 ], [ 74.984, 33.768 ], [ 74.977, 33.78 ], [ 74.961, 33.781 ], [ 74.951, 33.77 ], [ 74.935, 33.771 ], [ 74.926, 33.76 ], [ 74.909, 33.761 ], [ 74.9, 33.75 ], [ 74.884, 33.751 ], [ 74.877, 33.763 ], [ 74.86, 33.764 ], [ 74.851, 33.754 ], [ 74.835, 33.755 ], [ 74.828, 33.767 ], [ 74.812, 33.768 ], [ 74.802, 33.757 ], [ 74.786, 33.758 ], [ 74.779, 33.77 ], [ 74.763, 33.771 ], [ 74.753, 33.76 ], [ 74.76, 33.748 ], [ 74.777, 33.747 ], [ 74.783, 33.735 ], [ 74.774, 33.724 ], [ 74.781, 33.712 ], [ 74.771, 33.701 ], [ 74.778, 33.689 ], [ 74.794, 33.688 ], [ 74.801, 33.676 ], [ 74.792, 33.665 ], [ 74.799, 33.653 ], [ 74.815, 33.652 ], [ 74.822, 33.64 ], [ 74.812, 33.629 ], [ 74.819, 33.617 ], [ 74.835, 33.616 ], [ 74.845, 33.627 ], [ 74.861, 33.626 ], [ 74.868, 33.614 ], [ 74.884, 33.613 ], [ 74.894, 33.624 ], [ 74.91, 33.623 ], [ 74.919, 33.633 ], [ 74.912, 33.645 ], [ 74.922, 33.656 ] ] ] ] } },
{ "type": "Feature", "properties": { "POLYGON.ID": 493.0, "subregion": "India--Jammu and Kashmir--Pulwama--Valley", "FILTER": "Jammu and Kashmir", "POLYGON": "India--Jammu and Kashmir--Pulwama--Valley", "STATE": "Jammu and Kashmir", "COUNTY": "Pulwama", "OWNER": null }, "geometry": { "type": "MultiPolygon", "coordinates": [ [ [ [ 75.129, 33.954 ], [ 75.122, 33.966 ], [ 75.106, 33.967 ], [ 75.099, 33.979 ], [ 75.082, 33.98 ], [ 75.073, 33.969 ], [ 75.08, 33.957 ], [ 75.096, 33.956 ], [ 75.103, 33.944 ], [ 75.093, 33.933 ], [ 75.077, 33.934 ], [ 75.068, 33.923 ], [ 75.051, 33.925 ], [ 75.042, 33.914 ], [ 75.026, 33.915 ], [ 75.019, 33.927 ], [ 75.002, 33.928 ], [ 74.996, 33.94 ], [ 74.979, 33.941 ], [ 74.972, 33.953 ], [ 74.982, 33.964 ], [ 74.975, 33.976 ], [ 74.985, 33.987 ], [ 74.978, 33.999 ], [ 74.961, 34.0 ], [ 74.952, 33.989 ], [ 74.936, 33.99 ], [ 74.926, 33.98 ], [ 74.933, 33.967 ], [ 74.924, 33.957 ], [ 74.907, 33.958 ], [ 74.898, 33.947 ], [ 74.905, 33.935 ], [ 74.895, 33.924 ], [ 74.902, 33.912 ], [ 74.892, 33.901 ], [ 74.876, 33.902 ], [ 74.867, 33.891 ], [ 74.874, 33.879 ], [ 74.864, 33.868 ], [ 74.871, 33.856 ], [ 74.861, 33.845 ], [ 74.845, 33.846 ], [ 74.836, 33.835 ], [ 74.843, 33.823 ], [ 74.833, 33.812 ], [ 74.817, 33.814 ], [ 74.807, 33.803 ], [ 74.814, 33.791 ], [ 74.805, 33.78 ], [ 74.789, 33.781 ], [ 74.779, 33.77 ], [ 74.786, 33.758 ], [ 74.802, 33.757 ], [ 74.812, 33.768 ], [ 74.828, 33.767 ], [ 74.835, 33.755 ], [ 74.851, 33.754 ], [ 74.86, 33.764 ], [ 74.877, 33.763 ], [ 74.884, 33.751 ], [ 74.9, 33.75 ], [ 74.909, 33.761 ], [ 74.926, 33.76 ], [ 74.935, 33.771 ], [ 74.951, 33.77 ], [ 74.961, 33.781 ], [ 74.977, 33.78 ], [ 74.984, 33.768 ], [ 75.0, 33.766 ], [ 75.01, 33.777 ], [ 75.026, 33.776 ], [ 75.035, 33.787 ], [ 75.052, 33.786 ], [ 75.061, 33.797 ], [ 75.077, 33.796 ], [ 75.087, 33.807 ], [ 75.08, 33.819 ], [ 75.089, 33.829 ], [ 75.106, 33.828 ], [ 75.115, 33.839 ], [ 75.108, 33.851 ], [ 75.092, 33.852 ], [ 75.085, 33.864 ], [ 75.069, 33.866 ], [ 75.062, 33.878 ], [ 75.072, 33.888 ], [ 75.088, 33.887 ], [ 75.098, 33.898 ], [ 75.114, 33.897 ], [ 75.123, 33.908 ], [ 75.14, 33.907 ], [ 75.149, 33.918 ], [ 75.142, 33.93 ], [ 75.152, 33.941 ], [ 75.145, 33.953 ], [ 75.129, 33.954 ] ] ] ] } },
{ "type": "Feature", "properties": { "POLYGON.ID": 492.0, "subregion": "India--Jammu and Kashmir--Bandipora--Wular", "FILTER": "Jammu and Kashmir", "POLYGON": "India--Jammu and Kashmir--Bandipora--Wular", "STATE": "Jammu and Kashmir", "COUNTY": "Bandipora", "OWNER": null }, "geometry": { "type": "MultiPolygon", "coordinates": [ [ [ [ 74.413, 34.408 ], [ 74.403, 34.397 ], [ 74.41, 34.385 ], [ 74.427, 34.383 ], [ 74.434, 34.371 ], [ 74.424, 34.36 ], [ 74.408, 34.362 ], [ 74.398, 34.351 ], [ 74.405, 34.338 ], [ 74.422, 34.337 ], [ 74.431, 34.348 ], [ 74.448, 34.347 ], [ 74.457, 34.358 ], [ 74.473, 34.357 ], [ 74.48, 34.345 ], [ 74.497, 34.344 ], [ 74.504, 34.332 ], [ 74.52, 34.331 ], [ 74.527, 34.319 ], [ 74.518, 34.308 ], [ 74.525, 34.296 ], [ 74.515, 34.285 ], [ 74.522, 34.273 ], [ 74.513, 34.262 ], [ 74.52, 34.25 ], [ 74.51, 34.239 ], [ 74.517, 34.227 ], [ 74.534, 34.226 ], [ 74.543, 34.237 ], [ 74.559, 34.236 ], [ 74.566, 34.224 ], [ 74.557, 34.213 ], [ 74.564, 34.201 ], [ 74.554, 34.19 ], [ 74.561, 34.178 ], [ 74.578, 34.177 ], [ 74.587, 34.188 ], [ 74.604, 34.186 ], [ 74.61, 34.174 ], [ 74.601, 34.163 ], [ 74.585, 34.165 ], [ 74.575, 34.154 ], [ 74.582, 34.142 ], [ 74.598, 34.14 ], [ 74.608, 34.151 ], [ 74.624, 34.15 ], [ 74.631, 34.138 ], [ 74.648, 34.137 ], [ 74.654, 34.125 ], [ 74.671, 34.124 ], [ 74.678, 34.112 ], [ 74.694, 34.111 ], [ 74.704, 34.122 ], [ 74.697, 34.134 ], [ 74.68, 34.135 ], [ 74.673, 34.147 ], [ 74.683, 34.158 ], [ 74.676, 34.17 ], [ 74.66, 34.171 ], [ 74.653, 34.183 ], [ 74.662, 34.194 ], [ 74.655, 34.206 ], [ 74.665, 34.217 ], [ 74.658, 34.229 ], [ 74.667, 34.24 ], [ 74.684, 34.239 ], [ 74.693, 34.25 ], [ 74.686, 34.262 ], [ 74.67, 34.263 ], [ 74.663, 34.275 ], [ 74.672, 34.286 ], [ 74.665, 34.298 ], [ 74.675, 34.309 ], [ 74.691, 34.308 ], [ 74.701, 34.319 ], [ 74.694, 34.331 ], [ 74.678, 34.332 ], [ 74.671, 34.344 ], [ 74.68, 34.355 ], [ 74.673, 34.367 ], [ 74.683, 34.378 ], [ 74.676, 34.39 ], [ 74.685, 34.401 ], [ 74.678, 34.413 ], [ 74.662, 34.414 ], [ 74.655, 34.427 ], [ 74.664, 34.438 ], [ 74.657, 34.45 ], [ 74.667, 34.461 ], [ 74.66, 34.473 ], [ 74.644, 34.474 ], [ 74.634, 34.463 ], [ 74.618, 34.464 ], [ 74.608, 34.453 ], [ 74.592, 34.454 ], [ 74.585, 34.466 ], [ 74.568, 34.467 ], [ 74.559, 34.456 ], [ 74.542, 34.457 ], [ 74.533, 34.446 ], [ 74.516, 34.447 ], [ 74.507, 34.436 ], [ 74.514, 34.424 ], [ 74.504, 34.413 ], [ 74.488, 34.414 ], [ 74.481, 34.426 ], [ 74.465, 34.427 ], [ 74.455, 34.416 ], [ 74.439, 34.418 ], [ 74.429, 34.407 ], [ 74.413, 34.408 ] ] ] ] } },
{ "type": "Feature", "properties": { "POLYGON.ID": 491.0, "subregion": "India--Jammu and Kashmir--Baramulla--Valley", "FILTER": "Jammu and Kashmir", "POLYGON": "India--Jammu and Kashmir--Baramulla--Valley", "STATE": "Jammu and Kashmir", "COUNTY": "Jammu", "OWNER": null }, "geometry": { "type": "MultiPolygon", "coordinates": [ [ [ [ 74.418, 34.071 ], [ 74.425, 34.059 ], [ 74.441, 34.058 ], [ 74.448, 34.046 ], [ 74.464, 34.045 ], [ 74.474, 34.056 ], [ 74.49, 34.055 ], [ 74.497, 34.043 ], [ 74.514, 34.042 ], [ 74.52, 34.03 ], [ 74.511, 34.019 ], [ 74.518, 34.007 ], [ 74.509, 33.996 ], [ 74.515, 33.984 ], [ 74.532, 33.983 ], [ 74.541, 33.994 ], [ 74.558, 33.993 ], [ 74.567, 34.004 ], [ 74.56, 34.016 ], [ 74.569, 34.027 ], [ 74.586, 34.026 ], [ 74.595, 34.037 ], [ 74.612, 34.035 ], [ 74.621, 34.046 ], [ 74.614, 34.058 ], [ 74.624, 34.069 ], [ 74.64, 34.068 ], [ 74.649, 34.079 ], [ 74.666, 34.078 ], [ 74.675, 34.089 ], [ 74.692, 34.088 ], [ 74.701, 34.099 ], [ 74.717, 34.098 ], [ 74.724, 34.086 ], [ 74.741, 34.085 ], [ 74.75, 34.096 ], [ 74.743, 34.108 ], [ 74.727, 34.109 ], [ 74.72, 34.121 ], [ 74.704, 34.122 ], [ 74.694, 34.111 ], [ 74.678, 34.112 ], [ 74.671, 34.124 ], [ 74.654, 34.125 ], [ 74.648, 34.137 ], [ 74.631, 34.138 ], [ 74.624, 34.15 ], [ 74.608, 34.151 ], [ 74.598, 34.14 ], [ 74.582, 34.142 ], [ 74.575, 34.154 ], [ 74.585, 34.165 ], [ 74.601, 34.163 ], [ 74.61, 34.174 ], [ 74.604, 34.186 ], [ 74.587, 34.188 ], [ 74.578, 34.177 ], [ 74.561, 34.178 ], [ 74.554, 34.19 ], [ 74.564, 34.201 ], [ 74.557, 34.213 ], [ 74.566, 34.224 ], [ 74.559, 34.236 ], [ 74.543, 34.237 ], [ 74.534, 34.226 ], [ 74.517, 34.227 ], [ 74.51, 34.239 ], [ 74.52, 34.25 ], [ 74.513, 34.262 ], [ 74.522, 34.273 ], [ 74.515, 34.285 ], [ 74.525, 34.296 ], [ 74.518, 34.308 ], [ 74.527, 34.319 ], [ 74.52, 34.331 ], [ 74.504, 34.332 ], [ 74.497, 34.344 ], [ 74.48, 34.345 ], [ 74.473, 34.357 ], [ 74.457, 34.358 ], [ 74.448, 34.347 ], [ 74.431, 34.348 ], [ 74.422, 34.337 ], [ 74.405, 34.338 ], [ 74.398, 34.351 ], [ 74.382, 34.352 ], [ 74.372, 34.341 ], [ 74.379, 34.329 ], [ 74.37, 34.318 ], [ 74.377, 34.306 ], [ 74.368, 34.295 ], [ 74.351, 34.296 ], [ 74.342, 34.285 ], [ 74.349, 34.273 ], [ 74.339, 34.262 ], [ 74.346, 34.25 ], [ 74.337, 34.239 ], [ 74.344, 34.227 ], [ 74.334, 34.216 ], [ 74.318, 34.217 ], [ 74.309, 34.206 ], [ 74.292, 34.207 ], [ 74.283, 34.196 ], [ 74.29, 34.184 ], [ 74.306, 34.183 ], [ 74.316, 34.194 ], [ 74.332, 34.193 ], [ 74.339, 34.181 ], [ 74.355, 34.179 ], [ 74.362, 34.167 ], [ 74.353, 34.156 ], [ 74.36, 34.144 ], [ 74.35, 34.133 ], [ 74.357, 34.121 ], [ 74.374, 34.12 ], [ 74.381, 34.108 ], [ 74.397, 34.107 ], [ 74.404, 34.095 ], [ 74.42, 34.094 ], [ 74.427, 34.082 ], [ 74.418, 34.071 ] ] ] ] } },
{ "type": "Feature", "properties": { "POLYGON.ID": 490.0, "subregion": "India--Jammu and Kashmir--Budgam--Valley", "FILTER": "Jammu and Kashmir", "POLYGON": "India--Jammu and Kashmir--Budgam--Valley", "STATE": "Jammu and Kashmir", "COUNTY": "Budgam", "OWNER": null }, "geometry": { "type": "MultiPolygon", "coordinates": [ [ [ [ 74.861, 33.845 ], [ 74.871, 33.856 ], [ 74.864, 33.868 ], [ 74.874, 33.879 ], [ 74.867, 33.891 ], [ 74.876, 33.902 ], [ 74.892, 33.901 ], [ 74.902, 33.912 ], [ 74.895, 33.924 ], [ 74.905, 33.935 ], [ 74.898, 33.947 ], [ 74.907, 33.958 ], [ 74.924, 33.957 ], [ 74.933, 33.967 ], [ 74.926, 33.98 ], [ 74.936, 33.99 ], [ 74.929, 34.002 ], [ 74.912, 34.004 ], [ 74.906, 34.016 ], [ 74.889, 34.017 ], [ 74.882, 34.029 ], [ 74.866, 34.03 ], [ 74.857, 34.019 ], [ 74.84, 34.02 ], [ 74.833, 34.032 ], [ 74.817, 34.033 ], [ 74.808, 34.022 ], [ 74.791, 34.023 ], [ 74.784, 34.035 ], [ 74.794, 34.046 ], [ 74.787, 34.058 ], [ 74.797, 34.069 ], [ 74.79, 34.081 ], [ 74.773, 34.083 ], [ 74.766, 34.095 ], [ 74.75, 34.096 ], [ 74.741, 34.085 ], [ 74.724, 34.086 ], [ 74.717, 34.098 ], [ 74.701, 34.099 ], [ 74.692, 34.088 ], [ 74.675, 34.089 ], [ 74.666, 34.078 ], [ 74.649, 34.079 ], [ 74.64, 34.068 ], [ 74.624, 34.069 ], [ 74.614, 34.058 ], [ 74.621, 34.046 ], [ 74.612, 34.035 ], [ 74.595, 34.037 ], [ 74.586, 34.026 ], [ 74.569, 34.027 ], [ 74.56, 34.016 ], [ 74.567, 34.004 ], [ 74.558, 33.993 ], [ 74.541, 33.994 ], [ 74.532, 33.983 ], [ 74.539, 33.971 ], [ 74.529, 33.96 ], [ 74.536, 33.948 ], [ 74.527, 33.937 ], [ 74.534, 33.925 ], [ 74.55, 33.924 ], [ 74.557, 33.912 ], [ 74.573, 33.911 ], [ 74.58, 33.899 ], [ 74.596, 33.898 ], [ 74.603, 33.886 ], [ 74.62, 33.885 ], [ 74.627, 33.873 ], [ 74.643, 33.871 ], [ 74.652, 33.882 ], [ 74.669, 33.881 ], [ 74.675, 33.869 ], [ 74.692, 33.868 ], [ 74.699, 33.856 ], [ 74.689, 33.845 ], [ 74.696, 33.833 ], [ 74.712, 33.832 ], [ 74.719, 33.82 ], [ 74.71, 33.809 ], [ 74.717, 33.797 ], [ 74.707, 33.786 ], [ 74.714, 33.774 ], [ 74.73, 33.773 ], [ 74.737, 33.761 ], [ 74.753, 33.76 ], [ 74.763, 33.771 ], [ 74.779, 33.77 ], [ 74.789, 33.781 ], [ 74.805, 33.78 ], [ 74.814, 33.791 ], [ 74.807, 33.803 ], [ 74.817, 33.814 ], [ 74.833, 33.812 ], [ 74.843, 33.823 ], [ 74.836, 33.835 ], [ 74.845, 33.846 ], [ 74.861, 33.845 ] ] ] ] } },
{ "type": "Feature", "properties": { "POLYGON.ID": 496.0, "subregion": "India--Jammu and Kashmir--Mirpur--Plains", "FILTER": "Jammu and Kashmir", "POLYGON": "India--Jammu and Kashmir--Mirpur--Plains", "STATE": "Jammu and Kashmir", "COUNTY": "Mirpur", "OWNER": null }, "geometry": { "type": "MultiPolygon", "coordinates": [ [ [ [ 74.343, 32.901 ], [ 74.326, 32.902 ], [ 74.317, 32.891 ], [ 74.301, 32.892 ], [ 74.294, 32.904 ], [ 74.278, 32.905 ], [ 74.269, 32.894 ], [ 74.253, 32.895 ], [ 74.246, 32.907 ], [ 74.23, 32.908 ], [ 74.221, 32.897 ], [ 74.205, 32.898 ], [ 74.196, 32.887 ], [ 74.179, 32.888 ], [ 74.173, 32.9 ], [ 74.157, 32.901 ], [ 74.15, 32.913 ], [ 74.134, 32.914 ], [ 74.124, 32.903 ], [ 74.108, 32.904 ], [ 74.101, 32.916 ], [ 74.111, 32.927 ], [ 74.104, 32.939 ], [ 74.088, 32.94 ], [ 74.081, 32.952 ], [ 74.065, 32.953 ], [ 74.056, 32.942 ], [ 74.039, 32.943 ], [ 74.033, 32.955 ], [ 74.016, 32.956 ], [ 74.01, 32.968 ], [ 73.993, 32.969 ], [ 73.987, 32.981 ], [ 73.97, 32.982 ], [ 73.963, 32.993 ], [ 73.947, 32.994 ], [ 73.94, 33.006 ], [ 73.924, 33.007 ], [ 73.917, 33.019 ], [ 73.901, 33.02 ], [ 73.892, 33.009 ], [ 73.876, 33.01 ], [ 73.869, 33.022 ], [ 73.853, 33.023 ], [ 73.846, 33.035 ], [ 73.83, 33.036 ], [ 73.823, 33.048 ], [ 73.807, 33.049 ], [ 73.8, 33.061 ], [ 73.784, 33.062 ], [ 73.777, 33.074 ], [ 73.761, 33.074 ], [ 73.754, 33.086 ], [ 73.738, 33.087 ], [ 73.731, 33.099 ], [ 73.714, 33.1 ], [ 73.705, 33.089 ], [ 73.689, 33.09 ], [ 73.68, 33.079 ], [ 73.687, 33.067 ], [ 73.703, 33.066 ], [ 73.71, 33.055 ], [ 73.726, 33.054 ], [ 73.733, 33.042 ], [ 73.724, 33.031 ], [ 73.731, 33.019 ], [ 73.747, 33.018 ], [ 73.754, 33.006 ], [ 73.77, 33.005 ], [ 73.777, 32.993 ], [ 73.768, 32.982 ], [ 73.775, 32.97 ], [ 73.766, 32.959 ], [ 73.773, 32.948 ], [ 73.789, 32.947 ], [ 73.798, 32.958 ], [ 73.814, 32.957 ], [ 73.823, 32.967 ], [ 73.816, 32.979 ], [ 73.825, 32.99 ], [ 73.842, 32.989 ], [ 73.851, 33.0 ], [ 73.867, 32.999 ], [ 73.874, 32.987 ], [ 73.89, 32.986 ], [ 73.897, 32.975 ], [ 73.913, 32.974 ], [ 73.922, 32.984 ], [ 73.938, 32.984 ], [ 73.945, 32.972 ], [ 73.961, 32.971 ], [ 73.968, 32.959 ], [ 73.984, 32.958 ], [ 73.991, 32.946 ], [ 73.982, 32.935 ], [ 73.989, 32.923 ], [ 74.005, 32.922 ], [ 74.012, 32.91 ], [ 74.028, 32.909 ], [ 74.035, 32.897 ], [ 74.051, 32.896 ], [ 74.058, 32.884 ], [ 74.074, 32.883 ], [ 74.083, 32.894 ], [ 74.099, 32.893 ], [ 74.106, 32.881 ], [ 74.122, 32.88 ], [ 74.129, 32.869 ], [ 74.145, 32.868 ], [ 74.154, 32.878 ], [ 74.17, 32.877 ], [ 74.177, 32.866 ], [ 74.193, 32.865 ], [ 74.2, 32.853 ], [ 74.191, 32.842 ], [ 74.198, 32.83 ], [ 74.214, 32.829 ], [ 74.223, 32.84 ], [ 74.239, 32.839 ], [ 74.246, 32.827 ], [ 74.262, 32.826 ], [ 74.269, 32.814 ], [ 74.285, 32.813 ], [ 74.292, 32.801 ], [ 74.282, 32.79 ], [ 74.289, 32.778 ], [ 74.305, 32.777 ], [ 74.312, 32.765 ], [ 74.328, 32.764 ], [ 74.335, 32.752 ], [ 74.351, 32.751 ], [ 74.358, 32.74 ], [ 74.374, 32.739 ], [ 74.383, 32.749 ], [ 74.399, 32.748 ], [ 74.408, 32.759 ], [ 74.424, 32.758 ], [ 74.434, 32.769 ], [ 74.427, 32.781 ], [ 74.436, 32.792 ], [ 74.429, 32.804 ], [ 74.438, 32.815 ], [ 74.432, 32.826 ], [ 74.416, 32.828 ], [ 74.409, 32.839 ], [ 74.418, 32.85 ], [ 74.411, 32.862 ], [ 74.395, 32.863 ], [ 74.388, 32.875 ], [ 74.372, 32.876 ], [ 74.365, 32.888 ], [ 74.349, 32.889 ], [ 74.343, 32.901 ] ] ] ] } },
{ "type": "Feature", "properties": { "POLYGON.ID": 497.0, "subregion": "India--Jammu and Kashmir--Jammu--Plains", "FILTER": "Jammu and Kashmir", "POLYGON": "India--Jammu and Kashmir--Jammu--Plains", "STATE": "Jammu and Kashmir", "COUNTY": "Jammu", "OWNER": null }, "geometry": { "type": "MultiPolygon", "coordinates": [ [ [ [ 74.669, 32.49 ], [ 74.685, 32.489 ], [ 74.692, 32.477 ], [ 74.708, 32.476 ], [ 74.715, 32.465 ], [ 74.731, 32.463 ], [ 74.74, 32.474 ], [ 74.756, 32.473 ], [ 74.762, 32.461 ], [ 74.778, 32.46 ], [ 74.788, 32.471 ], [ 74.804, 32.47 ], [ 74.81, 32.458 ], [ 74.826, 32.457 ], [ 74.836, 32.468 ], [ 74.851, 32.467 ], [ 74.861, 32.478 ], [ 74.877, 32.476 ], [ 74.886, 32.487 ], [ 74.879, 32.499 ], [ 74.888, 32.51 ], [ 74.882, 32.522 ], [ 74.891, 32.533 ], [ 74.907, 32.532 ], [ 74.916, 32.542 ], [ 74.91, 32.554 ], [ 74.919, 32.565 ], [ 74.935, 32.564 ], [ 74.944, 32.575 ], [ 74.937, 32.587 ], [ 74.921, 32.588 ], [ 74.915, 32.6 ], [ 74.899, 32.601 ], [ 74.892, 32.613 ], [ 74.876, 32.614 ], [ 74.869, 32.626 ], [ 74.879, 32.636 ], [ 74.872, 32.648 ], [ 74.881, 32.659 ], [ 74.897, 32.658 ], [ 74.904, 32.646 ], [ 74.92, 32.645 ], [ 74.929, 32.656 ], [ 74.945, 32.655 ], [ 74.954, 32.666 ], [ 74.948, 32.678 ], [ 74.932, 32.679 ], [ 74.925, 32.691 ], [ 74.934, 32.701 ], [ 74.928, 32.713 ], [ 74.912, 32.714 ], [ 74.902, 32.704 ], [ 74.886, 32.705 ], [ 74.877, 32.694 ], [ 74.861, 32.695 ], [ 74.852, 32.684 ], [ 74.836, 32.685 ], [ 74.827, 32.674 ], [ 74.811, 32.675 ], [ 74.801, 32.665 ], [ 74.785, 32.666 ], [ 74.776, 32.655 ], [ 74.783, 32.643 ], [ 74.773, 32.632 ], [ 74.757, 32.633 ], [ 74.748, 32.622 ], [ 74.732, 32.623 ], [ 74.726, 32.635 ], [ 74.71, 32.636 ], [ 74.703, 32.648 ], [ 74.687, 32.649 ], [ 74.678, 32.639 ], [ 74.662, 32.64 ], [ 74.655, 32.652 ], [ 74.639, 32.653 ], [ 74.63, 32.642 ], [ 74.636, 32.63 ], [ 74.627, 32.619 ], [ 74.634, 32.607 ], [ 74.625, 32.596 ], [ 74.631, 32.584 ], [ 74.622, 32.574 ], [ 74.629, 32.562 ], [ 74.645, 32.561 ], [ 74.652, 32.549 ], [ 74.642, 32.538 ], [ 74.649, 32.526 ], [ 74.665, 32.525 ], [ 74.672, 32.513 ], [ 74.663, 32.502 ], [ 74.669, 32.49 ] ] ], [ [ [ 74.747, 32.978 ], [ 74.738, 32.967 ], [ 74.722, 32.968 ], [ 74.713, 32.957 ], [ 74.719, 32.945 ], [ 74.71, 32.934 ], [ 74.694, 32.935 ], [ 74.685, 32.925 ], [ 74.669, 32.926 ], [ 74.659, 32.915 ], [ 74.643, 32.916 ], [ 74.634, 32.905 ], [ 74.618, 32.906 ], [ 74.609, 32.895 ], [ 74.593, 32.896 ], [ 74.583, 32.885 ], [ 74.567, 32.886 ], [ 74.558, 32.876 ], [ 74.542, 32.877 ], [ 74.533, 32.866 ], [ 74.517, 32.867 ], [ 74.51, 32.879 ], [ 74.494, 32.88 ], [ 74.485, 32.869 ], [ 74.469, 32.87 ], [ 74.459, 32.859 ], [ 74.466, 32.847 ], [ 74.482, 32.846 ], [ 74.489, 32.834 ], [ 74.505, 32.833 ], [ 74.512, 32.821 ], [ 74.503, 32.81 ], [ 74.509, 32.799 ], [ 74.525, 32.797 ], [ 74.535, 32.808 ], [ 74.551, 32.807 ], [ 74.56, 32.818 ], [ 74.576, 32.817 ], [ 74.585, 32.828 ], [ 74.601, 32.827 ], [ 74.611, 32.838 ], [ 74.604, 32.85 ], [ 74.613, 32.86 ], [ 74.629, 32.859 ], [ 74.638, 32.87 ], [ 74.654, 32.869 ], [ 74.664, 32.88 ], [ 74.68, 32.879 ], [ 74.689, 32.89 ], [ 74.705, 32.889 ], [ 74.714, 32.9 ], [ 74.731, 32.899 ], [ 74.74, 32.909 ], [ 74.756, 32.908 ], [ 74.765, 32.919 ], [ 74.781, 32.918 ], [ 74.791, 32.929 ], [ 74.784, 32.941 ], [ 74.793, 32.952 ], [ 74.786, 32.964 ], [ 74.77, 32.965 ], [ 74.763, 32.977 ], [ 74.747, 32.978 ] ] ], [ [ [ 74.675, 32.833 ], [ 74.682, 32.822 ], [ 74.672, 32.811 ], [ 74.656, 32.812 ], [ 74.647, 32.801 ], [ 74.631, 32.802 ], [ 74.622, 32.791 ], [ 74.606, 32.792 ], [ 74.596, 32.781 ], [ 74.58, 32.782 ], [ 74.571, 32.772 ], [ 74.555, 32.773 ], [ 74.546, 32.762 ], [ 74.553, 32.75 ], [ 74.569, 32.749 ], [ 74.575, 32.737 ], [ 74.591, 32.736 ], [ 74.601, 32.747 ], [ 74.617, 32.746 ], [ 74.623, 32.734 ], [ 74.64, 32.733 ], [ 74.649, 32.744 ], [ 74.665, 32.742 ], [ 74.674, 32.753 ], [ 74.667, 32.765 ], [ 74.677, 32.776 ], [ 74.67, 32.788 ], [ 74.679, 32.799 ], [ 74.695, 32.798 ], [ 74.702, 32.786 ], [ 74.718, 32.785 ], [ 74.725, 32.773 ], [ 74.715, 32.762 ], [ 74.722, 32.75 ], [ 74.713, 32.739 ], [ 74.72, 32.727 ], [ 74.736, 32.726 ], [ 74.745, 32.737 ], [ 74.761, 32.736 ], [ 74.768, 32.724 ], [ 74.784, 32.723 ], [ 74.793, 32.734 ], [ 74.809, 32.733 ], [ 74.818, 32.744 ], [ 74.834, 32.743 ], [ 74.843, 32.753 ], [ 74.837, 32.765 ], [ 74.846, 32.776 ], [ 74.839, 32.788 ], [ 74.823, 32.789 ], [ 74.817, 32.801 ], [ 74.801, 32.802 ], [ 74.794, 32.814 ], [ 74.803, 32.825 ], [ 74.796, 32.837 ], [ 74.806, 32.848 ], [ 74.799, 32.86 ], [ 74.808, 32.87 ], [ 74.801, 32.882 ], [ 74.785, 32.883 ], [ 74.779, 32.895 ], [ 74.763, 32.896 ], [ 74.753, 32.886 ], [ 74.76, 32.874 ], [ 74.751, 32.863 ], [ 74.735, 32.864 ], [ 74.725, 32.853 ], [ 74.709, 32.854 ], [ 74.7, 32.843 ], [ 74.684, 32.844 ], [ 74.675, 32.833 ] ] ] ] } },
{ "type": "Feature", "properties": { "POLYGON.ID": 498.0, "subregion": "India--Jammu and Kashmir--Samba--Plains", "FILTER": "Jammu and Kashmir", "POLYGON": "India--Jammu and Kashmir--Samba--Plains", "STATE": "Jammu and Kashmir", "COUNTY": "Samba", "OWNER": null }, "geometry": { "type": "MultiPolygon", "coordinates": [ [ [ [ 75.036, 32.603 ], [ 75.02, 32.604 ], [ 75.013, 32.616 ], [ 74.997, 32.617 ], [ 74.991, 32.629 ], [ 74.975, 32.63 ], [ 74.968, 32.642 ], [ 74.952, 32.643 ], [ 74.945, 32.655 ], [ 74.929, 32.656 ], [ 74.92, 32.645 ], [ 74.904, 32.646 ], [ 74.897, 32.658 ], [ 74.881, 32.659 ], [ 74.872, 32.648 ], [ 74.879, 32.636 ], [ 74.869, 32.626 ], [ 74.876, 32.614 ], [ 74.892, 32.613 ], [ 74.899, 32.601 ], [ 74.915, 32.6 ], [ 74.921, 32.588 ], [ 74.937, 32.587 ], [ 74.944, 32.575 ], [ 74.935, 32.564 ], [ 74.919, 32.565 ], [ 74.91, 32.554 ], [ 74.916, 32.542 ], [ 74.907, 32.532 ], [ 74.891, 32.533 ], [ 74.882, 32.522 ], [ 74.888, 32.51 ], [ 74.879, 32.499 ], [ 74.886, 32.487 ], [ 74.877, 32.476 ], [ 74.883, 32.465 ], [ 74.899, 32.463 ], [ 74.906, 32.452 ], [ 74.922, 32.451 ], [ 74.931, 32.461 ], [ 74.947, 32.46 ], [ 74.956, 32.471 ], [ 74.972, 32.47 ], [ 74.982, 32.481 ], [ 74.975, 32.493 ], [ 74.984, 32.503 ], [ 75.0, 32.502 ], [ 75.009, 32.513 ], [ 75.003, 32.525 ], [ 75.012, 32.536 ], [ 75.005, 32.548 ], [ 75.015, 32.558 ], [ 75.008, 32.57 ], [ 75.017, 32.581 ], [ 75.033, 32.58 ], [ 75.043, 32.591 ], [ 75.036, 32.603 ] ] ], [ [ [ 75.075, 32.451 ], [ 75.091, 32.45 ], [ 75.097, 32.438 ], [ 75.113, 32.437 ], [ 75.122, 32.448 ], [ 75.116, 32.46 ], [ 75.125, 32.471 ], [ 75.118, 32.483 ], [ 75.128, 32.493 ], [ 75.144, 32.492 ], [ 75.153, 32.503 ], [ 75.146, 32.515 ], [ 75.156, 32.526 ], [ 75.172, 32.525 ], [ 75.181, 32.535 ], [ 75.174, 32.547 ], [ 75.158, 32.548 ], [ 75.149, 32.538 ], [ 75.133, 32.539 ], [ 75.126, 32.551 ], [ 75.11, 32.552 ], [ 75.101, 32.541 ], [ 75.108, 32.529 ], [ 75.098, 32.518 ], [ 75.082, 32.519 ], [ 75.073, 32.509 ], [ 75.057, 32.51 ], [ 75.048, 32.499 ], [ 75.055, 32.487 ], [ 75.045, 32.476 ], [ 75.052, 32.464 ], [ 75.068, 32.463 ], [ 75.075, 32.451 ] ] ] ] } },
{ "type": "Feature", "properties": { "POLYGON.ID": 499.0, "subregion": "India--Jammu and Kashmir--Kathua--Plains", "FILTER": "Jammu and Kashmir", "POLYGON": "India--Jammu and Kashmir--Kathua--Plains", "STATE": "Jammu and Kashmir", "COUNTY": "Kathua", "OWNER": null }, "geometry": { "type": "MultiPolygon", "coordinates": [ [ [ [ 75.197, 32.534 ], [ 75.181, 32.535 ], [ 75.172, 32.525 ], [ 75.156, 32.526 ], [ 75.146, 32.515 ], [ 75.153, 32.503 ], [ 75.144, 32.492 ], [ 75.128, 32.493 ], [ 75.118, 32.483 ], [ 75.125, 32.471 ], [ 75.116, 32.46 ], [ 75.122, 32.448 ], [ 75.113, 32.437 ], [ 75.12, 32.425 ], [ 75.11, 32.415 ], [ 75.117, 32.403 ], [ 75.133, 32.402 ], [ 75.14, 32.39 ], [ 75.156, 32.389 ], [ 75.165, 32.399 ], [ 75.181, 32.398 ], [ 75.187, 32.386 ], [ 75.203, 32.385 ], [ 75.21, 32.373 ], [ 75.226, 32.372 ], [ 75.232, 32.36 ], [ 75.248, 32.359 ], [ 75.255, 32.347 ], [ 75.271, 32.346 ], [ 75.277, 32.334 ], [ 75.293, 32.333 ], [ 75.3, 32.321 ], [ 75.316, 32.32 ], [ 75.325, 32.331 ], [ 75.341, 32.33 ], [ 75.35, 32.34 ], [ 75.366, 32.339 ], [ 75.373, 32.327 ], [ 75.389, 32.326 ], [ 75.398, 32.337 ], [ 75.414, 32.336 ], [ 75.42, 32.324 ], [ 75.436, 32.323 ], [ 75.446, 32.334 ], [ 75.462, 32.332 ], [ 75.471, 32.343 ], [ 75.487, 32.342 ], [ 75.496, 32.353 ], [ 75.512, 32.352 ], [ 75.521, 32.362 ], [ 75.537, 32.361 ], [ 75.547, 32.372 ], [ 75.562, 32.371 ], [ 75.572, 32.381 ], [ 75.588, 32.38 ], [ 75.597, 32.391 ], [ 75.613, 32.39 ], [ 75.622, 32.401 ], [ 75.616, 32.412 ], [ 75.6, 32.414 ], [ 75.593, 32.426 ], [ 75.577, 32.427 ], [ 75.568, 32.416 ], [ 75.552, 32.417 ], [ 75.546, 32.429 ], [ 75.53, 32.43 ], [ 75.523, 32.442 ], [ 75.507, 32.443 ], [ 75.498, 32.433 ], [ 75.482, 32.434 ], [ 75.475, 32.446 ], [ 75.459, 32.447 ], [ 75.453, 32.459 ], [ 75.437, 32.46 ], [ 75.43, 32.472 ], [ 75.414, 32.473 ], [ 75.405, 32.462 ], [ 75.389, 32.463 ], [ 75.383, 32.475 ], [ 75.367, 32.476 ], [ 75.36, 32.488 ], [ 75.344, 32.489 ], [ 75.335, 32.479 ], [ 75.319, 32.48 ], [ 75.312, 32.492 ], [ 75.296, 32.493 ], [ 75.29, 32.505 ], [ 75.274, 32.506 ], [ 75.267, 32.518 ], [ 75.251, 32.519 ], [ 75.242, 32.508 ], [ 75.226, 32.509 ], [ 75.219, 32.521 ], [ 75.203, 32.522 ], [ 75.197, 32.534 ] ] ] ] } },
{ "type": "Feature", "properties": { "POLYGON.ID": 500.0, "subregion": "India--Jammu and Kashmir--Kathua--Shivaliks", "FILTER": "Jammu and Kashmir", "POLYGON": "India--Jammu and Kashmir--Kathua--Shivaliks", "STATE": "Jammu and Kashmir", "COUNTY": "Kathua", "OWNER": null }, "geometry": { "type": "MultiPolygon", "coordinates": [ [ [ [ 75.593, 32.426 ], [ 75.6, 32.414 ], [ 75.616, 32.412 ], [ 75.622, 32.401 ], [ 75.638, 32.399 ], [ 75.645, 32.387 ], [ 75.661, 32.386 ], [ 75.67, 32.397 ], [ 75.686, 32.396 ], [ 75.695, 32.407 ], [ 75.711, 32.405 ], [ 75.721, 32.416 ], [ 75.736, 32.415 ], [ 75.746, 32.426 ], [ 75.739, 32.438 ], [ 75.723, 32.439 ], [ 75.717, 32.451 ], [ 75.701, 32.452 ], [ 75.694, 32.464 ], [ 75.679, 32.465 ], [ 75.672, 32.477 ], [ 75.656, 32.478 ], [ 75.65, 32.49 ], [ 75.659, 32.501 ], [ 75.652, 32.513 ], [ 75.662, 32.523 ], [ 75.678, 32.522 ], [ 75.687, 32.533 ], [ 75.703, 32.532 ], [ 75.712, 32.542 ], [ 75.706, 32.554 ], [ 75.69, 32.556 ], [ 75.683, 32.568 ], [ 75.667, 32.569 ], [ 75.661, 32.581 ], [ 75.645, 32.582 ], [ 75.638, 32.594 ], [ 75.622, 32.595 ], [ 75.616, 32.607 ], [ 75.6, 32.608 ], [ 75.593, 32.62 ], [ 75.577, 32.621 ], [ 75.571, 32.633 ], [ 75.555, 32.634 ], [ 75.548, 32.646 ], [ 75.532, 32.647 ], [ 75.526, 32.659 ], [ 75.51, 32.661 ], [ 75.503, 32.672 ], [ 75.487, 32.674 ], [ 75.481, 32.686 ], [ 75.465, 32.687 ], [ 75.455, 32.676 ], [ 75.439, 32.677 ], [ 75.433, 32.689 ], [ 75.417, 32.69 ], [ 75.407, 32.679 ], [ 75.391, 32.681 ], [ 75.385, 32.693 ], [ 75.369, 32.694 ], [ 75.359, 32.683 ], [ 75.366, 32.671 ], [ 75.357, 32.66 ], [ 75.341, 32.661 ], [ 75.334, 32.673 ], [ 75.318, 32.674 ], [ 75.309, 32.664 ], [ 75.315, 32.652 ], [ 75.306, 32.641 ], [ 75.29, 32.642 ], [ 75.281, 32.631 ], [ 75.287, 32.619 ], [ 75.303, 32.618 ], [ 75.31, 32.606 ], [ 75.326, 32.605 ], [ 75.333, 32.593 ], [ 75.323, 32.582 ], [ 75.307, 32.584 ], [ 75.298, 32.573 ], [ 75.282, 32.574 ], [ 75.275, 32.586 ], [ 75.259, 32.587 ], [ 75.25, 32.576 ], [ 75.234, 32.577 ], [ 75.225, 32.567 ], [ 75.209, 32.568 ], [ 75.199, 32.557 ], [ 75.184, 32.558 ], [ 75.174, 32.547 ], [ 75.181, 32.535 ], [ 75.197, 32.534 ], [ 75.203, 32.522 ], [ 75.219, 32.521 ], [ 75.226, 32.509 ], [ 75.242, 32.508 ], [ 75.251, 32.519 ], [ 75.267, 32.518 ], [ 75.274, 32.506 ], [ 75.29, 32.505 ], [ 75.296, 32.493 ], [ 75.312, 32.492 ], [ 75.319, 32.48 ], [ 75.335, 32.479 ], [ 75.344, 32.489 ], [ 75.36, 32.488 ], [ 75.367, 32.476 ], [ 75.383, 32.475 ], [ 75.389, 32.463 ], [ 75.405, 32.462 ], [ 75.414, 32.473 ], [ 75.43, 32.472 ], [ 75.437, 32.46 ], [ 75.453, 32.459 ], [ 75.459, 32.447 ], [ 75.475, 32.446 ], [ 75.482, 32.434 ], [ 75.498, 32.433 ], [ 75.507, 32.443 ], [ 75.523, 32.442 ], [ 75.53, 32.43 ], [ 75.546, 32.429 ], [ 75.552, 32.417 ], [ 75.568, 32.416 ], [ 75.577, 32.427 ], [ 75.593, 32.426 ] ] ] ] } },
{ "type": "Feature", "properties": { "POLYGON.ID": 526.0, "subregion": "India--Jammu and Kashmir--Rajouri--Shivaliks", "FILTER": "Jammu and Kashmir", "POLYGON": "India--Jammu and Kashmir--Rajouri--Shivaliks", "STATE": "Jammu and Kashmir", "COUNTY": "Rajouri", "OWNER": null }, "geometry": { "type": "MultiPolygon", "coordinates": [ [ [ [ 74.55, 33.025 ], [ 74.559, 33.036 ], [ 74.576, 33.035 ], [ 74.585, 33.046 ], [ 74.601, 33.045 ], [ 74.61, 33.056 ], [ 74.626, 33.055 ], [ 74.636, 33.066 ], [ 74.629, 33.077 ], [ 74.613, 33.079 ], [ 74.606, 33.09 ], [ 74.615, 33.101 ], [ 74.608, 33.113 ], [ 74.592, 33.114 ], [ 74.585, 33.126 ], [ 74.569, 33.127 ], [ 74.56, 33.116 ], [ 74.544, 33.118 ], [ 74.537, 33.129 ], [ 74.521, 33.13 ], [ 74.514, 33.142 ], [ 74.523, 33.153 ], [ 74.517, 33.165 ], [ 74.526, 33.176 ], [ 74.542, 33.175 ], [ 74.549, 33.163 ], [ 74.565, 33.162 ], [ 74.574, 33.173 ], [ 74.59, 33.172 ], [ 74.6, 33.183 ], [ 74.593, 33.195 ], [ 74.577, 33.196 ], [ 74.57, 33.208 ], [ 74.554, 33.209 ], [ 74.545, 33.198 ], [ 74.528, 33.199 ], [ 74.522, 33.211 ], [ 74.505, 33.212 ], [ 74.499, 33.224 ], [ 74.482, 33.225 ], [ 74.473, 33.214 ], [ 74.457, 33.215 ], [ 74.448, 33.204 ], [ 74.432, 33.205 ], [ 74.425, 33.217 ], [ 74.409, 33.218 ], [ 74.399, 33.207 ], [ 74.383, 33.208 ], [ 74.374, 33.197 ], [ 74.358, 33.199 ], [ 74.351, 33.21 ], [ 74.335, 33.211 ], [ 74.328, 33.223 ], [ 74.337, 33.234 ], [ 74.33, 33.246 ], [ 74.34, 33.257 ], [ 74.333, 33.269 ], [ 74.342, 33.28 ], [ 74.335, 33.292 ], [ 74.319, 33.293 ], [ 74.31, 33.282 ], [ 74.293, 33.283 ], [ 74.287, 33.295 ], [ 74.27, 33.296 ], [ 74.261, 33.285 ], [ 74.245, 33.286 ], [ 74.238, 33.298 ], [ 74.222, 33.299 ], [ 74.215, 33.311 ], [ 74.199, 33.312 ], [ 74.192, 33.324 ], [ 74.176, 33.325 ], [ 74.166, 33.314 ], [ 74.15, 33.315 ], [ 74.141, 33.304 ], [ 74.125, 33.305 ], [ 74.116, 33.294 ], [ 74.099, 33.295 ], [ 74.09, 33.284 ], [ 74.074, 33.285 ], [ 74.065, 33.274 ], [ 74.049, 33.275 ], [ 74.039, 33.264 ], [ 74.023, 33.265 ], [ 74.014, 33.255 ], [ 74.021, 33.243 ], [ 74.012, 33.232 ], [ 74.019, 33.22 ], [ 74.035, 33.219 ], [ 74.042, 33.207 ], [ 74.058, 33.206 ], [ 74.065, 33.194 ], [ 74.081, 33.193 ], [ 74.088, 33.181 ], [ 74.104, 33.18 ], [ 74.111, 33.168 ], [ 74.127, 33.167 ], [ 74.134, 33.155 ], [ 74.15, 33.154 ], [ 74.157, 33.142 ], [ 74.148, 33.131 ], [ 74.155, 33.119 ], [ 74.171, 33.118 ], [ 74.178, 33.107 ], [ 74.168, 33.096 ], [ 74.175, 33.084 ], [ 74.166, 33.073 ], [ 74.173, 33.061 ], [ 74.189, 33.06 ], [ 74.198, 33.071 ], [ 74.214, 33.07 ], [ 74.221, 33.058 ], [ 74.237, 33.057 ], [ 74.244, 33.045 ], [ 74.26, 33.044 ], [ 74.267, 33.032 ], [ 74.283, 33.031 ], [ 74.293, 33.042 ], [ 74.309, 33.041 ], [ 74.316, 33.029 ], [ 74.306, 33.018 ], [ 74.313, 33.006 ], [ 74.329, 33.005 ], [ 74.336, 32.993 ], [ 74.327, 32.982 ], [ 74.334, 32.97 ], [ 74.35, 32.969 ], [ 74.357, 32.957 ], [ 74.373, 32.956 ], [ 74.38, 32.944 ], [ 74.396, 32.943 ], [ 74.405, 32.954 ], [ 74.421, 32.953 ], [ 74.428, 32.941 ], [ 74.444, 32.94 ], [ 74.453, 32.951 ], [ 74.446, 32.963 ], [ 74.456, 32.974 ], [ 74.472, 32.973 ], [ 74.481, 32.984 ], [ 74.497, 32.983 ], [ 74.506, 32.994 ], [ 74.522, 32.993 ], [ 74.529, 32.981 ], [ 74.545, 32.98 ], [ 74.552, 32.968 ], [ 74.568, 32.967 ], [ 74.577, 32.978 ], [ 74.571, 32.989 ], [ 74.58, 33.0 ], [ 74.573, 33.012 ], [ 74.557, 33.013 ], [ 74.55, 33.025 ] ] ] ] } },
{ "type": "Feature", "properties": { "POLYGON.ID": 525.0, "subregion": "India--Jammu and Kashmir--Reasi--Shivaliks", "FILTER": "Jammu and Kashmir", "POLYGON": "India--Jammu and Kashmir--Reasi--Shivaliks", "STATE": "Jammu and Kashmir", "COUNTY": "Reasi", "OWNER": null }, "geometry": { "type": "MultiPolygon", "coordinates": [ [ [ [ 74.592, 33.114 ], [ 74.608, 33.113 ], [ 74.615, 33.101 ], [ 74.606, 33.09 ], [ 74.613, 33.079 ], [ 74.629, 33.077 ], [ 74.636, 33.066 ], [ 74.626, 33.055 ], [ 74.61, 33.056 ], [ 74.601, 33.045 ], [ 74.585, 33.046 ], [ 74.576, 33.035 ], [ 74.559, 33.036 ], [ 74.55, 33.025 ], [ 74.557, 33.013 ], [ 74.573, 33.012 ], [ 74.58, 33.0 ], [ 74.596, 32.999 ], [ 74.603, 32.987 ], [ 74.619, 32.986 ], [ 74.628, 32.997 ], [ 74.621, 33.009 ], [ 74.631, 33.02 ], [ 74.647, 33.019 ], [ 74.653, 33.007 ], [ 74.67, 33.006 ], [ 74.679, 33.017 ], [ 74.672, 33.029 ], [ 74.681, 33.04 ], [ 74.697, 33.038 ], [ 74.704, 33.027 ], [ 74.72, 33.025 ], [ 74.73, 33.036 ], [ 74.746, 33.035 ], [ 74.752, 33.023 ], [ 74.769, 33.022 ], [ 74.778, 33.033 ], [ 74.771, 33.045 ], [ 74.78, 33.056 ], [ 74.774, 33.068 ], [ 74.783, 33.079 ], [ 74.776, 33.091 ], [ 74.76, 33.092 ], [ 74.753, 33.104 ], [ 74.737, 33.105 ], [ 74.728, 33.094 ], [ 74.712, 33.095 ], [ 74.705, 33.107 ], [ 74.689, 33.108 ], [ 74.682, 33.12 ], [ 74.666, 33.121 ], [ 74.657, 33.11 ], [ 74.641, 33.111 ], [ 74.634, 33.123 ], [ 74.618, 33.124 ], [ 74.611, 33.136 ], [ 74.595, 33.137 ], [ 74.588, 33.149 ], [ 74.597, 33.16 ], [ 74.59, 33.172 ], [ 74.574, 33.173 ], [ 74.565, 33.162 ], [ 74.549, 33.163 ], [ 74.542, 33.175 ], [ 74.526, 33.176 ], [ 74.517, 33.165 ], [ 74.523, 33.153 ], [ 74.514, 33.142 ], [ 74.521, 33.13 ], [ 74.537, 33.129 ], [ 74.544, 33.118 ], [ 74.56, 33.116 ], [ 74.569, 33.127 ], [ 74.585, 33.126 ], [ 74.592, 33.114 ] ] ], [ [ [ 74.88, 32.934 ], [ 74.887, 32.922 ], [ 74.903, 32.921 ], [ 74.912, 32.932 ], [ 74.906, 32.944 ], [ 74.915, 32.955 ], [ 74.908, 32.967 ], [ 74.917, 32.978 ], [ 74.933, 32.977 ], [ 74.943, 32.987 ], [ 74.936, 32.999 ], [ 74.92, 33.0 ], [ 74.913, 33.012 ], [ 74.897, 33.013 ], [ 74.89, 33.025 ], [ 74.9, 33.036 ], [ 74.893, 33.048 ], [ 74.877, 33.049 ], [ 74.868, 33.038 ], [ 74.874, 33.026 ], [ 74.865, 33.016 ], [ 74.872, 33.004 ], [ 74.862, 32.993 ], [ 74.846, 32.994 ], [ 74.837, 32.983 ], [ 74.844, 32.971 ], [ 74.835, 32.96 ], [ 74.841, 32.948 ], [ 74.857, 32.947 ], [ 74.867, 32.958 ], [ 74.883, 32.957 ], [ 74.889, 32.945 ], [ 74.88, 32.934 ] ] ] ] } },
{ "type": "Feature", "properties": { "POLYGON.ID": 524.0, "subregion": "India--Jammu and Kashmir--Udhampur--Shivaliks", "FILTER": "Jammu and Kashmir", "POLYGON": "India--Jammu and Kashmir--Udhampur--Shivaliks", "STATE": "Jammu and Kashmir", "COUNTY": "Udhampur", "OWNER": null }, "geometry": { "type": "MultiPolygon", "coordinates": [ [ [ [ 75.334, 32.673 ], [ 75.341, 32.661 ], [ 75.357, 32.66 ], [ 75.366, 32.671 ], [ 75.359, 32.683 ], [ 75.343, 32.684 ], [ 75.337, 32.696 ], [ 75.321, 32.697 ], [ 75.311, 32.686 ], [ 75.295, 32.687 ], [ 75.289, 32.699 ], [ 75.273, 32.701 ], [ 75.266, 32.712 ], [ 75.25, 32.714 ], [ 75.244, 32.726 ], [ 75.228, 32.727 ], [ 75.221, 32.739 ], [ 75.205, 32.74 ], [ 75.198, 32.752 ], [ 75.182, 32.753 ], [ 75.176, 32.765 ], [ 75.16, 32.766 ], [ 75.15, 32.755 ], [ 75.134, 32.756 ], [ 75.125, 32.745 ], [ 75.109, 32.746 ], [ 75.1, 32.736 ], [ 75.106, 32.724 ], [ 75.097, 32.713 ], [ 75.104, 32.701 ], [ 75.12, 32.7 ], [ 75.126, 32.688 ], [ 75.142, 32.687 ], [ 75.149, 32.675 ], [ 75.165, 32.674 ], [ 75.172, 32.662 ], [ 75.188, 32.661 ], [ 75.197, 32.672 ], [ 75.213, 32.67 ], [ 75.22, 32.659 ], [ 75.235, 32.657 ], [ 75.242, 32.645 ], [ 75.258, 32.644 ], [ 75.267, 32.655 ], [ 75.283, 32.654 ], [ 75.29, 32.642 ], [ 75.306, 32.641 ], [ 75.315, 32.652 ], [ 75.309, 32.664 ], [ 75.318, 32.674 ], [ 75.334, 32.673 ] ] ] ] } },
{ "type": "Feature", "properties": { "POLYGON.ID": 634.0, "subregion": "India--Jammu and Kashmir--Mirpur--Shivaliks", "FILTER": "Jammu and Kashmir", "POLYGON": "India--Jammu and Kashmir--Mirpur--Shivaliks", "STATE": "Jammu and Kashmir", "COUNTY": "Mirpur", "OWNER": null }, "geometry": { "type": "MultiPolygon", "coordinates": [ [ [ [ 73.867, 33.747 ], [ 73.876, 33.758 ], [ 73.893, 33.757 ], [ 73.902, 33.768 ], [ 73.895, 33.78 ], [ 73.879, 33.781 ], [ 73.871, 33.793 ], [ 73.855, 33.794 ], [ 73.846, 33.783 ], [ 73.83, 33.784 ], [ 73.82, 33.773 ], [ 73.804, 33.774 ], [ 73.797, 33.786 ], [ 73.781, 33.787 ], [ 73.771, 33.776 ], [ 73.755, 33.777 ], [ 73.746, 33.766 ], [ 73.73, 33.767 ], [ 73.72, 33.756 ], [ 73.704, 33.757 ], [ 73.697, 33.769 ], [ 73.681, 33.77 ], [ 73.674, 33.782 ], [ 73.683, 33.793 ], [ 73.676, 33.805 ], [ 73.659, 33.806 ], [ 73.65, 33.795 ], [ 73.634, 33.796 ], [ 73.625, 33.785 ], [ 73.608, 33.786 ], [ 73.599, 33.775 ], [ 73.583, 33.776 ], [ 73.576, 33.788 ], [ 73.559, 33.788 ], [ 73.552, 33.8 ], [ 73.536, 33.801 ], [ 73.527, 33.79 ], [ 73.534, 33.778 ], [ 73.55, 33.777 ], [ 73.557, 33.765 ], [ 73.548, 33.754 ], [ 73.555, 33.743 ], [ 73.571, 33.742 ], [ 73.578, 33.73 ], [ 73.569, 33.719 ], [ 73.576, 33.707 ], [ 73.567, 33.696 ], [ 73.551, 33.697 ], [ 73.542, 33.686 ], [ 73.549, 33.674 ], [ 73.539, 33.663 ], [ 73.547, 33.651 ], [ 73.537, 33.64 ], [ 73.544, 33.628 ], [ 73.535, 33.617 ], [ 73.542, 33.605 ], [ 73.559, 33.604 ], [ 73.566, 33.592 ], [ 73.582, 33.591 ], [ 73.589, 33.579 ], [ 73.605, 33.578 ], [ 73.612, 33.566 ], [ 73.603, 33.555 ], [ 73.61, 33.543 ], [ 73.601, 33.532 ], [ 73.585, 33.533 ], [ 73.575, 33.522 ], [ 73.582, 33.51 ], [ 73.573, 33.499 ], [ 73.58, 33.487 ], [ 73.571, 33.476 ], [ 73.578, 33.465 ], [ 73.569, 33.454 ], [ 73.576, 33.442 ], [ 73.567, 33.431 ], [ 73.574, 33.419 ], [ 73.565, 33.408 ], [ 73.548, 33.409 ], [ 73.539, 33.398 ], [ 73.546, 33.386 ], [ 73.537, 33.375 ], [ 73.544, 33.363 ], [ 73.56, 33.362 ], [ 73.57, 33.373 ], [ 73.586, 33.372 ], [ 73.595, 33.383 ], [ 73.611, 33.382 ], [ 73.618, 33.37 ], [ 73.634, 33.369 ], [ 73.644, 33.38 ], [ 73.66, 33.379 ], [ 73.667, 33.367 ], [ 73.683, 33.366 ], [ 73.692, 33.377 ], [ 73.708, 33.376 ], [ 73.718, 33.387 ], [ 73.734, 33.386 ], [ 73.743, 33.397 ], [ 73.759, 33.396 ], [ 73.766, 33.384 ], [ 73.782, 33.384 ], [ 73.789, 33.372 ], [ 73.806, 33.371 ], [ 73.813, 33.359 ], [ 73.803, 33.348 ], [ 73.81, 33.336 ], [ 73.801, 33.325 ], [ 73.808, 33.313 ], [ 73.799, 33.302 ], [ 73.806, 33.29 ], [ 73.797, 33.279 ], [ 73.804, 33.267 ], [ 73.82, 33.266 ], [ 73.827, 33.254 ], [ 73.843, 33.253 ], [ 73.85, 33.241 ], [ 73.866, 33.241 ], [ 73.873, 33.229 ], [ 73.864, 33.218 ], [ 73.871, 33.206 ], [ 73.862, 33.195 ], [ 73.869, 33.183 ], [ 73.885, 33.182 ], [ 73.892, 33.17 ], [ 73.883, 33.159 ], [ 73.889, 33.147 ], [ 73.906, 33.146 ], [ 73.913, 33.134 ], [ 73.903, 33.123 ], [ 73.887, 33.124 ], [ 73.878, 33.113 ], [ 73.885, 33.101 ], [ 73.876, 33.091 ], [ 73.86, 33.092 ], [ 73.853, 33.103 ], [ 73.837, 33.104 ], [ 73.827, 33.093 ], [ 73.811, 33.094 ], [ 73.804, 33.106 ], [ 73.788, 33.107 ], [ 73.781, 33.119 ], [ 73.765, 33.12 ], [ 73.756, 33.109 ], [ 73.74, 33.11 ], [ 73.731, 33.099 ], [ 73.738, 33.087 ], [ 73.754, 33.086 ], [ 73.761, 33.074 ], [ 73.777, 33.074 ], [ 73.784, 33.062 ], [ 73.8, 33.061 ], [ 73.807, 33.049 ], [ 73.823, 33.048 ], [ 73.83, 33.036 ], [ 73.846, 33.035 ], [ 73.853, 33.023 ], [ 73.869, 33.022 ], [ 73.876, 33.01 ], [ 73.892, 33.009 ], [ 73.901, 33.02 ], [ 73.917, 33.019 ], [ 73.924, 33.007 ], [ 73.94, 33.006 ], [ 73.947, 32.994 ], [ 73.963, 32.993 ], [ 73.97, 32.982 ], [ 73.987, 32.981 ], [ 73.993, 32.969 ], [ 74.01, 32.968 ], [ 74.016, 32.956 ], [ 74.033, 32.955 ], [ 74.039, 32.943 ], [ 74.056, 32.942 ], [ 74.065, 32.953 ], [ 74.081, 32.952 ], [ 74.088, 32.94 ], [ 74.104, 32.939 ], [ 74.111, 32.927 ], [ 74.101, 32.916 ], [ 74.108, 32.904 ], [ 74.124, 32.903 ], [ 74.134, 32.914 ], [ 74.15, 32.913 ], [ 74.157, 32.901 ], [ 74.173, 32.9 ], [ 74.179, 32.888 ], [ 74.196, 32.887 ], [ 74.205, 32.898 ], [ 74.221, 32.897 ], [ 74.23, 32.908 ], [ 74.246, 32.907 ], [ 74.253, 32.895 ], [ 74.269, 32.894 ], [ 74.278, 32.905 ], [ 74.294, 32.904 ], [ 74.301, 32.892 ], [ 74.317, 32.891 ], [ 74.326, 32.902 ], [ 74.343, 32.901 ], [ 74.349, 32.889 ], [ 74.365, 32.888 ], [ 74.372, 32.876 ], [ 74.388, 32.875 ], [ 74.395, 32.863 ], [ 74.411, 32.862 ], [ 74.42, 32.873 ], [ 74.414, 32.885 ], [ 74.398, 32.886 ], [ 74.391, 32.898 ], [ 74.375, 32.899 ], [ 74.368, 32.911 ], [ 74.352, 32.912 ], [ 74.345, 32.924 ], [ 74.329, 32.925 ], [ 74.322, 32.937 ], [ 74.331, 32.948 ], [ 74.324, 32.959 ], [ 74.334, 32.97 ], [ 74.327, 32.982 ], [ 74.336, 32.993 ], [ 74.329, 33.005 ], [ 74.313, 33.006 ], [ 74.306, 33.018 ], [ 74.316, 33.029 ], [ 74.309, 33.041 ], [ 74.293, 33.042 ], [ 74.283, 33.031 ], [ 74.267, 33.032 ], [ 74.26, 33.044 ], [ 74.244, 33.045 ], [ 74.237, 33.057 ], [ 74.221, 33.058 ], [ 74.214, 33.07 ], [ 74.198, 33.071 ], [ 74.189, 33.06 ], [ 74.173, 33.061 ], [ 74.166, 33.073 ], [ 74.175, 33.084 ], [ 74.168, 33.096 ], [ 74.178, 33.107 ], [ 74.171, 33.118 ], [ 74.155, 33.119 ], [ 74.148, 33.131 ], [ 74.157, 33.142 ], [ 74.15, 33.154 ], [ 74.134, 33.155 ], [ 74.127, 33.167 ], [ 74.111, 33.168 ], [ 74.104, 33.18 ], [ 74.088, 33.181 ], [ 74.081, 33.193 ], [ 74.065, 33.194 ], [ 74.058, 33.206 ], [ 74.042, 33.207 ], [ 74.035, 33.219 ], [ 74.019, 33.22 ], [ 74.012, 33.232 ], [ 74.021, 33.243 ], [ 74.014, 33.255 ], [ 74.023, 33.265 ], [ 74.039, 33.264 ], [ 74.049, 33.275 ], [ 74.065, 33.274 ], [ 74.074, 33.285 ], [ 74.09, 33.284 ], [ 74.099, 33.295 ], [ 74.116, 33.294 ], [ 74.125, 33.305 ], [ 74.141, 33.304 ], [ 74.15, 33.315 ], [ 74.143, 33.327 ], [ 74.127, 33.328 ], [ 74.12, 33.34 ], [ 74.104, 33.341 ], [ 74.097, 33.353 ], [ 74.081, 33.354 ], [ 74.074, 33.366 ], [ 74.058, 33.367 ], [ 74.051, 33.379 ], [ 74.06, 33.39 ], [ 74.053, 33.402 ], [ 74.037, 33.403 ], [ 74.03, 33.415 ], [ 74.014, 33.416 ], [ 74.007, 33.428 ], [ 73.991, 33.429 ], [ 73.984, 33.44 ], [ 73.993, 33.451 ], [ 73.986, 33.463 ], [ 73.97, 33.464 ], [ 73.963, 33.476 ], [ 73.947, 33.477 ], [ 73.94, 33.489 ], [ 73.949, 33.5 ], [ 73.942, 33.512 ], [ 73.926, 33.513 ], [ 73.919, 33.525 ], [ 73.902, 33.526 ], [ 73.895, 33.538 ], [ 73.879, 33.539 ], [ 73.872, 33.551 ], [ 73.856, 33.552 ], [ 73.849, 33.564 ], [ 73.833, 33.565 ], [ 73.826, 33.577 ], [ 73.809, 33.578 ], [ 73.802, 33.59 ], [ 73.786, 33.591 ], [ 73.779, 33.603 ], [ 73.788, 33.614 ], [ 73.781, 33.625 ], [ 73.791, 33.636 ], [ 73.784, 33.648 ], [ 73.793, 33.659 ], [ 73.809, 33.658 ], [ 73.818, 33.669 ], [ 73.835, 33.668 ], [ 73.842, 33.656 ], [ 73.858, 33.656 ], [ 73.867, 33.667 ], [ 73.86, 33.678 ], [ 73.869, 33.689 ], [ 73.886, 33.688 ], [ 73.895, 33.699 ], [ 73.888, 33.711 ], [ 73.872, 33.712 ], [ 73.865, 33.724 ], [ 73.874, 33.735 ], [ 73.867, 33.747 ] ] ] ] } },
{ "type": "Feature", "properties": { "POLYGON.ID": 633.0, "subregion": "India--Jammu and Kashmir--Mirpur--high Pir Panjal", "FILTER": "Jammu and Kashmir", "POLYGON": "India--Jammu and Kashmir--Mirpur--high Pir Panjal", "STATE": "Jammu and Kashmir", "COUNTY": "Mirpur", "OWNER": null }, "geometry": { "type": "MultiPolygon", "coordinates": [ [ [ [ 74.119, 34.044 ], [ 74.102, 34.045 ], [ 74.093, 34.034 ], [ 74.076, 34.035 ], [ 74.067, 34.024 ], [ 74.051, 34.025 ], [ 74.041, 34.014 ], [ 74.025, 34.015 ], [ 74.016, 34.004 ], [ 73.999, 34.005 ], [ 73.992, 34.017 ], [ 73.976, 34.018 ], [ 73.969, 34.03 ], [ 73.953, 34.031 ], [ 73.943, 34.02 ], [ 73.927, 34.021 ], [ 73.92, 34.033 ], [ 73.929, 34.044 ], [ 73.922, 34.056 ], [ 73.906, 34.057 ], [ 73.899, 34.069 ], [ 73.882, 34.07 ], [ 73.875, 34.082 ], [ 73.859, 34.083 ], [ 73.852, 34.095 ], [ 73.836, 34.096 ], [ 73.828, 34.108 ], [ 73.812, 34.109 ], [ 73.805, 34.121 ], [ 73.789, 34.122 ], [ 73.779, 34.111 ], [ 73.763, 34.112 ], [ 73.754, 34.101 ], [ 73.761, 34.089 ], [ 73.751, 34.078 ], [ 73.735, 34.079 ], [ 73.726, 34.068 ], [ 73.733, 34.056 ], [ 73.749, 34.055 ], [ 73.756, 34.043 ], [ 73.773, 34.042 ], [ 73.78, 34.03 ], [ 73.796, 34.029 ], [ 73.803, 34.017 ], [ 73.819, 34.016 ], [ 73.826, 34.004 ], [ 73.843, 34.003 ], [ 73.85, 33.991 ], [ 73.841, 33.98 ], [ 73.848, 33.968 ], [ 73.864, 33.967 ], [ 73.871, 33.955 ], [ 73.887, 33.954 ], [ 73.894, 33.942 ], [ 73.911, 33.941 ], [ 73.918, 33.929 ], [ 73.934, 33.928 ], [ 73.943, 33.939 ], [ 73.96, 33.938 ], [ 73.967, 33.926 ], [ 73.983, 33.925 ], [ 73.992, 33.936 ], [ 74.009, 33.935 ], [ 74.016, 33.923 ], [ 74.032, 33.922 ], [ 74.039, 33.91 ], [ 74.055, 33.909 ], [ 74.062, 33.897 ], [ 74.079, 33.896 ], [ 74.088, 33.907 ], [ 74.104, 33.906 ], [ 74.114, 33.917 ], [ 74.13, 33.916 ], [ 74.137, 33.904 ], [ 74.128, 33.893 ], [ 74.135, 33.881 ], [ 74.125, 33.87 ], [ 74.132, 33.858 ], [ 74.149, 33.857 ], [ 74.158, 33.868 ], [ 74.174, 33.867 ], [ 74.181, 33.855 ], [ 74.198, 33.854 ], [ 74.207, 33.865 ], [ 74.223, 33.864 ], [ 74.233, 33.875 ], [ 74.226, 33.887 ], [ 74.235, 33.898 ], [ 74.251, 33.897 ], [ 74.261, 33.908 ], [ 74.254, 33.92 ], [ 74.263, 33.931 ], [ 74.279, 33.93 ], [ 74.289, 33.941 ], [ 74.282, 33.953 ], [ 74.291, 33.964 ], [ 74.284, 33.976 ], [ 74.294, 33.987 ], [ 74.287, 33.999 ], [ 74.27, 34.0 ], [ 74.263, 34.012 ], [ 74.247, 34.013 ], [ 74.24, 34.025 ], [ 74.224, 34.026 ], [ 74.217, 34.038 ], [ 74.2, 34.039 ], [ 74.191, 34.028 ], [ 74.175, 34.029 ], [ 74.168, 34.041 ], [ 74.151, 34.042 ], [ 74.142, 34.031 ], [ 74.126, 34.032 ], [ 74.119, 34.044 ] ] ] ] } },
{ "type": "Feature", "properties": { "POLYGON.ID": 632.0, "subregion": "India--Jammu and Kashmir--Mirpur--low Pir Panjal", "FILTER": "Jammu and Kashmir", "POLYGON": "India--Jammu and Kashmir--Mirpur--low Pir Panjal", "STATE": "Jammu and Kashmir", "COUNTY": "Mirpur", "OWNER": null }, "geometry": { "type": "MultiPolygon", "coordinates": [ [ [ [ 73.552, 33.8 ], [ 73.559, 33.788 ], [ 73.576, 33.788 ], [ 73.583, 33.776 ], [ 73.599, 33.775 ], [ 73.608, 33.786 ], [ 73.625, 33.785 ], [ 73.634, 33.796 ], [ 73.65, 33.795 ], [ 73.659, 33.806 ], [ 73.676, 33.805 ], [ 73.683, 33.793 ], [ 73.674, 33.782 ], [ 73.681, 33.77 ], [ 73.697, 33.769 ], [ 73.704, 33.757 ], [ 73.72, 33.756 ], [ 73.73, 33.767 ], [ 73.746, 33.766 ], [ 73.755, 33.777 ], [ 73.771, 33.776 ], [ 73.781, 33.787 ], [ 73.797, 33.786 ], [ 73.804, 33.774 ], [ 73.82, 33.773 ], [ 73.83, 33.784 ], [ 73.846, 33.783 ], [ 73.855, 33.794 ], [ 73.871, 33.793 ], [ 73.879, 33.781 ], [ 73.895, 33.78 ], [ 73.902, 33.768 ], [ 73.893, 33.757 ], [ 73.876, 33.758 ], [ 73.867, 33.747 ], [ 73.874, 33.735 ], [ 73.865, 33.724 ], [ 73.872, 33.712 ], [ 73.888, 33.711 ], [ 73.895, 33.699 ], [ 73.886, 33.688 ], [ 73.869, 33.689 ], [ 73.86, 33.678 ], [ 73.867, 33.667 ], [ 73.858, 33.656 ], [ 73.842, 33.656 ], [ 73.835, 33.668 ], [ 73.818, 33.669 ], [ 73.809, 33.658 ], [ 73.793, 33.659 ], [ 73.784, 33.648 ], [ 73.791, 33.636 ], [ 73.781, 33.625 ], [ 73.788, 33.614 ], [ 73.779, 33.603 ], [ 73.786, 33.591 ], [ 73.802, 33.59 ], [ 73.809, 33.578 ], [ 73.826, 33.577 ], [ 73.833, 33.565 ], [ 73.849, 33.564 ], [ 73.856, 33.552 ], [ 73.872, 33.551 ], [ 73.879, 33.539 ], [ 73.895, 33.538 ], [ 73.902, 33.526 ], [ 73.919, 33.525 ], [ 73.926, 33.513 ], [ 73.942, 33.512 ], [ 73.949, 33.5 ], [ 73.94, 33.489 ], [ 73.947, 33.477 ], [ 73.963, 33.476 ], [ 73.97, 33.464 ], [ 73.986, 33.463 ], [ 73.993, 33.451 ], [ 73.984, 33.44 ], [ 73.991, 33.429 ], [ 74.007, 33.428 ], [ 74.014, 33.416 ], [ 74.03, 33.415 ], [ 74.037, 33.403 ], [ 74.053, 33.402 ], [ 74.06, 33.39 ], [ 74.051, 33.379 ], [ 74.058, 33.367 ], [ 74.074, 33.366 ], [ 74.081, 33.354 ], [ 74.097, 33.353 ], [ 74.104, 33.341 ], [ 74.12, 33.34 ], [ 74.127, 33.328 ], [ 74.143, 33.327 ], [ 74.15, 33.315 ], [ 74.166, 33.314 ], [ 74.176, 33.325 ], [ 74.169, 33.337 ], [ 74.178, 33.348 ], [ 74.171, 33.36 ], [ 74.18, 33.371 ], [ 74.173, 33.383 ], [ 74.183, 33.394 ], [ 74.199, 33.393 ], [ 74.208, 33.404 ], [ 74.201, 33.416 ], [ 74.185, 33.417 ], [ 74.178, 33.428 ], [ 74.187, 33.439 ], [ 74.181, 33.451 ], [ 74.19, 33.462 ], [ 74.183, 33.474 ], [ 74.192, 33.485 ], [ 74.185, 33.497 ], [ 74.169, 33.498 ], [ 74.162, 33.51 ], [ 74.171, 33.521 ], [ 74.164, 33.533 ], [ 74.174, 33.544 ], [ 74.167, 33.556 ], [ 74.151, 33.557 ], [ 74.144, 33.569 ], [ 74.127, 33.57 ], [ 74.118, 33.559 ], [ 74.102, 33.56 ], [ 74.095, 33.572 ], [ 74.079, 33.573 ], [ 74.072, 33.585 ], [ 74.055, 33.586 ], [ 74.046, 33.575 ], [ 74.03, 33.576 ], [ 74.023, 33.588 ], [ 74.032, 33.599 ], [ 74.025, 33.611 ], [ 74.009, 33.612 ], [ 74.002, 33.624 ], [ 73.986, 33.625 ], [ 73.979, 33.637 ], [ 73.988, 33.648 ], [ 73.981, 33.66 ], [ 73.99, 33.671 ], [ 73.983, 33.683 ], [ 73.993, 33.694 ], [ 73.986, 33.705 ], [ 73.969, 33.706 ], [ 73.962, 33.718 ], [ 73.972, 33.729 ], [ 73.988, 33.728 ], [ 73.997, 33.739 ], [ 74.014, 33.738 ], [ 74.023, 33.749 ], [ 74.016, 33.761 ], [ 74.025, 33.772 ], [ 74.018, 33.784 ], [ 74.028, 33.795 ], [ 74.044, 33.794 ], [ 74.053, 33.805 ], [ 74.046, 33.817 ], [ 74.055, 33.828 ], [ 74.072, 33.827 ], [ 74.079, 33.815 ], [ 74.095, 33.814 ], [ 74.104, 33.825 ], [ 74.121, 33.824 ], [ 74.13, 33.835 ], [ 74.146, 33.834 ], [ 74.156, 33.845 ], [ 74.172, 33.844 ], [ 74.181, 33.855 ], [ 74.174, 33.867 ], [ 74.158, 33.868 ], [ 74.149, 33.857 ], [ 74.132, 33.858 ], [ 74.125, 33.87 ], [ 74.135, 33.881 ], [ 74.128, 33.893 ], [ 74.137, 33.904 ], [ 74.13, 33.916 ], [ 74.114, 33.917 ], [ 74.104, 33.906 ], [ 74.088, 33.907 ], [ 74.079, 33.896 ], [ 74.062, 33.897 ], [ 74.055, 33.909 ], [ 74.039, 33.91 ], [ 74.032, 33.922 ], [ 74.016, 33.923 ], [ 74.009, 33.935 ], [ 73.992, 33.936 ], [ 73.983, 33.925 ], [ 73.967, 33.926 ], [ 73.96, 33.938 ], [ 73.943, 33.939 ], [ 73.934, 33.928 ], [ 73.918, 33.929 ], [ 73.911, 33.941 ], [ 73.894, 33.942 ], [ 73.887, 33.954 ], [ 73.871, 33.955 ], [ 73.864, 33.967 ], [ 73.848, 33.968 ], [ 73.841, 33.98 ], [ 73.85, 33.991 ], [ 73.843, 34.003 ], [ 73.826, 34.004 ], [ 73.819, 34.016 ], [ 73.803, 34.017 ], [ 73.796, 34.029 ], [ 73.78, 34.03 ], [ 73.773, 34.042 ], [ 73.756, 34.043 ], [ 73.749, 34.055 ], [ 73.733, 34.056 ], [ 73.726, 34.068 ], [ 73.709, 34.069 ], [ 73.702, 34.081 ], [ 73.686, 34.082 ], [ 73.677, 34.071 ], [ 73.66, 34.072 ], [ 73.651, 34.06 ], [ 73.634, 34.061 ], [ 73.627, 34.073 ], [ 73.611, 34.074 ], [ 73.604, 34.086 ], [ 73.588, 34.087 ], [ 73.58, 34.099 ], [ 73.59, 34.11 ], [ 73.583, 34.122 ], [ 73.566, 34.123 ], [ 73.559, 34.135 ], [ 73.543, 34.136 ], [ 73.536, 34.148 ], [ 73.519, 34.149 ], [ 73.512, 34.161 ], [ 73.496, 34.162 ], [ 73.486, 34.151 ], [ 73.47, 34.152 ], [ 73.461, 34.141 ], [ 73.468, 34.129 ], [ 73.484, 34.128 ], [ 73.491, 34.116 ], [ 73.482, 34.105 ], [ 73.489, 34.093 ], [ 73.48, 34.082 ], [ 73.487, 34.07 ], [ 73.478, 34.059 ], [ 73.485, 34.047 ], [ 73.501, 34.046 ], [ 73.508, 34.034 ], [ 73.499, 34.023 ], [ 73.506, 34.011 ], [ 73.497, 34.0 ], [ 73.504, 33.988 ], [ 73.495, 33.977 ], [ 73.502, 33.965 ], [ 73.518, 33.964 ], [ 73.525, 33.952 ], [ 73.516, 33.941 ], [ 73.523, 33.929 ], [ 73.54, 33.928 ], [ 73.547, 33.916 ], [ 73.563, 33.915 ], [ 73.57, 33.903 ], [ 73.561, 33.892 ], [ 73.568, 33.88 ], [ 73.559, 33.869 ], [ 73.566, 33.857 ], [ 73.557, 33.846 ], [ 73.564, 33.834 ], [ 73.554, 33.823 ], [ 73.562, 33.811 ], [ 73.552, 33.8 ] ] ] ] } },
{ "type": "Feature", "properties": { "POLYGON.ID": 631.0, "subregion": "India--Jammu and Kashmir--Mirpur--Mangla Reservoir", "FILTER": "Jammu and Kashmir", "POLYGON": "India--Jammu and Kashmir--Mirpur--Mangla Reservoir", "STATE": "Jammu and Kashmir", "COUNTY": "Mirpur", "OWNER": null }, "geometry": { "type": "MultiPolygon", "coordinates": [ [ [ [ 73.66, 33.379 ], [ 73.644, 33.38 ], [ 73.634, 33.369 ], [ 73.618, 33.37 ], [ 73.611, 33.382 ], [ 73.595, 33.383 ], [ 73.586, 33.372 ], [ 73.57, 33.373 ], [ 73.56, 33.362 ], [ 73.544, 33.363 ], [ 73.535, 33.352 ], [ 73.542, 33.34 ], [ 73.558, 33.339 ], [ 73.565, 33.327 ], [ 73.556, 33.316 ], [ 73.563, 33.304 ], [ 73.579, 33.303 ], [ 73.586, 33.291 ], [ 73.577, 33.281 ], [ 73.584, 33.269 ], [ 73.575, 33.258 ], [ 73.582, 33.246 ], [ 73.598, 33.245 ], [ 73.605, 33.233 ], [ 73.596, 33.222 ], [ 73.603, 33.21 ], [ 73.619, 33.209 ], [ 73.626, 33.197 ], [ 73.642, 33.196 ], [ 73.649, 33.184 ], [ 73.64, 33.173 ], [ 73.624, 33.174 ], [ 73.615, 33.163 ], [ 73.622, 33.152 ], [ 73.613, 33.141 ], [ 73.62, 33.129 ], [ 73.611, 33.118 ], [ 73.618, 33.106 ], [ 73.609, 33.095 ], [ 73.615, 33.083 ], [ 73.632, 33.082 ], [ 73.639, 33.07 ], [ 73.655, 33.069 ], [ 73.664, 33.08 ], [ 73.68, 33.079 ], [ 73.689, 33.09 ], [ 73.705, 33.089 ], [ 73.714, 33.1 ], [ 73.731, 33.099 ], [ 73.74, 33.11 ], [ 73.756, 33.109 ], [ 73.765, 33.12 ], [ 73.781, 33.119 ], [ 73.788, 33.107 ], [ 73.804, 33.106 ], [ 73.811, 33.094 ], [ 73.827, 33.093 ], [ 73.837, 33.104 ], [ 73.853, 33.103 ], [ 73.86, 33.092 ], [ 73.876, 33.091 ], [ 73.885, 33.101 ], [ 73.878, 33.113 ], [ 73.887, 33.124 ], [ 73.903, 33.123 ], [ 73.913, 33.134 ], [ 73.906, 33.146 ], [ 73.889, 33.147 ], [ 73.883, 33.159 ], [ 73.892, 33.17 ], [ 73.885, 33.182 ], [ 73.869, 33.183 ], [ 73.862, 33.195 ], [ 73.871, 33.206 ], [ 73.864, 33.218 ], [ 73.873, 33.229 ], [ 73.866, 33.241 ], [ 73.85, 33.241 ], [ 73.843, 33.253 ], [ 73.827, 33.254 ], [ 73.82, 33.266 ], [ 73.804, 33.267 ], [ 73.797, 33.279 ], [ 73.806, 33.29 ], [ 73.799, 33.302 ], [ 73.808, 33.313 ], [ 73.801, 33.325 ], [ 73.81, 33.336 ], [ 73.803, 33.348 ], [ 73.813, 33.359 ], [ 73.806, 33.371 ], [ 73.789, 33.372 ], [ 73.782, 33.384 ], [ 73.766, 33.384 ], [ 73.759, 33.396 ], [ 73.743, 33.397 ], [ 73.734, 33.386 ], [ 73.718, 33.387 ], [ 73.708, 33.376 ], [ 73.692, 33.377 ], [ 73.683, 33.366 ], [ 73.667, 33.367 ], [ 73.66, 33.379 ] ] ] ] } },
{ "type": "Feature", "properties": { "POLYGON.ID": 630.0, "subregion": "India--Jammu and Kashmir--Poonch--low Pir Panjal", "FILTER": "Jammu and Kashmir", "POLYGON": "India--Jammu and Kashmir--Poonch--low Pir Panjal", "STATE": "Jammu and Kashmir", "COUNTY": "Poonch", "OWNER": null }, "geometry": { "type": "MultiPolygon", "coordinates": [ [ [ [ 74.028, 33.795 ], [ 74.018, 33.784 ], [ 74.025, 33.772 ], [ 74.016, 33.761 ], [ 74.023, 33.749 ], [ 74.014, 33.738 ], [ 73.997, 33.739 ], [ 73.988, 33.728 ], [ 73.972, 33.729 ], [ 73.962, 33.718 ], [ 73.969, 33.706 ], [ 73.986, 33.705 ], [ 73.993, 33.694 ], [ 73.983, 33.683 ], [ 73.99, 33.671 ], [ 73.981, 33.66 ], [ 73.988, 33.648 ], [ 73.979, 33.637 ], [ 73.986, 33.625 ], [ 74.002, 33.624 ], [ 74.009, 33.612 ], [ 74.025, 33.611 ], [ 74.032, 33.599 ], [ 74.023, 33.588 ], [ 74.03, 33.576 ], [ 74.046, 33.575 ], [ 74.055, 33.586 ], [ 74.072, 33.585 ], [ 74.079, 33.573 ], [ 74.095, 33.572 ], [ 74.102, 33.56 ], [ 74.118, 33.559 ], [ 74.127, 33.57 ], [ 74.144, 33.569 ], [ 74.151, 33.557 ], [ 74.167, 33.556 ], [ 74.174, 33.544 ], [ 74.164, 33.533 ], [ 74.171, 33.521 ], [ 74.162, 33.51 ], [ 74.169, 33.498 ], [ 74.185, 33.497 ], [ 74.192, 33.485 ], [ 74.183, 33.474 ], [ 74.19, 33.462 ], [ 74.181, 33.451 ], [ 74.187, 33.439 ], [ 74.178, 33.428 ], [ 74.185, 33.417 ], [ 74.201, 33.416 ], [ 74.208, 33.404 ], [ 74.199, 33.393 ], [ 74.183, 33.394 ], [ 74.173, 33.383 ], [ 74.18, 33.371 ], [ 74.171, 33.36 ], [ 74.178, 33.348 ], [ 74.194, 33.347 ], [ 74.204, 33.358 ], [ 74.197, 33.37 ], [ 74.206, 33.381 ], [ 74.222, 33.38 ], [ 74.231, 33.391 ], [ 74.224, 33.403 ], [ 74.234, 33.413 ], [ 74.25, 33.412 ], [ 74.259, 33.423 ], [ 74.252, 33.435 ], [ 74.262, 33.446 ], [ 74.255, 33.458 ], [ 74.264, 33.469 ], [ 74.257, 33.481 ], [ 74.241, 33.482 ], [ 74.234, 33.494 ], [ 74.243, 33.505 ], [ 74.259, 33.504 ], [ 74.269, 33.515 ], [ 74.285, 33.514 ], [ 74.292, 33.502 ], [ 74.308, 33.501 ], [ 74.317, 33.512 ], [ 74.334, 33.511 ], [ 74.343, 33.522 ], [ 74.359, 33.521 ], [ 74.369, 33.532 ], [ 74.362, 33.544 ], [ 74.371, 33.555 ], [ 74.364, 33.566 ], [ 74.373, 33.577 ], [ 74.366, 33.589 ], [ 74.35, 33.59 ], [ 74.343, 33.602 ], [ 74.353, 33.613 ], [ 74.346, 33.625 ], [ 74.355, 33.636 ], [ 74.348, 33.648 ], [ 74.332, 33.649 ], [ 74.325, 33.661 ], [ 74.309, 33.662 ], [ 74.302, 33.674 ], [ 74.311, 33.685 ], [ 74.304, 33.697 ], [ 74.314, 33.708 ], [ 74.307, 33.72 ], [ 74.29, 33.721 ], [ 74.283, 33.733 ], [ 74.293, 33.744 ], [ 74.286, 33.756 ], [ 74.27, 33.757 ], [ 74.263, 33.769 ], [ 74.272, 33.78 ], [ 74.265, 33.792 ], [ 74.249, 33.793 ], [ 74.242, 33.805 ], [ 74.251, 33.816 ], [ 74.244, 33.828 ], [ 74.228, 33.829 ], [ 74.221, 33.841 ], [ 74.205, 33.842 ], [ 74.198, 33.854 ], [ 74.181, 33.855 ], [ 74.172, 33.844 ], [ 74.156, 33.845 ], [ 74.146, 33.834 ], [ 74.13, 33.835 ], [ 74.121, 33.824 ], [ 74.104, 33.825 ], [ 74.095, 33.814 ], [ 74.079, 33.815 ], [ 74.072, 33.827 ], [ 74.055, 33.828 ], [ 74.046, 33.817 ], [ 74.053, 33.805 ], [ 74.044, 33.794 ], [ 74.028, 33.795 ] ] ] ] } },
{ "type": "Feature", "properties": { "POLYGON.ID": 629.0, "subregion": "India--Jammu and Kashmir--Poonch--high Pir Panjal", "FILTER": "Jammu and Kashmir", "POLYGON": "India--Jammu and Kashmir--Poonch--high Pir Panjal", "STATE": "Jammu and Kashmir", "COUNTY": "Poonch", "OWNER": null }, "geometry": { "type": "MultiPolygon", "coordinates": [ [ [ [ 74.577, 33.495 ], [ 74.561, 33.496 ], [ 74.554, 33.508 ], [ 74.563, 33.519 ], [ 74.556, 33.531 ], [ 74.54, 33.532 ], [ 74.533, 33.544 ], [ 74.543, 33.555 ], [ 74.536, 33.567 ], [ 74.519, 33.568 ], [ 74.513, 33.58 ], [ 74.522, 33.591 ], [ 74.515, 33.603 ], [ 74.524, 33.614 ], [ 74.518, 33.626 ], [ 74.527, 33.637 ], [ 74.52, 33.649 ], [ 74.529, 33.66 ], [ 74.546, 33.658 ], [ 74.555, 33.669 ], [ 74.548, 33.681 ], [ 74.532, 33.682 ], [ 74.525, 33.694 ], [ 74.509, 33.696 ], [ 74.502, 33.708 ], [ 74.511, 33.718 ], [ 74.504, 33.73 ], [ 74.488, 33.732 ], [ 74.481, 33.743 ], [ 74.465, 33.745 ], [ 74.458, 33.757 ], [ 74.467, 33.767 ], [ 74.46, 33.779 ], [ 74.47, 33.79 ], [ 74.463, 33.802 ], [ 74.447, 33.803 ], [ 74.44, 33.815 ], [ 74.423, 33.817 ], [ 74.417, 33.829 ], [ 74.426, 33.839 ], [ 74.419, 33.851 ], [ 74.428, 33.862 ], [ 74.421, 33.874 ], [ 74.405, 33.875 ], [ 74.398, 33.887 ], [ 74.408, 33.898 ], [ 74.401, 33.91 ], [ 74.41, 33.921 ], [ 74.403, 33.933 ], [ 74.387, 33.934 ], [ 74.38, 33.946 ], [ 74.364, 33.947 ], [ 74.357, 33.96 ], [ 74.34, 33.961 ], [ 74.333, 33.973 ], [ 74.317, 33.974 ], [ 74.31, 33.986 ], [ 74.294, 33.987 ], [ 74.284, 33.976 ], [ 74.291, 33.964 ], [ 74.282, 33.953 ], [ 74.289, 33.941 ], [ 74.279, 33.93 ], [ 74.263, 33.931 ], [ 74.254, 33.92 ], [ 74.261, 33.908 ], [ 74.251, 33.897 ], [ 74.235, 33.898 ], [ 74.226, 33.887 ], [ 74.233, 33.875 ], [ 74.223, 33.864 ], [ 74.207, 33.865 ], [ 74.198, 33.854 ], [ 74.205, 33.842 ], [ 74.221, 33.841 ], [ 74.228, 33.829 ], [ 74.244, 33.828 ], [ 74.251, 33.816 ], [ 74.242, 33.805 ], [ 74.249, 33.793 ], [ 74.265, 33.792 ], [ 74.272, 33.78 ], [ 74.263, 33.769 ], [ 74.27, 33.757 ], [ 74.286, 33.756 ], [ 74.293, 33.744 ], [ 74.283, 33.733 ], [ 74.29, 33.721 ], [ 74.307, 33.72 ], [ 74.314, 33.708 ], [ 74.304, 33.697 ], [ 74.311, 33.685 ], [ 74.302, 33.674 ], [ 74.309, 33.662 ], [ 74.325, 33.661 ], [ 74.332, 33.649 ], [ 74.348, 33.648 ], [ 74.355, 33.636 ], [ 74.346, 33.625 ], [ 74.353, 33.613 ], [ 74.343, 33.602 ], [ 74.35, 33.59 ], [ 74.366, 33.589 ], [ 74.373, 33.577 ], [ 74.364, 33.566 ], [ 74.371, 33.555 ], [ 74.362, 33.544 ], [ 74.369, 33.532 ], [ 74.385, 33.531 ], [ 74.394, 33.541 ], [ 74.41, 33.54 ], [ 74.417, 33.528 ], [ 74.433, 33.527 ], [ 74.44, 33.515 ], [ 74.457, 33.514 ], [ 74.463, 33.502 ], [ 74.48, 33.501 ], [ 74.486, 33.489 ], [ 74.503, 33.488 ], [ 74.51, 33.476 ], [ 74.526, 33.475 ], [ 74.533, 33.463 ], [ 74.523, 33.452 ], [ 74.53, 33.44 ], [ 74.546, 33.439 ], [ 74.556, 33.45 ], [ 74.572, 33.449 ], [ 74.581, 33.46 ], [ 74.574, 33.472 ], [ 74.584, 33.483 ], [ 74.577, 33.495 ] ] ] ] } },
{ "type": "Feature", "properties": { "POLYGON.ID": 628.0, "subregion": "India--Jammu and Kashmir--Rajouri--low Pir Panjal near Poonch", "FILTER": "Jammu and Kashmir", "POLYGON": "India--Jammu and Kashmir--Rajouri--low Pir Panjal near Poonch", "STATE": "Jammu and Kashmir", "COUNTY": "Poonch", "OWNER": null }, "geometry": { "type": "MultiPolygon", "coordinates": [ [ [ [ 74.243, 33.344 ], [ 74.25, 33.332 ], [ 74.266, 33.331 ], [ 74.275, 33.342 ], [ 74.268, 33.354 ], [ 74.278, 33.365 ], [ 74.271, 33.377 ], [ 74.28, 33.388 ], [ 74.273, 33.399 ], [ 74.282, 33.41 ], [ 74.275, 33.422 ], [ 74.285, 33.433 ], [ 74.278, 33.445 ], [ 74.287, 33.456 ], [ 74.28, 33.468 ], [ 74.29, 33.479 ], [ 74.283, 33.491 ], [ 74.292, 33.502 ], [ 74.285, 33.514 ], [ 74.269, 33.515 ], [ 74.259, 33.504 ], [ 74.243, 33.505 ], [ 74.234, 33.494 ], [ 74.241, 33.482 ], [ 74.257, 33.481 ], [ 74.264, 33.469 ], [ 74.255, 33.458 ], [ 74.262, 33.446 ], [ 74.252, 33.435 ], [ 74.259, 33.423 ], [ 74.25, 33.412 ], [ 74.234, 33.413 ], [ 74.224, 33.403 ], [ 74.231, 33.391 ], [ 74.222, 33.38 ], [ 74.206, 33.381 ], [ 74.197, 33.37 ], [ 74.204, 33.358 ], [ 74.194, 33.347 ], [ 74.178, 33.348 ], [ 74.169, 33.337 ], [ 74.176, 33.325 ], [ 74.192, 33.324 ], [ 74.201, 33.335 ], [ 74.217, 33.334 ], [ 74.227, 33.345 ], [ 74.243, 33.344 ] ] ] ] } },
{ "type": "Feature", "properties": { "POLYGON.ID": 627.0, "subregion": "India--Jammu and Kashmir--Rajouri--low Pir Panjal near Reasi", "FILTER": "Jammu and Kashmir", "POLYGON": "India--Jammu and Kashmir--Rajouri--low Pir Panjal near Reasi", "STATE": "Jammu and Kashmir", "COUNTY": "Reasi", "OWNER": null }, "geometry": { "type": "MultiPolygon", "coordinates": [ [ [ [ 74.681, 33.258 ], [ 74.674, 33.27 ], [ 74.658, 33.271 ], [ 74.651, 33.283 ], [ 74.661, 33.294 ], [ 74.654, 33.306 ], [ 74.663, 33.317 ], [ 74.679, 33.316 ], [ 74.689, 33.326 ], [ 74.682, 33.338 ], [ 74.691, 33.349 ], [ 74.684, 33.361 ], [ 74.668, 33.362 ], [ 74.659, 33.351 ], [ 74.643, 33.352 ], [ 74.636, 33.364 ], [ 74.62, 33.366 ], [ 74.61, 33.355 ], [ 74.594, 33.356 ], [ 74.587, 33.368 ], [ 74.571, 33.369 ], [ 74.562, 33.358 ], [ 74.546, 33.359 ], [ 74.539, 33.371 ], [ 74.523, 33.372 ], [ 74.513, 33.361 ], [ 74.497, 33.362 ], [ 74.49, 33.374 ], [ 74.5, 33.385 ], [ 74.493, 33.397 ], [ 74.477, 33.398 ], [ 74.47, 33.41 ], [ 74.454, 33.411 ], [ 74.447, 33.423 ], [ 74.431, 33.424 ], [ 74.424, 33.436 ], [ 74.407, 33.437 ], [ 74.401, 33.449 ], [ 74.384, 33.45 ], [ 74.375, 33.439 ], [ 74.382, 33.427 ], [ 74.373, 33.416 ], [ 74.379, 33.404 ], [ 74.37, 33.393 ], [ 74.377, 33.381 ], [ 74.393, 33.38 ], [ 74.4, 33.368 ], [ 74.391, 33.357 ], [ 74.398, 33.345 ], [ 74.388, 33.335 ], [ 74.395, 33.323 ], [ 74.386, 33.312 ], [ 74.393, 33.3 ], [ 74.384, 33.289 ], [ 74.39, 33.277 ], [ 74.381, 33.266 ], [ 74.388, 33.254 ], [ 74.404, 33.253 ], [ 74.411, 33.241 ], [ 74.402, 33.23 ], [ 74.409, 33.218 ], [ 74.425, 33.217 ], [ 74.432, 33.205 ], [ 74.448, 33.204 ], [ 74.457, 33.215 ], [ 74.473, 33.214 ], [ 74.482, 33.225 ], [ 74.499, 33.224 ], [ 74.505, 33.212 ], [ 74.522, 33.211 ], [ 74.528, 33.199 ], [ 74.545, 33.198 ], [ 74.554, 33.209 ], [ 74.57, 33.208 ], [ 74.577, 33.196 ], [ 74.593, 33.195 ], [ 74.6, 33.183 ], [ 74.59, 33.172 ], [ 74.597, 33.16 ], [ 74.613, 33.159 ], [ 74.623, 33.17 ], [ 74.639, 33.169 ], [ 74.646, 33.157 ], [ 74.662, 33.156 ], [ 74.671, 33.167 ], [ 74.687, 33.165 ], [ 74.697, 33.176 ], [ 74.69, 33.188 ], [ 74.699, 33.199 ], [ 74.692, 33.211 ], [ 74.676, 33.212 ], [ 74.669, 33.224 ], [ 74.679, 33.235 ], [ 74.672, 33.247 ], [ 74.681, 33.258 ] ] ] ] } },
{ "type": "Feature", "properties": { "POLYGON.ID": 626.0, "subregion": "India--Jammu and Kashmir--Rajouri--Around Rajouri", "FILTER": "Jammu and Kashmir", "POLYGON": "India--Jammu and Kashmir--Rajouri--Around Rajouri", "STATE": "Jammu and Kashmir", "COUNTY": "Rajouri", "OWNER": null }, "geometry": { "type": "MultiPolygon", "coordinates": [ [ [ [ 74.293, 33.283 ], [ 74.31, 33.282 ], [ 74.319, 33.293 ], [ 74.335, 33.292 ], [ 74.342, 33.28 ], [ 74.333, 33.269 ], [ 74.34, 33.257 ], [ 74.33, 33.246 ], [ 74.337, 33.234 ], [ 74.328, 33.223 ], [ 74.335, 33.211 ], [ 74.351, 33.21 ], [ 74.358, 33.199 ], [ 74.374, 33.197 ], [ 74.383, 33.208 ], [ 74.399, 33.207 ], [ 74.409, 33.218 ], [ 74.402, 33.23 ], [ 74.411, 33.241 ], [ 74.404, 33.253 ], [ 74.388, 33.254 ], [ 74.381, 33.266 ], [ 74.39, 33.277 ], [ 74.384, 33.289 ], [ 74.393, 33.3 ], [ 74.386, 33.312 ], [ 74.395, 33.323 ], [ 74.388, 33.335 ], [ 74.398, 33.345 ], [ 74.391, 33.357 ], [ 74.4, 33.368 ], [ 74.393, 33.38 ], [ 74.377, 33.381 ], [ 74.37, 33.393 ], [ 74.379, 33.404 ], [ 74.373, 33.416 ], [ 74.382, 33.427 ], [ 74.375, 33.439 ], [ 74.384, 33.45 ], [ 74.401, 33.449 ], [ 74.41, 33.46 ], [ 74.403, 33.472 ], [ 74.387, 33.473 ], [ 74.38, 33.485 ], [ 74.364, 33.486 ], [ 74.357, 33.498 ], [ 74.366, 33.509 ], [ 74.359, 33.521 ], [ 74.343, 33.522 ], [ 74.334, 33.511 ], [ 74.317, 33.512 ], [ 74.308, 33.501 ], [ 74.292, 33.502 ], [ 74.283, 33.491 ], [ 74.29, 33.479 ], [ 74.28, 33.468 ], [ 74.287, 33.456 ], [ 74.278, 33.445 ], [ 74.285, 33.433 ], [ 74.275, 33.422 ], [ 74.282, 33.41 ], [ 74.273, 33.399 ], [ 74.28, 33.388 ], [ 74.271, 33.377 ], [ 74.278, 33.365 ], [ 74.268, 33.354 ], [ 74.275, 33.342 ], [ 74.266, 33.331 ], [ 74.25, 33.332 ], [ 74.243, 33.344 ], [ 74.227, 33.345 ], [ 74.217, 33.334 ], [ 74.201, 33.335 ], [ 74.192, 33.324 ], [ 74.199, 33.312 ], [ 74.215, 33.311 ], [ 74.222, 33.299 ], [ 74.238, 33.298 ], [ 74.245, 33.286 ], [ 74.261, 33.285 ], [ 74.27, 33.296 ], [ 74.287, 33.295 ], [ 74.293, 33.283 ] ] ] ] } },
{ "type": "Feature", "properties": { "POLYGON.ID": 625.0, "subregion": "India--Jammu and Kashmir--Rajouri--high Pir Panjal", "FILTER": "Jammu and Kashmir", "POLYGON": "India--Jammu and Kashmir--Rajouri--high Pir Panjal", "STATE": "Jammu and Kashmir", "COUNTY": "Rajouri", "OWNER": null }, "geometry": { "type": "MultiPolygon", "coordinates": [ [ [ [ 74.357, 33.498 ], [ 74.364, 33.486 ], [ 74.38, 33.485 ], [ 74.387, 33.473 ], [ 74.403, 33.472 ], [ 74.41, 33.46 ], [ 74.401, 33.449 ], [ 74.407, 33.437 ], [ 74.424, 33.436 ], [ 74.431, 33.424 ], [ 74.447, 33.423 ], [ 74.454, 33.411 ], [ 74.47, 33.41 ], [ 74.477, 33.398 ], [ 74.493, 33.397 ], [ 74.5, 33.385 ], [ 74.49, 33.374 ], [ 74.497, 33.362 ], [ 74.513, 33.361 ], [ 74.523, 33.372 ], [ 74.539, 33.371 ], [ 74.546, 33.359 ], [ 74.562, 33.358 ], [ 74.571, 33.369 ], [ 74.587, 33.368 ], [ 74.594, 33.356 ], [ 74.61, 33.355 ], [ 74.62, 33.366 ], [ 74.636, 33.364 ], [ 74.643, 33.352 ], [ 74.659, 33.351 ], [ 74.668, 33.362 ], [ 74.684, 33.361 ], [ 74.694, 33.372 ], [ 74.687, 33.384 ], [ 74.671, 33.385 ], [ 74.664, 33.397 ], [ 74.648, 33.398 ], [ 74.641, 33.41 ], [ 74.65, 33.421 ], [ 74.643, 33.433 ], [ 74.653, 33.444 ], [ 74.646, 33.456 ], [ 74.63, 33.457 ], [ 74.623, 33.469 ], [ 74.607, 33.47 ], [ 74.597, 33.459 ], [ 74.581, 33.46 ], [ 74.572, 33.449 ], [ 74.556, 33.45 ], [ 74.546, 33.439 ], [ 74.53, 33.44 ], [ 74.523, 33.452 ], [ 74.533, 33.463 ], [ 74.526, 33.475 ], [ 74.51, 33.476 ], [ 74.503, 33.488 ], [ 74.486, 33.489 ], [ 74.48, 33.501 ], [ 74.463, 33.502 ], [ 74.457, 33.514 ], [ 74.44, 33.515 ], [ 74.433, 33.527 ], [ 74.417, 33.528 ], [ 74.41, 33.54 ], [ 74.394, 33.541 ], [ 74.385, 33.531 ], [ 74.369, 33.532 ], [ 74.359, 33.521 ], [ 74.366, 33.509 ], [ 74.357, 33.498 ] ] ] ] } },
{ "type": "Feature", "properties": { "POLYGON.ID": 624.0, "subregion": "India--Jammu and Kashmir--Reasi--Floodplains around Reasi", "FILTER": "Jammu and Kashmir", "POLYGON": "India--Jammu and Kashmir--Reasi--Floodplains around Reasi", "STATE": "Jammu and Kashmir", "COUNTY": "Reasi", "OWNER": null }, "geometry": { "type": "MultiPolygon", "coordinates": [ [ [ [ 74.792, 33.227 ], [ 74.775, 33.229 ], [ 74.766, 33.218 ], [ 74.75, 33.219 ], [ 74.741, 33.208 ], [ 74.724, 33.209 ], [ 74.718, 33.221 ], [ 74.702, 33.222 ], [ 74.692, 33.211 ], [ 74.699, 33.199 ], [ 74.69, 33.188 ], [ 74.697, 33.176 ], [ 74.713, 33.175 ], [ 74.719, 33.163 ], [ 74.736, 33.162 ], [ 74.745, 33.173 ], [ 74.761, 33.172 ], [ 74.768, 33.16 ], [ 74.784, 33.159 ], [ 74.791, 33.147 ], [ 74.781, 33.136 ], [ 74.788, 33.124 ], [ 74.779, 33.113 ], [ 74.786, 33.101 ], [ 74.802, 33.1 ], [ 74.808, 33.088 ], [ 74.799, 33.078 ], [ 74.783, 33.079 ], [ 74.774, 33.068 ], [ 74.78, 33.056 ], [ 74.771, 33.045 ], [ 74.778, 33.033 ], [ 74.769, 33.022 ], [ 74.775, 33.01 ], [ 74.791, 33.009 ], [ 74.798, 32.997 ], [ 74.814, 32.996 ], [ 74.821, 32.984 ], [ 74.837, 32.983 ], [ 74.846, 32.994 ], [ 74.862, 32.993 ], [ 74.872, 33.004 ], [ 74.865, 33.016 ], [ 74.874, 33.026 ], [ 74.868, 33.038 ], [ 74.877, 33.049 ], [ 74.87, 33.061 ], [ 74.88, 33.072 ], [ 74.896, 33.071 ], [ 74.905, 33.082 ], [ 74.921, 33.081 ], [ 74.93, 33.092 ], [ 74.947, 33.09 ], [ 74.953, 33.079 ], [ 74.969, 33.077 ], [ 74.979, 33.088 ], [ 74.995, 33.087 ], [ 75.002, 33.075 ], [ 75.018, 33.074 ], [ 75.027, 33.085 ], [ 75.02, 33.097 ], [ 75.03, 33.108 ], [ 75.023, 33.12 ], [ 75.032, 33.13 ], [ 75.048, 33.129 ], [ 75.058, 33.14 ], [ 75.074, 33.139 ], [ 75.083, 33.15 ], [ 75.077, 33.162 ], [ 75.086, 33.173 ], [ 75.079, 33.185 ], [ 75.063, 33.186 ], [ 75.054, 33.175 ], [ 75.038, 33.176 ], [ 75.031, 33.188 ], [ 75.015, 33.189 ], [ 75.008, 33.201 ], [ 74.992, 33.202 ], [ 74.982, 33.191 ], [ 74.966, 33.193 ], [ 74.96, 33.204 ], [ 74.944, 33.206 ], [ 74.937, 33.218 ], [ 74.921, 33.219 ], [ 74.914, 33.231 ], [ 74.898, 33.232 ], [ 74.891, 33.244 ], [ 74.875, 33.245 ], [ 74.868, 33.257 ], [ 74.877, 33.268 ], [ 74.871, 33.28 ], [ 74.855, 33.281 ], [ 74.845, 33.27 ], [ 74.829, 33.271 ], [ 74.82, 33.26 ], [ 74.826, 33.248 ], [ 74.817, 33.237 ], [ 74.801, 33.238 ], [ 74.792, 33.227 ] ] ] ] } },
{ "type": "Feature", "properties": { "POLYGON.ID": 623.0, "subregion": "India--Jammu and Kashmir--Reasi--low Pir Panjal near Reasi", "FILTER": "Jammu and Kashmir", "POLYGON": "India--Jammu and Kashmir--Reasi--low Pir Panjal near Reasi", "STATE": "Jammu and Kashmir", "COUNTY": "Reasi", "OWNER": null }, "geometry": { "type": "MultiPolygon", "coordinates": [ [ [ [ 74.936, 32.999 ], [ 74.943, 32.987 ], [ 74.959, 32.986 ], [ 74.968, 32.997 ], [ 74.984, 32.996 ], [ 74.994, 33.007 ], [ 75.01, 33.006 ], [ 75.019, 33.017 ], [ 75.012, 33.028 ], [ 75.022, 33.039 ], [ 75.038, 33.038 ], [ 75.047, 33.049 ], [ 75.04, 33.061 ], [ 75.024, 33.062 ], [ 75.018, 33.074 ], [ 75.002, 33.075 ], [ 74.995, 33.087 ], [ 74.979, 33.088 ], [ 74.969, 33.077 ], [ 74.953, 33.079 ], [ 74.947, 33.09 ], [ 74.93, 33.092 ], [ 74.921, 33.081 ], [ 74.905, 33.082 ], [ 74.896, 33.071 ], [ 74.88, 33.072 ], [ 74.87, 33.061 ], [ 74.877, 33.049 ], [ 74.893, 33.048 ], [ 74.9, 33.036 ], [ 74.89, 33.025 ], [ 74.897, 33.013 ], [ 74.913, 33.012 ], [ 74.92, 33.0 ], [ 74.936, 32.999 ] ] ], [ [ [ 74.597, 33.16 ], [ 74.588, 33.149 ], [ 74.595, 33.137 ], [ 74.611, 33.136 ], [ 74.618, 33.124 ], [ 74.634, 33.123 ], [ 74.641, 33.111 ], [ 74.657, 33.11 ], [ 74.666, 33.121 ], [ 74.682, 33.12 ], [ 74.689, 33.108 ], [ 74.705, 33.107 ], [ 74.712, 33.095 ], [ 74.728, 33.094 ], [ 74.737, 33.105 ], [ 74.753, 33.104 ], [ 74.76, 33.092 ], [ 74.776, 33.091 ], [ 74.783, 33.079 ], [ 74.799, 33.078 ], [ 74.808, 33.088 ], [ 74.802, 33.1 ], [ 74.786, 33.101 ], [ 74.779, 33.113 ], [ 74.788, 33.124 ], [ 74.781, 33.136 ], [ 74.791, 33.147 ], [ 74.784, 33.159 ], [ 74.768, 33.16 ], [ 74.761, 33.172 ], [ 74.745, 33.173 ], [ 74.736, 33.162 ], [ 74.719, 33.163 ], [ 74.713, 33.175 ], [ 74.697, 33.176 ], [ 74.687, 33.165 ], [ 74.671, 33.167 ], [ 74.662, 33.156 ], [ 74.646, 33.157 ], [ 74.639, 33.169 ], [ 74.623, 33.17 ], [ 74.613, 33.159 ], [ 74.597, 33.16 ] ] ] ] } },
{ "type": "Feature", "properties": { "POLYGON.ID": 622.0, "subregion": "India--Jammu and Kashmir--Reasi--high Pir Panjal", "FILTER": "Jammu and Kashmir", "POLYGON": "India--Jammu and Kashmir--Reasi--high Pir Panjal", "STATE": "Jammu and Kashmir", "COUNTY": "Reasi", "OWNER": null }, "geometry": { "type": "MultiPolygon", "coordinates": [ [ [ [ 75.021, 33.453 ], [ 75.014, 33.465 ], [ 74.998, 33.467 ], [ 74.989, 33.456 ], [ 74.972, 33.457 ], [ 74.966, 33.469 ], [ 74.949, 33.47 ], [ 74.94, 33.459 ], [ 74.924, 33.46 ], [ 74.914, 33.449 ], [ 74.898, 33.45 ], [ 74.891, 33.462 ], [ 74.875, 33.464 ], [ 74.866, 33.453 ], [ 74.85, 33.454 ], [ 74.84, 33.443 ], [ 74.824, 33.444 ], [ 74.815, 33.433 ], [ 74.799, 33.434 ], [ 74.792, 33.446 ], [ 74.776, 33.447 ], [ 74.769, 33.459 ], [ 74.753, 33.46 ], [ 74.746, 33.472 ], [ 74.73, 33.473 ], [ 74.723, 33.485 ], [ 74.707, 33.486 ], [ 74.697, 33.476 ], [ 74.681, 33.477 ], [ 74.672, 33.466 ], [ 74.655, 33.467 ], [ 74.646, 33.456 ], [ 74.653, 33.444 ], [ 74.643, 33.433 ], [ 74.65, 33.421 ], [ 74.641, 33.41 ], [ 74.648, 33.398 ], [ 74.664, 33.397 ], [ 74.671, 33.385 ], [ 74.687, 33.384 ], [ 74.694, 33.372 ], [ 74.684, 33.361 ], [ 74.691, 33.349 ], [ 74.707, 33.348 ], [ 74.717, 33.359 ], [ 74.733, 33.358 ], [ 74.74, 33.346 ], [ 74.756, 33.345 ], [ 74.765, 33.356 ], [ 74.781, 33.355 ], [ 74.791, 33.366 ], [ 74.784, 33.378 ], [ 74.793, 33.388 ], [ 74.81, 33.387 ], [ 74.819, 33.398 ], [ 74.835, 33.397 ], [ 74.842, 33.385 ], [ 74.858, 33.384 ], [ 74.867, 33.395 ], [ 74.884, 33.394 ], [ 74.89, 33.382 ], [ 74.907, 33.381 ], [ 74.916, 33.392 ], [ 74.932, 33.39 ], [ 74.939, 33.379 ], [ 74.955, 33.377 ], [ 74.962, 33.365 ], [ 74.952, 33.355 ], [ 74.959, 33.343 ], [ 74.95, 33.332 ], [ 74.957, 33.32 ], [ 74.973, 33.319 ], [ 74.98, 33.307 ], [ 74.996, 33.306 ], [ 75.002, 33.294 ], [ 75.019, 33.292 ], [ 75.025, 33.28 ], [ 75.041, 33.279 ], [ 75.048, 33.267 ], [ 75.064, 33.266 ], [ 75.074, 33.277 ], [ 75.09, 33.276 ], [ 75.097, 33.264 ], [ 75.113, 33.263 ], [ 75.122, 33.274 ], [ 75.115, 33.286 ], [ 75.125, 33.297 ], [ 75.118, 33.309 ], [ 75.102, 33.31 ], [ 75.095, 33.322 ], [ 75.079, 33.323 ], [ 75.072, 33.335 ], [ 75.056, 33.336 ], [ 75.049, 33.348 ], [ 75.059, 33.359 ], [ 75.052, 33.371 ], [ 75.036, 33.372 ], [ 75.029, 33.384 ], [ 75.013, 33.385 ], [ 75.006, 33.397 ], [ 75.016, 33.408 ], [ 75.032, 33.407 ], [ 75.041, 33.418 ], [ 75.034, 33.429 ], [ 75.044, 33.44 ], [ 75.037, 33.452 ], [ 75.021, 33.453 ] ] ] ] } },
{ "type": "Feature", "properties": { "POLYGON.ID": 621.0, "subregion": "India--Jammu and Kashmir--Reasi--low Pir Panjal", "FILTER": "Jammu and Kashmir", "POLYGON": "India--Jammu and Kashmir--Reasi--low Pir Panjal", "STATE": "Jammu and Kashmir", "COUNTY": "Reasi", "OWNER": null }, "geometry": { "type": "MultiPolygon", "coordinates": [ [ [ [ 75.097, 33.264 ], [ 75.09, 33.276 ], [ 75.074, 33.277 ], [ 75.064, 33.266 ], [ 75.048, 33.267 ], [ 75.041, 33.279 ], [ 75.025, 33.28 ], [ 75.019, 33.292 ], [ 75.002, 33.294 ], [ 74.996, 33.306 ], [ 74.98, 33.307 ], [ 74.973, 33.319 ], [ 74.957, 33.32 ], [ 74.95, 33.332 ], [ 74.959, 33.343 ], [ 74.952, 33.355 ], [ 74.962, 33.365 ], [ 74.955, 33.377 ], [ 74.939, 33.379 ], [ 74.932, 33.39 ], [ 74.916, 33.392 ], [ 74.907, 33.381 ], [ 74.89, 33.382 ], [ 74.884, 33.394 ], [ 74.867, 33.395 ], [ 74.858, 33.384 ], [ 74.842, 33.385 ], [ 74.835, 33.397 ], [ 74.819, 33.398 ], [ 74.81, 33.387 ], [ 74.793, 33.388 ], [ 74.784, 33.378 ], [ 74.791, 33.366 ], [ 74.781, 33.355 ], [ 74.765, 33.356 ], [ 74.756, 33.345 ], [ 74.74, 33.346 ], [ 74.733, 33.358 ], [ 74.717, 33.359 ], [ 74.707, 33.348 ], [ 74.691, 33.349 ], [ 74.682, 33.338 ], [ 74.689, 33.326 ], [ 74.679, 33.316 ], [ 74.663, 33.317 ], [ 74.654, 33.306 ], [ 74.661, 33.294 ], [ 74.651, 33.283 ], [ 74.658, 33.271 ], [ 74.674, 33.27 ], [ 74.681, 33.258 ], [ 74.672, 33.247 ], [ 74.679, 33.235 ], [ 74.669, 33.224 ], [ 74.676, 33.212 ], [ 74.692, 33.211 ], [ 74.702, 33.222 ], [ 74.718, 33.221 ], [ 74.724, 33.209 ], [ 74.741, 33.208 ], [ 74.75, 33.219 ], [ 74.766, 33.218 ], [ 74.775, 33.229 ], [ 74.792, 33.227 ], [ 74.801, 33.238 ], [ 74.817, 33.237 ], [ 74.826, 33.248 ], [ 74.82, 33.26 ], [ 74.829, 33.271 ], [ 74.845, 33.27 ], [ 74.855, 33.281 ], [ 74.871, 33.28 ], [ 74.877, 33.268 ], [ 74.868, 33.257 ], [ 74.875, 33.245 ], [ 74.891, 33.244 ], [ 74.898, 33.232 ], [ 74.914, 33.231 ], [ 74.921, 33.219 ], [ 74.937, 33.218 ], [ 74.944, 33.206 ], [ 74.96, 33.204 ], [ 74.966, 33.193 ], [ 74.982, 33.191 ], [ 74.992, 33.202 ], [ 75.008, 33.201 ], [ 75.015, 33.189 ], [ 75.031, 33.188 ], [ 75.038, 33.176 ], [ 75.054, 33.175 ], [ 75.063, 33.186 ], [ 75.079, 33.185 ], [ 75.086, 33.173 ], [ 75.102, 33.172 ], [ 75.111, 33.182 ], [ 75.105, 33.194 ], [ 75.114, 33.205 ], [ 75.13, 33.204 ], [ 75.14, 33.215 ], [ 75.133, 33.227 ], [ 75.142, 33.238 ], [ 75.136, 33.25 ], [ 75.145, 33.261 ], [ 75.138, 33.273 ], [ 75.122, 33.274 ], [ 75.113, 33.263 ], [ 75.097, 33.264 ] ] ] ] } },
{ "type": "Feature", "properties": { "POLYGON.ID": 610.0, "subregion": "India--Jammu and Kashmir--Kishtwar--mid Himalaya", "FILTER": "Jammu and Kashmir", "POLYGON": "India--Jammu and Kashmir--Kishtwar--mid Himalaya", "STATE": "Jammu and Kashmir", "COUNTY": "Kishtwar", "OWNER": null }, "geometry": { "type": "MultiPolygon", "coordinates": [ [ [ [ 75.645, 33.42 ], [ 75.651, 33.408 ], [ 75.667, 33.407 ], [ 75.677, 33.418 ], [ 75.693, 33.416 ], [ 75.7, 33.404 ], [ 75.716, 33.403 ], [ 75.723, 33.391 ], [ 75.739, 33.39 ], [ 75.745, 33.378 ], [ 75.761, 33.377 ], [ 75.768, 33.365 ], [ 75.759, 33.354 ], [ 75.765, 33.342 ], [ 75.781, 33.341 ], [ 75.788, 33.329 ], [ 75.804, 33.328 ], [ 75.813, 33.338 ], [ 75.83, 33.337 ], [ 75.836, 33.325 ], [ 75.852, 33.324 ], [ 75.862, 33.335 ], [ 75.878, 33.333 ], [ 75.885, 33.321 ], [ 75.901, 33.32 ], [ 75.91, 33.331 ], [ 75.926, 33.33 ], [ 75.933, 33.318 ], [ 75.949, 33.316 ], [ 75.956, 33.304 ], [ 75.972, 33.303 ], [ 75.981, 33.314 ], [ 75.997, 33.313 ], [ 76.007, 33.323 ], [ 76.023, 33.322 ], [ 76.03, 33.31 ], [ 76.046, 33.309 ], [ 76.055, 33.32 ], [ 76.049, 33.332 ], [ 76.033, 33.333 ], [ 76.026, 33.345 ], [ 76.01, 33.346 ], [ 76.0, 33.336 ], [ 75.984, 33.337 ], [ 75.978, 33.349 ], [ 75.962, 33.35 ], [ 75.955, 33.362 ], [ 75.939, 33.363 ], [ 75.929, 33.352 ], [ 75.913, 33.354 ], [ 75.907, 33.366 ], [ 75.89, 33.367 ], [ 75.884, 33.379 ], [ 75.868, 33.38 ], [ 75.858, 33.369 ], [ 75.842, 33.371 ], [ 75.835, 33.383 ], [ 75.819, 33.384 ], [ 75.81, 33.373 ], [ 75.794, 33.374 ], [ 75.787, 33.386 ], [ 75.771, 33.388 ], [ 75.764, 33.4 ], [ 75.748, 33.401 ], [ 75.742, 33.413 ], [ 75.751, 33.424 ], [ 75.744, 33.436 ], [ 75.728, 33.437 ], [ 75.722, 33.449 ], [ 75.731, 33.46 ], [ 75.725, 33.472 ], [ 75.708, 33.473 ], [ 75.702, 33.485 ], [ 75.686, 33.486 ], [ 75.679, 33.498 ], [ 75.663, 33.499 ], [ 75.656, 33.511 ], [ 75.666, 33.522 ], [ 75.659, 33.534 ], [ 75.643, 33.536 ], [ 75.636, 33.548 ], [ 75.646, 33.558 ], [ 75.639, 33.57 ], [ 75.623, 33.572 ], [ 75.616, 33.584 ], [ 75.6, 33.585 ], [ 75.593, 33.597 ], [ 75.577, 33.598 ], [ 75.568, 33.587 ], [ 75.552, 33.588 ], [ 75.542, 33.578 ], [ 75.526, 33.579 ], [ 75.516, 33.568 ], [ 75.523, 33.556 ], [ 75.513, 33.545 ], [ 75.52, 33.533 ], [ 75.511, 33.522 ], [ 75.517, 33.51 ], [ 75.508, 33.499 ], [ 75.492, 33.501 ], [ 75.482, 33.49 ], [ 75.489, 33.478 ], [ 75.479, 33.467 ], [ 75.486, 33.455 ], [ 75.477, 33.444 ], [ 75.483, 33.432 ], [ 75.474, 33.421 ], [ 75.48, 33.409 ], [ 75.497, 33.408 ], [ 75.503, 33.396 ], [ 75.519, 33.395 ], [ 75.526, 33.383 ], [ 75.542, 33.382 ], [ 75.549, 33.37 ], [ 75.539, 33.359 ], [ 75.546, 33.347 ], [ 75.562, 33.346 ], [ 75.569, 33.334 ], [ 75.559, 33.323 ], [ 75.566, 33.311 ], [ 75.582, 33.31 ], [ 75.589, 33.298 ], [ 75.605, 33.296 ], [ 75.611, 33.284 ], [ 75.602, 33.274 ], [ 75.609, 33.262 ], [ 75.625, 33.26 ], [ 75.631, 33.248 ], [ 75.647, 33.247 ], [ 75.657, 33.258 ], [ 75.673, 33.257 ], [ 75.68, 33.245 ], [ 75.696, 33.244 ], [ 75.702, 33.232 ], [ 75.718, 33.23 ], [ 75.725, 33.218 ], [ 75.741, 33.217 ], [ 75.748, 33.205 ], [ 75.764, 33.204 ], [ 75.773, 33.215 ], [ 75.767, 33.227 ], [ 75.751, 33.228 ], [ 75.744, 33.24 ], [ 75.754, 33.251 ], [ 75.747, 33.263 ], [ 75.756, 33.274 ], [ 75.75, 33.286 ], [ 75.734, 33.287 ], [ 75.727, 33.299 ], [ 75.737, 33.31 ], [ 75.73, 33.322 ], [ 75.739, 33.332 ], [ 75.733, 33.344 ], [ 75.717, 33.346 ], [ 75.71, 33.358 ], [ 75.694, 33.359 ], [ 75.687, 33.371 ], [ 75.671, 33.372 ], [ 75.665, 33.384 ], [ 75.648, 33.385 ], [ 75.642, 33.397 ], [ 75.626, 33.398 ], [ 75.619, 33.41 ], [ 75.603, 33.412 ], [ 75.596, 33.424 ], [ 75.606, 33.435 ], [ 75.622, 33.433 ], [ 75.629, 33.421 ], [ 75.645, 33.42 ] ] ] ] } },
{ "type": "Feature", "properties": { "POLYGON.ID": 609.0, "subregion": "India--Jammu and Kashmir--Kishtwar--high Himalaya", "FILTER": "Jammu and Kashmir", "POLYGON": "India--Jammu and Kashmir--Kishtwar--high Himalaya", "STATE": "Jammu and Kashmir", "COUNTY": "Kishtwar", "OWNER": null }, "geometry": { "type": "MultiPolygon", "coordinates": [ [ [ [ 76.176, 33.126 ], [ 76.192, 33.125 ], [ 76.198, 33.113 ], [ 76.214, 33.112 ], [ 76.221, 33.1 ], [ 76.237, 33.098 ], [ 76.243, 33.086 ], [ 76.234, 33.076 ], [ 76.24, 33.064 ], [ 76.231, 33.053 ], [ 76.237, 33.041 ], [ 76.228, 33.03 ], [ 76.234, 33.018 ], [ 76.25, 33.017 ], [ 76.26, 33.028 ], [ 76.276, 33.026 ], [ 76.285, 33.037 ], [ 76.279, 33.049 ], [ 76.288, 33.06 ], [ 76.282, 33.072 ], [ 76.291, 33.083 ], [ 76.285, 33.095 ], [ 76.295, 33.105 ], [ 76.311, 33.104 ], [ 76.32, 33.115 ], [ 76.314, 33.127 ], [ 76.323, 33.137 ], [ 76.339, 33.136 ], [ 76.349, 33.147 ], [ 76.365, 33.146 ], [ 76.374, 33.156 ], [ 76.391, 33.155 ], [ 76.4, 33.166 ], [ 76.394, 33.178 ], [ 76.403, 33.189 ], [ 76.419, 33.187 ], [ 76.426, 33.175 ], [ 76.442, 33.174 ], [ 76.451, 33.185 ], [ 76.467, 33.183 ], [ 76.474, 33.171 ], [ 76.49, 33.17 ], [ 76.5, 33.181 ], [ 76.516, 33.179 ], [ 76.525, 33.19 ], [ 76.541, 33.189 ], [ 76.551, 33.2 ], [ 76.567, 33.198 ], [ 76.577, 33.209 ], [ 76.593, 33.208 ], [ 76.599, 33.196 ], [ 76.615, 33.194 ], [ 76.621, 33.182 ], [ 76.612, 33.172 ], [ 76.618, 33.16 ], [ 76.634, 33.158 ], [ 76.644, 33.169 ], [ 76.66, 33.168 ], [ 76.67, 33.178 ], [ 76.686, 33.177 ], [ 76.692, 33.165 ], [ 76.708, 33.164 ], [ 76.718, 33.174 ], [ 76.734, 33.173 ], [ 76.743, 33.184 ], [ 76.759, 33.182 ], [ 76.769, 33.193 ], [ 76.763, 33.205 ], [ 76.772, 33.216 ], [ 76.766, 33.228 ], [ 76.776, 33.239 ], [ 76.769, 33.251 ], [ 76.753, 33.252 ], [ 76.747, 33.264 ], [ 76.731, 33.265 ], [ 76.724, 33.277 ], [ 76.734, 33.288 ], [ 76.727, 33.3 ], [ 76.711, 33.301 ], [ 76.705, 33.313 ], [ 76.689, 33.315 ], [ 76.683, 33.327 ], [ 76.666, 33.328 ], [ 76.66, 33.34 ], [ 76.67, 33.351 ], [ 76.663, 33.363 ], [ 76.647, 33.364 ], [ 76.641, 33.376 ], [ 76.65, 33.387 ], [ 76.644, 33.399 ], [ 76.628, 33.401 ], [ 76.618, 33.39 ], [ 76.602, 33.391 ], [ 76.596, 33.403 ], [ 76.58, 33.404 ], [ 76.573, 33.417 ], [ 76.557, 33.418 ], [ 76.55, 33.43 ], [ 76.56, 33.441 ], [ 76.554, 33.453 ], [ 76.538, 33.454 ], [ 76.531, 33.466 ], [ 76.515, 33.467 ], [ 76.509, 33.479 ], [ 76.492, 33.481 ], [ 76.486, 33.493 ], [ 76.47, 33.494 ], [ 76.463, 33.506 ], [ 76.447, 33.508 ], [ 76.441, 33.52 ], [ 76.425, 33.521 ], [ 76.418, 33.533 ], [ 76.402, 33.534 ], [ 76.395, 33.546 ], [ 76.379, 33.548 ], [ 76.373, 33.56 ], [ 76.357, 33.561 ], [ 76.35, 33.573 ], [ 76.334, 33.574 ], [ 76.327, 33.586 ], [ 76.311, 33.588 ], [ 76.302, 33.577 ], [ 76.285, 33.578 ], [ 76.276, 33.567 ], [ 76.282, 33.555 ], [ 76.273, 33.545 ], [ 76.279, 33.533 ], [ 76.27, 33.522 ], [ 76.253, 33.523 ], [ 76.244, 33.512 ], [ 76.228, 33.514 ], [ 76.221, 33.526 ], [ 76.231, 33.536 ], [ 76.224, 33.548 ], [ 76.208, 33.55 ], [ 76.202, 33.562 ], [ 76.211, 33.573 ], [ 76.227, 33.571 ], [ 76.237, 33.582 ], [ 76.23, 33.594 ], [ 76.24, 33.605 ], [ 76.233, 33.617 ], [ 76.243, 33.628 ], [ 76.237, 33.64 ], [ 76.246, 33.651 ], [ 76.262, 33.649 ], [ 76.272, 33.66 ], [ 76.265, 33.672 ], [ 76.275, 33.683 ], [ 76.269, 33.695 ], [ 76.278, 33.706 ], [ 76.272, 33.718 ], [ 76.255, 33.719 ], [ 76.249, 33.731 ], [ 76.259, 33.742 ], [ 76.252, 33.754 ], [ 76.236, 33.755 ], [ 76.229, 33.767 ], [ 76.213, 33.769 ], [ 76.207, 33.781 ], [ 76.19, 33.782 ], [ 76.184, 33.794 ], [ 76.168, 33.795 ], [ 76.161, 33.808 ], [ 76.171, 33.818 ], [ 76.164, 33.83 ], [ 76.148, 33.832 ], [ 76.141, 33.844 ], [ 76.125, 33.845 ], [ 76.118, 33.857 ], [ 76.102, 33.858 ], [ 76.096, 33.87 ], [ 76.105, 33.881 ], [ 76.099, 33.893 ], [ 76.082, 33.895 ], [ 76.076, 33.907 ], [ 76.059, 33.908 ], [ 76.053, 33.92 ], [ 76.063, 33.931 ], [ 76.056, 33.943 ], [ 76.04, 33.944 ], [ 76.033, 33.956 ], [ 76.043, 33.967 ], [ 76.036, 33.979 ], [ 76.02, 33.98 ], [ 76.013, 33.993 ], [ 75.997, 33.994 ], [ 75.987, 33.983 ], [ 75.971, 33.984 ], [ 75.964, 33.996 ], [ 75.948, 33.998 ], [ 75.938, 33.987 ], [ 75.922, 33.988 ], [ 75.912, 33.977 ], [ 75.896, 33.978 ], [ 75.887, 33.968 ], [ 75.87, 33.969 ], [ 75.864, 33.981 ], [ 75.873, 33.992 ], [ 75.867, 34.004 ], [ 75.85, 34.005 ], [ 75.844, 34.017 ], [ 75.827, 34.018 ], [ 75.821, 34.031 ], [ 75.83, 34.041 ], [ 75.824, 34.053 ], [ 75.807, 34.055 ], [ 75.798, 34.044 ], [ 75.781, 34.045 ], [ 75.775, 34.057 ], [ 75.758, 34.058 ], [ 75.752, 34.07 ], [ 75.761, 34.081 ], [ 75.755, 34.093 ], [ 75.738, 34.095 ], [ 75.732, 34.107 ], [ 75.715, 34.108 ], [ 75.709, 34.12 ], [ 75.718, 34.131 ], [ 75.712, 34.143 ], [ 75.695, 34.144 ], [ 75.689, 34.156 ], [ 75.698, 34.167 ], [ 75.692, 34.179 ], [ 75.701, 34.19 ], [ 75.694, 34.202 ], [ 75.704, 34.213 ], [ 75.697, 34.225 ], [ 75.681, 34.226 ], [ 75.674, 34.239 ], [ 75.658, 34.24 ], [ 75.648, 34.229 ], [ 75.632, 34.23 ], [ 75.622, 34.219 ], [ 75.606, 34.22 ], [ 75.596, 34.21 ], [ 75.603, 34.197 ], [ 75.593, 34.187 ], [ 75.577, 34.188 ], [ 75.568, 34.177 ], [ 75.574, 34.165 ], [ 75.565, 34.154 ], [ 75.548, 34.155 ], [ 75.539, 34.144 ], [ 75.545, 34.132 ], [ 75.536, 34.121 ], [ 75.543, 34.109 ], [ 75.533, 34.098 ], [ 75.54, 34.086 ], [ 75.53, 34.075 ], [ 75.537, 34.063 ], [ 75.527, 34.052 ], [ 75.511, 34.054 ], [ 75.501, 34.043 ], [ 75.485, 34.044 ], [ 75.475, 34.033 ], [ 75.459, 34.034 ], [ 75.45, 34.023 ], [ 75.433, 34.025 ], [ 75.424, 34.014 ], [ 75.43, 34.002 ], [ 75.421, 33.991 ], [ 75.428, 33.979 ], [ 75.418, 33.968 ], [ 75.402, 33.969 ], [ 75.392, 33.958 ], [ 75.399, 33.946 ], [ 75.389, 33.935 ], [ 75.396, 33.923 ], [ 75.387, 33.912 ], [ 75.393, 33.9 ], [ 75.41, 33.899 ], [ 75.416, 33.887 ], [ 75.407, 33.876 ], [ 75.414, 33.864 ], [ 75.43, 33.863 ], [ 75.437, 33.851 ], [ 75.427, 33.84 ], [ 75.434, 33.828 ], [ 75.45, 33.827 ], [ 75.457, 33.815 ], [ 75.447, 33.804 ], [ 75.454, 33.792 ], [ 75.47, 33.791 ], [ 75.477, 33.779 ], [ 75.467, 33.768 ], [ 75.474, 33.756 ], [ 75.49, 33.755 ], [ 75.497, 33.742 ], [ 75.487, 33.732 ], [ 75.494, 33.72 ], [ 75.51, 33.718 ], [ 75.517, 33.706 ], [ 75.508, 33.696 ], [ 75.514, 33.683 ], [ 75.505, 33.673 ], [ 75.511, 33.661 ], [ 75.502, 33.65 ], [ 75.509, 33.638 ], [ 75.525, 33.637 ], [ 75.531, 33.625 ], [ 75.522, 33.614 ], [ 75.529, 33.602 ], [ 75.545, 33.6 ], [ 75.552, 33.588 ], [ 75.568, 33.587 ], [ 75.577, 33.598 ], [ 75.593, 33.597 ], [ 75.6, 33.585 ], [ 75.616, 33.584 ], [ 75.623, 33.572 ], [ 75.639, 33.57 ], [ 75.646, 33.558 ], [ 75.636, 33.548 ], [ 75.643, 33.536 ], [ 75.659, 33.534 ], [ 75.666, 33.522 ], [ 75.656, 33.511 ], [ 75.663, 33.499 ], [ 75.679, 33.498 ], [ 75.686, 33.486 ], [ 75.702, 33.485 ], [ 75.708, 33.473 ], [ 75.725, 33.472 ], [ 75.731, 33.46 ], [ 75.722, 33.449 ], [ 75.728, 33.437 ], [ 75.744, 33.436 ], [ 75.751, 33.424 ], [ 75.742, 33.413 ], [ 75.748, 33.401 ], [ 75.764, 33.4 ], [ 75.771, 33.388 ], [ 75.787, 33.386 ], [ 75.794, 33.374 ], [ 75.81, 33.373 ], [ 75.819, 33.384 ], [ 75.835, 33.383 ], [ 75.842, 33.371 ], [ 75.858, 33.369 ], [ 75.868, 33.38 ], [ 75.884, 33.379 ], [ 75.89, 33.367 ], [ 75.907, 33.366 ], [ 75.913, 33.354 ], [ 75.929, 33.352 ], [ 75.939, 33.363 ], [ 75.955, 33.362 ], [ 75.962, 33.35 ], [ 75.978, 33.349 ], [ 75.984, 33.337 ], [ 76.0, 33.336 ], [ 76.01, 33.346 ], [ 76.026, 33.345 ], [ 76.033, 33.333 ], [ 76.049, 33.332 ], [ 76.055, 33.32 ], [ 76.046, 33.309 ], [ 76.03, 33.31 ], [ 76.023, 33.322 ], [ 76.007, 33.323 ], [ 75.997, 33.313 ], [ 75.981, 33.314 ], [ 75.972, 33.303 ], [ 75.956, 33.304 ], [ 75.949, 33.316 ], [ 75.933, 33.318 ], [ 75.926, 33.33 ], [ 75.91, 33.331 ], [ 75.901, 33.32 ], [ 75.885, 33.321 ], [ 75.878, 33.333 ], [ 75.862, 33.335 ], [ 75.852, 33.324 ], [ 75.836, 33.325 ], [ 75.83, 33.337 ], [ 75.813, 33.338 ], [ 75.804, 33.328 ], [ 75.811, 33.315 ], [ 75.827, 33.314 ], [ 75.833, 33.302 ], [ 75.824, 33.291 ], [ 75.83, 33.279 ], [ 75.846, 33.278 ], [ 75.853, 33.266 ], [ 75.844, 33.255 ], [ 75.85, 33.243 ], [ 75.866, 33.242 ], [ 75.873, 33.23 ], [ 75.889, 33.229 ], [ 75.895, 33.217 ], [ 75.912, 33.216 ], [ 75.918, 33.204 ], [ 75.934, 33.202 ], [ 75.941, 33.19 ], [ 75.931, 33.18 ], [ 75.938, 33.168 ], [ 75.954, 33.166 ], [ 75.96, 33.154 ], [ 75.976, 33.153 ], [ 75.983, 33.141 ], [ 75.999, 33.14 ], [ 76.006, 33.128 ], [ 75.996, 33.117 ], [ 76.003, 33.105 ], [ 76.019, 33.104 ], [ 76.028, 33.115 ], [ 76.044, 33.113 ], [ 76.051, 33.101 ], [ 76.067, 33.1 ], [ 76.076, 33.111 ], [ 76.092, 33.11 ], [ 76.102, 33.12 ], [ 76.095, 33.133 ], [ 76.105, 33.143 ], [ 76.121, 33.142 ], [ 76.131, 33.153 ], [ 76.147, 33.151 ], [ 76.153, 33.139 ], [ 76.169, 33.138 ], [ 76.176, 33.126 ] ] ] ] } },
{ "type": "Feature", "properties": { "POLYGON.ID": 608.0, "subregion": "India--Jammu and Kashmir--Doda--mid Himalaya", "FILTER": "Jammu and Kashmir", "POLYGON": "India--Jammu and Kashmir--Doda--mid Himalaya", "STATE": "Jammu and Kashmir", "COUNTY": "Doda", "OWNER": null }, "geometry": { "type": "MultiPolygon", "coordinates": [ [ [ [ 75.762, 33.124 ], [ 75.755, 33.136 ], [ 75.739, 33.137 ], [ 75.73, 33.126 ], [ 75.713, 33.127 ], [ 75.707, 33.139 ], [ 75.691, 33.14 ], [ 75.681, 33.13 ], [ 75.665, 33.131 ], [ 75.656, 33.12 ], [ 75.64, 33.121 ], [ 75.63, 33.11 ], [ 75.614, 33.112 ], [ 75.608, 33.124 ], [ 75.591, 33.125 ], [ 75.582, 33.114 ], [ 75.566, 33.115 ], [ 75.559, 33.127 ], [ 75.543, 33.128 ], [ 75.534, 33.118 ], [ 75.518, 33.119 ], [ 75.511, 33.131 ], [ 75.495, 33.132 ], [ 75.486, 33.121 ], [ 75.469, 33.122 ], [ 75.46, 33.112 ], [ 75.444, 33.113 ], [ 75.435, 33.102 ], [ 75.418, 33.103 ], [ 75.412, 33.115 ], [ 75.396, 33.116 ], [ 75.386, 33.105 ], [ 75.393, 33.093 ], [ 75.384, 33.083 ], [ 75.39, 33.071 ], [ 75.381, 33.06 ], [ 75.387, 33.048 ], [ 75.403, 33.047 ], [ 75.41, 33.035 ], [ 75.426, 33.034 ], [ 75.433, 33.022 ], [ 75.423, 33.011 ], [ 75.43, 32.999 ], [ 75.446, 32.998 ], [ 75.453, 32.986 ], [ 75.443, 32.975 ], [ 75.45, 32.963 ], [ 75.466, 32.962 ], [ 75.473, 32.95 ], [ 75.489, 32.949 ], [ 75.498, 32.959 ], [ 75.514, 32.958 ], [ 75.521, 32.946 ], [ 75.537, 32.945 ], [ 75.546, 32.956 ], [ 75.562, 32.955 ], [ 75.572, 32.966 ], [ 75.588, 32.964 ], [ 75.594, 32.952 ], [ 75.61, 32.951 ], [ 75.617, 32.939 ], [ 75.633, 32.938 ], [ 75.64, 32.926 ], [ 75.656, 32.925 ], [ 75.662, 32.913 ], [ 75.678, 32.912 ], [ 75.685, 32.9 ], [ 75.675, 32.889 ], [ 75.682, 32.877 ], [ 75.698, 32.876 ], [ 75.707, 32.887 ], [ 75.723, 32.885 ], [ 75.733, 32.896 ], [ 75.749, 32.895 ], [ 75.755, 32.883 ], [ 75.771, 32.882 ], [ 75.781, 32.893 ], [ 75.797, 32.891 ], [ 75.806, 32.902 ], [ 75.822, 32.901 ], [ 75.832, 32.912 ], [ 75.825, 32.924 ], [ 75.835, 32.934 ], [ 75.851, 32.933 ], [ 75.857, 32.921 ], [ 75.873, 32.92 ], [ 75.88, 32.908 ], [ 75.896, 32.907 ], [ 75.902, 32.895 ], [ 75.918, 32.894 ], [ 75.925, 32.882 ], [ 75.941, 32.88 ], [ 75.947, 32.868 ], [ 75.963, 32.867 ], [ 75.973, 32.878 ], [ 75.966, 32.89 ], [ 75.976, 32.901 ], [ 75.992, 32.899 ], [ 76.001, 32.91 ], [ 75.995, 32.922 ], [ 76.004, 32.933 ], [ 76.02, 32.932 ], [ 76.03, 32.942 ], [ 76.023, 32.954 ], [ 76.033, 32.965 ], [ 76.049, 32.964 ], [ 76.058, 32.975 ], [ 76.052, 32.987 ], [ 76.061, 32.997 ], [ 76.077, 32.996 ], [ 76.087, 33.007 ], [ 76.08, 33.019 ], [ 76.09, 33.03 ], [ 76.083, 33.041 ], [ 76.067, 33.043 ], [ 76.061, 33.055 ], [ 76.045, 33.056 ], [ 76.038, 33.068 ], [ 76.022, 33.069 ], [ 76.016, 33.081 ], [ 76.025, 33.092 ], [ 76.019, 33.104 ], [ 76.003, 33.105 ], [ 75.996, 33.117 ], [ 75.98, 33.118 ], [ 75.971, 33.108 ], [ 75.954, 33.109 ], [ 75.948, 33.121 ], [ 75.932, 33.122 ], [ 75.925, 33.134 ], [ 75.909, 33.135 ], [ 75.9, 33.125 ], [ 75.884, 33.126 ], [ 75.877, 33.138 ], [ 75.861, 33.139 ], [ 75.852, 33.128 ], [ 75.835, 33.13 ], [ 75.829, 33.142 ], [ 75.813, 33.143 ], [ 75.803, 33.132 ], [ 75.787, 33.133 ], [ 75.778, 33.122 ], [ 75.762, 33.124 ] ] ], [ [ [ 75.391, 33.347 ], [ 75.398, 33.335 ], [ 75.388, 33.324 ], [ 75.395, 33.312 ], [ 75.386, 33.301 ], [ 75.392, 33.289 ], [ 75.383, 33.278 ], [ 75.39, 33.266 ], [ 75.38, 33.255 ], [ 75.387, 33.243 ], [ 75.377, 33.233 ], [ 75.361, 33.234 ], [ 75.352, 33.223 ], [ 75.358, 33.211 ], [ 75.375, 33.21 ], [ 75.381, 33.198 ], [ 75.397, 33.197 ], [ 75.407, 33.207 ], [ 75.423, 33.206 ], [ 75.43, 33.194 ], [ 75.446, 33.193 ], [ 75.455, 33.204 ], [ 75.471, 33.203 ], [ 75.478, 33.191 ], [ 75.494, 33.19 ], [ 75.503, 33.2 ], [ 75.52, 33.199 ], [ 75.526, 33.187 ], [ 75.542, 33.186 ], [ 75.552, 33.197 ], [ 75.568, 33.196 ], [ 75.574, 33.184 ], [ 75.591, 33.182 ], [ 75.597, 33.17 ], [ 75.613, 33.169 ], [ 75.623, 33.18 ], [ 75.639, 33.179 ], [ 75.648, 33.19 ], [ 75.664, 33.188 ], [ 75.674, 33.199 ], [ 75.69, 33.198 ], [ 75.697, 33.186 ], [ 75.713, 33.185 ], [ 75.719, 33.173 ], [ 75.735, 33.172 ], [ 75.745, 33.182 ], [ 75.761, 33.181 ], [ 75.77, 33.192 ], [ 75.764, 33.204 ], [ 75.748, 33.205 ], [ 75.741, 33.217 ], [ 75.725, 33.218 ], [ 75.718, 33.23 ], [ 75.702, 33.232 ], [ 75.696, 33.244 ], [ 75.68, 33.245 ], [ 75.673, 33.257 ], [ 75.657, 33.258 ], [ 75.647, 33.247 ], [ 75.631, 33.248 ], [ 75.625, 33.26 ], [ 75.609, 33.262 ], [ 75.602, 33.274 ], [ 75.611, 33.284 ], [ 75.605, 33.296 ], [ 75.589, 33.298 ], [ 75.582, 33.31 ], [ 75.566, 33.311 ], [ 75.559, 33.323 ], [ 75.569, 33.334 ], [ 75.562, 33.346 ], [ 75.546, 33.347 ], [ 75.539, 33.359 ], [ 75.549, 33.37 ], [ 75.542, 33.382 ], [ 75.526, 33.383 ], [ 75.519, 33.395 ], [ 75.503, 33.396 ], [ 75.497, 33.408 ], [ 75.48, 33.409 ], [ 75.471, 33.398 ], [ 75.455, 33.4 ], [ 75.445, 33.389 ], [ 75.429, 33.39 ], [ 75.42, 33.379 ], [ 75.403, 33.38 ], [ 75.394, 33.369 ], [ 75.401, 33.357 ], [ 75.391, 33.347 ] ] ] ] } },
{ "type": "Feature", "properties": { "POLYGON.ID": 607.0, "subregion": "India--Jammu and Kashmir--Doda--high Himalaya", "FILTER": "Jammu and Kashmir", "POLYGON": "India--Jammu and Kashmir--Doda--high Himalaya", "STATE": "Jammu and Kashmir", "COUNTY": "Doda", "OWNER": null }, "geometry": { "type": "MultiPolygon", "coordinates": [ [ [ [ 76.202, 33.021 ], [ 76.212, 33.031 ], [ 76.228, 33.03 ], [ 76.237, 33.041 ], [ 76.231, 33.053 ], [ 76.24, 33.064 ], [ 76.234, 33.076 ], [ 76.243, 33.086 ], [ 76.237, 33.098 ], [ 76.221, 33.1 ], [ 76.214, 33.112 ], [ 76.198, 33.113 ], [ 76.192, 33.125 ], [ 76.176, 33.126 ], [ 76.169, 33.138 ], [ 76.153, 33.139 ], [ 76.147, 33.151 ], [ 76.131, 33.153 ], [ 76.121, 33.142 ], [ 76.105, 33.143 ], [ 76.095, 33.133 ], [ 76.102, 33.12 ], [ 76.092, 33.11 ], [ 76.076, 33.111 ], [ 76.067, 33.1 ], [ 76.051, 33.101 ], [ 76.044, 33.113 ], [ 76.028, 33.115 ], [ 76.019, 33.104 ], [ 76.025, 33.092 ], [ 76.016, 33.081 ], [ 76.022, 33.069 ], [ 76.038, 33.068 ], [ 76.045, 33.056 ], [ 76.061, 33.055 ], [ 76.067, 33.043 ], [ 76.083, 33.041 ], [ 76.09, 33.03 ], [ 76.08, 33.019 ], [ 76.087, 33.007 ], [ 76.077, 32.996 ], [ 76.061, 32.997 ], [ 76.052, 32.987 ], [ 76.058, 32.975 ], [ 76.049, 32.964 ], [ 76.033, 32.965 ], [ 76.023, 32.954 ], [ 76.03, 32.942 ], [ 76.02, 32.932 ], [ 76.004, 32.933 ], [ 75.995, 32.922 ], [ 76.001, 32.91 ], [ 76.017, 32.909 ], [ 76.027, 32.92 ], [ 76.043, 32.918 ], [ 76.052, 32.929 ], [ 76.046, 32.941 ], [ 76.055, 32.952 ], [ 76.071, 32.951 ], [ 76.081, 32.961 ], [ 76.097, 32.96 ], [ 76.106, 32.971 ], [ 76.1, 32.983 ], [ 76.109, 32.994 ], [ 76.103, 33.006 ], [ 76.112, 33.016 ], [ 76.128, 33.015 ], [ 76.135, 33.003 ], [ 76.151, 33.002 ], [ 76.161, 33.012 ], [ 76.177, 33.011 ], [ 76.186, 33.022 ], [ 76.202, 33.021 ] ] ] ] } },
{ "type": "Feature", "properties": { "POLYGON.ID": 605.0, "subregion": "India--Jammu and Kashmir--Kathua--mid Pir Panjal", "FILTER": "Jammu and Kashmir", "POLYGON": "India--Jammu and Kashmir--Kathua--mid Pir Panjal", "STATE": "Jammu and Kashmir", "COUNTY": "Kathua", "OWNER": null }, "geometry": { "type": "MultiPolygon", "coordinates": [ [ [ [ 75.607, 32.733 ], [ 75.617, 32.744 ], [ 75.633, 32.743 ], [ 75.639, 32.731 ], [ 75.655, 32.73 ], [ 75.662, 32.718 ], [ 75.678, 32.717 ], [ 75.684, 32.705 ], [ 75.7, 32.704 ], [ 75.707, 32.692 ], [ 75.723, 32.691 ], [ 75.73, 32.679 ], [ 75.745, 32.677 ], [ 75.752, 32.665 ], [ 75.768, 32.664 ], [ 75.775, 32.652 ], [ 75.79, 32.651 ], [ 75.797, 32.639 ], [ 75.813, 32.638 ], [ 75.822, 32.649 ], [ 75.838, 32.647 ], [ 75.845, 32.636 ], [ 75.861, 32.634 ], [ 75.87, 32.645 ], [ 75.886, 32.644 ], [ 75.893, 32.632 ], [ 75.909, 32.631 ], [ 75.918, 32.641 ], [ 75.912, 32.653 ], [ 75.896, 32.655 ], [ 75.889, 32.666 ], [ 75.899, 32.677 ], [ 75.892, 32.689 ], [ 75.901, 32.7 ], [ 75.895, 32.712 ], [ 75.904, 32.723 ], [ 75.92, 32.721 ], [ 75.93, 32.732 ], [ 75.923, 32.744 ], [ 75.933, 32.755 ], [ 75.926, 32.767 ], [ 75.91, 32.768 ], [ 75.904, 32.78 ], [ 75.888, 32.781 ], [ 75.881, 32.793 ], [ 75.891, 32.804 ], [ 75.884, 32.816 ], [ 75.868, 32.817 ], [ 75.862, 32.829 ], [ 75.846, 32.83 ], [ 75.839, 32.842 ], [ 75.823, 32.843 ], [ 75.817, 32.855 ], [ 75.826, 32.866 ], [ 75.819, 32.878 ], [ 75.803, 32.879 ], [ 75.797, 32.891 ], [ 75.781, 32.893 ], [ 75.771, 32.882 ], [ 75.755, 32.883 ], [ 75.749, 32.895 ], [ 75.733, 32.896 ], [ 75.723, 32.885 ], [ 75.707, 32.887 ], [ 75.698, 32.876 ], [ 75.682, 32.877 ], [ 75.672, 32.866 ], [ 75.679, 32.854 ], [ 75.695, 32.853 ], [ 75.702, 32.841 ], [ 75.692, 32.83 ], [ 75.699, 32.818 ], [ 75.689, 32.808 ], [ 75.673, 32.809 ], [ 75.664, 32.798 ], [ 75.648, 32.799 ], [ 75.639, 32.788 ], [ 75.623, 32.79 ], [ 75.613, 32.779 ], [ 75.597, 32.78 ], [ 75.588, 32.769 ], [ 75.572, 32.771 ], [ 75.565, 32.782 ], [ 75.549, 32.784 ], [ 75.54, 32.773 ], [ 75.524, 32.774 ], [ 75.514, 32.763 ], [ 75.521, 32.751 ], [ 75.512, 32.741 ], [ 75.518, 32.729 ], [ 75.534, 32.727 ], [ 75.541, 32.716 ], [ 75.557, 32.714 ], [ 75.566, 32.725 ], [ 75.582, 32.724 ], [ 75.591, 32.735 ], [ 75.607, 32.733 ] ] ] ] } },
{ "type": "Feature", "properties": { "POLYGON.ID": 606.0, "subregion": "India--Jammu and Kashmir--Kathua--low Pir Panjal", "FILTER": "Jammu and Kashmir", "POLYGON": "India--Jammu and Kashmir--Kathua--low Pir Panjal", "STATE": "Jammu and Kashmir", "COUNTY": "Kathua", "OWNER": null }, "geometry": { "type": "MultiPolygon", "coordinates": [ [ [ [ 75.903, 32.585 ], [ 75.912, 32.596 ], [ 75.906, 32.608 ], [ 75.915, 32.619 ], [ 75.909, 32.631 ], [ 75.893, 32.632 ], [ 75.886, 32.644 ], [ 75.87, 32.645 ], [ 75.861, 32.634 ], [ 75.845, 32.636 ], [ 75.838, 32.647 ], [ 75.822, 32.649 ], [ 75.813, 32.638 ], [ 75.797, 32.639 ], [ 75.79, 32.651 ], [ 75.775, 32.652 ], [ 75.768, 32.664 ], [ 75.752, 32.665 ], [ 75.745, 32.677 ], [ 75.73, 32.679 ], [ 75.723, 32.691 ], [ 75.707, 32.692 ], [ 75.7, 32.704 ], [ 75.684, 32.705 ], [ 75.678, 32.717 ], [ 75.662, 32.718 ], [ 75.655, 32.73 ], [ 75.639, 32.731 ], [ 75.633, 32.743 ], [ 75.617, 32.744 ], [ 75.607, 32.733 ], [ 75.591, 32.735 ], [ 75.582, 32.724 ], [ 75.566, 32.725 ], [ 75.557, 32.714 ], [ 75.541, 32.716 ], [ 75.534, 32.727 ], [ 75.518, 32.729 ], [ 75.512, 32.741 ], [ 75.521, 32.751 ], [ 75.514, 32.763 ], [ 75.498, 32.764 ], [ 75.489, 32.754 ], [ 75.496, 32.742 ], [ 75.486, 32.731 ], [ 75.493, 32.719 ], [ 75.483, 32.708 ], [ 75.49, 32.696 ], [ 75.481, 32.686 ], [ 75.487, 32.674 ], [ 75.503, 32.672 ], [ 75.51, 32.661 ], [ 75.526, 32.659 ], [ 75.532, 32.647 ], [ 75.548, 32.646 ], [ 75.555, 32.634 ], [ 75.571, 32.633 ], [ 75.577, 32.621 ], [ 75.593, 32.62 ], [ 75.6, 32.608 ], [ 75.616, 32.607 ], [ 75.622, 32.595 ], [ 75.638, 32.594 ], [ 75.645, 32.582 ], [ 75.661, 32.581 ], [ 75.667, 32.569 ], [ 75.683, 32.568 ], [ 75.69, 32.556 ], [ 75.706, 32.554 ], [ 75.712, 32.542 ], [ 75.728, 32.541 ], [ 75.738, 32.552 ], [ 75.754, 32.551 ], [ 75.76, 32.539 ], [ 75.776, 32.538 ], [ 75.783, 32.526 ], [ 75.798, 32.525 ], [ 75.805, 32.513 ], [ 75.821, 32.511 ], [ 75.83, 32.522 ], [ 75.846, 32.521 ], [ 75.856, 32.532 ], [ 75.872, 32.53 ], [ 75.881, 32.541 ], [ 75.874, 32.553 ], [ 75.884, 32.564 ], [ 75.877, 32.576 ], [ 75.887, 32.587 ], [ 75.903, 32.585 ] ] ] ] } },
{ "type": "Feature", "properties": { "POLYGON.ID": 611.0, "subregion": "India--Jammu and Kashmir--Samba--Shivaliks", "FILTER": "Jammu and Kashmir", "POLYGON": "India--Jammu and Kashmir--Samba--Shivaliks", "STATE": "Jammu and Kashmir", "COUNTY": "Samba", "OWNER": null }, "geometry": { "type": "MultiPolygon", "coordinates": [ [ [ [ 75.016, 32.776 ], [ 75.009, 32.788 ], [ 74.993, 32.789 ], [ 74.986, 32.801 ], [ 74.97, 32.802 ], [ 74.961, 32.791 ], [ 74.967, 32.779 ], [ 74.958, 32.768 ], [ 74.942, 32.77 ], [ 74.935, 32.781 ], [ 74.919, 32.783 ], [ 74.91, 32.772 ], [ 74.894, 32.773 ], [ 74.885, 32.762 ], [ 74.892, 32.75 ], [ 74.882, 32.739 ], [ 74.889, 32.727 ], [ 74.905, 32.726 ], [ 74.912, 32.714 ], [ 74.928, 32.713 ], [ 74.934, 32.701 ], [ 74.925, 32.691 ], [ 74.932, 32.679 ], [ 74.948, 32.678 ], [ 74.954, 32.666 ], [ 74.945, 32.655 ], [ 74.952, 32.643 ], [ 74.968, 32.642 ], [ 74.975, 32.63 ], [ 74.991, 32.629 ], [ 74.997, 32.617 ], [ 75.013, 32.616 ], [ 75.02, 32.604 ], [ 75.036, 32.603 ], [ 75.043, 32.591 ], [ 75.033, 32.58 ], [ 75.04, 32.568 ], [ 75.056, 32.567 ], [ 75.063, 32.555 ], [ 75.078, 32.554 ], [ 75.088, 32.565 ], [ 75.104, 32.564 ], [ 75.11, 32.552 ], [ 75.126, 32.551 ], [ 75.133, 32.539 ], [ 75.149, 32.538 ], [ 75.158, 32.548 ], [ 75.174, 32.547 ], [ 75.184, 32.558 ], [ 75.199, 32.557 ], [ 75.209, 32.568 ], [ 75.225, 32.567 ], [ 75.234, 32.577 ], [ 75.25, 32.576 ], [ 75.259, 32.587 ], [ 75.275, 32.586 ], [ 75.282, 32.574 ], [ 75.298, 32.573 ], [ 75.307, 32.584 ], [ 75.323, 32.582 ], [ 75.333, 32.593 ], [ 75.326, 32.605 ], [ 75.31, 32.606 ], [ 75.303, 32.618 ], [ 75.287, 32.619 ], [ 75.281, 32.631 ], [ 75.29, 32.642 ], [ 75.283, 32.654 ], [ 75.267, 32.655 ], [ 75.258, 32.644 ], [ 75.242, 32.645 ], [ 75.235, 32.657 ], [ 75.22, 32.659 ], [ 75.213, 32.67 ], [ 75.197, 32.672 ], [ 75.188, 32.661 ], [ 75.172, 32.662 ], [ 75.165, 32.674 ], [ 75.149, 32.675 ], [ 75.142, 32.687 ], [ 75.126, 32.688 ], [ 75.12, 32.7 ], [ 75.104, 32.701 ], [ 75.097, 32.713 ], [ 75.081, 32.714 ], [ 75.074, 32.726 ], [ 75.058, 32.727 ], [ 75.052, 32.739 ], [ 75.036, 32.74 ], [ 75.026, 32.729 ], [ 75.01, 32.73 ], [ 75.004, 32.742 ], [ 75.013, 32.753 ], [ 75.006, 32.765 ], [ 75.016, 32.776 ] ] ] ] } },
{ "type": "Feature", "properties": { "POLYGON.ID": 612.0, "subregion": "India--Jammu and Kashmir--Udhampur--low Pir Panjal", "FILTER": "Jammu and Kashmir", "POLYGON": "India--Jammu and Kashmir--Udhampur--low Pir Panjal", "STATE": "Jammu and Kashmir", "COUNTY": "Udhampur", "OWNER": null }, "geometry": { "type": "MultiPolygon", "coordinates": [ [ [ [ 75.32, 32.892 ], [ 75.336, 32.891 ], [ 75.343, 32.879 ], [ 75.359, 32.878 ], [ 75.365, 32.866 ], [ 75.381, 32.865 ], [ 75.388, 32.853 ], [ 75.379, 32.842 ], [ 75.385, 32.83 ], [ 75.401, 32.829 ], [ 75.408, 32.817 ], [ 75.399, 32.806 ], [ 75.405, 32.794 ], [ 75.396, 32.783 ], [ 75.402, 32.771 ], [ 75.393, 32.761 ], [ 75.377, 32.762 ], [ 75.368, 32.751 ], [ 75.374, 32.739 ], [ 75.39, 32.738 ], [ 75.397, 32.726 ], [ 75.413, 32.725 ], [ 75.419, 32.713 ], [ 75.435, 32.712 ], [ 75.442, 32.7 ], [ 75.458, 32.699 ], [ 75.465, 32.687 ], [ 75.481, 32.686 ], [ 75.49, 32.696 ], [ 75.483, 32.708 ], [ 75.493, 32.719 ], [ 75.486, 32.731 ], [ 75.496, 32.742 ], [ 75.489, 32.754 ], [ 75.498, 32.764 ], [ 75.492, 32.776 ], [ 75.501, 32.787 ], [ 75.495, 32.799 ], [ 75.479, 32.8 ], [ 75.472, 32.812 ], [ 75.456, 32.813 ], [ 75.449, 32.825 ], [ 75.433, 32.826 ], [ 75.427, 32.838 ], [ 75.411, 32.84 ], [ 75.404, 32.852 ], [ 75.413, 32.862 ], [ 75.407, 32.874 ], [ 75.391, 32.875 ], [ 75.384, 32.887 ], [ 75.368, 32.889 ], [ 75.361, 32.901 ], [ 75.371, 32.911 ], [ 75.364, 32.923 ], [ 75.374, 32.934 ], [ 75.367, 32.946 ], [ 75.376, 32.957 ], [ 75.37, 32.969 ], [ 75.379, 32.98 ], [ 75.372, 32.992 ], [ 75.382, 33.002 ], [ 75.375, 33.014 ], [ 75.385, 33.025 ], [ 75.378, 33.037 ], [ 75.387, 33.048 ], [ 75.381, 33.06 ], [ 75.365, 33.061 ], [ 75.358, 33.073 ], [ 75.342, 33.074 ], [ 75.335, 33.086 ], [ 75.319, 33.087 ], [ 75.313, 33.099 ], [ 75.296, 33.1 ], [ 75.29, 33.112 ], [ 75.274, 33.113 ], [ 75.267, 33.125 ], [ 75.251, 33.127 ], [ 75.244, 33.139 ], [ 75.228, 33.14 ], [ 75.221, 33.152 ], [ 75.205, 33.153 ], [ 75.199, 33.165 ], [ 75.183, 33.166 ], [ 75.173, 33.155 ], [ 75.157, 33.156 ], [ 75.15, 33.168 ], [ 75.134, 33.169 ], [ 75.128, 33.181 ], [ 75.111, 33.182 ], [ 75.102, 33.172 ], [ 75.086, 33.173 ], [ 75.077, 33.162 ], [ 75.083, 33.15 ], [ 75.074, 33.139 ], [ 75.058, 33.14 ], [ 75.048, 33.129 ], [ 75.032, 33.13 ], [ 75.023, 33.12 ], [ 75.03, 33.108 ], [ 75.02, 33.097 ], [ 75.027, 33.085 ], [ 75.018, 33.074 ], [ 75.024, 33.062 ], [ 75.04, 33.061 ], [ 75.047, 33.049 ], [ 75.038, 33.038 ], [ 75.022, 33.039 ], [ 75.012, 33.028 ], [ 75.019, 33.017 ], [ 75.01, 33.006 ], [ 75.016, 32.994 ], [ 75.033, 32.993 ], [ 75.039, 32.981 ], [ 75.055, 32.98 ], [ 75.062, 32.968 ], [ 75.078, 32.967 ], [ 75.085, 32.955 ], [ 75.101, 32.953 ], [ 75.11, 32.964 ], [ 75.126, 32.963 ], [ 75.133, 32.951 ], [ 75.149, 32.95 ], [ 75.156, 32.938 ], [ 75.146, 32.927 ], [ 75.153, 32.915 ], [ 75.169, 32.914 ], [ 75.176, 32.902 ], [ 75.192, 32.901 ], [ 75.198, 32.889 ], [ 75.189, 32.878 ], [ 75.196, 32.866 ], [ 75.212, 32.865 ], [ 75.218, 32.853 ], [ 75.234, 32.852 ], [ 75.244, 32.863 ], [ 75.26, 32.862 ], [ 75.266, 32.85 ], [ 75.283, 32.849 ], [ 75.292, 32.86 ], [ 75.308, 32.858 ], [ 75.317, 32.869 ], [ 75.311, 32.881 ], [ 75.32, 32.892 ] ] ] ] } },
{ "type": "Feature", "properties": { "POLYGON.ID": 613.0, "subregion": "India--Jammu and Kashmir--Udhampur--Around Udhampur Town", "FILTER": "Jammu and Kashmir", "POLYGON": "India--Jammu and Kashmir--Udhampur--Around Udhampur Town", "STATE": "Jammu and Kashmir", "COUNTY": "Udhampur", "OWNER": null }, "geometry": { "type": "MultiPolygon", "coordinates": [ [ [ [ 75.399, 32.806 ], [ 75.408, 32.817 ], [ 75.401, 32.829 ], [ 75.385, 32.83 ], [ 75.379, 32.842 ], [ 75.388, 32.853 ], [ 75.381, 32.865 ], [ 75.365, 32.866 ], [ 75.359, 32.878 ], [ 75.343, 32.879 ], [ 75.336, 32.891 ], [ 75.32, 32.892 ], [ 75.311, 32.881 ], [ 75.317, 32.869 ], [ 75.308, 32.858 ], [ 75.292, 32.86 ], [ 75.283, 32.849 ], [ 75.266, 32.85 ], [ 75.26, 32.862 ], [ 75.244, 32.863 ], [ 75.234, 32.852 ], [ 75.218, 32.853 ], [ 75.212, 32.865 ], [ 75.196, 32.866 ], [ 75.189, 32.878 ], [ 75.198, 32.889 ], [ 75.192, 32.901 ], [ 75.176, 32.902 ], [ 75.169, 32.914 ], [ 75.153, 32.915 ], [ 75.146, 32.927 ], [ 75.156, 32.938 ], [ 75.149, 32.95 ], [ 75.133, 32.951 ], [ 75.126, 32.963 ], [ 75.11, 32.964 ], [ 75.101, 32.953 ], [ 75.085, 32.955 ], [ 75.078, 32.967 ], [ 75.062, 32.968 ], [ 75.055, 32.98 ], [ 75.039, 32.981 ], [ 75.033, 32.993 ], [ 75.016, 32.994 ], [ 75.01, 33.006 ], [ 74.994, 33.007 ], [ 74.984, 32.996 ], [ 74.968, 32.997 ], [ 74.959, 32.986 ], [ 74.943, 32.987 ], [ 74.933, 32.977 ], [ 74.94, 32.965 ], [ 74.931, 32.954 ], [ 74.938, 32.942 ], [ 74.954, 32.941 ], [ 74.96, 32.929 ], [ 74.976, 32.928 ], [ 74.983, 32.916 ], [ 74.999, 32.915 ], [ 75.006, 32.903 ], [ 75.022, 32.902 ], [ 75.029, 32.89 ], [ 75.045, 32.889 ], [ 75.051, 32.877 ], [ 75.067, 32.875 ], [ 75.074, 32.864 ], [ 75.09, 32.862 ], [ 75.097, 32.85 ], [ 75.113, 32.849 ], [ 75.12, 32.837 ], [ 75.136, 32.836 ], [ 75.142, 32.824 ], [ 75.158, 32.823 ], [ 75.165, 32.811 ], [ 75.181, 32.81 ], [ 75.188, 32.798 ], [ 75.204, 32.797 ], [ 75.21, 32.785 ], [ 75.226, 32.784 ], [ 75.233, 32.772 ], [ 75.249, 32.771 ], [ 75.256, 32.759 ], [ 75.272, 32.758 ], [ 75.278, 32.746 ], [ 75.294, 32.745 ], [ 75.301, 32.733 ], [ 75.317, 32.732 ], [ 75.324, 32.72 ], [ 75.34, 32.719 ], [ 75.349, 32.729 ], [ 75.365, 32.728 ], [ 75.374, 32.739 ], [ 75.368, 32.751 ], [ 75.377, 32.762 ], [ 75.393, 32.761 ], [ 75.402, 32.771 ], [ 75.396, 32.783 ], [ 75.405, 32.794 ], [ 75.399, 32.806 ] ] ] ] } },
{ "type": "Feature", "properties": { "POLYGON.ID": 614.0, "subregion": "India--Jammu and Kashmir--Udhampur--mid Pir Panjal", "FILTER": "Jammu and Kashmir", "POLYGON": "India--Jammu and Kashmir--Udhampur--mid Pir Panjal", "STATE": "Jammu and Kashmir", "COUNTY": "Udhampur", "OWNER": null }, "geometry": { "type": "MultiPolygon", "coordinates": [ [ [ [ 75.45, 32.963 ], [ 75.443, 32.975 ], [ 75.453, 32.986 ], [ 75.446, 32.998 ], [ 75.43, 32.999 ], [ 75.423, 33.011 ], [ 75.433, 33.022 ], [ 75.426, 33.034 ], [ 75.41, 33.035 ], [ 75.403, 33.047 ], [ 75.387, 33.048 ], [ 75.378, 33.037 ], [ 75.385, 33.025 ], [ 75.375, 33.014 ], [ 75.382, 33.002 ], [ 75.372, 32.992 ], [ 75.379, 32.98 ], [ 75.37, 32.969 ], [ 75.376, 32.957 ], [ 75.367, 32.946 ], [ 75.374, 32.934 ], [ 75.364, 32.923 ], [ 75.371, 32.911 ], [ 75.361, 32.901 ], [ 75.368, 32.889 ], [ 75.384, 32.887 ], [ 75.391, 32.875 ], [ 75.407, 32.874 ], [ 75.413, 32.862 ], [ 75.404, 32.852 ], [ 75.411, 32.84 ], [ 75.427, 32.838 ], [ 75.433, 32.826 ], [ 75.449, 32.825 ], [ 75.456, 32.813 ], [ 75.472, 32.812 ], [ 75.479, 32.8 ], [ 75.495, 32.799 ], [ 75.501, 32.787 ], [ 75.492, 32.776 ], [ 75.498, 32.764 ], [ 75.514, 32.763 ], [ 75.524, 32.774 ], [ 75.54, 32.773 ], [ 75.549, 32.784 ], [ 75.565, 32.782 ], [ 75.572, 32.771 ], [ 75.588, 32.769 ], [ 75.597, 32.78 ], [ 75.613, 32.779 ], [ 75.623, 32.79 ], [ 75.639, 32.788 ], [ 75.648, 32.799 ], [ 75.664, 32.798 ], [ 75.673, 32.809 ], [ 75.689, 32.808 ], [ 75.699, 32.818 ], [ 75.692, 32.83 ], [ 75.702, 32.841 ], [ 75.695, 32.853 ], [ 75.679, 32.854 ], [ 75.672, 32.866 ], [ 75.682, 32.877 ], [ 75.675, 32.889 ], [ 75.685, 32.9 ], [ 75.678, 32.912 ], [ 75.662, 32.913 ], [ 75.656, 32.925 ], [ 75.64, 32.926 ], [ 75.633, 32.938 ], [ 75.617, 32.939 ], [ 75.61, 32.951 ], [ 75.594, 32.952 ], [ 75.588, 32.964 ], [ 75.572, 32.966 ], [ 75.562, 32.955 ], [ 75.546, 32.956 ], [ 75.537, 32.945 ], [ 75.521, 32.946 ], [ 75.514, 32.958 ], [ 75.498, 32.959 ], [ 75.489, 32.949 ], [ 75.473, 32.95 ], [ 75.466, 32.962 ], [ 75.45, 32.963 ] ] ] ] } },
{ "type": "Feature", "properties": { "POLYGON.ID": 615.0, "subregion": "India--Jammu and Kashmir--Udhampur--upper Shivaliks", "FILTER": "Jammu and Kashmir", "POLYGON": "India--Jammu and Kashmir--Udhampur--upper Shivaliks", "STATE": "Jammu and Kashmir", "COUNTY": "Udhampur", "OWNER": null }, "geometry": { "type": "MultiPolygon", "coordinates": [ [ [ [ 75.244, 32.726 ], [ 75.25, 32.714 ], [ 75.266, 32.712 ], [ 75.273, 32.701 ], [ 75.289, 32.699 ], [ 75.295, 32.687 ], [ 75.311, 32.686 ], [ 75.321, 32.697 ], [ 75.337, 32.696 ], [ 75.343, 32.684 ], [ 75.359, 32.683 ], [ 75.369, 32.694 ], [ 75.385, 32.693 ], [ 75.391, 32.681 ], [ 75.407, 32.679 ], [ 75.417, 32.69 ], [ 75.433, 32.689 ], [ 75.439, 32.677 ], [ 75.455, 32.676 ], [ 75.465, 32.687 ], [ 75.458, 32.699 ], [ 75.442, 32.7 ], [ 75.435, 32.712 ], [ 75.419, 32.713 ], [ 75.413, 32.725 ], [ 75.397, 32.726 ], [ 75.39, 32.738 ], [ 75.374, 32.739 ], [ 75.365, 32.728 ], [ 75.349, 32.729 ], [ 75.34, 32.719 ], [ 75.324, 32.72 ], [ 75.317, 32.732 ], [ 75.301, 32.733 ], [ 75.294, 32.745 ], [ 75.278, 32.746 ], [ 75.272, 32.758 ], [ 75.256, 32.759 ], [ 75.249, 32.771 ], [ 75.233, 32.772 ], [ 75.226, 32.784 ], [ 75.21, 32.785 ], [ 75.204, 32.797 ], [ 75.188, 32.798 ], [ 75.181, 32.81 ], [ 75.165, 32.811 ], [ 75.158, 32.823 ], [ 75.142, 32.824 ], [ 75.136, 32.836 ], [ 75.12, 32.837 ], [ 75.113, 32.849 ], [ 75.097, 32.85 ], [ 75.09, 32.862 ], [ 75.074, 32.864 ], [ 75.067, 32.875 ], [ 75.051, 32.877 ], [ 75.045, 32.889 ], [ 75.029, 32.89 ], [ 75.022, 32.902 ], [ 75.006, 32.903 ], [ 74.999, 32.915 ], [ 74.983, 32.916 ], [ 74.976, 32.928 ], [ 74.96, 32.929 ], [ 74.954, 32.941 ], [ 74.938, 32.942 ], [ 74.931, 32.954 ], [ 74.94, 32.965 ], [ 74.933, 32.977 ], [ 74.917, 32.978 ], [ 74.908, 32.967 ], [ 74.915, 32.955 ], [ 74.906, 32.944 ], [ 74.912, 32.932 ], [ 74.903, 32.921 ], [ 74.91, 32.909 ], [ 74.9, 32.898 ], [ 74.907, 32.887 ], [ 74.923, 32.885 ], [ 74.932, 32.896 ], [ 74.948, 32.895 ], [ 74.958, 32.906 ], [ 74.974, 32.905 ], [ 74.981, 32.893 ], [ 74.997, 32.892 ], [ 75.003, 32.88 ], [ 75.019, 32.879 ], [ 75.026, 32.867 ], [ 75.042, 32.866 ], [ 75.049, 32.854 ], [ 75.065, 32.853 ], [ 75.072, 32.841 ], [ 75.088, 32.84 ], [ 75.094, 32.828 ], [ 75.11, 32.827 ], [ 75.117, 32.815 ], [ 75.108, 32.804 ], [ 75.114, 32.792 ], [ 75.13, 32.791 ], [ 75.137, 32.779 ], [ 75.153, 32.778 ], [ 75.16, 32.766 ], [ 75.176, 32.765 ], [ 75.182, 32.753 ], [ 75.198, 32.752 ], [ 75.205, 32.74 ], [ 75.221, 32.739 ], [ 75.228, 32.727 ], [ 75.244, 32.726 ] ] ] ] } },
{ "type": "Feature", "properties": { "POLYGON.ID": 616.0, "subregion": "India--Jammu and Kashmir--Ramban--mid Pir Panjal", "FILTER": "Jammu and Kashmir", "POLYGON": "India--Jammu and Kashmir--Ramban--mid Pir Panjal", "STATE": "Jammu and Kashmir", "COUNTY": "Jammu", "OWNER": null }, "geometry": { "type": "MultiPolygon", "coordinates": [ [ [ [ 75.378, 33.371 ], [ 75.371, 33.383 ], [ 75.355, 33.384 ], [ 75.348, 33.396 ], [ 75.332, 33.397 ], [ 75.325, 33.409 ], [ 75.309, 33.41 ], [ 75.303, 33.422 ], [ 75.286, 33.423 ], [ 75.28, 33.435 ], [ 75.289, 33.446 ], [ 75.282, 33.458 ], [ 75.266, 33.459 ], [ 75.26, 33.471 ], [ 75.243, 33.472 ], [ 75.237, 33.484 ], [ 75.246, 33.495 ], [ 75.239, 33.507 ], [ 75.223, 33.508 ], [ 75.217, 33.52 ], [ 75.2, 33.522 ], [ 75.191, 33.511 ], [ 75.175, 33.512 ], [ 75.168, 33.524 ], [ 75.177, 33.535 ], [ 75.171, 33.547 ], [ 75.18, 33.558 ], [ 75.173, 33.57 ], [ 75.157, 33.571 ], [ 75.15, 33.583 ], [ 75.134, 33.584 ], [ 75.127, 33.596 ], [ 75.111, 33.597 ], [ 75.102, 33.586 ], [ 75.109, 33.574 ], [ 75.099, 33.563 ], [ 75.083, 33.564 ], [ 75.073, 33.554 ], [ 75.08, 33.542 ], [ 75.071, 33.531 ], [ 75.078, 33.519 ], [ 75.068, 33.508 ], [ 75.075, 33.496 ], [ 75.091, 33.495 ], [ 75.098, 33.483 ], [ 75.088, 33.472 ], [ 75.072, 33.473 ], [ 75.063, 33.462 ], [ 75.047, 33.463 ], [ 75.037, 33.452 ], [ 75.044, 33.44 ], [ 75.034, 33.429 ], [ 75.041, 33.418 ], [ 75.032, 33.407 ], [ 75.016, 33.408 ], [ 75.006, 33.397 ], [ 75.013, 33.385 ], [ 75.029, 33.384 ], [ 75.036, 33.372 ], [ 75.052, 33.371 ], [ 75.059, 33.359 ], [ 75.049, 33.348 ], [ 75.056, 33.336 ], [ 75.072, 33.335 ], [ 75.079, 33.323 ], [ 75.095, 33.322 ], [ 75.102, 33.31 ], [ 75.118, 33.309 ], [ 75.125, 33.297 ], [ 75.115, 33.286 ], [ 75.122, 33.274 ], [ 75.138, 33.273 ], [ 75.148, 33.283 ], [ 75.141, 33.295 ], [ 75.15, 33.306 ], [ 75.167, 33.305 ], [ 75.176, 33.316 ], [ 75.169, 33.328 ], [ 75.179, 33.339 ], [ 75.172, 33.351 ], [ 75.156, 33.352 ], [ 75.149, 33.364 ], [ 75.158, 33.375 ], [ 75.152, 33.387 ], [ 75.161, 33.398 ], [ 75.177, 33.396 ], [ 75.187, 33.407 ], [ 75.203, 33.406 ], [ 75.21, 33.394 ], [ 75.2, 33.383 ], [ 75.207, 33.371 ], [ 75.197, 33.36 ], [ 75.204, 33.348 ], [ 75.22, 33.347 ], [ 75.227, 33.335 ], [ 75.218, 33.325 ], [ 75.224, 33.313 ], [ 75.215, 33.302 ], [ 75.199, 33.303 ], [ 75.189, 33.292 ], [ 75.196, 33.28 ], [ 75.212, 33.279 ], [ 75.219, 33.267 ], [ 75.235, 33.266 ], [ 75.242, 33.254 ], [ 75.258, 33.253 ], [ 75.265, 33.241 ], [ 75.281, 33.239 ], [ 75.287, 33.227 ], [ 75.303, 33.226 ], [ 75.31, 33.214 ], [ 75.326, 33.213 ], [ 75.336, 33.224 ], [ 75.352, 33.223 ], [ 75.361, 33.234 ], [ 75.377, 33.233 ], [ 75.387, 33.243 ], [ 75.38, 33.255 ], [ 75.39, 33.266 ], [ 75.383, 33.278 ], [ 75.392, 33.289 ], [ 75.386, 33.301 ], [ 75.395, 33.312 ], [ 75.388, 33.324 ], [ 75.398, 33.335 ], [ 75.391, 33.347 ], [ 75.401, 33.357 ], [ 75.394, 33.369 ], [ 75.378, 33.371 ] ] ] ] } },
{ "type": "Feature", "properties": { "POLYGON.ID": 617.0, "subregion": "India--Jammu and Kashmir--Jammu--Shivaliks", "FILTER": "Jammu and Kashmir", "POLYGON": "India--Jammu and Kashmir--Jammu--Shivaliks", "STATE": "Jammu and Kashmir", "COUNTY": "Jammu", "OWNER": null }, "geometry": { "type": "MultiPolygon", "coordinates": [ [ [ [ 74.793, 32.952 ], [ 74.784, 32.941 ], [ 74.791, 32.929 ], [ 74.781, 32.918 ], [ 74.788, 32.906 ], [ 74.779, 32.895 ], [ 74.785, 32.883 ], [ 74.801, 32.882 ], [ 74.808, 32.87 ], [ 74.799, 32.86 ], [ 74.806, 32.848 ], [ 74.796, 32.837 ], [ 74.803, 32.825 ], [ 74.794, 32.814 ], [ 74.801, 32.802 ], [ 74.817, 32.801 ], [ 74.823, 32.789 ], [ 74.839, 32.788 ], [ 74.846, 32.776 ], [ 74.837, 32.765 ], [ 74.843, 32.753 ], [ 74.86, 32.752 ], [ 74.866, 32.74 ], [ 74.882, 32.739 ], [ 74.892, 32.75 ], [ 74.885, 32.762 ], [ 74.894, 32.773 ], [ 74.91, 32.772 ], [ 74.919, 32.783 ], [ 74.935, 32.781 ], [ 74.942, 32.77 ], [ 74.958, 32.768 ], [ 74.967, 32.779 ], [ 74.961, 32.791 ], [ 74.97, 32.802 ], [ 74.986, 32.801 ], [ 74.993, 32.789 ], [ 75.009, 32.788 ], [ 75.016, 32.776 ], [ 75.006, 32.765 ], [ 75.013, 32.753 ], [ 75.004, 32.742 ], [ 75.01, 32.73 ], [ 75.026, 32.729 ], [ 75.036, 32.74 ], [ 75.052, 32.739 ], [ 75.058, 32.727 ], [ 75.074, 32.726 ], [ 75.081, 32.714 ], [ 75.097, 32.713 ], [ 75.106, 32.724 ], [ 75.1, 32.736 ], [ 75.109, 32.746 ], [ 75.125, 32.745 ], [ 75.134, 32.756 ], [ 75.15, 32.755 ], [ 75.16, 32.766 ], [ 75.153, 32.778 ], [ 75.137, 32.779 ], [ 75.13, 32.791 ], [ 75.114, 32.792 ], [ 75.108, 32.804 ], [ 75.117, 32.815 ], [ 75.11, 32.827 ], [ 75.094, 32.828 ], [ 75.088, 32.84 ], [ 75.072, 32.841 ], [ 75.065, 32.853 ], [ 75.049, 32.854 ], [ 75.042, 32.866 ], [ 75.026, 32.867 ], [ 75.019, 32.879 ], [ 75.003, 32.88 ], [ 74.997, 32.892 ], [ 74.981, 32.893 ], [ 74.974, 32.905 ], [ 74.958, 32.906 ], [ 74.948, 32.895 ], [ 74.932, 32.896 ], [ 74.923, 32.885 ], [ 74.907, 32.887 ], [ 74.9, 32.898 ], [ 74.91, 32.909 ], [ 74.903, 32.921 ], [ 74.887, 32.922 ], [ 74.88, 32.934 ], [ 74.889, 32.945 ], [ 74.883, 32.957 ], [ 74.867, 32.958 ], [ 74.857, 32.947 ], [ 74.841, 32.948 ], [ 74.835, 32.96 ], [ 74.844, 32.971 ], [ 74.837, 32.983 ], [ 74.821, 32.984 ], [ 74.814, 32.996 ], [ 74.798, 32.997 ], [ 74.791, 33.009 ], [ 74.775, 33.01 ], [ 74.769, 33.022 ], [ 74.752, 33.023 ], [ 74.746, 33.035 ], [ 74.73, 33.036 ], [ 74.72, 33.025 ], [ 74.704, 33.027 ], [ 74.697, 33.038 ], [ 74.681, 33.04 ], [ 74.672, 33.029 ], [ 74.679, 33.017 ], [ 74.67, 33.006 ], [ 74.653, 33.007 ], [ 74.647, 33.019 ], [ 74.631, 33.02 ], [ 74.621, 33.009 ], [ 74.628, 32.997 ], [ 74.619, 32.986 ], [ 74.603, 32.987 ], [ 74.596, 32.999 ], [ 74.58, 33.0 ], [ 74.571, 32.989 ], [ 74.577, 32.978 ], [ 74.568, 32.967 ], [ 74.552, 32.968 ], [ 74.545, 32.98 ], [ 74.529, 32.981 ], [ 74.522, 32.993 ], [ 74.506, 32.994 ], [ 74.497, 32.983 ], [ 74.481, 32.984 ], [ 74.472, 32.973 ], [ 74.456, 32.974 ], [ 74.446, 32.963 ], [ 74.453, 32.951 ], [ 74.444, 32.94 ], [ 74.428, 32.941 ], [ 74.421, 32.953 ], [ 74.405, 32.954 ], [ 74.396, 32.943 ], [ 74.38, 32.944 ], [ 74.373, 32.956 ], [ 74.357, 32.957 ], [ 74.35, 32.969 ], [ 74.334, 32.97 ], [ 74.324, 32.959 ], [ 74.331, 32.948 ], [ 74.322, 32.937 ], [ 74.329, 32.925 ], [ 74.345, 32.924 ], [ 74.352, 32.912 ], [ 74.368, 32.911 ], [ 74.375, 32.899 ], [ 74.391, 32.898 ], [ 74.398, 32.886 ], [ 74.414, 32.885 ], [ 74.42, 32.873 ], [ 74.411, 32.862 ], [ 74.418, 32.85 ], [ 74.434, 32.849 ], [ 74.443, 32.86 ], [ 74.459, 32.859 ], [ 74.469, 32.87 ], [ 74.485, 32.869 ], [ 74.494, 32.88 ], [ 74.51, 32.879 ], [ 74.517, 32.867 ], [ 74.533, 32.866 ], [ 74.542, 32.877 ], [ 74.558, 32.876 ], [ 74.567, 32.886 ], [ 74.583, 32.885 ], [ 74.593, 32.896 ], [ 74.609, 32.895 ], [ 74.618, 32.906 ], [ 74.634, 32.905 ], [ 74.643, 32.916 ], [ 74.659, 32.915 ], [ 74.669, 32.926 ], [ 74.685, 32.925 ], [ 74.694, 32.935 ], [ 74.71, 32.934 ], [ 74.719, 32.945 ], [ 74.713, 32.957 ], [ 74.722, 32.968 ], [ 74.738, 32.967 ], [ 74.747, 32.978 ], [ 74.763, 32.977 ], [ 74.77, 32.965 ], [ 74.786, 32.964 ], [ 74.793, 32.952 ] ] ] ] } },
{ "type": "Feature", "properties": { "POLYGON.ID": 618.0, "subregion": "India--Jammu and Kashmir--Ramban--low Pir Panjal", "FILTER": "Jammu and Kashmir", "POLYGON": "India--Jammu and Kashmir--Ramban--low Pir Panjal", "STATE": "Jammu and Kashmir", "COUNTY": "Jammu", "OWNER": null }, "geometry": { "type": "MultiPolygon", "coordinates": [ [ [ [ 75.14, 33.215 ], [ 75.13, 33.204 ], [ 75.114, 33.205 ], [ 75.105, 33.194 ], [ 75.111, 33.182 ], [ 75.128, 33.181 ], [ 75.134, 33.169 ], [ 75.15, 33.168 ], [ 75.157, 33.156 ], [ 75.173, 33.155 ], [ 75.183, 33.166 ], [ 75.199, 33.165 ], [ 75.205, 33.153 ], [ 75.221, 33.152 ], [ 75.228, 33.14 ], [ 75.244, 33.139 ], [ 75.251, 33.127 ], [ 75.267, 33.125 ], [ 75.274, 33.113 ], [ 75.29, 33.112 ], [ 75.296, 33.1 ], [ 75.313, 33.099 ], [ 75.319, 33.087 ], [ 75.335, 33.086 ], [ 75.342, 33.074 ], [ 75.358, 33.073 ], [ 75.365, 33.061 ], [ 75.381, 33.06 ], [ 75.39, 33.071 ], [ 75.384, 33.083 ], [ 75.393, 33.093 ], [ 75.386, 33.105 ], [ 75.37, 33.107 ], [ 75.364, 33.119 ], [ 75.347, 33.12 ], [ 75.341, 33.132 ], [ 75.35, 33.142 ], [ 75.344, 33.154 ], [ 75.327, 33.156 ], [ 75.321, 33.168 ], [ 75.33, 33.178 ], [ 75.346, 33.177 ], [ 75.356, 33.188 ], [ 75.349, 33.2 ], [ 75.358, 33.211 ], [ 75.352, 33.223 ], [ 75.336, 33.224 ], [ 75.326, 33.213 ], [ 75.31, 33.214 ], [ 75.303, 33.226 ], [ 75.287, 33.227 ], [ 75.281, 33.239 ], [ 75.265, 33.241 ], [ 75.258, 33.253 ], [ 75.242, 33.254 ], [ 75.235, 33.266 ], [ 75.219, 33.267 ], [ 75.212, 33.279 ], [ 75.196, 33.28 ], [ 75.189, 33.292 ], [ 75.199, 33.303 ], [ 75.215, 33.302 ], [ 75.224, 33.313 ], [ 75.218, 33.325 ], [ 75.227, 33.335 ], [ 75.22, 33.347 ], [ 75.204, 33.348 ], [ 75.197, 33.36 ], [ 75.207, 33.371 ], [ 75.2, 33.383 ], [ 75.21, 33.394 ], [ 75.203, 33.406 ], [ 75.187, 33.407 ], [ 75.177, 33.396 ], [ 75.161, 33.398 ], [ 75.152, 33.387 ], [ 75.158, 33.375 ], [ 75.149, 33.364 ], [ 75.156, 33.352 ], [ 75.172, 33.351 ], [ 75.179, 33.339 ], [ 75.169, 33.328 ], [ 75.176, 33.316 ], [ 75.167, 33.305 ], [ 75.15, 33.306 ], [ 75.141, 33.295 ], [ 75.148, 33.283 ], [ 75.138, 33.273 ], [ 75.145, 33.261 ], [ 75.136, 33.25 ], [ 75.142, 33.238 ], [ 75.133, 33.227 ], [ 75.14, 33.215 ] ] ] ] } },
{ "type": "Feature", "properties": { "POLYGON.ID": 619.0, "subregion": "India--Jammu and Kashmir--Doda--low Himalaya", "FILTER": "Jammu and Kashmir", "POLYGON": "India--Jammu and Kashmir--Doda--low Himalaya", "STATE": "Jammu and Kashmir", "COUNTY": "Doda", "OWNER": null }, "geometry": { "type": "MultiPolygon", "coordinates": [ [ [ [ 75.597, 33.17 ], [ 75.591, 33.182 ], [ 75.574, 33.184 ], [ 75.568, 33.196 ], [ 75.552, 33.197 ], [ 75.542, 33.186 ], [ 75.526, 33.187 ], [ 75.52, 33.199 ], [ 75.503, 33.2 ], [ 75.494, 33.19 ], [ 75.478, 33.191 ], [ 75.471, 33.203 ], [ 75.455, 33.204 ], [ 75.446, 33.193 ], [ 75.43, 33.194 ], [ 75.423, 33.206 ], [ 75.407, 33.207 ], [ 75.397, 33.197 ], [ 75.381, 33.198 ], [ 75.375, 33.21 ], [ 75.358, 33.211 ], [ 75.349, 33.2 ], [ 75.356, 33.188 ], [ 75.346, 33.177 ], [ 75.33, 33.178 ], [ 75.321, 33.168 ], [ 75.327, 33.156 ], [ 75.344, 33.154 ], [ 75.35, 33.142 ], [ 75.341, 33.132 ], [ 75.347, 33.12 ], [ 75.364, 33.119 ], [ 75.37, 33.107 ], [ 75.386, 33.105 ], [ 75.396, 33.116 ], [ 75.412, 33.115 ], [ 75.418, 33.103 ], [ 75.435, 33.102 ], [ 75.444, 33.113 ], [ 75.46, 33.112 ], [ 75.469, 33.122 ], [ 75.486, 33.121 ], [ 75.495, 33.132 ], [ 75.511, 33.131 ], [ 75.518, 33.119 ], [ 75.534, 33.118 ], [ 75.543, 33.128 ], [ 75.559, 33.127 ], [ 75.566, 33.115 ], [ 75.582, 33.114 ], [ 75.591, 33.125 ], [ 75.608, 33.124 ], [ 75.614, 33.112 ], [ 75.63, 33.11 ], [ 75.64, 33.121 ], [ 75.656, 33.12 ], [ 75.665, 33.131 ], [ 75.681, 33.13 ], [ 75.691, 33.14 ], [ 75.707, 33.139 ], [ 75.713, 33.127 ], [ 75.73, 33.126 ], [ 75.739, 33.137 ], [ 75.755, 33.136 ], [ 75.762, 33.124 ], [ 75.778, 33.122 ], [ 75.787, 33.133 ], [ 75.803, 33.132 ], [ 75.813, 33.143 ], [ 75.806, 33.155 ], [ 75.79, 33.156 ], [ 75.784, 33.168 ], [ 75.793, 33.179 ], [ 75.786, 33.191 ], [ 75.77, 33.192 ], [ 75.761, 33.181 ], [ 75.745, 33.182 ], [ 75.735, 33.172 ], [ 75.719, 33.173 ], [ 75.713, 33.185 ], [ 75.697, 33.186 ], [ 75.69, 33.198 ], [ 75.674, 33.199 ], [ 75.664, 33.188 ], [ 75.648, 33.19 ], [ 75.639, 33.179 ], [ 75.623, 33.18 ], [ 75.613, 33.169 ], [ 75.597, 33.17 ] ] ] ] } },
{ "type": "Feature", "properties": { "POLYGON.ID": 620.0, "subregion": "India--Jammu and Kashmir--Kishtwar--low Himalaya", "FILTER": "Jammu and Kashmir", "POLYGON": "India--Jammu and Kashmir--Kishtwar--low Himalaya", "STATE": "Jammu and Kashmir", "COUNTY": "Kishtwar", "OWNER": null }, "geometry": { "type": "MultiPolygon", "coordinates": [ [ [ [ 75.677, 33.418 ], [ 75.667, 33.407 ], [ 75.651, 33.408 ], [ 75.645, 33.42 ], [ 75.629, 33.421 ], [ 75.622, 33.433 ], [ 75.606, 33.435 ], [ 75.596, 33.424 ], [ 75.603, 33.412 ], [ 75.619, 33.41 ], [ 75.626, 33.398 ], [ 75.642, 33.397 ], [ 75.648, 33.385 ], [ 75.665, 33.384 ], [ 75.671, 33.372 ], [ 75.687, 33.371 ], [ 75.694, 33.359 ], [ 75.71, 33.358 ], [ 75.717, 33.346 ], [ 75.733, 33.344 ], [ 75.739, 33.332 ], [ 75.73, 33.322 ], [ 75.737, 33.31 ], [ 75.727, 33.299 ], [ 75.734, 33.287 ], [ 75.75, 33.286 ], [ 75.756, 33.274 ], [ 75.747, 33.263 ], [ 75.754, 33.251 ], [ 75.744, 33.24 ], [ 75.751, 33.228 ], [ 75.767, 33.227 ], [ 75.773, 33.215 ], [ 75.764, 33.204 ], [ 75.77, 33.192 ], [ 75.786, 33.191 ], [ 75.793, 33.179 ], [ 75.784, 33.168 ], [ 75.79, 33.156 ], [ 75.806, 33.155 ], [ 75.813, 33.143 ], [ 75.829, 33.142 ], [ 75.835, 33.13 ], [ 75.852, 33.128 ], [ 75.861, 33.139 ], [ 75.877, 33.138 ], [ 75.884, 33.126 ], [ 75.9, 33.125 ], [ 75.909, 33.135 ], [ 75.925, 33.134 ], [ 75.932, 33.122 ], [ 75.948, 33.121 ], [ 75.954, 33.109 ], [ 75.971, 33.108 ], [ 75.98, 33.118 ], [ 75.996, 33.117 ], [ 76.006, 33.128 ], [ 75.999, 33.14 ], [ 75.983, 33.141 ], [ 75.976, 33.153 ], [ 75.96, 33.154 ], [ 75.954, 33.166 ], [ 75.938, 33.168 ], [ 75.931, 33.18 ], [ 75.941, 33.19 ], [ 75.934, 33.202 ], [ 75.918, 33.204 ], [ 75.912, 33.216 ], [ 75.895, 33.217 ], [ 75.889, 33.229 ], [ 75.873, 33.23 ], [ 75.866, 33.242 ], [ 75.85, 33.243 ], [ 75.844, 33.255 ], [ 75.853, 33.266 ], [ 75.846, 33.278 ], [ 75.83, 33.279 ], [ 75.824, 33.291 ], [ 75.833, 33.302 ], [ 75.827, 33.314 ], [ 75.811, 33.315 ], [ 75.804, 33.328 ], [ 75.788, 33.329 ], [ 75.781, 33.341 ], [ 75.765, 33.342 ], [ 75.759, 33.354 ], [ 75.768, 33.365 ], [ 75.761, 33.377 ], [ 75.745, 33.378 ], [ 75.739, 33.39 ], [ 75.723, 33.391 ], [ 75.716, 33.403 ], [ 75.7, 33.404 ], [ 75.693, 33.416 ], [ 75.677, 33.418 ] ] ] ] } },
{ "type": "Feature", "properties": { "POLYGON.ID": 636.0, "subregion": "India--Jammu and Kashmir--Muzaffarabad--high Himalaya", "FILTER": "Jammu and Kashmir", "POLYGON": "India--Jammu and Kashmir--Muzaffarabad--high Himalaya", "STATE": "Jammu and Kashmir", "COUNTY": "Muzaffarabad", "OWNER": null }, "geometry": { "type": "MultiPolygon", "coordinates": [ [ [ [ 74.197, 34.805 ], [ 74.204, 34.793 ], [ 74.221, 34.792 ], [ 74.23, 34.803 ], [ 74.247, 34.802 ], [ 74.254, 34.789 ], [ 74.271, 34.788 ], [ 74.278, 34.776 ], [ 74.294, 34.775 ], [ 74.304, 34.786 ], [ 74.32, 34.785 ], [ 74.327, 34.773 ], [ 74.344, 34.772 ], [ 74.351, 34.76 ], [ 74.367, 34.759 ], [ 74.377, 34.77 ], [ 74.393, 34.769 ], [ 74.403, 34.78 ], [ 74.42, 34.779 ], [ 74.427, 34.767 ], [ 74.443, 34.766 ], [ 74.453, 34.777 ], [ 74.469, 34.776 ], [ 74.479, 34.787 ], [ 74.495, 34.786 ], [ 74.502, 34.774 ], [ 74.519, 34.772 ], [ 74.528, 34.783 ], [ 74.545, 34.782 ], [ 74.552, 34.77 ], [ 74.568, 34.769 ], [ 74.575, 34.757 ], [ 74.592, 34.756 ], [ 74.599, 34.744 ], [ 74.589, 34.733 ], [ 74.596, 34.721 ], [ 74.613, 34.72 ], [ 74.62, 34.708 ], [ 74.636, 34.707 ], [ 74.643, 34.694 ], [ 74.66, 34.693 ], [ 74.667, 34.681 ], [ 74.683, 34.68 ], [ 74.69, 34.668 ], [ 74.707, 34.667 ], [ 74.716, 34.678 ], [ 74.733, 34.677 ], [ 74.74, 34.665 ], [ 74.756, 34.664 ], [ 74.766, 34.675 ], [ 74.782, 34.674 ], [ 74.789, 34.661 ], [ 74.806, 34.66 ], [ 74.815, 34.671 ], [ 74.832, 34.67 ], [ 74.839, 34.658 ], [ 74.855, 34.657 ], [ 74.865, 34.668 ], [ 74.881, 34.667 ], [ 74.888, 34.655 ], [ 74.905, 34.654 ], [ 74.914, 34.665 ], [ 74.931, 34.663 ], [ 74.938, 34.651 ], [ 74.954, 34.65 ], [ 74.961, 34.638 ], [ 74.978, 34.637 ], [ 74.984, 34.625 ], [ 75.001, 34.624 ], [ 75.01, 34.635 ], [ 75.027, 34.634 ], [ 75.034, 34.621 ], [ 75.05, 34.62 ], [ 75.06, 34.631 ], [ 75.076, 34.63 ], [ 75.086, 34.641 ], [ 75.102, 34.64 ], [ 75.112, 34.651 ], [ 75.129, 34.65 ], [ 75.135, 34.638 ], [ 75.152, 34.636 ], [ 75.162, 34.647 ], [ 75.178, 34.646 ], [ 75.188, 34.657 ], [ 75.204, 34.656 ], [ 75.211, 34.644 ], [ 75.227, 34.643 ], [ 75.237, 34.654 ], [ 75.23, 34.666 ], [ 75.24, 34.677 ], [ 75.233, 34.689 ], [ 75.243, 34.7 ], [ 75.259, 34.699 ], [ 75.269, 34.709 ], [ 75.262, 34.722 ], [ 75.272, 34.733 ], [ 75.265, 34.745 ], [ 75.248, 34.746 ], [ 75.241, 34.758 ], [ 75.225, 34.759 ], [ 75.218, 34.771 ], [ 75.228, 34.782 ], [ 75.221, 34.794 ], [ 75.204, 34.796 ], [ 75.197, 34.808 ], [ 75.181, 34.809 ], [ 75.174, 34.821 ], [ 75.157, 34.822 ], [ 75.151, 34.834 ], [ 75.16, 34.845 ], [ 75.153, 34.857 ], [ 75.137, 34.858 ], [ 75.13, 34.871 ], [ 75.113, 34.872 ], [ 75.106, 34.884 ], [ 75.09, 34.885 ], [ 75.08, 34.874 ], [ 75.087, 34.862 ], [ 75.078, 34.851 ], [ 75.061, 34.852 ], [ 75.051, 34.841 ], [ 75.058, 34.829 ], [ 75.049, 34.818 ], [ 75.032, 34.819 ], [ 75.023, 34.808 ], [ 75.006, 34.809 ], [ 74.996, 34.798 ], [ 74.98, 34.8 ], [ 74.97, 34.789 ], [ 74.954, 34.79 ], [ 74.944, 34.779 ], [ 74.928, 34.78 ], [ 74.921, 34.792 ], [ 74.904, 34.793 ], [ 74.897, 34.805 ], [ 74.881, 34.806 ], [ 74.871, 34.795 ], [ 74.855, 34.797 ], [ 74.848, 34.809 ], [ 74.831, 34.81 ], [ 74.824, 34.822 ], [ 74.808, 34.823 ], [ 74.798, 34.812 ], [ 74.781, 34.813 ], [ 74.775, 34.825 ], [ 74.758, 34.826 ], [ 74.751, 34.838 ], [ 74.734, 34.84 ], [ 74.728, 34.852 ], [ 74.711, 34.853 ], [ 74.704, 34.865 ], [ 74.687, 34.866 ], [ 74.68, 34.878 ], [ 74.664, 34.879 ], [ 74.657, 34.891 ], [ 74.64, 34.892 ], [ 74.631, 34.881 ], [ 74.614, 34.883 ], [ 74.607, 34.895 ], [ 74.591, 34.896 ], [ 74.584, 34.908 ], [ 74.593, 34.919 ], [ 74.586, 34.931 ], [ 74.57, 34.932 ], [ 74.563, 34.944 ], [ 74.572, 34.955 ], [ 74.565, 34.967 ], [ 74.575, 34.978 ], [ 74.568, 34.99 ], [ 74.577, 35.001 ], [ 74.57, 35.014 ], [ 74.554, 35.015 ], [ 74.547, 35.027 ], [ 74.556, 35.038 ], [ 74.549, 35.05 ], [ 74.533, 35.051 ], [ 74.526, 35.063 ], [ 74.509, 35.064 ], [ 74.502, 35.076 ], [ 74.512, 35.087 ], [ 74.504, 35.099 ], [ 74.488, 35.101 ], [ 74.478, 35.089 ], [ 74.462, 35.091 ], [ 74.455, 35.103 ], [ 74.438, 35.104 ], [ 74.428, 35.093 ], [ 74.435, 35.081 ], [ 74.426, 35.07 ], [ 74.409, 35.071 ], [ 74.4, 35.06 ], [ 74.383, 35.061 ], [ 74.374, 35.05 ], [ 74.357, 35.051 ], [ 74.35, 35.063 ], [ 74.333, 35.064 ], [ 74.324, 35.053 ], [ 74.307, 35.054 ], [ 74.298, 35.043 ], [ 74.281, 35.044 ], [ 74.271, 35.033 ], [ 74.255, 35.034 ], [ 74.248, 35.046 ], [ 74.257, 35.057 ], [ 74.25, 35.069 ], [ 74.234, 35.07 ], [ 74.226, 35.082 ], [ 74.21, 35.083 ], [ 74.203, 35.095 ], [ 74.186, 35.096 ], [ 74.177, 35.085 ], [ 74.16, 35.086 ], [ 74.153, 35.099 ], [ 74.136, 35.1 ], [ 74.129, 35.112 ], [ 74.112, 35.113 ], [ 74.103, 35.102 ], [ 74.086, 35.103 ], [ 74.077, 35.092 ], [ 74.06, 35.093 ], [ 74.051, 35.082 ], [ 74.058, 35.069 ], [ 74.048, 35.058 ], [ 74.055, 35.046 ], [ 74.046, 35.035 ], [ 74.053, 35.023 ], [ 74.044, 35.012 ], [ 74.051, 35.0 ], [ 74.041, 34.989 ], [ 74.048, 34.977 ], [ 74.039, 34.966 ], [ 74.046, 34.954 ], [ 74.036, 34.943 ], [ 74.044, 34.931 ], [ 74.034, 34.92 ], [ 74.018, 34.921 ], [ 74.008, 34.909 ], [ 74.015, 34.897 ], [ 74.006, 34.886 ], [ 73.989, 34.887 ], [ 73.98, 34.876 ], [ 73.963, 34.877 ], [ 73.954, 34.866 ], [ 73.937, 34.867 ], [ 73.928, 34.856 ], [ 73.911, 34.857 ], [ 73.902, 34.846 ], [ 73.885, 34.847 ], [ 73.876, 34.836 ], [ 73.859, 34.837 ], [ 73.85, 34.826 ], [ 73.833, 34.827 ], [ 73.824, 34.816 ], [ 73.807, 34.817 ], [ 73.8, 34.829 ], [ 73.783, 34.83 ], [ 73.774, 34.819 ], [ 73.757, 34.82 ], [ 73.748, 34.809 ], [ 73.731, 34.81 ], [ 73.722, 34.799 ], [ 73.729, 34.787 ], [ 73.72, 34.776 ], [ 73.703, 34.776 ], [ 73.694, 34.765 ], [ 73.701, 34.753 ], [ 73.691, 34.742 ], [ 73.699, 34.73 ], [ 73.689, 34.719 ], [ 73.673, 34.72 ], [ 73.663, 34.709 ], [ 73.67, 34.697 ], [ 73.661, 34.686 ], [ 73.645, 34.687 ], [ 73.635, 34.676 ], [ 73.642, 34.664 ], [ 73.659, 34.663 ], [ 73.666, 34.651 ], [ 73.657, 34.64 ], [ 73.664, 34.628 ], [ 73.654, 34.617 ], [ 73.638, 34.618 ], [ 73.629, 34.607 ], [ 73.636, 34.594 ], [ 73.626, 34.583 ], [ 73.61, 34.584 ], [ 73.6, 34.573 ], [ 73.608, 34.561 ], [ 73.598, 34.55 ], [ 73.605, 34.538 ], [ 73.622, 34.537 ], [ 73.629, 34.525 ], [ 73.646, 34.524 ], [ 73.653, 34.512 ], [ 73.643, 34.501 ], [ 73.651, 34.489 ], [ 73.667, 34.488 ], [ 73.676, 34.499 ], [ 73.693, 34.498 ], [ 73.7, 34.486 ], [ 73.716, 34.485 ], [ 73.724, 34.473 ], [ 73.74, 34.472 ], [ 73.749, 34.483 ], [ 73.766, 34.482 ], [ 73.773, 34.47 ], [ 73.79, 34.469 ], [ 73.799, 34.48 ], [ 73.815, 34.479 ], [ 73.825, 34.49 ], [ 73.818, 34.503 ], [ 73.827, 34.514 ], [ 73.82, 34.526 ], [ 73.829, 34.537 ], [ 73.822, 34.549 ], [ 73.832, 34.56 ], [ 73.824, 34.572 ], [ 73.834, 34.583 ], [ 73.85, 34.582 ], [ 73.857, 34.57 ], [ 73.874, 34.569 ], [ 73.883, 34.58 ], [ 73.876, 34.592 ], [ 73.886, 34.603 ], [ 73.902, 34.602 ], [ 73.912, 34.613 ], [ 73.904, 34.625 ], [ 73.914, 34.636 ], [ 73.907, 34.648 ], [ 73.916, 34.659 ], [ 73.909, 34.671 ], [ 73.918, 34.682 ], [ 73.911, 34.694 ], [ 73.921, 34.705 ], [ 73.914, 34.717 ], [ 73.923, 34.728 ], [ 73.94, 34.727 ], [ 73.949, 34.739 ], [ 73.966, 34.738 ], [ 73.975, 34.749 ], [ 73.992, 34.748 ], [ 74.001, 34.759 ], [ 74.018, 34.758 ], [ 74.027, 34.769 ], [ 74.044, 34.768 ], [ 74.051, 34.756 ], [ 74.067, 34.755 ], [ 74.077, 34.766 ], [ 74.093, 34.765 ], [ 74.103, 34.776 ], [ 74.119, 34.775 ], [ 74.129, 34.786 ], [ 74.145, 34.785 ], [ 74.155, 34.796 ], [ 74.171, 34.795 ], [ 74.181, 34.806 ], [ 74.197, 34.805 ] ] ] ] } },
{ "type": "Feature", "properties": { "POLYGON.ID": 639.0, "subregion": "India--Jammu and Kashmir--Muzaffarabad--low Pir Panjal", "FILTER": "Jammu and Kashmir", "POLYGON": "India--Jammu and Kashmir--Muzaffarabad--low Pir Panjal", "STATE": "Jammu and Kashmir", "COUNTY": "Muzaffarabad", "OWNER": null }, "geometry": { "type": "MultiPolygon", "coordinates": [ [ [ [ 73.938, 34.136 ], [ 73.955, 34.135 ], [ 73.964, 34.146 ], [ 73.957, 34.158 ], [ 73.966, 34.169 ], [ 73.959, 34.181 ], [ 73.943, 34.182 ], [ 73.936, 34.194 ], [ 73.92, 34.195 ], [ 73.912, 34.207 ], [ 73.896, 34.208 ], [ 73.889, 34.22 ], [ 73.873, 34.221 ], [ 73.866, 34.233 ], [ 73.849, 34.234 ], [ 73.84, 34.223 ], [ 73.823, 34.224 ], [ 73.816, 34.236 ], [ 73.8, 34.237 ], [ 73.793, 34.249 ], [ 73.776, 34.25 ], [ 73.767, 34.239 ], [ 73.751, 34.24 ], [ 73.743, 34.252 ], [ 73.727, 34.253 ], [ 73.72, 34.265 ], [ 73.704, 34.266 ], [ 73.696, 34.278 ], [ 73.706, 34.289 ], [ 73.699, 34.301 ], [ 73.682, 34.302 ], [ 73.675, 34.314 ], [ 73.659, 34.315 ], [ 73.652, 34.327 ], [ 73.661, 34.338 ], [ 73.654, 34.35 ], [ 73.637, 34.351 ], [ 73.63, 34.363 ], [ 73.639, 34.374 ], [ 73.632, 34.386 ], [ 73.642, 34.397 ], [ 73.635, 34.409 ], [ 73.644, 34.42 ], [ 73.637, 34.432 ], [ 73.646, 34.443 ], [ 73.663, 34.442 ], [ 73.672, 34.453 ], [ 73.688, 34.452 ], [ 73.698, 34.463 ], [ 73.714, 34.462 ], [ 73.721, 34.45 ], [ 73.738, 34.449 ], [ 73.745, 34.437 ], [ 73.736, 34.426 ], [ 73.743, 34.414 ], [ 73.733, 34.403 ], [ 73.717, 34.404 ], [ 73.708, 34.393 ], [ 73.715, 34.381 ], [ 73.705, 34.37 ], [ 73.712, 34.358 ], [ 73.703, 34.347 ], [ 73.71, 34.335 ], [ 73.727, 34.334 ], [ 73.736, 34.345 ], [ 73.752, 34.344 ], [ 73.762, 34.355 ], [ 73.755, 34.367 ], [ 73.764, 34.378 ], [ 73.757, 34.39 ], [ 73.766, 34.401 ], [ 73.783, 34.4 ], [ 73.792, 34.411 ], [ 73.785, 34.423 ], [ 73.794, 34.434 ], [ 73.811, 34.433 ], [ 73.818, 34.421 ], [ 73.834, 34.42 ], [ 73.844, 34.431 ], [ 73.86, 34.43 ], [ 73.87, 34.441 ], [ 73.863, 34.453 ], [ 73.872, 34.464 ], [ 73.865, 34.476 ], [ 73.874, 34.488 ], [ 73.891, 34.487 ], [ 73.9, 34.498 ], [ 73.893, 34.51 ], [ 73.902, 34.521 ], [ 73.895, 34.533 ], [ 73.905, 34.544 ], [ 73.921, 34.543 ], [ 73.931, 34.554 ], [ 73.947, 34.553 ], [ 73.956, 34.564 ], [ 73.949, 34.576 ], [ 73.959, 34.587 ], [ 73.952, 34.599 ], [ 73.961, 34.61 ], [ 73.954, 34.622 ], [ 73.963, 34.633 ], [ 73.956, 34.645 ], [ 73.966, 34.656 ], [ 73.959, 34.668 ], [ 73.968, 34.679 ], [ 73.985, 34.678 ], [ 73.994, 34.689 ], [ 73.987, 34.701 ], [ 73.996, 34.712 ], [ 74.013, 34.711 ], [ 74.022, 34.722 ], [ 74.039, 34.721 ], [ 74.046, 34.709 ], [ 74.063, 34.708 ], [ 74.07, 34.696 ], [ 74.086, 34.695 ], [ 74.093, 34.683 ], [ 74.11, 34.682 ], [ 74.117, 34.67 ], [ 74.133, 34.669 ], [ 74.143, 34.68 ], [ 74.159, 34.679 ], [ 74.169, 34.69 ], [ 74.185, 34.689 ], [ 74.195, 34.7 ], [ 74.211, 34.699 ], [ 74.221, 34.71 ], [ 74.214, 34.722 ], [ 74.223, 34.733 ], [ 74.24, 34.732 ], [ 74.249, 34.743 ], [ 74.242, 34.755 ], [ 74.252, 34.766 ], [ 74.268, 34.765 ], [ 74.278, 34.776 ], [ 74.271, 34.788 ], [ 74.254, 34.789 ], [ 74.247, 34.802 ], [ 74.23, 34.803 ], [ 74.221, 34.792 ], [ 74.204, 34.793 ], [ 74.197, 34.805 ], [ 74.181, 34.806 ], [ 74.171, 34.795 ], [ 74.155, 34.796 ], [ 74.145, 34.785 ], [ 74.129, 34.786 ], [ 74.119, 34.775 ], [ 74.103, 34.776 ], [ 74.093, 34.765 ], [ 74.077, 34.766 ], [ 74.067, 34.755 ], [ 74.051, 34.756 ], [ 74.044, 34.768 ], [ 74.027, 34.769 ], [ 74.018, 34.758 ], [ 74.001, 34.759 ], [ 73.992, 34.748 ], [ 73.975, 34.749 ], [ 73.966, 34.738 ], [ 73.949, 34.739 ], [ 73.94, 34.727 ], [ 73.923, 34.728 ], [ 73.914, 34.717 ], [ 73.921, 34.705 ], [ 73.911, 34.694 ], [ 73.918, 34.682 ], [ 73.909, 34.671 ], [ 73.916, 34.659 ], [ 73.907, 34.648 ], [ 73.914, 34.636 ], [ 73.904, 34.625 ], [ 73.912, 34.613 ], [ 73.902, 34.602 ], [ 73.886, 34.603 ], [ 73.876, 34.592 ], [ 73.883, 34.58 ], [ 73.874, 34.569 ], [ 73.857, 34.57 ], [ 73.85, 34.582 ], [ 73.834, 34.583 ], [ 73.824, 34.572 ], [ 73.832, 34.56 ], [ 73.822, 34.549 ], [ 73.829, 34.537 ], [ 73.82, 34.526 ], [ 73.827, 34.514 ], [ 73.818, 34.503 ], [ 73.825, 34.49 ], [ 73.815, 34.479 ], [ 73.799, 34.48 ], [ 73.79, 34.469 ], [ 73.773, 34.47 ], [ 73.766, 34.482 ], [ 73.749, 34.483 ], [ 73.74, 34.472 ], [ 73.724, 34.473 ], [ 73.716, 34.485 ], [ 73.7, 34.486 ], [ 73.693, 34.498 ], [ 73.676, 34.499 ], [ 73.667, 34.488 ], [ 73.651, 34.489 ], [ 73.643, 34.501 ], [ 73.653, 34.512 ], [ 73.646, 34.524 ], [ 73.629, 34.525 ], [ 73.622, 34.537 ], [ 73.605, 34.538 ], [ 73.598, 34.55 ], [ 73.608, 34.561 ], [ 73.6, 34.573 ], [ 73.61, 34.584 ], [ 73.626, 34.583 ], [ 73.636, 34.594 ], [ 73.629, 34.607 ], [ 73.612, 34.607 ], [ 73.605, 34.62 ], [ 73.588, 34.62 ], [ 73.579, 34.609 ], [ 73.562, 34.61 ], [ 73.555, 34.622 ], [ 73.539, 34.623 ], [ 73.529, 34.612 ], [ 73.513, 34.613 ], [ 73.504, 34.602 ], [ 73.487, 34.603 ], [ 73.478, 34.592 ], [ 73.461, 34.593 ], [ 73.452, 34.582 ], [ 73.435, 34.583 ], [ 73.426, 34.572 ], [ 73.433, 34.56 ], [ 73.424, 34.549 ], [ 73.431, 34.537 ], [ 73.422, 34.525 ], [ 73.429, 34.513 ], [ 73.42, 34.502 ], [ 73.427, 34.49 ], [ 73.417, 34.479 ], [ 73.401, 34.48 ], [ 73.392, 34.469 ], [ 73.399, 34.457 ], [ 73.39, 34.446 ], [ 73.397, 34.434 ], [ 73.387, 34.423 ], [ 73.395, 34.411 ], [ 73.385, 34.4 ], [ 73.393, 34.388 ], [ 73.383, 34.377 ], [ 73.39, 34.365 ], [ 73.381, 34.354 ], [ 73.388, 34.342 ], [ 73.405, 34.341 ], [ 73.412, 34.329 ], [ 73.428, 34.328 ], [ 73.436, 34.316 ], [ 73.426, 34.305 ], [ 73.433, 34.293 ], [ 73.424, 34.282 ], [ 73.431, 34.27 ], [ 73.448, 34.269 ], [ 73.455, 34.257 ], [ 73.446, 34.246 ], [ 73.453, 34.234 ], [ 73.469, 34.233 ], [ 73.476, 34.221 ], [ 73.467, 34.21 ], [ 73.474, 34.198 ], [ 73.465, 34.187 ], [ 73.472, 34.175 ], [ 73.463, 34.164 ], [ 73.47, 34.152 ], [ 73.486, 34.151 ], [ 73.496, 34.162 ], [ 73.512, 34.161 ], [ 73.519, 34.149 ], [ 73.536, 34.148 ], [ 73.543, 34.136 ], [ 73.559, 34.135 ], [ 73.566, 34.123 ], [ 73.583, 34.122 ], [ 73.59, 34.11 ], [ 73.58, 34.099 ], [ 73.588, 34.087 ], [ 73.604, 34.086 ], [ 73.611, 34.074 ], [ 73.627, 34.073 ], [ 73.634, 34.061 ], [ 73.651, 34.06 ], [ 73.66, 34.072 ], [ 73.677, 34.071 ], [ 73.686, 34.082 ], [ 73.702, 34.081 ], [ 73.709, 34.069 ], [ 73.726, 34.068 ], [ 73.735, 34.079 ], [ 73.751, 34.078 ], [ 73.761, 34.089 ], [ 73.754, 34.101 ], [ 73.763, 34.112 ], [ 73.779, 34.111 ], [ 73.789, 34.122 ], [ 73.805, 34.121 ], [ 73.812, 34.109 ], [ 73.828, 34.108 ], [ 73.836, 34.096 ], [ 73.852, 34.095 ], [ 73.859, 34.083 ], [ 73.875, 34.082 ], [ 73.882, 34.07 ], [ 73.899, 34.069 ], [ 73.908, 34.08 ], [ 73.901, 34.092 ], [ 73.91, 34.103 ], [ 73.927, 34.102 ], [ 73.936, 34.113 ], [ 73.929, 34.125 ], [ 73.938, 34.136 ] ] ] ] } },
{ "type": "Feature", "properties": { "POLYGON.ID": 640.0, "subregion": "India--Jammu and Kashmir--Muzaffarabad--high Pir Panjal", "FILTER": "Jammu and Kashmir", "POLYGON": "India--Jammu and Kashmir--Muzaffarabad--high Pir Panjal", "STATE": "Jammu and Kashmir", "COUNTY": "Muzaffarabad", "OWNER": null }, "geometry": { "type": "MultiPolygon", "coordinates": [ [ [ [ 73.675, 34.314 ], [ 73.682, 34.302 ], [ 73.699, 34.301 ], [ 73.706, 34.289 ], [ 73.696, 34.278 ], [ 73.704, 34.266 ], [ 73.72, 34.265 ], [ 73.727, 34.253 ], [ 73.743, 34.252 ], [ 73.751, 34.24 ], [ 73.767, 34.239 ], [ 73.776, 34.25 ], [ 73.793, 34.249 ], [ 73.8, 34.237 ], [ 73.816, 34.236 ], [ 73.823, 34.224 ], [ 73.84, 34.223 ], [ 73.849, 34.234 ], [ 73.866, 34.233 ], [ 73.873, 34.221 ], [ 73.889, 34.22 ], [ 73.896, 34.208 ], [ 73.912, 34.207 ], [ 73.92, 34.195 ], [ 73.936, 34.194 ], [ 73.943, 34.182 ], [ 73.959, 34.181 ], [ 73.966, 34.169 ], [ 73.983, 34.168 ], [ 73.992, 34.179 ], [ 74.009, 34.178 ], [ 74.018, 34.189 ], [ 74.011, 34.201 ], [ 74.02, 34.212 ], [ 74.013, 34.224 ], [ 74.023, 34.235 ], [ 74.016, 34.247 ], [ 73.999, 34.248 ], [ 73.992, 34.26 ], [ 73.976, 34.261 ], [ 73.969, 34.273 ], [ 73.978, 34.284 ], [ 73.971, 34.296 ], [ 73.955, 34.297 ], [ 73.947, 34.309 ], [ 73.957, 34.32 ], [ 73.95, 34.332 ], [ 73.933, 34.333 ], [ 73.926, 34.345 ], [ 73.91, 34.346 ], [ 73.9, 34.335 ], [ 73.884, 34.336 ], [ 73.875, 34.325 ], [ 73.858, 34.326 ], [ 73.849, 34.315 ], [ 73.832, 34.316 ], [ 73.825, 34.328 ], [ 73.809, 34.329 ], [ 73.8, 34.318 ], [ 73.783, 34.319 ], [ 73.776, 34.331 ], [ 73.76, 34.332 ], [ 73.752, 34.344 ], [ 73.736, 34.345 ], [ 73.727, 34.334 ], [ 73.71, 34.335 ], [ 73.703, 34.347 ], [ 73.712, 34.358 ], [ 73.705, 34.37 ], [ 73.715, 34.381 ], [ 73.708, 34.393 ], [ 73.717, 34.404 ], [ 73.733, 34.403 ], [ 73.743, 34.414 ], [ 73.736, 34.426 ], [ 73.745, 34.437 ], [ 73.738, 34.449 ], [ 73.721, 34.45 ], [ 73.714, 34.462 ], [ 73.698, 34.463 ], [ 73.688, 34.452 ], [ 73.672, 34.453 ], [ 73.663, 34.442 ], [ 73.646, 34.443 ], [ 73.637, 34.432 ], [ 73.644, 34.42 ], [ 73.635, 34.409 ], [ 73.642, 34.397 ], [ 73.632, 34.386 ], [ 73.639, 34.374 ], [ 73.63, 34.363 ], [ 73.637, 34.351 ], [ 73.654, 34.35 ], [ 73.661, 34.338 ], [ 73.652, 34.327 ], [ 73.659, 34.315 ], [ 73.675, 34.314 ] ] ] ] } },
{ "type": "Feature", "properties": { "POLYGON.ID": 662.0, "subregion": "India--Jammu and Kashmir--Budgam--high Pir Panjal", "FILTER": "Jammu and Kashmir", "POLYGON": "India--Jammu and Kashmir--Budgam--high Pir Panjal", "STATE": "Jammu and Kashmir", "COUNTY": "Budgam", "OWNER": null }, "geometry": { "type": "MultiPolygon", "coordinates": [ [ [ [ 74.511, 33.718 ], [ 74.502, 33.708 ], [ 74.509, 33.696 ], [ 74.525, 33.694 ], [ 74.532, 33.682 ], [ 74.548, 33.681 ], [ 74.555, 33.669 ], [ 74.571, 33.668 ], [ 74.578, 33.656 ], [ 74.594, 33.655 ], [ 74.604, 33.666 ], [ 74.62, 33.665 ], [ 74.629, 33.676 ], [ 74.623, 33.688 ], [ 74.632, 33.699 ], [ 74.625, 33.711 ], [ 74.634, 33.722 ], [ 74.628, 33.734 ], [ 74.611, 33.735 ], [ 74.604, 33.747 ], [ 74.614, 33.758 ], [ 74.607, 33.77 ], [ 74.591, 33.771 ], [ 74.584, 33.783 ], [ 74.568, 33.784 ], [ 74.561, 33.796 ], [ 74.544, 33.797 ], [ 74.537, 33.809 ], [ 74.547, 33.82 ], [ 74.54, 33.832 ], [ 74.524, 33.833 ], [ 74.517, 33.845 ], [ 74.5, 33.846 ], [ 74.494, 33.858 ], [ 74.477, 33.859 ], [ 74.47, 33.871 ], [ 74.454, 33.872 ], [ 74.445, 33.861 ], [ 74.428, 33.862 ], [ 74.419, 33.851 ], [ 74.426, 33.839 ], [ 74.417, 33.829 ], [ 74.423, 33.817 ], [ 74.44, 33.815 ], [ 74.447, 33.803 ], [ 74.463, 33.802 ], [ 74.47, 33.79 ], [ 74.46, 33.779 ], [ 74.467, 33.767 ], [ 74.458, 33.757 ], [ 74.465, 33.745 ], [ 74.481, 33.743 ], [ 74.488, 33.732 ], [ 74.504, 33.73 ], [ 74.511, 33.718 ] ] ] ] } },
{ "type": "Feature", "properties": { "POLYGON.ID": 661.0, "subregion": "India--Jammu and Kashmir--Kulgam--high transition", "FILTER": "Jammu and Kashmir", "POLYGON": "India--Jammu and Kashmir--Kulgam--high transition", "STATE": "Jammu and Kashmir", "COUNTY": "Kulgam", "OWNER": null }, "geometry": { "type": "MultiPolygon", "coordinates": [ [ [ [ 74.971, 33.515 ], [ 74.98, 33.525 ], [ 74.974, 33.537 ], [ 74.957, 33.539 ], [ 74.951, 33.551 ], [ 74.934, 33.552 ], [ 74.928, 33.564 ], [ 74.911, 33.565 ], [ 74.905, 33.577 ], [ 74.888, 33.578 ], [ 74.882, 33.59 ], [ 74.865, 33.591 ], [ 74.858, 33.603 ], [ 74.842, 33.604 ], [ 74.835, 33.616 ], [ 74.819, 33.617 ], [ 74.812, 33.629 ], [ 74.796, 33.63 ], [ 74.789, 33.642 ], [ 74.773, 33.643 ], [ 74.764, 33.632 ], [ 74.747, 33.634 ], [ 74.741, 33.646 ], [ 74.724, 33.647 ], [ 74.718, 33.659 ], [ 74.701, 33.66 ], [ 74.692, 33.649 ], [ 74.676, 33.65 ], [ 74.669, 33.662 ], [ 74.653, 33.663 ], [ 74.643, 33.652 ], [ 74.65, 33.64 ], [ 74.666, 33.639 ], [ 74.673, 33.627 ], [ 74.689, 33.626 ], [ 74.696, 33.614 ], [ 74.712, 33.613 ], [ 74.719, 33.601 ], [ 74.735, 33.6 ], [ 74.742, 33.588 ], [ 74.759, 33.587 ], [ 74.765, 33.575 ], [ 74.782, 33.574 ], [ 74.788, 33.562 ], [ 74.805, 33.561 ], [ 74.811, 33.549 ], [ 74.828, 33.547 ], [ 74.834, 33.535 ], [ 74.851, 33.534 ], [ 74.857, 33.522 ], [ 74.874, 33.521 ], [ 74.883, 33.532 ], [ 74.899, 33.531 ], [ 74.906, 33.519 ], [ 74.922, 33.518 ], [ 74.932, 33.529 ], [ 74.948, 33.528 ], [ 74.955, 33.516 ], [ 74.971, 33.515 ] ] ] ] } },
{ "type": "Feature", "properties": { "POLYGON.ID": 660.0, "subregion": "India--Jammu and Kashmir--Budgam--transition", "FILTER": "Jammu and Kashmir", "POLYGON": "India--Jammu and Kashmir--Budgam--transition", "STATE": "Jammu and Kashmir", "COUNTY": "Budgam", "OWNER": null }, "geometry": { "type": "MultiPolygon", "coordinates": [ [ [ [ 74.634, 33.722 ], [ 74.625, 33.711 ], [ 74.632, 33.699 ], [ 74.648, 33.698 ], [ 74.658, 33.709 ], [ 74.674, 33.708 ], [ 74.683, 33.719 ], [ 74.676, 33.731 ], [ 74.686, 33.742 ], [ 74.702, 33.74 ], [ 74.712, 33.751 ], [ 74.728, 33.75 ], [ 74.737, 33.761 ], [ 74.73, 33.773 ], [ 74.714, 33.774 ], [ 74.707, 33.786 ], [ 74.717, 33.797 ], [ 74.71, 33.809 ], [ 74.719, 33.82 ], [ 74.712, 33.832 ], [ 74.696, 33.833 ], [ 74.689, 33.845 ], [ 74.699, 33.856 ], [ 74.692, 33.868 ], [ 74.675, 33.869 ], [ 74.669, 33.881 ], [ 74.652, 33.882 ], [ 74.643, 33.871 ], [ 74.627, 33.873 ], [ 74.62, 33.885 ], [ 74.603, 33.886 ], [ 74.596, 33.898 ], [ 74.58, 33.899 ], [ 74.573, 33.911 ], [ 74.557, 33.912 ], [ 74.55, 33.924 ], [ 74.534, 33.925 ], [ 74.524, 33.914 ], [ 74.531, 33.902 ], [ 74.522, 33.891 ], [ 74.505, 33.892 ], [ 74.496, 33.881 ], [ 74.48, 33.882 ], [ 74.47, 33.871 ], [ 74.477, 33.859 ], [ 74.494, 33.858 ], [ 74.5, 33.846 ], [ 74.517, 33.845 ], [ 74.524, 33.833 ], [ 74.54, 33.832 ], [ 74.547, 33.82 ], [ 74.537, 33.809 ], [ 74.544, 33.797 ], [ 74.561, 33.796 ], [ 74.568, 33.784 ], [ 74.584, 33.783 ], [ 74.591, 33.771 ], [ 74.607, 33.77 ], [ 74.614, 33.758 ], [ 74.604, 33.747 ], [ 74.611, 33.735 ], [ 74.628, 33.734 ], [ 74.634, 33.722 ] ] ] ] } },
{ "type": "Feature", "properties": { "POLYGON.ID": 659.0, "subregion": "India--Jammu and Kashmir--Shopian--transition", "FILTER": "Jammu and Kashmir", "POLYGON": "India--Jammu and Kashmir--Shopian--transition", "STATE": "Jammu and Kashmir", "COUNTY": "Shopian", "OWNER": null }, "geometry": { "type": "MultiPolygon", "coordinates": [ [ [ [ 74.627, 33.653 ], [ 74.643, 33.652 ], [ 74.653, 33.663 ], [ 74.669, 33.662 ], [ 74.676, 33.65 ], [ 74.692, 33.649 ], [ 74.701, 33.66 ], [ 74.718, 33.659 ], [ 74.724, 33.647 ], [ 74.741, 33.646 ], [ 74.747, 33.634 ], [ 74.764, 33.632 ], [ 74.773, 33.643 ], [ 74.789, 33.642 ], [ 74.796, 33.63 ], [ 74.812, 33.629 ], [ 74.822, 33.64 ], [ 74.815, 33.652 ], [ 74.799, 33.653 ], [ 74.792, 33.665 ], [ 74.801, 33.676 ], [ 74.794, 33.688 ], [ 74.778, 33.689 ], [ 74.771, 33.701 ], [ 74.781, 33.712 ], [ 74.774, 33.724 ], [ 74.783, 33.735 ], [ 74.777, 33.747 ], [ 74.76, 33.748 ], [ 74.753, 33.76 ], [ 74.737, 33.761 ], [ 74.728, 33.75 ], [ 74.712, 33.751 ], [ 74.702, 33.74 ], [ 74.686, 33.742 ], [ 74.676, 33.731 ], [ 74.683, 33.719 ], [ 74.674, 33.708 ], [ 74.658, 33.709 ], [ 74.648, 33.698 ], [ 74.632, 33.699 ], [ 74.623, 33.688 ], [ 74.629, 33.676 ], [ 74.62, 33.665 ], [ 74.627, 33.653 ] ] ] ] } },
{ "type": "Feature", "properties": { "POLYGON.ID": 655.0, "subregion": "India--Jammu and Kashmir--Anantnag--high Himalaya", "FILTER": "Jammu and Kashmir", "POLYGON": "India--Jammu and Kashmir--Anantnag--high Himalaya", "STATE": "Jammu and Kashmir", "COUNTY": "Jammu", "OWNER": null }, "geometry": { "type": "MultiPolygon", "coordinates": [ [ [ [ 75.269, 33.956 ], [ 75.278, 33.966 ], [ 75.294, 33.965 ], [ 75.304, 33.976 ], [ 75.297, 33.988 ], [ 75.307, 33.999 ], [ 75.3, 34.011 ], [ 75.31, 34.022 ], [ 75.303, 34.034 ], [ 75.286, 34.035 ], [ 75.28, 34.047 ], [ 75.263, 34.048 ], [ 75.257, 34.061 ], [ 75.266, 34.071 ], [ 75.282, 34.07 ], [ 75.289, 34.058 ], [ 75.306, 34.057 ], [ 75.312, 34.045 ], [ 75.329, 34.044 ], [ 75.338, 34.055 ], [ 75.355, 34.053 ], [ 75.364, 34.064 ], [ 75.38, 34.063 ], [ 75.387, 34.051 ], [ 75.378, 34.04 ], [ 75.361, 34.041 ], [ 75.352, 34.031 ], [ 75.335, 34.032 ], [ 75.326, 34.021 ], [ 75.333, 34.009 ], [ 75.323, 33.998 ], [ 75.33, 33.986 ], [ 75.32, 33.975 ], [ 75.327, 33.963 ], [ 75.318, 33.952 ], [ 75.324, 33.94 ], [ 75.315, 33.929 ], [ 75.322, 33.917 ], [ 75.312, 33.906 ], [ 75.319, 33.894 ], [ 75.335, 33.893 ], [ 75.342, 33.881 ], [ 75.358, 33.88 ], [ 75.365, 33.868 ], [ 75.381, 33.866 ], [ 75.388, 33.854 ], [ 75.378, 33.844 ], [ 75.385, 33.832 ], [ 75.401, 33.83 ], [ 75.408, 33.818 ], [ 75.424, 33.817 ], [ 75.431, 33.805 ], [ 75.421, 33.794 ], [ 75.428, 33.782 ], [ 75.444, 33.781 ], [ 75.451, 33.769 ], [ 75.442, 33.758 ], [ 75.448, 33.746 ], [ 75.465, 33.745 ], [ 75.471, 33.733 ], [ 75.462, 33.722 ], [ 75.468, 33.71 ], [ 75.459, 33.699 ], [ 75.466, 33.687 ], [ 75.456, 33.676 ], [ 75.463, 33.664 ], [ 75.479, 33.663 ], [ 75.486, 33.651 ], [ 75.476, 33.64 ], [ 75.483, 33.628 ], [ 75.473, 33.617 ], [ 75.48, 33.605 ], [ 75.471, 33.594 ], [ 75.477, 33.582 ], [ 75.493, 33.581 ], [ 75.5, 33.569 ], [ 75.491, 33.558 ], [ 75.497, 33.546 ], [ 75.513, 33.545 ], [ 75.523, 33.556 ], [ 75.516, 33.568 ], [ 75.526, 33.579 ], [ 75.542, 33.578 ], [ 75.552, 33.588 ], [ 75.545, 33.6 ], [ 75.529, 33.602 ], [ 75.522, 33.614 ], [ 75.531, 33.625 ], [ 75.525, 33.637 ], [ 75.509, 33.638 ], [ 75.502, 33.65 ], [ 75.511, 33.661 ], [ 75.505, 33.673 ], [ 75.514, 33.683 ], [ 75.508, 33.696 ], [ 75.517, 33.706 ], [ 75.51, 33.718 ], [ 75.494, 33.72 ], [ 75.487, 33.732 ], [ 75.497, 33.742 ], [ 75.49, 33.755 ], [ 75.474, 33.756 ], [ 75.467, 33.768 ], [ 75.477, 33.779 ], [ 75.47, 33.791 ], [ 75.454, 33.792 ], [ 75.447, 33.804 ], [ 75.457, 33.815 ], [ 75.45, 33.827 ], [ 75.434, 33.828 ], [ 75.427, 33.84 ], [ 75.437, 33.851 ], [ 75.43, 33.863 ], [ 75.414, 33.864 ], [ 75.407, 33.876 ], [ 75.416, 33.887 ], [ 75.41, 33.899 ], [ 75.393, 33.9 ], [ 75.387, 33.912 ], [ 75.396, 33.923 ], [ 75.389, 33.935 ], [ 75.399, 33.946 ], [ 75.392, 33.958 ], [ 75.402, 33.969 ], [ 75.418, 33.968 ], [ 75.428, 33.979 ], [ 75.421, 33.991 ], [ 75.43, 34.002 ], [ 75.424, 34.014 ], [ 75.433, 34.025 ], [ 75.45, 34.023 ], [ 75.459, 34.034 ], [ 75.475, 34.033 ], [ 75.485, 34.044 ], [ 75.501, 34.043 ], [ 75.511, 34.054 ], [ 75.527, 34.052 ], [ 75.537, 34.063 ], [ 75.53, 34.075 ], [ 75.54, 34.086 ], [ 75.533, 34.098 ], [ 75.543, 34.109 ], [ 75.536, 34.121 ], [ 75.545, 34.132 ], [ 75.539, 34.144 ], [ 75.548, 34.155 ], [ 75.565, 34.154 ], [ 75.574, 34.165 ], [ 75.568, 34.177 ], [ 75.577, 34.188 ], [ 75.593, 34.187 ], [ 75.603, 34.197 ], [ 75.596, 34.21 ], [ 75.58, 34.211 ], [ 75.573, 34.223 ], [ 75.557, 34.224 ], [ 75.547, 34.213 ], [ 75.531, 34.214 ], [ 75.524, 34.226 ], [ 75.508, 34.228 ], [ 75.498, 34.217 ], [ 75.482, 34.218 ], [ 75.472, 34.207 ], [ 75.456, 34.208 ], [ 75.449, 34.22 ], [ 75.433, 34.222 ], [ 75.426, 34.234 ], [ 75.41, 34.235 ], [ 75.4, 34.224 ], [ 75.407, 34.212 ], [ 75.397, 34.201 ], [ 75.381, 34.202 ], [ 75.371, 34.191 ], [ 75.355, 34.192 ], [ 75.348, 34.205 ], [ 75.332, 34.206 ], [ 75.325, 34.218 ], [ 75.309, 34.219 ], [ 75.302, 34.231 ], [ 75.286, 34.232 ], [ 75.279, 34.244 ], [ 75.262, 34.245 ], [ 75.253, 34.235 ], [ 75.26, 34.222 ], [ 75.25, 34.212 ], [ 75.234, 34.213 ], [ 75.224, 34.202 ], [ 75.208, 34.203 ], [ 75.198, 34.192 ], [ 75.205, 34.18 ], [ 75.195, 34.169 ], [ 75.179, 34.17 ], [ 75.172, 34.182 ], [ 75.156, 34.183 ], [ 75.146, 34.173 ], [ 75.153, 34.161 ], [ 75.144, 34.15 ], [ 75.127, 34.151 ], [ 75.118, 34.14 ], [ 75.125, 34.128 ], [ 75.141, 34.127 ], [ 75.148, 34.115 ], [ 75.138, 34.104 ], [ 75.145, 34.092 ], [ 75.135, 34.081 ], [ 75.142, 34.069 ], [ 75.159, 34.067 ], [ 75.165, 34.055 ], [ 75.182, 34.054 ], [ 75.189, 34.042 ], [ 75.205, 34.041 ], [ 75.212, 34.029 ], [ 75.228, 34.028 ], [ 75.235, 34.016 ], [ 75.225, 34.005 ], [ 75.232, 33.993 ], [ 75.222, 33.982 ], [ 75.229, 33.97 ], [ 75.22, 33.959 ], [ 75.227, 33.947 ], [ 75.243, 33.946 ], [ 75.252, 33.957 ], [ 75.269, 33.956 ] ] ] ] } },
{ "type": "Feature", "properties": { "POLYGON.ID": 654.0, "subregion": "India--Jammu and Kashmir--Anantnag--transition", "FILTER": "Jammu and Kashmir", "POLYGON": "India--Jammu and Kashmir--Anantnag--transition", "STATE": "Jammu and Kashmir", "COUNTY": "Jammu", "OWNER": null }, "geometry": { "type": "MultiPolygon", "coordinates": [ [ [ [ 75.204, 33.625 ], [ 75.188, 33.626 ], [ 75.179, 33.615 ], [ 75.186, 33.603 ], [ 75.202, 33.602 ], [ 75.208, 33.59 ], [ 75.225, 33.589 ], [ 75.231, 33.577 ], [ 75.222, 33.566 ], [ 75.229, 33.554 ], [ 75.219, 33.543 ], [ 75.203, 33.544 ], [ 75.196, 33.556 ], [ 75.18, 33.558 ], [ 75.171, 33.547 ], [ 75.177, 33.535 ], [ 75.168, 33.524 ], [ 75.175, 33.512 ], [ 75.191, 33.511 ], [ 75.2, 33.522 ], [ 75.217, 33.52 ], [ 75.223, 33.508 ], [ 75.239, 33.507 ], [ 75.246, 33.495 ], [ 75.237, 33.484 ], [ 75.243, 33.472 ], [ 75.26, 33.471 ], [ 75.266, 33.459 ], [ 75.282, 33.458 ], [ 75.289, 33.446 ], [ 75.305, 33.445 ], [ 75.315, 33.456 ], [ 75.331, 33.455 ], [ 75.34, 33.465 ], [ 75.357, 33.464 ], [ 75.366, 33.475 ], [ 75.382, 33.474 ], [ 75.392, 33.485 ], [ 75.385, 33.497 ], [ 75.395, 33.508 ], [ 75.411, 33.506 ], [ 75.42, 33.517 ], [ 75.414, 33.529 ], [ 75.397, 33.53 ], [ 75.391, 33.543 ], [ 75.4, 33.553 ], [ 75.393, 33.565 ], [ 75.403, 33.576 ], [ 75.396, 33.588 ], [ 75.406, 33.599 ], [ 75.422, 33.598 ], [ 75.431, 33.609 ], [ 75.425, 33.621 ], [ 75.409, 33.622 ], [ 75.402, 33.634 ], [ 75.411, 33.645 ], [ 75.405, 33.657 ], [ 75.414, 33.668 ], [ 75.407, 33.68 ], [ 75.417, 33.691 ], [ 75.41, 33.703 ], [ 75.42, 33.713 ], [ 75.413, 33.726 ], [ 75.397, 33.727 ], [ 75.39, 33.739 ], [ 75.4, 33.75 ], [ 75.393, 33.762 ], [ 75.402, 33.772 ], [ 75.396, 33.785 ], [ 75.405, 33.795 ], [ 75.398, 33.807 ], [ 75.382, 33.809 ], [ 75.375, 33.821 ], [ 75.359, 33.822 ], [ 75.352, 33.834 ], [ 75.362, 33.845 ], [ 75.355, 33.857 ], [ 75.339, 33.858 ], [ 75.332, 33.87 ], [ 75.342, 33.881 ], [ 75.335, 33.893 ], [ 75.319, 33.894 ], [ 75.312, 33.906 ], [ 75.322, 33.917 ], [ 75.315, 33.929 ], [ 75.324, 33.94 ], [ 75.318, 33.952 ], [ 75.327, 33.963 ], [ 75.32, 33.975 ], [ 75.33, 33.986 ], [ 75.323, 33.998 ], [ 75.333, 34.009 ], [ 75.326, 34.021 ], [ 75.335, 34.032 ], [ 75.352, 34.031 ], [ 75.361, 34.041 ], [ 75.378, 34.04 ], [ 75.387, 34.051 ], [ 75.38, 34.063 ], [ 75.364, 34.064 ], [ 75.355, 34.053 ], [ 75.338, 34.055 ], [ 75.329, 34.044 ], [ 75.312, 34.045 ], [ 75.306, 34.057 ], [ 75.289, 34.058 ], [ 75.282, 34.07 ], [ 75.266, 34.071 ], [ 75.257, 34.061 ], [ 75.263, 34.048 ], [ 75.28, 34.047 ], [ 75.286, 34.035 ], [ 75.303, 34.034 ], [ 75.31, 34.022 ], [ 75.3, 34.011 ], [ 75.307, 33.999 ], [ 75.297, 33.988 ], [ 75.304, 33.976 ], [ 75.294, 33.965 ], [ 75.278, 33.966 ], [ 75.269, 33.956 ], [ 75.252, 33.957 ], [ 75.243, 33.946 ], [ 75.227, 33.947 ], [ 75.217, 33.936 ], [ 75.224, 33.924 ], [ 75.214, 33.913 ], [ 75.221, 33.901 ], [ 75.212, 33.89 ], [ 75.195, 33.891 ], [ 75.186, 33.88 ], [ 75.192, 33.868 ], [ 75.183, 33.858 ], [ 75.167, 33.859 ], [ 75.157, 33.848 ], [ 75.164, 33.836 ], [ 75.18, 33.835 ], [ 75.187, 33.823 ], [ 75.203, 33.821 ], [ 75.21, 33.809 ], [ 75.226, 33.808 ], [ 75.236, 33.819 ], [ 75.229, 33.831 ], [ 75.239, 33.842 ], [ 75.232, 33.854 ], [ 75.241, 33.865 ], [ 75.235, 33.877 ], [ 75.244, 33.888 ], [ 75.237, 33.9 ], [ 75.247, 33.911 ], [ 75.263, 33.91 ], [ 75.273, 33.921 ], [ 75.266, 33.933 ], [ 75.275, 33.943 ], [ 75.292, 33.942 ], [ 75.298, 33.93 ], [ 75.289, 33.919 ], [ 75.296, 33.907 ], [ 75.286, 33.896 ], [ 75.293, 33.884 ], [ 75.283, 33.874 ], [ 75.29, 33.861 ], [ 75.281, 33.851 ], [ 75.287, 33.839 ], [ 75.278, 33.828 ], [ 75.285, 33.816 ], [ 75.275, 33.805 ], [ 75.259, 33.806 ], [ 75.249, 33.795 ], [ 75.256, 33.783 ], [ 75.247, 33.772 ], [ 75.23, 33.773 ], [ 75.221, 33.762 ], [ 75.228, 33.75 ], [ 75.218, 33.74 ], [ 75.225, 33.728 ], [ 75.241, 33.726 ], [ 75.251, 33.737 ], [ 75.267, 33.736 ], [ 75.276, 33.747 ], [ 75.293, 33.746 ], [ 75.299, 33.734 ], [ 75.316, 33.733 ], [ 75.322, 33.721 ], [ 75.313, 33.71 ], [ 75.297, 33.711 ], [ 75.287, 33.7 ], [ 75.271, 33.701 ], [ 75.261, 33.69 ], [ 75.245, 33.691 ], [ 75.238, 33.703 ], [ 75.222, 33.705 ], [ 75.213, 33.694 ], [ 75.219, 33.682 ], [ 75.21, 33.671 ], [ 75.217, 33.659 ], [ 75.233, 33.658 ], [ 75.24, 33.646 ], [ 75.256, 33.644 ], [ 75.263, 33.632 ], [ 75.279, 33.631 ], [ 75.286, 33.619 ], [ 75.302, 33.618 ], [ 75.308, 33.606 ], [ 75.325, 33.605 ], [ 75.331, 33.593 ], [ 75.322, 33.582 ], [ 75.306, 33.583 ], [ 75.299, 33.595 ], [ 75.283, 33.596 ], [ 75.276, 33.608 ], [ 75.26, 33.61 ], [ 75.25, 33.599 ], [ 75.234, 33.6 ], [ 75.227, 33.612 ], [ 75.211, 33.613 ], [ 75.204, 33.625 ] ] ] ] } },
{ "type": "Feature", "properties": { "POLYGON.ID": 653.0, "subregion": "India--Jammu and Kashmir--Pulwama--high Himalaya", "FILTER": "Jammu and Kashmir", "POLYGON": "India--Jammu and Kashmir--Pulwama--high Himalaya", "STATE": "Jammu and Kashmir", "COUNTY": "Pulwama", "OWNER": null }, "geometry": { "type": "MultiPolygon", "coordinates": [ [ [ [ 75.232, 33.993 ], [ 75.225, 34.005 ], [ 75.235, 34.016 ], [ 75.228, 34.028 ], [ 75.212, 34.029 ], [ 75.205, 34.041 ], [ 75.189, 34.042 ], [ 75.182, 34.054 ], [ 75.165, 34.055 ], [ 75.159, 34.067 ], [ 75.142, 34.069 ], [ 75.133, 34.058 ], [ 75.14, 34.046 ], [ 75.13, 34.035 ], [ 75.114, 34.036 ], [ 75.104, 34.025 ], [ 75.111, 34.013 ], [ 75.127, 34.012 ], [ 75.134, 34.0 ], [ 75.15, 33.999 ], [ 75.157, 33.987 ], [ 75.174, 33.985 ], [ 75.18, 33.973 ], [ 75.197, 33.972 ], [ 75.203, 33.96 ], [ 75.194, 33.949 ], [ 75.201, 33.937 ], [ 75.217, 33.936 ], [ 75.227, 33.947 ], [ 75.22, 33.959 ], [ 75.229, 33.97 ], [ 75.222, 33.982 ], [ 75.232, 33.993 ] ] ] ] } },
{ "type": "Feature", "properties": { "POLYGON.ID": 652.0, "subregion": "India--Jammu and Kashmir--Pulwama--transition", "FILTER": "Jammu and Kashmir", "POLYGON": "India--Jammu and Kashmir--Pulwama--transition", "STATE": "Jammu and Kashmir", "COUNTY": "Pulwama", "OWNER": null }, "geometry": { "type": "MultiPolygon", "coordinates": [ [ [ [ 75.116, 34.059 ], [ 75.11, 34.071 ], [ 75.093, 34.072 ], [ 75.084, 34.061 ], [ 75.067, 34.062 ], [ 75.058, 34.051 ], [ 75.042, 34.053 ], [ 75.032, 34.042 ], [ 75.016, 34.043 ], [ 75.006, 34.032 ], [ 75.013, 34.02 ], [ 75.004, 34.009 ], [ 74.987, 34.01 ], [ 74.978, 33.999 ], [ 74.985, 33.987 ], [ 74.975, 33.976 ], [ 74.982, 33.964 ], [ 74.972, 33.953 ], [ 74.979, 33.941 ], [ 74.996, 33.94 ], [ 75.002, 33.928 ], [ 75.019, 33.927 ], [ 75.026, 33.915 ], [ 75.042, 33.914 ], [ 75.051, 33.925 ], [ 75.068, 33.923 ], [ 75.077, 33.934 ], [ 75.093, 33.933 ], [ 75.103, 33.944 ], [ 75.096, 33.956 ], [ 75.08, 33.957 ], [ 75.073, 33.969 ], [ 75.082, 33.98 ], [ 75.099, 33.979 ], [ 75.106, 33.967 ], [ 75.122, 33.966 ], [ 75.129, 33.954 ], [ 75.145, 33.953 ], [ 75.152, 33.941 ], [ 75.142, 33.93 ], [ 75.149, 33.918 ], [ 75.14, 33.907 ], [ 75.123, 33.908 ], [ 75.114, 33.897 ], [ 75.098, 33.898 ], [ 75.088, 33.887 ], [ 75.072, 33.888 ], [ 75.062, 33.878 ], [ 75.069, 33.866 ], [ 75.085, 33.864 ], [ 75.092, 33.852 ], [ 75.108, 33.851 ], [ 75.115, 33.839 ], [ 75.131, 33.838 ], [ 75.141, 33.849 ], [ 75.157, 33.848 ], [ 75.167, 33.859 ], [ 75.183, 33.858 ], [ 75.192, 33.868 ], [ 75.186, 33.88 ], [ 75.195, 33.891 ], [ 75.212, 33.89 ], [ 75.221, 33.901 ], [ 75.214, 33.913 ], [ 75.224, 33.924 ], [ 75.217, 33.936 ], [ 75.201, 33.937 ], [ 75.194, 33.949 ], [ 75.203, 33.96 ], [ 75.197, 33.972 ], [ 75.18, 33.973 ], [ 75.174, 33.985 ], [ 75.157, 33.987 ], [ 75.15, 33.999 ], [ 75.134, 34.0 ], [ 75.127, 34.012 ], [ 75.111, 34.013 ], [ 75.104, 34.025 ], [ 75.114, 34.036 ], [ 75.13, 34.035 ], [ 75.14, 34.046 ], [ 75.133, 34.058 ], [ 75.116, 34.059 ] ] ] ] } },
{ "type": "Feature", "properties": { "POLYGON.ID": 651.0, "subregion": "India--Jammu and Kashmir--Srinagar--high Himalaya", "FILTER": "Jammu and Kashmir", "POLYGON": "India--Jammu and Kashmir--Srinagar--high Himalaya", "STATE": "Jammu and Kashmir", "COUNTY": "Jammu", "OWNER": null }, "geometry": { "type": "MultiPolygon", "coordinates": [ [ [ [ 75.086, 34.084 ], [ 75.093, 34.072 ], [ 75.11, 34.071 ], [ 75.116, 34.059 ], [ 75.133, 34.058 ], [ 75.142, 34.069 ], [ 75.135, 34.081 ], [ 75.145, 34.092 ], [ 75.138, 34.104 ], [ 75.148, 34.115 ], [ 75.141, 34.127 ], [ 75.125, 34.128 ], [ 75.118, 34.14 ], [ 75.101, 34.141 ], [ 75.092, 34.13 ], [ 75.076, 34.131 ], [ 75.069, 34.143 ], [ 75.052, 34.144 ], [ 75.043, 34.134 ], [ 75.026, 34.135 ], [ 75.017, 34.124 ], [ 75.024, 34.112 ], [ 75.014, 34.101 ], [ 75.021, 34.089 ], [ 75.037, 34.088 ], [ 75.044, 34.076 ], [ 75.061, 34.074 ], [ 75.07, 34.085 ], [ 75.086, 34.084 ] ] ] ] } },
{ "type": "Feature", "properties": { "POLYGON.ID": 650.0, "subregion": "India--Jammu and Kashmir--Srinagar--transition", "FILTER": "Jammu and Kashmir", "POLYGON": "India--Jammu and Kashmir--Srinagar--transition", "STATE": "Jammu and Kashmir", "COUNTY": "Jammu", "OWNER": null }, "geometry": { "type": "MultiPolygon", "coordinates": [ [ [ [ 74.869, 34.053 ], [ 74.885, 34.052 ], [ 74.892, 34.04 ], [ 74.908, 34.039 ], [ 74.918, 34.05 ], [ 74.934, 34.048 ], [ 74.944, 34.059 ], [ 74.96, 34.058 ], [ 74.967, 34.046 ], [ 74.957, 34.035 ], [ 74.964, 34.023 ], [ 74.98, 34.022 ], [ 74.987, 34.01 ], [ 75.004, 34.009 ], [ 75.013, 34.02 ], [ 75.006, 34.032 ], [ 75.016, 34.043 ], [ 75.032, 34.042 ], [ 75.042, 34.053 ], [ 75.058, 34.051 ], [ 75.067, 34.062 ], [ 75.084, 34.061 ], [ 75.093, 34.072 ], [ 75.086, 34.084 ], [ 75.07, 34.085 ], [ 75.061, 34.074 ], [ 75.044, 34.076 ], [ 75.037, 34.088 ], [ 75.021, 34.089 ], [ 75.014, 34.101 ], [ 75.024, 34.112 ], [ 75.017, 34.124 ], [ 75.026, 34.135 ], [ 75.02, 34.147 ], [ 75.003, 34.148 ], [ 74.996, 34.16 ], [ 74.98, 34.161 ], [ 74.971, 34.15 ], [ 74.954, 34.151 ], [ 74.947, 34.163 ], [ 74.931, 34.164 ], [ 74.921, 34.153 ], [ 74.905, 34.155 ], [ 74.896, 34.144 ], [ 74.902, 34.132 ], [ 74.893, 34.121 ], [ 74.9, 34.109 ], [ 74.89, 34.098 ], [ 74.897, 34.086 ], [ 74.888, 34.075 ], [ 74.871, 34.076 ], [ 74.862, 34.065 ], [ 74.869, 34.053 ] ] ] ] } },
{ "type": "Feature", "properties": { "POLYGON.ID": 649.0, "subregion": "India--Jammu and Kashmir--Ganderbal--high Himalaya", "FILTER": "Jammu and Kashmir", "POLYGON": "India--Jammu and Kashmir--Ganderbal--high Himalaya", "STATE": "Jammu and Kashmir", "COUNTY": "Jammu", "OWNER": null }, "geometry": { "type": "MultiPolygon", "coordinates": [ [ [ [ 74.882, 34.388 ], [ 74.873, 34.377 ], [ 74.88, 34.365 ], [ 74.896, 34.364 ], [ 74.903, 34.352 ], [ 74.919, 34.351 ], [ 74.929, 34.362 ], [ 74.945, 34.36 ], [ 74.955, 34.371 ], [ 74.971, 34.37 ], [ 74.981, 34.381 ], [ 74.997, 34.38 ], [ 75.004, 34.368 ], [ 74.995, 34.357 ], [ 75.002, 34.345 ], [ 74.992, 34.334 ], [ 74.976, 34.335 ], [ 74.966, 34.324 ], [ 74.973, 34.312 ], [ 74.963, 34.301 ], [ 74.97, 34.289 ], [ 74.987, 34.288 ], [ 74.993, 34.276 ], [ 75.01, 34.275 ], [ 75.017, 34.263 ], [ 75.033, 34.262 ], [ 75.043, 34.273 ], [ 75.059, 34.271 ], [ 75.069, 34.282 ], [ 75.085, 34.281 ], [ 75.094, 34.292 ], [ 75.111, 34.291 ], [ 75.12, 34.302 ], [ 75.137, 34.301 ], [ 75.144, 34.289 ], [ 75.16, 34.288 ], [ 75.17, 34.298 ], [ 75.186, 34.297 ], [ 75.193, 34.285 ], [ 75.183, 34.274 ], [ 75.167, 34.275 ], [ 75.157, 34.265 ], [ 75.141, 34.266 ], [ 75.131, 34.255 ], [ 75.115, 34.256 ], [ 75.105, 34.245 ], [ 75.089, 34.246 ], [ 75.08, 34.235 ], [ 75.063, 34.236 ], [ 75.054, 34.225 ], [ 75.037, 34.227 ], [ 75.028, 34.216 ], [ 75.011, 34.217 ], [ 75.002, 34.206 ], [ 74.985, 34.207 ], [ 74.976, 34.196 ], [ 74.96, 34.197 ], [ 74.95, 34.186 ], [ 74.957, 34.174 ], [ 74.947, 34.163 ], [ 74.954, 34.151 ], [ 74.971, 34.15 ], [ 74.98, 34.161 ], [ 74.996, 34.16 ], [ 75.003, 34.148 ], [ 75.02, 34.147 ], [ 75.026, 34.135 ], [ 75.043, 34.134 ], [ 75.052, 34.144 ], [ 75.069, 34.143 ], [ 75.076, 34.131 ], [ 75.092, 34.13 ], [ 75.101, 34.141 ], [ 75.118, 34.14 ], [ 75.127, 34.151 ], [ 75.144, 34.15 ], [ 75.153, 34.161 ], [ 75.146, 34.173 ], [ 75.156, 34.183 ], [ 75.172, 34.182 ], [ 75.179, 34.17 ], [ 75.195, 34.169 ], [ 75.205, 34.18 ], [ 75.198, 34.192 ], [ 75.208, 34.203 ], [ 75.224, 34.202 ], [ 75.234, 34.213 ], [ 75.25, 34.212 ], [ 75.26, 34.222 ], [ 75.253, 34.235 ], [ 75.262, 34.245 ], [ 75.279, 34.244 ], [ 75.286, 34.232 ], [ 75.302, 34.231 ], [ 75.309, 34.219 ], [ 75.325, 34.218 ], [ 75.332, 34.206 ], [ 75.348, 34.205 ], [ 75.355, 34.192 ], [ 75.371, 34.191 ], [ 75.381, 34.202 ], [ 75.397, 34.201 ], [ 75.407, 34.212 ], [ 75.4, 34.224 ], [ 75.41, 34.235 ], [ 75.426, 34.234 ], [ 75.433, 34.222 ], [ 75.449, 34.22 ], [ 75.456, 34.208 ], [ 75.472, 34.207 ], [ 75.482, 34.218 ], [ 75.498, 34.217 ], [ 75.508, 34.228 ], [ 75.501, 34.24 ], [ 75.511, 34.251 ], [ 75.504, 34.263 ], [ 75.488, 34.264 ], [ 75.481, 34.276 ], [ 75.464, 34.277 ], [ 75.458, 34.289 ], [ 75.441, 34.291 ], [ 75.432, 34.28 ], [ 75.415, 34.281 ], [ 75.409, 34.293 ], [ 75.392, 34.294 ], [ 75.385, 34.306 ], [ 75.395, 34.317 ], [ 75.388, 34.329 ], [ 75.398, 34.34 ], [ 75.391, 34.352 ], [ 75.375, 34.353 ], [ 75.368, 34.365 ], [ 75.377, 34.376 ], [ 75.371, 34.388 ], [ 75.354, 34.39 ], [ 75.345, 34.379 ], [ 75.328, 34.38 ], [ 75.319, 34.369 ], [ 75.302, 34.37 ], [ 75.293, 34.359 ], [ 75.276, 34.36 ], [ 75.267, 34.35 ], [ 75.25, 34.351 ], [ 75.243, 34.363 ], [ 75.227, 34.364 ], [ 75.217, 34.353 ], [ 75.201, 34.354 ], [ 75.192, 34.343 ], [ 75.175, 34.344 ], [ 75.166, 34.334 ], [ 75.149, 34.335 ], [ 75.14, 34.324 ], [ 75.123, 34.325 ], [ 75.116, 34.337 ], [ 75.1, 34.338 ], [ 75.093, 34.35 ], [ 75.077, 34.351 ], [ 75.07, 34.363 ], [ 75.053, 34.365 ], [ 75.047, 34.377 ], [ 75.03, 34.378 ], [ 75.023, 34.39 ], [ 75.007, 34.391 ], [ 75.0, 34.403 ], [ 74.984, 34.404 ], [ 74.977, 34.416 ], [ 74.96, 34.417 ], [ 74.953, 34.43 ], [ 74.937, 34.431 ], [ 74.93, 34.443 ], [ 74.914, 34.444 ], [ 74.904, 34.433 ], [ 74.888, 34.434 ], [ 74.878, 34.423 ], [ 74.885, 34.411 ], [ 74.875, 34.4 ], [ 74.882, 34.388 ] ] ] ] } },
{ "type": "Feature", "properties": { "POLYGON.ID": 648.0, "subregion": "India--Jammu and Kashmir--Ganderbal--transition", "FILTER": "Jammu and Kashmir", "POLYGON": "India--Jammu and Kashmir--Ganderbal--transition", "STATE": "Jammu and Kashmir", "COUNTY": "Jammu", "OWNER": null }, "geometry": { "type": "MultiPolygon", "coordinates": [ [ [ [ 74.966, 34.324 ], [ 74.976, 34.335 ], [ 74.992, 34.334 ], [ 75.002, 34.345 ], [ 74.995, 34.357 ], [ 75.004, 34.368 ], [ 74.997, 34.38 ], [ 74.981, 34.381 ], [ 74.971, 34.37 ], [ 74.955, 34.371 ], [ 74.945, 34.36 ], [ 74.929, 34.362 ], [ 74.919, 34.351 ], [ 74.903, 34.352 ], [ 74.894, 34.341 ], [ 74.877, 34.342 ], [ 74.87, 34.354 ], [ 74.854, 34.355 ], [ 74.844, 34.344 ], [ 74.828, 34.345 ], [ 74.818, 34.334 ], [ 74.802, 34.335 ], [ 74.792, 34.325 ], [ 74.799, 34.312 ], [ 74.79, 34.302 ], [ 74.773, 34.303 ], [ 74.764, 34.292 ], [ 74.747, 34.293 ], [ 74.741, 34.305 ], [ 74.724, 34.306 ], [ 74.717, 34.318 ], [ 74.701, 34.319 ], [ 74.691, 34.308 ], [ 74.675, 34.309 ], [ 74.665, 34.298 ], [ 74.672, 34.286 ], [ 74.663, 34.275 ], [ 74.67, 34.263 ], [ 74.686, 34.262 ], [ 74.693, 34.25 ], [ 74.71, 34.249 ], [ 74.719, 34.26 ], [ 74.735, 34.259 ], [ 74.745, 34.27 ], [ 74.761, 34.269 ], [ 74.771, 34.28 ], [ 74.787, 34.278 ], [ 74.797, 34.289 ], [ 74.813, 34.288 ], [ 74.823, 34.299 ], [ 74.839, 34.298 ], [ 74.849, 34.309 ], [ 74.865, 34.308 ], [ 74.872, 34.296 ], [ 74.888, 34.295 ], [ 74.895, 34.283 ], [ 74.911, 34.282 ], [ 74.918, 34.27 ], [ 74.935, 34.268 ], [ 74.942, 34.256 ], [ 74.958, 34.255 ], [ 74.965, 34.243 ], [ 74.955, 34.232 ], [ 74.939, 34.233 ], [ 74.932, 34.245 ], [ 74.916, 34.247 ], [ 74.909, 34.259 ], [ 74.892, 34.26 ], [ 74.886, 34.272 ], [ 74.869, 34.273 ], [ 74.862, 34.285 ], [ 74.846, 34.286 ], [ 74.836, 34.275 ], [ 74.82, 34.276 ], [ 74.81, 34.265 ], [ 74.794, 34.266 ], [ 74.785, 34.255 ], [ 74.791, 34.243 ], [ 74.782, 34.232 ], [ 74.789, 34.22 ], [ 74.805, 34.219 ], [ 74.812, 34.207 ], [ 74.829, 34.206 ], [ 74.835, 34.194 ], [ 74.852, 34.193 ], [ 74.859, 34.181 ], [ 74.875, 34.18 ], [ 74.882, 34.168 ], [ 74.898, 34.167 ], [ 74.905, 34.155 ], [ 74.921, 34.153 ], [ 74.931, 34.164 ], [ 74.947, 34.163 ], [ 74.957, 34.174 ], [ 74.95, 34.186 ], [ 74.96, 34.197 ], [ 74.976, 34.196 ], [ 74.985, 34.207 ], [ 75.002, 34.206 ], [ 75.011, 34.217 ], [ 75.028, 34.216 ], [ 75.037, 34.227 ], [ 75.054, 34.225 ], [ 75.063, 34.236 ], [ 75.08, 34.235 ], [ 75.089, 34.246 ], [ 75.105, 34.245 ], [ 75.115, 34.256 ], [ 75.131, 34.255 ], [ 75.141, 34.266 ], [ 75.157, 34.265 ], [ 75.167, 34.275 ], [ 75.183, 34.274 ], [ 75.193, 34.285 ], [ 75.186, 34.297 ], [ 75.17, 34.298 ], [ 75.16, 34.288 ], [ 75.144, 34.289 ], [ 75.137, 34.301 ], [ 75.12, 34.302 ], [ 75.111, 34.291 ], [ 75.094, 34.292 ], [ 75.085, 34.281 ], [ 75.069, 34.282 ], [ 75.059, 34.271 ], [ 75.043, 34.273 ], [ 75.033, 34.262 ], [ 75.017, 34.263 ], [ 75.01, 34.275 ], [ 74.993, 34.276 ], [ 74.987, 34.288 ], [ 74.97, 34.289 ], [ 74.963, 34.301 ], [ 74.973, 34.312 ], [ 74.966, 34.324 ] ] ] ] } },
{ "type": "Feature", "properties": { "POLYGON.ID": 647.0, "subregion": "India--Jammu and Kashmir--Bandipora--transition", "FILTER": "Jammu and Kashmir", "POLYGON": "India--Jammu and Kashmir--Bandipora--transition", "STATE": "Jammu and Kashmir", "COUNTY": "Bandipora", "OWNER": null }, "geometry": { "type": "MultiPolygon", "coordinates": [ [ [ [ 74.595, 34.558 ], [ 74.578, 34.559 ], [ 74.569, 34.548 ], [ 74.552, 34.549 ], [ 74.543, 34.538 ], [ 74.526, 34.539 ], [ 74.52, 34.552 ], [ 74.529, 34.563 ], [ 74.522, 34.575 ], [ 74.506, 34.576 ], [ 74.496, 34.565 ], [ 74.503, 34.553 ], [ 74.494, 34.542 ], [ 74.501, 34.53 ], [ 74.491, 34.519 ], [ 74.498, 34.507 ], [ 74.489, 34.496 ], [ 74.495, 34.483 ], [ 74.486, 34.472 ], [ 74.493, 34.46 ], [ 74.484, 34.449 ], [ 74.467, 34.45 ], [ 74.458, 34.44 ], [ 74.465, 34.427 ], [ 74.481, 34.426 ], [ 74.488, 34.414 ], [ 74.504, 34.413 ], [ 74.514, 34.424 ], [ 74.507, 34.436 ], [ 74.516, 34.447 ], [ 74.533, 34.446 ], [ 74.542, 34.457 ], [ 74.559, 34.456 ], [ 74.568, 34.467 ], [ 74.585, 34.466 ], [ 74.592, 34.454 ], [ 74.608, 34.453 ], [ 74.618, 34.464 ], [ 74.634, 34.463 ], [ 74.644, 34.474 ], [ 74.66, 34.473 ], [ 74.667, 34.461 ], [ 74.657, 34.45 ], [ 74.664, 34.438 ], [ 74.655, 34.427 ], [ 74.662, 34.414 ], [ 74.678, 34.413 ], [ 74.685, 34.401 ], [ 74.676, 34.39 ], [ 74.683, 34.378 ], [ 74.673, 34.367 ], [ 74.68, 34.355 ], [ 74.671, 34.344 ], [ 74.678, 34.332 ], [ 74.694, 34.331 ], [ 74.701, 34.319 ], [ 74.717, 34.318 ], [ 74.727, 34.329 ], [ 74.743, 34.328 ], [ 74.753, 34.339 ], [ 74.746, 34.351 ], [ 74.755, 34.362 ], [ 74.772, 34.361 ], [ 74.781, 34.372 ], [ 74.798, 34.371 ], [ 74.807, 34.382 ], [ 74.8, 34.394 ], [ 74.81, 34.405 ], [ 74.826, 34.403 ], [ 74.836, 34.414 ], [ 74.829, 34.426 ], [ 74.838, 34.437 ], [ 74.831, 34.449 ], [ 74.815, 34.451 ], [ 74.805, 34.44 ], [ 74.789, 34.441 ], [ 74.782, 34.453 ], [ 74.766, 34.454 ], [ 74.756, 34.443 ], [ 74.74, 34.444 ], [ 74.733, 34.456 ], [ 74.742, 34.467 ], [ 74.759, 34.466 ], [ 74.768, 34.477 ], [ 74.785, 34.476 ], [ 74.794, 34.487 ], [ 74.811, 34.486 ], [ 74.82, 34.497 ], [ 74.813, 34.509 ], [ 74.797, 34.51 ], [ 74.79, 34.522 ], [ 74.774, 34.523 ], [ 74.764, 34.512 ], [ 74.748, 34.513 ], [ 74.738, 34.502 ], [ 74.722, 34.503 ], [ 74.715, 34.515 ], [ 74.724, 34.526 ], [ 74.717, 34.538 ], [ 74.701, 34.54 ], [ 74.691, 34.529 ], [ 74.675, 34.53 ], [ 74.668, 34.542 ], [ 74.651, 34.543 ], [ 74.642, 34.532 ], [ 74.649, 34.52 ], [ 74.639, 34.509 ], [ 74.623, 34.51 ], [ 74.616, 34.522 ], [ 74.599, 34.523 ], [ 74.592, 34.535 ], [ 74.602, 34.546 ], [ 74.595, 34.558 ] ] ] ] } },
{ "type": "Feature", "properties": { "POLYGON.ID": 646.0, "subregion": "India--Jammu and Kashmir--Bandipora--high Himalaya", "FILTER": "Jammu and Kashmir", "POLYGON": "India--Jammu and Kashmir--Bandipora--high Himalaya", "STATE": "Jammu and Kashmir", "COUNTY": "Bandipora", "OWNER": null }, "geometry": { "type": "MultiPolygon", "coordinates": [ [ [ [ 74.903, 34.352 ], [ 74.896, 34.364 ], [ 74.88, 34.365 ], [ 74.873, 34.377 ], [ 74.882, 34.388 ], [ 74.875, 34.4 ], [ 74.885, 34.411 ], [ 74.878, 34.423 ], [ 74.888, 34.434 ], [ 74.904, 34.433 ], [ 74.914, 34.444 ], [ 74.93, 34.443 ], [ 74.937, 34.431 ], [ 74.953, 34.43 ], [ 74.96, 34.417 ], [ 74.977, 34.416 ], [ 74.984, 34.404 ], [ 75.0, 34.403 ], [ 75.007, 34.391 ], [ 75.023, 34.39 ], [ 75.03, 34.378 ], [ 75.047, 34.377 ], [ 75.053, 34.365 ], [ 75.07, 34.363 ], [ 75.077, 34.351 ], [ 75.093, 34.35 ], [ 75.1, 34.338 ], [ 75.116, 34.337 ], [ 75.123, 34.325 ], [ 75.14, 34.324 ], [ 75.149, 34.335 ], [ 75.166, 34.334 ], [ 75.175, 34.344 ], [ 75.192, 34.343 ], [ 75.201, 34.354 ], [ 75.217, 34.353 ], [ 75.227, 34.364 ], [ 75.243, 34.363 ], [ 75.25, 34.351 ], [ 75.267, 34.35 ], [ 75.276, 34.36 ], [ 75.293, 34.359 ], [ 75.302, 34.37 ], [ 75.319, 34.369 ], [ 75.328, 34.38 ], [ 75.345, 34.379 ], [ 75.354, 34.39 ], [ 75.371, 34.388 ], [ 75.38, 34.399 ], [ 75.374, 34.411 ], [ 75.357, 34.413 ], [ 75.35, 34.425 ], [ 75.334, 34.426 ], [ 75.327, 34.438 ], [ 75.337, 34.449 ], [ 75.33, 34.461 ], [ 75.339, 34.472 ], [ 75.333, 34.484 ], [ 75.342, 34.495 ], [ 75.335, 34.507 ], [ 75.345, 34.518 ], [ 75.362, 34.517 ], [ 75.371, 34.528 ], [ 75.364, 34.54 ], [ 75.348, 34.541 ], [ 75.341, 34.553 ], [ 75.325, 34.554 ], [ 75.318, 34.566 ], [ 75.301, 34.568 ], [ 75.295, 34.58 ], [ 75.278, 34.581 ], [ 75.271, 34.593 ], [ 75.255, 34.594 ], [ 75.248, 34.606 ], [ 75.258, 34.617 ], [ 75.251, 34.629 ], [ 75.234, 34.631 ], [ 75.225, 34.62 ], [ 75.208, 34.621 ], [ 75.201, 34.633 ], [ 75.185, 34.634 ], [ 75.178, 34.646 ], [ 75.162, 34.647 ], [ 75.152, 34.636 ], [ 75.135, 34.638 ], [ 75.129, 34.65 ], [ 75.112, 34.651 ], [ 75.102, 34.64 ], [ 75.086, 34.641 ], [ 75.076, 34.63 ], [ 75.06, 34.631 ], [ 75.05, 34.62 ], [ 75.034, 34.621 ], [ 75.027, 34.634 ], [ 75.01, 34.635 ], [ 75.001, 34.624 ], [ 74.984, 34.625 ], [ 74.978, 34.637 ], [ 74.961, 34.638 ], [ 74.954, 34.65 ], [ 74.938, 34.651 ], [ 74.931, 34.663 ], [ 74.914, 34.665 ], [ 74.905, 34.654 ], [ 74.888, 34.655 ], [ 74.881, 34.667 ], [ 74.865, 34.668 ], [ 74.855, 34.657 ], [ 74.839, 34.658 ], [ 74.832, 34.67 ], [ 74.815, 34.671 ], [ 74.806, 34.66 ], [ 74.789, 34.661 ], [ 74.782, 34.674 ], [ 74.766, 34.675 ], [ 74.756, 34.664 ], [ 74.74, 34.665 ], [ 74.733, 34.677 ], [ 74.716, 34.678 ], [ 74.707, 34.667 ], [ 74.69, 34.668 ], [ 74.683, 34.68 ], [ 74.667, 34.681 ], [ 74.66, 34.693 ], [ 74.643, 34.694 ], [ 74.636, 34.707 ], [ 74.62, 34.708 ], [ 74.613, 34.72 ], [ 74.596, 34.721 ], [ 74.589, 34.733 ], [ 74.599, 34.744 ], [ 74.592, 34.756 ], [ 74.575, 34.757 ], [ 74.568, 34.769 ], [ 74.552, 34.77 ], [ 74.545, 34.782 ], [ 74.528, 34.783 ], [ 74.519, 34.772 ], [ 74.526, 34.76 ], [ 74.516, 34.749 ], [ 74.523, 34.737 ], [ 74.514, 34.726 ], [ 74.521, 34.714 ], [ 74.511, 34.703 ], [ 74.518, 34.691 ], [ 74.509, 34.68 ], [ 74.516, 34.668 ], [ 74.506, 34.657 ], [ 74.513, 34.645 ], [ 74.504, 34.634 ], [ 74.511, 34.622 ], [ 74.501, 34.611 ], [ 74.508, 34.599 ], [ 74.499, 34.588 ], [ 74.506, 34.576 ], [ 74.522, 34.575 ], [ 74.529, 34.563 ], [ 74.52, 34.552 ], [ 74.526, 34.539 ], [ 74.543, 34.538 ], [ 74.552, 34.549 ], [ 74.569, 34.548 ], [ 74.578, 34.559 ], [ 74.595, 34.558 ], [ 74.602, 34.546 ], [ 74.592, 34.535 ], [ 74.599, 34.523 ], [ 74.616, 34.522 ], [ 74.623, 34.51 ], [ 74.639, 34.509 ], [ 74.649, 34.52 ], [ 74.642, 34.532 ], [ 74.651, 34.543 ], [ 74.668, 34.542 ], [ 74.675, 34.53 ], [ 74.691, 34.529 ], [ 74.701, 34.54 ], [ 74.717, 34.538 ], [ 74.724, 34.526 ], [ 74.715, 34.515 ], [ 74.722, 34.503 ], [ 74.738, 34.502 ], [ 74.748, 34.513 ], [ 74.764, 34.512 ], [ 74.774, 34.523 ], [ 74.79, 34.522 ], [ 74.797, 34.51 ], [ 74.813, 34.509 ], [ 74.82, 34.497 ], [ 74.811, 34.486 ], [ 74.794, 34.487 ], [ 74.785, 34.476 ], [ 74.768, 34.477 ], [ 74.759, 34.466 ], [ 74.742, 34.467 ], [ 74.733, 34.456 ], [ 74.74, 34.444 ], [ 74.756, 34.443 ], [ 74.766, 34.454 ], [ 74.782, 34.453 ], [ 74.789, 34.441 ], [ 74.805, 34.44 ], [ 74.815, 34.451 ], [ 74.831, 34.449 ], [ 74.838, 34.437 ], [ 74.829, 34.426 ], [ 74.836, 34.414 ], [ 74.826, 34.403 ], [ 74.81, 34.405 ], [ 74.8, 34.394 ], [ 74.807, 34.382 ], [ 74.798, 34.371 ], [ 74.781, 34.372 ], [ 74.772, 34.361 ], [ 74.755, 34.362 ], [ 74.746, 34.351 ], [ 74.753, 34.339 ], [ 74.743, 34.328 ], [ 74.727, 34.329 ], [ 74.717, 34.318 ], [ 74.724, 34.306 ], [ 74.741, 34.305 ], [ 74.747, 34.293 ], [ 74.764, 34.292 ], [ 74.773, 34.303 ], [ 74.79, 34.302 ], [ 74.799, 34.312 ], [ 74.792, 34.325 ], [ 74.802, 34.335 ], [ 74.818, 34.334 ], [ 74.828, 34.345 ], [ 74.844, 34.344 ], [ 74.854, 34.355 ], [ 74.87, 34.354 ], [ 74.877, 34.342 ], [ 74.894, 34.341 ], [ 74.903, 34.352 ] ] ] ] } },
{ "type": "Feature", "properties": { "POLYGON.ID": 641.0, "subregion": "India--Jammu and Kashmir--Kupwara--low Himalaya near Muzaffarabad", "FILTER": "Jammu and Kashmir", "POLYGON": "India--Jammu and Kashmir--Kupwara--low Himalaya near Muzaffarabad", "STATE": "Jammu and Kashmir", "COUNTY": "Kupwara", "OWNER": null }, "geometry": { "type": "MultiPolygon", "coordinates": [ [ [ [ 73.825, 34.328 ], [ 73.832, 34.316 ], [ 73.849, 34.315 ], [ 73.858, 34.326 ], [ 73.875, 34.325 ], [ 73.884, 34.336 ], [ 73.9, 34.335 ], [ 73.91, 34.346 ], [ 73.903, 34.358 ], [ 73.886, 34.359 ], [ 73.879, 34.371 ], [ 73.889, 34.382 ], [ 73.905, 34.381 ], [ 73.914, 34.392 ], [ 73.907, 34.404 ], [ 73.917, 34.415 ], [ 73.91, 34.427 ], [ 73.919, 34.438 ], [ 73.912, 34.45 ], [ 73.921, 34.461 ], [ 73.914, 34.474 ], [ 73.898, 34.475 ], [ 73.891, 34.487 ], [ 73.874, 34.488 ], [ 73.865, 34.476 ], [ 73.872, 34.464 ], [ 73.863, 34.453 ], [ 73.87, 34.441 ], [ 73.86, 34.43 ], [ 73.844, 34.431 ], [ 73.834, 34.42 ], [ 73.818, 34.421 ], [ 73.811, 34.433 ], [ 73.794, 34.434 ], [ 73.785, 34.423 ], [ 73.792, 34.411 ], [ 73.783, 34.4 ], [ 73.766, 34.401 ], [ 73.757, 34.39 ], [ 73.764, 34.378 ], [ 73.755, 34.367 ], [ 73.762, 34.355 ], [ 73.752, 34.344 ], [ 73.76, 34.332 ], [ 73.776, 34.331 ], [ 73.783, 34.319 ], [ 73.8, 34.318 ], [ 73.809, 34.329 ], [ 73.825, 34.328 ] ] ] ] } },
{ "type": "Feature", "properties": { "POLYGON.ID": 642.0, "subregion": "India--Jammu and Kashmir--Kupwara--high Pir Panjal", "FILTER": "Jammu and Kashmir", "POLYGON": "India--Jammu and Kashmir--Kupwara--high Pir Panjal", "STATE": "Jammu and Kashmir", "COUNTY": "Kupwara", "OWNER": null }, "geometry": { "type": "MultiPolygon", "coordinates": [ [ [ [ 73.931, 34.554 ], [ 73.921, 34.543 ], [ 73.905, 34.544 ], [ 73.895, 34.533 ], [ 73.902, 34.521 ], [ 73.893, 34.51 ], [ 73.9, 34.498 ], [ 73.891, 34.487 ], [ 73.898, 34.475 ], [ 73.914, 34.474 ], [ 73.921, 34.461 ], [ 73.912, 34.45 ], [ 73.919, 34.438 ], [ 73.91, 34.427 ], [ 73.917, 34.415 ], [ 73.907, 34.404 ], [ 73.914, 34.392 ], [ 73.905, 34.381 ], [ 73.889, 34.382 ], [ 73.879, 34.371 ], [ 73.886, 34.359 ], [ 73.903, 34.358 ], [ 73.91, 34.346 ], [ 73.926, 34.345 ], [ 73.933, 34.333 ], [ 73.95, 34.332 ], [ 73.957, 34.32 ], [ 73.947, 34.309 ], [ 73.955, 34.297 ], [ 73.971, 34.296 ], [ 73.978, 34.284 ], [ 73.969, 34.273 ], [ 73.976, 34.261 ], [ 73.992, 34.26 ], [ 73.999, 34.248 ], [ 74.016, 34.247 ], [ 74.023, 34.235 ], [ 74.013, 34.224 ], [ 74.02, 34.212 ], [ 74.011, 34.201 ], [ 74.018, 34.189 ], [ 74.034, 34.188 ], [ 74.044, 34.199 ], [ 74.06, 34.198 ], [ 74.07, 34.209 ], [ 74.086, 34.208 ], [ 74.093, 34.196 ], [ 74.109, 34.195 ], [ 74.119, 34.206 ], [ 74.135, 34.205 ], [ 74.142, 34.193 ], [ 74.159, 34.192 ], [ 74.168, 34.203 ], [ 74.161, 34.215 ], [ 74.17, 34.226 ], [ 74.163, 34.238 ], [ 74.147, 34.239 ], [ 74.14, 34.251 ], [ 74.149, 34.262 ], [ 74.142, 34.274 ], [ 74.126, 34.275 ], [ 74.119, 34.287 ], [ 74.102, 34.288 ], [ 74.095, 34.3 ], [ 74.079, 34.301 ], [ 74.072, 34.313 ], [ 74.055, 34.314 ], [ 74.048, 34.326 ], [ 74.058, 34.337 ], [ 74.051, 34.349 ], [ 74.034, 34.35 ], [ 74.027, 34.362 ], [ 74.011, 34.363 ], [ 74.004, 34.375 ], [ 73.987, 34.376 ], [ 73.98, 34.388 ], [ 73.99, 34.399 ], [ 73.983, 34.411 ], [ 73.966, 34.412 ], [ 73.959, 34.424 ], [ 73.968, 34.435 ], [ 73.961, 34.447 ], [ 73.971, 34.458 ], [ 73.964, 34.471 ], [ 73.973, 34.482 ], [ 73.966, 34.494 ], [ 73.975, 34.505 ], [ 73.992, 34.504 ], [ 74.001, 34.515 ], [ 73.994, 34.527 ], [ 74.004, 34.538 ], [ 74.02, 34.537 ], [ 74.03, 34.548 ], [ 74.022, 34.56 ], [ 74.032, 34.571 ], [ 74.025, 34.583 ], [ 74.034, 34.594 ], [ 74.027, 34.606 ], [ 74.037, 34.617 ], [ 74.053, 34.616 ], [ 74.06, 34.604 ], [ 74.077, 34.603 ], [ 74.086, 34.614 ], [ 74.103, 34.613 ], [ 74.112, 34.624 ], [ 74.105, 34.636 ], [ 74.114, 34.647 ], [ 74.107, 34.659 ], [ 74.091, 34.66 ], [ 74.084, 34.672 ], [ 74.093, 34.683 ], [ 74.086, 34.695 ], [ 74.07, 34.696 ], [ 74.063, 34.708 ], [ 74.046, 34.709 ], [ 74.039, 34.721 ], [ 74.022, 34.722 ], [ 74.013, 34.711 ], [ 73.996, 34.712 ], [ 73.987, 34.701 ], [ 73.994, 34.689 ], [ 73.985, 34.678 ], [ 73.968, 34.679 ], [ 73.959, 34.668 ], [ 73.966, 34.656 ], [ 73.956, 34.645 ], [ 73.963, 34.633 ], [ 73.954, 34.622 ], [ 73.961, 34.61 ], [ 73.952, 34.599 ], [ 73.959, 34.587 ], [ 73.949, 34.576 ], [ 73.956, 34.564 ], [ 73.947, 34.553 ], [ 73.931, 34.554 ] ] ] ] } },
{ "type": "Feature", "properties": { "POLYGON.ID": 643.0, "subregion": "India--Jammu and Kashmir--Kupwara--transition (west)", "FILTER": "Jammu and Kashmir", "POLYGON": "India--Jammu and Kashmir--Kupwara--transition (west)", "STATE": "Jammu and Kashmir", "COUNTY": "Kupwara", "OWNER": null }, "geometry": { "type": "MultiPolygon", "coordinates": [ [ [ [ 74.206, 34.328 ], [ 74.199, 34.34 ], [ 74.208, 34.351 ], [ 74.225, 34.35 ], [ 74.234, 34.361 ], [ 74.25, 34.36 ], [ 74.26, 34.371 ], [ 74.253, 34.383 ], [ 74.236, 34.384 ], [ 74.229, 34.396 ], [ 74.213, 34.397 ], [ 74.203, 34.386 ], [ 74.187, 34.387 ], [ 74.178, 34.376 ], [ 74.161, 34.377 ], [ 74.152, 34.366 ], [ 74.135, 34.367 ], [ 74.128, 34.379 ], [ 74.112, 34.38 ], [ 74.105, 34.392 ], [ 74.114, 34.403 ], [ 74.107, 34.415 ], [ 74.117, 34.426 ], [ 74.11, 34.438 ], [ 74.093, 34.439 ], [ 74.086, 34.451 ], [ 74.07, 34.452 ], [ 74.063, 34.464 ], [ 74.072, 34.476 ], [ 74.065, 34.488 ], [ 74.074, 34.499 ], [ 74.067, 34.511 ], [ 74.077, 34.522 ], [ 74.093, 34.521 ], [ 74.103, 34.532 ], [ 74.119, 34.531 ], [ 74.128, 34.542 ], [ 74.121, 34.554 ], [ 74.131, 34.565 ], [ 74.124, 34.577 ], [ 74.107, 34.578 ], [ 74.1, 34.59 ], [ 74.084, 34.591 ], [ 74.077, 34.603 ], [ 74.06, 34.604 ], [ 74.053, 34.616 ], [ 74.037, 34.617 ], [ 74.027, 34.606 ], [ 74.034, 34.594 ], [ 74.025, 34.583 ], [ 74.032, 34.571 ], [ 74.022, 34.56 ], [ 74.03, 34.548 ], [ 74.02, 34.537 ], [ 74.004, 34.538 ], [ 73.994, 34.527 ], [ 74.001, 34.515 ], [ 73.992, 34.504 ], [ 73.975, 34.505 ], [ 73.966, 34.494 ], [ 73.973, 34.482 ], [ 73.964, 34.471 ], [ 73.971, 34.458 ], [ 73.961, 34.447 ], [ 73.968, 34.435 ], [ 73.959, 34.424 ], [ 73.966, 34.412 ], [ 73.983, 34.411 ], [ 73.99, 34.399 ], [ 73.98, 34.388 ], [ 73.987, 34.376 ], [ 74.004, 34.375 ], [ 74.011, 34.363 ], [ 74.027, 34.362 ], [ 74.034, 34.35 ], [ 74.051, 34.349 ], [ 74.058, 34.337 ], [ 74.048, 34.326 ], [ 74.055, 34.314 ], [ 74.072, 34.313 ], [ 74.079, 34.301 ], [ 74.095, 34.3 ], [ 74.102, 34.288 ], [ 74.119, 34.287 ], [ 74.126, 34.275 ], [ 74.142, 34.274 ], [ 74.149, 34.262 ], [ 74.14, 34.251 ], [ 74.147, 34.239 ], [ 74.163, 34.238 ], [ 74.17, 34.226 ], [ 74.187, 34.225 ], [ 74.196, 34.236 ], [ 74.213, 34.235 ], [ 74.222, 34.246 ], [ 74.238, 34.245 ], [ 74.248, 34.256 ], [ 74.264, 34.255 ], [ 74.274, 34.266 ], [ 74.29, 34.265 ], [ 74.299, 34.276 ], [ 74.292, 34.288 ], [ 74.302, 34.299 ], [ 74.295, 34.311 ], [ 74.278, 34.312 ], [ 74.271, 34.324 ], [ 74.255, 34.325 ], [ 74.246, 34.314 ], [ 74.229, 34.315 ], [ 74.222, 34.327 ], [ 74.206, 34.328 ] ] ] ] } },
{ "type": "Feature", "properties": { "POLYGON.ID": 644.0, "subregion": "India--Jammu and Kashmir--Kupwara--transition (north)", "FILTER": "Jammu and Kashmir", "POLYGON": "India--Jammu and Kashmir--Kupwara--transition (north)", "STATE": "Jammu and Kashmir", "COUNTY": "Kupwara", "OWNER": null }, "geometry": { "type": "MultiPolygon", "coordinates": [ [ [ [ 74.133, 34.669 ], [ 74.117, 34.67 ], [ 74.11, 34.682 ], [ 74.093, 34.683 ], [ 74.084, 34.672 ], [ 74.091, 34.66 ], [ 74.107, 34.659 ], [ 74.114, 34.647 ], [ 74.105, 34.636 ], [ 74.112, 34.624 ], [ 74.103, 34.613 ], [ 74.086, 34.614 ], [ 74.077, 34.603 ], [ 74.084, 34.591 ], [ 74.1, 34.59 ], [ 74.107, 34.578 ], [ 74.124, 34.577 ], [ 74.131, 34.565 ], [ 74.121, 34.554 ], [ 74.128, 34.542 ], [ 74.145, 34.541 ], [ 74.152, 34.529 ], [ 74.168, 34.528 ], [ 74.178, 34.539 ], [ 74.171, 34.551 ], [ 74.18, 34.562 ], [ 74.197, 34.561 ], [ 74.204, 34.549 ], [ 74.22, 34.548 ], [ 74.227, 34.535 ], [ 74.244, 34.534 ], [ 74.253, 34.545 ], [ 74.27, 34.544 ], [ 74.277, 34.532 ], [ 74.267, 34.521 ], [ 74.274, 34.509 ], [ 74.291, 34.508 ], [ 74.298, 34.496 ], [ 74.314, 34.495 ], [ 74.321, 34.483 ], [ 74.338, 34.482 ], [ 74.345, 34.47 ], [ 74.335, 34.459 ], [ 74.342, 34.447 ], [ 74.333, 34.436 ], [ 74.316, 34.437 ], [ 74.307, 34.426 ], [ 74.314, 34.414 ], [ 74.33, 34.413 ], [ 74.337, 34.401 ], [ 74.354, 34.4 ], [ 74.363, 34.411 ], [ 74.38, 34.41 ], [ 74.389, 34.421 ], [ 74.406, 34.42 ], [ 74.413, 34.408 ], [ 74.429, 34.407 ], [ 74.439, 34.418 ], [ 74.455, 34.416 ], [ 74.465, 34.427 ], [ 74.458, 34.44 ], [ 74.467, 34.45 ], [ 74.484, 34.449 ], [ 74.493, 34.46 ], [ 74.486, 34.472 ], [ 74.495, 34.483 ], [ 74.489, 34.496 ], [ 74.498, 34.507 ], [ 74.491, 34.519 ], [ 74.501, 34.53 ], [ 74.494, 34.542 ], [ 74.503, 34.553 ], [ 74.496, 34.565 ], [ 74.506, 34.576 ], [ 74.499, 34.588 ], [ 74.482, 34.589 ], [ 74.475, 34.601 ], [ 74.459, 34.602 ], [ 74.449, 34.591 ], [ 74.433, 34.592 ], [ 74.426, 34.604 ], [ 74.409, 34.605 ], [ 74.402, 34.617 ], [ 74.386, 34.618 ], [ 74.379, 34.63 ], [ 74.362, 34.631 ], [ 74.355, 34.644 ], [ 74.339, 34.645 ], [ 74.332, 34.657 ], [ 74.315, 34.658 ], [ 74.306, 34.647 ], [ 74.289, 34.648 ], [ 74.28, 34.637 ], [ 74.263, 34.638 ], [ 74.254, 34.627 ], [ 74.237, 34.628 ], [ 74.228, 34.617 ], [ 74.211, 34.618 ], [ 74.202, 34.607 ], [ 74.185, 34.608 ], [ 74.178, 34.62 ], [ 74.188, 34.631 ], [ 74.18, 34.643 ], [ 74.164, 34.644 ], [ 74.157, 34.656 ], [ 74.166, 34.667 ], [ 74.159, 34.679 ], [ 74.143, 34.68 ], [ 74.133, 34.669 ] ] ] ] } },
{ "type": "Feature", "properties": { "POLYGON.ID": 645.0, "subregion": "India--Jammu and Kashmir--Kupwara--high Himalaya", "FILTER": "Jammu and Kashmir", "POLYGON": "India--Jammu and Kashmir--Kupwara--high Himalaya", "STATE": "Jammu and Kashmir", "COUNTY": "Kupwara", "OWNER": null }, "geometry": { "type": "MultiPolygon", "coordinates": [ [ [ [ 74.332, 34.657 ], [ 74.339, 34.645 ], [ 74.355, 34.644 ], [ 74.362, 34.631 ], [ 74.379, 34.63 ], [ 74.386, 34.618 ], [ 74.402, 34.617 ], [ 74.409, 34.605 ], [ 74.426, 34.604 ], [ 74.433, 34.592 ], [ 74.449, 34.591 ], [ 74.459, 34.602 ], [ 74.475, 34.601 ], [ 74.482, 34.589 ], [ 74.499, 34.588 ], [ 74.508, 34.599 ], [ 74.501, 34.611 ], [ 74.511, 34.622 ], [ 74.504, 34.634 ], [ 74.513, 34.645 ], [ 74.506, 34.657 ], [ 74.516, 34.668 ], [ 74.509, 34.68 ], [ 74.518, 34.691 ], [ 74.511, 34.703 ], [ 74.521, 34.714 ], [ 74.514, 34.726 ], [ 74.523, 34.737 ], [ 74.516, 34.749 ], [ 74.526, 34.76 ], [ 74.519, 34.772 ], [ 74.502, 34.774 ], [ 74.495, 34.786 ], [ 74.479, 34.787 ], [ 74.469, 34.776 ], [ 74.453, 34.777 ], [ 74.443, 34.766 ], [ 74.427, 34.767 ], [ 74.42, 34.779 ], [ 74.403, 34.78 ], [ 74.393, 34.769 ], [ 74.377, 34.77 ], [ 74.367, 34.759 ], [ 74.351, 34.76 ], [ 74.344, 34.772 ], [ 74.327, 34.773 ], [ 74.32, 34.785 ], [ 74.304, 34.786 ], [ 74.294, 34.775 ], [ 74.278, 34.776 ], [ 74.268, 34.765 ], [ 74.252, 34.766 ], [ 74.242, 34.755 ], [ 74.249, 34.743 ], [ 74.24, 34.732 ], [ 74.223, 34.733 ], [ 74.214, 34.722 ], [ 74.221, 34.71 ], [ 74.211, 34.699 ], [ 74.195, 34.7 ], [ 74.185, 34.689 ], [ 74.169, 34.69 ], [ 74.159, 34.679 ], [ 74.166, 34.667 ], [ 74.157, 34.656 ], [ 74.164, 34.644 ], [ 74.18, 34.643 ], [ 74.188, 34.631 ], [ 74.178, 34.62 ], [ 74.185, 34.608 ], [ 74.202, 34.607 ], [ 74.211, 34.618 ], [ 74.228, 34.617 ], [ 74.237, 34.628 ], [ 74.254, 34.627 ], [ 74.263, 34.638 ], [ 74.28, 34.637 ], [ 74.289, 34.648 ], [ 74.306, 34.647 ], [ 74.315, 34.658 ], [ 74.332, 34.657 ] ] ] ] } },
{ "type": "Feature", "properties": { "POLYGON.ID": 656.0, "subregion": "India--Jammu and Kashmir--Anantnag--mid Himalaya", "FILTER": "Jammu and Kashmir", "POLYGON": "India--Jammu and Kashmir--Anantnag--mid Himalaya", "STATE": "Jammu and Kashmir", "COUNTY": "Jammu", "OWNER": null }, "geometry": { "type": "MultiPolygon", "coordinates": [ [ [ [ 75.381, 33.866 ], [ 75.365, 33.868 ], [ 75.358, 33.88 ], [ 75.342, 33.881 ], [ 75.332, 33.87 ], [ 75.339, 33.858 ], [ 75.355, 33.857 ], [ 75.362, 33.845 ], [ 75.352, 33.834 ], [ 75.359, 33.822 ], [ 75.375, 33.821 ], [ 75.382, 33.809 ], [ 75.398, 33.807 ], [ 75.405, 33.795 ], [ 75.396, 33.785 ], [ 75.402, 33.772 ], [ 75.393, 33.762 ], [ 75.4, 33.75 ], [ 75.39, 33.739 ], [ 75.397, 33.727 ], [ 75.413, 33.726 ], [ 75.42, 33.713 ], [ 75.41, 33.703 ], [ 75.417, 33.691 ], [ 75.407, 33.68 ], [ 75.414, 33.668 ], [ 75.405, 33.657 ], [ 75.411, 33.645 ], [ 75.402, 33.634 ], [ 75.409, 33.622 ], [ 75.425, 33.621 ], [ 75.431, 33.609 ], [ 75.422, 33.598 ], [ 75.406, 33.599 ], [ 75.396, 33.588 ], [ 75.403, 33.576 ], [ 75.393, 33.565 ], [ 75.4, 33.553 ], [ 75.391, 33.543 ], [ 75.397, 33.53 ], [ 75.414, 33.529 ], [ 75.42, 33.517 ], [ 75.411, 33.506 ], [ 75.395, 33.508 ], [ 75.385, 33.497 ], [ 75.392, 33.485 ], [ 75.382, 33.474 ], [ 75.366, 33.475 ], [ 75.357, 33.464 ], [ 75.34, 33.465 ], [ 75.331, 33.455 ], [ 75.315, 33.456 ], [ 75.305, 33.445 ], [ 75.289, 33.446 ], [ 75.28, 33.435 ], [ 75.286, 33.423 ], [ 75.303, 33.422 ], [ 75.309, 33.41 ], [ 75.325, 33.409 ], [ 75.332, 33.397 ], [ 75.348, 33.396 ], [ 75.355, 33.384 ], [ 75.371, 33.383 ], [ 75.378, 33.371 ], [ 75.394, 33.369 ], [ 75.403, 33.38 ], [ 75.42, 33.379 ], [ 75.429, 33.39 ], [ 75.445, 33.389 ], [ 75.455, 33.4 ], [ 75.471, 33.398 ], [ 75.48, 33.409 ], [ 75.474, 33.421 ], [ 75.483, 33.432 ], [ 75.477, 33.444 ], [ 75.486, 33.455 ], [ 75.479, 33.467 ], [ 75.489, 33.478 ], [ 75.482, 33.49 ], [ 75.492, 33.501 ], [ 75.508, 33.499 ], [ 75.517, 33.51 ], [ 75.511, 33.522 ], [ 75.52, 33.533 ], [ 75.513, 33.545 ], [ 75.497, 33.546 ], [ 75.491, 33.558 ], [ 75.5, 33.569 ], [ 75.493, 33.581 ], [ 75.477, 33.582 ], [ 75.471, 33.594 ], [ 75.48, 33.605 ], [ 75.473, 33.617 ], [ 75.483, 33.628 ], [ 75.476, 33.64 ], [ 75.486, 33.651 ], [ 75.479, 33.663 ], [ 75.463, 33.664 ], [ 75.456, 33.676 ], [ 75.466, 33.687 ], [ 75.459, 33.699 ], [ 75.468, 33.71 ], [ 75.462, 33.722 ], [ 75.471, 33.733 ], [ 75.465, 33.745 ], [ 75.448, 33.746 ], [ 75.442, 33.758 ], [ 75.451, 33.769 ], [ 75.444, 33.781 ], [ 75.428, 33.782 ], [ 75.421, 33.794 ], [ 75.431, 33.805 ], [ 75.424, 33.817 ], [ 75.408, 33.818 ], [ 75.401, 33.83 ], [ 75.385, 33.832 ], [ 75.378, 33.844 ], [ 75.388, 33.854 ], [ 75.381, 33.866 ] ] ] ] } },
{ "type": "Feature", "properties": { "POLYGON.ID": 657.0, "subregion": "India--Jammu and Kashmir--Kulgam--low transition", "FILTER": "Jammu and Kashmir", "POLYGON": "India--Jammu and Kashmir--Kulgam--low transition", "STATE": "Jammu and Kashmir", "COUNTY": "Kulgam", "OWNER": null }, "geometry": { "type": "MultiPolygon", "coordinates": [ [ [ [ 74.942, 33.62 ], [ 74.933, 33.609 ], [ 74.94, 33.597 ], [ 74.956, 33.596 ], [ 74.963, 33.584 ], [ 74.979, 33.583 ], [ 74.986, 33.571 ], [ 74.976, 33.56 ], [ 74.983, 33.548 ], [ 74.974, 33.537 ], [ 74.98, 33.525 ], [ 74.997, 33.524 ], [ 75.003, 33.512 ], [ 75.019, 33.511 ], [ 75.026, 33.499 ], [ 75.042, 33.498 ], [ 75.049, 33.486 ], [ 75.065, 33.485 ], [ 75.072, 33.473 ], [ 75.088, 33.472 ], [ 75.098, 33.483 ], [ 75.091, 33.495 ], [ 75.075, 33.496 ], [ 75.068, 33.508 ], [ 75.078, 33.519 ], [ 75.071, 33.531 ], [ 75.08, 33.542 ], [ 75.073, 33.554 ], [ 75.083, 33.564 ], [ 75.099, 33.563 ], [ 75.109, 33.574 ], [ 75.102, 33.586 ], [ 75.111, 33.597 ], [ 75.127, 33.596 ], [ 75.137, 33.607 ], [ 75.13, 33.619 ], [ 75.114, 33.62 ], [ 75.107, 33.632 ], [ 75.091, 33.633 ], [ 75.081, 33.622 ], [ 75.065, 33.623 ], [ 75.058, 33.635 ], [ 75.042, 33.636 ], [ 75.033, 33.626 ], [ 75.017, 33.627 ], [ 75.007, 33.616 ], [ 74.991, 33.617 ], [ 74.981, 33.606 ], [ 74.965, 33.607 ], [ 74.958, 33.619 ], [ 74.942, 33.62 ] ] ] ] } },
{ "type": "Feature", "properties": { "POLYGON.ID": 658.0, "subregion": "India--Jammu and Kashmir--Kulgam--high Pir Panjal", "FILTER": "Jammu and Kashmir", "POLYGON": "India--Jammu and Kashmir--Kulgam--high Pir Panjal", "STATE": "Jammu and Kashmir", "COUNTY": "Kulgam", "OWNER": null }, "geometry": { "type": "MultiPolygon", "coordinates": [ [ [ [ 75.026, 33.499 ], [ 75.019, 33.511 ], [ 75.003, 33.512 ], [ 74.997, 33.524 ], [ 74.98, 33.525 ], [ 74.971, 33.515 ], [ 74.955, 33.516 ], [ 74.948, 33.528 ], [ 74.932, 33.529 ], [ 74.922, 33.518 ], [ 74.906, 33.519 ], [ 74.899, 33.531 ], [ 74.883, 33.532 ], [ 74.874, 33.521 ], [ 74.857, 33.522 ], [ 74.851, 33.534 ], [ 74.834, 33.535 ], [ 74.828, 33.547 ], [ 74.811, 33.549 ], [ 74.805, 33.561 ], [ 74.788, 33.562 ], [ 74.782, 33.574 ], [ 74.765, 33.575 ], [ 74.759, 33.587 ], [ 74.742, 33.588 ], [ 74.735, 33.6 ], [ 74.719, 33.601 ], [ 74.712, 33.613 ], [ 74.696, 33.614 ], [ 74.689, 33.626 ], [ 74.673, 33.627 ], [ 74.666, 33.639 ], [ 74.65, 33.64 ], [ 74.643, 33.652 ], [ 74.627, 33.653 ], [ 74.62, 33.665 ], [ 74.604, 33.666 ], [ 74.594, 33.655 ], [ 74.578, 33.656 ], [ 74.571, 33.668 ], [ 74.555, 33.669 ], [ 74.546, 33.658 ], [ 74.529, 33.66 ], [ 74.52, 33.649 ], [ 74.527, 33.637 ], [ 74.518, 33.626 ], [ 74.524, 33.614 ], [ 74.515, 33.603 ], [ 74.522, 33.591 ], [ 74.513, 33.58 ], [ 74.519, 33.568 ], [ 74.536, 33.567 ], [ 74.543, 33.555 ], [ 74.533, 33.544 ], [ 74.54, 33.532 ], [ 74.556, 33.531 ], [ 74.563, 33.519 ], [ 74.554, 33.508 ], [ 74.561, 33.496 ], [ 74.577, 33.495 ], [ 74.584, 33.483 ], [ 74.574, 33.472 ], [ 74.581, 33.46 ], [ 74.597, 33.459 ], [ 74.607, 33.47 ], [ 74.623, 33.469 ], [ 74.63, 33.457 ], [ 74.646, 33.456 ], [ 74.655, 33.467 ], [ 74.672, 33.466 ], [ 74.681, 33.477 ], [ 74.697, 33.476 ], [ 74.707, 33.486 ], [ 74.723, 33.485 ], [ 74.73, 33.473 ], [ 74.746, 33.472 ], [ 74.753, 33.46 ], [ 74.769, 33.459 ], [ 74.776, 33.447 ], [ 74.792, 33.446 ], [ 74.799, 33.434 ], [ 74.815, 33.433 ], [ 74.824, 33.444 ], [ 74.84, 33.443 ], [ 74.85, 33.454 ], [ 74.866, 33.453 ], [ 74.875, 33.464 ], [ 74.891, 33.462 ], [ 74.898, 33.45 ], [ 74.914, 33.449 ], [ 74.924, 33.46 ], [ 74.94, 33.459 ], [ 74.949, 33.47 ], [ 74.966, 33.469 ], [ 74.972, 33.457 ], [ 74.989, 33.456 ], [ 74.998, 33.467 ], [ 75.014, 33.465 ], [ 75.021, 33.453 ], [ 75.037, 33.452 ], [ 75.047, 33.463 ], [ 75.063, 33.462 ], [ 75.072, 33.473 ], [ 75.065, 33.485 ], [ 75.049, 33.486 ], [ 75.042, 33.498 ], [ 75.026, 33.499 ] ] ] ] } },
{ "type": "Feature", "properties": { "POLYGON.ID": 663.0, "subregion": "India--Jammu and Kashmir--Baramulla--low Pir Panjal", "FILTER": "Jammu and Kashmir", "POLYGON": "India--Jammu and Kashmir--Baramulla--low Pir Panjal", "STATE": "Jammu and Kashmir", "COUNTY": "Jammu", "OWNER": null }, "geometry": { "type": "MultiPolygon", "coordinates": [ [ [ [ 74.07, 34.209 ], [ 74.06, 34.198 ], [ 74.044, 34.199 ], [ 74.034, 34.188 ], [ 74.018, 34.189 ], [ 74.009, 34.178 ], [ 73.992, 34.179 ], [ 73.983, 34.168 ], [ 73.966, 34.169 ], [ 73.957, 34.158 ], [ 73.964, 34.146 ], [ 73.955, 34.135 ], [ 73.938, 34.136 ], [ 73.929, 34.125 ], [ 73.936, 34.113 ], [ 73.927, 34.102 ], [ 73.91, 34.103 ], [ 73.901, 34.092 ], [ 73.908, 34.08 ], [ 73.899, 34.069 ], [ 73.906, 34.057 ], [ 73.922, 34.056 ], [ 73.929, 34.044 ], [ 73.92, 34.033 ], [ 73.927, 34.021 ], [ 73.943, 34.02 ], [ 73.953, 34.031 ], [ 73.969, 34.03 ], [ 73.976, 34.018 ], [ 73.992, 34.017 ], [ 73.999, 34.005 ], [ 74.016, 34.004 ], [ 74.025, 34.015 ], [ 74.041, 34.014 ], [ 74.051, 34.025 ], [ 74.067, 34.024 ], [ 74.076, 34.035 ], [ 74.093, 34.034 ], [ 74.102, 34.045 ], [ 74.095, 34.057 ], [ 74.079, 34.058 ], [ 74.072, 34.07 ], [ 74.081, 34.081 ], [ 74.074, 34.093 ], [ 74.058, 34.094 ], [ 74.051, 34.106 ], [ 74.06, 34.117 ], [ 74.077, 34.116 ], [ 74.086, 34.127 ], [ 74.102, 34.126 ], [ 74.112, 34.137 ], [ 74.128, 34.136 ], [ 74.135, 34.124 ], [ 74.151, 34.123 ], [ 74.161, 34.134 ], [ 74.177, 34.133 ], [ 74.184, 34.121 ], [ 74.175, 34.11 ], [ 74.182, 34.098 ], [ 74.198, 34.097 ], [ 74.208, 34.108 ], [ 74.224, 34.107 ], [ 74.233, 34.118 ], [ 74.25, 34.117 ], [ 74.259, 34.128 ], [ 74.252, 34.14 ], [ 74.261, 34.151 ], [ 74.255, 34.163 ], [ 74.238, 34.164 ], [ 74.231, 34.176 ], [ 74.241, 34.187 ], [ 74.234, 34.199 ], [ 74.217, 34.2 ], [ 74.21, 34.212 ], [ 74.194, 34.213 ], [ 74.187, 34.225 ], [ 74.17, 34.226 ], [ 74.161, 34.215 ], [ 74.168, 34.203 ], [ 74.159, 34.192 ], [ 74.142, 34.193 ], [ 74.135, 34.205 ], [ 74.119, 34.206 ], [ 74.109, 34.195 ], [ 74.093, 34.196 ], [ 74.086, 34.208 ], [ 74.07, 34.209 ] ] ] ] } },
{ "type": "Feature", "properties": { "POLYGON.ID": 664.0, "subregion": "India--Jammu and Kashmir--Baramulla--transition", "FILTER": "Jammu and Kashmir", "POLYGON": "India--Jammu and Kashmir--Baramulla--transition", "STATE": "Jammu and Kashmir", "COUNTY": "Jammu", "OWNER": null }, "geometry": { "type": "MultiPolygon", "coordinates": [ [ [ [ 74.217, 34.2 ], [ 74.234, 34.199 ], [ 74.241, 34.187 ], [ 74.231, 34.176 ], [ 74.238, 34.164 ], [ 74.255, 34.163 ], [ 74.261, 34.151 ], [ 74.252, 34.14 ], [ 74.259, 34.128 ], [ 74.275, 34.127 ], [ 74.282, 34.115 ], [ 74.299, 34.114 ], [ 74.308, 34.125 ], [ 74.325, 34.124 ], [ 74.332, 34.112 ], [ 74.348, 34.11 ], [ 74.357, 34.121 ], [ 74.35, 34.133 ], [ 74.36, 34.144 ], [ 74.353, 34.156 ], [ 74.362, 34.167 ], [ 74.355, 34.179 ], [ 74.339, 34.181 ], [ 74.332, 34.193 ], [ 74.316, 34.194 ], [ 74.306, 34.183 ], [ 74.29, 34.184 ], [ 74.283, 34.196 ], [ 74.292, 34.207 ], [ 74.309, 34.206 ], [ 74.318, 34.217 ], [ 74.334, 34.216 ], [ 74.344, 34.227 ], [ 74.337, 34.239 ], [ 74.346, 34.25 ], [ 74.339, 34.262 ], [ 74.323, 34.263 ], [ 74.313, 34.252 ], [ 74.297, 34.253 ], [ 74.29, 34.265 ], [ 74.274, 34.266 ], [ 74.264, 34.255 ], [ 74.248, 34.256 ], [ 74.238, 34.245 ], [ 74.222, 34.246 ], [ 74.213, 34.235 ], [ 74.196, 34.236 ], [ 74.187, 34.225 ], [ 74.194, 34.213 ], [ 74.21, 34.212 ], [ 74.217, 34.2 ] ] ], [ [ [ 74.369, 34.074 ], [ 74.376, 34.062 ], [ 74.366, 34.051 ], [ 74.373, 34.039 ], [ 74.39, 34.038 ], [ 74.397, 34.026 ], [ 74.387, 34.015 ], [ 74.394, 34.003 ], [ 74.41, 34.002 ], [ 74.417, 33.99 ], [ 74.434, 33.989 ], [ 74.441, 33.977 ], [ 74.457, 33.976 ], [ 74.464, 33.964 ], [ 74.48, 33.963 ], [ 74.487, 33.951 ], [ 74.478, 33.94 ], [ 74.485, 33.928 ], [ 74.475, 33.917 ], [ 74.482, 33.905 ], [ 74.473, 33.894 ], [ 74.48, 33.882 ], [ 74.496, 33.881 ], [ 74.505, 33.892 ], [ 74.522, 33.891 ], [ 74.531, 33.902 ], [ 74.524, 33.914 ], [ 74.534, 33.925 ], [ 74.527, 33.937 ], [ 74.536, 33.948 ], [ 74.529, 33.96 ], [ 74.539, 33.971 ], [ 74.532, 33.983 ], [ 74.515, 33.984 ], [ 74.509, 33.996 ], [ 74.518, 34.007 ], [ 74.511, 34.019 ], [ 74.52, 34.03 ], [ 74.514, 34.042 ], [ 74.497, 34.043 ], [ 74.49, 34.055 ], [ 74.474, 34.056 ], [ 74.464, 34.045 ], [ 74.448, 34.046 ], [ 74.441, 34.058 ], [ 74.425, 34.059 ], [ 74.418, 34.071 ], [ 74.427, 34.082 ], [ 74.42, 34.094 ], [ 74.404, 34.095 ], [ 74.395, 34.084 ], [ 74.378, 34.085 ], [ 74.369, 34.074 ] ] ] ] } },
{ "type": "Feature", "properties": { "POLYGON.ID": 665.0, "subregion": "India--Jammu and Kashmir--Baramulla--high Pir Panjal", "FILTER": "Jammu and Kashmir", "POLYGON": "India--Jammu and Kashmir--Baramulla--high Pir Panjal", "STATE": "Jammu and Kashmir", "COUNTY": "Jammu", "OWNER": null }, "geometry": { "type": "MultiPolygon", "coordinates": [ [ [ [ 74.161, 34.134 ], [ 74.151, 34.123 ], [ 74.135, 34.124 ], [ 74.128, 34.136 ], [ 74.112, 34.137 ], [ 74.102, 34.126 ], [ 74.086, 34.127 ], [ 74.077, 34.116 ], [ 74.06, 34.117 ], [ 74.051, 34.106 ], [ 74.058, 34.094 ], [ 74.074, 34.093 ], [ 74.081, 34.081 ], [ 74.072, 34.07 ], [ 74.079, 34.058 ], [ 74.095, 34.057 ], [ 74.102, 34.045 ], [ 74.119, 34.044 ], [ 74.126, 34.032 ], [ 74.142, 34.031 ], [ 74.151, 34.042 ], [ 74.168, 34.041 ], [ 74.175, 34.029 ], [ 74.191, 34.028 ], [ 74.2, 34.039 ], [ 74.217, 34.038 ], [ 74.224, 34.026 ], [ 74.24, 34.025 ], [ 74.247, 34.013 ], [ 74.263, 34.012 ], [ 74.27, 34.0 ], [ 74.287, 33.999 ], [ 74.294, 33.987 ], [ 74.31, 33.986 ], [ 74.317, 33.974 ], [ 74.333, 33.973 ], [ 74.34, 33.961 ], [ 74.357, 33.96 ], [ 74.364, 33.947 ], [ 74.38, 33.946 ], [ 74.387, 33.934 ], [ 74.403, 33.933 ], [ 74.41, 33.921 ], [ 74.401, 33.91 ], [ 74.408, 33.898 ], [ 74.398, 33.887 ], [ 74.405, 33.875 ], [ 74.421, 33.874 ], [ 74.428, 33.862 ], [ 74.445, 33.861 ], [ 74.454, 33.872 ], [ 74.47, 33.871 ], [ 74.48, 33.882 ], [ 74.473, 33.894 ], [ 74.482, 33.905 ], [ 74.475, 33.917 ], [ 74.485, 33.928 ], [ 74.478, 33.94 ], [ 74.487, 33.951 ], [ 74.48, 33.963 ], [ 74.464, 33.964 ], [ 74.457, 33.976 ], [ 74.441, 33.977 ], [ 74.434, 33.989 ], [ 74.417, 33.99 ], [ 74.41, 34.002 ], [ 74.394, 34.003 ], [ 74.387, 34.015 ], [ 74.397, 34.026 ], [ 74.39, 34.038 ], [ 74.373, 34.039 ], [ 74.366, 34.051 ], [ 74.376, 34.062 ], [ 74.369, 34.074 ], [ 74.378, 34.085 ], [ 74.395, 34.084 ], [ 74.404, 34.095 ], [ 74.397, 34.107 ], [ 74.381, 34.108 ], [ 74.374, 34.12 ], [ 74.357, 34.121 ], [ 74.348, 34.11 ], [ 74.332, 34.112 ], [ 74.325, 34.124 ], [ 74.308, 34.125 ], [ 74.299, 34.114 ], [ 74.282, 34.115 ], [ 74.275, 34.127 ], [ 74.259, 34.128 ], [ 74.25, 34.117 ], [ 74.233, 34.118 ], [ 74.224, 34.107 ], [ 74.208, 34.108 ], [ 74.198, 34.097 ], [ 74.182, 34.098 ], [ 74.175, 34.11 ], [ 74.184, 34.121 ], [ 74.177, 34.133 ], [ 74.161, 34.134 ] ] ] ] } },
{ "type": "Feature", "properties": { "POLYGON.ID": 1212.0, "subregion": "India--Jammu and Kashmir--Kathua--Ranjit Sagar Dam", "FILTER": "Jammu and Kashmir", "POLYGON": "India--Jammu and Kashmir--Kathua--Ranjit Sagar Dam", "STATE": "Jammu and Kashmir", "COUNTY": "Kathua", "OWNER": null }, "geometry": { "type": "MultiPolygon", "coordinates": [ [ [ [ 75.835, 32.43 ], [ 75.844, 32.441 ], [ 75.838, 32.453 ], [ 75.847, 32.464 ], [ 75.84, 32.476 ], [ 75.85, 32.486 ], [ 75.843, 32.498 ], [ 75.853, 32.509 ], [ 75.846, 32.521 ], [ 75.83, 32.522 ], [ 75.821, 32.511 ], [ 75.805, 32.513 ], [ 75.798, 32.525 ], [ 75.783, 32.526 ], [ 75.776, 32.538 ], [ 75.76, 32.539 ], [ 75.754, 32.551 ], [ 75.738, 32.552 ], [ 75.728, 32.541 ], [ 75.712, 32.542 ], [ 75.703, 32.532 ], [ 75.687, 32.533 ], [ 75.678, 32.522 ], [ 75.662, 32.523 ], [ 75.652, 32.513 ], [ 75.659, 32.501 ], [ 75.65, 32.49 ], [ 75.656, 32.478 ], [ 75.672, 32.477 ], [ 75.679, 32.465 ], [ 75.694, 32.464 ], [ 75.701, 32.452 ], [ 75.717, 32.451 ], [ 75.723, 32.439 ], [ 75.739, 32.438 ], [ 75.746, 32.426 ], [ 75.762, 32.424 ], [ 75.771, 32.435 ], [ 75.787, 32.434 ], [ 75.793, 32.422 ], [ 75.809, 32.421 ], [ 75.819, 32.432 ], [ 75.835, 32.43 ] ] ] ] } },
{ "type": "Feature", "properties": { "POLYGON.ID": 1209.0, "subregion": "India--Jammu and Kashmir--Jammu--Chenab River", "FILTER": "Jammu and Kashmir", "POLYGON": "India--Jammu and Kashmir--Jammu--Chenab River", "STATE": "Jammu and Kashmir", "COUNTY": "Jammu", "OWNER": null }, "geometry": { "type": "MultiPolygon", "coordinates": [ [ [ [ 74.684, 32.844 ], [ 74.7, 32.843 ], [ 74.709, 32.854 ], [ 74.725, 32.853 ], [ 74.735, 32.864 ], [ 74.751, 32.863 ], [ 74.76, 32.874 ], [ 74.753, 32.886 ], [ 74.763, 32.896 ], [ 74.779, 32.895 ], [ 74.788, 32.906 ], [ 74.781, 32.918 ], [ 74.765, 32.919 ], [ 74.756, 32.908 ], [ 74.74, 32.909 ], [ 74.731, 32.899 ], [ 74.714, 32.9 ], [ 74.705, 32.889 ], [ 74.689, 32.89 ], [ 74.68, 32.879 ], [ 74.664, 32.88 ], [ 74.654, 32.869 ], [ 74.638, 32.87 ], [ 74.629, 32.859 ], [ 74.613, 32.86 ], [ 74.604, 32.85 ], [ 74.611, 32.838 ], [ 74.601, 32.827 ], [ 74.585, 32.828 ], [ 74.576, 32.817 ], [ 74.56, 32.818 ], [ 74.551, 32.807 ], [ 74.535, 32.808 ], [ 74.525, 32.797 ], [ 74.509, 32.799 ], [ 74.503, 32.81 ], [ 74.512, 32.821 ], [ 74.505, 32.833 ], [ 74.489, 32.834 ], [ 74.482, 32.846 ], [ 74.466, 32.847 ], [ 74.459, 32.859 ], [ 74.443, 32.86 ], [ 74.434, 32.849 ], [ 74.418, 32.85 ], [ 74.409, 32.839 ], [ 74.416, 32.828 ], [ 74.432, 32.826 ], [ 74.438, 32.815 ], [ 74.429, 32.804 ], [ 74.436, 32.792 ], [ 74.427, 32.781 ], [ 74.434, 32.769 ], [ 74.45, 32.768 ], [ 74.456, 32.756 ], [ 74.472, 32.755 ], [ 74.479, 32.743 ], [ 74.495, 32.742 ], [ 74.502, 32.73 ], [ 74.518, 32.729 ], [ 74.527, 32.74 ], [ 74.543, 32.739 ], [ 74.553, 32.75 ], [ 74.546, 32.762 ], [ 74.555, 32.773 ], [ 74.571, 32.772 ], [ 74.58, 32.782 ], [ 74.596, 32.781 ], [ 74.606, 32.792 ], [ 74.622, 32.791 ], [ 74.631, 32.802 ], [ 74.647, 32.801 ], [ 74.656, 32.812 ], [ 74.672, 32.811 ], [ 74.682, 32.822 ], [ 74.675, 32.833 ], [ 74.684, 32.844 ] ] ] ] } },
{ "type": "Feature", "properties": { "POLYGON.ID": 1210.0, "subregion": "India--Jammu and Kashmir--Jammu--Tawi River", "FILTER": "Jammu and Kashmir", "POLYGON": "India--Jammu and Kashmir--Jammu--Tawi River", "STATE": "Jammu and Kashmir", "COUNTY": "Jammu", "OWNER": null }, "geometry": { "type": "MultiPolygon", "coordinates": [ [ [ [ 74.889, 32.727 ], [ 74.882, 32.739 ], [ 74.866, 32.74 ], [ 74.86, 32.752 ], [ 74.843, 32.753 ], [ 74.834, 32.743 ], [ 74.818, 32.744 ], [ 74.809, 32.733 ], [ 74.793, 32.734 ], [ 74.784, 32.723 ], [ 74.768, 32.724 ], [ 74.761, 32.736 ], [ 74.745, 32.737 ], [ 74.736, 32.726 ], [ 74.72, 32.727 ], [ 74.713, 32.739 ], [ 74.722, 32.75 ], [ 74.715, 32.762 ], [ 74.725, 32.773 ], [ 74.718, 32.785 ], [ 74.702, 32.786 ], [ 74.695, 32.798 ], [ 74.679, 32.799 ], [ 74.67, 32.788 ], [ 74.677, 32.776 ], [ 74.667, 32.765 ], [ 74.674, 32.753 ], [ 74.665, 32.742 ], [ 74.649, 32.744 ], [ 74.64, 32.733 ], [ 74.646, 32.721 ], [ 74.637, 32.71 ], [ 74.644, 32.698 ], [ 74.635, 32.687 ], [ 74.641, 32.675 ], [ 74.657, 32.674 ], [ 74.664, 32.662 ], [ 74.655, 32.652 ], [ 74.662, 32.64 ], [ 74.678, 32.639 ], [ 74.687, 32.649 ], [ 74.703, 32.648 ], [ 74.71, 32.636 ], [ 74.726, 32.635 ], [ 74.732, 32.623 ], [ 74.748, 32.622 ], [ 74.757, 32.633 ], [ 74.773, 32.632 ], [ 74.783, 32.643 ], [ 74.776, 32.655 ], [ 74.785, 32.666 ], [ 74.801, 32.665 ], [ 74.811, 32.675 ], [ 74.827, 32.674 ], [ 74.836, 32.685 ], [ 74.852, 32.684 ], [ 74.861, 32.695 ], [ 74.877, 32.694 ], [ 74.886, 32.705 ], [ 74.902, 32.704 ], [ 74.912, 32.714 ], [ 74.905, 32.726 ], [ 74.889, 32.727 ] ] ] ] } },
{ "type": "Feature", "properties": { "POLYGON.ID": 1211.0, "subregion": "India--Jammu and Kashmir--Samba--Degh River", "FILTER": "Jammu and Kashmir", "POLYGON": "India--Jammu and Kashmir--Samba--Degh River", "STATE": "Jammu and Kashmir", "COUNTY": "Samba", "OWNER": null }, "geometry": { "type": "MultiPolygon", "coordinates": [ [ [ [ 75.104, 32.564 ], [ 75.088, 32.565 ], [ 75.078, 32.554 ], [ 75.063, 32.555 ], [ 75.056, 32.567 ], [ 75.04, 32.568 ], [ 75.033, 32.58 ], [ 75.017, 32.581 ], [ 75.008, 32.57 ], [ 75.015, 32.558 ], [ 75.005, 32.548 ], [ 75.012, 32.536 ], [ 75.003, 32.525 ], [ 75.009, 32.513 ], [ 75.0, 32.502 ], [ 74.984, 32.503 ], [ 74.975, 32.493 ], [ 74.982, 32.481 ], [ 74.972, 32.47 ], [ 74.956, 32.471 ], [ 74.947, 32.46 ], [ 74.931, 32.461 ], [ 74.922, 32.451 ], [ 74.929, 32.439 ], [ 74.945, 32.438 ], [ 74.951, 32.426 ], [ 74.967, 32.425 ], [ 74.976, 32.435 ], [ 74.992, 32.434 ], [ 75.002, 32.445 ], [ 75.018, 32.444 ], [ 75.027, 32.455 ], [ 75.043, 32.454 ], [ 75.052, 32.464 ], [ 75.045, 32.476 ], [ 75.055, 32.487 ], [ 75.048, 32.499 ], [ 75.057, 32.51 ], [ 75.073, 32.509 ], [ 75.082, 32.519 ], [ 75.098, 32.518 ], [ 75.108, 32.529 ], [ 75.101, 32.541 ], [ 75.11, 32.552 ], [ 75.104, 32.564 ] ] ] ] } }
]
}
