{
"type": "FeatureCollection",
"name": "Jharkhand",
"crs": { "type": "name", "properties": { "name": "urn:ogc:def:crs:OGC:1.3:CRS84" } },
"features": [
{ "type": "Feature", "properties": { "POLYGON.ID": 26.0, "subregion": "India--Jharkhand", "FILTER": "Jharkhand", "POLYGON": "India--Jharkhand", "STATE": "Jharkhand", "COUNTY": "spl_region", "OWNER": null }, "geometry": { "type": "MultiPolygon", "coordinates": [ [ [ [ 85.17, 24.359 ], [ 85.16, 24.349 ], [ 85.164, 24.337 ], [ 85.154, 24.327 ], [ 85.158, 24.315 ], [ 85.148, 24.305 ], [ 85.135, 24.308 ], [ 85.125, 24.298 ], [ 85.111, 24.3 ], [ 85.107, 24.312 ], [ 85.093, 24.315 ], [ 85.089, 24.327 ], [ 85.099, 24.336 ], [ 85.094, 24.349 ], [ 85.08, 24.351 ], [ 85.076, 24.363 ], [ 85.086, 24.373 ], [ 85.082, 24.385 ], [ 85.068, 24.387 ], [ 85.064, 24.399 ], [ 85.05, 24.402 ], [ 85.046, 24.414 ], [ 85.032, 24.416 ], [ 85.022, 24.406 ], [ 85.008, 24.409 ], [ 84.999, 24.399 ], [ 85.003, 24.387 ], [ 84.993, 24.377 ], [ 84.979, 24.379 ], [ 84.969, 24.37 ], [ 84.955, 24.372 ], [ 84.946, 24.362 ], [ 84.932, 24.365 ], [ 84.928, 24.377 ], [ 84.914, 24.379 ], [ 84.91, 24.391 ], [ 84.896, 24.393 ], [ 84.892, 24.405 ], [ 84.901, 24.415 ], [ 84.897, 24.427 ], [ 84.883, 24.43 ], [ 84.879, 24.442 ], [ 84.889, 24.452 ], [ 84.885, 24.464 ], [ 84.871, 24.466 ], [ 84.861, 24.456 ], [ 84.847, 24.458 ], [ 84.843, 24.471 ], [ 84.829, 24.473 ], [ 84.825, 24.485 ], [ 84.835, 24.495 ], [ 84.831, 24.507 ], [ 84.841, 24.517 ], [ 84.837, 24.529 ], [ 84.823, 24.531 ], [ 84.813, 24.521 ], [ 84.799, 24.524 ], [ 84.789, 24.514 ], [ 84.793, 24.502 ], [ 84.784, 24.492 ], [ 84.788, 24.48 ], [ 84.778, 24.47 ], [ 84.764, 24.472 ], [ 84.754, 24.463 ], [ 84.74, 24.465 ], [ 84.731, 24.455 ], [ 84.717, 24.457 ], [ 84.707, 24.448 ], [ 84.711, 24.436 ], [ 84.701, 24.426 ], [ 84.688, 24.428 ], [ 84.678, 24.418 ], [ 84.682, 24.406 ], [ 84.672, 24.396 ], [ 84.658, 24.399 ], [ 84.649, 24.389 ], [ 84.635, 24.391 ], [ 84.631, 24.403 ], [ 84.617, 24.406 ], [ 84.607, 24.396 ], [ 84.593, 24.398 ], [ 84.589, 24.41 ], [ 84.575, 24.412 ], [ 84.565, 24.403 ], [ 84.569, 24.391 ], [ 84.56, 24.381 ], [ 84.546, 24.383 ], [ 84.536, 24.373 ], [ 84.54, 24.361 ], [ 84.531, 24.351 ], [ 84.535, 24.339 ], [ 84.525, 24.33 ], [ 84.511, 24.332 ], [ 84.501, 24.322 ], [ 84.505, 24.31 ], [ 84.496, 24.3 ], [ 84.5, 24.288 ], [ 84.49, 24.278 ], [ 84.476, 24.281 ], [ 84.472, 24.293 ], [ 84.458, 24.295 ], [ 84.454, 24.307 ], [ 84.44, 24.309 ], [ 84.436, 24.321 ], [ 84.422, 24.324 ], [ 84.418, 24.336 ], [ 84.404, 24.338 ], [ 84.4, 24.35 ], [ 84.386, 24.352 ], [ 84.382, 24.364 ], [ 84.368, 24.367 ], [ 84.364, 24.379 ], [ 84.351, 24.381 ], [ 84.346, 24.393 ], [ 84.333, 24.395 ], [ 84.328, 24.407 ], [ 84.315, 24.41 ], [ 84.31, 24.422 ], [ 84.32, 24.432 ], [ 84.316, 24.444 ], [ 84.302, 24.446 ], [ 84.298, 24.458 ], [ 84.308, 24.468 ], [ 84.304, 24.48 ], [ 84.313, 24.49 ], [ 84.309, 24.502 ], [ 84.319, 24.511 ], [ 84.315, 24.523 ], [ 84.301, 24.526 ], [ 84.297, 24.538 ], [ 84.307, 24.548 ], [ 84.302, 24.56 ], [ 84.289, 24.562 ], [ 84.279, 24.552 ], [ 84.265, 24.554 ], [ 84.255, 24.545 ], [ 84.241, 24.547 ], [ 84.237, 24.559 ], [ 84.224, 24.561 ], [ 84.214, 24.551 ], [ 84.2, 24.554 ], [ 84.19, 24.544 ], [ 84.176, 24.546 ], [ 84.167, 24.536 ], [ 84.153, 24.538 ], [ 84.143, 24.529 ], [ 84.147, 24.517 ], [ 84.138, 24.507 ], [ 84.142, 24.495 ], [ 84.132, 24.485 ], [ 84.118, 24.487 ], [ 84.109, 24.477 ], [ 84.095, 24.48 ], [ 84.091, 24.492 ], [ 84.1, 24.501 ], [ 84.096, 24.513 ], [ 84.082, 24.516 ], [ 84.078, 24.528 ], [ 84.088, 24.538 ], [ 84.084, 24.55 ], [ 84.07, 24.552 ], [ 84.066, 24.564 ], [ 84.075, 24.574 ], [ 84.071, 24.586 ], [ 84.058, 24.588 ], [ 84.053, 24.6 ], [ 84.04, 24.602 ], [ 84.035, 24.614 ], [ 84.022, 24.616 ], [ 84.012, 24.607 ], [ 84.016, 24.595 ], [ 84.006, 24.585 ], [ 83.993, 24.587 ], [ 83.983, 24.577 ], [ 83.987, 24.565 ], [ 83.977, 24.555 ], [ 83.963, 24.558 ], [ 83.954, 24.548 ], [ 83.958, 24.536 ], [ 83.948, 24.526 ], [ 83.934, 24.528 ], [ 83.925, 24.518 ], [ 83.911, 24.521 ], [ 83.901, 24.511 ], [ 83.887, 24.513 ], [ 83.878, 24.503 ], [ 83.864, 24.505 ], [ 83.854, 24.496 ], [ 83.841, 24.498 ], [ 83.831, 24.488 ], [ 83.817, 24.49 ], [ 83.807, 24.48 ], [ 83.794, 24.483 ], [ 83.784, 24.473 ], [ 83.77, 24.475 ], [ 83.766, 24.487 ], [ 83.752, 24.489 ], [ 83.743, 24.479 ], [ 83.729, 24.482 ], [ 83.719, 24.472 ], [ 83.705, 24.474 ], [ 83.701, 24.486 ], [ 83.687, 24.488 ], [ 83.678, 24.478 ], [ 83.664, 24.481 ], [ 83.66, 24.493 ], [ 83.646, 24.495 ], [ 83.636, 24.485 ], [ 83.623, 24.487 ], [ 83.618, 24.499 ], [ 83.605, 24.501 ], [ 83.595, 24.492 ], [ 83.581, 24.494 ], [ 83.572, 24.484 ], [ 83.558, 24.486 ], [ 83.554, 24.498 ], [ 83.54, 24.5 ], [ 83.53, 24.491 ], [ 83.516, 24.493 ], [ 83.512, 24.505 ], [ 83.499, 24.507 ], [ 83.489, 24.497 ], [ 83.475, 24.499 ], [ 83.466, 24.489 ], [ 83.452, 24.492 ], [ 83.442, 24.482 ], [ 83.428, 24.484 ], [ 83.419, 24.474 ], [ 83.405, 24.476 ], [ 83.395, 24.466 ], [ 83.399, 24.454 ], [ 83.39, 24.445 ], [ 83.394, 24.433 ], [ 83.408, 24.43 ], [ 83.412, 24.418 ], [ 83.402, 24.409 ], [ 83.406, 24.397 ], [ 83.42, 24.394 ], [ 83.43, 24.404 ], [ 83.444, 24.402 ], [ 83.448, 24.39 ], [ 83.438, 24.38 ], [ 83.442, 24.368 ], [ 83.433, 24.358 ], [ 83.437, 24.346 ], [ 83.427, 24.337 ], [ 83.413, 24.339 ], [ 83.404, 24.329 ], [ 83.39, 24.331 ], [ 83.38, 24.321 ], [ 83.385, 24.309 ], [ 83.398, 24.307 ], [ 83.402, 24.295 ], [ 83.393, 24.285 ], [ 83.397, 24.273 ], [ 83.411, 24.271 ], [ 83.415, 24.259 ], [ 83.405, 24.249 ], [ 83.391, 24.251 ], [ 83.382, 24.242 ], [ 83.386, 24.23 ], [ 83.376, 24.22 ], [ 83.38, 24.208 ], [ 83.371, 24.198 ], [ 83.375, 24.186 ], [ 83.365, 24.176 ], [ 83.37, 24.164 ], [ 83.36, 24.154 ], [ 83.364, 24.142 ], [ 83.354, 24.132 ], [ 83.359, 24.12 ], [ 83.349, 24.11 ], [ 83.353, 24.098 ], [ 83.367, 24.096 ], [ 83.376, 24.106 ], [ 83.39, 24.104 ], [ 83.394, 24.092 ], [ 83.408, 24.09 ], [ 83.412, 24.078 ], [ 83.426, 24.075 ], [ 83.43, 24.063 ], [ 83.444, 24.061 ], [ 83.448, 24.049 ], [ 83.462, 24.047 ], [ 83.466, 24.035 ], [ 83.48, 24.033 ], [ 83.489, 24.043 ], [ 83.503, 24.04 ], [ 83.507, 24.028 ], [ 83.521, 24.026 ], [ 83.525, 24.014 ], [ 83.515, 24.004 ], [ 83.519, 23.992 ], [ 83.51, 23.982 ], [ 83.514, 23.97 ], [ 83.528, 23.968 ], [ 83.532, 23.956 ], [ 83.546, 23.954 ], [ 83.55, 23.942 ], [ 83.54, 23.932 ], [ 83.544, 23.92 ], [ 83.558, 23.918 ], [ 83.562, 23.905 ], [ 83.576, 23.903 ], [ 83.58, 23.891 ], [ 83.57, 23.881 ], [ 83.575, 23.869 ], [ 83.588, 23.867 ], [ 83.592, 23.855 ], [ 83.606, 23.853 ], [ 83.616, 23.863 ], [ 83.63, 23.86 ], [ 83.634, 23.848 ], [ 83.647, 23.846 ], [ 83.657, 23.856 ], [ 83.671, 23.854 ], [ 83.675, 23.842 ], [ 83.665, 23.832 ], [ 83.669, 23.82 ], [ 83.683, 23.817 ], [ 83.693, 23.827 ], [ 83.707, 23.825 ], [ 83.711, 23.813 ], [ 83.701, 23.803 ], [ 83.705, 23.791 ], [ 83.719, 23.789 ], [ 83.723, 23.777 ], [ 83.737, 23.774 ], [ 83.741, 23.762 ], [ 83.731, 23.752 ], [ 83.735, 23.74 ], [ 83.749, 23.738 ], [ 83.753, 23.726 ], [ 83.744, 23.716 ], [ 83.748, 23.704 ], [ 83.738, 23.694 ], [ 83.724, 23.696 ], [ 83.715, 23.687 ], [ 83.719, 23.674 ], [ 83.733, 23.672 ], [ 83.737, 23.66 ], [ 83.751, 23.658 ], [ 83.755, 23.646 ], [ 83.745, 23.636 ], [ 83.749, 23.624 ], [ 83.763, 23.621 ], [ 83.767, 23.609 ], [ 83.781, 23.607 ], [ 83.785, 23.595 ], [ 83.799, 23.593 ], [ 83.808, 23.603 ], [ 83.822, 23.6 ], [ 83.826, 23.588 ], [ 83.84, 23.586 ], [ 83.85, 23.596 ], [ 83.863, 23.593 ], [ 83.867, 23.581 ], [ 83.881, 23.579 ], [ 83.891, 23.589 ], [ 83.905, 23.587 ], [ 83.909, 23.574 ], [ 83.923, 23.572 ], [ 83.932, 23.582 ], [ 83.928, 23.594 ], [ 83.938, 23.604 ], [ 83.934, 23.616 ], [ 83.943, 23.626 ], [ 83.957, 23.624 ], [ 83.967, 23.634 ], [ 83.98, 23.631 ], [ 83.99, 23.641 ], [ 84.004, 23.639 ], [ 84.008, 23.627 ], [ 84.022, 23.624 ], [ 84.026, 23.612 ], [ 84.016, 23.602 ], [ 84.02, 23.59 ], [ 84.034, 23.588 ], [ 84.038, 23.576 ], [ 84.029, 23.566 ], [ 84.033, 23.554 ], [ 84.023, 23.544 ], [ 84.027, 23.532 ], [ 84.017, 23.522 ], [ 84.022, 23.51 ], [ 84.012, 23.5 ], [ 83.998, 23.502 ], [ 83.989, 23.492 ], [ 83.993, 23.48 ], [ 83.983, 23.47 ], [ 83.969, 23.473 ], [ 83.96, 23.463 ], [ 83.964, 23.451 ], [ 83.977, 23.448 ], [ 83.982, 23.436 ], [ 83.972, 23.426 ], [ 83.976, 23.414 ], [ 83.966, 23.404 ], [ 83.971, 23.392 ], [ 83.961, 23.382 ], [ 83.965, 23.37 ], [ 83.979, 23.368 ], [ 83.983, 23.356 ], [ 83.997, 23.354 ], [ 84.006, 23.363 ], [ 84.02, 23.361 ], [ 84.03, 23.371 ], [ 84.043, 23.369 ], [ 84.048, 23.356 ], [ 84.061, 23.354 ], [ 84.065, 23.342 ], [ 84.079, 23.34 ], [ 84.083, 23.328 ], [ 84.074, 23.318 ], [ 84.078, 23.305 ], [ 84.068, 23.296 ], [ 84.072, 23.283 ], [ 84.063, 23.274 ], [ 84.067, 23.261 ], [ 84.057, 23.252 ], [ 84.061, 23.239 ], [ 84.052, 23.229 ], [ 84.056, 23.217 ], [ 84.069, 23.215 ], [ 84.074, 23.203 ], [ 84.064, 23.193 ], [ 84.05, 23.195 ], [ 84.04, 23.185 ], [ 84.045, 23.173 ], [ 84.035, 23.163 ], [ 84.039, 23.151 ], [ 84.029, 23.141 ], [ 84.034, 23.129 ], [ 84.047, 23.127 ], [ 84.051, 23.115 ], [ 84.065, 23.112 ], [ 84.075, 23.122 ], [ 84.089, 23.12 ], [ 84.093, 23.108 ], [ 84.106, 23.105 ], [ 84.111, 23.093 ], [ 84.124, 23.091 ], [ 84.128, 23.079 ], [ 84.119, 23.069 ], [ 84.123, 23.056 ], [ 84.113, 23.047 ], [ 84.117, 23.034 ], [ 84.131, 23.032 ], [ 84.135, 23.02 ], [ 84.126, 23.01 ], [ 84.13, 22.998 ], [ 84.143, 22.995 ], [ 84.148, 22.983 ], [ 84.161, 22.981 ], [ 84.165, 22.969 ], [ 84.179, 22.966 ], [ 84.189, 22.976 ], [ 84.185, 22.988 ], [ 84.171, 22.991 ], [ 84.167, 23.003 ], [ 84.176, 23.013 ], [ 84.172, 23.025 ], [ 84.182, 23.035 ], [ 84.196, 23.033 ], [ 84.2, 23.02 ], [ 84.19, 23.01 ], [ 84.194, 22.998 ], [ 84.208, 22.996 ], [ 84.212, 22.984 ], [ 84.226, 22.981 ], [ 84.236, 22.991 ], [ 84.249, 22.989 ], [ 84.254, 22.977 ], [ 84.267, 22.974 ], [ 84.271, 22.962 ], [ 84.285, 22.96 ], [ 84.295, 22.97 ], [ 84.309, 22.967 ], [ 84.318, 22.977 ], [ 84.332, 22.975 ], [ 84.342, 22.985 ], [ 84.355, 22.982 ], [ 84.36, 22.97 ], [ 84.373, 22.968 ], [ 84.377, 22.955 ], [ 84.391, 22.953 ], [ 84.395, 22.941 ], [ 84.386, 22.931 ], [ 84.39, 22.919 ], [ 84.38, 22.909 ], [ 84.384, 22.897 ], [ 84.375, 22.887 ], [ 84.379, 22.874 ], [ 84.369, 22.865 ], [ 84.355, 22.867 ], [ 84.346, 22.857 ], [ 84.332, 22.859 ], [ 84.322, 22.85 ], [ 84.326, 22.837 ], [ 84.317, 22.827 ], [ 84.321, 22.815 ], [ 84.311, 22.805 ], [ 84.315, 22.793 ], [ 84.305, 22.783 ], [ 84.292, 22.786 ], [ 84.282, 22.776 ], [ 84.268, 22.778 ], [ 84.259, 22.768 ], [ 84.263, 22.756 ], [ 84.253, 22.746 ], [ 84.239, 22.748 ], [ 84.23, 22.739 ], [ 84.234, 22.726 ], [ 84.224, 22.716 ], [ 84.228, 22.704 ], [ 84.242, 22.702 ], [ 84.246, 22.69 ], [ 84.236, 22.68 ], [ 84.223, 22.682 ], [ 84.213, 22.672 ], [ 84.199, 22.675 ], [ 84.19, 22.665 ], [ 84.194, 22.652 ], [ 84.184, 22.642 ], [ 84.17, 22.645 ], [ 84.161, 22.635 ], [ 84.147, 22.637 ], [ 84.137, 22.627 ], [ 84.124, 22.63 ], [ 84.119, 22.642 ], [ 84.106, 22.644 ], [ 84.096, 22.635 ], [ 84.082, 22.637 ], [ 84.073, 22.627 ], [ 84.077, 22.615 ], [ 84.067, 22.605 ], [ 84.053, 22.607 ], [ 84.044, 22.597 ], [ 84.03, 22.6 ], [ 84.02, 22.59 ], [ 84.025, 22.578 ], [ 84.015, 22.568 ], [ 84.019, 22.555 ], [ 84.009, 22.546 ], [ 84.014, 22.533 ], [ 84.027, 22.531 ], [ 84.031, 22.519 ], [ 84.045, 22.516 ], [ 84.049, 22.504 ], [ 84.063, 22.502 ], [ 84.073, 22.512 ], [ 84.086, 22.509 ], [ 84.09, 22.497 ], [ 84.104, 22.495 ], [ 84.108, 22.482 ], [ 84.122, 22.48 ], [ 84.126, 22.468 ], [ 84.14, 22.465 ], [ 84.144, 22.453 ], [ 84.134, 22.443 ], [ 84.138, 22.431 ], [ 84.152, 22.428 ], [ 84.156, 22.416 ], [ 84.17, 22.414 ], [ 84.174, 22.401 ], [ 84.188, 22.399 ], [ 84.192, 22.387 ], [ 84.206, 22.384 ], [ 84.21, 22.372 ], [ 84.223, 22.37 ], [ 84.233, 22.38 ], [ 84.247, 22.377 ], [ 84.251, 22.365 ], [ 84.265, 22.363 ], [ 84.269, 22.35 ], [ 84.282, 22.348 ], [ 84.287, 22.336 ], [ 84.3, 22.333 ], [ 84.31, 22.343 ], [ 84.324, 22.341 ], [ 84.333, 22.351 ], [ 84.347, 22.348 ], [ 84.357, 22.358 ], [ 84.37, 22.356 ], [ 84.375, 22.343 ], [ 84.388, 22.341 ], [ 84.398, 22.351 ], [ 84.412, 22.348 ], [ 84.421, 22.358 ], [ 84.435, 22.356 ], [ 84.445, 22.366 ], [ 84.441, 22.378 ], [ 84.45, 22.388 ], [ 84.464, 22.386 ], [ 84.474, 22.395 ], [ 84.47, 22.408 ], [ 84.479, 22.418 ], [ 84.493, 22.415 ], [ 84.503, 22.425 ], [ 84.517, 22.423 ], [ 84.526, 22.433 ], [ 84.54, 22.43 ], [ 84.544, 22.418 ], [ 84.558, 22.415 ], [ 84.568, 22.425 ], [ 84.581, 22.423 ], [ 84.591, 22.433 ], [ 84.605, 22.43 ], [ 84.614, 22.44 ], [ 84.628, 22.438 ], [ 84.632, 22.426 ], [ 84.646, 22.423 ], [ 84.656, 22.433 ], [ 84.67, 22.431 ], [ 84.674, 22.418 ], [ 84.687, 22.416 ], [ 84.697, 22.426 ], [ 84.711, 22.423 ], [ 84.715, 22.411 ], [ 84.729, 22.409 ], [ 84.738, 22.418 ], [ 84.752, 22.416 ], [ 84.762, 22.426 ], [ 84.758, 22.438 ], [ 84.767, 22.448 ], [ 84.781, 22.446 ], [ 84.791, 22.456 ], [ 84.805, 22.453 ], [ 84.809, 22.441 ], [ 84.823, 22.438 ], [ 84.827, 22.426 ], [ 84.841, 22.424 ], [ 84.85, 22.433 ], [ 84.864, 22.431 ], [ 84.874, 22.441 ], [ 84.887, 22.438 ], [ 84.892, 22.426 ], [ 84.905, 22.424 ], [ 84.915, 22.434 ], [ 84.929, 22.431 ], [ 84.939, 22.441 ], [ 84.935, 22.453 ], [ 84.944, 22.463 ], [ 84.958, 22.461 ], [ 84.962, 22.448 ], [ 84.976, 22.446 ], [ 84.986, 22.456 ], [ 84.999, 22.453 ], [ 85.009, 22.463 ], [ 85.023, 22.461 ], [ 85.033, 22.471 ], [ 85.046, 22.468 ], [ 85.056, 22.478 ], [ 85.07, 22.476 ], [ 85.074, 22.463 ], [ 85.064, 22.453 ], [ 85.068, 22.441 ], [ 85.059, 22.431 ], [ 85.063, 22.419 ], [ 85.077, 22.416 ], [ 85.081, 22.404 ], [ 85.095, 22.402 ], [ 85.099, 22.389 ], [ 85.089, 22.379 ], [ 85.093, 22.367 ], [ 85.083, 22.357 ], [ 85.087, 22.345 ], [ 85.101, 22.342 ], [ 85.105, 22.33 ], [ 85.096, 22.32 ], [ 85.1, 22.308 ], [ 85.113, 22.305 ], [ 85.117, 22.293 ], [ 85.108, 22.283 ], [ 85.094, 22.286 ], [ 85.084, 22.276 ], [ 85.07, 22.278 ], [ 85.061, 22.268 ], [ 85.065, 22.256 ], [ 85.079, 22.253 ], [ 85.083, 22.241 ], [ 85.073, 22.231 ], [ 85.077, 22.219 ], [ 85.067, 22.209 ], [ 85.054, 22.211 ], [ 85.044, 22.202 ], [ 85.048, 22.189 ], [ 85.038, 22.179 ], [ 85.042, 22.167 ], [ 85.033, 22.157 ], [ 85.037, 22.145 ], [ 85.027, 22.135 ], [ 85.031, 22.122 ], [ 85.045, 22.12 ], [ 85.049, 22.108 ], [ 85.063, 22.105 ], [ 85.072, 22.115 ], [ 85.086, 22.112 ], [ 85.09, 22.1 ], [ 85.104, 22.098 ], [ 85.108, 22.085 ], [ 85.122, 22.083 ], [ 85.126, 22.07 ], [ 85.14, 22.068 ], [ 85.15, 22.078 ], [ 85.163, 22.075 ], [ 85.167, 22.063 ], [ 85.181, 22.06 ], [ 85.185, 22.048 ], [ 85.199, 22.045 ], [ 85.209, 22.055 ], [ 85.223, 22.053 ], [ 85.227, 22.04 ], [ 85.217, 22.031 ], [ 85.221, 22.018 ], [ 85.235, 22.016 ], [ 85.245, 22.026 ], [ 85.258, 22.023 ], [ 85.268, 22.033 ], [ 85.264, 22.045 ], [ 85.274, 22.055 ], [ 85.27, 22.068 ], [ 85.279, 22.078 ], [ 85.275, 22.09 ], [ 85.285, 22.1 ], [ 85.299, 22.097 ], [ 85.309, 22.107 ], [ 85.305, 22.12 ], [ 85.314, 22.129 ], [ 85.328, 22.127 ], [ 85.338, 22.137 ], [ 85.352, 22.134 ], [ 85.361, 22.144 ], [ 85.357, 22.157 ], [ 85.367, 22.166 ], [ 85.381, 22.164 ], [ 85.385, 22.152 ], [ 85.399, 22.149 ], [ 85.409, 22.159 ], [ 85.422, 22.156 ], [ 85.426, 22.144 ], [ 85.44, 22.141 ], [ 85.45, 22.151 ], [ 85.464, 22.149 ], [ 85.468, 22.136 ], [ 85.482, 22.134 ], [ 85.486, 22.122 ], [ 85.5, 22.119 ], [ 85.504, 22.107 ], [ 85.518, 22.104 ], [ 85.527, 22.114 ], [ 85.541, 22.111 ], [ 85.545, 22.099 ], [ 85.559, 22.096 ], [ 85.563, 22.084 ], [ 85.577, 22.082 ], [ 85.587, 22.091 ], [ 85.601, 22.089 ], [ 85.605, 22.076 ], [ 85.618, 22.074 ], [ 85.628, 22.084 ], [ 85.642, 22.081 ], [ 85.652, 22.091 ], [ 85.666, 22.089 ], [ 85.67, 22.076 ], [ 85.684, 22.074 ], [ 85.688, 22.061 ], [ 85.701, 22.059 ], [ 85.711, 22.069 ], [ 85.725, 22.066 ], [ 85.735, 22.076 ], [ 85.749, 22.073 ], [ 85.758, 22.083 ], [ 85.772, 22.081 ], [ 85.782, 22.091 ], [ 85.778, 22.103 ], [ 85.788, 22.113 ], [ 85.802, 22.11 ], [ 85.811, 22.12 ], [ 85.825, 22.118 ], [ 85.829, 22.105 ], [ 85.82, 22.095 ], [ 85.824, 22.083 ], [ 85.814, 22.073 ], [ 85.8, 22.076 ], [ 85.79, 22.066 ], [ 85.776, 22.068 ], [ 85.767, 22.058 ], [ 85.771, 22.046 ], [ 85.785, 22.043 ], [ 85.789, 22.031 ], [ 85.779, 22.021 ], [ 85.765, 22.024 ], [ 85.755, 22.014 ], [ 85.759, 22.001 ], [ 85.773, 21.999 ], [ 85.777, 21.986 ], [ 85.791, 21.984 ], [ 85.801, 21.994 ], [ 85.815, 21.991 ], [ 85.819, 21.979 ], [ 85.833, 21.976 ], [ 85.842, 21.986 ], [ 85.856, 21.983 ], [ 85.86, 21.971 ], [ 85.874, 21.968 ], [ 85.884, 21.978 ], [ 85.898, 21.976 ], [ 85.908, 21.986 ], [ 85.903, 21.998 ], [ 85.913, 22.008 ], [ 85.927, 22.005 ], [ 85.937, 22.015 ], [ 85.933, 22.028 ], [ 85.943, 22.037 ], [ 85.956, 22.035 ], [ 85.966, 22.045 ], [ 85.962, 22.057 ], [ 85.972, 22.067 ], [ 85.986, 22.064 ], [ 85.996, 22.074 ], [ 85.992, 22.087 ], [ 86.001, 22.097 ], [ 85.997, 22.109 ], [ 86.007, 22.119 ], [ 86.003, 22.131 ], [ 86.013, 22.141 ], [ 86.009, 22.154 ], [ 86.019, 22.164 ], [ 86.014, 22.176 ], [ 86.024, 22.186 ], [ 86.02, 22.198 ], [ 86.006, 22.201 ], [ 86.002, 22.213 ], [ 85.988, 22.216 ], [ 85.984, 22.228 ], [ 85.994, 22.238 ], [ 85.99, 22.25 ], [ 86.0, 22.26 ], [ 85.996, 22.273 ], [ 86.006, 22.283 ], [ 86.002, 22.295 ], [ 86.011, 22.305 ], [ 86.007, 22.317 ], [ 86.017, 22.327 ], [ 86.013, 22.339 ], [ 86.023, 22.349 ], [ 86.019, 22.362 ], [ 86.029, 22.372 ], [ 86.024, 22.384 ], [ 86.034, 22.394 ], [ 86.03, 22.406 ], [ 86.016, 22.409 ], [ 86.012, 22.421 ], [ 85.998, 22.424 ], [ 85.994, 22.436 ], [ 85.98, 22.439 ], [ 85.976, 22.451 ], [ 85.963, 22.454 ], [ 85.958, 22.466 ], [ 85.968, 22.476 ], [ 85.964, 22.488 ], [ 85.974, 22.498 ], [ 85.97, 22.51 ], [ 85.98, 22.52 ], [ 85.994, 22.518 ], [ 86.003, 22.528 ], [ 86.017, 22.525 ], [ 86.027, 22.535 ], [ 86.023, 22.547 ], [ 86.033, 22.557 ], [ 86.047, 22.555 ], [ 86.057, 22.564 ], [ 86.07, 22.562 ], [ 86.075, 22.549 ], [ 86.088, 22.547 ], [ 86.092, 22.535 ], [ 86.083, 22.525 ], [ 86.087, 22.512 ], [ 86.101, 22.51 ], [ 86.105, 22.497 ], [ 86.119, 22.495 ], [ 86.123, 22.482 ], [ 86.137, 22.48 ], [ 86.146, 22.49 ], [ 86.16, 22.487 ], [ 86.164, 22.475 ], [ 86.178, 22.472 ], [ 86.188, 22.482 ], [ 86.202, 22.479 ], [ 86.206, 22.467 ], [ 86.22, 22.464 ], [ 86.224, 22.452 ], [ 86.238, 22.449 ], [ 86.248, 22.459 ], [ 86.262, 22.457 ], [ 86.266, 22.444 ], [ 86.28, 22.442 ], [ 86.284, 22.429 ], [ 86.298, 22.427 ], [ 86.302, 22.414 ], [ 86.315, 22.412 ], [ 86.32, 22.399 ], [ 86.333, 22.397 ], [ 86.338, 22.384 ], [ 86.328, 22.375 ], [ 86.332, 22.362 ], [ 86.346, 22.359 ], [ 86.35, 22.347 ], [ 86.364, 22.344 ], [ 86.368, 22.332 ], [ 86.382, 22.329 ], [ 86.391, 22.339 ], [ 86.405, 22.337 ], [ 86.409, 22.324 ], [ 86.423, 22.322 ], [ 86.427, 22.309 ], [ 86.441, 22.307 ], [ 86.451, 22.316 ], [ 86.447, 22.329 ], [ 86.457, 22.339 ], [ 86.471, 22.336 ], [ 86.481, 22.346 ], [ 86.495, 22.343 ], [ 86.499, 22.331 ], [ 86.513, 22.328 ], [ 86.517, 22.316 ], [ 86.53, 22.313 ], [ 86.535, 22.301 ], [ 86.548, 22.298 ], [ 86.558, 22.308 ], [ 86.572, 22.305 ], [ 86.576, 22.293 ], [ 86.59, 22.29 ], [ 86.594, 22.278 ], [ 86.608, 22.275 ], [ 86.618, 22.285 ], [ 86.632, 22.283 ], [ 86.636, 22.27 ], [ 86.65, 22.267 ], [ 86.654, 22.255 ], [ 86.668, 22.252 ], [ 86.672, 22.24 ], [ 86.686, 22.237 ], [ 86.69, 22.225 ], [ 86.704, 22.222 ], [ 86.708, 22.21 ], [ 86.722, 22.207 ], [ 86.732, 22.217 ], [ 86.746, 22.214 ], [ 86.755, 22.224 ], [ 86.769, 22.222 ], [ 86.779, 22.231 ], [ 86.793, 22.229 ], [ 86.803, 22.239 ], [ 86.799, 22.251 ], [ 86.809, 22.261 ], [ 86.823, 22.258 ], [ 86.833, 22.268 ], [ 86.847, 22.265 ], [ 86.856, 22.275 ], [ 86.852, 22.288 ], [ 86.862, 22.298 ], [ 86.858, 22.31 ], [ 86.844, 22.313 ], [ 86.84, 22.325 ], [ 86.826, 22.328 ], [ 86.822, 22.34 ], [ 86.832, 22.35 ], [ 86.828, 22.362 ], [ 86.838, 22.372 ], [ 86.834, 22.385 ], [ 86.844, 22.395 ], [ 86.84, 22.407 ], [ 86.826, 22.41 ], [ 86.822, 22.422 ], [ 86.808, 22.425 ], [ 86.798, 22.415 ], [ 86.784, 22.417 ], [ 86.78, 22.43 ], [ 86.766, 22.433 ], [ 86.762, 22.445 ], [ 86.748, 22.448 ], [ 86.744, 22.46 ], [ 86.754, 22.47 ], [ 86.75, 22.482 ], [ 86.76, 22.492 ], [ 86.774, 22.489 ], [ 86.778, 22.477 ], [ 86.792, 22.474 ], [ 86.801, 22.484 ], [ 86.797, 22.497 ], [ 86.807, 22.507 ], [ 86.803, 22.519 ], [ 86.789, 22.522 ], [ 86.785, 22.534 ], [ 86.795, 22.544 ], [ 86.791, 22.556 ], [ 86.777, 22.559 ], [ 86.773, 22.571 ], [ 86.759, 22.574 ], [ 86.755, 22.586 ], [ 86.741, 22.589 ], [ 86.731, 22.579 ], [ 86.735, 22.567 ], [ 86.725, 22.557 ], [ 86.712, 22.559 ], [ 86.702, 22.55 ], [ 86.706, 22.537 ], [ 86.696, 22.527 ], [ 86.682, 22.53 ], [ 86.678, 22.542 ], [ 86.664, 22.545 ], [ 86.654, 22.535 ], [ 86.64, 22.538 ], [ 86.636, 22.55 ], [ 86.622, 22.553 ], [ 86.612, 22.543 ], [ 86.598, 22.546 ], [ 86.594, 22.558 ], [ 86.604, 22.568 ], [ 86.6, 22.58 ], [ 86.61, 22.59 ], [ 86.606, 22.603 ], [ 86.616, 22.612 ], [ 86.612, 22.625 ], [ 86.622, 22.635 ], [ 86.617, 22.647 ], [ 86.604, 22.65 ], [ 86.599, 22.662 ], [ 86.586, 22.665 ], [ 86.576, 22.655 ], [ 86.562, 22.657 ], [ 86.552, 22.648 ], [ 86.538, 22.65 ], [ 86.528, 22.64 ], [ 86.514, 22.643 ], [ 86.504, 22.633 ], [ 86.49, 22.636 ], [ 86.481, 22.626 ], [ 86.467, 22.628 ], [ 86.463, 22.641 ], [ 86.472, 22.651 ], [ 86.468, 22.663 ], [ 86.454, 22.666 ], [ 86.45, 22.678 ], [ 86.46, 22.688 ], [ 86.456, 22.7 ], [ 86.466, 22.71 ], [ 86.462, 22.722 ], [ 86.448, 22.725 ], [ 86.444, 22.737 ], [ 86.43, 22.74 ], [ 86.426, 22.752 ], [ 86.412, 22.755 ], [ 86.408, 22.767 ], [ 86.394, 22.77 ], [ 86.39, 22.782 ], [ 86.4, 22.792 ], [ 86.414, 22.79 ], [ 86.424, 22.799 ], [ 86.42, 22.812 ], [ 86.429, 22.822 ], [ 86.425, 22.834 ], [ 86.435, 22.844 ], [ 86.431, 22.856 ], [ 86.441, 22.866 ], [ 86.437, 22.878 ], [ 86.447, 22.888 ], [ 86.461, 22.886 ], [ 86.471, 22.895 ], [ 86.466, 22.908 ], [ 86.453, 22.91 ], [ 86.448, 22.923 ], [ 86.458, 22.932 ], [ 86.454, 22.945 ], [ 86.464, 22.955 ], [ 86.46, 22.967 ], [ 86.446, 22.97 ], [ 86.442, 22.982 ], [ 86.428, 22.985 ], [ 86.424, 22.997 ], [ 86.41, 22.999 ], [ 86.4, 22.99 ], [ 86.386, 22.992 ], [ 86.382, 23.005 ], [ 86.368, 23.007 ], [ 86.358, 22.997 ], [ 86.345, 23.0 ], [ 86.335, 22.99 ], [ 86.321, 22.993 ], [ 86.317, 23.005 ], [ 86.303, 23.007 ], [ 86.299, 23.02 ], [ 86.285, 23.022 ], [ 86.275, 23.013 ], [ 86.279, 23.0 ], [ 86.269, 22.99 ], [ 86.255, 22.993 ], [ 86.251, 23.005 ], [ 86.237, 23.008 ], [ 86.227, 22.998 ], [ 86.213, 23.001 ], [ 86.209, 23.013 ], [ 86.195, 23.015 ], [ 86.186, 23.006 ], [ 86.172, 23.008 ], [ 86.168, 23.021 ], [ 86.154, 23.023 ], [ 86.15, 23.035 ], [ 86.159, 23.045 ], [ 86.155, 23.058 ], [ 86.141, 23.06 ], [ 86.137, 23.072 ], [ 86.123, 23.075 ], [ 86.119, 23.087 ], [ 86.105, 23.09 ], [ 86.096, 23.08 ], [ 86.082, 23.082 ], [ 86.078, 23.095 ], [ 86.064, 23.097 ], [ 86.06, 23.11 ], [ 86.046, 23.112 ], [ 86.042, 23.124 ], [ 86.051, 23.134 ], [ 86.047, 23.147 ], [ 86.033, 23.149 ], [ 86.024, 23.139 ], [ 86.01, 23.142 ], [ 86.006, 23.154 ], [ 85.992, 23.157 ], [ 85.982, 23.147 ], [ 85.968, 23.149 ], [ 85.964, 23.162 ], [ 85.95, 23.164 ], [ 85.94, 23.154 ], [ 85.926, 23.157 ], [ 85.916, 23.147 ], [ 85.903, 23.15 ], [ 85.898, 23.162 ], [ 85.885, 23.164 ], [ 85.88, 23.177 ], [ 85.89, 23.186 ], [ 85.886, 23.199 ], [ 85.872, 23.201 ], [ 85.868, 23.214 ], [ 85.854, 23.216 ], [ 85.85, 23.228 ], [ 85.836, 23.231 ], [ 85.832, 23.243 ], [ 85.842, 23.253 ], [ 85.838, 23.265 ], [ 85.824, 23.268 ], [ 85.82, 23.28 ], [ 85.83, 23.29 ], [ 85.826, 23.302 ], [ 85.835, 23.312 ], [ 85.849, 23.309 ], [ 85.859, 23.319 ], [ 85.855, 23.332 ], [ 85.865, 23.341 ], [ 85.861, 23.354 ], [ 85.871, 23.363 ], [ 85.867, 23.376 ], [ 85.876, 23.386 ], [ 85.872, 23.398 ], [ 85.882, 23.408 ], [ 85.878, 23.42 ], [ 85.864, 23.422 ], [ 85.86, 23.435 ], [ 85.87, 23.444 ], [ 85.866, 23.457 ], [ 85.876, 23.467 ], [ 85.89, 23.464 ], [ 85.894, 23.452 ], [ 85.908, 23.449 ], [ 85.912, 23.437 ], [ 85.926, 23.435 ], [ 85.93, 23.422 ], [ 85.944, 23.42 ], [ 85.953, 23.43 ], [ 85.967, 23.427 ], [ 85.977, 23.437 ], [ 85.991, 23.434 ], [ 86.001, 23.444 ], [ 86.015, 23.442 ], [ 86.025, 23.451 ], [ 86.021, 23.464 ], [ 86.031, 23.474 ], [ 86.026, 23.486 ], [ 86.036, 23.496 ], [ 86.032, 23.508 ], [ 86.042, 23.518 ], [ 86.038, 23.53 ], [ 86.024, 23.532 ], [ 86.02, 23.545 ], [ 86.03, 23.555 ], [ 86.026, 23.567 ], [ 86.036, 23.577 ], [ 86.049, 23.574 ], [ 86.059, 23.584 ], [ 86.073, 23.581 ], [ 86.077, 23.569 ], [ 86.091, 23.567 ], [ 86.101, 23.576 ], [ 86.115, 23.574 ], [ 86.119, 23.562 ], [ 86.133, 23.559 ], [ 86.143, 23.569 ], [ 86.157, 23.566 ], [ 86.161, 23.554 ], [ 86.151, 23.544 ], [ 86.155, 23.532 ], [ 86.145, 23.522 ], [ 86.149, 23.51 ], [ 86.163, 23.508 ], [ 86.167, 23.495 ], [ 86.158, 23.485 ], [ 86.162, 23.473 ], [ 86.176, 23.471 ], [ 86.18, 23.458 ], [ 86.194, 23.456 ], [ 86.198, 23.444 ], [ 86.212, 23.441 ], [ 86.222, 23.451 ], [ 86.236, 23.448 ], [ 86.24, 23.436 ], [ 86.23, 23.426 ], [ 86.234, 23.414 ], [ 86.248, 23.411 ], [ 86.258, 23.421 ], [ 86.272, 23.419 ], [ 86.281, 23.428 ], [ 86.295, 23.426 ], [ 86.299, 23.414 ], [ 86.313, 23.411 ], [ 86.323, 23.421 ], [ 86.319, 23.433 ], [ 86.329, 23.443 ], [ 86.343, 23.44 ], [ 86.353, 23.45 ], [ 86.349, 23.463 ], [ 86.359, 23.472 ], [ 86.373, 23.47 ], [ 86.383, 23.48 ], [ 86.378, 23.492 ], [ 86.364, 23.494 ], [ 86.36, 23.507 ], [ 86.37, 23.516 ], [ 86.366, 23.529 ], [ 86.376, 23.539 ], [ 86.372, 23.551 ], [ 86.382, 23.561 ], [ 86.378, 23.573 ], [ 86.388, 23.583 ], [ 86.402, 23.58 ], [ 86.412, 23.59 ], [ 86.425, 23.587 ], [ 86.435, 23.597 ], [ 86.449, 23.595 ], [ 86.459, 23.604 ], [ 86.455, 23.617 ], [ 86.465, 23.627 ], [ 86.479, 23.624 ], [ 86.489, 23.634 ], [ 86.503, 23.631 ], [ 86.513, 23.641 ], [ 86.527, 23.638 ], [ 86.537, 23.648 ], [ 86.551, 23.646 ], [ 86.56, 23.655 ], [ 86.556, 23.668 ], [ 86.566, 23.678 ], [ 86.58, 23.675 ], [ 86.59, 23.685 ], [ 86.604, 23.682 ], [ 86.614, 23.692 ], [ 86.628, 23.689 ], [ 86.638, 23.699 ], [ 86.652, 23.697 ], [ 86.662, 23.706 ], [ 86.676, 23.704 ], [ 86.686, 23.714 ], [ 86.7, 23.711 ], [ 86.71, 23.721 ], [ 86.724, 23.718 ], [ 86.734, 23.728 ], [ 86.748, 23.725 ], [ 86.752, 23.713 ], [ 86.766, 23.711 ], [ 86.776, 23.72 ], [ 86.79, 23.718 ], [ 86.799, 23.728 ], [ 86.795, 23.74 ], [ 86.805, 23.75 ], [ 86.801, 23.762 ], [ 86.787, 23.764 ], [ 86.783, 23.777 ], [ 86.769, 23.779 ], [ 86.765, 23.792 ], [ 86.751, 23.794 ], [ 86.747, 23.806 ], [ 86.733, 23.809 ], [ 86.729, 23.821 ], [ 86.715, 23.824 ], [ 86.711, 23.836 ], [ 86.697, 23.839 ], [ 86.693, 23.851 ], [ 86.703, 23.861 ], [ 86.699, 23.873 ], [ 86.709, 23.883 ], [ 86.704, 23.895 ], [ 86.714, 23.905 ], [ 86.728, 23.902 ], [ 86.738, 23.912 ], [ 86.752, 23.909 ], [ 86.762, 23.919 ], [ 86.776, 23.917 ], [ 86.78, 23.904 ], [ 86.794, 23.902 ], [ 86.804, 23.912 ], [ 86.818, 23.909 ], [ 86.822, 23.897 ], [ 86.836, 23.894 ], [ 86.84, 23.882 ], [ 86.854, 23.879 ], [ 86.859, 23.867 ], [ 86.849, 23.857 ], [ 86.853, 23.845 ], [ 86.867, 23.842 ], [ 86.877, 23.852 ], [ 86.873, 23.864 ], [ 86.882, 23.874 ], [ 86.878, 23.887 ], [ 86.888, 23.896 ], [ 86.902, 23.894 ], [ 86.912, 23.903 ], [ 86.926, 23.901 ], [ 86.93, 23.889 ], [ 86.944, 23.886 ], [ 86.954, 23.896 ], [ 86.968, 23.893 ], [ 86.972, 23.881 ], [ 86.986, 23.878 ], [ 86.996, 23.888 ], [ 87.01, 23.886 ], [ 87.014, 23.873 ], [ 87.028, 23.871 ], [ 87.033, 23.858 ], [ 87.047, 23.856 ], [ 87.051, 23.844 ], [ 87.065, 23.841 ], [ 87.069, 23.829 ], [ 87.083, 23.826 ], [ 87.093, 23.836 ], [ 87.107, 23.833 ], [ 87.111, 23.821 ], [ 87.125, 23.818 ], [ 87.129, 23.806 ], [ 87.143, 23.803 ], [ 87.153, 23.813 ], [ 87.149, 23.825 ], [ 87.159, 23.835 ], [ 87.155, 23.848 ], [ 87.141, 23.85 ], [ 87.137, 23.862 ], [ 87.147, 23.872 ], [ 87.161, 23.87 ], [ 87.165, 23.857 ], [ 87.179, 23.855 ], [ 87.183, 23.842 ], [ 87.197, 23.84 ], [ 87.207, 23.85 ], [ 87.221, 23.847 ], [ 87.225, 23.835 ], [ 87.239, 23.832 ], [ 87.249, 23.842 ], [ 87.245, 23.854 ], [ 87.255, 23.864 ], [ 87.251, 23.876 ], [ 87.237, 23.879 ], [ 87.232, 23.891 ], [ 87.242, 23.901 ], [ 87.256, 23.898 ], [ 87.261, 23.886 ], [ 87.275, 23.883 ], [ 87.285, 23.893 ], [ 87.281, 23.905 ], [ 87.29, 23.915 ], [ 87.286, 23.927 ], [ 87.296, 23.937 ], [ 87.292, 23.949 ], [ 87.278, 23.952 ], [ 87.274, 23.964 ], [ 87.26, 23.967 ], [ 87.25, 23.957 ], [ 87.236, 23.96 ], [ 87.226, 23.95 ], [ 87.212, 23.953 ], [ 87.208, 23.965 ], [ 87.194, 23.967 ], [ 87.184, 23.958 ], [ 87.17, 23.96 ], [ 87.166, 23.973 ], [ 87.152, 23.975 ], [ 87.142, 23.965 ], [ 87.128, 23.968 ], [ 87.124, 23.98 ], [ 87.11, 23.983 ], [ 87.106, 23.995 ], [ 87.092, 23.998 ], [ 87.088, 24.01 ], [ 87.074, 24.013 ], [ 87.07, 24.025 ], [ 87.08, 24.035 ], [ 87.075, 24.047 ], [ 87.061, 24.049 ], [ 87.057, 24.062 ], [ 87.067, 24.071 ], [ 87.063, 24.084 ], [ 87.073, 24.093 ], [ 87.069, 24.106 ], [ 87.079, 24.115 ], [ 87.093, 24.113 ], [ 87.103, 24.122 ], [ 87.117, 24.12 ], [ 87.121, 24.108 ], [ 87.135, 24.105 ], [ 87.139, 24.093 ], [ 87.153, 24.09 ], [ 87.157, 24.078 ], [ 87.171, 24.075 ], [ 87.176, 24.063 ], [ 87.19, 24.061 ], [ 87.194, 24.048 ], [ 87.208, 24.046 ], [ 87.212, 24.033 ], [ 87.226, 24.031 ], [ 87.236, 24.041 ], [ 87.232, 24.053 ], [ 87.242, 24.063 ], [ 87.256, 24.06 ], [ 87.266, 24.07 ], [ 87.262, 24.082 ], [ 87.248, 24.085 ], [ 87.238, 24.075 ], [ 87.224, 24.077 ], [ 87.219, 24.09 ], [ 87.205, 24.092 ], [ 87.195, 24.083 ], [ 87.181, 24.085 ], [ 87.177, 24.097 ], [ 87.163, 24.1 ], [ 87.159, 24.112 ], [ 87.145, 24.115 ], [ 87.141, 24.127 ], [ 87.127, 24.13 ], [ 87.123, 24.142 ], [ 87.109, 24.144 ], [ 87.105, 24.157 ], [ 87.115, 24.166 ], [ 87.111, 24.179 ], [ 87.121, 24.188 ], [ 87.117, 24.201 ], [ 87.127, 24.21 ], [ 87.141, 24.208 ], [ 87.151, 24.218 ], [ 87.165, 24.215 ], [ 87.175, 24.225 ], [ 87.189, 24.222 ], [ 87.193, 24.21 ], [ 87.207, 24.207 ], [ 87.217, 24.217 ], [ 87.231, 24.214 ], [ 87.241, 24.224 ], [ 87.255, 24.222 ], [ 87.259, 24.209 ], [ 87.273, 24.207 ], [ 87.283, 24.216 ], [ 87.297, 24.214 ], [ 87.307, 24.224 ], [ 87.321, 24.221 ], [ 87.331, 24.231 ], [ 87.345, 24.228 ], [ 87.355, 24.238 ], [ 87.369, 24.235 ], [ 87.373, 24.223 ], [ 87.387, 24.22 ], [ 87.397, 24.23 ], [ 87.411, 24.228 ], [ 87.415, 24.215 ], [ 87.429, 24.213 ], [ 87.434, 24.2 ], [ 87.448, 24.198 ], [ 87.458, 24.207 ], [ 87.472, 24.205 ], [ 87.482, 24.215 ], [ 87.478, 24.227 ], [ 87.464, 24.229 ], [ 87.459, 24.242 ], [ 87.469, 24.251 ], [ 87.465, 24.264 ], [ 87.451, 24.266 ], [ 87.447, 24.279 ], [ 87.433, 24.281 ], [ 87.429, 24.293 ], [ 87.415, 24.296 ], [ 87.411, 24.308 ], [ 87.397, 24.311 ], [ 87.393, 24.323 ], [ 87.379, 24.326 ], [ 87.375, 24.338 ], [ 87.361, 24.341 ], [ 87.357, 24.353 ], [ 87.367, 24.362 ], [ 87.362, 24.375 ], [ 87.348, 24.377 ], [ 87.344, 24.39 ], [ 87.33, 24.392 ], [ 87.326, 24.404 ], [ 87.312, 24.407 ], [ 87.308, 24.419 ], [ 87.318, 24.429 ], [ 87.314, 24.441 ], [ 87.3, 24.444 ], [ 87.296, 24.456 ], [ 87.306, 24.466 ], [ 87.302, 24.478 ], [ 87.312, 24.488 ], [ 87.326, 24.485 ], [ 87.336, 24.495 ], [ 87.332, 24.507 ], [ 87.342, 24.517 ], [ 87.356, 24.514 ], [ 87.366, 24.524 ], [ 87.362, 24.536 ], [ 87.348, 24.538 ], [ 87.344, 24.551 ], [ 87.354, 24.56 ], [ 87.35, 24.573 ], [ 87.36, 24.582 ], [ 87.355, 24.595 ], [ 87.365, 24.604 ], [ 87.361, 24.616 ], [ 87.371, 24.626 ], [ 87.367, 24.638 ], [ 87.353, 24.641 ], [ 87.349, 24.653 ], [ 87.359, 24.663 ], [ 87.355, 24.675 ], [ 87.365, 24.685 ], [ 87.361, 24.697 ], [ 87.347, 24.699 ], [ 87.343, 24.712 ], [ 87.353, 24.721 ], [ 87.349, 24.734 ], [ 87.359, 24.743 ], [ 87.355, 24.755 ], [ 87.341, 24.758 ], [ 87.337, 24.77 ], [ 87.347, 24.78 ], [ 87.342, 24.792 ], [ 87.328, 24.795 ], [ 87.324, 24.807 ], [ 87.334, 24.816 ], [ 87.33, 24.829 ], [ 87.34, 24.838 ], [ 87.354, 24.836 ], [ 87.364, 24.845 ], [ 87.36, 24.858 ], [ 87.37, 24.867 ], [ 87.366, 24.879 ], [ 87.376, 24.889 ], [ 87.372, 24.901 ], [ 87.382, 24.911 ], [ 87.378, 24.923 ], [ 87.364, 24.926 ], [ 87.36, 24.938 ], [ 87.37, 24.948 ], [ 87.366, 24.96 ], [ 87.352, 24.962 ], [ 87.348, 24.974 ], [ 87.334, 24.977 ], [ 87.329, 24.989 ], [ 87.339, 24.999 ], [ 87.335, 25.011 ], [ 87.321, 25.014 ], [ 87.317, 25.026 ], [ 87.327, 25.035 ], [ 87.323, 25.048 ], [ 87.333, 25.057 ], [ 87.329, 25.069 ], [ 87.339, 25.079 ], [ 87.335, 25.091 ], [ 87.345, 25.101 ], [ 87.341, 25.113 ], [ 87.351, 25.123 ], [ 87.365, 25.12 ], [ 87.375, 25.13 ], [ 87.389, 25.127 ], [ 87.393, 25.115 ], [ 87.407, 25.112 ], [ 87.411, 25.1 ], [ 87.401, 25.091 ], [ 87.406, 25.079 ], [ 87.42, 25.076 ], [ 87.424, 25.064 ], [ 87.438, 25.061 ], [ 87.448, 25.071 ], [ 87.462, 25.068 ], [ 87.472, 25.078 ], [ 87.468, 25.09 ], [ 87.478, 25.1 ], [ 87.492, 25.097 ], [ 87.502, 25.107 ], [ 87.516, 25.104 ], [ 87.52, 25.092 ], [ 87.534, 25.09 ], [ 87.538, 25.077 ], [ 87.528, 25.068 ], [ 87.532, 25.056 ], [ 87.522, 25.046 ], [ 87.526, 25.034 ], [ 87.516, 25.024 ], [ 87.502, 25.027 ], [ 87.492, 25.017 ], [ 87.478, 25.02 ], [ 87.468, 25.01 ], [ 87.472, 24.998 ], [ 87.462, 24.988 ], [ 87.466, 24.976 ], [ 87.48, 24.973 ], [ 87.485, 24.961 ], [ 87.474, 24.952 ], [ 87.479, 24.939 ], [ 87.469, 24.93 ], [ 87.473, 24.918 ], [ 87.463, 24.908 ], [ 87.467, 24.896 ], [ 87.481, 24.893 ], [ 87.485, 24.881 ], [ 87.475, 24.871 ], [ 87.479, 24.859 ], [ 87.493, 24.857 ], [ 87.497, 24.844 ], [ 87.487, 24.835 ], [ 87.491, 24.822 ], [ 87.505, 24.82 ], [ 87.509, 24.808 ], [ 87.499, 24.798 ], [ 87.503, 24.786 ], [ 87.493, 24.776 ], [ 87.479, 24.779 ], [ 87.469, 24.769 ], [ 87.455, 24.772 ], [ 87.445, 24.762 ], [ 87.449, 24.75 ], [ 87.439, 24.74 ], [ 87.443, 24.728 ], [ 87.457, 24.725 ], [ 87.461, 24.713 ], [ 87.476, 24.711 ], [ 87.48, 24.698 ], [ 87.47, 24.689 ], [ 87.474, 24.676 ], [ 87.464, 24.667 ], [ 87.468, 24.655 ], [ 87.458, 24.645 ], [ 87.462, 24.633 ], [ 87.452, 24.623 ], [ 87.456, 24.611 ], [ 87.47, 24.608 ], [ 87.474, 24.596 ], [ 87.464, 24.586 ], [ 87.468, 24.574 ], [ 87.458, 24.564 ], [ 87.462, 24.552 ], [ 87.476, 24.55 ], [ 87.48, 24.537 ], [ 87.494, 24.535 ], [ 87.504, 24.544 ], [ 87.518, 24.542 ], [ 87.523, 24.53 ], [ 87.537, 24.527 ], [ 87.541, 24.515 ], [ 87.531, 24.505 ], [ 87.535, 24.493 ], [ 87.549, 24.49 ], [ 87.559, 24.5 ], [ 87.573, 24.497 ], [ 87.583, 24.507 ], [ 87.579, 24.519 ], [ 87.589, 24.529 ], [ 87.603, 24.526 ], [ 87.613, 24.536 ], [ 87.609, 24.548 ], [ 87.595, 24.551 ], [ 87.591, 24.563 ], [ 87.577, 24.566 ], [ 87.573, 24.578 ], [ 87.583, 24.588 ], [ 87.579, 24.6 ], [ 87.589, 24.61 ], [ 87.584, 24.622 ], [ 87.594, 24.631 ], [ 87.59, 24.644 ], [ 87.576, 24.646 ], [ 87.572, 24.658 ], [ 87.582, 24.668 ], [ 87.578, 24.68 ], [ 87.588, 24.69 ], [ 87.584, 24.702 ], [ 87.594, 24.712 ], [ 87.59, 24.724 ], [ 87.6, 24.734 ], [ 87.614, 24.731 ], [ 87.624, 24.741 ], [ 87.638, 24.738 ], [ 87.642, 24.726 ], [ 87.657, 24.724 ], [ 87.661, 24.711 ], [ 87.675, 24.709 ], [ 87.685, 24.718 ], [ 87.699, 24.716 ], [ 87.709, 24.725 ], [ 87.705, 24.738 ], [ 87.715, 24.747 ], [ 87.711, 24.76 ], [ 87.721, 24.769 ], [ 87.717, 24.781 ], [ 87.703, 24.784 ], [ 87.699, 24.796 ], [ 87.684, 24.799 ], [ 87.68, 24.811 ], [ 87.666, 24.814 ], [ 87.662, 24.826 ], [ 87.672, 24.835 ], [ 87.668, 24.848 ], [ 87.678, 24.857 ], [ 87.692, 24.855 ], [ 87.702, 24.864 ], [ 87.716, 24.862 ], [ 87.721, 24.85 ], [ 87.735, 24.847 ], [ 87.745, 24.857 ], [ 87.741, 24.869 ], [ 87.751, 24.879 ], [ 87.765, 24.876 ], [ 87.775, 24.886 ], [ 87.789, 24.883 ], [ 87.799, 24.893 ], [ 87.795, 24.905 ], [ 87.805, 24.915 ], [ 87.801, 24.927 ], [ 87.787, 24.929 ], [ 87.783, 24.942 ], [ 87.769, 24.944 ], [ 87.764, 24.956 ], [ 87.75, 24.959 ], [ 87.746, 24.971 ], [ 87.732, 24.974 ], [ 87.728, 24.986 ], [ 87.714, 24.988 ], [ 87.71, 25.001 ], [ 87.696, 25.003 ], [ 87.692, 25.015 ], [ 87.702, 25.025 ], [ 87.716, 25.022 ], [ 87.726, 25.032 ], [ 87.722, 25.044 ], [ 87.732, 25.054 ], [ 87.728, 25.066 ], [ 87.714, 25.069 ], [ 87.71, 25.081 ], [ 87.72, 25.09 ], [ 87.716, 25.103 ], [ 87.726, 25.112 ], [ 87.722, 25.124 ], [ 87.732, 25.134 ], [ 87.728, 25.146 ], [ 87.738, 25.156 ], [ 87.734, 25.168 ], [ 87.744, 25.178 ], [ 87.74, 25.19 ], [ 87.725, 25.192 ], [ 87.721, 25.205 ], [ 87.731, 25.214 ], [ 87.727, 25.226 ], [ 87.713, 25.229 ], [ 87.703, 25.219 ], [ 87.689, 25.222 ], [ 87.679, 25.212 ], [ 87.665, 25.215 ], [ 87.661, 25.227 ], [ 87.647, 25.23 ], [ 87.643, 25.242 ], [ 87.628, 25.244 ], [ 87.618, 25.235 ], [ 87.604, 25.237 ], [ 87.6, 25.249 ], [ 87.586, 25.252 ], [ 87.576, 25.242 ], [ 87.562, 25.245 ], [ 87.552, 25.235 ], [ 87.538, 25.238 ], [ 87.534, 25.25 ], [ 87.52, 25.252 ], [ 87.51, 25.243 ], [ 87.495, 25.245 ], [ 87.491, 25.257 ], [ 87.477, 25.26 ], [ 87.467, 25.25 ], [ 87.471, 25.238 ], [ 87.461, 25.229 ], [ 87.465, 25.216 ], [ 87.479, 25.214 ], [ 87.483, 25.202 ], [ 87.473, 25.192 ], [ 87.459, 25.195 ], [ 87.455, 25.207 ], [ 87.441, 25.209 ], [ 87.431, 25.2 ], [ 87.417, 25.202 ], [ 87.413, 25.214 ], [ 87.399, 25.217 ], [ 87.395, 25.229 ], [ 87.381, 25.232 ], [ 87.371, 25.222 ], [ 87.375, 25.21 ], [ 87.365, 25.2 ], [ 87.351, 25.203 ], [ 87.347, 25.215 ], [ 87.332, 25.217 ], [ 87.322, 25.208 ], [ 87.326, 25.196 ], [ 87.316, 25.186 ], [ 87.321, 25.174 ], [ 87.311, 25.164 ], [ 87.315, 25.152 ], [ 87.305, 25.142 ], [ 87.309, 25.13 ], [ 87.299, 25.121 ], [ 87.303, 25.108 ], [ 87.293, 25.099 ], [ 87.279, 25.101 ], [ 87.269, 25.092 ], [ 87.255, 25.094 ], [ 87.25, 25.106 ], [ 87.236, 25.109 ], [ 87.226, 25.099 ], [ 87.23, 25.087 ], [ 87.22, 25.077 ], [ 87.206, 25.08 ], [ 87.196, 25.07 ], [ 87.182, 25.073 ], [ 87.172, 25.063 ], [ 87.176, 25.051 ], [ 87.166, 25.041 ], [ 87.17, 25.029 ], [ 87.16, 25.019 ], [ 87.146, 25.022 ], [ 87.136, 25.012 ], [ 87.14, 25.0 ], [ 87.155, 24.998 ], [ 87.159, 24.985 ], [ 87.149, 24.976 ], [ 87.153, 24.964 ], [ 87.143, 24.954 ], [ 87.147, 24.942 ], [ 87.137, 24.932 ], [ 87.141, 24.92 ], [ 87.155, 24.917 ], [ 87.159, 24.905 ], [ 87.149, 24.896 ], [ 87.153, 24.883 ], [ 87.143, 24.874 ], [ 87.147, 24.861 ], [ 87.137, 24.852 ], [ 87.123, 24.854 ], [ 87.113, 24.845 ], [ 87.099, 24.847 ], [ 87.089, 24.838 ], [ 87.093, 24.825 ], [ 87.083, 24.816 ], [ 87.087, 24.803 ], [ 87.101, 24.801 ], [ 87.105, 24.789 ], [ 87.095, 24.779 ], [ 87.1, 24.767 ], [ 87.09, 24.757 ], [ 87.094, 24.745 ], [ 87.084, 24.735 ], [ 87.088, 24.723 ], [ 87.078, 24.713 ], [ 87.082, 24.701 ], [ 87.072, 24.692 ], [ 87.076, 24.679 ], [ 87.066, 24.67 ], [ 87.07, 24.658 ], [ 87.06, 24.648 ], [ 87.064, 24.636 ], [ 87.054, 24.626 ], [ 87.058, 24.614 ], [ 87.048, 24.604 ], [ 87.034, 24.607 ], [ 87.03, 24.619 ], [ 87.016, 24.621 ], [ 87.006, 24.612 ], [ 86.992, 24.614 ], [ 86.988, 24.626 ], [ 86.974, 24.629 ], [ 86.964, 24.619 ], [ 86.95, 24.622 ], [ 86.94, 24.612 ], [ 86.944, 24.6 ], [ 86.934, 24.59 ], [ 86.938, 24.578 ], [ 86.928, 24.568 ], [ 86.932, 24.556 ], [ 86.922, 24.546 ], [ 86.908, 24.549 ], [ 86.898, 24.539 ], [ 86.884, 24.542 ], [ 86.874, 24.532 ], [ 86.86, 24.534 ], [ 86.856, 24.547 ], [ 86.842, 24.549 ], [ 86.838, 24.561 ], [ 86.824, 24.564 ], [ 86.82, 24.576 ], [ 86.806, 24.579 ], [ 86.802, 24.591 ], [ 86.788, 24.593 ], [ 86.784, 24.605 ], [ 86.77, 24.608 ], [ 86.76, 24.598 ], [ 86.746, 24.601 ], [ 86.736, 24.591 ], [ 86.722, 24.593 ], [ 86.712, 24.584 ], [ 86.698, 24.586 ], [ 86.688, 24.577 ], [ 86.674, 24.579 ], [ 86.664, 24.569 ], [ 86.65, 24.572 ], [ 86.646, 24.584 ], [ 86.632, 24.587 ], [ 86.628, 24.599 ], [ 86.614, 24.601 ], [ 86.604, 24.591 ], [ 86.59, 24.594 ], [ 86.58, 24.584 ], [ 86.584, 24.572 ], [ 86.574, 24.562 ], [ 86.56, 24.565 ], [ 86.55, 24.555 ], [ 86.554, 24.543 ], [ 86.544, 24.533 ], [ 86.53, 24.536 ], [ 86.52, 24.526 ], [ 86.506, 24.528 ], [ 86.496, 24.519 ], [ 86.5, 24.507 ], [ 86.49, 24.497 ], [ 86.494, 24.485 ], [ 86.484, 24.475 ], [ 86.489, 24.463 ], [ 86.503, 24.46 ], [ 86.507, 24.448 ], [ 86.497, 24.438 ], [ 86.501, 24.426 ], [ 86.515, 24.424 ], [ 86.519, 24.411 ], [ 86.533, 24.409 ], [ 86.537, 24.397 ], [ 86.527, 24.387 ], [ 86.531, 24.375 ], [ 86.545, 24.372 ], [ 86.549, 24.36 ], [ 86.563, 24.358 ], [ 86.567, 24.345 ], [ 86.557, 24.336 ], [ 86.562, 24.324 ], [ 86.552, 24.314 ], [ 86.556, 24.302 ], [ 86.546, 24.292 ], [ 86.55, 24.28 ], [ 86.54, 24.27 ], [ 86.526, 24.272 ], [ 86.522, 24.285 ], [ 86.508, 24.287 ], [ 86.498, 24.277 ], [ 86.484, 24.28 ], [ 86.48, 24.292 ], [ 86.466, 24.295 ], [ 86.456, 24.285 ], [ 86.442, 24.287 ], [ 86.432, 24.278 ], [ 86.418, 24.28 ], [ 86.408, 24.27 ], [ 86.394, 24.273 ], [ 86.39, 24.285 ], [ 86.376, 24.288 ], [ 86.372, 24.3 ], [ 86.358, 24.302 ], [ 86.354, 24.314 ], [ 86.364, 24.324 ], [ 86.36, 24.336 ], [ 86.37, 24.346 ], [ 86.366, 24.358 ], [ 86.352, 24.361 ], [ 86.347, 24.373 ], [ 86.333, 24.375 ], [ 86.329, 24.388 ], [ 86.315, 24.39 ], [ 86.311, 24.402 ], [ 86.321, 24.412 ], [ 86.335, 24.41 ], [ 86.345, 24.419 ], [ 86.359, 24.417 ], [ 86.369, 24.426 ], [ 86.365, 24.439 ], [ 86.351, 24.441 ], [ 86.347, 24.453 ], [ 86.333, 24.456 ], [ 86.323, 24.446 ], [ 86.309, 24.449 ], [ 86.305, 24.461 ], [ 86.291, 24.463 ], [ 86.287, 24.475 ], [ 86.297, 24.485 ], [ 86.293, 24.497 ], [ 86.302, 24.507 ], [ 86.298, 24.519 ], [ 86.308, 24.529 ], [ 86.304, 24.541 ], [ 86.314, 24.551 ], [ 86.31, 24.563 ], [ 86.32, 24.573 ], [ 86.316, 24.585 ], [ 86.302, 24.587 ], [ 86.292, 24.578 ], [ 86.278, 24.58 ], [ 86.268, 24.57 ], [ 86.254, 24.573 ], [ 86.244, 24.563 ], [ 86.248, 24.551 ], [ 86.238, 24.541 ], [ 86.224, 24.544 ], [ 86.214, 24.534 ], [ 86.2, 24.536 ], [ 86.19, 24.527 ], [ 86.176, 24.529 ], [ 86.167, 24.519 ], [ 86.153, 24.522 ], [ 86.143, 24.512 ], [ 86.129, 24.514 ], [ 86.119, 24.505 ], [ 86.105, 24.507 ], [ 86.095, 24.497 ], [ 86.081, 24.5 ], [ 86.071, 24.49 ], [ 86.057, 24.493 ], [ 86.047, 24.483 ], [ 86.033, 24.485 ], [ 86.023, 24.476 ], [ 86.009, 24.478 ], [ 85.999, 24.468 ], [ 85.986, 24.471 ], [ 85.976, 24.461 ], [ 85.962, 24.463 ], [ 85.952, 24.454 ], [ 85.956, 24.441 ], [ 85.946, 24.432 ], [ 85.932, 24.434 ], [ 85.922, 24.424 ], [ 85.908, 24.427 ], [ 85.904, 24.439 ], [ 85.89, 24.441 ], [ 85.88, 24.432 ], [ 85.866, 24.434 ], [ 85.862, 24.446 ], [ 85.848, 24.449 ], [ 85.838, 24.439 ], [ 85.824, 24.441 ], [ 85.815, 24.432 ], [ 85.801, 24.434 ], [ 85.791, 24.424 ], [ 85.777, 24.427 ], [ 85.773, 24.439 ], [ 85.759, 24.441 ], [ 85.749, 24.431 ], [ 85.735, 24.434 ], [ 85.731, 24.446 ], [ 85.717, 24.448 ], [ 85.713, 24.461 ], [ 85.699, 24.463 ], [ 85.689, 24.453 ], [ 85.675, 24.456 ], [ 85.671, 24.468 ], [ 85.657, 24.47 ], [ 85.647, 24.46 ], [ 85.633, 24.463 ], [ 85.623, 24.453 ], [ 85.609, 24.455 ], [ 85.605, 24.468 ], [ 85.591, 24.47 ], [ 85.581, 24.46 ], [ 85.568, 24.463 ], [ 85.558, 24.453 ], [ 85.544, 24.455 ], [ 85.534, 24.445 ], [ 85.52, 24.448 ], [ 85.51, 24.438 ], [ 85.496, 24.44 ], [ 85.486, 24.431 ], [ 85.472, 24.433 ], [ 85.463, 24.423 ], [ 85.449, 24.426 ], [ 85.445, 24.438 ], [ 85.431, 24.44 ], [ 85.421, 24.43 ], [ 85.407, 24.433 ], [ 85.397, 24.423 ], [ 85.383, 24.425 ], [ 85.379, 24.438 ], [ 85.365, 24.44 ], [ 85.355, 24.43 ], [ 85.341, 24.432 ], [ 85.332, 24.423 ], [ 85.336, 24.411 ], [ 85.326, 24.401 ], [ 85.312, 24.403 ], [ 85.302, 24.393 ], [ 85.306, 24.381 ], [ 85.296, 24.372 ], [ 85.282, 24.374 ], [ 85.273, 24.364 ], [ 85.259, 24.366 ], [ 85.255, 24.379 ], [ 85.241, 24.381 ], [ 85.231, 24.371 ], [ 85.217, 24.374 ], [ 85.207, 24.364 ], [ 85.193, 24.366 ], [ 85.184, 24.356 ], [ 85.17, 24.359 ] ], [ [ 84.561, 23.339 ], [ 84.557, 23.351 ], [ 84.566, 23.361 ], [ 84.58, 23.358 ], [ 84.59, 23.368 ], [ 84.586, 23.38 ], [ 84.595, 23.39 ], [ 84.591, 23.402 ], [ 84.577, 23.405 ], [ 84.573, 23.417 ], [ 84.583, 23.427 ], [ 84.579, 23.439 ], [ 84.589, 23.449 ], [ 84.602, 23.446 ], [ 84.612, 23.456 ], [ 84.626, 23.454 ], [ 84.636, 23.464 ], [ 84.632, 23.476 ], [ 84.641, 23.486 ], [ 84.637, 23.498 ], [ 84.647, 23.508 ], [ 84.643, 23.52 ], [ 84.653, 23.53 ], [ 84.666, 23.527 ], [ 84.676, 23.537 ], [ 84.672, 23.549 ], [ 84.682, 23.559 ], [ 84.696, 23.557 ], [ 84.705, 23.567 ], [ 84.719, 23.564 ], [ 84.729, 23.574 ], [ 84.743, 23.572 ], [ 84.747, 23.56 ], [ 84.761, 23.557 ], [ 84.765, 23.545 ], [ 84.779, 23.543 ], [ 84.788, 23.553 ], [ 84.802, 23.55 ], [ 84.806, 23.538 ], [ 84.82, 23.536 ], [ 84.83, 23.545 ], [ 84.844, 23.543 ], [ 84.848, 23.531 ], [ 84.862, 23.529 ], [ 84.871, 23.538 ], [ 84.885, 23.536 ], [ 84.895, 23.546 ], [ 84.909, 23.543 ], [ 84.919, 23.553 ], [ 84.932, 23.551 ], [ 84.936, 23.539 ], [ 84.95, 23.536 ], [ 84.96, 23.546 ], [ 84.974, 23.544 ], [ 84.978, 23.532 ], [ 84.992, 23.529 ], [ 84.996, 23.517 ], [ 85.01, 23.515 ], [ 85.02, 23.524 ], [ 85.033, 23.522 ], [ 85.038, 23.51 ], [ 85.051, 23.507 ], [ 85.061, 23.517 ], [ 85.075, 23.515 ], [ 85.085, 23.525 ], [ 85.099, 23.522 ], [ 85.103, 23.51 ], [ 85.117, 23.508 ], [ 85.121, 23.495 ], [ 85.135, 23.493 ], [ 85.144, 23.503 ], [ 85.158, 23.5 ], [ 85.168, 23.51 ], [ 85.182, 23.508 ], [ 85.192, 23.518 ], [ 85.205, 23.515 ], [ 85.215, 23.525 ], [ 85.229, 23.523 ], [ 85.233, 23.51 ], [ 85.247, 23.508 ], [ 85.257, 23.518 ], [ 85.271, 23.515 ], [ 85.281, 23.525 ], [ 85.294, 23.523 ], [ 85.298, 23.511 ], [ 85.312, 23.508 ], [ 85.322, 23.518 ], [ 85.336, 23.515 ], [ 85.34, 23.503 ], [ 85.354, 23.501 ], [ 85.364, 23.511 ], [ 85.378, 23.508 ], [ 85.382, 23.496 ], [ 85.396, 23.494 ], [ 85.405, 23.503 ], [ 85.419, 23.501 ], [ 85.423, 23.489 ], [ 85.437, 23.486 ], [ 85.441, 23.474 ], [ 85.455, 23.472 ], [ 85.465, 23.481 ], [ 85.479, 23.479 ], [ 85.489, 23.489 ], [ 85.503, 23.486 ], [ 85.512, 23.496 ], [ 85.526, 23.494 ], [ 85.536, 23.503 ], [ 85.55, 23.501 ], [ 85.554, 23.489 ], [ 85.568, 23.486 ], [ 85.572, 23.474 ], [ 85.562, 23.464 ], [ 85.566, 23.452 ], [ 85.557, 23.442 ], [ 85.561, 23.43 ], [ 85.551, 23.42 ], [ 85.537, 23.423 ], [ 85.527, 23.413 ], [ 85.513, 23.415 ], [ 85.504, 23.405 ], [ 85.49, 23.408 ], [ 85.48, 23.398 ], [ 85.466, 23.401 ], [ 85.456, 23.391 ], [ 85.46, 23.378 ], [ 85.45, 23.369 ], [ 85.437, 23.371 ], [ 85.427, 23.361 ], [ 85.431, 23.349 ], [ 85.421, 23.339 ], [ 85.407, 23.342 ], [ 85.397, 23.332 ], [ 85.402, 23.32 ], [ 85.415, 23.317 ], [ 85.42, 23.305 ], [ 85.433, 23.302 ], [ 85.438, 23.29 ], [ 85.451, 23.288 ], [ 85.455, 23.275 ], [ 85.446, 23.266 ], [ 85.45, 23.253 ], [ 85.44, 23.243 ], [ 85.426, 23.246 ], [ 85.422, 23.258 ], [ 85.408, 23.261 ], [ 85.404, 23.273 ], [ 85.39, 23.275 ], [ 85.38, 23.266 ], [ 85.367, 23.268 ], [ 85.357, 23.258 ], [ 85.343, 23.261 ], [ 85.333, 23.251 ], [ 85.319, 23.253 ], [ 85.309, 23.243 ], [ 85.296, 23.246 ], [ 85.286, 23.236 ], [ 85.272, 23.238 ], [ 85.262, 23.229 ], [ 85.248, 23.231 ], [ 85.244, 23.243 ], [ 85.254, 23.253 ], [ 85.25, 23.265 ], [ 85.236, 23.268 ], [ 85.232, 23.28 ], [ 85.218, 23.282 ], [ 85.214, 23.295 ], [ 85.2, 23.297 ], [ 85.196, 23.309 ], [ 85.182, 23.312 ], [ 85.172, 23.302 ], [ 85.159, 23.304 ], [ 85.149, 23.295 ], [ 85.135, 23.297 ], [ 85.131, 23.309 ], [ 85.117, 23.312 ], [ 85.107, 23.302 ], [ 85.093, 23.304 ], [ 85.084, 23.294 ], [ 85.07, 23.297 ], [ 85.06, 23.287 ], [ 85.046, 23.289 ], [ 85.042, 23.302 ], [ 85.028, 23.304 ], [ 85.019, 23.294 ], [ 85.005, 23.297 ], [ 85.001, 23.309 ], [ 84.987, 23.311 ], [ 84.977, 23.301 ], [ 84.963, 23.304 ], [ 84.953, 23.294 ], [ 84.94, 23.296 ], [ 84.93, 23.287 ], [ 84.934, 23.274 ], [ 84.924, 23.264 ], [ 84.928, 23.252 ], [ 84.942, 23.25 ], [ 84.946, 23.238 ], [ 84.96, 23.235 ], [ 84.964, 23.223 ], [ 84.954, 23.213 ], [ 84.959, 23.201 ], [ 84.949, 23.191 ], [ 84.935, 23.193 ], [ 84.925, 23.184 ], [ 84.911, 23.186 ], [ 84.902, 23.176 ], [ 84.888, 23.179 ], [ 84.878, 23.169 ], [ 84.864, 23.171 ], [ 84.855, 23.161 ], [ 84.841, 23.164 ], [ 84.831, 23.154 ], [ 84.817, 23.156 ], [ 84.807, 23.146 ], [ 84.794, 23.149 ], [ 84.784, 23.139 ], [ 84.77, 23.141 ], [ 84.76, 23.131 ], [ 84.747, 23.134 ], [ 84.737, 23.124 ], [ 84.723, 23.126 ], [ 84.713, 23.117 ], [ 84.717, 23.104 ], [ 84.708, 23.094 ], [ 84.712, 23.082 ], [ 84.726, 23.08 ], [ 84.73, 23.068 ], [ 84.744, 23.065 ], [ 84.748, 23.053 ], [ 84.761, 23.051 ], [ 84.766, 23.038 ], [ 84.779, 23.036 ], [ 84.783, 23.024 ], [ 84.774, 23.014 ], [ 84.778, 23.002 ], [ 84.768, 22.992 ], [ 84.772, 22.979 ], [ 84.763, 22.97 ], [ 84.749, 22.972 ], [ 84.739, 22.962 ], [ 84.743, 22.95 ], [ 84.733, 22.94 ], [ 84.72, 22.942 ], [ 84.71, 22.933 ], [ 84.696, 22.935 ], [ 84.686, 22.925 ], [ 84.673, 22.927 ], [ 84.663, 22.918 ], [ 84.667, 22.905 ], [ 84.657, 22.895 ], [ 84.643, 22.898 ], [ 84.634, 22.888 ], [ 84.62, 22.89 ], [ 84.616, 22.903 ], [ 84.626, 22.913 ], [ 84.622, 22.925 ], [ 84.608, 22.927 ], [ 84.604, 22.939 ], [ 84.59, 22.942 ], [ 84.586, 22.954 ], [ 84.572, 22.956 ], [ 84.568, 22.969 ], [ 84.554, 22.971 ], [ 84.55, 22.983 ], [ 84.536, 22.986 ], [ 84.532, 22.998 ], [ 84.542, 23.008 ], [ 84.538, 23.02 ], [ 84.524, 23.022 ], [ 84.52, 23.035 ], [ 84.529, 23.045 ], [ 84.525, 23.057 ], [ 84.512, 23.059 ], [ 84.507, 23.071 ], [ 84.517, 23.081 ], [ 84.513, 23.093 ], [ 84.499, 23.096 ], [ 84.495, 23.108 ], [ 84.481, 23.11 ], [ 84.477, 23.123 ], [ 84.487, 23.133 ], [ 84.483, 23.145 ], [ 84.469, 23.147 ], [ 84.465, 23.159 ], [ 84.475, 23.169 ], [ 84.47, 23.181 ], [ 84.457, 23.184 ], [ 84.453, 23.196 ], [ 84.462, 23.206 ], [ 84.458, 23.218 ], [ 84.444, 23.22 ], [ 84.44, 23.233 ], [ 84.45, 23.242 ], [ 84.446, 23.255 ], [ 84.455, 23.264 ], [ 84.469, 23.262 ], [ 84.479, 23.272 ], [ 84.475, 23.284 ], [ 84.485, 23.294 ], [ 84.48, 23.306 ], [ 84.49, 23.316 ], [ 84.504, 23.314 ], [ 84.514, 23.324 ], [ 84.527, 23.321 ], [ 84.537, 23.331 ], [ 84.551, 23.329 ], [ 84.561, 23.339 ] ], [ [ 86.076, 23.06 ], [ 86.09, 23.058 ], [ 86.094, 23.045 ], [ 86.108, 23.043 ], [ 86.112, 23.031 ], [ 86.102, 23.021 ], [ 86.106, 23.008 ], [ 86.096, 22.999 ], [ 86.1, 22.986 ], [ 86.091, 22.977 ], [ 86.077, 22.979 ], [ 86.067, 22.969 ], [ 86.053, 22.972 ], [ 86.043, 22.962 ], [ 86.029, 22.964 ], [ 86.019, 22.955 ], [ 86.005, 22.957 ], [ 86.001, 22.969 ], [ 85.987, 22.972 ], [ 85.983, 22.984 ], [ 85.969, 22.987 ], [ 85.965, 22.999 ], [ 85.951, 23.002 ], [ 85.947, 23.014 ], [ 85.957, 23.024 ], [ 85.953, 23.036 ], [ 85.963, 23.046 ], [ 85.959, 23.058 ], [ 85.969, 23.068 ], [ 85.965, 23.08 ], [ 85.974, 23.09 ], [ 85.988, 23.088 ], [ 85.998, 23.098 ], [ 86.012, 23.095 ], [ 86.022, 23.105 ], [ 86.036, 23.102 ], [ 86.04, 23.09 ], [ 86.054, 23.088 ], [ 86.058, 23.075 ], [ 86.072, 23.073 ], [ 86.076, 23.06 ] ], [ [ 86.619, 24.072 ], [ 86.623, 24.059 ], [ 86.614, 24.05 ], [ 86.618, 24.037 ], [ 86.608, 24.028 ], [ 86.594, 24.03 ], [ 86.59, 24.042 ], [ 86.576, 24.045 ], [ 86.572, 24.057 ], [ 86.558, 24.06 ], [ 86.553, 24.072 ], [ 86.563, 24.082 ], [ 86.577, 24.079 ], [ 86.587, 24.089 ], [ 86.601, 24.086 ], [ 86.611, 24.096 ], [ 86.625, 24.094 ], [ 86.629, 24.081 ], [ 86.619, 24.072 ] ], [ [ 85.27, 23.596 ], [ 85.256, 23.599 ], [ 85.252, 23.611 ], [ 85.262, 23.621 ], [ 85.275, 23.618 ], [ 85.285, 23.628 ], [ 85.299, 23.626 ], [ 85.309, 23.635 ], [ 85.323, 23.633 ], [ 85.327, 23.621 ], [ 85.341, 23.618 ], [ 85.345, 23.606 ], [ 85.335, 23.596 ], [ 85.339, 23.584 ], [ 85.329, 23.574 ], [ 85.316, 23.577 ], [ 85.306, 23.567 ], [ 85.292, 23.569 ], [ 85.288, 23.581 ], [ 85.274, 23.584 ], [ 85.27, 23.596 ] ], [ [ 86.283, 24.212 ], [ 86.287, 24.2 ], [ 86.301, 24.197 ], [ 86.305, 24.185 ], [ 86.319, 24.183 ], [ 86.323, 24.17 ], [ 86.337, 24.168 ], [ 86.341, 24.156 ], [ 86.355, 24.153 ], [ 86.359, 24.141 ], [ 86.349, 24.131 ], [ 86.353, 24.119 ], [ 86.367, 24.117 ], [ 86.372, 24.104 ], [ 86.386, 24.102 ], [ 86.39, 24.09 ], [ 86.404, 24.087 ], [ 86.408, 24.075 ], [ 86.398, 24.065 ], [ 86.402, 24.053 ], [ 86.392, 24.043 ], [ 86.378, 24.046 ], [ 86.374, 24.058 ], [ 86.36, 24.06 ], [ 86.35, 24.051 ], [ 86.354, 24.038 ], [ 86.344, 24.029 ], [ 86.348, 24.016 ], [ 86.362, 24.014 ], [ 86.366, 24.002 ], [ 86.38, 23.999 ], [ 86.39, 24.009 ], [ 86.404, 24.007 ], [ 86.408, 23.994 ], [ 86.422, 23.992 ], [ 86.432, 24.002 ], [ 86.446, 23.999 ], [ 86.45, 23.987 ], [ 86.464, 23.984 ], [ 86.468, 23.972 ], [ 86.482, 23.97 ], [ 86.492, 23.979 ], [ 86.506, 23.977 ], [ 86.51, 23.965 ], [ 86.524, 23.962 ], [ 86.528, 23.95 ], [ 86.542, 23.947 ], [ 86.552, 23.957 ], [ 86.566, 23.954 ], [ 86.57, 23.942 ], [ 86.584, 23.94 ], [ 86.588, 23.927 ], [ 86.602, 23.925 ], [ 86.607, 23.913 ], [ 86.597, 23.903 ], [ 86.601, 23.891 ], [ 86.591, 23.881 ], [ 86.577, 23.883 ], [ 86.567, 23.874 ], [ 86.553, 23.876 ], [ 86.549, 23.888 ], [ 86.535, 23.891 ], [ 86.531, 23.903 ], [ 86.517, 23.906 ], [ 86.507, 23.896 ], [ 86.493, 23.898 ], [ 86.489, 23.911 ], [ 86.475, 23.913 ], [ 86.465, 23.904 ], [ 86.451, 23.906 ], [ 86.447, 23.918 ], [ 86.433, 23.921 ], [ 86.423, 23.911 ], [ 86.409, 23.914 ], [ 86.399, 23.904 ], [ 86.385, 23.906 ], [ 86.375, 23.897 ], [ 86.361, 23.899 ], [ 86.351, 23.889 ], [ 86.337, 23.892 ], [ 86.327, 23.882 ], [ 86.314, 23.884 ], [ 86.304, 23.875 ], [ 86.29, 23.877 ], [ 86.28, 23.867 ], [ 86.266, 23.87 ], [ 86.256, 23.86 ], [ 86.242, 23.863 ], [ 86.232, 23.853 ], [ 86.218, 23.855 ], [ 86.208, 23.846 ], [ 86.194, 23.848 ], [ 86.19, 23.86 ], [ 86.176, 23.863 ], [ 86.166, 23.853 ], [ 86.152, 23.856 ], [ 86.148, 23.868 ], [ 86.134, 23.87 ], [ 86.13, 23.883 ], [ 86.116, 23.885 ], [ 86.112, 23.897 ], [ 86.098, 23.9 ], [ 86.088, 23.89 ], [ 86.074, 23.892 ], [ 86.07, 23.905 ], [ 86.056, 23.907 ], [ 86.047, 23.897 ], [ 86.033, 23.9 ], [ 86.029, 23.912 ], [ 86.015, 23.915 ], [ 86.005, 23.905 ], [ 85.991, 23.907 ], [ 85.981, 23.897 ], [ 85.967, 23.9 ], [ 85.963, 23.912 ], [ 85.949, 23.915 ], [ 85.945, 23.927 ], [ 85.931, 23.929 ], [ 85.927, 23.941 ], [ 85.913, 23.944 ], [ 85.909, 23.956 ], [ 85.895, 23.959 ], [ 85.891, 23.971 ], [ 85.877, 23.973 ], [ 85.873, 23.985 ], [ 85.859, 23.988 ], [ 85.855, 24.0 ], [ 85.841, 24.003 ], [ 85.837, 24.015 ], [ 85.823, 24.017 ], [ 85.819, 24.029 ], [ 85.805, 24.032 ], [ 85.795, 24.022 ], [ 85.781, 24.025 ], [ 85.777, 24.037 ], [ 85.763, 24.039 ], [ 85.753, 24.029 ], [ 85.739, 24.032 ], [ 85.735, 24.044 ], [ 85.721, 24.046 ], [ 85.717, 24.059 ], [ 85.703, 24.061 ], [ 85.699, 24.073 ], [ 85.709, 24.083 ], [ 85.705, 24.095 ], [ 85.714, 24.105 ], [ 85.71, 24.117 ], [ 85.696, 24.12 ], [ 85.692, 24.132 ], [ 85.678, 24.134 ], [ 85.674, 24.146 ], [ 85.684, 24.156 ], [ 85.68, 24.168 ], [ 85.69, 24.178 ], [ 85.704, 24.176 ], [ 85.714, 24.185 ], [ 85.709, 24.198 ], [ 85.719, 24.207 ], [ 85.733, 24.205 ], [ 85.743, 24.215 ], [ 85.757, 24.212 ], [ 85.767, 24.222 ], [ 85.781, 24.22 ], [ 85.785, 24.207 ], [ 85.799, 24.205 ], [ 85.809, 24.215 ], [ 85.823, 24.212 ], [ 85.827, 24.2 ], [ 85.841, 24.198 ], [ 85.845, 24.186 ], [ 85.835, 24.176 ], [ 85.839, 24.164 ], [ 85.853, 24.161 ], [ 85.857, 24.149 ], [ 85.847, 24.139 ], [ 85.851, 24.127 ], [ 85.865, 24.125 ], [ 85.869, 24.112 ], [ 85.883, 24.11 ], [ 85.887, 24.098 ], [ 85.901, 24.095 ], [ 85.911, 24.105 ], [ 85.925, 24.103 ], [ 85.935, 24.112 ], [ 85.949, 24.11 ], [ 85.959, 24.12 ], [ 85.955, 24.132 ], [ 85.965, 24.142 ], [ 85.961, 24.154 ], [ 85.97, 24.164 ], [ 85.966, 24.176 ], [ 85.976, 24.186 ], [ 85.99, 24.183 ], [ 86.0, 24.193 ], [ 86.014, 24.19 ], [ 86.018, 24.178 ], [ 86.032, 24.176 ], [ 86.042, 24.186 ], [ 86.056, 24.183 ], [ 86.06, 24.171 ], [ 86.074, 24.168 ], [ 86.084, 24.178 ], [ 86.08, 24.19 ], [ 86.09, 24.2 ], [ 86.086, 24.212 ], [ 86.095, 24.222 ], [ 86.109, 24.22 ], [ 86.119, 24.229 ], [ 86.133, 24.227 ], [ 86.143, 24.237 ], [ 86.157, 24.234 ], [ 86.167, 24.244 ], [ 86.181, 24.242 ], [ 86.185, 24.229 ], [ 86.199, 24.227 ], [ 86.209, 24.237 ], [ 86.223, 24.234 ], [ 86.233, 24.244 ], [ 86.247, 24.241 ], [ 86.251, 24.229 ], [ 86.241, 24.219 ], [ 86.245, 24.207 ], [ 86.259, 24.205 ], [ 86.269, 24.215 ], [ 86.283, 24.212 ] ], [ [ 85.437, 24.382 ], [ 85.451, 24.379 ], [ 85.455, 24.367 ], [ 85.469, 24.365 ], [ 85.473, 24.353 ], [ 85.487, 24.35 ], [ 85.491, 24.338 ], [ 85.505, 24.336 ], [ 85.515, 24.346 ], [ 85.529, 24.343 ], [ 85.533, 24.331 ], [ 85.547, 24.329 ], [ 85.551, 24.317 ], [ 85.541, 24.307 ], [ 85.527, 24.309 ], [ 85.518, 24.299 ], [ 85.522, 24.287 ], [ 85.512, 24.278 ], [ 85.498, 24.28 ], [ 85.494, 24.292 ], [ 85.48, 24.294 ], [ 85.47, 24.285 ], [ 85.456, 24.287 ], [ 85.452, 24.299 ], [ 85.438, 24.302 ], [ 85.434, 24.314 ], [ 85.42, 24.316 ], [ 85.41, 24.306 ], [ 85.396, 24.309 ], [ 85.392, 24.321 ], [ 85.378, 24.323 ], [ 85.374, 24.335 ], [ 85.384, 24.345 ], [ 85.38, 24.357 ], [ 85.366, 24.36 ], [ 85.362, 24.372 ], [ 85.372, 24.382 ], [ 85.386, 24.379 ], [ 85.395, 24.389 ], [ 85.409, 24.387 ], [ 85.413, 24.374 ], [ 85.427, 24.372 ], [ 85.437, 24.382 ] ], [ [ 85.755, 23.673 ], [ 85.75, 23.685 ], [ 85.737, 23.687 ], [ 85.732, 23.699 ], [ 85.742, 23.709 ], [ 85.738, 23.721 ], [ 85.724, 23.724 ], [ 85.72, 23.736 ], [ 85.706, 23.739 ], [ 85.696, 23.729 ], [ 85.682, 23.731 ], [ 85.678, 23.743 ], [ 85.664, 23.746 ], [ 85.655, 23.736 ], [ 85.641, 23.739 ], [ 85.637, 23.751 ], [ 85.623, 23.753 ], [ 85.619, 23.765 ], [ 85.605, 23.768 ], [ 85.601, 23.78 ], [ 85.587, 23.783 ], [ 85.583, 23.795 ], [ 85.569, 23.797 ], [ 85.565, 23.809 ], [ 85.551, 23.812 ], [ 85.547, 23.824 ], [ 85.533, 23.826 ], [ 85.529, 23.839 ], [ 85.538, 23.848 ], [ 85.534, 23.861 ], [ 85.544, 23.87 ], [ 85.558, 23.868 ], [ 85.568, 23.878 ], [ 85.564, 23.89 ], [ 85.574, 23.9 ], [ 85.569, 23.912 ], [ 85.579, 23.922 ], [ 85.575, 23.934 ], [ 85.585, 23.944 ], [ 85.581, 23.956 ], [ 85.591, 23.966 ], [ 85.605, 23.963 ], [ 85.614, 23.973 ], [ 85.628, 23.971 ], [ 85.638, 23.98 ], [ 85.652, 23.978 ], [ 85.656, 23.966 ], [ 85.67, 23.963 ], [ 85.68, 23.973 ], [ 85.694, 23.971 ], [ 85.698, 23.959 ], [ 85.712, 23.956 ], [ 85.722, 23.966 ], [ 85.718, 23.978 ], [ 85.728, 23.988 ], [ 85.741, 23.985 ], [ 85.751, 23.995 ], [ 85.765, 23.993 ], [ 85.769, 23.981 ], [ 85.783, 23.978 ], [ 85.787, 23.966 ], [ 85.778, 23.956 ], [ 85.782, 23.944 ], [ 85.796, 23.942 ], [ 85.8, 23.929 ], [ 85.79, 23.92 ], [ 85.776, 23.922 ], [ 85.766, 23.912 ], [ 85.77, 23.9 ], [ 85.784, 23.898 ], [ 85.788, 23.885 ], [ 85.802, 23.883 ], [ 85.806, 23.871 ], [ 85.796, 23.861 ], [ 85.8, 23.849 ], [ 85.814, 23.846 ], [ 85.818, 23.834 ], [ 85.832, 23.832 ], [ 85.837, 23.819 ], [ 85.827, 23.81 ], [ 85.813, 23.812 ], [ 85.803, 23.802 ], [ 85.807, 23.79 ], [ 85.821, 23.788 ], [ 85.825, 23.775 ], [ 85.839, 23.773 ], [ 85.843, 23.761 ], [ 85.857, 23.758 ], [ 85.861, 23.746 ], [ 85.851, 23.736 ], [ 85.855, 23.724 ], [ 85.845, 23.714 ], [ 85.85, 23.702 ], [ 85.84, 23.692 ], [ 85.826, 23.695 ], [ 85.816, 23.685 ], [ 85.802, 23.687 ], [ 85.792, 23.677 ], [ 85.778, 23.68 ], [ 85.768, 23.67 ], [ 85.755, 23.673 ] ], [ [ 87.092, 23.917 ], [ 87.106, 23.914 ], [ 87.11, 23.902 ], [ 87.1, 23.892 ], [ 87.086, 23.895 ], [ 87.082, 23.907 ], [ 87.068, 23.91 ], [ 87.064, 23.922 ], [ 87.074, 23.932 ], [ 87.088, 23.929 ], [ 87.092, 23.917 ] ], [ [ 87.156, 24.401 ], [ 87.152, 24.413 ], [ 87.138, 24.416 ], [ 87.134, 24.428 ], [ 87.143, 24.438 ], [ 87.139, 24.45 ], [ 87.125, 24.452 ], [ 87.121, 24.465 ], [ 87.131, 24.474 ], [ 87.127, 24.486 ], [ 87.137, 24.496 ], [ 87.133, 24.508 ], [ 87.143, 24.518 ], [ 87.157, 24.516 ], [ 87.167, 24.525 ], [ 87.163, 24.537 ], [ 87.173, 24.547 ], [ 87.187, 24.545 ], [ 87.191, 24.532 ], [ 87.205, 24.53 ], [ 87.209, 24.518 ], [ 87.223, 24.515 ], [ 87.233, 24.525 ], [ 87.247, 24.522 ], [ 87.251, 24.51 ], [ 87.241, 24.5 ], [ 87.246, 24.488 ], [ 87.26, 24.485 ], [ 87.264, 24.473 ], [ 87.254, 24.464 ], [ 87.24, 24.466 ], [ 87.23, 24.456 ], [ 87.234, 24.444 ], [ 87.224, 24.434 ], [ 87.228, 24.422 ], [ 87.218, 24.413 ], [ 87.204, 24.415 ], [ 87.194, 24.405 ], [ 87.18, 24.408 ], [ 87.17, 24.398 ], [ 87.156, 24.401 ] ], [ [ 86.703, 24.137 ], [ 86.689, 24.14 ], [ 86.685, 24.152 ], [ 86.695, 24.162 ], [ 86.709, 24.159 ], [ 86.719, 24.169 ], [ 86.733, 24.166 ], [ 86.737, 24.154 ], [ 86.727, 24.144 ], [ 86.731, 24.132 ], [ 86.745, 24.13 ], [ 86.749, 24.117 ], [ 86.763, 24.115 ], [ 86.767, 24.103 ], [ 86.757, 24.093 ], [ 86.761, 24.081 ], [ 86.751, 24.071 ], [ 86.737, 24.074 ], [ 86.733, 24.086 ], [ 86.719, 24.088 ], [ 86.715, 24.101 ], [ 86.701, 24.103 ], [ 86.697, 24.115 ], [ 86.707, 24.125 ], [ 86.703, 24.137 ] ], [ [ 87.291, 24.273 ], [ 87.277, 24.275 ], [ 87.273, 24.287 ], [ 87.283, 24.297 ], [ 87.279, 24.309 ], [ 87.289, 24.319 ], [ 87.303, 24.317 ], [ 87.313, 24.326 ], [ 87.327, 24.324 ], [ 87.337, 24.333 ], [ 87.351, 24.331 ], [ 87.355, 24.319 ], [ 87.345, 24.309 ], [ 87.349, 24.297 ], [ 87.363, 24.294 ], [ 87.367, 24.282 ], [ 87.357, 24.272 ], [ 87.361, 24.26 ], [ 87.351, 24.25 ], [ 87.337, 24.253 ], [ 87.333, 24.265 ], [ 87.319, 24.268 ], [ 87.309, 24.258 ], [ 87.295, 24.26 ], [ 87.291, 24.273 ] ], [ [ 86.895, 24.114 ], [ 86.899, 24.102 ], [ 86.913, 24.099 ], [ 86.917, 24.087 ], [ 86.907, 24.077 ], [ 86.893, 24.08 ], [ 86.889, 24.092 ], [ 86.875, 24.095 ], [ 86.865, 24.085 ], [ 86.851, 24.088 ], [ 86.847, 24.1 ], [ 86.833, 24.102 ], [ 86.829, 24.115 ], [ 86.815, 24.117 ], [ 86.811, 24.129 ], [ 86.821, 24.139 ], [ 86.817, 24.151 ], [ 86.827, 24.161 ], [ 86.841, 24.159 ], [ 86.845, 24.146 ], [ 86.859, 24.144 ], [ 86.869, 24.153 ], [ 86.883, 24.151 ], [ 86.887, 24.139 ], [ 86.877, 24.129 ], [ 86.881, 24.117 ], [ 86.895, 24.114 ] ], [ [ 86.916, 24.249 ], [ 86.912, 24.261 ], [ 86.922, 24.27 ], [ 86.936, 24.268 ], [ 86.94, 24.256 ], [ 86.954, 24.253 ], [ 86.958, 24.241 ], [ 86.948, 24.231 ], [ 86.934, 24.234 ], [ 86.924, 24.224 ], [ 86.91, 24.227 ], [ 86.906, 24.239 ], [ 86.916, 24.249 ] ], [ [ 86.819, 24.461 ], [ 86.815, 24.474 ], [ 86.825, 24.483 ], [ 86.82, 24.496 ], [ 86.83, 24.505 ], [ 86.826, 24.518 ], [ 86.836, 24.527 ], [ 86.85, 24.525 ], [ 86.854, 24.512 ], [ 86.868, 24.51 ], [ 86.873, 24.498 ], [ 86.863, 24.488 ], [ 86.867, 24.476 ], [ 86.857, 24.466 ], [ 86.843, 24.469 ], [ 86.833, 24.459 ], [ 86.819, 24.461 ] ], [ [ 86.58, 24.504 ], [ 86.566, 24.506 ], [ 86.562, 24.519 ], [ 86.572, 24.528 ], [ 86.568, 24.54 ], [ 86.578, 24.55 ], [ 86.592, 24.548 ], [ 86.596, 24.536 ], [ 86.61, 24.533 ], [ 86.614, 24.521 ], [ 86.628, 24.518 ], [ 86.632, 24.506 ], [ 86.622, 24.496 ], [ 86.608, 24.499 ], [ 86.598, 24.489 ], [ 86.584, 24.492 ], [ 86.58, 24.504 ] ], [ [ 87.218, 23.894 ], [ 87.209, 23.884 ], [ 87.194, 23.886 ], [ 87.19, 23.899 ], [ 87.2, 23.908 ], [ 87.214, 23.906 ], [ 87.218, 23.894 ] ] ], [ [ [ 85.008, 22.115 ], [ 84.998, 22.105 ], [ 85.002, 22.093 ], [ 85.016, 22.09 ], [ 85.025, 22.1 ], [ 85.021, 22.113 ], [ 85.008, 22.115 ] ] ], [ [ [ 85.714, 24.769 ], [ 85.728, 24.766 ], [ 85.737, 24.776 ], [ 85.751, 24.774 ], [ 85.761, 24.784 ], [ 85.757, 24.796 ], [ 85.743, 24.798 ], [ 85.733, 24.788 ], [ 85.719, 24.791 ], [ 85.709, 24.781 ], [ 85.714, 24.769 ] ] ], [ [ [ 87.507, 25.289 ], [ 87.503, 25.301 ], [ 87.489, 25.304 ], [ 87.479, 25.294 ], [ 87.483, 25.282 ], [ 87.497, 25.279 ], [ 87.507, 25.289 ] ] ] ] } },
{ "type": "Feature", "properties": { "POLYGON.ID": 1052.0, "subregion": "India--West Bengal--Jharkhand Forests", "FILTER": "Jharkhand", "POLYGON": "India--West Bengal--Jharkhand Forests", "STATE": "Jharkhand", "COUNTY": "spl_region", "OWNER": null }, "geometry": { "type": "MultiPolygon", "coordinates": [ [ [ [ 86.735, 22.567 ], [ 86.731, 22.579 ], [ 86.741, 22.589 ], [ 86.737, 22.601 ], [ 86.747, 22.611 ], [ 86.743, 22.624 ], [ 86.753, 22.633 ], [ 86.767, 22.631 ], [ 86.777, 22.641 ], [ 86.773, 22.653 ], [ 86.782, 22.663 ], [ 86.778, 22.675 ], [ 86.788, 22.685 ], [ 86.802, 22.682 ], [ 86.812, 22.692 ], [ 86.808, 22.705 ], [ 86.794, 22.707 ], [ 86.79, 22.72 ], [ 86.776, 22.722 ], [ 86.772, 22.735 ], [ 86.758, 22.737 ], [ 86.748, 22.727 ], [ 86.734, 22.73 ], [ 86.73, 22.743 ], [ 86.716, 22.745 ], [ 86.712, 22.758 ], [ 86.698, 22.76 ], [ 86.694, 22.773 ], [ 86.68, 22.775 ], [ 86.67, 22.765 ], [ 86.656, 22.768 ], [ 86.652, 22.78 ], [ 86.638, 22.783 ], [ 86.634, 22.795 ], [ 86.62, 22.798 ], [ 86.616, 22.81 ], [ 86.602, 22.813 ], [ 86.598, 22.825 ], [ 86.608, 22.835 ], [ 86.604, 22.847 ], [ 86.614, 22.857 ], [ 86.61, 22.87 ], [ 86.596, 22.872 ], [ 86.592, 22.885 ], [ 86.578, 22.887 ], [ 86.574, 22.9 ], [ 86.56, 22.902 ], [ 86.556, 22.914 ], [ 86.542, 22.917 ], [ 86.532, 22.907 ], [ 86.518, 22.91 ], [ 86.508, 22.9 ], [ 86.494, 22.903 ], [ 86.485, 22.893 ], [ 86.471, 22.895 ], [ 86.461, 22.886 ], [ 86.447, 22.888 ], [ 86.437, 22.878 ], [ 86.441, 22.866 ], [ 86.431, 22.856 ], [ 86.435, 22.844 ], [ 86.425, 22.834 ], [ 86.429, 22.822 ], [ 86.42, 22.812 ], [ 86.424, 22.799 ], [ 86.414, 22.79 ], [ 86.4, 22.792 ], [ 86.39, 22.782 ], [ 86.394, 22.77 ], [ 86.408, 22.767 ], [ 86.412, 22.755 ], [ 86.426, 22.752 ], [ 86.43, 22.74 ], [ 86.444, 22.737 ], [ 86.448, 22.725 ], [ 86.462, 22.722 ], [ 86.466, 22.71 ], [ 86.456, 22.7 ], [ 86.46, 22.688 ], [ 86.45, 22.678 ], [ 86.454, 22.666 ], [ 86.468, 22.663 ], [ 86.472, 22.651 ], [ 86.463, 22.641 ], [ 86.467, 22.628 ], [ 86.481, 22.626 ], [ 86.49, 22.636 ], [ 86.504, 22.633 ], [ 86.514, 22.643 ], [ 86.528, 22.64 ], [ 86.538, 22.65 ], [ 86.552, 22.648 ], [ 86.562, 22.657 ], [ 86.576, 22.655 ], [ 86.586, 22.665 ], [ 86.599, 22.662 ], [ 86.604, 22.65 ], [ 86.617, 22.647 ], [ 86.622, 22.635 ], [ 86.612, 22.625 ], [ 86.616, 22.612 ], [ 86.606, 22.603 ], [ 86.61, 22.59 ], [ 86.6, 22.58 ], [ 86.604, 22.568 ], [ 86.594, 22.558 ], [ 86.598, 22.546 ], [ 86.612, 22.543 ], [ 86.622, 22.553 ], [ 86.636, 22.55 ], [ 86.64, 22.538 ], [ 86.654, 22.535 ], [ 86.664, 22.545 ], [ 86.678, 22.542 ], [ 86.682, 22.53 ], [ 86.696, 22.527 ], [ 86.706, 22.537 ], [ 86.702, 22.55 ], [ 86.712, 22.559 ], [ 86.725, 22.557 ], [ 86.735, 22.567 ] ] ] ] } },
{ "type": "Feature", "properties": { "POLYGON.ID": 1053.0, "subregion": "India--West Bengal--Jharkhand Forests transition (east)", "FILTER": "Jharkhand", "POLYGON": "India--West Bengal--Jharkhand Forests transition (east)", "STATE": "Jharkhand", "COUNTY": "spl_region", "OWNER": null }, "geometry": { "type": "MultiPolygon", "coordinates": [ [ [ [ 86.826, 22.69 ], [ 86.836, 22.699 ], [ 86.832, 22.712 ], [ 86.842, 22.722 ], [ 86.838, 22.734 ], [ 86.848, 22.744 ], [ 86.844, 22.756 ], [ 86.853, 22.766 ], [ 86.849, 22.778 ], [ 86.859, 22.788 ], [ 86.873, 22.786 ], [ 86.883, 22.795 ], [ 86.879, 22.808 ], [ 86.889, 22.818 ], [ 86.903, 22.815 ], [ 86.913, 22.825 ], [ 86.909, 22.837 ], [ 86.919, 22.847 ], [ 86.915, 22.859 ], [ 86.925, 22.869 ], [ 86.92, 22.882 ], [ 86.906, 22.884 ], [ 86.902, 22.897 ], [ 86.888, 22.899 ], [ 86.879, 22.889 ], [ 86.865, 22.892 ], [ 86.855, 22.882 ], [ 86.841, 22.885 ], [ 86.831, 22.875 ], [ 86.817, 22.878 ], [ 86.813, 22.89 ], [ 86.823, 22.9 ], [ 86.819, 22.912 ], [ 86.805, 22.915 ], [ 86.795, 22.905 ], [ 86.781, 22.908 ], [ 86.771, 22.898 ], [ 86.757, 22.9 ], [ 86.747, 22.891 ], [ 86.733, 22.893 ], [ 86.729, 22.906 ], [ 86.715, 22.908 ], [ 86.711, 22.921 ], [ 86.697, 22.923 ], [ 86.687, 22.913 ], [ 86.673, 22.916 ], [ 86.663, 22.906 ], [ 86.649, 22.909 ], [ 86.64, 22.899 ], [ 86.626, 22.902 ], [ 86.616, 22.892 ], [ 86.602, 22.894 ], [ 86.592, 22.885 ], [ 86.596, 22.872 ], [ 86.61, 22.87 ], [ 86.614, 22.857 ], [ 86.604, 22.847 ], [ 86.608, 22.835 ], [ 86.598, 22.825 ], [ 86.602, 22.813 ], [ 86.616, 22.81 ], [ 86.62, 22.798 ], [ 86.634, 22.795 ], [ 86.638, 22.783 ], [ 86.652, 22.78 ], [ 86.656, 22.768 ], [ 86.67, 22.765 ], [ 86.68, 22.775 ], [ 86.694, 22.773 ], [ 86.698, 22.76 ], [ 86.712, 22.758 ], [ 86.716, 22.745 ], [ 86.73, 22.743 ], [ 86.734, 22.73 ], [ 86.748, 22.727 ], [ 86.758, 22.737 ], [ 86.772, 22.735 ], [ 86.776, 22.722 ], [ 86.79, 22.72 ], [ 86.794, 22.707 ], [ 86.808, 22.705 ], [ 86.812, 22.692 ], [ 86.826, 22.69 ] ] ] ] } },
{ "type": "Feature", "properties": { "POLYGON.ID": 1055.0, "subregion": "India--West Bengal--Jharkhand Forests transition (west)", "FILTER": "Jharkhand", "POLYGON": "India--West Bengal--Jharkhand Forests transition (west)", "STATE": "Jharkhand", "COUNTY": "spl_region", "OWNER": null }, "geometry": { "type": "MultiPolygon", "coordinates": [ [ [ [ 86.466, 22.908 ], [ 86.471, 22.895 ], [ 86.485, 22.893 ], [ 86.494, 22.903 ], [ 86.508, 22.9 ], [ 86.518, 22.91 ], [ 86.532, 22.907 ], [ 86.542, 22.917 ], [ 86.556, 22.914 ], [ 86.56, 22.902 ], [ 86.574, 22.9 ], [ 86.578, 22.887 ], [ 86.592, 22.885 ], [ 86.602, 22.894 ], [ 86.616, 22.892 ], [ 86.626, 22.902 ], [ 86.64, 22.899 ], [ 86.649, 22.909 ], [ 86.645, 22.921 ], [ 86.631, 22.924 ], [ 86.627, 22.936 ], [ 86.613, 22.939 ], [ 86.609, 22.951 ], [ 86.595, 22.954 ], [ 86.591, 22.966 ], [ 86.577, 22.969 ], [ 86.573, 22.981 ], [ 86.559, 22.984 ], [ 86.555, 22.996 ], [ 86.541, 22.999 ], [ 86.537, 23.011 ], [ 86.523, 23.013 ], [ 86.519, 23.026 ], [ 86.505, 23.028 ], [ 86.501, 23.041 ], [ 86.487, 23.043 ], [ 86.483, 23.056 ], [ 86.469, 23.058 ], [ 86.465, 23.071 ], [ 86.451, 23.073 ], [ 86.441, 23.063 ], [ 86.428, 23.066 ], [ 86.423, 23.078 ], [ 86.41, 23.081 ], [ 86.405, 23.093 ], [ 86.391, 23.096 ], [ 86.382, 23.086 ], [ 86.368, 23.088 ], [ 86.358, 23.079 ], [ 86.362, 23.066 ], [ 86.352, 23.056 ], [ 86.356, 23.044 ], [ 86.346, 23.034 ], [ 86.35, 23.022 ], [ 86.364, 23.019 ], [ 86.368, 23.007 ], [ 86.382, 23.005 ], [ 86.386, 22.992 ], [ 86.4, 22.99 ], [ 86.41, 22.999 ], [ 86.424, 22.997 ], [ 86.428, 22.985 ], [ 86.442, 22.982 ], [ 86.446, 22.97 ], [ 86.46, 22.967 ], [ 86.464, 22.955 ], [ 86.454, 22.945 ], [ 86.458, 22.932 ], [ 86.448, 22.923 ], [ 86.453, 22.91 ], [ 86.466, 22.908 ] ] ] ] } },
{ "type": "Feature", "properties": { "POLYGON.ID": 1120.0, "subregion": "India--Jharkhand--Giridih--Forests (north)", "FILTER": "Jharkhand", "POLYGON": "India--Jharkhand--Giridih--Forests (north)", "STATE": "Jharkhand", "COUNTY": "Giridih", "OWNER": null }, "geometry": { "type": "MultiPolygon", "coordinates": [ [ [ [ 85.828, 24.704 ], [ 85.818, 24.694 ], [ 85.822, 24.682 ], [ 85.812, 24.672 ], [ 85.798, 24.674 ], [ 85.788, 24.665 ], [ 85.792, 24.653 ], [ 85.783, 24.643 ], [ 85.787, 24.631 ], [ 85.777, 24.621 ], [ 85.763, 24.623 ], [ 85.753, 24.614 ], [ 85.757, 24.602 ], [ 85.747, 24.592 ], [ 85.751, 24.58 ], [ 85.765, 24.577 ], [ 85.769, 24.565 ], [ 85.783, 24.563 ], [ 85.787, 24.551 ], [ 85.801, 24.548 ], [ 85.806, 24.536 ], [ 85.82, 24.534 ], [ 85.824, 24.522 ], [ 85.838, 24.519 ], [ 85.842, 24.507 ], [ 85.856, 24.505 ], [ 85.86, 24.492 ], [ 85.85, 24.483 ], [ 85.854, 24.47 ], [ 85.844, 24.461 ], [ 85.848, 24.449 ], [ 85.862, 24.446 ], [ 85.866, 24.434 ], [ 85.88, 24.432 ], [ 85.89, 24.441 ], [ 85.904, 24.439 ], [ 85.908, 24.427 ], [ 85.922, 24.424 ], [ 85.932, 24.434 ], [ 85.946, 24.432 ], [ 85.956, 24.441 ], [ 85.952, 24.454 ], [ 85.962, 24.463 ], [ 85.976, 24.461 ], [ 85.986, 24.471 ], [ 85.999, 24.468 ], [ 86.009, 24.478 ], [ 86.023, 24.476 ], [ 86.033, 24.485 ], [ 86.047, 24.483 ], [ 86.057, 24.493 ], [ 86.071, 24.49 ], [ 86.081, 24.5 ], [ 86.095, 24.497 ], [ 86.105, 24.507 ], [ 86.119, 24.505 ], [ 86.129, 24.514 ], [ 86.143, 24.512 ], [ 86.153, 24.522 ], [ 86.167, 24.519 ], [ 86.176, 24.529 ], [ 86.19, 24.527 ], [ 86.2, 24.536 ], [ 86.214, 24.534 ], [ 86.224, 24.544 ], [ 86.238, 24.541 ], [ 86.248, 24.551 ], [ 86.244, 24.563 ], [ 86.254, 24.573 ], [ 86.25, 24.585 ], [ 86.236, 24.587 ], [ 86.232, 24.6 ], [ 86.218, 24.602 ], [ 86.208, 24.592 ], [ 86.194, 24.595 ], [ 86.184, 24.585 ], [ 86.17, 24.587 ], [ 86.166, 24.6 ], [ 86.152, 24.602 ], [ 86.148, 24.614 ], [ 86.134, 24.617 ], [ 86.13, 24.629 ], [ 86.116, 24.631 ], [ 86.112, 24.643 ], [ 86.121, 24.653 ], [ 86.117, 24.665 ], [ 86.127, 24.675 ], [ 86.123, 24.687 ], [ 86.109, 24.689 ], [ 86.105, 24.702 ], [ 86.115, 24.711 ], [ 86.111, 24.723 ], [ 86.097, 24.726 ], [ 86.093, 24.738 ], [ 86.079, 24.74 ], [ 86.075, 24.753 ], [ 86.061, 24.755 ], [ 86.051, 24.745 ], [ 86.037, 24.748 ], [ 86.027, 24.738 ], [ 86.013, 24.74 ], [ 86.003, 24.731 ], [ 85.989, 24.733 ], [ 85.979, 24.723 ], [ 85.965, 24.726 ], [ 85.955, 24.716 ], [ 85.941, 24.718 ], [ 85.937, 24.731 ], [ 85.923, 24.733 ], [ 85.919, 24.745 ], [ 85.905, 24.747 ], [ 85.895, 24.738 ], [ 85.881, 24.74 ], [ 85.871, 24.73 ], [ 85.857, 24.733 ], [ 85.848, 24.723 ], [ 85.834, 24.726 ], [ 85.824, 24.716 ], [ 85.828, 24.704 ] ] ] ] } },
{ "type": "Feature", "properties": { "POLYGON.ID": 1119.0, "subregion": "India--Jharkhand--Jamtara--Forests", "FILTER": "Jharkhand", "POLYGON": "India--Jharkhand--Jamtara--Forests", "STATE": "Jharkhand", "COUNTY": "Jamtara", "OWNER": null }, "geometry": { "type": "MultiPolygon", "coordinates": [ [ [ [ 87.061, 24.049 ], [ 87.075, 24.047 ], [ 87.08, 24.035 ], [ 87.07, 24.025 ], [ 87.074, 24.013 ], [ 87.088, 24.01 ], [ 87.092, 23.998 ], [ 87.106, 23.995 ], [ 87.11, 23.983 ], [ 87.124, 23.98 ], [ 87.128, 23.968 ], [ 87.142, 23.965 ], [ 87.152, 23.975 ], [ 87.166, 23.973 ], [ 87.17, 23.96 ], [ 87.184, 23.958 ], [ 87.194, 23.967 ], [ 87.208, 23.965 ], [ 87.212, 23.953 ], [ 87.226, 23.95 ], [ 87.236, 23.96 ], [ 87.25, 23.957 ], [ 87.26, 23.967 ], [ 87.256, 23.979 ], [ 87.266, 23.989 ], [ 87.262, 24.001 ], [ 87.248, 24.004 ], [ 87.244, 24.016 ], [ 87.23, 24.019 ], [ 87.226, 24.031 ], [ 87.212, 24.033 ], [ 87.208, 24.046 ], [ 87.194, 24.048 ], [ 87.19, 24.061 ], [ 87.176, 24.063 ], [ 87.171, 24.075 ], [ 87.157, 24.078 ], [ 87.153, 24.09 ], [ 87.139, 24.093 ], [ 87.135, 24.105 ], [ 87.121, 24.108 ], [ 87.117, 24.12 ], [ 87.103, 24.122 ], [ 87.093, 24.113 ], [ 87.079, 24.115 ], [ 87.069, 24.106 ], [ 87.073, 24.093 ], [ 87.063, 24.084 ], [ 87.067, 24.071 ], [ 87.057, 24.062 ], [ 87.061, 24.049 ] ] ], [ [ [ 87.214, 23.906 ], [ 87.2, 23.908 ], [ 87.19, 23.899 ], [ 87.194, 23.886 ], [ 87.209, 23.884 ], [ 87.218, 23.894 ], [ 87.214, 23.906 ] ] ], [ [ [ 86.625, 24.094 ], [ 86.611, 24.096 ], [ 86.601, 24.086 ], [ 86.587, 24.089 ], [ 86.577, 24.079 ], [ 86.563, 24.082 ], [ 86.553, 24.072 ], [ 86.558, 24.06 ], [ 86.572, 24.057 ], [ 86.576, 24.045 ], [ 86.59, 24.042 ], [ 86.594, 24.03 ], [ 86.608, 24.028 ], [ 86.618, 24.037 ], [ 86.614, 24.05 ], [ 86.623, 24.059 ], [ 86.619, 24.072 ], [ 86.629, 24.081 ], [ 86.625, 24.094 ] ] ], [ [ [ 86.761, 24.081 ], [ 86.757, 24.093 ], [ 86.767, 24.103 ], [ 86.763, 24.115 ], [ 86.749, 24.117 ], [ 86.745, 24.13 ], [ 86.731, 24.132 ], [ 86.727, 24.144 ], [ 86.737, 24.154 ], [ 86.733, 24.166 ], [ 86.719, 24.169 ], [ 86.709, 24.159 ], [ 86.695, 24.162 ], [ 86.685, 24.152 ], [ 86.689, 24.14 ], [ 86.703, 24.137 ], [ 86.707, 24.125 ], [ 86.697, 24.115 ], [ 86.701, 24.103 ], [ 86.715, 24.101 ], [ 86.719, 24.088 ], [ 86.733, 24.086 ], [ 86.737, 24.074 ], [ 86.751, 24.071 ], [ 86.761, 24.081 ] ] ], [ [ [ 87.068, 23.91 ], [ 87.082, 23.907 ], [ 87.086, 23.895 ], [ 87.1, 23.892 ], [ 87.11, 23.902 ], [ 87.106, 23.914 ], [ 87.092, 23.917 ], [ 87.088, 23.929 ], [ 87.074, 23.932 ], [ 87.064, 23.922 ], [ 87.068, 23.91 ] ] ] ] } },
{ "type": "Feature", "properties": { "POLYGON.ID": 1118.0, "subregion": "India--Jharkhand--Maithon Reservoir", "FILTER": "Jharkhand", "POLYGON": "India--Jharkhand--Maithon Reservoir", "STATE": "Jharkhand", "COUNTY": "spl_region", "OWNER": null }, "geometry": { "type": "MultiPolygon", "coordinates": [ [ [ [ 86.804, 23.912 ], [ 86.794, 23.902 ], [ 86.78, 23.904 ], [ 86.776, 23.917 ], [ 86.762, 23.919 ], [ 86.752, 23.909 ], [ 86.738, 23.912 ], [ 86.728, 23.902 ], [ 86.714, 23.905 ], [ 86.704, 23.895 ], [ 86.709, 23.883 ], [ 86.699, 23.873 ], [ 86.703, 23.861 ], [ 86.693, 23.851 ], [ 86.697, 23.839 ], [ 86.711, 23.836 ], [ 86.715, 23.824 ], [ 86.729, 23.821 ], [ 86.733, 23.809 ], [ 86.747, 23.806 ], [ 86.751, 23.794 ], [ 86.765, 23.792 ], [ 86.769, 23.779 ], [ 86.783, 23.777 ], [ 86.787, 23.764 ], [ 86.801, 23.762 ], [ 86.811, 23.772 ], [ 86.825, 23.769 ], [ 86.835, 23.779 ], [ 86.849, 23.776 ], [ 86.859, 23.786 ], [ 86.855, 23.798 ], [ 86.865, 23.808 ], [ 86.861, 23.82 ], [ 86.871, 23.83 ], [ 86.867, 23.842 ], [ 86.853, 23.845 ], [ 86.849, 23.857 ], [ 86.859, 23.867 ], [ 86.854, 23.879 ], [ 86.84, 23.882 ], [ 86.836, 23.894 ], [ 86.822, 23.897 ], [ 86.818, 23.909 ], [ 86.804, 23.912 ] ] ] ] } },
{ "type": "Feature", "properties": { "POLYGON.ID": 1117.0, "subregion": "India--Jharkhand--Deogarh--Forests", "FILTER": "Jharkhand", "POLYGON": "India--Jharkhand--Deogarh--Forests", "STATE": "Jharkhand", "COUNTY": "Deogarh", "OWNER": null }, "geometry": { "type": "MultiPolygon", "coordinates": [ [ [ [ 86.596, 24.536 ], [ 86.592, 24.548 ], [ 86.578, 24.55 ], [ 86.568, 24.54 ], [ 86.572, 24.528 ], [ 86.562, 24.519 ], [ 86.566, 24.506 ], [ 86.58, 24.504 ], [ 86.584, 24.492 ], [ 86.598, 24.489 ], [ 86.608, 24.499 ], [ 86.622, 24.496 ], [ 86.632, 24.506 ], [ 86.628, 24.518 ], [ 86.614, 24.521 ], [ 86.61, 24.533 ], [ 86.596, 24.536 ] ] ], [ [ [ 86.94, 24.256 ], [ 86.936, 24.268 ], [ 86.922, 24.27 ], [ 86.912, 24.261 ], [ 86.916, 24.249 ], [ 86.906, 24.239 ], [ 86.91, 24.227 ], [ 86.924, 24.224 ], [ 86.934, 24.234 ], [ 86.948, 24.231 ], [ 86.958, 24.241 ], [ 86.954, 24.253 ], [ 86.94, 24.256 ] ] ], [ [ [ 86.508, 24.287 ], [ 86.522, 24.285 ], [ 86.526, 24.272 ], [ 86.54, 24.27 ], [ 86.55, 24.28 ], [ 86.546, 24.292 ], [ 86.556, 24.302 ], [ 86.552, 24.314 ], [ 86.562, 24.324 ], [ 86.557, 24.336 ], [ 86.567, 24.345 ], [ 86.563, 24.358 ], [ 86.549, 24.36 ], [ 86.545, 24.372 ], [ 86.531, 24.375 ], [ 86.527, 24.387 ], [ 86.537, 24.397 ], [ 86.533, 24.409 ], [ 86.519, 24.411 ], [ 86.515, 24.424 ], [ 86.501, 24.426 ], [ 86.497, 24.438 ], [ 86.507, 24.448 ], [ 86.503, 24.46 ], [ 86.489, 24.463 ], [ 86.484, 24.475 ], [ 86.494, 24.485 ], [ 86.49, 24.497 ], [ 86.476, 24.499 ], [ 86.466, 24.49 ], [ 86.452, 24.492 ], [ 86.442, 24.482 ], [ 86.447, 24.47 ], [ 86.437, 24.46 ], [ 86.441, 24.448 ], [ 86.431, 24.439 ], [ 86.417, 24.441 ], [ 86.407, 24.431 ], [ 86.393, 24.434 ], [ 86.383, 24.424 ], [ 86.387, 24.412 ], [ 86.401, 24.409 ], [ 86.405, 24.397 ], [ 86.419, 24.395 ], [ 86.423, 24.382 ], [ 86.437, 24.38 ], [ 86.441, 24.368 ], [ 86.455, 24.365 ], [ 86.459, 24.353 ], [ 86.45, 24.343 ], [ 86.454, 24.331 ], [ 86.468, 24.329 ], [ 86.472, 24.317 ], [ 86.462, 24.307 ], [ 86.466, 24.295 ], [ 86.48, 24.292 ], [ 86.484, 24.28 ], [ 86.498, 24.277 ], [ 86.508, 24.287 ] ] ], [ [ [ 86.819, 24.461 ], [ 86.833, 24.459 ], [ 86.843, 24.469 ], [ 86.857, 24.466 ], [ 86.867, 24.476 ], [ 86.863, 24.488 ], [ 86.873, 24.498 ], [ 86.868, 24.51 ], [ 86.854, 24.512 ], [ 86.85, 24.525 ], [ 86.836, 24.527 ], [ 86.826, 24.518 ], [ 86.83, 24.505 ], [ 86.82, 24.496 ], [ 86.825, 24.483 ], [ 86.815, 24.474 ], [ 86.819, 24.461 ] ] ], [ [ [ 86.829, 24.115 ], [ 86.833, 24.102 ], [ 86.847, 24.1 ], [ 86.851, 24.088 ], [ 86.865, 24.085 ], [ 86.875, 24.095 ], [ 86.889, 24.092 ], [ 86.893, 24.08 ], [ 86.907, 24.077 ], [ 86.917, 24.087 ], [ 86.913, 24.099 ], [ 86.899, 24.102 ], [ 86.895, 24.114 ], [ 86.881, 24.117 ], [ 86.877, 24.129 ], [ 86.887, 24.139 ], [ 86.883, 24.151 ], [ 86.869, 24.153 ], [ 86.859, 24.144 ], [ 86.845, 24.146 ], [ 86.841, 24.159 ], [ 86.827, 24.161 ], [ 86.817, 24.151 ], [ 86.821, 24.139 ], [ 86.811, 24.129 ], [ 86.815, 24.117 ], [ 86.829, 24.115 ] ] ] ] } },
{ "type": "Feature", "properties": { "POLYGON.ID": 1112.0, "subregion": "India--Jharkhand--Sahibganj--Plains", "FILTER": "Jharkhand", "POLYGON": "India--Jharkhand--Sahibganj--Plains", "STATE": "Jharkhand", "COUNTY": "Sahibganj", "OWNER": null }, "geometry": { "type": "MultiPolygon", "coordinates": [ [ [ [ 87.668, 24.848 ], [ 87.672, 24.835 ], [ 87.662, 24.826 ], [ 87.666, 24.814 ], [ 87.68, 24.811 ], [ 87.684, 24.799 ], [ 87.699, 24.796 ], [ 87.703, 24.784 ], [ 87.717, 24.781 ], [ 87.721, 24.769 ], [ 87.711, 24.76 ], [ 87.715, 24.747 ], [ 87.729, 24.745 ], [ 87.733, 24.733 ], [ 87.747, 24.73 ], [ 87.757, 24.74 ], [ 87.771, 24.737 ], [ 87.775, 24.725 ], [ 87.789, 24.722 ], [ 87.793, 24.71 ], [ 87.808, 24.707 ], [ 87.818, 24.717 ], [ 87.832, 24.714 ], [ 87.842, 24.724 ], [ 87.838, 24.736 ], [ 87.848, 24.746 ], [ 87.844, 24.758 ], [ 87.854, 24.768 ], [ 87.868, 24.765 ], [ 87.878, 24.775 ], [ 87.874, 24.787 ], [ 87.884, 24.797 ], [ 87.88, 24.809 ], [ 87.89, 24.819 ], [ 87.886, 24.831 ], [ 87.896, 24.84 ], [ 87.892, 24.853 ], [ 87.878, 24.855 ], [ 87.874, 24.868 ], [ 87.884, 24.877 ], [ 87.898, 24.875 ], [ 87.908, 24.884 ], [ 87.904, 24.896 ], [ 87.914, 24.906 ], [ 87.91, 24.918 ], [ 87.92, 24.928 ], [ 87.916, 24.94 ], [ 87.902, 24.943 ], [ 87.898, 24.955 ], [ 87.883, 24.958 ], [ 87.879, 24.97 ], [ 87.889, 24.979 ], [ 87.885, 24.992 ], [ 87.871, 24.994 ], [ 87.867, 25.006 ], [ 87.853, 25.009 ], [ 87.849, 25.021 ], [ 87.835, 25.024 ], [ 87.831, 25.036 ], [ 87.817, 25.038 ], [ 87.807, 25.029 ], [ 87.792, 25.031 ], [ 87.788, 25.044 ], [ 87.774, 25.046 ], [ 87.77, 25.058 ], [ 87.756, 25.061 ], [ 87.752, 25.073 ], [ 87.762, 25.083 ], [ 87.758, 25.095 ], [ 87.744, 25.098 ], [ 87.74, 25.11 ], [ 87.75, 25.119 ], [ 87.746, 25.132 ], [ 87.756, 25.141 ], [ 87.752, 25.153 ], [ 87.738, 25.156 ], [ 87.728, 25.146 ], [ 87.732, 25.134 ], [ 87.722, 25.124 ], [ 87.726, 25.112 ], [ 87.716, 25.103 ], [ 87.72, 25.09 ], [ 87.71, 25.081 ], [ 87.714, 25.069 ], [ 87.728, 25.066 ], [ 87.732, 25.054 ], [ 87.722, 25.044 ], [ 87.726, 25.032 ], [ 87.716, 25.022 ], [ 87.702, 25.025 ], [ 87.692, 25.015 ], [ 87.696, 25.003 ], [ 87.71, 25.001 ], [ 87.714, 24.988 ], [ 87.728, 24.986 ], [ 87.732, 24.974 ], [ 87.746, 24.971 ], [ 87.75, 24.959 ], [ 87.764, 24.956 ], [ 87.769, 24.944 ], [ 87.783, 24.942 ], [ 87.787, 24.929 ], [ 87.801, 24.927 ], [ 87.805, 24.915 ], [ 87.795, 24.905 ], [ 87.799, 24.893 ], [ 87.789, 24.883 ], [ 87.775, 24.886 ], [ 87.765, 24.876 ], [ 87.751, 24.879 ], [ 87.741, 24.869 ], [ 87.745, 24.857 ], [ 87.735, 24.847 ], [ 87.721, 24.85 ], [ 87.716, 24.862 ], [ 87.702, 24.864 ], [ 87.692, 24.855 ], [ 87.678, 24.857 ], [ 87.668, 24.848 ] ] ] ] } },
{ "type": "Feature", "properties": { "POLYGON.ID": 1113.0, "subregion": "India--Jharkhand--Pakaur--Plains", "FILTER": "Jharkhand", "POLYGON": "India--Jharkhand--Pakaur--Plains", "STATE": "Jharkhand", "COUNTY": "spl_region", "OWNER": null }, "geometry": { "type": "MultiPolygon", "coordinates": [ [ [ [ 87.572, 24.221 ], [ 87.586, 24.218 ], [ 87.59, 24.206 ], [ 87.604, 24.204 ], [ 87.614, 24.213 ], [ 87.628, 24.211 ], [ 87.638, 24.22 ], [ 87.634, 24.233 ], [ 87.644, 24.242 ], [ 87.658, 24.24 ], [ 87.668, 24.249 ], [ 87.682, 24.247 ], [ 87.692, 24.256 ], [ 87.706, 24.254 ], [ 87.716, 24.264 ], [ 87.712, 24.276 ], [ 87.722, 24.285 ], [ 87.737, 24.283 ], [ 87.747, 24.293 ], [ 87.742, 24.305 ], [ 87.752, 24.315 ], [ 87.767, 24.312 ], [ 87.777, 24.322 ], [ 87.773, 24.334 ], [ 87.783, 24.344 ], [ 87.778, 24.356 ], [ 87.789, 24.366 ], [ 87.784, 24.378 ], [ 87.794, 24.387 ], [ 87.79, 24.4 ], [ 87.8, 24.409 ], [ 87.796, 24.422 ], [ 87.806, 24.431 ], [ 87.802, 24.444 ], [ 87.812, 24.453 ], [ 87.808, 24.466 ], [ 87.818, 24.475 ], [ 87.814, 24.487 ], [ 87.824, 24.497 ], [ 87.82, 24.509 ], [ 87.806, 24.512 ], [ 87.802, 24.524 ], [ 87.812, 24.534 ], [ 87.808, 24.546 ], [ 87.818, 24.556 ], [ 87.832, 24.553 ], [ 87.842, 24.563 ], [ 87.856, 24.56 ], [ 87.866, 24.57 ], [ 87.88, 24.567 ], [ 87.891, 24.577 ], [ 87.905, 24.574 ], [ 87.915, 24.584 ], [ 87.911, 24.596 ], [ 87.921, 24.606 ], [ 87.917, 24.618 ], [ 87.902, 24.621 ], [ 87.898, 24.633 ], [ 87.908, 24.643 ], [ 87.904, 24.655 ], [ 87.914, 24.665 ], [ 87.91, 24.677 ], [ 87.896, 24.68 ], [ 87.892, 24.692 ], [ 87.902, 24.701 ], [ 87.898, 24.714 ], [ 87.884, 24.716 ], [ 87.88, 24.728 ], [ 87.866, 24.731 ], [ 87.862, 24.743 ], [ 87.848, 24.746 ], [ 87.838, 24.736 ], [ 87.842, 24.724 ], [ 87.832, 24.714 ], [ 87.818, 24.717 ], [ 87.808, 24.707 ], [ 87.793, 24.71 ], [ 87.789, 24.722 ], [ 87.775, 24.725 ], [ 87.771, 24.737 ], [ 87.757, 24.74 ], [ 87.747, 24.73 ], [ 87.733, 24.733 ], [ 87.729, 24.745 ], [ 87.715, 24.747 ], [ 87.705, 24.738 ], [ 87.709, 24.725 ], [ 87.699, 24.716 ], [ 87.685, 24.718 ], [ 87.675, 24.709 ], [ 87.661, 24.711 ], [ 87.657, 24.724 ], [ 87.642, 24.726 ], [ 87.638, 24.738 ], [ 87.624, 24.741 ], [ 87.614, 24.731 ], [ 87.6, 24.734 ], [ 87.59, 24.724 ], [ 87.594, 24.712 ], [ 87.584, 24.702 ], [ 87.588, 24.69 ], [ 87.578, 24.68 ], [ 87.582, 24.668 ], [ 87.572, 24.658 ], [ 87.576, 24.646 ], [ 87.59, 24.644 ], [ 87.594, 24.631 ], [ 87.584, 24.622 ], [ 87.589, 24.61 ], [ 87.579, 24.6 ], [ 87.583, 24.588 ], [ 87.573, 24.578 ], [ 87.577, 24.566 ], [ 87.591, 24.563 ], [ 87.595, 24.551 ], [ 87.609, 24.548 ], [ 87.613, 24.536 ], [ 87.603, 24.526 ], [ 87.589, 24.529 ], [ 87.579, 24.519 ], [ 87.583, 24.507 ], [ 87.573, 24.497 ], [ 87.559, 24.5 ], [ 87.549, 24.49 ], [ 87.553, 24.478 ], [ 87.543, 24.468 ], [ 87.547, 24.456 ], [ 87.537, 24.446 ], [ 87.541, 24.434 ], [ 87.531, 24.424 ], [ 87.535, 24.412 ], [ 87.549, 24.41 ], [ 87.553, 24.397 ], [ 87.543, 24.388 ], [ 87.547, 24.375 ], [ 87.561, 24.373 ], [ 87.565, 24.361 ], [ 87.555, 24.351 ], [ 87.559, 24.339 ], [ 87.549, 24.329 ], [ 87.554, 24.317 ], [ 87.568, 24.314 ], [ 87.572, 24.302 ], [ 87.562, 24.292 ], [ 87.566, 24.28 ], [ 87.556, 24.27 ], [ 87.56, 24.258 ], [ 87.55, 24.248 ], [ 87.554, 24.236 ], [ 87.568, 24.233 ], [ 87.572, 24.221 ] ] ] ] } },
{ "type": "Feature", "properties": { "POLYGON.ID": 1114.0, "subregion": "India--Jharkhand--Godda--Forests", "FILTER": "Jharkhand", "POLYGON": "India--Jharkhand--Godda--Forests", "STATE": "Jharkhand", "COUNTY": "Godda", "OWNER": null }, "geometry": { "type": "MultiPolygon", "coordinates": [ [ [ [ 87.493, 24.857 ], [ 87.479, 24.859 ], [ 87.475, 24.871 ], [ 87.485, 24.881 ], [ 87.481, 24.893 ], [ 87.467, 24.896 ], [ 87.463, 24.908 ], [ 87.473, 24.918 ], [ 87.469, 24.93 ], [ 87.479, 24.939 ], [ 87.474, 24.952 ], [ 87.485, 24.961 ], [ 87.48, 24.973 ], [ 87.466, 24.976 ], [ 87.462, 24.988 ], [ 87.472, 24.998 ], [ 87.468, 25.01 ], [ 87.478, 25.02 ], [ 87.492, 25.017 ], [ 87.502, 25.027 ], [ 87.516, 25.024 ], [ 87.526, 25.034 ], [ 87.522, 25.046 ], [ 87.532, 25.056 ], [ 87.528, 25.068 ], [ 87.538, 25.077 ], [ 87.534, 25.09 ], [ 87.52, 25.092 ], [ 87.516, 25.104 ], [ 87.502, 25.107 ], [ 87.492, 25.097 ], [ 87.478, 25.1 ], [ 87.468, 25.09 ], [ 87.472, 25.078 ], [ 87.462, 25.068 ], [ 87.448, 25.071 ], [ 87.438, 25.061 ], [ 87.424, 25.064 ], [ 87.42, 25.076 ], [ 87.406, 25.079 ], [ 87.401, 25.091 ], [ 87.411, 25.1 ], [ 87.407, 25.112 ], [ 87.393, 25.115 ], [ 87.389, 25.127 ], [ 87.375, 25.13 ], [ 87.365, 25.12 ], [ 87.351, 25.123 ], [ 87.341, 25.113 ], [ 87.345, 25.101 ], [ 87.335, 25.091 ], [ 87.339, 25.079 ], [ 87.329, 25.069 ], [ 87.333, 25.057 ], [ 87.323, 25.048 ], [ 87.327, 25.035 ], [ 87.317, 25.026 ], [ 87.321, 25.014 ], [ 87.335, 25.011 ], [ 87.339, 24.999 ], [ 87.329, 24.989 ], [ 87.334, 24.977 ], [ 87.348, 24.974 ], [ 87.352, 24.962 ], [ 87.366, 24.96 ], [ 87.37, 24.948 ], [ 87.36, 24.938 ], [ 87.364, 24.926 ], [ 87.378, 24.923 ], [ 87.382, 24.911 ], [ 87.372, 24.901 ], [ 87.376, 24.889 ], [ 87.366, 24.879 ], [ 87.37, 24.867 ], [ 87.36, 24.858 ], [ 87.364, 24.845 ], [ 87.354, 24.836 ], [ 87.34, 24.838 ], [ 87.33, 24.829 ], [ 87.334, 24.816 ], [ 87.324, 24.807 ], [ 87.328, 24.795 ], [ 87.342, 24.792 ], [ 87.347, 24.78 ], [ 87.337, 24.77 ], [ 87.341, 24.758 ], [ 87.355, 24.755 ], [ 87.359, 24.743 ], [ 87.349, 24.734 ], [ 87.353, 24.721 ], [ 87.343, 24.712 ], [ 87.347, 24.699 ], [ 87.361, 24.697 ], [ 87.365, 24.685 ], [ 87.355, 24.675 ], [ 87.359, 24.663 ], [ 87.349, 24.653 ], [ 87.353, 24.641 ], [ 87.367, 24.638 ], [ 87.371, 24.626 ], [ 87.361, 24.616 ], [ 87.365, 24.604 ], [ 87.355, 24.595 ], [ 87.36, 24.582 ], [ 87.35, 24.573 ], [ 87.354, 24.56 ], [ 87.344, 24.551 ], [ 87.348, 24.538 ], [ 87.362, 24.536 ], [ 87.366, 24.524 ], [ 87.38, 24.521 ], [ 87.384, 24.509 ], [ 87.398, 24.506 ], [ 87.408, 24.516 ], [ 87.422, 24.513 ], [ 87.432, 24.523 ], [ 87.428, 24.535 ], [ 87.438, 24.545 ], [ 87.452, 24.542 ], [ 87.462, 24.552 ], [ 87.458, 24.564 ], [ 87.468, 24.574 ], [ 87.464, 24.586 ], [ 87.474, 24.596 ], [ 87.47, 24.608 ], [ 87.456, 24.611 ], [ 87.452, 24.623 ], [ 87.462, 24.633 ], [ 87.458, 24.645 ], [ 87.468, 24.655 ], [ 87.464, 24.667 ], [ 87.474, 24.676 ], [ 87.47, 24.689 ], [ 87.48, 24.698 ], [ 87.476, 24.711 ], [ 87.461, 24.713 ], [ 87.457, 24.725 ], [ 87.443, 24.728 ], [ 87.439, 24.74 ], [ 87.449, 24.75 ], [ 87.445, 24.762 ], [ 87.455, 24.772 ], [ 87.469, 24.769 ], [ 87.479, 24.779 ], [ 87.493, 24.776 ], [ 87.503, 24.786 ], [ 87.499, 24.798 ], [ 87.509, 24.808 ], [ 87.505, 24.82 ], [ 87.491, 24.822 ], [ 87.487, 24.835 ], [ 87.497, 24.844 ], [ 87.493, 24.857 ] ] ] ] } },
{ "type": "Feature", "properties": { "POLYGON.ID": 1115.0, "subregion": "India--Jharkhand--Dumka--Forests", "FILTER": "Jharkhand", "POLYGON": "India--Jharkhand--Dumka--Forests", "STATE": "Jharkhand", "COUNTY": "Dumka", "OWNER": null }, "geometry": { "type": "MultiPolygon", "coordinates": [ [ [ [ 87.309, 24.258 ], [ 87.319, 24.268 ], [ 87.333, 24.265 ], [ 87.337, 24.253 ], [ 87.351, 24.25 ], [ 87.361, 24.26 ], [ 87.357, 24.272 ], [ 87.367, 24.282 ], [ 87.363, 24.294 ], [ 87.349, 24.297 ], [ 87.345, 24.309 ], [ 87.355, 24.319 ], [ 87.351, 24.331 ], [ 87.337, 24.333 ], [ 87.327, 24.324 ], [ 87.313, 24.326 ], [ 87.303, 24.317 ], [ 87.289, 24.319 ], [ 87.279, 24.309 ], [ 87.283, 24.297 ], [ 87.273, 24.287 ], [ 87.277, 24.275 ], [ 87.291, 24.273 ], [ 87.295, 24.26 ], [ 87.309, 24.258 ] ] ], [ [ [ 87.464, 24.229 ], [ 87.478, 24.227 ], [ 87.482, 24.215 ], [ 87.472, 24.205 ], [ 87.476, 24.193 ], [ 87.49, 24.19 ], [ 87.494, 24.178 ], [ 87.508, 24.175 ], [ 87.512, 24.163 ], [ 87.502, 24.153 ], [ 87.506, 24.141 ], [ 87.496, 24.131 ], [ 87.5, 24.119 ], [ 87.514, 24.116 ], [ 87.518, 24.104 ], [ 87.532, 24.101 ], [ 87.536, 24.089 ], [ 87.55, 24.087 ], [ 87.56, 24.096 ], [ 87.556, 24.108 ], [ 87.566, 24.118 ], [ 87.562, 24.13 ], [ 87.572, 24.14 ], [ 87.568, 24.152 ], [ 87.578, 24.162 ], [ 87.574, 24.174 ], [ 87.584, 24.184 ], [ 87.58, 24.196 ], [ 87.59, 24.206 ], [ 87.586, 24.218 ], [ 87.572, 24.221 ], [ 87.568, 24.233 ], [ 87.554, 24.236 ], [ 87.55, 24.248 ], [ 87.56, 24.258 ], [ 87.556, 24.27 ], [ 87.566, 24.28 ], [ 87.562, 24.292 ], [ 87.572, 24.302 ], [ 87.568, 24.314 ], [ 87.554, 24.317 ], [ 87.549, 24.329 ], [ 87.559, 24.339 ], [ 87.555, 24.351 ], [ 87.565, 24.361 ], [ 87.561, 24.373 ], [ 87.547, 24.375 ], [ 87.543, 24.388 ], [ 87.553, 24.397 ], [ 87.549, 24.41 ], [ 87.535, 24.412 ], [ 87.531, 24.424 ], [ 87.541, 24.434 ], [ 87.537, 24.446 ], [ 87.547, 24.456 ], [ 87.543, 24.468 ], [ 87.553, 24.478 ], [ 87.549, 24.49 ], [ 87.535, 24.493 ], [ 87.531, 24.505 ], [ 87.541, 24.515 ], [ 87.537, 24.527 ], [ 87.523, 24.53 ], [ 87.518, 24.542 ], [ 87.504, 24.544 ], [ 87.494, 24.535 ], [ 87.48, 24.537 ], [ 87.476, 24.55 ], [ 87.462, 24.552 ], [ 87.452, 24.542 ], [ 87.438, 24.545 ], [ 87.428, 24.535 ], [ 87.432, 24.523 ], [ 87.422, 24.513 ], [ 87.408, 24.516 ], [ 87.398, 24.506 ], [ 87.384, 24.509 ], [ 87.38, 24.521 ], [ 87.366, 24.524 ], [ 87.356, 24.514 ], [ 87.342, 24.517 ], [ 87.332, 24.507 ], [ 87.336, 24.495 ], [ 87.326, 24.485 ], [ 87.312, 24.488 ], [ 87.302, 24.478 ], [ 87.306, 24.466 ], [ 87.296, 24.456 ], [ 87.3, 24.444 ], [ 87.314, 24.441 ], [ 87.318, 24.429 ], [ 87.308, 24.419 ], [ 87.312, 24.407 ], [ 87.326, 24.404 ], [ 87.33, 24.392 ], [ 87.344, 24.39 ], [ 87.348, 24.377 ], [ 87.362, 24.375 ], [ 87.367, 24.362 ], [ 87.357, 24.353 ], [ 87.361, 24.341 ], [ 87.375, 24.338 ], [ 87.379, 24.326 ], [ 87.393, 24.323 ], [ 87.397, 24.311 ], [ 87.411, 24.308 ], [ 87.415, 24.296 ], [ 87.429, 24.293 ], [ 87.433, 24.281 ], [ 87.447, 24.279 ], [ 87.451, 24.266 ], [ 87.465, 24.264 ], [ 87.469, 24.251 ], [ 87.459, 24.242 ], [ 87.464, 24.229 ] ] ], [ [ [ 87.205, 24.53 ], [ 87.191, 24.532 ], [ 87.187, 24.545 ], [ 87.173, 24.547 ], [ 87.163, 24.537 ], [ 87.167, 24.525 ], [ 87.157, 24.516 ], [ 87.143, 24.518 ], [ 87.133, 24.508 ], [ 87.137, 24.496 ], [ 87.127, 24.486 ], [ 87.131, 24.474 ], [ 87.121, 24.465 ], [ 87.125, 24.452 ], [ 87.139, 24.45 ], [ 87.143, 24.438 ], [ 87.134, 24.428 ], [ 87.138, 24.416 ], [ 87.152, 24.413 ], [ 87.156, 24.401 ], [ 87.17, 24.398 ], [ 87.18, 24.408 ], [ 87.194, 24.405 ], [ 87.204, 24.415 ], [ 87.218, 24.413 ], [ 87.228, 24.422 ], [ 87.224, 24.434 ], [ 87.234, 24.444 ], [ 87.23, 24.456 ], [ 87.24, 24.466 ], [ 87.254, 24.464 ], [ 87.264, 24.473 ], [ 87.26, 24.485 ], [ 87.246, 24.488 ], [ 87.241, 24.5 ], [ 87.251, 24.51 ], [ 87.247, 24.522 ], [ 87.233, 24.525 ], [ 87.223, 24.515 ], [ 87.209, 24.518 ], [ 87.205, 24.53 ] ] ] ] } },
{ "type": "Feature", "properties": { "POLYGON.ID": 1116.0, "subregion": "India--Jharkhand--Dumka--Massanjore Reservoir", "FILTER": "Jharkhand", "POLYGON": "India--Jharkhand--Dumka--Massanjore Reservoir", "STATE": "Jharkhand", "COUNTY": "Dumka", "OWNER": null }, "geometry": { "type": "MultiPolygon", "coordinates": [ [ [ [ 87.331, 24.231 ], [ 87.321, 24.221 ], [ 87.307, 24.224 ], [ 87.297, 24.214 ], [ 87.283, 24.216 ], [ 87.273, 24.207 ], [ 87.259, 24.209 ], [ 87.255, 24.222 ], [ 87.241, 24.224 ], [ 87.231, 24.214 ], [ 87.217, 24.217 ], [ 87.207, 24.207 ], [ 87.193, 24.21 ], [ 87.189, 24.222 ], [ 87.175, 24.225 ], [ 87.165, 24.215 ], [ 87.151, 24.218 ], [ 87.141, 24.208 ], [ 87.127, 24.21 ], [ 87.117, 24.201 ], [ 87.121, 24.188 ], [ 87.111, 24.179 ], [ 87.115, 24.166 ], [ 87.105, 24.157 ], [ 87.109, 24.144 ], [ 87.123, 24.142 ], [ 87.127, 24.13 ], [ 87.141, 24.127 ], [ 87.145, 24.115 ], [ 87.159, 24.112 ], [ 87.163, 24.1 ], [ 87.177, 24.097 ], [ 87.181, 24.085 ], [ 87.195, 24.083 ], [ 87.205, 24.092 ], [ 87.219, 24.09 ], [ 87.224, 24.077 ], [ 87.238, 24.075 ], [ 87.248, 24.085 ], [ 87.262, 24.082 ], [ 87.266, 24.07 ], [ 87.28, 24.067 ], [ 87.29, 24.077 ], [ 87.304, 24.074 ], [ 87.308, 24.062 ], [ 87.322, 24.059 ], [ 87.332, 24.069 ], [ 87.346, 24.067 ], [ 87.356, 24.076 ], [ 87.37, 24.074 ], [ 87.38, 24.083 ], [ 87.394, 24.081 ], [ 87.404, 24.09 ], [ 87.4, 24.103 ], [ 87.41, 24.112 ], [ 87.424, 24.11 ], [ 87.434, 24.12 ], [ 87.43, 24.132 ], [ 87.44, 24.142 ], [ 87.454, 24.139 ], [ 87.464, 24.149 ], [ 87.46, 24.161 ], [ 87.47, 24.171 ], [ 87.466, 24.183 ], [ 87.476, 24.193 ], [ 87.472, 24.205 ], [ 87.458, 24.207 ], [ 87.448, 24.198 ], [ 87.434, 24.2 ], [ 87.429, 24.213 ], [ 87.415, 24.215 ], [ 87.411, 24.228 ], [ 87.397, 24.23 ], [ 87.387, 24.22 ], [ 87.373, 24.223 ], [ 87.369, 24.235 ], [ 87.355, 24.238 ], [ 87.345, 24.228 ], [ 87.331, 24.231 ] ] ] ] } },
{ "type": "Feature", "properties": { "POLYGON.ID": 1137.0, "subregion": "India--Jharkhand--Saraikela--Kharsawan--Chandil Reservoir", "FILTER": "Jharkhand", "POLYGON": "India--Jharkhand--Saraikela--Kharsawan--Chandil Reservoir", "STATE": "Jharkhand", "COUNTY": "spl_region", "OWNER": null }, "geometry": { "type": "MultiPolygon", "coordinates": [ [ [ [ 85.969, 22.987 ], [ 85.983, 22.984 ], [ 85.987, 22.972 ], [ 86.001, 22.969 ], [ 86.005, 22.957 ], [ 86.019, 22.955 ], [ 86.029, 22.964 ], [ 86.043, 22.962 ], [ 86.053, 22.972 ], [ 86.067, 22.969 ], [ 86.077, 22.979 ], [ 86.091, 22.977 ], [ 86.1, 22.986 ], [ 86.096, 22.999 ], [ 86.106, 23.008 ], [ 86.102, 23.021 ], [ 86.112, 23.031 ], [ 86.108, 23.043 ], [ 86.094, 23.045 ], [ 86.09, 23.058 ], [ 86.076, 23.06 ], [ 86.072, 23.073 ], [ 86.058, 23.075 ], [ 86.054, 23.088 ], [ 86.04, 23.09 ], [ 86.036, 23.102 ], [ 86.022, 23.105 ], [ 86.012, 23.095 ], [ 85.998, 23.098 ], [ 85.988, 23.088 ], [ 85.974, 23.09 ], [ 85.965, 23.08 ], [ 85.969, 23.068 ], [ 85.959, 23.058 ], [ 85.963, 23.046 ], [ 85.953, 23.036 ], [ 85.957, 23.024 ], [ 85.947, 23.014 ], [ 85.951, 23.002 ], [ 85.965, 22.999 ], [ 85.969, 22.987 ] ] ] ] } },
{ "type": "Feature", "properties": { "POLYGON.ID": 1136.0, "subregion": "India--Jharkhand--Ranchi--Plains", "FILTER": "Jharkhand", "POLYGON": "India--Jharkhand--Ranchi--Plains", "STATE": "Jharkhand", "COUNTY": "Ranchi", "OWNER": null }, "geometry": { "type": "MultiPolygon", "coordinates": [ [ [ [ 85.367, 23.268 ], [ 85.38, 23.266 ], [ 85.39, 23.275 ], [ 85.404, 23.273 ], [ 85.408, 23.261 ], [ 85.422, 23.258 ], [ 85.426, 23.246 ], [ 85.44, 23.243 ], [ 85.45, 23.253 ], [ 85.446, 23.266 ], [ 85.455, 23.275 ], [ 85.451, 23.288 ], [ 85.438, 23.29 ], [ 85.433, 23.302 ], [ 85.42, 23.305 ], [ 85.415, 23.317 ], [ 85.402, 23.32 ], [ 85.397, 23.332 ], [ 85.407, 23.342 ], [ 85.421, 23.339 ], [ 85.431, 23.349 ], [ 85.427, 23.361 ], [ 85.437, 23.371 ], [ 85.45, 23.369 ], [ 85.46, 23.378 ], [ 85.456, 23.391 ], [ 85.442, 23.393 ], [ 85.433, 23.383 ], [ 85.419, 23.386 ], [ 85.415, 23.398 ], [ 85.424, 23.408 ], [ 85.42, 23.42 ], [ 85.43, 23.43 ], [ 85.426, 23.442 ], [ 85.436, 23.452 ], [ 85.45, 23.45 ], [ 85.459, 23.459 ], [ 85.455, 23.472 ], [ 85.441, 23.474 ], [ 85.437, 23.486 ], [ 85.423, 23.489 ], [ 85.419, 23.501 ], [ 85.405, 23.503 ], [ 85.396, 23.494 ], [ 85.382, 23.496 ], [ 85.378, 23.508 ], [ 85.364, 23.511 ], [ 85.354, 23.501 ], [ 85.34, 23.503 ], [ 85.336, 23.515 ], [ 85.322, 23.518 ], [ 85.312, 23.508 ], [ 85.298, 23.511 ], [ 85.294, 23.523 ], [ 85.281, 23.525 ], [ 85.271, 23.515 ], [ 85.257, 23.518 ], [ 85.247, 23.508 ], [ 85.233, 23.51 ], [ 85.229, 23.523 ], [ 85.215, 23.525 ], [ 85.205, 23.515 ], [ 85.192, 23.518 ], [ 85.182, 23.508 ], [ 85.168, 23.51 ], [ 85.158, 23.5 ], [ 85.144, 23.503 ], [ 85.135, 23.493 ], [ 85.121, 23.495 ], [ 85.117, 23.508 ], [ 85.103, 23.51 ], [ 85.099, 23.522 ], [ 85.085, 23.525 ], [ 85.075, 23.515 ], [ 85.061, 23.517 ], [ 85.051, 23.507 ], [ 85.038, 23.51 ], [ 85.033, 23.522 ], [ 85.02, 23.524 ], [ 85.01, 23.515 ], [ 84.996, 23.517 ], [ 84.992, 23.529 ], [ 84.978, 23.532 ], [ 84.974, 23.544 ], [ 84.96, 23.546 ], [ 84.95, 23.536 ], [ 84.936, 23.539 ], [ 84.932, 23.551 ], [ 84.919, 23.553 ], [ 84.909, 23.543 ], [ 84.895, 23.546 ], [ 84.885, 23.536 ], [ 84.889, 23.524 ], [ 84.903, 23.521 ], [ 84.907, 23.509 ], [ 84.921, 23.507 ], [ 84.925, 23.495 ], [ 84.915, 23.485 ], [ 84.92, 23.473 ], [ 84.91, 23.463 ], [ 84.896, 23.465 ], [ 84.886, 23.455 ], [ 84.89, 23.443 ], [ 84.881, 23.433 ], [ 84.885, 23.421 ], [ 84.899, 23.419 ], [ 84.903, 23.406 ], [ 84.893, 23.397 ], [ 84.897, 23.384 ], [ 84.887, 23.375 ], [ 84.891, 23.362 ], [ 84.905, 23.36 ], [ 84.909, 23.348 ], [ 84.9, 23.338 ], [ 84.904, 23.326 ], [ 84.894, 23.316 ], [ 84.898, 23.304 ], [ 84.888, 23.294 ], [ 84.892, 23.282 ], [ 84.906, 23.279 ], [ 84.91, 23.267 ], [ 84.924, 23.264 ], [ 84.934, 23.274 ], [ 84.93, 23.287 ], [ 84.94, 23.296 ], [ 84.953, 23.294 ], [ 84.963, 23.304 ], [ 84.977, 23.301 ], [ 84.987, 23.311 ], [ 85.001, 23.309 ], [ 85.005, 23.297 ], [ 85.019, 23.294 ], [ 85.028, 23.304 ], [ 85.042, 23.302 ], [ 85.046, 23.289 ], [ 85.06, 23.287 ], [ 85.07, 23.297 ], [ 85.084, 23.294 ], [ 85.093, 23.304 ], [ 85.107, 23.302 ], [ 85.117, 23.312 ], [ 85.131, 23.309 ], [ 85.135, 23.297 ], [ 85.149, 23.295 ], [ 85.159, 23.304 ], [ 85.172, 23.302 ], [ 85.182, 23.312 ], [ 85.196, 23.309 ], [ 85.2, 23.297 ], [ 85.214, 23.295 ], [ 85.224, 23.305 ], [ 85.238, 23.302 ], [ 85.247, 23.312 ], [ 85.243, 23.324 ], [ 85.253, 23.334 ], [ 85.267, 23.332 ], [ 85.271, 23.319 ], [ 85.285, 23.317 ], [ 85.289, 23.305 ], [ 85.279, 23.295 ], [ 85.283, 23.283 ], [ 85.274, 23.273 ], [ 85.26, 23.275 ], [ 85.25, 23.265 ], [ 85.254, 23.253 ], [ 85.244, 23.243 ], [ 85.248, 23.231 ], [ 85.262, 23.229 ], [ 85.272, 23.238 ], [ 85.286, 23.236 ], [ 85.296, 23.246 ], [ 85.309, 23.243 ], [ 85.319, 23.253 ], [ 85.333, 23.251 ], [ 85.343, 23.261 ], [ 85.357, 23.258 ], [ 85.367, 23.268 ] ], [ [ 85.284, 23.398 ], [ 85.294, 23.408 ], [ 85.29, 23.42 ], [ 85.299, 23.43 ], [ 85.313, 23.427 ], [ 85.317, 23.415 ], [ 85.331, 23.413 ], [ 85.335, 23.4 ], [ 85.326, 23.391 ], [ 85.33, 23.378 ], [ 85.32, 23.368 ], [ 85.306, 23.371 ], [ 85.302, 23.383 ], [ 85.288, 23.386 ], [ 85.284, 23.398 ] ] ] ] } },
{ "type": "Feature", "properties": { "POLYGON.ID": 1135.0, "subregion": "India--Jharkhand--Ramgarh--Patratu Dam", "FILTER": "Jharkhand", "POLYGON": "India--Jharkhand--Ramgarh--Patratu Dam", "STATE": "Jharkhand", "COUNTY": "Ramgarh", "OWNER": null }, "geometry": { "type": "MultiPolygon", "coordinates": [ [ [ [ 85.299, 23.626 ], [ 85.285, 23.628 ], [ 85.275, 23.618 ], [ 85.262, 23.621 ], [ 85.252, 23.611 ], [ 85.256, 23.599 ], [ 85.27, 23.596 ], [ 85.274, 23.584 ], [ 85.288, 23.581 ], [ 85.292, 23.569 ], [ 85.306, 23.567 ], [ 85.316, 23.577 ], [ 85.329, 23.574 ], [ 85.339, 23.584 ], [ 85.335, 23.596 ], [ 85.345, 23.606 ], [ 85.341, 23.618 ], [ 85.327, 23.621 ], [ 85.323, 23.633 ], [ 85.309, 23.635 ], [ 85.299, 23.626 ] ] ] ] } },
{ "type": "Feature", "properties": { "POLYGON.ID": 1134.0, "subregion": "India--Jharkhand--Ranchi--Kanke Dam", "FILTER": "Jharkhand", "POLYGON": "India--Jharkhand--Ranchi--Kanke Dam", "STATE": "Jharkhand", "COUNTY": "Ranchi", "OWNER": null }, "geometry": { "type": "MultiPolygon", "coordinates": [ [ [ [ 85.294, 23.408 ], [ 85.284, 23.398 ], [ 85.288, 23.386 ], [ 85.302, 23.383 ], [ 85.306, 23.371 ], [ 85.32, 23.368 ], [ 85.33, 23.378 ], [ 85.326, 23.391 ], [ 85.335, 23.4 ], [ 85.331, 23.413 ], [ 85.317, 23.415 ], [ 85.313, 23.427 ], [ 85.299, 23.43 ], [ 85.29, 23.42 ], [ 85.294, 23.408 ] ] ] ] } },
{ "type": "Feature", "properties": { "POLYGON.ID": 1133.0, "subregion": "India--Jharkhand--Ranchi--Getalsud Dam", "FILTER": "Jharkhand", "POLYGON": "India--Jharkhand--Ranchi--Getalsud Dam", "STATE": "Jharkhand", "COUNTY": "Ranchi", "OWNER": null }, "geometry": { "type": "MultiPolygon", "coordinates": [ [ [ [ 85.466, 23.401 ], [ 85.48, 23.398 ], [ 85.49, 23.408 ], [ 85.504, 23.405 ], [ 85.513, 23.415 ], [ 85.527, 23.413 ], [ 85.537, 23.423 ], [ 85.551, 23.42 ], [ 85.561, 23.43 ], [ 85.557, 23.442 ], [ 85.566, 23.452 ], [ 85.562, 23.464 ], [ 85.572, 23.474 ], [ 85.568, 23.486 ], [ 85.554, 23.489 ], [ 85.55, 23.501 ], [ 85.536, 23.503 ], [ 85.526, 23.494 ], [ 85.512, 23.496 ], [ 85.503, 23.486 ], [ 85.489, 23.489 ], [ 85.479, 23.479 ], [ 85.465, 23.481 ], [ 85.455, 23.472 ], [ 85.459, 23.459 ], [ 85.45, 23.45 ], [ 85.436, 23.452 ], [ 85.426, 23.442 ], [ 85.43, 23.43 ], [ 85.42, 23.42 ], [ 85.424, 23.408 ], [ 85.415, 23.398 ], [ 85.419, 23.386 ], [ 85.433, 23.383 ], [ 85.442, 23.393 ], [ 85.456, 23.391 ], [ 85.466, 23.401 ] ] ] ] } },
{ "type": "Feature", "properties": { "POLYGON.ID": 1132.0, "subregion": "India--Jharkhand--Ranchi--Dhurwa Dam", "FILTER": "Jharkhand", "POLYGON": "India--Jharkhand--Ranchi--Dhurwa Dam", "STATE": "Jharkhand", "COUNTY": "Ranchi", "OWNER": null }, "geometry": { "type": "MultiPolygon", "coordinates": [ [ [ [ 85.232, 23.28 ], [ 85.236, 23.268 ], [ 85.25, 23.265 ], [ 85.26, 23.275 ], [ 85.274, 23.273 ], [ 85.283, 23.283 ], [ 85.279, 23.295 ], [ 85.289, 23.305 ], [ 85.285, 23.317 ], [ 85.271, 23.319 ], [ 85.267, 23.332 ], [ 85.253, 23.334 ], [ 85.243, 23.324 ], [ 85.247, 23.312 ], [ 85.238, 23.302 ], [ 85.224, 23.305 ], [ 85.214, 23.295 ], [ 85.218, 23.282 ], [ 85.232, 23.28 ] ] ] ] } },
{ "type": "Feature", "properties": { "POLYGON.ID": 1126.0, "subregion": "India--Jharkhand--Hazaribagh--Forests (north)", "FILTER": "Jharkhand", "POLYGON": "India--Jharkhand--Hazaribagh--Forests (north)", "STATE": "Jharkhand", "COUNTY": "Hazaribagh", "OWNER": null }, "geometry": { "type": "MultiPolygon", "coordinates": [ [ [ [ 85.326, 24.401 ], [ 85.336, 24.411 ], [ 85.332, 24.423 ], [ 85.341, 24.432 ], [ 85.337, 24.445 ], [ 85.323, 24.447 ], [ 85.319, 24.459 ], [ 85.329, 24.469 ], [ 85.325, 24.481 ], [ 85.311, 24.483 ], [ 85.307, 24.495 ], [ 85.293, 24.498 ], [ 85.283, 24.488 ], [ 85.269, 24.49 ], [ 85.259, 24.481 ], [ 85.245, 24.483 ], [ 85.236, 24.473 ], [ 85.222, 24.476 ], [ 85.212, 24.466 ], [ 85.198, 24.468 ], [ 85.188, 24.458 ], [ 85.174, 24.461 ], [ 85.165, 24.451 ], [ 85.169, 24.439 ], [ 85.159, 24.429 ], [ 85.163, 24.417 ], [ 85.153, 24.407 ], [ 85.139, 24.41 ], [ 85.129, 24.4 ], [ 85.116, 24.402 ], [ 85.106, 24.392 ], [ 85.11, 24.38 ], [ 85.1, 24.37 ], [ 85.086, 24.373 ], [ 85.076, 24.363 ], [ 85.08, 24.351 ], [ 85.094, 24.349 ], [ 85.099, 24.336 ], [ 85.089, 24.327 ], [ 85.093, 24.315 ], [ 85.107, 24.312 ], [ 85.111, 24.3 ], [ 85.125, 24.298 ], [ 85.135, 24.308 ], [ 85.148, 24.305 ], [ 85.158, 24.315 ], [ 85.154, 24.327 ], [ 85.164, 24.337 ], [ 85.16, 24.349 ], [ 85.17, 24.359 ], [ 85.184, 24.356 ], [ 85.193, 24.366 ], [ 85.207, 24.364 ], [ 85.217, 24.374 ], [ 85.231, 24.371 ], [ 85.241, 24.381 ], [ 85.255, 24.379 ], [ 85.259, 24.366 ], [ 85.273, 24.364 ], [ 85.282, 24.374 ], [ 85.296, 24.372 ], [ 85.306, 24.381 ], [ 85.302, 24.393 ], [ 85.312, 24.403 ], [ 85.326, 24.401 ] ] ] ] } },
{ "type": "Feature", "properties": { "POLYGON.ID": 1125.0, "subregion": "India--Jharkhand--Koderma--Tilaiya Reservoir", "FILTER": "Jharkhand", "POLYGON": "India--Jharkhand--Koderma--Tilaiya Reservoir", "STATE": "Jharkhand", "COUNTY": "Koderma", "OWNER": null }, "geometry": { "type": "MultiPolygon", "coordinates": [ [ [ [ 85.48, 24.294 ], [ 85.494, 24.292 ], [ 85.498, 24.28 ], [ 85.512, 24.278 ], [ 85.522, 24.287 ], [ 85.518, 24.299 ], [ 85.527, 24.309 ], [ 85.541, 24.307 ], [ 85.551, 24.317 ], [ 85.547, 24.329 ], [ 85.533, 24.331 ], [ 85.529, 24.343 ], [ 85.515, 24.346 ], [ 85.505, 24.336 ], [ 85.491, 24.338 ], [ 85.487, 24.35 ], [ 85.473, 24.353 ], [ 85.469, 24.365 ], [ 85.455, 24.367 ], [ 85.451, 24.379 ], [ 85.437, 24.382 ], [ 85.427, 24.372 ], [ 85.413, 24.374 ], [ 85.409, 24.387 ], [ 85.395, 24.389 ], [ 85.386, 24.379 ], [ 85.372, 24.382 ], [ 85.362, 24.372 ], [ 85.366, 24.36 ], [ 85.38, 24.357 ], [ 85.384, 24.345 ], [ 85.374, 24.335 ], [ 85.378, 24.323 ], [ 85.392, 24.321 ], [ 85.396, 24.309 ], [ 85.41, 24.306 ], [ 85.42, 24.316 ], [ 85.434, 24.314 ], [ 85.438, 24.302 ], [ 85.452, 24.299 ], [ 85.456, 24.287 ], [ 85.47, 24.285 ], [ 85.48, 24.294 ] ] ] ] } },
{ "type": "Feature", "properties": { "POLYGON.ID": 1124.0, "subregion": "India--Jharkhand--Koderma--Forests", "FILTER": "Jharkhand", "POLYGON": "India--Jharkhand--Koderma--Forests", "STATE": "Jharkhand", "COUNTY": "Koderma", "OWNER": null }, "geometry": { "type": "MultiPolygon", "coordinates": [ [ [ [ 85.544, 24.455 ], [ 85.558, 24.453 ], [ 85.568, 24.463 ], [ 85.581, 24.46 ], [ 85.591, 24.47 ], [ 85.605, 24.468 ], [ 85.609, 24.455 ], [ 85.623, 24.453 ], [ 85.633, 24.463 ], [ 85.647, 24.46 ], [ 85.657, 24.47 ], [ 85.671, 24.468 ], [ 85.675, 24.456 ], [ 85.689, 24.453 ], [ 85.699, 24.463 ], [ 85.713, 24.461 ], [ 85.717, 24.448 ], [ 85.731, 24.446 ], [ 85.735, 24.434 ], [ 85.749, 24.431 ], [ 85.759, 24.441 ], [ 85.773, 24.439 ], [ 85.777, 24.427 ], [ 85.791, 24.424 ], [ 85.801, 24.434 ], [ 85.815, 24.432 ], [ 85.824, 24.441 ], [ 85.838, 24.439 ], [ 85.848, 24.449 ], [ 85.844, 24.461 ], [ 85.854, 24.47 ], [ 85.85, 24.483 ], [ 85.86, 24.492 ], [ 85.856, 24.505 ], [ 85.842, 24.507 ], [ 85.838, 24.519 ], [ 85.824, 24.522 ], [ 85.82, 24.534 ], [ 85.806, 24.536 ], [ 85.801, 24.548 ], [ 85.787, 24.551 ], [ 85.783, 24.563 ], [ 85.769, 24.565 ], [ 85.765, 24.577 ], [ 85.751, 24.58 ], [ 85.747, 24.592 ], [ 85.757, 24.602 ], [ 85.753, 24.614 ], [ 85.763, 24.623 ], [ 85.777, 24.621 ], [ 85.787, 24.631 ], [ 85.783, 24.643 ], [ 85.792, 24.653 ], [ 85.788, 24.665 ], [ 85.798, 24.674 ], [ 85.812, 24.672 ], [ 85.822, 24.682 ], [ 85.818, 24.694 ], [ 85.828, 24.704 ], [ 85.824, 24.716 ], [ 85.834, 24.726 ], [ 85.848, 24.723 ], [ 85.857, 24.733 ], [ 85.871, 24.73 ], [ 85.881, 24.74 ], [ 85.895, 24.738 ], [ 85.905, 24.747 ], [ 85.901, 24.76 ], [ 85.887, 24.762 ], [ 85.883, 24.774 ], [ 85.869, 24.777 ], [ 85.859, 24.767 ], [ 85.845, 24.769 ], [ 85.841, 24.781 ], [ 85.827, 24.784 ], [ 85.817, 24.774 ], [ 85.803, 24.776 ], [ 85.793, 24.767 ], [ 85.779, 24.769 ], [ 85.775, 24.781 ], [ 85.761, 24.784 ], [ 85.751, 24.774 ], [ 85.737, 24.776 ], [ 85.728, 24.766 ], [ 85.714, 24.769 ], [ 85.704, 24.759 ], [ 85.708, 24.747 ], [ 85.698, 24.737 ], [ 85.702, 24.725 ], [ 85.692, 24.715 ], [ 85.696, 24.703 ], [ 85.686, 24.694 ], [ 85.672, 24.696 ], [ 85.663, 24.686 ], [ 85.667, 24.674 ], [ 85.657, 24.664 ], [ 85.661, 24.652 ], [ 85.675, 24.65 ], [ 85.679, 24.638 ], [ 85.669, 24.628 ], [ 85.673, 24.616 ], [ 85.663, 24.606 ], [ 85.668, 24.594 ], [ 85.658, 24.584 ], [ 85.644, 24.587 ], [ 85.634, 24.577 ], [ 85.62, 24.579 ], [ 85.616, 24.591 ], [ 85.602, 24.594 ], [ 85.598, 24.606 ], [ 85.584, 24.608 ], [ 85.574, 24.599 ], [ 85.578, 24.586 ], [ 85.568, 24.577 ], [ 85.572, 24.565 ], [ 85.563, 24.555 ], [ 85.549, 24.557 ], [ 85.539, 24.547 ], [ 85.543, 24.535 ], [ 85.533, 24.526 ], [ 85.519, 24.528 ], [ 85.515, 24.54 ], [ 85.501, 24.542 ], [ 85.497, 24.555 ], [ 85.483, 24.557 ], [ 85.473, 24.547 ], [ 85.459, 24.55 ], [ 85.449, 24.54 ], [ 85.435, 24.542 ], [ 85.426, 24.532 ], [ 85.412, 24.535 ], [ 85.408, 24.547 ], [ 85.394, 24.549 ], [ 85.384, 24.54 ], [ 85.388, 24.527 ], [ 85.378, 24.518 ], [ 85.364, 24.52 ], [ 85.354, 24.51 ], [ 85.34, 24.513 ], [ 85.336, 24.525 ], [ 85.322, 24.527 ], [ 85.313, 24.517 ], [ 85.299, 24.52 ], [ 85.289, 24.51 ], [ 85.293, 24.498 ], [ 85.307, 24.495 ], [ 85.311, 24.483 ], [ 85.325, 24.481 ], [ 85.329, 24.469 ], [ 85.319, 24.459 ], [ 85.323, 24.447 ], [ 85.337, 24.445 ], [ 85.341, 24.432 ], [ 85.355, 24.43 ], [ 85.365, 24.44 ], [ 85.379, 24.438 ], [ 85.383, 24.425 ], [ 85.397, 24.423 ], [ 85.407, 24.433 ], [ 85.421, 24.43 ], [ 85.431, 24.44 ], [ 85.445, 24.438 ], [ 85.449, 24.426 ], [ 85.463, 24.423 ], [ 85.472, 24.433 ], [ 85.486, 24.431 ], [ 85.496, 24.44 ], [ 85.51, 24.438 ], [ 85.52, 24.448 ], [ 85.534, 24.445 ], [ 85.544, 24.455 ] ] ] ] } },
{ "type": "Feature", "properties": { "POLYGON.ID": 1123.0, "subregion": "India--Jharkhand--Dhanbad--Forests", "FILTER": "Jharkhand", "POLYGON": "India--Jharkhand--Dhanbad--Forests", "STATE": "Jharkhand", "COUNTY": "Dhanbad", "OWNER": null }, "geometry": { "type": "MultiPolygon", "coordinates": [ [ [ [ 86.146, 23.914 ], [ 86.136, 23.905 ], [ 86.122, 23.907 ], [ 86.112, 23.897 ], [ 86.116, 23.885 ], [ 86.13, 23.883 ], [ 86.134, 23.87 ], [ 86.148, 23.868 ], [ 86.152, 23.856 ], [ 86.166, 23.853 ], [ 86.176, 23.863 ], [ 86.19, 23.86 ], [ 86.194, 23.848 ], [ 86.208, 23.846 ], [ 86.218, 23.855 ], [ 86.232, 23.853 ], [ 86.242, 23.863 ], [ 86.256, 23.86 ], [ 86.266, 23.87 ], [ 86.28, 23.867 ], [ 86.29, 23.877 ], [ 86.304, 23.875 ], [ 86.314, 23.884 ], [ 86.327, 23.882 ], [ 86.337, 23.892 ], [ 86.351, 23.889 ], [ 86.361, 23.899 ], [ 86.375, 23.897 ], [ 86.385, 23.906 ], [ 86.399, 23.904 ], [ 86.409, 23.914 ], [ 86.423, 23.911 ], [ 86.433, 23.921 ], [ 86.447, 23.918 ], [ 86.451, 23.906 ], [ 86.465, 23.904 ], [ 86.475, 23.913 ], [ 86.489, 23.911 ], [ 86.493, 23.898 ], [ 86.507, 23.896 ], [ 86.517, 23.906 ], [ 86.531, 23.903 ], [ 86.535, 23.891 ], [ 86.549, 23.888 ], [ 86.553, 23.876 ], [ 86.567, 23.874 ], [ 86.577, 23.883 ], [ 86.591, 23.881 ], [ 86.601, 23.891 ], [ 86.597, 23.903 ], [ 86.607, 23.913 ], [ 86.602, 23.925 ], [ 86.588, 23.927 ], [ 86.584, 23.94 ], [ 86.57, 23.942 ], [ 86.566, 23.954 ], [ 86.552, 23.957 ], [ 86.542, 23.947 ], [ 86.528, 23.95 ], [ 86.524, 23.962 ], [ 86.51, 23.965 ], [ 86.506, 23.977 ], [ 86.492, 23.979 ], [ 86.482, 23.97 ], [ 86.468, 23.972 ], [ 86.464, 23.984 ], [ 86.45, 23.987 ], [ 86.446, 23.999 ], [ 86.432, 24.002 ], [ 86.422, 23.992 ], [ 86.408, 23.994 ], [ 86.404, 24.007 ], [ 86.39, 24.009 ], [ 86.38, 23.999 ], [ 86.366, 24.002 ], [ 86.362, 24.014 ], [ 86.348, 24.016 ], [ 86.338, 24.007 ], [ 86.324, 24.009 ], [ 86.315, 23.999 ], [ 86.319, 23.987 ], [ 86.309, 23.977 ], [ 86.313, 23.965 ], [ 86.303, 23.955 ], [ 86.307, 23.943 ], [ 86.297, 23.933 ], [ 86.283, 23.936 ], [ 86.279, 23.948 ], [ 86.265, 23.951 ], [ 86.255, 23.941 ], [ 86.241, 23.943 ], [ 86.231, 23.934 ], [ 86.217, 23.936 ], [ 86.213, 23.948 ], [ 86.199, 23.951 ], [ 86.19, 23.941 ], [ 86.176, 23.944 ], [ 86.166, 23.934 ], [ 86.152, 23.936 ], [ 86.142, 23.927 ], [ 86.146, 23.914 ] ] ] ] } },
{ "type": "Feature", "properties": { "POLYGON.ID": 1122.0, "subregion": "India--Jharkhand--Giridih--Forests (south)", "FILTER": "Jharkhand", "POLYGON": "India--Jharkhand--Giridih--Forests (south)", "STATE": "Jharkhand", "COUNTY": "Giridih", "OWNER": null }, "geometry": { "type": "MultiPolygon", "coordinates": [ [ [ [ 85.704, 24.176 ], [ 85.69, 24.178 ], [ 85.68, 24.168 ], [ 85.684, 24.156 ], [ 85.674, 24.146 ], [ 85.678, 24.134 ], [ 85.692, 24.132 ], [ 85.696, 24.12 ], [ 85.71, 24.117 ], [ 85.714, 24.105 ], [ 85.705, 24.095 ], [ 85.709, 24.083 ], [ 85.699, 24.073 ], [ 85.703, 24.061 ], [ 85.717, 24.059 ], [ 85.721, 24.046 ], [ 85.735, 24.044 ], [ 85.739, 24.032 ], [ 85.753, 24.029 ], [ 85.763, 24.039 ], [ 85.777, 24.037 ], [ 85.781, 24.025 ], [ 85.795, 24.022 ], [ 85.805, 24.032 ], [ 85.819, 24.029 ], [ 85.823, 24.017 ], [ 85.837, 24.015 ], [ 85.841, 24.003 ], [ 85.855, 24.0 ], [ 85.859, 23.988 ], [ 85.873, 23.985 ], [ 85.877, 23.973 ], [ 85.891, 23.971 ], [ 85.895, 23.959 ], [ 85.909, 23.956 ], [ 85.913, 23.944 ], [ 85.927, 23.941 ], [ 85.931, 23.929 ], [ 85.945, 23.927 ], [ 85.949, 23.915 ], [ 85.963, 23.912 ], [ 85.967, 23.9 ], [ 85.981, 23.897 ], [ 85.991, 23.907 ], [ 86.005, 23.905 ], [ 86.015, 23.915 ], [ 86.029, 23.912 ], [ 86.033, 23.9 ], [ 86.047, 23.897 ], [ 86.056, 23.907 ], [ 86.07, 23.905 ], [ 86.074, 23.892 ], [ 86.088, 23.89 ], [ 86.098, 23.9 ], [ 86.112, 23.897 ], [ 86.122, 23.907 ], [ 86.136, 23.905 ], [ 86.146, 23.914 ], [ 86.142, 23.927 ], [ 86.152, 23.936 ], [ 86.166, 23.934 ], [ 86.176, 23.944 ], [ 86.19, 23.941 ], [ 86.199, 23.951 ], [ 86.213, 23.948 ], [ 86.217, 23.936 ], [ 86.231, 23.934 ], [ 86.241, 23.943 ], [ 86.255, 23.941 ], [ 86.265, 23.951 ], [ 86.279, 23.948 ], [ 86.283, 23.936 ], [ 86.297, 23.933 ], [ 86.307, 23.943 ], [ 86.303, 23.955 ], [ 86.313, 23.965 ], [ 86.309, 23.977 ], [ 86.319, 23.987 ], [ 86.315, 23.999 ], [ 86.324, 24.009 ], [ 86.338, 24.007 ], [ 86.348, 24.016 ], [ 86.344, 24.029 ], [ 86.354, 24.038 ], [ 86.35, 24.051 ], [ 86.36, 24.06 ], [ 86.374, 24.058 ], [ 86.378, 24.046 ], [ 86.392, 24.043 ], [ 86.402, 24.053 ], [ 86.398, 24.065 ], [ 86.408, 24.075 ], [ 86.404, 24.087 ], [ 86.39, 24.09 ], [ 86.386, 24.102 ], [ 86.372, 24.104 ], [ 86.367, 24.117 ], [ 86.353, 24.119 ], [ 86.349, 24.131 ], [ 86.359, 24.141 ], [ 86.355, 24.153 ], [ 86.341, 24.156 ], [ 86.337, 24.168 ], [ 86.323, 24.17 ], [ 86.319, 24.183 ], [ 86.305, 24.185 ], [ 86.301, 24.197 ], [ 86.287, 24.2 ], [ 86.283, 24.212 ], [ 86.269, 24.215 ], [ 86.259, 24.205 ], [ 86.245, 24.207 ], [ 86.241, 24.219 ], [ 86.251, 24.229 ], [ 86.247, 24.241 ], [ 86.233, 24.244 ], [ 86.223, 24.234 ], [ 86.209, 24.237 ], [ 86.199, 24.227 ], [ 86.185, 24.229 ], [ 86.181, 24.242 ], [ 86.167, 24.244 ], [ 86.157, 24.234 ], [ 86.143, 24.237 ], [ 86.133, 24.227 ], [ 86.119, 24.229 ], [ 86.109, 24.22 ], [ 86.095, 24.222 ], [ 86.086, 24.212 ], [ 86.09, 24.2 ], [ 86.08, 24.19 ], [ 86.084, 24.178 ], [ 86.074, 24.168 ], [ 86.06, 24.171 ], [ 86.056, 24.183 ], [ 86.042, 24.186 ], [ 86.032, 24.176 ], [ 86.018, 24.178 ], [ 86.014, 24.19 ], [ 86.0, 24.193 ], [ 85.99, 24.183 ], [ 85.976, 24.186 ], [ 85.966, 24.176 ], [ 85.97, 24.164 ], [ 85.961, 24.154 ], [ 85.965, 24.142 ], [ 85.955, 24.132 ], [ 85.959, 24.12 ], [ 85.949, 24.11 ], [ 85.935, 24.112 ], [ 85.925, 24.103 ], [ 85.911, 24.105 ], [ 85.901, 24.095 ], [ 85.887, 24.098 ], [ 85.883, 24.11 ], [ 85.869, 24.112 ], [ 85.865, 24.125 ], [ 85.851, 24.127 ], [ 85.847, 24.139 ], [ 85.857, 24.149 ], [ 85.853, 24.161 ], [ 85.839, 24.164 ], [ 85.835, 24.176 ], [ 85.845, 24.186 ], [ 85.841, 24.198 ], [ 85.827, 24.2 ], [ 85.823, 24.212 ], [ 85.809, 24.215 ], [ 85.799, 24.205 ], [ 85.785, 24.207 ], [ 85.781, 24.22 ], [ 85.767, 24.222 ], [ 85.757, 24.212 ], [ 85.743, 24.215 ], [ 85.733, 24.205 ], [ 85.719, 24.207 ], [ 85.709, 24.198 ], [ 85.714, 24.185 ], [ 85.704, 24.176 ] ] ] ] } },
{ "type": "Feature", "properties": { "POLYGON.ID": 1121.0, "subregion": "India--Jharkhand--Giridih--Forests (east)", "FILTER": "Jharkhand", "POLYGON": "India--Jharkhand--Giridih--Forests (east)", "STATE": "Jharkhand", "COUNTY": "Giridih", "OWNER": null }, "geometry": { "type": "MultiPolygon", "coordinates": [ [ [ [ 86.432, 24.278 ], [ 86.442, 24.287 ], [ 86.456, 24.285 ], [ 86.466, 24.295 ], [ 86.462, 24.307 ], [ 86.472, 24.317 ], [ 86.468, 24.329 ], [ 86.454, 24.331 ], [ 86.45, 24.343 ], [ 86.459, 24.353 ], [ 86.455, 24.365 ], [ 86.441, 24.368 ], [ 86.437, 24.38 ], [ 86.423, 24.382 ], [ 86.419, 24.395 ], [ 86.405, 24.397 ], [ 86.401, 24.409 ], [ 86.387, 24.412 ], [ 86.383, 24.424 ], [ 86.369, 24.426 ], [ 86.359, 24.417 ], [ 86.345, 24.419 ], [ 86.335, 24.41 ], [ 86.321, 24.412 ], [ 86.311, 24.402 ], [ 86.315, 24.39 ], [ 86.329, 24.388 ], [ 86.333, 24.375 ], [ 86.347, 24.373 ], [ 86.352, 24.361 ], [ 86.366, 24.358 ], [ 86.37, 24.346 ], [ 86.36, 24.336 ], [ 86.364, 24.324 ], [ 86.354, 24.314 ], [ 86.358, 24.302 ], [ 86.372, 24.3 ], [ 86.376, 24.288 ], [ 86.39, 24.285 ], [ 86.394, 24.273 ], [ 86.408, 24.27 ], [ 86.418, 24.28 ], [ 86.432, 24.278 ] ] ] ] } },
{ "type": "Feature", "properties": { "POLYGON.ID": 1127.0, "subregion": "India--Jharkhand--Bokaro--Forests (north)", "FILTER": "Jharkhand", "POLYGON": "India--Jharkhand--Bokaro--Forests (north)", "STATE": "Jharkhand", "COUNTY": "Bokaro", "OWNER": null }, "geometry": { "type": "MultiPolygon", "coordinates": [ [ [ [ 85.534, 23.861 ], [ 85.538, 23.848 ], [ 85.529, 23.839 ], [ 85.533, 23.826 ], [ 85.547, 23.824 ], [ 85.551, 23.812 ], [ 85.565, 23.809 ], [ 85.569, 23.797 ], [ 85.583, 23.795 ], [ 85.587, 23.783 ], [ 85.601, 23.78 ], [ 85.605, 23.768 ], [ 85.619, 23.765 ], [ 85.623, 23.753 ], [ 85.637, 23.751 ], [ 85.641, 23.739 ], [ 85.655, 23.736 ], [ 85.664, 23.746 ], [ 85.678, 23.743 ], [ 85.682, 23.731 ], [ 85.696, 23.729 ], [ 85.706, 23.739 ], [ 85.72, 23.736 ], [ 85.724, 23.724 ], [ 85.738, 23.721 ], [ 85.748, 23.731 ], [ 85.744, 23.743 ], [ 85.754, 23.753 ], [ 85.75, 23.766 ], [ 85.759, 23.775 ], [ 85.773, 23.773 ], [ 85.783, 23.783 ], [ 85.797, 23.78 ], [ 85.807, 23.79 ], [ 85.803, 23.802 ], [ 85.813, 23.812 ], [ 85.827, 23.81 ], [ 85.837, 23.819 ], [ 85.832, 23.832 ], [ 85.818, 23.834 ], [ 85.814, 23.846 ], [ 85.8, 23.849 ], [ 85.796, 23.861 ], [ 85.806, 23.871 ], [ 85.802, 23.883 ], [ 85.788, 23.885 ], [ 85.784, 23.898 ], [ 85.77, 23.9 ], [ 85.766, 23.912 ], [ 85.752, 23.915 ], [ 85.742, 23.905 ], [ 85.728, 23.907 ], [ 85.719, 23.898 ], [ 85.705, 23.9 ], [ 85.7, 23.912 ], [ 85.687, 23.915 ], [ 85.682, 23.927 ], [ 85.692, 23.937 ], [ 85.688, 23.949 ], [ 85.698, 23.959 ], [ 85.694, 23.971 ], [ 85.68, 23.973 ], [ 85.67, 23.963 ], [ 85.656, 23.966 ], [ 85.652, 23.978 ], [ 85.638, 23.98 ], [ 85.628, 23.971 ], [ 85.614, 23.973 ], [ 85.605, 23.963 ], [ 85.591, 23.966 ], [ 85.581, 23.956 ], [ 85.585, 23.944 ], [ 85.575, 23.934 ], [ 85.579, 23.922 ], [ 85.569, 23.912 ], [ 85.574, 23.9 ], [ 85.564, 23.89 ], [ 85.568, 23.878 ], [ 85.558, 23.868 ], [ 85.544, 23.87 ], [ 85.534, 23.861 ] ] ] ] } },
{ "type": "Feature", "properties": { "POLYGON.ID": 1128.0, "subregion": "India--Jharkhand--Hazaribagh--Konar Dam", "FILTER": "Jharkhand", "POLYGON": "India--Jharkhand--Hazaribagh--Konar Dam", "STATE": "Jharkhand", "COUNTY": "Hazaribagh", "OWNER": null }, "geometry": { "type": "MultiPolygon", "coordinates": [ [ [ [ 85.687, 23.915 ], [ 85.7, 23.912 ], [ 85.705, 23.9 ], [ 85.719, 23.898 ], [ 85.728, 23.907 ], [ 85.742, 23.905 ], [ 85.752, 23.915 ], [ 85.766, 23.912 ], [ 85.776, 23.922 ], [ 85.79, 23.92 ], [ 85.8, 23.929 ], [ 85.796, 23.942 ], [ 85.782, 23.944 ], [ 85.778, 23.956 ], [ 85.787, 23.966 ], [ 85.783, 23.978 ], [ 85.769, 23.981 ], [ 85.765, 23.993 ], [ 85.751, 23.995 ], [ 85.741, 23.985 ], [ 85.728, 23.988 ], [ 85.718, 23.978 ], [ 85.722, 23.966 ], [ 85.712, 23.956 ], [ 85.698, 23.959 ], [ 85.688, 23.949 ], [ 85.692, 23.937 ], [ 85.682, 23.927 ], [ 85.687, 23.915 ] ] ] ] } },
{ "type": "Feature", "properties": { "POLYGON.ID": 1129.0, "subregion": "India--Jharkhand--Bokaro--Tenughat Reservoir", "FILTER": "Jharkhand", "POLYGON": "India--Jharkhand--Bokaro--Tenughat Reservoir", "STATE": "Jharkhand", "COUNTY": "Bokaro", "OWNER": null }, "geometry": { "type": "MultiPolygon", "coordinates": [ [ [ [ 85.802, 23.687 ], [ 85.816, 23.685 ], [ 85.826, 23.695 ], [ 85.84, 23.692 ], [ 85.85, 23.702 ], [ 85.845, 23.714 ], [ 85.855, 23.724 ], [ 85.851, 23.736 ], [ 85.861, 23.746 ], [ 85.857, 23.758 ], [ 85.843, 23.761 ], [ 85.839, 23.773 ], [ 85.825, 23.775 ], [ 85.821, 23.788 ], [ 85.807, 23.79 ], [ 85.797, 23.78 ], [ 85.783, 23.783 ], [ 85.773, 23.773 ], [ 85.759, 23.775 ], [ 85.75, 23.766 ], [ 85.754, 23.753 ], [ 85.744, 23.743 ], [ 85.748, 23.731 ], [ 85.738, 23.721 ], [ 85.742, 23.709 ], [ 85.732, 23.699 ], [ 85.737, 23.687 ], [ 85.75, 23.685 ], [ 85.755, 23.673 ], [ 85.768, 23.67 ], [ 85.778, 23.68 ], [ 85.792, 23.677 ], [ 85.802, 23.687 ] ] ] ] } },
{ "type": "Feature", "properties": { "POLYGON.ID": 1130.0, "subregion": "India--Jharkhand--Lohardaga--Plains", "FILTER": "Jharkhand", "POLYGON": "India--Jharkhand--Lohardaga--Plains", "STATE": "Jharkhand", "COUNTY": "Lohardaga", "OWNER": null }, "geometry": { "type": "MultiPolygon", "coordinates": [ [ [ [ 84.729, 23.574 ], [ 84.719, 23.564 ], [ 84.705, 23.567 ], [ 84.696, 23.557 ], [ 84.682, 23.559 ], [ 84.672, 23.549 ], [ 84.676, 23.537 ], [ 84.666, 23.527 ], [ 84.653, 23.53 ], [ 84.643, 23.52 ], [ 84.647, 23.508 ], [ 84.637, 23.498 ], [ 84.641, 23.486 ], [ 84.632, 23.476 ], [ 84.636, 23.464 ], [ 84.626, 23.454 ], [ 84.612, 23.456 ], [ 84.602, 23.446 ], [ 84.589, 23.449 ], [ 84.579, 23.439 ], [ 84.583, 23.427 ], [ 84.573, 23.417 ], [ 84.577, 23.405 ], [ 84.591, 23.402 ], [ 84.595, 23.39 ], [ 84.586, 23.38 ], [ 84.59, 23.368 ], [ 84.58, 23.358 ], [ 84.566, 23.361 ], [ 84.557, 23.351 ], [ 84.561, 23.339 ], [ 84.551, 23.329 ], [ 84.537, 23.331 ], [ 84.527, 23.321 ], [ 84.532, 23.309 ], [ 84.545, 23.307 ], [ 84.549, 23.294 ], [ 84.563, 23.292 ], [ 84.567, 23.28 ], [ 84.581, 23.278 ], [ 84.585, 23.265 ], [ 84.599, 23.263 ], [ 84.609, 23.273 ], [ 84.623, 23.27 ], [ 84.632, 23.28 ], [ 84.646, 23.278 ], [ 84.656, 23.288 ], [ 84.67, 23.285 ], [ 84.674, 23.273 ], [ 84.688, 23.271 ], [ 84.697, 23.281 ], [ 84.711, 23.278 ], [ 84.721, 23.288 ], [ 84.735, 23.286 ], [ 84.739, 23.273 ], [ 84.753, 23.271 ], [ 84.757, 23.259 ], [ 84.771, 23.256 ], [ 84.78, 23.266 ], [ 84.794, 23.264 ], [ 84.804, 23.274 ], [ 84.818, 23.271 ], [ 84.827, 23.281 ], [ 84.841, 23.279 ], [ 84.851, 23.289 ], [ 84.865, 23.286 ], [ 84.874, 23.296 ], [ 84.888, 23.294 ], [ 84.898, 23.304 ], [ 84.894, 23.316 ], [ 84.904, 23.326 ], [ 84.9, 23.338 ], [ 84.909, 23.348 ], [ 84.905, 23.36 ], [ 84.891, 23.362 ], [ 84.887, 23.375 ], [ 84.897, 23.384 ], [ 84.893, 23.397 ], [ 84.903, 23.406 ], [ 84.899, 23.419 ], [ 84.885, 23.421 ], [ 84.881, 23.433 ], [ 84.89, 23.443 ], [ 84.886, 23.455 ], [ 84.896, 23.465 ], [ 84.91, 23.463 ], [ 84.92, 23.473 ], [ 84.915, 23.485 ], [ 84.925, 23.495 ], [ 84.921, 23.507 ], [ 84.907, 23.509 ], [ 84.903, 23.521 ], [ 84.889, 23.524 ], [ 84.885, 23.536 ], [ 84.871, 23.538 ], [ 84.862, 23.529 ], [ 84.848, 23.531 ], [ 84.844, 23.543 ], [ 84.83, 23.545 ], [ 84.82, 23.536 ], [ 84.806, 23.538 ], [ 84.802, 23.55 ], [ 84.788, 23.553 ], [ 84.779, 23.543 ], [ 84.765, 23.545 ], [ 84.761, 23.557 ], [ 84.747, 23.56 ], [ 84.743, 23.572 ], [ 84.729, 23.574 ] ] ] ] } },
{ "type": "Feature", "properties": { "POLYGON.ID": 1131.0, "subregion": "India--Jharkhand--Gumla--Plains", "FILTER": "Jharkhand", "POLYGON": "India--Jharkhand--Gumla--Plains", "STATE": "Jharkhand", "COUNTY": "Gumla", "OWNER": null }, "geometry": { "type": "MultiPolygon", "coordinates": [ [ [ [ 84.774, 23.014 ], [ 84.783, 23.024 ], [ 84.779, 23.036 ], [ 84.766, 23.038 ], [ 84.761, 23.051 ], [ 84.748, 23.053 ], [ 84.744, 23.065 ], [ 84.73, 23.068 ], [ 84.726, 23.08 ], [ 84.712, 23.082 ], [ 84.708, 23.094 ], [ 84.717, 23.104 ], [ 84.713, 23.117 ], [ 84.723, 23.126 ], [ 84.737, 23.124 ], [ 84.747, 23.134 ], [ 84.76, 23.131 ], [ 84.77, 23.141 ], [ 84.784, 23.139 ], [ 84.794, 23.149 ], [ 84.807, 23.146 ], [ 84.817, 23.156 ], [ 84.831, 23.154 ], [ 84.841, 23.164 ], [ 84.855, 23.161 ], [ 84.864, 23.171 ], [ 84.878, 23.169 ], [ 84.888, 23.179 ], [ 84.902, 23.176 ], [ 84.911, 23.186 ], [ 84.925, 23.184 ], [ 84.935, 23.193 ], [ 84.949, 23.191 ], [ 84.959, 23.201 ], [ 84.954, 23.213 ], [ 84.964, 23.223 ], [ 84.96, 23.235 ], [ 84.946, 23.238 ], [ 84.942, 23.25 ], [ 84.928, 23.252 ], [ 84.924, 23.264 ], [ 84.91, 23.267 ], [ 84.906, 23.279 ], [ 84.892, 23.282 ], [ 84.888, 23.294 ], [ 84.874, 23.296 ], [ 84.865, 23.286 ], [ 84.851, 23.289 ], [ 84.841, 23.279 ], [ 84.827, 23.281 ], [ 84.818, 23.271 ], [ 84.804, 23.274 ], [ 84.794, 23.264 ], [ 84.78, 23.266 ], [ 84.771, 23.256 ], [ 84.757, 23.259 ], [ 84.753, 23.271 ], [ 84.739, 23.273 ], [ 84.735, 23.286 ], [ 84.721, 23.288 ], [ 84.711, 23.278 ], [ 84.697, 23.281 ], [ 84.688, 23.271 ], [ 84.674, 23.273 ], [ 84.67, 23.285 ], [ 84.656, 23.288 ], [ 84.646, 23.278 ], [ 84.632, 23.28 ], [ 84.623, 23.27 ], [ 84.609, 23.273 ], [ 84.599, 23.263 ], [ 84.585, 23.265 ], [ 84.581, 23.278 ], [ 84.567, 23.28 ], [ 84.563, 23.292 ], [ 84.549, 23.294 ], [ 84.545, 23.307 ], [ 84.532, 23.309 ], [ 84.527, 23.321 ], [ 84.514, 23.324 ], [ 84.504, 23.314 ], [ 84.49, 23.316 ], [ 84.48, 23.306 ], [ 84.485, 23.294 ], [ 84.475, 23.284 ], [ 84.479, 23.272 ], [ 84.469, 23.262 ], [ 84.455, 23.264 ], [ 84.446, 23.255 ], [ 84.45, 23.242 ], [ 84.44, 23.233 ], [ 84.444, 23.22 ], [ 84.458, 23.218 ], [ 84.462, 23.206 ], [ 84.453, 23.196 ], [ 84.457, 23.184 ], [ 84.47, 23.181 ], [ 84.475, 23.169 ], [ 84.465, 23.159 ], [ 84.469, 23.147 ], [ 84.483, 23.145 ], [ 84.487, 23.133 ], [ 84.477, 23.123 ], [ 84.481, 23.11 ], [ 84.495, 23.108 ], [ 84.499, 23.096 ], [ 84.513, 23.093 ], [ 84.517, 23.081 ], [ 84.507, 23.071 ], [ 84.512, 23.059 ], [ 84.525, 23.057 ], [ 84.529, 23.045 ], [ 84.52, 23.035 ], [ 84.524, 23.022 ], [ 84.538, 23.02 ], [ 84.542, 23.008 ], [ 84.532, 22.998 ], [ 84.536, 22.986 ], [ 84.55, 22.983 ], [ 84.554, 22.971 ], [ 84.568, 22.969 ], [ 84.572, 22.956 ], [ 84.586, 22.954 ], [ 84.59, 22.942 ], [ 84.604, 22.939 ], [ 84.608, 22.927 ], [ 84.622, 22.925 ], [ 84.626, 22.913 ], [ 84.616, 22.903 ], [ 84.62, 22.89 ], [ 84.634, 22.888 ], [ 84.643, 22.898 ], [ 84.657, 22.895 ], [ 84.667, 22.905 ], [ 84.663, 22.918 ], [ 84.673, 22.927 ], [ 84.686, 22.925 ], [ 84.696, 22.935 ], [ 84.71, 22.933 ], [ 84.72, 22.942 ], [ 84.733, 22.94 ], [ 84.743, 22.95 ], [ 84.739, 22.962 ], [ 84.749, 22.972 ], [ 84.763, 22.97 ], [ 84.772, 22.979 ], [ 84.768, 22.992 ], [ 84.778, 23.002 ], [ 84.774, 23.014 ] ] ] ] } }
]
}
