{
"type": "FeatureCollection",
"name": "Karnataka",
"crs": { "type": "name", "properties": { "name": "urn:ogc:def:crs:OGC:1.3:CRS84" } },
"features": [
{ "type": "Feature", "properties": { "POLYGON.ID": 39.0, "subregion": "India--Karnataka--Hassan, Chikmagalur and Shimoga_CL26738", "FILTER": "Karnataka", "POLYGON": "India--Karnataka--Hassan, Chikmagalur and Shimoga_CL26738", "COUNTY": "Moga", "STATE": "Karnataka", "OWNER": null }, "geometry": { "type": "MultiPolygon", "coordinates": [ [ [ [ 75.269, 14.514 ], [ 75.265, 14.526 ], [ 75.274, 14.536 ], [ 75.286, 14.533 ], [ 75.294, 14.543 ], [ 75.29, 14.556 ], [ 75.278, 14.558 ], [ 75.274, 14.57 ], [ 75.262, 14.572 ], [ 75.258, 14.584 ], [ 75.245, 14.587 ], [ 75.237, 14.577 ], [ 75.241, 14.565 ], [ 75.233, 14.555 ], [ 75.22, 14.557 ], [ 75.216, 14.569 ], [ 75.204, 14.571 ], [ 75.2, 14.584 ], [ 75.188, 14.586 ], [ 75.184, 14.598 ], [ 75.192, 14.608 ], [ 75.204, 14.606 ], [ 75.213, 14.616 ], [ 75.209, 14.628 ], [ 75.196, 14.63 ], [ 75.188, 14.62 ], [ 75.176, 14.622 ], [ 75.172, 14.635 ], [ 75.159, 14.637 ], [ 75.151, 14.627 ], [ 75.139, 14.629 ], [ 75.135, 14.641 ], [ 75.122, 14.644 ], [ 75.114, 14.634 ], [ 75.118, 14.621 ], [ 75.11, 14.612 ], [ 75.114, 14.599 ], [ 75.105, 14.589 ], [ 75.093, 14.592 ], [ 75.085, 14.582 ], [ 75.089, 14.57 ], [ 75.081, 14.56 ], [ 75.085, 14.547 ], [ 75.076, 14.537 ], [ 75.064, 14.54 ], [ 75.056, 14.53 ], [ 75.06, 14.518 ], [ 75.051, 14.508 ], [ 75.039, 14.51 ], [ 75.031, 14.5 ], [ 75.035, 14.488 ], [ 75.047, 14.486 ], [ 75.055, 14.496 ], [ 75.068, 14.493 ], [ 75.072, 14.481 ], [ 75.084, 14.479 ], [ 75.088, 14.467 ], [ 75.1, 14.464 ], [ 75.104, 14.452 ], [ 75.096, 14.442 ], [ 75.1, 14.43 ], [ 75.112, 14.428 ], [ 75.116, 14.416 ], [ 75.108, 14.406 ], [ 75.096, 14.408 ], [ 75.087, 14.398 ], [ 75.091, 14.386 ], [ 75.104, 14.384 ], [ 75.108, 14.371 ], [ 75.099, 14.361 ], [ 75.103, 14.349 ], [ 75.116, 14.347 ], [ 75.12, 14.335 ], [ 75.132, 14.333 ], [ 75.136, 14.32 ], [ 75.148, 14.318 ], [ 75.152, 14.306 ], [ 75.165, 14.304 ], [ 75.173, 14.314 ], [ 75.185, 14.311 ], [ 75.194, 14.321 ], [ 75.206, 14.319 ], [ 75.21, 14.307 ], [ 75.222, 14.304 ], [ 75.226, 14.292 ], [ 75.218, 14.282 ], [ 75.222, 14.27 ], [ 75.214, 14.26 ], [ 75.218, 14.248 ], [ 75.209, 14.238 ], [ 75.213, 14.226 ], [ 75.226, 14.224 ], [ 75.23, 14.211 ], [ 75.242, 14.209 ], [ 75.246, 14.197 ], [ 75.238, 14.187 ], [ 75.225, 14.189 ], [ 75.217, 14.179 ], [ 75.205, 14.182 ], [ 75.196, 14.172 ], [ 75.2, 14.159 ], [ 75.213, 14.157 ], [ 75.217, 14.145 ], [ 75.208, 14.135 ], [ 75.212, 14.123 ], [ 75.225, 14.12 ], [ 75.233, 14.13 ], [ 75.245, 14.128 ], [ 75.254, 14.138 ], [ 75.266, 14.136 ], [ 75.274, 14.146 ], [ 75.287, 14.143 ], [ 75.295, 14.153 ], [ 75.307, 14.151 ], [ 75.315, 14.161 ], [ 75.328, 14.159 ], [ 75.332, 14.146 ], [ 75.344, 14.144 ], [ 75.352, 14.154 ], [ 75.365, 14.152 ], [ 75.373, 14.162 ], [ 75.385, 14.159 ], [ 75.394, 14.169 ], [ 75.406, 14.167 ], [ 75.41, 14.155 ], [ 75.422, 14.152 ], [ 75.431, 14.162 ], [ 75.443, 14.16 ], [ 75.451, 14.17 ], [ 75.464, 14.168 ], [ 75.472, 14.178 ], [ 75.468, 14.19 ], [ 75.456, 14.192 ], [ 75.452, 14.204 ], [ 75.46, 14.214 ], [ 75.472, 14.212 ], [ 75.481, 14.222 ], [ 75.493, 14.22 ], [ 75.497, 14.207 ], [ 75.51, 14.205 ], [ 75.518, 14.215 ], [ 75.53, 14.213 ], [ 75.539, 14.223 ], [ 75.535, 14.235 ], [ 75.522, 14.237 ], [ 75.518, 14.249 ], [ 75.527, 14.259 ], [ 75.523, 14.272 ], [ 75.531, 14.282 ], [ 75.527, 14.294 ], [ 75.515, 14.296 ], [ 75.511, 14.308 ], [ 75.498, 14.311 ], [ 75.494, 14.323 ], [ 75.503, 14.333 ], [ 75.499, 14.345 ], [ 75.486, 14.347 ], [ 75.478, 14.337 ], [ 75.482, 14.325 ], [ 75.473, 14.315 ], [ 75.461, 14.317 ], [ 75.457, 14.33 ], [ 75.445, 14.332 ], [ 75.441, 14.344 ], [ 75.428, 14.347 ], [ 75.424, 14.359 ], [ 75.412, 14.361 ], [ 75.404, 14.351 ], [ 75.391, 14.353 ], [ 75.387, 14.366 ], [ 75.375, 14.368 ], [ 75.371, 14.38 ], [ 75.359, 14.382 ], [ 75.355, 14.395 ], [ 75.363, 14.405 ], [ 75.375, 14.402 ], [ 75.384, 14.412 ], [ 75.38, 14.424 ], [ 75.367, 14.427 ], [ 75.363, 14.439 ], [ 75.351, 14.441 ], [ 75.347, 14.453 ], [ 75.335, 14.456 ], [ 75.331, 14.468 ], [ 75.339, 14.478 ], [ 75.335, 14.49 ], [ 75.323, 14.492 ], [ 75.319, 14.504 ], [ 75.306, 14.507 ], [ 75.302, 14.519 ], [ 75.29, 14.521 ], [ 75.282, 14.511 ], [ 75.269, 14.514 ] ] ], [ [ [ 75.905, 13.347 ], [ 75.918, 13.344 ], [ 75.926, 13.354 ], [ 75.938, 13.352 ], [ 75.947, 13.362 ], [ 75.959, 13.359 ], [ 75.963, 13.347 ], [ 75.975, 13.344 ], [ 75.979, 13.332 ], [ 75.971, 13.322 ], [ 75.975, 13.31 ], [ 75.967, 13.3 ], [ 75.954, 13.302 ], [ 75.946, 13.292 ], [ 75.95, 13.28 ], [ 75.942, 13.27 ], [ 75.929, 13.273 ], [ 75.925, 13.285 ], [ 75.913, 13.287 ], [ 75.904, 13.277 ], [ 75.892, 13.28 ], [ 75.884, 13.27 ], [ 75.871, 13.272 ], [ 75.867, 13.285 ], [ 75.855, 13.287 ], [ 75.851, 13.299 ], [ 75.839, 13.302 ], [ 75.835, 13.314 ], [ 75.822, 13.316 ], [ 75.818, 13.329 ], [ 75.806, 13.331 ], [ 75.802, 13.344 ], [ 75.79, 13.346 ], [ 75.781, 13.336 ], [ 75.769, 13.338 ], [ 75.76, 13.328 ], [ 75.748, 13.331 ], [ 75.74, 13.321 ], [ 75.744, 13.309 ], [ 75.735, 13.299 ], [ 75.739, 13.286 ], [ 75.752, 13.284 ], [ 75.756, 13.272 ], [ 75.747, 13.262 ], [ 75.751, 13.25 ], [ 75.743, 13.24 ], [ 75.747, 13.227 ], [ 75.759, 13.225 ], [ 75.763, 13.213 ], [ 75.776, 13.21 ], [ 75.78, 13.198 ], [ 75.771, 13.188 ], [ 75.775, 13.176 ], [ 75.788, 13.173 ], [ 75.792, 13.161 ], [ 75.804, 13.159 ], [ 75.808, 13.146 ], [ 75.82, 13.144 ], [ 75.824, 13.131 ], [ 75.837, 13.129 ], [ 75.841, 13.117 ], [ 75.853, 13.114 ], [ 75.857, 13.102 ], [ 75.849, 13.092 ], [ 75.853, 13.08 ], [ 75.865, 13.077 ], [ 75.869, 13.065 ], [ 75.881, 13.063 ], [ 75.885, 13.05 ], [ 75.898, 13.048 ], [ 75.902, 13.036 ], [ 75.893, 13.026 ], [ 75.897, 13.013 ], [ 75.91, 13.011 ], [ 75.914, 12.999 ], [ 75.905, 12.989 ], [ 75.893, 12.991 ], [ 75.885, 12.981 ], [ 75.889, 12.969 ], [ 75.88, 12.959 ], [ 75.884, 12.947 ], [ 75.897, 12.944 ], [ 75.901, 12.932 ], [ 75.913, 12.929 ], [ 75.917, 12.917 ], [ 75.929, 12.915 ], [ 75.933, 12.902 ], [ 75.946, 12.9 ], [ 75.95, 12.887 ], [ 75.962, 12.885 ], [ 75.966, 12.873 ], [ 75.958, 12.863 ], [ 75.962, 12.85 ], [ 75.974, 12.848 ], [ 75.978, 12.836 ], [ 75.97, 12.826 ], [ 75.974, 12.813 ], [ 75.965, 12.803 ], [ 75.969, 12.791 ], [ 75.961, 12.781 ], [ 75.965, 12.769 ], [ 75.956, 12.759 ], [ 75.96, 12.747 ], [ 75.952, 12.737 ], [ 75.956, 12.724 ], [ 75.968, 12.722 ], [ 75.972, 12.71 ], [ 75.964, 12.7 ], [ 75.968, 12.687 ], [ 75.96, 12.677 ], [ 75.964, 12.665 ], [ 75.955, 12.655 ], [ 75.959, 12.643 ], [ 75.951, 12.633 ], [ 75.955, 12.621 ], [ 75.967, 12.618 ], [ 75.971, 12.606 ], [ 75.963, 12.596 ], [ 75.967, 12.584 ], [ 75.958, 12.574 ], [ 75.962, 12.561 ], [ 75.954, 12.551 ], [ 75.958, 12.539 ], [ 75.95, 12.529 ], [ 75.937, 12.532 ], [ 75.929, 12.522 ], [ 75.917, 12.524 ], [ 75.908, 12.514 ], [ 75.912, 12.502 ], [ 75.904, 12.492 ], [ 75.908, 12.48 ], [ 75.9, 12.47 ], [ 75.904, 12.458 ], [ 75.916, 12.455 ], [ 75.92, 12.443 ], [ 75.932, 12.44 ], [ 75.941, 12.45 ], [ 75.953, 12.448 ], [ 75.961, 12.458 ], [ 75.957, 12.47 ], [ 75.966, 12.48 ], [ 75.962, 12.492 ], [ 75.97, 12.502 ], [ 75.966, 12.514 ], [ 75.974, 12.524 ], [ 75.987, 12.522 ], [ 75.995, 12.532 ], [ 75.991, 12.544 ], [ 75.999, 12.554 ], [ 76.012, 12.551 ], [ 76.02, 12.561 ], [ 76.016, 12.574 ], [ 76.025, 12.584 ], [ 76.037, 12.581 ], [ 76.041, 12.569 ], [ 76.053, 12.566 ], [ 76.057, 12.554 ], [ 76.07, 12.551 ], [ 76.074, 12.539 ], [ 76.086, 12.537 ], [ 76.09, 12.524 ], [ 76.102, 12.522 ], [ 76.111, 12.532 ], [ 76.123, 12.529 ], [ 76.132, 12.539 ], [ 76.144, 12.537 ], [ 76.152, 12.546 ], [ 76.148, 12.559 ], [ 76.157, 12.569 ], [ 76.153, 12.581 ], [ 76.161, 12.591 ], [ 76.173, 12.589 ], [ 76.177, 12.576 ], [ 76.19, 12.574 ], [ 76.198, 12.584 ], [ 76.194, 12.596 ], [ 76.203, 12.606 ], [ 76.199, 12.618 ], [ 76.207, 12.628 ], [ 76.203, 12.64 ], [ 76.211, 12.65 ], [ 76.224, 12.648 ], [ 76.228, 12.636 ], [ 76.24, 12.633 ], [ 76.244, 12.621 ], [ 76.257, 12.618 ], [ 76.265, 12.628 ], [ 76.277, 12.626 ], [ 76.281, 12.613 ], [ 76.294, 12.611 ], [ 76.302, 12.621 ], [ 76.315, 12.618 ], [ 76.323, 12.628 ], [ 76.319, 12.64 ], [ 76.328, 12.65 ], [ 76.34, 12.648 ], [ 76.348, 12.658 ], [ 76.344, 12.67 ], [ 76.353, 12.68 ], [ 76.349, 12.692 ], [ 76.357, 12.702 ], [ 76.353, 12.715 ], [ 76.341, 12.717 ], [ 76.337, 12.73 ], [ 76.345, 12.74 ], [ 76.341, 12.752 ], [ 76.35, 12.762 ], [ 76.346, 12.774 ], [ 76.333, 12.777 ], [ 76.329, 12.789 ], [ 76.338, 12.799 ], [ 76.334, 12.811 ], [ 76.342, 12.821 ], [ 76.355, 12.819 ], [ 76.359, 12.806 ], [ 76.371, 12.804 ], [ 76.379, 12.814 ], [ 76.375, 12.826 ], [ 76.384, 12.836 ], [ 76.396, 12.834 ], [ 76.405, 12.844 ], [ 76.401, 12.856 ], [ 76.409, 12.866 ], [ 76.422, 12.863 ], [ 76.426, 12.851 ], [ 76.417, 12.841 ], [ 76.421, 12.829 ], [ 76.434, 12.826 ], [ 76.437, 12.814 ], [ 76.45, 12.811 ], [ 76.454, 12.799 ], [ 76.466, 12.796 ], [ 76.47, 12.784 ], [ 76.483, 12.782 ], [ 76.491, 12.792 ], [ 76.487, 12.804 ], [ 76.496, 12.814 ], [ 76.508, 12.811 ], [ 76.517, 12.821 ], [ 76.513, 12.834 ], [ 76.521, 12.844 ], [ 76.533, 12.841 ], [ 76.542, 12.851 ], [ 76.554, 12.849 ], [ 76.558, 12.836 ], [ 76.571, 12.834 ], [ 76.579, 12.844 ], [ 76.575, 12.856 ], [ 76.584, 12.866 ], [ 76.58, 12.878 ], [ 76.588, 12.888 ], [ 76.584, 12.901 ], [ 76.593, 12.911 ], [ 76.589, 12.923 ], [ 76.597, 12.933 ], [ 76.61, 12.93 ], [ 76.618, 12.94 ], [ 76.614, 12.953 ], [ 76.622, 12.963 ], [ 76.618, 12.975 ], [ 76.627, 12.985 ], [ 76.623, 12.997 ], [ 76.611, 13.0 ], [ 76.607, 13.012 ], [ 76.615, 13.022 ], [ 76.611, 13.035 ], [ 76.599, 13.037 ], [ 76.595, 13.049 ], [ 76.603, 13.059 ], [ 76.599, 13.072 ], [ 76.587, 13.074 ], [ 76.578, 13.064 ], [ 76.566, 13.067 ], [ 76.562, 13.079 ], [ 76.549, 13.082 ], [ 76.541, 13.072 ], [ 76.528, 13.074 ], [ 76.52, 13.064 ], [ 76.507, 13.067 ], [ 76.503, 13.079 ], [ 76.491, 13.081 ], [ 76.487, 13.094 ], [ 76.474, 13.096 ], [ 76.47, 13.109 ], [ 76.479, 13.119 ], [ 76.475, 13.131 ], [ 76.462, 13.133 ], [ 76.458, 13.146 ], [ 76.446, 13.148 ], [ 76.442, 13.161 ], [ 76.43, 13.163 ], [ 76.426, 13.175 ], [ 76.413, 13.178 ], [ 76.409, 13.19 ], [ 76.397, 13.193 ], [ 76.393, 13.205 ], [ 76.38, 13.208 ], [ 76.376, 13.22 ], [ 76.385, 13.23 ], [ 76.381, 13.242 ], [ 76.368, 13.245 ], [ 76.364, 13.257 ], [ 76.352, 13.259 ], [ 76.348, 13.272 ], [ 76.356, 13.282 ], [ 76.352, 13.294 ], [ 76.361, 13.304 ], [ 76.357, 13.316 ], [ 76.344, 13.319 ], [ 76.34, 13.331 ], [ 76.349, 13.341 ], [ 76.345, 13.353 ], [ 76.353, 13.363 ], [ 76.366, 13.361 ], [ 76.374, 13.371 ], [ 76.386, 13.368 ], [ 76.395, 13.378 ], [ 76.391, 13.391 ], [ 76.399, 13.401 ], [ 76.395, 13.413 ], [ 76.404, 13.423 ], [ 76.4, 13.435 ], [ 76.408, 13.445 ], [ 76.404, 13.458 ], [ 76.413, 13.468 ], [ 76.409, 13.48 ], [ 76.396, 13.482 ], [ 76.392, 13.495 ], [ 76.401, 13.505 ], [ 76.413, 13.502 ], [ 76.422, 13.512 ], [ 76.418, 13.525 ], [ 76.405, 13.527 ], [ 76.401, 13.539 ], [ 76.389, 13.542 ], [ 76.38, 13.532 ], [ 76.368, 13.534 ], [ 76.364, 13.547 ], [ 76.351, 13.549 ], [ 76.347, 13.561 ], [ 76.356, 13.571 ], [ 76.352, 13.584 ], [ 76.339, 13.586 ], [ 76.335, 13.598 ], [ 76.323, 13.601 ], [ 76.314, 13.591 ], [ 76.302, 13.593 ], [ 76.298, 13.606 ], [ 76.286, 13.608 ], [ 76.282, 13.62 ], [ 76.29, 13.63 ], [ 76.286, 13.643 ], [ 76.274, 13.645 ], [ 76.27, 13.657 ], [ 76.257, 13.66 ], [ 76.253, 13.672 ], [ 76.241, 13.674 ], [ 76.237, 13.687 ], [ 76.224, 13.689 ], [ 76.22, 13.702 ], [ 76.208, 13.704 ], [ 76.204, 13.716 ], [ 76.191, 13.719 ], [ 76.183, 13.709 ], [ 76.17, 13.711 ], [ 76.166, 13.723 ], [ 76.154, 13.726 ], [ 76.15, 13.738 ], [ 76.158, 13.748 ], [ 76.154, 13.76 ], [ 76.142, 13.763 ], [ 76.138, 13.775 ], [ 76.126, 13.777 ], [ 76.122, 13.79 ], [ 76.13, 13.8 ], [ 76.126, 13.812 ], [ 76.114, 13.814 ], [ 76.11, 13.827 ], [ 76.097, 13.829 ], [ 76.093, 13.841 ], [ 76.102, 13.851 ], [ 76.098, 13.864 ], [ 76.085, 13.866 ], [ 76.081, 13.878 ], [ 76.069, 13.881 ], [ 76.065, 13.893 ], [ 76.052, 13.895 ], [ 76.048, 13.908 ], [ 76.036, 13.91 ], [ 76.027, 13.9 ], [ 76.031, 13.888 ], [ 76.023, 13.878 ], [ 76.027, 13.866 ], [ 76.019, 13.856 ], [ 76.006, 13.858 ], [ 75.998, 13.848 ], [ 75.985, 13.85 ], [ 75.977, 13.84 ], [ 75.965, 13.843 ], [ 75.956, 13.833 ], [ 75.944, 13.835 ], [ 75.935, 13.825 ], [ 75.939, 13.813 ], [ 75.952, 13.811 ], [ 75.956, 13.798 ], [ 75.968, 13.796 ], [ 75.972, 13.784 ], [ 75.964, 13.774 ], [ 75.968, 13.761 ], [ 75.959, 13.752 ], [ 75.963, 13.739 ], [ 75.955, 13.729 ], [ 75.943, 13.732 ], [ 75.939, 13.744 ], [ 75.926, 13.746 ], [ 75.918, 13.736 ], [ 75.905, 13.739 ], [ 75.901, 13.751 ], [ 75.889, 13.753 ], [ 75.881, 13.744 ], [ 75.868, 13.746 ], [ 75.864, 13.758 ], [ 75.852, 13.761 ], [ 75.848, 13.773 ], [ 75.836, 13.775 ], [ 75.827, 13.765 ], [ 75.815, 13.768 ], [ 75.806, 13.758 ], [ 75.794, 13.76 ], [ 75.786, 13.75 ], [ 75.773, 13.753 ], [ 75.765, 13.743 ], [ 75.752, 13.745 ], [ 75.744, 13.735 ], [ 75.748, 13.723 ], [ 75.74, 13.713 ], [ 75.727, 13.715 ], [ 75.719, 13.705 ], [ 75.723, 13.693 ], [ 75.715, 13.683 ], [ 75.702, 13.685 ], [ 75.694, 13.676 ], [ 75.682, 13.678 ], [ 75.673, 13.668 ], [ 75.677, 13.656 ], [ 75.69, 13.653 ], [ 75.698, 13.663 ], [ 75.71, 13.661 ], [ 75.719, 13.671 ], [ 75.731, 13.668 ], [ 75.735, 13.656 ], [ 75.747, 13.654 ], [ 75.756, 13.664 ], [ 75.768, 13.661 ], [ 75.776, 13.671 ], [ 75.789, 13.669 ], [ 75.797, 13.679 ], [ 75.81, 13.676 ], [ 75.814, 13.664 ], [ 75.805, 13.654 ], [ 75.809, 13.642 ], [ 75.801, 13.632 ], [ 75.805, 13.62 ], [ 75.796, 13.61 ], [ 75.784, 13.612 ], [ 75.776, 13.602 ], [ 75.78, 13.59 ], [ 75.792, 13.588 ], [ 75.8, 13.597 ], [ 75.813, 13.595 ], [ 75.817, 13.583 ], [ 75.829, 13.58 ], [ 75.838, 13.59 ], [ 75.834, 13.603 ], [ 75.842, 13.613 ], [ 75.838, 13.625 ], [ 75.826, 13.627 ], [ 75.822, 13.64 ], [ 75.83, 13.649 ], [ 75.842, 13.647 ], [ 75.851, 13.657 ], [ 75.847, 13.669 ], [ 75.855, 13.679 ], [ 75.868, 13.677 ], [ 75.876, 13.687 ], [ 75.888, 13.684 ], [ 75.897, 13.694 ], [ 75.909, 13.692 ], [ 75.913, 13.68 ], [ 75.905, 13.67 ], [ 75.909, 13.657 ], [ 75.9, 13.648 ], [ 75.904, 13.635 ], [ 75.896, 13.625 ], [ 75.9, 13.613 ], [ 75.892, 13.603 ], [ 75.896, 13.591 ], [ 75.908, 13.588 ], [ 75.916, 13.598 ], [ 75.929, 13.596 ], [ 75.933, 13.584 ], [ 75.945, 13.581 ], [ 75.953, 13.591 ], [ 75.966, 13.589 ], [ 75.97, 13.576 ], [ 75.982, 13.574 ], [ 75.986, 13.562 ], [ 75.978, 13.552 ], [ 75.965, 13.554 ], [ 75.957, 13.544 ], [ 75.945, 13.547 ], [ 75.936, 13.537 ], [ 75.924, 13.539 ], [ 75.916, 13.529 ], [ 75.92, 13.517 ], [ 75.911, 13.507 ], [ 75.915, 13.495 ], [ 75.907, 13.485 ], [ 75.911, 13.472 ], [ 75.923, 13.47 ], [ 75.927, 13.458 ], [ 75.939, 13.455 ], [ 75.948, 13.465 ], [ 75.96, 13.463 ], [ 75.964, 13.451 ], [ 75.956, 13.441 ], [ 75.96, 13.428 ], [ 75.951, 13.418 ], [ 75.939, 13.421 ], [ 75.931, 13.411 ], [ 75.918, 13.413 ], [ 75.91, 13.403 ], [ 75.898, 13.406 ], [ 75.894, 13.418 ], [ 75.881, 13.42 ], [ 75.873, 13.411 ], [ 75.877, 13.398 ], [ 75.868, 13.388 ], [ 75.872, 13.376 ], [ 75.864, 13.366 ], [ 75.868, 13.354 ], [ 75.88, 13.351 ], [ 75.884, 13.339 ], [ 75.897, 13.337 ], [ 75.905, 13.347 ] ] ], [ [ [ 75.527, 13.868 ], [ 75.539, 13.866 ], [ 75.547, 13.876 ], [ 75.56, 13.874 ], [ 75.568, 13.884 ], [ 75.564, 13.896 ], [ 75.573, 13.906 ], [ 75.585, 13.903 ], [ 75.593, 13.913 ], [ 75.589, 13.926 ], [ 75.598, 13.936 ], [ 75.61, 13.933 ], [ 75.618, 13.943 ], [ 75.631, 13.941 ], [ 75.639, 13.951 ], [ 75.651, 13.948 ], [ 75.66, 13.958 ], [ 75.656, 13.971 ], [ 75.664, 13.981 ], [ 75.676, 13.978 ], [ 75.685, 13.988 ], [ 75.697, 13.986 ], [ 75.701, 13.974 ], [ 75.714, 13.971 ], [ 75.722, 13.981 ], [ 75.734, 13.979 ], [ 75.738, 13.967 ], [ 75.751, 13.964 ], [ 75.755, 13.952 ], [ 75.767, 13.95 ], [ 75.775, 13.959 ], [ 75.771, 13.972 ], [ 75.759, 13.974 ], [ 75.755, 13.986 ], [ 75.743, 13.989 ], [ 75.739, 14.001 ], [ 75.726, 14.003 ], [ 75.722, 14.016 ], [ 75.71, 14.018 ], [ 75.706, 14.03 ], [ 75.714, 14.04 ], [ 75.71, 14.052 ], [ 75.719, 14.062 ], [ 75.731, 14.06 ], [ 75.739, 14.07 ], [ 75.752, 14.068 ], [ 75.756, 14.055 ], [ 75.768, 14.053 ], [ 75.772, 14.041 ], [ 75.785, 14.038 ], [ 75.789, 14.026 ], [ 75.801, 14.024 ], [ 75.805, 14.012 ], [ 75.797, 14.002 ], [ 75.801, 13.989 ], [ 75.813, 13.987 ], [ 75.821, 13.997 ], [ 75.817, 14.009 ], [ 75.826, 14.019 ], [ 75.822, 14.031 ], [ 75.809, 14.034 ], [ 75.805, 14.046 ], [ 75.814, 14.056 ], [ 75.81, 14.068 ], [ 75.818, 14.078 ], [ 75.814, 14.09 ], [ 75.802, 14.093 ], [ 75.798, 14.105 ], [ 75.785, 14.107 ], [ 75.777, 14.097 ], [ 75.765, 14.1 ], [ 75.761, 14.112 ], [ 75.748, 14.114 ], [ 75.74, 14.104 ], [ 75.744, 14.092 ], [ 75.735, 14.082 ], [ 75.723, 14.085 ], [ 75.715, 14.075 ], [ 75.702, 14.077 ], [ 75.694, 14.067 ], [ 75.682, 14.069 ], [ 75.673, 14.059 ], [ 75.661, 14.062 ], [ 75.657, 14.074 ], [ 75.644, 14.076 ], [ 75.636, 14.066 ], [ 75.624, 14.069 ], [ 75.615, 14.059 ], [ 75.603, 14.061 ], [ 75.595, 14.051 ], [ 75.582, 14.053 ], [ 75.578, 14.066 ], [ 75.566, 14.068 ], [ 75.562, 14.08 ], [ 75.55, 14.083 ], [ 75.546, 14.095 ], [ 75.533, 14.097 ], [ 75.525, 14.087 ], [ 75.513, 14.09 ], [ 75.509, 14.102 ], [ 75.496, 14.104 ], [ 75.488, 14.094 ], [ 75.475, 14.097 ], [ 75.467, 14.087 ], [ 75.471, 14.074 ], [ 75.463, 14.064 ], [ 75.45, 14.067 ], [ 75.442, 14.057 ], [ 75.43, 14.059 ], [ 75.426, 14.071 ], [ 75.413, 14.074 ], [ 75.405, 14.064 ], [ 75.409, 14.052 ], [ 75.401, 14.042 ], [ 75.388, 14.044 ], [ 75.38, 14.034 ], [ 75.384, 14.022 ], [ 75.376, 14.012 ], [ 75.363, 14.014 ], [ 75.355, 14.004 ], [ 75.359, 13.992 ], [ 75.351, 13.982 ], [ 75.355, 13.97 ], [ 75.367, 13.968 ], [ 75.371, 13.955 ], [ 75.383, 13.953 ], [ 75.392, 13.963 ], [ 75.404, 13.961 ], [ 75.412, 13.97 ], [ 75.425, 13.968 ], [ 75.433, 13.978 ], [ 75.445, 13.976 ], [ 75.454, 13.986 ], [ 75.45, 13.998 ], [ 75.458, 14.008 ], [ 75.47, 14.006 ], [ 75.474, 13.993 ], [ 75.487, 13.991 ], [ 75.491, 13.979 ], [ 75.503, 13.976 ], [ 75.507, 13.964 ], [ 75.519, 13.962 ], [ 75.523, 13.95 ], [ 75.515, 13.94 ], [ 75.519, 13.927 ], [ 75.511, 13.917 ], [ 75.498, 13.92 ], [ 75.49, 13.91 ], [ 75.494, 13.898 ], [ 75.486, 13.888 ], [ 75.473, 13.89 ], [ 75.465, 13.88 ], [ 75.469, 13.868 ], [ 75.481, 13.866 ], [ 75.49, 13.875 ], [ 75.502, 13.873 ], [ 75.506, 13.861 ], [ 75.518, 13.859 ], [ 75.527, 13.868 ] ] ], [ [ [ 75.147, 14.181 ], [ 75.159, 14.178 ], [ 75.163, 14.166 ], [ 75.176, 14.164 ], [ 75.184, 14.174 ], [ 75.18, 14.186 ], [ 75.168, 14.188 ], [ 75.164, 14.201 ], [ 75.151, 14.203 ], [ 75.143, 14.193 ], [ 75.147, 14.181 ] ] ] ] } },
{ "type": "Feature", "properties": { "POLYGON.ID": 77.0, "subregion": "India--Karnataka--Cauvery Forest_CL30088", "FILTER": "Karnataka", "POLYGON": "India--Karnataka--Cauvery Forest_CL30088", "COUNTY": "spl_region", "STATE": "Karnataka", "OWNER": null }, "geometry": { "type": "MultiPolygon", "coordinates": [ [ [ [ 77.263, 12.205 ], [ 77.271, 12.215 ], [ 77.284, 12.212 ], [ 77.292, 12.222 ], [ 77.288, 12.235 ], [ 77.297, 12.244 ], [ 77.293, 12.257 ], [ 77.28, 12.259 ], [ 77.276, 12.272 ], [ 77.264, 12.275 ], [ 77.255, 12.265 ], [ 77.259, 12.252 ], [ 77.251, 12.242 ], [ 77.255, 12.23 ], [ 77.246, 12.22 ], [ 77.25, 12.207 ], [ 77.263, 12.205 ] ] ], [ [ [ 77.292, 12.735 ], [ 77.301, 12.745 ], [ 77.297, 12.758 ], [ 77.305, 12.768 ], [ 77.318, 12.765 ], [ 77.322, 12.753 ], [ 77.334, 12.75 ], [ 77.338, 12.738 ], [ 77.351, 12.735 ], [ 77.355, 12.723 ], [ 77.367, 12.72 ], [ 77.376, 12.73 ], [ 77.389, 12.727 ], [ 77.397, 12.737 ], [ 77.393, 12.75 ], [ 77.402, 12.76 ], [ 77.398, 12.772 ], [ 77.406, 12.782 ], [ 77.419, 12.78 ], [ 77.427, 12.79 ], [ 77.44, 12.787 ], [ 77.444, 12.775 ], [ 77.435, 12.765 ], [ 77.439, 12.752 ], [ 77.452, 12.75 ], [ 77.456, 12.737 ], [ 77.447, 12.727 ], [ 77.451, 12.715 ], [ 77.443, 12.705 ], [ 77.447, 12.692 ], [ 77.438, 12.682 ], [ 77.442, 12.67 ], [ 77.434, 12.66 ], [ 77.438, 12.647 ], [ 77.429, 12.638 ], [ 77.433, 12.625 ], [ 77.425, 12.615 ], [ 77.429, 12.603 ], [ 77.42, 12.593 ], [ 77.424, 12.58 ], [ 77.437, 12.578 ], [ 77.445, 12.588 ], [ 77.441, 12.6 ], [ 77.45, 12.61 ], [ 77.462, 12.607 ], [ 77.466, 12.595 ], [ 77.479, 12.592 ], [ 77.487, 12.602 ], [ 77.5, 12.6 ], [ 77.504, 12.587 ], [ 77.517, 12.585 ], [ 77.525, 12.595 ], [ 77.538, 12.592 ], [ 77.546, 12.602 ], [ 77.559, 12.599 ], [ 77.567, 12.609 ], [ 77.563, 12.622 ], [ 77.572, 12.632 ], [ 77.568, 12.644 ], [ 77.555, 12.647 ], [ 77.551, 12.659 ], [ 77.56, 12.669 ], [ 77.556, 12.682 ], [ 77.543, 12.684 ], [ 77.539, 12.697 ], [ 77.548, 12.707 ], [ 77.544, 12.719 ], [ 77.553, 12.729 ], [ 77.549, 12.742 ], [ 77.536, 12.744 ], [ 77.527, 12.734 ], [ 77.515, 12.737 ], [ 77.506, 12.727 ], [ 77.494, 12.729 ], [ 77.49, 12.742 ], [ 77.477, 12.745 ], [ 77.473, 12.757 ], [ 77.482, 12.767 ], [ 77.478, 12.779 ], [ 77.486, 12.789 ], [ 77.482, 12.802 ], [ 77.47, 12.804 ], [ 77.466, 12.817 ], [ 77.453, 12.819 ], [ 77.445, 12.809 ], [ 77.432, 12.812 ], [ 77.428, 12.824 ], [ 77.437, 12.834 ], [ 77.433, 12.847 ], [ 77.42, 12.849 ], [ 77.416, 12.862 ], [ 77.403, 12.864 ], [ 77.395, 12.855 ], [ 77.382, 12.857 ], [ 77.378, 12.87 ], [ 77.366, 12.872 ], [ 77.357, 12.862 ], [ 77.345, 12.865 ], [ 77.341, 12.877 ], [ 77.349, 12.887 ], [ 77.345, 12.9 ], [ 77.333, 12.902 ], [ 77.329, 12.914 ], [ 77.337, 12.924 ], [ 77.333, 12.937 ], [ 77.342, 12.947 ], [ 77.338, 12.959 ], [ 77.325, 12.962 ], [ 77.321, 12.974 ], [ 77.33, 12.984 ], [ 77.326, 12.997 ], [ 77.334, 13.007 ], [ 77.33, 13.019 ], [ 77.339, 13.029 ], [ 77.335, 13.041 ], [ 77.322, 13.044 ], [ 77.318, 13.056 ], [ 77.306, 13.059 ], [ 77.302, 13.071 ], [ 77.31, 13.081 ], [ 77.306, 13.094 ], [ 77.315, 13.104 ], [ 77.311, 13.116 ], [ 77.298, 13.119 ], [ 77.294, 13.131 ], [ 77.282, 13.134 ], [ 77.273, 13.124 ], [ 77.261, 13.126 ], [ 77.257, 13.139 ], [ 77.244, 13.141 ], [ 77.24, 13.154 ], [ 77.227, 13.156 ], [ 77.219, 13.146 ], [ 77.206, 13.149 ], [ 77.202, 13.161 ], [ 77.211, 13.171 ], [ 77.207, 13.184 ], [ 77.194, 13.186 ], [ 77.186, 13.176 ], [ 77.173, 13.179 ], [ 77.169, 13.191 ], [ 77.157, 13.194 ], [ 77.148, 13.184 ], [ 77.152, 13.171 ], [ 77.144, 13.161 ], [ 77.131, 13.164 ], [ 77.123, 13.154 ], [ 77.127, 13.141 ], [ 77.118, 13.131 ], [ 77.105, 13.134 ], [ 77.101, 13.146 ], [ 77.089, 13.149 ], [ 77.08, 13.139 ], [ 77.084, 13.126 ], [ 77.076, 13.116 ], [ 77.08, 13.104 ], [ 77.071, 13.094 ], [ 77.075, 13.082 ], [ 77.067, 13.072 ], [ 77.071, 13.059 ], [ 77.062, 13.049 ], [ 77.066, 13.037 ], [ 77.079, 13.034 ], [ 77.083, 13.022 ], [ 77.095, 13.019 ], [ 77.104, 13.029 ], [ 77.116, 13.027 ], [ 77.12, 13.014 ], [ 77.112, 13.005 ], [ 77.116, 12.992 ], [ 77.128, 12.99 ], [ 77.132, 12.977 ], [ 77.145, 12.975 ], [ 77.149, 12.962 ], [ 77.161, 12.96 ], [ 77.165, 12.947 ], [ 77.157, 12.937 ], [ 77.161, 12.925 ], [ 77.152, 12.915 ], [ 77.14, 12.917 ], [ 77.131, 12.907 ], [ 77.119, 12.91 ], [ 77.11, 12.9 ], [ 77.114, 12.888 ], [ 77.127, 12.885 ], [ 77.131, 12.873 ], [ 77.143, 12.87 ], [ 77.147, 12.858 ], [ 77.139, 12.848 ], [ 77.143, 12.835 ], [ 77.155, 12.833 ], [ 77.159, 12.82 ], [ 77.151, 12.81 ], [ 77.155, 12.798 ], [ 77.146, 12.788 ], [ 77.134, 12.791 ], [ 77.125, 12.781 ], [ 77.113, 12.783 ], [ 77.104, 12.773 ], [ 77.092, 12.776 ], [ 77.083, 12.766 ], [ 77.087, 12.753 ], [ 77.079, 12.743 ], [ 77.083, 12.731 ], [ 77.074, 12.721 ], [ 77.078, 12.709 ], [ 77.07, 12.699 ], [ 77.074, 12.686 ], [ 77.086, 12.684 ], [ 77.09, 12.671 ], [ 77.103, 12.669 ], [ 77.107, 12.656 ], [ 77.098, 12.646 ], [ 77.102, 12.634 ], [ 77.115, 12.631 ], [ 77.119, 12.619 ], [ 77.11, 12.609 ], [ 77.114, 12.597 ], [ 77.106, 12.587 ], [ 77.11, 12.574 ], [ 77.122, 12.572 ], [ 77.126, 12.559 ], [ 77.118, 12.549 ], [ 77.122, 12.537 ], [ 77.134, 12.534 ], [ 77.138, 12.522 ], [ 77.129, 12.512 ], [ 77.133, 12.499 ], [ 77.125, 12.489 ], [ 77.129, 12.477 ], [ 77.141, 12.474 ], [ 77.145, 12.462 ], [ 77.158, 12.459 ], [ 77.167, 12.469 ], [ 77.163, 12.482 ], [ 77.171, 12.492 ], [ 77.184, 12.489 ], [ 77.188, 12.477 ], [ 77.2, 12.474 ], [ 77.209, 12.484 ], [ 77.221, 12.482 ], [ 77.23, 12.491 ], [ 77.242, 12.489 ], [ 77.246, 12.476 ], [ 77.259, 12.474 ], [ 77.263, 12.461 ], [ 77.275, 12.459 ], [ 77.279, 12.446 ], [ 77.271, 12.436 ], [ 77.275, 12.424 ], [ 77.287, 12.421 ], [ 77.291, 12.409 ], [ 77.304, 12.406 ], [ 77.312, 12.416 ], [ 77.325, 12.414 ], [ 77.329, 12.401 ], [ 77.341, 12.399 ], [ 77.35, 12.409 ], [ 77.362, 12.406 ], [ 77.366, 12.394 ], [ 77.379, 12.391 ], [ 77.388, 12.401 ], [ 77.4, 12.398 ], [ 77.404, 12.386 ], [ 77.396, 12.376 ], [ 77.4, 12.363 ], [ 77.412, 12.361 ], [ 77.416, 12.348 ], [ 77.429, 12.346 ], [ 77.433, 12.333 ], [ 77.445, 12.331 ], [ 77.454, 12.341 ], [ 77.466, 12.338 ], [ 77.47, 12.326 ], [ 77.483, 12.323 ], [ 77.491, 12.333 ], [ 77.487, 12.345 ], [ 77.475, 12.348 ], [ 77.471, 12.361 ], [ 77.479, 12.37 ], [ 77.475, 12.383 ], [ 77.484, 12.393 ], [ 77.496, 12.39 ], [ 77.505, 12.4 ], [ 77.501, 12.413 ], [ 77.51, 12.423 ], [ 77.522, 12.42 ], [ 77.531, 12.43 ], [ 77.543, 12.427 ], [ 77.552, 12.437 ], [ 77.548, 12.45 ], [ 77.535, 12.452 ], [ 77.531, 12.465 ], [ 77.54, 12.475 ], [ 77.536, 12.487 ], [ 77.523, 12.49 ], [ 77.515, 12.48 ], [ 77.502, 12.483 ], [ 77.494, 12.473 ], [ 77.481, 12.475 ], [ 77.473, 12.465 ], [ 77.46, 12.468 ], [ 77.456, 12.48 ], [ 77.465, 12.49 ], [ 77.461, 12.503 ], [ 77.469, 12.513 ], [ 77.465, 12.525 ], [ 77.453, 12.528 ], [ 77.449, 12.54 ], [ 77.436, 12.543 ], [ 77.427, 12.533 ], [ 77.415, 12.535 ], [ 77.406, 12.525 ], [ 77.394, 12.528 ], [ 77.39, 12.541 ], [ 77.377, 12.543 ], [ 77.369, 12.533 ], [ 77.356, 12.536 ], [ 77.352, 12.548 ], [ 77.361, 12.558 ], [ 77.357, 12.571 ], [ 77.365, 12.581 ], [ 77.361, 12.593 ], [ 77.37, 12.603 ], [ 77.366, 12.615 ], [ 77.353, 12.618 ], [ 77.349, 12.63 ], [ 77.358, 12.64 ], [ 77.354, 12.653 ], [ 77.341, 12.655 ], [ 77.337, 12.668 ], [ 77.346, 12.678 ], [ 77.342, 12.69 ], [ 77.329, 12.693 ], [ 77.325, 12.705 ], [ 77.313, 12.708 ], [ 77.309, 12.72 ], [ 77.296, 12.723 ], [ 77.292, 12.735 ] ] ], [ [ [ 76.922, 12.03 ], [ 76.934, 12.028 ], [ 76.938, 12.015 ], [ 76.93, 12.005 ], [ 76.917, 12.008 ], [ 76.909, 11.998 ], [ 76.896, 12.001 ], [ 76.892, 12.013 ], [ 76.88, 12.016 ], [ 76.872, 12.006 ], [ 76.859, 12.008 ], [ 76.851, 11.998 ], [ 76.838, 12.001 ], [ 76.834, 12.013 ], [ 76.822, 12.016 ], [ 76.818, 12.028 ], [ 76.805, 12.031 ], [ 76.797, 12.021 ], [ 76.801, 12.009 ], [ 76.792, 11.999 ], [ 76.796, 11.986 ], [ 76.788, 11.976 ], [ 76.775, 11.979 ], [ 76.771, 11.991 ], [ 76.759, 11.994 ], [ 76.755, 12.006 ], [ 76.743, 12.009 ], [ 76.734, 11.999 ], [ 76.722, 12.002 ], [ 76.713, 11.992 ], [ 76.701, 11.994 ], [ 76.697, 12.007 ], [ 76.684, 12.009 ], [ 76.676, 11.999 ], [ 76.663, 12.002 ], [ 76.655, 11.992 ], [ 76.643, 11.995 ], [ 76.634, 11.985 ], [ 76.622, 11.987 ], [ 76.613, 11.977 ], [ 76.617, 11.965 ], [ 76.63, 11.962 ], [ 76.634, 11.95 ], [ 76.625, 11.94 ], [ 76.629, 11.928 ], [ 76.621, 11.918 ], [ 76.608, 11.92 ], [ 76.6, 11.91 ], [ 76.604, 11.898 ], [ 76.596, 11.888 ], [ 76.583, 11.891 ], [ 76.575, 11.881 ], [ 76.579, 11.868 ], [ 76.591, 11.866 ], [ 76.595, 11.853 ], [ 76.607, 11.851 ], [ 76.611, 11.838 ], [ 76.603, 11.828 ], [ 76.591, 11.831 ], [ 76.582, 11.821 ], [ 76.586, 11.809 ], [ 76.578, 11.799 ], [ 76.582, 11.786 ], [ 76.573, 11.777 ], [ 76.577, 11.764 ], [ 76.59, 11.762 ], [ 76.594, 11.749 ], [ 76.606, 11.747 ], [ 76.61, 11.734 ], [ 76.622, 11.732 ], [ 76.626, 11.719 ], [ 76.639, 11.716 ], [ 76.643, 11.704 ], [ 76.655, 11.701 ], [ 76.664, 11.711 ], [ 76.676, 11.709 ], [ 76.685, 11.719 ], [ 76.697, 11.716 ], [ 76.701, 11.704 ], [ 76.713, 11.701 ], [ 76.717, 11.689 ], [ 76.709, 11.679 ], [ 76.696, 11.681 ], [ 76.688, 11.671 ], [ 76.676, 11.674 ], [ 76.667, 11.664 ], [ 76.655, 11.667 ], [ 76.646, 11.657 ], [ 76.65, 11.644 ], [ 76.663, 11.642 ], [ 76.671, 11.652 ], [ 76.684, 11.649 ], [ 76.692, 11.659 ], [ 76.704, 11.656 ], [ 76.708, 11.644 ], [ 76.721, 11.641 ], [ 76.729, 11.651 ], [ 76.742, 11.649 ], [ 76.75, 11.658 ], [ 76.763, 11.656 ], [ 76.771, 11.666 ], [ 76.783, 11.663 ], [ 76.792, 11.673 ], [ 76.788, 11.686 ], [ 76.796, 11.695 ], [ 76.809, 11.693 ], [ 76.817, 11.703 ], [ 76.83, 11.7 ], [ 76.838, 11.71 ], [ 76.851, 11.707 ], [ 76.859, 11.717 ], [ 76.872, 11.715 ], [ 76.88, 11.725 ], [ 76.876, 11.737 ], [ 76.884, 11.747 ], [ 76.897, 11.744 ], [ 76.905, 11.754 ], [ 76.901, 11.767 ], [ 76.91, 11.777 ], [ 76.906, 11.789 ], [ 76.914, 11.799 ], [ 76.927, 11.796 ], [ 76.931, 11.784 ], [ 76.943, 11.781 ], [ 76.952, 11.791 ], [ 76.964, 11.789 ], [ 76.973, 11.798 ], [ 76.985, 11.796 ], [ 76.994, 11.806 ], [ 77.006, 11.803 ], [ 77.015, 11.813 ], [ 77.027, 11.81 ], [ 77.031, 11.798 ], [ 77.044, 11.795 ], [ 77.052, 11.805 ], [ 77.048, 11.818 ], [ 77.057, 11.828 ], [ 77.053, 11.84 ], [ 77.061, 11.85 ], [ 77.057, 11.863 ], [ 77.066, 11.872 ], [ 77.062, 11.885 ], [ 77.07, 11.895 ], [ 77.066, 11.907 ], [ 77.075, 11.917 ], [ 77.071, 11.93 ], [ 77.079, 11.94 ], [ 77.075, 11.952 ], [ 77.063, 11.955 ], [ 77.059, 11.967 ], [ 77.067, 11.977 ], [ 77.063, 11.989 ], [ 77.072, 11.999 ], [ 77.084, 11.997 ], [ 77.093, 12.007 ], [ 77.089, 12.019 ], [ 77.097, 12.029 ], [ 77.093, 12.042 ], [ 77.102, 12.051 ], [ 77.098, 12.064 ], [ 77.085, 12.066 ], [ 77.081, 12.079 ], [ 77.09, 12.089 ], [ 77.086, 12.101 ], [ 77.094, 12.111 ], [ 77.09, 12.124 ], [ 77.099, 12.134 ], [ 77.111, 12.131 ], [ 77.12, 12.141 ], [ 77.132, 12.138 ], [ 77.141, 12.148 ], [ 77.153, 12.146 ], [ 77.162, 12.156 ], [ 77.174, 12.153 ], [ 77.178, 12.141 ], [ 77.191, 12.138 ], [ 77.195, 12.126 ], [ 77.207, 12.123 ], [ 77.211, 12.11 ], [ 77.224, 12.108 ], [ 77.228, 12.095 ], [ 77.24, 12.093 ], [ 77.244, 12.08 ], [ 77.257, 12.078 ], [ 77.265, 12.088 ], [ 77.278, 12.085 ], [ 77.282, 12.073 ], [ 77.294, 12.07 ], [ 77.303, 12.08 ], [ 77.315, 12.077 ], [ 77.324, 12.087 ], [ 77.336, 12.085 ], [ 77.345, 12.095 ], [ 77.357, 12.092 ], [ 77.366, 12.102 ], [ 77.378, 12.099 ], [ 77.387, 12.109 ], [ 77.383, 12.122 ], [ 77.392, 12.132 ], [ 77.404, 12.129 ], [ 77.413, 12.139 ], [ 77.409, 12.151 ], [ 77.417, 12.161 ], [ 77.413, 12.174 ], [ 77.422, 12.184 ], [ 77.434, 12.181 ], [ 77.443, 12.191 ], [ 77.439, 12.204 ], [ 77.426, 12.206 ], [ 77.422, 12.219 ], [ 77.41, 12.221 ], [ 77.401, 12.211 ], [ 77.389, 12.214 ], [ 77.38, 12.204 ], [ 77.384, 12.192 ], [ 77.376, 12.182 ], [ 77.363, 12.184 ], [ 77.355, 12.174 ], [ 77.342, 12.177 ], [ 77.333, 12.167 ], [ 77.321, 12.17 ], [ 77.312, 12.16 ], [ 77.316, 12.147 ], [ 77.308, 12.137 ], [ 77.295, 12.14 ], [ 77.287, 12.13 ], [ 77.274, 12.132 ], [ 77.27, 12.145 ], [ 77.258, 12.148 ], [ 77.254, 12.16 ], [ 77.241, 12.163 ], [ 77.237, 12.175 ], [ 77.246, 12.185 ], [ 77.242, 12.197 ], [ 77.229, 12.2 ], [ 77.221, 12.19 ], [ 77.225, 12.178 ], [ 77.216, 12.168 ], [ 77.204, 12.17 ], [ 77.195, 12.16 ], [ 77.183, 12.163 ], [ 77.179, 12.175 ], [ 77.166, 12.178 ], [ 77.162, 12.19 ], [ 77.171, 12.2 ], [ 77.167, 12.213 ], [ 77.175, 12.223 ], [ 77.171, 12.235 ], [ 77.159, 12.238 ], [ 77.155, 12.25 ], [ 77.142, 12.253 ], [ 77.134, 12.243 ], [ 77.138, 12.23 ], [ 77.129, 12.221 ], [ 77.133, 12.208 ], [ 77.125, 12.198 ], [ 77.112, 12.201 ], [ 77.104, 12.191 ], [ 77.091, 12.193 ], [ 77.083, 12.184 ], [ 77.07, 12.186 ], [ 77.062, 12.176 ], [ 77.049, 12.179 ], [ 77.041, 12.169 ], [ 77.045, 12.156 ], [ 77.036, 12.146 ], [ 77.04, 12.134 ], [ 77.032, 12.124 ], [ 77.019, 12.127 ], [ 77.015, 12.139 ], [ 77.024, 12.149 ], [ 77.02, 12.161 ], [ 77.007, 12.164 ], [ 77.003, 12.177 ], [ 76.991, 12.179 ], [ 76.982, 12.169 ], [ 76.986, 12.157 ], [ 76.978, 12.147 ], [ 76.982, 12.134 ], [ 76.973, 12.124 ], [ 76.977, 12.112 ], [ 76.969, 12.102 ], [ 76.956, 12.105 ], [ 76.948, 12.095 ], [ 76.935, 12.097 ], [ 76.931, 12.11 ], [ 76.919, 12.112 ], [ 76.915, 12.125 ], [ 76.902, 12.127 ], [ 76.894, 12.117 ], [ 76.882, 12.12 ], [ 76.878, 12.132 ], [ 76.865, 12.135 ], [ 76.861, 12.147 ], [ 76.87, 12.157 ], [ 76.866, 12.17 ], [ 76.853, 12.172 ], [ 76.845, 12.162 ], [ 76.849, 12.15 ], [ 76.84, 12.14 ], [ 76.844, 12.128 ], [ 76.857, 12.125 ], [ 76.861, 12.113 ], [ 76.873, 12.11 ], [ 76.877, 12.098 ], [ 76.869, 12.088 ], [ 76.873, 12.075 ], [ 76.864, 12.065 ], [ 76.868, 12.053 ], [ 76.881, 12.05 ], [ 76.889, 12.06 ], [ 76.901, 12.058 ], [ 76.905, 12.045 ], [ 76.918, 12.043 ], [ 76.922, 12.03 ] ] ], [ [ [ 77.545, 12.789 ], [ 77.537, 12.779 ], [ 77.541, 12.767 ], [ 77.553, 12.764 ], [ 77.562, 12.774 ], [ 77.558, 12.787 ], [ 77.545, 12.789 ] ] ], [ [ [ 77.578, 12.759 ], [ 77.591, 12.756 ], [ 77.599, 12.766 ], [ 77.595, 12.779 ], [ 77.583, 12.781 ], [ 77.574, 12.772 ], [ 77.578, 12.759 ] ] ] ] } },
{ "type": "Feature", "properties": { "POLYGON.ID": 76.0, "subregion": "India--Karnataka--Mysore Region_CL30087", "FILTER": "Karnataka", "POLYGON": "India--Karnataka--Mysore Region_CL30087", "COUNTY": "spl_region", "STATE": "Karnataka", "OWNER": null }, "geometry": { "type": "MultiPolygon", "coordinates": [ [ [ [ 76.466, 12.796 ], [ 76.454, 12.799 ], [ 76.45, 12.811 ], [ 76.437, 12.814 ], [ 76.434, 12.826 ], [ 76.421, 12.829 ], [ 76.417, 12.841 ], [ 76.426, 12.851 ], [ 76.422, 12.863 ], [ 76.409, 12.866 ], [ 76.401, 12.856 ], [ 76.405, 12.844 ], [ 76.396, 12.834 ], [ 76.384, 12.836 ], [ 76.375, 12.826 ], [ 76.379, 12.814 ], [ 76.371, 12.804 ], [ 76.359, 12.806 ], [ 76.355, 12.819 ], [ 76.342, 12.821 ], [ 76.334, 12.811 ], [ 76.338, 12.799 ], [ 76.329, 12.789 ], [ 76.333, 12.777 ], [ 76.346, 12.774 ], [ 76.35, 12.762 ], [ 76.341, 12.752 ], [ 76.345, 12.74 ], [ 76.337, 12.73 ], [ 76.341, 12.717 ], [ 76.353, 12.715 ], [ 76.357, 12.702 ], [ 76.349, 12.692 ], [ 76.353, 12.68 ], [ 76.344, 12.67 ], [ 76.348, 12.658 ], [ 76.34, 12.648 ], [ 76.328, 12.65 ], [ 76.319, 12.64 ], [ 76.323, 12.628 ], [ 76.315, 12.618 ], [ 76.302, 12.621 ], [ 76.294, 12.611 ], [ 76.281, 12.613 ], [ 76.277, 12.626 ], [ 76.265, 12.628 ], [ 76.257, 12.618 ], [ 76.244, 12.621 ], [ 76.24, 12.633 ], [ 76.228, 12.636 ], [ 76.224, 12.648 ], [ 76.211, 12.65 ], [ 76.203, 12.64 ], [ 76.207, 12.628 ], [ 76.199, 12.618 ], [ 76.203, 12.606 ], [ 76.194, 12.596 ], [ 76.198, 12.584 ], [ 76.19, 12.574 ], [ 76.177, 12.576 ], [ 76.173, 12.589 ], [ 76.161, 12.591 ], [ 76.153, 12.581 ], [ 76.157, 12.569 ], [ 76.148, 12.559 ], [ 76.152, 12.546 ], [ 76.144, 12.537 ], [ 76.132, 12.539 ], [ 76.123, 12.529 ], [ 76.111, 12.532 ], [ 76.102, 12.522 ], [ 76.09, 12.524 ], [ 76.086, 12.537 ], [ 76.074, 12.539 ], [ 76.07, 12.551 ], [ 76.057, 12.554 ], [ 76.053, 12.566 ], [ 76.041, 12.569 ], [ 76.037, 12.581 ], [ 76.025, 12.584 ], [ 76.016, 12.574 ], [ 76.02, 12.561 ], [ 76.012, 12.551 ], [ 75.999, 12.554 ], [ 75.991, 12.544 ], [ 75.995, 12.532 ], [ 75.987, 12.522 ], [ 75.974, 12.524 ], [ 75.966, 12.514 ], [ 75.97, 12.502 ], [ 75.962, 12.492 ], [ 75.966, 12.48 ], [ 75.957, 12.47 ], [ 75.961, 12.458 ], [ 75.953, 12.448 ], [ 75.941, 12.45 ], [ 75.932, 12.44 ], [ 75.936, 12.428 ], [ 75.928, 12.418 ], [ 75.932, 12.406 ], [ 75.944, 12.403 ], [ 75.948, 12.391 ], [ 75.96, 12.388 ], [ 75.969, 12.398 ], [ 75.981, 12.396 ], [ 75.985, 12.383 ], [ 75.977, 12.373 ], [ 75.981, 12.361 ], [ 75.993, 12.359 ], [ 75.997, 12.346 ], [ 76.009, 12.344 ], [ 76.013, 12.331 ], [ 76.026, 12.329 ], [ 76.03, 12.316 ], [ 76.042, 12.314 ], [ 76.046, 12.302 ], [ 76.058, 12.299 ], [ 76.062, 12.287 ], [ 76.075, 12.284 ], [ 76.079, 12.272 ], [ 76.091, 12.269 ], [ 76.095, 12.257 ], [ 76.107, 12.255 ], [ 76.111, 12.242 ], [ 76.124, 12.24 ], [ 76.128, 12.227 ], [ 76.14, 12.225 ], [ 76.144, 12.212 ], [ 76.157, 12.21 ], [ 76.161, 12.197 ], [ 76.173, 12.195 ], [ 76.181, 12.205 ], [ 76.194, 12.202 ], [ 76.202, 12.212 ], [ 76.198, 12.225 ], [ 76.206, 12.234 ], [ 76.219, 12.232 ], [ 76.227, 12.242 ], [ 76.24, 12.239 ], [ 76.248, 12.249 ], [ 76.26, 12.247 ], [ 76.264, 12.234 ], [ 76.277, 12.232 ], [ 76.281, 12.219 ], [ 76.272, 12.21 ], [ 76.276, 12.197 ], [ 76.289, 12.195 ], [ 76.293, 12.182 ], [ 76.284, 12.172 ], [ 76.272, 12.175 ], [ 76.263, 12.165 ], [ 76.267, 12.153 ], [ 76.28, 12.15 ], [ 76.284, 12.138 ], [ 76.296, 12.135 ], [ 76.3, 12.123 ], [ 76.292, 12.113 ], [ 76.296, 12.1 ], [ 76.287, 12.091 ], [ 76.291, 12.078 ], [ 76.283, 12.068 ], [ 76.271, 12.071 ], [ 76.262, 12.061 ], [ 76.266, 12.049 ], [ 76.279, 12.046 ], [ 76.283, 12.034 ], [ 76.295, 12.031 ], [ 76.299, 12.019 ], [ 76.291, 12.009 ], [ 76.294, 11.996 ], [ 76.286, 11.986 ], [ 76.29, 11.974 ], [ 76.282, 11.964 ], [ 76.286, 11.952 ], [ 76.277, 11.942 ], [ 76.265, 11.944 ], [ 76.257, 11.935 ], [ 76.26, 11.922 ], [ 76.273, 11.92 ], [ 76.277, 11.907 ], [ 76.289, 11.905 ], [ 76.298, 11.915 ], [ 76.294, 11.927 ], [ 76.302, 11.937 ], [ 76.314, 11.934 ], [ 76.323, 11.944 ], [ 76.335, 11.942 ], [ 76.339, 11.929 ], [ 76.352, 11.927 ], [ 76.356, 11.914 ], [ 76.347, 11.904 ], [ 76.351, 11.892 ], [ 76.343, 11.882 ], [ 76.347, 11.87 ], [ 76.359, 11.867 ], [ 76.363, 11.855 ], [ 76.375, 11.852 ], [ 76.384, 11.862 ], [ 76.38, 11.874 ], [ 76.388, 11.884 ], [ 76.384, 11.897 ], [ 76.372, 11.899 ], [ 76.368, 11.912 ], [ 76.376, 11.922 ], [ 76.389, 11.919 ], [ 76.397, 11.929 ], [ 76.409, 11.926 ], [ 76.418, 11.936 ], [ 76.414, 11.949 ], [ 76.422, 11.959 ], [ 76.418, 11.971 ], [ 76.427, 11.981 ], [ 76.423, 11.993 ], [ 76.431, 12.003 ], [ 76.444, 12.001 ], [ 76.448, 11.988 ], [ 76.46, 11.986 ], [ 76.464, 11.973 ], [ 76.476, 11.971 ], [ 76.48, 11.958 ], [ 76.493, 11.956 ], [ 76.497, 11.943 ], [ 76.509, 11.941 ], [ 76.518, 11.951 ], [ 76.514, 11.963 ], [ 76.522, 11.973 ], [ 76.534, 11.97 ], [ 76.543, 11.98 ], [ 76.555, 11.978 ], [ 76.564, 11.988 ], [ 76.576, 11.985 ], [ 76.585, 11.995 ], [ 76.597, 11.992 ], [ 76.605, 12.002 ], [ 76.618, 12.0 ], [ 76.622, 11.987 ], [ 76.634, 11.985 ], [ 76.643, 11.995 ], [ 76.655, 11.992 ], [ 76.663, 12.002 ], [ 76.676, 11.999 ], [ 76.684, 12.009 ], [ 76.697, 12.007 ], [ 76.701, 11.994 ], [ 76.713, 11.992 ], [ 76.722, 12.002 ], [ 76.734, 11.999 ], [ 76.743, 12.009 ], [ 76.755, 12.006 ], [ 76.759, 11.994 ], [ 76.771, 11.991 ], [ 76.775, 11.979 ], [ 76.788, 11.976 ], [ 76.796, 11.986 ], [ 76.792, 11.999 ], [ 76.801, 12.009 ], [ 76.797, 12.021 ], [ 76.805, 12.031 ], [ 76.818, 12.028 ], [ 76.822, 12.016 ], [ 76.834, 12.013 ], [ 76.838, 12.001 ], [ 76.851, 11.998 ], [ 76.859, 12.008 ], [ 76.872, 12.006 ], [ 76.88, 12.016 ], [ 76.892, 12.013 ], [ 76.896, 12.001 ], [ 76.909, 11.998 ], [ 76.917, 12.008 ], [ 76.93, 12.005 ], [ 76.938, 12.015 ], [ 76.934, 12.028 ], [ 76.922, 12.03 ], [ 76.918, 12.043 ], [ 76.905, 12.045 ], [ 76.901, 12.058 ], [ 76.889, 12.06 ], [ 76.881, 12.05 ], [ 76.868, 12.053 ], [ 76.864, 12.065 ], [ 76.873, 12.075 ], [ 76.869, 12.088 ], [ 76.877, 12.098 ], [ 76.873, 12.11 ], [ 76.861, 12.113 ], [ 76.857, 12.125 ], [ 76.844, 12.128 ], [ 76.84, 12.14 ], [ 76.849, 12.15 ], [ 76.845, 12.162 ], [ 76.853, 12.172 ], [ 76.866, 12.17 ], [ 76.87, 12.157 ], [ 76.861, 12.147 ], [ 76.865, 12.135 ], [ 76.878, 12.132 ], [ 76.882, 12.12 ], [ 76.894, 12.117 ], [ 76.902, 12.127 ], [ 76.915, 12.125 ], [ 76.919, 12.112 ], [ 76.931, 12.11 ], [ 76.935, 12.097 ], [ 76.948, 12.095 ], [ 76.956, 12.105 ], [ 76.969, 12.102 ], [ 76.977, 12.112 ], [ 76.973, 12.124 ], [ 76.982, 12.134 ], [ 76.978, 12.147 ], [ 76.986, 12.157 ], [ 76.982, 12.169 ], [ 76.991, 12.179 ], [ 77.003, 12.177 ], [ 77.007, 12.164 ], [ 77.02, 12.161 ], [ 77.024, 12.149 ], [ 77.015, 12.139 ], [ 77.019, 12.127 ], [ 77.032, 12.124 ], [ 77.04, 12.134 ], [ 77.036, 12.146 ], [ 77.045, 12.156 ], [ 77.041, 12.169 ], [ 77.049, 12.179 ], [ 77.062, 12.176 ], [ 77.07, 12.186 ], [ 77.083, 12.184 ], [ 77.091, 12.193 ], [ 77.104, 12.191 ], [ 77.112, 12.201 ], [ 77.125, 12.198 ], [ 77.133, 12.208 ], [ 77.129, 12.221 ], [ 77.138, 12.23 ], [ 77.134, 12.243 ], [ 77.142, 12.253 ], [ 77.155, 12.25 ], [ 77.163, 12.26 ], [ 77.159, 12.273 ], [ 77.168, 12.283 ], [ 77.164, 12.295 ], [ 77.151, 12.298 ], [ 77.147, 12.31 ], [ 77.156, 12.32 ], [ 77.152, 12.332 ], [ 77.16, 12.342 ], [ 77.156, 12.355 ], [ 77.165, 12.365 ], [ 77.177, 12.362 ], [ 77.186, 12.372 ], [ 77.198, 12.37 ], [ 77.207, 12.38 ], [ 77.22, 12.377 ], [ 77.228, 12.387 ], [ 77.224, 12.399 ], [ 77.233, 12.409 ], [ 77.245, 12.407 ], [ 77.254, 12.417 ], [ 77.266, 12.414 ], [ 77.275, 12.424 ], [ 77.271, 12.436 ], [ 77.279, 12.446 ], [ 77.275, 12.459 ], [ 77.263, 12.461 ], [ 77.259, 12.474 ], [ 77.246, 12.476 ], [ 77.242, 12.489 ], [ 77.23, 12.491 ], [ 77.221, 12.482 ], [ 77.209, 12.484 ], [ 77.2, 12.474 ], [ 77.188, 12.477 ], [ 77.184, 12.489 ], [ 77.171, 12.492 ], [ 77.163, 12.482 ], [ 77.167, 12.469 ], [ 77.158, 12.459 ], [ 77.145, 12.462 ], [ 77.141, 12.474 ], [ 77.129, 12.477 ], [ 77.125, 12.489 ], [ 77.133, 12.499 ], [ 77.129, 12.512 ], [ 77.138, 12.522 ], [ 77.134, 12.534 ], [ 77.122, 12.537 ], [ 77.118, 12.549 ], [ 77.126, 12.559 ], [ 77.122, 12.572 ], [ 77.11, 12.574 ], [ 77.106, 12.587 ], [ 77.114, 12.597 ], [ 77.11, 12.609 ], [ 77.119, 12.619 ], [ 77.115, 12.631 ], [ 77.102, 12.634 ], [ 77.098, 12.646 ], [ 77.107, 12.656 ], [ 77.103, 12.669 ], [ 77.09, 12.671 ], [ 77.086, 12.684 ], [ 77.074, 12.686 ], [ 77.07, 12.699 ], [ 77.078, 12.709 ], [ 77.074, 12.721 ], [ 77.083, 12.731 ], [ 77.079, 12.743 ], [ 77.066, 12.746 ], [ 77.062, 12.758 ], [ 77.05, 12.761 ], [ 77.046, 12.773 ], [ 77.033, 12.776 ], [ 77.025, 12.766 ], [ 77.012, 12.768 ], [ 77.008, 12.781 ], [ 76.996, 12.783 ], [ 76.992, 12.796 ], [ 76.979, 12.798 ], [ 76.975, 12.811 ], [ 76.963, 12.813 ], [ 76.954, 12.803 ], [ 76.942, 12.806 ], [ 76.933, 12.796 ], [ 76.921, 12.799 ], [ 76.917, 12.811 ], [ 76.904, 12.813 ], [ 76.9, 12.826 ], [ 76.909, 12.836 ], [ 76.905, 12.848 ], [ 76.892, 12.851 ], [ 76.888, 12.863 ], [ 76.897, 12.873 ], [ 76.893, 12.886 ], [ 76.88, 12.888 ], [ 76.876, 12.9 ], [ 76.864, 12.903 ], [ 76.86, 12.915 ], [ 76.868, 12.925 ], [ 76.864, 12.938 ], [ 76.852, 12.94 ], [ 76.848, 12.953 ], [ 76.835, 12.955 ], [ 76.831, 12.968 ], [ 76.84, 12.977 ], [ 76.836, 12.99 ], [ 76.823, 12.992 ], [ 76.819, 13.005 ], [ 76.807, 13.007 ], [ 76.803, 13.02 ], [ 76.79, 13.022 ], [ 76.786, 13.035 ], [ 76.774, 13.037 ], [ 76.765, 13.027 ], [ 76.753, 13.03 ], [ 76.749, 13.042 ], [ 76.736, 13.044 ], [ 76.728, 13.035 ], [ 76.715, 13.037 ], [ 76.711, 13.049 ], [ 76.699, 13.052 ], [ 76.69, 13.042 ], [ 76.678, 13.044 ], [ 76.669, 13.035 ], [ 76.657, 13.037 ], [ 76.648, 13.027 ], [ 76.652, 13.015 ], [ 76.644, 13.005 ], [ 76.631, 13.007 ], [ 76.623, 12.997 ], [ 76.627, 12.985 ], [ 76.618, 12.975 ], [ 76.622, 12.963 ], [ 76.614, 12.953 ], [ 76.618, 12.94 ], [ 76.61, 12.93 ], [ 76.597, 12.933 ], [ 76.589, 12.923 ], [ 76.593, 12.911 ], [ 76.584, 12.901 ], [ 76.588, 12.888 ], [ 76.58, 12.878 ], [ 76.584, 12.866 ], [ 76.575, 12.856 ], [ 76.579, 12.844 ], [ 76.571, 12.834 ], [ 76.558, 12.836 ], [ 76.554, 12.849 ], [ 76.542, 12.851 ], [ 76.533, 12.841 ], [ 76.521, 12.844 ], [ 76.513, 12.834 ], [ 76.517, 12.821 ], [ 76.508, 12.811 ], [ 76.496, 12.814 ], [ 76.487, 12.804 ], [ 76.491, 12.792 ], [ 76.483, 12.782 ], [ 76.47, 12.784 ], [ 76.466, 12.796 ] ] ] ] } },
{ "type": "Feature", "properties": { "POLYGON.ID": 50.0, "subregion": "India--Karnataka--Bengaluru Urban_CL29037", "FILTER": "Karnataka", "POLYGON": "India--Karnataka--Bengaluru Urban_CL29037", "COUNTY": "Bengaluru Urban", "STATE": "Karnataka", "OWNER": null }, "geometry": { "type": "MultiPolygon", "coordinates": [ [ [ [ 77.372, 12.999 ], [ 77.363, 12.989 ], [ 77.351, 12.992 ], [ 77.342, 12.982 ], [ 77.33, 12.984 ], [ 77.321, 12.974 ], [ 77.325, 12.962 ], [ 77.338, 12.959 ], [ 77.342, 12.947 ], [ 77.333, 12.937 ], [ 77.337, 12.924 ], [ 77.329, 12.914 ], [ 77.333, 12.902 ], [ 77.345, 12.9 ], [ 77.349, 12.887 ], [ 77.341, 12.877 ], [ 77.345, 12.865 ], [ 77.357, 12.862 ], [ 77.366, 12.872 ], [ 77.378, 12.87 ], [ 77.382, 12.857 ], [ 77.395, 12.855 ], [ 77.403, 12.864 ], [ 77.416, 12.862 ], [ 77.42, 12.849 ], [ 77.433, 12.847 ], [ 77.437, 12.834 ], [ 77.428, 12.824 ], [ 77.432, 12.812 ], [ 77.445, 12.809 ], [ 77.453, 12.819 ], [ 77.466, 12.817 ], [ 77.47, 12.804 ], [ 77.482, 12.802 ], [ 77.486, 12.789 ], [ 77.478, 12.779 ], [ 77.482, 12.767 ], [ 77.473, 12.757 ], [ 77.477, 12.745 ], [ 77.49, 12.742 ], [ 77.494, 12.729 ], [ 77.506, 12.727 ], [ 77.515, 12.737 ], [ 77.527, 12.734 ], [ 77.536, 12.744 ], [ 77.532, 12.757 ], [ 77.541, 12.767 ], [ 77.537, 12.779 ], [ 77.545, 12.789 ], [ 77.558, 12.787 ], [ 77.562, 12.774 ], [ 77.574, 12.772 ], [ 77.583, 12.781 ], [ 77.595, 12.779 ], [ 77.599, 12.766 ], [ 77.591, 12.756 ], [ 77.595, 12.744 ], [ 77.607, 12.741 ], [ 77.611, 12.729 ], [ 77.624, 12.726 ], [ 77.628, 12.714 ], [ 77.641, 12.711 ], [ 77.645, 12.699 ], [ 77.657, 12.696 ], [ 77.661, 12.684 ], [ 77.674, 12.681 ], [ 77.678, 12.669 ], [ 77.69, 12.666 ], [ 77.694, 12.654 ], [ 77.707, 12.651 ], [ 77.716, 12.661 ], [ 77.712, 12.674 ], [ 77.72, 12.683 ], [ 77.733, 12.681 ], [ 77.741, 12.691 ], [ 77.754, 12.688 ], [ 77.763, 12.698 ], [ 77.759, 12.711 ], [ 77.767, 12.721 ], [ 77.763, 12.733 ], [ 77.772, 12.743 ], [ 77.784, 12.741 ], [ 77.793, 12.75 ], [ 77.789, 12.763 ], [ 77.798, 12.773 ], [ 77.794, 12.785 ], [ 77.802, 12.795 ], [ 77.798, 12.808 ], [ 77.807, 12.818 ], [ 77.803, 12.83 ], [ 77.79, 12.833 ], [ 77.786, 12.845 ], [ 77.795, 12.855 ], [ 77.808, 12.853 ], [ 77.816, 12.863 ], [ 77.829, 12.86 ], [ 77.837, 12.87 ], [ 77.833, 12.883 ], [ 77.821, 12.885 ], [ 77.817, 12.898 ], [ 77.825, 12.908 ], [ 77.821, 12.92 ], [ 77.809, 12.923 ], [ 77.8, 12.913 ], [ 77.788, 12.915 ], [ 77.784, 12.928 ], [ 77.771, 12.93 ], [ 77.767, 12.943 ], [ 77.775, 12.953 ], [ 77.771, 12.965 ], [ 77.78, 12.975 ], [ 77.776, 12.988 ], [ 77.785, 12.998 ], [ 77.781, 13.01 ], [ 77.768, 13.013 ], [ 77.764, 13.025 ], [ 77.773, 13.035 ], [ 77.769, 13.048 ], [ 77.777, 13.058 ], [ 77.773, 13.07 ], [ 77.761, 13.073 ], [ 77.757, 13.085 ], [ 77.765, 13.095 ], [ 77.761, 13.108 ], [ 77.749, 13.11 ], [ 77.745, 13.123 ], [ 77.732, 13.125 ], [ 77.728, 13.138 ], [ 77.737, 13.148 ], [ 77.733, 13.16 ], [ 77.741, 13.17 ], [ 77.737, 13.183 ], [ 77.725, 13.185 ], [ 77.721, 13.198 ], [ 77.708, 13.2 ], [ 77.699, 13.19 ], [ 77.687, 13.193 ], [ 77.678, 13.183 ], [ 77.666, 13.185 ], [ 77.662, 13.198 ], [ 77.649, 13.2 ], [ 77.645, 13.213 ], [ 77.632, 13.215 ], [ 77.624, 13.205 ], [ 77.611, 13.208 ], [ 77.603, 13.198 ], [ 77.59, 13.2 ], [ 77.581, 13.19 ], [ 77.569, 13.193 ], [ 77.565, 13.205 ], [ 77.573, 13.215 ], [ 77.569, 13.228 ], [ 77.557, 13.23 ], [ 77.548, 13.22 ], [ 77.536, 13.223 ], [ 77.527, 13.213 ], [ 77.514, 13.216 ], [ 77.51, 13.228 ], [ 77.498, 13.231 ], [ 77.489, 13.221 ], [ 77.477, 13.223 ], [ 77.468, 13.213 ], [ 77.472, 13.201 ], [ 77.463, 13.191 ], [ 77.467, 13.178 ], [ 77.459, 13.168 ], [ 77.446, 13.171 ], [ 77.438, 13.161 ], [ 77.425, 13.163 ], [ 77.416, 13.153 ], [ 77.42, 13.141 ], [ 77.412, 13.131 ], [ 77.399, 13.134 ], [ 77.391, 13.124 ], [ 77.395, 13.111 ], [ 77.407, 13.109 ], [ 77.411, 13.096 ], [ 77.424, 13.094 ], [ 77.428, 13.081 ], [ 77.419, 13.071 ], [ 77.407, 13.074 ], [ 77.398, 13.064 ], [ 77.386, 13.066 ], [ 77.377, 13.056 ], [ 77.381, 13.044 ], [ 77.394, 13.041 ], [ 77.398, 13.029 ], [ 77.389, 13.019 ], [ 77.377, 13.021 ], [ 77.368, 13.012 ], [ 77.372, 12.999 ] ] ] ] } },
{ "type": "Feature", "properties": { "POLYGON.ID": 43.0, "subregion": "India--Karnataka--Dharwad_CL27389", "FILTER": "Karnataka", "POLYGON": "India--Karnataka--Dharwad_CL27389", "COUNTY": "Dharwad", "STATE": "Karnataka", "OWNER": null }, "geometry": { "type": "MultiPolygon", "coordinates": [ [ [ [ 75.086, 15.142 ], [ 75.098, 15.14 ], [ 75.102, 15.128 ], [ 75.114, 15.126 ], [ 75.123, 15.136 ], [ 75.119, 15.148 ], [ 75.127, 15.158 ], [ 75.139, 15.155 ], [ 75.143, 15.143 ], [ 75.135, 15.133 ], [ 75.139, 15.121 ], [ 75.151, 15.119 ], [ 75.155, 15.107 ], [ 75.168, 15.105 ], [ 75.172, 15.092 ], [ 75.184, 15.09 ], [ 75.192, 15.1 ], [ 75.205, 15.098 ], [ 75.213, 15.108 ], [ 75.225, 15.106 ], [ 75.234, 15.116 ], [ 75.246, 15.113 ], [ 75.25, 15.101 ], [ 75.262, 15.099 ], [ 75.271, 15.109 ], [ 75.267, 15.121 ], [ 75.275, 15.131 ], [ 75.287, 15.129 ], [ 75.296, 15.139 ], [ 75.308, 15.137 ], [ 75.316, 15.147 ], [ 75.312, 15.159 ], [ 75.321, 15.169 ], [ 75.333, 15.167 ], [ 75.337, 15.154 ], [ 75.329, 15.144 ], [ 75.333, 15.132 ], [ 75.345, 15.13 ], [ 75.349, 15.118 ], [ 75.341, 15.108 ], [ 75.345, 15.096 ], [ 75.336, 15.086 ], [ 75.34, 15.074 ], [ 75.353, 15.071 ], [ 75.357, 15.059 ], [ 75.369, 15.057 ], [ 75.373, 15.045 ], [ 75.386, 15.043 ], [ 75.394, 15.053 ], [ 75.406, 15.05 ], [ 75.415, 15.06 ], [ 75.411, 15.072 ], [ 75.419, 15.082 ], [ 75.415, 15.095 ], [ 75.423, 15.105 ], [ 75.419, 15.117 ], [ 75.428, 15.127 ], [ 75.424, 15.139 ], [ 75.411, 15.141 ], [ 75.407, 15.153 ], [ 75.416, 15.163 ], [ 75.412, 15.175 ], [ 75.399, 15.178 ], [ 75.395, 15.19 ], [ 75.404, 15.2 ], [ 75.416, 15.197 ], [ 75.424, 15.207 ], [ 75.437, 15.205 ], [ 75.445, 15.215 ], [ 75.441, 15.227 ], [ 75.429, 15.23 ], [ 75.425, 15.242 ], [ 75.412, 15.244 ], [ 75.408, 15.256 ], [ 75.417, 15.266 ], [ 75.413, 15.278 ], [ 75.421, 15.288 ], [ 75.417, 15.3 ], [ 75.425, 15.31 ], [ 75.438, 15.308 ], [ 75.446, 15.318 ], [ 75.442, 15.33 ], [ 75.45, 15.34 ], [ 75.446, 15.352 ], [ 75.455, 15.362 ], [ 75.451, 15.375 ], [ 75.459, 15.385 ], [ 75.472, 15.382 ], [ 75.48, 15.392 ], [ 75.492, 15.39 ], [ 75.501, 15.4 ], [ 75.497, 15.412 ], [ 75.505, 15.422 ], [ 75.501, 15.434 ], [ 75.489, 15.437 ], [ 75.485, 15.449 ], [ 75.493, 15.459 ], [ 75.489, 15.471 ], [ 75.497, 15.481 ], [ 75.493, 15.493 ], [ 75.481, 15.495 ], [ 75.477, 15.507 ], [ 75.485, 15.517 ], [ 75.481, 15.529 ], [ 75.49, 15.539 ], [ 75.502, 15.537 ], [ 75.506, 15.525 ], [ 75.519, 15.523 ], [ 75.527, 15.533 ], [ 75.523, 15.545 ], [ 75.531, 15.555 ], [ 75.527, 15.567 ], [ 75.536, 15.577 ], [ 75.532, 15.589 ], [ 75.54, 15.599 ], [ 75.536, 15.611 ], [ 75.544, 15.621 ], [ 75.54, 15.634 ], [ 75.549, 15.643 ], [ 75.545, 15.656 ], [ 75.532, 15.658 ], [ 75.524, 15.648 ], [ 75.512, 15.65 ], [ 75.507, 15.662 ], [ 75.495, 15.664 ], [ 75.491, 15.677 ], [ 75.499, 15.687 ], [ 75.495, 15.699 ], [ 75.483, 15.701 ], [ 75.475, 15.691 ], [ 75.462, 15.693 ], [ 75.454, 15.683 ], [ 75.441, 15.685 ], [ 75.433, 15.675 ], [ 75.421, 15.677 ], [ 75.412, 15.668 ], [ 75.4, 15.67 ], [ 75.391, 15.66 ], [ 75.379, 15.662 ], [ 75.375, 15.674 ], [ 75.363, 15.676 ], [ 75.354, 15.666 ], [ 75.358, 15.654 ], [ 75.35, 15.644 ], [ 75.338, 15.646 ], [ 75.334, 15.658 ], [ 75.342, 15.668 ], [ 75.338, 15.681 ], [ 75.326, 15.683 ], [ 75.317, 15.673 ], [ 75.305, 15.675 ], [ 75.301, 15.687 ], [ 75.288, 15.689 ], [ 75.28, 15.679 ], [ 75.284, 15.667 ], [ 75.276, 15.657 ], [ 75.263, 15.659 ], [ 75.255, 15.649 ], [ 75.243, 15.652 ], [ 75.239, 15.664 ], [ 75.226, 15.666 ], [ 75.222, 15.678 ], [ 75.21, 15.68 ], [ 75.201, 15.67 ], [ 75.205, 15.658 ], [ 75.197, 15.648 ], [ 75.185, 15.65 ], [ 75.181, 15.662 ], [ 75.168, 15.665 ], [ 75.16, 15.655 ], [ 75.148, 15.657 ], [ 75.144, 15.669 ], [ 75.131, 15.671 ], [ 75.123, 15.661 ], [ 75.111, 15.663 ], [ 75.102, 15.653 ], [ 75.106, 15.641 ], [ 75.098, 15.631 ], [ 75.102, 15.619 ], [ 75.094, 15.609 ], [ 75.081, 15.611 ], [ 75.077, 15.623 ], [ 75.065, 15.626 ], [ 75.061, 15.638 ], [ 75.069, 15.648 ], [ 75.065, 15.66 ], [ 75.053, 15.662 ], [ 75.049, 15.674 ], [ 75.037, 15.676 ], [ 75.028, 15.666 ], [ 75.032, 15.654 ], [ 75.024, 15.644 ], [ 75.012, 15.646 ], [ 75.008, 15.658 ], [ 74.995, 15.66 ], [ 74.987, 15.651 ], [ 74.975, 15.653 ], [ 74.966, 15.643 ], [ 74.97, 15.631 ], [ 74.962, 15.621 ], [ 74.95, 15.623 ], [ 74.941, 15.613 ], [ 74.929, 15.615 ], [ 74.925, 15.627 ], [ 74.913, 15.629 ], [ 74.904, 15.619 ], [ 74.892, 15.621 ], [ 74.884, 15.611 ], [ 74.871, 15.614 ], [ 74.863, 15.604 ], [ 74.851, 15.606 ], [ 74.847, 15.618 ], [ 74.834, 15.62 ], [ 74.826, 15.61 ], [ 74.83, 15.598 ], [ 74.842, 15.596 ], [ 74.846, 15.584 ], [ 74.838, 15.574 ], [ 74.842, 15.562 ], [ 74.855, 15.56 ], [ 74.859, 15.547 ], [ 74.871, 15.545 ], [ 74.879, 15.555 ], [ 74.891, 15.553 ], [ 74.895, 15.541 ], [ 74.908, 15.539 ], [ 74.912, 15.527 ], [ 74.924, 15.525 ], [ 74.928, 15.513 ], [ 74.92, 15.503 ], [ 74.924, 15.49 ], [ 74.936, 15.488 ], [ 74.94, 15.476 ], [ 74.932, 15.466 ], [ 74.936, 15.454 ], [ 74.928, 15.444 ], [ 74.932, 15.432 ], [ 74.944, 15.43 ], [ 74.948, 15.418 ], [ 74.94, 15.408 ], [ 74.944, 15.396 ], [ 74.956, 15.394 ], [ 74.96, 15.381 ], [ 74.972, 15.379 ], [ 74.976, 15.367 ], [ 74.968, 15.357 ], [ 74.972, 15.345 ], [ 74.964, 15.335 ], [ 74.968, 15.323 ], [ 74.98, 15.321 ], [ 74.984, 15.309 ], [ 74.976, 15.299 ], [ 74.98, 15.287 ], [ 74.992, 15.284 ], [ 74.996, 15.272 ], [ 74.988, 15.262 ], [ 74.992, 15.25 ], [ 74.984, 15.24 ], [ 74.988, 15.228 ], [ 74.979, 15.218 ], [ 74.983, 15.206 ], [ 74.975, 15.196 ], [ 74.979, 15.184 ], [ 74.971, 15.174 ], [ 74.975, 15.162 ], [ 74.966, 15.152 ], [ 74.97, 15.14 ], [ 74.983, 15.138 ], [ 74.987, 15.125 ], [ 74.999, 15.123 ], [ 75.007, 15.133 ], [ 75.02, 15.131 ], [ 75.028, 15.141 ], [ 75.04, 15.139 ], [ 75.049, 15.149 ], [ 75.061, 15.147 ], [ 75.069, 15.156 ], [ 75.082, 15.154 ], [ 75.086, 15.142 ] ] ] ] } },
{ "type": "Feature", "properties": { "POLYGON.ID": 138.0, "subregion": "India--Karnataka--Kolar_CL31431", "FILTER": "Karnataka", "POLYGON": "India--Karnataka--Kolar_CL31431", "COUNTY": "Kolar", "STATE": "Karnataka", "OWNER": null }, "geometry": { "type": "MultiPolygon", "coordinates": [ [ [ [ 77.939, 13.107 ], [ 77.926, 13.11 ], [ 77.918, 13.1 ], [ 77.922, 13.087 ], [ 77.934, 13.085 ], [ 77.938, 13.072 ], [ 77.93, 13.062 ], [ 77.917, 13.065 ], [ 77.908, 13.055 ], [ 77.896, 13.057 ], [ 77.887, 13.047 ], [ 77.891, 13.035 ], [ 77.882, 13.025 ], [ 77.886, 13.012 ], [ 77.878, 13.002 ], [ 77.882, 12.99 ], [ 77.873, 12.98 ], [ 77.877, 12.967 ], [ 77.868, 12.957 ], [ 77.872, 12.945 ], [ 77.864, 12.935 ], [ 77.851, 12.938 ], [ 77.843, 12.928 ], [ 77.847, 12.915 ], [ 77.859, 12.913 ], [ 77.863, 12.9 ], [ 77.855, 12.89 ], [ 77.859, 12.878 ], [ 77.871, 12.875 ], [ 77.875, 12.862 ], [ 77.888, 12.86 ], [ 77.897, 12.87 ], [ 77.893, 12.882 ], [ 77.901, 12.892 ], [ 77.914, 12.89 ], [ 77.918, 12.877 ], [ 77.93, 12.875 ], [ 77.934, 12.862 ], [ 77.926, 12.852 ], [ 77.93, 12.84 ], [ 77.921, 12.83 ], [ 77.925, 12.817 ], [ 77.938, 12.815 ], [ 77.946, 12.825 ], [ 77.942, 12.837 ], [ 77.951, 12.847 ], [ 77.964, 12.845 ], [ 77.968, 12.832 ], [ 77.98, 12.829 ], [ 77.984, 12.817 ], [ 77.997, 12.814 ], [ 78.006, 12.824 ], [ 78.018, 12.822 ], [ 78.027, 12.832 ], [ 78.023, 12.844 ], [ 78.032, 12.854 ], [ 78.044, 12.852 ], [ 78.048, 12.839 ], [ 78.061, 12.836 ], [ 78.069, 12.846 ], [ 78.082, 12.844 ], [ 78.086, 12.831 ], [ 78.099, 12.829 ], [ 78.103, 12.816 ], [ 78.115, 12.814 ], [ 78.119, 12.801 ], [ 78.132, 12.798 ], [ 78.136, 12.786 ], [ 78.149, 12.783 ], [ 78.153, 12.771 ], [ 78.165, 12.768 ], [ 78.174, 12.778 ], [ 78.187, 12.776 ], [ 78.191, 12.763 ], [ 78.203, 12.76 ], [ 78.212, 12.77 ], [ 78.225, 12.768 ], [ 78.233, 12.778 ], [ 78.246, 12.775 ], [ 78.255, 12.785 ], [ 78.251, 12.798 ], [ 78.259, 12.808 ], [ 78.255, 12.82 ], [ 78.264, 12.83 ], [ 78.26, 12.843 ], [ 78.247, 12.845 ], [ 78.243, 12.858 ], [ 78.252, 12.868 ], [ 78.265, 12.865 ], [ 78.273, 12.875 ], [ 78.286, 12.873 ], [ 78.29, 12.86 ], [ 78.303, 12.857 ], [ 78.312, 12.867 ], [ 78.324, 12.865 ], [ 78.333, 12.875 ], [ 78.329, 12.887 ], [ 78.338, 12.897 ], [ 78.334, 12.91 ], [ 78.342, 12.92 ], [ 78.338, 12.932 ], [ 78.347, 12.942 ], [ 78.36, 12.94 ], [ 78.364, 12.927 ], [ 78.376, 12.925 ], [ 78.38, 12.912 ], [ 78.393, 12.909 ], [ 78.402, 12.919 ], [ 78.414, 12.917 ], [ 78.418, 12.904 ], [ 78.431, 12.902 ], [ 78.44, 12.912 ], [ 78.436, 12.924 ], [ 78.423, 12.927 ], [ 78.419, 12.939 ], [ 78.428, 12.949 ], [ 78.424, 12.962 ], [ 78.432, 12.972 ], [ 78.445, 12.969 ], [ 78.454, 12.979 ], [ 78.467, 12.977 ], [ 78.475, 12.987 ], [ 78.471, 12.999 ], [ 78.459, 13.002 ], [ 78.455, 13.014 ], [ 78.463, 13.024 ], [ 78.459, 13.037 ], [ 78.468, 13.047 ], [ 78.481, 13.044 ], [ 78.489, 13.054 ], [ 78.502, 13.052 ], [ 78.511, 13.062 ], [ 78.507, 13.074 ], [ 78.516, 13.084 ], [ 78.512, 13.097 ], [ 78.52, 13.107 ], [ 78.516, 13.119 ], [ 78.525, 13.129 ], [ 78.521, 13.142 ], [ 78.53, 13.152 ], [ 78.542, 13.149 ], [ 78.551, 13.159 ], [ 78.564, 13.156 ], [ 78.573, 13.166 ], [ 78.569, 13.179 ], [ 78.556, 13.182 ], [ 78.552, 13.194 ], [ 78.561, 13.204 ], [ 78.573, 13.201 ], [ 78.582, 13.211 ], [ 78.578, 13.224 ], [ 78.565, 13.227 ], [ 78.561, 13.239 ], [ 78.57, 13.249 ], [ 78.583, 13.247 ], [ 78.591, 13.257 ], [ 78.587, 13.269 ], [ 78.575, 13.272 ], [ 78.571, 13.284 ], [ 78.579, 13.294 ], [ 78.575, 13.307 ], [ 78.563, 13.309 ], [ 78.554, 13.299 ], [ 78.558, 13.287 ], [ 78.549, 13.277 ], [ 78.536, 13.279 ], [ 78.528, 13.269 ], [ 78.515, 13.272 ], [ 78.511, 13.285 ], [ 78.498, 13.287 ], [ 78.494, 13.3 ], [ 78.482, 13.302 ], [ 78.478, 13.315 ], [ 78.465, 13.317 ], [ 78.456, 13.307 ], [ 78.443, 13.31 ], [ 78.439, 13.322 ], [ 78.427, 13.325 ], [ 78.418, 13.315 ], [ 78.405, 13.318 ], [ 78.401, 13.33 ], [ 78.41, 13.34 ], [ 78.406, 13.353 ], [ 78.393, 13.355 ], [ 78.389, 13.368 ], [ 78.376, 13.37 ], [ 78.372, 13.383 ], [ 78.381, 13.393 ], [ 78.377, 13.405 ], [ 78.386, 13.415 ], [ 78.382, 13.428 ], [ 78.369, 13.43 ], [ 78.365, 13.443 ], [ 78.374, 13.453 ], [ 78.37, 13.465 ], [ 78.379, 13.475 ], [ 78.375, 13.488 ], [ 78.383, 13.498 ], [ 78.379, 13.51 ], [ 78.388, 13.52 ], [ 78.384, 13.533 ], [ 78.393, 13.543 ], [ 78.389, 13.555 ], [ 78.397, 13.565 ], [ 78.393, 13.578 ], [ 78.381, 13.581 ], [ 78.377, 13.593 ], [ 78.364, 13.596 ], [ 78.355, 13.586 ], [ 78.342, 13.588 ], [ 78.338, 13.601 ], [ 78.326, 13.603 ], [ 78.317, 13.593 ], [ 78.304, 13.596 ], [ 78.296, 13.586 ], [ 78.283, 13.588 ], [ 78.274, 13.578 ], [ 78.261, 13.581 ], [ 78.257, 13.593 ], [ 78.245, 13.596 ], [ 78.236, 13.586 ], [ 78.223, 13.588 ], [ 78.215, 13.578 ], [ 78.202, 13.581 ], [ 78.193, 13.571 ], [ 78.197, 13.559 ], [ 78.189, 13.549 ], [ 78.193, 13.536 ], [ 78.205, 13.534 ], [ 78.209, 13.521 ], [ 78.201, 13.511 ], [ 78.205, 13.499 ], [ 78.196, 13.489 ], [ 78.2, 13.476 ], [ 78.213, 13.473 ], [ 78.217, 13.461 ], [ 78.208, 13.451 ], [ 78.195, 13.454 ], [ 78.187, 13.444 ], [ 78.191, 13.431 ], [ 78.182, 13.421 ], [ 78.169, 13.424 ], [ 78.161, 13.414 ], [ 78.148, 13.416 ], [ 78.139, 13.406 ], [ 78.143, 13.394 ], [ 78.135, 13.384 ], [ 78.139, 13.371 ], [ 78.151, 13.369 ], [ 78.155, 13.356 ], [ 78.147, 13.346 ], [ 78.134, 13.349 ], [ 78.125, 13.339 ], [ 78.129, 13.326 ], [ 78.121, 13.316 ], [ 78.125, 13.304 ], [ 78.116, 13.294 ], [ 78.103, 13.296 ], [ 78.099, 13.309 ], [ 78.087, 13.311 ], [ 78.078, 13.301 ], [ 78.065, 13.304 ], [ 78.057, 13.294 ], [ 78.044, 13.297 ], [ 78.035, 13.287 ], [ 78.023, 13.289 ], [ 78.019, 13.302 ], [ 78.006, 13.304 ], [ 77.997, 13.294 ], [ 77.985, 13.297 ], [ 77.976, 13.287 ], [ 77.963, 13.289 ], [ 77.955, 13.279 ], [ 77.959, 13.267 ], [ 77.95, 13.257 ], [ 77.954, 13.244 ], [ 77.967, 13.242 ], [ 77.971, 13.229 ], [ 77.962, 13.219 ], [ 77.966, 13.207 ], [ 77.957, 13.197 ], [ 77.961, 13.184 ], [ 77.953, 13.174 ], [ 77.957, 13.162 ], [ 77.948, 13.152 ], [ 77.952, 13.139 ], [ 77.943, 13.129 ], [ 77.947, 13.117 ], [ 77.939, 13.107 ] ] ] ] } },
{ "type": "Feature", "properties": { "POLYGON.ID": 137.0, "subregion": "India--Karnataka--Davanagere_CL31430", "FILTER": "Karnataka", "POLYGON": "India--Karnataka--Davanagere_CL31430", "COUNTY": "Davanagere", "STATE": "Karnataka", "OWNER": null }, "geometry": { "type": "MultiPolygon", "coordinates": [ [ [ [ 75.522, 14.237 ], [ 75.535, 14.235 ], [ 75.539, 14.223 ], [ 75.53, 14.213 ], [ 75.518, 14.215 ], [ 75.51, 14.205 ], [ 75.497, 14.207 ], [ 75.493, 14.22 ], [ 75.481, 14.222 ], [ 75.472, 14.212 ], [ 75.46, 14.214 ], [ 75.452, 14.204 ], [ 75.456, 14.192 ], [ 75.468, 14.19 ], [ 75.472, 14.178 ], [ 75.464, 14.168 ], [ 75.451, 14.17 ], [ 75.443, 14.16 ], [ 75.431, 14.162 ], [ 75.422, 14.152 ], [ 75.426, 14.14 ], [ 75.439, 14.138 ], [ 75.443, 14.126 ], [ 75.455, 14.123 ], [ 75.459, 14.111 ], [ 75.471, 14.109 ], [ 75.475, 14.097 ], [ 75.488, 14.094 ], [ 75.496, 14.104 ], [ 75.509, 14.102 ], [ 75.513, 14.09 ], [ 75.525, 14.087 ], [ 75.533, 14.097 ], [ 75.546, 14.095 ], [ 75.55, 14.083 ], [ 75.562, 14.08 ], [ 75.566, 14.068 ], [ 75.578, 14.066 ], [ 75.582, 14.053 ], [ 75.595, 14.051 ], [ 75.603, 14.061 ], [ 75.615, 14.059 ], [ 75.624, 14.069 ], [ 75.636, 14.066 ], [ 75.644, 14.076 ], [ 75.657, 14.074 ], [ 75.661, 14.062 ], [ 75.673, 14.059 ], [ 75.682, 14.069 ], [ 75.694, 14.067 ], [ 75.702, 14.077 ], [ 75.715, 14.075 ], [ 75.723, 14.085 ], [ 75.735, 14.082 ], [ 75.744, 14.092 ], [ 75.74, 14.104 ], [ 75.748, 14.114 ], [ 75.761, 14.112 ], [ 75.765, 14.1 ], [ 75.777, 14.097 ], [ 75.785, 14.107 ], [ 75.798, 14.105 ], [ 75.802, 14.093 ], [ 75.814, 14.09 ], [ 75.818, 14.078 ], [ 75.81, 14.068 ], [ 75.814, 14.056 ], [ 75.805, 14.046 ], [ 75.809, 14.034 ], [ 75.822, 14.031 ], [ 75.826, 14.019 ], [ 75.817, 14.009 ], [ 75.821, 13.997 ], [ 75.834, 13.995 ], [ 75.838, 13.982 ], [ 75.85, 13.98 ], [ 75.859, 13.99 ], [ 75.871, 13.988 ], [ 75.879, 13.997 ], [ 75.892, 13.995 ], [ 75.896, 13.983 ], [ 75.908, 13.98 ], [ 75.917, 13.99 ], [ 75.929, 13.988 ], [ 75.933, 13.976 ], [ 75.945, 13.973 ], [ 75.949, 13.961 ], [ 75.962, 13.959 ], [ 75.966, 13.946 ], [ 75.978, 13.944 ], [ 75.982, 13.932 ], [ 75.974, 13.922 ], [ 75.978, 13.91 ], [ 75.969, 13.9 ], [ 75.973, 13.887 ], [ 75.965, 13.877 ], [ 75.953, 13.88 ], [ 75.944, 13.87 ], [ 75.932, 13.872 ], [ 75.923, 13.862 ], [ 75.927, 13.85 ], [ 75.94, 13.848 ], [ 75.944, 13.835 ], [ 75.956, 13.833 ], [ 75.965, 13.843 ], [ 75.977, 13.84 ], [ 75.985, 13.85 ], [ 75.998, 13.848 ], [ 76.006, 13.858 ], [ 76.019, 13.856 ], [ 76.027, 13.866 ], [ 76.023, 13.878 ], [ 76.031, 13.888 ], [ 76.027, 13.9 ], [ 76.036, 13.91 ], [ 76.032, 13.922 ], [ 76.04, 13.932 ], [ 76.053, 13.93 ], [ 76.061, 13.94 ], [ 76.057, 13.952 ], [ 76.066, 13.962 ], [ 76.062, 13.974 ], [ 76.049, 13.977 ], [ 76.045, 13.989 ], [ 76.054, 13.999 ], [ 76.049, 14.011 ], [ 76.058, 14.021 ], [ 76.054, 14.034 ], [ 76.041, 14.036 ], [ 76.037, 14.048 ], [ 76.046, 14.058 ], [ 76.058, 14.056 ], [ 76.067, 14.066 ], [ 76.063, 14.078 ], [ 76.05, 14.08 ], [ 76.046, 14.093 ], [ 76.034, 14.095 ], [ 76.03, 14.107 ], [ 76.038, 14.117 ], [ 76.034, 14.13 ], [ 76.043, 14.14 ], [ 76.039, 14.152 ], [ 76.047, 14.162 ], [ 76.06, 14.159 ], [ 76.068, 14.169 ], [ 76.064, 14.182 ], [ 76.052, 14.184 ], [ 76.048, 14.196 ], [ 76.056, 14.206 ], [ 76.068, 14.204 ], [ 76.077, 14.214 ], [ 76.073, 14.226 ], [ 76.081, 14.236 ], [ 76.077, 14.248 ], [ 76.086, 14.258 ], [ 76.098, 14.256 ], [ 76.102, 14.244 ], [ 76.115, 14.241 ], [ 76.123, 14.251 ], [ 76.119, 14.264 ], [ 76.127, 14.274 ], [ 76.123, 14.286 ], [ 76.111, 14.288 ], [ 76.107, 14.3 ], [ 76.115, 14.31 ], [ 76.111, 14.323 ], [ 76.12, 14.333 ], [ 76.132, 14.33 ], [ 76.136, 14.318 ], [ 76.149, 14.316 ], [ 76.157, 14.326 ], [ 76.153, 14.338 ], [ 76.162, 14.348 ], [ 76.158, 14.36 ], [ 76.145, 14.363 ], [ 76.141, 14.375 ], [ 76.15, 14.385 ], [ 76.146, 14.397 ], [ 76.154, 14.407 ], [ 76.15, 14.419 ], [ 76.137, 14.422 ], [ 76.133, 14.434 ], [ 76.142, 14.444 ], [ 76.154, 14.442 ], [ 76.163, 14.451 ], [ 76.175, 14.449 ], [ 76.184, 14.459 ], [ 76.196, 14.457 ], [ 76.2, 14.444 ], [ 76.213, 14.442 ], [ 76.221, 14.452 ], [ 76.234, 14.45 ], [ 76.238, 14.437 ], [ 76.25, 14.435 ], [ 76.259, 14.445 ], [ 76.271, 14.443 ], [ 76.275, 14.43 ], [ 76.267, 14.421 ], [ 76.271, 14.408 ], [ 76.283, 14.406 ], [ 76.291, 14.416 ], [ 76.304, 14.413 ], [ 76.308, 14.401 ], [ 76.32, 14.399 ], [ 76.329, 14.409 ], [ 76.341, 14.406 ], [ 76.35, 14.416 ], [ 76.362, 14.414 ], [ 76.371, 14.424 ], [ 76.383, 14.422 ], [ 76.392, 14.432 ], [ 76.404, 14.429 ], [ 76.413, 14.439 ], [ 76.425, 14.437 ], [ 76.434, 14.447 ], [ 76.446, 14.445 ], [ 76.455, 14.455 ], [ 76.451, 14.467 ], [ 76.459, 14.477 ], [ 76.455, 14.489 ], [ 76.464, 14.499 ], [ 76.476, 14.497 ], [ 76.485, 14.507 ], [ 76.497, 14.504 ], [ 76.506, 14.514 ], [ 76.518, 14.512 ], [ 76.527, 14.522 ], [ 76.523, 14.534 ], [ 76.531, 14.544 ], [ 76.527, 14.557 ], [ 76.515, 14.559 ], [ 76.511, 14.571 ], [ 76.498, 14.574 ], [ 76.49, 14.564 ], [ 76.477, 14.566 ], [ 76.473, 14.578 ], [ 76.461, 14.581 ], [ 76.452, 14.571 ], [ 76.44, 14.573 ], [ 76.436, 14.585 ], [ 76.423, 14.588 ], [ 76.419, 14.6 ], [ 76.427, 14.61 ], [ 76.423, 14.622 ], [ 76.411, 14.624 ], [ 76.407, 14.637 ], [ 76.394, 14.639 ], [ 76.39, 14.651 ], [ 76.378, 14.654 ], [ 76.374, 14.666 ], [ 76.361, 14.668 ], [ 76.353, 14.658 ], [ 76.34, 14.661 ], [ 76.336, 14.673 ], [ 76.345, 14.683 ], [ 76.341, 14.695 ], [ 76.328, 14.698 ], [ 76.32, 14.688 ], [ 76.307, 14.69 ], [ 76.299, 14.68 ], [ 76.286, 14.682 ], [ 76.282, 14.695 ], [ 76.27, 14.697 ], [ 76.262, 14.687 ], [ 76.249, 14.689 ], [ 76.241, 14.679 ], [ 76.245, 14.667 ], [ 76.236, 14.657 ], [ 76.224, 14.659 ], [ 76.22, 14.672 ], [ 76.207, 14.674 ], [ 76.203, 14.686 ], [ 76.191, 14.689 ], [ 76.187, 14.701 ], [ 76.195, 14.711 ], [ 76.191, 14.723 ], [ 76.2, 14.733 ], [ 76.196, 14.745 ], [ 76.204, 14.755 ], [ 76.2, 14.768 ], [ 76.188, 14.77 ], [ 76.183, 14.782 ], [ 76.171, 14.784 ], [ 76.163, 14.774 ], [ 76.15, 14.777 ], [ 76.146, 14.789 ], [ 76.155, 14.799 ], [ 76.151, 14.811 ], [ 76.159, 14.821 ], [ 76.171, 14.819 ], [ 76.18, 14.829 ], [ 76.192, 14.827 ], [ 76.201, 14.837 ], [ 76.197, 14.849 ], [ 76.184, 14.851 ], [ 76.176, 14.841 ], [ 76.163, 14.843 ], [ 76.159, 14.856 ], [ 76.147, 14.858 ], [ 76.143, 14.87 ], [ 76.13, 14.873 ], [ 76.122, 14.863 ], [ 76.109, 14.865 ], [ 76.105, 14.877 ], [ 76.093, 14.879 ], [ 76.085, 14.869 ], [ 76.072, 14.872 ], [ 76.068, 14.884 ], [ 76.077, 14.894 ], [ 76.073, 14.906 ], [ 76.06, 14.908 ], [ 76.056, 14.921 ], [ 76.044, 14.923 ], [ 76.035, 14.913 ], [ 76.023, 14.915 ], [ 76.014, 14.905 ], [ 76.002, 14.908 ], [ 75.993, 14.898 ], [ 75.981, 14.9 ], [ 75.977, 14.912 ], [ 75.964, 14.914 ], [ 75.956, 14.905 ], [ 75.944, 14.907 ], [ 75.935, 14.897 ], [ 75.923, 14.899 ], [ 75.914, 14.889 ], [ 75.902, 14.891 ], [ 75.893, 14.881 ], [ 75.897, 14.869 ], [ 75.889, 14.859 ], [ 75.877, 14.862 ], [ 75.868, 14.852 ], [ 75.856, 14.854 ], [ 75.852, 14.866 ], [ 75.86, 14.876 ], [ 75.856, 14.888 ], [ 75.844, 14.891 ], [ 75.835, 14.881 ], [ 75.823, 14.883 ], [ 75.819, 14.895 ], [ 75.806, 14.897 ], [ 75.798, 14.887 ], [ 75.802, 14.875 ], [ 75.794, 14.865 ], [ 75.798, 14.853 ], [ 75.81, 14.851 ], [ 75.814, 14.838 ], [ 75.826, 14.836 ], [ 75.83, 14.824 ], [ 75.822, 14.814 ], [ 75.826, 14.802 ], [ 75.839, 14.8 ], [ 75.843, 14.787 ], [ 75.834, 14.777 ], [ 75.822, 14.78 ], [ 75.813, 14.77 ], [ 75.801, 14.772 ], [ 75.797, 14.784 ], [ 75.784, 14.786 ], [ 75.776, 14.776 ], [ 75.764, 14.779 ], [ 75.755, 14.769 ], [ 75.759, 14.757 ], [ 75.751, 14.747 ], [ 75.755, 14.734 ], [ 75.767, 14.732 ], [ 75.771, 14.72 ], [ 75.763, 14.71 ], [ 75.75, 14.712 ], [ 75.742, 14.702 ], [ 75.746, 14.69 ], [ 75.758, 14.688 ], [ 75.762, 14.675 ], [ 75.775, 14.673 ], [ 75.783, 14.683 ], [ 75.796, 14.681 ], [ 75.8, 14.669 ], [ 75.812, 14.666 ], [ 75.816, 14.654 ], [ 75.808, 14.644 ], [ 75.812, 14.632 ], [ 75.803, 14.622 ], [ 75.807, 14.61 ], [ 75.799, 14.6 ], [ 75.803, 14.587 ], [ 75.815, 14.585 ], [ 75.819, 14.573 ], [ 75.811, 14.563 ], [ 75.815, 14.551 ], [ 75.807, 14.541 ], [ 75.794, 14.543 ], [ 75.786, 14.533 ], [ 75.79, 14.521 ], [ 75.781, 14.511 ], [ 75.769, 14.513 ], [ 75.761, 14.503 ], [ 75.748, 14.506 ], [ 75.74, 14.496 ], [ 75.727, 14.498 ], [ 75.719, 14.488 ], [ 75.723, 14.476 ], [ 75.715, 14.466 ], [ 75.702, 14.468 ], [ 75.698, 14.48 ], [ 75.686, 14.483 ], [ 75.678, 14.473 ], [ 75.682, 14.46 ], [ 75.673, 14.451 ], [ 75.661, 14.453 ], [ 75.657, 14.465 ], [ 75.644, 14.467 ], [ 75.636, 14.457 ], [ 75.64, 14.445 ], [ 75.632, 14.435 ], [ 75.636, 14.423 ], [ 75.627, 14.413 ], [ 75.631, 14.401 ], [ 75.623, 14.391 ], [ 75.627, 14.379 ], [ 75.619, 14.369 ], [ 75.623, 14.356 ], [ 75.614, 14.346 ], [ 75.618, 14.334 ], [ 75.631, 14.332 ], [ 75.635, 14.32 ], [ 75.626, 14.31 ], [ 75.614, 14.312 ], [ 75.605, 14.302 ], [ 75.609, 14.29 ], [ 75.601, 14.28 ], [ 75.589, 14.282 ], [ 75.58, 14.272 ], [ 75.568, 14.275 ], [ 75.56, 14.265 ], [ 75.547, 14.267 ], [ 75.543, 14.279 ], [ 75.531, 14.282 ], [ 75.523, 14.272 ], [ 75.527, 14.259 ], [ 75.518, 14.249 ], [ 75.522, 14.237 ] ] ] ] } },
{ "type": "Feature", "properties": { "POLYGON.ID": 136.0, "subregion": "India--Karnataka--Chitradurga_CL31429", "FILTER": "Karnataka", "POLYGON": "India--Karnataka--Chitradurga_CL31429", "COUNTY": "Chitradurga", "STATE": "Karnataka", "OWNER": null }, "geometry": { "type": "MultiPolygon", "coordinates": [ [ [ [ 76.962, 14.196 ], [ 76.966, 14.184 ], [ 76.979, 14.181 ], [ 76.987, 14.191 ], [ 77.0, 14.189 ], [ 77.004, 14.177 ], [ 77.016, 14.174 ], [ 77.025, 14.184 ], [ 77.021, 14.197 ], [ 77.008, 14.199 ], [ 77.004, 14.211 ], [ 77.013, 14.221 ], [ 77.009, 14.234 ], [ 76.996, 14.236 ], [ 76.992, 14.248 ], [ 76.98, 14.251 ], [ 76.971, 14.241 ], [ 76.958, 14.243 ], [ 76.95, 14.233 ], [ 76.937, 14.236 ], [ 76.933, 14.248 ], [ 76.942, 14.258 ], [ 76.938, 14.27 ], [ 76.946, 14.28 ], [ 76.942, 14.293 ], [ 76.951, 14.303 ], [ 76.947, 14.315 ], [ 76.934, 14.317 ], [ 76.926, 14.308 ], [ 76.913, 14.31 ], [ 76.909, 14.322 ], [ 76.897, 14.325 ], [ 76.893, 14.337 ], [ 76.88, 14.339 ], [ 76.876, 14.352 ], [ 76.885, 14.362 ], [ 76.881, 14.374 ], [ 76.889, 14.384 ], [ 76.885, 14.396 ], [ 76.894, 14.406 ], [ 76.906, 14.404 ], [ 76.915, 14.414 ], [ 76.927, 14.412 ], [ 76.931, 14.399 ], [ 76.944, 14.397 ], [ 76.953, 14.407 ], [ 76.948, 14.419 ], [ 76.957, 14.429 ], [ 76.953, 14.442 ], [ 76.962, 14.451 ], [ 76.958, 14.464 ], [ 76.966, 14.474 ], [ 76.962, 14.486 ], [ 76.95, 14.489 ], [ 76.941, 14.479 ], [ 76.928, 14.481 ], [ 76.924, 14.493 ], [ 76.912, 14.496 ], [ 76.903, 14.486 ], [ 76.891, 14.488 ], [ 76.882, 14.478 ], [ 76.87, 14.48 ], [ 76.866, 14.493 ], [ 76.853, 14.495 ], [ 76.849, 14.508 ], [ 76.836, 14.51 ], [ 76.832, 14.522 ], [ 76.82, 14.525 ], [ 76.816, 14.537 ], [ 76.803, 14.539 ], [ 76.799, 14.552 ], [ 76.787, 14.554 ], [ 76.783, 14.566 ], [ 76.791, 14.576 ], [ 76.787, 14.589 ], [ 76.775, 14.591 ], [ 76.771, 14.603 ], [ 76.779, 14.613 ], [ 76.775, 14.626 ], [ 76.784, 14.636 ], [ 76.78, 14.648 ], [ 76.767, 14.65 ], [ 76.763, 14.663 ], [ 76.772, 14.673 ], [ 76.768, 14.685 ], [ 76.776, 14.695 ], [ 76.789, 14.693 ], [ 76.797, 14.703 ], [ 76.793, 14.715 ], [ 76.802, 14.725 ], [ 76.798, 14.737 ], [ 76.806, 14.747 ], [ 76.802, 14.76 ], [ 76.79, 14.762 ], [ 76.786, 14.774 ], [ 76.794, 14.784 ], [ 76.807, 14.782 ], [ 76.815, 14.792 ], [ 76.828, 14.789 ], [ 76.836, 14.799 ], [ 76.849, 14.797 ], [ 76.858, 14.807 ], [ 76.854, 14.819 ], [ 76.841, 14.822 ], [ 76.837, 14.834 ], [ 76.845, 14.844 ], [ 76.858, 14.842 ], [ 76.867, 14.852 ], [ 76.863, 14.864 ], [ 76.85, 14.866 ], [ 76.846, 14.879 ], [ 76.855, 14.889 ], [ 76.85, 14.901 ], [ 76.859, 14.911 ], [ 76.855, 14.923 ], [ 76.864, 14.933 ], [ 76.86, 14.946 ], [ 76.868, 14.956 ], [ 76.864, 14.968 ], [ 76.851, 14.97 ], [ 76.843, 14.96 ], [ 76.83, 14.963 ], [ 76.826, 14.975 ], [ 76.814, 14.977 ], [ 76.805, 14.967 ], [ 76.793, 14.97 ], [ 76.789, 14.982 ], [ 76.776, 14.984 ], [ 76.768, 14.974 ], [ 76.755, 14.977 ], [ 76.751, 14.989 ], [ 76.738, 14.991 ], [ 76.734, 15.004 ], [ 76.743, 15.014 ], [ 76.739, 15.026 ], [ 76.726, 15.028 ], [ 76.722, 15.04 ], [ 76.71, 15.043 ], [ 76.701, 15.033 ], [ 76.705, 15.021 ], [ 76.697, 15.011 ], [ 76.684, 15.013 ], [ 76.676, 15.003 ], [ 76.68, 14.991 ], [ 76.692, 14.988 ], [ 76.696, 14.976 ], [ 76.709, 14.974 ], [ 76.713, 14.961 ], [ 76.704, 14.951 ], [ 76.708, 14.939 ], [ 76.7, 14.929 ], [ 76.687, 14.931 ], [ 76.683, 14.944 ], [ 76.671, 14.946 ], [ 76.662, 14.936 ], [ 76.666, 14.924 ], [ 76.679, 14.921 ], [ 76.683, 14.909 ], [ 76.674, 14.899 ], [ 76.678, 14.887 ], [ 76.691, 14.884 ], [ 76.695, 14.872 ], [ 76.707, 14.87 ], [ 76.711, 14.857 ], [ 76.703, 14.848 ], [ 76.707, 14.835 ], [ 76.719, 14.833 ], [ 76.723, 14.821 ], [ 76.715, 14.811 ], [ 76.702, 14.813 ], [ 76.694, 14.803 ], [ 76.681, 14.805 ], [ 76.673, 14.795 ], [ 76.677, 14.783 ], [ 76.668, 14.773 ], [ 76.656, 14.775 ], [ 76.647, 14.765 ], [ 76.651, 14.753 ], [ 76.643, 14.743 ], [ 76.647, 14.731 ], [ 76.638, 14.721 ], [ 76.642, 14.708 ], [ 76.634, 14.698 ], [ 76.621, 14.701 ], [ 76.613, 14.691 ], [ 76.617, 14.679 ], [ 76.608, 14.669 ], [ 76.596, 14.671 ], [ 76.587, 14.661 ], [ 76.591, 14.649 ], [ 76.604, 14.646 ], [ 76.608, 14.634 ], [ 76.599, 14.624 ], [ 76.587, 14.626 ], [ 76.578, 14.616 ], [ 76.582, 14.604 ], [ 76.574, 14.594 ], [ 76.561, 14.596 ], [ 76.553, 14.586 ], [ 76.557, 14.574 ], [ 76.548, 14.564 ], [ 76.536, 14.566 ], [ 76.527, 14.557 ], [ 76.531, 14.544 ], [ 76.523, 14.534 ], [ 76.527, 14.522 ], [ 76.518, 14.512 ], [ 76.506, 14.514 ], [ 76.497, 14.504 ], [ 76.485, 14.507 ], [ 76.476, 14.497 ], [ 76.464, 14.499 ], [ 76.455, 14.489 ], [ 76.459, 14.477 ], [ 76.451, 14.467 ], [ 76.455, 14.455 ], [ 76.446, 14.445 ], [ 76.434, 14.447 ], [ 76.425, 14.437 ], [ 76.413, 14.439 ], [ 76.404, 14.429 ], [ 76.392, 14.432 ], [ 76.383, 14.422 ], [ 76.371, 14.424 ], [ 76.362, 14.414 ], [ 76.35, 14.416 ], [ 76.341, 14.406 ], [ 76.329, 14.409 ], [ 76.32, 14.399 ], [ 76.308, 14.401 ], [ 76.304, 14.413 ], [ 76.291, 14.416 ], [ 76.283, 14.406 ], [ 76.271, 14.408 ], [ 76.267, 14.421 ], [ 76.275, 14.43 ], [ 76.271, 14.443 ], [ 76.259, 14.445 ], [ 76.25, 14.435 ], [ 76.238, 14.437 ], [ 76.234, 14.45 ], [ 76.221, 14.452 ], [ 76.213, 14.442 ], [ 76.2, 14.444 ], [ 76.196, 14.457 ], [ 76.184, 14.459 ], [ 76.175, 14.449 ], [ 76.163, 14.451 ], [ 76.154, 14.442 ], [ 76.142, 14.444 ], [ 76.133, 14.434 ], [ 76.137, 14.422 ], [ 76.15, 14.419 ], [ 76.154, 14.407 ], [ 76.146, 14.397 ], [ 76.15, 14.385 ], [ 76.141, 14.375 ], [ 76.145, 14.363 ], [ 76.158, 14.36 ], [ 76.162, 14.348 ], [ 76.153, 14.338 ], [ 76.157, 14.326 ], [ 76.149, 14.316 ], [ 76.136, 14.318 ], [ 76.132, 14.33 ], [ 76.12, 14.333 ], [ 76.111, 14.323 ], [ 76.115, 14.31 ], [ 76.107, 14.3 ], [ 76.111, 14.288 ], [ 76.123, 14.286 ], [ 76.127, 14.274 ], [ 76.119, 14.264 ], [ 76.123, 14.251 ], [ 76.115, 14.241 ], [ 76.102, 14.244 ], [ 76.098, 14.256 ], [ 76.086, 14.258 ], [ 76.077, 14.248 ], [ 76.081, 14.236 ], [ 76.073, 14.226 ], [ 76.077, 14.214 ], [ 76.068, 14.204 ], [ 76.056, 14.206 ], [ 76.048, 14.196 ], [ 76.052, 14.184 ], [ 76.064, 14.182 ], [ 76.068, 14.169 ], [ 76.06, 14.159 ], [ 76.047, 14.162 ], [ 76.039, 14.152 ], [ 76.043, 14.14 ], [ 76.034, 14.13 ], [ 76.038, 14.117 ], [ 76.03, 14.107 ], [ 76.034, 14.095 ], [ 76.046, 14.093 ], [ 76.05, 14.08 ], [ 76.063, 14.078 ], [ 76.067, 14.066 ], [ 76.058, 14.056 ], [ 76.046, 14.058 ], [ 76.037, 14.048 ], [ 76.041, 14.036 ], [ 76.054, 14.034 ], [ 76.058, 14.021 ], [ 76.049, 14.011 ], [ 76.054, 13.999 ], [ 76.045, 13.989 ], [ 76.049, 13.977 ], [ 76.062, 13.974 ], [ 76.066, 13.962 ], [ 76.057, 13.952 ], [ 76.061, 13.94 ], [ 76.053, 13.93 ], [ 76.04, 13.932 ], [ 76.032, 13.922 ], [ 76.036, 13.91 ], [ 76.048, 13.908 ], [ 76.052, 13.895 ], [ 76.065, 13.893 ], [ 76.069, 13.881 ], [ 76.081, 13.878 ], [ 76.085, 13.866 ], [ 76.098, 13.864 ], [ 76.102, 13.851 ], [ 76.093, 13.841 ], [ 76.097, 13.829 ], [ 76.11, 13.827 ], [ 76.114, 13.814 ], [ 76.126, 13.812 ], [ 76.13, 13.8 ], [ 76.122, 13.79 ], [ 76.126, 13.777 ], [ 76.138, 13.775 ], [ 76.142, 13.763 ], [ 76.154, 13.76 ], [ 76.158, 13.748 ], [ 76.15, 13.738 ], [ 76.154, 13.726 ], [ 76.166, 13.723 ], [ 76.17, 13.711 ], [ 76.183, 13.709 ], [ 76.191, 13.719 ], [ 76.204, 13.716 ], [ 76.208, 13.704 ], [ 76.22, 13.702 ], [ 76.224, 13.689 ], [ 76.237, 13.687 ], [ 76.241, 13.674 ], [ 76.253, 13.672 ], [ 76.257, 13.66 ], [ 76.27, 13.657 ], [ 76.274, 13.645 ], [ 76.286, 13.643 ], [ 76.29, 13.63 ], [ 76.282, 13.62 ], [ 76.286, 13.608 ], [ 76.298, 13.606 ], [ 76.302, 13.593 ], [ 76.314, 13.591 ], [ 76.323, 13.601 ], [ 76.335, 13.598 ], [ 76.339, 13.586 ], [ 76.352, 13.584 ], [ 76.36, 13.594 ], [ 76.373, 13.591 ], [ 76.377, 13.579 ], [ 76.389, 13.576 ], [ 76.398, 13.586 ], [ 76.41, 13.584 ], [ 76.418, 13.594 ], [ 76.431, 13.591 ], [ 76.439, 13.601 ], [ 76.452, 13.599 ], [ 76.46, 13.609 ], [ 76.456, 13.621 ], [ 76.465, 13.631 ], [ 76.477, 13.629 ], [ 76.481, 13.616 ], [ 76.494, 13.614 ], [ 76.502, 13.624 ], [ 76.515, 13.621 ], [ 76.523, 13.631 ], [ 76.519, 13.644 ], [ 76.528, 13.654 ], [ 76.54, 13.651 ], [ 76.549, 13.661 ], [ 76.545, 13.674 ], [ 76.553, 13.684 ], [ 76.565, 13.681 ], [ 76.574, 13.691 ], [ 76.57, 13.703 ], [ 76.578, 13.713 ], [ 76.591, 13.711 ], [ 76.599, 13.721 ], [ 76.612, 13.719 ], [ 76.62, 13.728 ], [ 76.633, 13.726 ], [ 76.637, 13.714 ], [ 76.649, 13.711 ], [ 76.658, 13.721 ], [ 76.67, 13.719 ], [ 76.674, 13.706 ], [ 76.687, 13.704 ], [ 76.695, 13.714 ], [ 76.691, 13.726 ], [ 76.679, 13.729 ], [ 76.675, 13.741 ], [ 76.683, 13.751 ], [ 76.696, 13.749 ], [ 76.704, 13.759 ], [ 76.7, 13.771 ], [ 76.709, 13.781 ], [ 76.705, 13.793 ], [ 76.713, 13.803 ], [ 76.726, 13.801 ], [ 76.73, 13.788 ], [ 76.742, 13.786 ], [ 76.746, 13.774 ], [ 76.759, 13.771 ], [ 76.767, 13.781 ], [ 76.763, 13.794 ], [ 76.772, 13.803 ], [ 76.768, 13.816 ], [ 76.776, 13.826 ], [ 76.772, 13.838 ], [ 76.76, 13.841 ], [ 76.756, 13.853 ], [ 76.743, 13.855 ], [ 76.739, 13.868 ], [ 76.727, 13.87 ], [ 76.723, 13.883 ], [ 76.731, 13.893 ], [ 76.727, 13.905 ], [ 76.736, 13.915 ], [ 76.748, 13.912 ], [ 76.757, 13.922 ], [ 76.769, 13.92 ], [ 76.778, 13.93 ], [ 76.79, 13.928 ], [ 76.794, 13.915 ], [ 76.807, 13.913 ], [ 76.815, 13.923 ], [ 76.811, 13.935 ], [ 76.82, 13.945 ], [ 76.832, 13.943 ], [ 76.841, 13.953 ], [ 76.837, 13.965 ], [ 76.846, 13.975 ], [ 76.842, 13.987 ], [ 76.829, 13.99 ], [ 76.825, 14.002 ], [ 76.833, 14.012 ], [ 76.846, 14.01 ], [ 76.855, 14.02 ], [ 76.867, 14.017 ], [ 76.876, 14.027 ], [ 76.888, 14.025 ], [ 76.897, 14.035 ], [ 76.893, 14.047 ], [ 76.901, 14.057 ], [ 76.914, 14.055 ], [ 76.922, 14.065 ], [ 76.918, 14.077 ], [ 76.927, 14.087 ], [ 76.939, 14.084 ], [ 76.948, 14.094 ], [ 76.944, 14.107 ], [ 76.952, 14.117 ], [ 76.948, 14.129 ], [ 76.936, 14.132 ], [ 76.927, 14.122 ], [ 76.915, 14.124 ], [ 76.911, 14.136 ], [ 76.898, 14.139 ], [ 76.894, 14.151 ], [ 76.903, 14.161 ], [ 76.915, 14.159 ], [ 76.924, 14.169 ], [ 76.936, 14.166 ], [ 76.945, 14.176 ], [ 76.941, 14.189 ], [ 76.949, 14.199 ], [ 76.962, 14.196 ] ] ] ] } },
{ "type": "Feature", "properties": { "POLYGON.ID": 135.0, "subregion": "India--Karnataka--Haveri_CL31352", "FILTER": "Karnataka", "POLYGON": "India--Karnataka--Haveri_CL31352", "COUNTY": "Haveri", "STATE": "Karnataka", "OWNER": null }, "geometry": { "type": "MultiPolygon", "coordinates": [ [ [ [ 75.698, 14.48 ], [ 75.702, 14.468 ], [ 75.715, 14.466 ], [ 75.723, 14.476 ], [ 75.719, 14.488 ], [ 75.727, 14.498 ], [ 75.74, 14.496 ], [ 75.748, 14.506 ], [ 75.761, 14.503 ], [ 75.769, 14.513 ], [ 75.781, 14.511 ], [ 75.79, 14.521 ], [ 75.786, 14.533 ], [ 75.794, 14.543 ], [ 75.807, 14.541 ], [ 75.815, 14.551 ], [ 75.811, 14.563 ], [ 75.819, 14.573 ], [ 75.815, 14.585 ], [ 75.803, 14.587 ], [ 75.799, 14.6 ], [ 75.807, 14.61 ], [ 75.803, 14.622 ], [ 75.812, 14.632 ], [ 75.808, 14.644 ], [ 75.816, 14.654 ], [ 75.812, 14.666 ], [ 75.8, 14.669 ], [ 75.796, 14.681 ], [ 75.783, 14.683 ], [ 75.775, 14.673 ], [ 75.762, 14.675 ], [ 75.758, 14.688 ], [ 75.746, 14.69 ], [ 75.742, 14.702 ], [ 75.75, 14.712 ], [ 75.763, 14.71 ], [ 75.771, 14.72 ], [ 75.767, 14.732 ], [ 75.755, 14.734 ], [ 75.746, 14.724 ], [ 75.734, 14.727 ], [ 75.726, 14.717 ], [ 75.713, 14.719 ], [ 75.709, 14.731 ], [ 75.718, 14.741 ], [ 75.714, 14.753 ], [ 75.722, 14.763 ], [ 75.718, 14.776 ], [ 75.706, 14.778 ], [ 75.702, 14.79 ], [ 75.689, 14.792 ], [ 75.685, 14.805 ], [ 75.673, 14.807 ], [ 75.669, 14.819 ], [ 75.677, 14.829 ], [ 75.673, 14.841 ], [ 75.681, 14.851 ], [ 75.694, 14.849 ], [ 75.702, 14.859 ], [ 75.715, 14.857 ], [ 75.723, 14.867 ], [ 75.736, 14.864 ], [ 75.744, 14.874 ], [ 75.74, 14.887 ], [ 75.727, 14.889 ], [ 75.723, 14.901 ], [ 75.711, 14.903 ], [ 75.703, 14.893 ], [ 75.69, 14.896 ], [ 75.686, 14.908 ], [ 75.695, 14.918 ], [ 75.691, 14.93 ], [ 75.699, 14.94 ], [ 75.695, 14.952 ], [ 75.703, 14.962 ], [ 75.699, 14.974 ], [ 75.687, 14.977 ], [ 75.683, 14.989 ], [ 75.671, 14.991 ], [ 75.662, 14.981 ], [ 75.65, 14.983 ], [ 75.646, 14.996 ], [ 75.633, 14.998 ], [ 75.625, 14.988 ], [ 75.629, 14.976 ], [ 75.621, 14.966 ], [ 75.608, 14.968 ], [ 75.6, 14.958 ], [ 75.587, 14.96 ], [ 75.583, 14.972 ], [ 75.571, 14.975 ], [ 75.567, 14.987 ], [ 75.555, 14.989 ], [ 75.546, 14.979 ], [ 75.534, 14.981 ], [ 75.53, 14.994 ], [ 75.538, 15.004 ], [ 75.534, 15.016 ], [ 75.543, 15.026 ], [ 75.539, 15.038 ], [ 75.526, 15.04 ], [ 75.518, 15.03 ], [ 75.505, 15.032 ], [ 75.501, 15.045 ], [ 75.489, 15.047 ], [ 75.481, 15.037 ], [ 75.468, 15.039 ], [ 75.464, 15.051 ], [ 75.452, 15.054 ], [ 75.448, 15.066 ], [ 75.435, 15.068 ], [ 75.427, 15.058 ], [ 75.415, 15.06 ], [ 75.406, 15.05 ], [ 75.394, 15.053 ], [ 75.386, 15.043 ], [ 75.373, 15.045 ], [ 75.369, 15.057 ], [ 75.357, 15.059 ], [ 75.353, 15.071 ], [ 75.34, 15.074 ], [ 75.336, 15.086 ], [ 75.345, 15.096 ], [ 75.341, 15.108 ], [ 75.349, 15.118 ], [ 75.345, 15.13 ], [ 75.333, 15.132 ], [ 75.329, 15.144 ], [ 75.337, 15.154 ], [ 75.333, 15.167 ], [ 75.321, 15.169 ], [ 75.312, 15.159 ], [ 75.316, 15.147 ], [ 75.308, 15.137 ], [ 75.296, 15.139 ], [ 75.287, 15.129 ], [ 75.275, 15.131 ], [ 75.267, 15.121 ], [ 75.271, 15.109 ], [ 75.262, 15.099 ], [ 75.25, 15.101 ], [ 75.246, 15.113 ], [ 75.234, 15.116 ], [ 75.225, 15.106 ], [ 75.213, 15.108 ], [ 75.205, 15.098 ], [ 75.192, 15.1 ], [ 75.184, 15.09 ], [ 75.172, 15.092 ], [ 75.168, 15.105 ], [ 75.155, 15.107 ], [ 75.147, 15.097 ], [ 75.151, 15.085 ], [ 75.163, 15.082 ], [ 75.167, 15.07 ], [ 75.159, 15.06 ], [ 75.163, 15.048 ], [ 75.155, 15.038 ], [ 75.142, 15.04 ], [ 75.134, 15.031 ], [ 75.138, 15.018 ], [ 75.15, 15.016 ], [ 75.154, 15.004 ], [ 75.167, 15.002 ], [ 75.171, 14.99 ], [ 75.162, 14.98 ], [ 75.166, 14.968 ], [ 75.179, 14.965 ], [ 75.183, 14.953 ], [ 75.174, 14.943 ], [ 75.162, 14.945 ], [ 75.154, 14.935 ], [ 75.158, 14.923 ], [ 75.149, 14.913 ], [ 75.137, 14.916 ], [ 75.129, 14.906 ], [ 75.116, 14.908 ], [ 75.108, 14.898 ], [ 75.112, 14.886 ], [ 75.104, 14.876 ], [ 75.108, 14.864 ], [ 75.1, 14.854 ], [ 75.104, 14.842 ], [ 75.095, 14.832 ], [ 75.099, 14.819 ], [ 75.091, 14.81 ], [ 75.095, 14.797 ], [ 75.107, 14.795 ], [ 75.111, 14.783 ], [ 75.124, 14.781 ], [ 75.128, 14.769 ], [ 75.119, 14.759 ], [ 75.123, 14.746 ], [ 75.115, 14.736 ], [ 75.119, 14.724 ], [ 75.111, 14.714 ], [ 75.115, 14.702 ], [ 75.127, 14.7 ], [ 75.135, 14.71 ], [ 75.148, 14.708 ], [ 75.152, 14.695 ], [ 75.164, 14.693 ], [ 75.168, 14.681 ], [ 75.18, 14.679 ], [ 75.184, 14.667 ], [ 75.197, 14.664 ], [ 75.201, 14.652 ], [ 75.192, 14.642 ], [ 75.196, 14.63 ], [ 75.209, 14.628 ], [ 75.213, 14.616 ], [ 75.204, 14.606 ], [ 75.192, 14.608 ], [ 75.184, 14.598 ], [ 75.188, 14.586 ], [ 75.2, 14.584 ], [ 75.204, 14.571 ], [ 75.216, 14.569 ], [ 75.22, 14.557 ], [ 75.233, 14.555 ], [ 75.241, 14.565 ], [ 75.237, 14.577 ], [ 75.245, 14.587 ], [ 75.258, 14.584 ], [ 75.262, 14.572 ], [ 75.274, 14.57 ], [ 75.278, 14.558 ], [ 75.29, 14.556 ], [ 75.294, 14.543 ], [ 75.286, 14.533 ], [ 75.274, 14.536 ], [ 75.265, 14.526 ], [ 75.269, 14.514 ], [ 75.282, 14.511 ], [ 75.29, 14.521 ], [ 75.302, 14.519 ], [ 75.306, 14.507 ], [ 75.319, 14.504 ], [ 75.323, 14.492 ], [ 75.335, 14.49 ], [ 75.339, 14.478 ], [ 75.331, 14.468 ], [ 75.335, 14.456 ], [ 75.347, 14.453 ], [ 75.351, 14.441 ], [ 75.363, 14.439 ], [ 75.367, 14.427 ], [ 75.38, 14.424 ], [ 75.384, 14.412 ], [ 75.375, 14.402 ], [ 75.363, 14.405 ], [ 75.355, 14.395 ], [ 75.359, 14.382 ], [ 75.371, 14.38 ], [ 75.375, 14.368 ], [ 75.387, 14.366 ], [ 75.391, 14.353 ], [ 75.404, 14.351 ], [ 75.412, 14.361 ], [ 75.424, 14.359 ], [ 75.428, 14.347 ], [ 75.441, 14.344 ], [ 75.445, 14.332 ], [ 75.457, 14.33 ], [ 75.461, 14.317 ], [ 75.473, 14.315 ], [ 75.482, 14.325 ], [ 75.478, 14.337 ], [ 75.486, 14.347 ], [ 75.499, 14.345 ], [ 75.503, 14.333 ], [ 75.494, 14.323 ], [ 75.498, 14.311 ], [ 75.511, 14.308 ], [ 75.515, 14.296 ], [ 75.527, 14.294 ], [ 75.531, 14.282 ], [ 75.543, 14.279 ], [ 75.547, 14.267 ], [ 75.56, 14.265 ], [ 75.568, 14.275 ], [ 75.58, 14.272 ], [ 75.589, 14.282 ], [ 75.601, 14.28 ], [ 75.609, 14.29 ], [ 75.605, 14.302 ], [ 75.614, 14.312 ], [ 75.626, 14.31 ], [ 75.635, 14.32 ], [ 75.631, 14.332 ], [ 75.618, 14.334 ], [ 75.614, 14.346 ], [ 75.623, 14.356 ], [ 75.619, 14.369 ], [ 75.627, 14.379 ], [ 75.623, 14.391 ], [ 75.631, 14.401 ], [ 75.627, 14.413 ], [ 75.636, 14.423 ], [ 75.632, 14.435 ], [ 75.64, 14.445 ], [ 75.636, 14.457 ], [ 75.644, 14.467 ], [ 75.657, 14.465 ], [ 75.661, 14.453 ], [ 75.673, 14.451 ], [ 75.682, 14.46 ], [ 75.678, 14.473 ], [ 75.686, 14.483 ], [ 75.698, 14.48 ] ] ], [ [ [ 75.135, 15.133 ], [ 75.143, 15.143 ], [ 75.139, 15.155 ], [ 75.127, 15.158 ], [ 75.119, 15.148 ], [ 75.123, 15.136 ], [ 75.135, 15.133 ] ] ], [ [ [ 75.135, 14.641 ], [ 75.139, 14.629 ], [ 75.151, 14.627 ], [ 75.159, 14.637 ], [ 75.155, 14.649 ], [ 75.143, 14.651 ], [ 75.139, 14.663 ], [ 75.127, 14.666 ], [ 75.118, 14.656 ], [ 75.106, 14.658 ], [ 75.098, 14.648 ], [ 75.102, 14.636 ], [ 75.114, 14.634 ], [ 75.122, 14.644 ], [ 75.135, 14.641 ] ] ] ] } },
{ "type": "Feature", "properties": { "POLYGON.ID": 134.0, "subregion": "India--Karnataka--Yadgir and Gulbarga_CL31351", "FILTER": "Karnataka", "POLYGON": "India--Karnataka--Yadgir and Gulbarga_CL31351", "COUNTY": "spl_region", "STATE": "Karnataka", "OWNER": null }, "geometry": { "type": "MultiPolygon", "coordinates": [ [ [ [ 76.972, 16.554 ], [ 76.98, 16.564 ], [ 76.993, 16.562 ], [ 76.997, 16.55 ], [ 77.01, 16.547 ], [ 77.014, 16.535 ], [ 77.005, 16.525 ], [ 77.009, 16.513 ], [ 77.022, 16.511 ], [ 77.031, 16.521 ], [ 77.043, 16.518 ], [ 77.052, 16.528 ], [ 77.065, 16.526 ], [ 77.069, 16.514 ], [ 77.081, 16.512 ], [ 77.085, 16.499 ], [ 77.098, 16.497 ], [ 77.102, 16.485 ], [ 77.115, 16.483 ], [ 77.123, 16.493 ], [ 77.136, 16.491 ], [ 77.14, 16.478 ], [ 77.153, 16.476 ], [ 77.157, 16.464 ], [ 77.17, 16.462 ], [ 77.174, 16.449 ], [ 77.165, 16.439 ], [ 77.169, 16.427 ], [ 77.182, 16.425 ], [ 77.19, 16.435 ], [ 77.203, 16.433 ], [ 77.207, 16.42 ], [ 77.22, 16.418 ], [ 77.228, 16.428 ], [ 77.241, 16.426 ], [ 77.245, 16.414 ], [ 77.258, 16.411 ], [ 77.262, 16.399 ], [ 77.275, 16.397 ], [ 77.283, 16.407 ], [ 77.279, 16.419 ], [ 77.266, 16.421 ], [ 77.262, 16.434 ], [ 77.271, 16.444 ], [ 77.267, 16.456 ], [ 77.254, 16.458 ], [ 77.25, 16.47 ], [ 77.259, 16.48 ], [ 77.272, 16.478 ], [ 77.276, 16.466 ], [ 77.288, 16.464 ], [ 77.297, 16.474 ], [ 77.293, 16.486 ], [ 77.302, 16.496 ], [ 77.314, 16.494 ], [ 77.318, 16.481 ], [ 77.331, 16.479 ], [ 77.34, 16.489 ], [ 77.352, 16.487 ], [ 77.361, 16.497 ], [ 77.374, 16.495 ], [ 77.382, 16.505 ], [ 77.378, 16.517 ], [ 77.387, 16.527 ], [ 77.4, 16.525 ], [ 77.404, 16.513 ], [ 77.417, 16.51 ], [ 77.425, 16.52 ], [ 77.421, 16.533 ], [ 77.408, 16.535 ], [ 77.404, 16.547 ], [ 77.392, 16.549 ], [ 77.388, 16.562 ], [ 77.396, 16.572 ], [ 77.409, 16.569 ], [ 77.418, 16.579 ], [ 77.43, 16.577 ], [ 77.439, 16.587 ], [ 77.452, 16.585 ], [ 77.46, 16.595 ], [ 77.456, 16.607 ], [ 77.465, 16.617 ], [ 77.461, 16.63 ], [ 77.47, 16.64 ], [ 77.466, 16.652 ], [ 77.453, 16.654 ], [ 77.444, 16.644 ], [ 77.432, 16.646 ], [ 77.427, 16.659 ], [ 77.436, 16.669 ], [ 77.449, 16.666 ], [ 77.458, 16.676 ], [ 77.47, 16.674 ], [ 77.479, 16.684 ], [ 77.475, 16.696 ], [ 77.462, 16.699 ], [ 77.458, 16.711 ], [ 77.445, 16.713 ], [ 77.441, 16.725 ], [ 77.429, 16.728 ], [ 77.425, 16.74 ], [ 77.433, 16.75 ], [ 77.429, 16.762 ], [ 77.438, 16.772 ], [ 77.434, 16.784 ], [ 77.443, 16.795 ], [ 77.455, 16.792 ], [ 77.459, 16.78 ], [ 77.472, 16.778 ], [ 77.481, 16.788 ], [ 77.477, 16.8 ], [ 77.464, 16.802 ], [ 77.46, 16.815 ], [ 77.469, 16.825 ], [ 77.465, 16.837 ], [ 77.473, 16.847 ], [ 77.469, 16.859 ], [ 77.456, 16.861 ], [ 77.452, 16.874 ], [ 77.461, 16.884 ], [ 77.457, 16.896 ], [ 77.466, 16.906 ], [ 77.462, 16.918 ], [ 77.47, 16.928 ], [ 77.466, 16.94 ], [ 77.475, 16.95 ], [ 77.471, 16.963 ], [ 77.48, 16.973 ], [ 77.476, 16.985 ], [ 77.484, 16.995 ], [ 77.48, 17.007 ], [ 77.489, 17.017 ], [ 77.485, 17.03 ], [ 77.494, 17.04 ], [ 77.489, 17.052 ], [ 77.477, 17.054 ], [ 77.473, 17.066 ], [ 77.481, 17.076 ], [ 77.477, 17.089 ], [ 77.465, 17.091 ], [ 77.46, 17.103 ], [ 77.448, 17.105 ], [ 77.444, 17.117 ], [ 77.431, 17.12 ], [ 77.422, 17.11 ], [ 77.409, 17.112 ], [ 77.405, 17.124 ], [ 77.393, 17.126 ], [ 77.389, 17.138 ], [ 77.376, 17.141 ], [ 77.372, 17.153 ], [ 77.359, 17.155 ], [ 77.355, 17.167 ], [ 77.364, 17.177 ], [ 77.36, 17.19 ], [ 77.368, 17.2 ], [ 77.381, 17.197 ], [ 77.39, 17.207 ], [ 77.386, 17.22 ], [ 77.394, 17.23 ], [ 77.407, 17.227 ], [ 77.416, 17.237 ], [ 77.412, 17.25 ], [ 77.42, 17.26 ], [ 77.433, 17.258 ], [ 77.442, 17.268 ], [ 77.455, 17.265 ], [ 77.463, 17.275 ], [ 77.459, 17.288 ], [ 77.447, 17.29 ], [ 77.442, 17.302 ], [ 77.451, 17.312 ], [ 77.447, 17.324 ], [ 77.456, 17.334 ], [ 77.452, 17.347 ], [ 77.46, 17.357 ], [ 77.456, 17.369 ], [ 77.465, 17.379 ], [ 77.478, 17.377 ], [ 77.482, 17.364 ], [ 77.495, 17.362 ], [ 77.499, 17.35 ], [ 77.512, 17.348 ], [ 77.52, 17.358 ], [ 77.516, 17.37 ], [ 77.525, 17.38 ], [ 77.521, 17.392 ], [ 77.53, 17.402 ], [ 77.525, 17.415 ], [ 77.513, 17.417 ], [ 77.509, 17.429 ], [ 77.517, 17.439 ], [ 77.53, 17.437 ], [ 77.539, 17.447 ], [ 77.552, 17.445 ], [ 77.556, 17.432 ], [ 77.568, 17.43 ], [ 77.577, 17.44 ], [ 77.573, 17.452 ], [ 77.582, 17.463 ], [ 77.595, 17.46 ], [ 77.599, 17.448 ], [ 77.611, 17.446 ], [ 77.62, 17.456 ], [ 77.616, 17.468 ], [ 77.625, 17.478 ], [ 77.638, 17.476 ], [ 77.646, 17.486 ], [ 77.659, 17.484 ], [ 77.663, 17.472 ], [ 77.676, 17.469 ], [ 77.685, 17.479 ], [ 77.681, 17.492 ], [ 77.689, 17.502 ], [ 77.685, 17.514 ], [ 77.673, 17.516 ], [ 77.668, 17.528 ], [ 77.656, 17.531 ], [ 77.647, 17.521 ], [ 77.634, 17.523 ], [ 77.63, 17.535 ], [ 77.617, 17.537 ], [ 77.609, 17.527 ], [ 77.596, 17.529 ], [ 77.592, 17.541 ], [ 77.6, 17.552 ], [ 77.596, 17.564 ], [ 77.584, 17.566 ], [ 77.575, 17.556 ], [ 77.562, 17.558 ], [ 77.553, 17.548 ], [ 77.541, 17.55 ], [ 77.537, 17.562 ], [ 77.524, 17.565 ], [ 77.515, 17.555 ], [ 77.502, 17.557 ], [ 77.498, 17.569 ], [ 77.485, 17.571 ], [ 77.477, 17.561 ], [ 77.464, 17.563 ], [ 77.46, 17.575 ], [ 77.447, 17.578 ], [ 77.443, 17.59 ], [ 77.43, 17.592 ], [ 77.422, 17.582 ], [ 77.409, 17.584 ], [ 77.4, 17.574 ], [ 77.387, 17.576 ], [ 77.383, 17.588 ], [ 77.371, 17.591 ], [ 77.366, 17.603 ], [ 77.354, 17.605 ], [ 77.345, 17.595 ], [ 77.332, 17.597 ], [ 77.324, 17.587 ], [ 77.311, 17.589 ], [ 77.307, 17.601 ], [ 77.294, 17.604 ], [ 77.29, 17.616 ], [ 77.277, 17.618 ], [ 77.273, 17.63 ], [ 77.26, 17.632 ], [ 77.252, 17.622 ], [ 77.239, 17.624 ], [ 77.235, 17.637 ], [ 77.222, 17.639 ], [ 77.214, 17.629 ], [ 77.201, 17.631 ], [ 77.192, 17.621 ], [ 77.179, 17.623 ], [ 77.175, 17.635 ], [ 77.163, 17.637 ], [ 77.154, 17.627 ], [ 77.141, 17.629 ], [ 77.137, 17.641 ], [ 77.146, 17.652 ], [ 77.142, 17.664 ], [ 77.129, 17.666 ], [ 77.125, 17.678 ], [ 77.112, 17.68 ], [ 77.104, 17.67 ], [ 77.091, 17.672 ], [ 77.082, 17.662 ], [ 77.069, 17.664 ], [ 77.065, 17.676 ], [ 77.053, 17.679 ], [ 77.044, 17.669 ], [ 77.031, 17.671 ], [ 77.027, 17.683 ], [ 77.014, 17.685 ], [ 77.01, 17.697 ], [ 76.998, 17.699 ], [ 76.989, 17.689 ], [ 76.976, 17.691 ], [ 76.968, 17.681 ], [ 76.972, 17.669 ], [ 76.984, 17.667 ], [ 76.989, 17.655 ], [ 76.98, 17.645 ], [ 76.967, 17.647 ], [ 76.959, 17.637 ], [ 76.963, 17.625 ], [ 76.954, 17.615 ], [ 76.941, 17.617 ], [ 76.933, 17.607 ], [ 76.92, 17.609 ], [ 76.916, 17.621 ], [ 76.925, 17.631 ], [ 76.92, 17.643 ], [ 76.908, 17.645 ], [ 76.899, 17.635 ], [ 76.886, 17.638 ], [ 76.882, 17.65 ], [ 76.87, 17.652 ], [ 76.861, 17.642 ], [ 76.848, 17.644 ], [ 76.844, 17.656 ], [ 76.832, 17.658 ], [ 76.823, 17.648 ], [ 76.81, 17.65 ], [ 76.802, 17.64 ], [ 76.789, 17.642 ], [ 76.78, 17.632 ], [ 76.768, 17.634 ], [ 76.764, 17.647 ], [ 76.772, 17.657 ], [ 76.768, 17.669 ], [ 76.756, 17.671 ], [ 76.747, 17.661 ], [ 76.734, 17.663 ], [ 76.726, 17.653 ], [ 76.713, 17.655 ], [ 76.709, 17.667 ], [ 76.696, 17.669 ], [ 76.692, 17.681 ], [ 76.679, 17.683 ], [ 76.675, 17.696 ], [ 76.663, 17.698 ], [ 76.659, 17.71 ], [ 76.646, 17.712 ], [ 76.642, 17.724 ], [ 76.629, 17.726 ], [ 76.625, 17.738 ], [ 76.634, 17.748 ], [ 76.63, 17.76 ], [ 76.617, 17.762 ], [ 76.609, 17.752 ], [ 76.613, 17.74 ], [ 76.604, 17.73 ], [ 76.591, 17.732 ], [ 76.583, 17.722 ], [ 76.587, 17.71 ], [ 76.578, 17.7 ], [ 76.566, 17.702 ], [ 76.562, 17.714 ], [ 76.57, 17.724 ], [ 76.566, 17.737 ], [ 76.575, 17.747 ], [ 76.571, 17.759 ], [ 76.558, 17.761 ], [ 76.549, 17.751 ], [ 76.537, 17.753 ], [ 76.528, 17.743 ], [ 76.532, 17.731 ], [ 76.524, 17.721 ], [ 76.511, 17.723 ], [ 76.502, 17.713 ], [ 76.49, 17.715 ], [ 76.481, 17.705 ], [ 76.485, 17.693 ], [ 76.477, 17.683 ], [ 76.481, 17.671 ], [ 76.472, 17.661 ], [ 76.459, 17.663 ], [ 76.451, 17.653 ], [ 76.438, 17.655 ], [ 76.43, 17.645 ], [ 76.434, 17.633 ], [ 76.425, 17.623 ], [ 76.429, 17.611 ], [ 76.421, 17.601 ], [ 76.408, 17.603 ], [ 76.399, 17.593 ], [ 76.387, 17.595 ], [ 76.383, 17.607 ], [ 76.37, 17.609 ], [ 76.362, 17.599 ], [ 76.349, 17.601 ], [ 76.34, 17.591 ], [ 76.344, 17.579 ], [ 76.336, 17.569 ], [ 76.34, 17.557 ], [ 76.331, 17.547 ], [ 76.335, 17.535 ], [ 76.348, 17.532 ], [ 76.357, 17.542 ], [ 76.369, 17.54 ], [ 76.373, 17.528 ], [ 76.365, 17.518 ], [ 76.352, 17.52 ], [ 76.344, 17.51 ], [ 76.348, 17.498 ], [ 76.36, 17.496 ], [ 76.364, 17.484 ], [ 76.356, 17.474 ], [ 76.343, 17.476 ], [ 76.335, 17.466 ], [ 76.339, 17.454 ], [ 76.33, 17.444 ], [ 76.334, 17.432 ], [ 76.347, 17.43 ], [ 76.355, 17.44 ], [ 76.368, 17.438 ], [ 76.372, 17.426 ], [ 76.363, 17.416 ], [ 76.367, 17.403 ], [ 76.359, 17.393 ], [ 76.363, 17.381 ], [ 76.376, 17.379 ], [ 76.38, 17.367 ], [ 76.392, 17.365 ], [ 76.401, 17.375 ], [ 76.413, 17.373 ], [ 76.417, 17.361 ], [ 76.409, 17.351 ], [ 76.396, 17.353 ], [ 76.388, 17.343 ], [ 76.392, 17.331 ], [ 76.383, 17.321 ], [ 76.371, 17.323 ], [ 76.362, 17.313 ], [ 76.349, 17.315 ], [ 76.345, 17.327 ], [ 76.354, 17.337 ], [ 76.35, 17.349 ], [ 76.337, 17.351 ], [ 76.329, 17.341 ], [ 76.316, 17.343 ], [ 76.308, 17.333 ], [ 76.295, 17.335 ], [ 76.286, 17.325 ], [ 76.274, 17.328 ], [ 76.27, 17.34 ], [ 76.278, 17.35 ], [ 76.274, 17.362 ], [ 76.262, 17.364 ], [ 76.258, 17.376 ], [ 76.245, 17.378 ], [ 76.237, 17.368 ], [ 76.224, 17.37 ], [ 76.215, 17.36 ], [ 76.203, 17.362 ], [ 76.194, 17.352 ], [ 76.182, 17.354 ], [ 76.173, 17.344 ], [ 76.161, 17.346 ], [ 76.157, 17.359 ], [ 76.144, 17.361 ], [ 76.135, 17.351 ], [ 76.123, 17.353 ], [ 76.119, 17.365 ], [ 76.106, 17.367 ], [ 76.098, 17.357 ], [ 76.102, 17.345 ], [ 76.093, 17.335 ], [ 76.081, 17.337 ], [ 76.072, 17.327 ], [ 76.076, 17.315 ], [ 76.068, 17.305 ], [ 76.072, 17.293 ], [ 76.084, 17.291 ], [ 76.088, 17.278 ], [ 76.08, 17.268 ], [ 76.084, 17.256 ], [ 76.096, 17.254 ], [ 76.105, 17.264 ], [ 76.118, 17.262 ], [ 76.122, 17.25 ], [ 76.134, 17.248 ], [ 76.138, 17.236 ], [ 76.151, 17.234 ], [ 76.155, 17.222 ], [ 76.167, 17.22 ], [ 76.171, 17.207 ], [ 76.184, 17.205 ], [ 76.188, 17.193 ], [ 76.201, 17.191 ], [ 76.205, 17.179 ], [ 76.217, 17.177 ], [ 76.221, 17.165 ], [ 76.234, 17.163 ], [ 76.238, 17.151 ], [ 76.251, 17.148 ], [ 76.259, 17.158 ], [ 76.272, 17.156 ], [ 76.28, 17.166 ], [ 76.293, 17.164 ], [ 76.301, 17.174 ], [ 76.314, 17.172 ], [ 76.322, 17.182 ], [ 76.335, 17.18 ], [ 76.344, 17.19 ], [ 76.356, 17.188 ], [ 76.36, 17.176 ], [ 76.373, 17.174 ], [ 76.377, 17.162 ], [ 76.368, 17.152 ], [ 76.372, 17.139 ], [ 76.385, 17.137 ], [ 76.389, 17.125 ], [ 76.381, 17.115 ], [ 76.385, 17.103 ], [ 76.397, 17.101 ], [ 76.401, 17.089 ], [ 76.414, 17.087 ], [ 76.422, 17.097 ], [ 76.435, 17.094 ], [ 76.439, 17.082 ], [ 76.43, 17.072 ], [ 76.435, 17.06 ], [ 76.426, 17.05 ], [ 76.43, 17.038 ], [ 76.421, 17.028 ], [ 76.426, 17.016 ], [ 76.438, 17.014 ], [ 76.442, 17.002 ], [ 76.434, 16.992 ], [ 76.438, 16.979 ], [ 76.429, 16.969 ], [ 76.417, 16.972 ], [ 76.408, 16.961 ], [ 76.412, 16.949 ], [ 76.403, 16.939 ], [ 76.408, 16.927 ], [ 76.42, 16.925 ], [ 76.429, 16.935 ], [ 76.441, 16.933 ], [ 76.445, 16.921 ], [ 76.458, 16.919 ], [ 76.462, 16.906 ], [ 76.453, 16.896 ], [ 76.441, 16.899 ], [ 76.432, 16.889 ], [ 76.436, 16.876 ], [ 76.449, 16.874 ], [ 76.453, 16.862 ], [ 76.466, 16.86 ], [ 76.47, 16.848 ], [ 76.461, 16.838 ], [ 76.448, 16.84 ], [ 76.44, 16.83 ], [ 76.427, 16.832 ], [ 76.423, 16.844 ], [ 76.411, 16.846 ], [ 76.407, 16.859 ], [ 76.394, 16.861 ], [ 76.385, 16.851 ], [ 76.373, 16.853 ], [ 76.364, 16.843 ], [ 76.352, 16.845 ], [ 76.343, 16.835 ], [ 76.347, 16.823 ], [ 76.36, 16.821 ], [ 76.364, 16.808 ], [ 76.376, 16.806 ], [ 76.385, 16.816 ], [ 76.398, 16.814 ], [ 76.402, 16.802 ], [ 76.393, 16.792 ], [ 76.381, 16.794 ], [ 76.372, 16.784 ], [ 76.376, 16.772 ], [ 76.389, 16.77 ], [ 76.397, 16.78 ], [ 76.41, 16.778 ], [ 76.414, 16.766 ], [ 76.426, 16.763 ], [ 76.43, 16.751 ], [ 76.422, 16.741 ], [ 76.426, 16.729 ], [ 76.439, 16.727 ], [ 76.443, 16.715 ], [ 76.434, 16.705 ], [ 76.438, 16.693 ], [ 76.43, 16.683 ], [ 76.417, 16.685 ], [ 76.408, 16.675 ], [ 76.412, 16.663 ], [ 76.404, 16.653 ], [ 76.408, 16.64 ], [ 76.399, 16.63 ], [ 76.403, 16.618 ], [ 76.416, 16.616 ], [ 76.42, 16.604 ], [ 76.412, 16.594 ], [ 76.416, 16.582 ], [ 76.428, 16.579 ], [ 76.432, 16.567 ], [ 76.424, 16.557 ], [ 76.428, 16.545 ], [ 76.419, 16.535 ], [ 76.423, 16.523 ], [ 76.436, 16.521 ], [ 76.44, 16.509 ], [ 76.431, 16.499 ], [ 76.435, 16.486 ], [ 76.427, 16.476 ], [ 76.431, 16.464 ], [ 76.422, 16.454 ], [ 76.426, 16.442 ], [ 76.418, 16.432 ], [ 76.405, 16.434 ], [ 76.397, 16.424 ], [ 76.384, 16.426 ], [ 76.376, 16.416 ], [ 76.363, 16.418 ], [ 76.359, 16.431 ], [ 76.346, 16.433 ], [ 76.338, 16.423 ], [ 76.342, 16.411 ], [ 76.333, 16.401 ], [ 76.321, 16.403 ], [ 76.312, 16.393 ], [ 76.316, 16.381 ], [ 76.308, 16.371 ], [ 76.312, 16.358 ], [ 76.303, 16.348 ], [ 76.307, 16.336 ], [ 76.299, 16.326 ], [ 76.303, 16.314 ], [ 76.294, 16.304 ], [ 76.298, 16.292 ], [ 76.311, 16.29 ], [ 76.315, 16.278 ], [ 76.328, 16.275 ], [ 76.336, 16.285 ], [ 76.349, 16.283 ], [ 76.353, 16.271 ], [ 76.344, 16.261 ], [ 76.348, 16.249 ], [ 76.34, 16.239 ], [ 76.344, 16.227 ], [ 76.335, 16.217 ], [ 76.339, 16.204 ], [ 76.352, 16.202 ], [ 76.36, 16.212 ], [ 76.373, 16.21 ], [ 76.381, 16.22 ], [ 76.394, 16.218 ], [ 76.403, 16.228 ], [ 76.399, 16.24 ], [ 76.407, 16.25 ], [ 76.42, 16.248 ], [ 76.428, 16.258 ], [ 76.441, 16.256 ], [ 76.449, 16.266 ], [ 76.445, 16.278 ], [ 76.454, 16.288 ], [ 76.466, 16.286 ], [ 76.475, 16.296 ], [ 76.487, 16.293 ], [ 76.496, 16.303 ], [ 76.509, 16.301 ], [ 76.517, 16.311 ], [ 76.53, 16.309 ], [ 76.538, 16.319 ], [ 76.551, 16.317 ], [ 76.559, 16.327 ], [ 76.572, 16.325 ], [ 76.581, 16.335 ], [ 76.593, 16.332 ], [ 76.602, 16.342 ], [ 76.614, 16.34 ], [ 76.623, 16.35 ], [ 76.635, 16.348 ], [ 76.644, 16.358 ], [ 76.657, 16.356 ], [ 76.665, 16.366 ], [ 76.661, 16.378 ], [ 76.67, 16.388 ], [ 76.682, 16.386 ], [ 76.691, 16.396 ], [ 76.703, 16.394 ], [ 76.712, 16.404 ], [ 76.725, 16.401 ], [ 76.733, 16.411 ], [ 76.746, 16.409 ], [ 76.754, 16.419 ], [ 76.767, 16.417 ], [ 76.776, 16.427 ], [ 76.788, 16.425 ], [ 76.792, 16.413 ], [ 76.805, 16.41 ], [ 76.814, 16.42 ], [ 76.826, 16.418 ], [ 76.835, 16.428 ], [ 76.847, 16.426 ], [ 76.856, 16.436 ], [ 76.852, 16.448 ], [ 76.861, 16.458 ], [ 76.856, 16.47 ], [ 76.865, 16.48 ], [ 76.878, 16.478 ], [ 76.886, 16.488 ], [ 76.899, 16.486 ], [ 76.908, 16.496 ], [ 76.92, 16.494 ], [ 76.929, 16.504 ], [ 76.941, 16.502 ], [ 76.95, 16.512 ], [ 76.963, 16.509 ], [ 76.971, 16.519 ], [ 76.967, 16.532 ], [ 76.976, 16.542 ], [ 76.972, 16.554 ] ] ] ] } },
{ "type": "Feature", "properties": { "POLYGON.ID": 133.0, "subregion": "India--Karnataka--Gadag and Koppal_CL31350", "FILTER": "Karnataka", "POLYGON": "India--Karnataka--Gadag and Koppal_CL31350", "COUNTY": "Gadag", "STATE": "Karnataka", "OWNER": null }, "geometry": { "type": "MultiPolygon", "coordinates": [ [ [ [ 76.447, 15.771 ], [ 76.443, 15.783 ], [ 76.43, 15.786 ], [ 76.426, 15.798 ], [ 76.414, 15.8 ], [ 76.41, 15.812 ], [ 76.418, 15.822 ], [ 76.431, 15.82 ], [ 76.439, 15.83 ], [ 76.452, 15.828 ], [ 76.46, 15.838 ], [ 76.456, 15.85 ], [ 76.444, 15.852 ], [ 76.44, 15.865 ], [ 76.427, 15.867 ], [ 76.423, 15.879 ], [ 76.432, 15.889 ], [ 76.428, 15.901 ], [ 76.415, 15.904 ], [ 76.407, 15.894 ], [ 76.394, 15.896 ], [ 76.39, 15.908 ], [ 76.377, 15.91 ], [ 76.369, 15.9 ], [ 76.356, 15.902 ], [ 76.348, 15.892 ], [ 76.335, 15.895 ], [ 76.331, 15.907 ], [ 76.319, 15.909 ], [ 76.31, 15.899 ], [ 76.298, 15.901 ], [ 76.289, 15.891 ], [ 76.277, 15.894 ], [ 76.273, 15.906 ], [ 76.26, 15.908 ], [ 76.256, 15.92 ], [ 76.244, 15.922 ], [ 76.239, 15.935 ], [ 76.227, 15.937 ], [ 76.223, 15.949 ], [ 76.21, 15.951 ], [ 76.202, 15.941 ], [ 76.189, 15.943 ], [ 76.181, 15.933 ], [ 76.168, 15.936 ], [ 76.16, 15.926 ], [ 76.164, 15.914 ], [ 76.155, 15.904 ], [ 76.143, 15.906 ], [ 76.134, 15.896 ], [ 76.122, 15.898 ], [ 76.113, 15.888 ], [ 76.101, 15.89 ], [ 76.097, 15.902 ], [ 76.084, 15.905 ], [ 76.076, 15.895 ], [ 76.063, 15.897 ], [ 76.059, 15.909 ], [ 76.068, 15.919 ], [ 76.064, 15.931 ], [ 76.072, 15.941 ], [ 76.068, 15.953 ], [ 76.077, 15.963 ], [ 76.073, 15.975 ], [ 76.081, 15.985 ], [ 76.077, 15.998 ], [ 76.065, 16.0 ], [ 76.061, 16.012 ], [ 76.048, 16.014 ], [ 76.04, 16.004 ], [ 76.027, 16.006 ], [ 76.019, 15.996 ], [ 76.006, 15.999 ], [ 76.002, 16.011 ], [ 75.99, 16.013 ], [ 75.981, 16.003 ], [ 75.985, 15.991 ], [ 75.977, 15.981 ], [ 75.981, 15.969 ], [ 75.972, 15.959 ], [ 75.976, 15.947 ], [ 75.968, 15.937 ], [ 75.972, 15.924 ], [ 75.963, 15.914 ], [ 75.967, 15.902 ], [ 75.98, 15.9 ], [ 75.984, 15.888 ], [ 75.976, 15.878 ], [ 75.98, 15.866 ], [ 75.971, 15.856 ], [ 75.959, 15.858 ], [ 75.955, 15.87 ], [ 75.942, 15.872 ], [ 75.938, 15.884 ], [ 75.926, 15.887 ], [ 75.922, 15.899 ], [ 75.909, 15.901 ], [ 75.905, 15.913 ], [ 75.893, 15.915 ], [ 75.889, 15.928 ], [ 75.876, 15.93 ], [ 75.872, 15.942 ], [ 75.86, 15.944 ], [ 75.851, 15.934 ], [ 75.839, 15.936 ], [ 75.83, 15.926 ], [ 75.818, 15.928 ], [ 75.809, 15.918 ], [ 75.797, 15.921 ], [ 75.788, 15.911 ], [ 75.792, 15.899 ], [ 75.805, 15.896 ], [ 75.813, 15.906 ], [ 75.826, 15.904 ], [ 75.83, 15.892 ], [ 75.821, 15.882 ], [ 75.825, 15.87 ], [ 75.838, 15.868 ], [ 75.842, 15.855 ], [ 75.833, 15.845 ], [ 75.821, 15.848 ], [ 75.817, 15.86 ], [ 75.805, 15.862 ], [ 75.796, 15.852 ], [ 75.784, 15.854 ], [ 75.775, 15.844 ], [ 75.779, 15.832 ], [ 75.771, 15.822 ], [ 75.758, 15.824 ], [ 75.75, 15.814 ], [ 75.737, 15.816 ], [ 75.733, 15.829 ], [ 75.721, 15.831 ], [ 75.713, 15.821 ], [ 75.7, 15.823 ], [ 75.696, 15.835 ], [ 75.684, 15.837 ], [ 75.675, 15.827 ], [ 75.663, 15.83 ], [ 75.654, 15.82 ], [ 75.642, 15.822 ], [ 75.638, 15.834 ], [ 75.625, 15.836 ], [ 75.617, 15.826 ], [ 75.605, 15.828 ], [ 75.596, 15.818 ], [ 75.584, 15.821 ], [ 75.58, 15.833 ], [ 75.567, 15.835 ], [ 75.559, 15.825 ], [ 75.546, 15.827 ], [ 75.542, 15.839 ], [ 75.53, 15.841 ], [ 75.526, 15.854 ], [ 75.514, 15.856 ], [ 75.51, 15.868 ], [ 75.497, 15.87 ], [ 75.493, 15.882 ], [ 75.481, 15.884 ], [ 75.472, 15.874 ], [ 75.46, 15.876 ], [ 75.451, 15.867 ], [ 75.456, 15.854 ], [ 75.447, 15.844 ], [ 75.451, 15.832 ], [ 75.464, 15.83 ], [ 75.468, 15.818 ], [ 75.459, 15.808 ], [ 75.447, 15.81 ], [ 75.438, 15.8 ], [ 75.442, 15.788 ], [ 75.434, 15.778 ], [ 75.422, 15.78 ], [ 75.418, 15.792 ], [ 75.426, 15.802 ], [ 75.422, 15.814 ], [ 75.43, 15.824 ], [ 75.426, 15.837 ], [ 75.414, 15.839 ], [ 75.406, 15.829 ], [ 75.393, 15.831 ], [ 75.389, 15.843 ], [ 75.377, 15.845 ], [ 75.368, 15.835 ], [ 75.372, 15.823 ], [ 75.364, 15.813 ], [ 75.352, 15.815 ], [ 75.343, 15.805 ], [ 75.331, 15.808 ], [ 75.327, 15.82 ], [ 75.314, 15.822 ], [ 75.306, 15.812 ], [ 75.31, 15.8 ], [ 75.302, 15.79 ], [ 75.306, 15.778 ], [ 75.318, 15.775 ], [ 75.322, 15.763 ], [ 75.314, 15.753 ], [ 75.318, 15.741 ], [ 75.309, 15.731 ], [ 75.297, 15.733 ], [ 75.293, 15.746 ], [ 75.281, 15.748 ], [ 75.272, 15.738 ], [ 75.276, 15.726 ], [ 75.268, 15.716 ], [ 75.272, 15.704 ], [ 75.284, 15.701 ], [ 75.288, 15.689 ], [ 75.301, 15.687 ], [ 75.305, 15.675 ], [ 75.317, 15.673 ], [ 75.326, 15.683 ], [ 75.338, 15.681 ], [ 75.342, 15.668 ], [ 75.334, 15.658 ], [ 75.338, 15.646 ], [ 75.35, 15.644 ], [ 75.358, 15.654 ], [ 75.354, 15.666 ], [ 75.363, 15.676 ], [ 75.375, 15.674 ], [ 75.379, 15.662 ], [ 75.391, 15.66 ], [ 75.4, 15.67 ], [ 75.412, 15.668 ], [ 75.421, 15.677 ], [ 75.433, 15.675 ], [ 75.441, 15.685 ], [ 75.454, 15.683 ], [ 75.462, 15.693 ], [ 75.475, 15.691 ], [ 75.483, 15.701 ], [ 75.495, 15.699 ], [ 75.499, 15.687 ], [ 75.491, 15.677 ], [ 75.495, 15.664 ], [ 75.507, 15.662 ], [ 75.512, 15.65 ], [ 75.524, 15.648 ], [ 75.532, 15.658 ], [ 75.545, 15.656 ], [ 75.549, 15.643 ], [ 75.54, 15.634 ], [ 75.544, 15.621 ], [ 75.536, 15.611 ], [ 75.54, 15.599 ], [ 75.532, 15.589 ], [ 75.536, 15.577 ], [ 75.527, 15.567 ], [ 75.531, 15.555 ], [ 75.523, 15.545 ], [ 75.527, 15.533 ], [ 75.519, 15.523 ], [ 75.506, 15.525 ], [ 75.502, 15.537 ], [ 75.49, 15.539 ], [ 75.481, 15.529 ], [ 75.485, 15.517 ], [ 75.477, 15.507 ], [ 75.481, 15.495 ], [ 75.493, 15.493 ], [ 75.497, 15.481 ], [ 75.489, 15.471 ], [ 75.493, 15.459 ], [ 75.485, 15.449 ], [ 75.489, 15.437 ], [ 75.501, 15.434 ], [ 75.505, 15.422 ], [ 75.497, 15.412 ], [ 75.501, 15.4 ], [ 75.492, 15.39 ], [ 75.48, 15.392 ], [ 75.472, 15.382 ], [ 75.459, 15.385 ], [ 75.451, 15.375 ], [ 75.455, 15.362 ], [ 75.446, 15.352 ], [ 75.45, 15.34 ], [ 75.442, 15.33 ], [ 75.446, 15.318 ], [ 75.438, 15.308 ], [ 75.425, 15.31 ], [ 75.417, 15.3 ], [ 75.421, 15.288 ], [ 75.413, 15.278 ], [ 75.417, 15.266 ], [ 75.408, 15.256 ], [ 75.412, 15.244 ], [ 75.425, 15.242 ], [ 75.429, 15.23 ], [ 75.441, 15.227 ], [ 75.445, 15.215 ], [ 75.437, 15.205 ], [ 75.424, 15.207 ], [ 75.416, 15.197 ], [ 75.404, 15.2 ], [ 75.395, 15.19 ], [ 75.399, 15.178 ], [ 75.412, 15.175 ], [ 75.416, 15.163 ], [ 75.407, 15.153 ], [ 75.411, 15.141 ], [ 75.424, 15.139 ], [ 75.428, 15.127 ], [ 75.419, 15.117 ], [ 75.423, 15.105 ], [ 75.415, 15.095 ], [ 75.419, 15.082 ], [ 75.411, 15.072 ], [ 75.415, 15.06 ], [ 75.427, 15.058 ], [ 75.435, 15.068 ], [ 75.448, 15.066 ], [ 75.452, 15.054 ], [ 75.464, 15.051 ], [ 75.468, 15.039 ], [ 75.481, 15.037 ], [ 75.489, 15.047 ], [ 75.501, 15.045 ], [ 75.505, 15.032 ], [ 75.518, 15.03 ], [ 75.526, 15.04 ], [ 75.539, 15.038 ], [ 75.543, 15.026 ], [ 75.534, 15.016 ], [ 75.538, 15.004 ], [ 75.53, 14.994 ], [ 75.534, 14.981 ], [ 75.546, 14.979 ], [ 75.555, 14.989 ], [ 75.567, 14.987 ], [ 75.571, 14.975 ], [ 75.583, 14.972 ], [ 75.587, 14.96 ], [ 75.6, 14.958 ], [ 75.608, 14.968 ], [ 75.621, 14.966 ], [ 75.629, 14.976 ], [ 75.625, 14.988 ], [ 75.633, 14.998 ], [ 75.646, 14.996 ], [ 75.65, 14.983 ], [ 75.662, 14.981 ], [ 75.671, 14.991 ], [ 75.683, 14.989 ], [ 75.687, 14.977 ], [ 75.699, 14.974 ], [ 75.703, 14.962 ], [ 75.695, 14.952 ], [ 75.699, 14.94 ], [ 75.711, 14.938 ], [ 75.72, 14.948 ], [ 75.732, 14.945 ], [ 75.741, 14.955 ], [ 75.753, 14.953 ], [ 75.761, 14.963 ], [ 75.774, 14.961 ], [ 75.782, 14.971 ], [ 75.778, 14.983 ], [ 75.787, 14.993 ], [ 75.783, 15.005 ], [ 75.791, 15.015 ], [ 75.803, 15.013 ], [ 75.812, 15.023 ], [ 75.824, 15.021 ], [ 75.833, 15.031 ], [ 75.845, 15.028 ], [ 75.854, 15.038 ], [ 75.866, 15.036 ], [ 75.874, 15.046 ], [ 75.887, 15.044 ], [ 75.895, 15.054 ], [ 75.908, 15.051 ], [ 75.916, 15.061 ], [ 75.912, 15.074 ], [ 75.9, 15.076 ], [ 75.896, 15.088 ], [ 75.883, 15.09 ], [ 75.879, 15.103 ], [ 75.888, 15.112 ], [ 75.9, 15.11 ], [ 75.909, 15.12 ], [ 75.905, 15.132 ], [ 75.913, 15.142 ], [ 75.925, 15.14 ], [ 75.934, 15.15 ], [ 75.946, 15.148 ], [ 75.95, 15.136 ], [ 75.963, 15.133 ], [ 75.971, 15.143 ], [ 75.984, 15.141 ], [ 75.992, 15.151 ], [ 76.005, 15.149 ], [ 76.009, 15.137 ], [ 76.021, 15.134 ], [ 76.03, 15.144 ], [ 76.042, 15.142 ], [ 76.05, 15.152 ], [ 76.063, 15.15 ], [ 76.071, 15.16 ], [ 76.084, 15.157 ], [ 76.092, 15.167 ], [ 76.105, 15.165 ], [ 76.113, 15.175 ], [ 76.109, 15.187 ], [ 76.118, 15.197 ], [ 76.13, 15.195 ], [ 76.139, 15.205 ], [ 76.151, 15.203 ], [ 76.16, 15.213 ], [ 76.172, 15.21 ], [ 76.181, 15.22 ], [ 76.176, 15.233 ], [ 76.185, 15.243 ], [ 76.197, 15.24 ], [ 76.201, 15.228 ], [ 76.214, 15.226 ], [ 76.222, 15.236 ], [ 76.235, 15.234 ], [ 76.239, 15.221 ], [ 76.23, 15.211 ], [ 76.218, 15.214 ], [ 76.21, 15.204 ], [ 76.214, 15.191 ], [ 76.226, 15.189 ], [ 76.235, 15.199 ], [ 76.247, 15.197 ], [ 76.255, 15.207 ], [ 76.268, 15.205 ], [ 76.276, 15.215 ], [ 76.289, 15.212 ], [ 76.297, 15.222 ], [ 76.293, 15.234 ], [ 76.302, 15.244 ], [ 76.298, 15.257 ], [ 76.306, 15.267 ], [ 76.319, 15.264 ], [ 76.327, 15.274 ], [ 76.34, 15.272 ], [ 76.348, 15.282 ], [ 76.344, 15.294 ], [ 76.353, 15.304 ], [ 76.349, 15.317 ], [ 76.357, 15.327 ], [ 76.37, 15.324 ], [ 76.378, 15.334 ], [ 76.391, 15.332 ], [ 76.395, 15.32 ], [ 76.407, 15.317 ], [ 76.416, 15.327 ], [ 76.428, 15.325 ], [ 76.437, 15.335 ], [ 76.45, 15.333 ], [ 76.458, 15.343 ], [ 76.471, 15.341 ], [ 76.479, 15.351 ], [ 76.492, 15.348 ], [ 76.5, 15.358 ], [ 76.513, 15.356 ], [ 76.521, 15.366 ], [ 76.534, 15.364 ], [ 76.542, 15.374 ], [ 76.538, 15.386 ], [ 76.547, 15.396 ], [ 76.559, 15.394 ], [ 76.568, 15.404 ], [ 76.58, 15.401 ], [ 76.589, 15.411 ], [ 76.585, 15.424 ], [ 76.593, 15.434 ], [ 76.606, 15.431 ], [ 76.615, 15.441 ], [ 76.627, 15.439 ], [ 76.636, 15.449 ], [ 76.648, 15.447 ], [ 76.657, 15.457 ], [ 76.669, 15.455 ], [ 76.678, 15.464 ], [ 76.69, 15.462 ], [ 76.699, 15.472 ], [ 76.695, 15.484 ], [ 76.703, 15.494 ], [ 76.716, 15.492 ], [ 76.725, 15.502 ], [ 76.737, 15.5 ], [ 76.741, 15.488 ], [ 76.754, 15.485 ], [ 76.762, 15.495 ], [ 76.775, 15.493 ], [ 76.783, 15.503 ], [ 76.796, 15.501 ], [ 76.805, 15.511 ], [ 76.801, 15.523 ], [ 76.809, 15.533 ], [ 76.805, 15.545 ], [ 76.793, 15.548 ], [ 76.788, 15.56 ], [ 76.776, 15.562 ], [ 76.772, 15.574 ], [ 76.759, 15.577 ], [ 76.755, 15.589 ], [ 76.743, 15.591 ], [ 76.734, 15.581 ], [ 76.722, 15.584 ], [ 76.717, 15.596 ], [ 76.705, 15.598 ], [ 76.696, 15.588 ], [ 76.684, 15.59 ], [ 76.68, 15.603 ], [ 76.688, 15.613 ], [ 76.684, 15.625 ], [ 76.693, 15.635 ], [ 76.689, 15.647 ], [ 76.676, 15.649 ], [ 76.672, 15.662 ], [ 76.66, 15.664 ], [ 76.651, 15.654 ], [ 76.638, 15.656 ], [ 76.634, 15.668 ], [ 76.622, 15.671 ], [ 76.613, 15.661 ], [ 76.601, 15.663 ], [ 76.597, 15.675 ], [ 76.605, 15.685 ], [ 76.601, 15.698 ], [ 76.589, 15.7 ], [ 76.58, 15.69 ], [ 76.568, 15.692 ], [ 76.564, 15.704 ], [ 76.551, 15.707 ], [ 76.542, 15.697 ], [ 76.53, 15.699 ], [ 76.526, 15.711 ], [ 76.513, 15.713 ], [ 76.505, 15.703 ], [ 76.492, 15.706 ], [ 76.488, 15.718 ], [ 76.476, 15.72 ], [ 76.472, 15.732 ], [ 76.459, 15.735 ], [ 76.455, 15.747 ], [ 76.442, 15.749 ], [ 76.438, 15.761 ], [ 76.447, 15.771 ] ] ] ] } },
{ "type": "Feature", "properties": { "POLYGON.ID": 132.0, "subregion": "India--Karnataka--Bijapur and Bagalkot_CL31349", "FILTER": "Karnataka", "POLYGON": "India--Karnataka--Bijapur and Bagalkot_CL31349", "COUNTY": "Bijapur", "STATE": "Karnataka", "OWNER": null }, "geometry": { "type": "MultiPolygon", "coordinates": [ [ [ [ 75.636, 17.285 ], [ 75.64, 17.273 ], [ 75.653, 17.271 ], [ 75.657, 17.259 ], [ 75.649, 17.249 ], [ 75.653, 17.237 ], [ 75.665, 17.234 ], [ 75.669, 17.222 ], [ 75.661, 17.212 ], [ 75.648, 17.214 ], [ 75.64, 17.204 ], [ 75.644, 17.192 ], [ 75.635, 17.182 ], [ 75.623, 17.184 ], [ 75.614, 17.174 ], [ 75.618, 17.162 ], [ 75.631, 17.16 ], [ 75.635, 17.148 ], [ 75.647, 17.146 ], [ 75.652, 17.134 ], [ 75.643, 17.124 ], [ 75.647, 17.112 ], [ 75.66, 17.11 ], [ 75.664, 17.098 ], [ 75.676, 17.096 ], [ 75.68, 17.084 ], [ 75.672, 17.074 ], [ 75.676, 17.062 ], [ 75.667, 17.052 ], [ 75.655, 17.054 ], [ 75.646, 17.044 ], [ 75.65, 17.032 ], [ 75.663, 17.03 ], [ 75.667, 17.018 ], [ 75.659, 17.008 ], [ 75.663, 16.995 ], [ 75.675, 16.993 ], [ 75.679, 16.981 ], [ 75.671, 16.971 ], [ 75.658, 16.973 ], [ 75.65, 16.963 ], [ 75.637, 16.965 ], [ 75.633, 16.978 ], [ 75.621, 16.98 ], [ 75.612, 16.97 ], [ 75.6, 16.972 ], [ 75.596, 16.984 ], [ 75.604, 16.994 ], [ 75.6, 17.006 ], [ 75.588, 17.008 ], [ 75.579, 16.998 ], [ 75.567, 17.0 ], [ 75.558, 16.99 ], [ 75.562, 16.978 ], [ 75.554, 16.968 ], [ 75.541, 16.97 ], [ 75.533, 16.96 ], [ 75.521, 16.962 ], [ 75.512, 16.952 ], [ 75.5, 16.954 ], [ 75.496, 16.966 ], [ 75.483, 16.968 ], [ 75.479, 16.98 ], [ 75.467, 16.982 ], [ 75.463, 16.995 ], [ 75.45, 16.997 ], [ 75.442, 16.987 ], [ 75.446, 16.975 ], [ 75.437, 16.965 ], [ 75.425, 16.967 ], [ 75.421, 16.979 ], [ 75.408, 16.981 ], [ 75.4, 16.971 ], [ 75.388, 16.973 ], [ 75.379, 16.963 ], [ 75.367, 16.965 ], [ 75.358, 16.955 ], [ 75.346, 16.957 ], [ 75.337, 16.947 ], [ 75.341, 16.935 ], [ 75.333, 16.925 ], [ 75.337, 16.913 ], [ 75.329, 16.903 ], [ 75.333, 16.891 ], [ 75.324, 16.881 ], [ 75.328, 16.869 ], [ 75.341, 16.867 ], [ 75.349, 16.877 ], [ 75.362, 16.875 ], [ 75.366, 16.863 ], [ 75.378, 16.861 ], [ 75.382, 16.848 ], [ 75.374, 16.838 ], [ 75.378, 16.826 ], [ 75.369, 16.816 ], [ 75.373, 16.804 ], [ 75.386, 16.802 ], [ 75.39, 16.79 ], [ 75.382, 16.78 ], [ 75.386, 16.768 ], [ 75.377, 16.758 ], [ 75.365, 16.76 ], [ 75.356, 16.75 ], [ 75.36, 16.738 ], [ 75.352, 16.728 ], [ 75.356, 16.716 ], [ 75.348, 16.706 ], [ 75.335, 16.708 ], [ 75.331, 16.72 ], [ 75.319, 16.722 ], [ 75.31, 16.712 ], [ 75.298, 16.714 ], [ 75.29, 16.704 ], [ 75.277, 16.707 ], [ 75.269, 16.697 ], [ 75.273, 16.685 ], [ 75.264, 16.675 ], [ 75.268, 16.662 ], [ 75.26, 16.652 ], [ 75.264, 16.64 ], [ 75.256, 16.63 ], [ 75.26, 16.618 ], [ 75.251, 16.608 ], [ 75.239, 16.61 ], [ 75.235, 16.623 ], [ 75.222, 16.625 ], [ 75.214, 16.615 ], [ 75.202, 16.617 ], [ 75.193, 16.607 ], [ 75.181, 16.609 ], [ 75.173, 16.599 ], [ 75.16, 16.601 ], [ 75.152, 16.591 ], [ 75.156, 16.579 ], [ 75.147, 16.569 ], [ 75.151, 16.557 ], [ 75.164, 16.555 ], [ 75.168, 16.543 ], [ 75.16, 16.533 ], [ 75.147, 16.535 ], [ 75.139, 16.525 ], [ 75.126, 16.527 ], [ 75.118, 16.517 ], [ 75.106, 16.519 ], [ 75.102, 16.531 ], [ 75.089, 16.533 ], [ 75.085, 16.545 ], [ 75.094, 16.555 ], [ 75.089, 16.567 ], [ 75.077, 16.569 ], [ 75.069, 16.559 ], [ 75.073, 16.547 ], [ 75.064, 16.537 ], [ 75.052, 16.539 ], [ 75.044, 16.529 ], [ 75.031, 16.531 ], [ 75.027, 16.544 ], [ 75.015, 16.546 ], [ 75.007, 16.536 ], [ 75.011, 16.524 ], [ 75.002, 16.514 ], [ 74.99, 16.516 ], [ 74.982, 16.506 ], [ 74.986, 16.494 ], [ 74.977, 16.484 ], [ 74.981, 16.472 ], [ 74.994, 16.47 ], [ 74.998, 16.457 ], [ 75.01, 16.455 ], [ 75.014, 16.443 ], [ 75.026, 16.441 ], [ 75.03, 16.429 ], [ 75.043, 16.427 ], [ 75.051, 16.437 ], [ 75.064, 16.435 ], [ 75.068, 16.423 ], [ 75.08, 16.421 ], [ 75.084, 16.409 ], [ 75.076, 16.399 ], [ 75.063, 16.401 ], [ 75.055, 16.391 ], [ 75.043, 16.393 ], [ 75.034, 16.383 ], [ 75.038, 16.371 ], [ 75.03, 16.361 ], [ 75.034, 16.349 ], [ 75.026, 16.339 ], [ 75.03, 16.327 ], [ 75.042, 16.325 ], [ 75.05, 16.335 ], [ 75.063, 16.333 ], [ 75.067, 16.321 ], [ 75.079, 16.319 ], [ 75.087, 16.329 ], [ 75.1, 16.326 ], [ 75.108, 16.336 ], [ 75.121, 16.334 ], [ 75.125, 16.322 ], [ 75.137, 16.32 ], [ 75.145, 16.33 ], [ 75.158, 16.328 ], [ 75.162, 16.316 ], [ 75.153, 16.306 ], [ 75.157, 16.294 ], [ 75.149, 16.284 ], [ 75.153, 16.272 ], [ 75.165, 16.27 ], [ 75.174, 16.28 ], [ 75.186, 16.278 ], [ 75.19, 16.265 ], [ 75.203, 16.263 ], [ 75.211, 16.273 ], [ 75.223, 16.271 ], [ 75.227, 16.259 ], [ 75.24, 16.257 ], [ 75.244, 16.245 ], [ 75.235, 16.235 ], [ 75.24, 16.223 ], [ 75.231, 16.213 ], [ 75.235, 16.201 ], [ 75.248, 16.199 ], [ 75.256, 16.209 ], [ 75.268, 16.207 ], [ 75.272, 16.194 ], [ 75.285, 16.192 ], [ 75.289, 16.18 ], [ 75.28, 16.17 ], [ 75.284, 16.158 ], [ 75.276, 16.148 ], [ 75.28, 16.136 ], [ 75.272, 16.126 ], [ 75.276, 16.114 ], [ 75.288, 16.112 ], [ 75.297, 16.122 ], [ 75.309, 16.12 ], [ 75.313, 16.108 ], [ 75.325, 16.105 ], [ 75.334, 16.115 ], [ 75.346, 16.113 ], [ 75.355, 16.123 ], [ 75.367, 16.121 ], [ 75.371, 16.109 ], [ 75.383, 16.107 ], [ 75.392, 16.117 ], [ 75.404, 16.115 ], [ 75.413, 16.125 ], [ 75.425, 16.123 ], [ 75.429, 16.11 ], [ 75.441, 16.108 ], [ 75.445, 16.096 ], [ 75.437, 16.086 ], [ 75.441, 16.074 ], [ 75.433, 16.064 ], [ 75.437, 16.052 ], [ 75.428, 16.042 ], [ 75.432, 16.03 ], [ 75.424, 16.02 ], [ 75.428, 16.008 ], [ 75.44, 16.006 ], [ 75.444, 15.994 ], [ 75.436, 15.984 ], [ 75.44, 15.971 ], [ 75.432, 15.961 ], [ 75.436, 15.949 ], [ 75.427, 15.939 ], [ 75.431, 15.927 ], [ 75.444, 15.925 ], [ 75.448, 15.913 ], [ 75.439, 15.903 ], [ 75.443, 15.891 ], [ 75.456, 15.889 ], [ 75.46, 15.876 ], [ 75.472, 15.874 ], [ 75.481, 15.884 ], [ 75.493, 15.882 ], [ 75.497, 15.87 ], [ 75.51, 15.868 ], [ 75.514, 15.856 ], [ 75.526, 15.854 ], [ 75.53, 15.841 ], [ 75.542, 15.839 ], [ 75.546, 15.827 ], [ 75.559, 15.825 ], [ 75.567, 15.835 ], [ 75.58, 15.833 ], [ 75.584, 15.821 ], [ 75.596, 15.818 ], [ 75.605, 15.828 ], [ 75.617, 15.826 ], [ 75.625, 15.836 ], [ 75.638, 15.834 ], [ 75.642, 15.822 ], [ 75.654, 15.82 ], [ 75.663, 15.83 ], [ 75.675, 15.827 ], [ 75.684, 15.837 ], [ 75.696, 15.835 ], [ 75.7, 15.823 ], [ 75.713, 15.821 ], [ 75.721, 15.831 ], [ 75.733, 15.829 ], [ 75.737, 15.816 ], [ 75.75, 15.814 ], [ 75.758, 15.824 ], [ 75.771, 15.822 ], [ 75.779, 15.832 ], [ 75.775, 15.844 ], [ 75.784, 15.854 ], [ 75.796, 15.852 ], [ 75.805, 15.862 ], [ 75.817, 15.86 ], [ 75.821, 15.848 ], [ 75.833, 15.845 ], [ 75.842, 15.855 ], [ 75.838, 15.868 ], [ 75.825, 15.87 ], [ 75.821, 15.882 ], [ 75.83, 15.892 ], [ 75.826, 15.904 ], [ 75.813, 15.906 ], [ 75.805, 15.896 ], [ 75.792, 15.899 ], [ 75.788, 15.911 ], [ 75.797, 15.921 ], [ 75.809, 15.918 ], [ 75.818, 15.928 ], [ 75.83, 15.926 ], [ 75.839, 15.936 ], [ 75.851, 15.934 ], [ 75.86, 15.944 ], [ 75.872, 15.942 ], [ 75.876, 15.93 ], [ 75.889, 15.928 ], [ 75.893, 15.915 ], [ 75.905, 15.913 ], [ 75.909, 15.901 ], [ 75.922, 15.899 ], [ 75.926, 15.887 ], [ 75.938, 15.884 ], [ 75.942, 15.872 ], [ 75.955, 15.87 ], [ 75.959, 15.858 ], [ 75.971, 15.856 ], [ 75.98, 15.866 ], [ 75.976, 15.878 ], [ 75.984, 15.888 ], [ 75.98, 15.9 ], [ 75.967, 15.902 ], [ 75.963, 15.914 ], [ 75.972, 15.924 ], [ 75.968, 15.937 ], [ 75.976, 15.947 ], [ 75.972, 15.959 ], [ 75.981, 15.969 ], [ 75.977, 15.981 ], [ 75.985, 15.991 ], [ 75.981, 16.003 ], [ 75.99, 16.013 ], [ 76.002, 16.011 ], [ 76.006, 15.999 ], [ 76.019, 15.996 ], [ 76.027, 16.006 ], [ 76.04, 16.004 ], [ 76.048, 16.014 ], [ 76.061, 16.012 ], [ 76.065, 16.0 ], [ 76.077, 15.998 ], [ 76.081, 15.985 ], [ 76.073, 15.975 ], [ 76.077, 15.963 ], [ 76.068, 15.953 ], [ 76.072, 15.941 ], [ 76.064, 15.931 ], [ 76.068, 15.919 ], [ 76.059, 15.909 ], [ 76.063, 15.897 ], [ 76.076, 15.895 ], [ 76.084, 15.905 ], [ 76.097, 15.902 ], [ 76.101, 15.89 ], [ 76.113, 15.888 ], [ 76.122, 15.898 ], [ 76.134, 15.896 ], [ 76.143, 15.906 ], [ 76.155, 15.904 ], [ 76.164, 15.914 ], [ 76.16, 15.926 ], [ 76.168, 15.936 ], [ 76.181, 15.933 ], [ 76.189, 15.943 ], [ 76.202, 15.941 ], [ 76.21, 15.951 ], [ 76.223, 15.949 ], [ 76.227, 15.937 ], [ 76.239, 15.935 ], [ 76.244, 15.922 ], [ 76.256, 15.92 ], [ 76.26, 15.908 ], [ 76.273, 15.906 ], [ 76.281, 15.916 ], [ 76.277, 15.928 ], [ 76.286, 15.938 ], [ 76.298, 15.936 ], [ 76.302, 15.924 ], [ 76.315, 15.921 ], [ 76.323, 15.931 ], [ 76.319, 15.944 ], [ 76.328, 15.954 ], [ 76.324, 15.966 ], [ 76.311, 15.968 ], [ 76.307, 15.98 ], [ 76.295, 15.982 ], [ 76.291, 15.995 ], [ 76.299, 16.005 ], [ 76.312, 16.002 ], [ 76.32, 16.012 ], [ 76.316, 16.025 ], [ 76.303, 16.027 ], [ 76.299, 16.039 ], [ 76.308, 16.049 ], [ 76.304, 16.061 ], [ 76.291, 16.063 ], [ 76.287, 16.076 ], [ 76.275, 16.078 ], [ 76.266, 16.068 ], [ 76.254, 16.07 ], [ 76.25, 16.082 ], [ 76.258, 16.092 ], [ 76.271, 16.09 ], [ 76.279, 16.1 ], [ 76.275, 16.112 ], [ 76.263, 16.114 ], [ 76.254, 16.104 ], [ 76.242, 16.107 ], [ 76.238, 16.119 ], [ 76.246, 16.129 ], [ 76.242, 16.141 ], [ 76.23, 16.143 ], [ 76.226, 16.155 ], [ 76.234, 16.165 ], [ 76.247, 16.163 ], [ 76.251, 16.151 ], [ 76.263, 16.149 ], [ 76.272, 16.159 ], [ 76.284, 16.157 ], [ 76.293, 16.167 ], [ 76.289, 16.179 ], [ 76.297, 16.189 ], [ 76.31, 16.187 ], [ 76.318, 16.197 ], [ 76.331, 16.194 ], [ 76.339, 16.204 ], [ 76.335, 16.217 ], [ 76.344, 16.227 ], [ 76.34, 16.239 ], [ 76.348, 16.249 ], [ 76.344, 16.261 ], [ 76.353, 16.271 ], [ 76.349, 16.283 ], [ 76.336, 16.285 ], [ 76.328, 16.275 ], [ 76.315, 16.278 ], [ 76.311, 16.29 ], [ 76.298, 16.292 ], [ 76.294, 16.304 ], [ 76.303, 16.314 ], [ 76.299, 16.326 ], [ 76.307, 16.336 ], [ 76.303, 16.348 ], [ 76.312, 16.358 ], [ 76.308, 16.371 ], [ 76.316, 16.381 ], [ 76.312, 16.393 ], [ 76.321, 16.403 ], [ 76.333, 16.401 ], [ 76.342, 16.411 ], [ 76.338, 16.423 ], [ 76.346, 16.433 ], [ 76.359, 16.431 ], [ 76.363, 16.418 ], [ 76.376, 16.416 ], [ 76.384, 16.426 ], [ 76.397, 16.424 ], [ 76.405, 16.434 ], [ 76.418, 16.432 ], [ 76.426, 16.442 ], [ 76.422, 16.454 ], [ 76.431, 16.464 ], [ 76.427, 16.476 ], [ 76.435, 16.486 ], [ 76.431, 16.499 ], [ 76.44, 16.509 ], [ 76.436, 16.521 ], [ 76.423, 16.523 ], [ 76.419, 16.535 ], [ 76.428, 16.545 ], [ 76.424, 16.557 ], [ 76.432, 16.567 ], [ 76.428, 16.579 ], [ 76.416, 16.582 ], [ 76.412, 16.594 ], [ 76.42, 16.604 ], [ 76.416, 16.616 ], [ 76.403, 16.618 ], [ 76.399, 16.63 ], [ 76.408, 16.64 ], [ 76.404, 16.653 ], [ 76.412, 16.663 ], [ 76.408, 16.675 ], [ 76.417, 16.685 ], [ 76.43, 16.683 ], [ 76.438, 16.693 ], [ 76.434, 16.705 ], [ 76.443, 16.715 ], [ 76.439, 16.727 ], [ 76.426, 16.729 ], [ 76.422, 16.741 ], [ 76.43, 16.751 ], [ 76.426, 16.763 ], [ 76.414, 16.766 ], [ 76.41, 16.778 ], [ 76.397, 16.78 ], [ 76.389, 16.77 ], [ 76.376, 16.772 ], [ 76.372, 16.784 ], [ 76.381, 16.794 ], [ 76.393, 16.792 ], [ 76.402, 16.802 ], [ 76.398, 16.814 ], [ 76.385, 16.816 ], [ 76.376, 16.806 ], [ 76.364, 16.808 ], [ 76.36, 16.821 ], [ 76.347, 16.823 ], [ 76.343, 16.835 ], [ 76.352, 16.845 ], [ 76.364, 16.843 ], [ 76.373, 16.853 ], [ 76.385, 16.851 ], [ 76.394, 16.861 ], [ 76.407, 16.859 ], [ 76.411, 16.846 ], [ 76.423, 16.844 ], [ 76.427, 16.832 ], [ 76.44, 16.83 ], [ 76.448, 16.84 ], [ 76.461, 16.838 ], [ 76.47, 16.848 ], [ 76.466, 16.86 ], [ 76.453, 16.862 ], [ 76.449, 16.874 ], [ 76.436, 16.876 ], [ 76.432, 16.889 ], [ 76.441, 16.899 ], [ 76.453, 16.896 ], [ 76.462, 16.906 ], [ 76.458, 16.919 ], [ 76.445, 16.921 ], [ 76.441, 16.933 ], [ 76.429, 16.935 ], [ 76.42, 16.925 ], [ 76.408, 16.927 ], [ 76.403, 16.939 ], [ 76.412, 16.949 ], [ 76.408, 16.961 ], [ 76.417, 16.972 ], [ 76.429, 16.969 ], [ 76.438, 16.979 ], [ 76.434, 16.992 ], [ 76.442, 17.002 ], [ 76.438, 17.014 ], [ 76.426, 17.016 ], [ 76.421, 17.028 ], [ 76.43, 17.038 ], [ 76.426, 17.05 ], [ 76.435, 17.06 ], [ 76.43, 17.072 ], [ 76.439, 17.082 ], [ 76.435, 17.094 ], [ 76.422, 17.097 ], [ 76.414, 17.087 ], [ 76.401, 17.089 ], [ 76.397, 17.101 ], [ 76.385, 17.103 ], [ 76.381, 17.115 ], [ 76.389, 17.125 ], [ 76.385, 17.137 ], [ 76.372, 17.139 ], [ 76.368, 17.152 ], [ 76.377, 17.162 ], [ 76.373, 17.174 ], [ 76.36, 17.176 ], [ 76.356, 17.188 ], [ 76.344, 17.19 ], [ 76.335, 17.18 ], [ 76.322, 17.182 ], [ 76.314, 17.172 ], [ 76.301, 17.174 ], [ 76.293, 17.164 ], [ 76.28, 17.166 ], [ 76.272, 17.156 ], [ 76.259, 17.158 ], [ 76.251, 17.148 ], [ 76.238, 17.151 ], [ 76.234, 17.163 ], [ 76.221, 17.165 ], [ 76.217, 17.177 ], [ 76.205, 17.179 ], [ 76.201, 17.191 ], [ 76.188, 17.193 ], [ 76.184, 17.205 ], [ 76.171, 17.207 ], [ 76.167, 17.22 ], [ 76.155, 17.222 ], [ 76.151, 17.234 ], [ 76.138, 17.236 ], [ 76.134, 17.248 ], [ 76.122, 17.25 ], [ 76.118, 17.262 ], [ 76.105, 17.264 ], [ 76.096, 17.254 ], [ 76.084, 17.256 ], [ 76.08, 17.268 ], [ 76.088, 17.278 ], [ 76.084, 17.291 ], [ 76.072, 17.293 ], [ 76.068, 17.305 ], [ 76.076, 17.315 ], [ 76.072, 17.327 ], [ 76.081, 17.337 ], [ 76.077, 17.349 ], [ 76.064, 17.351 ], [ 76.06, 17.363 ], [ 76.047, 17.365 ], [ 76.039, 17.355 ], [ 76.026, 17.357 ], [ 76.018, 17.347 ], [ 76.005, 17.349 ], [ 75.997, 17.339 ], [ 75.984, 17.341 ], [ 75.976, 17.331 ], [ 75.963, 17.333 ], [ 75.955, 17.323 ], [ 75.942, 17.326 ], [ 75.934, 17.316 ], [ 75.921, 17.318 ], [ 75.917, 17.33 ], [ 75.905, 17.332 ], [ 75.9, 17.344 ], [ 75.888, 17.346 ], [ 75.884, 17.358 ], [ 75.892, 17.368 ], [ 75.888, 17.38 ], [ 75.897, 17.39 ], [ 75.893, 17.402 ], [ 75.88, 17.404 ], [ 75.872, 17.394 ], [ 75.859, 17.396 ], [ 75.855, 17.408 ], [ 75.843, 17.41 ], [ 75.839, 17.422 ], [ 75.826, 17.424 ], [ 75.818, 17.414 ], [ 75.822, 17.402 ], [ 75.813, 17.392 ], [ 75.817, 17.38 ], [ 75.809, 17.37 ], [ 75.796, 17.372 ], [ 75.792, 17.384 ], [ 75.78, 17.387 ], [ 75.776, 17.399 ], [ 75.763, 17.401 ], [ 75.759, 17.413 ], [ 75.746, 17.415 ], [ 75.742, 17.427 ], [ 75.73, 17.429 ], [ 75.721, 17.419 ], [ 75.709, 17.421 ], [ 75.7, 17.411 ], [ 75.688, 17.413 ], [ 75.684, 17.425 ], [ 75.671, 17.427 ], [ 75.667, 17.439 ], [ 75.676, 17.449 ], [ 75.672, 17.461 ], [ 75.659, 17.463 ], [ 75.655, 17.475 ], [ 75.643, 17.477 ], [ 75.634, 17.467 ], [ 75.622, 17.469 ], [ 75.613, 17.459 ], [ 75.617, 17.447 ], [ 75.609, 17.437 ], [ 75.613, 17.425 ], [ 75.604, 17.415 ], [ 75.608, 17.403 ], [ 75.6, 17.393 ], [ 75.588, 17.395 ], [ 75.579, 17.385 ], [ 75.583, 17.373 ], [ 75.575, 17.363 ], [ 75.579, 17.351 ], [ 75.591, 17.349 ], [ 75.595, 17.337 ], [ 75.608, 17.335 ], [ 75.612, 17.323 ], [ 75.603, 17.313 ], [ 75.607, 17.301 ], [ 75.62, 17.299 ], [ 75.624, 17.287 ], [ 75.636, 17.285 ] ] ], [ [ [ 76.292, 16.098 ], [ 76.296, 16.086 ], [ 76.308, 16.083 ], [ 76.312, 16.071 ], [ 76.325, 16.069 ], [ 76.333, 16.079 ], [ 76.329, 16.091 ], [ 76.317, 16.093 ], [ 76.313, 16.106 ], [ 76.3, 16.108 ], [ 76.292, 16.098 ] ] ] ] } },
{ "type": "Feature", "properties": { "POLYGON.ID": 131.0, "subregion": "India--Karnataka--Bidar_CL31348", "FILTER": "Karnataka", "POLYGON": "India--Karnataka--Bidar_CL31348", "COUNTY": "Bidar", "STATE": "Karnataka", "OWNER": null }, "geometry": { "type": "MultiPolygon", "coordinates": [ [ [ [ 77.532, 18.299 ], [ 77.519, 18.301 ], [ 77.511, 18.291 ], [ 77.515, 18.279 ], [ 77.506, 18.269 ], [ 77.493, 18.271 ], [ 77.484, 18.261 ], [ 77.472, 18.263 ], [ 77.467, 18.275 ], [ 77.455, 18.277 ], [ 77.451, 18.289 ], [ 77.438, 18.292 ], [ 77.434, 18.304 ], [ 77.421, 18.306 ], [ 77.412, 18.296 ], [ 77.399, 18.298 ], [ 77.395, 18.31 ], [ 77.383, 18.312 ], [ 77.374, 18.302 ], [ 77.361, 18.304 ], [ 77.357, 18.316 ], [ 77.366, 18.326 ], [ 77.378, 18.324 ], [ 77.387, 18.334 ], [ 77.383, 18.346 ], [ 77.392, 18.356 ], [ 77.388, 18.369 ], [ 77.396, 18.379 ], [ 77.409, 18.377 ], [ 77.418, 18.387 ], [ 77.414, 18.399 ], [ 77.401, 18.401 ], [ 77.392, 18.391 ], [ 77.38, 18.393 ], [ 77.376, 18.405 ], [ 77.363, 18.407 ], [ 77.359, 18.419 ], [ 77.367, 18.429 ], [ 77.363, 18.441 ], [ 77.35, 18.443 ], [ 77.342, 18.433 ], [ 77.329, 18.436 ], [ 77.325, 18.448 ], [ 77.312, 18.45 ], [ 77.303, 18.44 ], [ 77.291, 18.442 ], [ 77.282, 18.432 ], [ 77.269, 18.434 ], [ 77.26, 18.424 ], [ 77.265, 18.412 ], [ 77.256, 18.402 ], [ 77.243, 18.404 ], [ 77.234, 18.394 ], [ 77.238, 18.382 ], [ 77.23, 18.372 ], [ 77.234, 18.359 ], [ 77.225, 18.349 ], [ 77.229, 18.337 ], [ 77.22, 18.327 ], [ 77.208, 18.329 ], [ 77.199, 18.319 ], [ 77.203, 18.307 ], [ 77.194, 18.297 ], [ 77.198, 18.285 ], [ 77.19, 18.275 ], [ 77.177, 18.277 ], [ 77.168, 18.267 ], [ 77.172, 18.255 ], [ 77.164, 18.245 ], [ 77.151, 18.247 ], [ 77.142, 18.237 ], [ 77.146, 18.225 ], [ 77.138, 18.215 ], [ 77.125, 18.217 ], [ 77.116, 18.207 ], [ 77.103, 18.209 ], [ 77.095, 18.199 ], [ 77.099, 18.187 ], [ 77.112, 18.185 ], [ 77.116, 18.173 ], [ 77.107, 18.163 ], [ 77.094, 18.165 ], [ 77.086, 18.155 ], [ 77.073, 18.157 ], [ 77.064, 18.147 ], [ 77.051, 18.149 ], [ 77.047, 18.161 ], [ 77.056, 18.171 ], [ 77.052, 18.183 ], [ 77.039, 18.185 ], [ 77.031, 18.175 ], [ 77.018, 18.177 ], [ 77.009, 18.167 ], [ 76.996, 18.169 ], [ 76.992, 18.181 ], [ 76.98, 18.183 ], [ 76.976, 18.196 ], [ 76.963, 18.198 ], [ 76.954, 18.188 ], [ 76.958, 18.176 ], [ 76.95, 18.166 ], [ 76.937, 18.168 ], [ 76.928, 18.158 ], [ 76.932, 18.145 ], [ 76.924, 18.135 ], [ 76.928, 18.123 ], [ 76.94, 18.121 ], [ 76.944, 18.109 ], [ 76.957, 18.107 ], [ 76.961, 18.095 ], [ 76.953, 18.085 ], [ 76.957, 18.073 ], [ 76.948, 18.063 ], [ 76.952, 18.051 ], [ 76.943, 18.041 ], [ 76.931, 18.043 ], [ 76.922, 18.033 ], [ 76.909, 18.035 ], [ 76.901, 18.025 ], [ 76.905, 18.013 ], [ 76.896, 18.003 ], [ 76.9, 17.99 ], [ 76.913, 17.988 ], [ 76.917, 17.976 ], [ 76.908, 17.966 ], [ 76.912, 17.954 ], [ 76.925, 17.952 ], [ 76.929, 17.94 ], [ 76.921, 17.93 ], [ 76.925, 17.918 ], [ 76.916, 17.908 ], [ 76.903, 17.91 ], [ 76.895, 17.9 ], [ 76.882, 17.902 ], [ 76.873, 17.892 ], [ 76.861, 17.894 ], [ 76.856, 17.906 ], [ 76.844, 17.908 ], [ 76.835, 17.898 ], [ 76.822, 17.9 ], [ 76.814, 17.89 ], [ 76.818, 17.878 ], [ 76.809, 17.868 ], [ 76.797, 17.87 ], [ 76.792, 17.882 ], [ 76.78, 17.884 ], [ 76.776, 17.897 ], [ 76.763, 17.899 ], [ 76.754, 17.889 ], [ 76.742, 17.891 ], [ 76.733, 17.881 ], [ 76.737, 17.869 ], [ 76.75, 17.866 ], [ 76.754, 17.854 ], [ 76.767, 17.852 ], [ 76.771, 17.84 ], [ 76.783, 17.838 ], [ 76.787, 17.826 ], [ 76.779, 17.816 ], [ 76.783, 17.804 ], [ 76.774, 17.794 ], [ 76.762, 17.796 ], [ 76.753, 17.786 ], [ 76.74, 17.788 ], [ 76.732, 17.778 ], [ 76.719, 17.78 ], [ 76.71, 17.77 ], [ 76.714, 17.758 ], [ 76.727, 17.756 ], [ 76.731, 17.744 ], [ 76.723, 17.734 ], [ 76.71, 17.736 ], [ 76.701, 17.726 ], [ 76.705, 17.714 ], [ 76.697, 17.704 ], [ 76.701, 17.691 ], [ 76.692, 17.681 ], [ 76.696, 17.669 ], [ 76.709, 17.667 ], [ 76.713, 17.655 ], [ 76.726, 17.653 ], [ 76.734, 17.663 ], [ 76.747, 17.661 ], [ 76.756, 17.671 ], [ 76.768, 17.669 ], [ 76.772, 17.657 ], [ 76.764, 17.647 ], [ 76.768, 17.634 ], [ 76.78, 17.632 ], [ 76.789, 17.642 ], [ 76.802, 17.64 ], [ 76.81, 17.65 ], [ 76.823, 17.648 ], [ 76.832, 17.658 ], [ 76.844, 17.656 ], [ 76.848, 17.644 ], [ 76.861, 17.642 ], [ 76.87, 17.652 ], [ 76.882, 17.65 ], [ 76.886, 17.638 ], [ 76.899, 17.635 ], [ 76.908, 17.645 ], [ 76.92, 17.643 ], [ 76.925, 17.631 ], [ 76.916, 17.621 ], [ 76.92, 17.609 ], [ 76.933, 17.607 ], [ 76.941, 17.617 ], [ 76.954, 17.615 ], [ 76.963, 17.625 ], [ 76.959, 17.637 ], [ 76.967, 17.647 ], [ 76.98, 17.645 ], [ 76.989, 17.655 ], [ 76.984, 17.667 ], [ 76.972, 17.669 ], [ 76.968, 17.681 ], [ 76.976, 17.691 ], [ 76.989, 17.689 ], [ 76.998, 17.699 ], [ 77.01, 17.697 ], [ 77.014, 17.685 ], [ 77.027, 17.683 ], [ 77.031, 17.671 ], [ 77.044, 17.669 ], [ 77.053, 17.679 ], [ 77.065, 17.676 ], [ 77.069, 17.664 ], [ 77.082, 17.662 ], [ 77.091, 17.672 ], [ 77.104, 17.67 ], [ 77.112, 17.68 ], [ 77.125, 17.678 ], [ 77.129, 17.666 ], [ 77.142, 17.664 ], [ 77.146, 17.652 ], [ 77.137, 17.641 ], [ 77.141, 17.629 ], [ 77.154, 17.627 ], [ 77.163, 17.637 ], [ 77.175, 17.635 ], [ 77.179, 17.623 ], [ 77.192, 17.621 ], [ 77.201, 17.631 ], [ 77.214, 17.629 ], [ 77.222, 17.639 ], [ 77.235, 17.637 ], [ 77.239, 17.624 ], [ 77.252, 17.622 ], [ 77.26, 17.632 ], [ 77.273, 17.63 ], [ 77.277, 17.618 ], [ 77.29, 17.616 ], [ 77.294, 17.604 ], [ 77.307, 17.601 ], [ 77.311, 17.589 ], [ 77.324, 17.587 ], [ 77.332, 17.597 ], [ 77.345, 17.595 ], [ 77.354, 17.605 ], [ 77.366, 17.603 ], [ 77.371, 17.591 ], [ 77.383, 17.588 ], [ 77.387, 17.576 ], [ 77.4, 17.574 ], [ 77.409, 17.584 ], [ 77.422, 17.582 ], [ 77.43, 17.592 ], [ 77.443, 17.59 ], [ 77.452, 17.6 ], [ 77.448, 17.612 ], [ 77.456, 17.622 ], [ 77.452, 17.634 ], [ 77.461, 17.644 ], [ 77.457, 17.656 ], [ 77.444, 17.659 ], [ 77.44, 17.671 ], [ 77.449, 17.681 ], [ 77.445, 17.693 ], [ 77.453, 17.703 ], [ 77.466, 17.701 ], [ 77.475, 17.711 ], [ 77.488, 17.709 ], [ 77.496, 17.719 ], [ 77.509, 17.717 ], [ 77.518, 17.727 ], [ 77.531, 17.725 ], [ 77.539, 17.735 ], [ 77.552, 17.732 ], [ 77.561, 17.742 ], [ 77.557, 17.755 ], [ 77.566, 17.765 ], [ 77.562, 17.777 ], [ 77.549, 17.779 ], [ 77.54, 17.769 ], [ 77.527, 17.771 ], [ 77.523, 17.783 ], [ 77.51, 17.786 ], [ 77.506, 17.798 ], [ 77.515, 17.808 ], [ 77.528, 17.806 ], [ 77.537, 17.816 ], [ 77.533, 17.828 ], [ 77.541, 17.838 ], [ 77.554, 17.836 ], [ 77.563, 17.846 ], [ 77.559, 17.858 ], [ 77.567, 17.868 ], [ 77.58, 17.866 ], [ 77.589, 17.876 ], [ 77.585, 17.888 ], [ 77.594, 17.898 ], [ 77.606, 17.896 ], [ 77.615, 17.906 ], [ 77.611, 17.918 ], [ 77.62, 17.928 ], [ 77.616, 17.94 ], [ 77.624, 17.95 ], [ 77.637, 17.948 ], [ 77.646, 17.958 ], [ 77.642, 17.97 ], [ 77.651, 17.98 ], [ 77.647, 17.993 ], [ 77.634, 17.995 ], [ 77.63, 18.007 ], [ 77.617, 18.009 ], [ 77.613, 18.021 ], [ 77.6, 18.023 ], [ 77.591, 18.013 ], [ 77.579, 18.016 ], [ 77.574, 18.028 ], [ 77.562, 18.03 ], [ 77.558, 18.042 ], [ 77.545, 18.044 ], [ 77.541, 18.056 ], [ 77.549, 18.066 ], [ 77.562, 18.064 ], [ 77.571, 18.074 ], [ 77.584, 18.072 ], [ 77.593, 18.082 ], [ 77.588, 18.094 ], [ 77.597, 18.104 ], [ 77.593, 18.117 ], [ 77.602, 18.127 ], [ 77.598, 18.139 ], [ 77.585, 18.141 ], [ 77.581, 18.153 ], [ 77.59, 18.163 ], [ 77.586, 18.175 ], [ 77.573, 18.177 ], [ 77.569, 18.19 ], [ 77.577, 18.2 ], [ 77.573, 18.212 ], [ 77.582, 18.222 ], [ 77.578, 18.234 ], [ 77.587, 18.244 ], [ 77.583, 18.256 ], [ 77.591, 18.266 ], [ 77.604, 18.264 ], [ 77.613, 18.274 ], [ 77.609, 18.286 ], [ 77.596, 18.288 ], [ 77.587, 18.278 ], [ 77.575, 18.28 ], [ 77.57, 18.293 ], [ 77.558, 18.295 ], [ 77.549, 18.285 ], [ 77.536, 18.287 ], [ 77.532, 18.299 ] ] ] ] } },
{ "type": "Feature", "properties": { "POLYGON.ID": 130.0, "subregion": "India--Karnataka--Belgaum_CL31347", "FILTER": "Karnataka", "POLYGON": "India--Karnataka--Belgaum_CL31347", "COUNTY": "spl_region", "STATE": "Karnataka", "OWNER": null }, "geometry": { "type": "MultiPolygon", "coordinates": [ [ [ [ 75.137, 16.32 ], [ 75.125, 16.322 ], [ 75.121, 16.334 ], [ 75.108, 16.336 ], [ 75.1, 16.326 ], [ 75.087, 16.329 ], [ 75.079, 16.319 ], [ 75.067, 16.321 ], [ 75.063, 16.333 ], [ 75.05, 16.335 ], [ 75.042, 16.325 ], [ 75.03, 16.327 ], [ 75.026, 16.339 ], [ 75.034, 16.349 ], [ 75.03, 16.361 ], [ 75.038, 16.371 ], [ 75.034, 16.383 ], [ 75.043, 16.393 ], [ 75.055, 16.391 ], [ 75.063, 16.401 ], [ 75.076, 16.399 ], [ 75.084, 16.409 ], [ 75.08, 16.421 ], [ 75.068, 16.423 ], [ 75.064, 16.435 ], [ 75.051, 16.437 ], [ 75.043, 16.427 ], [ 75.03, 16.429 ], [ 75.026, 16.441 ], [ 75.014, 16.443 ], [ 75.01, 16.455 ], [ 74.998, 16.457 ], [ 74.994, 16.47 ], [ 74.981, 16.472 ], [ 74.977, 16.484 ], [ 74.986, 16.494 ], [ 74.982, 16.506 ], [ 74.99, 16.516 ], [ 75.002, 16.514 ], [ 75.011, 16.524 ], [ 75.007, 16.536 ], [ 75.015, 16.546 ], [ 75.027, 16.544 ], [ 75.031, 16.531 ], [ 75.044, 16.529 ], [ 75.052, 16.539 ], [ 75.064, 16.537 ], [ 75.073, 16.547 ], [ 75.069, 16.559 ], [ 75.077, 16.569 ], [ 75.089, 16.567 ], [ 75.094, 16.555 ], [ 75.085, 16.545 ], [ 75.089, 16.533 ], [ 75.102, 16.531 ], [ 75.106, 16.519 ], [ 75.118, 16.517 ], [ 75.126, 16.527 ], [ 75.139, 16.525 ], [ 75.147, 16.535 ], [ 75.16, 16.533 ], [ 75.168, 16.543 ], [ 75.164, 16.555 ], [ 75.151, 16.557 ], [ 75.147, 16.569 ], [ 75.156, 16.579 ], [ 75.152, 16.591 ], [ 75.16, 16.601 ], [ 75.173, 16.599 ], [ 75.181, 16.609 ], [ 75.193, 16.607 ], [ 75.202, 16.617 ], [ 75.214, 16.615 ], [ 75.222, 16.625 ], [ 75.235, 16.623 ], [ 75.239, 16.61 ], [ 75.251, 16.608 ], [ 75.26, 16.618 ], [ 75.256, 16.63 ], [ 75.264, 16.64 ], [ 75.26, 16.652 ], [ 75.268, 16.662 ], [ 75.264, 16.675 ], [ 75.273, 16.685 ], [ 75.269, 16.697 ], [ 75.277, 16.707 ], [ 75.29, 16.704 ], [ 75.298, 16.714 ], [ 75.31, 16.712 ], [ 75.319, 16.722 ], [ 75.331, 16.72 ], [ 75.335, 16.708 ], [ 75.348, 16.706 ], [ 75.356, 16.716 ], [ 75.352, 16.728 ], [ 75.36, 16.738 ], [ 75.356, 16.75 ], [ 75.365, 16.76 ], [ 75.377, 16.758 ], [ 75.386, 16.768 ], [ 75.382, 16.78 ], [ 75.39, 16.79 ], [ 75.386, 16.802 ], [ 75.373, 16.804 ], [ 75.369, 16.816 ], [ 75.378, 16.826 ], [ 75.374, 16.838 ], [ 75.382, 16.848 ], [ 75.378, 16.861 ], [ 75.366, 16.863 ], [ 75.362, 16.875 ], [ 75.349, 16.877 ], [ 75.341, 16.867 ], [ 75.328, 16.869 ], [ 75.324, 16.881 ], [ 75.333, 16.891 ], [ 75.329, 16.903 ], [ 75.337, 16.913 ], [ 75.333, 16.925 ], [ 75.341, 16.935 ], [ 75.337, 16.947 ], [ 75.325, 16.949 ], [ 75.321, 16.961 ], [ 75.309, 16.963 ], [ 75.3, 16.953 ], [ 75.288, 16.955 ], [ 75.279, 16.945 ], [ 75.283, 16.933 ], [ 75.275, 16.923 ], [ 75.279, 16.911 ], [ 75.291, 16.909 ], [ 75.295, 16.897 ], [ 75.287, 16.887 ], [ 75.291, 16.875 ], [ 75.283, 16.865 ], [ 75.27, 16.867 ], [ 75.262, 16.857 ], [ 75.249, 16.859 ], [ 75.245, 16.871 ], [ 75.233, 16.873 ], [ 75.225, 16.863 ], [ 75.229, 16.851 ], [ 75.22, 16.841 ], [ 75.208, 16.843 ], [ 75.199, 16.833 ], [ 75.187, 16.835 ], [ 75.183, 16.847 ], [ 75.191, 16.857 ], [ 75.187, 16.869 ], [ 75.175, 16.872 ], [ 75.167, 16.862 ], [ 75.154, 16.864 ], [ 75.15, 16.876 ], [ 75.138, 16.878 ], [ 75.134, 16.89 ], [ 75.121, 16.892 ], [ 75.117, 16.904 ], [ 75.105, 16.906 ], [ 75.101, 16.918 ], [ 75.088, 16.92 ], [ 75.084, 16.932 ], [ 75.093, 16.942 ], [ 75.089, 16.954 ], [ 75.076, 16.956 ], [ 75.068, 16.946 ], [ 75.056, 16.948 ], [ 75.047, 16.938 ], [ 75.035, 16.94 ], [ 75.026, 16.93 ], [ 75.014, 16.932 ], [ 75.01, 16.944 ], [ 74.998, 16.946 ], [ 74.994, 16.958 ], [ 74.981, 16.96 ], [ 74.973, 16.95 ], [ 74.96, 16.952 ], [ 74.952, 16.942 ], [ 74.94, 16.944 ], [ 74.931, 16.934 ], [ 74.935, 16.922 ], [ 74.948, 16.92 ], [ 74.952, 16.908 ], [ 74.964, 16.906 ], [ 74.968, 16.894 ], [ 74.96, 16.884 ], [ 74.947, 16.886 ], [ 74.939, 16.876 ], [ 74.927, 16.878 ], [ 74.918, 16.868 ], [ 74.906, 16.87 ], [ 74.898, 16.861 ], [ 74.902, 16.848 ], [ 74.914, 16.846 ], [ 74.918, 16.834 ], [ 74.91, 16.824 ], [ 74.914, 16.812 ], [ 74.906, 16.802 ], [ 74.91, 16.79 ], [ 74.901, 16.78 ], [ 74.889, 16.783 ], [ 74.881, 16.773 ], [ 74.868, 16.775 ], [ 74.86, 16.765 ], [ 74.847, 16.767 ], [ 74.839, 16.757 ], [ 74.827, 16.759 ], [ 74.818, 16.749 ], [ 74.806, 16.751 ], [ 74.798, 16.741 ], [ 74.785, 16.743 ], [ 74.781, 16.755 ], [ 74.769, 16.757 ], [ 74.761, 16.747 ], [ 74.765, 16.735 ], [ 74.756, 16.725 ], [ 74.744, 16.727 ], [ 74.736, 16.717 ], [ 74.723, 16.719 ], [ 74.715, 16.709 ], [ 74.703, 16.711 ], [ 74.695, 16.701 ], [ 74.699, 16.689 ], [ 74.69, 16.679 ], [ 74.678, 16.681 ], [ 74.67, 16.671 ], [ 74.674, 16.659 ], [ 74.665, 16.649 ], [ 74.669, 16.637 ], [ 74.682, 16.635 ], [ 74.686, 16.623 ], [ 74.677, 16.613 ], [ 74.665, 16.615 ], [ 74.657, 16.605 ], [ 74.644, 16.607 ], [ 74.636, 16.597 ], [ 74.64, 16.585 ], [ 74.632, 16.575 ], [ 74.62, 16.577 ], [ 74.611, 16.567 ], [ 74.599, 16.57 ], [ 74.591, 16.56 ], [ 74.578, 16.562 ], [ 74.57, 16.552 ], [ 74.558, 16.554 ], [ 74.554, 16.566 ], [ 74.562, 16.576 ], [ 74.558, 16.588 ], [ 74.546, 16.59 ], [ 74.542, 16.602 ], [ 74.55, 16.612 ], [ 74.546, 16.624 ], [ 74.534, 16.626 ], [ 74.53, 16.638 ], [ 74.517, 16.64 ], [ 74.509, 16.63 ], [ 74.497, 16.632 ], [ 74.493, 16.644 ], [ 74.48, 16.646 ], [ 74.476, 16.658 ], [ 74.464, 16.66 ], [ 74.456, 16.65 ], [ 74.46, 16.638 ], [ 74.452, 16.628 ], [ 74.456, 16.616 ], [ 74.447, 16.606 ], [ 74.435, 16.608 ], [ 74.427, 16.598 ], [ 74.431, 16.586 ], [ 74.423, 16.576 ], [ 74.41, 16.578 ], [ 74.402, 16.568 ], [ 74.39, 16.57 ], [ 74.381, 16.56 ], [ 74.385, 16.548 ], [ 74.377, 16.538 ], [ 74.365, 16.54 ], [ 74.361, 16.552 ], [ 74.349, 16.554 ], [ 74.34, 16.544 ], [ 74.328, 16.546 ], [ 74.32, 16.536 ], [ 74.324, 16.524 ], [ 74.316, 16.514 ], [ 74.303, 16.516 ], [ 74.299, 16.528 ], [ 74.287, 16.53 ], [ 74.283, 16.542 ], [ 74.271, 16.544 ], [ 74.263, 16.535 ], [ 74.267, 16.523 ], [ 74.279, 16.521 ], [ 74.283, 16.509 ], [ 74.295, 16.506 ], [ 74.299, 16.495 ], [ 74.291, 16.485 ], [ 74.295, 16.473 ], [ 74.307, 16.471 ], [ 74.311, 16.459 ], [ 74.323, 16.457 ], [ 74.328, 16.445 ], [ 74.34, 16.443 ], [ 74.344, 16.431 ], [ 74.336, 16.421 ], [ 74.34, 16.409 ], [ 74.352, 16.407 ], [ 74.356, 16.395 ], [ 74.348, 16.385 ], [ 74.352, 16.373 ], [ 74.364, 16.371 ], [ 74.372, 16.38 ], [ 74.384, 16.378 ], [ 74.388, 16.366 ], [ 74.401, 16.364 ], [ 74.409, 16.374 ], [ 74.421, 16.372 ], [ 74.43, 16.382 ], [ 74.442, 16.38 ], [ 74.446, 16.368 ], [ 74.458, 16.366 ], [ 74.466, 16.376 ], [ 74.479, 16.374 ], [ 74.487, 16.384 ], [ 74.499, 16.382 ], [ 74.507, 16.392 ], [ 74.52, 16.39 ], [ 74.524, 16.378 ], [ 74.515, 16.368 ], [ 74.503, 16.37 ], [ 74.495, 16.36 ], [ 74.483, 16.362 ], [ 74.474, 16.352 ], [ 74.462, 16.354 ], [ 74.454, 16.344 ], [ 74.442, 16.346 ], [ 74.433, 16.336 ], [ 74.421, 16.338 ], [ 74.417, 16.35 ], [ 74.405, 16.352 ], [ 74.396, 16.342 ], [ 74.384, 16.344 ], [ 74.376, 16.335 ], [ 74.364, 16.337 ], [ 74.355, 16.327 ], [ 74.343, 16.329 ], [ 74.335, 16.319 ], [ 74.339, 16.307 ], [ 74.331, 16.297 ], [ 74.335, 16.285 ], [ 74.347, 16.283 ], [ 74.355, 16.293 ], [ 74.368, 16.291 ], [ 74.372, 16.279 ], [ 74.384, 16.277 ], [ 74.392, 16.287 ], [ 74.404, 16.284 ], [ 74.408, 16.272 ], [ 74.421, 16.27 ], [ 74.425, 16.258 ], [ 74.437, 16.256 ], [ 74.441, 16.244 ], [ 74.453, 16.242 ], [ 74.461, 16.252 ], [ 74.474, 16.25 ], [ 74.478, 16.238 ], [ 74.49, 16.236 ], [ 74.494, 16.224 ], [ 74.506, 16.222 ], [ 74.51, 16.21 ], [ 74.502, 16.2 ], [ 74.506, 16.188 ], [ 74.498, 16.178 ], [ 74.502, 16.166 ], [ 74.494, 16.156 ], [ 74.481, 16.158 ], [ 74.473, 16.148 ], [ 74.477, 16.136 ], [ 74.489, 16.134 ], [ 74.493, 16.122 ], [ 74.485, 16.112 ], [ 74.489, 16.1 ], [ 74.481, 16.09 ], [ 74.469, 16.092 ], [ 74.465, 16.104 ], [ 74.452, 16.106 ], [ 74.444, 16.096 ], [ 74.432, 16.098 ], [ 74.428, 16.11 ], [ 74.416, 16.112 ], [ 74.407, 16.103 ], [ 74.411, 16.091 ], [ 74.403, 16.081 ], [ 74.391, 16.083 ], [ 74.383, 16.073 ], [ 74.37, 16.075 ], [ 74.362, 16.065 ], [ 74.366, 16.053 ], [ 74.378, 16.051 ], [ 74.382, 16.039 ], [ 74.395, 16.037 ], [ 74.403, 16.047 ], [ 74.415, 16.044 ], [ 74.423, 16.054 ], [ 74.436, 16.052 ], [ 74.444, 16.062 ], [ 74.456, 16.06 ], [ 74.46, 16.048 ], [ 74.452, 16.038 ], [ 74.456, 16.026 ], [ 74.448, 16.016 ], [ 74.452, 16.004 ], [ 74.443, 15.994 ], [ 74.447, 15.982 ], [ 74.439, 15.972 ], [ 74.443, 15.96 ], [ 74.435, 15.95 ], [ 74.423, 15.952 ], [ 74.414, 15.942 ], [ 74.418, 15.93 ], [ 74.41, 15.92 ], [ 74.398, 15.923 ], [ 74.39, 15.913 ], [ 74.394, 15.901 ], [ 74.385, 15.891 ], [ 74.39, 15.879 ], [ 74.402, 15.877 ], [ 74.406, 15.864 ], [ 74.398, 15.855 ], [ 74.385, 15.857 ], [ 74.381, 15.869 ], [ 74.369, 15.871 ], [ 74.361, 15.861 ], [ 74.349, 15.863 ], [ 74.34, 15.853 ], [ 74.344, 15.841 ], [ 74.357, 15.839 ], [ 74.365, 15.849 ], [ 74.377, 15.847 ], [ 74.381, 15.835 ], [ 74.373, 15.825 ], [ 74.377, 15.813 ], [ 74.369, 15.803 ], [ 74.373, 15.791 ], [ 74.364, 15.781 ], [ 74.352, 15.783 ], [ 74.344, 15.773 ], [ 74.348, 15.761 ], [ 74.36, 15.759 ], [ 74.364, 15.747 ], [ 74.376, 15.745 ], [ 74.385, 15.755 ], [ 74.381, 15.767 ], [ 74.389, 15.777 ], [ 74.385, 15.789 ], [ 74.393, 15.799 ], [ 74.405, 15.796 ], [ 74.414, 15.806 ], [ 74.41, 15.818 ], [ 74.418, 15.828 ], [ 74.43, 15.826 ], [ 74.434, 15.814 ], [ 74.426, 15.804 ], [ 74.43, 15.792 ], [ 74.422, 15.782 ], [ 74.426, 15.77 ], [ 74.417, 15.76 ], [ 74.421, 15.748 ], [ 74.413, 15.738 ], [ 74.417, 15.726 ], [ 74.429, 15.724 ], [ 74.433, 15.712 ], [ 74.446, 15.71 ], [ 74.454, 15.72 ], [ 74.466, 15.718 ], [ 74.474, 15.728 ], [ 74.487, 15.726 ], [ 74.495, 15.736 ], [ 74.507, 15.734 ], [ 74.511, 15.721 ], [ 74.523, 15.719 ], [ 74.532, 15.729 ], [ 74.544, 15.727 ], [ 74.548, 15.715 ], [ 74.56, 15.713 ], [ 74.564, 15.701 ], [ 74.577, 15.699 ], [ 74.581, 15.687 ], [ 74.572, 15.677 ], [ 74.576, 15.665 ], [ 74.589, 15.663 ], [ 74.593, 15.651 ], [ 74.605, 15.648 ], [ 74.609, 15.636 ], [ 74.601, 15.626 ], [ 74.605, 15.614 ], [ 74.596, 15.604 ], [ 74.6, 15.592 ], [ 74.592, 15.582 ], [ 74.596, 15.57 ], [ 74.588, 15.56 ], [ 74.592, 15.548 ], [ 74.604, 15.546 ], [ 74.608, 15.534 ], [ 74.62, 15.532 ], [ 74.629, 15.542 ], [ 74.641, 15.54 ], [ 74.649, 15.55 ], [ 74.662, 15.548 ], [ 74.67, 15.558 ], [ 74.682, 15.555 ], [ 74.69, 15.565 ], [ 74.703, 15.563 ], [ 74.711, 15.573 ], [ 74.723, 15.571 ], [ 74.727, 15.559 ], [ 74.74, 15.557 ], [ 74.748, 15.567 ], [ 74.76, 15.565 ], [ 74.768, 15.575 ], [ 74.781, 15.572 ], [ 74.789, 15.582 ], [ 74.801, 15.58 ], [ 74.805, 15.568 ], [ 74.818, 15.566 ], [ 74.826, 15.576 ], [ 74.838, 15.574 ], [ 74.846, 15.584 ], [ 74.842, 15.596 ], [ 74.83, 15.598 ], [ 74.826, 15.61 ], [ 74.834, 15.62 ], [ 74.847, 15.618 ], [ 74.851, 15.606 ], [ 74.863, 15.604 ], [ 74.871, 15.614 ], [ 74.884, 15.611 ], [ 74.892, 15.621 ], [ 74.904, 15.619 ], [ 74.913, 15.629 ], [ 74.925, 15.627 ], [ 74.929, 15.615 ], [ 74.941, 15.613 ], [ 74.95, 15.623 ], [ 74.962, 15.621 ], [ 74.97, 15.631 ], [ 74.966, 15.643 ], [ 74.975, 15.653 ], [ 74.987, 15.651 ], [ 74.995, 15.66 ], [ 75.008, 15.658 ], [ 75.012, 15.646 ], [ 75.024, 15.644 ], [ 75.032, 15.654 ], [ 75.028, 15.666 ], [ 75.037, 15.676 ], [ 75.049, 15.674 ], [ 75.053, 15.662 ], [ 75.065, 15.66 ], [ 75.069, 15.648 ], [ 75.061, 15.638 ], [ 75.065, 15.626 ], [ 75.077, 15.623 ], [ 75.081, 15.611 ], [ 75.094, 15.609 ], [ 75.102, 15.619 ], [ 75.098, 15.631 ], [ 75.106, 15.641 ], [ 75.102, 15.653 ], [ 75.111, 15.663 ], [ 75.123, 15.661 ], [ 75.131, 15.671 ], [ 75.144, 15.669 ], [ 75.148, 15.657 ], [ 75.16, 15.655 ], [ 75.168, 15.665 ], [ 75.181, 15.662 ], [ 75.185, 15.65 ], [ 75.197, 15.648 ], [ 75.205, 15.658 ], [ 75.201, 15.67 ], [ 75.21, 15.68 ], [ 75.222, 15.678 ], [ 75.226, 15.666 ], [ 75.239, 15.664 ], [ 75.243, 15.652 ], [ 75.255, 15.649 ], [ 75.263, 15.659 ], [ 75.276, 15.657 ], [ 75.284, 15.667 ], [ 75.28, 15.679 ], [ 75.288, 15.689 ], [ 75.284, 15.701 ], [ 75.272, 15.704 ], [ 75.268, 15.716 ], [ 75.276, 15.726 ], [ 75.272, 15.738 ], [ 75.281, 15.748 ], [ 75.293, 15.746 ], [ 75.297, 15.733 ], [ 75.309, 15.731 ], [ 75.318, 15.741 ], [ 75.314, 15.753 ], [ 75.322, 15.763 ], [ 75.318, 15.775 ], [ 75.306, 15.778 ], [ 75.302, 15.79 ], [ 75.31, 15.8 ], [ 75.306, 15.812 ], [ 75.314, 15.822 ], [ 75.327, 15.82 ], [ 75.331, 15.808 ], [ 75.343, 15.805 ], [ 75.352, 15.815 ], [ 75.364, 15.813 ], [ 75.372, 15.823 ], [ 75.368, 15.835 ], [ 75.377, 15.845 ], [ 75.389, 15.843 ], [ 75.393, 15.831 ], [ 75.406, 15.829 ], [ 75.414, 15.839 ], [ 75.426, 15.837 ], [ 75.43, 15.824 ], [ 75.422, 15.814 ], [ 75.426, 15.802 ], [ 75.418, 15.792 ], [ 75.422, 15.78 ], [ 75.434, 15.778 ], [ 75.442, 15.788 ], [ 75.438, 15.8 ], [ 75.447, 15.81 ], [ 75.459, 15.808 ], [ 75.468, 15.818 ], [ 75.464, 15.83 ], [ 75.451, 15.832 ], [ 75.447, 15.844 ], [ 75.456, 15.854 ], [ 75.451, 15.867 ], [ 75.46, 15.876 ], [ 75.456, 15.889 ], [ 75.443, 15.891 ], [ 75.439, 15.903 ], [ 75.448, 15.913 ], [ 75.444, 15.925 ], [ 75.431, 15.927 ], [ 75.427, 15.939 ], [ 75.436, 15.949 ], [ 75.432, 15.961 ], [ 75.44, 15.971 ], [ 75.436, 15.984 ], [ 75.444, 15.994 ], [ 75.44, 16.006 ], [ 75.428, 16.008 ], [ 75.424, 16.02 ], [ 75.432, 16.03 ], [ 75.428, 16.042 ], [ 75.437, 16.052 ], [ 75.433, 16.064 ], [ 75.441, 16.074 ], [ 75.437, 16.086 ], [ 75.445, 16.096 ], [ 75.441, 16.108 ], [ 75.429, 16.11 ], [ 75.425, 16.123 ], [ 75.413, 16.125 ], [ 75.404, 16.115 ], [ 75.392, 16.117 ], [ 75.383, 16.107 ], [ 75.371, 16.109 ], [ 75.367, 16.121 ], [ 75.355, 16.123 ], [ 75.346, 16.113 ], [ 75.334, 16.115 ], [ 75.325, 16.105 ], [ 75.313, 16.108 ], [ 75.309, 16.12 ], [ 75.297, 16.122 ], [ 75.288, 16.112 ], [ 75.276, 16.114 ], [ 75.272, 16.126 ], [ 75.28, 16.136 ], [ 75.276, 16.148 ], [ 75.284, 16.158 ], [ 75.28, 16.17 ], [ 75.289, 16.18 ], [ 75.285, 16.192 ], [ 75.272, 16.194 ], [ 75.268, 16.207 ], [ 75.256, 16.209 ], [ 75.248, 16.199 ], [ 75.235, 16.201 ], [ 75.231, 16.213 ], [ 75.24, 16.223 ], [ 75.235, 16.235 ], [ 75.244, 16.245 ], [ 75.24, 16.257 ], [ 75.227, 16.259 ], [ 75.223, 16.271 ], [ 75.211, 16.273 ], [ 75.203, 16.263 ], [ 75.19, 16.265 ], [ 75.186, 16.278 ], [ 75.174, 16.28 ], [ 75.165, 16.27 ], [ 75.153, 16.272 ], [ 75.149, 16.284 ], [ 75.157, 16.294 ], [ 75.153, 16.306 ], [ 75.162, 16.316 ], [ 75.158, 16.328 ], [ 75.145, 16.33 ], [ 75.137, 16.32 ] ] ], [ [ [ 74.262, 16.501 ], [ 74.254, 16.491 ], [ 74.258, 16.479 ], [ 74.27, 16.477 ], [ 74.279, 16.487 ], [ 74.275, 16.499 ], [ 74.262, 16.501 ] ] ] ] } },
{ "type": "Feature", "properties": { "POLYGON.ID": 129.0, "subregion": "India--Karnataka--Raichur_CL31346", "FILTER": "Karnataka", "POLYGON": "India--Karnataka--Raichur_CL31346", "COUNTY": "Raichur", "STATE": "Karnataka", "OWNER": null }, "geometry": { "type": "MultiPolygon", "coordinates": [ [ [ [ 77.005, 16.525 ], [ 77.014, 16.535 ], [ 77.01, 16.547 ], [ 76.997, 16.55 ], [ 76.993, 16.562 ], [ 76.98, 16.564 ], [ 76.972, 16.554 ], [ 76.976, 16.542 ], [ 76.967, 16.532 ], [ 76.971, 16.519 ], [ 76.963, 16.509 ], [ 76.95, 16.512 ], [ 76.941, 16.502 ], [ 76.929, 16.504 ], [ 76.92, 16.494 ], [ 76.908, 16.496 ], [ 76.899, 16.486 ], [ 76.886, 16.488 ], [ 76.878, 16.478 ], [ 76.865, 16.48 ], [ 76.856, 16.47 ], [ 76.861, 16.458 ], [ 76.852, 16.448 ], [ 76.856, 16.436 ], [ 76.847, 16.426 ], [ 76.835, 16.428 ], [ 76.826, 16.418 ], [ 76.814, 16.42 ], [ 76.805, 16.41 ], [ 76.792, 16.413 ], [ 76.788, 16.425 ], [ 76.776, 16.427 ], [ 76.767, 16.417 ], [ 76.754, 16.419 ], [ 76.746, 16.409 ], [ 76.733, 16.411 ], [ 76.725, 16.401 ], [ 76.712, 16.404 ], [ 76.703, 16.394 ], [ 76.691, 16.396 ], [ 76.682, 16.386 ], [ 76.67, 16.388 ], [ 76.661, 16.378 ], [ 76.665, 16.366 ], [ 76.657, 16.356 ], [ 76.644, 16.358 ], [ 76.635, 16.348 ], [ 76.623, 16.35 ], [ 76.614, 16.34 ], [ 76.602, 16.342 ], [ 76.593, 16.332 ], [ 76.581, 16.335 ], [ 76.572, 16.325 ], [ 76.559, 16.327 ], [ 76.551, 16.317 ], [ 76.538, 16.319 ], [ 76.53, 16.309 ], [ 76.517, 16.311 ], [ 76.509, 16.301 ], [ 76.496, 16.303 ], [ 76.487, 16.293 ], [ 76.475, 16.296 ], [ 76.466, 16.286 ], [ 76.454, 16.288 ], [ 76.445, 16.278 ], [ 76.449, 16.266 ], [ 76.441, 16.256 ], [ 76.428, 16.258 ], [ 76.42, 16.248 ], [ 76.407, 16.25 ], [ 76.399, 16.24 ], [ 76.403, 16.228 ], [ 76.394, 16.218 ], [ 76.381, 16.22 ], [ 76.373, 16.21 ], [ 76.36, 16.212 ], [ 76.352, 16.202 ], [ 76.339, 16.204 ], [ 76.331, 16.194 ], [ 76.318, 16.197 ], [ 76.31, 16.187 ], [ 76.297, 16.189 ], [ 76.289, 16.179 ], [ 76.293, 16.167 ], [ 76.284, 16.157 ], [ 76.272, 16.159 ], [ 76.263, 16.149 ], [ 76.251, 16.151 ], [ 76.247, 16.163 ], [ 76.234, 16.165 ], [ 76.226, 16.155 ], [ 76.23, 16.143 ], [ 76.242, 16.141 ], [ 76.246, 16.129 ], [ 76.238, 16.119 ], [ 76.242, 16.107 ], [ 76.254, 16.104 ], [ 76.263, 16.114 ], [ 76.275, 16.112 ], [ 76.279, 16.1 ], [ 76.271, 16.09 ], [ 76.258, 16.092 ], [ 76.25, 16.082 ], [ 76.254, 16.07 ], [ 76.266, 16.068 ], [ 76.275, 16.078 ], [ 76.287, 16.076 ], [ 76.291, 16.063 ], [ 76.304, 16.061 ], [ 76.308, 16.049 ], [ 76.299, 16.039 ], [ 76.303, 16.027 ], [ 76.316, 16.025 ], [ 76.32, 16.012 ], [ 76.312, 16.002 ], [ 76.299, 16.005 ], [ 76.291, 15.995 ], [ 76.295, 15.982 ], [ 76.307, 15.98 ], [ 76.311, 15.968 ], [ 76.324, 15.966 ], [ 76.328, 15.954 ], [ 76.319, 15.944 ], [ 76.323, 15.931 ], [ 76.315, 15.921 ], [ 76.302, 15.924 ], [ 76.298, 15.936 ], [ 76.286, 15.938 ], [ 76.277, 15.928 ], [ 76.281, 15.916 ], [ 76.273, 15.906 ], [ 76.277, 15.894 ], [ 76.289, 15.891 ], [ 76.298, 15.901 ], [ 76.31, 15.899 ], [ 76.319, 15.909 ], [ 76.331, 15.907 ], [ 76.335, 15.895 ], [ 76.348, 15.892 ], [ 76.356, 15.902 ], [ 76.369, 15.9 ], [ 76.377, 15.91 ], [ 76.39, 15.908 ], [ 76.394, 15.896 ], [ 76.407, 15.894 ], [ 76.415, 15.904 ], [ 76.428, 15.901 ], [ 76.432, 15.889 ], [ 76.423, 15.879 ], [ 76.427, 15.867 ], [ 76.44, 15.865 ], [ 76.444, 15.852 ], [ 76.456, 15.85 ], [ 76.46, 15.838 ], [ 76.452, 15.828 ], [ 76.439, 15.83 ], [ 76.431, 15.82 ], [ 76.418, 15.822 ], [ 76.41, 15.812 ], [ 76.414, 15.8 ], [ 76.426, 15.798 ], [ 76.43, 15.786 ], [ 76.443, 15.783 ], [ 76.447, 15.771 ], [ 76.438, 15.761 ], [ 76.442, 15.749 ], [ 76.455, 15.747 ], [ 76.459, 15.735 ], [ 76.472, 15.732 ], [ 76.476, 15.72 ], [ 76.488, 15.718 ], [ 76.492, 15.706 ], [ 76.505, 15.703 ], [ 76.513, 15.713 ], [ 76.526, 15.711 ], [ 76.53, 15.699 ], [ 76.542, 15.697 ], [ 76.551, 15.707 ], [ 76.564, 15.704 ], [ 76.568, 15.692 ], [ 76.58, 15.69 ], [ 76.589, 15.7 ], [ 76.601, 15.698 ], [ 76.605, 15.685 ], [ 76.597, 15.675 ], [ 76.601, 15.663 ], [ 76.613, 15.661 ], [ 76.622, 15.671 ], [ 76.634, 15.668 ], [ 76.638, 15.656 ], [ 76.651, 15.654 ], [ 76.66, 15.664 ], [ 76.672, 15.662 ], [ 76.676, 15.649 ], [ 76.689, 15.647 ], [ 76.693, 15.635 ], [ 76.684, 15.625 ], [ 76.688, 15.613 ], [ 76.68, 15.603 ], [ 76.684, 15.59 ], [ 76.696, 15.588 ], [ 76.705, 15.598 ], [ 76.717, 15.596 ], [ 76.722, 15.584 ], [ 76.734, 15.581 ], [ 76.743, 15.591 ], [ 76.755, 15.589 ], [ 76.759, 15.577 ], [ 76.772, 15.574 ], [ 76.776, 15.562 ], [ 76.788, 15.56 ], [ 76.793, 15.548 ], [ 76.805, 15.545 ], [ 76.814, 15.555 ], [ 76.826, 15.553 ], [ 76.835, 15.563 ], [ 76.831, 15.575 ], [ 76.839, 15.585 ], [ 76.835, 15.598 ], [ 76.844, 15.608 ], [ 76.84, 15.62 ], [ 76.848, 15.63 ], [ 76.844, 15.642 ], [ 76.853, 15.652 ], [ 76.866, 15.65 ], [ 76.874, 15.66 ], [ 76.87, 15.672 ], [ 76.879, 15.682 ], [ 76.891, 15.68 ], [ 76.9, 15.69 ], [ 76.913, 15.688 ], [ 76.921, 15.698 ], [ 76.917, 15.71 ], [ 76.926, 15.72 ], [ 76.922, 15.732 ], [ 76.93, 15.742 ], [ 76.926, 15.754 ], [ 76.935, 15.764 ], [ 76.947, 15.762 ], [ 76.956, 15.772 ], [ 76.969, 15.77 ], [ 76.977, 15.78 ], [ 76.973, 15.792 ], [ 76.982, 15.802 ], [ 76.994, 15.8 ], [ 77.003, 15.81 ], [ 77.016, 15.808 ], [ 77.024, 15.818 ], [ 77.02, 15.83 ], [ 77.029, 15.84 ], [ 77.025, 15.852 ], [ 77.033, 15.862 ], [ 77.046, 15.86 ], [ 77.055, 15.87 ], [ 77.05, 15.882 ], [ 77.059, 15.892 ], [ 77.055, 15.905 ], [ 77.064, 15.915 ], [ 77.076, 15.912 ], [ 77.085, 15.922 ], [ 77.098, 15.92 ], [ 77.106, 15.93 ], [ 77.119, 15.928 ], [ 77.127, 15.938 ], [ 77.14, 15.935 ], [ 77.149, 15.945 ], [ 77.161, 15.943 ], [ 77.17, 15.953 ], [ 77.183, 15.951 ], [ 77.191, 15.961 ], [ 77.204, 15.959 ], [ 77.213, 15.969 ], [ 77.225, 15.966 ], [ 77.229, 15.954 ], [ 77.242, 15.952 ], [ 77.251, 15.962 ], [ 77.263, 15.96 ], [ 77.267, 15.947 ], [ 77.28, 15.945 ], [ 77.289, 15.955 ], [ 77.301, 15.953 ], [ 77.31, 15.963 ], [ 77.323, 15.96 ], [ 77.327, 15.948 ], [ 77.339, 15.946 ], [ 77.348, 15.956 ], [ 77.361, 15.954 ], [ 77.365, 15.941 ], [ 77.377, 15.939 ], [ 77.386, 15.949 ], [ 77.399, 15.947 ], [ 77.403, 15.934 ], [ 77.415, 15.932 ], [ 77.424, 15.942 ], [ 77.437, 15.94 ], [ 77.445, 15.95 ], [ 77.458, 15.947 ], [ 77.462, 15.935 ], [ 77.475, 15.933 ], [ 77.484, 15.943 ], [ 77.496, 15.941 ], [ 77.5, 15.928 ], [ 77.513, 15.926 ], [ 77.522, 15.936 ], [ 77.518, 15.948 ], [ 77.526, 15.958 ], [ 77.522, 15.971 ], [ 77.51, 15.973 ], [ 77.506, 15.985 ], [ 77.514, 15.995 ], [ 77.51, 16.008 ], [ 77.497, 16.01 ], [ 77.493, 16.022 ], [ 77.502, 16.032 ], [ 77.498, 16.045 ], [ 77.507, 16.055 ], [ 77.503, 16.067 ], [ 77.511, 16.077 ], [ 77.507, 16.089 ], [ 77.495, 16.091 ], [ 77.491, 16.104 ], [ 77.499, 16.114 ], [ 77.495, 16.126 ], [ 77.482, 16.128 ], [ 77.478, 16.141 ], [ 77.487, 16.151 ], [ 77.483, 16.163 ], [ 77.492, 16.173 ], [ 77.488, 16.185 ], [ 77.496, 16.195 ], [ 77.492, 16.208 ], [ 77.501, 16.218 ], [ 77.497, 16.23 ], [ 77.484, 16.232 ], [ 77.48, 16.245 ], [ 77.489, 16.255 ], [ 77.502, 16.252 ], [ 77.51, 16.262 ], [ 77.506, 16.275 ], [ 77.515, 16.285 ], [ 77.528, 16.282 ], [ 77.536, 16.292 ], [ 77.549, 16.29 ], [ 77.558, 16.3 ], [ 77.57, 16.298 ], [ 77.574, 16.286 ], [ 77.587, 16.283 ], [ 77.596, 16.293 ], [ 77.592, 16.306 ], [ 77.6, 16.316 ], [ 77.596, 16.328 ], [ 77.584, 16.33 ], [ 77.58, 16.342 ], [ 77.567, 16.345 ], [ 77.563, 16.357 ], [ 77.55, 16.359 ], [ 77.541, 16.349 ], [ 77.529, 16.352 ], [ 77.525, 16.364 ], [ 77.512, 16.366 ], [ 77.508, 16.378 ], [ 77.495, 16.381 ], [ 77.491, 16.393 ], [ 77.478, 16.395 ], [ 77.47, 16.385 ], [ 77.457, 16.387 ], [ 77.448, 16.377 ], [ 77.436, 16.38 ], [ 77.427, 16.37 ], [ 77.414, 16.372 ], [ 77.406, 16.362 ], [ 77.393, 16.364 ], [ 77.389, 16.377 ], [ 77.376, 16.379 ], [ 77.372, 16.391 ], [ 77.359, 16.393 ], [ 77.351, 16.383 ], [ 77.338, 16.386 ], [ 77.334, 16.398 ], [ 77.321, 16.4 ], [ 77.313, 16.39 ], [ 77.3, 16.392 ], [ 77.296, 16.405 ], [ 77.283, 16.407 ], [ 77.275, 16.397 ], [ 77.262, 16.399 ], [ 77.258, 16.411 ], [ 77.245, 16.414 ], [ 77.241, 16.426 ], [ 77.228, 16.428 ], [ 77.22, 16.418 ], [ 77.207, 16.42 ], [ 77.203, 16.433 ], [ 77.19, 16.435 ], [ 77.182, 16.425 ], [ 77.169, 16.427 ], [ 77.165, 16.439 ], [ 77.174, 16.449 ], [ 77.17, 16.462 ], [ 77.157, 16.464 ], [ 77.153, 16.476 ], [ 77.14, 16.478 ], [ 77.136, 16.491 ], [ 77.123, 16.493 ], [ 77.115, 16.483 ], [ 77.102, 16.485 ], [ 77.098, 16.497 ], [ 77.085, 16.499 ], [ 77.081, 16.512 ], [ 77.069, 16.514 ], [ 77.065, 16.526 ], [ 77.052, 16.528 ], [ 77.043, 16.518 ], [ 77.031, 16.521 ], [ 77.022, 16.511 ], [ 77.009, 16.513 ], [ 77.005, 16.525 ] ], [ [ 76.296, 16.086 ], [ 76.292, 16.098 ], [ 76.3, 16.108 ], [ 76.313, 16.106 ], [ 76.317, 16.093 ], [ 76.329, 16.091 ], [ 76.333, 16.079 ], [ 76.325, 16.069 ], [ 76.312, 16.071 ], [ 76.308, 16.083 ], [ 76.296, 16.086 ] ] ] ] } },
{ "type": "Feature", "properties": { "POLYGON.ID": 128.0, "subregion": "India--Karnataka--Bellary_CL31345", "FILTER": "Karnataka", "POLYGON": "India--Karnataka--Bellary_CL31345", "COUNTY": "spl_region", "STATE": "Karnataka", "OWNER": null }, "geometry": { "type": "MultiPolygon", "coordinates": [ [ [ [ 75.912, 15.074 ], [ 75.916, 15.061 ], [ 75.908, 15.051 ], [ 75.895, 15.054 ], [ 75.887, 15.044 ], [ 75.874, 15.046 ], [ 75.866, 15.036 ], [ 75.854, 15.038 ], [ 75.845, 15.028 ], [ 75.833, 15.031 ], [ 75.824, 15.021 ], [ 75.812, 15.023 ], [ 75.803, 15.013 ], [ 75.791, 15.015 ], [ 75.783, 15.005 ], [ 75.787, 14.993 ], [ 75.778, 14.983 ], [ 75.782, 14.971 ], [ 75.774, 14.961 ], [ 75.761, 14.963 ], [ 75.753, 14.953 ], [ 75.741, 14.955 ], [ 75.732, 14.945 ], [ 75.72, 14.948 ], [ 75.711, 14.938 ], [ 75.699, 14.94 ], [ 75.691, 14.93 ], [ 75.695, 14.918 ], [ 75.686, 14.908 ], [ 75.69, 14.896 ], [ 75.703, 14.893 ], [ 75.711, 14.903 ], [ 75.723, 14.901 ], [ 75.727, 14.889 ], [ 75.74, 14.887 ], [ 75.744, 14.874 ], [ 75.736, 14.864 ], [ 75.723, 14.867 ], [ 75.715, 14.857 ], [ 75.702, 14.859 ], [ 75.694, 14.849 ], [ 75.681, 14.851 ], [ 75.673, 14.841 ], [ 75.677, 14.829 ], [ 75.669, 14.819 ], [ 75.673, 14.807 ], [ 75.685, 14.805 ], [ 75.689, 14.792 ], [ 75.702, 14.79 ], [ 75.706, 14.778 ], [ 75.718, 14.776 ], [ 75.722, 14.763 ], [ 75.714, 14.753 ], [ 75.718, 14.741 ], [ 75.709, 14.731 ], [ 75.713, 14.719 ], [ 75.726, 14.717 ], [ 75.734, 14.727 ], [ 75.746, 14.724 ], [ 75.755, 14.734 ], [ 75.751, 14.747 ], [ 75.759, 14.757 ], [ 75.755, 14.769 ], [ 75.764, 14.779 ], [ 75.776, 14.776 ], [ 75.784, 14.786 ], [ 75.797, 14.784 ], [ 75.801, 14.772 ], [ 75.813, 14.77 ], [ 75.822, 14.78 ], [ 75.834, 14.777 ], [ 75.843, 14.787 ], [ 75.839, 14.8 ], [ 75.826, 14.802 ], [ 75.822, 14.814 ], [ 75.83, 14.824 ], [ 75.826, 14.836 ], [ 75.814, 14.838 ], [ 75.81, 14.851 ], [ 75.798, 14.853 ], [ 75.794, 14.865 ], [ 75.802, 14.875 ], [ 75.798, 14.887 ], [ 75.806, 14.897 ], [ 75.819, 14.895 ], [ 75.823, 14.883 ], [ 75.835, 14.881 ], [ 75.844, 14.891 ], [ 75.856, 14.888 ], [ 75.86, 14.876 ], [ 75.852, 14.866 ], [ 75.856, 14.854 ], [ 75.868, 14.852 ], [ 75.877, 14.862 ], [ 75.889, 14.859 ], [ 75.897, 14.869 ], [ 75.893, 14.881 ], [ 75.902, 14.891 ], [ 75.914, 14.889 ], [ 75.923, 14.899 ], [ 75.935, 14.897 ], [ 75.944, 14.907 ], [ 75.956, 14.905 ], [ 75.964, 14.914 ], [ 75.977, 14.912 ], [ 75.981, 14.9 ], [ 75.993, 14.898 ], [ 76.002, 14.908 ], [ 76.014, 14.905 ], [ 76.023, 14.915 ], [ 76.035, 14.913 ], [ 76.044, 14.923 ], [ 76.056, 14.921 ], [ 76.06, 14.908 ], [ 76.073, 14.906 ], [ 76.077, 14.894 ], [ 76.068, 14.884 ], [ 76.072, 14.872 ], [ 76.085, 14.869 ], [ 76.093, 14.879 ], [ 76.105, 14.877 ], [ 76.109, 14.865 ], [ 76.122, 14.863 ], [ 76.13, 14.873 ], [ 76.143, 14.87 ], [ 76.147, 14.858 ], [ 76.159, 14.856 ], [ 76.163, 14.843 ], [ 76.176, 14.841 ], [ 76.184, 14.851 ], [ 76.197, 14.849 ], [ 76.201, 14.837 ], [ 76.192, 14.827 ], [ 76.18, 14.829 ], [ 76.171, 14.819 ], [ 76.159, 14.821 ], [ 76.151, 14.811 ], [ 76.155, 14.799 ], [ 76.146, 14.789 ], [ 76.15, 14.777 ], [ 76.163, 14.774 ], [ 76.171, 14.784 ], [ 76.183, 14.782 ], [ 76.188, 14.77 ], [ 76.2, 14.768 ], [ 76.204, 14.755 ], [ 76.196, 14.745 ], [ 76.2, 14.733 ], [ 76.191, 14.723 ], [ 76.195, 14.711 ], [ 76.187, 14.701 ], [ 76.191, 14.689 ], [ 76.203, 14.686 ], [ 76.207, 14.674 ], [ 76.22, 14.672 ], [ 76.224, 14.659 ], [ 76.236, 14.657 ], [ 76.245, 14.667 ], [ 76.241, 14.679 ], [ 76.249, 14.689 ], [ 76.262, 14.687 ], [ 76.27, 14.697 ], [ 76.282, 14.695 ], [ 76.286, 14.682 ], [ 76.299, 14.68 ], [ 76.307, 14.69 ], [ 76.32, 14.688 ], [ 76.328, 14.698 ], [ 76.341, 14.695 ], [ 76.345, 14.683 ], [ 76.336, 14.673 ], [ 76.34, 14.661 ], [ 76.353, 14.658 ], [ 76.361, 14.668 ], [ 76.374, 14.666 ], [ 76.378, 14.654 ], [ 76.39, 14.651 ], [ 76.394, 14.639 ], [ 76.407, 14.637 ], [ 76.411, 14.624 ], [ 76.423, 14.622 ], [ 76.427, 14.61 ], [ 76.419, 14.6 ], [ 76.423, 14.588 ], [ 76.436, 14.585 ], [ 76.44, 14.573 ], [ 76.452, 14.571 ], [ 76.461, 14.581 ], [ 76.473, 14.578 ], [ 76.477, 14.566 ], [ 76.49, 14.564 ], [ 76.498, 14.574 ], [ 76.511, 14.571 ], [ 76.515, 14.559 ], [ 76.527, 14.557 ], [ 76.536, 14.566 ], [ 76.548, 14.564 ], [ 76.557, 14.574 ], [ 76.553, 14.586 ], [ 76.561, 14.596 ], [ 76.574, 14.594 ], [ 76.582, 14.604 ], [ 76.578, 14.616 ], [ 76.587, 14.626 ], [ 76.599, 14.624 ], [ 76.608, 14.634 ], [ 76.604, 14.646 ], [ 76.591, 14.649 ], [ 76.587, 14.661 ], [ 76.596, 14.671 ], [ 76.608, 14.669 ], [ 76.617, 14.679 ], [ 76.613, 14.691 ], [ 76.621, 14.701 ], [ 76.634, 14.698 ], [ 76.642, 14.708 ], [ 76.638, 14.721 ], [ 76.647, 14.731 ], [ 76.643, 14.743 ], [ 76.651, 14.753 ], [ 76.647, 14.765 ], [ 76.656, 14.775 ], [ 76.668, 14.773 ], [ 76.677, 14.783 ], [ 76.673, 14.795 ], [ 76.681, 14.805 ], [ 76.694, 14.803 ], [ 76.702, 14.813 ], [ 76.715, 14.811 ], [ 76.723, 14.821 ], [ 76.719, 14.833 ], [ 76.707, 14.835 ], [ 76.703, 14.848 ], [ 76.711, 14.857 ], [ 76.707, 14.87 ], [ 76.695, 14.872 ], [ 76.691, 14.884 ], [ 76.678, 14.887 ], [ 76.674, 14.899 ], [ 76.683, 14.909 ], [ 76.679, 14.921 ], [ 76.666, 14.924 ], [ 76.662, 14.936 ], [ 76.671, 14.946 ], [ 76.683, 14.944 ], [ 76.687, 14.931 ], [ 76.7, 14.929 ], [ 76.708, 14.939 ], [ 76.704, 14.951 ], [ 76.713, 14.961 ], [ 76.709, 14.974 ], [ 76.696, 14.976 ], [ 76.692, 14.988 ], [ 76.68, 14.991 ], [ 76.676, 15.003 ], [ 76.684, 15.013 ], [ 76.697, 15.011 ], [ 76.705, 15.021 ], [ 76.701, 15.033 ], [ 76.71, 15.043 ], [ 76.722, 15.04 ], [ 76.726, 15.028 ], [ 76.739, 15.026 ], [ 76.743, 15.014 ], [ 76.734, 15.004 ], [ 76.738, 14.991 ], [ 76.751, 14.989 ], [ 76.755, 14.977 ], [ 76.768, 14.974 ], [ 76.776, 14.984 ], [ 76.772, 14.997 ], [ 76.781, 15.007 ], [ 76.777, 15.019 ], [ 76.785, 15.029 ], [ 76.781, 15.041 ], [ 76.769, 15.043 ], [ 76.764, 15.056 ], [ 76.773, 15.066 ], [ 76.769, 15.078 ], [ 76.778, 15.088 ], [ 76.79, 15.086 ], [ 76.799, 15.096 ], [ 76.811, 15.093 ], [ 76.815, 15.081 ], [ 76.828, 15.079 ], [ 76.832, 15.066 ], [ 76.844, 15.064 ], [ 76.853, 15.074 ], [ 76.866, 15.072 ], [ 76.87, 15.06 ], [ 76.861, 15.05 ], [ 76.865, 15.037 ], [ 76.878, 15.035 ], [ 76.886, 15.045 ], [ 76.899, 15.043 ], [ 76.903, 15.03 ], [ 76.915, 15.028 ], [ 76.924, 15.038 ], [ 76.937, 15.036 ], [ 76.941, 15.023 ], [ 76.953, 15.021 ], [ 76.962, 15.031 ], [ 76.974, 15.029 ], [ 76.978, 15.016 ], [ 76.991, 15.014 ], [ 77.0, 15.024 ], [ 77.012, 15.021 ], [ 77.021, 15.031 ], [ 77.033, 15.029 ], [ 77.042, 15.039 ], [ 77.055, 15.037 ], [ 77.059, 15.024 ], [ 77.05, 15.014 ], [ 77.054, 15.002 ], [ 77.067, 15.0 ], [ 77.075, 15.01 ], [ 77.088, 15.007 ], [ 77.096, 15.017 ], [ 77.092, 15.03 ], [ 77.101, 15.04 ], [ 77.114, 15.037 ], [ 77.122, 15.047 ], [ 77.118, 15.06 ], [ 77.127, 15.07 ], [ 77.123, 15.082 ], [ 77.131, 15.092 ], [ 77.127, 15.104 ], [ 77.136, 15.114 ], [ 77.148, 15.112 ], [ 77.157, 15.122 ], [ 77.153, 15.134 ], [ 77.14, 15.137 ], [ 77.136, 15.149 ], [ 77.145, 15.159 ], [ 77.158, 15.157 ], [ 77.166, 15.167 ], [ 77.162, 15.179 ], [ 77.171, 15.189 ], [ 77.167, 15.201 ], [ 77.154, 15.204 ], [ 77.15, 15.216 ], [ 77.137, 15.218 ], [ 77.133, 15.231 ], [ 77.142, 15.241 ], [ 77.138, 15.253 ], [ 77.147, 15.263 ], [ 77.159, 15.261 ], [ 77.168, 15.271 ], [ 77.164, 15.283 ], [ 77.151, 15.285 ], [ 77.147, 15.298 ], [ 77.134, 15.3 ], [ 77.126, 15.29 ], [ 77.113, 15.292 ], [ 77.109, 15.305 ], [ 77.118, 15.315 ], [ 77.114, 15.327 ], [ 77.101, 15.329 ], [ 77.093, 15.319 ], [ 77.08, 15.322 ], [ 77.076, 15.334 ], [ 77.063, 15.336 ], [ 77.059, 15.349 ], [ 77.047, 15.351 ], [ 77.043, 15.363 ], [ 77.051, 15.373 ], [ 77.047, 15.386 ], [ 77.035, 15.388 ], [ 77.031, 15.4 ], [ 77.039, 15.41 ], [ 77.035, 15.422 ], [ 77.022, 15.425 ], [ 77.018, 15.437 ], [ 77.006, 15.439 ], [ 77.002, 15.452 ], [ 77.01, 15.462 ], [ 77.006, 15.474 ], [ 76.994, 15.476 ], [ 76.99, 15.489 ], [ 76.977, 15.491 ], [ 76.973, 15.503 ], [ 76.982, 15.513 ], [ 76.994, 15.511 ], [ 76.998, 15.499 ], [ 77.011, 15.496 ], [ 77.019, 15.506 ], [ 77.032, 15.504 ], [ 77.041, 15.514 ], [ 77.037, 15.526 ], [ 77.024, 15.529 ], [ 77.02, 15.541 ], [ 77.029, 15.551 ], [ 77.025, 15.563 ], [ 77.033, 15.573 ], [ 77.029, 15.586 ], [ 77.038, 15.596 ], [ 77.034, 15.608 ], [ 77.042, 15.618 ], [ 77.038, 15.63 ], [ 77.047, 15.64 ], [ 77.059, 15.638 ], [ 77.068, 15.648 ], [ 77.081, 15.646 ], [ 77.089, 15.656 ], [ 77.102, 15.653 ], [ 77.106, 15.641 ], [ 77.119, 15.639 ], [ 77.127, 15.649 ], [ 77.123, 15.661 ], [ 77.111, 15.663 ], [ 77.106, 15.676 ], [ 77.094, 15.678 ], [ 77.09, 15.69 ], [ 77.077, 15.692 ], [ 77.073, 15.705 ], [ 77.082, 15.715 ], [ 77.078, 15.727 ], [ 77.065, 15.729 ], [ 77.061, 15.742 ], [ 77.048, 15.744 ], [ 77.044, 15.756 ], [ 77.053, 15.766 ], [ 77.049, 15.778 ], [ 77.058, 15.789 ], [ 77.07, 15.786 ], [ 77.079, 15.796 ], [ 77.075, 15.809 ], [ 77.062, 15.811 ], [ 77.058, 15.823 ], [ 77.045, 15.825 ], [ 77.041, 15.838 ], [ 77.029, 15.84 ], [ 77.02, 15.83 ], [ 77.024, 15.818 ], [ 77.016, 15.808 ], [ 77.003, 15.81 ], [ 76.994, 15.8 ], [ 76.982, 15.802 ], [ 76.973, 15.792 ], [ 76.977, 15.78 ], [ 76.969, 15.77 ], [ 76.956, 15.772 ], [ 76.947, 15.762 ], [ 76.935, 15.764 ], [ 76.926, 15.754 ], [ 76.93, 15.742 ], [ 76.922, 15.732 ], [ 76.926, 15.72 ], [ 76.917, 15.71 ], [ 76.921, 15.698 ], [ 76.913, 15.688 ], [ 76.9, 15.69 ], [ 76.891, 15.68 ], [ 76.879, 15.682 ], [ 76.87, 15.672 ], [ 76.874, 15.66 ], [ 76.866, 15.65 ], [ 76.853, 15.652 ], [ 76.844, 15.642 ], [ 76.848, 15.63 ], [ 76.84, 15.62 ], [ 76.844, 15.608 ], [ 76.835, 15.598 ], [ 76.839, 15.585 ], [ 76.831, 15.575 ], [ 76.835, 15.563 ], [ 76.826, 15.553 ], [ 76.814, 15.555 ], [ 76.805, 15.545 ], [ 76.809, 15.533 ], [ 76.801, 15.523 ], [ 76.805, 15.511 ], [ 76.796, 15.501 ], [ 76.783, 15.503 ], [ 76.775, 15.493 ], [ 76.762, 15.495 ], [ 76.754, 15.485 ], [ 76.741, 15.488 ], [ 76.737, 15.5 ], [ 76.725, 15.502 ], [ 76.716, 15.492 ], [ 76.703, 15.494 ], [ 76.695, 15.484 ], [ 76.699, 15.472 ], [ 76.69, 15.462 ], [ 76.678, 15.464 ], [ 76.669, 15.455 ], [ 76.657, 15.457 ], [ 76.648, 15.447 ], [ 76.636, 15.449 ], [ 76.627, 15.439 ], [ 76.615, 15.441 ], [ 76.606, 15.431 ], [ 76.593, 15.434 ], [ 76.585, 15.424 ], [ 76.589, 15.411 ], [ 76.58, 15.401 ], [ 76.568, 15.404 ], [ 76.559, 15.394 ], [ 76.547, 15.396 ], [ 76.538, 15.386 ], [ 76.542, 15.374 ], [ 76.534, 15.364 ], [ 76.521, 15.366 ], [ 76.513, 15.356 ], [ 76.5, 15.358 ], [ 76.492, 15.348 ], [ 76.479, 15.351 ], [ 76.471, 15.341 ], [ 76.458, 15.343 ], [ 76.45, 15.333 ], [ 76.437, 15.335 ], [ 76.428, 15.325 ], [ 76.416, 15.327 ], [ 76.407, 15.317 ], [ 76.395, 15.32 ], [ 76.391, 15.332 ], [ 76.378, 15.334 ], [ 76.37, 15.324 ], [ 76.357, 15.327 ], [ 76.349, 15.317 ], [ 76.353, 15.304 ], [ 76.344, 15.294 ], [ 76.348, 15.282 ], [ 76.34, 15.272 ], [ 76.327, 15.274 ], [ 76.319, 15.264 ], [ 76.306, 15.267 ], [ 76.298, 15.257 ], [ 76.302, 15.244 ], [ 76.293, 15.234 ], [ 76.297, 15.222 ], [ 76.289, 15.212 ], [ 76.276, 15.215 ], [ 76.268, 15.205 ], [ 76.255, 15.207 ], [ 76.247, 15.197 ], [ 76.235, 15.199 ], [ 76.226, 15.189 ], [ 76.214, 15.191 ], [ 76.21, 15.204 ], [ 76.218, 15.214 ], [ 76.23, 15.211 ], [ 76.239, 15.221 ], [ 76.235, 15.234 ], [ 76.222, 15.236 ], [ 76.214, 15.226 ], [ 76.201, 15.228 ], [ 76.197, 15.24 ], [ 76.185, 15.243 ], [ 76.176, 15.233 ], [ 76.181, 15.22 ], [ 76.172, 15.21 ], [ 76.16, 15.213 ], [ 76.151, 15.203 ], [ 76.139, 15.205 ], [ 76.13, 15.195 ], [ 76.118, 15.197 ], [ 76.109, 15.187 ], [ 76.113, 15.175 ], [ 76.105, 15.165 ], [ 76.092, 15.167 ], [ 76.084, 15.157 ], [ 76.071, 15.16 ], [ 76.063, 15.15 ], [ 76.05, 15.152 ], [ 76.042, 15.142 ], [ 76.03, 15.144 ], [ 76.021, 15.134 ], [ 76.009, 15.137 ], [ 76.005, 15.149 ], [ 75.992, 15.151 ], [ 75.984, 15.141 ], [ 75.971, 15.143 ], [ 75.963, 15.133 ], [ 75.95, 15.136 ], [ 75.946, 15.148 ], [ 75.934, 15.15 ], [ 75.925, 15.14 ], [ 75.913, 15.142 ], [ 75.905, 15.132 ], [ 75.909, 15.12 ], [ 75.9, 15.11 ], [ 75.888, 15.112 ], [ 75.879, 15.103 ], [ 75.883, 15.09 ], [ 75.896, 15.088 ], [ 75.9, 15.076 ], [ 75.912, 15.074 ] ] ] ] } },
{ "type": "Feature", "properties": { "POLYGON.ID": 127.0, "subregion": "India--Karnataka--Bengaluru Rural_CL31294", "FILTER": "Karnataka", "POLYGON": "India--Karnataka--Bengaluru Rural_CL31294", "COUNTY": "Bengaluru Rural", "STATE": "Karnataka", "OWNER": null }, "geometry": { "type": "MultiPolygon", "coordinates": [ [ [ [ 77.767, 12.943 ], [ 77.771, 12.93 ], [ 77.784, 12.928 ], [ 77.788, 12.915 ], [ 77.8, 12.913 ], [ 77.809, 12.923 ], [ 77.821, 12.92 ], [ 77.825, 12.908 ], [ 77.817, 12.898 ], [ 77.821, 12.885 ], [ 77.833, 12.883 ], [ 77.837, 12.87 ], [ 77.85, 12.868 ], [ 77.859, 12.878 ], [ 77.855, 12.89 ], [ 77.863, 12.9 ], [ 77.859, 12.913 ], [ 77.847, 12.915 ], [ 77.843, 12.928 ], [ 77.851, 12.938 ], [ 77.864, 12.935 ], [ 77.872, 12.945 ], [ 77.868, 12.957 ], [ 77.877, 12.967 ], [ 77.873, 12.98 ], [ 77.882, 12.99 ], [ 77.878, 13.002 ], [ 77.886, 13.012 ], [ 77.882, 13.025 ], [ 77.891, 13.035 ], [ 77.887, 13.047 ], [ 77.896, 13.057 ], [ 77.908, 13.055 ], [ 77.917, 13.065 ], [ 77.93, 13.062 ], [ 77.938, 13.072 ], [ 77.934, 13.085 ], [ 77.922, 13.087 ], [ 77.918, 13.1 ], [ 77.926, 13.11 ], [ 77.939, 13.107 ], [ 77.947, 13.117 ], [ 77.943, 13.129 ], [ 77.952, 13.139 ], [ 77.948, 13.152 ], [ 77.957, 13.162 ], [ 77.953, 13.174 ], [ 77.961, 13.184 ], [ 77.957, 13.197 ], [ 77.966, 13.207 ], [ 77.962, 13.219 ], [ 77.971, 13.229 ], [ 77.967, 13.242 ], [ 77.954, 13.244 ], [ 77.95, 13.257 ], [ 77.937, 13.259 ], [ 77.929, 13.249 ], [ 77.933, 13.237 ], [ 77.924, 13.227 ], [ 77.911, 13.23 ], [ 77.907, 13.242 ], [ 77.895, 13.245 ], [ 77.891, 13.257 ], [ 77.878, 13.26 ], [ 77.869, 13.25 ], [ 77.873, 13.237 ], [ 77.865, 13.227 ], [ 77.852, 13.23 ], [ 77.848, 13.242 ], [ 77.836, 13.245 ], [ 77.832, 13.257 ], [ 77.819, 13.26 ], [ 77.815, 13.272 ], [ 77.824, 13.282 ], [ 77.82, 13.295 ], [ 77.828, 13.305 ], [ 77.824, 13.317 ], [ 77.811, 13.32 ], [ 77.807, 13.332 ], [ 77.795, 13.335 ], [ 77.791, 13.347 ], [ 77.778, 13.35 ], [ 77.774, 13.362 ], [ 77.762, 13.365 ], [ 77.753, 13.355 ], [ 77.74, 13.357 ], [ 77.732, 13.347 ], [ 77.719, 13.35 ], [ 77.715, 13.362 ], [ 77.702, 13.365 ], [ 77.694, 13.355 ], [ 77.681, 13.357 ], [ 77.673, 13.347 ], [ 77.66, 13.35 ], [ 77.656, 13.362 ], [ 77.665, 13.372 ], [ 77.661, 13.385 ], [ 77.648, 13.387 ], [ 77.639, 13.377 ], [ 77.627, 13.38 ], [ 77.623, 13.392 ], [ 77.61, 13.395 ], [ 77.606, 13.407 ], [ 77.615, 13.417 ], [ 77.611, 13.43 ], [ 77.598, 13.432 ], [ 77.589, 13.422 ], [ 77.577, 13.425 ], [ 77.568, 13.415 ], [ 77.556, 13.417 ], [ 77.552, 13.43 ], [ 77.539, 13.432 ], [ 77.53, 13.422 ], [ 77.518, 13.425 ], [ 77.514, 13.437 ], [ 77.501, 13.44 ], [ 77.497, 13.452 ], [ 77.485, 13.455 ], [ 77.481, 13.467 ], [ 77.468, 13.47 ], [ 77.459, 13.46 ], [ 77.447, 13.462 ], [ 77.443, 13.475 ], [ 77.43, 13.477 ], [ 77.426, 13.49 ], [ 77.414, 13.492 ], [ 77.41, 13.505 ], [ 77.397, 13.507 ], [ 77.388, 13.497 ], [ 77.376, 13.5 ], [ 77.367, 13.49 ], [ 77.371, 13.477 ], [ 77.363, 13.467 ], [ 77.35, 13.47 ], [ 77.341, 13.46 ], [ 77.346, 13.447 ], [ 77.358, 13.445 ], [ 77.362, 13.432 ], [ 77.354, 13.422 ], [ 77.358, 13.41 ], [ 77.349, 13.4 ], [ 77.353, 13.388 ], [ 77.344, 13.378 ], [ 77.348, 13.365 ], [ 77.34, 13.355 ], [ 77.344, 13.343 ], [ 77.335, 13.333 ], [ 77.323, 13.335 ], [ 77.314, 13.325 ], [ 77.318, 13.313 ], [ 77.31, 13.303 ], [ 77.297, 13.305 ], [ 77.288, 13.295 ], [ 77.276, 13.298 ], [ 77.272, 13.31 ], [ 77.259, 13.313 ], [ 77.251, 13.303 ], [ 77.238, 13.305 ], [ 77.23, 13.295 ], [ 77.234, 13.283 ], [ 77.225, 13.273 ], [ 77.213, 13.276 ], [ 77.204, 13.266 ], [ 77.191, 13.268 ], [ 77.183, 13.258 ], [ 77.187, 13.246 ], [ 77.178, 13.236 ], [ 77.182, 13.223 ], [ 77.195, 13.221 ], [ 77.199, 13.208 ], [ 77.19, 13.198 ], [ 77.194, 13.186 ], [ 77.207, 13.184 ], [ 77.211, 13.171 ], [ 77.202, 13.161 ], [ 77.206, 13.149 ], [ 77.219, 13.146 ], [ 77.227, 13.156 ], [ 77.24, 13.154 ], [ 77.244, 13.141 ], [ 77.257, 13.139 ], [ 77.261, 13.126 ], [ 77.273, 13.124 ], [ 77.282, 13.134 ], [ 77.294, 13.131 ], [ 77.298, 13.119 ], [ 77.311, 13.116 ], [ 77.315, 13.104 ], [ 77.306, 13.094 ], [ 77.31, 13.081 ], [ 77.302, 13.071 ], [ 77.306, 13.059 ], [ 77.318, 13.056 ], [ 77.322, 13.044 ], [ 77.335, 13.041 ], [ 77.339, 13.029 ], [ 77.33, 13.019 ], [ 77.334, 13.007 ], [ 77.326, 12.997 ], [ 77.33, 12.984 ], [ 77.342, 12.982 ], [ 77.351, 12.992 ], [ 77.363, 12.989 ], [ 77.372, 12.999 ], [ 77.368, 13.012 ], [ 77.377, 13.021 ], [ 77.389, 13.019 ], [ 77.398, 13.029 ], [ 77.394, 13.041 ], [ 77.381, 13.044 ], [ 77.377, 13.056 ], [ 77.386, 13.066 ], [ 77.398, 13.064 ], [ 77.407, 13.074 ], [ 77.419, 13.071 ], [ 77.428, 13.081 ], [ 77.424, 13.094 ], [ 77.411, 13.096 ], [ 77.407, 13.109 ], [ 77.395, 13.111 ], [ 77.391, 13.124 ], [ 77.399, 13.134 ], [ 77.412, 13.131 ], [ 77.42, 13.141 ], [ 77.416, 13.153 ], [ 77.425, 13.163 ], [ 77.438, 13.161 ], [ 77.446, 13.171 ], [ 77.459, 13.168 ], [ 77.467, 13.178 ], [ 77.463, 13.191 ], [ 77.472, 13.201 ], [ 77.468, 13.213 ], [ 77.477, 13.223 ], [ 77.489, 13.221 ], [ 77.498, 13.231 ], [ 77.51, 13.228 ], [ 77.514, 13.216 ], [ 77.527, 13.213 ], [ 77.536, 13.223 ], [ 77.548, 13.22 ], [ 77.557, 13.23 ], [ 77.569, 13.228 ], [ 77.573, 13.215 ], [ 77.565, 13.205 ], [ 77.569, 13.193 ], [ 77.581, 13.19 ], [ 77.59, 13.2 ], [ 77.603, 13.198 ], [ 77.611, 13.208 ], [ 77.624, 13.205 ], [ 77.632, 13.215 ], [ 77.645, 13.213 ], [ 77.649, 13.2 ], [ 77.662, 13.198 ], [ 77.666, 13.185 ], [ 77.678, 13.183 ], [ 77.687, 13.193 ], [ 77.699, 13.19 ], [ 77.708, 13.2 ], [ 77.721, 13.198 ], [ 77.725, 13.185 ], [ 77.737, 13.183 ], [ 77.741, 13.17 ], [ 77.733, 13.16 ], [ 77.737, 13.148 ], [ 77.728, 13.138 ], [ 77.732, 13.125 ], [ 77.745, 13.123 ], [ 77.749, 13.11 ], [ 77.761, 13.108 ], [ 77.765, 13.095 ], [ 77.757, 13.085 ], [ 77.761, 13.073 ], [ 77.773, 13.07 ], [ 77.777, 13.058 ], [ 77.769, 13.048 ], [ 77.773, 13.035 ], [ 77.764, 13.025 ], [ 77.768, 13.013 ], [ 77.781, 13.01 ], [ 77.785, 12.998 ], [ 77.776, 12.988 ], [ 77.78, 12.975 ], [ 77.771, 12.965 ], [ 77.775, 12.953 ], [ 77.767, 12.943 ] ] ] ] } },
{ "type": "Feature", "properties": { "POLYGON.ID": 126.0, "subregion": "India--Karnataka--Tumkur_CL31179", "FILTER": "Karnataka", "POLYGON": "India--Karnataka--Tumkur_CL31179", "COUNTY": "spl_region", "STATE": "Karnataka", "OWNER": null }, "geometry": { "type": "MultiPolygon", "coordinates": [ [ [ [ 76.86, 12.915 ], [ 76.864, 12.903 ], [ 76.876, 12.9 ], [ 76.88, 12.888 ], [ 76.893, 12.886 ], [ 76.897, 12.873 ], [ 76.888, 12.863 ], [ 76.892, 12.851 ], [ 76.905, 12.848 ], [ 76.909, 12.836 ], [ 76.9, 12.826 ], [ 76.904, 12.813 ], [ 76.917, 12.811 ], [ 76.921, 12.799 ], [ 76.933, 12.796 ], [ 76.942, 12.806 ], [ 76.954, 12.803 ], [ 76.963, 12.813 ], [ 76.975, 12.811 ], [ 76.979, 12.798 ], [ 76.992, 12.796 ], [ 76.996, 12.783 ], [ 77.008, 12.781 ], [ 77.012, 12.768 ], [ 77.025, 12.766 ], [ 77.033, 12.776 ], [ 77.046, 12.773 ], [ 77.05, 12.761 ], [ 77.062, 12.758 ], [ 77.066, 12.746 ], [ 77.079, 12.743 ], [ 77.087, 12.753 ], [ 77.083, 12.766 ], [ 77.092, 12.776 ], [ 77.104, 12.773 ], [ 77.113, 12.783 ], [ 77.125, 12.781 ], [ 77.134, 12.791 ], [ 77.146, 12.788 ], [ 77.155, 12.798 ], [ 77.151, 12.81 ], [ 77.159, 12.82 ], [ 77.155, 12.833 ], [ 77.143, 12.835 ], [ 77.139, 12.848 ], [ 77.147, 12.858 ], [ 77.143, 12.87 ], [ 77.131, 12.873 ], [ 77.127, 12.885 ], [ 77.114, 12.888 ], [ 77.11, 12.9 ], [ 77.119, 12.91 ], [ 77.131, 12.907 ], [ 77.14, 12.917 ], [ 77.152, 12.915 ], [ 77.161, 12.925 ], [ 77.157, 12.937 ], [ 77.165, 12.947 ], [ 77.161, 12.96 ], [ 77.149, 12.962 ], [ 77.145, 12.975 ], [ 77.132, 12.977 ], [ 77.128, 12.99 ], [ 77.116, 12.992 ], [ 77.112, 13.005 ], [ 77.12, 13.014 ], [ 77.116, 13.027 ], [ 77.104, 13.029 ], [ 77.095, 13.019 ], [ 77.083, 13.022 ], [ 77.079, 13.034 ], [ 77.066, 13.037 ], [ 77.062, 13.049 ], [ 77.071, 13.059 ], [ 77.067, 13.072 ], [ 77.075, 13.082 ], [ 77.071, 13.094 ], [ 77.08, 13.104 ], [ 77.076, 13.116 ], [ 77.084, 13.126 ], [ 77.08, 13.139 ], [ 77.089, 13.149 ], [ 77.101, 13.146 ], [ 77.105, 13.134 ], [ 77.118, 13.131 ], [ 77.127, 13.141 ], [ 77.123, 13.154 ], [ 77.131, 13.164 ], [ 77.144, 13.161 ], [ 77.152, 13.171 ], [ 77.148, 13.184 ], [ 77.157, 13.194 ], [ 77.169, 13.191 ], [ 77.173, 13.179 ], [ 77.186, 13.176 ], [ 77.194, 13.186 ], [ 77.19, 13.198 ], [ 77.199, 13.208 ], [ 77.195, 13.221 ], [ 77.182, 13.223 ], [ 77.178, 13.236 ], [ 77.187, 13.246 ], [ 77.183, 13.258 ], [ 77.191, 13.268 ], [ 77.204, 13.266 ], [ 77.213, 13.276 ], [ 77.225, 13.273 ], [ 77.234, 13.283 ], [ 77.23, 13.295 ], [ 77.238, 13.305 ], [ 77.251, 13.303 ], [ 77.259, 13.313 ], [ 77.272, 13.31 ], [ 77.276, 13.298 ], [ 77.288, 13.295 ], [ 77.297, 13.305 ], [ 77.31, 13.303 ], [ 77.318, 13.313 ], [ 77.314, 13.325 ], [ 77.323, 13.335 ], [ 77.335, 13.333 ], [ 77.344, 13.343 ], [ 77.34, 13.355 ], [ 77.348, 13.365 ], [ 77.344, 13.378 ], [ 77.353, 13.388 ], [ 77.349, 13.4 ], [ 77.358, 13.41 ], [ 77.354, 13.422 ], [ 77.362, 13.432 ], [ 77.358, 13.445 ], [ 77.346, 13.447 ], [ 77.341, 13.46 ], [ 77.35, 13.47 ], [ 77.363, 13.467 ], [ 77.371, 13.477 ], [ 77.367, 13.49 ], [ 77.376, 13.5 ], [ 77.372, 13.512 ], [ 77.38, 13.522 ], [ 77.376, 13.534 ], [ 77.385, 13.544 ], [ 77.381, 13.557 ], [ 77.39, 13.567 ], [ 77.386, 13.579 ], [ 77.373, 13.582 ], [ 77.369, 13.594 ], [ 77.356, 13.597 ], [ 77.352, 13.609 ], [ 77.361, 13.619 ], [ 77.357, 13.631 ], [ 77.365, 13.641 ], [ 77.378, 13.639 ], [ 77.387, 13.649 ], [ 77.383, 13.661 ], [ 77.391, 13.671 ], [ 77.404, 13.669 ], [ 77.412, 13.679 ], [ 77.425, 13.676 ], [ 77.434, 13.686 ], [ 77.446, 13.684 ], [ 77.455, 13.694 ], [ 77.451, 13.706 ], [ 77.459, 13.716 ], [ 77.455, 13.729 ], [ 77.464, 13.739 ], [ 77.46, 13.751 ], [ 77.469, 13.761 ], [ 77.465, 13.773 ], [ 77.452, 13.776 ], [ 77.448, 13.788 ], [ 77.457, 13.798 ], [ 77.452, 13.811 ], [ 77.44, 13.813 ], [ 77.431, 13.803 ], [ 77.419, 13.806 ], [ 77.415, 13.818 ], [ 77.423, 13.828 ], [ 77.419, 13.84 ], [ 77.407, 13.843 ], [ 77.398, 13.833 ], [ 77.385, 13.835 ], [ 77.381, 13.848 ], [ 77.369, 13.85 ], [ 77.36, 13.84 ], [ 77.348, 13.843 ], [ 77.339, 13.833 ], [ 77.326, 13.835 ], [ 77.322, 13.848 ], [ 77.31, 13.85 ], [ 77.306, 13.863 ], [ 77.293, 13.865 ], [ 77.285, 13.855 ], [ 77.272, 13.857 ], [ 77.264, 13.848 ], [ 77.251, 13.85 ], [ 77.247, 13.862 ], [ 77.255, 13.872 ], [ 77.251, 13.885 ], [ 77.239, 13.887 ], [ 77.23, 13.877 ], [ 77.218, 13.88 ], [ 77.209, 13.87 ], [ 77.197, 13.872 ], [ 77.193, 13.885 ], [ 77.18, 13.887 ], [ 77.176, 13.899 ], [ 77.185, 13.909 ], [ 77.181, 13.922 ], [ 77.168, 13.924 ], [ 77.159, 13.914 ], [ 77.163, 13.902 ], [ 77.155, 13.892 ], [ 77.159, 13.879 ], [ 77.15, 13.87 ], [ 77.138, 13.872 ], [ 77.129, 13.862 ], [ 77.133, 13.85 ], [ 77.146, 13.847 ], [ 77.15, 13.835 ], [ 77.162, 13.832 ], [ 77.166, 13.82 ], [ 77.158, 13.81 ], [ 77.162, 13.798 ], [ 77.174, 13.795 ], [ 77.178, 13.783 ], [ 77.17, 13.773 ], [ 77.157, 13.775 ], [ 77.149, 13.765 ], [ 77.136, 13.768 ], [ 77.128, 13.758 ], [ 77.115, 13.76 ], [ 77.111, 13.773 ], [ 77.098, 13.775 ], [ 77.09, 13.765 ], [ 77.094, 13.753 ], [ 77.085, 13.743 ], [ 77.073, 13.745 ], [ 77.069, 13.758 ], [ 77.056, 13.76 ], [ 77.052, 13.772 ], [ 77.04, 13.775 ], [ 77.031, 13.765 ], [ 77.019, 13.767 ], [ 77.01, 13.757 ], [ 77.014, 13.745 ], [ 77.005, 13.735 ], [ 76.993, 13.737 ], [ 76.989, 13.75 ], [ 76.997, 13.76 ], [ 76.993, 13.772 ], [ 76.981, 13.775 ], [ 76.977, 13.787 ], [ 76.985, 13.797 ], [ 76.981, 13.809 ], [ 76.99, 13.819 ], [ 76.986, 13.832 ], [ 76.994, 13.842 ], [ 76.99, 13.854 ], [ 76.999, 13.864 ], [ 77.012, 13.862 ], [ 77.02, 13.872 ], [ 77.016, 13.884 ], [ 77.025, 13.894 ], [ 77.021, 13.906 ], [ 77.029, 13.916 ], [ 77.042, 13.914 ], [ 77.05, 13.924 ], [ 77.046, 13.936 ], [ 77.034, 13.939 ], [ 77.03, 13.951 ], [ 77.017, 13.953 ], [ 77.013, 13.966 ], [ 77.001, 13.968 ], [ 76.997, 13.981 ], [ 77.005, 13.991 ], [ 77.001, 14.003 ], [ 76.989, 14.005 ], [ 76.98, 13.995 ], [ 76.967, 13.998 ], [ 76.963, 14.01 ], [ 76.951, 14.013 ], [ 76.947, 14.025 ], [ 76.934, 14.027 ], [ 76.93, 14.04 ], [ 76.939, 14.05 ], [ 76.951, 14.047 ], [ 76.96, 14.057 ], [ 76.972, 14.055 ], [ 76.981, 14.065 ], [ 76.977, 14.077 ], [ 76.964, 14.08 ], [ 76.96, 14.092 ], [ 76.948, 14.094 ], [ 76.939, 14.084 ], [ 76.927, 14.087 ], [ 76.918, 14.077 ], [ 76.922, 14.065 ], [ 76.914, 14.055 ], [ 76.901, 14.057 ], [ 76.893, 14.047 ], [ 76.897, 14.035 ], [ 76.888, 14.025 ], [ 76.876, 14.027 ], [ 76.867, 14.017 ], [ 76.855, 14.02 ], [ 76.846, 14.01 ], [ 76.833, 14.012 ], [ 76.825, 14.002 ], [ 76.829, 13.99 ], [ 76.842, 13.987 ], [ 76.846, 13.975 ], [ 76.837, 13.965 ], [ 76.841, 13.953 ], [ 76.832, 13.943 ], [ 76.82, 13.945 ], [ 76.811, 13.935 ], [ 76.815, 13.923 ], [ 76.807, 13.913 ], [ 76.794, 13.915 ], [ 76.79, 13.928 ], [ 76.778, 13.93 ], [ 76.769, 13.92 ], [ 76.757, 13.922 ], [ 76.748, 13.912 ], [ 76.736, 13.915 ], [ 76.727, 13.905 ], [ 76.731, 13.893 ], [ 76.723, 13.883 ], [ 76.727, 13.87 ], [ 76.739, 13.868 ], [ 76.743, 13.855 ], [ 76.756, 13.853 ], [ 76.76, 13.841 ], [ 76.772, 13.838 ], [ 76.776, 13.826 ], [ 76.768, 13.816 ], [ 76.772, 13.803 ], [ 76.763, 13.794 ], [ 76.767, 13.781 ], [ 76.759, 13.771 ], [ 76.746, 13.774 ], [ 76.742, 13.786 ], [ 76.73, 13.788 ], [ 76.726, 13.801 ], [ 76.713, 13.803 ], [ 76.705, 13.793 ], [ 76.709, 13.781 ], [ 76.7, 13.771 ], [ 76.704, 13.759 ], [ 76.696, 13.749 ], [ 76.683, 13.751 ], [ 76.675, 13.741 ], [ 76.679, 13.729 ], [ 76.691, 13.726 ], [ 76.695, 13.714 ], [ 76.687, 13.704 ], [ 76.674, 13.706 ], [ 76.67, 13.719 ], [ 76.658, 13.721 ], [ 76.649, 13.711 ], [ 76.637, 13.714 ], [ 76.633, 13.726 ], [ 76.62, 13.728 ], [ 76.612, 13.719 ], [ 76.599, 13.721 ], [ 76.591, 13.711 ], [ 76.578, 13.713 ], [ 76.57, 13.703 ], [ 76.574, 13.691 ], [ 76.565, 13.681 ], [ 76.553, 13.684 ], [ 76.545, 13.674 ], [ 76.549, 13.661 ], [ 76.54, 13.651 ], [ 76.528, 13.654 ], [ 76.519, 13.644 ], [ 76.523, 13.631 ], [ 76.515, 13.621 ], [ 76.502, 13.624 ], [ 76.494, 13.614 ], [ 76.481, 13.616 ], [ 76.477, 13.629 ], [ 76.465, 13.631 ], [ 76.456, 13.621 ], [ 76.46, 13.609 ], [ 76.452, 13.599 ], [ 76.439, 13.601 ], [ 76.431, 13.591 ], [ 76.418, 13.594 ], [ 76.41, 13.584 ], [ 76.398, 13.586 ], [ 76.389, 13.576 ], [ 76.377, 13.579 ], [ 76.373, 13.591 ], [ 76.36, 13.594 ], [ 76.352, 13.584 ], [ 76.356, 13.571 ], [ 76.347, 13.561 ], [ 76.351, 13.549 ], [ 76.364, 13.547 ], [ 76.368, 13.534 ], [ 76.38, 13.532 ], [ 76.389, 13.542 ], [ 76.401, 13.539 ], [ 76.405, 13.527 ], [ 76.418, 13.525 ], [ 76.422, 13.512 ], [ 76.413, 13.502 ], [ 76.401, 13.505 ], [ 76.392, 13.495 ], [ 76.396, 13.482 ], [ 76.409, 13.48 ], [ 76.413, 13.468 ], [ 76.404, 13.458 ], [ 76.408, 13.445 ], [ 76.4, 13.435 ], [ 76.404, 13.423 ], [ 76.395, 13.413 ], [ 76.399, 13.401 ], [ 76.391, 13.391 ], [ 76.395, 13.378 ], [ 76.386, 13.368 ], [ 76.374, 13.371 ], [ 76.366, 13.361 ], [ 76.353, 13.363 ], [ 76.345, 13.353 ], [ 76.349, 13.341 ], [ 76.34, 13.331 ], [ 76.344, 13.319 ], [ 76.357, 13.316 ], [ 76.361, 13.304 ], [ 76.352, 13.294 ], [ 76.356, 13.282 ], [ 76.348, 13.272 ], [ 76.352, 13.259 ], [ 76.364, 13.257 ], [ 76.368, 13.245 ], [ 76.381, 13.242 ], [ 76.385, 13.23 ], [ 76.376, 13.22 ], [ 76.38, 13.208 ], [ 76.393, 13.205 ], [ 76.397, 13.193 ], [ 76.409, 13.19 ], [ 76.413, 13.178 ], [ 76.426, 13.175 ], [ 76.43, 13.163 ], [ 76.442, 13.161 ], [ 76.446, 13.148 ], [ 76.458, 13.146 ], [ 76.462, 13.133 ], [ 76.475, 13.131 ], [ 76.479, 13.119 ], [ 76.47, 13.109 ], [ 76.474, 13.096 ], [ 76.487, 13.094 ], [ 76.491, 13.081 ], [ 76.503, 13.079 ], [ 76.507, 13.067 ], [ 76.52, 13.064 ], [ 76.528, 13.074 ], [ 76.541, 13.072 ], [ 76.549, 13.082 ], [ 76.562, 13.079 ], [ 76.566, 13.067 ], [ 76.578, 13.064 ], [ 76.587, 13.074 ], [ 76.599, 13.072 ], [ 76.603, 13.059 ], [ 76.595, 13.049 ], [ 76.599, 13.037 ], [ 76.611, 13.035 ], [ 76.615, 13.022 ], [ 76.607, 13.012 ], [ 76.611, 13.0 ], [ 76.623, 12.997 ], [ 76.631, 13.007 ], [ 76.644, 13.005 ], [ 76.652, 13.015 ], [ 76.648, 13.027 ], [ 76.657, 13.037 ], [ 76.669, 13.035 ], [ 76.678, 13.044 ], [ 76.69, 13.042 ], [ 76.699, 13.052 ], [ 76.711, 13.049 ], [ 76.715, 13.037 ], [ 76.728, 13.035 ], [ 76.736, 13.044 ], [ 76.749, 13.042 ], [ 76.753, 13.03 ], [ 76.765, 13.027 ], [ 76.774, 13.037 ], [ 76.786, 13.035 ], [ 76.79, 13.022 ], [ 76.803, 13.02 ], [ 76.807, 13.007 ], [ 76.819, 13.005 ], [ 76.823, 12.992 ], [ 76.836, 12.99 ], [ 76.84, 12.977 ], [ 76.831, 12.968 ], [ 76.835, 12.955 ], [ 76.848, 12.953 ], [ 76.852, 12.94 ], [ 76.864, 12.938 ], [ 76.868, 12.925 ], [ 76.86, 12.915 ] ] ], [ [ [ 77.376, 14.012 ], [ 77.363, 14.014 ], [ 77.359, 14.027 ], [ 77.346, 14.029 ], [ 77.342, 14.042 ], [ 77.351, 14.052 ], [ 77.347, 14.064 ], [ 77.356, 14.074 ], [ 77.368, 14.072 ], [ 77.377, 14.082 ], [ 77.373, 14.094 ], [ 77.381, 14.104 ], [ 77.394, 14.102 ], [ 77.403, 14.111 ], [ 77.399, 14.124 ], [ 77.386, 14.126 ], [ 77.377, 14.116 ], [ 77.365, 14.119 ], [ 77.356, 14.109 ], [ 77.344, 14.111 ], [ 77.34, 14.124 ], [ 77.348, 14.134 ], [ 77.361, 14.131 ], [ 77.369, 14.141 ], [ 77.382, 14.139 ], [ 77.391, 14.149 ], [ 77.387, 14.161 ], [ 77.395, 14.171 ], [ 77.408, 14.169 ], [ 77.416, 14.179 ], [ 77.429, 14.176 ], [ 77.433, 14.164 ], [ 77.446, 14.161 ], [ 77.454, 14.171 ], [ 77.467, 14.169 ], [ 77.471, 14.156 ], [ 77.483, 14.154 ], [ 77.492, 14.164 ], [ 77.505, 14.162 ], [ 77.513, 14.172 ], [ 77.509, 14.184 ], [ 77.518, 14.194 ], [ 77.514, 14.206 ], [ 77.501, 14.209 ], [ 77.497, 14.221 ], [ 77.506, 14.231 ], [ 77.502, 14.244 ], [ 77.51, 14.254 ], [ 77.506, 14.266 ], [ 77.494, 14.268 ], [ 77.49, 14.281 ], [ 77.477, 14.283 ], [ 77.469, 14.273 ], [ 77.456, 14.276 ], [ 77.452, 14.288 ], [ 77.439, 14.291 ], [ 77.435, 14.303 ], [ 77.444, 14.313 ], [ 77.44, 14.325 ], [ 77.427, 14.328 ], [ 77.423, 14.34 ], [ 77.411, 14.343 ], [ 77.402, 14.333 ], [ 77.389, 14.335 ], [ 77.381, 14.325 ], [ 77.385, 14.313 ], [ 77.376, 14.303 ], [ 77.38, 14.29 ], [ 77.393, 14.288 ], [ 77.397, 14.275 ], [ 77.409, 14.273 ], [ 77.413, 14.261 ], [ 77.405, 14.251 ], [ 77.409, 14.238 ], [ 77.421, 14.236 ], [ 77.425, 14.223 ], [ 77.417, 14.213 ], [ 77.404, 14.216 ], [ 77.396, 14.206 ], [ 77.383, 14.208 ], [ 77.379, 14.221 ], [ 77.366, 14.223 ], [ 77.362, 14.236 ], [ 77.371, 14.246 ], [ 77.367, 14.258 ], [ 77.354, 14.26 ], [ 77.35, 14.273 ], [ 77.338, 14.275 ], [ 77.334, 14.288 ], [ 77.321, 14.29 ], [ 77.313, 14.28 ], [ 77.3, 14.282 ], [ 77.296, 14.295 ], [ 77.283, 14.297 ], [ 77.279, 14.31 ], [ 77.288, 14.32 ], [ 77.284, 14.332 ], [ 77.271, 14.334 ], [ 77.263, 14.324 ], [ 77.25, 14.327 ], [ 77.241, 14.317 ], [ 77.229, 14.319 ], [ 77.22, 14.309 ], [ 77.208, 14.312 ], [ 77.204, 14.324 ], [ 77.191, 14.327 ], [ 77.187, 14.339 ], [ 77.174, 14.341 ], [ 77.166, 14.331 ], [ 77.153, 14.334 ], [ 77.145, 14.324 ], [ 77.132, 14.326 ], [ 77.124, 14.316 ], [ 77.128, 14.304 ], [ 77.119, 14.294 ], [ 77.123, 14.281 ], [ 77.114, 14.272 ], [ 77.118, 14.259 ], [ 77.11, 14.249 ], [ 77.114, 14.237 ], [ 77.105, 14.227 ], [ 77.109, 14.214 ], [ 77.101, 14.204 ], [ 77.088, 14.207 ], [ 77.084, 14.219 ], [ 77.072, 14.222 ], [ 77.068, 14.234 ], [ 77.055, 14.236 ], [ 77.051, 14.249 ], [ 77.038, 14.251 ], [ 77.03, 14.241 ], [ 77.017, 14.244 ], [ 77.009, 14.234 ], [ 77.013, 14.221 ], [ 77.004, 14.211 ], [ 77.008, 14.199 ], [ 77.021, 14.197 ], [ 77.025, 14.184 ], [ 77.016, 14.174 ], [ 77.02, 14.162 ], [ 77.012, 14.152 ], [ 77.016, 14.139 ], [ 77.028, 14.137 ], [ 77.032, 14.125 ], [ 77.024, 14.115 ], [ 77.028, 14.102 ], [ 77.019, 14.092 ], [ 77.023, 14.08 ], [ 77.036, 14.078 ], [ 77.04, 14.065 ], [ 77.052, 14.063 ], [ 77.056, 14.05 ], [ 77.069, 14.048 ], [ 77.073, 14.036 ], [ 77.086, 14.033 ], [ 77.094, 14.043 ], [ 77.107, 14.041 ], [ 77.115, 14.051 ], [ 77.128, 14.048 ], [ 77.132, 14.036 ], [ 77.144, 14.033 ], [ 77.148, 14.021 ], [ 77.14, 14.011 ], [ 77.144, 13.999 ], [ 77.156, 13.996 ], [ 77.165, 14.006 ], [ 77.178, 14.004 ], [ 77.186, 14.014 ], [ 77.199, 14.011 ], [ 77.207, 14.021 ], [ 77.22, 14.019 ], [ 77.224, 14.006 ], [ 77.237, 14.004 ], [ 77.245, 14.014 ], [ 77.258, 14.012 ], [ 77.266, 14.021 ], [ 77.279, 14.019 ], [ 77.287, 14.029 ], [ 77.3, 14.027 ], [ 77.309, 14.037 ], [ 77.321, 14.034 ], [ 77.325, 14.022 ], [ 77.338, 14.019 ], [ 77.342, 14.007 ], [ 77.354, 14.004 ], [ 77.358, 13.992 ], [ 77.35, 13.982 ], [ 77.354, 13.97 ], [ 77.366, 13.967 ], [ 77.371, 13.955 ], [ 77.362, 13.945 ], [ 77.366, 13.932 ], [ 77.357, 13.922 ], [ 77.361, 13.91 ], [ 77.374, 13.908 ], [ 77.383, 13.917 ], [ 77.395, 13.915 ], [ 77.399, 13.903 ], [ 77.412, 13.9 ], [ 77.42, 13.91 ], [ 77.416, 13.923 ], [ 77.425, 13.933 ], [ 77.421, 13.945 ], [ 77.43, 13.955 ], [ 77.426, 13.967 ], [ 77.434, 13.977 ], [ 77.43, 13.99 ], [ 77.418, 13.992 ], [ 77.409, 13.982 ], [ 77.396, 13.985 ], [ 77.388, 13.975 ], [ 77.375, 13.977 ], [ 77.371, 13.99 ], [ 77.38, 14.0 ], [ 77.376, 14.012 ] ] ] ] } },
{ "type": "Feature", "properties": { "POLYGON.ID": 125.0, "subregion": "India--Karnataka--Chikkaballapura_CL31178", "FILTER": "Karnataka", "POLYGON": "India--Karnataka--Chikkaballapura_CL31178", "COUNTY": "Chikkaballapura", "STATE": "Karnataka", "OWNER": null }, "geometry": { "type": "MultiPolygon", "coordinates": [ [ [ [ 78.068, 13.701 ], [ 78.081, 13.699 ], [ 78.085, 13.686 ], [ 78.098, 13.684 ], [ 78.106, 13.694 ], [ 78.119, 13.691 ], [ 78.128, 13.701 ], [ 78.124, 13.714 ], [ 78.111, 13.716 ], [ 78.107, 13.729 ], [ 78.094, 13.731 ], [ 78.09, 13.744 ], [ 78.099, 13.754 ], [ 78.112, 13.751 ], [ 78.12, 13.761 ], [ 78.116, 13.774 ], [ 78.125, 13.784 ], [ 78.121, 13.796 ], [ 78.13, 13.806 ], [ 78.126, 13.819 ], [ 78.134, 13.828 ], [ 78.13, 13.841 ], [ 78.118, 13.843 ], [ 78.114, 13.856 ], [ 78.101, 13.858 ], [ 78.097, 13.871 ], [ 78.084, 13.873 ], [ 78.08, 13.886 ], [ 78.068, 13.888 ], [ 78.059, 13.878 ], [ 78.046, 13.881 ], [ 78.037, 13.871 ], [ 78.025, 13.873 ], [ 78.016, 13.864 ], [ 78.003, 13.866 ], [ 77.995, 13.856 ], [ 77.982, 13.859 ], [ 77.973, 13.849 ], [ 77.977, 13.836 ], [ 77.969, 13.826 ], [ 77.956, 13.829 ], [ 77.952, 13.841 ], [ 77.961, 13.851 ], [ 77.957, 13.864 ], [ 77.944, 13.866 ], [ 77.94, 13.878 ], [ 77.949, 13.888 ], [ 77.961, 13.886 ], [ 77.97, 13.896 ], [ 77.983, 13.893 ], [ 77.991, 13.903 ], [ 77.987, 13.916 ], [ 77.975, 13.918 ], [ 77.971, 13.931 ], [ 77.979, 13.941 ], [ 77.975, 13.953 ], [ 77.963, 13.956 ], [ 77.954, 13.946 ], [ 77.958, 13.933 ], [ 77.949, 13.923 ], [ 77.937, 13.926 ], [ 77.928, 13.916 ], [ 77.915, 13.918 ], [ 77.907, 13.908 ], [ 77.894, 13.911 ], [ 77.89, 13.923 ], [ 77.899, 13.933 ], [ 77.895, 13.946 ], [ 77.882, 13.948 ], [ 77.873, 13.938 ], [ 77.861, 13.941 ], [ 77.852, 13.931 ], [ 77.839, 13.933 ], [ 77.835, 13.946 ], [ 77.823, 13.948 ], [ 77.814, 13.938 ], [ 77.818, 13.926 ], [ 77.809, 13.916 ], [ 77.813, 13.903 ], [ 77.826, 13.901 ], [ 77.83, 13.888 ], [ 77.821, 13.878 ], [ 77.825, 13.866 ], [ 77.817, 13.856 ], [ 77.804, 13.858 ], [ 77.795, 13.848 ], [ 77.783, 13.851 ], [ 77.774, 13.841 ], [ 77.778, 13.829 ], [ 77.769, 13.819 ], [ 77.757, 13.821 ], [ 77.748, 13.811 ], [ 77.736, 13.814 ], [ 77.727, 13.804 ], [ 77.731, 13.791 ], [ 77.722, 13.781 ], [ 77.726, 13.769 ], [ 77.718, 13.759 ], [ 77.705, 13.761 ], [ 77.701, 13.774 ], [ 77.688, 13.776 ], [ 77.684, 13.789 ], [ 77.672, 13.791 ], [ 77.663, 13.781 ], [ 77.65, 13.784 ], [ 77.642, 13.774 ], [ 77.629, 13.776 ], [ 77.621, 13.766 ], [ 77.625, 13.754 ], [ 77.637, 13.751 ], [ 77.641, 13.739 ], [ 77.633, 13.729 ], [ 77.62, 13.731 ], [ 77.616, 13.744 ], [ 77.603, 13.746 ], [ 77.595, 13.736 ], [ 77.582, 13.739 ], [ 77.573, 13.729 ], [ 77.561, 13.731 ], [ 77.557, 13.744 ], [ 77.544, 13.746 ], [ 77.54, 13.759 ], [ 77.528, 13.761 ], [ 77.519, 13.751 ], [ 77.523, 13.739 ], [ 77.536, 13.736 ], [ 77.54, 13.724 ], [ 77.531, 13.714 ], [ 77.535, 13.701 ], [ 77.526, 13.691 ], [ 77.514, 13.694 ], [ 77.51, 13.706 ], [ 77.497, 13.709 ], [ 77.489, 13.699 ], [ 77.493, 13.686 ], [ 77.484, 13.676 ], [ 77.471, 13.679 ], [ 77.467, 13.691 ], [ 77.455, 13.694 ], [ 77.446, 13.684 ], [ 77.434, 13.686 ], [ 77.425, 13.676 ], [ 77.412, 13.679 ], [ 77.404, 13.669 ], [ 77.391, 13.671 ], [ 77.383, 13.661 ], [ 77.387, 13.649 ], [ 77.378, 13.639 ], [ 77.365, 13.641 ], [ 77.357, 13.631 ], [ 77.361, 13.619 ], [ 77.352, 13.609 ], [ 77.356, 13.597 ], [ 77.369, 13.594 ], [ 77.373, 13.582 ], [ 77.386, 13.579 ], [ 77.39, 13.567 ], [ 77.381, 13.557 ], [ 77.385, 13.544 ], [ 77.376, 13.534 ], [ 77.38, 13.522 ], [ 77.372, 13.512 ], [ 77.376, 13.5 ], [ 77.388, 13.497 ], [ 77.397, 13.507 ], [ 77.41, 13.505 ], [ 77.414, 13.492 ], [ 77.426, 13.49 ], [ 77.43, 13.477 ], [ 77.443, 13.475 ], [ 77.447, 13.462 ], [ 77.459, 13.46 ], [ 77.468, 13.47 ], [ 77.481, 13.467 ], [ 77.485, 13.455 ], [ 77.497, 13.452 ], [ 77.501, 13.44 ], [ 77.514, 13.437 ], [ 77.518, 13.425 ], [ 77.53, 13.422 ], [ 77.539, 13.432 ], [ 77.552, 13.43 ], [ 77.556, 13.417 ], [ 77.568, 13.415 ], [ 77.577, 13.425 ], [ 77.589, 13.422 ], [ 77.598, 13.432 ], [ 77.611, 13.43 ], [ 77.615, 13.417 ], [ 77.606, 13.407 ], [ 77.61, 13.395 ], [ 77.623, 13.392 ], [ 77.627, 13.38 ], [ 77.639, 13.377 ], [ 77.648, 13.387 ], [ 77.661, 13.385 ], [ 77.665, 13.372 ], [ 77.677, 13.37 ], [ 77.686, 13.38 ], [ 77.698, 13.377 ], [ 77.702, 13.365 ], [ 77.715, 13.362 ], [ 77.719, 13.35 ], [ 77.732, 13.347 ], [ 77.74, 13.357 ], [ 77.753, 13.355 ], [ 77.762, 13.365 ], [ 77.774, 13.362 ], [ 77.778, 13.35 ], [ 77.791, 13.347 ], [ 77.795, 13.335 ], [ 77.807, 13.332 ], [ 77.811, 13.32 ], [ 77.824, 13.317 ], [ 77.828, 13.305 ], [ 77.82, 13.295 ], [ 77.824, 13.282 ], [ 77.815, 13.272 ], [ 77.819, 13.26 ], [ 77.832, 13.257 ], [ 77.836, 13.245 ], [ 77.848, 13.242 ], [ 77.852, 13.23 ], [ 77.865, 13.227 ], [ 77.873, 13.237 ], [ 77.869, 13.25 ], [ 77.878, 13.26 ], [ 77.891, 13.257 ], [ 77.895, 13.245 ], [ 77.907, 13.242 ], [ 77.911, 13.23 ], [ 77.924, 13.227 ], [ 77.933, 13.237 ], [ 77.929, 13.249 ], [ 77.937, 13.259 ], [ 77.95, 13.257 ], [ 77.959, 13.267 ], [ 77.955, 13.279 ], [ 77.963, 13.289 ], [ 77.976, 13.287 ], [ 77.985, 13.297 ], [ 77.997, 13.294 ], [ 78.006, 13.304 ], [ 78.019, 13.302 ], [ 78.023, 13.289 ], [ 78.035, 13.287 ], [ 78.044, 13.297 ], [ 78.057, 13.294 ], [ 78.065, 13.304 ], [ 78.078, 13.301 ], [ 78.087, 13.311 ], [ 78.099, 13.309 ], [ 78.103, 13.296 ], [ 78.116, 13.294 ], [ 78.125, 13.304 ], [ 78.121, 13.316 ], [ 78.129, 13.326 ], [ 78.125, 13.339 ], [ 78.134, 13.349 ], [ 78.147, 13.346 ], [ 78.155, 13.356 ], [ 78.151, 13.369 ], [ 78.139, 13.371 ], [ 78.135, 13.384 ], [ 78.143, 13.394 ], [ 78.139, 13.406 ], [ 78.148, 13.416 ], [ 78.161, 13.414 ], [ 78.169, 13.424 ], [ 78.182, 13.421 ], [ 78.191, 13.431 ], [ 78.187, 13.444 ], [ 78.195, 13.454 ], [ 78.208, 13.451 ], [ 78.217, 13.461 ], [ 78.213, 13.473 ], [ 78.2, 13.476 ], [ 78.196, 13.489 ], [ 78.205, 13.499 ], [ 78.201, 13.511 ], [ 78.209, 13.521 ], [ 78.205, 13.534 ], [ 78.193, 13.536 ], [ 78.189, 13.549 ], [ 78.197, 13.559 ], [ 78.193, 13.571 ], [ 78.202, 13.581 ], [ 78.198, 13.594 ], [ 78.207, 13.604 ], [ 78.203, 13.616 ], [ 78.19, 13.619 ], [ 78.186, 13.631 ], [ 78.173, 13.634 ], [ 78.169, 13.646 ], [ 78.156, 13.649 ], [ 78.152, 13.661 ], [ 78.14, 13.664 ], [ 78.131, 13.654 ], [ 78.118, 13.656 ], [ 78.11, 13.646 ], [ 78.097, 13.649 ], [ 78.093, 13.661 ], [ 78.08, 13.664 ], [ 78.076, 13.676 ], [ 78.064, 13.679 ], [ 78.06, 13.691 ], [ 78.068, 13.701 ] ] ] ] } },
{ "type": "Feature", "properties": { "POLYGON.ID": 315.0, "subregion": "IN-KA--Karnataka--WesternGhats", "FILTER": "Karnataka", "POLYGON": "IN-KA--Karnataka--WesternGhats", "COUNTY": "spl_region", "STATE": "Karnataka", "OWNER": null }, "geometry": { "type": "MultiPolygon", "coordinates": [ [ [ [ 75.272, 12.56 ], [ 75.264, 12.55 ], [ 75.268, 12.538 ], [ 75.28, 12.536 ], [ 75.284, 12.523 ], [ 75.296, 12.521 ], [ 75.3, 12.509 ], [ 75.313, 12.506 ], [ 75.317, 12.494 ], [ 75.329, 12.491 ], [ 75.333, 12.479 ], [ 75.345, 12.477 ], [ 75.349, 12.464 ], [ 75.361, 12.462 ], [ 75.37, 12.472 ], [ 75.366, 12.484 ], [ 75.374, 12.494 ], [ 75.386, 12.492 ], [ 75.394, 12.501 ], [ 75.407, 12.499 ], [ 75.411, 12.487 ], [ 75.423, 12.484 ], [ 75.427, 12.472 ], [ 75.419, 12.462 ], [ 75.406, 12.465 ], [ 75.398, 12.455 ], [ 75.386, 12.457 ], [ 75.378, 12.447 ], [ 75.381, 12.435 ], [ 75.373, 12.425 ], [ 75.377, 12.413 ], [ 75.369, 12.403 ], [ 75.373, 12.391 ], [ 75.385, 12.388 ], [ 75.389, 12.376 ], [ 75.401, 12.373 ], [ 75.41, 12.383 ], [ 75.422, 12.381 ], [ 75.426, 12.368 ], [ 75.418, 12.359 ], [ 75.422, 12.346 ], [ 75.413, 12.336 ], [ 75.417, 12.324 ], [ 75.43, 12.322 ], [ 75.434, 12.309 ], [ 75.425, 12.299 ], [ 75.429, 12.287 ], [ 75.441, 12.285 ], [ 75.45, 12.295 ], [ 75.462, 12.292 ], [ 75.47, 12.302 ], [ 75.483, 12.299 ], [ 75.487, 12.287 ], [ 75.499, 12.285 ], [ 75.503, 12.272 ], [ 75.515, 12.27 ], [ 75.519, 12.258 ], [ 75.511, 12.248 ], [ 75.515, 12.235 ], [ 75.527, 12.233 ], [ 75.531, 12.221 ], [ 75.543, 12.218 ], [ 75.547, 12.206 ], [ 75.539, 12.196 ], [ 75.543, 12.184 ], [ 75.555, 12.181 ], [ 75.559, 12.169 ], [ 75.571, 12.166 ], [ 75.575, 12.154 ], [ 75.588, 12.152 ], [ 75.596, 12.161 ], [ 75.608, 12.159 ], [ 75.612, 12.147 ], [ 75.625, 12.144 ], [ 75.633, 12.154 ], [ 75.645, 12.151 ], [ 75.649, 12.139 ], [ 75.641, 12.129 ], [ 75.645, 12.117 ], [ 75.657, 12.114 ], [ 75.661, 12.102 ], [ 75.673, 12.1 ], [ 75.682, 12.109 ], [ 75.694, 12.107 ], [ 75.698, 12.095 ], [ 75.71, 12.092 ], [ 75.714, 12.08 ], [ 75.727, 12.077 ], [ 75.731, 12.065 ], [ 75.743, 12.062 ], [ 75.751, 12.072 ], [ 75.763, 12.07 ], [ 75.772, 12.08 ], [ 75.784, 12.077 ], [ 75.792, 12.087 ], [ 75.805, 12.085 ], [ 75.809, 12.072 ], [ 75.8, 12.062 ], [ 75.804, 12.05 ], [ 75.796, 12.04 ], [ 75.8, 12.028 ], [ 75.812, 12.025 ], [ 75.816, 12.013 ], [ 75.829, 12.01 ], [ 75.833, 11.998 ], [ 75.824, 11.988 ], [ 75.828, 11.976 ], [ 75.841, 11.973 ], [ 75.845, 11.961 ], [ 75.857, 11.958 ], [ 75.861, 11.946 ], [ 75.873, 11.944 ], [ 75.881, 11.953 ], [ 75.894, 11.951 ], [ 75.898, 11.938 ], [ 75.91, 11.936 ], [ 75.918, 11.946 ], [ 75.931, 11.943 ], [ 75.935, 11.931 ], [ 75.947, 11.928 ], [ 75.955, 11.938 ], [ 75.968, 11.936 ], [ 75.972, 11.923 ], [ 75.984, 11.921 ], [ 75.992, 11.931 ], [ 76.005, 11.928 ], [ 76.013, 11.938 ], [ 76.025, 11.936 ], [ 76.034, 11.945 ], [ 76.046, 11.943 ], [ 76.054, 11.953 ], [ 76.067, 11.95 ], [ 76.075, 11.96 ], [ 76.087, 11.958 ], [ 76.096, 11.967 ], [ 76.108, 11.965 ], [ 76.112, 11.953 ], [ 76.104, 11.943 ], [ 76.108, 11.93 ], [ 76.12, 11.928 ], [ 76.124, 11.915 ], [ 76.116, 11.905 ], [ 76.12, 11.893 ], [ 76.111, 11.883 ], [ 76.115, 11.871 ], [ 76.107, 11.861 ], [ 76.111, 11.849 ], [ 76.123, 11.846 ], [ 76.132, 11.856 ], [ 76.144, 11.853 ], [ 76.152, 11.863 ], [ 76.165, 11.861 ], [ 76.173, 11.871 ], [ 76.185, 11.868 ], [ 76.194, 11.878 ], [ 76.206, 11.875 ], [ 76.21, 11.863 ], [ 76.202, 11.853 ], [ 76.206, 11.841 ], [ 76.218, 11.838 ], [ 76.222, 11.826 ], [ 76.214, 11.816 ], [ 76.218, 11.803 ], [ 76.23, 11.801 ], [ 76.238, 11.811 ], [ 76.251, 11.808 ], [ 76.259, 11.818 ], [ 76.272, 11.816 ], [ 76.276, 11.803 ], [ 76.288, 11.801 ], [ 76.292, 11.788 ], [ 76.304, 11.786 ], [ 76.308, 11.773 ], [ 76.321, 11.771 ], [ 76.325, 11.758 ], [ 76.337, 11.756 ], [ 76.341, 11.743 ], [ 76.353, 11.741 ], [ 76.362, 11.751 ], [ 76.374, 11.748 ], [ 76.383, 11.758 ], [ 76.395, 11.755 ], [ 76.403, 11.765 ], [ 76.416, 11.763 ], [ 76.42, 11.75 ], [ 76.411, 11.74 ], [ 76.415, 11.728 ], [ 76.407, 11.718 ], [ 76.411, 11.706 ], [ 76.402, 11.696 ], [ 76.406, 11.683 ], [ 76.419, 11.681 ], [ 76.423, 11.668 ], [ 76.435, 11.666 ], [ 76.439, 11.653 ], [ 76.451, 11.651 ], [ 76.46, 11.661 ], [ 76.456, 11.673 ], [ 76.464, 11.683 ], [ 76.477, 11.68 ], [ 76.485, 11.69 ], [ 76.498, 11.688 ], [ 76.506, 11.698 ], [ 76.518, 11.695 ], [ 76.527, 11.705 ], [ 76.539, 11.702 ], [ 76.543, 11.69 ], [ 76.556, 11.687 ], [ 76.559, 11.675 ], [ 76.551, 11.665 ], [ 76.555, 11.653 ], [ 76.547, 11.643 ], [ 76.551, 11.63 ], [ 76.563, 11.628 ], [ 76.567, 11.615 ], [ 76.579, 11.613 ], [ 76.588, 11.622 ], [ 76.6, 11.62 ], [ 76.604, 11.607 ], [ 76.617, 11.605 ], [ 76.625, 11.615 ], [ 76.637, 11.612 ], [ 76.646, 11.622 ], [ 76.658, 11.619 ], [ 76.662, 11.607 ], [ 76.675, 11.604 ], [ 76.683, 11.614 ], [ 76.696, 11.612 ], [ 76.704, 11.622 ], [ 76.7, 11.634 ], [ 76.708, 11.644 ], [ 76.704, 11.656 ], [ 76.692, 11.659 ], [ 76.684, 11.649 ], [ 76.671, 11.652 ], [ 76.663, 11.642 ], [ 76.65, 11.644 ], [ 76.646, 11.657 ], [ 76.655, 11.667 ], [ 76.667, 11.664 ], [ 76.676, 11.674 ], [ 76.688, 11.671 ], [ 76.696, 11.681 ], [ 76.709, 11.679 ], [ 76.717, 11.689 ], [ 76.713, 11.701 ], [ 76.701, 11.704 ], [ 76.697, 11.716 ], [ 76.685, 11.719 ], [ 76.676, 11.709 ], [ 76.664, 11.711 ], [ 76.655, 11.701 ], [ 76.643, 11.704 ], [ 76.639, 11.716 ], [ 76.626, 11.719 ], [ 76.622, 11.732 ], [ 76.61, 11.734 ], [ 76.606, 11.747 ], [ 76.594, 11.749 ], [ 76.59, 11.762 ], [ 76.577, 11.764 ], [ 76.573, 11.777 ], [ 76.582, 11.786 ], [ 76.578, 11.799 ], [ 76.586, 11.809 ], [ 76.582, 11.821 ], [ 76.591, 11.831 ], [ 76.603, 11.828 ], [ 76.611, 11.838 ], [ 76.607, 11.851 ], [ 76.595, 11.853 ], [ 76.591, 11.866 ], [ 76.579, 11.868 ], [ 76.575, 11.881 ], [ 76.583, 11.891 ], [ 76.596, 11.888 ], [ 76.604, 11.898 ], [ 76.6, 11.91 ], [ 76.608, 11.92 ], [ 76.621, 11.918 ], [ 76.629, 11.928 ], [ 76.625, 11.94 ], [ 76.634, 11.95 ], [ 76.63, 11.962 ], [ 76.617, 11.965 ], [ 76.613, 11.977 ], [ 76.622, 11.987 ], [ 76.618, 12.0 ], [ 76.605, 12.002 ], [ 76.597, 11.992 ], [ 76.585, 11.995 ], [ 76.576, 11.985 ], [ 76.564, 11.988 ], [ 76.555, 11.978 ], [ 76.543, 11.98 ], [ 76.534, 11.97 ], [ 76.522, 11.973 ], [ 76.514, 11.963 ], [ 76.518, 11.951 ], [ 76.509, 11.941 ], [ 76.497, 11.943 ], [ 76.493, 11.956 ], [ 76.48, 11.958 ], [ 76.476, 11.971 ], [ 76.464, 11.973 ], [ 76.46, 11.986 ], [ 76.448, 11.988 ], [ 76.444, 12.001 ], [ 76.431, 12.003 ], [ 76.423, 11.993 ], [ 76.427, 11.981 ], [ 76.418, 11.971 ], [ 76.422, 11.959 ], [ 76.414, 11.949 ], [ 76.418, 11.936 ], [ 76.409, 11.926 ], [ 76.397, 11.929 ], [ 76.389, 11.919 ], [ 76.376, 11.922 ], [ 76.368, 11.912 ], [ 76.372, 11.899 ], [ 76.384, 11.897 ], [ 76.388, 11.884 ], [ 76.38, 11.874 ], [ 76.384, 11.862 ], [ 76.375, 11.852 ], [ 76.363, 11.855 ], [ 76.359, 11.867 ], [ 76.347, 11.87 ], [ 76.343, 11.882 ], [ 76.351, 11.892 ], [ 76.347, 11.904 ], [ 76.356, 11.914 ], [ 76.352, 11.927 ], [ 76.339, 11.929 ], [ 76.335, 11.942 ], [ 76.323, 11.944 ], [ 76.314, 11.934 ], [ 76.302, 11.937 ], [ 76.294, 11.927 ], [ 76.298, 11.915 ], [ 76.289, 11.905 ], [ 76.277, 11.907 ], [ 76.273, 11.92 ], [ 76.26, 11.922 ], [ 76.257, 11.935 ], [ 76.265, 11.944 ], [ 76.277, 11.942 ], [ 76.286, 11.952 ], [ 76.282, 11.964 ], [ 76.29, 11.974 ], [ 76.286, 11.986 ], [ 76.294, 11.996 ], [ 76.291, 12.009 ], [ 76.299, 12.019 ], [ 76.295, 12.031 ], [ 76.283, 12.034 ], [ 76.279, 12.046 ], [ 76.266, 12.049 ], [ 76.262, 12.061 ], [ 76.271, 12.071 ], [ 76.283, 12.068 ], [ 76.291, 12.078 ], [ 76.287, 12.091 ], [ 76.296, 12.1 ], [ 76.292, 12.113 ], [ 76.3, 12.123 ], [ 76.296, 12.135 ], [ 76.284, 12.138 ], [ 76.28, 12.15 ], [ 76.267, 12.153 ], [ 76.263, 12.165 ], [ 76.272, 12.175 ], [ 76.284, 12.172 ], [ 76.293, 12.182 ], [ 76.289, 12.195 ], [ 76.276, 12.197 ], [ 76.272, 12.21 ], [ 76.281, 12.219 ], [ 76.277, 12.232 ], [ 76.264, 12.234 ], [ 76.26, 12.247 ], [ 76.248, 12.249 ], [ 76.24, 12.239 ], [ 76.227, 12.242 ], [ 76.219, 12.232 ], [ 76.206, 12.234 ], [ 76.198, 12.225 ], [ 76.202, 12.212 ], [ 76.194, 12.202 ], [ 76.181, 12.205 ], [ 76.173, 12.195 ], [ 76.161, 12.197 ], [ 76.157, 12.21 ], [ 76.144, 12.212 ], [ 76.14, 12.225 ], [ 76.128, 12.227 ], [ 76.124, 12.24 ], [ 76.111, 12.242 ], [ 76.107, 12.255 ], [ 76.095, 12.257 ], [ 76.091, 12.269 ], [ 76.079, 12.272 ], [ 76.075, 12.284 ], [ 76.062, 12.287 ], [ 76.058, 12.299 ], [ 76.046, 12.302 ], [ 76.042, 12.314 ], [ 76.03, 12.316 ], [ 76.026, 12.329 ], [ 76.013, 12.331 ], [ 76.009, 12.344 ], [ 75.997, 12.346 ], [ 75.993, 12.359 ], [ 75.981, 12.361 ], [ 75.977, 12.373 ], [ 75.985, 12.383 ], [ 75.981, 12.396 ], [ 75.969, 12.398 ], [ 75.96, 12.388 ], [ 75.948, 12.391 ], [ 75.944, 12.403 ], [ 75.932, 12.406 ], [ 75.928, 12.418 ], [ 75.936, 12.428 ], [ 75.932, 12.44 ], [ 75.92, 12.443 ], [ 75.916, 12.455 ], [ 75.904, 12.458 ], [ 75.9, 12.47 ], [ 75.908, 12.48 ], [ 75.904, 12.492 ], [ 75.912, 12.502 ], [ 75.908, 12.514 ], [ 75.917, 12.524 ], [ 75.929, 12.522 ], [ 75.937, 12.532 ], [ 75.95, 12.529 ], [ 75.958, 12.539 ], [ 75.954, 12.551 ], [ 75.962, 12.561 ], [ 75.958, 12.574 ], [ 75.967, 12.584 ], [ 75.963, 12.596 ], [ 75.971, 12.606 ], [ 75.967, 12.618 ], [ 75.955, 12.621 ], [ 75.951, 12.633 ], [ 75.959, 12.643 ], [ 75.955, 12.655 ], [ 75.964, 12.665 ], [ 75.96, 12.677 ], [ 75.968, 12.687 ], [ 75.964, 12.7 ], [ 75.972, 12.71 ], [ 75.968, 12.722 ], [ 75.956, 12.724 ], [ 75.952, 12.737 ], [ 75.96, 12.747 ], [ 75.956, 12.759 ], [ 75.965, 12.769 ], [ 75.961, 12.781 ], [ 75.969, 12.791 ], [ 75.965, 12.803 ], [ 75.974, 12.813 ], [ 75.97, 12.826 ], [ 75.978, 12.836 ], [ 75.974, 12.848 ], [ 75.962, 12.85 ], [ 75.958, 12.863 ], [ 75.966, 12.873 ], [ 75.962, 12.885 ], [ 75.95, 12.887 ], [ 75.946, 12.9 ], [ 75.933, 12.902 ], [ 75.929, 12.915 ], [ 75.917, 12.917 ], [ 75.913, 12.929 ], [ 75.901, 12.932 ], [ 75.897, 12.944 ], [ 75.884, 12.947 ], [ 75.88, 12.959 ], [ 75.889, 12.969 ], [ 75.885, 12.981 ], [ 75.893, 12.991 ], [ 75.905, 12.989 ], [ 75.914, 12.999 ], [ 75.91, 13.011 ], [ 75.897, 13.013 ], [ 75.893, 13.026 ], [ 75.902, 13.036 ], [ 75.898, 13.048 ], [ 75.885, 13.05 ], [ 75.881, 13.063 ], [ 75.869, 13.065 ], [ 75.865, 13.077 ], [ 75.853, 13.08 ], [ 75.849, 13.092 ], [ 75.857, 13.102 ], [ 75.853, 13.114 ], [ 75.841, 13.117 ], [ 75.837, 13.129 ], [ 75.824, 13.131 ], [ 75.82, 13.144 ], [ 75.808, 13.146 ], [ 75.804, 13.159 ], [ 75.792, 13.161 ], [ 75.788, 13.173 ], [ 75.775, 13.176 ], [ 75.771, 13.188 ], [ 75.78, 13.198 ], [ 75.776, 13.21 ], [ 75.763, 13.213 ], [ 75.759, 13.225 ], [ 75.747, 13.227 ], [ 75.743, 13.24 ], [ 75.751, 13.25 ], [ 75.747, 13.262 ], [ 75.756, 13.272 ], [ 75.752, 13.284 ], [ 75.739, 13.286 ], [ 75.735, 13.299 ], [ 75.744, 13.309 ], [ 75.74, 13.321 ], [ 75.748, 13.331 ], [ 75.76, 13.328 ], [ 75.769, 13.338 ], [ 75.781, 13.336 ], [ 75.79, 13.346 ], [ 75.802, 13.344 ], [ 75.806, 13.331 ], [ 75.818, 13.329 ], [ 75.822, 13.316 ], [ 75.835, 13.314 ], [ 75.839, 13.302 ], [ 75.851, 13.299 ], [ 75.855, 13.287 ], [ 75.867, 13.285 ], [ 75.871, 13.272 ], [ 75.884, 13.27 ], [ 75.892, 13.28 ], [ 75.904, 13.277 ], [ 75.913, 13.287 ], [ 75.925, 13.285 ], [ 75.929, 13.273 ], [ 75.942, 13.27 ], [ 75.95, 13.28 ], [ 75.946, 13.292 ], [ 75.954, 13.302 ], [ 75.967, 13.3 ], [ 75.975, 13.31 ], [ 75.971, 13.322 ], [ 75.979, 13.332 ], [ 75.975, 13.344 ], [ 75.963, 13.347 ], [ 75.959, 13.359 ], [ 75.947, 13.362 ], [ 75.938, 13.352 ], [ 75.926, 13.354 ], [ 75.918, 13.344 ], [ 75.905, 13.347 ], [ 75.897, 13.337 ], [ 75.884, 13.339 ], [ 75.88, 13.351 ], [ 75.868, 13.354 ], [ 75.864, 13.366 ], [ 75.872, 13.376 ], [ 75.868, 13.388 ], [ 75.877, 13.398 ], [ 75.873, 13.411 ], [ 75.881, 13.42 ], [ 75.894, 13.418 ], [ 75.898, 13.406 ], [ 75.91, 13.403 ], [ 75.918, 13.413 ], [ 75.931, 13.411 ], [ 75.939, 13.421 ], [ 75.951, 13.418 ], [ 75.96, 13.428 ], [ 75.956, 13.441 ], [ 75.964, 13.451 ], [ 75.96, 13.463 ], [ 75.948, 13.465 ], [ 75.939, 13.455 ], [ 75.927, 13.458 ], [ 75.923, 13.47 ], [ 75.911, 13.472 ], [ 75.907, 13.485 ], [ 75.915, 13.495 ], [ 75.911, 13.507 ], [ 75.92, 13.517 ], [ 75.916, 13.529 ], [ 75.924, 13.539 ], [ 75.936, 13.537 ], [ 75.945, 13.547 ], [ 75.957, 13.544 ], [ 75.965, 13.554 ], [ 75.978, 13.552 ], [ 75.986, 13.562 ], [ 75.982, 13.574 ], [ 75.97, 13.576 ], [ 75.966, 13.589 ], [ 75.953, 13.591 ], [ 75.945, 13.581 ], [ 75.933, 13.584 ], [ 75.929, 13.596 ], [ 75.916, 13.598 ], [ 75.908, 13.588 ], [ 75.896, 13.591 ], [ 75.892, 13.603 ], [ 75.9, 13.613 ], [ 75.896, 13.625 ], [ 75.904, 13.635 ], [ 75.9, 13.648 ], [ 75.909, 13.657 ], [ 75.905, 13.67 ], [ 75.913, 13.68 ], [ 75.909, 13.692 ], [ 75.897, 13.694 ], [ 75.888, 13.684 ], [ 75.876, 13.687 ], [ 75.868, 13.677 ], [ 75.855, 13.679 ], [ 75.847, 13.669 ], [ 75.851, 13.657 ], [ 75.842, 13.647 ], [ 75.83, 13.649 ], [ 75.822, 13.64 ], [ 75.826, 13.627 ], [ 75.838, 13.625 ], [ 75.842, 13.613 ], [ 75.834, 13.603 ], [ 75.838, 13.59 ], [ 75.829, 13.58 ], [ 75.817, 13.583 ], [ 75.813, 13.595 ], [ 75.8, 13.597 ], [ 75.792, 13.588 ], [ 75.78, 13.59 ], [ 75.776, 13.602 ], [ 75.784, 13.612 ], [ 75.796, 13.61 ], [ 75.805, 13.62 ], [ 75.801, 13.632 ], [ 75.809, 13.642 ], [ 75.805, 13.654 ], [ 75.814, 13.664 ], [ 75.81, 13.676 ], [ 75.797, 13.679 ], [ 75.789, 13.669 ], [ 75.776, 13.671 ], [ 75.768, 13.661 ], [ 75.756, 13.664 ], [ 75.747, 13.654 ], [ 75.735, 13.656 ], [ 75.731, 13.668 ], [ 75.719, 13.671 ], [ 75.71, 13.661 ], [ 75.698, 13.663 ], [ 75.69, 13.653 ], [ 75.677, 13.656 ], [ 75.673, 13.668 ], [ 75.682, 13.678 ], [ 75.694, 13.676 ], [ 75.702, 13.685 ], [ 75.715, 13.683 ], [ 75.723, 13.693 ], [ 75.719, 13.705 ], [ 75.727, 13.715 ], [ 75.74, 13.713 ], [ 75.748, 13.723 ], [ 75.744, 13.735 ], [ 75.752, 13.745 ], [ 75.765, 13.743 ], [ 75.773, 13.753 ], [ 75.786, 13.75 ], [ 75.794, 13.76 ], [ 75.806, 13.758 ], [ 75.815, 13.768 ], [ 75.827, 13.765 ], [ 75.836, 13.775 ], [ 75.848, 13.773 ], [ 75.852, 13.761 ], [ 75.864, 13.758 ], [ 75.868, 13.746 ], [ 75.881, 13.744 ], [ 75.889, 13.753 ], [ 75.901, 13.751 ], [ 75.905, 13.739 ], [ 75.918, 13.736 ], [ 75.926, 13.746 ], [ 75.939, 13.744 ], [ 75.943, 13.732 ], [ 75.955, 13.729 ], [ 75.963, 13.739 ], [ 75.959, 13.752 ], [ 75.968, 13.761 ], [ 75.964, 13.774 ], [ 75.972, 13.784 ], [ 75.968, 13.796 ], [ 75.956, 13.798 ], [ 75.952, 13.811 ], [ 75.939, 13.813 ], [ 75.935, 13.825 ], [ 75.944, 13.835 ], [ 75.94, 13.848 ], [ 75.927, 13.85 ], [ 75.923, 13.862 ], [ 75.932, 13.872 ], [ 75.944, 13.87 ], [ 75.953, 13.88 ], [ 75.965, 13.877 ], [ 75.973, 13.887 ], [ 75.969, 13.9 ], [ 75.978, 13.91 ], [ 75.974, 13.922 ], [ 75.982, 13.932 ], [ 75.978, 13.944 ], [ 75.966, 13.946 ], [ 75.962, 13.959 ], [ 75.949, 13.961 ], [ 75.945, 13.973 ], [ 75.933, 13.976 ], [ 75.929, 13.988 ], [ 75.917, 13.99 ], [ 75.908, 13.98 ], [ 75.896, 13.983 ], [ 75.892, 13.995 ], [ 75.879, 13.997 ], [ 75.871, 13.988 ], [ 75.859, 13.99 ], [ 75.85, 13.98 ], [ 75.838, 13.982 ], [ 75.834, 13.995 ], [ 75.821, 13.997 ], [ 75.813, 13.987 ], [ 75.801, 13.989 ], [ 75.797, 14.002 ], [ 75.805, 14.012 ], [ 75.801, 14.024 ], [ 75.789, 14.026 ], [ 75.785, 14.038 ], [ 75.772, 14.041 ], [ 75.768, 14.053 ], [ 75.756, 14.055 ], [ 75.752, 14.068 ], [ 75.739, 14.07 ], [ 75.731, 14.06 ], [ 75.719, 14.062 ], [ 75.71, 14.052 ], [ 75.714, 14.04 ], [ 75.706, 14.03 ], [ 75.71, 14.018 ], [ 75.722, 14.016 ], [ 75.726, 14.003 ], [ 75.739, 14.001 ], [ 75.743, 13.989 ], [ 75.755, 13.986 ], [ 75.759, 13.974 ], [ 75.771, 13.972 ], [ 75.775, 13.959 ], [ 75.767, 13.95 ], [ 75.755, 13.952 ], [ 75.751, 13.964 ], [ 75.738, 13.967 ], [ 75.734, 13.979 ], [ 75.722, 13.981 ], [ 75.714, 13.971 ], [ 75.701, 13.974 ], [ 75.697, 13.986 ], [ 75.685, 13.988 ], [ 75.676, 13.978 ], [ 75.664, 13.981 ], [ 75.656, 13.971 ], [ 75.66, 13.958 ], [ 75.651, 13.948 ], [ 75.639, 13.951 ], [ 75.631, 13.941 ], [ 75.618, 13.943 ], [ 75.61, 13.933 ], [ 75.598, 13.936 ], [ 75.589, 13.926 ], [ 75.593, 13.913 ], [ 75.585, 13.903 ], [ 75.573, 13.906 ], [ 75.564, 13.896 ], [ 75.568, 13.884 ], [ 75.56, 13.874 ], [ 75.547, 13.876 ], [ 75.539, 13.866 ], [ 75.527, 13.868 ], [ 75.518, 13.859 ], [ 75.506, 13.861 ], [ 75.502, 13.873 ], [ 75.49, 13.875 ], [ 75.481, 13.866 ], [ 75.469, 13.868 ], [ 75.465, 13.88 ], [ 75.473, 13.89 ], [ 75.486, 13.888 ], [ 75.494, 13.898 ], [ 75.49, 13.91 ], [ 75.498, 13.92 ], [ 75.511, 13.917 ], [ 75.519, 13.927 ], [ 75.515, 13.94 ], [ 75.523, 13.95 ], [ 75.519, 13.962 ], [ 75.507, 13.964 ], [ 75.503, 13.976 ], [ 75.491, 13.979 ], [ 75.487, 13.991 ], [ 75.474, 13.993 ], [ 75.47, 14.006 ], [ 75.458, 14.008 ], [ 75.45, 13.998 ], [ 75.454, 13.986 ], [ 75.445, 13.976 ], [ 75.433, 13.978 ], [ 75.425, 13.968 ], [ 75.412, 13.97 ], [ 75.404, 13.961 ], [ 75.392, 13.963 ], [ 75.383, 13.953 ], [ 75.371, 13.955 ], [ 75.367, 13.968 ], [ 75.355, 13.97 ], [ 75.351, 13.982 ], [ 75.359, 13.992 ], [ 75.355, 14.004 ], [ 75.363, 14.014 ], [ 75.376, 14.012 ], [ 75.384, 14.022 ], [ 75.38, 14.034 ], [ 75.388, 14.044 ], [ 75.401, 14.042 ], [ 75.409, 14.052 ], [ 75.405, 14.064 ], [ 75.413, 14.074 ], [ 75.426, 14.071 ], [ 75.43, 14.059 ], [ 75.442, 14.057 ], [ 75.45, 14.067 ], [ 75.463, 14.064 ], [ 75.471, 14.074 ], [ 75.467, 14.087 ], [ 75.475, 14.097 ], [ 75.471, 14.109 ], [ 75.459, 14.111 ], [ 75.455, 14.123 ], [ 75.443, 14.126 ], [ 75.439, 14.138 ], [ 75.426, 14.14 ], [ 75.422, 14.152 ], [ 75.41, 14.155 ], [ 75.406, 14.167 ], [ 75.394, 14.169 ], [ 75.385, 14.159 ], [ 75.373, 14.162 ], [ 75.365, 14.152 ], [ 75.352, 14.154 ], [ 75.344, 14.144 ], [ 75.332, 14.146 ], [ 75.328, 14.159 ], [ 75.315, 14.161 ], [ 75.307, 14.151 ], [ 75.295, 14.153 ], [ 75.287, 14.143 ], [ 75.274, 14.146 ], [ 75.266, 14.136 ], [ 75.254, 14.138 ], [ 75.245, 14.128 ], [ 75.233, 14.13 ], [ 75.225, 14.12 ], [ 75.212, 14.123 ], [ 75.208, 14.135 ], [ 75.217, 14.145 ], [ 75.213, 14.157 ], [ 75.2, 14.159 ], [ 75.196, 14.172 ], [ 75.205, 14.182 ], [ 75.217, 14.179 ], [ 75.225, 14.189 ], [ 75.238, 14.187 ], [ 75.246, 14.197 ], [ 75.242, 14.209 ], [ 75.23, 14.211 ], [ 75.226, 14.224 ], [ 75.213, 14.226 ], [ 75.209, 14.238 ], [ 75.218, 14.248 ], [ 75.214, 14.26 ], [ 75.222, 14.27 ], [ 75.218, 14.282 ], [ 75.226, 14.292 ], [ 75.222, 14.304 ], [ 75.21, 14.307 ], [ 75.206, 14.319 ], [ 75.194, 14.321 ], [ 75.185, 14.311 ], [ 75.173, 14.314 ], [ 75.165, 14.304 ], [ 75.152, 14.306 ], [ 75.148, 14.318 ], [ 75.136, 14.32 ], [ 75.132, 14.333 ], [ 75.12, 14.335 ], [ 75.116, 14.347 ], [ 75.103, 14.349 ], [ 75.099, 14.361 ], [ 75.108, 14.371 ], [ 75.104, 14.384 ], [ 75.091, 14.386 ], [ 75.087, 14.398 ], [ 75.096, 14.408 ], [ 75.108, 14.406 ], [ 75.116, 14.416 ], [ 75.112, 14.428 ], [ 75.1, 14.43 ], [ 75.096, 14.442 ], [ 75.104, 14.452 ], [ 75.1, 14.464 ], [ 75.088, 14.467 ], [ 75.084, 14.479 ], [ 75.072, 14.481 ], [ 75.068, 14.493 ], [ 75.055, 14.496 ], [ 75.047, 14.486 ], [ 75.035, 14.488 ], [ 75.031, 14.5 ], [ 75.039, 14.51 ], [ 75.051, 14.508 ], [ 75.06, 14.518 ], [ 75.056, 14.53 ], [ 75.064, 14.54 ], [ 75.076, 14.537 ], [ 75.085, 14.547 ], [ 75.081, 14.56 ], [ 75.089, 14.57 ], [ 75.085, 14.582 ], [ 75.093, 14.592 ], [ 75.105, 14.589 ], [ 75.114, 14.599 ], [ 75.11, 14.612 ], [ 75.118, 14.621 ], [ 75.114, 14.634 ], [ 75.102, 14.636 ], [ 75.098, 14.648 ], [ 75.106, 14.658 ], [ 75.118, 14.656 ], [ 75.127, 14.666 ], [ 75.139, 14.663 ], [ 75.143, 14.651 ], [ 75.155, 14.649 ], [ 75.159, 14.637 ], [ 75.172, 14.635 ], [ 75.176, 14.622 ], [ 75.188, 14.62 ], [ 75.196, 14.63 ], [ 75.192, 14.642 ], [ 75.201, 14.652 ], [ 75.197, 14.664 ], [ 75.184, 14.667 ], [ 75.18, 14.679 ], [ 75.168, 14.681 ], [ 75.164, 14.693 ], [ 75.152, 14.695 ], [ 75.148, 14.708 ], [ 75.135, 14.71 ], [ 75.127, 14.7 ], [ 75.115, 14.702 ], [ 75.111, 14.714 ], [ 75.119, 14.724 ], [ 75.115, 14.736 ], [ 75.123, 14.746 ], [ 75.119, 14.759 ], [ 75.128, 14.769 ], [ 75.124, 14.781 ], [ 75.111, 14.783 ], [ 75.107, 14.795 ], [ 75.095, 14.797 ], [ 75.091, 14.81 ], [ 75.099, 14.819 ], [ 75.095, 14.832 ], [ 75.104, 14.842 ], [ 75.1, 14.854 ], [ 75.108, 14.864 ], [ 75.104, 14.876 ], [ 75.112, 14.886 ], [ 75.108, 14.898 ], [ 75.116, 14.908 ], [ 75.129, 14.906 ], [ 75.137, 14.916 ], [ 75.149, 14.913 ], [ 75.158, 14.923 ], [ 75.154, 14.935 ], [ 75.162, 14.945 ], [ 75.174, 14.943 ], [ 75.183, 14.953 ], [ 75.179, 14.965 ], [ 75.166, 14.968 ], [ 75.162, 14.98 ], [ 75.171, 14.99 ], [ 75.167, 15.002 ], [ 75.154, 15.004 ], [ 75.15, 15.016 ], [ 75.138, 15.018 ], [ 75.134, 15.031 ], [ 75.142, 15.04 ], [ 75.155, 15.038 ], [ 75.163, 15.048 ], [ 75.159, 15.06 ], [ 75.167, 15.07 ], [ 75.163, 15.082 ], [ 75.151, 15.085 ], [ 75.147, 15.097 ], [ 75.155, 15.107 ], [ 75.151, 15.119 ], [ 75.139, 15.121 ], [ 75.135, 15.133 ], [ 75.123, 15.136 ], [ 75.114, 15.126 ], [ 75.102, 15.128 ], [ 75.098, 15.14 ], [ 75.086, 15.142 ], [ 75.082, 15.154 ], [ 75.069, 15.156 ], [ 75.061, 15.147 ], [ 75.049, 15.149 ], [ 75.04, 15.139 ], [ 75.028, 15.141 ], [ 75.02, 15.131 ], [ 75.007, 15.133 ], [ 74.999, 15.123 ], [ 74.987, 15.125 ], [ 74.983, 15.138 ], [ 74.97, 15.14 ], [ 74.966, 15.152 ], [ 74.975, 15.162 ], [ 74.971, 15.174 ], [ 74.979, 15.184 ], [ 74.975, 15.196 ], [ 74.983, 15.206 ], [ 74.979, 15.218 ], [ 74.988, 15.228 ], [ 74.984, 15.24 ], [ 74.992, 15.25 ], [ 74.988, 15.262 ], [ 74.996, 15.272 ], [ 74.992, 15.284 ], [ 74.98, 15.287 ], [ 74.976, 15.299 ], [ 74.984, 15.309 ], [ 74.98, 15.321 ], [ 74.968, 15.323 ], [ 74.964, 15.335 ], [ 74.972, 15.345 ], [ 74.968, 15.357 ], [ 74.976, 15.367 ], [ 74.972, 15.379 ], [ 74.96, 15.381 ], [ 74.956, 15.394 ], [ 74.944, 15.396 ], [ 74.94, 15.408 ], [ 74.948, 15.418 ], [ 74.944, 15.43 ], [ 74.932, 15.432 ], [ 74.928, 15.444 ], [ 74.936, 15.454 ], [ 74.932, 15.466 ], [ 74.94, 15.476 ], [ 74.936, 15.488 ], [ 74.924, 15.49 ], [ 74.92, 15.503 ], [ 74.928, 15.513 ], [ 74.924, 15.525 ], [ 74.912, 15.527 ], [ 74.908, 15.539 ], [ 74.895, 15.541 ], [ 74.891, 15.553 ], [ 74.879, 15.555 ], [ 74.871, 15.545 ], [ 74.859, 15.547 ], [ 74.855, 15.56 ], [ 74.842, 15.562 ], [ 74.838, 15.574 ], [ 74.826, 15.576 ], [ 74.818, 15.566 ], [ 74.805, 15.568 ], [ 74.801, 15.58 ], [ 74.789, 15.582 ], [ 74.781, 15.572 ], [ 74.768, 15.575 ], [ 74.76, 15.565 ], [ 74.748, 15.567 ], [ 74.74, 15.557 ], [ 74.727, 15.559 ], [ 74.723, 15.571 ], [ 74.711, 15.573 ], [ 74.703, 15.563 ], [ 74.69, 15.565 ], [ 74.682, 15.555 ], [ 74.67, 15.558 ], [ 74.662, 15.548 ], [ 74.649, 15.55 ], [ 74.641, 15.54 ], [ 74.629, 15.542 ], [ 74.62, 15.532 ], [ 74.608, 15.534 ], [ 74.604, 15.546 ], [ 74.592, 15.548 ], [ 74.588, 15.56 ], [ 74.596, 15.57 ], [ 74.592, 15.582 ], [ 74.6, 15.592 ], [ 74.596, 15.604 ], [ 74.605, 15.614 ], [ 74.601, 15.626 ], [ 74.609, 15.636 ], [ 74.605, 15.648 ], [ 74.593, 15.651 ], [ 74.589, 15.663 ], [ 74.576, 15.665 ], [ 74.572, 15.677 ], [ 74.581, 15.687 ], [ 74.577, 15.699 ], [ 74.564, 15.701 ], [ 74.56, 15.713 ], [ 74.548, 15.715 ], [ 74.544, 15.727 ], [ 74.532, 15.729 ], [ 74.523, 15.719 ], [ 74.511, 15.721 ], [ 74.507, 15.734 ], [ 74.495, 15.736 ], [ 74.487, 15.726 ], [ 74.474, 15.728 ], [ 74.466, 15.718 ], [ 74.454, 15.72 ], [ 74.446, 15.71 ], [ 74.433, 15.712 ], [ 74.429, 15.724 ], [ 74.417, 15.726 ], [ 74.413, 15.738 ], [ 74.421, 15.748 ], [ 74.417, 15.76 ], [ 74.426, 15.77 ], [ 74.422, 15.782 ], [ 74.43, 15.792 ], [ 74.426, 15.804 ], [ 74.434, 15.814 ], [ 74.43, 15.826 ], [ 74.418, 15.828 ], [ 74.41, 15.818 ], [ 74.414, 15.806 ], [ 74.405, 15.796 ], [ 74.393, 15.799 ], [ 74.385, 15.789 ], [ 74.389, 15.777 ], [ 74.381, 15.767 ], [ 74.385, 15.755 ], [ 74.376, 15.745 ], [ 74.364, 15.747 ], [ 74.36, 15.759 ], [ 74.348, 15.761 ], [ 74.344, 15.773 ], [ 74.332, 15.775 ], [ 74.323, 15.765 ], [ 74.311, 15.767 ], [ 74.303, 15.757 ], [ 74.307, 15.745 ], [ 74.299, 15.735 ], [ 74.287, 15.737 ], [ 74.283, 15.749 ], [ 74.27, 15.751 ], [ 74.262, 15.742 ], [ 74.25, 15.744 ], [ 74.246, 15.756 ], [ 74.234, 15.758 ], [ 74.23, 15.77 ], [ 74.238, 15.78 ], [ 74.234, 15.792 ], [ 74.222, 15.794 ], [ 74.213, 15.784 ], [ 74.217, 15.772 ], [ 74.209, 15.762 ], [ 74.197, 15.764 ], [ 74.189, 15.754 ], [ 74.177, 15.756 ], [ 74.168, 15.746 ], [ 74.156, 15.748 ], [ 74.148, 15.738 ], [ 74.136, 15.74 ], [ 74.128, 15.73 ], [ 74.132, 15.718 ], [ 74.123, 15.709 ], [ 74.127, 15.697 ], [ 74.119, 15.687 ], [ 74.123, 15.675 ], [ 74.115, 15.665 ], [ 74.119, 15.653 ], [ 74.131, 15.651 ], [ 74.139, 15.66 ], [ 74.152, 15.658 ], [ 74.16, 15.668 ], [ 74.172, 15.666 ], [ 74.18, 15.676 ], [ 74.192, 15.674 ], [ 74.196, 15.662 ], [ 74.209, 15.66 ], [ 74.217, 15.67 ], [ 74.229, 15.668 ], [ 74.233, 15.656 ], [ 74.245, 15.654 ], [ 74.249, 15.642 ], [ 74.241, 15.632 ], [ 74.245, 15.62 ], [ 74.257, 15.618 ], [ 74.261, 15.605 ], [ 74.253, 15.596 ], [ 74.257, 15.584 ], [ 74.249, 15.574 ], [ 74.253, 15.562 ], [ 74.265, 15.559 ], [ 74.269, 15.547 ], [ 74.281, 15.545 ], [ 74.285, 15.533 ], [ 74.277, 15.523 ], [ 74.281, 15.511 ], [ 74.273, 15.501 ], [ 74.261, 15.503 ], [ 74.253, 15.493 ], [ 74.257, 15.481 ], [ 74.269, 15.479 ], [ 74.273, 15.467 ], [ 74.265, 15.457 ], [ 74.269, 15.445 ], [ 74.281, 15.443 ], [ 74.285, 15.431 ], [ 74.277, 15.421 ], [ 74.281, 15.409 ], [ 74.272, 15.399 ], [ 74.276, 15.387 ], [ 74.289, 15.385 ], [ 74.293, 15.373 ], [ 74.305, 15.371 ], [ 74.309, 15.359 ], [ 74.321, 15.357 ], [ 74.325, 15.345 ], [ 74.317, 15.335 ], [ 74.321, 15.323 ], [ 74.333, 15.32 ], [ 74.337, 15.308 ], [ 74.329, 15.299 ], [ 74.333, 15.286 ], [ 74.325, 15.277 ], [ 74.312, 15.279 ], [ 74.308, 15.291 ], [ 74.296, 15.293 ], [ 74.288, 15.283 ], [ 74.276, 15.285 ], [ 74.268, 15.275 ], [ 74.272, 15.263 ], [ 74.263, 15.253 ], [ 74.267, 15.241 ], [ 74.28, 15.239 ], [ 74.284, 15.227 ], [ 74.296, 15.225 ], [ 74.3, 15.213 ], [ 74.312, 15.211 ], [ 74.316, 15.198 ], [ 74.308, 15.189 ], [ 74.312, 15.176 ], [ 74.304, 15.167 ], [ 74.308, 15.154 ], [ 74.299, 15.145 ], [ 74.287, 15.147 ], [ 74.279, 15.137 ], [ 74.283, 15.125 ], [ 74.275, 15.115 ], [ 74.279, 15.103 ], [ 74.271, 15.093 ], [ 74.275, 15.081 ], [ 74.287, 15.079 ], [ 74.291, 15.066 ], [ 74.283, 15.057 ], [ 74.287, 15.044 ], [ 74.278, 15.035 ], [ 74.282, 15.022 ], [ 74.274, 15.013 ], [ 74.262, 15.015 ], [ 74.254, 15.005 ], [ 74.258, 14.993 ], [ 74.27, 14.991 ], [ 74.274, 14.978 ], [ 74.266, 14.969 ], [ 74.254, 14.971 ], [ 74.245, 14.961 ], [ 74.233, 14.963 ], [ 74.225, 14.953 ], [ 74.229, 14.941 ], [ 74.221, 14.931 ], [ 74.209, 14.933 ], [ 74.205, 14.945 ], [ 74.192, 14.947 ], [ 74.188, 14.96 ], [ 74.176, 14.962 ], [ 74.168, 14.952 ], [ 74.172, 14.94 ], [ 74.164, 14.93 ], [ 74.168, 14.918 ], [ 74.16, 14.908 ], [ 74.148, 14.91 ], [ 74.139, 14.9 ], [ 74.143, 14.888 ], [ 74.156, 14.886 ], [ 74.164, 14.896 ], [ 74.176, 14.894 ], [ 74.184, 14.903 ], [ 74.196, 14.901 ], [ 74.2, 14.889 ], [ 74.212, 14.887 ], [ 74.221, 14.897 ], [ 74.233, 14.895 ], [ 74.241, 14.905 ], [ 74.253, 14.903 ], [ 74.257, 14.89 ], [ 74.249, 14.881 ], [ 74.253, 14.868 ], [ 74.245, 14.859 ], [ 74.233, 14.861 ], [ 74.224, 14.851 ], [ 74.212, 14.853 ], [ 74.208, 14.865 ], [ 74.196, 14.867 ], [ 74.188, 14.857 ], [ 74.192, 14.845 ], [ 74.184, 14.835 ], [ 74.172, 14.837 ], [ 74.163, 14.828 ], [ 74.151, 14.83 ], [ 74.143, 14.82 ], [ 74.131, 14.822 ], [ 74.123, 14.812 ], [ 74.127, 14.8 ], [ 74.119, 14.79 ], [ 74.123, 14.778 ], [ 74.135, 14.776 ], [ 74.139, 14.764 ], [ 74.151, 14.762 ], [ 74.159, 14.772 ], [ 74.171, 14.769 ], [ 74.175, 14.757 ], [ 74.167, 14.747 ], [ 74.171, 14.735 ], [ 74.183, 14.733 ], [ 74.187, 14.721 ], [ 74.199, 14.719 ], [ 74.208, 14.729 ], [ 74.22, 14.727 ], [ 74.228, 14.736 ], [ 74.24, 14.734 ], [ 74.248, 14.744 ], [ 74.26, 14.742 ], [ 74.264, 14.73 ], [ 74.277, 14.728 ], [ 74.281, 14.716 ], [ 74.293, 14.714 ], [ 74.301, 14.723 ], [ 74.313, 14.721 ], [ 74.317, 14.709 ], [ 74.309, 14.699 ], [ 74.313, 14.687 ], [ 74.325, 14.685 ], [ 74.329, 14.673 ], [ 74.321, 14.663 ], [ 74.325, 14.651 ], [ 74.337, 14.649 ], [ 74.341, 14.637 ], [ 74.353, 14.634 ], [ 74.357, 14.622 ], [ 74.349, 14.612 ], [ 74.353, 14.6 ], [ 74.365, 14.598 ], [ 74.369, 14.586 ], [ 74.382, 14.584 ], [ 74.386, 14.572 ], [ 74.377, 14.562 ], [ 74.381, 14.55 ], [ 74.394, 14.547 ], [ 74.398, 14.535 ], [ 74.41, 14.533 ], [ 74.414, 14.521 ], [ 74.406, 14.511 ], [ 74.41, 14.499 ], [ 74.422, 14.497 ], [ 74.426, 14.485 ], [ 74.438, 14.482 ], [ 74.442, 14.47 ], [ 74.454, 14.468 ], [ 74.462, 14.478 ], [ 74.475, 14.476 ], [ 74.479, 14.464 ], [ 74.491, 14.461 ], [ 74.495, 14.449 ], [ 74.507, 14.447 ], [ 74.511, 14.435 ], [ 74.523, 14.433 ], [ 74.527, 14.421 ], [ 74.519, 14.411 ], [ 74.523, 14.399 ], [ 74.515, 14.389 ], [ 74.502, 14.391 ], [ 74.494, 14.381 ], [ 74.498, 14.369 ], [ 74.49, 14.359 ], [ 74.494, 14.347 ], [ 74.486, 14.337 ], [ 74.49, 14.325 ], [ 74.502, 14.322 ], [ 74.506, 14.31 ], [ 74.518, 14.308 ], [ 74.522, 14.296 ], [ 74.514, 14.286 ], [ 74.518, 14.274 ], [ 74.53, 14.272 ], [ 74.534, 14.26 ], [ 74.526, 14.25 ], [ 74.53, 14.237 ], [ 74.542, 14.235 ], [ 74.546, 14.223 ], [ 74.538, 14.213 ], [ 74.526, 14.215 ], [ 74.522, 14.228 ], [ 74.51, 14.23 ], [ 74.501, 14.22 ], [ 74.489, 14.222 ], [ 74.481, 14.212 ], [ 74.485, 14.2 ], [ 74.497, 14.198 ], [ 74.501, 14.186 ], [ 74.513, 14.183 ], [ 74.517, 14.171 ], [ 74.509, 14.161 ], [ 74.513, 14.149 ], [ 74.505, 14.139 ], [ 74.509, 14.127 ], [ 74.501, 14.117 ], [ 74.505, 14.105 ], [ 74.517, 14.103 ], [ 74.525, 14.113 ], [ 74.537, 14.111 ], [ 74.541, 14.098 ], [ 74.553, 14.096 ], [ 74.557, 14.084 ], [ 74.57, 14.082 ], [ 74.574, 14.07 ], [ 74.565, 14.06 ], [ 74.569, 14.048 ], [ 74.582, 14.045 ], [ 74.586, 14.033 ], [ 74.598, 14.031 ], [ 74.606, 14.041 ], [ 74.618, 14.039 ], [ 74.622, 14.026 ], [ 74.635, 14.024 ], [ 74.638, 14.012 ], [ 74.63, 14.002 ], [ 74.634, 13.99 ], [ 74.646, 13.988 ], [ 74.65, 13.975 ], [ 74.642, 13.966 ], [ 74.646, 13.953 ], [ 74.638, 13.943 ], [ 74.642, 13.931 ], [ 74.654, 13.929 ], [ 74.658, 13.917 ], [ 74.67, 13.915 ], [ 74.674, 13.902 ], [ 74.666, 13.892 ], [ 74.67, 13.88 ], [ 74.682, 13.878 ], [ 74.686, 13.866 ], [ 74.699, 13.864 ], [ 74.703, 13.851 ], [ 74.694, 13.841 ], [ 74.698, 13.829 ], [ 74.711, 13.827 ], [ 74.719, 13.837 ], [ 74.731, 13.835 ], [ 74.735, 13.822 ], [ 74.747, 13.82 ], [ 74.751, 13.808 ], [ 74.763, 13.806 ], [ 74.772, 13.816 ], [ 74.784, 13.813 ], [ 74.788, 13.801 ], [ 74.8, 13.799 ], [ 74.804, 13.787 ], [ 74.816, 13.784 ], [ 74.82, 13.772 ], [ 74.812, 13.762 ], [ 74.816, 13.75 ], [ 74.828, 13.748 ], [ 74.832, 13.736 ], [ 74.845, 13.733 ], [ 74.849, 13.721 ], [ 74.861, 13.719 ], [ 74.869, 13.729 ], [ 74.881, 13.726 ], [ 74.885, 13.714 ], [ 74.897, 13.712 ], [ 74.901, 13.7 ], [ 74.914, 13.697 ], [ 74.918, 13.685 ], [ 74.93, 13.683 ], [ 74.934, 13.671 ], [ 74.926, 13.661 ], [ 74.93, 13.648 ], [ 74.942, 13.646 ], [ 74.946, 13.634 ], [ 74.938, 13.624 ], [ 74.942, 13.612 ], [ 74.954, 13.609 ], [ 74.958, 13.597 ], [ 74.95, 13.587 ], [ 74.954, 13.575 ], [ 74.966, 13.573 ], [ 74.97, 13.561 ], [ 74.982, 13.558 ], [ 74.986, 13.546 ], [ 74.978, 13.536 ], [ 74.982, 13.524 ], [ 74.994, 13.522 ], [ 74.998, 13.509 ], [ 74.99, 13.499 ], [ 74.994, 13.487 ], [ 75.006, 13.485 ], [ 75.01, 13.473 ], [ 75.002, 13.463 ], [ 75.006, 13.451 ], [ 75.018, 13.448 ], [ 75.022, 13.436 ], [ 75.014, 13.426 ], [ 75.018, 13.414 ], [ 75.009, 13.404 ], [ 75.013, 13.392 ], [ 75.005, 13.382 ], [ 75.009, 13.37 ], [ 75.021, 13.367 ], [ 75.025, 13.355 ], [ 75.017, 13.345 ], [ 75.021, 13.333 ], [ 75.033, 13.331 ], [ 75.037, 13.318 ], [ 75.05, 13.316 ], [ 75.054, 13.304 ], [ 75.045, 13.294 ], [ 75.049, 13.282 ], [ 75.062, 13.279 ], [ 75.066, 13.267 ], [ 75.078, 13.265 ], [ 75.082, 13.252 ], [ 75.094, 13.25 ], [ 75.098, 13.238 ], [ 75.11, 13.235 ], [ 75.114, 13.223 ], [ 75.106, 13.213 ], [ 75.11, 13.201 ], [ 75.122, 13.199 ], [ 75.126, 13.186 ], [ 75.118, 13.177 ], [ 75.122, 13.164 ], [ 75.134, 13.162 ], [ 75.138, 13.15 ], [ 75.15, 13.147 ], [ 75.154, 13.135 ], [ 75.146, 13.125 ], [ 75.15, 13.113 ], [ 75.162, 13.111 ], [ 75.166, 13.098 ], [ 75.179, 13.096 ], [ 75.183, 13.084 ], [ 75.195, 13.081 ], [ 75.199, 13.069 ], [ 75.211, 13.067 ], [ 75.215, 13.054 ], [ 75.227, 13.052 ], [ 75.236, 13.062 ], [ 75.248, 13.059 ], [ 75.252, 13.047 ], [ 75.264, 13.045 ], [ 75.268, 13.033 ], [ 75.28, 13.03 ], [ 75.284, 13.018 ], [ 75.297, 13.016 ], [ 75.301, 13.003 ], [ 75.292, 12.993 ], [ 75.296, 12.981 ], [ 75.309, 12.979 ], [ 75.313, 12.966 ], [ 75.325, 12.964 ], [ 75.329, 12.952 ], [ 75.321, 12.942 ], [ 75.325, 12.93 ], [ 75.337, 12.927 ], [ 75.341, 12.915 ], [ 75.353, 12.912 ], [ 75.357, 12.9 ], [ 75.369, 12.898 ], [ 75.373, 12.885 ], [ 75.386, 12.883 ], [ 75.39, 12.871 ], [ 75.402, 12.868 ], [ 75.406, 12.856 ], [ 75.418, 12.854 ], [ 75.422, 12.841 ], [ 75.435, 12.839 ], [ 75.438, 12.827 ], [ 75.451, 12.824 ], [ 75.455, 12.812 ], [ 75.467, 12.81 ], [ 75.471, 12.797 ], [ 75.483, 12.795 ], [ 75.487, 12.783 ], [ 75.5, 12.78 ], [ 75.508, 12.79 ], [ 75.52, 12.788 ], [ 75.524, 12.775 ], [ 75.536, 12.773 ], [ 75.545, 12.783 ], [ 75.557, 12.78 ], [ 75.561, 12.768 ], [ 75.573, 12.766 ], [ 75.577, 12.753 ], [ 75.59, 12.751 ], [ 75.594, 12.738 ], [ 75.585, 12.729 ], [ 75.589, 12.716 ], [ 75.581, 12.706 ], [ 75.585, 12.694 ], [ 75.597, 12.692 ], [ 75.601, 12.679 ], [ 75.593, 12.669 ], [ 75.597, 12.657 ], [ 75.589, 12.647 ], [ 75.593, 12.635 ], [ 75.605, 12.632 ], [ 75.609, 12.62 ], [ 75.621, 12.618 ], [ 75.625, 12.605 ], [ 75.617, 12.596 ], [ 75.605, 12.598 ], [ 75.601, 12.61 ], [ 75.588, 12.613 ], [ 75.584, 12.625 ], [ 75.572, 12.627 ], [ 75.564, 12.618 ], [ 75.551, 12.62 ], [ 75.547, 12.632 ], [ 75.535, 12.635 ], [ 75.527, 12.625 ], [ 75.515, 12.627 ], [ 75.511, 12.64 ], [ 75.498, 12.642 ], [ 75.494, 12.654 ], [ 75.482, 12.657 ], [ 75.478, 12.669 ], [ 75.466, 12.672 ], [ 75.457, 12.662 ], [ 75.445, 12.664 ], [ 75.437, 12.654 ], [ 75.425, 12.657 ], [ 75.416, 12.647 ], [ 75.42, 12.635 ], [ 75.412, 12.625 ], [ 75.416, 12.612 ], [ 75.428, 12.61 ], [ 75.432, 12.598 ], [ 75.424, 12.588 ], [ 75.428, 12.575 ], [ 75.42, 12.566 ], [ 75.407, 12.568 ], [ 75.399, 12.558 ], [ 75.387, 12.561 ], [ 75.378, 12.551 ], [ 75.382, 12.538 ], [ 75.374, 12.528 ], [ 75.362, 12.531 ], [ 75.354, 12.521 ], [ 75.341, 12.523 ], [ 75.337, 12.536 ], [ 75.325, 12.538 ], [ 75.321, 12.551 ], [ 75.309, 12.553 ], [ 75.301, 12.543 ], [ 75.288, 12.546 ], [ 75.284, 12.558 ], [ 75.272, 12.56 ] ], [ [ 75.18, 14.186 ], [ 75.184, 14.174 ], [ 75.176, 14.164 ], [ 75.163, 14.166 ], [ 75.159, 14.178 ], [ 75.147, 14.181 ], [ 75.143, 14.193 ], [ 75.151, 14.203 ], [ 75.164, 14.201 ], [ 75.168, 14.188 ], [ 75.18, 14.186 ] ] ], [ [ [ 74.442, 16.346 ], [ 74.454, 16.344 ], [ 74.462, 16.354 ], [ 74.474, 16.352 ], [ 74.483, 16.362 ], [ 74.495, 16.36 ], [ 74.503, 16.37 ], [ 74.515, 16.368 ], [ 74.524, 16.378 ], [ 74.52, 16.39 ], [ 74.507, 16.392 ], [ 74.499, 16.382 ], [ 74.487, 16.384 ], [ 74.479, 16.374 ], [ 74.466, 16.376 ], [ 74.458, 16.366 ], [ 74.446, 16.368 ], [ 74.442, 16.38 ], [ 74.43, 16.382 ], [ 74.421, 16.372 ], [ 74.409, 16.374 ], [ 74.401, 16.364 ], [ 74.388, 16.366 ], [ 74.384, 16.378 ], [ 74.372, 16.38 ], [ 74.364, 16.371 ], [ 74.352, 16.373 ], [ 74.348, 16.385 ], [ 74.335, 16.387 ], [ 74.327, 16.377 ], [ 74.331, 16.365 ], [ 74.323, 16.355 ], [ 74.327, 16.343 ], [ 74.319, 16.333 ], [ 74.323, 16.321 ], [ 74.335, 16.319 ], [ 74.343, 16.329 ], [ 74.355, 16.327 ], [ 74.364, 16.337 ], [ 74.376, 16.335 ], [ 74.384, 16.344 ], [ 74.396, 16.342 ], [ 74.405, 16.352 ], [ 74.417, 16.35 ], [ 74.421, 16.338 ], [ 74.433, 16.336 ], [ 74.442, 16.346 ] ] ] ] } },
{ "type": "Feature", "properties": { "POLYGON.ID": 308.0, "subregion": "IN-KA--Karnataka--Coast", "FILTER": "Karnataka", "POLYGON": "IN-KA--Karnataka--Coast", "COUNTY": "spl_region", "STATE": "Karnataka", "OWNER": null }, "geometry": { "type": "MultiPolygon", "coordinates": [ [ [ [ 74.931, 12.765 ], [ 74.943, 12.763 ], [ 74.951, 12.773 ], [ 74.964, 12.77 ], [ 74.972, 12.78 ], [ 74.984, 12.778 ], [ 74.992, 12.788 ], [ 75.004, 12.785 ], [ 75.008, 12.773 ], [ 75.0, 12.763 ], [ 75.004, 12.751 ], [ 74.996, 12.741 ], [ 75.0, 12.729 ], [ 75.012, 12.726 ], [ 75.016, 12.714 ], [ 75.028, 12.712 ], [ 75.037, 12.722 ], [ 75.049, 12.719 ], [ 75.053, 12.707 ], [ 75.045, 12.697 ], [ 75.048, 12.685 ], [ 75.04, 12.675 ], [ 75.044, 12.663 ], [ 75.056, 12.66 ], [ 75.065, 12.67 ], [ 75.077, 12.668 ], [ 75.085, 12.678 ], [ 75.081, 12.69 ], [ 75.089, 12.7 ], [ 75.102, 12.697 ], [ 75.106, 12.685 ], [ 75.118, 12.683 ], [ 75.122, 12.67 ], [ 75.134, 12.668 ], [ 75.142, 12.678 ], [ 75.155, 12.675 ], [ 75.159, 12.663 ], [ 75.15, 12.653 ], [ 75.154, 12.641 ], [ 75.146, 12.631 ], [ 75.15, 12.619 ], [ 75.162, 12.616 ], [ 75.17, 12.626 ], [ 75.183, 12.624 ], [ 75.191, 12.634 ], [ 75.203, 12.631 ], [ 75.207, 12.619 ], [ 75.199, 12.609 ], [ 75.203, 12.597 ], [ 75.215, 12.594 ], [ 75.219, 12.582 ], [ 75.231, 12.58 ], [ 75.24, 12.59 ], [ 75.252, 12.587 ], [ 75.26, 12.597 ], [ 75.256, 12.609 ], [ 75.264, 12.619 ], [ 75.277, 12.617 ], [ 75.285, 12.627 ], [ 75.297, 12.624 ], [ 75.301, 12.612 ], [ 75.313, 12.61 ], [ 75.317, 12.597 ], [ 75.33, 12.595 ], [ 75.334, 12.583 ], [ 75.325, 12.573 ], [ 75.313, 12.575 ], [ 75.305, 12.565 ], [ 75.293, 12.568 ], [ 75.284, 12.558 ], [ 75.288, 12.546 ], [ 75.301, 12.543 ], [ 75.309, 12.553 ], [ 75.321, 12.551 ], [ 75.325, 12.538 ], [ 75.337, 12.536 ], [ 75.341, 12.523 ], [ 75.354, 12.521 ], [ 75.362, 12.531 ], [ 75.374, 12.528 ], [ 75.382, 12.538 ], [ 75.378, 12.551 ], [ 75.387, 12.561 ], [ 75.399, 12.558 ], [ 75.407, 12.568 ], [ 75.42, 12.566 ], [ 75.428, 12.575 ], [ 75.424, 12.588 ], [ 75.432, 12.598 ], [ 75.428, 12.61 ], [ 75.416, 12.612 ], [ 75.412, 12.625 ], [ 75.42, 12.635 ], [ 75.416, 12.647 ], [ 75.425, 12.657 ], [ 75.437, 12.654 ], [ 75.445, 12.664 ], [ 75.457, 12.662 ], [ 75.466, 12.672 ], [ 75.478, 12.669 ], [ 75.482, 12.657 ], [ 75.494, 12.654 ], [ 75.498, 12.642 ], [ 75.511, 12.64 ], [ 75.515, 12.627 ], [ 75.527, 12.625 ], [ 75.535, 12.635 ], [ 75.547, 12.632 ], [ 75.551, 12.62 ], [ 75.564, 12.618 ], [ 75.572, 12.627 ], [ 75.584, 12.625 ], [ 75.588, 12.613 ], [ 75.601, 12.61 ], [ 75.605, 12.598 ], [ 75.617, 12.596 ], [ 75.625, 12.605 ], [ 75.621, 12.618 ], [ 75.609, 12.62 ], [ 75.605, 12.632 ], [ 75.593, 12.635 ], [ 75.589, 12.647 ], [ 75.597, 12.657 ], [ 75.593, 12.669 ], [ 75.601, 12.679 ], [ 75.597, 12.692 ], [ 75.585, 12.694 ], [ 75.581, 12.706 ], [ 75.589, 12.716 ], [ 75.585, 12.729 ], [ 75.594, 12.738 ], [ 75.59, 12.751 ], [ 75.577, 12.753 ], [ 75.573, 12.766 ], [ 75.561, 12.768 ], [ 75.557, 12.78 ], [ 75.545, 12.783 ], [ 75.536, 12.773 ], [ 75.524, 12.775 ], [ 75.52, 12.788 ], [ 75.508, 12.79 ], [ 75.5, 12.78 ], [ 75.487, 12.783 ], [ 75.483, 12.795 ], [ 75.471, 12.797 ], [ 75.467, 12.81 ], [ 75.455, 12.812 ], [ 75.451, 12.824 ], [ 75.438, 12.827 ], [ 75.435, 12.839 ], [ 75.422, 12.841 ], [ 75.418, 12.854 ], [ 75.406, 12.856 ], [ 75.402, 12.868 ], [ 75.39, 12.871 ], [ 75.386, 12.883 ], [ 75.373, 12.885 ], [ 75.369, 12.898 ], [ 75.357, 12.9 ], [ 75.353, 12.912 ], [ 75.341, 12.915 ], [ 75.337, 12.927 ], [ 75.325, 12.93 ], [ 75.321, 12.942 ], [ 75.329, 12.952 ], [ 75.325, 12.964 ], [ 75.313, 12.966 ], [ 75.309, 12.979 ], [ 75.296, 12.981 ], [ 75.292, 12.993 ], [ 75.301, 13.003 ], [ 75.297, 13.016 ], [ 75.284, 13.018 ], [ 75.28, 13.03 ], [ 75.268, 13.033 ], [ 75.264, 13.045 ], [ 75.252, 13.047 ], [ 75.248, 13.059 ], [ 75.236, 13.062 ], [ 75.227, 13.052 ], [ 75.215, 13.054 ], [ 75.211, 13.067 ], [ 75.199, 13.069 ], [ 75.195, 13.081 ], [ 75.183, 13.084 ], [ 75.179, 13.096 ], [ 75.166, 13.098 ], [ 75.162, 13.111 ], [ 75.15, 13.113 ], [ 75.146, 13.125 ], [ 75.154, 13.135 ], [ 75.15, 13.147 ], [ 75.138, 13.15 ], [ 75.134, 13.162 ], [ 75.122, 13.164 ], [ 75.118, 13.177 ], [ 75.126, 13.186 ], [ 75.122, 13.199 ], [ 75.11, 13.201 ], [ 75.106, 13.213 ], [ 75.114, 13.223 ], [ 75.11, 13.235 ], [ 75.098, 13.238 ], [ 75.094, 13.25 ], [ 75.082, 13.252 ], [ 75.078, 13.265 ], [ 75.066, 13.267 ], [ 75.062, 13.279 ], [ 75.049, 13.282 ], [ 75.045, 13.294 ], [ 75.054, 13.304 ], [ 75.05, 13.316 ], [ 75.037, 13.318 ], [ 75.033, 13.331 ], [ 75.021, 13.333 ], [ 75.017, 13.345 ], [ 75.025, 13.355 ], [ 75.021, 13.367 ], [ 75.009, 13.37 ], [ 75.005, 13.382 ], [ 75.013, 13.392 ], [ 75.009, 13.404 ], [ 75.018, 13.414 ], [ 75.014, 13.426 ], [ 75.022, 13.436 ], [ 75.018, 13.448 ], [ 75.006, 13.451 ], [ 75.002, 13.463 ], [ 75.01, 13.473 ], [ 75.006, 13.485 ], [ 74.994, 13.487 ], [ 74.99, 13.499 ], [ 74.998, 13.509 ], [ 74.994, 13.522 ], [ 74.982, 13.524 ], [ 74.978, 13.536 ], [ 74.986, 13.546 ], [ 74.982, 13.558 ], [ 74.97, 13.561 ], [ 74.966, 13.573 ], [ 74.954, 13.575 ], [ 74.95, 13.587 ], [ 74.958, 13.597 ], [ 74.954, 13.609 ], [ 74.942, 13.612 ], [ 74.938, 13.624 ], [ 74.946, 13.634 ], [ 74.942, 13.646 ], [ 74.93, 13.648 ], [ 74.926, 13.661 ], [ 74.934, 13.671 ], [ 74.93, 13.683 ], [ 74.918, 13.685 ], [ 74.914, 13.697 ], [ 74.901, 13.7 ], [ 74.897, 13.712 ], [ 74.885, 13.714 ], [ 74.881, 13.726 ], [ 74.869, 13.729 ], [ 74.861, 13.719 ], [ 74.849, 13.721 ], [ 74.845, 13.733 ], [ 74.832, 13.736 ], [ 74.828, 13.748 ], [ 74.816, 13.75 ], [ 74.812, 13.762 ], [ 74.82, 13.772 ], [ 74.816, 13.784 ], [ 74.804, 13.787 ], [ 74.8, 13.799 ], [ 74.788, 13.801 ], [ 74.784, 13.813 ], [ 74.772, 13.816 ], [ 74.763, 13.806 ], [ 74.751, 13.808 ], [ 74.747, 13.82 ], [ 74.735, 13.822 ], [ 74.731, 13.835 ], [ 74.719, 13.837 ], [ 74.711, 13.827 ], [ 74.698, 13.829 ], [ 74.694, 13.841 ], [ 74.703, 13.851 ], [ 74.699, 13.864 ], [ 74.686, 13.866 ], [ 74.682, 13.878 ], [ 74.67, 13.88 ], [ 74.666, 13.892 ], [ 74.674, 13.902 ], [ 74.67, 13.915 ], [ 74.658, 13.917 ], [ 74.654, 13.929 ], [ 74.642, 13.931 ], [ 74.638, 13.943 ], [ 74.646, 13.953 ], [ 74.642, 13.966 ], [ 74.65, 13.975 ], [ 74.646, 13.988 ], [ 74.634, 13.99 ], [ 74.63, 14.002 ], [ 74.638, 14.012 ], [ 74.635, 14.024 ], [ 74.622, 14.026 ], [ 74.618, 14.039 ], [ 74.606, 14.041 ], [ 74.598, 14.031 ], [ 74.586, 14.033 ], [ 74.582, 14.045 ], [ 74.569, 14.048 ], [ 74.565, 14.06 ], [ 74.574, 14.07 ], [ 74.57, 14.082 ], [ 74.557, 14.084 ], [ 74.553, 14.096 ], [ 74.541, 14.098 ], [ 74.537, 14.111 ], [ 74.525, 14.113 ], [ 74.517, 14.103 ], [ 74.505, 14.105 ], [ 74.501, 14.117 ], [ 74.509, 14.127 ], [ 74.505, 14.139 ], [ 74.513, 14.149 ], [ 74.509, 14.161 ], [ 74.517, 14.171 ], [ 74.513, 14.183 ], [ 74.501, 14.186 ], [ 74.497, 14.198 ], [ 74.485, 14.2 ], [ 74.481, 14.212 ], [ 74.489, 14.222 ], [ 74.501, 14.22 ], [ 74.51, 14.23 ], [ 74.522, 14.228 ], [ 74.526, 14.215 ], [ 74.538, 14.213 ], [ 74.546, 14.223 ], [ 74.542, 14.235 ], [ 74.53, 14.237 ], [ 74.526, 14.25 ], [ 74.534, 14.26 ], [ 74.53, 14.272 ], [ 74.518, 14.274 ], [ 74.514, 14.286 ], [ 74.522, 14.296 ], [ 74.518, 14.308 ], [ 74.506, 14.31 ], [ 74.502, 14.322 ], [ 74.49, 14.325 ], [ 74.486, 14.337 ], [ 74.494, 14.347 ], [ 74.49, 14.359 ], [ 74.498, 14.369 ], [ 74.494, 14.381 ], [ 74.502, 14.391 ], [ 74.515, 14.389 ], [ 74.523, 14.399 ], [ 74.519, 14.411 ], [ 74.527, 14.421 ], [ 74.523, 14.433 ], [ 74.511, 14.435 ], [ 74.507, 14.447 ], [ 74.495, 14.449 ], [ 74.491, 14.461 ], [ 74.479, 14.464 ], [ 74.475, 14.476 ], [ 74.462, 14.478 ], [ 74.454, 14.468 ], [ 74.442, 14.47 ], [ 74.438, 14.482 ], [ 74.426, 14.485 ], [ 74.422, 14.497 ], [ 74.41, 14.499 ], [ 74.406, 14.511 ], [ 74.414, 14.521 ], [ 74.41, 14.533 ], [ 74.398, 14.535 ], [ 74.394, 14.547 ], [ 74.381, 14.55 ], [ 74.377, 14.562 ], [ 74.386, 14.572 ], [ 74.382, 14.584 ], [ 74.369, 14.586 ], [ 74.365, 14.598 ], [ 74.353, 14.6 ], [ 74.349, 14.612 ], [ 74.357, 14.622 ], [ 74.353, 14.634 ], [ 74.341, 14.637 ], [ 74.337, 14.649 ], [ 74.325, 14.651 ], [ 74.321, 14.663 ], [ 74.329, 14.673 ], [ 74.325, 14.685 ], [ 74.313, 14.687 ], [ 74.309, 14.699 ], [ 74.317, 14.709 ], [ 74.313, 14.721 ], [ 74.301, 14.723 ], [ 74.293, 14.714 ], [ 74.281, 14.716 ], [ 74.277, 14.728 ], [ 74.264, 14.73 ], [ 74.26, 14.742 ], [ 74.248, 14.744 ], [ 74.24, 14.734 ], [ 74.228, 14.736 ], [ 74.22, 14.727 ], [ 74.208, 14.729 ], [ 74.199, 14.719 ], [ 74.187, 14.721 ], [ 74.183, 14.733 ], [ 74.171, 14.735 ], [ 74.167, 14.747 ], [ 74.175, 14.757 ], [ 74.171, 14.769 ], [ 74.159, 14.772 ], [ 74.151, 14.762 ], [ 74.139, 14.764 ], [ 74.135, 14.776 ], [ 74.123, 14.778 ], [ 74.119, 14.79 ], [ 74.127, 14.8 ], [ 74.123, 14.812 ], [ 74.131, 14.822 ], [ 74.143, 14.82 ], [ 74.151, 14.83 ], [ 74.163, 14.828 ], [ 74.172, 14.837 ], [ 74.184, 14.835 ], [ 74.192, 14.845 ], [ 74.188, 14.857 ], [ 74.196, 14.867 ], [ 74.208, 14.865 ], [ 74.212, 14.853 ], [ 74.224, 14.851 ], [ 74.233, 14.861 ], [ 74.245, 14.859 ], [ 74.253, 14.868 ], [ 74.249, 14.881 ], [ 74.257, 14.89 ], [ 74.253, 14.903 ], [ 74.241, 14.905 ], [ 74.233, 14.895 ], [ 74.221, 14.897 ], [ 74.212, 14.887 ], [ 74.2, 14.889 ], [ 74.196, 14.901 ], [ 74.184, 14.903 ], [ 74.176, 14.894 ], [ 74.164, 14.896 ], [ 74.156, 14.886 ], [ 74.143, 14.888 ], [ 74.139, 14.9 ], [ 74.148, 14.91 ], [ 74.144, 14.922 ], [ 74.131, 14.924 ], [ 74.123, 14.914 ], [ 74.111, 14.916 ], [ 74.103, 14.906 ], [ 74.091, 14.909 ], [ 74.083, 14.899 ], [ 74.087, 14.887 ], [ 74.078, 14.877 ], [ 74.066, 14.879 ], [ 74.058, 14.869 ], [ 74.046, 14.871 ], [ 74.038, 14.861 ], [ 74.026, 14.863 ], [ 74.017, 14.853 ], [ 74.005, 14.856 ], [ 73.997, 14.846 ], [ 73.985, 14.848 ], [ 73.977, 14.838 ], [ 73.981, 14.826 ], [ 73.973, 14.816 ], [ 73.961, 14.818 ], [ 73.952, 14.808 ], [ 73.94, 14.81 ], [ 73.932, 14.8 ], [ 73.92, 14.803 ], [ 73.912, 14.793 ], [ 73.916, 14.781 ], [ 73.928, 14.779 ], [ 73.932, 14.766 ], [ 73.924, 14.757 ], [ 73.928, 14.745 ], [ 73.94, 14.742 ], [ 73.944, 14.73 ], [ 73.936, 14.72 ], [ 73.94, 14.708 ], [ 73.952, 14.706 ], [ 73.956, 14.694 ], [ 73.968, 14.692 ], [ 73.972, 14.68 ], [ 73.984, 14.678 ], [ 73.988, 14.666 ], [ 74.0, 14.663 ], [ 74.004, 14.651 ], [ 74.016, 14.649 ], [ 74.02, 14.637 ], [ 74.033, 14.635 ], [ 74.037, 14.623 ], [ 74.049, 14.621 ], [ 74.053, 14.609 ], [ 74.065, 14.607 ], [ 74.069, 14.594 ], [ 74.081, 14.592 ], [ 74.085, 14.58 ], [ 74.097, 14.578 ], [ 74.101, 14.566 ], [ 74.113, 14.564 ], [ 74.117, 14.552 ], [ 74.129, 14.549 ], [ 74.133, 14.537 ], [ 74.125, 14.527 ], [ 74.129, 14.515 ], [ 74.141, 14.513 ], [ 74.145, 14.501 ], [ 74.137, 14.491 ], [ 74.141, 14.479 ], [ 74.153, 14.477 ], [ 74.157, 14.465 ], [ 74.149, 14.455 ], [ 74.153, 14.443 ], [ 74.165, 14.441 ], [ 74.169, 14.429 ], [ 74.181, 14.426 ], [ 74.185, 14.414 ], [ 74.177, 14.404 ], [ 74.181, 14.392 ], [ 74.193, 14.39 ], [ 74.197, 14.378 ], [ 74.21, 14.376 ], [ 74.214, 14.364 ], [ 74.226, 14.361 ], [ 74.23, 14.349 ], [ 74.222, 14.339 ], [ 74.226, 14.327 ], [ 74.238, 14.325 ], [ 74.242, 14.313 ], [ 74.234, 14.303 ], [ 74.238, 14.291 ], [ 74.25, 14.289 ], [ 74.254, 14.277 ], [ 74.246, 14.267 ], [ 74.25, 14.255 ], [ 74.262, 14.252 ], [ 74.266, 14.24 ], [ 74.258, 14.23 ], [ 74.261, 14.218 ], [ 74.274, 14.216 ], [ 74.278, 14.204 ], [ 74.269, 14.194 ], [ 74.273, 14.182 ], [ 74.265, 14.172 ], [ 74.269, 14.16 ], [ 74.281, 14.158 ], [ 74.285, 14.145 ], [ 74.298, 14.143 ], [ 74.302, 14.131 ], [ 74.293, 14.121 ], [ 74.297, 14.109 ], [ 74.31, 14.107 ], [ 74.314, 14.095 ], [ 74.305, 14.085 ], [ 74.309, 14.073 ], [ 74.301, 14.063 ], [ 74.305, 14.051 ], [ 74.297, 14.041 ], [ 74.285, 14.043 ], [ 74.277, 14.033 ], [ 74.281, 14.021 ], [ 74.272, 14.011 ], [ 74.276, 13.999 ], [ 74.289, 13.997 ], [ 74.293, 13.985 ], [ 74.305, 13.982 ], [ 74.309, 13.97 ], [ 74.321, 13.968 ], [ 74.329, 13.978 ], [ 74.341, 13.976 ], [ 74.345, 13.964 ], [ 74.337, 13.954 ], [ 74.341, 13.941 ], [ 74.353, 13.939 ], [ 74.357, 13.927 ], [ 74.349, 13.917 ], [ 74.353, 13.905 ], [ 74.365, 13.903 ], [ 74.369, 13.891 ], [ 74.381, 13.888 ], [ 74.385, 13.876 ], [ 74.398, 13.874 ], [ 74.401, 13.862 ], [ 74.414, 13.86 ], [ 74.418, 13.847 ], [ 74.409, 13.838 ], [ 74.413, 13.825 ], [ 74.426, 13.823 ], [ 74.43, 13.811 ], [ 74.442, 13.809 ], [ 74.446, 13.797 ], [ 74.458, 13.794 ], [ 74.462, 13.782 ], [ 74.454, 13.772 ], [ 74.458, 13.76 ], [ 74.45, 13.75 ], [ 74.454, 13.738 ], [ 74.466, 13.736 ], [ 74.47, 13.724 ], [ 74.462, 13.714 ], [ 74.465, 13.701 ], [ 74.478, 13.699 ], [ 74.482, 13.687 ], [ 74.473, 13.677 ], [ 74.477, 13.665 ], [ 74.469, 13.655 ], [ 74.473, 13.643 ], [ 74.485, 13.641 ], [ 74.489, 13.628 ], [ 74.481, 13.619 ], [ 74.485, 13.606 ], [ 74.497, 13.604 ], [ 74.501, 13.592 ], [ 74.493, 13.582 ], [ 74.497, 13.57 ], [ 74.509, 13.568 ], [ 74.513, 13.555 ], [ 74.505, 13.546 ], [ 74.509, 13.533 ], [ 74.501, 13.523 ], [ 74.505, 13.511 ], [ 74.517, 13.509 ], [ 74.521, 13.497 ], [ 74.513, 13.487 ], [ 74.517, 13.475 ], [ 74.509, 13.465 ], [ 74.513, 13.453 ], [ 74.525, 13.45 ], [ 74.529, 13.438 ], [ 74.521, 13.428 ], [ 74.525, 13.416 ], [ 74.516, 13.406 ], [ 74.52, 13.394 ], [ 74.512, 13.384 ], [ 74.516, 13.372 ], [ 74.528, 13.37 ], [ 74.532, 13.358 ], [ 74.524, 13.348 ], [ 74.528, 13.335 ], [ 74.52, 13.326 ], [ 74.524, 13.313 ], [ 74.536, 13.311 ], [ 74.54, 13.299 ], [ 74.532, 13.289 ], [ 74.536, 13.277 ], [ 74.548, 13.275 ], [ 74.552, 13.262 ], [ 74.544, 13.252 ], [ 74.548, 13.24 ], [ 74.56, 13.238 ], [ 74.564, 13.226 ], [ 74.556, 13.216 ], [ 74.56, 13.204 ], [ 74.572, 13.201 ], [ 74.576, 13.189 ], [ 74.568, 13.179 ], [ 74.572, 13.167 ], [ 74.584, 13.165 ], [ 74.588, 13.153 ], [ 74.58, 13.143 ], [ 74.584, 13.13 ], [ 74.596, 13.128 ], [ 74.6, 13.116 ], [ 74.592, 13.106 ], [ 74.596, 13.094 ], [ 74.587, 13.084 ], [ 74.591, 13.072 ], [ 74.604, 13.069 ], [ 74.607, 13.057 ], [ 74.599, 13.047 ], [ 74.603, 13.035 ], [ 74.615, 13.033 ], [ 74.619, 13.021 ], [ 74.611, 13.011 ], [ 74.615, 12.999 ], [ 74.607, 12.989 ], [ 74.611, 12.976 ], [ 74.623, 12.974 ], [ 74.627, 12.962 ], [ 74.619, 12.952 ], [ 74.623, 12.94 ], [ 74.635, 12.937 ], [ 74.639, 12.925 ], [ 74.631, 12.915 ], [ 74.635, 12.903 ], [ 74.647, 12.901 ], [ 74.651, 12.889 ], [ 74.643, 12.879 ], [ 74.647, 12.866 ], [ 74.639, 12.857 ], [ 74.643, 12.844 ], [ 74.655, 12.842 ], [ 74.659, 12.83 ], [ 74.651, 12.82 ], [ 74.655, 12.808 ], [ 74.667, 12.805 ], [ 74.671, 12.793 ], [ 74.662, 12.783 ], [ 74.666, 12.771 ], [ 74.679, 12.769 ], [ 74.683, 12.756 ], [ 74.674, 12.747 ], [ 74.678, 12.734 ], [ 74.691, 12.732 ], [ 74.695, 12.72 ], [ 74.707, 12.717 ], [ 74.711, 12.705 ], [ 74.723, 12.703 ], [ 74.731, 12.713 ], [ 74.743, 12.71 ], [ 74.751, 12.72 ], [ 74.764, 12.718 ], [ 74.772, 12.728 ], [ 74.784, 12.725 ], [ 74.792, 12.735 ], [ 74.804, 12.733 ], [ 74.813, 12.743 ], [ 74.825, 12.74 ], [ 74.833, 12.75 ], [ 74.845, 12.748 ], [ 74.853, 12.757 ], [ 74.866, 12.755 ], [ 74.874, 12.765 ], [ 74.886, 12.763 ], [ 74.894, 12.772 ], [ 74.906, 12.77 ], [ 74.915, 12.78 ], [ 74.927, 12.778 ], [ 74.931, 12.765 ] ] ] ] } },
{ "type": "Feature", "properties": { "POLYGON.ID": 300.0, "subregion": "IN-KA--Karnataka--NandiHills", "FILTER": "Karnataka", "POLYGON": "IN-KA--Karnataka--NandiHills", "COUNTY": "spl_region", "STATE": "Karnataka", "OWNER": null }, "geometry": { "type": "MultiPolygon", "coordinates": [ [ [ [ 77.656, 13.362 ], [ 77.66, 13.35 ], [ 77.673, 13.347 ], [ 77.681, 13.357 ], [ 77.694, 13.355 ], [ 77.702, 13.365 ], [ 77.698, 13.377 ], [ 77.686, 13.38 ], [ 77.677, 13.37 ], [ 77.665, 13.372 ], [ 77.656, 13.362 ] ] ] ] } },
{ "type": "Feature", "properties": { "POLYGON.ID": 330.0, "subregion": "IN-KA--Karnataka--BRHills", "FILTER": "Karnataka", "POLYGON": "IN-KA--Karnataka--BRHills", "COUNTY": "spl_region", "STATE": "Karnataka", "OWNER": null }, "geometry": { "type": "MultiPolygon", "coordinates": [ [ [ [ 77.215, 12.063 ], [ 77.202, 12.066 ], [ 77.198, 12.078 ], [ 77.186, 12.081 ], [ 77.182, 12.093 ], [ 77.169, 12.096 ], [ 77.161, 12.086 ], [ 77.165, 12.073 ], [ 77.156, 12.064 ], [ 77.144, 12.066 ], [ 77.135, 12.056 ], [ 77.139, 12.044 ], [ 77.131, 12.034 ], [ 77.135, 12.021 ], [ 77.126, 12.011 ], [ 77.13, 11.999 ], [ 77.122, 11.989 ], [ 77.126, 11.977 ], [ 77.117, 11.967 ], [ 77.121, 11.954 ], [ 77.113, 11.944 ], [ 77.117, 11.932 ], [ 77.108, 11.922 ], [ 77.112, 11.909 ], [ 77.103, 11.9 ], [ 77.107, 11.887 ], [ 77.099, 11.877 ], [ 77.103, 11.865 ], [ 77.115, 11.862 ], [ 77.119, 11.85 ], [ 77.111, 11.84 ], [ 77.115, 11.827 ], [ 77.127, 11.825 ], [ 77.136, 11.835 ], [ 77.148, 11.832 ], [ 77.152, 11.819 ], [ 77.165, 11.817 ], [ 77.169, 11.804 ], [ 77.181, 11.802 ], [ 77.185, 11.789 ], [ 77.198, 11.787 ], [ 77.206, 11.797 ], [ 77.202, 11.809 ], [ 77.211, 11.819 ], [ 77.207, 11.831 ], [ 77.194, 11.834 ], [ 77.19, 11.847 ], [ 77.199, 11.856 ], [ 77.195, 11.869 ], [ 77.203, 11.879 ], [ 77.199, 11.891 ], [ 77.208, 11.901 ], [ 77.204, 11.914 ], [ 77.212, 11.924 ], [ 77.208, 11.936 ], [ 77.217, 11.946 ], [ 77.23, 11.943 ], [ 77.233, 11.931 ], [ 77.246, 11.928 ], [ 77.255, 11.938 ], [ 77.251, 11.951 ], [ 77.259, 11.961 ], [ 77.255, 11.973 ], [ 77.264, 11.983 ], [ 77.26, 11.995 ], [ 77.247, 11.998 ], [ 77.243, 12.011 ], [ 77.252, 12.02 ], [ 77.248, 12.033 ], [ 77.235, 12.036 ], [ 77.231, 12.048 ], [ 77.219, 12.051 ], [ 77.215, 12.063 ] ] ] ] } }
]
}
