{
"type": "FeatureCollection",
"name": "Kerala",
"crs": { "type": "name", "properties": { "name": "urn:ogc:def:crs:OGC:1.3:CRS84" } },
"features": [
{ "type": "Feature", "properties": { "POLYGON.ID": 293.0, "subregion": "India--Kerala--Pelagic", "POLYGON": "India--Kerala--Pelagic", "SHOW": "1", "FILTER": "Pelagic--Kerala", "FILTER.ID": null, "OLD.POLYGON": null, "STATE": "Kerala", "COUNTY": "spl_region", "OWNER": null }, "geometry": { "type": "MultiPolygon", "coordinates": [ [ [ [ 75.426, 6.793 ], [ 75.43, 6.781 ], [ 75.442, 6.778 ], [ 75.446, 6.766 ], [ 75.458, 6.763 ], [ 75.462, 6.75 ], [ 75.474, 6.747 ], [ 75.478, 6.735 ], [ 75.49, 6.732 ], [ 75.494, 6.72 ], [ 75.486, 6.71 ], [ 75.489, 6.698 ], [ 75.502, 6.695 ], [ 75.505, 6.682 ], [ 75.517, 6.679 ], [ 75.521, 6.667 ], [ 75.533, 6.664 ], [ 75.537, 6.652 ], [ 75.529, 6.642 ], [ 75.533, 6.63 ], [ 75.545, 6.627 ], [ 75.549, 6.614 ], [ 75.561, 6.612 ], [ 75.565, 6.599 ], [ 75.577, 6.596 ], [ 75.581, 6.584 ], [ 75.573, 6.574 ], [ 75.577, 6.562 ], [ 75.589, 6.559 ], [ 75.593, 6.547 ], [ 75.605, 6.544 ], [ 75.609, 6.531 ], [ 75.621, 6.528 ], [ 75.625, 6.516 ], [ 75.616, 6.506 ], [ 75.62, 6.494 ], [ 75.632, 6.491 ], [ 75.636, 6.479 ], [ 75.648, 6.476 ], [ 75.652, 6.463 ], [ 75.664, 6.46 ], [ 75.668, 6.448 ], [ 75.68, 6.445 ], [ 75.684, 6.433 ], [ 75.696, 6.43 ], [ 75.705, 6.439 ], [ 75.701, 6.452 ], [ 75.709, 6.461 ], [ 75.721, 6.458 ], [ 75.729, 6.468 ], [ 75.725, 6.48 ], [ 75.733, 6.49 ], [ 75.745, 6.487 ], [ 75.754, 6.496 ], [ 75.75, 6.509 ], [ 75.758, 6.518 ], [ 75.754, 6.531 ], [ 75.762, 6.54 ], [ 75.774, 6.537 ], [ 75.782, 6.547 ], [ 75.778, 6.559 ], [ 75.787, 6.569 ], [ 75.799, 6.566 ], [ 75.807, 6.576 ], [ 75.803, 6.588 ], [ 75.811, 6.598 ], [ 75.823, 6.595 ], [ 75.831, 6.604 ], [ 75.828, 6.617 ], [ 75.836, 6.626 ], [ 75.848, 6.623 ], [ 75.856, 6.633 ], [ 75.852, 6.645 ], [ 75.86, 6.655 ], [ 75.856, 6.667 ], [ 75.865, 6.677 ], [ 75.877, 6.674 ], [ 75.885, 6.683 ], [ 75.881, 6.696 ], [ 75.889, 6.705 ], [ 75.901, 6.703 ], [ 75.909, 6.712 ], [ 75.906, 6.725 ], [ 75.914, 6.734 ], [ 75.926, 6.731 ], [ 75.934, 6.741 ], [ 75.93, 6.753 ], [ 75.938, 6.763 ], [ 75.951, 6.76 ], [ 75.959, 6.769 ], [ 75.955, 6.782 ], [ 75.963, 6.791 ], [ 75.975, 6.789 ], [ 75.983, 6.798 ], [ 75.979, 6.811 ], [ 75.988, 6.82 ], [ 76.0, 6.817 ], [ 76.008, 6.827 ], [ 76.004, 6.839 ], [ 76.012, 6.849 ], [ 76.008, 6.861 ], [ 76.017, 6.871 ], [ 76.029, 6.868 ], [ 76.037, 6.878 ], [ 76.033, 6.89 ], [ 76.041, 6.9 ], [ 76.053, 6.897 ], [ 76.062, 6.906 ], [ 76.058, 6.919 ], [ 76.066, 6.928 ], [ 76.078, 6.925 ], [ 76.086, 6.935 ], [ 76.082, 6.948 ], [ 76.091, 6.957 ], [ 76.103, 6.954 ], [ 76.111, 6.964 ], [ 76.107, 6.976 ], [ 76.115, 6.986 ], [ 76.128, 6.983 ], [ 76.136, 6.993 ], [ 76.132, 7.005 ], [ 76.14, 7.015 ], [ 76.152, 7.012 ], [ 76.16, 7.021 ], [ 76.157, 7.034 ], [ 76.165, 7.043 ], [ 76.161, 7.056 ], [ 76.169, 7.065 ], [ 76.181, 7.063 ], [ 76.19, 7.072 ], [ 76.186, 7.085 ], [ 76.194, 7.094 ], [ 76.206, 7.091 ], [ 76.214, 7.101 ], [ 76.21, 7.113 ], [ 76.219, 7.123 ], [ 76.231, 7.12 ], [ 76.239, 7.13 ], [ 76.235, 7.142 ], [ 76.243, 7.152 ], [ 76.256, 7.149 ], [ 76.264, 7.159 ], [ 76.26, 7.171 ], [ 76.268, 7.181 ], [ 76.28, 7.178 ], [ 76.289, 7.187 ], [ 76.285, 7.2 ], [ 76.293, 7.209 ], [ 76.289, 7.222 ], [ 76.297, 7.232 ], [ 76.309, 7.229 ], [ 76.318, 7.238 ], [ 76.314, 7.251 ], [ 76.322, 7.26 ], [ 76.334, 7.257 ], [ 76.343, 7.267 ], [ 76.339, 7.28 ], [ 76.347, 7.289 ], [ 76.359, 7.286 ], [ 76.367, 7.296 ], [ 76.363, 7.308 ], [ 76.372, 7.318 ], [ 76.368, 7.331 ], [ 76.376, 7.34 ], [ 76.388, 7.337 ], [ 76.397, 7.347 ], [ 76.393, 7.359 ], [ 76.401, 7.369 ], [ 76.413, 7.366 ], [ 76.421, 7.376 ], [ 76.418, 7.388 ], [ 76.426, 7.398 ], [ 76.438, 7.395 ], [ 76.446, 7.405 ], [ 76.442, 7.417 ], [ 76.451, 7.427 ], [ 76.447, 7.439 ], [ 76.455, 7.449 ], [ 76.467, 7.446 ], [ 76.476, 7.456 ], [ 76.472, 7.468 ], [ 76.48, 7.478 ], [ 76.492, 7.475 ], [ 76.5, 7.485 ], [ 76.497, 7.497 ], [ 76.505, 7.507 ], [ 76.517, 7.504 ], [ 76.525, 7.513 ], [ 76.521, 7.526 ], [ 76.53, 7.536 ], [ 76.526, 7.548 ], [ 76.534, 7.558 ], [ 76.546, 7.555 ], [ 76.555, 7.565 ], [ 76.551, 7.577 ], [ 76.559, 7.587 ], [ 76.571, 7.584 ], [ 76.58, 7.593 ], [ 76.576, 7.606 ], [ 76.584, 7.616 ], [ 76.596, 7.613 ], [ 76.605, 7.622 ], [ 76.601, 7.635 ], [ 76.609, 7.645 ], [ 76.605, 7.657 ], [ 76.613, 7.667 ], [ 76.626, 7.664 ], [ 76.634, 7.674 ], [ 76.63, 7.686 ], [ 76.638, 7.696 ], [ 76.651, 7.693 ], [ 76.659, 7.702 ], [ 76.655, 7.715 ], [ 76.663, 7.725 ], [ 76.676, 7.722 ], [ 76.684, 7.731 ], [ 76.68, 7.744 ], [ 76.688, 7.754 ], [ 76.684, 7.766 ], [ 76.693, 7.776 ], [ 76.705, 7.773 ], [ 76.713, 7.783 ], [ 76.709, 7.795 ], [ 76.718, 7.805 ], [ 76.73, 7.802 ], [ 76.738, 7.812 ], [ 76.734, 7.824 ], [ 76.743, 7.834 ], [ 76.755, 7.831 ], [ 76.763, 7.841 ], [ 76.759, 7.853 ], [ 76.768, 7.863 ], [ 76.78, 7.86 ], [ 76.788, 7.87 ], [ 76.784, 7.882 ], [ 76.793, 7.892 ], [ 76.789, 7.904 ], [ 76.797, 7.914 ], [ 76.809, 7.911 ], [ 76.818, 7.921 ], [ 76.814, 7.933 ], [ 76.822, 7.943 ], [ 76.835, 7.94 ], [ 76.843, 7.95 ], [ 76.839, 7.962 ], [ 76.847, 7.972 ], [ 76.86, 7.969 ], [ 76.868, 7.979 ], [ 76.864, 7.991 ], [ 76.872, 8.001 ], [ 76.868, 8.014 ], [ 76.877, 8.023 ], [ 76.889, 8.02 ], [ 76.898, 8.03 ], [ 76.894, 8.043 ], [ 76.902, 8.052 ], [ 76.914, 8.05 ], [ 76.923, 8.059 ], [ 76.919, 8.072 ], [ 76.927, 8.081 ], [ 76.939, 8.079 ], [ 76.948, 8.088 ], [ 76.944, 8.101 ], [ 76.952, 8.111 ], [ 76.948, 8.123 ], [ 76.957, 8.133 ], [ 76.969, 8.13 ], [ 76.977, 8.14 ], [ 76.973, 8.152 ], [ 76.982, 8.162 ], [ 76.978, 8.174 ], [ 76.965, 8.177 ], [ 76.962, 8.19 ], [ 76.949, 8.193 ], [ 76.945, 8.205 ], [ 76.933, 8.208 ], [ 76.929, 8.221 ], [ 76.917, 8.223 ], [ 76.913, 8.236 ], [ 76.9, 8.239 ], [ 76.892, 8.229 ], [ 76.88, 8.232 ], [ 76.876, 8.244 ], [ 76.864, 8.247 ], [ 76.86, 8.26 ], [ 76.847, 8.263 ], [ 76.843, 8.275 ], [ 76.831, 8.278 ], [ 76.827, 8.291 ], [ 76.835, 8.3 ], [ 76.832, 8.313 ], [ 76.819, 8.316 ], [ 76.815, 8.328 ], [ 76.803, 8.331 ], [ 76.799, 8.344 ], [ 76.807, 8.353 ], [ 76.803, 8.366 ], [ 76.791, 8.369 ], [ 76.787, 8.381 ], [ 76.775, 8.384 ], [ 76.771, 8.396 ], [ 76.759, 8.399 ], [ 76.755, 8.412 ], [ 76.742, 8.415 ], [ 76.739, 8.427 ], [ 76.726, 8.43 ], [ 76.722, 8.443 ], [ 76.71, 8.445 ], [ 76.706, 8.458 ], [ 76.694, 8.461 ], [ 76.69, 8.473 ], [ 76.698, 8.483 ], [ 76.694, 8.495 ], [ 76.682, 8.498 ], [ 76.678, 8.511 ], [ 76.666, 8.514 ], [ 76.662, 8.526 ], [ 76.649, 8.529 ], [ 76.646, 8.541 ], [ 76.633, 8.544 ], [ 76.629, 8.557 ], [ 76.617, 8.56 ], [ 76.613, 8.572 ], [ 76.621, 8.582 ], [ 76.618, 8.594 ], [ 76.605, 8.597 ], [ 76.601, 8.61 ], [ 76.589, 8.612 ], [ 76.585, 8.625 ], [ 76.573, 8.628 ], [ 76.569, 8.64 ], [ 76.557, 8.643 ], [ 76.553, 8.656 ], [ 76.54, 8.658 ], [ 76.536, 8.671 ], [ 76.545, 8.681 ], [ 76.541, 8.693 ], [ 76.529, 8.696 ], [ 76.525, 8.708 ], [ 76.512, 8.711 ], [ 76.508, 8.724 ], [ 76.496, 8.726 ], [ 76.492, 8.739 ], [ 76.48, 8.742 ], [ 76.476, 8.754 ], [ 76.464, 8.757 ], [ 76.455, 8.747 ], [ 76.443, 8.75 ], [ 76.439, 8.763 ], [ 76.427, 8.765 ], [ 76.423, 8.778 ], [ 76.431, 8.788 ], [ 76.427, 8.8 ], [ 76.415, 8.803 ], [ 76.411, 8.815 ], [ 76.399, 8.818 ], [ 76.395, 8.831 ], [ 76.383, 8.833 ], [ 76.379, 8.846 ], [ 76.387, 8.856 ], [ 76.383, 8.868 ], [ 76.371, 8.871 ], [ 76.367, 8.883 ], [ 76.375, 8.893 ], [ 76.371, 8.905 ], [ 76.359, 8.908 ], [ 76.355, 8.921 ], [ 76.363, 8.93 ], [ 76.359, 8.943 ], [ 76.368, 8.953 ], [ 76.364, 8.965 ], [ 76.351, 8.968 ], [ 76.348, 8.98 ], [ 76.335, 8.983 ], [ 76.331, 8.996 ], [ 76.34, 9.005 ], [ 76.336, 9.018 ], [ 76.323, 9.021 ], [ 76.32, 9.033 ], [ 76.328, 9.043 ], [ 76.324, 9.055 ], [ 76.312, 9.058 ], [ 76.308, 9.071 ], [ 76.295, 9.073 ], [ 76.291, 9.086 ], [ 76.3, 9.095 ], [ 76.296, 9.108 ], [ 76.284, 9.111 ], [ 76.28, 9.123 ], [ 76.288, 9.133 ], [ 76.284, 9.145 ], [ 76.272, 9.148 ], [ 76.268, 9.161 ], [ 76.256, 9.163 ], [ 76.252, 9.176 ], [ 76.26, 9.186 ], [ 76.256, 9.198 ], [ 76.244, 9.201 ], [ 76.24, 9.213 ], [ 76.228, 9.216 ], [ 76.224, 9.228 ], [ 76.232, 9.238 ], [ 76.228, 9.251 ], [ 76.216, 9.253 ], [ 76.212, 9.266 ], [ 76.22, 9.276 ], [ 76.216, 9.288 ], [ 76.204, 9.291 ], [ 76.2, 9.303 ], [ 76.188, 9.306 ], [ 76.184, 9.318 ], [ 76.192, 9.328 ], [ 76.188, 9.341 ], [ 76.176, 9.343 ], [ 76.172, 9.356 ], [ 76.18, 9.366 ], [ 76.176, 9.378 ], [ 76.164, 9.381 ], [ 76.16, 9.393 ], [ 76.168, 9.403 ], [ 76.164, 9.415 ], [ 76.152, 9.418 ], [ 76.148, 9.431 ], [ 76.156, 9.44 ], [ 76.153, 9.453 ], [ 76.161, 9.463 ], [ 76.157, 9.475 ], [ 76.145, 9.478 ], [ 76.141, 9.49 ], [ 76.149, 9.5 ], [ 76.145, 9.512 ], [ 76.133, 9.515 ], [ 76.129, 9.528 ], [ 76.137, 9.537 ], [ 76.133, 9.55 ], [ 76.141, 9.56 ], [ 76.138, 9.572 ], [ 76.125, 9.575 ], [ 76.121, 9.587 ], [ 76.13, 9.597 ], [ 76.126, 9.609 ], [ 76.134, 9.619 ], [ 76.13, 9.632 ], [ 76.118, 9.634 ], [ 76.114, 9.647 ], [ 76.122, 9.657 ], [ 76.118, 9.669 ], [ 76.127, 9.679 ], [ 76.123, 9.691 ], [ 76.11, 9.694 ], [ 76.106, 9.706 ], [ 76.115, 9.716 ], [ 76.111, 9.729 ], [ 76.119, 9.738 ], [ 76.115, 9.751 ], [ 76.103, 9.753 ], [ 76.099, 9.766 ], [ 76.107, 9.776 ], [ 76.103, 9.788 ], [ 76.112, 9.798 ], [ 76.108, 9.81 ], [ 76.095, 9.813 ], [ 76.091, 9.825 ], [ 76.1, 9.835 ], [ 76.096, 9.848 ], [ 76.083, 9.85 ], [ 76.079, 9.863 ], [ 76.088, 9.873 ], [ 76.084, 9.885 ], [ 76.072, 9.888 ], [ 76.068, 9.9 ], [ 76.076, 9.91 ], [ 76.072, 9.922 ], [ 76.06, 9.925 ], [ 76.056, 9.937 ], [ 76.064, 9.947 ], [ 76.06, 9.96 ], [ 76.048, 9.962 ], [ 76.044, 9.975 ], [ 76.052, 9.985 ], [ 76.048, 9.997 ], [ 76.036, 10.0 ], [ 76.032, 10.012 ], [ 76.04, 10.022 ], [ 76.036, 10.034 ], [ 76.024, 10.037 ], [ 76.02, 10.049 ], [ 76.028, 10.059 ], [ 76.025, 10.072 ], [ 76.012, 10.074 ], [ 76.008, 10.087 ], [ 76.017, 10.097 ], [ 76.013, 10.109 ], [ 76.0, 10.112 ], [ 75.996, 10.124 ], [ 76.005, 10.134 ], [ 76.001, 10.146 ], [ 75.989, 10.149 ], [ 75.985, 10.161 ], [ 75.993, 10.171 ], [ 75.989, 10.184 ], [ 75.977, 10.186 ], [ 75.973, 10.199 ], [ 75.981, 10.208 ], [ 75.977, 10.221 ], [ 75.965, 10.224 ], [ 75.961, 10.236 ], [ 75.969, 10.246 ], [ 75.965, 10.258 ], [ 75.953, 10.261 ], [ 75.949, 10.273 ], [ 75.957, 10.283 ], [ 75.953, 10.295 ], [ 75.941, 10.298 ], [ 75.937, 10.311 ], [ 75.945, 10.32 ], [ 75.941, 10.333 ], [ 75.929, 10.335 ], [ 75.925, 10.348 ], [ 75.934, 10.358 ], [ 75.93, 10.37 ], [ 75.917, 10.373 ], [ 75.913, 10.385 ], [ 75.901, 10.388 ], [ 75.897, 10.4 ], [ 75.905, 10.41 ], [ 75.901, 10.422 ], [ 75.889, 10.425 ], [ 75.885, 10.437 ], [ 75.873, 10.44 ], [ 75.869, 10.452 ], [ 75.877, 10.462 ], [ 75.873, 10.475 ], [ 75.861, 10.477 ], [ 75.857, 10.49 ], [ 75.865, 10.499 ], [ 75.862, 10.512 ], [ 75.849, 10.514 ], [ 75.845, 10.527 ], [ 75.833, 10.53 ], [ 75.829, 10.542 ], [ 75.837, 10.552 ], [ 75.833, 10.564 ], [ 75.821, 10.567 ], [ 75.817, 10.579 ], [ 75.826, 10.589 ], [ 75.822, 10.601 ], [ 75.809, 10.604 ], [ 75.805, 10.616 ], [ 75.793, 10.619 ], [ 75.789, 10.631 ], [ 75.797, 10.641 ], [ 75.793, 10.654 ], [ 75.781, 10.656 ], [ 75.777, 10.669 ], [ 75.765, 10.671 ], [ 75.761, 10.684 ], [ 75.769, 10.693 ], [ 75.765, 10.706 ], [ 75.753, 10.708 ], [ 75.749, 10.721 ], [ 75.757, 10.731 ], [ 75.753, 10.743 ], [ 75.741, 10.746 ], [ 75.737, 10.758 ], [ 75.746, 10.768 ], [ 75.742, 10.78 ], [ 75.729, 10.783 ], [ 75.725, 10.795 ], [ 75.734, 10.805 ], [ 75.73, 10.817 ], [ 75.738, 10.827 ], [ 75.734, 10.84 ], [ 75.722, 10.842 ], [ 75.718, 10.855 ], [ 75.726, 10.864 ], [ 75.722, 10.877 ], [ 75.71, 10.879 ], [ 75.706, 10.892 ], [ 75.714, 10.902 ], [ 75.71, 10.914 ], [ 75.698, 10.917 ], [ 75.694, 10.929 ], [ 75.702, 10.939 ], [ 75.698, 10.951 ], [ 75.707, 10.961 ], [ 75.703, 10.973 ], [ 75.69, 10.976 ], [ 75.686, 10.988 ], [ 75.695, 10.998 ], [ 75.691, 11.01 ], [ 75.679, 11.013 ], [ 75.675, 11.025 ], [ 75.683, 11.035 ], [ 75.679, 11.048 ], [ 75.667, 11.05 ], [ 75.663, 11.063 ], [ 75.65, 11.065 ], [ 75.646, 11.077 ], [ 75.655, 11.087 ], [ 75.651, 11.1 ], [ 75.639, 11.102 ], [ 75.635, 11.115 ], [ 75.643, 11.124 ], [ 75.639, 11.137 ], [ 75.627, 11.139 ], [ 75.623, 11.152 ], [ 75.631, 11.162 ], [ 75.627, 11.174 ], [ 75.615, 11.177 ], [ 75.611, 11.189 ], [ 75.619, 11.199 ], [ 75.615, 11.211 ], [ 75.603, 11.214 ], [ 75.599, 11.226 ], [ 75.587, 11.229 ], [ 75.583, 11.241 ], [ 75.591, 11.251 ], [ 75.587, 11.263 ], [ 75.575, 11.266 ], [ 75.571, 11.278 ], [ 75.579, 11.288 ], [ 75.575, 11.3 ], [ 75.563, 11.303 ], [ 75.559, 11.315 ], [ 75.547, 11.318 ], [ 75.543, 11.33 ], [ 75.53, 11.333 ], [ 75.526, 11.345 ], [ 75.514, 11.347 ], [ 75.51, 11.36 ], [ 75.498, 11.362 ], [ 75.494, 11.375 ], [ 75.482, 11.377 ], [ 75.478, 11.39 ], [ 75.466, 11.392 ], [ 75.462, 11.404 ], [ 75.47, 11.414 ], [ 75.466, 11.427 ], [ 75.454, 11.429 ], [ 75.45, 11.442 ], [ 75.458, 11.451 ], [ 75.454, 11.464 ], [ 75.442, 11.466 ], [ 75.438, 11.479 ], [ 75.446, 11.488 ], [ 75.442, 11.501 ], [ 75.43, 11.503 ], [ 75.426, 11.516 ], [ 75.434, 11.525 ], [ 75.43, 11.538 ], [ 75.418, 11.54 ], [ 75.414, 11.553 ], [ 75.402, 11.555 ], [ 75.398, 11.568 ], [ 75.406, 11.577 ], [ 75.402, 11.59 ], [ 75.39, 11.592 ], [ 75.386, 11.605 ], [ 75.374, 11.607 ], [ 75.37, 11.619 ], [ 75.358, 11.622 ], [ 75.354, 11.634 ], [ 75.341, 11.637 ], [ 75.337, 11.649 ], [ 75.325, 11.652 ], [ 75.321, 11.664 ], [ 75.309, 11.666 ], [ 75.305, 11.679 ], [ 75.313, 11.689 ], [ 75.309, 11.701 ], [ 75.297, 11.703 ], [ 75.293, 11.716 ], [ 75.281, 11.718 ], [ 75.273, 11.708 ], [ 75.26, 11.711 ], [ 75.256, 11.723 ], [ 75.244, 11.726 ], [ 75.24, 11.738 ], [ 75.228, 11.74 ], [ 75.224, 11.753 ], [ 75.212, 11.755 ], [ 75.208, 11.768 ], [ 75.216, 11.777 ], [ 75.212, 11.79 ], [ 75.2, 11.792 ], [ 75.196, 11.805 ], [ 75.184, 11.807 ], [ 75.18, 11.819 ], [ 75.168, 11.822 ], [ 75.164, 11.834 ], [ 75.151, 11.837 ], [ 75.147, 11.849 ], [ 75.135, 11.851 ], [ 75.131, 11.864 ], [ 75.119, 11.866 ], [ 75.111, 11.856 ], [ 75.099, 11.859 ], [ 75.095, 11.871 ], [ 75.082, 11.874 ], [ 75.079, 11.886 ], [ 75.066, 11.888 ], [ 75.062, 11.901 ], [ 75.071, 11.911 ], [ 75.067, 11.923 ], [ 75.054, 11.925 ], [ 75.05, 11.938 ], [ 75.038, 11.94 ], [ 75.034, 11.952 ], [ 75.043, 11.962 ], [ 75.039, 11.974 ], [ 75.026, 11.977 ], [ 75.022, 11.989 ], [ 75.01, 11.992 ], [ 75.006, 12.004 ], [ 75.014, 12.014 ], [ 75.01, 12.026 ], [ 74.998, 12.029 ], [ 74.994, 12.041 ], [ 75.003, 12.051 ], [ 74.999, 12.063 ], [ 74.986, 12.065 ], [ 74.982, 12.078 ], [ 74.991, 12.088 ], [ 74.987, 12.1 ], [ 74.974, 12.102 ], [ 74.97, 12.115 ], [ 74.979, 12.124 ], [ 74.975, 12.137 ], [ 74.963, 12.139 ], [ 74.959, 12.151 ], [ 74.946, 12.154 ], [ 74.942, 12.166 ], [ 74.951, 12.176 ], [ 74.947, 12.188 ], [ 74.934, 12.191 ], [ 74.93, 12.203 ], [ 74.939, 12.213 ], [ 74.935, 12.225 ], [ 74.923, 12.227 ], [ 74.919, 12.24 ], [ 74.927, 12.25 ], [ 74.923, 12.262 ], [ 74.911, 12.264 ], [ 74.907, 12.277 ], [ 74.894, 12.279 ], [ 74.891, 12.291 ], [ 74.899, 12.301 ], [ 74.895, 12.313 ], [ 74.883, 12.316 ], [ 74.879, 12.328 ], [ 74.866, 12.33 ], [ 74.862, 12.343 ], [ 74.85, 12.345 ], [ 74.846, 12.357 ], [ 74.854, 12.367 ], [ 74.851, 12.38 ], [ 74.838, 12.382 ], [ 74.834, 12.394 ], [ 74.822, 12.397 ], [ 74.818, 12.409 ], [ 74.826, 12.419 ], [ 74.822, 12.431 ], [ 74.81, 12.433 ], [ 74.806, 12.446 ], [ 74.815, 12.455 ], [ 74.811, 12.468 ], [ 74.798, 12.47 ], [ 74.794, 12.482 ], [ 74.803, 12.492 ], [ 74.799, 12.504 ], [ 74.786, 12.507 ], [ 74.782, 12.519 ], [ 74.77, 12.522 ], [ 74.766, 12.534 ], [ 74.775, 12.544 ], [ 74.771, 12.556 ], [ 74.758, 12.558 ], [ 74.754, 12.571 ], [ 74.763, 12.58 ], [ 74.759, 12.593 ], [ 74.746, 12.595 ], [ 74.742, 12.607 ], [ 74.751, 12.617 ], [ 74.747, 12.629 ], [ 74.735, 12.632 ], [ 74.731, 12.644 ], [ 74.718, 12.646 ], [ 74.714, 12.659 ], [ 74.723, 12.668 ], [ 74.719, 12.681 ], [ 74.706, 12.683 ], [ 74.702, 12.695 ], [ 74.69, 12.698 ], [ 74.682, 12.688 ], [ 74.67, 12.69 ], [ 74.662, 12.68 ], [ 74.65, 12.683 ], [ 74.641, 12.673 ], [ 74.645, 12.661 ], [ 74.637, 12.651 ], [ 74.625, 12.653 ], [ 74.617, 12.643 ], [ 74.605, 12.646 ], [ 74.597, 12.636 ], [ 74.584, 12.638 ], [ 74.576, 12.628 ], [ 74.564, 12.631 ], [ 74.556, 12.621 ], [ 74.544, 12.623 ], [ 74.536, 12.613 ], [ 74.523, 12.616 ], [ 74.515, 12.606 ], [ 74.503, 12.608 ], [ 74.495, 12.599 ], [ 74.499, 12.586 ], [ 74.491, 12.576 ], [ 74.479, 12.579 ], [ 74.47, 12.569 ], [ 74.458, 12.571 ], [ 74.45, 12.562 ], [ 74.438, 12.564 ], [ 74.43, 12.554 ], [ 74.418, 12.556 ], [ 74.41, 12.547 ], [ 74.397, 12.549 ], [ 74.389, 12.539 ], [ 74.377, 12.542 ], [ 74.369, 12.532 ], [ 74.373, 12.519 ], [ 74.365, 12.51 ], [ 74.353, 12.512 ], [ 74.345, 12.502 ], [ 74.333, 12.505 ], [ 74.324, 12.495 ], [ 74.312, 12.497 ], [ 74.304, 12.487 ], [ 74.292, 12.49 ], [ 74.284, 12.48 ], [ 74.272, 12.482 ], [ 74.264, 12.472 ], [ 74.252, 12.475 ], [ 74.244, 12.465 ], [ 74.231, 12.467 ], [ 74.223, 12.457 ], [ 74.211, 12.46 ], [ 74.203, 12.45 ], [ 74.207, 12.438 ], [ 74.199, 12.428 ], [ 74.187, 12.43 ], [ 74.179, 12.421 ], [ 74.167, 12.423 ], [ 74.159, 12.413 ], [ 74.146, 12.415 ], [ 74.138, 12.406 ], [ 74.126, 12.408 ], [ 74.118, 12.398 ], [ 74.106, 12.401 ], [ 74.098, 12.391 ], [ 74.086, 12.393 ], [ 74.078, 12.383 ], [ 74.066, 12.386 ], [ 74.058, 12.376 ], [ 74.046, 12.378 ], [ 74.038, 12.368 ], [ 74.025, 12.371 ], [ 74.017, 12.361 ], [ 74.005, 12.363 ], [ 73.997, 12.353 ], [ 74.001, 12.341 ], [ 73.993, 12.331 ], [ 73.981, 12.334 ], [ 73.973, 12.324 ], [ 73.961, 12.326 ], [ 73.953, 12.317 ], [ 73.941, 12.319 ], [ 73.933, 12.309 ], [ 73.921, 12.311 ], [ 73.913, 12.302 ], [ 73.901, 12.304 ], [ 73.893, 12.294 ], [ 73.881, 12.297 ], [ 73.872, 12.287 ], [ 73.876, 12.275 ], [ 73.868, 12.265 ], [ 73.856, 12.267 ], [ 73.848, 12.257 ], [ 73.852, 12.245 ], [ 73.864, 12.243 ], [ 73.868, 12.231 ], [ 73.88, 12.228 ], [ 73.884, 12.216 ], [ 73.876, 12.206 ], [ 73.88, 12.194 ], [ 73.892, 12.192 ], [ 73.896, 12.18 ], [ 73.908, 12.177 ], [ 73.912, 12.165 ], [ 73.904, 12.155 ], [ 73.908, 12.143 ], [ 73.92, 12.141 ], [ 73.924, 12.129 ], [ 73.916, 12.119 ], [ 73.92, 12.107 ], [ 73.932, 12.104 ], [ 73.936, 12.092 ], [ 73.948, 12.09 ], [ 73.952, 12.077 ], [ 73.964, 12.075 ], [ 73.968, 12.063 ], [ 73.96, 12.053 ], [ 73.964, 12.041 ], [ 73.976, 12.038 ], [ 73.98, 12.026 ], [ 73.972, 12.016 ], [ 73.976, 12.004 ], [ 73.988, 12.002 ], [ 73.992, 11.99 ], [ 74.004, 11.987 ], [ 74.008, 11.975 ], [ 73.999, 11.965 ], [ 74.003, 11.953 ], [ 74.015, 11.951 ], [ 74.019, 11.938 ], [ 74.011, 11.929 ], [ 74.015, 11.916 ], [ 74.027, 11.914 ], [ 74.031, 11.902 ], [ 74.043, 11.899 ], [ 74.047, 11.887 ], [ 74.059, 11.885 ], [ 74.063, 11.873 ], [ 74.075, 11.87 ], [ 74.079, 11.858 ], [ 74.091, 11.856 ], [ 74.095, 11.843 ], [ 74.107, 11.841 ], [ 74.111, 11.829 ], [ 74.123, 11.826 ], [ 74.127, 11.814 ], [ 74.139, 11.812 ], [ 74.143, 11.8 ], [ 74.155, 11.797 ], [ 74.159, 11.785 ], [ 74.151, 11.775 ], [ 74.155, 11.763 ], [ 74.167, 11.76 ], [ 74.171, 11.748 ], [ 74.183, 11.746 ], [ 74.187, 11.734 ], [ 74.199, 11.731 ], [ 74.203, 11.719 ], [ 74.215, 11.717 ], [ 74.219, 11.704 ], [ 74.231, 11.702 ], [ 74.235, 11.69 ], [ 74.247, 11.687 ], [ 74.251, 11.675 ], [ 74.263, 11.673 ], [ 74.267, 11.66 ], [ 74.279, 11.658 ], [ 74.283, 11.646 ], [ 74.275, 11.636 ], [ 74.279, 11.624 ], [ 74.291, 11.621 ], [ 74.295, 11.609 ], [ 74.307, 11.606 ], [ 74.311, 11.594 ], [ 74.323, 11.592 ], [ 74.327, 11.58 ], [ 74.339, 11.577 ], [ 74.343, 11.565 ], [ 74.335, 11.555 ], [ 74.339, 11.543 ], [ 74.351, 11.54 ], [ 74.355, 11.528 ], [ 74.367, 11.526 ], [ 74.371, 11.513 ], [ 74.383, 11.511 ], [ 74.387, 11.499 ], [ 74.399, 11.496 ], [ 74.403, 11.484 ], [ 74.395, 11.474 ], [ 74.399, 11.462 ], [ 74.411, 11.46 ], [ 74.415, 11.447 ], [ 74.427, 11.445 ], [ 74.431, 11.433 ], [ 74.443, 11.43 ], [ 74.447, 11.418 ], [ 74.459, 11.415 ], [ 74.463, 11.403 ], [ 74.455, 11.393 ], [ 74.459, 11.381 ], [ 74.471, 11.379 ], [ 74.475, 11.366 ], [ 74.487, 11.364 ], [ 74.491, 11.352 ], [ 74.503, 11.349 ], [ 74.507, 11.337 ], [ 74.519, 11.334 ], [ 74.523, 11.322 ], [ 74.515, 11.312 ], [ 74.519, 11.3 ], [ 74.531, 11.298 ], [ 74.535, 11.285 ], [ 74.547, 11.283 ], [ 74.551, 11.27 ], [ 74.563, 11.268 ], [ 74.567, 11.256 ], [ 74.579, 11.253 ], [ 74.583, 11.241 ], [ 74.575, 11.231 ], [ 74.579, 11.219 ], [ 74.591, 11.216 ], [ 74.595, 11.204 ], [ 74.607, 11.202 ], [ 74.611, 11.189 ], [ 74.623, 11.187 ], [ 74.627, 11.175 ], [ 74.639, 11.172 ], [ 74.643, 11.16 ], [ 74.635, 11.15 ], [ 74.639, 11.138 ], [ 74.651, 11.135 ], [ 74.655, 11.123 ], [ 74.667, 11.12 ], [ 74.671, 11.108 ], [ 74.663, 11.098 ], [ 74.667, 11.086 ], [ 74.679, 11.084 ], [ 74.683, 11.071 ], [ 74.675, 11.062 ], [ 74.679, 11.049 ], [ 74.691, 11.047 ], [ 74.695, 11.034 ], [ 74.687, 11.025 ], [ 74.691, 11.012 ], [ 74.703, 11.01 ], [ 74.707, 10.998 ], [ 74.698, 10.988 ], [ 74.702, 10.975 ], [ 74.714, 10.973 ], [ 74.718, 10.961 ], [ 74.71, 10.951 ], [ 74.714, 10.939 ], [ 74.726, 10.936 ], [ 74.73, 10.924 ], [ 74.722, 10.914 ], [ 74.726, 10.902 ], [ 74.738, 10.899 ], [ 74.742, 10.887 ], [ 74.734, 10.877 ], [ 74.738, 10.865 ], [ 74.75, 10.862 ], [ 74.754, 10.85 ], [ 74.746, 10.84 ], [ 74.75, 10.828 ], [ 74.762, 10.825 ], [ 74.766, 10.813 ], [ 74.758, 10.803 ], [ 74.762, 10.791 ], [ 74.774, 10.788 ], [ 74.778, 10.776 ], [ 74.77, 10.766 ], [ 74.774, 10.754 ], [ 74.786, 10.752 ], [ 74.79, 10.739 ], [ 74.781, 10.729 ], [ 74.785, 10.717 ], [ 74.797, 10.715 ], [ 74.801, 10.702 ], [ 74.793, 10.692 ], [ 74.797, 10.68 ], [ 74.789, 10.67 ], [ 74.793, 10.658 ], [ 74.805, 10.656 ], [ 74.809, 10.643 ], [ 74.801, 10.633 ], [ 74.805, 10.621 ], [ 74.797, 10.611 ], [ 74.801, 10.599 ], [ 74.793, 10.589 ], [ 74.796, 10.577 ], [ 74.809, 10.574 ], [ 74.813, 10.562 ], [ 74.804, 10.552 ], [ 74.808, 10.54 ], [ 74.8, 10.53 ], [ 74.804, 10.518 ], [ 74.796, 10.508 ], [ 74.8, 10.496 ], [ 74.812, 10.493 ], [ 74.816, 10.481 ], [ 74.808, 10.471 ], [ 74.812, 10.459 ], [ 74.804, 10.449 ], [ 74.808, 10.437 ], [ 74.799, 10.427 ], [ 74.803, 10.415 ], [ 74.815, 10.412 ], [ 74.819, 10.4 ], [ 74.811, 10.39 ], [ 74.815, 10.378 ], [ 74.807, 10.368 ], [ 74.811, 10.356 ], [ 74.823, 10.353 ], [ 74.827, 10.341 ], [ 74.819, 10.331 ], [ 74.823, 10.319 ], [ 74.835, 10.316 ], [ 74.839, 10.304 ], [ 74.831, 10.294 ], [ 74.835, 10.282 ], [ 74.827, 10.272 ], [ 74.83, 10.26 ], [ 74.843, 10.257 ], [ 74.846, 10.245 ], [ 74.838, 10.235 ], [ 74.842, 10.223 ], [ 74.854, 10.22 ], [ 74.858, 10.208 ], [ 74.85, 10.198 ], [ 74.854, 10.186 ], [ 74.866, 10.183 ], [ 74.87, 10.171 ], [ 74.862, 10.161 ], [ 74.866, 10.149 ], [ 74.878, 10.146 ], [ 74.882, 10.134 ], [ 74.874, 10.124 ], [ 74.878, 10.112 ], [ 74.87, 10.102 ], [ 74.874, 10.09 ], [ 74.886, 10.087 ], [ 74.89, 10.075 ], [ 74.881, 10.065 ], [ 74.885, 10.053 ], [ 74.898, 10.05 ], [ 74.901, 10.038 ], [ 74.893, 10.028 ], [ 74.897, 10.016 ], [ 74.889, 10.006 ], [ 74.893, 9.994 ], [ 74.905, 9.991 ], [ 74.909, 9.979 ], [ 74.901, 9.969 ], [ 74.905, 9.957 ], [ 74.897, 9.947 ], [ 74.901, 9.935 ], [ 74.913, 9.932 ], [ 74.917, 9.92 ], [ 74.909, 9.91 ], [ 74.912, 9.898 ], [ 74.904, 9.888 ], [ 74.908, 9.876 ], [ 74.9, 9.866 ], [ 74.904, 9.854 ], [ 74.916, 9.851 ], [ 74.92, 9.839 ], [ 74.912, 9.829 ], [ 74.916, 9.816 ], [ 74.908, 9.807 ], [ 74.912, 9.794 ], [ 74.924, 9.792 ], [ 74.928, 9.779 ], [ 74.92, 9.77 ], [ 74.923, 9.757 ], [ 74.915, 9.748 ], [ 74.919, 9.735 ], [ 74.911, 9.726 ], [ 74.915, 9.713 ], [ 74.927, 9.711 ], [ 74.931, 9.698 ], [ 74.923, 9.689 ], [ 74.927, 9.676 ], [ 74.919, 9.667 ], [ 74.923, 9.654 ], [ 74.935, 9.652 ], [ 74.939, 9.639 ], [ 74.931, 9.629 ], [ 74.935, 9.617 ], [ 74.926, 9.607 ], [ 74.93, 9.595 ], [ 74.922, 9.585 ], [ 74.926, 9.573 ], [ 74.918, 9.563 ], [ 74.922, 9.551 ], [ 74.914, 9.541 ], [ 74.918, 9.529 ], [ 74.93, 9.526 ], [ 74.934, 9.514 ], [ 74.926, 9.504 ], [ 74.929, 9.492 ], [ 74.921, 9.482 ], [ 74.925, 9.47 ], [ 74.917, 9.46 ], [ 74.921, 9.448 ], [ 74.913, 9.438 ], [ 74.917, 9.426 ], [ 74.909, 9.416 ], [ 74.913, 9.404 ], [ 74.905, 9.394 ], [ 74.908, 9.382 ], [ 74.9, 9.372 ], [ 74.904, 9.36 ], [ 74.896, 9.35 ], [ 74.9, 9.338 ], [ 74.892, 9.328 ], [ 74.896, 9.316 ], [ 74.888, 9.306 ], [ 74.892, 9.293 ], [ 74.884, 9.284 ], [ 74.887, 9.271 ], [ 74.879, 9.262 ], [ 74.883, 9.249 ], [ 74.875, 9.24 ], [ 74.879, 9.227 ], [ 74.871, 9.218 ], [ 74.875, 9.205 ], [ 74.867, 9.196 ], [ 74.871, 9.183 ], [ 74.863, 9.174 ], [ 74.867, 9.161 ], [ 74.858, 9.152 ], [ 74.862, 9.139 ], [ 74.854, 9.13 ], [ 74.858, 9.117 ], [ 74.85, 9.108 ], [ 74.854, 9.095 ], [ 74.846, 9.086 ], [ 74.85, 9.073 ], [ 74.842, 9.064 ], [ 74.846, 9.051 ], [ 74.837, 9.042 ], [ 74.841, 9.029 ], [ 74.833, 9.02 ], [ 74.837, 9.007 ], [ 74.829, 8.997 ], [ 74.833, 8.985 ], [ 74.825, 8.975 ], [ 74.829, 8.963 ], [ 74.821, 8.953 ], [ 74.809, 8.956 ], [ 74.801, 8.946 ], [ 74.804, 8.934 ], [ 74.796, 8.924 ], [ 74.8, 8.912 ], [ 74.792, 8.902 ], [ 74.796, 8.89 ], [ 74.788, 8.88 ], [ 74.792, 8.868 ], [ 74.784, 8.858 ], [ 74.788, 8.846 ], [ 74.78, 8.836 ], [ 74.784, 8.824 ], [ 74.775, 8.814 ], [ 74.779, 8.802 ], [ 74.771, 8.792 ], [ 74.775, 8.78 ], [ 74.767, 8.77 ], [ 74.771, 8.758 ], [ 74.763, 8.748 ], [ 74.767, 8.736 ], [ 74.759, 8.727 ], [ 74.763, 8.714 ], [ 74.755, 8.705 ], [ 74.759, 8.692 ], [ 74.771, 8.689 ], [ 74.774, 8.677 ], [ 74.766, 8.667 ], [ 74.77, 8.655 ], [ 74.762, 8.645 ], [ 74.766, 8.633 ], [ 74.778, 8.63 ], [ 74.782, 8.618 ], [ 74.774, 8.608 ], [ 74.778, 8.596 ], [ 74.79, 8.593 ], [ 74.794, 8.581 ], [ 74.786, 8.571 ], [ 74.79, 8.559 ], [ 74.802, 8.556 ], [ 74.806, 8.544 ], [ 74.818, 8.541 ], [ 74.822, 8.529 ], [ 74.813, 8.519 ], [ 74.817, 8.507 ], [ 74.809, 8.497 ], [ 74.813, 8.485 ], [ 74.825, 8.482 ], [ 74.829, 8.47 ], [ 74.821, 8.46 ], [ 74.825, 8.448 ], [ 74.837, 8.445 ], [ 74.841, 8.433 ], [ 74.833, 8.423 ], [ 74.837, 8.411 ], [ 74.849, 8.408 ], [ 74.853, 8.396 ], [ 74.845, 8.386 ], [ 74.849, 8.374 ], [ 74.84, 8.364 ], [ 74.844, 8.352 ], [ 74.856, 8.349 ], [ 74.86, 8.337 ], [ 74.852, 8.327 ], [ 74.856, 8.315 ], [ 74.868, 8.312 ], [ 74.872, 8.3 ], [ 74.864, 8.29 ], [ 74.868, 8.278 ], [ 74.86, 8.268 ], [ 74.864, 8.256 ], [ 74.876, 8.253 ], [ 74.88, 8.241 ], [ 74.872, 8.231 ], [ 74.875, 8.219 ], [ 74.867, 8.209 ], [ 74.871, 8.197 ], [ 74.883, 8.194 ], [ 74.887, 8.181 ], [ 74.879, 8.172 ], [ 74.883, 8.159 ], [ 74.875, 8.15 ], [ 74.879, 8.137 ], [ 74.891, 8.135 ], [ 74.895, 8.122 ], [ 74.887, 8.113 ], [ 74.891, 8.1 ], [ 74.882, 8.091 ], [ 74.886, 8.078 ], [ 74.898, 8.076 ], [ 74.902, 8.063 ], [ 74.894, 8.054 ], [ 74.898, 8.041 ], [ 74.89, 8.032 ], [ 74.894, 8.019 ], [ 74.906, 8.017 ], [ 74.91, 8.004 ], [ 74.902, 7.995 ], [ 74.906, 7.982 ], [ 74.918, 7.98 ], [ 74.922, 7.967 ], [ 74.914, 7.958 ], [ 74.917, 7.945 ], [ 74.909, 7.936 ], [ 74.913, 7.923 ], [ 74.925, 7.92 ], [ 74.929, 7.908 ], [ 74.921, 7.898 ], [ 74.925, 7.886 ], [ 74.917, 7.877 ], [ 74.921, 7.864 ], [ 74.933, 7.861 ], [ 74.937, 7.849 ], [ 74.929, 7.839 ], [ 74.933, 7.827 ], [ 74.925, 7.817 ], [ 74.928, 7.805 ], [ 74.94, 7.802 ], [ 74.944, 7.79 ], [ 74.956, 7.787 ], [ 74.96, 7.775 ], [ 74.952, 7.765 ], [ 74.956, 7.753 ], [ 74.968, 7.75 ], [ 74.972, 7.738 ], [ 74.984, 7.735 ], [ 74.988, 7.723 ], [ 75.0, 7.72 ], [ 75.004, 7.707 ], [ 74.996, 7.698 ], [ 75.0, 7.685 ], [ 75.012, 7.683 ], [ 75.016, 7.67 ], [ 75.008, 7.661 ], [ 75.011, 7.648 ], [ 75.023, 7.645 ], [ 75.027, 7.633 ], [ 75.039, 7.63 ], [ 75.043, 7.618 ], [ 75.035, 7.608 ], [ 75.039, 7.596 ], [ 75.051, 7.593 ], [ 75.055, 7.581 ], [ 75.067, 7.578 ], [ 75.071, 7.566 ], [ 75.083, 7.563 ], [ 75.087, 7.55 ], [ 75.079, 7.541 ], [ 75.083, 7.528 ], [ 75.095, 7.526 ], [ 75.099, 7.513 ], [ 75.111, 7.51 ], [ 75.115, 7.498 ], [ 75.106, 7.488 ], [ 75.11, 7.476 ], [ 75.122, 7.473 ], [ 75.126, 7.461 ], [ 75.138, 7.458 ], [ 75.142, 7.446 ], [ 75.134, 7.436 ], [ 75.138, 7.424 ], [ 75.15, 7.421 ], [ 75.154, 7.408 ], [ 75.166, 7.406 ], [ 75.17, 7.393 ], [ 75.162, 7.384 ], [ 75.166, 7.371 ], [ 75.178, 7.369 ], [ 75.182, 7.356 ], [ 75.194, 7.353 ], [ 75.198, 7.341 ], [ 75.19, 7.331 ], [ 75.193, 7.319 ], [ 75.205, 7.316 ], [ 75.209, 7.304 ], [ 75.201, 7.294 ], [ 75.205, 7.282 ], [ 75.217, 7.279 ], [ 75.221, 7.267 ], [ 75.233, 7.264 ], [ 75.237, 7.251 ], [ 75.229, 7.242 ], [ 75.233, 7.229 ], [ 75.245, 7.226 ], [ 75.249, 7.214 ], [ 75.261, 7.211 ], [ 75.265, 7.199 ], [ 75.257, 7.189 ], [ 75.261, 7.177 ], [ 75.273, 7.174 ], [ 75.276, 7.162 ], [ 75.268, 7.152 ], [ 75.272, 7.14 ], [ 75.284, 7.137 ], [ 75.288, 7.124 ], [ 75.28, 7.115 ], [ 75.284, 7.102 ], [ 75.296, 7.1 ], [ 75.3, 7.087 ], [ 75.312, 7.084 ], [ 75.316, 7.072 ], [ 75.308, 7.062 ], [ 75.312, 7.05 ], [ 75.324, 7.047 ], [ 75.328, 7.035 ], [ 75.319, 7.025 ], [ 75.323, 7.013 ], [ 75.335, 7.01 ], [ 75.339, 6.998 ], [ 75.331, 6.988 ], [ 75.335, 6.976 ], [ 75.347, 6.973 ], [ 75.351, 6.96 ], [ 75.343, 6.951 ], [ 75.347, 6.938 ], [ 75.359, 6.936 ], [ 75.363, 6.923 ], [ 75.355, 6.914 ], [ 75.359, 6.901 ], [ 75.371, 6.898 ], [ 75.375, 6.886 ], [ 75.387, 6.883 ], [ 75.39, 6.871 ], [ 75.382, 6.861 ], [ 75.386, 6.849 ], [ 75.398, 6.846 ], [ 75.402, 6.833 ], [ 75.414, 6.83 ], [ 75.418, 6.818 ], [ 75.43, 6.815 ], [ 75.434, 6.803 ], [ 75.426, 6.793 ] ] ] ] } },
{ "type": "Feature", "properties": { "POLYGON.ID": 312.0, "subregion": "India--Kerala--Offshore", "POLYGON": "India--Kerala--Offshore", "SHOW": "1", "FILTER": "India--Kerala--Coast (0 to 40m)", "FILTER.ID": "CL30086", "OLD.POLYGON": "1", "STATE": "Kerala", "COUNTY": "spl_region", "OWNER": null }, "geometry": { "type": "MultiPolygon", "coordinates": [ [ [ [ 76.653, 8.772 ], [ 76.64, 8.775 ], [ 76.637, 8.787 ], [ 76.624, 8.79 ], [ 76.62, 8.803 ], [ 76.629, 8.812 ], [ 76.625, 8.825 ], [ 76.612, 8.828 ], [ 76.608, 8.84 ], [ 76.596, 8.843 ], [ 76.592, 8.856 ], [ 76.58, 8.858 ], [ 76.572, 8.849 ], [ 76.559, 8.851 ], [ 76.555, 8.864 ], [ 76.543, 8.867 ], [ 76.539, 8.879 ], [ 76.527, 8.882 ], [ 76.523, 8.894 ], [ 76.531, 8.904 ], [ 76.527, 8.917 ], [ 76.515, 8.919 ], [ 76.511, 8.932 ], [ 76.519, 8.942 ], [ 76.515, 8.954 ], [ 76.524, 8.964 ], [ 76.52, 8.976 ], [ 76.508, 8.979 ], [ 76.504, 8.992 ], [ 76.512, 9.001 ], [ 76.508, 9.014 ], [ 76.496, 9.017 ], [ 76.492, 9.029 ], [ 76.48, 9.032 ], [ 76.476, 9.044 ], [ 76.463, 9.047 ], [ 76.459, 9.06 ], [ 76.468, 9.069 ], [ 76.464, 9.082 ], [ 76.472, 9.092 ], [ 76.468, 9.104 ], [ 76.456, 9.107 ], [ 76.452, 9.119 ], [ 76.44, 9.122 ], [ 76.436, 9.135 ], [ 76.444, 9.144 ], [ 76.44, 9.157 ], [ 76.428, 9.16 ], [ 76.424, 9.172 ], [ 76.412, 9.175 ], [ 76.408, 9.187 ], [ 76.416, 9.197 ], [ 76.412, 9.21 ], [ 76.4, 9.212 ], [ 76.396, 9.225 ], [ 76.404, 9.235 ], [ 76.4, 9.247 ], [ 76.388, 9.25 ], [ 76.384, 9.262 ], [ 76.372, 9.265 ], [ 76.368, 9.277 ], [ 76.355, 9.28 ], [ 76.351, 9.293 ], [ 76.339, 9.295 ], [ 76.335, 9.308 ], [ 76.344, 9.318 ], [ 76.34, 9.33 ], [ 76.327, 9.333 ], [ 76.323, 9.345 ], [ 76.332, 9.355 ], [ 76.328, 9.368 ], [ 76.315, 9.37 ], [ 76.312, 9.383 ], [ 76.32, 9.393 ], [ 76.316, 9.405 ], [ 76.304, 9.408 ], [ 76.3, 9.42 ], [ 76.308, 9.43 ], [ 76.304, 9.442 ], [ 76.292, 9.445 ], [ 76.288, 9.458 ], [ 76.296, 9.467 ], [ 76.292, 9.48 ], [ 76.28, 9.483 ], [ 76.276, 9.495 ], [ 76.284, 9.505 ], [ 76.28, 9.517 ], [ 76.268, 9.52 ], [ 76.264, 9.532 ], [ 76.272, 9.542 ], [ 76.269, 9.555 ], [ 76.277, 9.564 ], [ 76.273, 9.577 ], [ 76.261, 9.58 ], [ 76.257, 9.592 ], [ 76.265, 9.602 ], [ 76.261, 9.614 ], [ 76.269, 9.624 ], [ 76.265, 9.637 ], [ 76.274, 9.646 ], [ 76.27, 9.659 ], [ 76.258, 9.661 ], [ 76.254, 9.674 ], [ 76.262, 9.684 ], [ 76.258, 9.696 ], [ 76.266, 9.706 ], [ 76.262, 9.718 ], [ 76.25, 9.721 ], [ 76.246, 9.734 ], [ 76.254, 9.743 ], [ 76.25, 9.756 ], [ 76.259, 9.766 ], [ 76.255, 9.778 ], [ 76.263, 9.788 ], [ 76.259, 9.8 ], [ 76.247, 9.803 ], [ 76.243, 9.815 ], [ 76.251, 9.825 ], [ 76.247, 9.838 ], [ 76.235, 9.84 ], [ 76.231, 9.853 ], [ 76.239, 9.863 ], [ 76.235, 9.875 ], [ 76.223, 9.878 ], [ 76.219, 9.89 ], [ 76.228, 9.9 ], [ 76.224, 9.912 ], [ 76.211, 9.915 ], [ 76.207, 9.928 ], [ 76.216, 9.937 ], [ 76.212, 9.95 ], [ 76.199, 9.952 ], [ 76.196, 9.965 ], [ 76.204, 9.975 ], [ 76.2, 9.987 ], [ 76.188, 9.99 ], [ 76.184, 10.002 ], [ 76.192, 10.012 ], [ 76.188, 10.025 ], [ 76.176, 10.027 ], [ 76.172, 10.04 ], [ 76.18, 10.049 ], [ 76.176, 10.062 ], [ 76.164, 10.065 ], [ 76.16, 10.077 ], [ 76.168, 10.087 ], [ 76.164, 10.099 ], [ 76.152, 10.102 ], [ 76.148, 10.114 ], [ 76.156, 10.124 ], [ 76.152, 10.137 ], [ 76.14, 10.139 ], [ 76.136, 10.152 ], [ 76.145, 10.161 ], [ 76.141, 10.174 ], [ 76.128, 10.177 ], [ 76.124, 10.189 ], [ 76.133, 10.199 ], [ 76.129, 10.211 ], [ 76.116, 10.214 ], [ 76.112, 10.226 ], [ 76.121, 10.236 ], [ 76.117, 10.249 ], [ 76.105, 10.251 ], [ 76.101, 10.264 ], [ 76.109, 10.273 ], [ 76.105, 10.286 ], [ 76.093, 10.289 ], [ 76.089, 10.301 ], [ 76.097, 10.311 ], [ 76.093, 10.323 ], [ 76.081, 10.326 ], [ 76.077, 10.338 ], [ 76.065, 10.341 ], [ 76.061, 10.353 ], [ 76.069, 10.363 ], [ 76.065, 10.376 ], [ 76.073, 10.385 ], [ 76.069, 10.398 ], [ 76.057, 10.4 ], [ 76.053, 10.413 ], [ 76.041, 10.416 ], [ 76.037, 10.428 ], [ 76.045, 10.438 ], [ 76.041, 10.45 ], [ 76.029, 10.453 ], [ 76.025, 10.465 ], [ 76.013, 10.468 ], [ 76.009, 10.48 ], [ 76.017, 10.49 ], [ 76.013, 10.503 ], [ 76.001, 10.505 ], [ 75.997, 10.518 ], [ 75.985, 10.52 ], [ 75.981, 10.533 ], [ 75.989, 10.542 ], [ 75.985, 10.555 ], [ 75.973, 10.558 ], [ 75.969, 10.57 ], [ 75.977, 10.58 ], [ 75.973, 10.592 ], [ 75.961, 10.595 ], [ 75.957, 10.607 ], [ 75.965, 10.617 ], [ 75.961, 10.629 ], [ 75.949, 10.632 ], [ 75.945, 10.644 ], [ 75.933, 10.647 ], [ 75.929, 10.659 ], [ 75.937, 10.669 ], [ 75.933, 10.682 ], [ 75.941, 10.692 ], [ 75.937, 10.704 ], [ 75.925, 10.707 ], [ 75.921, 10.719 ], [ 75.909, 10.722 ], [ 75.905, 10.734 ], [ 75.913, 10.744 ], [ 75.909, 10.756 ], [ 75.897, 10.759 ], [ 75.893, 10.771 ], [ 75.901, 10.781 ], [ 75.897, 10.793 ], [ 75.885, 10.796 ], [ 75.881, 10.808 ], [ 75.889, 10.818 ], [ 75.886, 10.831 ], [ 75.873, 10.833 ], [ 75.869, 10.846 ], [ 75.878, 10.855 ], [ 75.874, 10.868 ], [ 75.861, 10.87 ], [ 75.857, 10.883 ], [ 75.866, 10.893 ], [ 75.862, 10.905 ], [ 75.849, 10.908 ], [ 75.845, 10.92 ], [ 75.854, 10.93 ], [ 75.85, 10.942 ], [ 75.858, 10.952 ], [ 75.854, 10.965 ], [ 75.842, 10.967 ], [ 75.838, 10.98 ], [ 75.846, 10.989 ], [ 75.842, 11.002 ], [ 75.83, 11.004 ], [ 75.826, 11.017 ], [ 75.834, 11.027 ], [ 75.83, 11.039 ], [ 75.818, 11.041 ], [ 75.814, 11.054 ], [ 75.822, 11.064 ], [ 75.818, 11.076 ], [ 75.806, 11.079 ], [ 75.802, 11.091 ], [ 75.811, 11.101 ], [ 75.807, 11.113 ], [ 75.794, 11.116 ], [ 75.79, 11.128 ], [ 75.799, 11.138 ], [ 75.795, 11.15 ], [ 75.782, 11.153 ], [ 75.778, 11.165 ], [ 75.766, 11.168 ], [ 75.762, 11.18 ], [ 75.771, 11.19 ], [ 75.767, 11.203 ], [ 75.754, 11.205 ], [ 75.75, 11.218 ], [ 75.738, 11.22 ], [ 75.734, 11.232 ], [ 75.742, 11.242 ], [ 75.738, 11.255 ], [ 75.747, 11.264 ], [ 75.743, 11.277 ], [ 75.73, 11.279 ], [ 75.727, 11.292 ], [ 75.714, 11.294 ], [ 75.71, 11.307 ], [ 75.719, 11.317 ], [ 75.715, 11.329 ], [ 75.702, 11.331 ], [ 75.698, 11.344 ], [ 75.707, 11.354 ], [ 75.703, 11.366 ], [ 75.69, 11.369 ], [ 75.686, 11.381 ], [ 75.674, 11.384 ], [ 75.67, 11.396 ], [ 75.679, 11.406 ], [ 75.675, 11.418 ], [ 75.662, 11.421 ], [ 75.658, 11.433 ], [ 75.646, 11.436 ], [ 75.642, 11.448 ], [ 75.63, 11.45 ], [ 75.626, 11.463 ], [ 75.614, 11.465 ], [ 75.605, 11.456 ], [ 75.593, 11.458 ], [ 75.589, 11.47 ], [ 75.597, 11.48 ], [ 75.593, 11.493 ], [ 75.581, 11.495 ], [ 75.577, 11.508 ], [ 75.565, 11.51 ], [ 75.561, 11.522 ], [ 75.569, 11.532 ], [ 75.565, 11.545 ], [ 75.553, 11.547 ], [ 75.549, 11.559 ], [ 75.557, 11.569 ], [ 75.553, 11.582 ], [ 75.541, 11.584 ], [ 75.537, 11.597 ], [ 75.545, 11.606 ], [ 75.541, 11.619 ], [ 75.529, 11.621 ], [ 75.525, 11.634 ], [ 75.534, 11.643 ], [ 75.53, 11.656 ], [ 75.517, 11.658 ], [ 75.513, 11.671 ], [ 75.522, 11.68 ], [ 75.518, 11.693 ], [ 75.505, 11.695 ], [ 75.501, 11.708 ], [ 75.489, 11.71 ], [ 75.485, 11.723 ], [ 75.473, 11.725 ], [ 75.469, 11.737 ], [ 75.457, 11.74 ], [ 75.453, 11.752 ], [ 75.441, 11.755 ], [ 75.437, 11.767 ], [ 75.424, 11.77 ], [ 75.42, 11.782 ], [ 75.429, 11.792 ], [ 75.425, 11.804 ], [ 75.412, 11.807 ], [ 75.408, 11.819 ], [ 75.396, 11.821 ], [ 75.388, 11.812 ], [ 75.376, 11.814 ], [ 75.372, 11.826 ], [ 75.38, 11.836 ], [ 75.376, 11.849 ], [ 75.364, 11.851 ], [ 75.355, 11.841 ], [ 75.343, 11.844 ], [ 75.339, 11.856 ], [ 75.327, 11.859 ], [ 75.323, 11.871 ], [ 75.311, 11.873 ], [ 75.307, 11.886 ], [ 75.295, 11.888 ], [ 75.291, 11.9 ], [ 75.299, 11.91 ], [ 75.295, 11.923 ], [ 75.283, 11.925 ], [ 75.279, 11.937 ], [ 75.267, 11.94 ], [ 75.263, 11.952 ], [ 75.25, 11.955 ], [ 75.246, 11.967 ], [ 75.255, 11.977 ], [ 75.251, 11.989 ], [ 75.238, 11.992 ], [ 75.23, 11.982 ], [ 75.218, 11.984 ], [ 75.214, 11.997 ], [ 75.202, 11.999 ], [ 75.194, 11.989 ], [ 75.181, 11.992 ], [ 75.177, 12.004 ], [ 75.165, 12.006 ], [ 75.161, 12.019 ], [ 75.169, 12.029 ], [ 75.165, 12.041 ], [ 75.153, 12.043 ], [ 75.149, 12.056 ], [ 75.157, 12.065 ], [ 75.153, 12.078 ], [ 75.162, 12.088 ], [ 75.158, 12.1 ], [ 75.146, 12.102 ], [ 75.142, 12.115 ], [ 75.129, 12.117 ], [ 75.125, 12.129 ], [ 75.113, 12.132 ], [ 75.109, 12.144 ], [ 75.117, 12.154 ], [ 75.113, 12.166 ], [ 75.101, 12.169 ], [ 75.097, 12.181 ], [ 75.106, 12.191 ], [ 75.102, 12.203 ], [ 75.089, 12.206 ], [ 75.085, 12.218 ], [ 75.073, 12.22 ], [ 75.069, 12.233 ], [ 75.077, 12.242 ], [ 75.073, 12.255 ], [ 75.061, 12.257 ], [ 75.057, 12.269 ], [ 75.066, 12.279 ], [ 75.062, 12.292 ], [ 75.049, 12.294 ], [ 75.045, 12.306 ], [ 75.033, 12.309 ], [ 75.029, 12.321 ], [ 75.037, 12.331 ], [ 75.033, 12.343 ], [ 75.042, 12.353 ], [ 75.038, 12.365 ], [ 75.025, 12.368 ], [ 75.022, 12.38 ], [ 75.009, 12.382 ], [ 75.005, 12.395 ], [ 74.993, 12.397 ], [ 74.989, 12.409 ], [ 74.997, 12.419 ], [ 74.993, 12.432 ], [ 74.981, 12.434 ], [ 74.977, 12.446 ], [ 74.985, 12.456 ], [ 74.981, 12.468 ], [ 74.969, 12.471 ], [ 74.965, 12.483 ], [ 74.953, 12.485 ], [ 74.949, 12.498 ], [ 74.957, 12.508 ], [ 74.953, 12.52 ], [ 74.941, 12.522 ], [ 74.937, 12.535 ], [ 74.945, 12.544 ], [ 74.941, 12.557 ], [ 74.929, 12.559 ], [ 74.925, 12.571 ], [ 74.913, 12.574 ], [ 74.909, 12.586 ], [ 74.917, 12.596 ], [ 74.913, 12.608 ], [ 74.901, 12.61 ], [ 74.897, 12.623 ], [ 74.905, 12.633 ], [ 74.901, 12.645 ], [ 74.889, 12.647 ], [ 74.885, 12.659 ], [ 74.893, 12.669 ], [ 74.889, 12.682 ], [ 74.877, 12.684 ], [ 74.873, 12.696 ], [ 74.861, 12.699 ], [ 74.857, 12.711 ], [ 74.865, 12.721 ], [ 74.861, 12.733 ], [ 74.87, 12.743 ], [ 74.866, 12.755 ], [ 74.853, 12.757 ], [ 74.845, 12.748 ], [ 74.833, 12.75 ], [ 74.825, 12.74 ], [ 74.813, 12.743 ], [ 74.804, 12.733 ], [ 74.792, 12.735 ], [ 74.784, 12.725 ], [ 74.772, 12.728 ], [ 74.764, 12.718 ], [ 74.751, 12.72 ], [ 74.743, 12.71 ], [ 74.731, 12.713 ], [ 74.723, 12.703 ], [ 74.711, 12.705 ], [ 74.702, 12.695 ], [ 74.706, 12.683 ], [ 74.719, 12.681 ], [ 74.723, 12.668 ], [ 74.714, 12.659 ], [ 74.718, 12.646 ], [ 74.731, 12.644 ], [ 74.735, 12.632 ], [ 74.747, 12.629 ], [ 74.751, 12.617 ], [ 74.742, 12.607 ], [ 74.746, 12.595 ], [ 74.759, 12.593 ], [ 74.763, 12.58 ], [ 74.754, 12.571 ], [ 74.758, 12.558 ], [ 74.771, 12.556 ], [ 74.775, 12.544 ], [ 74.766, 12.534 ], [ 74.77, 12.522 ], [ 74.782, 12.519 ], [ 74.786, 12.507 ], [ 74.799, 12.504 ], [ 74.803, 12.492 ], [ 74.794, 12.482 ], [ 74.798, 12.47 ], [ 74.811, 12.468 ], [ 74.815, 12.455 ], [ 74.806, 12.446 ], [ 74.81, 12.433 ], [ 74.822, 12.431 ], [ 74.826, 12.419 ], [ 74.818, 12.409 ], [ 74.822, 12.397 ], [ 74.834, 12.394 ], [ 74.838, 12.382 ], [ 74.851, 12.38 ], [ 74.854, 12.367 ], [ 74.846, 12.357 ], [ 74.85, 12.345 ], [ 74.862, 12.343 ], [ 74.866, 12.33 ], [ 74.879, 12.328 ], [ 74.883, 12.316 ], [ 74.895, 12.313 ], [ 74.899, 12.301 ], [ 74.891, 12.291 ], [ 74.894, 12.279 ], [ 74.907, 12.277 ], [ 74.911, 12.264 ], [ 74.923, 12.262 ], [ 74.927, 12.25 ], [ 74.919, 12.24 ], [ 74.923, 12.227 ], [ 74.935, 12.225 ], [ 74.939, 12.213 ], [ 74.93, 12.203 ], [ 74.934, 12.191 ], [ 74.947, 12.188 ], [ 74.951, 12.176 ], [ 74.942, 12.166 ], [ 74.946, 12.154 ], [ 74.959, 12.151 ], [ 74.963, 12.139 ], [ 74.975, 12.137 ], [ 74.979, 12.124 ], [ 74.97, 12.115 ], [ 74.974, 12.102 ], [ 74.987, 12.1 ], [ 74.991, 12.088 ], [ 74.982, 12.078 ], [ 74.986, 12.065 ], [ 74.999, 12.063 ], [ 75.003, 12.051 ], [ 74.994, 12.041 ], [ 74.998, 12.029 ], [ 75.01, 12.026 ], [ 75.014, 12.014 ], [ 75.006, 12.004 ], [ 75.01, 11.992 ], [ 75.022, 11.989 ], [ 75.026, 11.977 ], [ 75.039, 11.974 ], [ 75.043, 11.962 ], [ 75.034, 11.952 ], [ 75.038, 11.94 ], [ 75.05, 11.938 ], [ 75.054, 11.925 ], [ 75.067, 11.923 ], [ 75.071, 11.911 ], [ 75.062, 11.901 ], [ 75.066, 11.888 ], [ 75.079, 11.886 ], [ 75.082, 11.874 ], [ 75.095, 11.871 ], [ 75.099, 11.859 ], [ 75.111, 11.856 ], [ 75.119, 11.866 ], [ 75.131, 11.864 ], [ 75.135, 11.851 ], [ 75.147, 11.849 ], [ 75.151, 11.837 ], [ 75.164, 11.834 ], [ 75.168, 11.822 ], [ 75.18, 11.819 ], [ 75.184, 11.807 ], [ 75.196, 11.805 ], [ 75.2, 11.792 ], [ 75.212, 11.79 ], [ 75.216, 11.777 ], [ 75.208, 11.768 ], [ 75.212, 11.755 ], [ 75.224, 11.753 ], [ 75.228, 11.74 ], [ 75.24, 11.738 ], [ 75.244, 11.726 ], [ 75.256, 11.723 ], [ 75.26, 11.711 ], [ 75.273, 11.708 ], [ 75.281, 11.718 ], [ 75.293, 11.716 ], [ 75.297, 11.703 ], [ 75.309, 11.701 ], [ 75.313, 11.689 ], [ 75.305, 11.679 ], [ 75.309, 11.666 ], [ 75.321, 11.664 ], [ 75.325, 11.652 ], [ 75.337, 11.649 ], [ 75.341, 11.637 ], [ 75.354, 11.634 ], [ 75.358, 11.622 ], [ 75.37, 11.619 ], [ 75.374, 11.607 ], [ 75.386, 11.605 ], [ 75.39, 11.592 ], [ 75.402, 11.59 ], [ 75.406, 11.577 ], [ 75.398, 11.568 ], [ 75.402, 11.555 ], [ 75.414, 11.553 ], [ 75.418, 11.54 ], [ 75.43, 11.538 ], [ 75.434, 11.525 ], [ 75.426, 11.516 ], [ 75.43, 11.503 ], [ 75.442, 11.501 ], [ 75.446, 11.488 ], [ 75.438, 11.479 ], [ 75.442, 11.466 ], [ 75.454, 11.464 ], [ 75.458, 11.451 ], [ 75.45, 11.442 ], [ 75.454, 11.429 ], [ 75.466, 11.427 ], [ 75.47, 11.414 ], [ 75.462, 11.404 ], [ 75.466, 11.392 ], [ 75.478, 11.39 ], [ 75.482, 11.377 ], [ 75.494, 11.375 ], [ 75.498, 11.362 ], [ 75.51, 11.36 ], [ 75.514, 11.347 ], [ 75.526, 11.345 ], [ 75.53, 11.333 ], [ 75.543, 11.33 ], [ 75.547, 11.318 ], [ 75.559, 11.315 ], [ 75.563, 11.303 ], [ 75.575, 11.3 ], [ 75.579, 11.288 ], [ 75.571, 11.278 ], [ 75.575, 11.266 ], [ 75.587, 11.263 ], [ 75.591, 11.251 ], [ 75.583, 11.241 ], [ 75.587, 11.229 ], [ 75.599, 11.226 ], [ 75.603, 11.214 ], [ 75.615, 11.211 ], [ 75.619, 11.199 ], [ 75.611, 11.189 ], [ 75.615, 11.177 ], [ 75.627, 11.174 ], [ 75.631, 11.162 ], [ 75.623, 11.152 ], [ 75.627, 11.139 ], [ 75.639, 11.137 ], [ 75.643, 11.124 ], [ 75.635, 11.115 ], [ 75.639, 11.102 ], [ 75.651, 11.1 ], [ 75.655, 11.087 ], [ 75.646, 11.077 ], [ 75.65, 11.065 ], [ 75.663, 11.063 ], [ 75.667, 11.05 ], [ 75.679, 11.048 ], [ 75.683, 11.035 ], [ 75.675, 11.025 ], [ 75.679, 11.013 ], [ 75.691, 11.01 ], [ 75.695, 10.998 ], [ 75.686, 10.988 ], [ 75.69, 10.976 ], [ 75.703, 10.973 ], [ 75.707, 10.961 ], [ 75.698, 10.951 ], [ 75.702, 10.939 ], [ 75.694, 10.929 ], [ 75.698, 10.917 ], [ 75.71, 10.914 ], [ 75.714, 10.902 ], [ 75.706, 10.892 ], [ 75.71, 10.879 ], [ 75.722, 10.877 ], [ 75.726, 10.864 ], [ 75.718, 10.855 ], [ 75.722, 10.842 ], [ 75.734, 10.84 ], [ 75.738, 10.827 ], [ 75.73, 10.817 ], [ 75.734, 10.805 ], [ 75.725, 10.795 ], [ 75.729, 10.783 ], [ 75.742, 10.78 ], [ 75.746, 10.768 ], [ 75.737, 10.758 ], [ 75.741, 10.746 ], [ 75.753, 10.743 ], [ 75.757, 10.731 ], [ 75.749, 10.721 ], [ 75.753, 10.708 ], [ 75.765, 10.706 ], [ 75.769, 10.693 ], [ 75.761, 10.684 ], [ 75.765, 10.671 ], [ 75.777, 10.669 ], [ 75.781, 10.656 ], [ 75.793, 10.654 ], [ 75.797, 10.641 ], [ 75.789, 10.631 ], [ 75.793, 10.619 ], [ 75.805, 10.616 ], [ 75.809, 10.604 ], [ 75.822, 10.601 ], [ 75.826, 10.589 ], [ 75.817, 10.579 ], [ 75.821, 10.567 ], [ 75.833, 10.564 ], [ 75.837, 10.552 ], [ 75.829, 10.542 ], [ 75.833, 10.53 ], [ 75.845, 10.527 ], [ 75.849, 10.514 ], [ 75.862, 10.512 ], [ 75.865, 10.499 ], [ 75.857, 10.49 ], [ 75.861, 10.477 ], [ 75.873, 10.475 ], [ 75.877, 10.462 ], [ 75.869, 10.452 ], [ 75.873, 10.44 ], [ 75.885, 10.437 ], [ 75.889, 10.425 ], [ 75.901, 10.422 ], [ 75.905, 10.41 ], [ 75.897, 10.4 ], [ 75.901, 10.388 ], [ 75.913, 10.385 ], [ 75.917, 10.373 ], [ 75.93, 10.37 ], [ 75.934, 10.358 ], [ 75.925, 10.348 ], [ 75.929, 10.335 ], [ 75.941, 10.333 ], [ 75.945, 10.32 ], [ 75.937, 10.311 ], [ 75.941, 10.298 ], [ 75.953, 10.295 ], [ 75.957, 10.283 ], [ 75.949, 10.273 ], [ 75.953, 10.261 ], [ 75.965, 10.258 ], [ 75.969, 10.246 ], [ 75.961, 10.236 ], [ 75.965, 10.224 ], [ 75.977, 10.221 ], [ 75.981, 10.208 ], [ 75.973, 10.199 ], [ 75.977, 10.186 ], [ 75.989, 10.184 ], [ 75.993, 10.171 ], [ 75.985, 10.161 ], [ 75.989, 10.149 ], [ 76.001, 10.146 ], [ 76.005, 10.134 ], [ 75.996, 10.124 ], [ 76.0, 10.112 ], [ 76.013, 10.109 ], [ 76.017, 10.097 ], [ 76.008, 10.087 ], [ 76.012, 10.074 ], [ 76.025, 10.072 ], [ 76.028, 10.059 ], [ 76.02, 10.049 ], [ 76.024, 10.037 ], [ 76.036, 10.034 ], [ 76.04, 10.022 ], [ 76.032, 10.012 ], [ 76.036, 10.0 ], [ 76.048, 9.997 ], [ 76.052, 9.985 ], [ 76.044, 9.975 ], [ 76.048, 9.962 ], [ 76.06, 9.96 ], [ 76.064, 9.947 ], [ 76.056, 9.937 ], [ 76.06, 9.925 ], [ 76.072, 9.922 ], [ 76.076, 9.91 ], [ 76.068, 9.9 ], [ 76.072, 9.888 ], [ 76.084, 9.885 ], [ 76.088, 9.873 ], [ 76.079, 9.863 ], [ 76.083, 9.85 ], [ 76.096, 9.848 ], [ 76.1, 9.835 ], [ 76.091, 9.825 ], [ 76.095, 9.813 ], [ 76.108, 9.81 ], [ 76.112, 9.798 ], [ 76.103, 9.788 ], [ 76.107, 9.776 ], [ 76.099, 9.766 ], [ 76.103, 9.753 ], [ 76.115, 9.751 ], [ 76.119, 9.738 ], [ 76.111, 9.729 ], [ 76.115, 9.716 ], [ 76.106, 9.706 ], [ 76.11, 9.694 ], [ 76.123, 9.691 ], [ 76.127, 9.679 ], [ 76.118, 9.669 ], [ 76.122, 9.657 ], [ 76.114, 9.647 ], [ 76.118, 9.634 ], [ 76.13, 9.632 ], [ 76.134, 9.619 ], [ 76.126, 9.609 ], [ 76.13, 9.597 ], [ 76.121, 9.587 ], [ 76.125, 9.575 ], [ 76.138, 9.572 ], [ 76.141, 9.56 ], [ 76.133, 9.55 ], [ 76.137, 9.537 ], [ 76.129, 9.528 ], [ 76.133, 9.515 ], [ 76.145, 9.512 ], [ 76.149, 9.5 ], [ 76.141, 9.49 ], [ 76.145, 9.478 ], [ 76.157, 9.475 ], [ 76.161, 9.463 ], [ 76.153, 9.453 ], [ 76.156, 9.44 ], [ 76.148, 9.431 ], [ 76.152, 9.418 ], [ 76.164, 9.415 ], [ 76.168, 9.403 ], [ 76.16, 9.393 ], [ 76.164, 9.381 ], [ 76.176, 9.378 ], [ 76.18, 9.366 ], [ 76.172, 9.356 ], [ 76.176, 9.343 ], [ 76.188, 9.341 ], [ 76.192, 9.328 ], [ 76.184, 9.318 ], [ 76.188, 9.306 ], [ 76.2, 9.303 ], [ 76.204, 9.291 ], [ 76.216, 9.288 ], [ 76.22, 9.276 ], [ 76.212, 9.266 ], [ 76.216, 9.253 ], [ 76.228, 9.251 ], [ 76.232, 9.238 ], [ 76.224, 9.228 ], [ 76.228, 9.216 ], [ 76.24, 9.213 ], [ 76.244, 9.201 ], [ 76.256, 9.198 ], [ 76.26, 9.186 ], [ 76.252, 9.176 ], [ 76.256, 9.163 ], [ 76.268, 9.161 ], [ 76.272, 9.148 ], [ 76.284, 9.145 ], [ 76.288, 9.133 ], [ 76.28, 9.123 ], [ 76.284, 9.111 ], [ 76.296, 9.108 ], [ 76.3, 9.095 ], [ 76.291, 9.086 ], [ 76.295, 9.073 ], [ 76.308, 9.071 ], [ 76.312, 9.058 ], [ 76.324, 9.055 ], [ 76.328, 9.043 ], [ 76.32, 9.033 ], [ 76.323, 9.021 ], [ 76.336, 9.018 ], [ 76.34, 9.005 ], [ 76.331, 8.996 ], [ 76.335, 8.983 ], [ 76.348, 8.98 ], [ 76.351, 8.968 ], [ 76.364, 8.965 ], [ 76.368, 8.953 ], [ 76.359, 8.943 ], [ 76.363, 8.93 ], [ 76.355, 8.921 ], [ 76.359, 8.908 ], [ 76.371, 8.905 ], [ 76.375, 8.893 ], [ 76.367, 8.883 ], [ 76.371, 8.871 ], [ 76.383, 8.868 ], [ 76.387, 8.856 ], [ 76.379, 8.846 ], [ 76.383, 8.833 ], [ 76.395, 8.831 ], [ 76.399, 8.818 ], [ 76.411, 8.815 ], [ 76.415, 8.803 ], [ 76.427, 8.8 ], [ 76.431, 8.788 ], [ 76.423, 8.778 ], [ 76.427, 8.765 ], [ 76.439, 8.763 ], [ 76.443, 8.75 ], [ 76.455, 8.747 ], [ 76.464, 8.757 ], [ 76.476, 8.754 ], [ 76.48, 8.742 ], [ 76.492, 8.739 ], [ 76.496, 8.726 ], [ 76.508, 8.724 ], [ 76.512, 8.711 ], [ 76.525, 8.708 ], [ 76.529, 8.696 ], [ 76.541, 8.693 ], [ 76.545, 8.681 ], [ 76.536, 8.671 ], [ 76.54, 8.658 ], [ 76.553, 8.656 ], [ 76.557, 8.643 ], [ 76.569, 8.64 ], [ 76.573, 8.628 ], [ 76.585, 8.625 ], [ 76.589, 8.612 ], [ 76.601, 8.61 ], [ 76.605, 8.597 ], [ 76.618, 8.594 ], [ 76.621, 8.582 ], [ 76.613, 8.572 ], [ 76.617, 8.56 ], [ 76.629, 8.557 ], [ 76.633, 8.544 ], [ 76.646, 8.541 ], [ 76.649, 8.529 ], [ 76.662, 8.526 ], [ 76.666, 8.514 ], [ 76.678, 8.511 ], [ 76.682, 8.498 ], [ 76.694, 8.495 ], [ 76.698, 8.483 ], [ 76.69, 8.473 ], [ 76.694, 8.461 ], [ 76.706, 8.458 ], [ 76.71, 8.445 ], [ 76.722, 8.443 ], [ 76.726, 8.43 ], [ 76.739, 8.427 ], [ 76.742, 8.415 ], [ 76.755, 8.412 ], [ 76.759, 8.399 ], [ 76.771, 8.396 ], [ 76.775, 8.384 ], [ 76.787, 8.381 ], [ 76.791, 8.369 ], [ 76.803, 8.366 ], [ 76.807, 8.353 ], [ 76.799, 8.344 ], [ 76.803, 8.331 ], [ 76.815, 8.328 ], [ 76.819, 8.316 ], [ 76.832, 8.313 ], [ 76.835, 8.3 ], [ 76.827, 8.291 ], [ 76.831, 8.278 ], [ 76.843, 8.275 ], [ 76.847, 8.263 ], [ 76.86, 8.26 ], [ 76.864, 8.247 ], [ 76.876, 8.244 ], [ 76.88, 8.232 ], [ 76.892, 8.229 ], [ 76.9, 8.239 ], [ 76.913, 8.236 ], [ 76.917, 8.223 ], [ 76.929, 8.221 ], [ 76.933, 8.208 ], [ 76.945, 8.205 ], [ 76.949, 8.193 ], [ 76.962, 8.19 ], [ 76.965, 8.177 ], [ 76.978, 8.174 ], [ 76.982, 8.162 ], [ 76.994, 8.159 ], [ 77.002, 8.169 ], [ 76.999, 8.181 ], [ 77.007, 8.191 ], [ 77.019, 8.188 ], [ 77.028, 8.198 ], [ 77.024, 8.21 ], [ 77.032, 8.22 ], [ 77.044, 8.217 ], [ 77.053, 8.227 ], [ 77.049, 8.239 ], [ 77.057, 8.249 ], [ 77.07, 8.246 ], [ 77.078, 8.256 ], [ 77.074, 8.269 ], [ 77.082, 8.278 ], [ 77.078, 8.291 ], [ 77.066, 8.294 ], [ 77.062, 8.306 ], [ 77.05, 8.309 ], [ 77.041, 8.299 ], [ 77.029, 8.302 ], [ 77.025, 8.315 ], [ 77.013, 8.318 ], [ 77.009, 8.33 ], [ 77.017, 8.34 ], [ 77.013, 8.352 ], [ 77.001, 8.355 ], [ 76.993, 8.346 ], [ 76.98, 8.348 ], [ 76.976, 8.361 ], [ 76.964, 8.364 ], [ 76.96, 8.376 ], [ 76.948, 8.379 ], [ 76.944, 8.392 ], [ 76.952, 8.401 ], [ 76.948, 8.414 ], [ 76.936, 8.417 ], [ 76.932, 8.429 ], [ 76.92, 8.432 ], [ 76.916, 8.445 ], [ 76.903, 8.448 ], [ 76.9, 8.46 ], [ 76.887, 8.463 ], [ 76.883, 8.475 ], [ 76.871, 8.478 ], [ 76.867, 8.491 ], [ 76.855, 8.494 ], [ 76.851, 8.506 ], [ 76.859, 8.516 ], [ 76.855, 8.528 ], [ 76.843, 8.531 ], [ 76.839, 8.544 ], [ 76.827, 8.547 ], [ 76.823, 8.559 ], [ 76.81, 8.562 ], [ 76.806, 8.574 ], [ 76.794, 8.577 ], [ 76.79, 8.59 ], [ 76.778, 8.593 ], [ 76.774, 8.605 ], [ 76.762, 8.608 ], [ 76.758, 8.62 ], [ 76.745, 8.623 ], [ 76.741, 8.636 ], [ 76.75, 8.645 ], [ 76.746, 8.658 ], [ 76.734, 8.661 ], [ 76.73, 8.673 ], [ 76.717, 8.676 ], [ 76.713, 8.689 ], [ 76.701, 8.691 ], [ 76.697, 8.704 ], [ 76.685, 8.707 ], [ 76.681, 8.719 ], [ 76.689, 8.729 ], [ 76.685, 8.741 ], [ 76.673, 8.744 ], [ 76.669, 8.757 ], [ 76.657, 8.76 ], [ 76.653, 8.772 ] ] ], [ [ [ 76.514, 10.116 ], [ 76.502, 10.119 ], [ 76.493, 10.109 ], [ 76.497, 10.096 ], [ 76.51, 10.094 ], [ 76.518, 10.103 ], [ 76.514, 10.116 ] ] ] ] } },
{ "type": "Feature", "properties": { "POLYGON.ID": 320.0, "subregion": "India--Kerala--Palakkad--Mannarkkad", "POLYGON": "India--Kerala--Palakkad--Mannarkkad", "SHOW": "1", "FILTER": "India--Kerala--Foothills and Midlands(40 to 200m and 200 to 600m)", "FILTER.ID": "CL27581", "OLD.POLYGON": "1", "STATE": "Kerala", "COUNTY": "Palakkad", "OWNER": null }, "geometry": { "type": "MultiPolygon", "coordinates": [ [ [ [ 76.198, 10.822 ], [ 76.21, 10.82 ], [ 76.214, 10.807 ], [ 76.226, 10.805 ], [ 76.23, 10.792 ], [ 76.242, 10.79 ], [ 76.246, 10.777 ], [ 76.259, 10.775 ], [ 76.263, 10.762 ], [ 76.275, 10.759 ], [ 76.283, 10.769 ], [ 76.296, 10.767 ], [ 76.3, 10.754 ], [ 76.312, 10.752 ], [ 76.32, 10.761 ], [ 76.333, 10.759 ], [ 76.341, 10.769 ], [ 76.353, 10.766 ], [ 76.362, 10.776 ], [ 76.374, 10.773 ], [ 76.383, 10.783 ], [ 76.395, 10.78 ], [ 76.399, 10.768 ], [ 76.39, 10.758 ], [ 76.394, 10.746 ], [ 76.407, 10.743 ], [ 76.415, 10.753 ], [ 76.427, 10.75 ], [ 76.436, 10.76 ], [ 76.448, 10.757 ], [ 76.452, 10.745 ], [ 76.465, 10.742 ], [ 76.469, 10.73 ], [ 76.46, 10.72 ], [ 76.464, 10.708 ], [ 76.476, 10.705 ], [ 76.485, 10.715 ], [ 76.481, 10.727 ], [ 76.489, 10.737 ], [ 76.485, 10.749 ], [ 76.494, 10.759 ], [ 76.506, 10.757 ], [ 76.514, 10.767 ], [ 76.527, 10.764 ], [ 76.535, 10.774 ], [ 76.531, 10.786 ], [ 76.54, 10.796 ], [ 76.552, 10.793 ], [ 76.56, 10.803 ], [ 76.573, 10.801 ], [ 76.581, 10.81 ], [ 76.593, 10.808 ], [ 76.602, 10.818 ], [ 76.614, 10.815 ], [ 76.623, 10.825 ], [ 76.635, 10.822 ], [ 76.643, 10.832 ], [ 76.639, 10.844 ], [ 76.627, 10.847 ], [ 76.623, 10.86 ], [ 76.611, 10.862 ], [ 76.607, 10.875 ], [ 76.594, 10.877 ], [ 76.59, 10.89 ], [ 76.578, 10.892 ], [ 76.574, 10.905 ], [ 76.583, 10.915 ], [ 76.579, 10.927 ], [ 76.566, 10.93 ], [ 76.562, 10.942 ], [ 76.571, 10.952 ], [ 76.567, 10.965 ], [ 76.575, 10.974 ], [ 76.571, 10.987 ], [ 76.559, 10.989 ], [ 76.555, 11.002 ], [ 76.542, 11.005 ], [ 76.538, 11.017 ], [ 76.526, 11.02 ], [ 76.522, 11.032 ], [ 76.51, 11.035 ], [ 76.501, 11.025 ], [ 76.489, 11.027 ], [ 76.485, 11.04 ], [ 76.473, 11.043 ], [ 76.464, 11.033 ], [ 76.452, 11.035 ], [ 76.448, 11.048 ], [ 76.435, 11.05 ], [ 76.427, 11.041 ], [ 76.415, 11.043 ], [ 76.411, 11.056 ], [ 76.398, 11.058 ], [ 76.394, 11.071 ], [ 76.382, 11.073 ], [ 76.378, 11.086 ], [ 76.366, 11.088 ], [ 76.362, 11.101 ], [ 76.349, 11.103 ], [ 76.341, 11.094 ], [ 76.345, 11.081 ], [ 76.337, 11.071 ], [ 76.341, 11.059 ], [ 76.332, 11.049 ], [ 76.32, 11.052 ], [ 76.312, 11.042 ], [ 76.299, 11.044 ], [ 76.291, 11.035 ], [ 76.295, 11.022 ], [ 76.307, 11.02 ], [ 76.316, 11.029 ], [ 76.328, 11.027 ], [ 76.332, 11.014 ], [ 76.344, 11.012 ], [ 76.348, 10.999 ], [ 76.36, 10.997 ], [ 76.364, 10.984 ], [ 76.356, 10.974 ], [ 76.344, 10.977 ], [ 76.335, 10.967 ], [ 76.339, 10.955 ], [ 76.331, 10.945 ], [ 76.335, 10.932 ], [ 76.327, 10.923 ], [ 76.331, 10.91 ], [ 76.322, 10.9 ], [ 76.31, 10.903 ], [ 76.306, 10.915 ], [ 76.294, 10.918 ], [ 76.285, 10.908 ], [ 76.273, 10.911 ], [ 76.264, 10.901 ], [ 76.268, 10.889 ], [ 76.281, 10.886 ], [ 76.285, 10.873 ], [ 76.276, 10.864 ], [ 76.264, 10.866 ], [ 76.26, 10.879 ], [ 76.248, 10.881 ], [ 76.239, 10.871 ], [ 76.227, 10.874 ], [ 76.223, 10.887 ], [ 76.211, 10.889 ], [ 76.202, 10.879 ], [ 76.19, 10.882 ], [ 76.182, 10.872 ], [ 76.186, 10.86 ], [ 76.177, 10.85 ], [ 76.181, 10.837 ], [ 76.194, 10.835 ], [ 76.198, 10.822 ] ] ] ] } },
{ "type": "Feature", "properties": { "POLYGON.ID": 354.0, "subregion": "India--Kerala--Thrissur--Kole", "POLYGON": "India--Kerala--Thrissur--Kole", "SHOW": "1", "FILTER": "India--Kerala--Coast (0 to 40m)", "FILTER.ID": "CL30086", "OLD.POLYGON": "1", "STATE": "Kerala", "COUNTY": "Thrissur", "OWNER": null }, "geometry": { "type": "MultiPolygon", "coordinates": [ [ [ [ 76.211, 10.24 ], [ 76.215, 10.227 ], [ 76.207, 10.218 ], [ 76.211, 10.205 ], [ 76.223, 10.202 ], [ 76.231, 10.212 ], [ 76.244, 10.21 ], [ 76.248, 10.197 ], [ 76.26, 10.194 ], [ 76.264, 10.182 ], [ 76.276, 10.179 ], [ 76.285, 10.189 ], [ 76.281, 10.202 ], [ 76.289, 10.211 ], [ 76.285, 10.224 ], [ 76.273, 10.226 ], [ 76.264, 10.217 ], [ 76.252, 10.219 ], [ 76.248, 10.232 ], [ 76.256, 10.242 ], [ 76.252, 10.254 ], [ 76.24, 10.257 ], [ 76.236, 10.269 ], [ 76.245, 10.279 ], [ 76.257, 10.276 ], [ 76.265, 10.286 ], [ 76.261, 10.299 ], [ 76.249, 10.301 ], [ 76.245, 10.314 ], [ 76.233, 10.316 ], [ 76.224, 10.306 ], [ 76.212, 10.309 ], [ 76.208, 10.322 ], [ 76.196, 10.324 ], [ 76.192, 10.337 ], [ 76.2, 10.346 ], [ 76.196, 10.359 ], [ 76.204, 10.369 ], [ 76.201, 10.381 ], [ 76.209, 10.391 ], [ 76.221, 10.388 ], [ 76.225, 10.376 ], [ 76.217, 10.366 ], [ 76.221, 10.354 ], [ 76.233, 10.351 ], [ 76.237, 10.339 ], [ 76.249, 10.336 ], [ 76.253, 10.323 ], [ 76.266, 10.321 ], [ 76.27, 10.308 ], [ 76.282, 10.306 ], [ 76.29, 10.315 ], [ 76.286, 10.328 ], [ 76.295, 10.338 ], [ 76.291, 10.35 ], [ 76.299, 10.36 ], [ 76.295, 10.372 ], [ 76.283, 10.375 ], [ 76.279, 10.388 ], [ 76.266, 10.39 ], [ 76.262, 10.403 ], [ 76.271, 10.412 ], [ 76.267, 10.425 ], [ 76.275, 10.435 ], [ 76.271, 10.447 ], [ 76.259, 10.45 ], [ 76.251, 10.44 ], [ 76.238, 10.443 ], [ 76.23, 10.433 ], [ 76.218, 10.435 ], [ 76.214, 10.448 ], [ 76.222, 10.458 ], [ 76.218, 10.47 ], [ 76.206, 10.473 ], [ 76.202, 10.485 ], [ 76.189, 10.488 ], [ 76.186, 10.5 ], [ 76.194, 10.51 ], [ 76.19, 10.523 ], [ 76.178, 10.525 ], [ 76.174, 10.538 ], [ 76.161, 10.54 ], [ 76.157, 10.553 ], [ 76.145, 10.555 ], [ 76.141, 10.568 ], [ 76.149, 10.578 ], [ 76.145, 10.59 ], [ 76.133, 10.593 ], [ 76.129, 10.605 ], [ 76.117, 10.608 ], [ 76.113, 10.62 ], [ 76.121, 10.63 ], [ 76.134, 10.627 ], [ 76.142, 10.637 ], [ 76.154, 10.635 ], [ 76.163, 10.644 ], [ 76.159, 10.657 ], [ 76.146, 10.659 ], [ 76.142, 10.672 ], [ 76.13, 10.674 ], [ 76.122, 10.665 ], [ 76.109, 10.667 ], [ 76.105, 10.68 ], [ 76.093, 10.682 ], [ 76.089, 10.695 ], [ 76.098, 10.705 ], [ 76.094, 10.717 ], [ 76.081, 10.72 ], [ 76.077, 10.732 ], [ 76.065, 10.735 ], [ 76.057, 10.725 ], [ 76.061, 10.712 ], [ 76.052, 10.703 ], [ 76.04, 10.705 ], [ 76.032, 10.695 ], [ 76.019, 10.698 ], [ 76.011, 10.688 ], [ 75.999, 10.691 ], [ 75.995, 10.703 ], [ 75.983, 10.706 ], [ 75.974, 10.696 ], [ 75.978, 10.684 ], [ 75.97, 10.674 ], [ 75.974, 10.661 ], [ 75.986, 10.659 ], [ 75.99, 10.646 ], [ 76.002, 10.644 ], [ 76.006, 10.631 ], [ 75.998, 10.622 ], [ 76.002, 10.609 ], [ 76.014, 10.607 ], [ 76.018, 10.594 ], [ 76.03, 10.591 ], [ 76.039, 10.601 ], [ 76.051, 10.599 ], [ 76.059, 10.608 ], [ 76.055, 10.621 ], [ 76.064, 10.631 ], [ 76.076, 10.628 ], [ 76.08, 10.616 ], [ 76.072, 10.606 ], [ 76.076, 10.593 ], [ 76.088, 10.591 ], [ 76.092, 10.578 ], [ 76.104, 10.576 ], [ 76.108, 10.563 ], [ 76.1, 10.553 ], [ 76.104, 10.541 ], [ 76.116, 10.538 ], [ 76.12, 10.526 ], [ 76.112, 10.516 ], [ 76.099, 10.519 ], [ 76.091, 10.509 ], [ 76.095, 10.497 ], [ 76.087, 10.487 ], [ 76.091, 10.474 ], [ 76.082, 10.465 ], [ 76.086, 10.452 ], [ 76.099, 10.449 ], [ 76.103, 10.437 ], [ 76.094, 10.427 ], [ 76.098, 10.415 ], [ 76.111, 10.412 ], [ 76.114, 10.4 ], [ 76.106, 10.39 ], [ 76.11, 10.377 ], [ 76.122, 10.375 ], [ 76.126, 10.362 ], [ 76.139, 10.36 ], [ 76.143, 10.347 ], [ 76.134, 10.338 ], [ 76.138, 10.325 ], [ 76.151, 10.322 ], [ 76.154, 10.31 ], [ 76.167, 10.307 ], [ 76.171, 10.295 ], [ 76.183, 10.292 ], [ 76.187, 10.28 ], [ 76.199, 10.277 ], [ 76.203, 10.265 ], [ 76.216, 10.262 ], [ 76.219, 10.25 ], [ 76.211, 10.24 ] ] ] ] } },
{ "type": "Feature", "properties": { "POLYGON.ID": 348.0, "subregion": "India--Kerala--Thrissur--Vazhachal", "POLYGON": "India--Kerala--Thrissur--Vazhachal", "SHOW": "1", "FILTER": "India--Kerala--Foothills and Midlands(40 to 200m and 200 to 600m)", "FILTER.ID": "CL27581", "OLD.POLYGON": "1", "STATE": "Kerala", "COUNTY": "Thrissur", "OWNER": null }, "geometry": { "type": "MultiPolygon", "coordinates": [ [ [ [ 76.661, 10.27 ], [ 76.669, 10.28 ], [ 76.681, 10.277 ], [ 76.685, 10.265 ], [ 76.698, 10.262 ], [ 76.706, 10.272 ], [ 76.719, 10.269 ], [ 76.722, 10.257 ], [ 76.735, 10.254 ], [ 76.743, 10.264 ], [ 76.739, 10.276 ], [ 76.748, 10.286 ], [ 76.744, 10.299 ], [ 76.731, 10.301 ], [ 76.727, 10.314 ], [ 76.715, 10.316 ], [ 76.707, 10.307 ], [ 76.694, 10.309 ], [ 76.69, 10.322 ], [ 76.678, 10.324 ], [ 76.674, 10.337 ], [ 76.662, 10.34 ], [ 76.658, 10.352 ], [ 76.666, 10.362 ], [ 76.678, 10.359 ], [ 76.687, 10.369 ], [ 76.683, 10.382 ], [ 76.67, 10.384 ], [ 76.662, 10.374 ], [ 76.65, 10.377 ], [ 76.646, 10.39 ], [ 76.633, 10.392 ], [ 76.625, 10.382 ], [ 76.613, 10.385 ], [ 76.604, 10.375 ], [ 76.608, 10.363 ], [ 76.6, 10.353 ], [ 76.587, 10.356 ], [ 76.583, 10.368 ], [ 76.571, 10.371 ], [ 76.563, 10.361 ], [ 76.567, 10.349 ], [ 76.558, 10.339 ], [ 76.562, 10.326 ], [ 76.554, 10.316 ], [ 76.558, 10.304 ], [ 76.57, 10.301 ], [ 76.574, 10.289 ], [ 76.587, 10.286 ], [ 76.59, 10.274 ], [ 76.603, 10.271 ], [ 76.611, 10.281 ], [ 76.624, 10.278 ], [ 76.628, 10.266 ], [ 76.64, 10.263 ], [ 76.648, 10.273 ], [ 76.661, 10.27 ] ] ] ] } },
{ "type": "Feature", "properties": { "POLYGON.ID": 347.0, "subregion": "India--Kerala--Thrissur--Sholayar", "POLYGON": "India--Kerala--Thrissur--Sholayar", "SHOW": "1", "FILTER": "India--Kerala--High Ranges(600 to 1200m)", "FILTER.ID": "CL27582", "OLD.POLYGON": "1", "STATE": "Kerala", "COUNTY": "Thrissur", "OWNER": null }, "geometry": { "type": "MultiPolygon", "coordinates": [ [ [ [ 76.86, 10.297 ], [ 76.847, 10.299 ], [ 76.843, 10.312 ], [ 76.852, 10.322 ], [ 76.848, 10.334 ], [ 76.856, 10.344 ], [ 76.852, 10.357 ], [ 76.84, 10.359 ], [ 76.831, 10.349 ], [ 76.819, 10.352 ], [ 76.811, 10.342 ], [ 76.798, 10.345 ], [ 76.79, 10.335 ], [ 76.777, 10.338 ], [ 76.769, 10.328 ], [ 76.757, 10.331 ], [ 76.753, 10.343 ], [ 76.761, 10.353 ], [ 76.757, 10.365 ], [ 76.745, 10.368 ], [ 76.741, 10.381 ], [ 76.728, 10.383 ], [ 76.72, 10.374 ], [ 76.708, 10.376 ], [ 76.699, 10.366 ], [ 76.687, 10.369 ], [ 76.678, 10.359 ], [ 76.666, 10.362 ], [ 76.658, 10.352 ], [ 76.662, 10.34 ], [ 76.674, 10.337 ], [ 76.678, 10.324 ], [ 76.69, 10.322 ], [ 76.694, 10.309 ], [ 76.707, 10.307 ], [ 76.715, 10.316 ], [ 76.727, 10.314 ], [ 76.731, 10.301 ], [ 76.744, 10.299 ], [ 76.748, 10.286 ], [ 76.739, 10.276 ], [ 76.743, 10.264 ], [ 76.756, 10.261 ], [ 76.764, 10.271 ], [ 76.776, 10.268 ], [ 76.785, 10.278 ], [ 76.797, 10.275 ], [ 76.801, 10.263 ], [ 76.814, 10.26 ], [ 76.822, 10.27 ], [ 76.834, 10.267 ], [ 76.843, 10.277 ], [ 76.855, 10.274 ], [ 76.859, 10.262 ], [ 76.871, 10.259 ], [ 76.875, 10.247 ], [ 76.888, 10.244 ], [ 76.896, 10.254 ], [ 76.909, 10.251 ], [ 76.913, 10.239 ], [ 76.925, 10.236 ], [ 76.933, 10.246 ], [ 76.929, 10.258 ], [ 76.917, 10.261 ], [ 76.913, 10.273 ], [ 76.901, 10.276 ], [ 76.897, 10.289 ], [ 76.884, 10.291 ], [ 76.88, 10.304 ], [ 76.868, 10.306 ], [ 76.86, 10.297 ] ] ] ] } },
{ "type": "Feature", "properties": { "POLYGON.ID": 344.0, "subregion": "India--Kerala--Thrissur--KAU", "POLYGON": "India--Kerala--Thrissur--KAU", "SHOW": "1", "FILTER": "India--Kerala--Coast (0 to 40m)", "FILTER.ID": "CL30086", "OLD.POLYGON": "1", "STATE": "Kerala", "COUNTY": "Thrissur", "OWNER": null }, "geometry": { "type": "MultiPolygon", "coordinates": [ [ [ [ 76.276, 10.539 ], [ 76.289, 10.536 ], [ 76.297, 10.546 ], [ 76.309, 10.543 ], [ 76.318, 10.553 ], [ 76.33, 10.55 ], [ 76.339, 10.56 ], [ 76.335, 10.573 ], [ 76.322, 10.575 ], [ 76.314, 10.566 ], [ 76.302, 10.568 ], [ 76.293, 10.558 ], [ 76.281, 10.561 ], [ 76.273, 10.551 ], [ 76.26, 10.554 ], [ 76.252, 10.544 ], [ 76.256, 10.532 ], [ 76.268, 10.529 ], [ 76.276, 10.539 ] ] ] ] } },
{ "type": "Feature", "properties": { "POLYGON.ID": 323.0, "subregion": "India--Kerala--Wayanad--Kurichyarmala", "POLYGON": "India--Kerala--Wayanad--Kurichyarmala", "SHOW": "1", "FILTER": "India--Kerala--Southern and Northern Mountains(Above 1200m)", "FILTER.ID": "CL27579", "OLD.POLYGON": "1", "STATE": "Kerala", "COUNTY": "Wayanad", "OWNER": null }, "geometry": { "type": "MultiPolygon", "coordinates": [ [ [ [ 75.968, 11.612 ], [ 75.96, 11.602 ], [ 75.964, 11.589 ], [ 75.955, 11.58 ], [ 75.959, 11.567 ], [ 75.972, 11.565 ], [ 75.98, 11.575 ], [ 75.976, 11.587 ], [ 75.984, 11.597 ], [ 75.98, 11.609 ], [ 75.968, 11.612 ] ] ] ] } },
{ "type": "Feature", "properties": { "POLYGON.ID": 327.0, "subregion": "India--Kerala--Ernakulam--Thattekad", "POLYGON": "India--Kerala--Ernakulam--Thattekad", "SHOW": "1", "FILTER": "India--Kerala--Thattekad", "FILTER.ID": "CL27580", "OLD.POLYGON": "1", "STATE": "Kerala", "COUNTY": "Ernakulam", "OWNER": null }, "geometry": { "type": "MultiPolygon", "coordinates": [ [ [ [ 76.712, 10.108 ], [ 76.725, 10.105 ], [ 76.733, 10.115 ], [ 76.745, 10.112 ], [ 76.754, 10.122 ], [ 76.75, 10.134 ], [ 76.737, 10.137 ], [ 76.733, 10.15 ], [ 76.721, 10.152 ], [ 76.713, 10.142 ], [ 76.7, 10.145 ], [ 76.692, 10.135 ], [ 76.68, 10.138 ], [ 76.671, 10.128 ], [ 76.675, 10.116 ], [ 76.687, 10.113 ], [ 76.691, 10.101 ], [ 76.704, 10.098 ], [ 76.712, 10.108 ] ] ] ] } },
{ "type": "Feature", "properties": { "POLYGON.ID": 332.0, "subregion": "India--Kerala--Wayanad--Minus highlands", "POLYGON": "India--Kerala--Wayanad--Minus highlands", "SHOW": "1", "FILTER": "India--Kerala--WayanadMinusHighlands", "FILTER.ID": "CL27577", "OLD.POLYGON": "1", "STATE": "Kerala", "COUNTY": "Wayanad", "OWNER": null }, "geometry": { "type": "MultiPolygon", "coordinates": [ [ [ [ 76.03, 11.958 ], [ 76.017, 11.96 ], [ 76.009, 11.95 ], [ 75.997, 11.953 ], [ 75.988, 11.943 ], [ 75.976, 11.946 ], [ 75.972, 11.958 ], [ 75.96, 11.961 ], [ 75.951, 11.951 ], [ 75.939, 11.953 ], [ 75.931, 11.943 ], [ 75.935, 11.931 ], [ 75.926, 11.921 ], [ 75.93, 11.909 ], [ 75.943, 11.906 ], [ 75.947, 11.894 ], [ 75.938, 11.884 ], [ 75.926, 11.886 ], [ 75.918, 11.877 ], [ 75.922, 11.864 ], [ 75.913, 11.854 ], [ 75.917, 11.842 ], [ 75.909, 11.832 ], [ 75.897, 11.835 ], [ 75.893, 11.847 ], [ 75.88, 11.85 ], [ 75.872, 11.84 ], [ 75.86, 11.842 ], [ 75.856, 11.855 ], [ 75.843, 11.857 ], [ 75.835, 11.847 ], [ 75.823, 11.85 ], [ 75.819, 11.862 ], [ 75.806, 11.865 ], [ 75.798, 11.855 ], [ 75.802, 11.842 ], [ 75.794, 11.833 ], [ 75.798, 11.82 ], [ 75.789, 11.81 ], [ 75.793, 11.798 ], [ 75.785, 11.788 ], [ 75.789, 11.776 ], [ 75.781, 11.766 ], [ 75.785, 11.754 ], [ 75.797, 11.751 ], [ 75.801, 11.739 ], [ 75.813, 11.736 ], [ 75.817, 11.724 ], [ 75.83, 11.721 ], [ 75.834, 11.709 ], [ 75.846, 11.706 ], [ 75.85, 11.694 ], [ 75.862, 11.691 ], [ 75.87, 11.701 ], [ 75.866, 11.714 ], [ 75.875, 11.723 ], [ 75.887, 11.721 ], [ 75.891, 11.709 ], [ 75.903, 11.706 ], [ 75.912, 11.716 ], [ 75.924, 11.713 ], [ 75.928, 11.701 ], [ 75.92, 11.691 ], [ 75.924, 11.679 ], [ 75.915, 11.669 ], [ 75.919, 11.657 ], [ 75.911, 11.647 ], [ 75.899, 11.649 ], [ 75.89, 11.639 ], [ 75.894, 11.627 ], [ 75.907, 11.624 ], [ 75.911, 11.612 ], [ 75.902, 11.602 ], [ 75.906, 11.59 ], [ 75.919, 11.587 ], [ 75.927, 11.597 ], [ 75.939, 11.595 ], [ 75.943, 11.582 ], [ 75.955, 11.58 ], [ 75.964, 11.589 ], [ 75.96, 11.602 ], [ 75.968, 11.612 ], [ 75.98, 11.609 ], [ 75.984, 11.597 ], [ 75.976, 11.587 ], [ 75.98, 11.575 ], [ 75.972, 11.565 ], [ 75.976, 11.552 ], [ 75.988, 11.55 ], [ 75.992, 11.537 ], [ 76.004, 11.535 ], [ 76.008, 11.522 ], [ 76.021, 11.52 ], [ 76.025, 11.507 ], [ 76.037, 11.505 ], [ 76.045, 11.515 ], [ 76.058, 11.512 ], [ 76.066, 11.522 ], [ 76.062, 11.534 ], [ 76.07, 11.544 ], [ 76.083, 11.542 ], [ 76.091, 11.552 ], [ 76.103, 11.549 ], [ 76.107, 11.537 ], [ 76.099, 11.527 ], [ 76.103, 11.514 ], [ 76.115, 11.512 ], [ 76.119, 11.499 ], [ 76.132, 11.497 ], [ 76.136, 11.484 ], [ 76.148, 11.482 ], [ 76.152, 11.469 ], [ 76.164, 11.467 ], [ 76.173, 11.477 ], [ 76.185, 11.474 ], [ 76.193, 11.484 ], [ 76.189, 11.496 ], [ 76.198, 11.506 ], [ 76.21, 11.504 ], [ 76.218, 11.514 ], [ 76.231, 11.511 ], [ 76.239, 11.521 ], [ 76.235, 11.533 ], [ 76.243, 11.543 ], [ 76.239, 11.556 ], [ 76.248, 11.565 ], [ 76.244, 11.578 ], [ 76.252, 11.588 ], [ 76.265, 11.585 ], [ 76.273, 11.595 ], [ 76.285, 11.592 ], [ 76.294, 11.602 ], [ 76.306, 11.6 ], [ 76.31, 11.587 ], [ 76.322, 11.585 ], [ 76.331, 11.595 ], [ 76.343, 11.592 ], [ 76.352, 11.602 ], [ 76.364, 11.599 ], [ 76.372, 11.609 ], [ 76.385, 11.607 ], [ 76.393, 11.616 ], [ 76.389, 11.629 ], [ 76.398, 11.639 ], [ 76.41, 11.636 ], [ 76.418, 11.646 ], [ 76.431, 11.643 ], [ 76.439, 11.653 ], [ 76.435, 11.666 ], [ 76.444, 11.676 ], [ 76.44, 11.688 ], [ 76.427, 11.691 ], [ 76.423, 11.703 ], [ 76.432, 11.713 ], [ 76.428, 11.725 ], [ 76.436, 11.735 ], [ 76.432, 11.748 ], [ 76.42, 11.75 ], [ 76.416, 11.763 ], [ 76.403, 11.765 ], [ 76.395, 11.755 ], [ 76.383, 11.758 ], [ 76.374, 11.748 ], [ 76.362, 11.751 ], [ 76.353, 11.741 ], [ 76.341, 11.743 ], [ 76.337, 11.756 ], [ 76.325, 11.758 ], [ 76.321, 11.771 ], [ 76.329, 11.781 ], [ 76.325, 11.793 ], [ 76.313, 11.796 ], [ 76.309, 11.808 ], [ 76.296, 11.81 ], [ 76.292, 11.823 ], [ 76.28, 11.825 ], [ 76.272, 11.816 ], [ 76.259, 11.818 ], [ 76.251, 11.808 ], [ 76.238, 11.811 ], [ 76.234, 11.823 ], [ 76.222, 11.826 ], [ 76.218, 11.838 ], [ 76.227, 11.848 ], [ 76.223, 11.86 ], [ 76.21, 11.863 ], [ 76.206, 11.875 ], [ 76.194, 11.878 ], [ 76.185, 11.868 ], [ 76.173, 11.871 ], [ 76.169, 11.883 ], [ 76.157, 11.885 ], [ 76.148, 11.876 ], [ 76.136, 11.878 ], [ 76.132, 11.891 ], [ 76.12, 11.893 ], [ 76.116, 11.905 ], [ 76.124, 11.915 ], [ 76.12, 11.928 ], [ 76.129, 11.938 ], [ 76.125, 11.95 ], [ 76.133, 11.96 ], [ 76.129, 11.972 ], [ 76.117, 11.975 ], [ 76.113, 11.987 ], [ 76.1, 11.99 ], [ 76.092, 11.98 ], [ 76.08, 11.982 ], [ 76.071, 11.972 ], [ 76.059, 11.975 ], [ 76.05, 11.965 ], [ 76.038, 11.968 ], [ 76.03, 11.958 ] ] ] ] } },
{ "type": "Feature", "properties": { "POLYGON.ID": 345.0, "subregion": "India--Kerala--Thrissur--Vet Campus", "POLYGON": "India--Kerala--Thrissur--Vet Campus", "SHOW": "1", "FILTER": "India--Kerala--Coast (0 to 40m)", "FILTER.ID": "CL30086", "OLD.POLYGON": "1", "STATE": "Kerala", "COUNTY": "Thrissur", "OWNER": null }, "geometry": { "type": "MultiPolygon", "coordinates": [ [ [ [ 76.289, 10.536 ], [ 76.276, 10.539 ], [ 76.268, 10.529 ], [ 76.256, 10.532 ], [ 76.247, 10.522 ], [ 76.251, 10.509 ], [ 76.264, 10.507 ], [ 76.272, 10.517 ], [ 76.284, 10.514 ], [ 76.293, 10.524 ], [ 76.305, 10.521 ], [ 76.313, 10.531 ], [ 76.326, 10.528 ], [ 76.334, 10.538 ], [ 76.346, 10.535 ], [ 76.355, 10.545 ], [ 76.351, 10.558 ], [ 76.339, 10.56 ], [ 76.33, 10.55 ], [ 76.318, 10.553 ], [ 76.309, 10.543 ], [ 76.297, 10.546 ], [ 76.289, 10.536 ] ] ] ] } },
{ "type": "Feature", "properties": { "POLYGON.ID": 346.0, "subregion": "India--Kerala--Thrissur--Vazhani", "POLYGON": "India--Kerala--Thrissur--Vazhani", "SHOW": "1", "FILTER": "India--Kerala--Foothills and Midlands(40 to 200m and 200 to 600m)", "FILTER.ID": "CL27581", "OLD.POLYGON": "1", "STATE": "Kerala", "COUNTY": "Thrissur", "OWNER": null }, "geometry": { "type": "MultiPolygon", "coordinates": [ [ [ [ 76.318, 10.588 ], [ 76.322, 10.575 ], [ 76.335, 10.573 ], [ 76.343, 10.583 ], [ 76.339, 10.595 ], [ 76.347, 10.605 ], [ 76.36, 10.602 ], [ 76.368, 10.612 ], [ 76.364, 10.624 ], [ 76.352, 10.627 ], [ 76.348, 10.64 ], [ 76.335, 10.642 ], [ 76.327, 10.632 ], [ 76.331, 10.62 ], [ 76.323, 10.61 ], [ 76.327, 10.598 ], [ 76.318, 10.588 ] ] ] ] } },
{ "type": "Feature", "properties": { "POLYGON.ID": 350.0, "subregion": "India--Kerala--Thrissur--Peechi Chimmony", "POLYGON": "India--Kerala--Thrissur--Peechi Chimmony", "SHOW": "1", "FILTER": "India--Kerala--Foothills and Midlands(40 to 200m and 200 to 600m)", "FILTER.ID": "CL27581", "OLD.POLYGON": "1", "STATE": "Kerala", "COUNTY": "Thrissur", "OWNER": null }, "geometry": { "type": "MultiPolygon", "coordinates": [ [ [ [ 76.481, 10.402 ], [ 76.493, 10.399 ], [ 76.497, 10.387 ], [ 76.509, 10.384 ], [ 76.513, 10.372 ], [ 76.526, 10.369 ], [ 76.53, 10.357 ], [ 76.521, 10.347 ], [ 76.525, 10.334 ], [ 76.517, 10.324 ], [ 76.505, 10.327 ], [ 76.501, 10.34 ], [ 76.488, 10.342 ], [ 76.48, 10.332 ], [ 76.484, 10.32 ], [ 76.496, 10.317 ], [ 76.5, 10.305 ], [ 76.512, 10.302 ], [ 76.521, 10.312 ], [ 76.533, 10.309 ], [ 76.542, 10.319 ], [ 76.538, 10.332 ], [ 76.546, 10.341 ], [ 76.558, 10.339 ], [ 76.567, 10.349 ], [ 76.563, 10.361 ], [ 76.571, 10.371 ], [ 76.583, 10.368 ], [ 76.592, 10.378 ], [ 76.588, 10.39 ], [ 76.576, 10.393 ], [ 76.572, 10.406 ], [ 76.559, 10.408 ], [ 76.555, 10.421 ], [ 76.543, 10.423 ], [ 76.539, 10.436 ], [ 76.547, 10.446 ], [ 76.543, 10.458 ], [ 76.531, 10.461 ], [ 76.527, 10.473 ], [ 76.515, 10.476 ], [ 76.511, 10.488 ], [ 76.498, 10.491 ], [ 76.49, 10.481 ], [ 76.478, 10.484 ], [ 76.474, 10.496 ], [ 76.482, 10.506 ], [ 76.478, 10.519 ], [ 76.466, 10.521 ], [ 76.457, 10.512 ], [ 76.445, 10.514 ], [ 76.437, 10.504 ], [ 76.424, 10.507 ], [ 76.416, 10.497 ], [ 76.404, 10.5 ], [ 76.395, 10.49 ], [ 76.383, 10.493 ], [ 76.375, 10.483 ], [ 76.379, 10.47 ], [ 76.391, 10.468 ], [ 76.395, 10.455 ], [ 76.407, 10.453 ], [ 76.416, 10.462 ], [ 76.428, 10.46 ], [ 76.432, 10.447 ], [ 76.444, 10.445 ], [ 76.448, 10.432 ], [ 76.461, 10.43 ], [ 76.464, 10.417 ], [ 76.477, 10.414 ], [ 76.481, 10.402 ] ] ] ] } },
{ "type": "Feature", "properties": { "POLYGON.ID": 351.0, "subregion": "India--Kerala--Thrissur--Coast", "POLYGON": "India--Kerala--Thrissur--Coast", "SHOW": "1", "FILTER": "India--Kerala--Coast (0 to 40m)", "FILTER.ID": "CL30086", "OLD.POLYGON": "1", "STATE": "Kerala", "COUNTY": "Thrissur", "OWNER": null }, "geometry": { "type": "MultiPolygon", "coordinates": [ [ [ [ 76.17, 10.226 ], [ 76.178, 10.235 ], [ 76.174, 10.248 ], [ 76.162, 10.25 ], [ 76.158, 10.263 ], [ 76.146, 10.266 ], [ 76.142, 10.278 ], [ 76.15, 10.288 ], [ 76.146, 10.3 ], [ 76.154, 10.31 ], [ 76.151, 10.322 ], [ 76.138, 10.325 ], [ 76.134, 10.338 ], [ 76.143, 10.347 ], [ 76.139, 10.36 ], [ 76.126, 10.362 ], [ 76.122, 10.375 ], [ 76.11, 10.377 ], [ 76.106, 10.39 ], [ 76.114, 10.4 ], [ 76.111, 10.412 ], [ 76.098, 10.415 ], [ 76.094, 10.427 ], [ 76.103, 10.437 ], [ 76.099, 10.449 ], [ 76.086, 10.452 ], [ 76.082, 10.465 ], [ 76.07, 10.467 ], [ 76.066, 10.48 ], [ 76.074, 10.489 ], [ 76.071, 10.502 ], [ 76.058, 10.504 ], [ 76.054, 10.517 ], [ 76.042, 10.52 ], [ 76.038, 10.532 ], [ 76.046, 10.542 ], [ 76.042, 10.554 ], [ 76.03, 10.557 ], [ 76.026, 10.569 ], [ 76.034, 10.579 ], [ 76.03, 10.591 ], [ 76.018, 10.594 ], [ 76.014, 10.607 ], [ 76.002, 10.609 ], [ 75.998, 10.622 ], [ 76.006, 10.631 ], [ 76.002, 10.644 ], [ 75.99, 10.646 ], [ 75.986, 10.659 ], [ 75.974, 10.661 ], [ 75.97, 10.674 ], [ 75.978, 10.684 ], [ 75.974, 10.696 ], [ 75.962, 10.699 ], [ 75.954, 10.689 ], [ 75.941, 10.692 ], [ 75.933, 10.682 ], [ 75.937, 10.669 ], [ 75.929, 10.659 ], [ 75.933, 10.647 ], [ 75.945, 10.644 ], [ 75.949, 10.632 ], [ 75.961, 10.629 ], [ 75.965, 10.617 ], [ 75.957, 10.607 ], [ 75.961, 10.595 ], [ 75.973, 10.592 ], [ 75.977, 10.58 ], [ 75.969, 10.57 ], [ 75.973, 10.558 ], [ 75.985, 10.555 ], [ 75.989, 10.542 ], [ 75.981, 10.533 ], [ 75.985, 10.52 ], [ 75.997, 10.518 ], [ 76.001, 10.505 ], [ 76.013, 10.503 ], [ 76.017, 10.49 ], [ 76.009, 10.48 ], [ 76.013, 10.468 ], [ 76.025, 10.465 ], [ 76.029, 10.453 ], [ 76.041, 10.45 ], [ 76.045, 10.438 ], [ 76.037, 10.428 ], [ 76.041, 10.416 ], [ 76.053, 10.413 ], [ 76.057, 10.4 ], [ 76.069, 10.398 ], [ 76.073, 10.385 ], [ 76.065, 10.376 ], [ 76.069, 10.363 ], [ 76.061, 10.353 ], [ 76.065, 10.341 ], [ 76.077, 10.338 ], [ 76.081, 10.326 ], [ 76.093, 10.323 ], [ 76.097, 10.311 ], [ 76.089, 10.301 ], [ 76.093, 10.289 ], [ 76.105, 10.286 ], [ 76.109, 10.273 ], [ 76.101, 10.264 ], [ 76.105, 10.251 ], [ 76.117, 10.249 ], [ 76.121, 10.236 ], [ 76.112, 10.226 ], [ 76.116, 10.214 ], [ 76.129, 10.211 ], [ 76.133, 10.199 ], [ 76.124, 10.189 ], [ 76.128, 10.177 ], [ 76.141, 10.174 ], [ 76.149, 10.184 ], [ 76.161, 10.181 ], [ 76.169, 10.191 ], [ 76.182, 10.188 ], [ 76.19, 10.198 ], [ 76.186, 10.21 ], [ 76.174, 10.213 ], [ 76.17, 10.226 ] ] ] ] } },
{ "type": "Feature", "properties": { "POLYGON.ID": 352.0, "subregion": "India--Kerala--Thrissur--Kodungallur", "POLYGON": "India--Kerala--Thrissur--Kodungallur", "SHOW": "1", "FILTER": "India--Kerala--Coast (0 to 40m)", "FILTER.ID": "CL30086", "OLD.POLYGON": "1", "STATE": "Kerala", "COUNTY": "Thrissur", "OWNER": null }, "geometry": { "type": "MultiPolygon", "coordinates": [ [ [ [ 76.207, 10.218 ], [ 76.215, 10.227 ], [ 76.211, 10.24 ], [ 76.219, 10.25 ], [ 76.216, 10.262 ], [ 76.203, 10.265 ], [ 76.199, 10.277 ], [ 76.187, 10.28 ], [ 76.183, 10.292 ], [ 76.171, 10.295 ], [ 76.167, 10.307 ], [ 76.154, 10.31 ], [ 76.146, 10.3 ], [ 76.15, 10.288 ], [ 76.142, 10.278 ], [ 76.146, 10.266 ], [ 76.158, 10.263 ], [ 76.162, 10.25 ], [ 76.174, 10.248 ], [ 76.178, 10.235 ], [ 76.17, 10.226 ], [ 76.174, 10.213 ], [ 76.186, 10.21 ], [ 76.19, 10.198 ], [ 76.202, 10.195 ], [ 76.211, 10.205 ], [ 76.207, 10.218 ] ] ] ] } },
{ "type": "Feature", "properties": { "POLYGON.ID": 353.0, "subregion": "India--Kerala--Thrissur--Medical College", "POLYGON": "India--Kerala--Thrissur--Medical College", "SHOW": "1", "FILTER": "India--Kerala--Coast (0 to 40m)", "FILTER.ID": "CL30086", "OLD.POLYGON": "1", "STATE": "Kerala", "COUNTY": "Thrissur", "OWNER": null }, "geometry": { "type": "MultiPolygon", "coordinates": [ [ [ [ 76.216, 10.621 ], [ 76.212, 10.634 ], [ 76.199, 10.636 ], [ 76.191, 10.627 ], [ 76.179, 10.629 ], [ 76.17, 10.619 ], [ 76.174, 10.607 ], [ 76.187, 10.604 ], [ 76.191, 10.592 ], [ 76.203, 10.589 ], [ 76.211, 10.599 ], [ 76.207, 10.612 ], [ 76.216, 10.621 ] ] ] ] } },
{ "type": "Feature", "properties": { "POLYGON.ID": 355.0, "subregion": "India--Kerala--Thrissur--Bharathapuzha", "POLYGON": "India--Kerala--Thrissur--Bharathapuzha", "SHOW": "1", "FILTER": "India--Kerala--Coast (0 to 40m)", "FILTER.ID": "CL30086", "OLD.POLYGON": "1", "STATE": "Kerala", "COUNTY": "Thrissur", "OWNER": null }, "geometry": { "type": "MultiPolygon", "coordinates": [ [ [ [ 76.32, 10.761 ], [ 76.312, 10.752 ], [ 76.3, 10.754 ], [ 76.296, 10.767 ], [ 76.283, 10.769 ], [ 76.275, 10.759 ], [ 76.263, 10.762 ], [ 76.259, 10.775 ], [ 76.246, 10.777 ], [ 76.242, 10.79 ], [ 76.23, 10.792 ], [ 76.222, 10.782 ], [ 76.21, 10.785 ], [ 76.201, 10.775 ], [ 76.205, 10.763 ], [ 76.217, 10.76 ], [ 76.221, 10.748 ], [ 76.234, 10.745 ], [ 76.238, 10.733 ], [ 76.25, 10.73 ], [ 76.258, 10.74 ], [ 76.271, 10.737 ], [ 76.279, 10.747 ], [ 76.291, 10.744 ], [ 76.295, 10.732 ], [ 76.308, 10.729 ], [ 76.316, 10.739 ], [ 76.328, 10.737 ], [ 76.337, 10.746 ], [ 76.349, 10.744 ], [ 76.357, 10.754 ], [ 76.37, 10.751 ], [ 76.378, 10.761 ], [ 76.39, 10.758 ], [ 76.399, 10.768 ], [ 76.395, 10.78 ], [ 76.383, 10.783 ], [ 76.374, 10.773 ], [ 76.362, 10.776 ], [ 76.353, 10.766 ], [ 76.341, 10.769 ], [ 76.333, 10.759 ], [ 76.32, 10.761 ] ] ] ] } },
{ "type": "Feature", "properties": { "POLYGON.ID": 356.0, "subregion": "India--Kerala--Thrissur--Midlands", "POLYGON": "India--Kerala--Thrissur--Midlands", "SHOW": "1", "FILTER": "India--Kerala--Foothills and Midlands(40 to 200m and 200 to 600m)", "FILTER.ID": "CL27581", "OLD.POLYGON": "1", "STATE": "Kerala", "COUNTY": "Thrissur", "OWNER": null }, "geometry": { "type": "MultiPolygon", "coordinates": [ [ [ [ 76.279, 10.747 ], [ 76.271, 10.737 ], [ 76.258, 10.74 ], [ 76.25, 10.73 ], [ 76.238, 10.733 ], [ 76.234, 10.745 ], [ 76.221, 10.748 ], [ 76.217, 10.76 ], [ 76.205, 10.763 ], [ 76.197, 10.753 ], [ 76.201, 10.741 ], [ 76.192, 10.731 ], [ 76.18, 10.733 ], [ 76.172, 10.724 ], [ 76.176, 10.711 ], [ 76.188, 10.708 ], [ 76.192, 10.696 ], [ 76.204, 10.693 ], [ 76.213, 10.703 ], [ 76.225, 10.701 ], [ 76.229, 10.688 ], [ 76.241, 10.686 ], [ 76.245, 10.673 ], [ 76.258, 10.67 ], [ 76.261, 10.658 ], [ 76.274, 10.655 ], [ 76.278, 10.643 ], [ 76.269, 10.633 ], [ 76.257, 10.636 ], [ 76.253, 10.648 ], [ 76.241, 10.651 ], [ 76.237, 10.663 ], [ 76.225, 10.666 ], [ 76.216, 10.656 ], [ 76.22, 10.644 ], [ 76.232, 10.641 ], [ 76.236, 10.629 ], [ 76.228, 10.619 ], [ 76.232, 10.606 ], [ 76.224, 10.597 ], [ 76.228, 10.584 ], [ 76.24, 10.581 ], [ 76.248, 10.591 ], [ 76.261, 10.589 ], [ 76.265, 10.576 ], [ 76.277, 10.574 ], [ 76.281, 10.561 ], [ 76.293, 10.558 ], [ 76.302, 10.568 ], [ 76.314, 10.566 ], [ 76.322, 10.575 ], [ 76.318, 10.588 ], [ 76.327, 10.598 ], [ 76.323, 10.61 ], [ 76.331, 10.62 ], [ 76.327, 10.632 ], [ 76.335, 10.642 ], [ 76.348, 10.64 ], [ 76.352, 10.627 ], [ 76.364, 10.624 ], [ 76.368, 10.612 ], [ 76.36, 10.602 ], [ 76.347, 10.605 ], [ 76.339, 10.595 ], [ 76.343, 10.583 ], [ 76.335, 10.573 ], [ 76.339, 10.56 ], [ 76.351, 10.558 ], [ 76.355, 10.545 ], [ 76.346, 10.535 ], [ 76.334, 10.538 ], [ 76.326, 10.528 ], [ 76.313, 10.531 ], [ 76.305, 10.521 ], [ 76.309, 10.509 ], [ 76.301, 10.499 ], [ 76.305, 10.486 ], [ 76.296, 10.477 ], [ 76.3, 10.464 ], [ 76.313, 10.461 ], [ 76.317, 10.449 ], [ 76.329, 10.446 ], [ 76.333, 10.434 ], [ 76.345, 10.431 ], [ 76.353, 10.441 ], [ 76.366, 10.438 ], [ 76.374, 10.448 ], [ 76.387, 10.446 ], [ 76.39, 10.433 ], [ 76.403, 10.43 ], [ 76.407, 10.418 ], [ 76.398, 10.408 ], [ 76.386, 10.411 ], [ 76.382, 10.423 ], [ 76.37, 10.426 ], [ 76.361, 10.416 ], [ 76.365, 10.404 ], [ 76.378, 10.401 ], [ 76.382, 10.389 ], [ 76.394, 10.386 ], [ 76.398, 10.373 ], [ 76.41, 10.371 ], [ 76.414, 10.358 ], [ 76.427, 10.356 ], [ 76.431, 10.343 ], [ 76.422, 10.333 ], [ 76.426, 10.321 ], [ 76.418, 10.311 ], [ 76.422, 10.299 ], [ 76.434, 10.296 ], [ 76.438, 10.283 ], [ 76.45, 10.281 ], [ 76.459, 10.291 ], [ 76.471, 10.288 ], [ 76.475, 10.275 ], [ 76.487, 10.273 ], [ 76.496, 10.283 ], [ 76.508, 10.28 ], [ 76.516, 10.29 ], [ 76.529, 10.287 ], [ 76.533, 10.275 ], [ 76.545, 10.272 ], [ 76.553, 10.282 ], [ 76.566, 10.279 ], [ 76.574, 10.289 ], [ 76.57, 10.301 ], [ 76.558, 10.304 ], [ 76.554, 10.316 ], [ 76.562, 10.326 ], [ 76.558, 10.339 ], [ 76.546, 10.341 ], [ 76.538, 10.332 ], [ 76.542, 10.319 ], [ 76.533, 10.309 ], [ 76.521, 10.312 ], [ 76.512, 10.302 ], [ 76.5, 10.305 ], [ 76.496, 10.317 ], [ 76.484, 10.32 ], [ 76.48, 10.332 ], [ 76.488, 10.342 ], [ 76.501, 10.34 ], [ 76.505, 10.327 ], [ 76.517, 10.324 ], [ 76.525, 10.334 ], [ 76.521, 10.347 ], [ 76.53, 10.357 ], [ 76.526, 10.369 ], [ 76.513, 10.372 ], [ 76.509, 10.384 ], [ 76.497, 10.387 ], [ 76.493, 10.399 ], [ 76.481, 10.402 ], [ 76.477, 10.414 ], [ 76.464, 10.417 ], [ 76.461, 10.43 ], [ 76.448, 10.432 ], [ 76.444, 10.445 ], [ 76.432, 10.447 ], [ 76.428, 10.46 ], [ 76.416, 10.462 ], [ 76.407, 10.453 ], [ 76.395, 10.455 ], [ 76.391, 10.468 ], [ 76.379, 10.47 ], [ 76.375, 10.483 ], [ 76.383, 10.493 ], [ 76.395, 10.49 ], [ 76.404, 10.5 ], [ 76.416, 10.497 ], [ 76.424, 10.507 ], [ 76.437, 10.504 ], [ 76.445, 10.514 ], [ 76.441, 10.527 ], [ 76.429, 10.529 ], [ 76.425, 10.542 ], [ 76.433, 10.552 ], [ 76.429, 10.564 ], [ 76.417, 10.567 ], [ 76.413, 10.579 ], [ 76.401, 10.582 ], [ 76.397, 10.594 ], [ 76.405, 10.604 ], [ 76.417, 10.601 ], [ 76.426, 10.611 ], [ 76.422, 10.624 ], [ 76.43, 10.634 ], [ 76.426, 10.646 ], [ 76.435, 10.656 ], [ 76.447, 10.653 ], [ 76.455, 10.663 ], [ 76.451, 10.675 ], [ 76.46, 10.685 ], [ 76.456, 10.698 ], [ 76.464, 10.708 ], [ 76.46, 10.72 ], [ 76.469, 10.73 ], [ 76.465, 10.742 ], [ 76.452, 10.745 ], [ 76.448, 10.757 ], [ 76.436, 10.76 ], [ 76.427, 10.75 ], [ 76.415, 10.753 ], [ 76.407, 10.743 ], [ 76.394, 10.746 ], [ 76.39, 10.758 ], [ 76.378, 10.761 ], [ 76.37, 10.751 ], [ 76.357, 10.754 ], [ 76.349, 10.744 ], [ 76.337, 10.746 ], [ 76.328, 10.737 ], [ 76.316, 10.739 ], [ 76.308, 10.729 ], [ 76.295, 10.732 ], [ 76.291, 10.744 ], [ 76.279, 10.747 ] ] ] ] } },
{ "type": "Feature", "properties": { "POLYGON.ID": 357.0, "subregion": "India--Kerala--Thrissur--Nelliampathies", "POLYGON": "India--Kerala--Thrissur--Nelliampathies", "SHOW": "1", "FILTER": "India--Kerala--High Ranges(600 to 1200m)", "FILTER.ID": "CL27582", "OLD.POLYGON": "1", "STATE": "Kerala", "COUNTY": "Thrissur", "OWNER": null }, "geometry": { "type": "MultiPolygon", "coordinates": [ [ [ [ 76.547, 10.446 ], [ 76.539, 10.436 ], [ 76.543, 10.423 ], [ 76.555, 10.421 ], [ 76.559, 10.408 ], [ 76.572, 10.406 ], [ 76.576, 10.393 ], [ 76.588, 10.39 ], [ 76.592, 10.378 ], [ 76.583, 10.368 ], [ 76.587, 10.356 ], [ 76.6, 10.353 ], [ 76.608, 10.363 ], [ 76.604, 10.375 ], [ 76.613, 10.385 ], [ 76.609, 10.398 ], [ 76.617, 10.407 ], [ 76.613, 10.42 ], [ 76.601, 10.423 ], [ 76.597, 10.435 ], [ 76.584, 10.438 ], [ 76.576, 10.428 ], [ 76.564, 10.431 ], [ 76.56, 10.443 ], [ 76.547, 10.446 ] ] ] ] } },
{ "type": "Feature", "properties": { "POLYGON.ID": 358.0, "subregion": "India--Kerala--Thrissur--Plains", "POLYGON": "India--Kerala--Thrissur--Plains", "SHOW": "1", "FILTER": "India--Kerala--Coast (0 to 40m)", "FILTER.ID": "CL30086", "OLD.POLYGON": "1", "STATE": "Kerala", "COUNTY": "Thrissur", "OWNER": null }, "geometry": { "type": "MultiPolygon", "coordinates": [ [ [ [ 76.155, 10.704 ], [ 76.151, 10.716 ], [ 76.139, 10.719 ], [ 76.13, 10.709 ], [ 76.118, 10.712 ], [ 76.114, 10.724 ], [ 76.102, 10.727 ], [ 76.094, 10.717 ], [ 76.098, 10.705 ], [ 76.089, 10.695 ], [ 76.093, 10.682 ], [ 76.105, 10.68 ], [ 76.109, 10.667 ], [ 76.122, 10.665 ], [ 76.13, 10.674 ], [ 76.142, 10.672 ], [ 76.146, 10.659 ], [ 76.159, 10.657 ], [ 76.163, 10.644 ], [ 76.154, 10.635 ], [ 76.142, 10.637 ], [ 76.134, 10.627 ], [ 76.121, 10.63 ], [ 76.113, 10.62 ], [ 76.117, 10.608 ], [ 76.129, 10.605 ], [ 76.133, 10.593 ], [ 76.145, 10.59 ], [ 76.149, 10.578 ], [ 76.141, 10.568 ], [ 76.145, 10.555 ], [ 76.157, 10.553 ], [ 76.161, 10.54 ], [ 76.174, 10.538 ], [ 76.178, 10.525 ], [ 76.19, 10.523 ], [ 76.194, 10.51 ], [ 76.186, 10.5 ], [ 76.189, 10.488 ], [ 76.202, 10.485 ], [ 76.206, 10.473 ], [ 76.218, 10.47 ], [ 76.222, 10.458 ], [ 76.214, 10.448 ], [ 76.218, 10.435 ], [ 76.23, 10.433 ], [ 76.238, 10.443 ], [ 76.251, 10.44 ], [ 76.259, 10.45 ], [ 76.271, 10.447 ], [ 76.275, 10.435 ], [ 76.267, 10.425 ], [ 76.271, 10.412 ], [ 76.262, 10.403 ], [ 76.266, 10.39 ], [ 76.279, 10.388 ], [ 76.283, 10.375 ], [ 76.295, 10.372 ], [ 76.299, 10.36 ], [ 76.291, 10.35 ], [ 76.295, 10.338 ], [ 76.286, 10.328 ], [ 76.29, 10.315 ], [ 76.282, 10.306 ], [ 76.27, 10.308 ], [ 76.266, 10.321 ], [ 76.253, 10.323 ], [ 76.249, 10.336 ], [ 76.237, 10.339 ], [ 76.233, 10.351 ], [ 76.221, 10.354 ], [ 76.217, 10.366 ], [ 76.225, 10.376 ], [ 76.221, 10.388 ], [ 76.209, 10.391 ], [ 76.201, 10.381 ], [ 76.204, 10.369 ], [ 76.196, 10.359 ], [ 76.2, 10.346 ], [ 76.192, 10.337 ], [ 76.196, 10.324 ], [ 76.208, 10.322 ], [ 76.212, 10.309 ], [ 76.224, 10.306 ], [ 76.233, 10.316 ], [ 76.245, 10.314 ], [ 76.249, 10.301 ], [ 76.261, 10.299 ], [ 76.265, 10.286 ], [ 76.257, 10.276 ], [ 76.245, 10.279 ], [ 76.236, 10.269 ], [ 76.24, 10.257 ], [ 76.252, 10.254 ], [ 76.256, 10.242 ], [ 76.248, 10.232 ], [ 76.252, 10.219 ], [ 76.264, 10.217 ], [ 76.273, 10.226 ], [ 76.285, 10.224 ], [ 76.289, 10.211 ], [ 76.281, 10.202 ], [ 76.285, 10.189 ], [ 76.297, 10.186 ], [ 76.305, 10.196 ], [ 76.317, 10.194 ], [ 76.326, 10.203 ], [ 76.338, 10.201 ], [ 76.346, 10.21 ], [ 76.343, 10.223 ], [ 76.351, 10.233 ], [ 76.363, 10.23 ], [ 76.372, 10.24 ], [ 76.384, 10.237 ], [ 76.392, 10.247 ], [ 76.388, 10.259 ], [ 76.397, 10.269 ], [ 76.409, 10.267 ], [ 76.417, 10.276 ], [ 76.43, 10.274 ], [ 76.438, 10.283 ], [ 76.434, 10.296 ], [ 76.422, 10.299 ], [ 76.418, 10.311 ], [ 76.426, 10.321 ], [ 76.422, 10.333 ], [ 76.431, 10.343 ], [ 76.427, 10.356 ], [ 76.414, 10.358 ], [ 76.41, 10.371 ], [ 76.398, 10.373 ], [ 76.394, 10.386 ], [ 76.382, 10.389 ], [ 76.378, 10.401 ], [ 76.365, 10.404 ], [ 76.361, 10.416 ], [ 76.37, 10.426 ], [ 76.382, 10.423 ], [ 76.386, 10.411 ], [ 76.398, 10.408 ], [ 76.407, 10.418 ], [ 76.403, 10.43 ], [ 76.39, 10.433 ], [ 76.387, 10.446 ], [ 76.374, 10.448 ], [ 76.366, 10.438 ], [ 76.353, 10.441 ], [ 76.345, 10.431 ], [ 76.333, 10.434 ], [ 76.329, 10.446 ], [ 76.317, 10.449 ], [ 76.313, 10.461 ], [ 76.3, 10.464 ], [ 76.296, 10.477 ], [ 76.305, 10.486 ], [ 76.301, 10.499 ], [ 76.309, 10.509 ], [ 76.305, 10.521 ], [ 76.293, 10.524 ], [ 76.284, 10.514 ], [ 76.272, 10.517 ], [ 76.264, 10.507 ], [ 76.251, 10.509 ], [ 76.247, 10.522 ], [ 76.256, 10.532 ], [ 76.252, 10.544 ], [ 76.26, 10.554 ], [ 76.273, 10.551 ], [ 76.281, 10.561 ], [ 76.277, 10.574 ], [ 76.265, 10.576 ], [ 76.261, 10.589 ], [ 76.248, 10.591 ], [ 76.24, 10.581 ], [ 76.228, 10.584 ], [ 76.224, 10.597 ], [ 76.232, 10.606 ], [ 76.228, 10.619 ], [ 76.236, 10.629 ], [ 76.232, 10.641 ], [ 76.22, 10.644 ], [ 76.216, 10.656 ], [ 76.225, 10.666 ], [ 76.237, 10.663 ], [ 76.241, 10.651 ], [ 76.253, 10.648 ], [ 76.257, 10.636 ], [ 76.269, 10.633 ], [ 76.278, 10.643 ], [ 76.274, 10.655 ], [ 76.261, 10.658 ], [ 76.258, 10.67 ], [ 76.245, 10.673 ], [ 76.241, 10.686 ], [ 76.229, 10.688 ], [ 76.225, 10.701 ], [ 76.213, 10.703 ], [ 76.204, 10.693 ], [ 76.192, 10.696 ], [ 76.188, 10.708 ], [ 76.176, 10.711 ], [ 76.167, 10.701 ], [ 76.155, 10.704 ] ], [ [ 76.17, 10.619 ], [ 76.179, 10.629 ], [ 76.191, 10.627 ], [ 76.199, 10.636 ], [ 76.212, 10.634 ], [ 76.216, 10.621 ], [ 76.207, 10.612 ], [ 76.211, 10.599 ], [ 76.203, 10.589 ], [ 76.191, 10.592 ], [ 76.187, 10.604 ], [ 76.174, 10.607 ], [ 76.17, 10.619 ] ] ] ] } },
{ "type": "Feature", "properties": { "POLYGON.ID": 359.0, "subregion": "India--Kerala--Palakkad--Malampuzha", "POLYGON": "India--Kerala--Palakkad--Malampuzha", "SHOW": "1", "FILTER": "India--Kerala--Foothills and Midlands(40 to 200m and 200 to 600m)", "FILTER.ID": "CL27581", "OLD.POLYGON": "1", "STATE": "Kerala", "COUNTY": "Palakkad", "OWNER": null }, "geometry": { "type": "MultiPolygon", "coordinates": [ [ [ [ 76.677, 10.837 ], [ 76.681, 10.824 ], [ 76.693, 10.821 ], [ 76.697, 10.809 ], [ 76.709, 10.806 ], [ 76.718, 10.816 ], [ 76.73, 10.813 ], [ 76.739, 10.823 ], [ 76.735, 10.836 ], [ 76.743, 10.846 ], [ 76.739, 10.858 ], [ 76.727, 10.861 ], [ 76.723, 10.873 ], [ 76.71, 10.876 ], [ 76.702, 10.866 ], [ 76.689, 10.869 ], [ 76.686, 10.881 ], [ 76.673, 10.884 ], [ 76.669, 10.896 ], [ 76.657, 10.899 ], [ 76.648, 10.889 ], [ 76.636, 10.892 ], [ 76.628, 10.882 ], [ 76.632, 10.869 ], [ 76.623, 10.86 ], [ 76.627, 10.847 ], [ 76.639, 10.844 ], [ 76.643, 10.832 ], [ 76.656, 10.829 ], [ 76.664, 10.839 ], [ 76.677, 10.837 ] ] ] ] } },
{ "type": "Feature", "properties": { "POLYGON.ID": 360.0, "subregion": "India--Kerala--Palakkad--Walayar", "POLYGON": "India--Kerala--Palakkad--Walayar", "SHOW": "1", "FILTER": "India--Kerala--Foothills and Midlands(40 to 200m and 200 to 600m)", "FILTER.ID": "CL27581", "OLD.POLYGON": "1", "STATE": "Kerala", "COUNTY": "Palakkad", "OWNER": null }, "geometry": { "type": "MultiPolygon", "coordinates": [ [ [ [ 76.855, 10.857 ], [ 76.843, 10.859 ], [ 76.834, 10.849 ], [ 76.838, 10.837 ], [ 76.851, 10.834 ], [ 76.855, 10.822 ], [ 76.867, 10.819 ], [ 76.875, 10.829 ], [ 76.872, 10.841 ], [ 76.88, 10.851 ], [ 76.876, 10.864 ], [ 76.864, 10.866 ], [ 76.855, 10.857 ] ] ] ] } },
{ "type": "Feature", "properties": { "POLYGON.ID": 400.0, "subregion": "India--Kerala--Idukki--Chinnar", "POLYGON": "India--Kerala--Idukki--Chinnar", "SHOW": "1", "FILTER": "India--Kerala--Foothills and Midlands(40 to 200m and 200 to 600m)", "FILTER.ID": "CL27581", "OLD.POLYGON": "1", "STATE": "Kerala", "COUNTY": "Idukki", "OWNER": null }, "geometry": { "type": "MultiPolygon", "coordinates": [ [ [ [ 77.209, 10.361 ], [ 77.201, 10.351 ], [ 77.205, 10.338 ], [ 77.196, 10.328 ], [ 77.2, 10.316 ], [ 77.213, 10.313 ], [ 77.217, 10.301 ], [ 77.229, 10.298 ], [ 77.233, 10.285 ], [ 77.245, 10.283 ], [ 77.249, 10.27 ], [ 77.262, 10.267 ], [ 77.27, 10.277 ], [ 77.266, 10.29 ], [ 77.254, 10.292 ], [ 77.25, 10.305 ], [ 77.238, 10.308 ], [ 77.234, 10.32 ], [ 77.242, 10.33 ], [ 77.238, 10.343 ], [ 77.247, 10.352 ], [ 77.243, 10.365 ], [ 77.23, 10.368 ], [ 77.222, 10.358 ], [ 77.209, 10.361 ] ] ] ] } },
{ "type": "Feature", "properties": { "POLYGON.ID": 399.0, "subregion": "India--Kerala--Idukki--Marayur", "POLYGON": "India--Kerala--Idukki--Marayur", "SHOW": "1", "FILTER": "India--Kerala--High Ranges(600 to 1200m)", "FILTER.ID": "CL27582", "OLD.POLYGON": "1", "STATE": "Kerala", "COUNTY": "Idukki", "OWNER": null }, "geometry": { "type": "MultiPolygon", "coordinates": [ [ [ [ 77.241, 10.26 ], [ 77.249, 10.27 ], [ 77.245, 10.283 ], [ 77.233, 10.285 ], [ 77.229, 10.298 ], [ 77.217, 10.301 ], [ 77.213, 10.313 ], [ 77.2, 10.316 ], [ 77.196, 10.328 ], [ 77.205, 10.338 ], [ 77.201, 10.351 ], [ 77.209, 10.361 ], [ 77.205, 10.373 ], [ 77.193, 10.376 ], [ 77.184, 10.366 ], [ 77.172, 10.369 ], [ 77.163, 10.359 ], [ 77.151, 10.362 ], [ 77.143, 10.352 ], [ 77.147, 10.339 ], [ 77.159, 10.336 ], [ 77.163, 10.324 ], [ 77.175, 10.321 ], [ 77.179, 10.309 ], [ 77.171, 10.299 ], [ 77.158, 10.302 ], [ 77.15, 10.292 ], [ 77.154, 10.279 ], [ 77.145, 10.269 ], [ 77.149, 10.257 ], [ 77.141, 10.247 ], [ 77.145, 10.235 ], [ 77.136, 10.225 ], [ 77.14, 10.212 ], [ 77.153, 10.209 ], [ 77.161, 10.219 ], [ 77.174, 10.217 ], [ 77.182, 10.226 ], [ 77.195, 10.224 ], [ 77.203, 10.233 ], [ 77.199, 10.246 ], [ 77.208, 10.256 ], [ 77.22, 10.253 ], [ 77.229, 10.263 ], [ 77.241, 10.26 ] ] ] ] } },
{ "type": "Feature", "properties": { "POLYGON.ID": 398.0, "subregion": "India--Kerala--Idukki--Munnar mountains", "POLYGON": "India--Kerala--Idukki--Munnar mountains", "SHOW": "1", "FILTER": "India--Kerala--Southern and Northern Mountains(Above 1200m)", "FILTER.ID": "CL27579", "OLD.POLYGON": "1", "STATE": "Kerala", "COUNTY": "Idukki", "OWNER": null }, "geometry": { "type": "MultiPolygon", "coordinates": [ [ [ [ 77.241, 9.968 ], [ 77.245, 9.956 ], [ 77.236, 9.946 ], [ 77.24, 9.934 ], [ 77.252, 9.931 ], [ 77.261, 9.941 ], [ 77.273, 9.938 ], [ 77.282, 9.948 ], [ 77.278, 9.96 ], [ 77.286, 9.97 ], [ 77.282, 9.983 ], [ 77.27, 9.985 ], [ 77.266, 9.998 ], [ 77.274, 10.008 ], [ 77.271, 10.02 ], [ 77.279, 10.03 ], [ 77.275, 10.043 ], [ 77.263, 10.045 ], [ 77.259, 10.058 ], [ 77.246, 10.061 ], [ 77.242, 10.073 ], [ 77.23, 10.076 ], [ 77.226, 10.088 ], [ 77.213, 10.091 ], [ 77.209, 10.104 ], [ 77.218, 10.114 ], [ 77.23, 10.111 ], [ 77.239, 10.121 ], [ 77.251, 10.118 ], [ 77.255, 10.105 ], [ 77.268, 10.103 ], [ 77.276, 10.112 ], [ 77.272, 10.125 ], [ 77.281, 10.135 ], [ 77.277, 10.147 ], [ 77.285, 10.157 ], [ 77.281, 10.17 ], [ 77.29, 10.18 ], [ 77.286, 10.192 ], [ 77.294, 10.202 ], [ 77.307, 10.199 ], [ 77.315, 10.209 ], [ 77.311, 10.222 ], [ 77.299, 10.224 ], [ 77.295, 10.237 ], [ 77.282, 10.24 ], [ 77.278, 10.252 ], [ 77.266, 10.255 ], [ 77.262, 10.267 ], [ 77.249, 10.27 ], [ 77.241, 10.26 ], [ 77.229, 10.263 ], [ 77.22, 10.253 ], [ 77.208, 10.256 ], [ 77.199, 10.246 ], [ 77.203, 10.233 ], [ 77.195, 10.224 ], [ 77.182, 10.226 ], [ 77.174, 10.217 ], [ 77.161, 10.219 ], [ 77.153, 10.209 ], [ 77.14, 10.212 ], [ 77.136, 10.225 ], [ 77.145, 10.235 ], [ 77.141, 10.247 ], [ 77.149, 10.257 ], [ 77.145, 10.269 ], [ 77.154, 10.279 ], [ 77.15, 10.292 ], [ 77.158, 10.302 ], [ 77.171, 10.299 ], [ 77.179, 10.309 ], [ 77.175, 10.321 ], [ 77.163, 10.324 ], [ 77.159, 10.336 ], [ 77.147, 10.339 ], [ 77.143, 10.352 ], [ 77.13, 10.354 ], [ 77.122, 10.345 ], [ 77.126, 10.332 ], [ 77.117, 10.322 ], [ 77.105, 10.325 ], [ 77.096, 10.315 ], [ 77.084, 10.318 ], [ 77.075, 10.308 ], [ 77.063, 10.311 ], [ 77.055, 10.301 ], [ 77.042, 10.304 ], [ 77.034, 10.294 ], [ 77.038, 10.281 ], [ 77.029, 10.271 ], [ 77.033, 10.259 ], [ 77.046, 10.256 ], [ 77.05, 10.244 ], [ 77.041, 10.234 ], [ 77.029, 10.237 ], [ 77.02, 10.227 ], [ 77.024, 10.214 ], [ 77.037, 10.212 ], [ 77.041, 10.199 ], [ 77.053, 10.196 ], [ 77.061, 10.206 ], [ 77.074, 10.203 ], [ 77.078, 10.191 ], [ 77.069, 10.181 ], [ 77.057, 10.184 ], [ 77.049, 10.174 ], [ 77.036, 10.177 ], [ 77.028, 10.167 ], [ 77.015, 10.17 ], [ 77.007, 10.16 ], [ 76.994, 10.162 ], [ 76.986, 10.153 ], [ 76.99, 10.14 ], [ 76.982, 10.13 ], [ 76.985, 10.118 ], [ 76.977, 10.108 ], [ 76.965, 10.111 ], [ 76.956, 10.101 ], [ 76.96, 10.088 ], [ 76.973, 10.086 ], [ 76.977, 10.073 ], [ 76.968, 10.063 ], [ 76.972, 10.051 ], [ 76.984, 10.048 ], [ 76.993, 10.058 ], [ 77.005, 10.055 ], [ 77.009, 10.043 ], [ 77.022, 10.04 ], [ 77.03, 10.05 ], [ 77.042, 10.047 ], [ 77.051, 10.057 ], [ 77.063, 10.054 ], [ 77.067, 10.042 ], [ 77.08, 10.039 ], [ 77.084, 10.026 ], [ 77.096, 10.024 ], [ 77.105, 10.033 ], [ 77.117, 10.031 ], [ 77.121, 10.018 ], [ 77.133, 10.015 ], [ 77.142, 10.025 ], [ 77.154, 10.022 ], [ 77.158, 10.01 ], [ 77.15, 10.0 ], [ 77.154, 9.988 ], [ 77.166, 9.985 ], [ 77.175, 9.995 ], [ 77.187, 9.992 ], [ 77.195, 10.002 ], [ 77.208, 9.999 ], [ 77.212, 9.986 ], [ 77.224, 9.984 ], [ 77.228, 9.971 ], [ 77.241, 9.968 ] ] ] ] } },
{ "type": "Feature", "properties": { "POLYGON.ID": 397.0, "subregion": "India--Kerala--Idukki--SW Foothills", "POLYGON": "India--Kerala--Idukki--SW Foothills", "SHOW": "1", "FILTER": "India--Kerala--Foothills and Midlands(40 to 200m and 200 to 600m)", "FILTER.ID": "CL27581", "OLD.POLYGON": "1", "STATE": "Kerala", "COUNTY": "Idukki", "OWNER": null }, "geometry": { "type": "MultiPolygon", "coordinates": [ [ [ [ 76.899, 9.589 ], [ 76.912, 9.586 ], [ 76.915, 9.574 ], [ 76.928, 9.571 ], [ 76.932, 9.559 ], [ 76.923, 9.549 ], [ 76.927, 9.536 ], [ 76.94, 9.534 ], [ 76.944, 9.521 ], [ 76.956, 9.518 ], [ 76.96, 9.506 ], [ 76.972, 9.503 ], [ 76.976, 9.491 ], [ 76.989, 9.488 ], [ 76.993, 9.475 ], [ 76.984, 9.465 ], [ 76.972, 9.468 ], [ 76.963, 9.458 ], [ 76.951, 9.461 ], [ 76.943, 9.451 ], [ 76.947, 9.439 ], [ 76.959, 9.436 ], [ 76.963, 9.424 ], [ 76.975, 9.421 ], [ 76.984, 9.431 ], [ 76.996, 9.428 ], [ 77.0, 9.415 ], [ 77.012, 9.413 ], [ 77.016, 9.4 ], [ 77.029, 9.397 ], [ 77.037, 9.407 ], [ 77.05, 9.404 ], [ 77.058, 9.414 ], [ 77.054, 9.427 ], [ 77.062, 9.436 ], [ 77.058, 9.449 ], [ 77.046, 9.452 ], [ 77.038, 9.442 ], [ 77.025, 9.445 ], [ 77.021, 9.457 ], [ 77.03, 9.467 ], [ 77.042, 9.464 ], [ 77.051, 9.474 ], [ 77.047, 9.487 ], [ 77.055, 9.496 ], [ 77.067, 9.494 ], [ 77.076, 9.503 ], [ 77.072, 9.516 ], [ 77.06, 9.519 ], [ 77.056, 9.531 ], [ 77.043, 9.534 ], [ 77.035, 9.524 ], [ 77.022, 9.527 ], [ 77.018, 9.539 ], [ 77.006, 9.542 ], [ 77.002, 9.555 ], [ 76.99, 9.557 ], [ 76.981, 9.548 ], [ 76.985, 9.535 ], [ 76.977, 9.525 ], [ 76.964, 9.528 ], [ 76.961, 9.541 ], [ 76.969, 9.55 ], [ 76.965, 9.563 ], [ 76.953, 9.566 ], [ 76.949, 9.578 ], [ 76.936, 9.581 ], [ 76.932, 9.594 ], [ 76.92, 9.596 ], [ 76.916, 9.609 ], [ 76.904, 9.612 ], [ 76.895, 9.602 ], [ 76.899, 9.589 ] ] ] ] } },
{ "type": "Feature", "properties": { "POLYGON.ID": 396.0, "subregion": "India--Kerala--Idukki--SW Midlands", "POLYGON": "India--Kerala--Idukki--SW Midlands", "SHOW": "1", "FILTER": "India--Kerala--Foothills and Midlands(40 to 200m and 200 to 600m)", "FILTER.ID": "CL27581", "OLD.POLYGON": "1", "STATE": "Kerala", "COUNTY": "Idukki", "OWNER": null }, "geometry": { "type": "MultiPolygon", "coordinates": [ [ [ [ 76.928, 9.571 ], [ 76.915, 9.574 ], [ 76.912, 9.586 ], [ 76.899, 9.589 ], [ 76.891, 9.579 ], [ 76.895, 9.567 ], [ 76.886, 9.557 ], [ 76.89, 9.545 ], [ 76.903, 9.542 ], [ 76.907, 9.529 ], [ 76.919, 9.527 ], [ 76.923, 9.514 ], [ 76.935, 9.511 ], [ 76.939, 9.499 ], [ 76.952, 9.496 ], [ 76.96, 9.506 ], [ 76.956, 9.518 ], [ 76.944, 9.521 ], [ 76.94, 9.534 ], [ 76.927, 9.536 ], [ 76.923, 9.549 ], [ 76.932, 9.559 ], [ 76.928, 9.571 ] ] ] ] } },
{ "type": "Feature", "properties": { "POLYGON.ID": 395.0, "subregion": "India--Kerala--Idukki--Midlands", "POLYGON": "India--Kerala--Idukki--Midlands", "SHOW": "1", "FILTER": "India--Kerala--Foothills and Midlands(40 to 200m and 200 to 600m)", "FILTER.ID": "CL27581", "OLD.POLYGON": "1", "STATE": "Kerala", "COUNTY": "Idukki", "OWNER": null }, "geometry": { "type": "MultiPolygon", "coordinates": [ [ [ [ 76.782, 9.813 ], [ 76.791, 9.823 ], [ 76.803, 9.82 ], [ 76.807, 9.808 ], [ 76.82, 9.805 ], [ 76.823, 9.792 ], [ 76.836, 9.79 ], [ 76.84, 9.777 ], [ 76.852, 9.774 ], [ 76.861, 9.784 ], [ 76.857, 9.797 ], [ 76.844, 9.799 ], [ 76.84, 9.812 ], [ 76.849, 9.822 ], [ 76.861, 9.819 ], [ 76.869, 9.829 ], [ 76.866, 9.841 ], [ 76.853, 9.844 ], [ 76.849, 9.856 ], [ 76.837, 9.859 ], [ 76.828, 9.849 ], [ 76.816, 9.852 ], [ 76.812, 9.865 ], [ 76.821, 9.874 ], [ 76.833, 9.872 ], [ 76.841, 9.881 ], [ 76.854, 9.879 ], [ 76.858, 9.866 ], [ 76.87, 9.864 ], [ 76.878, 9.873 ], [ 76.874, 9.886 ], [ 76.883, 9.896 ], [ 76.879, 9.908 ], [ 76.867, 9.911 ], [ 76.863, 9.923 ], [ 76.85, 9.926 ], [ 76.846, 9.939 ], [ 76.855, 9.948 ], [ 76.851, 9.961 ], [ 76.838, 9.964 ], [ 76.834, 9.976 ], [ 76.822, 9.979 ], [ 76.818, 9.991 ], [ 76.826, 10.001 ], [ 76.822, 10.014 ], [ 76.81, 10.016 ], [ 76.806, 10.029 ], [ 76.794, 10.032 ], [ 76.785, 10.022 ], [ 76.773, 10.025 ], [ 76.765, 10.015 ], [ 76.769, 10.002 ], [ 76.76, 9.992 ], [ 76.748, 9.995 ], [ 76.739, 9.985 ], [ 76.727, 9.988 ], [ 76.719, 9.978 ], [ 76.723, 9.966 ], [ 76.714, 9.956 ], [ 76.718, 9.943 ], [ 76.71, 9.934 ], [ 76.697, 9.936 ], [ 76.689, 9.927 ], [ 76.693, 9.914 ], [ 76.685, 9.904 ], [ 76.672, 9.907 ], [ 76.668, 9.92 ], [ 76.656, 9.922 ], [ 76.648, 9.912 ], [ 76.635, 9.915 ], [ 76.627, 9.905 ], [ 76.631, 9.893 ], [ 76.643, 9.89 ], [ 76.647, 9.878 ], [ 76.639, 9.868 ], [ 76.643, 9.855 ], [ 76.655, 9.853 ], [ 76.659, 9.84 ], [ 76.671, 9.837 ], [ 76.68, 9.847 ], [ 76.692, 9.845 ], [ 76.696, 9.832 ], [ 76.708, 9.829 ], [ 76.712, 9.817 ], [ 76.725, 9.814 ], [ 76.733, 9.824 ], [ 76.745, 9.821 ], [ 76.754, 9.831 ], [ 76.766, 9.828 ], [ 76.77, 9.816 ], [ 76.782, 9.813 ] ] ] ] } },
{ "type": "Feature", "properties": { "POLYGON.ID": 394.0, "subregion": "India--Kerala--Idukki--Foothills", "POLYGON": "India--Kerala--Idukki--Foothills", "SHOW": "1", "FILTER": "India--Kerala--Foothills and Midlands(40 to 200m and 200 to 600m)", "FILTER.ID": "CL27581", "OLD.POLYGON": "1", "STATE": "Kerala", "COUNTY": "Idukki", "OWNER": null }, "geometry": { "type": "MultiPolygon", "coordinates": [ [ [ [ 76.835, 10.046 ], [ 76.831, 10.058 ], [ 76.819, 10.061 ], [ 76.811, 10.051 ], [ 76.815, 10.039 ], [ 76.827, 10.036 ], [ 76.831, 10.023 ], [ 76.822, 10.014 ], [ 76.826, 10.001 ], [ 76.818, 9.991 ], [ 76.822, 9.979 ], [ 76.834, 9.976 ], [ 76.838, 9.964 ], [ 76.851, 9.961 ], [ 76.855, 9.948 ], [ 76.846, 9.939 ], [ 76.85, 9.926 ], [ 76.863, 9.923 ], [ 76.867, 9.911 ], [ 76.879, 9.908 ], [ 76.883, 9.896 ], [ 76.874, 9.886 ], [ 76.878, 9.873 ], [ 76.87, 9.864 ], [ 76.858, 9.866 ], [ 76.854, 9.879 ], [ 76.841, 9.881 ], [ 76.833, 9.872 ], [ 76.821, 9.874 ], [ 76.812, 9.865 ], [ 76.816, 9.852 ], [ 76.828, 9.849 ], [ 76.837, 9.859 ], [ 76.849, 9.856 ], [ 76.853, 9.844 ], [ 76.866, 9.841 ], [ 76.869, 9.829 ], [ 76.861, 9.819 ], [ 76.849, 9.822 ], [ 76.84, 9.812 ], [ 76.844, 9.799 ], [ 76.857, 9.797 ], [ 76.861, 9.784 ], [ 76.852, 9.774 ], [ 76.84, 9.777 ], [ 76.836, 9.79 ], [ 76.823, 9.792 ], [ 76.82, 9.805 ], [ 76.807, 9.808 ], [ 76.803, 9.82 ], [ 76.791, 9.823 ], [ 76.782, 9.813 ], [ 76.786, 9.8 ], [ 76.799, 9.798 ], [ 76.803, 9.785 ], [ 76.815, 9.782 ], [ 76.819, 9.77 ], [ 76.831, 9.767 ], [ 76.835, 9.755 ], [ 76.848, 9.752 ], [ 76.856, 9.762 ], [ 76.869, 9.759 ], [ 76.877, 9.769 ], [ 76.873, 9.781 ], [ 76.881, 9.791 ], [ 76.877, 9.804 ], [ 76.886, 9.813 ], [ 76.882, 9.826 ], [ 76.89, 9.836 ], [ 76.903, 9.833 ], [ 76.911, 9.843 ], [ 76.907, 9.855 ], [ 76.895, 9.858 ], [ 76.891, 9.871 ], [ 76.899, 9.88 ], [ 76.912, 9.878 ], [ 76.92, 9.887 ], [ 76.916, 9.9 ], [ 76.904, 9.903 ], [ 76.9, 9.915 ], [ 76.887, 9.918 ], [ 76.883, 9.93 ], [ 76.892, 9.94 ], [ 76.888, 9.953 ], [ 76.875, 9.955 ], [ 76.871, 9.968 ], [ 76.859, 9.971 ], [ 76.855, 9.983 ], [ 76.864, 9.993 ], [ 76.876, 9.99 ], [ 76.884, 10.0 ], [ 76.897, 9.997 ], [ 76.905, 10.007 ], [ 76.901, 10.02 ], [ 76.91, 10.03 ], [ 76.906, 10.042 ], [ 76.893, 10.045 ], [ 76.885, 10.035 ], [ 76.872, 10.038 ], [ 76.869, 10.05 ], [ 76.856, 10.053 ], [ 76.848, 10.043 ], [ 76.835, 10.046 ] ] ] ] } },
{ "type": "Feature", "properties": { "POLYGON.ID": 393.0, "subregion": "India--Kerala--Idukki--High Ranges", "POLYGON": "India--Kerala--Idukki--High Ranges", "SHOW": "1", "FILTER": "India--Kerala--High Ranges(600 to 1200m)", "FILTER.ID": "CL27582", "OLD.POLYGON": "1", "STATE": "Kerala", "COUNTY": "Idukki", "OWNER": null }, "geometry": { "type": "MultiPolygon", "coordinates": [ [ [ [ 77.233, 9.737 ], [ 77.241, 9.747 ], [ 77.237, 9.759 ], [ 77.246, 9.769 ], [ 77.242, 9.781 ], [ 77.25, 9.791 ], [ 77.246, 9.804 ], [ 77.255, 9.814 ], [ 77.251, 9.826 ], [ 77.238, 9.829 ], [ 77.234, 9.841 ], [ 77.243, 9.851 ], [ 77.239, 9.864 ], [ 77.227, 9.867 ], [ 77.223, 9.879 ], [ 77.231, 9.889 ], [ 77.227, 9.901 ], [ 77.236, 9.911 ], [ 77.232, 9.924 ], [ 77.24, 9.934 ], [ 77.236, 9.946 ], [ 77.245, 9.956 ], [ 77.241, 9.968 ], [ 77.228, 9.971 ], [ 77.224, 9.984 ], [ 77.212, 9.986 ], [ 77.208, 9.999 ], [ 77.195, 10.002 ], [ 77.187, 9.992 ], [ 77.175, 9.995 ], [ 77.166, 9.985 ], [ 77.154, 9.988 ], [ 77.15, 10.0 ], [ 77.158, 10.01 ], [ 77.154, 10.022 ], [ 77.142, 10.025 ], [ 77.133, 10.015 ], [ 77.121, 10.018 ], [ 77.117, 10.031 ], [ 77.105, 10.033 ], [ 77.096, 10.024 ], [ 77.084, 10.026 ], [ 77.08, 10.039 ], [ 77.067, 10.042 ], [ 77.063, 10.054 ], [ 77.051, 10.057 ], [ 77.042, 10.047 ], [ 77.03, 10.05 ], [ 77.022, 10.04 ], [ 77.009, 10.043 ], [ 77.005, 10.055 ], [ 76.993, 10.058 ], [ 76.984, 10.048 ], [ 76.972, 10.051 ], [ 76.968, 10.063 ], [ 76.977, 10.073 ], [ 76.973, 10.086 ], [ 76.96, 10.088 ], [ 76.956, 10.101 ], [ 76.965, 10.111 ], [ 76.977, 10.108 ], [ 76.985, 10.118 ], [ 76.982, 10.13 ], [ 76.99, 10.14 ], [ 76.986, 10.153 ], [ 76.974, 10.155 ], [ 76.965, 10.146 ], [ 76.953, 10.148 ], [ 76.949, 10.161 ], [ 76.936, 10.163 ], [ 76.928, 10.154 ], [ 76.916, 10.156 ], [ 76.907, 10.147 ], [ 76.911, 10.134 ], [ 76.903, 10.124 ], [ 76.89, 10.127 ], [ 76.882, 10.117 ], [ 76.886, 10.105 ], [ 76.877, 10.095 ], [ 76.881, 10.082 ], [ 76.873, 10.072 ], [ 76.861, 10.075 ], [ 76.852, 10.065 ], [ 76.84, 10.068 ], [ 76.831, 10.058 ], [ 76.835, 10.046 ], [ 76.848, 10.043 ], [ 76.856, 10.053 ], [ 76.869, 10.05 ], [ 76.872, 10.038 ], [ 76.885, 10.035 ], [ 76.893, 10.045 ], [ 76.906, 10.042 ], [ 76.91, 10.03 ], [ 76.901, 10.02 ], [ 76.905, 10.007 ], [ 76.897, 9.997 ], [ 76.884, 10.0 ], [ 76.876, 9.99 ], [ 76.864, 9.993 ], [ 76.855, 9.983 ], [ 76.859, 9.971 ], [ 76.871, 9.968 ], [ 76.875, 9.955 ], [ 76.888, 9.953 ], [ 76.892, 9.94 ], [ 76.883, 9.93 ], [ 76.887, 9.918 ], [ 76.9, 9.915 ], [ 76.904, 9.903 ], [ 76.916, 9.9 ], [ 76.92, 9.887 ], [ 76.912, 9.878 ], [ 76.899, 9.88 ], [ 76.891, 9.871 ], [ 76.895, 9.858 ], [ 76.907, 9.855 ], [ 76.911, 9.843 ], [ 76.903, 9.833 ], [ 76.89, 9.836 ], [ 76.882, 9.826 ], [ 76.886, 9.813 ], [ 76.877, 9.804 ], [ 76.881, 9.791 ], [ 76.873, 9.781 ], [ 76.877, 9.769 ], [ 76.869, 9.759 ], [ 76.856, 9.762 ], [ 76.848, 9.752 ], [ 76.852, 9.739 ], [ 76.864, 9.737 ], [ 76.868, 9.724 ], [ 76.88, 9.722 ], [ 76.889, 9.731 ], [ 76.901, 9.729 ], [ 76.905, 9.716 ], [ 76.897, 9.706 ], [ 76.901, 9.694 ], [ 76.913, 9.691 ], [ 76.917, 9.678 ], [ 76.929, 9.676 ], [ 76.933, 9.663 ], [ 76.925, 9.653 ], [ 76.929, 9.641 ], [ 76.941, 9.638 ], [ 76.945, 9.626 ], [ 76.937, 9.616 ], [ 76.924, 9.619 ], [ 76.916, 9.609 ], [ 76.92, 9.596 ], [ 76.932, 9.594 ], [ 76.936, 9.581 ], [ 76.949, 9.578 ], [ 76.953, 9.566 ], [ 76.965, 9.563 ], [ 76.969, 9.55 ], [ 76.961, 9.541 ], [ 76.964, 9.528 ], [ 76.977, 9.525 ], [ 76.985, 9.535 ], [ 76.981, 9.548 ], [ 76.99, 9.557 ], [ 77.002, 9.555 ], [ 77.006, 9.542 ], [ 77.018, 9.539 ], [ 77.022, 9.527 ], [ 77.035, 9.524 ], [ 77.043, 9.534 ], [ 77.056, 9.531 ], [ 77.06, 9.519 ], [ 77.072, 9.516 ], [ 77.076, 9.503 ], [ 77.067, 9.494 ], [ 77.055, 9.496 ], [ 77.047, 9.487 ], [ 77.051, 9.474 ], [ 77.042, 9.464 ], [ 77.03, 9.467 ], [ 77.021, 9.457 ], [ 77.025, 9.445 ], [ 77.038, 9.442 ], [ 77.046, 9.452 ], [ 77.058, 9.449 ], [ 77.067, 9.459 ], [ 77.079, 9.456 ], [ 77.088, 9.466 ], [ 77.1, 9.463 ], [ 77.109, 9.473 ], [ 77.121, 9.47 ], [ 77.125, 9.457 ], [ 77.137, 9.455 ], [ 77.146, 9.464 ], [ 77.158, 9.462 ], [ 77.167, 9.471 ], [ 77.179, 9.469 ], [ 77.187, 9.478 ], [ 77.2, 9.476 ], [ 77.208, 9.485 ], [ 77.221, 9.483 ], [ 77.225, 9.47 ], [ 77.237, 9.467 ], [ 77.241, 9.455 ], [ 77.233, 9.445 ], [ 77.236, 9.432 ], [ 77.249, 9.43 ], [ 77.257, 9.439 ], [ 77.27, 9.437 ], [ 77.278, 9.447 ], [ 77.291, 9.444 ], [ 77.295, 9.431 ], [ 77.286, 9.421 ], [ 77.29, 9.409 ], [ 77.282, 9.399 ], [ 77.286, 9.386 ], [ 77.277, 9.377 ], [ 77.265, 9.379 ], [ 77.256, 9.37 ], [ 77.26, 9.357 ], [ 77.273, 9.354 ], [ 77.277, 9.342 ], [ 77.268, 9.332 ], [ 77.272, 9.319 ], [ 77.284, 9.317 ], [ 77.293, 9.326 ], [ 77.289, 9.339 ], [ 77.297, 9.349 ], [ 77.293, 9.361 ], [ 77.302, 9.371 ], [ 77.314, 9.368 ], [ 77.323, 9.378 ], [ 77.319, 9.391 ], [ 77.327, 9.4 ], [ 77.323, 9.413 ], [ 77.332, 9.423 ], [ 77.328, 9.435 ], [ 77.336, 9.445 ], [ 77.332, 9.458 ], [ 77.341, 9.468 ], [ 77.353, 9.465 ], [ 77.362, 9.475 ], [ 77.374, 9.472 ], [ 77.383, 9.482 ], [ 77.379, 9.494 ], [ 77.387, 9.504 ], [ 77.383, 9.516 ], [ 77.371, 9.519 ], [ 77.367, 9.532 ], [ 77.354, 9.535 ], [ 77.35, 9.547 ], [ 77.338, 9.55 ], [ 77.329, 9.54 ], [ 77.317, 9.543 ], [ 77.313, 9.555 ], [ 77.301, 9.558 ], [ 77.297, 9.571 ], [ 77.284, 9.574 ], [ 77.28, 9.586 ], [ 77.268, 9.589 ], [ 77.264, 9.601 ], [ 77.252, 9.604 ], [ 77.243, 9.594 ], [ 77.231, 9.597 ], [ 77.227, 9.61 ], [ 77.214, 9.612 ], [ 77.21, 9.625 ], [ 77.198, 9.628 ], [ 77.19, 9.618 ], [ 77.177, 9.621 ], [ 77.173, 9.633 ], [ 77.182, 9.643 ], [ 77.178, 9.656 ], [ 77.186, 9.665 ], [ 77.199, 9.663 ], [ 77.207, 9.672 ], [ 77.203, 9.685 ], [ 77.211, 9.695 ], [ 77.207, 9.707 ], [ 77.216, 9.717 ], [ 77.228, 9.714 ], [ 77.237, 9.724 ], [ 77.233, 9.737 ] ] ] ] } },
{ "type": "Feature", "properties": { "POLYGON.ID": 392.0, "subregion": "India--Kerala--Pathanamthitta--Plains", "POLYGON": "India--Kerala--Pathanamthitta--Plains", "SHOW": "1", "FILTER": "India--Kerala--Coast (0 to 40m)", "FILTER.ID": "CL30086", "OLD.POLYGON": "1", "STATE": "Kerala", "COUNTY": "Pathanamthitta", "OWNER": null }, "geometry": { "type": "MultiPolygon", "coordinates": [ [ [ [ 76.587, 9.414 ], [ 76.575, 9.417 ], [ 76.567, 9.407 ], [ 76.554, 9.41 ], [ 76.55, 9.423 ], [ 76.538, 9.425 ], [ 76.53, 9.415 ], [ 76.517, 9.418 ], [ 76.509, 9.408 ], [ 76.513, 9.396 ], [ 76.505, 9.386 ], [ 76.509, 9.374 ], [ 76.521, 9.371 ], [ 76.525, 9.358 ], [ 76.516, 9.349 ], [ 76.504, 9.351 ], [ 76.496, 9.342 ], [ 76.484, 9.344 ], [ 76.475, 9.335 ], [ 76.479, 9.322 ], [ 76.491, 9.319 ], [ 76.5, 9.329 ], [ 76.512, 9.327 ], [ 76.516, 9.314 ], [ 76.528, 9.311 ], [ 76.537, 9.321 ], [ 76.549, 9.318 ], [ 76.557, 9.328 ], [ 76.553, 9.341 ], [ 76.562, 9.35 ], [ 76.574, 9.348 ], [ 76.582, 9.357 ], [ 76.595, 9.355 ], [ 76.599, 9.342 ], [ 76.611, 9.339 ], [ 76.619, 9.349 ], [ 76.632, 9.346 ], [ 76.636, 9.334 ], [ 76.648, 9.331 ], [ 76.652, 9.319 ], [ 76.644, 9.309 ], [ 76.647, 9.296 ], [ 76.66, 9.294 ], [ 76.664, 9.281 ], [ 76.676, 9.278 ], [ 76.68, 9.266 ], [ 76.672, 9.256 ], [ 76.659, 9.259 ], [ 76.651, 9.249 ], [ 76.655, 9.236 ], [ 76.647, 9.227 ], [ 76.651, 9.214 ], [ 76.642, 9.204 ], [ 76.646, 9.192 ], [ 76.658, 9.189 ], [ 76.667, 9.199 ], [ 76.679, 9.196 ], [ 76.683, 9.184 ], [ 76.695, 9.181 ], [ 76.704, 9.191 ], [ 76.716, 9.188 ], [ 76.724, 9.198 ], [ 76.737, 9.195 ], [ 76.741, 9.182 ], [ 76.753, 9.18 ], [ 76.761, 9.189 ], [ 76.774, 9.187 ], [ 76.782, 9.196 ], [ 76.778, 9.209 ], [ 76.787, 9.219 ], [ 76.799, 9.216 ], [ 76.807, 9.226 ], [ 76.803, 9.238 ], [ 76.812, 9.248 ], [ 76.808, 9.26 ], [ 76.816, 9.27 ], [ 76.812, 9.283 ], [ 76.8, 9.285 ], [ 76.791, 9.276 ], [ 76.779, 9.278 ], [ 76.771, 9.269 ], [ 76.775, 9.256 ], [ 76.766, 9.246 ], [ 76.754, 9.249 ], [ 76.75, 9.262 ], [ 76.738, 9.264 ], [ 76.729, 9.255 ], [ 76.717, 9.257 ], [ 76.713, 9.27 ], [ 76.721, 9.28 ], [ 76.734, 9.277 ], [ 76.742, 9.287 ], [ 76.738, 9.299 ], [ 76.747, 9.309 ], [ 76.743, 9.322 ], [ 76.73, 9.324 ], [ 76.726, 9.337 ], [ 76.735, 9.347 ], [ 76.747, 9.344 ], [ 76.755, 9.354 ], [ 76.768, 9.351 ], [ 76.776, 9.361 ], [ 76.789, 9.358 ], [ 76.797, 9.368 ], [ 76.793, 9.38 ], [ 76.801, 9.39 ], [ 76.797, 9.402 ], [ 76.785, 9.405 ], [ 76.777, 9.395 ], [ 76.781, 9.383 ], [ 76.772, 9.373 ], [ 76.76, 9.376 ], [ 76.751, 9.366 ], [ 76.739, 9.369 ], [ 76.731, 9.359 ], [ 76.718, 9.362 ], [ 76.714, 9.374 ], [ 76.702, 9.377 ], [ 76.694, 9.367 ], [ 76.681, 9.37 ], [ 76.678, 9.383 ], [ 76.686, 9.392 ], [ 76.682, 9.405 ], [ 76.69, 9.415 ], [ 76.686, 9.427 ], [ 76.674, 9.43 ], [ 76.67, 9.442 ], [ 76.678, 9.452 ], [ 76.691, 9.449 ], [ 76.695, 9.437 ], [ 76.707, 9.434 ], [ 76.715, 9.444 ], [ 76.728, 9.441 ], [ 76.736, 9.451 ], [ 76.732, 9.463 ], [ 76.72, 9.466 ], [ 76.711, 9.456 ], [ 76.699, 9.459 ], [ 76.695, 9.472 ], [ 76.683, 9.474 ], [ 76.674, 9.465 ], [ 76.662, 9.467 ], [ 76.654, 9.458 ], [ 76.641, 9.46 ], [ 76.633, 9.451 ], [ 76.621, 9.453 ], [ 76.612, 9.444 ], [ 76.6, 9.446 ], [ 76.592, 9.437 ], [ 76.596, 9.424 ], [ 76.587, 9.414 ] ] ] ] } },
{ "type": "Feature", "properties": { "POLYGON.ID": 391.0, "subregion": "India--Kerala--Pathanamthitta--Kallada Wetlands", "POLYGON": "India--Kerala--Pathanamthitta--Kallada Wetlands", "SHOW": "1", "FILTER": "India--Kerala--Coast (0 to 40m)", "FILTER.ID": "CL30086", "OLD.POLYGON": "1", "STATE": "Kerala", "COUNTY": "Pathanamthitta", "OWNER": null }, "geometry": { "type": "MultiPolygon", "coordinates": [ [ [ [ 76.777, 9.104 ], [ 76.764, 9.107 ], [ 76.76, 9.12 ], [ 76.748, 9.123 ], [ 76.744, 9.135 ], [ 76.732, 9.138 ], [ 76.723, 9.128 ], [ 76.711, 9.131 ], [ 76.703, 9.121 ], [ 76.707, 9.109 ], [ 76.698, 9.099 ], [ 76.702, 9.086 ], [ 76.715, 9.084 ], [ 76.723, 9.093 ], [ 76.735, 9.091 ], [ 76.739, 9.078 ], [ 76.752, 9.075 ], [ 76.76, 9.085 ], [ 76.772, 9.082 ], [ 76.781, 9.092 ], [ 76.777, 9.104 ] ] ] ] } },
{ "type": "Feature", "properties": { "POLYGON.ID": 387.0, "subregion": "India--Kerala--Pathanamthitta--Midlands", "POLYGON": "India--Kerala--Pathanamthitta--Midlands", "SHOW": "1", "FILTER": "India--Kerala--Foothills and Midlands(40 to 200m and 200 to 600m)", "FILTER.ID": "CL27581", "OLD.POLYGON": "1", "STATE": "Kerala", "COUNTY": "Pathanamthitta", "OWNER": null }, "geometry": { "type": "MultiPolygon", "coordinates": [ [ [ [ 76.714, 9.374 ], [ 76.718, 9.362 ], [ 76.731, 9.359 ], [ 76.739, 9.369 ], [ 76.751, 9.366 ], [ 76.76, 9.376 ], [ 76.772, 9.373 ], [ 76.781, 9.383 ], [ 76.777, 9.395 ], [ 76.785, 9.405 ], [ 76.797, 9.402 ], [ 76.801, 9.39 ], [ 76.793, 9.38 ], [ 76.797, 9.368 ], [ 76.789, 9.358 ], [ 76.776, 9.361 ], [ 76.768, 9.351 ], [ 76.755, 9.354 ], [ 76.747, 9.344 ], [ 76.735, 9.347 ], [ 76.726, 9.337 ], [ 76.73, 9.324 ], [ 76.743, 9.322 ], [ 76.747, 9.309 ], [ 76.738, 9.299 ], [ 76.742, 9.287 ], [ 76.734, 9.277 ], [ 76.721, 9.28 ], [ 76.713, 9.27 ], [ 76.717, 9.257 ], [ 76.729, 9.255 ], [ 76.738, 9.264 ], [ 76.75, 9.262 ], [ 76.754, 9.249 ], [ 76.766, 9.246 ], [ 76.775, 9.256 ], [ 76.771, 9.269 ], [ 76.779, 9.278 ], [ 76.791, 9.276 ], [ 76.8, 9.285 ], [ 76.812, 9.283 ], [ 76.816, 9.27 ], [ 76.808, 9.26 ], [ 76.812, 9.248 ], [ 76.803, 9.238 ], [ 76.807, 9.226 ], [ 76.799, 9.216 ], [ 76.787, 9.219 ], [ 76.778, 9.209 ], [ 76.782, 9.196 ], [ 76.774, 9.187 ], [ 76.761, 9.189 ], [ 76.753, 9.18 ], [ 76.741, 9.182 ], [ 76.737, 9.195 ], [ 76.724, 9.198 ], [ 76.716, 9.188 ], [ 76.704, 9.191 ], [ 76.695, 9.181 ], [ 76.683, 9.184 ], [ 76.675, 9.174 ], [ 76.679, 9.161 ], [ 76.67, 9.152 ], [ 76.674, 9.139 ], [ 76.666, 9.129 ], [ 76.67, 9.117 ], [ 76.682, 9.114 ], [ 76.686, 9.102 ], [ 76.698, 9.099 ], [ 76.707, 9.109 ], [ 76.703, 9.121 ], [ 76.711, 9.131 ], [ 76.723, 9.128 ], [ 76.732, 9.138 ], [ 76.744, 9.135 ], [ 76.748, 9.123 ], [ 76.76, 9.12 ], [ 76.764, 9.107 ], [ 76.777, 9.104 ], [ 76.785, 9.114 ], [ 76.797, 9.111 ], [ 76.801, 9.099 ], [ 76.814, 9.096 ], [ 76.822, 9.106 ], [ 76.834, 9.103 ], [ 76.843, 9.113 ], [ 76.855, 9.11 ], [ 76.864, 9.12 ], [ 76.876, 9.117 ], [ 76.884, 9.127 ], [ 76.897, 9.124 ], [ 76.905, 9.134 ], [ 76.917, 9.131 ], [ 76.921, 9.119 ], [ 76.934, 9.116 ], [ 76.942, 9.125 ], [ 76.938, 9.138 ], [ 76.926, 9.141 ], [ 76.922, 9.153 ], [ 76.93, 9.163 ], [ 76.943, 9.16 ], [ 76.951, 9.17 ], [ 76.963, 9.167 ], [ 76.967, 9.155 ], [ 76.98, 9.152 ], [ 76.984, 9.139 ], [ 76.996, 9.137 ], [ 77.004, 9.146 ], [ 77.017, 9.144 ], [ 77.021, 9.131 ], [ 77.033, 9.128 ], [ 77.041, 9.138 ], [ 77.054, 9.135 ], [ 77.058, 9.123 ], [ 77.07, 9.12 ], [ 77.079, 9.13 ], [ 77.091, 9.127 ], [ 77.099, 9.137 ], [ 77.095, 9.149 ], [ 77.083, 9.152 ], [ 77.075, 9.142 ], [ 77.062, 9.145 ], [ 77.058, 9.158 ], [ 77.046, 9.16 ], [ 77.038, 9.151 ], [ 77.025, 9.153 ], [ 77.021, 9.166 ], [ 77.009, 9.169 ], [ 77.005, 9.181 ], [ 76.993, 9.184 ], [ 76.989, 9.197 ], [ 76.976, 9.199 ], [ 76.972, 9.212 ], [ 76.96, 9.215 ], [ 76.951, 9.205 ], [ 76.939, 9.208 ], [ 76.935, 9.22 ], [ 76.944, 9.23 ], [ 76.94, 9.242 ], [ 76.948, 9.252 ], [ 76.944, 9.265 ], [ 76.932, 9.268 ], [ 76.928, 9.28 ], [ 76.915, 9.283 ], [ 76.911, 9.295 ], [ 76.92, 9.305 ], [ 76.932, 9.302 ], [ 76.941, 9.312 ], [ 76.953, 9.309 ], [ 76.957, 9.297 ], [ 76.969, 9.294 ], [ 76.978, 9.304 ], [ 76.974, 9.316 ], [ 76.982, 9.326 ], [ 76.995, 9.323 ], [ 77.003, 9.333 ], [ 76.999, 9.346 ], [ 77.007, 9.355 ], [ 77.003, 9.368 ], [ 76.991, 9.371 ], [ 76.983, 9.361 ], [ 76.97, 9.364 ], [ 76.962, 9.354 ], [ 76.95, 9.357 ], [ 76.941, 9.347 ], [ 76.929, 9.35 ], [ 76.925, 9.362 ], [ 76.912, 9.365 ], [ 76.904, 9.355 ], [ 76.892, 9.358 ], [ 76.888, 9.371 ], [ 76.875, 9.373 ], [ 76.871, 9.386 ], [ 76.88, 9.396 ], [ 76.892, 9.393 ], [ 76.901, 9.403 ], [ 76.913, 9.4 ], [ 76.921, 9.41 ], [ 76.917, 9.422 ], [ 76.905, 9.425 ], [ 76.901, 9.437 ], [ 76.889, 9.44 ], [ 76.885, 9.453 ], [ 76.872, 9.455 ], [ 76.864, 9.446 ], [ 76.852, 9.448 ], [ 76.843, 9.439 ], [ 76.831, 9.441 ], [ 76.827, 9.454 ], [ 76.815, 9.457 ], [ 76.806, 9.447 ], [ 76.794, 9.45 ], [ 76.786, 9.44 ], [ 76.773, 9.443 ], [ 76.765, 9.433 ], [ 76.752, 9.436 ], [ 76.748, 9.448 ], [ 76.757, 9.458 ], [ 76.753, 9.47 ], [ 76.741, 9.473 ], [ 76.732, 9.463 ], [ 76.736, 9.451 ], [ 76.728, 9.441 ], [ 76.715, 9.444 ], [ 76.707, 9.434 ], [ 76.695, 9.437 ], [ 76.691, 9.449 ], [ 76.678, 9.452 ], [ 76.67, 9.442 ], [ 76.674, 9.43 ], [ 76.686, 9.427 ], [ 76.69, 9.415 ], [ 76.682, 9.405 ], [ 76.686, 9.392 ], [ 76.678, 9.383 ], [ 76.681, 9.37 ], [ 76.694, 9.367 ], [ 76.702, 9.377 ], [ 76.714, 9.374 ] ] ] ] } },
{ "type": "Feature", "properties": { "POLYGON.ID": 386.0, "subregion": "India--Kerala--Pathanamthitta--Foothills", "POLYGON": "India--Kerala--Pathanamthitta--Foothills", "SHOW": "1", "FILTER": "India--Kerala--Foothills and Midlands(40 to 200m and 200 to 600m)", "FILTER.ID": "CL27581", "OLD.POLYGON": "1", "STATE": "Kerala", "COUNTY": "Pathanamthitta", "OWNER": null }, "geometry": { "type": "MultiPolygon", "coordinates": [ [ [ [ 76.934, 9.407 ], [ 76.921, 9.41 ], [ 76.913, 9.4 ], [ 76.901, 9.403 ], [ 76.892, 9.393 ], [ 76.88, 9.396 ], [ 76.871, 9.386 ], [ 76.875, 9.373 ], [ 76.888, 9.371 ], [ 76.892, 9.358 ], [ 76.904, 9.355 ], [ 76.912, 9.365 ], [ 76.925, 9.362 ], [ 76.929, 9.35 ], [ 76.941, 9.347 ], [ 76.95, 9.357 ], [ 76.962, 9.354 ], [ 76.97, 9.364 ], [ 76.983, 9.361 ], [ 76.991, 9.371 ], [ 77.003, 9.368 ], [ 77.007, 9.355 ], [ 76.999, 9.346 ], [ 77.003, 9.333 ], [ 76.995, 9.323 ], [ 76.982, 9.326 ], [ 76.974, 9.316 ], [ 76.978, 9.304 ], [ 76.969, 9.294 ], [ 76.957, 9.297 ], [ 76.953, 9.309 ], [ 76.941, 9.312 ], [ 76.932, 9.302 ], [ 76.92, 9.305 ], [ 76.911, 9.295 ], [ 76.915, 9.283 ], [ 76.928, 9.28 ], [ 76.932, 9.268 ], [ 76.944, 9.265 ], [ 76.948, 9.252 ], [ 76.94, 9.242 ], [ 76.944, 9.23 ], [ 76.935, 9.22 ], [ 76.939, 9.208 ], [ 76.951, 9.205 ], [ 76.96, 9.215 ], [ 76.972, 9.212 ], [ 76.976, 9.199 ], [ 76.989, 9.197 ], [ 76.993, 9.184 ], [ 77.005, 9.181 ], [ 77.009, 9.169 ], [ 77.021, 9.166 ], [ 77.025, 9.153 ], [ 77.038, 9.151 ], [ 77.046, 9.16 ], [ 77.058, 9.158 ], [ 77.062, 9.145 ], [ 77.075, 9.142 ], [ 77.083, 9.152 ], [ 77.095, 9.149 ], [ 77.099, 9.137 ], [ 77.091, 9.127 ], [ 77.095, 9.114 ], [ 77.107, 9.112 ], [ 77.116, 9.121 ], [ 77.128, 9.119 ], [ 77.132, 9.106 ], [ 77.144, 9.103 ], [ 77.148, 9.091 ], [ 77.161, 9.088 ], [ 77.165, 9.075 ], [ 77.177, 9.073 ], [ 77.181, 9.06 ], [ 77.193, 9.057 ], [ 77.197, 9.045 ], [ 77.21, 9.042 ], [ 77.218, 9.052 ], [ 77.214, 9.064 ], [ 77.223, 9.074 ], [ 77.219, 9.086 ], [ 77.227, 9.096 ], [ 77.223, 9.109 ], [ 77.211, 9.112 ], [ 77.207, 9.124 ], [ 77.215, 9.134 ], [ 77.211, 9.146 ], [ 77.199, 9.149 ], [ 77.195, 9.162 ], [ 77.183, 9.165 ], [ 77.179, 9.177 ], [ 77.166, 9.18 ], [ 77.158, 9.17 ], [ 77.145, 9.173 ], [ 77.142, 9.185 ], [ 77.129, 9.188 ], [ 77.125, 9.201 ], [ 77.113, 9.204 ], [ 77.109, 9.216 ], [ 77.096, 9.219 ], [ 77.093, 9.231 ], [ 77.08, 9.234 ], [ 77.076, 9.247 ], [ 77.064, 9.25 ], [ 77.06, 9.262 ], [ 77.047, 9.265 ], [ 77.044, 9.277 ], [ 77.052, 9.287 ], [ 77.064, 9.284 ], [ 77.073, 9.294 ], [ 77.085, 9.291 ], [ 77.094, 9.301 ], [ 77.09, 9.314 ], [ 77.098, 9.323 ], [ 77.094, 9.336 ], [ 77.103, 9.346 ], [ 77.099, 9.358 ], [ 77.086, 9.361 ], [ 77.082, 9.374 ], [ 77.091, 9.383 ], [ 77.103, 9.381 ], [ 77.111, 9.39 ], [ 77.124, 9.388 ], [ 77.132, 9.397 ], [ 77.128, 9.41 ], [ 77.116, 9.413 ], [ 77.112, 9.425 ], [ 77.12, 9.435 ], [ 77.116, 9.448 ], [ 77.104, 9.45 ], [ 77.096, 9.441 ], [ 77.083, 9.443 ], [ 77.079, 9.456 ], [ 77.067, 9.459 ], [ 77.058, 9.449 ], [ 77.062, 9.436 ], [ 77.054, 9.427 ], [ 77.058, 9.414 ], [ 77.05, 9.404 ], [ 77.037, 9.407 ], [ 77.029, 9.397 ], [ 77.016, 9.4 ], [ 77.012, 9.413 ], [ 77.0, 9.415 ], [ 76.996, 9.428 ], [ 76.984, 9.431 ], [ 76.975, 9.421 ], [ 76.963, 9.424 ], [ 76.955, 9.414 ], [ 76.942, 9.417 ], [ 76.934, 9.407 ] ] ] ] } },
{ "type": "Feature", "properties": { "POLYGON.ID": 370.0, "subregion": "India--Kerala--Kottayam--Rural", "POLYGON": "India--Kerala--Kottayam--Rural", "SHOW": "1", "FILTER": "India--Kerala--Foothills and Midlands(40 to 200m and 200 to 600m)", "FILTER.ID": "CL27581", "OLD.POLYGON": "1", "STATE": "Kerala", "COUNTY": "Kottayam", "OWNER": null }, "geometry": { "type": "MultiPolygon", "coordinates": [ [ [ [ 76.539, 9.82 ], [ 76.535, 9.832 ], [ 76.523, 9.835 ], [ 76.514, 9.825 ], [ 76.518, 9.813 ], [ 76.51, 9.803 ], [ 76.514, 9.791 ], [ 76.526, 9.788 ], [ 76.53, 9.775 ], [ 76.543, 9.773 ], [ 76.547, 9.76 ], [ 76.559, 9.758 ], [ 76.563, 9.745 ], [ 76.575, 9.742 ], [ 76.579, 9.73 ], [ 76.591, 9.727 ], [ 76.595, 9.715 ], [ 76.587, 9.705 ], [ 76.591, 9.692 ], [ 76.603, 9.69 ], [ 76.607, 9.677 ], [ 76.62, 9.674 ], [ 76.624, 9.662 ], [ 76.636, 9.659 ], [ 76.64, 9.647 ], [ 76.631, 9.637 ], [ 76.635, 9.624 ], [ 76.627, 9.615 ], [ 76.631, 9.602 ], [ 76.623, 9.592 ], [ 76.627, 9.58 ], [ 76.639, 9.577 ], [ 76.643, 9.565 ], [ 76.634, 9.555 ], [ 76.638, 9.542 ], [ 76.63, 9.533 ], [ 76.634, 9.52 ], [ 76.626, 9.51 ], [ 76.63, 9.498 ], [ 76.621, 9.488 ], [ 76.625, 9.476 ], [ 76.617, 9.466 ], [ 76.621, 9.453 ], [ 76.633, 9.451 ], [ 76.641, 9.46 ], [ 76.654, 9.458 ], [ 76.662, 9.467 ], [ 76.674, 9.465 ], [ 76.683, 9.474 ], [ 76.695, 9.472 ], [ 76.699, 9.459 ], [ 76.711, 9.456 ], [ 76.72, 9.466 ], [ 76.732, 9.463 ], [ 76.741, 9.473 ], [ 76.753, 9.47 ], [ 76.761, 9.48 ], [ 76.774, 9.477 ], [ 76.782, 9.487 ], [ 76.778, 9.5 ], [ 76.766, 9.502 ], [ 76.762, 9.515 ], [ 76.77, 9.525 ], [ 76.766, 9.537 ], [ 76.775, 9.547 ], [ 76.771, 9.56 ], [ 76.779, 9.569 ], [ 76.775, 9.582 ], [ 76.763, 9.585 ], [ 76.759, 9.597 ], [ 76.767, 9.607 ], [ 76.763, 9.619 ], [ 76.772, 9.629 ], [ 76.768, 9.642 ], [ 76.776, 9.651 ], [ 76.772, 9.664 ], [ 76.781, 9.674 ], [ 76.777, 9.686 ], [ 76.764, 9.689 ], [ 76.76, 9.701 ], [ 76.748, 9.704 ], [ 76.744, 9.717 ], [ 76.732, 9.719 ], [ 76.728, 9.732 ], [ 76.715, 9.735 ], [ 76.711, 9.747 ], [ 76.72, 9.757 ], [ 76.716, 9.769 ], [ 76.724, 9.779 ], [ 76.72, 9.792 ], [ 76.708, 9.794 ], [ 76.704, 9.807 ], [ 76.712, 9.817 ], [ 76.708, 9.829 ], [ 76.696, 9.832 ], [ 76.692, 9.845 ], [ 76.68, 9.847 ], [ 76.671, 9.837 ], [ 76.659, 9.84 ], [ 76.655, 9.853 ], [ 76.643, 9.855 ], [ 76.639, 9.868 ], [ 76.626, 9.871 ], [ 76.618, 9.861 ], [ 76.606, 9.863 ], [ 76.597, 9.854 ], [ 76.585, 9.856 ], [ 76.577, 9.847 ], [ 76.581, 9.834 ], [ 76.572, 9.824 ], [ 76.56, 9.827 ], [ 76.551, 9.817 ], [ 76.539, 9.82 ] ] ] ] } },
{ "type": "Feature", "properties": { "POLYGON.ID": 368.0, "subregion": "India--Kerala--Kottayam--Highlands", "POLYGON": "India--Kerala--Kottayam--Highlands", "SHOW": "1", "FILTER": "India--Kerala--Foothills and Midlands(40 to 200m and 200 to 600m)", "FILTER.ID": "CL27581", "OLD.POLYGON": "1", "STATE": "Kerala", "COUNTY": "Kottayam", "OWNER": null }, "geometry": { "type": "MultiPolygon", "coordinates": [ [ [ [ 76.895, 9.567 ], [ 76.891, 9.579 ], [ 76.899, 9.589 ], [ 76.895, 9.602 ], [ 76.904, 9.612 ], [ 76.9, 9.624 ], [ 76.887, 9.627 ], [ 76.879, 9.617 ], [ 76.883, 9.605 ], [ 76.874, 9.595 ], [ 76.878, 9.582 ], [ 76.87, 9.572 ], [ 76.858, 9.575 ], [ 76.854, 9.588 ], [ 76.841, 9.59 ], [ 76.837, 9.603 ], [ 76.825, 9.606 ], [ 76.821, 9.618 ], [ 76.829, 9.628 ], [ 76.842, 9.625 ], [ 76.85, 9.635 ], [ 76.846, 9.648 ], [ 76.855, 9.657 ], [ 76.851, 9.67 ], [ 76.838, 9.673 ], [ 76.834, 9.685 ], [ 76.843, 9.695 ], [ 76.839, 9.707 ], [ 76.847, 9.717 ], [ 76.843, 9.73 ], [ 76.831, 9.732 ], [ 76.823, 9.723 ], [ 76.81, 9.725 ], [ 76.806, 9.738 ], [ 76.794, 9.741 ], [ 76.79, 9.753 ], [ 76.778, 9.756 ], [ 76.774, 9.768 ], [ 76.782, 9.778 ], [ 76.778, 9.791 ], [ 76.766, 9.793 ], [ 76.762, 9.806 ], [ 76.77, 9.816 ], [ 76.766, 9.828 ], [ 76.754, 9.831 ], [ 76.745, 9.821 ], [ 76.733, 9.824 ], [ 76.725, 9.814 ], [ 76.712, 9.817 ], [ 76.704, 9.807 ], [ 76.708, 9.794 ], [ 76.72, 9.792 ], [ 76.724, 9.779 ], [ 76.716, 9.769 ], [ 76.72, 9.757 ], [ 76.711, 9.747 ], [ 76.715, 9.735 ], [ 76.728, 9.732 ], [ 76.732, 9.719 ], [ 76.744, 9.717 ], [ 76.748, 9.704 ], [ 76.76, 9.701 ], [ 76.764, 9.689 ], [ 76.777, 9.686 ], [ 76.781, 9.674 ], [ 76.772, 9.664 ], [ 76.776, 9.651 ], [ 76.768, 9.642 ], [ 76.772, 9.629 ], [ 76.763, 9.619 ], [ 76.767, 9.607 ], [ 76.759, 9.597 ], [ 76.763, 9.585 ], [ 76.775, 9.582 ], [ 76.779, 9.569 ], [ 76.771, 9.56 ], [ 76.775, 9.547 ], [ 76.766, 9.537 ], [ 76.77, 9.525 ], [ 76.762, 9.515 ], [ 76.766, 9.502 ], [ 76.778, 9.5 ], [ 76.782, 9.487 ], [ 76.794, 9.484 ], [ 76.803, 9.494 ], [ 76.815, 9.492 ], [ 76.819, 9.479 ], [ 76.831, 9.476 ], [ 76.835, 9.464 ], [ 76.848, 9.461 ], [ 76.856, 9.471 ], [ 76.869, 9.468 ], [ 76.877, 9.478 ], [ 76.889, 9.475 ], [ 76.898, 9.485 ], [ 76.91, 9.482 ], [ 76.914, 9.469 ], [ 76.926, 9.467 ], [ 76.93, 9.454 ], [ 76.943, 9.451 ], [ 76.951, 9.461 ], [ 76.963, 9.458 ], [ 76.972, 9.468 ], [ 76.984, 9.465 ], [ 76.993, 9.475 ], [ 76.989, 9.488 ], [ 76.976, 9.491 ], [ 76.972, 9.503 ], [ 76.96, 9.506 ], [ 76.952, 9.496 ], [ 76.939, 9.499 ], [ 76.935, 9.511 ], [ 76.923, 9.514 ], [ 76.919, 9.527 ], [ 76.907, 9.529 ], [ 76.903, 9.542 ], [ 76.89, 9.545 ], [ 76.886, 9.557 ], [ 76.895, 9.567 ] ] ] ] } },
{ "type": "Feature", "properties": { "POLYGON.ID": 367.0, "subregion": "India--Kerala--Kottayam--Southeast", "POLYGON": "India--Kerala--Kottayam--Southeast", "SHOW": "1", "FILTER": "India--Kerala--Foothills and Midlands(40 to 200m and 200 to 600m)", "FILTER.ID": "CL27581", "OLD.POLYGON": "1", "STATE": "Kerala", "COUNTY": "Kottayam", "OWNER": null }, "geometry": { "type": "MultiPolygon", "coordinates": [ [ [ [ 76.806, 9.447 ], [ 76.815, 9.457 ], [ 76.827, 9.454 ], [ 76.831, 9.441 ], [ 76.843, 9.439 ], [ 76.852, 9.448 ], [ 76.864, 9.446 ], [ 76.872, 9.455 ], [ 76.885, 9.453 ], [ 76.889, 9.44 ], [ 76.901, 9.437 ], [ 76.905, 9.425 ], [ 76.917, 9.422 ], [ 76.921, 9.41 ], [ 76.934, 9.407 ], [ 76.942, 9.417 ], [ 76.955, 9.414 ], [ 76.963, 9.424 ], [ 76.959, 9.436 ], [ 76.947, 9.439 ], [ 76.943, 9.451 ], [ 76.93, 9.454 ], [ 76.926, 9.467 ], [ 76.914, 9.469 ], [ 76.91, 9.482 ], [ 76.898, 9.485 ], [ 76.889, 9.475 ], [ 76.877, 9.478 ], [ 76.869, 9.468 ], [ 76.856, 9.471 ], [ 76.848, 9.461 ], [ 76.835, 9.464 ], [ 76.831, 9.476 ], [ 76.819, 9.479 ], [ 76.815, 9.492 ], [ 76.803, 9.494 ], [ 76.794, 9.484 ], [ 76.782, 9.487 ], [ 76.774, 9.477 ], [ 76.761, 9.48 ], [ 76.753, 9.47 ], [ 76.757, 9.458 ], [ 76.748, 9.448 ], [ 76.752, 9.436 ], [ 76.765, 9.433 ], [ 76.773, 9.443 ], [ 76.786, 9.44 ], [ 76.794, 9.45 ], [ 76.806, 9.447 ] ] ] ] } },
{ "type": "Feature", "properties": { "POLYGON.ID": 366.0, "subregion": "India--Kerala--Kottayam--Ghats", "POLYGON": "India--Kerala--Kottayam--Ghats", "SHOW": "1", "FILTER": "India--Kerala--Foothills and Midlands(40 to 200m and 200 to 600m)", "FILTER.ID": "CL27581", "OLD.POLYGON": "1", "STATE": "Kerala", "COUNTY": "Kottayam", "OWNER": null }, "geometry": { "type": "MultiPolygon", "coordinates": [ [ [ [ 76.883, 9.605 ], [ 76.879, 9.617 ], [ 76.887, 9.627 ], [ 76.9, 9.624 ], [ 76.904, 9.612 ], [ 76.916, 9.609 ], [ 76.924, 9.619 ], [ 76.92, 9.631 ], [ 76.908, 9.634 ], [ 76.904, 9.646 ], [ 76.892, 9.649 ], [ 76.888, 9.662 ], [ 76.875, 9.664 ], [ 76.871, 9.677 ], [ 76.88, 9.687 ], [ 76.876, 9.699 ], [ 76.884, 9.709 ], [ 76.88, 9.722 ], [ 76.868, 9.724 ], [ 76.864, 9.737 ], [ 76.852, 9.739 ], [ 76.848, 9.752 ], [ 76.835, 9.755 ], [ 76.831, 9.767 ], [ 76.819, 9.77 ], [ 76.815, 9.782 ], [ 76.803, 9.785 ], [ 76.799, 9.798 ], [ 76.786, 9.8 ], [ 76.782, 9.813 ], [ 76.77, 9.816 ], [ 76.762, 9.806 ], [ 76.766, 9.793 ], [ 76.778, 9.791 ], [ 76.782, 9.778 ], [ 76.774, 9.768 ], [ 76.778, 9.756 ], [ 76.79, 9.753 ], [ 76.794, 9.741 ], [ 76.806, 9.738 ], [ 76.81, 9.725 ], [ 76.823, 9.723 ], [ 76.831, 9.732 ], [ 76.843, 9.73 ], [ 76.847, 9.717 ], [ 76.839, 9.707 ], [ 76.843, 9.695 ], [ 76.834, 9.685 ], [ 76.838, 9.673 ], [ 76.851, 9.67 ], [ 76.855, 9.657 ], [ 76.846, 9.648 ], [ 76.85, 9.635 ], [ 76.842, 9.625 ], [ 76.829, 9.628 ], [ 76.821, 9.618 ], [ 76.825, 9.606 ], [ 76.837, 9.603 ], [ 76.841, 9.59 ], [ 76.854, 9.588 ], [ 76.858, 9.575 ], [ 76.87, 9.572 ], [ 76.878, 9.582 ], [ 76.874, 9.595 ], [ 76.883, 9.605 ] ] ] ] } },
{ "type": "Feature", "properties": { "POLYGON.ID": 365.0, "subregion": "India--Kerala--Kottayam--Vagamon", "POLYGON": "India--Kerala--Kottayam--Vagamon", "SHOW": "1", "FILTER": "India--Kerala--High Ranges(600 to 1200m)", "FILTER.ID": "CL27582", "OLD.POLYGON": "1", "STATE": "Kerala", "COUNTY": "Kottayam", "OWNER": null }, "geometry": { "type": "MultiPolygon", "coordinates": [ [ [ [ 76.905, 9.716 ], [ 76.901, 9.729 ], [ 76.889, 9.731 ], [ 76.88, 9.722 ], [ 76.884, 9.709 ], [ 76.876, 9.699 ], [ 76.88, 9.687 ], [ 76.871, 9.677 ], [ 76.875, 9.664 ], [ 76.888, 9.662 ], [ 76.892, 9.649 ], [ 76.904, 9.646 ], [ 76.908, 9.634 ], [ 76.92, 9.631 ], [ 76.924, 9.619 ], [ 76.937, 9.616 ], [ 76.945, 9.626 ], [ 76.941, 9.638 ], [ 76.929, 9.641 ], [ 76.925, 9.653 ], [ 76.933, 9.663 ], [ 76.929, 9.676 ], [ 76.917, 9.678 ], [ 76.913, 9.691 ], [ 76.901, 9.694 ], [ 76.897, 9.706 ], [ 76.905, 9.716 ] ] ] ] } },
{ "type": "Feature", "properties": { "POLYGON.ID": 361.0, "subregion": "India--Kerala--Kottayam--Kuttanad", "POLYGON": "India--Kerala--Kottayam--Kuttanad", "SHOW": "1", "FILTER": "India--Kerala--Coast (0 to 40m)", "FILTER.ID": "CL30086", "OLD.POLYGON": "1", "STATE": "Kerala", "COUNTY": "Kottayam", "OWNER": null }, "geometry": { "type": "MultiPolygon", "coordinates": [ [ [ [ 76.519, 9.557 ], [ 76.528, 9.567 ], [ 76.54, 9.564 ], [ 76.548, 9.574 ], [ 76.544, 9.587 ], [ 76.532, 9.589 ], [ 76.524, 9.579 ], [ 76.511, 9.582 ], [ 76.503, 9.572 ], [ 76.491, 9.575 ], [ 76.487, 9.588 ], [ 76.474, 9.59 ], [ 76.47, 9.603 ], [ 76.479, 9.613 ], [ 76.475, 9.625 ], [ 76.483, 9.635 ], [ 76.495, 9.632 ], [ 76.504, 9.642 ], [ 76.5, 9.654 ], [ 76.508, 9.664 ], [ 76.504, 9.677 ], [ 76.492, 9.679 ], [ 76.488, 9.692 ], [ 76.496, 9.702 ], [ 76.492, 9.714 ], [ 76.501, 9.724 ], [ 76.497, 9.736 ], [ 76.485, 9.739 ], [ 76.481, 9.752 ], [ 76.489, 9.761 ], [ 76.485, 9.774 ], [ 76.473, 9.777 ], [ 76.464, 9.767 ], [ 76.452, 9.769 ], [ 76.444, 9.76 ], [ 76.431, 9.762 ], [ 76.423, 9.753 ], [ 76.427, 9.74 ], [ 76.419, 9.73 ], [ 76.423, 9.718 ], [ 76.414, 9.708 ], [ 76.402, 9.711 ], [ 76.394, 9.701 ], [ 76.398, 9.689 ], [ 76.389, 9.679 ], [ 76.393, 9.666 ], [ 76.405, 9.664 ], [ 76.409, 9.651 ], [ 76.422, 9.648 ], [ 76.426, 9.636 ], [ 76.438, 9.633 ], [ 76.442, 9.621 ], [ 76.434, 9.611 ], [ 76.437, 9.599 ], [ 76.429, 9.589 ], [ 76.433, 9.576 ], [ 76.425, 9.567 ], [ 76.412, 9.569 ], [ 76.404, 9.559 ], [ 76.408, 9.547 ], [ 76.42, 9.544 ], [ 76.429, 9.554 ], [ 76.441, 9.551 ], [ 76.449, 9.561 ], [ 76.462, 9.558 ], [ 76.466, 9.546 ], [ 76.478, 9.543 ], [ 76.482, 9.531 ], [ 76.473, 9.521 ], [ 76.477, 9.508 ], [ 76.49, 9.506 ], [ 76.494, 9.493 ], [ 76.506, 9.49 ], [ 76.51, 9.478 ], [ 76.502, 9.468 ], [ 76.506, 9.456 ], [ 76.497, 9.446 ], [ 76.501, 9.433 ], [ 76.513, 9.431 ], [ 76.517, 9.418 ], [ 76.53, 9.415 ], [ 76.538, 9.425 ], [ 76.534, 9.438 ], [ 76.522, 9.44 ], [ 76.518, 9.453 ], [ 76.526, 9.463 ], [ 76.522, 9.475 ], [ 76.531, 9.485 ], [ 76.527, 9.497 ], [ 76.535, 9.507 ], [ 76.531, 9.52 ], [ 76.519, 9.522 ], [ 76.515, 9.535 ], [ 76.523, 9.545 ], [ 76.519, 9.557 ] ] ] ] } },
{ "type": "Feature", "properties": { "POLYGON.ID": 362.0, "subregion": "India--Kerala--Kottayam--Lake", "POLYGON": "India--Kerala--Kottayam--Lake", "SHOW": "1", "FILTER": "India--Kerala--Coast (0 to 40m)", "FILTER.ID": "CL30086", "OLD.POLYGON": "1", "STATE": "Kerala", "COUNTY": "Kottayam", "OWNER": null }, "geometry": { "type": "MultiPolygon", "coordinates": [ [ [ [ 76.413, 9.604 ], [ 76.421, 9.614 ], [ 76.417, 9.626 ], [ 76.426, 9.636 ], [ 76.422, 9.648 ], [ 76.409, 9.651 ], [ 76.405, 9.664 ], [ 76.393, 9.666 ], [ 76.385, 9.657 ], [ 76.389, 9.644 ], [ 76.401, 9.641 ], [ 76.405, 9.629 ], [ 76.397, 9.619 ], [ 76.401, 9.607 ], [ 76.392, 9.597 ], [ 76.396, 9.584 ], [ 76.388, 9.575 ], [ 76.392, 9.562 ], [ 76.404, 9.559 ], [ 76.412, 9.569 ], [ 76.408, 9.582 ], [ 76.417, 9.591 ], [ 76.413, 9.604 ] ] ] ] } },
{ "type": "Feature", "properties": { "POLYGON.ID": 363.0, "subregion": "India--Kerala--Kottayam--Kumarakom", "POLYGON": "India--Kerala--Kottayam--Kumarakom", "SHOW": "1", "FILTER": "India--Kerala--Coast (0 to 40m)", "FILTER.ID": "CL30086", "OLD.POLYGON": "1", "STATE": "Kerala", "COUNTY": "Kottayam", "OWNER": null }, "geometry": { "type": "MultiPolygon", "coordinates": [ [ [ [ 76.425, 9.567 ], [ 76.433, 9.576 ], [ 76.429, 9.589 ], [ 76.437, 9.599 ], [ 76.434, 9.611 ], [ 76.442, 9.621 ], [ 76.438, 9.633 ], [ 76.426, 9.636 ], [ 76.417, 9.626 ], [ 76.421, 9.614 ], [ 76.413, 9.604 ], [ 76.417, 9.591 ], [ 76.408, 9.582 ], [ 76.412, 9.569 ], [ 76.425, 9.567 ] ] ] ] } },
{ "type": "Feature", "properties": { "POLYGON.ID": 364.0, "subregion": "India--Kerala--Kottayam--Velloor", "POLYGON": "India--Kerala--Kottayam--Velloor", "SHOW": "1", "FILTER": "India--Kerala--Coast (0 to 40m)", "FILTER.ID": "CL30086", "OLD.POLYGON": "1", "STATE": "Kerala", "COUNTY": "Kottayam", "OWNER": null }, "geometry": { "type": "MultiPolygon", "coordinates": [ [ [ [ 76.432, 9.797 ], [ 76.436, 9.785 ], [ 76.448, 9.782 ], [ 76.456, 9.792 ], [ 76.469, 9.789 ], [ 76.477, 9.799 ], [ 76.473, 9.811 ], [ 76.461, 9.814 ], [ 76.457, 9.826 ], [ 76.465, 9.836 ], [ 76.461, 9.849 ], [ 76.449, 9.851 ], [ 76.441, 9.842 ], [ 76.445, 9.829 ], [ 76.436, 9.819 ], [ 76.424, 9.822 ], [ 76.416, 9.812 ], [ 76.419, 9.8 ], [ 76.432, 9.797 ] ] ] ] } },
{ "type": "Feature", "properties": { "POLYGON.ID": 369.0, "subregion": "India--Kerala--Kottayam--Urban", "POLYGON": "India--Kerala--Kottayam--Urban", "SHOW": "1", "FILTER": "India--Kerala--Coast (0 to 40m)", "FILTER.ID": "CL30086", "OLD.POLYGON": "1", "STATE": "Kerala", "COUNTY": "Kottayam", "OWNER": null }, "geometry": { "type": "MultiPolygon", "coordinates": [ [ [ [ 76.548, 9.574 ], [ 76.54, 9.564 ], [ 76.528, 9.567 ], [ 76.519, 9.557 ], [ 76.523, 9.545 ], [ 76.515, 9.535 ], [ 76.519, 9.522 ], [ 76.531, 9.52 ], [ 76.535, 9.507 ], [ 76.527, 9.497 ], [ 76.531, 9.485 ], [ 76.522, 9.475 ], [ 76.526, 9.463 ], [ 76.518, 9.453 ], [ 76.522, 9.44 ], [ 76.534, 9.438 ], [ 76.538, 9.425 ], [ 76.55, 9.423 ], [ 76.554, 9.41 ], [ 76.567, 9.407 ], [ 76.575, 9.417 ], [ 76.587, 9.414 ], [ 76.596, 9.424 ], [ 76.592, 9.437 ], [ 76.6, 9.446 ], [ 76.612, 9.444 ], [ 76.621, 9.453 ], [ 76.617, 9.466 ], [ 76.625, 9.476 ], [ 76.621, 9.488 ], [ 76.63, 9.498 ], [ 76.626, 9.51 ], [ 76.634, 9.52 ], [ 76.63, 9.533 ], [ 76.638, 9.542 ], [ 76.634, 9.555 ], [ 76.643, 9.565 ], [ 76.639, 9.577 ], [ 76.627, 9.58 ], [ 76.623, 9.592 ], [ 76.631, 9.602 ], [ 76.627, 9.615 ], [ 76.635, 9.624 ], [ 76.631, 9.637 ], [ 76.64, 9.647 ], [ 76.636, 9.659 ], [ 76.624, 9.662 ], [ 76.62, 9.674 ], [ 76.607, 9.677 ], [ 76.603, 9.69 ], [ 76.591, 9.692 ], [ 76.587, 9.705 ], [ 76.595, 9.715 ], [ 76.591, 9.727 ], [ 76.579, 9.73 ], [ 76.575, 9.742 ], [ 76.563, 9.745 ], [ 76.559, 9.758 ], [ 76.547, 9.76 ], [ 76.543, 9.773 ], [ 76.53, 9.775 ], [ 76.526, 9.788 ], [ 76.514, 9.791 ], [ 76.51, 9.803 ], [ 76.518, 9.813 ], [ 76.514, 9.825 ], [ 76.523, 9.835 ], [ 76.519, 9.848 ], [ 76.507, 9.85 ], [ 76.498, 9.841 ], [ 76.486, 9.843 ], [ 76.482, 9.856 ], [ 76.47, 9.859 ], [ 76.461, 9.849 ], [ 76.465, 9.836 ], [ 76.457, 9.826 ], [ 76.461, 9.814 ], [ 76.473, 9.811 ], [ 76.477, 9.799 ], [ 76.469, 9.789 ], [ 76.456, 9.792 ], [ 76.448, 9.782 ], [ 76.436, 9.785 ], [ 76.432, 9.797 ], [ 76.419, 9.8 ], [ 76.416, 9.812 ], [ 76.424, 9.822 ], [ 76.42, 9.835 ], [ 76.408, 9.837 ], [ 76.404, 9.85 ], [ 76.391, 9.852 ], [ 76.383, 9.843 ], [ 76.387, 9.83 ], [ 76.379, 9.82 ], [ 76.383, 9.808 ], [ 76.374, 9.798 ], [ 76.378, 9.786 ], [ 76.37, 9.776 ], [ 76.374, 9.763 ], [ 76.386, 9.761 ], [ 76.39, 9.748 ], [ 76.382, 9.739 ], [ 76.386, 9.726 ], [ 76.377, 9.716 ], [ 76.381, 9.704 ], [ 76.394, 9.701 ], [ 76.402, 9.711 ], [ 76.414, 9.708 ], [ 76.423, 9.718 ], [ 76.419, 9.73 ], [ 76.427, 9.74 ], [ 76.423, 9.753 ], [ 76.431, 9.762 ], [ 76.444, 9.76 ], [ 76.452, 9.769 ], [ 76.464, 9.767 ], [ 76.473, 9.777 ], [ 76.485, 9.774 ], [ 76.489, 9.761 ], [ 76.481, 9.752 ], [ 76.485, 9.739 ], [ 76.497, 9.736 ], [ 76.501, 9.724 ], [ 76.492, 9.714 ], [ 76.496, 9.702 ], [ 76.488, 9.692 ], [ 76.492, 9.679 ], [ 76.504, 9.677 ], [ 76.508, 9.664 ], [ 76.5, 9.654 ], [ 76.504, 9.642 ], [ 76.495, 9.632 ], [ 76.483, 9.635 ], [ 76.475, 9.625 ], [ 76.479, 9.613 ], [ 76.47, 9.603 ], [ 76.474, 9.59 ], [ 76.487, 9.588 ], [ 76.491, 9.575 ], [ 76.503, 9.572 ], [ 76.511, 9.582 ], [ 76.524, 9.579 ], [ 76.532, 9.589 ], [ 76.544, 9.587 ], [ 76.548, 9.574 ] ] ] ] } },
{ "type": "Feature", "properties": { "POLYGON.ID": 371.0, "subregion": "India--Kerala--Thiruvananthapuram--Vellayani", "POLYGON": "India--Kerala--Thiruvananthapuram--Vellayani", "SHOW": "1", "FILTER": "India--Kerala--Coast (0 to 40m)", "FILTER.ID": "CL30086", "OLD.POLYGON": "1", "STATE": "Kerala", "COUNTY": "Thiruvananthapuram", "OWNER": null }, "geometry": { "type": "MultiPolygon", "coordinates": [ [ [ [ 76.973, 8.443 ], [ 76.977, 8.431 ], [ 76.969, 8.421 ], [ 76.973, 8.408 ], [ 76.985, 8.405 ], [ 76.989, 8.393 ], [ 77.002, 8.39 ], [ 77.01, 8.4 ], [ 77.006, 8.412 ], [ 77.014, 8.422 ], [ 77.01, 8.435 ], [ 76.998, 8.437 ], [ 76.994, 8.45 ], [ 76.982, 8.453 ], [ 76.978, 8.465 ], [ 76.966, 8.468 ], [ 76.957, 8.458 ], [ 76.961, 8.446 ], [ 76.973, 8.443 ] ] ] ] } },
{ "type": "Feature", "properties": { "POLYGON.ID": 372.0, "subregion": "India--Kerala--Thiruvananthapuram--Coast", "POLYGON": "India--Kerala--Thiruvananthapuram--Coast", "SHOW": "1", "FILTER": "India--Kerala--Coast (0 to 40m)", "FILTER.ID": "CL30086", "OLD.POLYGON": "1", "STATE": "Kerala", "COUNTY": "Thiruvananthapuram", "OWNER": null }, "geometry": { "type": "MultiPolygon", "coordinates": [ [ [ [ 77.013, 8.318 ], [ 77.025, 8.315 ], [ 77.029, 8.302 ], [ 77.041, 8.299 ], [ 77.05, 8.309 ], [ 77.062, 8.306 ], [ 77.066, 8.294 ], [ 77.078, 8.291 ], [ 77.082, 8.278 ], [ 77.095, 8.275 ], [ 77.103, 8.285 ], [ 77.116, 8.282 ], [ 77.124, 8.292 ], [ 77.12, 8.305 ], [ 77.108, 8.307 ], [ 77.104, 8.32 ], [ 77.091, 8.323 ], [ 77.087, 8.335 ], [ 77.075, 8.338 ], [ 77.067, 8.329 ], [ 77.054, 8.331 ], [ 77.05, 8.344 ], [ 77.038, 8.347 ], [ 77.034, 8.359 ], [ 77.022, 8.362 ], [ 77.018, 8.375 ], [ 77.006, 8.378 ], [ 77.002, 8.39 ], [ 76.989, 8.393 ], [ 76.985, 8.405 ], [ 76.973, 8.408 ], [ 76.969, 8.421 ], [ 76.977, 8.431 ], [ 76.973, 8.443 ], [ 76.961, 8.446 ], [ 76.957, 8.458 ], [ 76.945, 8.461 ], [ 76.941, 8.474 ], [ 76.929, 8.477 ], [ 76.925, 8.489 ], [ 76.912, 8.492 ], [ 76.908, 8.505 ], [ 76.896, 8.507 ], [ 76.892, 8.52 ], [ 76.88, 8.523 ], [ 76.876, 8.535 ], [ 76.884, 8.545 ], [ 76.88, 8.558 ], [ 76.868, 8.56 ], [ 76.864, 8.573 ], [ 76.852, 8.576 ], [ 76.848, 8.588 ], [ 76.835, 8.591 ], [ 76.827, 8.581 ], [ 76.815, 8.584 ], [ 76.811, 8.597 ], [ 76.799, 8.599 ], [ 76.795, 8.612 ], [ 76.782, 8.615 ], [ 76.778, 8.627 ], [ 76.787, 8.637 ], [ 76.783, 8.65 ], [ 76.791, 8.659 ], [ 76.787, 8.672 ], [ 76.775, 8.675 ], [ 76.771, 8.687 ], [ 76.759, 8.69 ], [ 76.755, 8.702 ], [ 76.742, 8.705 ], [ 76.738, 8.718 ], [ 76.726, 8.721 ], [ 76.722, 8.733 ], [ 76.71, 8.736 ], [ 76.706, 8.748 ], [ 76.714, 8.758 ], [ 76.71, 8.771 ], [ 76.698, 8.773 ], [ 76.694, 8.786 ], [ 76.682, 8.789 ], [ 76.673, 8.779 ], [ 76.661, 8.782 ], [ 76.653, 8.772 ], [ 76.657, 8.76 ], [ 76.669, 8.757 ], [ 76.673, 8.744 ], [ 76.685, 8.741 ], [ 76.689, 8.729 ], [ 76.681, 8.719 ], [ 76.685, 8.707 ], [ 76.697, 8.704 ], [ 76.701, 8.691 ], [ 76.713, 8.689 ], [ 76.717, 8.676 ], [ 76.73, 8.673 ], [ 76.734, 8.661 ], [ 76.746, 8.658 ], [ 76.75, 8.645 ], [ 76.741, 8.636 ], [ 76.745, 8.623 ], [ 76.758, 8.62 ], [ 76.762, 8.608 ], [ 76.774, 8.605 ], [ 76.778, 8.593 ], [ 76.79, 8.59 ], [ 76.794, 8.577 ], [ 76.806, 8.574 ], [ 76.81, 8.562 ], [ 76.823, 8.559 ], [ 76.827, 8.547 ], [ 76.839, 8.544 ], [ 76.843, 8.531 ], [ 76.855, 8.528 ], [ 76.859, 8.516 ], [ 76.851, 8.506 ], [ 76.855, 8.494 ], [ 76.867, 8.491 ], [ 76.871, 8.478 ], [ 76.883, 8.475 ], [ 76.887, 8.463 ], [ 76.9, 8.46 ], [ 76.903, 8.448 ], [ 76.916, 8.445 ], [ 76.92, 8.432 ], [ 76.932, 8.429 ], [ 76.936, 8.417 ], [ 76.948, 8.414 ], [ 76.952, 8.401 ], [ 76.944, 8.392 ], [ 76.948, 8.379 ], [ 76.96, 8.376 ], [ 76.964, 8.364 ], [ 76.976, 8.361 ], [ 76.98, 8.348 ], [ 76.993, 8.346 ], [ 77.001, 8.355 ], [ 77.013, 8.352 ], [ 77.017, 8.34 ], [ 77.009, 8.33 ], [ 77.013, 8.318 ] ] ] ] } },
{ "type": "Feature", "properties": { "POLYGON.ID": 373.0, "subregion": "India--Kerala--Thiruvananthapuram--Ponmudi", "POLYGON": "India--Kerala--Thiruvananthapuram--Ponmudi", "SHOW": "1", "FILTER": "India--Kerala--High Ranges(600 to 1200m)", "FILTER.ID": "CL27582", "OLD.POLYGON": "1", "STATE": "Kerala", "COUNTY": "Thiruvananthapuram", "OWNER": null }, "geometry": { "type": "MultiPolygon", "coordinates": [ [ [ [ 77.123, 8.77 ], [ 77.119, 8.783 ], [ 77.107, 8.785 ], [ 77.098, 8.776 ], [ 77.102, 8.763 ], [ 77.094, 8.753 ], [ 77.098, 8.741 ], [ 77.11, 8.738 ], [ 77.118, 8.748 ], [ 77.131, 8.745 ], [ 77.135, 8.732 ], [ 77.147, 8.73 ], [ 77.151, 8.717 ], [ 77.163, 8.714 ], [ 77.167, 8.702 ], [ 77.18, 8.699 ], [ 77.188, 8.709 ], [ 77.2, 8.706 ], [ 77.209, 8.715 ], [ 77.205, 8.728 ], [ 77.213, 8.738 ], [ 77.209, 8.75 ], [ 77.218, 8.76 ], [ 77.214, 8.773 ], [ 77.202, 8.775 ], [ 77.198, 8.788 ], [ 77.185, 8.791 ], [ 77.177, 8.781 ], [ 77.181, 8.768 ], [ 77.172, 8.759 ], [ 77.16, 8.762 ], [ 77.156, 8.774 ], [ 77.144, 8.777 ], [ 77.135, 8.767 ], [ 77.123, 8.77 ] ] ] ] } },
{ "type": "Feature", "properties": { "POLYGON.ID": 374.0, "subregion": "India--Kerala--Thiruvananthapuram--Foothills", "POLYGON": "India--Kerala--Thiruvananthapuram--Foothills", "SHOW": "1", "FILTER": "India--Kerala--Foothills and Midlands(40 to 200m and 200 to 600m)", "FILTER.ID": "CL27581", "OLD.POLYGON": "1", "STATE": "Kerala", "COUNTY": "Thiruvananthapuram", "OWNER": null }, "geometry": { "type": "MultiPolygon", "coordinates": [ [ [ [ 77.181, 8.768 ], [ 77.177, 8.781 ], [ 77.164, 8.784 ], [ 77.16, 8.796 ], [ 77.148, 8.799 ], [ 77.144, 8.812 ], [ 77.132, 8.815 ], [ 77.128, 8.827 ], [ 77.115, 8.83 ], [ 77.107, 8.82 ], [ 77.095, 8.823 ], [ 77.091, 8.836 ], [ 77.078, 8.838 ], [ 77.074, 8.851 ], [ 77.062, 8.854 ], [ 77.054, 8.844 ], [ 77.041, 8.847 ], [ 77.033, 8.837 ], [ 77.021, 8.84 ], [ 77.012, 8.83 ], [ 77.016, 8.818 ], [ 77.028, 8.815 ], [ 77.032, 8.802 ], [ 77.045, 8.799 ], [ 77.049, 8.787 ], [ 77.061, 8.784 ], [ 77.065, 8.772 ], [ 77.077, 8.769 ], [ 77.081, 8.756 ], [ 77.073, 8.746 ], [ 77.077, 8.734 ], [ 77.089, 8.731 ], [ 77.093, 8.719 ], [ 77.105, 8.716 ], [ 77.114, 8.725 ], [ 77.126, 8.723 ], [ 77.13, 8.71 ], [ 77.122, 8.7 ], [ 77.126, 8.688 ], [ 77.138, 8.685 ], [ 77.142, 8.672 ], [ 77.154, 8.67 ], [ 77.158, 8.657 ], [ 77.171, 8.654 ], [ 77.175, 8.642 ], [ 77.187, 8.639 ], [ 77.191, 8.626 ], [ 77.183, 8.617 ], [ 77.17, 8.619 ], [ 77.162, 8.61 ], [ 77.166, 8.597 ], [ 77.157, 8.587 ], [ 77.161, 8.575 ], [ 77.174, 8.572 ], [ 77.178, 8.559 ], [ 77.19, 8.557 ], [ 77.198, 8.566 ], [ 77.211, 8.563 ], [ 77.219, 8.573 ], [ 77.231, 8.57 ], [ 77.235, 8.558 ], [ 77.248, 8.555 ], [ 77.252, 8.542 ], [ 77.243, 8.533 ], [ 77.231, 8.535 ], [ 77.223, 8.526 ], [ 77.21, 8.529 ], [ 77.202, 8.519 ], [ 77.206, 8.506 ], [ 77.218, 8.503 ], [ 77.222, 8.491 ], [ 77.234, 8.488 ], [ 77.243, 8.498 ], [ 77.255, 8.495 ], [ 77.264, 8.505 ], [ 77.276, 8.502 ], [ 77.284, 8.512 ], [ 77.28, 8.524 ], [ 77.289, 8.534 ], [ 77.285, 8.546 ], [ 77.273, 8.549 ], [ 77.269, 8.562 ], [ 77.256, 8.565 ], [ 77.252, 8.577 ], [ 77.24, 8.58 ], [ 77.236, 8.593 ], [ 77.224, 8.595 ], [ 77.22, 8.608 ], [ 77.207, 8.611 ], [ 77.203, 8.623 ], [ 77.212, 8.633 ], [ 77.208, 8.646 ], [ 77.195, 8.649 ], [ 77.191, 8.661 ], [ 77.179, 8.664 ], [ 77.175, 8.676 ], [ 77.163, 8.679 ], [ 77.159, 8.692 ], [ 77.167, 8.702 ], [ 77.163, 8.714 ], [ 77.151, 8.717 ], [ 77.147, 8.73 ], [ 77.135, 8.732 ], [ 77.131, 8.745 ], [ 77.118, 8.748 ], [ 77.11, 8.738 ], [ 77.098, 8.741 ], [ 77.094, 8.753 ], [ 77.102, 8.763 ], [ 77.098, 8.776 ], [ 77.107, 8.785 ], [ 77.119, 8.783 ], [ 77.123, 8.77 ], [ 77.135, 8.767 ], [ 77.144, 8.777 ], [ 77.156, 8.774 ], [ 77.16, 8.762 ], [ 77.172, 8.759 ], [ 77.181, 8.768 ] ] ] ] } },
{ "type": "Feature", "properties": { "POLYGON.ID": 375.0, "subregion": "India--Kerala--Thiruvananthapuram--Agasthyamala", "POLYGON": "India--Kerala--Thiruvananthapuram--Agasthyamala", "SHOW": "1", "FILTER": "India--Kerala--High Ranges(600 to 1200m)", "FILTER.ID": "CL27582", "OLD.POLYGON": "1", "STATE": "Kerala", "COUNTY": "Thiruvananthapuram", "OWNER": null }, "geometry": { "type": "MultiPolygon", "coordinates": [ [ [ [ 77.195, 8.649 ], [ 77.208, 8.646 ], [ 77.212, 8.633 ], [ 77.203, 8.623 ], [ 77.207, 8.611 ], [ 77.22, 8.608 ], [ 77.224, 8.595 ], [ 77.236, 8.593 ], [ 77.24, 8.58 ], [ 77.252, 8.577 ], [ 77.256, 8.565 ], [ 77.269, 8.562 ], [ 77.273, 8.549 ], [ 77.285, 8.546 ], [ 77.293, 8.556 ], [ 77.289, 8.569 ], [ 77.277, 8.572 ], [ 77.273, 8.584 ], [ 77.282, 8.594 ], [ 77.278, 8.606 ], [ 77.265, 8.609 ], [ 77.261, 8.622 ], [ 77.249, 8.625 ], [ 77.245, 8.637 ], [ 77.233, 8.64 ], [ 77.229, 8.653 ], [ 77.216, 8.655 ], [ 77.212, 8.668 ], [ 77.221, 8.678 ], [ 77.217, 8.69 ], [ 77.204, 8.693 ], [ 77.2, 8.706 ], [ 77.188, 8.709 ], [ 77.18, 8.699 ], [ 77.167, 8.702 ], [ 77.159, 8.692 ], [ 77.163, 8.679 ], [ 77.175, 8.676 ], [ 77.179, 8.664 ], [ 77.191, 8.661 ], [ 77.195, 8.649 ] ] ] ] } },
{ "type": "Feature", "properties": { "POLYGON.ID": 376.0, "subregion": "India--Kerala--Thiruvananthapuram--Reservoirs", "POLYGON": "India--Kerala--Thiruvananthapuram--Reservoirs", "SHOW": "1", "FILTER": "India--Kerala--Foothills and Midlands(40 to 200m and 200 to 600m)", "FILTER.ID": "CL27581", "OLD.POLYGON": "1", "STATE": "Kerala", "COUNTY": "Thiruvananthapuram", "OWNER": null }, "geometry": { "type": "MultiPolygon", "coordinates": [ [ [ [ 77.113, 8.656 ], [ 77.117, 8.643 ], [ 77.129, 8.64 ], [ 77.133, 8.628 ], [ 77.145, 8.625 ], [ 77.149, 8.612 ], [ 77.141, 8.603 ], [ 77.145, 8.59 ], [ 77.137, 8.58 ], [ 77.14, 8.568 ], [ 77.132, 8.558 ], [ 77.136, 8.546 ], [ 77.128, 8.536 ], [ 77.132, 8.523 ], [ 77.144, 8.52 ], [ 77.152, 8.53 ], [ 77.165, 8.527 ], [ 77.169, 8.515 ], [ 77.181, 8.512 ], [ 77.185, 8.499 ], [ 77.197, 8.497 ], [ 77.201, 8.484 ], [ 77.193, 8.474 ], [ 77.197, 8.462 ], [ 77.209, 8.459 ], [ 77.213, 8.446 ], [ 77.225, 8.443 ], [ 77.234, 8.453 ], [ 77.23, 8.466 ], [ 77.218, 8.469 ], [ 77.214, 8.481 ], [ 77.222, 8.491 ], [ 77.218, 8.503 ], [ 77.206, 8.506 ], [ 77.202, 8.519 ], [ 77.21, 8.529 ], [ 77.223, 8.526 ], [ 77.231, 8.535 ], [ 77.243, 8.533 ], [ 77.252, 8.542 ], [ 77.248, 8.555 ], [ 77.235, 8.558 ], [ 77.231, 8.57 ], [ 77.219, 8.573 ], [ 77.211, 8.563 ], [ 77.198, 8.566 ], [ 77.19, 8.557 ], [ 77.178, 8.559 ], [ 77.174, 8.572 ], [ 77.161, 8.575 ], [ 77.157, 8.587 ], [ 77.166, 8.597 ], [ 77.162, 8.61 ], [ 77.17, 8.619 ], [ 77.183, 8.617 ], [ 77.191, 8.626 ], [ 77.187, 8.639 ], [ 77.175, 8.642 ], [ 77.171, 8.654 ], [ 77.158, 8.657 ], [ 77.154, 8.67 ], [ 77.142, 8.672 ], [ 77.138, 8.685 ], [ 77.126, 8.688 ], [ 77.117, 8.678 ], [ 77.121, 8.665 ], [ 77.113, 8.656 ] ] ] ] } },
{ "type": "Feature", "properties": { "POLYGON.ID": 377.0, "subregion": "India--Kerala--Thiruvananthapuram--Plains", "POLYGON": "India--Kerala--Thiruvananthapuram--Plains", "SHOW": "1", "FILTER": "India--Kerala--Coast (0 to 40m)", "FILTER.ID": "CL30086", "OLD.POLYGON": "1", "STATE": "Kerala", "COUNTY": "Thiruvananthapuram", "OWNER": null }, "geometry": { "type": "MultiPolygon", "coordinates": [ [ [ [ 76.908, 8.505 ], [ 76.912, 8.492 ], [ 76.925, 8.489 ], [ 76.929, 8.477 ], [ 76.941, 8.474 ], [ 76.945, 8.461 ], [ 76.957, 8.458 ], [ 76.966, 8.468 ], [ 76.978, 8.465 ], [ 76.982, 8.453 ], [ 76.994, 8.45 ], [ 76.998, 8.437 ], [ 77.01, 8.435 ], [ 77.014, 8.422 ], [ 77.006, 8.412 ], [ 77.01, 8.4 ], [ 77.002, 8.39 ], [ 77.006, 8.378 ], [ 77.018, 8.375 ], [ 77.022, 8.362 ], [ 77.034, 8.359 ], [ 77.038, 8.347 ], [ 77.05, 8.344 ], [ 77.054, 8.331 ], [ 77.067, 8.329 ], [ 77.075, 8.338 ], [ 77.087, 8.335 ], [ 77.091, 8.323 ], [ 77.104, 8.32 ], [ 77.108, 8.307 ], [ 77.12, 8.305 ], [ 77.128, 8.314 ], [ 77.141, 8.311 ], [ 77.149, 8.321 ], [ 77.145, 8.334 ], [ 77.133, 8.337 ], [ 77.129, 8.349 ], [ 77.137, 8.359 ], [ 77.133, 8.371 ], [ 77.121, 8.374 ], [ 77.117, 8.387 ], [ 77.125, 8.397 ], [ 77.122, 8.409 ], [ 77.109, 8.412 ], [ 77.105, 8.424 ], [ 77.093, 8.427 ], [ 77.085, 8.418 ], [ 77.072, 8.42 ], [ 77.064, 8.411 ], [ 77.068, 8.398 ], [ 77.059, 8.388 ], [ 77.047, 8.391 ], [ 77.043, 8.404 ], [ 77.031, 8.407 ], [ 77.027, 8.419 ], [ 77.035, 8.429 ], [ 77.031, 8.441 ], [ 77.019, 8.444 ], [ 77.015, 8.457 ], [ 77.023, 8.467 ], [ 77.036, 8.464 ], [ 77.044, 8.473 ], [ 77.04, 8.486 ], [ 77.028, 8.489 ], [ 77.024, 8.501 ], [ 77.032, 8.511 ], [ 77.028, 8.524 ], [ 77.016, 8.526 ], [ 77.012, 8.539 ], [ 77.0, 8.542 ], [ 76.991, 8.532 ], [ 76.979, 8.535 ], [ 76.971, 8.525 ], [ 76.958, 8.528 ], [ 76.954, 8.541 ], [ 76.942, 8.543 ], [ 76.938, 8.556 ], [ 76.926, 8.559 ], [ 76.917, 8.549 ], [ 76.905, 8.552 ], [ 76.901, 8.564 ], [ 76.889, 8.567 ], [ 76.885, 8.58 ], [ 76.893, 8.589 ], [ 76.889, 8.602 ], [ 76.877, 8.605 ], [ 76.873, 8.617 ], [ 76.861, 8.62 ], [ 76.852, 8.61 ], [ 76.856, 8.598 ], [ 76.848, 8.588 ], [ 76.852, 8.576 ], [ 76.864, 8.573 ], [ 76.868, 8.56 ], [ 76.88, 8.558 ], [ 76.884, 8.545 ], [ 76.876, 8.535 ], [ 76.88, 8.523 ], [ 76.892, 8.52 ], [ 76.896, 8.507 ], [ 76.908, 8.505 ] ] ], [ [ [ 76.85, 8.762 ], [ 76.842, 8.752 ], [ 76.846, 8.74 ], [ 76.837, 8.73 ], [ 76.825, 8.733 ], [ 76.817, 8.723 ], [ 76.804, 8.726 ], [ 76.8, 8.739 ], [ 76.788, 8.741 ], [ 76.784, 8.754 ], [ 76.772, 8.757 ], [ 76.768, 8.769 ], [ 76.756, 8.772 ], [ 76.752, 8.785 ], [ 76.739, 8.787 ], [ 76.735, 8.8 ], [ 76.723, 8.803 ], [ 76.715, 8.793 ], [ 76.702, 8.796 ], [ 76.694, 8.786 ], [ 76.698, 8.773 ], [ 76.71, 8.771 ], [ 76.714, 8.758 ], [ 76.706, 8.748 ], [ 76.71, 8.736 ], [ 76.722, 8.733 ], [ 76.726, 8.721 ], [ 76.738, 8.718 ], [ 76.742, 8.705 ], [ 76.755, 8.702 ], [ 76.759, 8.69 ], [ 76.771, 8.687 ], [ 76.775, 8.675 ], [ 76.787, 8.672 ], [ 76.791, 8.659 ], [ 76.803, 8.656 ], [ 76.807, 8.644 ], [ 76.82, 8.641 ], [ 76.828, 8.651 ], [ 76.84, 8.648 ], [ 76.849, 8.658 ], [ 76.861, 8.655 ], [ 76.869, 8.665 ], [ 76.866, 8.677 ], [ 76.853, 8.68 ], [ 76.849, 8.693 ], [ 76.858, 8.702 ], [ 76.87, 8.699 ], [ 76.878, 8.709 ], [ 76.891, 8.706 ], [ 76.899, 8.716 ], [ 76.911, 8.713 ], [ 76.92, 8.723 ], [ 76.916, 8.736 ], [ 76.904, 8.738 ], [ 76.9, 8.751 ], [ 76.887, 8.754 ], [ 76.883, 8.766 ], [ 76.871, 8.769 ], [ 76.863, 8.759 ], [ 76.85, 8.762 ] ] ] ] } },
{ "type": "Feature", "properties": { "POLYGON.ID": 378.0, "subregion": "India--Kerala--Thiruvananthapuram--Midlands", "POLYGON": "India--Kerala--Thiruvananthapuram--Midlands", "SHOW": "1", "FILTER": "India--Kerala--Foothills and Midlands(40 to 200m and 200 to 600m)", "FILTER.ID": "CL27581", "OLD.POLYGON": "1", "STATE": "Kerala", "COUNTY": "Thiruvananthapuram", "OWNER": null }, "geometry": { "type": "MultiPolygon", "coordinates": [ [ [ [ 76.971, 8.525 ], [ 76.979, 8.535 ], [ 76.991, 8.532 ], [ 77.0, 8.542 ], [ 77.012, 8.539 ], [ 77.016, 8.526 ], [ 77.028, 8.524 ], [ 77.032, 8.511 ], [ 77.024, 8.501 ], [ 77.028, 8.489 ], [ 77.04, 8.486 ], [ 77.044, 8.473 ], [ 77.036, 8.464 ], [ 77.023, 8.467 ], [ 77.015, 8.457 ], [ 77.019, 8.444 ], [ 77.031, 8.441 ], [ 77.035, 8.429 ], [ 77.027, 8.419 ], [ 77.031, 8.407 ], [ 77.043, 8.404 ], [ 77.047, 8.391 ], [ 77.059, 8.388 ], [ 77.068, 8.398 ], [ 77.064, 8.411 ], [ 77.072, 8.42 ], [ 77.085, 8.418 ], [ 77.093, 8.427 ], [ 77.105, 8.424 ], [ 77.109, 8.412 ], [ 77.122, 8.409 ], [ 77.125, 8.397 ], [ 77.117, 8.387 ], [ 77.121, 8.374 ], [ 77.133, 8.371 ], [ 77.137, 8.359 ], [ 77.129, 8.349 ], [ 77.133, 8.337 ], [ 77.145, 8.334 ], [ 77.149, 8.321 ], [ 77.161, 8.318 ], [ 77.165, 8.306 ], [ 77.178, 8.303 ], [ 77.186, 8.313 ], [ 77.182, 8.325 ], [ 77.191, 8.335 ], [ 77.187, 8.347 ], [ 77.174, 8.35 ], [ 77.17, 8.363 ], [ 77.179, 8.373 ], [ 77.175, 8.385 ], [ 77.183, 8.395 ], [ 77.196, 8.392 ], [ 77.204, 8.402 ], [ 77.2, 8.414 ], [ 77.209, 8.424 ], [ 77.221, 8.421 ], [ 77.229, 8.431 ], [ 77.225, 8.443 ], [ 77.213, 8.446 ], [ 77.209, 8.459 ], [ 77.197, 8.462 ], [ 77.193, 8.474 ], [ 77.201, 8.484 ], [ 77.197, 8.497 ], [ 77.185, 8.499 ], [ 77.181, 8.512 ], [ 77.169, 8.515 ], [ 77.165, 8.527 ], [ 77.152, 8.53 ], [ 77.144, 8.52 ], [ 77.132, 8.523 ], [ 77.128, 8.536 ], [ 77.136, 8.546 ], [ 77.132, 8.558 ], [ 77.14, 8.568 ], [ 77.137, 8.58 ], [ 77.145, 8.59 ], [ 77.141, 8.603 ], [ 77.149, 8.612 ], [ 77.145, 8.625 ], [ 77.133, 8.628 ], [ 77.129, 8.64 ], [ 77.117, 8.643 ], [ 77.113, 8.656 ], [ 77.121, 8.665 ], [ 77.117, 8.678 ], [ 77.126, 8.688 ], [ 77.122, 8.7 ], [ 77.13, 8.71 ], [ 77.126, 8.723 ], [ 77.114, 8.725 ], [ 77.105, 8.716 ], [ 77.093, 8.719 ], [ 77.089, 8.731 ], [ 77.077, 8.734 ], [ 77.073, 8.746 ], [ 77.081, 8.756 ], [ 77.077, 8.769 ], [ 77.065, 8.772 ], [ 77.061, 8.784 ], [ 77.049, 8.787 ], [ 77.045, 8.799 ], [ 77.032, 8.802 ], [ 77.028, 8.815 ], [ 77.016, 8.818 ], [ 77.008, 8.808 ], [ 77.012, 8.795 ], [ 77.003, 8.786 ], [ 76.991, 8.788 ], [ 76.982, 8.779 ], [ 76.97, 8.781 ], [ 76.962, 8.772 ], [ 76.949, 8.775 ], [ 76.941, 8.765 ], [ 76.929, 8.768 ], [ 76.925, 8.78 ], [ 76.933, 8.79 ], [ 76.929, 8.802 ], [ 76.917, 8.805 ], [ 76.913, 8.818 ], [ 76.901, 8.821 ], [ 76.892, 8.811 ], [ 76.88, 8.814 ], [ 76.876, 8.826 ], [ 76.864, 8.829 ], [ 76.855, 8.819 ], [ 76.843, 8.822 ], [ 76.839, 8.835 ], [ 76.827, 8.837 ], [ 76.818, 8.828 ], [ 76.806, 8.83 ], [ 76.797, 8.821 ], [ 76.785, 8.823 ], [ 76.777, 8.814 ], [ 76.764, 8.817 ], [ 76.756, 8.807 ], [ 76.744, 8.81 ], [ 76.735, 8.8 ], [ 76.739, 8.787 ], [ 76.752, 8.785 ], [ 76.756, 8.772 ], [ 76.768, 8.769 ], [ 76.772, 8.757 ], [ 76.784, 8.754 ], [ 76.788, 8.741 ], [ 76.8, 8.739 ], [ 76.804, 8.726 ], [ 76.817, 8.723 ], [ 76.825, 8.733 ], [ 76.837, 8.73 ], [ 76.846, 8.74 ], [ 76.842, 8.752 ], [ 76.85, 8.762 ], [ 76.863, 8.759 ], [ 76.871, 8.769 ], [ 76.883, 8.766 ], [ 76.887, 8.754 ], [ 76.9, 8.751 ], [ 76.904, 8.738 ], [ 76.916, 8.736 ], [ 76.92, 8.723 ], [ 76.911, 8.713 ], [ 76.899, 8.716 ], [ 76.891, 8.706 ], [ 76.878, 8.709 ], [ 76.87, 8.699 ], [ 76.858, 8.702 ], [ 76.849, 8.693 ], [ 76.853, 8.68 ], [ 76.866, 8.677 ], [ 76.869, 8.665 ], [ 76.861, 8.655 ], [ 76.849, 8.658 ], [ 76.84, 8.648 ], [ 76.828, 8.651 ], [ 76.82, 8.641 ], [ 76.824, 8.629 ], [ 76.836, 8.626 ], [ 76.84, 8.613 ], [ 76.852, 8.61 ], [ 76.861, 8.62 ], [ 76.873, 8.617 ], [ 76.877, 8.605 ], [ 76.889, 8.602 ], [ 76.893, 8.589 ], [ 76.885, 8.58 ], [ 76.889, 8.567 ], [ 76.901, 8.564 ], [ 76.905, 8.552 ], [ 76.917, 8.549 ], [ 76.926, 8.559 ], [ 76.938, 8.556 ], [ 76.942, 8.543 ], [ 76.954, 8.541 ], [ 76.958, 8.528 ], [ 76.971, 8.525 ] ] ] ] } },
{ "type": "Feature", "properties": { "POLYGON.ID": 379.0, "subregion": "India--Kerala--Thiruvananthapuram--Kadinamkulam", "POLYGON": "India--Kerala--Thiruvananthapuram--Kadinamkulam", "SHOW": "1", "FILTER": "India--Kerala--Coast (0 to 40m)", "FILTER.ID": "CL30086", "OLD.POLYGON": "1", "STATE": "Kerala", "COUNTY": "Thiruvananthapuram", "OWNER": null }, "geometry": { "type": "MultiPolygon", "coordinates": [ [ [ [ 76.836, 8.626 ], [ 76.824, 8.629 ], [ 76.82, 8.641 ], [ 76.807, 8.644 ], [ 76.803, 8.656 ], [ 76.791, 8.659 ], [ 76.783, 8.65 ], [ 76.787, 8.637 ], [ 76.778, 8.627 ], [ 76.782, 8.615 ], [ 76.795, 8.612 ], [ 76.799, 8.599 ], [ 76.811, 8.597 ], [ 76.815, 8.584 ], [ 76.827, 8.581 ], [ 76.835, 8.591 ], [ 76.848, 8.588 ], [ 76.856, 8.598 ], [ 76.852, 8.61 ], [ 76.84, 8.613 ], [ 76.836, 8.626 ] ] ] ] } },
{ "type": "Feature", "properties": { "POLYGON.ID": 380.0, "subregion": "India--Kerala--Kollam--Pandimotta", "POLYGON": "India--Kerala--Kollam--Pandimotta", "SHOW": "1", "FILTER": "India--Kerala--Southern and Northern Mountains(Above 1200m)", "FILTER.ID": "CL27579", "OLD.POLYGON": "1", "STATE": "Kerala", "COUNTY": "Kollam", "OWNER": null }, "geometry": { "type": "MultiPolygon", "coordinates": [ [ [ [ 77.21, 8.82 ], [ 77.202, 8.81 ], [ 77.206, 8.798 ], [ 77.218, 8.795 ], [ 77.222, 8.782 ], [ 77.235, 8.78 ], [ 77.243, 8.789 ], [ 77.239, 8.802 ], [ 77.248, 8.812 ], [ 77.244, 8.824 ], [ 77.231, 8.827 ], [ 77.223, 8.817 ], [ 77.21, 8.82 ] ] ] ] } },
{ "type": "Feature", "properties": { "POLYGON.ID": 381.0, "subregion": "India--Kerala--Kollam--High Ranges", "POLYGON": "India--Kerala--Kollam--High Ranges", "SHOW": "1", "FILTER": "India--Kerala--High Ranges(600 to 1200m)", "FILTER.ID": "CL27582", "OLD.POLYGON": "1", "STATE": "Kerala", "COUNTY": "Kollam", "OWNER": null }, "geometry": { "type": "MultiPolygon", "coordinates": [ [ [ [ 77.264, 8.831 ], [ 77.273, 8.841 ], [ 77.269, 8.853 ], [ 77.277, 8.863 ], [ 77.273, 8.876 ], [ 77.261, 8.879 ], [ 77.257, 8.891 ], [ 77.245, 8.894 ], [ 77.241, 8.906 ], [ 77.228, 8.909 ], [ 77.224, 8.922 ], [ 77.233, 8.932 ], [ 77.229, 8.944 ], [ 77.217, 8.947 ], [ 77.213, 8.959 ], [ 77.2, 8.962 ], [ 77.192, 8.953 ], [ 77.179, 8.955 ], [ 77.171, 8.946 ], [ 77.175, 8.933 ], [ 77.187, 8.93 ], [ 77.191, 8.918 ], [ 77.204, 8.915 ], [ 77.208, 8.902 ], [ 77.199, 8.893 ], [ 77.203, 8.88 ], [ 77.215, 8.877 ], [ 77.219, 8.865 ], [ 77.232, 8.862 ], [ 77.236, 8.849 ], [ 77.227, 8.84 ], [ 77.215, 8.842 ], [ 77.211, 8.855 ], [ 77.199, 8.858 ], [ 77.19, 8.848 ], [ 77.178, 8.851 ], [ 77.174, 8.863 ], [ 77.162, 8.866 ], [ 77.158, 8.879 ], [ 77.145, 8.881 ], [ 77.137, 8.872 ], [ 77.124, 8.875 ], [ 77.116, 8.865 ], [ 77.12, 8.852 ], [ 77.132, 8.849 ], [ 77.141, 8.859 ], [ 77.153, 8.856 ], [ 77.157, 8.844 ], [ 77.169, 8.841 ], [ 77.173, 8.828 ], [ 77.186, 8.826 ], [ 77.19, 8.813 ], [ 77.181, 8.803 ], [ 77.185, 8.791 ], [ 77.198, 8.788 ], [ 77.202, 8.775 ], [ 77.214, 8.773 ], [ 77.218, 8.76 ], [ 77.23, 8.757 ], [ 77.239, 8.767 ], [ 77.235, 8.78 ], [ 77.222, 8.782 ], [ 77.218, 8.795 ], [ 77.206, 8.798 ], [ 77.202, 8.81 ], [ 77.21, 8.82 ], [ 77.223, 8.817 ], [ 77.231, 8.827 ], [ 77.244, 8.824 ], [ 77.248, 8.812 ], [ 77.26, 8.809 ], [ 77.268, 8.819 ], [ 77.264, 8.831 ] ] ] ] } },
{ "type": "Feature", "properties": { "POLYGON.ID": 382.0, "subregion": "India--Kerala--Kollam--Foothills", "POLYGON": "India--Kerala--Kollam--Foothills", "SHOW": "1", "FILTER": "India--Kerala--Foothills and Midlands(40 to 200m and 200 to 600m)", "FILTER.ID": "CL27581", "OLD.POLYGON": "1", "STATE": "Kerala", "COUNTY": "Kollam", "OWNER": null }, "geometry": { "type": "MultiPolygon", "coordinates": [ [ [ [ 77.177, 9.038 ], [ 77.189, 9.035 ], [ 77.197, 9.045 ], [ 77.193, 9.057 ], [ 77.181, 9.06 ], [ 77.177, 9.073 ], [ 77.165, 9.075 ], [ 77.156, 9.066 ], [ 77.144, 9.068 ], [ 77.14, 9.081 ], [ 77.128, 9.084 ], [ 77.119, 9.074 ], [ 77.107, 9.077 ], [ 77.098, 9.067 ], [ 77.086, 9.07 ], [ 77.082, 9.082 ], [ 77.07, 9.085 ], [ 77.061, 9.075 ], [ 77.049, 9.078 ], [ 77.045, 9.091 ], [ 77.033, 9.093 ], [ 77.024, 9.084 ], [ 77.028, 9.071 ], [ 77.02, 9.061 ], [ 77.024, 9.049 ], [ 77.015, 9.039 ], [ 77.019, 9.027 ], [ 77.032, 9.024 ], [ 77.035, 9.011 ], [ 77.048, 9.008 ], [ 77.052, 8.996 ], [ 77.043, 8.986 ], [ 77.047, 8.974 ], [ 77.06, 8.971 ], [ 77.064, 8.958 ], [ 77.055, 8.949 ], [ 77.059, 8.936 ], [ 77.072, 8.933 ], [ 77.075, 8.921 ], [ 77.088, 8.918 ], [ 77.092, 8.905 ], [ 77.104, 8.902 ], [ 77.108, 8.89 ], [ 77.1, 8.88 ], [ 77.104, 8.868 ], [ 77.095, 8.858 ], [ 77.099, 8.845 ], [ 77.091, 8.836 ], [ 77.095, 8.823 ], [ 77.107, 8.82 ], [ 77.115, 8.83 ], [ 77.128, 8.827 ], [ 77.132, 8.815 ], [ 77.144, 8.812 ], [ 77.148, 8.799 ], [ 77.16, 8.796 ], [ 77.164, 8.784 ], [ 77.177, 8.781 ], [ 77.185, 8.791 ], [ 77.181, 8.803 ], [ 77.19, 8.813 ], [ 77.186, 8.826 ], [ 77.173, 8.828 ], [ 77.169, 8.841 ], [ 77.157, 8.844 ], [ 77.153, 8.856 ], [ 77.141, 8.859 ], [ 77.132, 8.849 ], [ 77.12, 8.852 ], [ 77.116, 8.865 ], [ 77.124, 8.875 ], [ 77.137, 8.872 ], [ 77.145, 8.881 ], [ 77.158, 8.879 ], [ 77.162, 8.866 ], [ 77.174, 8.863 ], [ 77.178, 8.851 ], [ 77.19, 8.848 ], [ 77.199, 8.858 ], [ 77.211, 8.855 ], [ 77.215, 8.842 ], [ 77.227, 8.84 ], [ 77.236, 8.849 ], [ 77.232, 8.862 ], [ 77.219, 8.865 ], [ 77.215, 8.877 ], [ 77.203, 8.88 ], [ 77.199, 8.893 ], [ 77.208, 8.902 ], [ 77.204, 8.915 ], [ 77.191, 8.918 ], [ 77.187, 8.93 ], [ 77.175, 8.933 ], [ 77.171, 8.946 ], [ 77.179, 8.955 ], [ 77.192, 8.953 ], [ 77.2, 8.962 ], [ 77.196, 8.975 ], [ 77.184, 8.978 ], [ 77.18, 8.99 ], [ 77.168, 8.993 ], [ 77.164, 9.006 ], [ 77.172, 9.015 ], [ 77.168, 9.028 ], [ 77.177, 9.038 ] ] ] ] } },
{ "type": "Feature", "properties": { "POLYGON.ID": 383.0, "subregion": "India--Kerala--Kollam--Midlands", "POLYGON": "India--Kerala--Kollam--Midlands", "SHOW": "1", "FILTER": "India--Kerala--Foothills and Midlands(40 to 200m and 200 to 600m)", "FILTER.ID": "CL27581", "OLD.POLYGON": "1", "STATE": "Kerala", "COUNTY": "Kollam", "OWNER": null }, "geometry": { "type": "MultiPolygon", "coordinates": [ [ [ [ 76.864, 9.12 ], [ 76.855, 9.11 ], [ 76.859, 9.098 ], [ 76.871, 9.095 ], [ 76.875, 9.082 ], [ 76.867, 9.073 ], [ 76.871, 9.06 ], [ 76.863, 9.05 ], [ 76.867, 9.038 ], [ 76.858, 9.028 ], [ 76.862, 9.015 ], [ 76.854, 9.006 ], [ 76.841, 9.008 ], [ 76.837, 9.021 ], [ 76.825, 9.024 ], [ 76.821, 9.036 ], [ 76.83, 9.046 ], [ 76.842, 9.043 ], [ 76.85, 9.053 ], [ 76.846, 9.066 ], [ 76.834, 9.068 ], [ 76.83, 9.081 ], [ 76.818, 9.084 ], [ 76.809, 9.074 ], [ 76.797, 9.077 ], [ 76.789, 9.067 ], [ 76.793, 9.054 ], [ 76.784, 9.045 ], [ 76.788, 9.032 ], [ 76.8, 9.029 ], [ 76.804, 9.017 ], [ 76.796, 9.007 ], [ 76.784, 9.01 ], [ 76.78, 9.022 ], [ 76.767, 9.025 ], [ 76.763, 9.038 ], [ 76.751, 9.04 ], [ 76.747, 9.053 ], [ 76.735, 9.056 ], [ 76.726, 9.046 ], [ 76.73, 9.034 ], [ 76.722, 9.024 ], [ 76.726, 9.011 ], [ 76.718, 9.002 ], [ 76.705, 9.004 ], [ 76.697, 8.995 ], [ 76.701, 8.982 ], [ 76.693, 8.972 ], [ 76.696, 8.96 ], [ 76.709, 8.957 ], [ 76.717, 8.967 ], [ 76.729, 8.964 ], [ 76.733, 8.951 ], [ 76.746, 8.949 ], [ 76.754, 8.958 ], [ 76.766, 8.956 ], [ 76.77, 8.943 ], [ 76.762, 8.933 ], [ 76.766, 8.921 ], [ 76.758, 8.911 ], [ 76.762, 8.899 ], [ 76.774, 8.896 ], [ 76.778, 8.883 ], [ 76.79, 8.88 ], [ 76.794, 8.868 ], [ 76.806, 8.865 ], [ 76.81, 8.853 ], [ 76.802, 8.843 ], [ 76.79, 8.846 ], [ 76.786, 8.858 ], [ 76.773, 8.861 ], [ 76.765, 8.851 ], [ 76.769, 8.839 ], [ 76.761, 8.829 ], [ 76.748, 8.832 ], [ 76.744, 8.844 ], [ 76.732, 8.847 ], [ 76.724, 8.837 ], [ 76.728, 8.825 ], [ 76.719, 8.815 ], [ 76.723, 8.803 ], [ 76.735, 8.8 ], [ 76.744, 8.81 ], [ 76.756, 8.807 ], [ 76.764, 8.817 ], [ 76.777, 8.814 ], [ 76.785, 8.823 ], [ 76.797, 8.821 ], [ 76.806, 8.83 ], [ 76.818, 8.828 ], [ 76.827, 8.837 ], [ 76.839, 8.835 ], [ 76.843, 8.822 ], [ 76.855, 8.819 ], [ 76.864, 8.829 ], [ 76.876, 8.826 ], [ 76.88, 8.814 ], [ 76.892, 8.811 ], [ 76.901, 8.821 ], [ 76.913, 8.818 ], [ 76.917, 8.805 ], [ 76.929, 8.802 ], [ 76.933, 8.79 ], [ 76.925, 8.78 ], [ 76.929, 8.768 ], [ 76.941, 8.765 ], [ 76.949, 8.775 ], [ 76.962, 8.772 ], [ 76.97, 8.781 ], [ 76.982, 8.779 ], [ 76.991, 8.788 ], [ 77.003, 8.786 ], [ 77.012, 8.795 ], [ 77.008, 8.808 ], [ 77.016, 8.818 ], [ 77.012, 8.83 ], [ 77.021, 8.84 ], [ 77.033, 8.837 ], [ 77.041, 8.847 ], [ 77.054, 8.844 ], [ 77.062, 8.854 ], [ 77.074, 8.851 ], [ 77.078, 8.838 ], [ 77.091, 8.836 ], [ 77.099, 8.845 ], [ 77.095, 8.858 ], [ 77.104, 8.868 ], [ 77.1, 8.88 ], [ 77.108, 8.89 ], [ 77.104, 8.902 ], [ 77.092, 8.905 ], [ 77.088, 8.918 ], [ 77.075, 8.921 ], [ 77.072, 8.933 ], [ 77.059, 8.936 ], [ 77.055, 8.949 ], [ 77.064, 8.958 ], [ 77.06, 8.971 ], [ 77.047, 8.974 ], [ 77.043, 8.986 ], [ 77.052, 8.996 ], [ 77.048, 9.008 ], [ 77.035, 9.011 ], [ 77.032, 9.024 ], [ 77.019, 9.027 ], [ 77.015, 9.039 ], [ 77.024, 9.049 ], [ 77.02, 9.061 ], [ 77.028, 9.071 ], [ 77.024, 9.084 ], [ 77.033, 9.093 ], [ 77.045, 9.091 ], [ 77.049, 9.078 ], [ 77.061, 9.075 ], [ 77.07, 9.085 ], [ 77.082, 9.082 ], [ 77.086, 9.07 ], [ 77.098, 9.067 ], [ 77.107, 9.077 ], [ 77.119, 9.074 ], [ 77.128, 9.084 ], [ 77.14, 9.081 ], [ 77.144, 9.068 ], [ 77.156, 9.066 ], [ 77.165, 9.075 ], [ 77.161, 9.088 ], [ 77.148, 9.091 ], [ 77.144, 9.103 ], [ 77.132, 9.106 ], [ 77.128, 9.119 ], [ 77.116, 9.121 ], [ 77.107, 9.112 ], [ 77.095, 9.114 ], [ 77.091, 9.127 ], [ 77.079, 9.13 ], [ 77.07, 9.12 ], [ 77.058, 9.123 ], [ 77.054, 9.135 ], [ 77.041, 9.138 ], [ 77.033, 9.128 ], [ 77.021, 9.131 ], [ 77.017, 9.144 ], [ 77.004, 9.146 ], [ 76.996, 9.137 ], [ 76.984, 9.139 ], [ 76.98, 9.152 ], [ 76.967, 9.155 ], [ 76.963, 9.167 ], [ 76.951, 9.17 ], [ 76.943, 9.16 ], [ 76.93, 9.163 ], [ 76.922, 9.153 ], [ 76.926, 9.141 ], [ 76.938, 9.138 ], [ 76.942, 9.125 ], [ 76.934, 9.116 ], [ 76.921, 9.119 ], [ 76.917, 9.131 ], [ 76.905, 9.134 ], [ 76.897, 9.124 ], [ 76.884, 9.127 ], [ 76.876, 9.117 ], [ 76.864, 9.12 ] ] ] ] } },
{ "type": "Feature", "properties": { "POLYGON.ID": 384.0, "subregion": "India--Kerala--Kollam--Coast", "POLYGON": "India--Kerala--Kollam--Coast", "SHOW": "1", "FILTER": "India--Kerala--Coast (0 to 40m)", "FILTER.ID": "CL30086", "OLD.POLYGON": "1", "STATE": "Kerala", "COUNTY": "Kollam", "OWNER": null }, "geometry": { "type": "MultiPolygon", "coordinates": [ [ [ [ 76.493, 9.133 ], [ 76.481, 9.136 ], [ 76.473, 9.126 ], [ 76.46, 9.129 ], [ 76.452, 9.119 ], [ 76.456, 9.107 ], [ 76.468, 9.104 ], [ 76.472, 9.092 ], [ 76.464, 9.082 ], [ 76.468, 9.069 ], [ 76.459, 9.06 ], [ 76.463, 9.047 ], [ 76.476, 9.044 ], [ 76.48, 9.032 ], [ 76.492, 9.029 ], [ 76.496, 9.017 ], [ 76.508, 9.014 ], [ 76.512, 9.001 ], [ 76.504, 8.992 ], [ 76.508, 8.979 ], [ 76.52, 8.976 ], [ 76.524, 8.964 ], [ 76.515, 8.954 ], [ 76.519, 8.942 ], [ 76.511, 8.932 ], [ 76.515, 8.919 ], [ 76.527, 8.917 ], [ 76.531, 8.904 ], [ 76.523, 8.894 ], [ 76.527, 8.882 ], [ 76.539, 8.879 ], [ 76.543, 8.867 ], [ 76.555, 8.864 ], [ 76.559, 8.851 ], [ 76.572, 8.849 ], [ 76.58, 8.858 ], [ 76.592, 8.856 ], [ 76.596, 8.843 ], [ 76.608, 8.84 ], [ 76.612, 8.828 ], [ 76.625, 8.825 ], [ 76.629, 8.812 ], [ 76.62, 8.803 ], [ 76.624, 8.79 ], [ 76.637, 8.787 ], [ 76.64, 8.775 ], [ 76.653, 8.772 ], [ 76.661, 8.782 ], [ 76.673, 8.779 ], [ 76.682, 8.789 ], [ 76.678, 8.801 ], [ 76.666, 8.804 ], [ 76.662, 8.817 ], [ 76.649, 8.819 ], [ 76.645, 8.832 ], [ 76.654, 8.842 ], [ 76.65, 8.854 ], [ 76.637, 8.857 ], [ 76.634, 8.869 ], [ 76.621, 8.872 ], [ 76.617, 8.885 ], [ 76.605, 8.887 ], [ 76.597, 8.878 ], [ 76.584, 8.881 ], [ 76.58, 8.893 ], [ 76.568, 8.896 ], [ 76.564, 8.908 ], [ 76.552, 8.911 ], [ 76.548, 8.924 ], [ 76.556, 8.933 ], [ 76.552, 8.946 ], [ 76.54, 8.949 ], [ 76.536, 8.961 ], [ 76.544, 8.971 ], [ 76.54, 8.983 ], [ 76.549, 8.993 ], [ 76.545, 9.006 ], [ 76.533, 9.008 ], [ 76.529, 9.021 ], [ 76.537, 9.031 ], [ 76.533, 9.043 ], [ 76.521, 9.046 ], [ 76.517, 9.058 ], [ 76.505, 9.061 ], [ 76.501, 9.074 ], [ 76.509, 9.083 ], [ 76.505, 9.096 ], [ 76.493, 9.099 ], [ 76.489, 9.111 ], [ 76.497, 9.121 ], [ 76.493, 9.133 ] ] ] ] } },
{ "type": "Feature", "properties": { "POLYGON.ID": 385.0, "subregion": "India--Kerala--Kollam--Plains", "POLYGON": "India--Kerala--Kollam--Plains", "SHOW": "1", "FILTER": "India--Kerala--Coast (0 to 40m)", "FILTER.ID": "CL30086", "OLD.POLYGON": "1", "STATE": "Kerala", "COUNTY": "Kollam", "OWNER": null }, "geometry": { "type": "MultiPolygon", "coordinates": [ [ [ [ 76.818, 9.084 ], [ 76.83, 9.081 ], [ 76.834, 9.068 ], [ 76.846, 9.066 ], [ 76.85, 9.053 ], [ 76.842, 9.043 ], [ 76.83, 9.046 ], [ 76.821, 9.036 ], [ 76.825, 9.024 ], [ 76.837, 9.021 ], [ 76.841, 9.008 ], [ 76.854, 9.006 ], [ 76.862, 9.015 ], [ 76.858, 9.028 ], [ 76.867, 9.038 ], [ 76.863, 9.05 ], [ 76.871, 9.06 ], [ 76.867, 9.073 ], [ 76.875, 9.082 ], [ 76.871, 9.095 ], [ 76.859, 9.098 ], [ 76.855, 9.11 ], [ 76.843, 9.113 ], [ 76.834, 9.103 ], [ 76.822, 9.106 ], [ 76.814, 9.096 ], [ 76.801, 9.099 ], [ 76.797, 9.111 ], [ 76.785, 9.114 ], [ 76.777, 9.104 ], [ 76.781, 9.092 ], [ 76.772, 9.082 ], [ 76.76, 9.085 ], [ 76.752, 9.075 ], [ 76.739, 9.078 ], [ 76.735, 9.091 ], [ 76.723, 9.093 ], [ 76.715, 9.084 ], [ 76.702, 9.086 ], [ 76.698, 9.099 ], [ 76.686, 9.102 ], [ 76.682, 9.114 ], [ 76.67, 9.117 ], [ 76.666, 9.129 ], [ 76.674, 9.139 ], [ 76.67, 9.152 ], [ 76.658, 9.154 ], [ 76.65, 9.145 ], [ 76.637, 9.147 ], [ 76.629, 9.138 ], [ 76.617, 9.14 ], [ 76.608, 9.131 ], [ 76.596, 9.134 ], [ 76.588, 9.124 ], [ 76.575, 9.127 ], [ 76.567, 9.117 ], [ 76.555, 9.12 ], [ 76.551, 9.132 ], [ 76.538, 9.135 ], [ 76.53, 9.125 ], [ 76.518, 9.128 ], [ 76.509, 9.118 ], [ 76.497, 9.121 ], [ 76.489, 9.111 ], [ 76.493, 9.099 ], [ 76.505, 9.096 ], [ 76.509, 9.083 ], [ 76.501, 9.074 ], [ 76.505, 9.061 ], [ 76.517, 9.058 ], [ 76.521, 9.046 ], [ 76.533, 9.043 ], [ 76.537, 9.031 ], [ 76.529, 9.021 ], [ 76.533, 9.008 ], [ 76.545, 9.006 ], [ 76.549, 8.993 ], [ 76.54, 8.983 ], [ 76.544, 8.971 ], [ 76.536, 8.961 ], [ 76.54, 8.949 ], [ 76.552, 8.946 ], [ 76.556, 8.933 ], [ 76.548, 8.924 ], [ 76.552, 8.911 ], [ 76.564, 8.908 ], [ 76.568, 8.896 ], [ 76.58, 8.893 ], [ 76.584, 8.881 ], [ 76.597, 8.878 ], [ 76.605, 8.887 ], [ 76.617, 8.885 ], [ 76.621, 8.872 ], [ 76.634, 8.869 ], [ 76.637, 8.857 ], [ 76.65, 8.854 ], [ 76.654, 8.842 ], [ 76.645, 8.832 ], [ 76.649, 8.819 ], [ 76.662, 8.817 ], [ 76.666, 8.804 ], [ 76.678, 8.801 ], [ 76.682, 8.789 ], [ 76.694, 8.786 ], [ 76.702, 8.796 ], [ 76.715, 8.793 ], [ 76.723, 8.803 ], [ 76.719, 8.815 ], [ 76.728, 8.825 ], [ 76.724, 8.837 ], [ 76.732, 8.847 ], [ 76.744, 8.844 ], [ 76.748, 8.832 ], [ 76.761, 8.829 ], [ 76.769, 8.839 ], [ 76.765, 8.851 ], [ 76.773, 8.861 ], [ 76.786, 8.858 ], [ 76.79, 8.846 ], [ 76.802, 8.843 ], [ 76.81, 8.853 ], [ 76.806, 8.865 ], [ 76.794, 8.868 ], [ 76.79, 8.88 ], [ 76.778, 8.883 ], [ 76.774, 8.896 ], [ 76.762, 8.899 ], [ 76.758, 8.911 ], [ 76.766, 8.921 ], [ 76.762, 8.933 ], [ 76.77, 8.943 ], [ 76.766, 8.956 ], [ 76.754, 8.958 ], [ 76.746, 8.949 ], [ 76.733, 8.951 ], [ 76.729, 8.964 ], [ 76.717, 8.967 ], [ 76.709, 8.957 ], [ 76.696, 8.96 ], [ 76.693, 8.972 ], [ 76.701, 8.982 ], [ 76.697, 8.995 ], [ 76.705, 9.004 ], [ 76.718, 9.002 ], [ 76.726, 9.011 ], [ 76.722, 9.024 ], [ 76.73, 9.034 ], [ 76.726, 9.046 ], [ 76.735, 9.056 ], [ 76.747, 9.053 ], [ 76.751, 9.04 ], [ 76.763, 9.038 ], [ 76.767, 9.025 ], [ 76.78, 9.022 ], [ 76.784, 9.01 ], [ 76.796, 9.007 ], [ 76.804, 9.017 ], [ 76.8, 9.029 ], [ 76.788, 9.032 ], [ 76.784, 9.045 ], [ 76.793, 9.054 ], [ 76.789, 9.067 ], [ 76.797, 9.077 ], [ 76.809, 9.074 ], [ 76.818, 9.084 ] ] ] ] } },
{ "type": "Feature", "properties": { "POLYGON.ID": 388.0, "subregion": "India--Kerala--Idukki--Periyar TR mountains", "POLYGON": "India--Kerala--Idukki--Periyar TR mountains", "SHOW": "1", "FILTER": "India--Kerala--Southern and Northern Mountains(Above 1200m)", "FILTER.ID": "CL27579", "OLD.POLYGON": "1", "STATE": "Kerala", "COUNTY": "Idukki", "OWNER": null }, "geometry": { "type": "MultiPolygon", "coordinates": [ [ [ [ 77.305, 9.324 ], [ 77.314, 9.333 ], [ 77.326, 9.331 ], [ 77.335, 9.34 ], [ 77.331, 9.353 ], [ 77.339, 9.363 ], [ 77.335, 9.375 ], [ 77.344, 9.385 ], [ 77.34, 9.398 ], [ 77.348, 9.407 ], [ 77.344, 9.42 ], [ 77.353, 9.43 ], [ 77.349, 9.442 ], [ 77.357, 9.452 ], [ 77.37, 9.449 ], [ 77.378, 9.459 ], [ 77.391, 9.456 ], [ 77.399, 9.466 ], [ 77.395, 9.479 ], [ 77.403, 9.489 ], [ 77.416, 9.486 ], [ 77.424, 9.496 ], [ 77.42, 9.508 ], [ 77.429, 9.518 ], [ 77.425, 9.531 ], [ 77.413, 9.533 ], [ 77.409, 9.546 ], [ 77.396, 9.549 ], [ 77.388, 9.539 ], [ 77.375, 9.542 ], [ 77.371, 9.554 ], [ 77.38, 9.564 ], [ 77.376, 9.577 ], [ 77.384, 9.586 ], [ 77.38, 9.599 ], [ 77.368, 9.602 ], [ 77.364, 9.614 ], [ 77.351, 9.617 ], [ 77.343, 9.607 ], [ 77.331, 9.61 ], [ 77.322, 9.6 ], [ 77.31, 9.603 ], [ 77.301, 9.593 ], [ 77.289, 9.596 ], [ 77.28, 9.586 ], [ 77.284, 9.574 ], [ 77.297, 9.571 ], [ 77.301, 9.558 ], [ 77.313, 9.555 ], [ 77.317, 9.543 ], [ 77.329, 9.54 ], [ 77.338, 9.55 ], [ 77.35, 9.547 ], [ 77.354, 9.535 ], [ 77.367, 9.532 ], [ 77.371, 9.519 ], [ 77.383, 9.516 ], [ 77.387, 9.504 ], [ 77.379, 9.494 ], [ 77.383, 9.482 ], [ 77.374, 9.472 ], [ 77.362, 9.475 ], [ 77.353, 9.465 ], [ 77.341, 9.468 ], [ 77.332, 9.458 ], [ 77.336, 9.445 ], [ 77.328, 9.435 ], [ 77.332, 9.423 ], [ 77.323, 9.413 ], [ 77.327, 9.4 ], [ 77.319, 9.391 ], [ 77.323, 9.378 ], [ 77.314, 9.368 ], [ 77.302, 9.371 ], [ 77.293, 9.361 ], [ 77.297, 9.349 ], [ 77.289, 9.339 ], [ 77.293, 9.326 ], [ 77.284, 9.317 ], [ 77.272, 9.319 ], [ 77.268, 9.332 ], [ 77.277, 9.342 ], [ 77.273, 9.354 ], [ 77.26, 9.357 ], [ 77.256, 9.37 ], [ 77.265, 9.379 ], [ 77.277, 9.377 ], [ 77.286, 9.386 ], [ 77.282, 9.399 ], [ 77.29, 9.409 ], [ 77.286, 9.421 ], [ 77.295, 9.431 ], [ 77.291, 9.444 ], [ 77.278, 9.447 ], [ 77.27, 9.437 ], [ 77.257, 9.439 ], [ 77.249, 9.43 ], [ 77.236, 9.432 ], [ 77.233, 9.445 ], [ 77.241, 9.455 ], [ 77.237, 9.467 ], [ 77.225, 9.47 ], [ 77.221, 9.483 ], [ 77.208, 9.485 ], [ 77.2, 9.476 ], [ 77.187, 9.478 ], [ 77.179, 9.469 ], [ 77.183, 9.456 ], [ 77.195, 9.453 ], [ 77.199, 9.441 ], [ 77.212, 9.438 ], [ 77.216, 9.425 ], [ 77.228, 9.423 ], [ 77.232, 9.41 ], [ 77.244, 9.407 ], [ 77.248, 9.395 ], [ 77.24, 9.385 ], [ 77.244, 9.372 ], [ 77.235, 9.363 ], [ 77.239, 9.35 ], [ 77.231, 9.34 ], [ 77.235, 9.328 ], [ 77.226, 9.318 ], [ 77.23, 9.305 ], [ 77.243, 9.303 ], [ 77.247, 9.29 ], [ 77.259, 9.287 ], [ 77.263, 9.275 ], [ 77.275, 9.272 ], [ 77.284, 9.282 ], [ 77.296, 9.279 ], [ 77.305, 9.289 ], [ 77.301, 9.301 ], [ 77.309, 9.311 ], [ 77.305, 9.324 ] ] ] ] } },
{ "type": "Feature", "properties": { "POLYGON.ID": 389.0, "subregion": "India--Kerala--Pathanamthitta--Mountains", "POLYGON": "India--Kerala--Pathanamthitta--Mountains", "SHOW": "1", "FILTER": "India--Kerala--Southern and Northern Mountains(Above 1200m)", "FILTER.ID": "CL27579", "OLD.POLYGON": "1", "STATE": "Kerala", "COUNTY": "Pathanamthitta", "OWNER": null }, "geometry": { "type": "MultiPolygon", "coordinates": [ [ [ [ 77.255, 9.265 ], [ 77.259, 9.252 ], [ 77.25, 9.243 ], [ 77.254, 9.23 ], [ 77.246, 9.22 ], [ 77.233, 9.223 ], [ 77.225, 9.213 ], [ 77.212, 9.216 ], [ 77.208, 9.229 ], [ 77.196, 9.232 ], [ 77.188, 9.222 ], [ 77.192, 9.209 ], [ 77.183, 9.199 ], [ 77.187, 9.187 ], [ 77.199, 9.184 ], [ 77.208, 9.194 ], [ 77.22, 9.191 ], [ 77.229, 9.201 ], [ 77.241, 9.198 ], [ 77.245, 9.185 ], [ 77.257, 9.183 ], [ 77.266, 9.192 ], [ 77.278, 9.19 ], [ 77.287, 9.199 ], [ 77.283, 9.212 ], [ 77.291, 9.222 ], [ 77.287, 9.234 ], [ 77.296, 9.244 ], [ 77.292, 9.257 ], [ 77.3, 9.266 ], [ 77.296, 9.279 ], [ 77.284, 9.282 ], [ 77.275, 9.272 ], [ 77.263, 9.275 ], [ 77.259, 9.287 ], [ 77.247, 9.29 ], [ 77.243, 9.303 ], [ 77.23, 9.305 ], [ 77.226, 9.318 ], [ 77.235, 9.328 ], [ 77.231, 9.34 ], [ 77.239, 9.35 ], [ 77.235, 9.363 ], [ 77.244, 9.372 ], [ 77.24, 9.385 ], [ 77.248, 9.395 ], [ 77.244, 9.407 ], [ 77.232, 9.41 ], [ 77.228, 9.423 ], [ 77.216, 9.425 ], [ 77.212, 9.438 ], [ 77.199, 9.441 ], [ 77.195, 9.453 ], [ 77.183, 9.456 ], [ 77.179, 9.469 ], [ 77.167, 9.471 ], [ 77.158, 9.462 ], [ 77.162, 9.449 ], [ 77.174, 9.446 ], [ 77.178, 9.434 ], [ 77.191, 9.431 ], [ 77.195, 9.418 ], [ 77.207, 9.416 ], [ 77.211, 9.403 ], [ 77.224, 9.4 ], [ 77.227, 9.388 ], [ 77.219, 9.378 ], [ 77.223, 9.365 ], [ 77.215, 9.356 ], [ 77.219, 9.343 ], [ 77.21, 9.333 ], [ 77.214, 9.321 ], [ 77.206, 9.311 ], [ 77.21, 9.298 ], [ 77.201, 9.289 ], [ 77.205, 9.276 ], [ 77.217, 9.273 ], [ 77.226, 9.283 ], [ 77.238, 9.28 ], [ 77.242, 9.268 ], [ 77.255, 9.265 ] ] ] ] } },
{ "type": "Feature", "properties": { "POLYGON.ID": 390.0, "subregion": "India--Kerala--Pathanamthitta--High Ranges", "POLYGON": "India--Kerala--Pathanamthitta--High Ranges", "SHOW": "1", "FILTER": "India--Kerala--High Ranges(600 to 1200m)", "FILTER.ID": "CL27582", "OLD.POLYGON": "1", "STATE": "Kerala", "COUNTY": "Pathanamthitta", "OWNER": null }, "geometry": { "type": "MultiPolygon", "coordinates": [ [ [ [ 77.129, 9.188 ], [ 77.142, 9.185 ], [ 77.145, 9.173 ], [ 77.158, 9.17 ], [ 77.166, 9.18 ], [ 77.179, 9.177 ], [ 77.183, 9.165 ], [ 77.195, 9.162 ], [ 77.199, 9.149 ], [ 77.211, 9.146 ], [ 77.215, 9.134 ], [ 77.207, 9.124 ], [ 77.211, 9.112 ], [ 77.223, 9.109 ], [ 77.227, 9.096 ], [ 77.24, 9.093 ], [ 77.248, 9.103 ], [ 77.244, 9.116 ], [ 77.252, 9.125 ], [ 77.265, 9.123 ], [ 77.273, 9.132 ], [ 77.269, 9.145 ], [ 77.278, 9.155 ], [ 77.274, 9.167 ], [ 77.282, 9.177 ], [ 77.278, 9.19 ], [ 77.266, 9.192 ], [ 77.257, 9.183 ], [ 77.245, 9.185 ], [ 77.241, 9.198 ], [ 77.229, 9.201 ], [ 77.22, 9.191 ], [ 77.208, 9.194 ], [ 77.199, 9.184 ], [ 77.187, 9.187 ], [ 77.183, 9.199 ], [ 77.192, 9.209 ], [ 77.188, 9.222 ], [ 77.196, 9.232 ], [ 77.208, 9.229 ], [ 77.212, 9.216 ], [ 77.225, 9.213 ], [ 77.233, 9.223 ], [ 77.246, 9.22 ], [ 77.254, 9.23 ], [ 77.25, 9.243 ], [ 77.259, 9.252 ], [ 77.255, 9.265 ], [ 77.242, 9.268 ], [ 77.238, 9.28 ], [ 77.226, 9.283 ], [ 77.217, 9.273 ], [ 77.205, 9.276 ], [ 77.201, 9.289 ], [ 77.21, 9.298 ], [ 77.206, 9.311 ], [ 77.214, 9.321 ], [ 77.21, 9.333 ], [ 77.219, 9.343 ], [ 77.215, 9.356 ], [ 77.223, 9.365 ], [ 77.219, 9.378 ], [ 77.227, 9.388 ], [ 77.224, 9.4 ], [ 77.211, 9.403 ], [ 77.207, 9.416 ], [ 77.195, 9.418 ], [ 77.191, 9.431 ], [ 77.178, 9.434 ], [ 77.174, 9.446 ], [ 77.162, 9.449 ], [ 77.158, 9.462 ], [ 77.146, 9.464 ], [ 77.137, 9.455 ], [ 77.125, 9.457 ], [ 77.121, 9.47 ], [ 77.109, 9.473 ], [ 77.1, 9.463 ], [ 77.088, 9.466 ], [ 77.079, 9.456 ], [ 77.083, 9.443 ], [ 77.096, 9.441 ], [ 77.104, 9.45 ], [ 77.116, 9.448 ], [ 77.12, 9.435 ], [ 77.112, 9.425 ], [ 77.116, 9.413 ], [ 77.128, 9.41 ], [ 77.132, 9.397 ], [ 77.124, 9.388 ], [ 77.111, 9.39 ], [ 77.103, 9.381 ], [ 77.091, 9.383 ], [ 77.082, 9.374 ], [ 77.086, 9.361 ], [ 77.099, 9.358 ], [ 77.103, 9.346 ], [ 77.094, 9.336 ], [ 77.098, 9.323 ], [ 77.09, 9.314 ], [ 77.094, 9.301 ], [ 77.085, 9.291 ], [ 77.073, 9.294 ], [ 77.064, 9.284 ], [ 77.052, 9.287 ], [ 77.044, 9.277 ], [ 77.047, 9.265 ], [ 77.06, 9.262 ], [ 77.064, 9.25 ], [ 77.076, 9.247 ], [ 77.08, 9.234 ], [ 77.093, 9.231 ], [ 77.096, 9.219 ], [ 77.109, 9.216 ], [ 77.113, 9.204 ], [ 77.125, 9.201 ], [ 77.129, 9.188 ] ] ] ] } },
{ "type": "Feature", "properties": { "POLYGON.ID": 440.0, "subregion": "India--Kerala--Wayanad--Vellarimala Sky Island", "POLYGON": "India--Kerala--Wayanad--Vellarimala Sky Island", "SHOW": "1", "FILTER": "India--Kerala--Southern and Northern Mountains(Above 1200m)", "FILTER.ID": "CL27579", "OLD.POLYGON": "1", "STATE": "Kerala", "COUNTY": "Wayanad", "OWNER": null }, "geometry": { "type": "MultiPolygon", "coordinates": [ [ [ [ 76.09, 11.482 ], [ 76.094, 11.47 ], [ 76.106, 11.467 ], [ 76.115, 11.477 ], [ 76.127, 11.475 ], [ 76.131, 11.462 ], [ 76.123, 11.452 ], [ 76.127, 11.44 ], [ 76.118, 11.43 ], [ 76.106, 11.433 ], [ 76.098, 11.423 ], [ 76.102, 11.41 ], [ 76.093, 11.401 ], [ 76.097, 11.388 ], [ 76.11, 11.386 ], [ 76.118, 11.395 ], [ 76.13, 11.393 ], [ 76.134, 11.38 ], [ 76.147, 11.378 ], [ 76.155, 11.388 ], [ 76.151, 11.4 ], [ 76.159, 11.41 ], [ 76.155, 11.422 ], [ 76.164, 11.432 ], [ 76.16, 11.445 ], [ 76.168, 11.454 ], [ 76.164, 11.467 ], [ 76.152, 11.469 ], [ 76.148, 11.482 ], [ 76.136, 11.484 ], [ 76.132, 11.497 ], [ 76.119, 11.499 ], [ 76.115, 11.512 ], [ 76.103, 11.514 ], [ 76.099, 11.527 ], [ 76.107, 11.537 ], [ 76.103, 11.549 ], [ 76.091, 11.552 ], [ 76.083, 11.542 ], [ 76.07, 11.544 ], [ 76.062, 11.534 ], [ 76.066, 11.522 ], [ 76.058, 11.512 ], [ 76.062, 11.5 ], [ 76.074, 11.497 ], [ 76.078, 11.485 ], [ 76.09, 11.482 ] ] ] ] } },
{ "type": "Feature", "properties": { "POLYGON.ID": 439.0, "subregion": "India--Kerala--Kozhikode--High Ranges (north)", "POLYGON": "India--Kerala--Kozhikode--High Ranges (north)", "SHOW": "1", "FILTER": "India--Kerala--High Ranges(600 to 1200m)", "FILTER.ID": "CL27582", "OLD.POLYGON": "1", "STATE": "Kerala", "COUNTY": "Kozhikode", "OWNER": null }, "geometry": { "type": "MultiPolygon", "coordinates": [ [ [ [ 75.801, 11.739 ], [ 75.797, 11.751 ], [ 75.785, 11.754 ], [ 75.776, 11.744 ], [ 75.764, 11.746 ], [ 75.756, 11.736 ], [ 75.76, 11.724 ], [ 75.772, 11.721 ], [ 75.78, 11.731 ], [ 75.793, 11.729 ], [ 75.797, 11.716 ], [ 75.809, 11.714 ], [ 75.813, 11.702 ], [ 75.825, 11.699 ], [ 75.829, 11.687 ], [ 75.841, 11.684 ], [ 75.845, 11.672 ], [ 75.858, 11.669 ], [ 75.862, 11.657 ], [ 75.874, 11.654 ], [ 75.878, 11.642 ], [ 75.87, 11.632 ], [ 75.874, 11.62 ], [ 75.886, 11.617 ], [ 75.89, 11.605 ], [ 75.882, 11.595 ], [ 75.886, 11.582 ], [ 75.898, 11.58 ], [ 75.902, 11.568 ], [ 75.914, 11.565 ], [ 75.918, 11.553 ], [ 75.91, 11.543 ], [ 75.914, 11.53 ], [ 75.926, 11.528 ], [ 75.934, 11.538 ], [ 75.947, 11.535 ], [ 75.951, 11.523 ], [ 75.963, 11.52 ], [ 75.971, 11.53 ], [ 75.984, 11.528 ], [ 75.992, 11.537 ], [ 75.988, 11.55 ], [ 75.976, 11.552 ], [ 75.972, 11.565 ], [ 75.959, 11.567 ], [ 75.955, 11.58 ], [ 75.943, 11.582 ], [ 75.939, 11.595 ], [ 75.927, 11.597 ], [ 75.919, 11.587 ], [ 75.906, 11.59 ], [ 75.902, 11.602 ], [ 75.911, 11.612 ], [ 75.907, 11.624 ], [ 75.894, 11.627 ], [ 75.89, 11.639 ], [ 75.899, 11.649 ], [ 75.895, 11.662 ], [ 75.903, 11.671 ], [ 75.899, 11.684 ], [ 75.887, 11.686 ], [ 75.883, 11.699 ], [ 75.87, 11.701 ], [ 75.862, 11.691 ], [ 75.85, 11.694 ], [ 75.846, 11.706 ], [ 75.834, 11.709 ], [ 75.83, 11.721 ], [ 75.817, 11.724 ], [ 75.813, 11.736 ], [ 75.801, 11.739 ] ] ] ] } },
{ "type": "Feature", "properties": { "POLYGON.ID": 438.0, "subregion": "India--Kerala--Wayanad--Banasura Sky Island", "POLYGON": "India--Kerala--Wayanad--Banasura Sky Island", "SHOW": "1", "FILTER": "India--Kerala--Southern and Northern Mountains(Above 1200m)", "FILTER.ID": "CL27579", "OLD.POLYGON": "1", "STATE": "Kerala", "COUNTY": "Wayanad", "OWNER": null }, "geometry": { "type": "MultiPolygon", "coordinates": [ [ [ [ 75.866, 11.714 ], [ 75.87, 11.701 ], [ 75.883, 11.699 ], [ 75.887, 11.686 ], [ 75.899, 11.684 ], [ 75.903, 11.671 ], [ 75.895, 11.662 ], [ 75.899, 11.649 ], [ 75.911, 11.647 ], [ 75.919, 11.657 ], [ 75.915, 11.669 ], [ 75.924, 11.679 ], [ 75.92, 11.691 ], [ 75.928, 11.701 ], [ 75.924, 11.713 ], [ 75.912, 11.716 ], [ 75.903, 11.706 ], [ 75.891, 11.709 ], [ 75.887, 11.721 ], [ 75.875, 11.723 ], [ 75.866, 11.714 ] ] ] ] } },
{ "type": "Feature", "properties": { "POLYGON.ID": 437.0, "subregion": "India--Kerala--Kozhikode--Midlands", "POLYGON": "India--Kerala--Kozhikode--Midlands", "SHOW": "1", "FILTER": "India--Kerala--Foothills and Midlands(40 to 200m and 200 to 600m)", "FILTER.ID": "CL27581", "OLD.POLYGON": "1", "STATE": "Kerala", "COUNTY": "Kozhikode", "OWNER": null }, "geometry": { "type": "MultiPolygon", "coordinates": [ [ [ [ 75.758, 11.551 ], [ 75.762, 11.539 ], [ 75.754, 11.529 ], [ 75.758, 11.516 ], [ 75.749, 11.507 ], [ 75.753, 11.494 ], [ 75.766, 11.492 ], [ 75.769, 11.479 ], [ 75.782, 11.477 ], [ 75.786, 11.464 ], [ 75.777, 11.455 ], [ 75.781, 11.442 ], [ 75.773, 11.432 ], [ 75.777, 11.42 ], [ 75.769, 11.41 ], [ 75.773, 11.398 ], [ 75.764, 11.388 ], [ 75.768, 11.376 ], [ 75.781, 11.373 ], [ 75.785, 11.361 ], [ 75.797, 11.358 ], [ 75.805, 11.368 ], [ 75.818, 11.365 ], [ 75.821, 11.353 ], [ 75.834, 11.35 ], [ 75.838, 11.338 ], [ 75.85, 11.335 ], [ 75.854, 11.323 ], [ 75.866, 11.321 ], [ 75.87, 11.308 ], [ 75.883, 11.306 ], [ 75.886, 11.293 ], [ 75.899, 11.291 ], [ 75.907, 11.3 ], [ 75.919, 11.298 ], [ 75.923, 11.285 ], [ 75.936, 11.283 ], [ 75.944, 11.293 ], [ 75.956, 11.29 ], [ 75.96, 11.278 ], [ 75.973, 11.275 ], [ 75.977, 11.263 ], [ 75.989, 11.26 ], [ 75.993, 11.248 ], [ 76.005, 11.245 ], [ 76.013, 11.255 ], [ 76.026, 11.253 ], [ 76.034, 11.262 ], [ 76.046, 11.26 ], [ 76.055, 11.27 ], [ 76.067, 11.267 ], [ 76.075, 11.277 ], [ 76.071, 11.289 ], [ 76.08, 11.299 ], [ 76.076, 11.312 ], [ 76.084, 11.321 ], [ 76.08, 11.334 ], [ 76.068, 11.336 ], [ 76.064, 11.349 ], [ 76.072, 11.359 ], [ 76.068, 11.371 ], [ 76.056, 11.374 ], [ 76.052, 11.386 ], [ 76.06, 11.396 ], [ 76.056, 11.408 ], [ 76.065, 11.418 ], [ 76.061, 11.43 ], [ 76.048, 11.433 ], [ 76.044, 11.445 ], [ 76.032, 11.448 ], [ 76.028, 11.46 ], [ 76.036, 11.47 ], [ 76.033, 11.483 ], [ 76.02, 11.485 ], [ 76.016, 11.498 ], [ 76.004, 11.5 ], [ 76.0, 11.513 ], [ 75.988, 11.515 ], [ 75.979, 11.505 ], [ 75.967, 11.508 ], [ 75.959, 11.498 ], [ 75.946, 11.501 ], [ 75.938, 11.491 ], [ 75.926, 11.493 ], [ 75.922, 11.506 ], [ 75.909, 11.508 ], [ 75.901, 11.498 ], [ 75.889, 11.501 ], [ 75.88, 11.491 ], [ 75.868, 11.494 ], [ 75.86, 11.484 ], [ 75.848, 11.486 ], [ 75.844, 11.499 ], [ 75.831, 11.501 ], [ 75.827, 11.514 ], [ 75.836, 11.523 ], [ 75.848, 11.521 ], [ 75.856, 11.531 ], [ 75.869, 11.528 ], [ 75.877, 11.538 ], [ 75.889, 11.535 ], [ 75.898, 11.545 ], [ 75.894, 11.558 ], [ 75.881, 11.56 ], [ 75.877, 11.573 ], [ 75.865, 11.575 ], [ 75.861, 11.588 ], [ 75.869, 11.597 ], [ 75.865, 11.61 ], [ 75.853, 11.612 ], [ 75.849, 11.625 ], [ 75.857, 11.635 ], [ 75.853, 11.647 ], [ 75.841, 11.649 ], [ 75.837, 11.662 ], [ 75.825, 11.664 ], [ 75.821, 11.677 ], [ 75.809, 11.679 ], [ 75.805, 11.692 ], [ 75.792, 11.694 ], [ 75.788, 11.707 ], [ 75.776, 11.709 ], [ 75.768, 11.699 ], [ 75.755, 11.702 ], [ 75.751, 11.714 ], [ 75.739, 11.717 ], [ 75.735, 11.729 ], [ 75.744, 11.739 ], [ 75.74, 11.751 ], [ 75.748, 11.761 ], [ 75.76, 11.759 ], [ 75.768, 11.768 ], [ 75.764, 11.781 ], [ 75.752, 11.783 ], [ 75.744, 11.773 ], [ 75.732, 11.776 ], [ 75.723, 11.766 ], [ 75.711, 11.769 ], [ 75.707, 11.781 ], [ 75.695, 11.784 ], [ 75.686, 11.774 ], [ 75.69, 11.761 ], [ 75.682, 11.751 ], [ 75.67, 11.754 ], [ 75.662, 11.744 ], [ 75.649, 11.747 ], [ 75.641, 11.737 ], [ 75.629, 11.739 ], [ 75.62, 11.729 ], [ 75.624, 11.717 ], [ 75.616, 11.707 ], [ 75.604, 11.71 ], [ 75.595, 11.7 ], [ 75.599, 11.688 ], [ 75.612, 11.685 ], [ 75.616, 11.673 ], [ 75.628, 11.67 ], [ 75.632, 11.658 ], [ 75.644, 11.655 ], [ 75.653, 11.665 ], [ 75.665, 11.663 ], [ 75.669, 11.65 ], [ 75.681, 11.648 ], [ 75.685, 11.635 ], [ 75.697, 11.633 ], [ 75.706, 11.643 ], [ 75.718, 11.64 ], [ 75.726, 11.65 ], [ 75.738, 11.647 ], [ 75.742, 11.635 ], [ 75.734, 11.625 ], [ 75.738, 11.613 ], [ 75.75, 11.61 ], [ 75.754, 11.598 ], [ 75.746, 11.588 ], [ 75.75, 11.576 ], [ 75.762, 11.573 ], [ 75.766, 11.561 ], [ 75.758, 11.551 ] ], [ [ 75.826, 11.41 ], [ 75.83, 11.397 ], [ 75.822, 11.388 ], [ 75.81, 11.39 ], [ 75.801, 11.38 ], [ 75.789, 11.383 ], [ 75.785, 11.395 ], [ 75.793, 11.405 ], [ 75.789, 11.417 ], [ 75.798, 11.427 ], [ 75.81, 11.425 ], [ 75.814, 11.412 ], [ 75.826, 11.41 ] ] ] ] } },
{ "type": "Feature", "properties": { "POLYGON.ID": 436.0, "subregion": "India--Kerala--Kozhikode--Ponkunnu", "POLYGON": "India--Kerala--Kozhikode--Ponkunnu", "SHOW": "1", "FILTER": "India--Kerala--Foothills and Midlands(40 to 200m and 200 to 600m)", "FILTER.ID": "CL27581", "OLD.POLYGON": "1", "STATE": "Kerala", "COUNTY": "Kozhikode", "OWNER": null }, "geometry": { "type": "MultiPolygon", "coordinates": [ [ [ [ 75.83, 11.397 ], [ 75.826, 11.41 ], [ 75.814, 11.412 ], [ 75.81, 11.425 ], [ 75.798, 11.427 ], [ 75.789, 11.417 ], [ 75.793, 11.405 ], [ 75.785, 11.395 ], [ 75.789, 11.383 ], [ 75.801, 11.38 ], [ 75.81, 11.39 ], [ 75.822, 11.388 ], [ 75.83, 11.397 ] ] ] ] } },
{ "type": "Feature", "properties": { "POLYGON.ID": 435.0, "subregion": "India--Kerala--Kannur--Plains", "POLYGON": "India--Kerala--Kannur--Plains", "SHOW": "1", "FILTER": "India--Kerala--Coast (0 to 40m)", "FILTER.ID": "CL30086", "OLD.POLYGON": "1", "STATE": "Kerala", "COUNTY": "Kannur", "OWNER": null }, "geometry": { "type": "MultiPolygon", "coordinates": [ [ [ [ 75.591, 12.036 ], [ 75.587, 12.048 ], [ 75.574, 12.05 ], [ 75.57, 12.063 ], [ 75.558, 12.065 ], [ 75.55, 12.055 ], [ 75.538, 12.058 ], [ 75.529, 12.048 ], [ 75.517, 12.05 ], [ 75.509, 12.041 ], [ 75.496, 12.043 ], [ 75.493, 12.055 ], [ 75.48, 12.058 ], [ 75.472, 12.048 ], [ 75.476, 12.036 ], [ 75.468, 12.026 ], [ 75.455, 12.028 ], [ 75.451, 12.041 ], [ 75.439, 12.043 ], [ 75.431, 12.033 ], [ 75.419, 12.036 ], [ 75.41, 12.026 ], [ 75.398, 12.028 ], [ 75.394, 12.041 ], [ 75.402, 12.051 ], [ 75.398, 12.063 ], [ 75.386, 12.065 ], [ 75.378, 12.056 ], [ 75.366, 12.058 ], [ 75.362, 12.07 ], [ 75.37, 12.08 ], [ 75.366, 12.093 ], [ 75.374, 12.102 ], [ 75.387, 12.1 ], [ 75.395, 12.11 ], [ 75.391, 12.122 ], [ 75.379, 12.125 ], [ 75.37, 12.115 ], [ 75.358, 12.117 ], [ 75.35, 12.107 ], [ 75.354, 12.095 ], [ 75.345, 12.085 ], [ 75.333, 12.088 ], [ 75.325, 12.078 ], [ 75.313, 12.08 ], [ 75.309, 12.093 ], [ 75.297, 12.095 ], [ 75.293, 12.107 ], [ 75.301, 12.117 ], [ 75.313, 12.115 ], [ 75.321, 12.125 ], [ 75.317, 12.137 ], [ 75.305, 12.139 ], [ 75.301, 12.152 ], [ 75.289, 12.154 ], [ 75.281, 12.144 ], [ 75.268, 12.147 ], [ 75.26, 12.137 ], [ 75.248, 12.139 ], [ 75.244, 12.152 ], [ 75.252, 12.161 ], [ 75.248, 12.174 ], [ 75.236, 12.176 ], [ 75.232, 12.189 ], [ 75.24, 12.198 ], [ 75.236, 12.211 ], [ 75.224, 12.213 ], [ 75.216, 12.203 ], [ 75.22, 12.191 ], [ 75.212, 12.181 ], [ 75.199, 12.184 ], [ 75.191, 12.174 ], [ 75.195, 12.161 ], [ 75.207, 12.159 ], [ 75.211, 12.147 ], [ 75.223, 12.144 ], [ 75.227, 12.132 ], [ 75.219, 12.122 ], [ 75.207, 12.125 ], [ 75.199, 12.115 ], [ 75.203, 12.102 ], [ 75.194, 12.093 ], [ 75.198, 12.08 ], [ 75.19, 12.07 ], [ 75.194, 12.058 ], [ 75.206, 12.056 ], [ 75.21, 12.043 ], [ 75.202, 12.033 ], [ 75.206, 12.021 ], [ 75.218, 12.019 ], [ 75.227, 12.029 ], [ 75.239, 12.026 ], [ 75.247, 12.036 ], [ 75.259, 12.033 ], [ 75.263, 12.021 ], [ 75.275, 12.019 ], [ 75.279, 12.006 ], [ 75.271, 11.997 ], [ 75.275, 11.984 ], [ 75.287, 11.982 ], [ 75.291, 11.969 ], [ 75.304, 11.967 ], [ 75.308, 11.955 ], [ 75.32, 11.952 ], [ 75.324, 11.94 ], [ 75.315, 11.93 ], [ 75.319, 11.918 ], [ 75.332, 11.915 ], [ 75.336, 11.903 ], [ 75.348, 11.9 ], [ 75.352, 11.888 ], [ 75.364, 11.886 ], [ 75.368, 11.873 ], [ 75.38, 11.871 ], [ 75.384, 11.858 ], [ 75.396, 11.856 ], [ 75.405, 11.866 ], [ 75.417, 11.863 ], [ 75.421, 11.851 ], [ 75.433, 11.848 ], [ 75.437, 11.836 ], [ 75.429, 11.826 ], [ 75.433, 11.814 ], [ 75.445, 11.811 ], [ 75.449, 11.799 ], [ 75.461, 11.797 ], [ 75.465, 11.784 ], [ 75.478, 11.782 ], [ 75.482, 11.769 ], [ 75.494, 11.767 ], [ 75.498, 11.755 ], [ 75.51, 11.752 ], [ 75.514, 11.74 ], [ 75.526, 11.737 ], [ 75.53, 11.725 ], [ 75.542, 11.722 ], [ 75.546, 11.71 ], [ 75.559, 11.707 ], [ 75.563, 11.695 ], [ 75.554, 11.685 ], [ 75.558, 11.673 ], [ 75.571, 11.67 ], [ 75.579, 11.68 ], [ 75.591, 11.678 ], [ 75.599, 11.688 ], [ 75.595, 11.7 ], [ 75.604, 11.71 ], [ 75.616, 11.707 ], [ 75.624, 11.717 ], [ 75.62, 11.729 ], [ 75.629, 11.739 ], [ 75.641, 11.737 ], [ 75.649, 11.747 ], [ 75.662, 11.744 ], [ 75.67, 11.754 ], [ 75.682, 11.751 ], [ 75.69, 11.761 ], [ 75.686, 11.774 ], [ 75.674, 11.776 ], [ 75.666, 11.766 ], [ 75.654, 11.769 ], [ 75.65, 11.781 ], [ 75.637, 11.784 ], [ 75.629, 11.774 ], [ 75.617, 11.776 ], [ 75.608, 11.767 ], [ 75.596, 11.769 ], [ 75.592, 11.781 ], [ 75.58, 11.784 ], [ 75.576, 11.796 ], [ 75.584, 11.806 ], [ 75.58, 11.818 ], [ 75.568, 11.821 ], [ 75.564, 11.833 ], [ 75.552, 11.836 ], [ 75.544, 11.826 ], [ 75.531, 11.828 ], [ 75.527, 11.841 ], [ 75.536, 11.851 ], [ 75.548, 11.848 ], [ 75.556, 11.858 ], [ 75.568, 11.855 ], [ 75.577, 11.865 ], [ 75.589, 11.863 ], [ 75.597, 11.873 ], [ 75.593, 11.885 ], [ 75.581, 11.888 ], [ 75.577, 11.9 ], [ 75.565, 11.902 ], [ 75.561, 11.915 ], [ 75.549, 11.917 ], [ 75.54, 11.907 ], [ 75.528, 11.91 ], [ 75.52, 11.9 ], [ 75.507, 11.903 ], [ 75.503, 11.915 ], [ 75.491, 11.917 ], [ 75.487, 11.93 ], [ 75.475, 11.932 ], [ 75.471, 11.945 ], [ 75.479, 11.954 ], [ 75.475, 11.967 ], [ 75.484, 11.977 ], [ 75.496, 11.974 ], [ 75.504, 11.984 ], [ 75.516, 11.981 ], [ 75.52, 11.969 ], [ 75.533, 11.967 ], [ 75.537, 11.954 ], [ 75.549, 11.952 ], [ 75.557, 11.962 ], [ 75.569, 11.959 ], [ 75.578, 11.969 ], [ 75.59, 11.966 ], [ 75.598, 11.976 ], [ 75.594, 11.989 ], [ 75.582, 11.991 ], [ 75.574, 11.981 ], [ 75.561, 11.984 ], [ 75.557, 11.996 ], [ 75.545, 11.999 ], [ 75.541, 12.011 ], [ 75.55, 12.021 ], [ 75.562, 12.018 ], [ 75.57, 12.028 ], [ 75.582, 12.026 ], [ 75.591, 12.036 ] ] ] ] } },
{ "type": "Feature", "properties": { "POLYGON.ID": 434.0, "subregion": "India--Kerala--Kozhikode--Plains", "POLYGON": "India--Kerala--Kozhikode--Plains", "SHOW": "1", "FILTER": "India--Kerala--Coast (0 to 40m)", "FILTER.ID": "CL30086", "OLD.POLYGON": "1", "STATE": "Kerala", "COUNTY": "Kozhikode", "OWNER": null }, "geometry": { "type": "MultiPolygon", "coordinates": [ [ [ [ 75.635, 11.507 ], [ 75.638, 11.495 ], [ 75.63, 11.485 ], [ 75.634, 11.473 ], [ 75.646, 11.47 ], [ 75.655, 11.48 ], [ 75.667, 11.477 ], [ 75.671, 11.465 ], [ 75.683, 11.463 ], [ 75.687, 11.45 ], [ 75.699, 11.448 ], [ 75.703, 11.435 ], [ 75.716, 11.433 ], [ 75.72, 11.42 ], [ 75.711, 11.41 ], [ 75.715, 11.398 ], [ 75.728, 11.396 ], [ 75.732, 11.383 ], [ 75.744, 11.381 ], [ 75.748, 11.368 ], [ 75.74, 11.358 ], [ 75.743, 11.346 ], [ 75.756, 11.344 ], [ 75.76, 11.331 ], [ 75.751, 11.321 ], [ 75.755, 11.309 ], [ 75.768, 11.306 ], [ 75.772, 11.294 ], [ 75.763, 11.284 ], [ 75.767, 11.272 ], [ 75.78, 11.269 ], [ 75.784, 11.257 ], [ 75.775, 11.247 ], [ 75.779, 11.235 ], [ 75.791, 11.232 ], [ 75.795, 11.22 ], [ 75.808, 11.217 ], [ 75.812, 11.205 ], [ 75.803, 11.195 ], [ 75.807, 11.182 ], [ 75.82, 11.18 ], [ 75.824, 11.168 ], [ 75.815, 11.158 ], [ 75.819, 11.145 ], [ 75.832, 11.143 ], [ 75.835, 11.13 ], [ 75.848, 11.128 ], [ 75.856, 11.138 ], [ 75.852, 11.15 ], [ 75.86, 11.16 ], [ 75.873, 11.157 ], [ 75.881, 11.167 ], [ 75.893, 11.164 ], [ 75.902, 11.174 ], [ 75.898, 11.187 ], [ 75.906, 11.197 ], [ 75.902, 11.209 ], [ 75.89, 11.212 ], [ 75.886, 11.224 ], [ 75.894, 11.234 ], [ 75.906, 11.231 ], [ 75.915, 11.241 ], [ 75.927, 11.238 ], [ 75.935, 11.248 ], [ 75.948, 11.246 ], [ 75.956, 11.256 ], [ 75.968, 11.253 ], [ 75.977, 11.263 ], [ 75.973, 11.275 ], [ 75.96, 11.278 ], [ 75.956, 11.29 ], [ 75.944, 11.293 ], [ 75.936, 11.283 ], [ 75.923, 11.285 ], [ 75.919, 11.298 ], [ 75.907, 11.3 ], [ 75.899, 11.291 ], [ 75.886, 11.293 ], [ 75.883, 11.306 ], [ 75.87, 11.308 ], [ 75.866, 11.321 ], [ 75.854, 11.323 ], [ 75.85, 11.335 ], [ 75.838, 11.338 ], [ 75.834, 11.35 ], [ 75.821, 11.353 ], [ 75.818, 11.365 ], [ 75.805, 11.368 ], [ 75.797, 11.358 ], [ 75.785, 11.361 ], [ 75.781, 11.373 ], [ 75.768, 11.376 ], [ 75.764, 11.388 ], [ 75.773, 11.398 ], [ 75.769, 11.41 ], [ 75.777, 11.42 ], [ 75.773, 11.432 ], [ 75.781, 11.442 ], [ 75.777, 11.455 ], [ 75.786, 11.464 ], [ 75.782, 11.477 ], [ 75.769, 11.479 ], [ 75.766, 11.492 ], [ 75.753, 11.494 ], [ 75.749, 11.507 ], [ 75.758, 11.516 ], [ 75.754, 11.529 ], [ 75.762, 11.539 ], [ 75.758, 11.551 ], [ 75.766, 11.561 ], [ 75.762, 11.573 ], [ 75.75, 11.576 ], [ 75.746, 11.588 ], [ 75.754, 11.598 ], [ 75.75, 11.61 ], [ 75.738, 11.613 ], [ 75.734, 11.625 ], [ 75.742, 11.635 ], [ 75.738, 11.647 ], [ 75.726, 11.65 ], [ 75.718, 11.64 ], [ 75.706, 11.643 ], [ 75.697, 11.633 ], [ 75.685, 11.635 ], [ 75.681, 11.648 ], [ 75.669, 11.65 ], [ 75.665, 11.663 ], [ 75.653, 11.665 ], [ 75.644, 11.655 ], [ 75.632, 11.658 ], [ 75.628, 11.67 ], [ 75.616, 11.673 ], [ 75.612, 11.685 ], [ 75.599, 11.688 ], [ 75.591, 11.678 ], [ 75.579, 11.68 ], [ 75.571, 11.67 ], [ 75.575, 11.658 ], [ 75.566, 11.648 ], [ 75.57, 11.636 ], [ 75.583, 11.633 ], [ 75.587, 11.621 ], [ 75.578, 11.611 ], [ 75.582, 11.599 ], [ 75.594, 11.596 ], [ 75.598, 11.584 ], [ 75.611, 11.581 ], [ 75.615, 11.569 ], [ 75.606, 11.559 ], [ 75.61, 11.547 ], [ 75.623, 11.544 ], [ 75.627, 11.532 ], [ 75.618, 11.522 ], [ 75.622, 11.51 ], [ 75.635, 11.507 ] ] ] ] } },
{ "type": "Feature", "properties": { "POLYGON.ID": 433.0, "subregion": "India--Kerala--Alappuzha--Coast", "POLYGON": "India--Kerala--Alappuzha--Coast", "SHOW": "1", "FILTER": "Alappuzha", "FILTER.ID": "CL27578", "OLD.POLYGON": "1", "STATE": "Kerala", "COUNTY": "Alappuzha", "OWNER": null }, "geometry": { "type": "MultiPolygon", "coordinates": [ [ [ [ 76.246, 9.734 ], [ 76.25, 9.721 ], [ 76.262, 9.718 ], [ 76.266, 9.706 ], [ 76.258, 9.696 ], [ 76.262, 9.684 ], [ 76.254, 9.674 ], [ 76.258, 9.661 ], [ 76.27, 9.659 ], [ 76.274, 9.646 ], [ 76.265, 9.637 ], [ 76.269, 9.624 ], [ 76.261, 9.614 ], [ 76.265, 9.602 ], [ 76.257, 9.592 ], [ 76.261, 9.58 ], [ 76.273, 9.577 ], [ 76.277, 9.564 ], [ 76.269, 9.555 ], [ 76.272, 9.542 ], [ 76.264, 9.532 ], [ 76.268, 9.52 ], [ 76.28, 9.517 ], [ 76.284, 9.505 ], [ 76.276, 9.495 ], [ 76.28, 9.483 ], [ 76.292, 9.48 ], [ 76.296, 9.467 ], [ 76.288, 9.458 ], [ 76.292, 9.445 ], [ 76.304, 9.442 ], [ 76.308, 9.43 ], [ 76.3, 9.42 ], [ 76.304, 9.408 ], [ 76.316, 9.405 ], [ 76.32, 9.393 ], [ 76.312, 9.383 ], [ 76.315, 9.37 ], [ 76.328, 9.368 ], [ 76.332, 9.355 ], [ 76.323, 9.345 ], [ 76.327, 9.333 ], [ 76.34, 9.33 ], [ 76.344, 9.318 ], [ 76.335, 9.308 ], [ 76.339, 9.295 ], [ 76.351, 9.293 ], [ 76.355, 9.28 ], [ 76.368, 9.277 ], [ 76.372, 9.265 ], [ 76.384, 9.262 ], [ 76.388, 9.25 ], [ 76.4, 9.247 ], [ 76.404, 9.235 ], [ 76.396, 9.225 ], [ 76.4, 9.212 ], [ 76.412, 9.21 ], [ 76.416, 9.197 ], [ 76.408, 9.187 ], [ 76.412, 9.175 ], [ 76.424, 9.172 ], [ 76.428, 9.16 ], [ 76.44, 9.157 ], [ 76.444, 9.144 ], [ 76.436, 9.135 ], [ 76.44, 9.122 ], [ 76.452, 9.119 ], [ 76.46, 9.129 ], [ 76.473, 9.126 ], [ 76.481, 9.136 ], [ 76.477, 9.149 ], [ 76.465, 9.151 ], [ 76.461, 9.164 ], [ 76.469, 9.174 ], [ 76.465, 9.186 ], [ 76.453, 9.189 ], [ 76.449, 9.201 ], [ 76.437, 9.204 ], [ 76.433, 9.217 ], [ 76.441, 9.226 ], [ 76.437, 9.239 ], [ 76.425, 9.242 ], [ 76.421, 9.254 ], [ 76.429, 9.264 ], [ 76.425, 9.276 ], [ 76.413, 9.279 ], [ 76.409, 9.291 ], [ 76.397, 9.294 ], [ 76.393, 9.307 ], [ 76.401, 9.316 ], [ 76.397, 9.329 ], [ 76.385, 9.332 ], [ 76.381, 9.344 ], [ 76.369, 9.347 ], [ 76.365, 9.359 ], [ 76.373, 9.369 ], [ 76.369, 9.382 ], [ 76.357, 9.384 ], [ 76.353, 9.397 ], [ 76.361, 9.407 ], [ 76.357, 9.419 ], [ 76.345, 9.422 ], [ 76.341, 9.434 ], [ 76.349, 9.444 ], [ 76.345, 9.456 ], [ 76.333, 9.459 ], [ 76.329, 9.472 ], [ 76.337, 9.481 ], [ 76.333, 9.494 ], [ 76.321, 9.497 ], [ 76.317, 9.509 ], [ 76.326, 9.519 ], [ 76.322, 9.531 ], [ 76.33, 9.541 ], [ 76.326, 9.554 ], [ 76.314, 9.556 ], [ 76.31, 9.569 ], [ 76.318, 9.579 ], [ 76.314, 9.591 ], [ 76.322, 9.601 ], [ 76.318, 9.613 ], [ 76.306, 9.616 ], [ 76.302, 9.628 ], [ 76.311, 9.638 ], [ 76.307, 9.651 ], [ 76.315, 9.66 ], [ 76.311, 9.673 ], [ 76.299, 9.676 ], [ 76.295, 9.688 ], [ 76.303, 9.698 ], [ 76.299, 9.71 ], [ 76.307, 9.72 ], [ 76.304, 9.733 ], [ 76.291, 9.735 ], [ 76.287, 9.748 ], [ 76.296, 9.757 ], [ 76.292, 9.77 ], [ 76.3, 9.78 ], [ 76.296, 9.792 ], [ 76.284, 9.795 ], [ 76.275, 9.785 ], [ 76.263, 9.788 ], [ 76.255, 9.778 ], [ 76.259, 9.766 ], [ 76.25, 9.756 ], [ 76.254, 9.743 ], [ 76.246, 9.734 ] ] ] ] } },
{ "type": "Feature", "properties": { "POLYGON.ID": 432.0, "subregion": "India--Kerala--Ernakulam--Coast", "POLYGON": "India--Kerala--Ernakulam--Coast", "SHOW": "1", "FILTER": "India--Kerala--Coast (0 to 40m)", "FILTER.ID": "CL30086", "OLD.POLYGON": "1", "STATE": "Kerala", "COUNTY": "Ernakulam", "OWNER": null }, "geometry": { "type": "MultiPolygon", "coordinates": [ [ [ [ 76.16, 10.077 ], [ 76.164, 10.065 ], [ 76.176, 10.062 ], [ 76.18, 10.049 ], [ 76.172, 10.04 ], [ 76.176, 10.027 ], [ 76.188, 10.025 ], [ 76.192, 10.012 ], [ 76.184, 10.002 ], [ 76.188, 9.99 ], [ 76.2, 9.987 ], [ 76.204, 9.975 ], [ 76.196, 9.965 ], [ 76.199, 9.952 ], [ 76.212, 9.95 ], [ 76.216, 9.937 ], [ 76.207, 9.928 ], [ 76.211, 9.915 ], [ 76.224, 9.912 ], [ 76.228, 9.9 ], [ 76.219, 9.89 ], [ 76.223, 9.878 ], [ 76.235, 9.875 ], [ 76.239, 9.863 ], [ 76.231, 9.853 ], [ 76.235, 9.84 ], [ 76.247, 9.838 ], [ 76.251, 9.825 ], [ 76.243, 9.815 ], [ 76.247, 9.803 ], [ 76.259, 9.8 ], [ 76.263, 9.788 ], [ 76.275, 9.785 ], [ 76.284, 9.795 ], [ 76.28, 9.807 ], [ 76.288, 9.817 ], [ 76.284, 9.83 ], [ 76.293, 9.839 ], [ 76.289, 9.852 ], [ 76.276, 9.854 ], [ 76.272, 9.867 ], [ 76.281, 9.877 ], [ 76.277, 9.889 ], [ 76.264, 9.892 ], [ 76.26, 9.904 ], [ 76.269, 9.914 ], [ 76.265, 9.927 ], [ 76.253, 9.929 ], [ 76.249, 9.942 ], [ 76.257, 9.952 ], [ 76.253, 9.964 ], [ 76.241, 9.967 ], [ 76.237, 9.979 ], [ 76.224, 9.982 ], [ 76.221, 9.994 ], [ 76.208, 9.997 ], [ 76.204, 10.009 ], [ 76.213, 10.019 ], [ 76.225, 10.016 ], [ 76.233, 10.026 ], [ 76.229, 10.039 ], [ 76.217, 10.041 ], [ 76.213, 10.054 ], [ 76.221, 10.064 ], [ 76.217, 10.076 ], [ 76.205, 10.079 ], [ 76.201, 10.091 ], [ 76.209, 10.101 ], [ 76.206, 10.113 ], [ 76.193, 10.116 ], [ 76.189, 10.129 ], [ 76.177, 10.131 ], [ 76.169, 10.121 ], [ 76.156, 10.124 ], [ 76.148, 10.114 ], [ 76.152, 10.102 ], [ 76.164, 10.099 ], [ 76.168, 10.087 ], [ 76.16, 10.077 ] ] ] ] } },
{ "type": "Feature", "properties": { "POLYGON.ID": 421.0, "subregion": "India--Kerala--Kasaragod--Coast", "POLYGON": "India--Kerala--Kasaragod--Coast", "SHOW": "1", "FILTER": "India--Kerala--Coast (0 to 40m)", "FILTER.ID": "CL30086", "OLD.POLYGON": "1", "STATE": "Kerala", "COUNTY": "Kasaragod", "OWNER": null }, "geometry": { "type": "MultiPolygon", "coordinates": [ [ [ [ 75.142, 12.218 ], [ 75.13, 12.22 ], [ 75.126, 12.233 ], [ 75.114, 12.235 ], [ 75.11, 12.247 ], [ 75.118, 12.257 ], [ 75.114, 12.27 ], [ 75.102, 12.272 ], [ 75.098, 12.284 ], [ 75.106, 12.294 ], [ 75.102, 12.306 ], [ 75.09, 12.309 ], [ 75.086, 12.321 ], [ 75.074, 12.324 ], [ 75.07, 12.336 ], [ 75.078, 12.346 ], [ 75.074, 12.358 ], [ 75.062, 12.36 ], [ 75.058, 12.373 ], [ 75.066, 12.383 ], [ 75.062, 12.395 ], [ 75.05, 12.397 ], [ 75.046, 12.41 ], [ 75.034, 12.412 ], [ 75.03, 12.424 ], [ 75.018, 12.427 ], [ 75.014, 12.439 ], [ 75.022, 12.449 ], [ 75.018, 12.461 ], [ 75.006, 12.464 ], [ 75.002, 12.476 ], [ 74.99, 12.478 ], [ 74.986, 12.49 ], [ 74.994, 12.5 ], [ 74.99, 12.513 ], [ 74.978, 12.515 ], [ 74.974, 12.527 ], [ 74.982, 12.537 ], [ 74.978, 12.549 ], [ 74.966, 12.552 ], [ 74.962, 12.564 ], [ 74.97, 12.574 ], [ 74.966, 12.586 ], [ 74.954, 12.589 ], [ 74.95, 12.601 ], [ 74.938, 12.603 ], [ 74.934, 12.616 ], [ 74.942, 12.625 ], [ 74.938, 12.638 ], [ 74.926, 12.64 ], [ 74.922, 12.652 ], [ 74.93, 12.662 ], [ 74.926, 12.674 ], [ 74.914, 12.677 ], [ 74.91, 12.689 ], [ 74.918, 12.699 ], [ 74.914, 12.711 ], [ 74.902, 12.714 ], [ 74.898, 12.726 ], [ 74.886, 12.728 ], [ 74.882, 12.74 ], [ 74.87, 12.743 ], [ 74.861, 12.733 ], [ 74.865, 12.721 ], [ 74.857, 12.711 ], [ 74.861, 12.699 ], [ 74.873, 12.696 ], [ 74.877, 12.684 ], [ 74.889, 12.682 ], [ 74.893, 12.669 ], [ 74.885, 12.659 ], [ 74.889, 12.647 ], [ 74.901, 12.645 ], [ 74.905, 12.633 ], [ 74.897, 12.623 ], [ 74.901, 12.61 ], [ 74.913, 12.608 ], [ 74.917, 12.596 ], [ 74.909, 12.586 ], [ 74.913, 12.574 ], [ 74.925, 12.571 ], [ 74.929, 12.559 ], [ 74.941, 12.557 ], [ 74.945, 12.544 ], [ 74.937, 12.535 ], [ 74.941, 12.522 ], [ 74.953, 12.52 ], [ 74.957, 12.508 ], [ 74.949, 12.498 ], [ 74.953, 12.485 ], [ 74.965, 12.483 ], [ 74.969, 12.471 ], [ 74.981, 12.468 ], [ 74.985, 12.456 ], [ 74.977, 12.446 ], [ 74.981, 12.434 ], [ 74.993, 12.432 ], [ 74.997, 12.419 ], [ 74.989, 12.409 ], [ 74.993, 12.397 ], [ 75.005, 12.395 ], [ 75.009, 12.382 ], [ 75.022, 12.38 ], [ 75.025, 12.368 ], [ 75.038, 12.365 ], [ 75.042, 12.353 ], [ 75.033, 12.343 ], [ 75.037, 12.331 ], [ 75.029, 12.321 ], [ 75.033, 12.309 ], [ 75.045, 12.306 ], [ 75.049, 12.294 ], [ 75.062, 12.292 ], [ 75.066, 12.279 ], [ 75.057, 12.269 ], [ 75.061, 12.257 ], [ 75.073, 12.255 ], [ 75.077, 12.242 ], [ 75.069, 12.233 ], [ 75.073, 12.22 ], [ 75.085, 12.218 ], [ 75.089, 12.206 ], [ 75.102, 12.203 ], [ 75.106, 12.191 ], [ 75.097, 12.181 ], [ 75.101, 12.169 ], [ 75.113, 12.166 ], [ 75.117, 12.154 ], [ 75.109, 12.144 ], [ 75.113, 12.132 ], [ 75.125, 12.129 ], [ 75.129, 12.117 ], [ 75.142, 12.115 ], [ 75.146, 12.102 ], [ 75.158, 12.1 ], [ 75.166, 12.11 ], [ 75.162, 12.122 ], [ 75.17, 12.132 ], [ 75.166, 12.144 ], [ 75.154, 12.147 ], [ 75.15, 12.159 ], [ 75.158, 12.169 ], [ 75.154, 12.181 ], [ 75.142, 12.184 ], [ 75.138, 12.196 ], [ 75.146, 12.206 ], [ 75.142, 12.218 ] ] ] ] } },
{ "type": "Feature", "properties": { "POLYGON.ID": 420.0, "subregion": "India--Kerala--Kannur--Coast", "POLYGON": "India--Kerala--Kannur--Coast", "SHOW": "1", "FILTER": "India--Kerala--Coast (0 to 40m)", "FILTER.ID": "CL30086", "OLD.POLYGON": "1", "STATE": "Kerala", "COUNTY": "Kannur", "OWNER": null }, "geometry": { "type": "MultiPolygon", "coordinates": [ [ [ [ 75.336, 11.903 ], [ 75.332, 11.915 ], [ 75.319, 11.918 ], [ 75.315, 11.93 ], [ 75.324, 11.94 ], [ 75.32, 11.952 ], [ 75.308, 11.955 ], [ 75.304, 11.967 ], [ 75.291, 11.969 ], [ 75.287, 11.982 ], [ 75.275, 11.984 ], [ 75.271, 11.997 ], [ 75.279, 12.006 ], [ 75.275, 12.019 ], [ 75.263, 12.021 ], [ 75.259, 12.033 ], [ 75.247, 12.036 ], [ 75.239, 12.026 ], [ 75.227, 12.029 ], [ 75.218, 12.019 ], [ 75.206, 12.021 ], [ 75.202, 12.033 ], [ 75.21, 12.043 ], [ 75.206, 12.056 ], [ 75.194, 12.058 ], [ 75.19, 12.07 ], [ 75.198, 12.08 ], [ 75.194, 12.093 ], [ 75.182, 12.095 ], [ 75.178, 12.107 ], [ 75.166, 12.11 ], [ 75.158, 12.1 ], [ 75.162, 12.088 ], [ 75.153, 12.078 ], [ 75.157, 12.065 ], [ 75.149, 12.056 ], [ 75.153, 12.043 ], [ 75.165, 12.041 ], [ 75.169, 12.029 ], [ 75.161, 12.019 ], [ 75.165, 12.006 ], [ 75.177, 12.004 ], [ 75.181, 11.992 ], [ 75.194, 11.989 ], [ 75.202, 11.999 ], [ 75.214, 11.997 ], [ 75.218, 11.984 ], [ 75.23, 11.982 ], [ 75.238, 11.992 ], [ 75.251, 11.989 ], [ 75.255, 11.977 ], [ 75.246, 11.967 ], [ 75.25, 11.955 ], [ 75.263, 11.952 ], [ 75.267, 11.94 ], [ 75.279, 11.937 ], [ 75.283, 11.925 ], [ 75.295, 11.923 ], [ 75.299, 11.91 ], [ 75.291, 11.9 ], [ 75.295, 11.888 ], [ 75.307, 11.886 ], [ 75.311, 11.873 ], [ 75.323, 11.871 ], [ 75.327, 11.859 ], [ 75.339, 11.856 ], [ 75.343, 11.844 ], [ 75.355, 11.841 ], [ 75.364, 11.851 ], [ 75.376, 11.849 ], [ 75.38, 11.836 ], [ 75.372, 11.826 ], [ 75.376, 11.814 ], [ 75.388, 11.812 ], [ 75.396, 11.821 ], [ 75.408, 11.819 ], [ 75.412, 11.807 ], [ 75.425, 11.804 ], [ 75.429, 11.792 ], [ 75.42, 11.782 ], [ 75.424, 11.77 ], [ 75.437, 11.767 ], [ 75.441, 11.755 ], [ 75.453, 11.752 ], [ 75.457, 11.74 ], [ 75.469, 11.737 ], [ 75.473, 11.725 ], [ 75.485, 11.723 ], [ 75.489, 11.71 ], [ 75.501, 11.708 ], [ 75.505, 11.695 ], [ 75.518, 11.693 ], [ 75.526, 11.703 ], [ 75.538, 11.7 ], [ 75.546, 11.71 ], [ 75.542, 11.722 ], [ 75.53, 11.725 ], [ 75.526, 11.737 ], [ 75.514, 11.74 ], [ 75.51, 11.752 ], [ 75.498, 11.755 ], [ 75.494, 11.767 ], [ 75.482, 11.769 ], [ 75.478, 11.782 ], [ 75.465, 11.784 ], [ 75.461, 11.797 ], [ 75.449, 11.799 ], [ 75.445, 11.811 ], [ 75.433, 11.814 ], [ 75.429, 11.826 ], [ 75.437, 11.836 ], [ 75.433, 11.848 ], [ 75.421, 11.851 ], [ 75.417, 11.863 ], [ 75.405, 11.866 ], [ 75.396, 11.856 ], [ 75.384, 11.858 ], [ 75.38, 11.871 ], [ 75.368, 11.873 ], [ 75.364, 11.886 ], [ 75.352, 11.888 ], [ 75.348, 11.9 ], [ 75.336, 11.903 ] ] ] ] } },
{ "type": "Feature", "properties": { "POLYGON.ID": 419.0, "subregion": "India--Kerala--Kozhikode--Coast", "POLYGON": "India--Kerala--Kozhikode--Coast", "SHOW": "1", "FILTER": "India--Kerala--Coast (0 to 40m)", "FILTER.ID": "CL30086", "OLD.POLYGON": "1", "STATE": "Kerala", "COUNTY": "Kozhikode", "OWNER": null }, "geometry": { "type": "MultiPolygon", "coordinates": [ [ [ [ 75.766, 11.168 ], [ 75.778, 11.165 ], [ 75.782, 11.153 ], [ 75.795, 11.15 ], [ 75.799, 11.138 ], [ 75.79, 11.128 ], [ 75.794, 11.116 ], [ 75.807, 11.113 ], [ 75.815, 11.123 ], [ 75.827, 11.121 ], [ 75.835, 11.13 ], [ 75.832, 11.143 ], [ 75.819, 11.145 ], [ 75.815, 11.158 ], [ 75.824, 11.168 ], [ 75.82, 11.18 ], [ 75.807, 11.182 ], [ 75.803, 11.195 ], [ 75.812, 11.205 ], [ 75.808, 11.217 ], [ 75.795, 11.22 ], [ 75.791, 11.232 ], [ 75.779, 11.235 ], [ 75.775, 11.247 ], [ 75.784, 11.257 ], [ 75.78, 11.269 ], [ 75.767, 11.272 ], [ 75.763, 11.284 ], [ 75.772, 11.294 ], [ 75.768, 11.306 ], [ 75.755, 11.309 ], [ 75.751, 11.321 ], [ 75.76, 11.331 ], [ 75.756, 11.344 ], [ 75.743, 11.346 ], [ 75.74, 11.358 ], [ 75.748, 11.368 ], [ 75.744, 11.381 ], [ 75.732, 11.383 ], [ 75.728, 11.396 ], [ 75.715, 11.398 ], [ 75.711, 11.41 ], [ 75.72, 11.42 ], [ 75.716, 11.433 ], [ 75.703, 11.435 ], [ 75.699, 11.448 ], [ 75.687, 11.45 ], [ 75.683, 11.463 ], [ 75.671, 11.465 ], [ 75.667, 11.477 ], [ 75.655, 11.48 ], [ 75.646, 11.47 ], [ 75.634, 11.473 ], [ 75.63, 11.485 ], [ 75.638, 11.495 ], [ 75.635, 11.507 ], [ 75.622, 11.51 ], [ 75.618, 11.522 ], [ 75.627, 11.532 ], [ 75.623, 11.544 ], [ 75.61, 11.547 ], [ 75.606, 11.559 ], [ 75.615, 11.569 ], [ 75.611, 11.581 ], [ 75.598, 11.584 ], [ 75.594, 11.596 ], [ 75.582, 11.599 ], [ 75.578, 11.611 ], [ 75.587, 11.621 ], [ 75.583, 11.633 ], [ 75.57, 11.636 ], [ 75.566, 11.648 ], [ 75.575, 11.658 ], [ 75.571, 11.67 ], [ 75.558, 11.673 ], [ 75.554, 11.685 ], [ 75.563, 11.695 ], [ 75.559, 11.707 ], [ 75.546, 11.71 ], [ 75.538, 11.7 ], [ 75.526, 11.703 ], [ 75.518, 11.693 ], [ 75.522, 11.68 ], [ 75.513, 11.671 ], [ 75.517, 11.658 ], [ 75.53, 11.656 ], [ 75.534, 11.643 ], [ 75.525, 11.634 ], [ 75.529, 11.621 ], [ 75.541, 11.619 ], [ 75.545, 11.606 ], [ 75.537, 11.597 ], [ 75.541, 11.584 ], [ 75.553, 11.582 ], [ 75.557, 11.569 ], [ 75.549, 11.559 ], [ 75.553, 11.547 ], [ 75.565, 11.545 ], [ 75.569, 11.532 ], [ 75.561, 11.522 ], [ 75.565, 11.51 ], [ 75.577, 11.508 ], [ 75.581, 11.495 ], [ 75.593, 11.493 ], [ 75.597, 11.48 ], [ 75.589, 11.47 ], [ 75.593, 11.458 ], [ 75.605, 11.456 ], [ 75.614, 11.465 ], [ 75.626, 11.463 ], [ 75.63, 11.45 ], [ 75.642, 11.448 ], [ 75.646, 11.436 ], [ 75.658, 11.433 ], [ 75.662, 11.421 ], [ 75.675, 11.418 ], [ 75.679, 11.406 ], [ 75.67, 11.396 ], [ 75.674, 11.384 ], [ 75.686, 11.381 ], [ 75.69, 11.369 ], [ 75.703, 11.366 ], [ 75.707, 11.354 ], [ 75.698, 11.344 ], [ 75.702, 11.331 ], [ 75.715, 11.329 ], [ 75.719, 11.317 ], [ 75.71, 11.307 ], [ 75.714, 11.294 ], [ 75.727, 11.292 ], [ 75.73, 11.279 ], [ 75.743, 11.277 ], [ 75.747, 11.264 ], [ 75.738, 11.255 ], [ 75.742, 11.242 ], [ 75.734, 11.232 ], [ 75.738, 11.22 ], [ 75.75, 11.218 ], [ 75.754, 11.205 ], [ 75.767, 11.203 ], [ 75.771, 11.19 ], [ 75.762, 11.18 ], [ 75.766, 11.168 ] ] ] ] } },
{ "type": "Feature", "properties": { "POLYGON.ID": 418.0, "subregion": "India--Kerala--Malappuram--Coast", "POLYGON": "India--Kerala--Malappuram--Coast", "SHOW": "1", "FILTER": "India--Kerala--Coast (0 to 40m)", "FILTER.ID": "CL30086", "OLD.POLYGON": "1", "STATE": "Kerala", "COUNTY": "Malappuram", "OWNER": null }, "geometry": { "type": "MultiPolygon", "coordinates": [ [ [ [ 75.807, 11.113 ], [ 75.811, 11.101 ], [ 75.802, 11.091 ], [ 75.806, 11.079 ], [ 75.818, 11.076 ], [ 75.822, 11.064 ], [ 75.814, 11.054 ], [ 75.818, 11.041 ], [ 75.83, 11.039 ], [ 75.834, 11.027 ], [ 75.826, 11.017 ], [ 75.83, 11.004 ], [ 75.842, 11.002 ], [ 75.846, 10.989 ], [ 75.838, 10.98 ], [ 75.842, 10.967 ], [ 75.854, 10.965 ], [ 75.858, 10.952 ], [ 75.85, 10.942 ], [ 75.854, 10.93 ], [ 75.845, 10.92 ], [ 75.849, 10.908 ], [ 75.862, 10.905 ], [ 75.866, 10.893 ], [ 75.857, 10.883 ], [ 75.861, 10.87 ], [ 75.874, 10.868 ], [ 75.878, 10.855 ], [ 75.869, 10.846 ], [ 75.873, 10.833 ], [ 75.886, 10.831 ], [ 75.889, 10.818 ], [ 75.881, 10.808 ], [ 75.885, 10.796 ], [ 75.897, 10.793 ], [ 75.901, 10.781 ], [ 75.893, 10.771 ], [ 75.897, 10.759 ], [ 75.909, 10.756 ], [ 75.913, 10.744 ], [ 75.905, 10.734 ], [ 75.909, 10.722 ], [ 75.921, 10.719 ], [ 75.925, 10.707 ], [ 75.937, 10.704 ], [ 75.941, 10.692 ], [ 75.954, 10.689 ], [ 75.962, 10.699 ], [ 75.958, 10.711 ], [ 75.966, 10.721 ], [ 75.962, 10.733 ], [ 75.95, 10.736 ], [ 75.946, 10.748 ], [ 75.954, 10.758 ], [ 75.95, 10.771 ], [ 75.938, 10.773 ], [ 75.934, 10.786 ], [ 75.943, 10.795 ], [ 75.939, 10.808 ], [ 75.926, 10.81 ], [ 75.922, 10.823 ], [ 75.931, 10.833 ], [ 75.927, 10.845 ], [ 75.914, 10.848 ], [ 75.91, 10.86 ], [ 75.919, 10.87 ], [ 75.915, 10.882 ], [ 75.903, 10.885 ], [ 75.899, 10.897 ], [ 75.907, 10.907 ], [ 75.903, 10.92 ], [ 75.891, 10.922 ], [ 75.887, 10.935 ], [ 75.895, 10.944 ], [ 75.891, 10.957 ], [ 75.899, 10.967 ], [ 75.895, 10.979 ], [ 75.883, 10.982 ], [ 75.879, 10.994 ], [ 75.887, 11.004 ], [ 75.883, 11.016 ], [ 75.871, 11.019 ], [ 75.867, 11.031 ], [ 75.876, 11.041 ], [ 75.872, 11.053 ], [ 75.859, 11.056 ], [ 75.855, 11.068 ], [ 75.864, 11.078 ], [ 75.86, 11.091 ], [ 75.847, 11.093 ], [ 75.843, 11.106 ], [ 75.852, 11.115 ], [ 75.848, 11.128 ], [ 75.835, 11.13 ], [ 75.827, 11.121 ], [ 75.815, 11.123 ], [ 75.807, 11.113 ] ] ] ] } },
{ "type": "Feature", "properties": { "POLYGON.ID": 417.0, "subregion": "India--Kerala--Palakkad--Alathur", "POLYGON": "India--Kerala--Palakkad--Alathur", "SHOW": "1", "FILTER": "India--Kerala--Foothills and Midlands(40 to 200m and 200 to 600m)", "FILTER.ID": "CL27581", "OLD.POLYGON": "1", "STATE": "Kerala", "COUNTY": "Palakkad", "OWNER": null }, "geometry": { "type": "MultiPolygon", "coordinates": [ [ [ [ 76.569, 10.488 ], [ 76.577, 10.497 ], [ 76.573, 10.51 ], [ 76.581, 10.52 ], [ 76.594, 10.517 ], [ 76.602, 10.527 ], [ 76.614, 10.524 ], [ 76.623, 10.534 ], [ 76.635, 10.531 ], [ 76.644, 10.541 ], [ 76.64, 10.554 ], [ 76.648, 10.564 ], [ 76.66, 10.561 ], [ 76.669, 10.571 ], [ 76.681, 10.568 ], [ 76.69, 10.578 ], [ 76.702, 10.575 ], [ 76.71, 10.585 ], [ 76.706, 10.597 ], [ 76.715, 10.607 ], [ 76.711, 10.62 ], [ 76.719, 10.63 ], [ 76.715, 10.642 ], [ 76.724, 10.652 ], [ 76.72, 10.664 ], [ 76.728, 10.674 ], [ 76.724, 10.687 ], [ 76.733, 10.697 ], [ 76.729, 10.709 ], [ 76.716, 10.712 ], [ 76.712, 10.724 ], [ 76.7, 10.727 ], [ 76.696, 10.739 ], [ 76.684, 10.742 ], [ 76.68, 10.754 ], [ 76.667, 10.757 ], [ 76.659, 10.747 ], [ 76.646, 10.75 ], [ 76.638, 10.74 ], [ 76.626, 10.743 ], [ 76.622, 10.755 ], [ 76.609, 10.758 ], [ 76.601, 10.748 ], [ 76.589, 10.751 ], [ 76.585, 10.763 ], [ 76.572, 10.766 ], [ 76.568, 10.778 ], [ 76.556, 10.781 ], [ 76.552, 10.793 ], [ 76.54, 10.796 ], [ 76.531, 10.786 ], [ 76.535, 10.774 ], [ 76.527, 10.764 ], [ 76.514, 10.767 ], [ 76.506, 10.757 ], [ 76.494, 10.759 ], [ 76.485, 10.749 ], [ 76.489, 10.737 ], [ 76.481, 10.727 ], [ 76.485, 10.715 ], [ 76.476, 10.705 ], [ 76.464, 10.708 ], [ 76.456, 10.698 ], [ 76.46, 10.685 ], [ 76.451, 10.675 ], [ 76.455, 10.663 ], [ 76.447, 10.653 ], [ 76.435, 10.656 ], [ 76.426, 10.646 ], [ 76.43, 10.634 ], [ 76.422, 10.624 ], [ 76.426, 10.611 ], [ 76.417, 10.601 ], [ 76.405, 10.604 ], [ 76.397, 10.594 ], [ 76.401, 10.582 ], [ 76.413, 10.579 ], [ 76.417, 10.567 ], [ 76.429, 10.564 ], [ 76.433, 10.552 ], [ 76.425, 10.542 ], [ 76.429, 10.529 ], [ 76.441, 10.527 ], [ 76.445, 10.514 ], [ 76.457, 10.512 ], [ 76.466, 10.521 ], [ 76.478, 10.519 ], [ 76.482, 10.506 ], [ 76.494, 10.504 ], [ 76.503, 10.513 ], [ 76.515, 10.511 ], [ 76.519, 10.498 ], [ 76.532, 10.496 ], [ 76.535, 10.483 ], [ 76.548, 10.48 ], [ 76.556, 10.49 ], [ 76.569, 10.488 ] ] ] ] } },
{ "type": "Feature", "properties": { "POLYGON.ID": 416.0, "subregion": "India--Kerala--Palakkad--Gap", "POLYGON": "India--Kerala--Palakkad--Gap", "SHOW": "1", "FILTER": "India--Kerala--Foothills and Midlands(40 to 200m and 200 to 600m)", "FILTER.ID": "CL27581", "OLD.POLYGON": "1", "STATE": "Kerala", "COUNTY": "Palakkad", "OWNER": null }, "geometry": { "type": "MultiPolygon", "coordinates": [ [ [ [ 76.646, 10.75 ], [ 76.659, 10.747 ], [ 76.667, 10.757 ], [ 76.68, 10.754 ], [ 76.684, 10.742 ], [ 76.696, 10.739 ], [ 76.7, 10.727 ], [ 76.712, 10.724 ], [ 76.716, 10.712 ], [ 76.729, 10.709 ], [ 76.733, 10.697 ], [ 76.724, 10.687 ], [ 76.728, 10.674 ], [ 76.72, 10.664 ], [ 76.724, 10.652 ], [ 76.715, 10.642 ], [ 76.719, 10.63 ], [ 76.711, 10.62 ], [ 76.715, 10.607 ], [ 76.706, 10.597 ], [ 76.71, 10.585 ], [ 76.702, 10.575 ], [ 76.69, 10.578 ], [ 76.681, 10.568 ], [ 76.685, 10.556 ], [ 76.698, 10.553 ], [ 76.706, 10.563 ], [ 76.718, 10.56 ], [ 76.727, 10.57 ], [ 76.739, 10.567 ], [ 76.748, 10.577 ], [ 76.76, 10.574 ], [ 76.764, 10.562 ], [ 76.776, 10.559 ], [ 76.785, 10.569 ], [ 76.797, 10.566 ], [ 76.806, 10.576 ], [ 76.802, 10.589 ], [ 76.81, 10.598 ], [ 76.822, 10.596 ], [ 76.831, 10.606 ], [ 76.827, 10.618 ], [ 76.835, 10.628 ], [ 76.848, 10.625 ], [ 76.856, 10.635 ], [ 76.869, 10.632 ], [ 76.877, 10.642 ], [ 76.889, 10.64 ], [ 76.898, 10.649 ], [ 76.894, 10.662 ], [ 76.881, 10.665 ], [ 76.877, 10.677 ], [ 76.886, 10.687 ], [ 76.882, 10.699 ], [ 76.89, 10.709 ], [ 76.903, 10.707 ], [ 76.911, 10.716 ], [ 76.907, 10.729 ], [ 76.916, 10.739 ], [ 76.912, 10.751 ], [ 76.92, 10.761 ], [ 76.916, 10.774 ], [ 76.925, 10.783 ], [ 76.921, 10.796 ], [ 76.908, 10.799 ], [ 76.904, 10.811 ], [ 76.892, 10.814 ], [ 76.888, 10.826 ], [ 76.875, 10.829 ], [ 76.867, 10.819 ], [ 76.855, 10.822 ], [ 76.851, 10.834 ], [ 76.838, 10.837 ], [ 76.834, 10.849 ], [ 76.822, 10.852 ], [ 76.813, 10.842 ], [ 76.801, 10.845 ], [ 76.793, 10.835 ], [ 76.78, 10.838 ], [ 76.772, 10.828 ], [ 76.759, 10.83 ], [ 76.751, 10.821 ], [ 76.739, 10.823 ], [ 76.73, 10.813 ], [ 76.718, 10.816 ], [ 76.709, 10.806 ], [ 76.697, 10.809 ], [ 76.693, 10.821 ], [ 76.681, 10.824 ], [ 76.677, 10.837 ], [ 76.664, 10.839 ], [ 76.656, 10.829 ], [ 76.643, 10.832 ], [ 76.635, 10.822 ], [ 76.623, 10.825 ], [ 76.614, 10.815 ], [ 76.602, 10.818 ], [ 76.593, 10.808 ], [ 76.581, 10.81 ], [ 76.573, 10.801 ], [ 76.56, 10.803 ], [ 76.552, 10.793 ], [ 76.556, 10.781 ], [ 76.568, 10.778 ], [ 76.572, 10.766 ], [ 76.585, 10.763 ], [ 76.589, 10.751 ], [ 76.601, 10.748 ], [ 76.609, 10.758 ], [ 76.622, 10.755 ], [ 76.626, 10.743 ], [ 76.638, 10.74 ], [ 76.646, 10.75 ] ] ] ] } },
{ "type": "Feature", "properties": { "POLYGON.ID": 415.0, "subregion": "India--Kerala--Palakkad--Pattambi", "POLYGON": "India--Kerala--Palakkad--Pattambi", "SHOW": "1", "FILTER": "India--Kerala--Coast (0 to 40m)", "FILTER.ID": "CL30086", "OLD.POLYGON": "1", "STATE": "Kerala", "COUNTY": "Palakkad", "OWNER": null }, "geometry": { "type": "MultiPolygon", "coordinates": [ [ [ [ 76.192, 10.731 ], [ 76.201, 10.741 ], [ 76.197, 10.753 ], [ 76.205, 10.763 ], [ 76.201, 10.775 ], [ 76.21, 10.785 ], [ 76.222, 10.782 ], [ 76.23, 10.792 ], [ 76.226, 10.805 ], [ 76.214, 10.807 ], [ 76.21, 10.82 ], [ 76.198, 10.822 ], [ 76.194, 10.835 ], [ 76.181, 10.837 ], [ 76.177, 10.85 ], [ 76.186, 10.86 ], [ 76.182, 10.872 ], [ 76.19, 10.882 ], [ 76.202, 10.879 ], [ 76.211, 10.889 ], [ 76.207, 10.902 ], [ 76.194, 10.904 ], [ 76.186, 10.894 ], [ 76.174, 10.897 ], [ 76.17, 10.909 ], [ 76.158, 10.912 ], [ 76.149, 10.902 ], [ 76.137, 10.905 ], [ 76.129, 10.895 ], [ 76.132, 10.883 ], [ 76.124, 10.873 ], [ 76.112, 10.875 ], [ 76.104, 10.866 ], [ 76.107, 10.853 ], [ 76.099, 10.843 ], [ 76.087, 10.846 ], [ 76.079, 10.836 ], [ 76.066, 10.839 ], [ 76.062, 10.851 ], [ 76.05, 10.854 ], [ 76.042, 10.844 ], [ 76.046, 10.831 ], [ 76.037, 10.822 ], [ 76.041, 10.809 ], [ 76.054, 10.807 ], [ 76.057, 10.794 ], [ 76.049, 10.784 ], [ 76.053, 10.772 ], [ 76.045, 10.762 ], [ 76.049, 10.75 ], [ 76.061, 10.747 ], [ 76.065, 10.735 ], [ 76.077, 10.732 ], [ 76.081, 10.72 ], [ 76.094, 10.717 ], [ 76.102, 10.727 ], [ 76.114, 10.724 ], [ 76.118, 10.712 ], [ 76.13, 10.709 ], [ 76.139, 10.719 ], [ 76.151, 10.716 ], [ 76.155, 10.704 ], [ 76.167, 10.701 ], [ 76.176, 10.711 ], [ 76.172, 10.724 ], [ 76.18, 10.733 ], [ 76.192, 10.731 ] ] ] ] } },
{ "type": "Feature", "properties": { "POLYGON.ID": 414.0, "subregion": "India--Kerala--Palakkad--Elival Range", "POLYGON": "India--Kerala--Palakkad--Elival Range", "SHOW": "1", "FILTER": "India--Kerala--Southern and Northern Mountains(Above 1200m)", "FILTER.ID": "CL27579", "OLD.POLYGON": "1", "STATE": "Kerala", "COUNTY": "Palakkad", "OWNER": null }, "geometry": { "type": "MultiPolygon", "coordinates": [ [ [ [ 76.612, 10.967 ], [ 76.604, 10.957 ], [ 76.608, 10.944 ], [ 76.62, 10.942 ], [ 76.624, 10.929 ], [ 76.636, 10.926 ], [ 76.645, 10.936 ], [ 76.657, 10.934 ], [ 76.666, 10.944 ], [ 76.662, 10.956 ], [ 76.649, 10.959 ], [ 76.641, 10.949 ], [ 76.629, 10.951 ], [ 76.625, 10.964 ], [ 76.612, 10.967 ] ] ] ] } },
{ "type": "Feature", "properties": { "POLYGON.ID": 413.0, "subregion": "India--Kerala--Palakkad--Sholayur Siruvani", "POLYGON": "India--Kerala--Palakkad--Sholayur Siruvani", "SHOW": "1", "FILTER": "India--Kerala--High Ranges(600 to 1200m)", "FILTER.ID": "CL27582", "OLD.POLYGON": "1", "STATE": "Kerala", "COUNTY": "Palakkad", "OWNER": null }, "geometry": { "type": "MultiPolygon", "coordinates": [ [ [ [ 76.625, 10.964 ], [ 76.629, 10.951 ], [ 76.641, 10.949 ], [ 76.649, 10.959 ], [ 76.662, 10.956 ], [ 76.67, 10.966 ], [ 76.666, 10.978 ], [ 76.675, 10.988 ], [ 76.687, 10.986 ], [ 76.695, 10.995 ], [ 76.691, 11.008 ], [ 76.7, 11.018 ], [ 76.696, 11.03 ], [ 76.704, 11.04 ], [ 76.717, 11.037 ], [ 76.725, 11.047 ], [ 76.737, 11.045 ], [ 76.741, 11.032 ], [ 76.754, 11.029 ], [ 76.762, 11.039 ], [ 76.758, 11.052 ], [ 76.746, 11.054 ], [ 76.742, 11.067 ], [ 76.75, 11.077 ], [ 76.746, 11.089 ], [ 76.755, 11.099 ], [ 76.751, 11.112 ], [ 76.738, 11.114 ], [ 76.73, 11.104 ], [ 76.718, 11.107 ], [ 76.714, 11.119 ], [ 76.701, 11.122 ], [ 76.693, 11.112 ], [ 76.68, 11.115 ], [ 76.672, 11.105 ], [ 76.676, 11.093 ], [ 76.668, 11.083 ], [ 76.655, 11.085 ], [ 76.647, 11.075 ], [ 76.634, 11.078 ], [ 76.63, 11.091 ], [ 76.639, 11.1 ], [ 76.635, 11.113 ], [ 76.622, 11.115 ], [ 76.614, 11.106 ], [ 76.602, 11.108 ], [ 76.593, 11.098 ], [ 76.597, 11.086 ], [ 76.589, 11.076 ], [ 76.576, 11.079 ], [ 76.568, 11.069 ], [ 76.572, 11.056 ], [ 76.564, 11.047 ], [ 76.568, 11.034 ], [ 76.559, 11.024 ], [ 76.563, 11.012 ], [ 76.575, 11.009 ], [ 76.584, 11.019 ], [ 76.596, 11.016 ], [ 76.6, 11.004 ], [ 76.592, 10.994 ], [ 76.596, 10.982 ], [ 76.587, 10.972 ], [ 76.591, 10.959 ], [ 76.604, 10.957 ], [ 76.612, 10.967 ], [ 76.625, 10.964 ] ] ] ] } },
{ "type": "Feature", "properties": { "POLYGON.ID": 412.0, "subregion": "India--Kerala--Palakkad--Silent Valley rainforests", "POLYGON": "India--Kerala--Palakkad--Silent Valley rainforests", "SHOW": "1", "FILTER": "India--Kerala--High Ranges(600 to 1200m)", "FILTER.ID": "CL27582", "OLD.POLYGON": "1", "STATE": "Kerala", "COUNTY": "Palakkad", "OWNER": null }, "geometry": { "type": "MultiPolygon", "coordinates": [ [ [ [ 76.489, 11.062 ], [ 76.493, 11.05 ], [ 76.506, 11.047 ], [ 76.514, 11.057 ], [ 76.526, 11.054 ], [ 76.535, 11.064 ], [ 76.531, 11.077 ], [ 76.539, 11.087 ], [ 76.552, 11.084 ], [ 76.56, 11.094 ], [ 76.572, 11.091 ], [ 76.581, 11.101 ], [ 76.577, 11.113 ], [ 76.585, 11.123 ], [ 76.598, 11.121 ], [ 76.606, 11.131 ], [ 76.602, 11.143 ], [ 76.611, 11.153 ], [ 76.623, 11.15 ], [ 76.631, 11.16 ], [ 76.644, 11.157 ], [ 76.652, 11.167 ], [ 76.665, 11.165 ], [ 76.673, 11.175 ], [ 76.685, 11.172 ], [ 76.694, 11.182 ], [ 76.69, 11.194 ], [ 76.698, 11.204 ], [ 76.711, 11.201 ], [ 76.719, 11.211 ], [ 76.715, 11.224 ], [ 76.703, 11.226 ], [ 76.699, 11.239 ], [ 76.686, 11.242 ], [ 76.678, 11.232 ], [ 76.682, 11.219 ], [ 76.673, 11.209 ], [ 76.661, 11.212 ], [ 76.653, 11.202 ], [ 76.64, 11.205 ], [ 76.632, 11.195 ], [ 76.619, 11.197 ], [ 76.611, 11.188 ], [ 76.599, 11.19 ], [ 76.59, 11.18 ], [ 76.578, 11.183 ], [ 76.569, 11.173 ], [ 76.573, 11.161 ], [ 76.565, 11.151 ], [ 76.569, 11.138 ], [ 76.561, 11.129 ], [ 76.565, 11.116 ], [ 76.556, 11.106 ], [ 76.544, 11.109 ], [ 76.54, 11.121 ], [ 76.548, 11.131 ], [ 76.544, 11.144 ], [ 76.532, 11.146 ], [ 76.528, 11.159 ], [ 76.515, 11.161 ], [ 76.507, 11.151 ], [ 76.511, 11.139 ], [ 76.503, 11.129 ], [ 76.507, 11.117 ], [ 76.498, 11.107 ], [ 76.502, 11.094 ], [ 76.494, 11.085 ], [ 76.481, 11.087 ], [ 76.477, 11.1 ], [ 76.465, 11.102 ], [ 76.461, 11.115 ], [ 76.449, 11.117 ], [ 76.445, 11.13 ], [ 76.432, 11.132 ], [ 76.428, 11.145 ], [ 76.437, 11.155 ], [ 76.433, 11.167 ], [ 76.42, 11.17 ], [ 76.412, 11.16 ], [ 76.416, 11.147 ], [ 76.408, 11.138 ], [ 76.412, 11.125 ], [ 76.403, 11.115 ], [ 76.391, 11.118 ], [ 76.383, 11.108 ], [ 76.386, 11.096 ], [ 76.399, 11.093 ], [ 76.403, 11.081 ], [ 76.415, 11.078 ], [ 76.419, 11.065 ], [ 76.432, 11.063 ], [ 76.44, 11.073 ], [ 76.452, 11.07 ], [ 76.456, 11.058 ], [ 76.469, 11.055 ], [ 76.477, 11.065 ], [ 76.489, 11.062 ] ] ] ] } },
{ "type": "Feature", "properties": { "POLYGON.ID": 411.0, "subregion": "India--Kerala--Palakkad--Silent Valley mountains", "POLYGON": "India--Kerala--Palakkad--Silent Valley mountains", "SHOW": "1", "FILTER": "India--Kerala--Southern and Northern Mountains(Above 1200m)", "FILTER.ID": "CL27579", "OLD.POLYGON": "1", "STATE": "Kerala", "COUNTY": "Palakkad", "OWNER": null }, "geometry": { "type": "MultiPolygon", "coordinates": [ [ [ [ 76.442, 11.212 ], [ 76.429, 11.214 ], [ 76.421, 11.204 ], [ 76.409, 11.207 ], [ 76.4, 11.197 ], [ 76.404, 11.185 ], [ 76.417, 11.182 ], [ 76.42, 11.17 ], [ 76.433, 11.167 ], [ 76.437, 11.155 ], [ 76.428, 11.145 ], [ 76.432, 11.132 ], [ 76.445, 11.13 ], [ 76.449, 11.117 ], [ 76.461, 11.115 ], [ 76.465, 11.102 ], [ 76.477, 11.1 ], [ 76.481, 11.087 ], [ 76.494, 11.085 ], [ 76.502, 11.094 ], [ 76.498, 11.107 ], [ 76.507, 11.117 ], [ 76.503, 11.129 ], [ 76.511, 11.139 ], [ 76.507, 11.151 ], [ 76.515, 11.161 ], [ 76.528, 11.159 ], [ 76.532, 11.146 ], [ 76.544, 11.144 ], [ 76.548, 11.131 ], [ 76.54, 11.121 ], [ 76.544, 11.109 ], [ 76.556, 11.106 ], [ 76.565, 11.116 ], [ 76.561, 11.129 ], [ 76.569, 11.138 ], [ 76.565, 11.151 ], [ 76.573, 11.161 ], [ 76.569, 11.173 ], [ 76.578, 11.183 ], [ 76.59, 11.18 ], [ 76.599, 11.19 ], [ 76.611, 11.188 ], [ 76.619, 11.197 ], [ 76.615, 11.21 ], [ 76.603, 11.213 ], [ 76.595, 11.203 ], [ 76.582, 11.205 ], [ 76.574, 11.195 ], [ 76.561, 11.198 ], [ 76.553, 11.188 ], [ 76.541, 11.191 ], [ 76.537, 11.203 ], [ 76.524, 11.206 ], [ 76.516, 11.196 ], [ 76.504, 11.199 ], [ 76.495, 11.189 ], [ 76.483, 11.191 ], [ 76.474, 11.182 ], [ 76.462, 11.184 ], [ 76.458, 11.197 ], [ 76.446, 11.199 ], [ 76.442, 11.212 ] ] ] ] } },
{ "type": "Feature", "properties": { "POLYGON.ID": 410.0, "subregion": "India--Kerala--Palakkad--Mannarakkad foothills", "POLYGON": "India--Kerala--Palakkad--Mannarakkad foothills", "SHOW": "1", "FILTER": "India--Kerala--Foothills and Midlands(40 to 200m and 200 to 600m)", "FILTER.ID": "CL27581", "OLD.POLYGON": "1", "STATE": "Kerala", "COUNTY": "Palakkad", "OWNER": null }, "geometry": { "type": "MultiPolygon", "coordinates": [ [ [ [ 76.366, 11.088 ], [ 76.378, 11.086 ], [ 76.382, 11.073 ], [ 76.394, 11.071 ], [ 76.398, 11.058 ], [ 76.411, 11.056 ], [ 76.415, 11.043 ], [ 76.427, 11.041 ], [ 76.435, 11.05 ], [ 76.448, 11.048 ], [ 76.452, 11.035 ], [ 76.464, 11.033 ], [ 76.473, 11.043 ], [ 76.485, 11.04 ], [ 76.489, 11.027 ], [ 76.501, 11.025 ], [ 76.51, 11.035 ], [ 76.522, 11.032 ], [ 76.526, 11.02 ], [ 76.538, 11.017 ], [ 76.542, 11.005 ], [ 76.555, 11.002 ], [ 76.559, 10.989 ], [ 76.571, 10.987 ], [ 76.575, 10.974 ], [ 76.567, 10.965 ], [ 76.571, 10.952 ], [ 76.562, 10.942 ], [ 76.566, 10.93 ], [ 76.579, 10.927 ], [ 76.583, 10.915 ], [ 76.595, 10.912 ], [ 76.603, 10.922 ], [ 76.599, 10.934 ], [ 76.587, 10.937 ], [ 76.583, 10.949 ], [ 76.591, 10.959 ], [ 76.587, 10.972 ], [ 76.596, 10.982 ], [ 76.592, 10.994 ], [ 76.6, 11.004 ], [ 76.596, 11.016 ], [ 76.584, 11.019 ], [ 76.575, 11.009 ], [ 76.563, 11.012 ], [ 76.559, 11.024 ], [ 76.568, 11.034 ], [ 76.564, 11.047 ], [ 76.572, 11.056 ], [ 76.568, 11.069 ], [ 76.576, 11.079 ], [ 76.572, 11.091 ], [ 76.56, 11.094 ], [ 76.552, 11.084 ], [ 76.539, 11.087 ], [ 76.531, 11.077 ], [ 76.535, 11.064 ], [ 76.526, 11.054 ], [ 76.514, 11.057 ], [ 76.506, 11.047 ], [ 76.493, 11.05 ], [ 76.489, 11.062 ], [ 76.477, 11.065 ], [ 76.469, 11.055 ], [ 76.456, 11.058 ], [ 76.452, 11.07 ], [ 76.44, 11.073 ], [ 76.432, 11.063 ], [ 76.419, 11.065 ], [ 76.415, 11.078 ], [ 76.403, 11.081 ], [ 76.399, 11.093 ], [ 76.386, 11.096 ], [ 76.383, 11.108 ], [ 76.37, 11.111 ], [ 76.362, 11.101 ], [ 76.366, 11.088 ] ] ] ] } },
{ "type": "Feature", "properties": { "POLYGON.ID": 409.0, "subregion": "India--Kerala--Palakkad--Attapady plataeu", "POLYGON": "India--Kerala--Palakkad--Attapady plataeu", "SHOW": "1", "FILTER": "India--Kerala--Foothills and Midlands(40 to 200m and 200 to 600m)", "FILTER.ID": "CL27581", "OLD.POLYGON": "1", "STATE": "Kerala", "COUNTY": "Palakkad", "OWNER": null }, "geometry": { "type": "MultiPolygon", "coordinates": [ [ [ [ 76.685, 11.172 ], [ 76.673, 11.175 ], [ 76.665, 11.165 ], [ 76.652, 11.167 ], [ 76.644, 11.157 ], [ 76.631, 11.16 ], [ 76.623, 11.15 ], [ 76.611, 11.153 ], [ 76.602, 11.143 ], [ 76.606, 11.131 ], [ 76.598, 11.121 ], [ 76.585, 11.123 ], [ 76.577, 11.113 ], [ 76.581, 11.101 ], [ 76.572, 11.091 ], [ 76.576, 11.079 ], [ 76.589, 11.076 ], [ 76.597, 11.086 ], [ 76.593, 11.098 ], [ 76.602, 11.108 ], [ 76.614, 11.106 ], [ 76.622, 11.115 ], [ 76.635, 11.113 ], [ 76.639, 11.1 ], [ 76.63, 11.091 ], [ 76.634, 11.078 ], [ 76.647, 11.075 ], [ 76.655, 11.085 ], [ 76.668, 11.083 ], [ 76.676, 11.093 ], [ 76.672, 11.105 ], [ 76.68, 11.115 ], [ 76.693, 11.112 ], [ 76.701, 11.122 ], [ 76.714, 11.119 ], [ 76.718, 11.107 ], [ 76.73, 11.104 ], [ 76.738, 11.114 ], [ 76.751, 11.112 ], [ 76.759, 11.121 ], [ 76.755, 11.134 ], [ 76.743, 11.137 ], [ 76.734, 11.127 ], [ 76.722, 11.129 ], [ 76.718, 11.142 ], [ 76.706, 11.144 ], [ 76.702, 11.157 ], [ 76.71, 11.167 ], [ 76.706, 11.179 ], [ 76.715, 11.189 ], [ 76.727, 11.186 ], [ 76.735, 11.196 ], [ 76.731, 11.209 ], [ 76.719, 11.211 ], [ 76.711, 11.201 ], [ 76.698, 11.204 ], [ 76.69, 11.194 ], [ 76.694, 11.182 ], [ 76.685, 11.172 ] ] ] ] } },
{ "type": "Feature", "properties": { "POLYGON.ID": 408.0, "subregion": "India--Kerala--Palakkad--Palakkad hills", "POLYGON": "India--Kerala--Palakkad--Palakkad hills", "SHOW": "1", "FILTER": "India--Kerala--High Ranges(600 to 1200m)", "FILTER.ID": "CL27582", "OLD.POLYGON": "1", "STATE": "Kerala", "COUNTY": "Palakkad", "OWNER": null }, "geometry": { "type": "MultiPolygon", "coordinates": [ [ [ [ 76.785, 10.895 ], [ 76.773, 10.897 ], [ 76.764, 10.888 ], [ 76.752, 10.89 ], [ 76.748, 10.903 ], [ 76.736, 10.905 ], [ 76.727, 10.896 ], [ 76.715, 10.898 ], [ 76.711, 10.911 ], [ 76.698, 10.913 ], [ 76.69, 10.903 ], [ 76.678, 10.906 ], [ 76.674, 10.919 ], [ 76.661, 10.921 ], [ 76.657, 10.934 ], [ 76.645, 10.936 ], [ 76.636, 10.926 ], [ 76.624, 10.929 ], [ 76.62, 10.942 ], [ 76.608, 10.944 ], [ 76.604, 10.957 ], [ 76.591, 10.959 ], [ 76.583, 10.949 ], [ 76.587, 10.937 ], [ 76.599, 10.934 ], [ 76.603, 10.922 ], [ 76.595, 10.912 ], [ 76.583, 10.915 ], [ 76.574, 10.905 ], [ 76.578, 10.892 ], [ 76.59, 10.89 ], [ 76.594, 10.877 ], [ 76.607, 10.875 ], [ 76.611, 10.862 ], [ 76.623, 10.86 ], [ 76.632, 10.869 ], [ 76.628, 10.882 ], [ 76.636, 10.892 ], [ 76.648, 10.889 ], [ 76.657, 10.899 ], [ 76.669, 10.896 ], [ 76.673, 10.884 ], [ 76.686, 10.881 ], [ 76.689, 10.869 ], [ 76.702, 10.866 ], [ 76.71, 10.876 ], [ 76.723, 10.873 ], [ 76.731, 10.883 ], [ 76.744, 10.88 ], [ 76.747, 10.868 ], [ 76.76, 10.865 ], [ 76.768, 10.875 ], [ 76.781, 10.872 ], [ 76.789, 10.882 ], [ 76.802, 10.88 ], [ 76.81, 10.89 ], [ 76.806, 10.902 ], [ 76.794, 10.905 ], [ 76.785, 10.895 ] ] ] ] } },
{ "type": "Feature", "properties": { "POLYGON.ID": 407.0, "subregion": "India--Kerala--Palakkad--Palakkad foothills", "POLYGON": "India--Kerala--Palakkad--Palakkad foothills", "SHOW": "1", "FILTER": "India--Kerala--Foothills and Midlands(40 to 200m and 200 to 600m)", "FILTER.ID": "CL27581", "OLD.POLYGON": "1", "STATE": "Kerala", "COUNTY": "Palakkad", "OWNER": null }, "geometry": { "type": "MultiPolygon", "coordinates": [ [ [ [ 76.843, 10.859 ], [ 76.839, 10.872 ], [ 76.826, 10.874 ], [ 76.822, 10.887 ], [ 76.81, 10.89 ], [ 76.802, 10.88 ], [ 76.789, 10.882 ], [ 76.781, 10.872 ], [ 76.768, 10.875 ], [ 76.76, 10.865 ], [ 76.747, 10.868 ], [ 76.744, 10.88 ], [ 76.731, 10.883 ], [ 76.723, 10.873 ], [ 76.727, 10.861 ], [ 76.739, 10.858 ], [ 76.743, 10.846 ], [ 76.735, 10.836 ], [ 76.739, 10.823 ], [ 76.751, 10.821 ], [ 76.759, 10.83 ], [ 76.772, 10.828 ], [ 76.78, 10.838 ], [ 76.793, 10.835 ], [ 76.801, 10.845 ], [ 76.813, 10.842 ], [ 76.822, 10.852 ], [ 76.834, 10.849 ], [ 76.843, 10.859 ] ] ] ] } },
{ "type": "Feature", "properties": { "POLYGON.ID": 406.0, "subregion": "India--Kerala--Palakkad--NE Nelliampathies", "POLYGON": "India--Kerala--Palakkad--NE Nelliampathies", "SHOW": "1", "FILTER": "India--Kerala--Foothills and Midlands(40 to 200m and 200 to 600m)", "FILTER.ID": "CL27581", "OLD.POLYGON": "1", "STATE": "Kerala", "COUNTY": "Palakkad", "OWNER": null }, "geometry": { "type": "MultiPolygon", "coordinates": [ [ [ [ 76.806, 10.576 ], [ 76.797, 10.566 ], [ 76.785, 10.569 ], [ 76.776, 10.559 ], [ 76.78, 10.547 ], [ 76.793, 10.544 ], [ 76.801, 10.554 ], [ 76.813, 10.551 ], [ 76.817, 10.539 ], [ 76.809, 10.529 ], [ 76.813, 10.516 ], [ 76.825, 10.514 ], [ 76.834, 10.523 ], [ 76.846, 10.521 ], [ 76.855, 10.531 ], [ 76.851, 10.543 ], [ 76.859, 10.553 ], [ 76.855, 10.565 ], [ 76.843, 10.568 ], [ 76.839, 10.581 ], [ 76.847, 10.59 ], [ 76.843, 10.603 ], [ 76.831, 10.606 ], [ 76.822, 10.596 ], [ 76.81, 10.598 ], [ 76.802, 10.589 ], [ 76.806, 10.576 ] ] ] ] } },
{ "type": "Feature", "properties": { "POLYGON.ID": 405.0, "subregion": "India--Kerala--Palakkad--Nelliampathy foothills", "POLYGON": "India--Kerala--Palakkad--Nelliampathy foothills", "SHOW": "1", "FILTER": "India--Kerala--Foothills and Midlands(40 to 200m and 200 to 600m)", "FILTER.ID": "CL27581", "OLD.POLYGON": "1", "STATE": "Kerala", "COUNTY": "Palakkad", "OWNER": null }, "geometry": { "type": "MultiPolygon", "coordinates": [ [ [ [ 76.494, 10.504 ], [ 76.482, 10.506 ], [ 76.474, 10.496 ], [ 76.478, 10.484 ], [ 76.49, 10.481 ], [ 76.498, 10.491 ], [ 76.511, 10.488 ], [ 76.515, 10.476 ], [ 76.527, 10.473 ], [ 76.531, 10.461 ], [ 76.543, 10.458 ], [ 76.552, 10.468 ], [ 76.564, 10.465 ], [ 76.568, 10.453 ], [ 76.58, 10.45 ], [ 76.589, 10.46 ], [ 76.585, 10.472 ], [ 76.593, 10.482 ], [ 76.589, 10.495 ], [ 76.598, 10.505 ], [ 76.61, 10.502 ], [ 76.618, 10.512 ], [ 76.631, 10.509 ], [ 76.639, 10.519 ], [ 76.652, 10.516 ], [ 76.66, 10.526 ], [ 76.656, 10.539 ], [ 76.664, 10.548 ], [ 76.677, 10.546 ], [ 76.685, 10.556 ], [ 76.681, 10.568 ], [ 76.669, 10.571 ], [ 76.66, 10.561 ], [ 76.648, 10.564 ], [ 76.64, 10.554 ], [ 76.644, 10.541 ], [ 76.635, 10.531 ], [ 76.623, 10.534 ], [ 76.614, 10.524 ], [ 76.602, 10.527 ], [ 76.594, 10.517 ], [ 76.581, 10.52 ], [ 76.573, 10.51 ], [ 76.577, 10.497 ], [ 76.569, 10.488 ], [ 76.556, 10.49 ], [ 76.548, 10.48 ], [ 76.535, 10.483 ], [ 76.532, 10.496 ], [ 76.519, 10.498 ], [ 76.515, 10.511 ], [ 76.503, 10.513 ], [ 76.494, 10.504 ] ] ] ] } },
{ "type": "Feature", "properties": { "POLYGON.ID": 404.0, "subregion": "India--Kerala--Palakkad--Upper Nelliampathies", "POLYGON": "India--Kerala--Palakkad--Upper Nelliampathies", "SHOW": "1", "FILTER": "India--Kerala--High Ranges(600 to 1200m)", "FILTER.ID": "CL27582", "OLD.POLYGON": "1", "STATE": "Kerala", "COUNTY": "Palakkad", "OWNER": null }, "geometry": { "type": "MultiPolygon", "coordinates": [ [ [ [ 76.631, 10.509 ], [ 76.618, 10.512 ], [ 76.61, 10.502 ], [ 76.598, 10.505 ], [ 76.589, 10.495 ], [ 76.593, 10.482 ], [ 76.585, 10.472 ], [ 76.589, 10.46 ], [ 76.58, 10.45 ], [ 76.568, 10.453 ], [ 76.564, 10.465 ], [ 76.552, 10.468 ], [ 76.543, 10.458 ], [ 76.547, 10.446 ], [ 76.56, 10.443 ], [ 76.564, 10.431 ], [ 76.576, 10.428 ], [ 76.584, 10.438 ], [ 76.597, 10.435 ], [ 76.601, 10.423 ], [ 76.613, 10.42 ], [ 76.617, 10.407 ], [ 76.609, 10.398 ], [ 76.613, 10.385 ], [ 76.625, 10.382 ], [ 76.633, 10.392 ], [ 76.646, 10.39 ], [ 76.654, 10.399 ], [ 76.667, 10.397 ], [ 76.675, 10.407 ], [ 76.687, 10.404 ], [ 76.696, 10.414 ], [ 76.708, 10.411 ], [ 76.716, 10.421 ], [ 76.712, 10.433 ], [ 76.721, 10.443 ], [ 76.717, 10.456 ], [ 76.725, 10.465 ], [ 76.721, 10.478 ], [ 76.73, 10.488 ], [ 76.742, 10.485 ], [ 76.751, 10.495 ], [ 76.763, 10.492 ], [ 76.767, 10.48 ], [ 76.779, 10.477 ], [ 76.788, 10.487 ], [ 76.8, 10.484 ], [ 76.804, 10.472 ], [ 76.816, 10.469 ], [ 76.82, 10.457 ], [ 76.833, 10.454 ], [ 76.841, 10.464 ], [ 76.837, 10.476 ], [ 76.846, 10.486 ], [ 76.842, 10.498 ], [ 76.85, 10.508 ], [ 76.846, 10.521 ], [ 76.834, 10.523 ], [ 76.825, 10.514 ], [ 76.813, 10.516 ], [ 76.809, 10.529 ], [ 76.817, 10.539 ], [ 76.813, 10.551 ], [ 76.801, 10.554 ], [ 76.793, 10.544 ], [ 76.78, 10.547 ], [ 76.776, 10.559 ], [ 76.764, 10.562 ], [ 76.76, 10.574 ], [ 76.748, 10.577 ], [ 76.739, 10.567 ], [ 76.727, 10.57 ], [ 76.718, 10.56 ], [ 76.706, 10.563 ], [ 76.698, 10.553 ], [ 76.685, 10.556 ], [ 76.677, 10.546 ], [ 76.664, 10.548 ], [ 76.656, 10.539 ], [ 76.66, 10.526 ], [ 76.652, 10.516 ], [ 76.639, 10.519 ], [ 76.631, 10.509 ] ] ] ] } },
{ "type": "Feature", "properties": { "POLYGON.ID": 403.0, "subregion": "India--Kerala--Palakkad--Parambikulam Plateau", "POLYGON": "India--Kerala--Palakkad--Parambikulam Plateau", "SHOW": "1", "FILTER": "India--Kerala--Foothills and Midlands(40 to 200m and 200 to 600m)", "FILTER.ID": "CL27581", "OLD.POLYGON": "1", "STATE": "Kerala", "COUNTY": "Palakkad", "OWNER": null }, "geometry": { "type": "MultiPolygon", "coordinates": [ [ [ [ 76.786, 10.382 ], [ 76.799, 10.38 ], [ 76.803, 10.367 ], [ 76.815, 10.365 ], [ 76.819, 10.352 ], [ 76.831, 10.349 ], [ 76.84, 10.359 ], [ 76.852, 10.357 ], [ 76.861, 10.366 ], [ 76.857, 10.379 ], [ 76.844, 10.382 ], [ 76.84, 10.394 ], [ 76.849, 10.404 ], [ 76.845, 10.416 ], [ 76.832, 10.419 ], [ 76.828, 10.432 ], [ 76.837, 10.441 ], [ 76.833, 10.454 ], [ 76.82, 10.457 ], [ 76.816, 10.469 ], [ 76.804, 10.472 ], [ 76.8, 10.484 ], [ 76.788, 10.487 ], [ 76.779, 10.477 ], [ 76.767, 10.48 ], [ 76.763, 10.492 ], [ 76.751, 10.495 ], [ 76.742, 10.485 ], [ 76.73, 10.488 ], [ 76.721, 10.478 ], [ 76.725, 10.465 ], [ 76.717, 10.456 ], [ 76.721, 10.443 ], [ 76.712, 10.433 ], [ 76.716, 10.421 ], [ 76.708, 10.411 ], [ 76.696, 10.414 ], [ 76.687, 10.404 ], [ 76.675, 10.407 ], [ 76.667, 10.397 ], [ 76.654, 10.399 ], [ 76.646, 10.39 ], [ 76.65, 10.377 ], [ 76.662, 10.374 ], [ 76.67, 10.384 ], [ 76.683, 10.382 ], [ 76.687, 10.369 ], [ 76.699, 10.366 ], [ 76.708, 10.376 ], [ 76.72, 10.374 ], [ 76.728, 10.383 ], [ 76.741, 10.381 ], [ 76.745, 10.368 ], [ 76.757, 10.365 ], [ 76.765, 10.375 ], [ 76.778, 10.373 ], [ 76.786, 10.382 ] ] ] ] } },
{ "type": "Feature", "properties": { "POLYGON.ID": 402.0, "subregion": "India--Kerala--Palakkad--Parambikulam hills", "POLYGON": "India--Kerala--Palakkad--Parambikulam hills", "SHOW": "1", "FILTER": "India--Kerala--High Ranges(600 to 1200m)", "FILTER.ID": "CL27582", "OLD.POLYGON": "1", "STATE": "Kerala", "COUNTY": "Palakkad", "OWNER": null }, "geometry": { "type": "MultiPolygon", "coordinates": [ [ [ [ 76.786, 10.382 ], [ 76.778, 10.373 ], [ 76.765, 10.375 ], [ 76.757, 10.365 ], [ 76.761, 10.353 ], [ 76.753, 10.343 ], [ 76.757, 10.331 ], [ 76.769, 10.328 ], [ 76.777, 10.338 ], [ 76.79, 10.335 ], [ 76.798, 10.345 ], [ 76.811, 10.342 ], [ 76.819, 10.352 ], [ 76.815, 10.365 ], [ 76.803, 10.367 ], [ 76.799, 10.38 ], [ 76.786, 10.382 ] ] ] ] } },
{ "type": "Feature", "properties": { "POLYGON.ID": 401.0, "subregion": "India--Kerala--Thrissur--Guruvayur", "POLYGON": "India--Kerala--Thrissur--Guruvayur", "SHOW": "1", "FILTER": "India--Kerala--Coast (0 to 40m)", "FILTER.ID": "CL30086", "OLD.POLYGON": "1", "STATE": "Kerala", "COUNTY": "Thrissur", "OWNER": null }, "geometry": { "type": "MultiPolygon", "coordinates": [ [ [ [ 76.034, 10.579 ], [ 76.026, 10.569 ], [ 76.03, 10.557 ], [ 76.042, 10.554 ], [ 76.046, 10.542 ], [ 76.038, 10.532 ], [ 76.042, 10.52 ], [ 76.054, 10.517 ], [ 76.058, 10.504 ], [ 76.071, 10.502 ], [ 76.074, 10.489 ], [ 76.066, 10.48 ], [ 76.07, 10.467 ], [ 76.082, 10.465 ], [ 76.091, 10.474 ], [ 76.087, 10.487 ], [ 76.095, 10.497 ], [ 76.091, 10.509 ], [ 76.099, 10.519 ], [ 76.112, 10.516 ], [ 76.12, 10.526 ], [ 76.116, 10.538 ], [ 76.104, 10.541 ], [ 76.1, 10.553 ], [ 76.108, 10.563 ], [ 76.104, 10.576 ], [ 76.092, 10.578 ], [ 76.088, 10.591 ], [ 76.076, 10.593 ], [ 76.072, 10.606 ], [ 76.08, 10.616 ], [ 76.076, 10.628 ], [ 76.064, 10.631 ], [ 76.055, 10.621 ], [ 76.059, 10.608 ], [ 76.051, 10.599 ], [ 76.039, 10.601 ], [ 76.03, 10.591 ], [ 76.034, 10.579 ] ] ] ] } },
{ "type": "Feature", "properties": { "POLYGON.ID": 422.0, "subregion": "India--Kerala--Malappuram--Nilambur lowlands", "POLYGON": "India--Kerala--Malappuram--Nilambur lowlands", "SHOW": "1", "FILTER": "India--Kerala--Coast (0 to 40m)", "FILTER.ID": "CL30086", "OLD.POLYGON": "1", "STATE": "Kerala", "COUNTY": "Malappuram", "OWNER": null }, "geometry": { "type": "MultiPolygon", "coordinates": [ [ [ [ 76.182, 11.231 ], [ 76.174, 11.222 ], [ 76.178, 11.209 ], [ 76.169, 11.199 ], [ 76.173, 11.187 ], [ 76.185, 11.184 ], [ 76.194, 11.194 ], [ 76.206, 11.192 ], [ 76.215, 11.201 ], [ 76.211, 11.214 ], [ 76.219, 11.224 ], [ 76.231, 11.221 ], [ 76.235, 11.209 ], [ 76.248, 11.206 ], [ 76.256, 11.216 ], [ 76.252, 11.228 ], [ 76.26, 11.238 ], [ 76.273, 11.236 ], [ 76.281, 11.245 ], [ 76.277, 11.258 ], [ 76.265, 11.26 ], [ 76.261, 11.273 ], [ 76.269, 11.283 ], [ 76.281, 11.28 ], [ 76.29, 11.29 ], [ 76.302, 11.287 ], [ 76.311, 11.297 ], [ 76.307, 11.31 ], [ 76.294, 11.312 ], [ 76.29, 11.325 ], [ 76.299, 11.334 ], [ 76.311, 11.332 ], [ 76.319, 11.342 ], [ 76.315, 11.354 ], [ 76.303, 11.357 ], [ 76.295, 11.347 ], [ 76.282, 11.35 ], [ 76.274, 11.34 ], [ 76.262, 11.342 ], [ 76.253, 11.332 ], [ 76.241, 11.335 ], [ 76.237, 11.347 ], [ 76.225, 11.35 ], [ 76.216, 11.34 ], [ 76.22, 11.328 ], [ 76.233, 11.325 ], [ 76.237, 11.313 ], [ 76.228, 11.303 ], [ 76.216, 11.305 ], [ 76.212, 11.318 ], [ 76.199, 11.32 ], [ 76.196, 11.333 ], [ 76.183, 11.335 ], [ 76.175, 11.326 ], [ 76.179, 11.313 ], [ 76.191, 11.311 ], [ 76.195, 11.298 ], [ 76.187, 11.288 ], [ 76.191, 11.276 ], [ 76.182, 11.266 ], [ 76.17, 11.269 ], [ 76.162, 11.259 ], [ 76.166, 11.246 ], [ 76.178, 11.244 ], [ 76.182, 11.231 ] ] ] ] } },
{ "type": "Feature", "properties": { "POLYGON.ID": 423.0, "subregion": "India--Kerala--Malappuram--Foothills", "POLYGON": "India--Kerala--Malappuram--Foothills", "SHOW": "1", "FILTER": "India--Kerala--Foothills and Midlands(40 to 200m and 200 to 600m)", "FILTER.ID": "CL27581", "OLD.POLYGON": "1", "STATE": "Kerala", "COUNTY": "Malappuram", "OWNER": null }, "geometry": { "type": "MultiPolygon", "coordinates": [ [ [ [ 76.382, 11.398 ], [ 76.386, 11.386 ], [ 76.398, 11.383 ], [ 76.402, 11.371 ], [ 76.394, 11.361 ], [ 76.398, 11.349 ], [ 76.41, 11.346 ], [ 76.414, 11.333 ], [ 76.406, 11.324 ], [ 76.41, 11.311 ], [ 76.402, 11.301 ], [ 76.405, 11.289 ], [ 76.397, 11.279 ], [ 76.385, 11.282 ], [ 76.376, 11.272 ], [ 76.38, 11.259 ], [ 76.372, 11.25 ], [ 76.376, 11.237 ], [ 76.368, 11.227 ], [ 76.371, 11.215 ], [ 76.363, 11.205 ], [ 76.351, 11.208 ], [ 76.342, 11.198 ], [ 76.346, 11.185 ], [ 76.359, 11.183 ], [ 76.363, 11.17 ], [ 76.375, 11.168 ], [ 76.379, 11.155 ], [ 76.371, 11.145 ], [ 76.375, 11.133 ], [ 76.366, 11.123 ], [ 76.37, 11.111 ], [ 76.383, 11.108 ], [ 76.391, 11.118 ], [ 76.403, 11.115 ], [ 76.412, 11.125 ], [ 76.408, 11.138 ], [ 76.395, 11.14 ], [ 76.391, 11.153 ], [ 76.4, 11.162 ], [ 76.396, 11.175 ], [ 76.383, 11.177 ], [ 76.379, 11.19 ], [ 76.388, 11.2 ], [ 76.384, 11.212 ], [ 76.392, 11.222 ], [ 76.388, 11.234 ], [ 76.397, 11.244 ], [ 76.393, 11.257 ], [ 76.401, 11.267 ], [ 76.413, 11.264 ], [ 76.422, 11.274 ], [ 76.418, 11.286 ], [ 76.426, 11.296 ], [ 76.439, 11.294 ], [ 76.447, 11.303 ], [ 76.459, 11.301 ], [ 76.468, 11.311 ], [ 76.464, 11.323 ], [ 76.451, 11.326 ], [ 76.447, 11.338 ], [ 76.435, 11.341 ], [ 76.431, 11.353 ], [ 76.419, 11.356 ], [ 76.415, 11.368 ], [ 76.423, 11.378 ], [ 76.419, 11.391 ], [ 76.428, 11.4 ], [ 76.424, 11.413 ], [ 76.432, 11.423 ], [ 76.428, 11.435 ], [ 76.416, 11.438 ], [ 76.412, 11.45 ], [ 76.399, 11.453 ], [ 76.395, 11.465 ], [ 76.383, 11.468 ], [ 76.375, 11.458 ], [ 76.362, 11.46 ], [ 76.358, 11.473 ], [ 76.346, 11.475 ], [ 76.337, 11.466 ], [ 76.325, 11.468 ], [ 76.321, 11.481 ], [ 76.309, 11.483 ], [ 76.305, 11.496 ], [ 76.292, 11.498 ], [ 76.284, 11.488 ], [ 76.272, 11.491 ], [ 76.268, 11.503 ], [ 76.255, 11.506 ], [ 76.251, 11.518 ], [ 76.239, 11.521 ], [ 76.231, 11.511 ], [ 76.218, 11.514 ], [ 76.21, 11.504 ], [ 76.198, 11.506 ], [ 76.189, 11.496 ], [ 76.193, 11.484 ], [ 76.185, 11.474 ], [ 76.189, 11.462 ], [ 76.18, 11.452 ], [ 76.184, 11.439 ], [ 76.176, 11.43 ], [ 76.18, 11.417 ], [ 76.192, 11.415 ], [ 76.196, 11.402 ], [ 76.209, 11.4 ], [ 76.213, 11.387 ], [ 76.204, 11.377 ], [ 76.192, 11.38 ], [ 76.184, 11.37 ], [ 76.171, 11.373 ], [ 76.163, 11.363 ], [ 76.151, 11.365 ], [ 76.142, 11.356 ], [ 76.13, 11.358 ], [ 76.122, 11.348 ], [ 76.126, 11.336 ], [ 76.138, 11.333 ], [ 76.142, 11.321 ], [ 76.133, 11.311 ], [ 76.137, 11.299 ], [ 76.129, 11.289 ], [ 76.117, 11.291 ], [ 76.113, 11.304 ], [ 76.1, 11.306 ], [ 76.092, 11.297 ], [ 76.096, 11.284 ], [ 76.108, 11.282 ], [ 76.112, 11.269 ], [ 76.125, 11.267 ], [ 76.129, 11.254 ], [ 76.141, 11.252 ], [ 76.149, 11.261 ], [ 76.145, 11.274 ], [ 76.154, 11.284 ], [ 76.15, 11.296 ], [ 76.158, 11.306 ], [ 76.154, 11.318 ], [ 76.162, 11.328 ], [ 76.159, 11.341 ], [ 76.167, 11.35 ], [ 76.179, 11.348 ], [ 76.188, 11.358 ], [ 76.2, 11.355 ], [ 76.208, 11.365 ], [ 76.221, 11.362 ], [ 76.229, 11.372 ], [ 76.225, 11.385 ], [ 76.233, 11.395 ], [ 76.229, 11.407 ], [ 76.217, 11.41 ], [ 76.213, 11.422 ], [ 76.221, 11.432 ], [ 76.217, 11.444 ], [ 76.226, 11.454 ], [ 76.222, 11.466 ], [ 76.23, 11.476 ], [ 76.243, 11.474 ], [ 76.247, 11.461 ], [ 76.259, 11.459 ], [ 76.267, 11.469 ], [ 76.28, 11.466 ], [ 76.284, 11.454 ], [ 76.275, 11.444 ], [ 76.279, 11.431 ], [ 76.292, 11.429 ], [ 76.3, 11.439 ], [ 76.312, 11.436 ], [ 76.321, 11.446 ], [ 76.333, 11.443 ], [ 76.337, 11.431 ], [ 76.349, 11.428 ], [ 76.353, 11.416 ], [ 76.366, 11.413 ], [ 76.37, 11.401 ], [ 76.382, 11.398 ] ] ] ] } },
{ "type": "Feature", "properties": { "POLYGON.ID": 424.0, "subregion": "India--Kerala--Malappuram--Mukurti Slopes", "POLYGON": "India--Kerala--Malappuram--Mukurti Slopes", "SHOW": "1", "FILTER": "India--Kerala--Southern and Northern Mountains(Above 1200m)", "FILTER.ID": "CL27579", "OLD.POLYGON": "1", "STATE": "Kerala", "COUNTY": "Malappuram", "OWNER": null }, "geometry": { "type": "MultiPolygon", "coordinates": [ [ [ [ 76.436, 11.375 ], [ 76.439, 11.363 ], [ 76.452, 11.36 ], [ 76.46, 11.37 ], [ 76.473, 11.368 ], [ 76.477, 11.355 ], [ 76.489, 11.353 ], [ 76.493, 11.34 ], [ 76.505, 11.338 ], [ 76.509, 11.325 ], [ 76.501, 11.315 ], [ 76.505, 11.303 ], [ 76.496, 11.293 ], [ 76.5, 11.281 ], [ 76.492, 11.271 ], [ 76.48, 11.273 ], [ 76.471, 11.263 ], [ 76.459, 11.266 ], [ 76.451, 11.256 ], [ 76.438, 11.259 ], [ 76.43, 11.249 ], [ 76.434, 11.237 ], [ 76.425, 11.227 ], [ 76.429, 11.214 ], [ 76.442, 11.212 ], [ 76.45, 11.222 ], [ 76.446, 11.234 ], [ 76.454, 11.244 ], [ 76.467, 11.241 ], [ 76.475, 11.251 ], [ 76.488, 11.248 ], [ 76.496, 11.258 ], [ 76.508, 11.256 ], [ 76.517, 11.266 ], [ 76.513, 11.278 ], [ 76.521, 11.288 ], [ 76.534, 11.285 ], [ 76.542, 11.295 ], [ 76.538, 11.308 ], [ 76.546, 11.317 ], [ 76.542, 11.33 ], [ 76.551, 11.34 ], [ 76.547, 11.352 ], [ 76.535, 11.355 ], [ 76.531, 11.367 ], [ 76.518, 11.37 ], [ 76.514, 11.382 ], [ 76.502, 11.385 ], [ 76.493, 11.375 ], [ 76.481, 11.378 ], [ 76.477, 11.39 ], [ 76.465, 11.393 ], [ 76.456, 11.383 ], [ 76.444, 11.385 ], [ 76.436, 11.375 ] ] ] ] } },
{ "type": "Feature", "properties": { "POLYGON.ID": 425.0, "subregion": "India--Kerala--Malappuram--Karimpuzha WLS highlands", "POLYGON": "India--Kerala--Malappuram--Karimpuzha WLS highlands", "SHOW": "1", "FILTER": "India--Kerala--High Ranges(600 to 1200m)", "FILTER.ID": "CL27582", "OLD.POLYGON": "1", "STATE": "Kerala", "COUNTY": "Malappuram", "OWNER": null }, "geometry": { "type": "MultiPolygon", "coordinates": [ [ [ [ 76.477, 11.355 ], [ 76.473, 11.368 ], [ 76.46, 11.37 ], [ 76.452, 11.36 ], [ 76.439, 11.363 ], [ 76.431, 11.353 ], [ 76.435, 11.341 ], [ 76.447, 11.338 ], [ 76.451, 11.326 ], [ 76.464, 11.323 ], [ 76.468, 11.311 ], [ 76.459, 11.301 ], [ 76.447, 11.303 ], [ 76.439, 11.294 ], [ 76.426, 11.296 ], [ 76.418, 11.286 ], [ 76.422, 11.274 ], [ 76.413, 11.264 ], [ 76.401, 11.267 ], [ 76.393, 11.257 ], [ 76.397, 11.244 ], [ 76.388, 11.234 ], [ 76.392, 11.222 ], [ 76.384, 11.212 ], [ 76.388, 11.2 ], [ 76.379, 11.19 ], [ 76.383, 11.177 ], [ 76.396, 11.175 ], [ 76.4, 11.162 ], [ 76.391, 11.153 ], [ 76.395, 11.14 ], [ 76.408, 11.138 ], [ 76.416, 11.147 ], [ 76.412, 11.16 ], [ 76.42, 11.17 ], [ 76.417, 11.182 ], [ 76.404, 11.185 ], [ 76.4, 11.197 ], [ 76.409, 11.207 ], [ 76.421, 11.204 ], [ 76.429, 11.214 ], [ 76.425, 11.227 ], [ 76.434, 11.237 ], [ 76.43, 11.249 ], [ 76.438, 11.259 ], [ 76.451, 11.256 ], [ 76.459, 11.266 ], [ 76.471, 11.263 ], [ 76.48, 11.273 ], [ 76.492, 11.271 ], [ 76.5, 11.281 ], [ 76.496, 11.293 ], [ 76.505, 11.303 ], [ 76.501, 11.315 ], [ 76.509, 11.325 ], [ 76.505, 11.338 ], [ 76.493, 11.34 ], [ 76.489, 11.353 ], [ 76.477, 11.355 ] ] ] ] } },
{ "type": "Feature", "properties": { "POLYGON.ID": 426.0, "subregion": "India--Kerala--Malappuram--Plains", "POLYGON": "India--Kerala--Malappuram--Plains", "SHOW": "1", "FILTER": "India--Kerala--Coast (0 to 40m)", "FILTER.ID": "CL30086", "OLD.POLYGON": "1", "STATE": "Kerala", "COUNTY": "Malappuram", "OWNER": null }, "geometry": { "type": "MultiPolygon", "coordinates": [ [ [ [ 75.848, 11.128 ], [ 75.852, 11.115 ], [ 75.843, 11.106 ], [ 75.847, 11.093 ], [ 75.86, 11.091 ], [ 75.864, 11.078 ], [ 75.855, 11.068 ], [ 75.859, 11.056 ], [ 75.872, 11.053 ], [ 75.876, 11.041 ], [ 75.867, 11.031 ], [ 75.871, 11.019 ], [ 75.883, 11.016 ], [ 75.887, 11.004 ], [ 75.879, 10.994 ], [ 75.883, 10.982 ], [ 75.895, 10.979 ], [ 75.899, 10.967 ], [ 75.891, 10.957 ], [ 75.895, 10.944 ], [ 75.887, 10.935 ], [ 75.891, 10.922 ], [ 75.903, 10.92 ], [ 75.907, 10.907 ], [ 75.899, 10.897 ], [ 75.903, 10.885 ], [ 75.915, 10.882 ], [ 75.919, 10.87 ], [ 75.91, 10.86 ], [ 75.914, 10.848 ], [ 75.927, 10.845 ], [ 75.931, 10.833 ], [ 75.922, 10.823 ], [ 75.926, 10.81 ], [ 75.939, 10.808 ], [ 75.943, 10.795 ], [ 75.934, 10.786 ], [ 75.938, 10.773 ], [ 75.95, 10.771 ], [ 75.954, 10.758 ], [ 75.946, 10.748 ], [ 75.95, 10.736 ], [ 75.962, 10.733 ], [ 75.966, 10.721 ], [ 75.958, 10.711 ], [ 75.962, 10.699 ], [ 75.974, 10.696 ], [ 75.983, 10.706 ], [ 75.995, 10.703 ], [ 75.999, 10.691 ], [ 76.011, 10.688 ], [ 76.019, 10.698 ], [ 76.032, 10.695 ], [ 76.04, 10.705 ], [ 76.052, 10.703 ], [ 76.061, 10.712 ], [ 76.057, 10.725 ], [ 76.065, 10.735 ], [ 76.061, 10.747 ], [ 76.049, 10.75 ], [ 76.045, 10.762 ], [ 76.053, 10.772 ], [ 76.049, 10.784 ], [ 76.057, 10.794 ], [ 76.054, 10.807 ], [ 76.041, 10.809 ], [ 76.037, 10.822 ], [ 76.046, 10.831 ], [ 76.042, 10.844 ], [ 76.05, 10.854 ], [ 76.046, 10.866 ], [ 76.034, 10.869 ], [ 76.03, 10.881 ], [ 76.038, 10.891 ], [ 76.034, 10.903 ], [ 76.022, 10.906 ], [ 76.013, 10.896 ], [ 76.001, 10.899 ], [ 75.997, 10.911 ], [ 75.985, 10.914 ], [ 75.981, 10.926 ], [ 75.969, 10.929 ], [ 75.965, 10.941 ], [ 75.952, 10.944 ], [ 75.948, 10.956 ], [ 75.957, 10.966 ], [ 75.969, 10.963 ], [ 75.977, 10.973 ], [ 75.99, 10.971 ], [ 75.998, 10.98 ], [ 76.01, 10.978 ], [ 76.014, 10.965 ], [ 76.027, 10.963 ], [ 76.035, 10.973 ], [ 76.047, 10.97 ], [ 76.056, 10.98 ], [ 76.068, 10.977 ], [ 76.076, 10.987 ], [ 76.072, 11.0 ], [ 76.081, 11.009 ], [ 76.077, 11.022 ], [ 76.085, 11.032 ], [ 76.081, 11.044 ], [ 76.089, 11.054 ], [ 76.085, 11.066 ], [ 76.073, 11.069 ], [ 76.065, 11.059 ], [ 76.052, 11.062 ], [ 76.044, 11.052 ], [ 76.032, 11.054 ], [ 76.028, 11.067 ], [ 76.015, 11.069 ], [ 76.007, 11.06 ], [ 75.995, 11.062 ], [ 75.986, 11.052 ], [ 75.974, 11.055 ], [ 75.97, 11.067 ], [ 75.958, 11.07 ], [ 75.95, 11.06 ], [ 75.937, 11.063 ], [ 75.933, 11.075 ], [ 75.942, 11.085 ], [ 75.938, 11.097 ], [ 75.925, 11.1 ], [ 75.921, 11.112 ], [ 75.909, 11.115 ], [ 75.901, 11.105 ], [ 75.889, 11.108 ], [ 75.885, 11.12 ], [ 75.893, 11.13 ], [ 75.889, 11.142 ], [ 75.897, 11.152 ], [ 75.91, 11.15 ], [ 75.918, 11.159 ], [ 75.914, 11.172 ], [ 75.922, 11.182 ], [ 75.918, 11.194 ], [ 75.906, 11.197 ], [ 75.898, 11.187 ], [ 75.902, 11.174 ], [ 75.893, 11.164 ], [ 75.881, 11.167 ], [ 75.873, 11.157 ], [ 75.86, 11.16 ], [ 75.852, 11.15 ], [ 75.856, 11.138 ], [ 75.848, 11.128 ] ] ] ] } },
{ "type": "Feature", "properties": { "POLYGON.ID": 427.0, "subregion": "India--Kerala--Malappuram--Nilambur midlands", "POLYGON": "India--Kerala--Malappuram--Nilambur midlands", "SHOW": "1", "FILTER": "India--Kerala--Foothills and Midlands(40 to 200m and 200 to 600m)", "FILTER.ID": "CL27581", "OLD.POLYGON": "1", "STATE": "Kerala", "COUNTY": "Malappuram", "OWNER": null }, "geometry": { "type": "MultiPolygon", "coordinates": [ [ [ [ 76.363, 11.17 ], [ 76.359, 11.183 ], [ 76.346, 11.185 ], [ 76.342, 11.198 ], [ 76.351, 11.208 ], [ 76.363, 11.205 ], [ 76.371, 11.215 ], [ 76.368, 11.227 ], [ 76.376, 11.237 ], [ 76.372, 11.25 ], [ 76.38, 11.259 ], [ 76.376, 11.272 ], [ 76.385, 11.282 ], [ 76.397, 11.279 ], [ 76.405, 11.289 ], [ 76.402, 11.301 ], [ 76.41, 11.311 ], [ 76.406, 11.324 ], [ 76.414, 11.333 ], [ 76.41, 11.346 ], [ 76.398, 11.349 ], [ 76.394, 11.361 ], [ 76.402, 11.371 ], [ 76.398, 11.383 ], [ 76.386, 11.386 ], [ 76.382, 11.398 ], [ 76.37, 11.401 ], [ 76.366, 11.413 ], [ 76.353, 11.416 ], [ 76.349, 11.428 ], [ 76.337, 11.431 ], [ 76.333, 11.443 ], [ 76.321, 11.446 ], [ 76.312, 11.436 ], [ 76.3, 11.439 ], [ 76.292, 11.429 ], [ 76.279, 11.431 ], [ 76.275, 11.444 ], [ 76.284, 11.454 ], [ 76.28, 11.466 ], [ 76.267, 11.469 ], [ 76.259, 11.459 ], [ 76.247, 11.461 ], [ 76.243, 11.474 ], [ 76.23, 11.476 ], [ 76.222, 11.466 ], [ 76.226, 11.454 ], [ 76.217, 11.444 ], [ 76.221, 11.432 ], [ 76.213, 11.422 ], [ 76.217, 11.41 ], [ 76.229, 11.407 ], [ 76.233, 11.395 ], [ 76.225, 11.385 ], [ 76.229, 11.372 ], [ 76.221, 11.362 ], [ 76.208, 11.365 ], [ 76.2, 11.355 ], [ 76.188, 11.358 ], [ 76.179, 11.348 ], [ 76.167, 11.35 ], [ 76.159, 11.341 ], [ 76.162, 11.328 ], [ 76.154, 11.318 ], [ 76.158, 11.306 ], [ 76.15, 11.296 ], [ 76.154, 11.284 ], [ 76.145, 11.274 ], [ 76.149, 11.261 ], [ 76.141, 11.252 ], [ 76.129, 11.254 ], [ 76.125, 11.267 ], [ 76.112, 11.269 ], [ 76.108, 11.282 ], [ 76.096, 11.284 ], [ 76.092, 11.297 ], [ 76.08, 11.299 ], [ 76.071, 11.289 ], [ 76.075, 11.277 ], [ 76.067, 11.267 ], [ 76.071, 11.255 ], [ 76.083, 11.252 ], [ 76.087, 11.24 ], [ 76.1, 11.237 ], [ 76.108, 11.247 ], [ 76.12, 11.244 ], [ 76.124, 11.232 ], [ 76.137, 11.229 ], [ 76.141, 11.217 ], [ 76.153, 11.214 ], [ 76.157, 11.202 ], [ 76.149, 11.192 ], [ 76.152, 11.18 ], [ 76.165, 11.177 ], [ 76.169, 11.165 ], [ 76.16, 11.155 ], [ 76.164, 11.142 ], [ 76.177, 11.14 ], [ 76.181, 11.127 ], [ 76.193, 11.125 ], [ 76.197, 11.112 ], [ 76.209, 11.11 ], [ 76.213, 11.097 ], [ 76.226, 11.095 ], [ 76.23, 11.082 ], [ 76.242, 11.08 ], [ 76.25, 11.089 ], [ 76.263, 11.087 ], [ 76.267, 11.074 ], [ 76.279, 11.072 ], [ 76.283, 11.059 ], [ 76.295, 11.057 ], [ 76.299, 11.044 ], [ 76.312, 11.042 ], [ 76.32, 11.052 ], [ 76.332, 11.049 ], [ 76.341, 11.059 ], [ 76.337, 11.071 ], [ 76.345, 11.081 ], [ 76.341, 11.094 ], [ 76.349, 11.103 ], [ 76.362, 11.101 ], [ 76.37, 11.111 ], [ 76.366, 11.123 ], [ 76.375, 11.133 ], [ 76.371, 11.145 ], [ 76.379, 11.155 ], [ 76.375, 11.168 ], [ 76.363, 11.17 ] ], [ [ 76.233, 11.325 ], [ 76.22, 11.328 ], [ 76.216, 11.34 ], [ 76.225, 11.35 ], [ 76.237, 11.347 ], [ 76.241, 11.335 ], [ 76.253, 11.332 ], [ 76.262, 11.342 ], [ 76.274, 11.34 ], [ 76.282, 11.35 ], [ 76.295, 11.347 ], [ 76.303, 11.357 ], [ 76.315, 11.354 ], [ 76.319, 11.342 ], [ 76.311, 11.332 ], [ 76.299, 11.334 ], [ 76.29, 11.325 ], [ 76.294, 11.312 ], [ 76.307, 11.31 ], [ 76.311, 11.297 ], [ 76.302, 11.287 ], [ 76.29, 11.29 ], [ 76.281, 11.28 ], [ 76.269, 11.283 ], [ 76.261, 11.273 ], [ 76.265, 11.26 ], [ 76.277, 11.258 ], [ 76.281, 11.245 ], [ 76.273, 11.236 ], [ 76.26, 11.238 ], [ 76.252, 11.228 ], [ 76.256, 11.216 ], [ 76.248, 11.206 ], [ 76.235, 11.209 ], [ 76.231, 11.221 ], [ 76.219, 11.224 ], [ 76.211, 11.214 ], [ 76.215, 11.201 ], [ 76.206, 11.192 ], [ 76.194, 11.194 ], [ 76.185, 11.184 ], [ 76.173, 11.187 ], [ 76.169, 11.199 ], [ 76.178, 11.209 ], [ 76.174, 11.222 ], [ 76.182, 11.231 ], [ 76.178, 11.244 ], [ 76.166, 11.246 ], [ 76.162, 11.259 ], [ 76.17, 11.269 ], [ 76.182, 11.266 ], [ 76.191, 11.276 ], [ 76.187, 11.288 ], [ 76.195, 11.298 ], [ 76.191, 11.311 ], [ 76.179, 11.313 ], [ 76.175, 11.326 ], [ 76.183, 11.335 ], [ 76.196, 11.333 ], [ 76.199, 11.32 ], [ 76.212, 11.318 ], [ 76.216, 11.305 ], [ 76.228, 11.303 ], [ 76.237, 11.313 ], [ 76.233, 11.325 ] ] ] ] } },
{ "type": "Feature", "properties": { "POLYGON.ID": 428.0, "subregion": "India--Kerala--Malappuram--SW Lowlands", "POLYGON": "India--Kerala--Malappuram--SW Lowlands", "SHOW": "1", "FILTER": "India--Kerala--Coast (0 to 40m)", "FILTER.ID": "CL30086", "OLD.POLYGON": "1", "STATE": "Kerala", "COUNTY": "Malappuram", "OWNER": null }, "geometry": { "type": "MultiPolygon", "coordinates": [ [ [ [ 76.232, 10.931 ], [ 76.24, 10.941 ], [ 76.236, 10.953 ], [ 76.224, 10.956 ], [ 76.216, 10.946 ], [ 76.22, 10.934 ], [ 76.211, 10.924 ], [ 76.199, 10.926 ], [ 76.195, 10.939 ], [ 76.183, 10.941 ], [ 76.174, 10.932 ], [ 76.162, 10.934 ], [ 76.158, 10.947 ], [ 76.146, 10.949 ], [ 76.137, 10.939 ], [ 76.125, 10.942 ], [ 76.117, 10.932 ], [ 76.121, 10.92 ], [ 76.112, 10.91 ], [ 76.1, 10.913 ], [ 76.096, 10.925 ], [ 76.084, 10.928 ], [ 76.075, 10.918 ], [ 76.063, 10.92 ], [ 76.055, 10.911 ], [ 76.059, 10.898 ], [ 76.05, 10.888 ], [ 76.054, 10.876 ], [ 76.067, 10.873 ], [ 76.071, 10.861 ], [ 76.062, 10.851 ], [ 76.066, 10.839 ], [ 76.079, 10.836 ], [ 76.087, 10.846 ], [ 76.099, 10.843 ], [ 76.107, 10.853 ], [ 76.104, 10.866 ], [ 76.112, 10.875 ], [ 76.124, 10.873 ], [ 76.132, 10.883 ], [ 76.129, 10.895 ], [ 76.137, 10.905 ], [ 76.149, 10.902 ], [ 76.158, 10.912 ], [ 76.17, 10.909 ], [ 76.174, 10.897 ], [ 76.186, 10.894 ], [ 76.194, 10.904 ], [ 76.207, 10.902 ], [ 76.211, 10.889 ], [ 76.223, 10.887 ], [ 76.227, 10.874 ], [ 76.239, 10.871 ], [ 76.248, 10.881 ], [ 76.26, 10.879 ], [ 76.264, 10.866 ], [ 76.276, 10.864 ], [ 76.285, 10.873 ], [ 76.281, 10.886 ], [ 76.268, 10.889 ], [ 76.264, 10.901 ], [ 76.252, 10.904 ], [ 76.248, 10.916 ], [ 76.236, 10.919 ], [ 76.232, 10.931 ] ] ] ] } },
{ "type": "Feature", "properties": { "POLYGON.ID": 429.0, "subregion": "India--Kerala--Malappuram--Perinthalmanna midlands", "POLYGON": "India--Kerala--Malappuram--Perinthalmanna midlands", "SHOW": "1", "FILTER": "India--Kerala--Foothills and Midlands(40 to 200m and 200 to 600m)", "FILTER.ID": "CL27581", "OLD.POLYGON": "1", "STATE": "Kerala", "COUNTY": "Malappuram", "OWNER": null }, "geometry": { "type": "MultiPolygon", "coordinates": [ [ [ [ 76.307, 11.02 ], [ 76.295, 11.022 ], [ 76.291, 11.035 ], [ 76.299, 11.044 ], [ 76.295, 11.057 ], [ 76.283, 11.059 ], [ 76.279, 11.072 ], [ 76.267, 11.074 ], [ 76.263, 11.087 ], [ 76.25, 11.089 ], [ 76.242, 11.08 ], [ 76.23, 11.082 ], [ 76.226, 11.095 ], [ 76.213, 11.097 ], [ 76.209, 11.11 ], [ 76.197, 11.112 ], [ 76.189, 11.102 ], [ 76.176, 11.105 ], [ 76.168, 11.095 ], [ 76.156, 11.098 ], [ 76.147, 11.088 ], [ 76.135, 11.091 ], [ 76.127, 11.081 ], [ 76.114, 11.083 ], [ 76.106, 11.074 ], [ 76.094, 11.076 ], [ 76.085, 11.066 ], [ 76.089, 11.054 ], [ 76.081, 11.044 ], [ 76.085, 11.032 ], [ 76.077, 11.022 ], [ 76.081, 11.009 ], [ 76.072, 11.0 ], [ 76.076, 10.987 ], [ 76.068, 10.977 ], [ 76.056, 10.98 ], [ 76.047, 10.97 ], [ 76.035, 10.973 ], [ 76.027, 10.963 ], [ 76.014, 10.965 ], [ 76.01, 10.978 ], [ 75.998, 10.98 ], [ 75.99, 10.971 ], [ 75.977, 10.973 ], [ 75.969, 10.963 ], [ 75.957, 10.966 ], [ 75.948, 10.956 ], [ 75.952, 10.944 ], [ 75.965, 10.941 ], [ 75.969, 10.929 ], [ 75.981, 10.926 ], [ 75.985, 10.914 ], [ 75.997, 10.911 ], [ 76.001, 10.899 ], [ 76.013, 10.896 ], [ 76.022, 10.906 ], [ 76.034, 10.903 ], [ 76.038, 10.891 ], [ 76.03, 10.881 ], [ 76.034, 10.869 ], [ 76.046, 10.866 ], [ 76.05, 10.854 ], [ 76.062, 10.851 ], [ 76.071, 10.861 ], [ 76.067, 10.873 ], [ 76.054, 10.876 ], [ 76.05, 10.888 ], [ 76.059, 10.898 ], [ 76.055, 10.911 ], [ 76.063, 10.92 ], [ 76.075, 10.918 ], [ 76.084, 10.928 ], [ 76.096, 10.925 ], [ 76.1, 10.913 ], [ 76.112, 10.91 ], [ 76.121, 10.92 ], [ 76.117, 10.932 ], [ 76.125, 10.942 ], [ 76.137, 10.939 ], [ 76.146, 10.949 ], [ 76.158, 10.947 ], [ 76.162, 10.934 ], [ 76.174, 10.932 ], [ 76.183, 10.941 ], [ 76.195, 10.939 ], [ 76.199, 10.926 ], [ 76.211, 10.924 ], [ 76.22, 10.934 ], [ 76.216, 10.946 ], [ 76.224, 10.956 ], [ 76.236, 10.953 ], [ 76.24, 10.941 ], [ 76.232, 10.931 ], [ 76.236, 10.919 ], [ 76.248, 10.916 ], [ 76.252, 10.904 ], [ 76.264, 10.901 ], [ 76.273, 10.911 ], [ 76.285, 10.908 ], [ 76.294, 10.918 ], [ 76.306, 10.915 ], [ 76.31, 10.903 ], [ 76.322, 10.9 ], [ 76.331, 10.91 ], [ 76.327, 10.923 ], [ 76.335, 10.932 ], [ 76.331, 10.945 ], [ 76.339, 10.955 ], [ 76.335, 10.967 ], [ 76.344, 10.977 ], [ 76.356, 10.974 ], [ 76.364, 10.984 ], [ 76.36, 10.997 ], [ 76.348, 10.999 ], [ 76.344, 11.012 ], [ 76.332, 11.014 ], [ 76.328, 11.027 ], [ 76.316, 11.029 ], [ 76.307, 11.02 ] ] ] ] } },
{ "type": "Feature", "properties": { "POLYGON.ID": 430.0, "subregion": "India--Kerala--Malappuram--Manjeri midlands", "POLYGON": "India--Kerala--Malappuram--Manjeri midlands", "SHOW": "1", "FILTER": "India--Kerala--Foothills and Midlands(40 to 200m and 200 to 600m)", "FILTER.ID": "CL27581", "OLD.POLYGON": "1", "STATE": "Kerala", "COUNTY": "Malappuram", "OWNER": null }, "geometry": { "type": "MultiPolygon", "coordinates": [ [ [ [ 76.169, 11.165 ], [ 76.165, 11.177 ], [ 76.152, 11.18 ], [ 76.144, 11.17 ], [ 76.132, 11.172 ], [ 76.123, 11.163 ], [ 76.111, 11.165 ], [ 76.107, 11.178 ], [ 76.116, 11.187 ], [ 76.112, 11.2 ], [ 76.099, 11.202 ], [ 76.091, 11.193 ], [ 76.079, 11.195 ], [ 76.07, 11.185 ], [ 76.074, 11.173 ], [ 76.066, 11.163 ], [ 76.054, 11.166 ], [ 76.05, 11.178 ], [ 76.037, 11.181 ], [ 76.033, 11.193 ], [ 76.021, 11.196 ], [ 76.017, 11.208 ], [ 76.005, 11.211 ], [ 76.001, 11.223 ], [ 75.988, 11.226 ], [ 75.984, 11.238 ], [ 75.972, 11.241 ], [ 75.964, 11.231 ], [ 75.952, 11.233 ], [ 75.943, 11.223 ], [ 75.931, 11.226 ], [ 75.923, 11.216 ], [ 75.91, 11.219 ], [ 75.902, 11.209 ], [ 75.906, 11.197 ], [ 75.918, 11.194 ], [ 75.922, 11.182 ], [ 75.914, 11.172 ], [ 75.918, 11.159 ], [ 75.91, 11.15 ], [ 75.897, 11.152 ], [ 75.889, 11.142 ], [ 75.893, 11.13 ], [ 75.885, 11.12 ], [ 75.889, 11.108 ], [ 75.901, 11.105 ], [ 75.909, 11.115 ], [ 75.921, 11.112 ], [ 75.925, 11.1 ], [ 75.938, 11.097 ], [ 75.942, 11.085 ], [ 75.933, 11.075 ], [ 75.937, 11.063 ], [ 75.95, 11.06 ], [ 75.958, 11.07 ], [ 75.97, 11.067 ], [ 75.974, 11.055 ], [ 75.986, 11.052 ], [ 75.995, 11.062 ], [ 76.007, 11.06 ], [ 76.015, 11.069 ], [ 76.028, 11.067 ], [ 76.032, 11.054 ], [ 76.044, 11.052 ], [ 76.052, 11.062 ], [ 76.065, 11.059 ], [ 76.073, 11.069 ], [ 76.085, 11.066 ], [ 76.094, 11.076 ], [ 76.106, 11.074 ], [ 76.114, 11.083 ], [ 76.127, 11.081 ], [ 76.135, 11.091 ], [ 76.147, 11.088 ], [ 76.156, 11.098 ], [ 76.168, 11.095 ], [ 76.176, 11.105 ], [ 76.189, 11.102 ], [ 76.197, 11.112 ], [ 76.193, 11.125 ], [ 76.181, 11.127 ], [ 76.177, 11.14 ], [ 76.164, 11.142 ], [ 76.16, 11.155 ], [ 76.169, 11.165 ] ] ] ] } },
{ "type": "Feature", "properties": { "POLYGON.ID": 431.0, "subregion": "India--Kerala--Malappuram--Areekode Plains", "POLYGON": "India--Kerala--Malappuram--Areekode Plains", "SHOW": "1", "FILTER": "India--Kerala--Coast (0 to 40m)", "FILTER.ID": "CL30086", "OLD.POLYGON": "1", "STATE": "Kerala", "COUNTY": "Malappuram", "OWNER": null }, "geometry": { "type": "MultiPolygon", "coordinates": [ [ [ [ 76.153, 11.214 ], [ 76.141, 11.217 ], [ 76.137, 11.229 ], [ 76.124, 11.232 ], [ 76.12, 11.244 ], [ 76.108, 11.247 ], [ 76.1, 11.237 ], [ 76.087, 11.24 ], [ 76.083, 11.252 ], [ 76.071, 11.255 ], [ 76.067, 11.267 ], [ 76.055, 11.27 ], [ 76.046, 11.26 ], [ 76.034, 11.262 ], [ 76.026, 11.253 ], [ 76.013, 11.255 ], [ 76.005, 11.245 ], [ 75.993, 11.248 ], [ 75.989, 11.26 ], [ 75.977, 11.263 ], [ 75.968, 11.253 ], [ 75.956, 11.256 ], [ 75.948, 11.246 ], [ 75.935, 11.248 ], [ 75.927, 11.238 ], [ 75.915, 11.241 ], [ 75.906, 11.231 ], [ 75.894, 11.234 ], [ 75.886, 11.224 ], [ 75.89, 11.212 ], [ 75.902, 11.209 ], [ 75.91, 11.219 ], [ 75.923, 11.216 ], [ 75.931, 11.226 ], [ 75.943, 11.223 ], [ 75.952, 11.233 ], [ 75.964, 11.231 ], [ 75.972, 11.241 ], [ 75.984, 11.238 ], [ 75.988, 11.226 ], [ 76.001, 11.223 ], [ 76.005, 11.211 ], [ 76.017, 11.208 ], [ 76.021, 11.196 ], [ 76.033, 11.193 ], [ 76.037, 11.181 ], [ 76.05, 11.178 ], [ 76.054, 11.166 ], [ 76.066, 11.163 ], [ 76.074, 11.173 ], [ 76.07, 11.185 ], [ 76.079, 11.195 ], [ 76.091, 11.193 ], [ 76.099, 11.202 ], [ 76.112, 11.2 ], [ 76.116, 11.187 ], [ 76.107, 11.178 ], [ 76.111, 11.165 ], [ 76.123, 11.163 ], [ 76.132, 11.172 ], [ 76.144, 11.17 ], [ 76.152, 11.18 ], [ 76.149, 11.192 ], [ 76.157, 11.202 ], [ 76.153, 11.214 ] ] ] ] } },
{ "type": "Feature", "properties": { "POLYGON.ID": 474.0, "subregion": "India--Kerala--Alappuzha--Vembanad Lake", "POLYGON": "India--Kerala--Alappuzha--Vembanad Lake", "SHOW": "1", "FILTER": "Alappuzha", "FILTER.ID": "CL27578", "OLD.POLYGON": "1", "STATE": "Kerala", "COUNTY": "Alappuzha", "OWNER": null }, "geometry": { "type": "MultiPolygon", "coordinates": [ [ [ [ 76.374, 9.798 ], [ 76.383, 9.808 ], [ 76.379, 9.82 ], [ 76.366, 9.823 ], [ 76.358, 9.813 ], [ 76.362, 9.801 ], [ 76.354, 9.791 ], [ 76.341, 9.794 ], [ 76.333, 9.784 ], [ 76.337, 9.772 ], [ 76.329, 9.762 ], [ 76.333, 9.749 ], [ 76.324, 9.74 ], [ 76.328, 9.727 ], [ 76.34, 9.724 ], [ 76.344, 9.712 ], [ 76.357, 9.709 ], [ 76.361, 9.697 ], [ 76.373, 9.694 ], [ 76.377, 9.682 ], [ 76.369, 9.672 ], [ 76.372, 9.659 ], [ 76.364, 9.65 ], [ 76.368, 9.637 ], [ 76.36, 9.627 ], [ 76.364, 9.615 ], [ 76.355, 9.605 ], [ 76.359, 9.593 ], [ 76.351, 9.583 ], [ 76.355, 9.57 ], [ 76.347, 9.561 ], [ 76.351, 9.548 ], [ 76.342, 9.538 ], [ 76.346, 9.526 ], [ 76.358, 9.523 ], [ 76.362, 9.511 ], [ 76.375, 9.508 ], [ 76.383, 9.518 ], [ 76.379, 9.53 ], [ 76.387, 9.54 ], [ 76.4, 9.537 ], [ 76.408, 9.547 ], [ 76.404, 9.559 ], [ 76.392, 9.562 ], [ 76.388, 9.575 ], [ 76.396, 9.584 ], [ 76.392, 9.597 ], [ 76.401, 9.607 ], [ 76.397, 9.619 ], [ 76.405, 9.629 ], [ 76.401, 9.641 ], [ 76.389, 9.644 ], [ 76.385, 9.657 ], [ 76.393, 9.666 ], [ 76.389, 9.679 ], [ 76.398, 9.689 ], [ 76.394, 9.701 ], [ 76.381, 9.704 ], [ 76.377, 9.716 ], [ 76.386, 9.726 ], [ 76.382, 9.739 ], [ 76.39, 9.748 ], [ 76.386, 9.761 ], [ 76.374, 9.763 ], [ 76.37, 9.776 ], [ 76.378, 9.786 ], [ 76.374, 9.798 ] ] ] ] } },
{ "type": "Feature", "properties": { "POLYGON.ID": 473.0, "subregion": "India--Kerala--Alappuzha--Perumbalam", "POLYGON": "India--Kerala--Alappuzha--Perumbalam", "SHOW": "1", "FILTER": "Alappuzha", "FILTER.ID": "CL27578", "OLD.POLYGON": "1", "STATE": "Kerala", "COUNTY": "Alappuzha", "OWNER": null }, "geometry": { "type": "MultiPolygon", "coordinates": [ [ [ [ 76.383, 9.843 ], [ 76.371, 9.845 ], [ 76.367, 9.858 ], [ 76.375, 9.868 ], [ 76.371, 9.88 ], [ 76.359, 9.883 ], [ 76.35, 9.873 ], [ 76.338, 9.876 ], [ 76.33, 9.866 ], [ 76.334, 9.853 ], [ 76.346, 9.851 ], [ 76.35, 9.838 ], [ 76.342, 9.829 ], [ 76.346, 9.816 ], [ 76.358, 9.813 ], [ 76.366, 9.823 ], [ 76.379, 9.82 ], [ 76.387, 9.83 ], [ 76.383, 9.843 ] ] ] ] } },
{ "type": "Feature", "properties": { "POLYGON.ID": 472.0, "subregion": "India--Kerala--Alappuzha--Harippad", "POLYGON": "India--Kerala--Alappuzha--Harippad", "SHOW": "1", "FILTER": "Alappuzha", "FILTER.ID": "CL27578", "OLD.POLYGON": "1", "STATE": "Kerala", "COUNTY": "Alappuzha", "OWNER": null }, "geometry": { "type": "MultiPolygon", "coordinates": [ [ [ [ 76.466, 9.29 ], [ 76.454, 9.293 ], [ 76.45, 9.305 ], [ 76.438, 9.308 ], [ 76.434, 9.321 ], [ 76.422, 9.323 ], [ 76.418, 9.336 ], [ 76.405, 9.339 ], [ 76.397, 9.329 ], [ 76.401, 9.316 ], [ 76.393, 9.307 ], [ 76.397, 9.294 ], [ 76.409, 9.291 ], [ 76.413, 9.279 ], [ 76.425, 9.276 ], [ 76.429, 9.264 ], [ 76.421, 9.254 ], [ 76.425, 9.242 ], [ 76.437, 9.239 ], [ 76.441, 9.226 ], [ 76.433, 9.217 ], [ 76.437, 9.204 ], [ 76.449, 9.201 ], [ 76.457, 9.211 ], [ 76.453, 9.224 ], [ 76.462, 9.233 ], [ 76.474, 9.231 ], [ 76.482, 9.24 ], [ 76.478, 9.253 ], [ 76.487, 9.263 ], [ 76.483, 9.275 ], [ 76.491, 9.285 ], [ 76.487, 9.297 ], [ 76.475, 9.3 ], [ 76.466, 9.29 ] ] ] ] } },
{ "type": "Feature", "properties": { "POLYGON.ID": 471.0, "subregion": "India--Kerala--Alappuzha--Mavelikara", "POLYGON": "India--Kerala--Alappuzha--Mavelikara", "SHOW": "1", "FILTER": "Alappuzha", "FILTER.ID": "CL27578", "OLD.POLYGON": "1", "STATE": "Kerala", "COUNTY": "Alappuzha", "OWNER": null }, "geometry": { "type": "MultiPolygon", "coordinates": [ [ [ [ 76.453, 9.224 ], [ 76.457, 9.211 ], [ 76.449, 9.201 ], [ 76.453, 9.189 ], [ 76.465, 9.186 ], [ 76.469, 9.174 ], [ 76.461, 9.164 ], [ 76.465, 9.151 ], [ 76.477, 9.149 ], [ 76.481, 9.136 ], [ 76.493, 9.133 ], [ 76.497, 9.121 ], [ 76.509, 9.118 ], [ 76.518, 9.128 ], [ 76.53, 9.125 ], [ 76.538, 9.135 ], [ 76.551, 9.132 ], [ 76.555, 9.12 ], [ 76.567, 9.117 ], [ 76.575, 9.127 ], [ 76.588, 9.124 ], [ 76.596, 9.134 ], [ 76.608, 9.131 ], [ 76.617, 9.14 ], [ 76.629, 9.138 ], [ 76.637, 9.147 ], [ 76.65, 9.145 ], [ 76.658, 9.154 ], [ 76.67, 9.152 ], [ 76.679, 9.161 ], [ 76.675, 9.174 ], [ 76.683, 9.184 ], [ 76.679, 9.196 ], [ 76.667, 9.199 ], [ 76.658, 9.189 ], [ 76.646, 9.192 ], [ 76.638, 9.182 ], [ 76.625, 9.185 ], [ 76.621, 9.197 ], [ 76.609, 9.2 ], [ 76.605, 9.213 ], [ 76.614, 9.223 ], [ 76.61, 9.235 ], [ 76.597, 9.238 ], [ 76.593, 9.25 ], [ 76.581, 9.253 ], [ 76.577, 9.266 ], [ 76.585, 9.275 ], [ 76.582, 9.288 ], [ 76.59, 9.298 ], [ 76.586, 9.31 ], [ 76.594, 9.32 ], [ 76.59, 9.332 ], [ 76.599, 9.342 ], [ 76.595, 9.355 ], [ 76.582, 9.357 ], [ 76.574, 9.348 ], [ 76.562, 9.35 ], [ 76.553, 9.341 ], [ 76.557, 9.328 ], [ 76.549, 9.318 ], [ 76.537, 9.321 ], [ 76.528, 9.311 ], [ 76.516, 9.314 ], [ 76.508, 9.304 ], [ 76.512, 9.292 ], [ 76.503, 9.282 ], [ 76.507, 9.27 ], [ 76.499, 9.26 ], [ 76.503, 9.247 ], [ 76.515, 9.245 ], [ 76.519, 9.232 ], [ 76.511, 9.222 ], [ 76.515, 9.21 ], [ 76.506, 9.2 ], [ 76.494, 9.203 ], [ 76.49, 9.215 ], [ 76.478, 9.218 ], [ 76.474, 9.231 ], [ 76.462, 9.233 ], [ 76.453, 9.224 ] ] ] ] } },
{ "type": "Feature", "properties": { "POLYGON.ID": 470.0, "subregion": "India--Kerala--Alappuzha--Kuttanad", "POLYGON": "India--Kerala--Alappuzha--Kuttanad", "SHOW": "1", "FILTER": "Alappuzha", "FILTER.ID": "CL27578", "OLD.POLYGON": "1", "STATE": "Kerala", "COUNTY": "Alappuzha", "OWNER": null }, "geometry": { "type": "MultiPolygon", "coordinates": [ [ [ [ 76.449, 9.561 ], [ 76.441, 9.551 ], [ 76.429, 9.554 ], [ 76.42, 9.544 ], [ 76.408, 9.547 ], [ 76.4, 9.537 ], [ 76.387, 9.54 ], [ 76.379, 9.53 ], [ 76.383, 9.518 ], [ 76.375, 9.508 ], [ 76.379, 9.495 ], [ 76.37, 9.486 ], [ 76.374, 9.473 ], [ 76.366, 9.464 ], [ 76.37, 9.451 ], [ 76.362, 9.441 ], [ 76.365, 9.429 ], [ 76.378, 9.426 ], [ 76.382, 9.414 ], [ 76.373, 9.404 ], [ 76.377, 9.391 ], [ 76.39, 9.389 ], [ 76.394, 9.376 ], [ 76.385, 9.366 ], [ 76.373, 9.369 ], [ 76.365, 9.359 ], [ 76.369, 9.347 ], [ 76.381, 9.344 ], [ 76.385, 9.332 ], [ 76.397, 9.329 ], [ 76.405, 9.339 ], [ 76.418, 9.336 ], [ 76.422, 9.323 ], [ 76.434, 9.321 ], [ 76.438, 9.308 ], [ 76.45, 9.305 ], [ 76.454, 9.293 ], [ 76.466, 9.29 ], [ 76.475, 9.3 ], [ 76.487, 9.297 ], [ 76.491, 9.285 ], [ 76.483, 9.275 ], [ 76.487, 9.263 ], [ 76.478, 9.253 ], [ 76.482, 9.24 ], [ 76.474, 9.231 ], [ 76.478, 9.218 ], [ 76.49, 9.215 ], [ 76.494, 9.203 ], [ 76.506, 9.2 ], [ 76.515, 9.21 ], [ 76.511, 9.222 ], [ 76.519, 9.232 ], [ 76.515, 9.245 ], [ 76.503, 9.247 ], [ 76.499, 9.26 ], [ 76.507, 9.27 ], [ 76.503, 9.282 ], [ 76.512, 9.292 ], [ 76.508, 9.304 ], [ 76.516, 9.314 ], [ 76.512, 9.327 ], [ 76.5, 9.329 ], [ 76.491, 9.319 ], [ 76.479, 9.322 ], [ 76.475, 9.335 ], [ 76.484, 9.344 ], [ 76.496, 9.342 ], [ 76.504, 9.351 ], [ 76.516, 9.349 ], [ 76.525, 9.358 ], [ 76.521, 9.371 ], [ 76.509, 9.374 ], [ 76.505, 9.386 ], [ 76.513, 9.396 ], [ 76.509, 9.408 ], [ 76.517, 9.418 ], [ 76.513, 9.431 ], [ 76.501, 9.433 ], [ 76.497, 9.446 ], [ 76.506, 9.456 ], [ 76.502, 9.468 ], [ 76.51, 9.478 ], [ 76.506, 9.49 ], [ 76.494, 9.493 ], [ 76.49, 9.506 ], [ 76.477, 9.508 ], [ 76.473, 9.521 ], [ 76.482, 9.531 ], [ 76.478, 9.543 ], [ 76.466, 9.546 ], [ 76.462, 9.558 ], [ 76.449, 9.561 ] ] ] ] } },
{ "type": "Feature", "properties": { "POLYGON.ID": 469.0, "subregion": "India--Kerala--Alappuzha--Chengannur", "POLYGON": "India--Kerala--Alappuzha--Chengannur", "SHOW": "1", "FILTER": "Alappuzha", "FILTER.ID": "CL27578", "OLD.POLYGON": "1", "STATE": "Kerala", "COUNTY": "Alappuzha", "OWNER": null }, "geometry": { "type": "MultiPolygon", "coordinates": [ [ [ [ 76.68, 9.266 ], [ 76.676, 9.278 ], [ 76.664, 9.281 ], [ 76.66, 9.294 ], [ 76.647, 9.296 ], [ 76.644, 9.309 ], [ 76.652, 9.319 ], [ 76.648, 9.331 ], [ 76.636, 9.334 ], [ 76.632, 9.346 ], [ 76.619, 9.349 ], [ 76.611, 9.339 ], [ 76.599, 9.342 ], [ 76.59, 9.332 ], [ 76.594, 9.32 ], [ 76.586, 9.31 ], [ 76.59, 9.298 ], [ 76.582, 9.288 ], [ 76.585, 9.275 ], [ 76.577, 9.266 ], [ 76.581, 9.253 ], [ 76.593, 9.25 ], [ 76.597, 9.238 ], [ 76.61, 9.235 ], [ 76.614, 9.223 ], [ 76.605, 9.213 ], [ 76.609, 9.2 ], [ 76.621, 9.197 ], [ 76.625, 9.185 ], [ 76.638, 9.182 ], [ 76.646, 9.192 ], [ 76.642, 9.204 ], [ 76.651, 9.214 ], [ 76.647, 9.227 ], [ 76.655, 9.236 ], [ 76.651, 9.249 ], [ 76.659, 9.259 ], [ 76.672, 9.256 ], [ 76.68, 9.266 ] ] ] ] } },
{ "type": "Feature", "properties": { "POLYGON.ID": 461.0, "subregion": "India--Kerala--Ernakulam--Foothills", "POLYGON": "India--Kerala--Ernakulam--Foothills", "SHOW": "1", "FILTER": "India--Kerala--Foothills and Midlands(40 to 200m and 200 to 600m)", "FILTER.ID": "CL27581", "OLD.POLYGON": "1", "STATE": "Kerala", "COUNTY": "Ernakulam", "OWNER": null }, "geometry": { "type": "MultiPolygon", "coordinates": [ [ [ [ 76.763, 10.201 ], [ 76.767, 10.189 ], [ 76.779, 10.186 ], [ 76.783, 10.174 ], [ 76.796, 10.171 ], [ 76.804, 10.181 ], [ 76.817, 10.178 ], [ 76.825, 10.188 ], [ 76.837, 10.185 ], [ 76.846, 10.195 ], [ 76.858, 10.192 ], [ 76.862, 10.18 ], [ 76.854, 10.17 ], [ 76.841, 10.173 ], [ 76.833, 10.163 ], [ 76.82, 10.165 ], [ 76.812, 10.156 ], [ 76.816, 10.143 ], [ 76.808, 10.133 ], [ 76.795, 10.136 ], [ 76.787, 10.126 ], [ 76.791, 10.114 ], [ 76.782, 10.104 ], [ 76.786, 10.091 ], [ 76.799, 10.089 ], [ 76.803, 10.076 ], [ 76.794, 10.066 ], [ 76.798, 10.054 ], [ 76.811, 10.051 ], [ 76.819, 10.061 ], [ 76.831, 10.058 ], [ 76.84, 10.068 ], [ 76.852, 10.065 ], [ 76.861, 10.075 ], [ 76.873, 10.072 ], [ 76.881, 10.082 ], [ 76.877, 10.095 ], [ 76.886, 10.105 ], [ 76.882, 10.117 ], [ 76.89, 10.127 ], [ 76.903, 10.124 ], [ 76.911, 10.134 ], [ 76.907, 10.147 ], [ 76.916, 10.156 ], [ 76.928, 10.154 ], [ 76.936, 10.163 ], [ 76.932, 10.176 ], [ 76.92, 10.179 ], [ 76.916, 10.191 ], [ 76.904, 10.194 ], [ 76.895, 10.184 ], [ 76.883, 10.187 ], [ 76.879, 10.199 ], [ 76.867, 10.202 ], [ 76.863, 10.215 ], [ 76.85, 10.217 ], [ 76.842, 10.207 ], [ 76.829, 10.21 ], [ 76.825, 10.223 ], [ 76.813, 10.225 ], [ 76.805, 10.215 ], [ 76.792, 10.218 ], [ 76.788, 10.231 ], [ 76.776, 10.233 ], [ 76.768, 10.224 ], [ 76.755, 10.226 ], [ 76.747, 10.216 ], [ 76.751, 10.204 ], [ 76.763, 10.201 ] ] ] ] } },
{ "type": "Feature", "properties": { "POLYGON.ID": 460.0, "subregion": "India--Kerala--Ernakulam--Neriamangalam", "POLYGON": "India--Kerala--Ernakulam--Neriamangalam", "SHOW": "1", "FILTER": "India--Kerala--Foothills and Midlands(40 to 200m and 200 to 600m)", "FILTER.ID": "CL27581", "OLD.POLYGON": "1", "STATE": "Kerala", "COUNTY": "Ernakulam", "OWNER": null }, "geometry": { "type": "MultiPolygon", "coordinates": [ [ [ [ 76.699, 10.076 ], [ 76.703, 10.063 ], [ 76.716, 10.06 ], [ 76.72, 10.048 ], [ 76.711, 10.038 ], [ 76.715, 10.026 ], [ 76.728, 10.023 ], [ 76.731, 10.01 ], [ 76.744, 10.008 ], [ 76.752, 10.017 ], [ 76.765, 10.015 ], [ 76.773, 10.025 ], [ 76.785, 10.022 ], [ 76.794, 10.032 ], [ 76.806, 10.029 ], [ 76.81, 10.016 ], [ 76.822, 10.014 ], [ 76.831, 10.023 ], [ 76.827, 10.036 ], [ 76.815, 10.039 ], [ 76.811, 10.051 ], [ 76.798, 10.054 ], [ 76.794, 10.066 ], [ 76.803, 10.076 ], [ 76.799, 10.089 ], [ 76.786, 10.091 ], [ 76.782, 10.104 ], [ 76.77, 10.107 ], [ 76.762, 10.097 ], [ 76.749, 10.1 ], [ 76.741, 10.09 ], [ 76.728, 10.092 ], [ 76.72, 10.083 ], [ 76.708, 10.085 ], [ 76.699, 10.076 ] ] ] ] } },
{ "type": "Feature", "properties": { "POLYGON.ID": 459.0, "subregion": "India--Kerala--Ernakulam--Iringol Kavu", "POLYGON": "India--Kerala--Ernakulam--Iringol Kavu", "SHOW": "1", "FILTER": "India--Kerala--Coast (0 to 40m)", "FILTER.ID": "CL30086", "OLD.POLYGON": "1", "STATE": "Kerala", "COUNTY": "Ernakulam", "OWNER": null }, "geometry": { "type": "MultiPolygon", "coordinates": [ [ [ [ 76.502, 10.119 ], [ 76.493, 10.109 ], [ 76.497, 10.096 ], [ 76.51, 10.094 ], [ 76.518, 10.103 ], [ 76.514, 10.116 ], [ 76.502, 10.119 ] ] ] ] } },
{ "type": "Feature", "properties": { "POLYGON.ID": 458.0, "subregion": "India--Kerala--Ernakulam--Thattekkad Outskirts", "POLYGON": "India--Kerala--Ernakulam--Thattekkad Outskirts", "SHOW": "1", "FILTER": "India--Kerala--Foothills and Midlands(40 to 200m and 200 to 600m)", "FILTER.ID": "CL27581", "OLD.POLYGON": "1", "STATE": "Kerala", "COUNTY": "Ernakulam", "OWNER": null }, "geometry": { "type": "MultiPolygon", "coordinates": [ [ [ [ 76.72, 10.083 ], [ 76.728, 10.092 ], [ 76.741, 10.09 ], [ 76.749, 10.1 ], [ 76.762, 10.097 ], [ 76.77, 10.107 ], [ 76.782, 10.104 ], [ 76.791, 10.114 ], [ 76.787, 10.126 ], [ 76.795, 10.136 ], [ 76.791, 10.149 ], [ 76.779, 10.151 ], [ 76.771, 10.141 ], [ 76.758, 10.144 ], [ 76.754, 10.157 ], [ 76.742, 10.159 ], [ 76.738, 10.172 ], [ 76.725, 10.175 ], [ 76.717, 10.165 ], [ 76.705, 10.167 ], [ 76.696, 10.158 ], [ 76.684, 10.16 ], [ 76.676, 10.151 ], [ 76.663, 10.153 ], [ 76.655, 10.143 ], [ 76.659, 10.131 ], [ 76.65, 10.121 ], [ 76.654, 10.109 ], [ 76.667, 10.106 ], [ 76.671, 10.093 ], [ 76.683, 10.091 ], [ 76.687, 10.078 ], [ 76.699, 10.076 ], [ 76.708, 10.085 ], [ 76.72, 10.083 ] ], [ [ 76.687, 10.113 ], [ 76.675, 10.116 ], [ 76.671, 10.128 ], [ 76.68, 10.138 ], [ 76.692, 10.135 ], [ 76.7, 10.145 ], [ 76.713, 10.142 ], [ 76.721, 10.152 ], [ 76.733, 10.15 ], [ 76.737, 10.137 ], [ 76.75, 10.134 ], [ 76.754, 10.122 ], [ 76.745, 10.112 ], [ 76.733, 10.115 ], [ 76.725, 10.105 ], [ 76.712, 10.108 ], [ 76.704, 10.098 ], [ 76.691, 10.101 ], [ 76.687, 10.113 ] ] ] ] } },
{ "type": "Feature", "properties": { "POLYGON.ID": 457.0, "subregion": "India--Kerala--Ernakulam--Idamalayar Reservoir", "POLYGON": "India--Kerala--Ernakulam--Idamalayar Reservoir", "SHOW": "1", "FILTER": "India--Kerala--Foothills and Midlands(40 to 200m and 200 to 600m)", "FILTER.ID": "CL27581", "OLD.POLYGON": "1", "STATE": "Kerala", "COUNTY": "Ernakulam", "OWNER": null }, "geometry": { "type": "MultiPolygon", "coordinates": [ [ [ [ 76.859, 10.262 ], [ 76.855, 10.274 ], [ 76.843, 10.277 ], [ 76.834, 10.267 ], [ 76.822, 10.27 ], [ 76.814, 10.26 ], [ 76.801, 10.263 ], [ 76.797, 10.275 ], [ 76.785, 10.278 ], [ 76.776, 10.268 ], [ 76.764, 10.271 ], [ 76.756, 10.261 ], [ 76.743, 10.264 ], [ 76.735, 10.254 ], [ 76.722, 10.257 ], [ 76.719, 10.269 ], [ 76.706, 10.272 ], [ 76.698, 10.262 ], [ 76.685, 10.265 ], [ 76.677, 10.255 ], [ 76.665, 10.258 ], [ 76.656, 10.248 ], [ 76.66, 10.235 ], [ 76.673, 10.233 ], [ 76.681, 10.242 ], [ 76.693, 10.24 ], [ 76.697, 10.227 ], [ 76.71, 10.225 ], [ 76.718, 10.234 ], [ 76.73, 10.232 ], [ 76.734, 10.219 ], [ 76.747, 10.216 ], [ 76.755, 10.226 ], [ 76.768, 10.224 ], [ 76.776, 10.233 ], [ 76.788, 10.231 ], [ 76.792, 10.218 ], [ 76.805, 10.215 ], [ 76.813, 10.225 ], [ 76.825, 10.223 ], [ 76.834, 10.232 ], [ 76.846, 10.23 ], [ 76.855, 10.24 ], [ 76.867, 10.237 ], [ 76.875, 10.247 ], [ 76.871, 10.259 ], [ 76.859, 10.262 ] ] ] ] } },
{ "type": "Feature", "properties": { "POLYGON.ID": 456.0, "subregion": "India--Kerala--Ernakulam--Edamalakudy", "POLYGON": "India--Kerala--Ernakulam--Edamalakudy", "SHOW": "1", "FILTER": "India--Kerala--High Ranges(600 to 1200m)", "FILTER.ID": "CL27582", "OLD.POLYGON": "1", "STATE": "Kerala", "COUNTY": "Ernakulam", "OWNER": null }, "geometry": { "type": "MultiPolygon", "coordinates": [ [ [ [ 76.962, 10.193 ], [ 76.974, 10.19 ], [ 76.983, 10.2 ], [ 76.995, 10.197 ], [ 77.003, 10.207 ], [ 76.999, 10.22 ], [ 77.008, 10.229 ], [ 77.004, 10.242 ], [ 76.991, 10.245 ], [ 76.983, 10.235 ], [ 76.971, 10.238 ], [ 76.967, 10.25 ], [ 76.954, 10.253 ], [ 76.946, 10.243 ], [ 76.933, 10.246 ], [ 76.925, 10.236 ], [ 76.913, 10.239 ], [ 76.909, 10.251 ], [ 76.896, 10.254 ], [ 76.888, 10.244 ], [ 76.875, 10.247 ], [ 76.867, 10.237 ], [ 76.855, 10.24 ], [ 76.846, 10.23 ], [ 76.834, 10.232 ], [ 76.825, 10.223 ], [ 76.829, 10.21 ], [ 76.842, 10.207 ], [ 76.85, 10.217 ], [ 76.863, 10.215 ], [ 76.867, 10.202 ], [ 76.879, 10.199 ], [ 76.883, 10.187 ], [ 76.895, 10.184 ], [ 76.904, 10.194 ], [ 76.916, 10.191 ], [ 76.92, 10.179 ], [ 76.932, 10.176 ], [ 76.936, 10.163 ], [ 76.949, 10.161 ], [ 76.957, 10.171 ], [ 76.953, 10.183 ], [ 76.962, 10.193 ] ] ] ] } },
{ "type": "Feature", "properties": { "POLYGON.ID": 455.0, "subregion": "India--Kerala--Ernakulam--Cherai Munambam", "POLYGON": "India--Kerala--Ernakulam--Cherai Munambam", "SHOW": "1", "FILTER": "India--Kerala--Coast (0 to 40m)", "FILTER.ID": "CL30086", "OLD.POLYGON": "1", "STATE": "Kerala", "COUNTY": "Ernakulam", "OWNER": null }, "geometry": { "type": "MultiPolygon", "coordinates": [ [ [ [ 76.186, 10.176 ], [ 76.182, 10.188 ], [ 76.169, 10.191 ], [ 76.161, 10.181 ], [ 76.149, 10.184 ], [ 76.141, 10.174 ], [ 76.145, 10.161 ], [ 76.136, 10.152 ], [ 76.14, 10.139 ], [ 76.152, 10.137 ], [ 76.156, 10.124 ], [ 76.169, 10.121 ], [ 76.177, 10.131 ], [ 76.189, 10.129 ], [ 76.198, 10.138 ], [ 76.194, 10.151 ], [ 76.181, 10.153 ], [ 76.177, 10.166 ], [ 76.186, 10.176 ] ] ] ] } },
{ "type": "Feature", "properties": { "POLYGON.ID": 454.0, "subregion": "India--Kerala--Ernakulam--Kadamakudy", "POLYGON": "India--Kerala--Ernakulam--Kadamakudy", "SHOW": "1", "FILTER": "India--Kerala--Coast (0 to 40m)", "FILTER.ID": "CL30086", "OLD.POLYGON": "1", "STATE": "Kerala", "COUNTY": "Ernakulam", "OWNER": null }, "geometry": { "type": "MultiPolygon", "coordinates": [ [ [ [ 76.275, 10.075 ], [ 76.263, 10.078 ], [ 76.259, 10.09 ], [ 76.267, 10.1 ], [ 76.263, 10.113 ], [ 76.251, 10.115 ], [ 76.247, 10.128 ], [ 76.234, 10.13 ], [ 76.231, 10.143 ], [ 76.218, 10.145 ], [ 76.214, 10.158 ], [ 76.223, 10.168 ], [ 76.219, 10.18 ], [ 76.206, 10.183 ], [ 76.202, 10.195 ], [ 76.19, 10.198 ], [ 76.182, 10.188 ], [ 76.186, 10.176 ], [ 76.177, 10.166 ], [ 76.181, 10.153 ], [ 76.194, 10.151 ], [ 76.198, 10.138 ], [ 76.189, 10.129 ], [ 76.193, 10.116 ], [ 76.206, 10.113 ], [ 76.209, 10.101 ], [ 76.201, 10.091 ], [ 76.205, 10.079 ], [ 76.217, 10.076 ], [ 76.221, 10.064 ], [ 76.213, 10.054 ], [ 76.217, 10.041 ], [ 76.229, 10.039 ], [ 76.233, 10.026 ], [ 76.225, 10.016 ], [ 76.229, 10.004 ], [ 76.241, 10.001 ], [ 76.245, 9.989 ], [ 76.257, 9.986 ], [ 76.266, 9.996 ], [ 76.278, 9.993 ], [ 76.286, 10.003 ], [ 76.282, 10.016 ], [ 76.291, 10.025 ], [ 76.287, 10.038 ], [ 76.295, 10.048 ], [ 76.291, 10.06 ], [ 76.279, 10.063 ], [ 76.275, 10.075 ] ] ] ] } },
{ "type": "Feature", "properties": { "POLYGON.ID": 453.0, "subregion": "India--Kerala--Ernakulam--HMT", "POLYGON": "India--Kerala--Ernakulam--HMT", "SHOW": "1", "FILTER": "India--Kerala--Coast (0 to 40m)", "FILTER.ID": "CL30086", "OLD.POLYGON": "1", "STATE": "Kerala", "COUNTY": "Ernakulam", "OWNER": null }, "geometry": { "type": "MultiPolygon", "coordinates": [ [ [ [ 76.353, 10.047 ], [ 76.349, 10.059 ], [ 76.336, 10.062 ], [ 76.328, 10.052 ], [ 76.332, 10.04 ], [ 76.344, 10.037 ], [ 76.353, 10.047 ] ] ] ] } },
{ "type": "Feature", "properties": { "POLYGON.ID": 452.0, "subregion": "India--Kerala--Ernakulam--Kochi Urban", "POLYGON": "India--Kerala--Ernakulam--Kochi Urban", "SHOW": "1", "FILTER": "India--Kerala--Coast (0 to 40m)", "FILTER.ID": "CL30086", "OLD.POLYGON": "1", "STATE": "Kerala", "COUNTY": "Ernakulam", "OWNER": null }, "geometry": { "type": "MultiPolygon", "coordinates": [ [ [ [ 76.286, 10.003 ], [ 76.278, 9.993 ], [ 76.266, 9.996 ], [ 76.257, 9.986 ], [ 76.245, 9.989 ], [ 76.241, 10.001 ], [ 76.229, 10.004 ], [ 76.221, 9.994 ], [ 76.224, 9.982 ], [ 76.237, 9.979 ], [ 76.241, 9.967 ], [ 76.253, 9.964 ], [ 76.261, 9.974 ], [ 76.274, 9.971 ], [ 76.278, 9.959 ], [ 76.29, 9.956 ], [ 76.294, 9.943 ], [ 76.306, 9.941 ], [ 76.314, 9.951 ], [ 76.311, 9.963 ], [ 76.319, 9.973 ], [ 76.315, 9.985 ], [ 76.323, 9.995 ], [ 76.336, 9.992 ], [ 76.344, 10.002 ], [ 76.356, 9.999 ], [ 76.365, 10.009 ], [ 76.361, 10.022 ], [ 76.369, 10.031 ], [ 76.365, 10.044 ], [ 76.373, 10.054 ], [ 76.386, 10.051 ], [ 76.394, 10.061 ], [ 76.39, 10.073 ], [ 76.378, 10.076 ], [ 76.374, 10.088 ], [ 76.361, 10.091 ], [ 76.357, 10.104 ], [ 76.366, 10.113 ], [ 76.362, 10.126 ], [ 76.35, 10.129 ], [ 76.341, 10.119 ], [ 76.345, 10.106 ], [ 76.337, 10.096 ], [ 76.325, 10.099 ], [ 76.316, 10.089 ], [ 76.32, 10.077 ], [ 76.312, 10.067 ], [ 76.316, 10.055 ], [ 76.307, 10.045 ], [ 76.311, 10.032 ], [ 76.303, 10.023 ], [ 76.291, 10.025 ], [ 76.282, 10.016 ], [ 76.286, 10.003 ] ], [ [ 76.328, 10.052 ], [ 76.336, 10.062 ], [ 76.349, 10.059 ], [ 76.353, 10.047 ], [ 76.344, 10.037 ], [ 76.332, 10.04 ], [ 76.328, 10.052 ] ] ] ] } },
{ "type": "Feature", "properties": { "POLYGON.ID": 451.0, "subregion": "India--Kerala--Ernakulam--Wetlands (south)", "POLYGON": "India--Kerala--Ernakulam--Wetlands (south)", "SHOW": "1", "FILTER": "India--Kerala--Coast (0 to 40m)", "FILTER.ID": "CL30086", "OLD.POLYGON": "1", "STATE": "Kerala", "COUNTY": "Ernakulam", "OWNER": null }, "geometry": { "type": "MultiPolygon", "coordinates": [ [ [ [ 76.379, 9.89 ], [ 76.376, 9.902 ], [ 76.363, 9.905 ], [ 76.359, 9.918 ], [ 76.347, 9.92 ], [ 76.343, 9.933 ], [ 76.331, 9.935 ], [ 76.327, 9.948 ], [ 76.314, 9.951 ], [ 76.306, 9.941 ], [ 76.294, 9.943 ], [ 76.285, 9.934 ], [ 76.289, 9.921 ], [ 76.302, 9.919 ], [ 76.306, 9.906 ], [ 76.297, 9.896 ], [ 76.301, 9.884 ], [ 76.314, 9.881 ], [ 76.322, 9.891 ], [ 76.334, 9.888 ], [ 76.338, 9.876 ], [ 76.35, 9.873 ], [ 76.359, 9.883 ], [ 76.371, 9.88 ], [ 76.375, 9.868 ], [ 76.367, 9.858 ], [ 76.371, 9.845 ], [ 76.383, 9.843 ], [ 76.391, 9.852 ], [ 76.404, 9.85 ], [ 76.412, 9.86 ], [ 76.408, 9.872 ], [ 76.396, 9.875 ], [ 76.392, 9.887 ], [ 76.379, 9.89 ] ] ] ] } },
{ "type": "Feature", "properties": { "POLYGON.ID": 450.0, "subregion": "India--Kerala--Ernakulam--Kandakadavu", "POLYGON": "India--Kerala--Ernakulam--Kandakadavu", "SHOW": "1", "FILTER": "India--Kerala--Coast (0 to 40m)", "FILTER.ID": "CL30086", "OLD.POLYGON": "1", "STATE": "Kerala", "COUNTY": "Ernakulam", "OWNER": null }, "geometry": { "type": "MultiPolygon", "coordinates": [ [ [ [ 76.278, 9.959 ], [ 76.274, 9.971 ], [ 76.261, 9.974 ], [ 76.253, 9.964 ], [ 76.257, 9.952 ], [ 76.249, 9.942 ], [ 76.253, 9.929 ], [ 76.265, 9.927 ], [ 76.269, 9.914 ], [ 76.26, 9.904 ], [ 76.264, 9.892 ], [ 76.277, 9.889 ], [ 76.281, 9.877 ], [ 76.272, 9.867 ], [ 76.276, 9.854 ], [ 76.289, 9.852 ], [ 76.297, 9.862 ], [ 76.293, 9.874 ], [ 76.301, 9.884 ], [ 76.297, 9.896 ], [ 76.306, 9.906 ], [ 76.302, 9.919 ], [ 76.289, 9.921 ], [ 76.285, 9.934 ], [ 76.294, 9.943 ], [ 76.29, 9.956 ], [ 76.278, 9.959 ] ] ] ] } },
{ "type": "Feature", "properties": { "POLYGON.ID": 449.0, "subregion": "India--Kerala--Ernakulam--Puthuvype", "POLYGON": "India--Kerala--Ernakulam--Puthuvype", "SHOW": "1", "FILTER": "India--Kerala--Coast (0 to 40m)", "FILTER.ID": "CL30086", "OLD.POLYGON": "1", "STATE": "Kerala", "COUNTY": "Ernakulam", "OWNER": null }, "geometry": { "type": "MultiPolygon", "coordinates": [ [ [ [ 76.225, 10.016 ], [ 76.213, 10.019 ], [ 76.204, 10.009 ], [ 76.208, 9.997 ], [ 76.221, 9.994 ], [ 76.229, 10.004 ], [ 76.225, 10.016 ] ] ] ] } },
{ "type": "Feature", "properties": { "POLYGON.ID": 443.0, "subregion": "India--Kerala--Kozhikode--High Ranges (south)", "POLYGON": "India--Kerala--Kozhikode--High Ranges (south)", "SHOW": "1", "FILTER": "India--Kerala--High Ranges(600 to 1200m)", "FILTER.ID": "CL27582", "OLD.POLYGON": "1", "STATE": "Kerala", "COUNTY": "Kozhikode", "OWNER": null }, "geometry": { "type": "MultiPolygon", "coordinates": [ [ [ [ 76.085, 11.356 ], [ 76.089, 11.344 ], [ 76.101, 11.341 ], [ 76.109, 11.351 ], [ 76.105, 11.363 ], [ 76.114, 11.373 ], [ 76.11, 11.386 ], [ 76.097, 11.388 ], [ 76.093, 11.401 ], [ 76.102, 11.41 ], [ 76.098, 11.423 ], [ 76.106, 11.433 ], [ 76.118, 11.43 ], [ 76.127, 11.44 ], [ 76.123, 11.452 ], [ 76.131, 11.462 ], [ 76.127, 11.475 ], [ 76.115, 11.477 ], [ 76.106, 11.467 ], [ 76.094, 11.47 ], [ 76.09, 11.482 ], [ 76.078, 11.485 ], [ 76.074, 11.497 ], [ 76.062, 11.5 ], [ 76.058, 11.512 ], [ 76.045, 11.515 ], [ 76.037, 11.505 ], [ 76.041, 11.492 ], [ 76.053, 11.49 ], [ 76.057, 11.478 ], [ 76.069, 11.475 ], [ 76.073, 11.463 ], [ 76.086, 11.46 ], [ 76.09, 11.448 ], [ 76.081, 11.438 ], [ 76.085, 11.425 ], [ 76.077, 11.416 ], [ 76.081, 11.403 ], [ 76.073, 11.393 ], [ 76.077, 11.381 ], [ 76.089, 11.378 ], [ 76.093, 11.366 ], [ 76.085, 11.356 ] ] ] ] } },
{ "type": "Feature", "properties": { "POLYGON.ID": 442.0, "subregion": "India--Kerala--Malappuram--Nilambur High Ranges (north)", "POLYGON": "India--Kerala--Malappuram--Nilambur High Ranges (north)", "SHOW": "1", "FILTER": "India--Kerala--High Ranges(600 to 1200m)", "FILTER.ID": "CL27582", "OLD.POLYGON": "1", "STATE": "Kerala", "COUNTY": "Malappuram", "OWNER": null }, "geometry": { "type": "MultiPolygon", "coordinates": [ [ [ [ 76.168, 11.454 ], [ 76.16, 11.445 ], [ 76.164, 11.432 ], [ 76.155, 11.422 ], [ 76.159, 11.41 ], [ 76.151, 11.4 ], [ 76.155, 11.388 ], [ 76.147, 11.378 ], [ 76.134, 11.38 ], [ 76.13, 11.393 ], [ 76.118, 11.395 ], [ 76.11, 11.386 ], [ 76.114, 11.373 ], [ 76.105, 11.363 ], [ 76.109, 11.351 ], [ 76.101, 11.341 ], [ 76.105, 11.329 ], [ 76.117, 11.326 ], [ 76.121, 11.314 ], [ 76.113, 11.304 ], [ 76.117, 11.291 ], [ 76.129, 11.289 ], [ 76.137, 11.299 ], [ 76.133, 11.311 ], [ 76.142, 11.321 ], [ 76.138, 11.333 ], [ 76.126, 11.336 ], [ 76.122, 11.348 ], [ 76.13, 11.358 ], [ 76.142, 11.356 ], [ 76.151, 11.365 ], [ 76.163, 11.363 ], [ 76.171, 11.373 ], [ 76.184, 11.37 ], [ 76.192, 11.38 ], [ 76.204, 11.377 ], [ 76.213, 11.387 ], [ 76.209, 11.4 ], [ 76.196, 11.402 ], [ 76.192, 11.415 ], [ 76.18, 11.417 ], [ 76.176, 11.43 ], [ 76.184, 11.439 ], [ 76.18, 11.452 ], [ 76.189, 11.462 ], [ 76.185, 11.474 ], [ 76.173, 11.477 ], [ 76.164, 11.467 ], [ 76.168, 11.454 ] ] ] ] } },
{ "type": "Feature", "properties": { "POLYGON.ID": 441.0, "subregion": "India--Kerala--Kozhikode--Foothills", "POLYGON": "India--Kerala--Kozhikode--Foothills", "SHOW": "1", "FILTER": "India--Kerala--Foothills and Midlands(40 to 200m and 200 to 600m)", "FILTER.ID": "CL27581", "OLD.POLYGON": "1", "STATE": "Kerala", "COUNTY": "Kozhikode", "OWNER": null }, "geometry": { "type": "MultiPolygon", "coordinates": [ [ [ [ 76.072, 11.359 ], [ 76.064, 11.349 ], [ 76.068, 11.336 ], [ 76.08, 11.334 ], [ 76.084, 11.321 ], [ 76.076, 11.312 ], [ 76.08, 11.299 ], [ 76.092, 11.297 ], [ 76.1, 11.306 ], [ 76.113, 11.304 ], [ 76.121, 11.314 ], [ 76.117, 11.326 ], [ 76.105, 11.329 ], [ 76.101, 11.341 ], [ 76.089, 11.344 ], [ 76.085, 11.356 ], [ 76.093, 11.366 ], [ 76.089, 11.378 ], [ 76.077, 11.381 ], [ 76.073, 11.393 ], [ 76.081, 11.403 ], [ 76.077, 11.416 ], [ 76.085, 11.425 ], [ 76.081, 11.438 ], [ 76.09, 11.448 ], [ 76.086, 11.46 ], [ 76.073, 11.463 ], [ 76.069, 11.475 ], [ 76.057, 11.478 ], [ 76.053, 11.49 ], [ 76.041, 11.492 ], [ 76.037, 11.505 ], [ 76.025, 11.507 ], [ 76.021, 11.52 ], [ 76.008, 11.522 ], [ 76.004, 11.535 ], [ 75.992, 11.537 ], [ 75.984, 11.528 ], [ 75.971, 11.53 ], [ 75.963, 11.52 ], [ 75.951, 11.523 ], [ 75.947, 11.535 ], [ 75.934, 11.538 ], [ 75.926, 11.528 ], [ 75.914, 11.53 ], [ 75.91, 11.543 ], [ 75.918, 11.553 ], [ 75.914, 11.565 ], [ 75.902, 11.568 ], [ 75.898, 11.58 ], [ 75.886, 11.582 ], [ 75.882, 11.595 ], [ 75.89, 11.605 ], [ 75.886, 11.617 ], [ 75.874, 11.62 ], [ 75.87, 11.632 ], [ 75.878, 11.642 ], [ 75.874, 11.654 ], [ 75.862, 11.657 ], [ 75.858, 11.669 ], [ 75.845, 11.672 ], [ 75.841, 11.684 ], [ 75.829, 11.687 ], [ 75.825, 11.699 ], [ 75.813, 11.702 ], [ 75.809, 11.714 ], [ 75.797, 11.716 ], [ 75.793, 11.729 ], [ 75.78, 11.731 ], [ 75.772, 11.721 ], [ 75.76, 11.724 ], [ 75.756, 11.736 ], [ 75.764, 11.746 ], [ 75.776, 11.744 ], [ 75.785, 11.754 ], [ 75.781, 11.766 ], [ 75.789, 11.776 ], [ 75.785, 11.788 ], [ 75.773, 11.791 ], [ 75.769, 11.803 ], [ 75.757, 11.806 ], [ 75.748, 11.796 ], [ 75.736, 11.798 ], [ 75.728, 11.788 ], [ 75.715, 11.791 ], [ 75.707, 11.781 ], [ 75.711, 11.769 ], [ 75.723, 11.766 ], [ 75.732, 11.776 ], [ 75.744, 11.773 ], [ 75.752, 11.783 ], [ 75.764, 11.781 ], [ 75.768, 11.768 ], [ 75.76, 11.759 ], [ 75.748, 11.761 ], [ 75.74, 11.751 ], [ 75.744, 11.739 ], [ 75.735, 11.729 ], [ 75.739, 11.717 ], [ 75.751, 11.714 ], [ 75.755, 11.702 ], [ 75.768, 11.699 ], [ 75.776, 11.709 ], [ 75.788, 11.707 ], [ 75.792, 11.694 ], [ 75.805, 11.692 ], [ 75.809, 11.679 ], [ 75.821, 11.677 ], [ 75.825, 11.664 ], [ 75.837, 11.662 ], [ 75.841, 11.649 ], [ 75.853, 11.647 ], [ 75.857, 11.635 ], [ 75.849, 11.625 ], [ 75.853, 11.612 ], [ 75.865, 11.61 ], [ 75.869, 11.597 ], [ 75.861, 11.588 ], [ 75.865, 11.575 ], [ 75.877, 11.573 ], [ 75.881, 11.56 ], [ 75.894, 11.558 ], [ 75.898, 11.545 ], [ 75.889, 11.535 ], [ 75.877, 11.538 ], [ 75.869, 11.528 ], [ 75.856, 11.531 ], [ 75.848, 11.521 ], [ 75.836, 11.523 ], [ 75.827, 11.514 ], [ 75.831, 11.501 ], [ 75.844, 11.499 ], [ 75.848, 11.486 ], [ 75.86, 11.484 ], [ 75.868, 11.494 ], [ 75.88, 11.491 ], [ 75.889, 11.501 ], [ 75.901, 11.498 ], [ 75.909, 11.508 ], [ 75.922, 11.506 ], [ 75.926, 11.493 ], [ 75.938, 11.491 ], [ 75.946, 11.501 ], [ 75.959, 11.498 ], [ 75.967, 11.508 ], [ 75.979, 11.505 ], [ 75.988, 11.515 ], [ 76.0, 11.513 ], [ 76.004, 11.5 ], [ 76.016, 11.498 ], [ 76.02, 11.485 ], [ 76.033, 11.483 ], [ 76.036, 11.47 ], [ 76.028, 11.46 ], [ 76.032, 11.448 ], [ 76.044, 11.445 ], [ 76.048, 11.433 ], [ 76.061, 11.43 ], [ 76.065, 11.418 ], [ 76.056, 11.408 ], [ 76.06, 11.396 ], [ 76.052, 11.386 ], [ 76.056, 11.374 ], [ 76.068, 11.371 ], [ 76.072, 11.359 ] ] ] ] } },
{ "type": "Feature", "properties": { "POLYGON.ID": 444.0, "subregion": "India--Kerala--Kannur--Kottiyur--Aralam highlands", "POLYGON": "India--Kerala--Kannur--Kottiyur--Aralam highlands", "SHOW": "1", "FILTER": "India--Kerala--High Ranges(600 to 1200m)", "FILTER.ID": "CL27582", "OLD.POLYGON": "1", "STATE": "Kerala", "COUNTY": "Kannur", "OWNER": null }, "geometry": { "type": "MultiPolygon", "coordinates": [ [ [ [ 75.935, 11.931 ], [ 75.931, 11.943 ], [ 75.918, 11.946 ], [ 75.914, 11.958 ], [ 75.902, 11.961 ], [ 75.894, 11.951 ], [ 75.898, 11.938 ], [ 75.889, 11.929 ], [ 75.893, 11.916 ], [ 75.885, 11.906 ], [ 75.889, 11.894 ], [ 75.901, 11.891 ], [ 75.905, 11.879 ], [ 75.918, 11.877 ], [ 75.926, 11.886 ], [ 75.938, 11.884 ], [ 75.947, 11.894 ], [ 75.943, 11.906 ], [ 75.93, 11.909 ], [ 75.926, 11.921 ], [ 75.935, 11.931 ] ] ] ] } },
{ "type": "Feature", "properties": { "POLYGON.ID": 445.0, "subregion": "India--Kerala--Kannur--Foothills (south)", "POLYGON": "India--Kerala--Kannur--Foothills (south)", "SHOW": "1", "FILTER": "India--Kerala--Foothills and Midlands(40 to 200m and 200 to 600m)", "FILTER.ID": "CL27581", "OLD.POLYGON": "1", "STATE": "Kerala", "COUNTY": "Kannur", "OWNER": null }, "geometry": { "type": "MultiPolygon", "coordinates": [ [ [ [ 75.761, 11.828 ], [ 75.753, 11.818 ], [ 75.74, 11.82 ], [ 75.732, 11.811 ], [ 75.72, 11.813 ], [ 75.716, 11.825 ], [ 75.703, 11.828 ], [ 75.695, 11.818 ], [ 75.683, 11.821 ], [ 75.675, 11.811 ], [ 75.662, 11.813 ], [ 75.654, 11.803 ], [ 75.658, 11.791 ], [ 75.67, 11.789 ], [ 75.674, 11.776 ], [ 75.686, 11.774 ], [ 75.695, 11.784 ], [ 75.707, 11.781 ], [ 75.715, 11.791 ], [ 75.728, 11.788 ], [ 75.736, 11.798 ], [ 75.748, 11.796 ], [ 75.757, 11.806 ], [ 75.769, 11.803 ], [ 75.773, 11.791 ], [ 75.785, 11.788 ], [ 75.793, 11.798 ], [ 75.789, 11.81 ], [ 75.798, 11.82 ], [ 75.794, 11.833 ], [ 75.802, 11.842 ], [ 75.798, 11.855 ], [ 75.806, 11.865 ], [ 75.819, 11.862 ], [ 75.823, 11.85 ], [ 75.835, 11.847 ], [ 75.843, 11.857 ], [ 75.856, 11.855 ], [ 75.86, 11.842 ], [ 75.872, 11.84 ], [ 75.88, 11.85 ], [ 75.893, 11.847 ], [ 75.897, 11.835 ], [ 75.909, 11.832 ], [ 75.917, 11.842 ], [ 75.913, 11.854 ], [ 75.922, 11.864 ], [ 75.918, 11.877 ], [ 75.905, 11.879 ], [ 75.901, 11.891 ], [ 75.889, 11.894 ], [ 75.885, 11.906 ], [ 75.893, 11.916 ], [ 75.889, 11.929 ], [ 75.898, 11.938 ], [ 75.894, 11.951 ], [ 75.881, 11.953 ], [ 75.877, 11.966 ], [ 75.865, 11.968 ], [ 75.861, 11.981 ], [ 75.849, 11.983 ], [ 75.845, 11.995 ], [ 75.833, 11.998 ], [ 75.829, 12.01 ], [ 75.837, 12.02 ], [ 75.833, 12.033 ], [ 75.821, 12.035 ], [ 75.817, 12.047 ], [ 75.804, 12.05 ], [ 75.8, 12.062 ], [ 75.809, 12.072 ], [ 75.805, 12.085 ], [ 75.792, 12.087 ], [ 75.784, 12.077 ], [ 75.772, 12.08 ], [ 75.763, 12.07 ], [ 75.767, 12.057 ], [ 75.759, 12.048 ], [ 75.763, 12.035 ], [ 75.755, 12.025 ], [ 75.759, 12.013 ], [ 75.771, 12.011 ], [ 75.775, 11.998 ], [ 75.787, 11.996 ], [ 75.796, 12.006 ], [ 75.808, 12.003 ], [ 75.812, 11.991 ], [ 75.804, 11.981 ], [ 75.808, 11.968 ], [ 75.82, 11.966 ], [ 75.824, 11.954 ], [ 75.816, 11.944 ], [ 75.82, 11.931 ], [ 75.832, 11.929 ], [ 75.836, 11.916 ], [ 75.827, 11.907 ], [ 75.831, 11.894 ], [ 75.844, 11.892 ], [ 75.848, 11.879 ], [ 75.839, 11.869 ], [ 75.827, 11.872 ], [ 75.823, 11.884 ], [ 75.811, 11.887 ], [ 75.802, 11.877 ], [ 75.79, 11.88 ], [ 75.782, 11.87 ], [ 75.77, 11.872 ], [ 75.761, 11.862 ], [ 75.765, 11.85 ], [ 75.757, 11.84 ], [ 75.761, 11.828 ] ] ] ] } },
{ "type": "Feature", "properties": { "POLYGON.ID": 446.0, "subregion": "India--Kerala--Kannur--Paithalmala", "POLYGON": "India--Kerala--Kannur--Paithalmala", "SHOW": "1", "FILTER": "India--Kerala--High Ranges(600 to 1200m)", "FILTER.ID": "CL27582", "OLD.POLYGON": "1", "STATE": "Kerala", "COUNTY": "Kannur", "OWNER": null }, "geometry": { "type": "MultiPolygon", "coordinates": [ [ [ [ 75.514, 12.166 ], [ 75.518, 12.154 ], [ 75.53, 12.152 ], [ 75.539, 12.161 ], [ 75.551, 12.159 ], [ 75.559, 12.169 ], [ 75.571, 12.166 ], [ 75.575, 12.154 ], [ 75.588, 12.152 ], [ 75.596, 12.161 ], [ 75.592, 12.174 ], [ 75.58, 12.176 ], [ 75.576, 12.189 ], [ 75.564, 12.191 ], [ 75.56, 12.203 ], [ 75.547, 12.206 ], [ 75.539, 12.196 ], [ 75.527, 12.198 ], [ 75.518, 12.189 ], [ 75.522, 12.176 ], [ 75.514, 12.166 ] ] ] ] } },
{ "type": "Feature", "properties": { "POLYGON.ID": 447.0, "subregion": "India--Kerala--Kannur--Foothills (north)", "POLYGON": "India--Kerala--Kannur--Foothills (north)", "SHOW": "1", "FILTER": "India--Kerala--Foothills and Midlands(40 to 200m and 200 to 600m)", "FILTER.ID": "CL27581", "OLD.POLYGON": "1", "STATE": "Kerala", "COUNTY": "Kannur", "OWNER": null }, "geometry": { "type": "MultiPolygon", "coordinates": [ [ [ [ 75.624, 12.11 ], [ 75.616, 12.1 ], [ 75.62, 12.087 ], [ 75.612, 12.077 ], [ 75.616, 12.065 ], [ 75.628, 12.063 ], [ 75.636, 12.073 ], [ 75.648, 12.07 ], [ 75.657, 12.08 ], [ 75.669, 12.077 ], [ 75.677, 12.087 ], [ 75.69, 12.085 ], [ 75.698, 12.095 ], [ 75.71, 12.092 ], [ 75.719, 12.102 ], [ 75.715, 12.114 ], [ 75.702, 12.117 ], [ 75.694, 12.107 ], [ 75.682, 12.109 ], [ 75.673, 12.1 ], [ 75.661, 12.102 ], [ 75.657, 12.114 ], [ 75.645, 12.117 ], [ 75.641, 12.129 ], [ 75.649, 12.139 ], [ 75.645, 12.151 ], [ 75.633, 12.154 ], [ 75.629, 12.166 ], [ 75.617, 12.169 ], [ 75.608, 12.159 ], [ 75.596, 12.161 ], [ 75.588, 12.152 ], [ 75.575, 12.154 ], [ 75.571, 12.166 ], [ 75.559, 12.169 ], [ 75.551, 12.159 ], [ 75.539, 12.161 ], [ 75.53, 12.152 ], [ 75.518, 12.154 ], [ 75.514, 12.166 ], [ 75.522, 12.176 ], [ 75.518, 12.189 ], [ 75.527, 12.198 ], [ 75.539, 12.196 ], [ 75.547, 12.206 ], [ 75.543, 12.218 ], [ 75.531, 12.221 ], [ 75.527, 12.233 ], [ 75.515, 12.235 ], [ 75.511, 12.248 ], [ 75.519, 12.258 ], [ 75.515, 12.27 ], [ 75.503, 12.272 ], [ 75.499, 12.285 ], [ 75.487, 12.287 ], [ 75.483, 12.299 ], [ 75.47, 12.302 ], [ 75.462, 12.292 ], [ 75.45, 12.295 ], [ 75.446, 12.307 ], [ 75.434, 12.309 ], [ 75.425, 12.299 ], [ 75.429, 12.287 ], [ 75.421, 12.277 ], [ 75.409, 12.28 ], [ 75.4, 12.27 ], [ 75.404, 12.258 ], [ 75.396, 12.248 ], [ 75.4, 12.235 ], [ 75.412, 12.233 ], [ 75.416, 12.221 ], [ 75.429, 12.218 ], [ 75.437, 12.228 ], [ 75.449, 12.226 ], [ 75.457, 12.235 ], [ 75.47, 12.233 ], [ 75.478, 12.243 ], [ 75.49, 12.24 ], [ 75.494, 12.228 ], [ 75.486, 12.218 ], [ 75.474, 12.221 ], [ 75.465, 12.211 ], [ 75.469, 12.198 ], [ 75.482, 12.196 ], [ 75.486, 12.184 ], [ 75.498, 12.181 ], [ 75.502, 12.169 ], [ 75.494, 12.159 ], [ 75.498, 12.147 ], [ 75.489, 12.137 ], [ 75.493, 12.124 ], [ 75.505, 12.122 ], [ 75.514, 12.132 ], [ 75.526, 12.129 ], [ 75.534, 12.139 ], [ 75.547, 12.137 ], [ 75.551, 12.124 ], [ 75.563, 12.122 ], [ 75.571, 12.132 ], [ 75.583, 12.129 ], [ 75.587, 12.117 ], [ 75.6, 12.114 ], [ 75.608, 12.124 ], [ 75.62, 12.122 ], [ 75.624, 12.11 ] ] ] ] } },
{ "type": "Feature", "properties": { "POLYGON.ID": 448.0, "subregion": "India--Kerala--Kannur--Midlands", "POLYGON": "India--Kerala--Kannur--Midlands", "SHOW": "1", "FILTER": "India--Kerala--Foothills and Midlands(40 to 200m and 200 to 600m)", "FILTER.ID": "CL27581", "OLD.POLYGON": "1", "STATE": "Kerala", "COUNTY": "Kannur", "OWNER": null }, "geometry": { "type": "MultiPolygon", "coordinates": [ [ [ [ 75.281, 12.144 ], [ 75.289, 12.154 ], [ 75.301, 12.152 ], [ 75.305, 12.139 ], [ 75.317, 12.137 ], [ 75.321, 12.125 ], [ 75.313, 12.115 ], [ 75.301, 12.117 ], [ 75.293, 12.107 ], [ 75.297, 12.095 ], [ 75.309, 12.093 ], [ 75.313, 12.08 ], [ 75.325, 12.078 ], [ 75.333, 12.088 ], [ 75.345, 12.085 ], [ 75.354, 12.095 ], [ 75.35, 12.107 ], [ 75.358, 12.117 ], [ 75.37, 12.115 ], [ 75.379, 12.125 ], [ 75.391, 12.122 ], [ 75.395, 12.11 ], [ 75.387, 12.1 ], [ 75.374, 12.102 ], [ 75.366, 12.093 ], [ 75.37, 12.08 ], [ 75.362, 12.07 ], [ 75.366, 12.058 ], [ 75.378, 12.056 ], [ 75.386, 12.065 ], [ 75.398, 12.063 ], [ 75.402, 12.051 ], [ 75.394, 12.041 ], [ 75.398, 12.028 ], [ 75.41, 12.026 ], [ 75.419, 12.036 ], [ 75.431, 12.033 ], [ 75.439, 12.043 ], [ 75.451, 12.041 ], [ 75.455, 12.028 ], [ 75.468, 12.026 ], [ 75.476, 12.036 ], [ 75.472, 12.048 ], [ 75.48, 12.058 ], [ 75.493, 12.055 ], [ 75.496, 12.043 ], [ 75.509, 12.041 ], [ 75.517, 12.05 ], [ 75.529, 12.048 ], [ 75.538, 12.058 ], [ 75.55, 12.055 ], [ 75.558, 12.065 ], [ 75.57, 12.063 ], [ 75.574, 12.05 ], [ 75.587, 12.048 ], [ 75.591, 12.036 ], [ 75.582, 12.026 ], [ 75.57, 12.028 ], [ 75.562, 12.018 ], [ 75.55, 12.021 ], [ 75.541, 12.011 ], [ 75.545, 11.999 ], [ 75.557, 11.996 ], [ 75.561, 11.984 ], [ 75.574, 11.981 ], [ 75.582, 11.991 ], [ 75.594, 11.989 ], [ 75.598, 11.976 ], [ 75.59, 11.966 ], [ 75.578, 11.969 ], [ 75.569, 11.959 ], [ 75.557, 11.962 ], [ 75.549, 11.952 ], [ 75.537, 11.954 ], [ 75.533, 11.967 ], [ 75.52, 11.969 ], [ 75.516, 11.981 ], [ 75.504, 11.984 ], [ 75.496, 11.974 ], [ 75.484, 11.977 ], [ 75.475, 11.967 ], [ 75.479, 11.954 ], [ 75.471, 11.945 ], [ 75.475, 11.932 ], [ 75.487, 11.93 ], [ 75.491, 11.917 ], [ 75.503, 11.915 ], [ 75.507, 11.903 ], [ 75.52, 11.9 ], [ 75.528, 11.91 ], [ 75.54, 11.907 ], [ 75.549, 11.917 ], [ 75.561, 11.915 ], [ 75.565, 11.902 ], [ 75.577, 11.9 ], [ 75.581, 11.888 ], [ 75.593, 11.885 ], [ 75.597, 11.873 ], [ 75.589, 11.863 ], [ 75.577, 11.865 ], [ 75.568, 11.855 ], [ 75.556, 11.858 ], [ 75.548, 11.848 ], [ 75.536, 11.851 ], [ 75.527, 11.841 ], [ 75.531, 11.828 ], [ 75.544, 11.826 ], [ 75.552, 11.836 ], [ 75.564, 11.833 ], [ 75.568, 11.821 ], [ 75.58, 11.818 ], [ 75.584, 11.806 ], [ 75.576, 11.796 ], [ 75.58, 11.784 ], [ 75.592, 11.781 ], [ 75.596, 11.769 ], [ 75.608, 11.767 ], [ 75.617, 11.776 ], [ 75.629, 11.774 ], [ 75.637, 11.784 ], [ 75.65, 11.781 ], [ 75.654, 11.769 ], [ 75.666, 11.766 ], [ 75.674, 11.776 ], [ 75.67, 11.789 ], [ 75.658, 11.791 ], [ 75.654, 11.803 ], [ 75.662, 11.813 ], [ 75.675, 11.811 ], [ 75.683, 11.821 ], [ 75.695, 11.818 ], [ 75.703, 11.828 ], [ 75.716, 11.825 ], [ 75.72, 11.813 ], [ 75.732, 11.811 ], [ 75.74, 11.82 ], [ 75.753, 11.818 ], [ 75.761, 11.828 ], [ 75.757, 11.84 ], [ 75.765, 11.85 ], [ 75.761, 11.862 ], [ 75.77, 11.872 ], [ 75.782, 11.87 ], [ 75.79, 11.88 ], [ 75.802, 11.877 ], [ 75.811, 11.887 ], [ 75.823, 11.884 ], [ 75.827, 11.872 ], [ 75.839, 11.869 ], [ 75.848, 11.879 ], [ 75.844, 11.892 ], [ 75.831, 11.894 ], [ 75.827, 11.907 ], [ 75.836, 11.916 ], [ 75.832, 11.929 ], [ 75.82, 11.931 ], [ 75.816, 11.944 ], [ 75.824, 11.954 ], [ 75.82, 11.966 ], [ 75.808, 11.968 ], [ 75.804, 11.981 ], [ 75.812, 11.991 ], [ 75.808, 12.003 ], [ 75.796, 12.006 ], [ 75.787, 11.996 ], [ 75.775, 11.998 ], [ 75.771, 12.011 ], [ 75.759, 12.013 ], [ 75.755, 12.025 ], [ 75.763, 12.035 ], [ 75.759, 12.048 ], [ 75.767, 12.057 ], [ 75.763, 12.07 ], [ 75.772, 12.08 ], [ 75.768, 12.092 ], [ 75.756, 12.095 ], [ 75.747, 12.085 ], [ 75.735, 12.087 ], [ 75.727, 12.077 ], [ 75.714, 12.08 ], [ 75.71, 12.092 ], [ 75.698, 12.095 ], [ 75.69, 12.085 ], [ 75.677, 12.087 ], [ 75.669, 12.077 ], [ 75.657, 12.08 ], [ 75.648, 12.07 ], [ 75.636, 12.073 ], [ 75.628, 12.063 ], [ 75.616, 12.065 ], [ 75.612, 12.077 ], [ 75.62, 12.087 ], [ 75.616, 12.1 ], [ 75.624, 12.11 ], [ 75.62, 12.122 ], [ 75.608, 12.124 ], [ 75.6, 12.114 ], [ 75.587, 12.117 ], [ 75.583, 12.129 ], [ 75.571, 12.132 ], [ 75.563, 12.122 ], [ 75.551, 12.124 ], [ 75.547, 12.137 ], [ 75.534, 12.139 ], [ 75.526, 12.129 ], [ 75.514, 12.132 ], [ 75.505, 12.122 ], [ 75.493, 12.124 ], [ 75.489, 12.137 ], [ 75.498, 12.147 ], [ 75.494, 12.159 ], [ 75.502, 12.169 ], [ 75.498, 12.181 ], [ 75.486, 12.184 ], [ 75.482, 12.196 ], [ 75.469, 12.198 ], [ 75.465, 12.211 ], [ 75.474, 12.221 ], [ 75.486, 12.218 ], [ 75.494, 12.228 ], [ 75.49, 12.24 ], [ 75.478, 12.243 ], [ 75.47, 12.233 ], [ 75.457, 12.235 ], [ 75.449, 12.226 ], [ 75.437, 12.228 ], [ 75.429, 12.218 ], [ 75.416, 12.221 ], [ 75.412, 12.233 ], [ 75.4, 12.235 ], [ 75.396, 12.248 ], [ 75.404, 12.258 ], [ 75.4, 12.27 ], [ 75.409, 12.28 ], [ 75.421, 12.277 ], [ 75.429, 12.287 ], [ 75.425, 12.299 ], [ 75.413, 12.302 ], [ 75.405, 12.292 ], [ 75.392, 12.295 ], [ 75.384, 12.285 ], [ 75.372, 12.287 ], [ 75.364, 12.277 ], [ 75.351, 12.28 ], [ 75.343, 12.27 ], [ 75.331, 12.272 ], [ 75.327, 12.285 ], [ 75.315, 12.287 ], [ 75.306, 12.277 ], [ 75.294, 12.28 ], [ 75.286, 12.27 ], [ 75.29, 12.257 ], [ 75.282, 12.248 ], [ 75.286, 12.235 ], [ 75.277, 12.225 ], [ 75.265, 12.228 ], [ 75.257, 12.218 ], [ 75.245, 12.221 ], [ 75.236, 12.211 ], [ 75.24, 12.198 ], [ 75.232, 12.189 ], [ 75.236, 12.176 ], [ 75.248, 12.174 ], [ 75.252, 12.161 ], [ 75.244, 12.152 ], [ 75.248, 12.139 ], [ 75.26, 12.137 ], [ 75.268, 12.147 ], [ 75.281, 12.144 ] ] ] ] } },
{ "type": "Feature", "properties": { "POLYGON.ID": 462.0, "subregion": "India--Kerala--Ernakulam--Malayattoor", "POLYGON": "India--Kerala--Ernakulam--Malayattoor", "SHOW": "1", "FILTER": "India--Kerala--Foothills and Midlands(40 to 200m and 200 to 600m)", "FILTER.ID": "CL27581", "OLD.POLYGON": "1", "STATE": "Kerala", "COUNTY": "Ernakulam", "OWNER": null }, "geometry": { "type": "MultiPolygon", "coordinates": [ [ [ [ 76.539, 10.145 ], [ 76.543, 10.133 ], [ 76.556, 10.13 ], [ 76.56, 10.118 ], [ 76.572, 10.115 ], [ 76.576, 10.102 ], [ 76.588, 10.1 ], [ 76.597, 10.11 ], [ 76.609, 10.107 ], [ 76.617, 10.117 ], [ 76.63, 10.114 ], [ 76.634, 10.102 ], [ 76.646, 10.099 ], [ 76.654, 10.109 ], [ 76.65, 10.121 ], [ 76.659, 10.131 ], [ 76.655, 10.143 ], [ 76.663, 10.153 ], [ 76.659, 10.166 ], [ 76.647, 10.168 ], [ 76.643, 10.181 ], [ 76.631, 10.184 ], [ 76.622, 10.174 ], [ 76.61, 10.176 ], [ 76.606, 10.189 ], [ 76.594, 10.192 ], [ 76.585, 10.182 ], [ 76.573, 10.185 ], [ 76.569, 10.197 ], [ 76.556, 10.2 ], [ 76.553, 10.212 ], [ 76.561, 10.222 ], [ 76.557, 10.234 ], [ 76.545, 10.237 ], [ 76.541, 10.25 ], [ 76.528, 10.252 ], [ 76.524, 10.265 ], [ 76.512, 10.267 ], [ 76.504, 10.258 ], [ 76.491, 10.26 ], [ 76.483, 10.251 ], [ 76.487, 10.238 ], [ 76.479, 10.228 ], [ 76.482, 10.216 ], [ 76.474, 10.206 ], [ 76.478, 10.193 ], [ 76.49, 10.191 ], [ 76.494, 10.178 ], [ 76.486, 10.169 ], [ 76.49, 10.156 ], [ 76.502, 10.153 ], [ 76.506, 10.141 ], [ 76.519, 10.138 ], [ 76.527, 10.148 ], [ 76.539, 10.145 ] ] ] ] } },
{ "type": "Feature", "properties": { "POLYGON.ID": 463.0, "subregion": "India--Kerala--Ernakulam--Plantation", "POLYGON": "India--Kerala--Ernakulam--Plantation", "SHOW": "1", "FILTER": "India--Kerala--Foothills and Midlands(40 to 200m and 200 to 600m)", "FILTER.ID": "CL27581", "OLD.POLYGON": "1", "STATE": "Kerala", "COUNTY": "Ernakulam", "OWNER": null }, "geometry": { "type": "MultiPolygon", "coordinates": [ [ [ [ 76.43, 10.274 ], [ 76.417, 10.276 ], [ 76.409, 10.267 ], [ 76.413, 10.254 ], [ 76.425, 10.251 ], [ 76.434, 10.261 ], [ 76.446, 10.259 ], [ 76.45, 10.246 ], [ 76.462, 10.243 ], [ 76.466, 10.231 ], [ 76.479, 10.228 ], [ 76.487, 10.238 ], [ 76.483, 10.251 ], [ 76.491, 10.26 ], [ 76.504, 10.258 ], [ 76.512, 10.267 ], [ 76.524, 10.265 ], [ 76.528, 10.252 ], [ 76.541, 10.25 ], [ 76.549, 10.259 ], [ 76.561, 10.257 ], [ 76.57, 10.267 ], [ 76.582, 10.264 ], [ 76.59, 10.274 ], [ 76.587, 10.286 ], [ 76.574, 10.289 ], [ 76.566, 10.279 ], [ 76.553, 10.282 ], [ 76.545, 10.272 ], [ 76.533, 10.275 ], [ 76.529, 10.287 ], [ 76.516, 10.29 ], [ 76.508, 10.28 ], [ 76.496, 10.283 ], [ 76.487, 10.273 ], [ 76.475, 10.275 ], [ 76.471, 10.288 ], [ 76.459, 10.291 ], [ 76.45, 10.281 ], [ 76.438, 10.283 ], [ 76.43, 10.274 ] ] ] ] } },
{ "type": "Feature", "properties": { "POLYGON.ID": 464.0, "subregion": "India--Kerala--Ernakulam--Ayyampuzha", "POLYGON": "India--Kerala--Ernakulam--Ayyampuzha", "SHOW": "1", "FILTER": "India--Kerala--Foothills and Midlands(40 to 200m and 200 to 600m)", "FILTER.ID": "CL27581", "OLD.POLYGON": "1", "STATE": "Kerala", "COUNTY": "Ernakulam", "OWNER": null }, "geometry": { "type": "MultiPolygon", "coordinates": [ [ [ [ 76.763, 10.201 ], [ 76.751, 10.204 ], [ 76.747, 10.216 ], [ 76.734, 10.219 ], [ 76.726, 10.209 ], [ 76.714, 10.212 ], [ 76.705, 10.202 ], [ 76.693, 10.205 ], [ 76.684, 10.195 ], [ 76.672, 10.198 ], [ 76.664, 10.188 ], [ 76.651, 10.191 ], [ 76.647, 10.203 ], [ 76.635, 10.206 ], [ 76.627, 10.196 ], [ 76.614, 10.199 ], [ 76.61, 10.211 ], [ 76.598, 10.214 ], [ 76.594, 10.226 ], [ 76.602, 10.236 ], [ 76.598, 10.249 ], [ 76.586, 10.251 ], [ 76.582, 10.264 ], [ 76.57, 10.267 ], [ 76.561, 10.257 ], [ 76.549, 10.259 ], [ 76.541, 10.25 ], [ 76.545, 10.237 ], [ 76.557, 10.234 ], [ 76.561, 10.222 ], [ 76.553, 10.212 ], [ 76.556, 10.2 ], [ 76.569, 10.197 ], [ 76.573, 10.185 ], [ 76.585, 10.182 ], [ 76.594, 10.192 ], [ 76.606, 10.189 ], [ 76.61, 10.176 ], [ 76.622, 10.174 ], [ 76.631, 10.184 ], [ 76.643, 10.181 ], [ 76.647, 10.168 ], [ 76.659, 10.166 ], [ 76.663, 10.153 ], [ 76.676, 10.151 ], [ 76.684, 10.16 ], [ 76.696, 10.158 ], [ 76.705, 10.167 ], [ 76.717, 10.165 ], [ 76.725, 10.175 ], [ 76.738, 10.172 ], [ 76.742, 10.159 ], [ 76.754, 10.157 ], [ 76.758, 10.144 ], [ 76.771, 10.141 ], [ 76.779, 10.151 ], [ 76.791, 10.149 ], [ 76.795, 10.136 ], [ 76.808, 10.133 ], [ 76.816, 10.143 ], [ 76.812, 10.156 ], [ 76.82, 10.165 ], [ 76.833, 10.163 ], [ 76.841, 10.173 ], [ 76.854, 10.17 ], [ 76.862, 10.18 ], [ 76.858, 10.192 ], [ 76.846, 10.195 ], [ 76.837, 10.185 ], [ 76.825, 10.188 ], [ 76.817, 10.178 ], [ 76.804, 10.181 ], [ 76.796, 10.171 ], [ 76.783, 10.174 ], [ 76.779, 10.186 ], [ 76.767, 10.189 ], [ 76.763, 10.201 ] ] ] ] } },
{ "type": "Feature", "properties": { "POLYGON.ID": 465.0, "subregion": "India--Kerala--Ernakulam--Idamalayar Foothills", "POLYGON": "India--Kerala--Ernakulam--Idamalayar Foothills", "SHOW": "1", "FILTER": "India--Kerala--Foothills and Midlands(40 to 200m and 200 to 600m)", "FILTER.ID": "CL27581", "OLD.POLYGON": "1", "STATE": "Kerala", "COUNTY": "Ernakulam", "OWNER": null }, "geometry": { "type": "MultiPolygon", "coordinates": [ [ [ [ 76.705, 10.202 ], [ 76.714, 10.212 ], [ 76.726, 10.209 ], [ 76.734, 10.219 ], [ 76.73, 10.232 ], [ 76.718, 10.234 ], [ 76.71, 10.225 ], [ 76.697, 10.227 ], [ 76.693, 10.24 ], [ 76.681, 10.242 ], [ 76.673, 10.233 ], [ 76.66, 10.235 ], [ 76.656, 10.248 ], [ 76.665, 10.258 ], [ 76.677, 10.255 ], [ 76.685, 10.265 ], [ 76.681, 10.277 ], [ 76.669, 10.28 ], [ 76.661, 10.27 ], [ 76.648, 10.273 ], [ 76.64, 10.263 ], [ 76.628, 10.266 ], [ 76.624, 10.278 ], [ 76.611, 10.281 ], [ 76.603, 10.271 ], [ 76.59, 10.274 ], [ 76.582, 10.264 ], [ 76.586, 10.251 ], [ 76.598, 10.249 ], [ 76.602, 10.236 ], [ 76.594, 10.226 ], [ 76.598, 10.214 ], [ 76.61, 10.211 ], [ 76.614, 10.199 ], [ 76.627, 10.196 ], [ 76.635, 10.206 ], [ 76.647, 10.203 ], [ 76.651, 10.191 ], [ 76.664, 10.188 ], [ 76.672, 10.198 ], [ 76.684, 10.195 ], [ 76.693, 10.205 ], [ 76.705, 10.202 ] ] ] ] } },
{ "type": "Feature", "properties": { "POLYGON.ID": 466.0, "subregion": "India--Kerala--Ernakulam--Rural (north)", "POLYGON": "India--Kerala--Ernakulam--Rural (north)", "SHOW": "1", "FILTER": "India--Kerala--Coast (0 to 40m)", "FILTER.ID": "CL30086", "OLD.POLYGON": "1", "STATE": "Kerala", "COUNTY": "Ernakulam", "OWNER": null }, "geometry": { "type": "MultiPolygon", "coordinates": [ [ [ [ 76.312, 10.067 ], [ 76.32, 10.077 ], [ 76.316, 10.089 ], [ 76.325, 10.099 ], [ 76.337, 10.096 ], [ 76.345, 10.106 ], [ 76.341, 10.119 ], [ 76.35, 10.129 ], [ 76.362, 10.126 ], [ 76.366, 10.113 ], [ 76.378, 10.111 ], [ 76.382, 10.098 ], [ 76.394, 10.096 ], [ 76.403, 10.105 ], [ 76.415, 10.103 ], [ 76.423, 10.112 ], [ 76.436, 10.11 ], [ 76.444, 10.12 ], [ 76.456, 10.117 ], [ 76.465, 10.127 ], [ 76.461, 10.139 ], [ 76.469, 10.149 ], [ 76.465, 10.161 ], [ 76.474, 10.171 ], [ 76.486, 10.169 ], [ 76.494, 10.178 ], [ 76.49, 10.191 ], [ 76.478, 10.193 ], [ 76.474, 10.206 ], [ 76.482, 10.216 ], [ 76.479, 10.228 ], [ 76.466, 10.231 ], [ 76.462, 10.243 ], [ 76.45, 10.246 ], [ 76.446, 10.259 ], [ 76.434, 10.261 ], [ 76.425, 10.251 ], [ 76.413, 10.254 ], [ 76.409, 10.267 ], [ 76.397, 10.269 ], [ 76.388, 10.259 ], [ 76.392, 10.247 ], [ 76.384, 10.237 ], [ 76.372, 10.24 ], [ 76.363, 10.23 ], [ 76.351, 10.233 ], [ 76.343, 10.223 ], [ 76.346, 10.21 ], [ 76.338, 10.201 ], [ 76.326, 10.203 ], [ 76.317, 10.194 ], [ 76.305, 10.196 ], [ 76.297, 10.186 ], [ 76.285, 10.189 ], [ 76.276, 10.179 ], [ 76.264, 10.182 ], [ 76.26, 10.194 ], [ 76.248, 10.197 ], [ 76.244, 10.21 ], [ 76.231, 10.212 ], [ 76.223, 10.202 ], [ 76.211, 10.205 ], [ 76.202, 10.195 ], [ 76.206, 10.183 ], [ 76.219, 10.18 ], [ 76.223, 10.168 ], [ 76.214, 10.158 ], [ 76.218, 10.145 ], [ 76.231, 10.143 ], [ 76.234, 10.13 ], [ 76.247, 10.128 ], [ 76.251, 10.115 ], [ 76.263, 10.113 ], [ 76.267, 10.1 ], [ 76.259, 10.09 ], [ 76.263, 10.078 ], [ 76.275, 10.075 ], [ 76.279, 10.063 ], [ 76.291, 10.06 ], [ 76.295, 10.048 ], [ 76.287, 10.038 ], [ 76.291, 10.025 ], [ 76.303, 10.023 ], [ 76.311, 10.032 ], [ 76.307, 10.045 ], [ 76.316, 10.055 ], [ 76.312, 10.067 ] ] ] ] } },
{ "type": "Feature", "properties": { "POLYGON.ID": 467.0, "subregion": "India--Kerala--Ernakulam--Rural (south)", "POLYGON": "India--Kerala--Ernakulam--Rural (south)", "SHOW": "1", "FILTER": "India--Kerala--Coast (0 to 40m)", "FILTER.ID": "CL30086", "OLD.POLYGON": "1", "STATE": "Kerala", "COUNTY": "Ernakulam", "OWNER": null }, "geometry": { "type": "MultiPolygon", "coordinates": [ [ [ [ 76.423, 10.112 ], [ 76.415, 10.103 ], [ 76.403, 10.105 ], [ 76.394, 10.096 ], [ 76.382, 10.098 ], [ 76.378, 10.111 ], [ 76.366, 10.113 ], [ 76.357, 10.104 ], [ 76.361, 10.091 ], [ 76.374, 10.088 ], [ 76.378, 10.076 ], [ 76.39, 10.073 ], [ 76.394, 10.061 ], [ 76.386, 10.051 ], [ 76.373, 10.054 ], [ 76.365, 10.044 ], [ 76.369, 10.031 ], [ 76.361, 10.022 ], [ 76.365, 10.009 ], [ 76.356, 9.999 ], [ 76.344, 10.002 ], [ 76.336, 9.992 ], [ 76.323, 9.995 ], [ 76.315, 9.985 ], [ 76.319, 9.973 ], [ 76.311, 9.963 ], [ 76.314, 9.951 ], [ 76.327, 9.948 ], [ 76.331, 9.935 ], [ 76.343, 9.933 ], [ 76.347, 9.92 ], [ 76.359, 9.918 ], [ 76.363, 9.905 ], [ 76.376, 9.902 ], [ 76.379, 9.89 ], [ 76.392, 9.887 ], [ 76.396, 9.875 ], [ 76.408, 9.872 ], [ 76.412, 9.86 ], [ 76.404, 9.85 ], [ 76.408, 9.837 ], [ 76.42, 9.835 ], [ 76.424, 9.822 ], [ 76.436, 9.819 ], [ 76.445, 9.829 ], [ 76.441, 9.842 ], [ 76.449, 9.851 ], [ 76.461, 9.849 ], [ 76.47, 9.859 ], [ 76.482, 9.856 ], [ 76.486, 9.843 ], [ 76.498, 9.841 ], [ 76.507, 9.85 ], [ 76.519, 9.848 ], [ 76.523, 9.835 ], [ 76.535, 9.832 ], [ 76.539, 9.82 ], [ 76.551, 9.817 ], [ 76.56, 9.827 ], [ 76.572, 9.824 ], [ 76.581, 9.834 ], [ 76.577, 9.847 ], [ 76.585, 9.856 ], [ 76.597, 9.854 ], [ 76.606, 9.863 ], [ 76.618, 9.861 ], [ 76.626, 9.871 ], [ 76.639, 9.868 ], [ 76.647, 9.878 ], [ 76.643, 9.89 ], [ 76.631, 9.893 ], [ 76.627, 9.905 ], [ 76.635, 9.915 ], [ 76.648, 9.912 ], [ 76.656, 9.922 ], [ 76.668, 9.92 ], [ 76.672, 9.907 ], [ 76.685, 9.904 ], [ 76.693, 9.914 ], [ 76.689, 9.927 ], [ 76.697, 9.936 ], [ 76.71, 9.934 ], [ 76.718, 9.943 ], [ 76.714, 9.956 ], [ 76.723, 9.966 ], [ 76.719, 9.978 ], [ 76.727, 9.988 ], [ 76.739, 9.985 ], [ 76.748, 9.995 ], [ 76.76, 9.992 ], [ 76.769, 10.002 ], [ 76.765, 10.015 ], [ 76.752, 10.017 ], [ 76.744, 10.008 ], [ 76.731, 10.01 ], [ 76.728, 10.023 ], [ 76.715, 10.026 ], [ 76.711, 10.038 ], [ 76.72, 10.048 ], [ 76.716, 10.06 ], [ 76.703, 10.063 ], [ 76.699, 10.076 ], [ 76.687, 10.078 ], [ 76.683, 10.091 ], [ 76.671, 10.093 ], [ 76.667, 10.106 ], [ 76.654, 10.109 ], [ 76.646, 10.099 ], [ 76.634, 10.102 ], [ 76.63, 10.114 ], [ 76.617, 10.117 ], [ 76.609, 10.107 ], [ 76.597, 10.11 ], [ 76.588, 10.1 ], [ 76.576, 10.102 ], [ 76.572, 10.115 ], [ 76.56, 10.118 ], [ 76.556, 10.13 ], [ 76.543, 10.133 ], [ 76.539, 10.145 ], [ 76.527, 10.148 ], [ 76.519, 10.138 ], [ 76.506, 10.141 ], [ 76.502, 10.153 ], [ 76.49, 10.156 ], [ 76.486, 10.169 ], [ 76.474, 10.171 ], [ 76.465, 10.161 ], [ 76.469, 10.149 ], [ 76.461, 10.139 ], [ 76.465, 10.127 ], [ 76.456, 10.117 ], [ 76.444, 10.12 ], [ 76.436, 10.11 ], [ 76.423, 10.112 ] ], [ [ 76.518, 10.103 ], [ 76.51, 10.094 ], [ 76.497, 10.096 ], [ 76.493, 10.109 ], [ 76.502, 10.119 ], [ 76.514, 10.116 ], [ 76.518, 10.103 ] ] ] ] } },
{ "type": "Feature", "properties": { "POLYGON.ID": 468.0, "subregion": "India--Kerala--Ernakulam--Sky Islands", "POLYGON": "India--Kerala--Ernakulam--Sky Islands", "SHOW": "1", "FILTER": "India--Kerala--Southern and Northern Mountains(Above 1200m)", "FILTER.ID": "CL27579", "OLD.POLYGON": "1", "STATE": "Kerala", "COUNTY": "Ernakulam", "OWNER": null }, "geometry": { "type": "MultiPolygon", "coordinates": [ [ [ [ 77.003, 10.207 ], [ 76.995, 10.197 ], [ 76.983, 10.2 ], [ 76.974, 10.19 ], [ 76.962, 10.193 ], [ 76.953, 10.183 ], [ 76.957, 10.171 ], [ 76.949, 10.161 ], [ 76.953, 10.148 ], [ 76.965, 10.146 ], [ 76.974, 10.155 ], [ 76.986, 10.153 ], [ 76.994, 10.162 ], [ 77.007, 10.16 ], [ 77.015, 10.17 ], [ 77.028, 10.167 ], [ 77.036, 10.177 ], [ 77.049, 10.174 ], [ 77.057, 10.184 ], [ 77.069, 10.181 ], [ 77.078, 10.191 ], [ 77.074, 10.203 ], [ 77.061, 10.206 ], [ 77.053, 10.196 ], [ 77.041, 10.199 ], [ 77.037, 10.212 ], [ 77.024, 10.214 ], [ 77.02, 10.227 ], [ 77.029, 10.237 ], [ 77.041, 10.234 ], [ 77.05, 10.244 ], [ 77.046, 10.256 ], [ 77.033, 10.259 ], [ 77.025, 10.249 ], [ 77.012, 10.252 ], [ 77.004, 10.242 ], [ 77.008, 10.229 ], [ 76.999, 10.22 ], [ 77.003, 10.207 ] ] ] ] } },
{ "type": "Feature", "properties": { "POLYGON.ID": 475.0, "subregion": "India--Kerala--Alappuzha--Mannanchery", "POLYGON": "India--Kerala--Alappuzha--Mannanchery", "SHOW": "1", "FILTER": "Alappuzha", "FILTER.ID": "CL27578", "OLD.POLYGON": "1", "STATE": "Kerala", "COUNTY": "Alappuzha", "OWNER": null }, "geometry": { "type": "MultiPolygon", "coordinates": [ [ [ [ 76.351, 9.583 ], [ 76.339, 9.586 ], [ 76.33, 9.576 ], [ 76.334, 9.563 ], [ 76.347, 9.561 ], [ 76.355, 9.57 ], [ 76.351, 9.583 ] ] ] ] } },
{ "type": "Feature", "properties": { "POLYGON.ID": 476.0, "subregion": "India--Kerala--Alappuzha--Ulavaipu", "POLYGON": "India--Kerala--Alappuzha--Ulavaipu", "SHOW": "1", "FILTER": "Alappuzha", "FILTER.ID": "CL27578", "OLD.POLYGON": "1", "STATE": "Kerala", "COUNTY": "Alappuzha", "OWNER": null }, "geometry": { "type": "MultiPolygon", "coordinates": [ [ [ [ 76.337, 9.806 ], [ 76.325, 9.809 ], [ 76.317, 9.799 ], [ 76.321, 9.787 ], [ 76.333, 9.784 ], [ 76.341, 9.794 ], [ 76.354, 9.791 ], [ 76.362, 9.801 ], [ 76.358, 9.813 ], [ 76.346, 9.816 ], [ 76.337, 9.806 ] ] ] ] } },
{ "type": "Feature", "properties": { "POLYGON.ID": 477.0, "subregion": "India--Kerala--Alappuzha--Wetlands (north)", "POLYGON": "India--Kerala--Alappuzha--Wetlands (north)", "SHOW": "1", "FILTER": "Alappuzha", "FILTER.ID": "CL27578", "OLD.POLYGON": "1", "STATE": "Kerala", "COUNTY": "Alappuzha", "OWNER": null }, "geometry": { "type": "MultiPolygon", "coordinates": [ [ [ [ 76.291, 9.735 ], [ 76.304, 9.733 ], [ 76.312, 9.742 ], [ 76.308, 9.755 ], [ 76.316, 9.765 ], [ 76.312, 9.777 ], [ 76.321, 9.787 ], [ 76.317, 9.799 ], [ 76.325, 9.809 ], [ 76.337, 9.806 ], [ 76.346, 9.816 ], [ 76.342, 9.829 ], [ 76.35, 9.838 ], [ 76.346, 9.851 ], [ 76.334, 9.853 ], [ 76.33, 9.866 ], [ 76.338, 9.876 ], [ 76.334, 9.888 ], [ 76.322, 9.891 ], [ 76.314, 9.881 ], [ 76.301, 9.884 ], [ 76.293, 9.874 ], [ 76.297, 9.862 ], [ 76.289, 9.852 ], [ 76.293, 9.839 ], [ 76.284, 9.83 ], [ 76.288, 9.817 ], [ 76.28, 9.807 ], [ 76.284, 9.795 ], [ 76.296, 9.792 ], [ 76.3, 9.78 ], [ 76.292, 9.77 ], [ 76.296, 9.757 ], [ 76.287, 9.748 ], [ 76.291, 9.735 ] ] ] ] } },
{ "type": "Feature", "properties": { "POLYGON.ID": 478.0, "subregion": "India--Kerala--Alappuzha--Plains", "POLYGON": "India--Kerala--Alappuzha--Plains", "SHOW": "1", "FILTER": "Alappuzha", "FILTER.ID": "CL27578", "OLD.POLYGON": "1", "STATE": "Kerala", "COUNTY": "Alappuzha", "OWNER": null }, "geometry": { "type": "MultiPolygon", "coordinates": [ [ [ [ 76.317, 9.509 ], [ 76.321, 9.497 ], [ 76.333, 9.494 ], [ 76.337, 9.481 ], [ 76.329, 9.472 ], [ 76.333, 9.459 ], [ 76.345, 9.456 ], [ 76.349, 9.444 ], [ 76.341, 9.434 ], [ 76.345, 9.422 ], [ 76.357, 9.419 ], [ 76.361, 9.407 ], [ 76.353, 9.397 ], [ 76.357, 9.384 ], [ 76.369, 9.382 ], [ 76.373, 9.369 ], [ 76.385, 9.366 ], [ 76.394, 9.376 ], [ 76.39, 9.389 ], [ 76.377, 9.391 ], [ 76.373, 9.404 ], [ 76.382, 9.414 ], [ 76.378, 9.426 ], [ 76.365, 9.429 ], [ 76.362, 9.441 ], [ 76.37, 9.451 ], [ 76.366, 9.464 ], [ 76.374, 9.473 ], [ 76.37, 9.486 ], [ 76.379, 9.495 ], [ 76.375, 9.508 ], [ 76.362, 9.511 ], [ 76.358, 9.523 ], [ 76.346, 9.526 ], [ 76.342, 9.538 ], [ 76.351, 9.548 ], [ 76.347, 9.561 ], [ 76.334, 9.563 ], [ 76.33, 9.576 ], [ 76.339, 9.586 ], [ 76.351, 9.583 ], [ 76.359, 9.593 ], [ 76.355, 9.605 ], [ 76.364, 9.615 ], [ 76.36, 9.627 ], [ 76.368, 9.637 ], [ 76.364, 9.65 ], [ 76.372, 9.659 ], [ 76.369, 9.672 ], [ 76.377, 9.682 ], [ 76.373, 9.694 ], [ 76.361, 9.697 ], [ 76.357, 9.709 ], [ 76.344, 9.712 ], [ 76.34, 9.724 ], [ 76.328, 9.727 ], [ 76.324, 9.74 ], [ 76.333, 9.749 ], [ 76.329, 9.762 ], [ 76.337, 9.772 ], [ 76.333, 9.784 ], [ 76.321, 9.787 ], [ 76.312, 9.777 ], [ 76.316, 9.765 ], [ 76.308, 9.755 ], [ 76.312, 9.742 ], [ 76.304, 9.733 ], [ 76.307, 9.72 ], [ 76.299, 9.71 ], [ 76.303, 9.698 ], [ 76.295, 9.688 ], [ 76.299, 9.676 ], [ 76.311, 9.673 ], [ 76.315, 9.66 ], [ 76.307, 9.651 ], [ 76.311, 9.638 ], [ 76.302, 9.628 ], [ 76.306, 9.616 ], [ 76.318, 9.613 ], [ 76.322, 9.601 ], [ 76.314, 9.591 ], [ 76.318, 9.579 ], [ 76.31, 9.569 ], [ 76.314, 9.556 ], [ 76.326, 9.554 ], [ 76.33, 9.541 ], [ 76.322, 9.531 ], [ 76.326, 9.519 ], [ 76.317, 9.509 ] ] ] ] } },
{ "type": "Feature", "properties": { "POLYGON.ID": 479.0, "subregion": "India--Kerala--Kasaragod--Trikaripur Wetlands", "POLYGON": "India--Kerala--Kasaragod--Trikaripur Wetlands", "SHOW": "1", "FILTER": "India--Kerala--Coast (0 to 40m)", "FILTER.ID": "CL30086", "OLD.POLYGON": "1", "STATE": "Kerala", "COUNTY": "Kasaragod", "OWNER": null }, "geometry": { "type": "MultiPolygon", "coordinates": [ [ [ [ 75.111, 12.316 ], [ 75.107, 12.329 ], [ 75.094, 12.331 ], [ 75.086, 12.321 ], [ 75.09, 12.309 ], [ 75.102, 12.306 ], [ 75.106, 12.294 ], [ 75.098, 12.284 ], [ 75.102, 12.272 ], [ 75.114, 12.27 ], [ 75.118, 12.257 ], [ 75.11, 12.247 ], [ 75.114, 12.235 ], [ 75.126, 12.233 ], [ 75.13, 12.22 ], [ 75.142, 12.218 ], [ 75.146, 12.206 ], [ 75.138, 12.196 ], [ 75.142, 12.184 ], [ 75.154, 12.181 ], [ 75.158, 12.169 ], [ 75.15, 12.159 ], [ 75.154, 12.147 ], [ 75.166, 12.144 ], [ 75.17, 12.132 ], [ 75.162, 12.122 ], [ 75.166, 12.11 ], [ 75.178, 12.107 ], [ 75.182, 12.095 ], [ 75.194, 12.093 ], [ 75.203, 12.102 ], [ 75.199, 12.115 ], [ 75.207, 12.125 ], [ 75.219, 12.122 ], [ 75.227, 12.132 ], [ 75.223, 12.144 ], [ 75.211, 12.147 ], [ 75.207, 12.159 ], [ 75.195, 12.161 ], [ 75.191, 12.174 ], [ 75.199, 12.184 ], [ 75.212, 12.181 ], [ 75.22, 12.191 ], [ 75.216, 12.203 ], [ 75.204, 12.206 ], [ 75.195, 12.196 ], [ 75.183, 12.198 ], [ 75.179, 12.211 ], [ 75.167, 12.213 ], [ 75.163, 12.225 ], [ 75.171, 12.235 ], [ 75.167, 12.248 ], [ 75.175, 12.257 ], [ 75.188, 12.255 ], [ 75.196, 12.265 ], [ 75.192, 12.277 ], [ 75.18, 12.28 ], [ 75.171, 12.27 ], [ 75.159, 12.272 ], [ 75.155, 12.284 ], [ 75.164, 12.294 ], [ 75.16, 12.307 ], [ 75.147, 12.309 ], [ 75.143, 12.321 ], [ 75.131, 12.324 ], [ 75.123, 12.314 ], [ 75.111, 12.316 ] ] ] ] } },
{ "type": "Feature", "properties": { "POLYGON.ID": 480.0, "subregion": "India--Kerala--Kasaragod--Plains", "POLYGON": "India--Kerala--Kasaragod--Plains", "SHOW": "1", "FILTER": "India--Kerala--Foothills and Midlands(40 to 200m and 200 to 600m)", "FILTER.ID": "CL27581", "OLD.POLYGON": "1", "STATE": "Kerala", "COUNTY": "Kasaragod", "OWNER": null }, "geometry": { "type": "MultiPolygon", "coordinates": [ [ [ [ 74.922, 12.652 ], [ 74.926, 12.64 ], [ 74.938, 12.638 ], [ 74.946, 12.648 ], [ 74.958, 12.645 ], [ 74.967, 12.655 ], [ 74.979, 12.653 ], [ 74.987, 12.662 ], [ 74.999, 12.66 ], [ 75.003, 12.648 ], [ 75.016, 12.645 ], [ 75.019, 12.633 ], [ 75.011, 12.623 ], [ 74.999, 12.626 ], [ 74.991, 12.616 ], [ 74.979, 12.618 ], [ 74.975, 12.63 ], [ 74.962, 12.633 ], [ 74.954, 12.623 ], [ 74.958, 12.611 ], [ 74.95, 12.601 ], [ 74.954, 12.589 ], [ 74.966, 12.586 ], [ 74.97, 12.574 ], [ 74.962, 12.564 ], [ 74.966, 12.552 ], [ 74.978, 12.549 ], [ 74.982, 12.537 ], [ 74.974, 12.527 ], [ 74.978, 12.515 ], [ 74.99, 12.513 ], [ 74.998, 12.522 ], [ 75.01, 12.52 ], [ 75.014, 12.508 ], [ 75.027, 12.505 ], [ 75.035, 12.515 ], [ 75.047, 12.513 ], [ 75.051, 12.501 ], [ 75.063, 12.498 ], [ 75.067, 12.486 ], [ 75.059, 12.476 ], [ 75.047, 12.478 ], [ 75.043, 12.491 ], [ 75.031, 12.493 ], [ 75.022, 12.483 ], [ 75.01, 12.486 ], [ 75.002, 12.476 ], [ 75.006, 12.464 ], [ 75.018, 12.461 ], [ 75.022, 12.449 ], [ 75.014, 12.439 ], [ 75.018, 12.427 ], [ 75.03, 12.424 ], [ 75.034, 12.412 ], [ 75.046, 12.41 ], [ 75.05, 12.397 ], [ 75.062, 12.395 ], [ 75.066, 12.383 ], [ 75.058, 12.373 ], [ 75.062, 12.36 ], [ 75.074, 12.358 ], [ 75.078, 12.346 ], [ 75.07, 12.336 ], [ 75.074, 12.324 ], [ 75.086, 12.321 ], [ 75.094, 12.331 ], [ 75.107, 12.329 ], [ 75.111, 12.316 ], [ 75.123, 12.314 ], [ 75.131, 12.324 ], [ 75.143, 12.321 ], [ 75.147, 12.309 ], [ 75.16, 12.307 ], [ 75.164, 12.294 ], [ 75.155, 12.284 ], [ 75.159, 12.272 ], [ 75.171, 12.27 ], [ 75.18, 12.28 ], [ 75.192, 12.277 ], [ 75.196, 12.265 ], [ 75.188, 12.255 ], [ 75.175, 12.257 ], [ 75.167, 12.248 ], [ 75.171, 12.235 ], [ 75.163, 12.225 ], [ 75.167, 12.213 ], [ 75.179, 12.211 ], [ 75.183, 12.198 ], [ 75.195, 12.196 ], [ 75.204, 12.206 ], [ 75.216, 12.203 ], [ 75.224, 12.213 ], [ 75.236, 12.211 ], [ 75.245, 12.221 ], [ 75.257, 12.218 ], [ 75.265, 12.228 ], [ 75.277, 12.225 ], [ 75.286, 12.235 ], [ 75.282, 12.248 ], [ 75.29, 12.257 ], [ 75.286, 12.27 ], [ 75.274, 12.272 ], [ 75.27, 12.285 ], [ 75.257, 12.287 ], [ 75.253, 12.299 ], [ 75.262, 12.309 ], [ 75.258, 12.321 ], [ 75.245, 12.324 ], [ 75.241, 12.336 ], [ 75.229, 12.339 ], [ 75.225, 12.351 ], [ 75.213, 12.353 ], [ 75.209, 12.366 ], [ 75.197, 12.368 ], [ 75.193, 12.38 ], [ 75.201, 12.39 ], [ 75.197, 12.403 ], [ 75.185, 12.405 ], [ 75.181, 12.417 ], [ 75.189, 12.427 ], [ 75.185, 12.439 ], [ 75.173, 12.442 ], [ 75.169, 12.454 ], [ 75.157, 12.457 ], [ 75.153, 12.469 ], [ 75.141, 12.471 ], [ 75.137, 12.484 ], [ 75.124, 12.486 ], [ 75.12, 12.498 ], [ 75.108, 12.501 ], [ 75.104, 12.513 ], [ 75.092, 12.515 ], [ 75.088, 12.528 ], [ 75.096, 12.538 ], [ 75.092, 12.55 ], [ 75.08, 12.552 ], [ 75.076, 12.565 ], [ 75.084, 12.574 ], [ 75.08, 12.587 ], [ 75.068, 12.589 ], [ 75.064, 12.601 ], [ 75.052, 12.604 ], [ 75.048, 12.616 ], [ 75.056, 12.626 ], [ 75.052, 12.638 ], [ 75.04, 12.641 ], [ 75.036, 12.653 ], [ 75.024, 12.655 ], [ 75.02, 12.667 ], [ 75.008, 12.67 ], [ 75.004, 12.682 ], [ 75.012, 12.692 ], [ 75.008, 12.704 ], [ 75.016, 12.714 ], [ 75.012, 12.726 ], [ 75.0, 12.729 ], [ 74.996, 12.741 ], [ 75.004, 12.751 ], [ 75.0, 12.763 ], [ 75.008, 12.773 ], [ 75.004, 12.785 ], [ 75.013, 12.795 ], [ 75.009, 12.807 ], [ 74.996, 12.81 ], [ 74.988, 12.8 ], [ 74.976, 12.802 ], [ 74.968, 12.792 ], [ 74.956, 12.795 ], [ 74.947, 12.785 ], [ 74.935, 12.787 ], [ 74.927, 12.778 ], [ 74.915, 12.78 ], [ 74.906, 12.77 ], [ 74.894, 12.772 ], [ 74.886, 12.763 ], [ 74.874, 12.765 ], [ 74.866, 12.755 ], [ 74.87, 12.743 ], [ 74.882, 12.74 ], [ 74.886, 12.728 ], [ 74.898, 12.726 ], [ 74.902, 12.714 ], [ 74.914, 12.711 ], [ 74.918, 12.699 ], [ 74.91, 12.689 ], [ 74.914, 12.677 ], [ 74.926, 12.674 ], [ 74.93, 12.662 ], [ 74.922, 12.652 ] ] ] ] } },
{ "type": "Feature", "properties": { "POLYGON.ID": 481.0, "subregion": "India--Kerala--Kasaragod--Shiriya", "POLYGON": "India--Kerala--Kasaragod--Shiriya", "SHOW": "1", "FILTER": "India--Kerala--Coast (0 to 40m)", "FILTER.ID": "CL30086", "OLD.POLYGON": "1", "STATE": "Kerala", "COUNTY": "Kasaragod", "OWNER": null }, "geometry": { "type": "MultiPolygon", "coordinates": [ [ [ [ 75.019, 12.633 ], [ 75.016, 12.645 ], [ 75.003, 12.648 ], [ 74.999, 12.66 ], [ 74.987, 12.662 ], [ 74.979, 12.653 ], [ 74.967, 12.655 ], [ 74.958, 12.645 ], [ 74.946, 12.648 ], [ 74.938, 12.638 ], [ 74.942, 12.625 ], [ 74.934, 12.616 ], [ 74.938, 12.603 ], [ 74.95, 12.601 ], [ 74.958, 12.611 ], [ 74.954, 12.623 ], [ 74.962, 12.633 ], [ 74.975, 12.63 ], [ 74.979, 12.618 ], [ 74.991, 12.616 ], [ 74.999, 12.626 ], [ 75.011, 12.623 ], [ 75.019, 12.633 ] ] ] ] } },
{ "type": "Feature", "properties": { "POLYGON.ID": 482.0, "subregion": "India--Kerala--Kasaragod--Chandragiri", "POLYGON": "India--Kerala--Kasaragod--Chandragiri", "SHOW": "1", "FILTER": "India--Kerala--Coast (0 to 40m)", "FILTER.ID": "CL30086", "OLD.POLYGON": "1", "STATE": "Kerala", "COUNTY": "Kasaragod", "OWNER": null }, "geometry": { "type": "MultiPolygon", "coordinates": [ [ [ [ 74.99, 12.513 ], [ 74.994, 12.5 ], [ 74.986, 12.49 ], [ 74.99, 12.478 ], [ 75.002, 12.476 ], [ 75.01, 12.486 ], [ 75.022, 12.483 ], [ 75.031, 12.493 ], [ 75.043, 12.491 ], [ 75.047, 12.478 ], [ 75.059, 12.476 ], [ 75.067, 12.486 ], [ 75.063, 12.498 ], [ 75.051, 12.501 ], [ 75.047, 12.513 ], [ 75.035, 12.515 ], [ 75.027, 12.505 ], [ 75.014, 12.508 ], [ 75.01, 12.52 ], [ 74.998, 12.522 ], [ 74.99, 12.513 ] ] ] ] } },
{ "type": "Feature", "properties": { "POLYGON.ID": 483.0, "subregion": "India--Kerala--Kasaragod--Kottanchery", "POLYGON": "India--Kerala--Kasaragod--Kottanchery", "SHOW": "1", "FILTER": "India--Kerala--High Ranges(600 to 1200m)", "FILTER.ID": "CL27582", "OLD.POLYGON": "1", "STATE": "Kerala", "COUNTY": "Kasaragod", "OWNER": null }, "geometry": { "type": "MultiPolygon", "coordinates": [ [ [ [ 75.426, 12.368 ], [ 75.422, 12.381 ], [ 75.41, 12.383 ], [ 75.406, 12.396 ], [ 75.393, 12.398 ], [ 75.389, 12.41 ], [ 75.377, 12.413 ], [ 75.369, 12.403 ], [ 75.373, 12.391 ], [ 75.385, 12.388 ], [ 75.389, 12.376 ], [ 75.401, 12.373 ], [ 75.405, 12.361 ], [ 75.397, 12.351 ], [ 75.401, 12.339 ], [ 75.413, 12.336 ], [ 75.422, 12.346 ], [ 75.418, 12.359 ], [ 75.426, 12.368 ] ] ] ] } },
{ "type": "Feature", "properties": { "POLYGON.ID": 484.0, "subregion": "India--Kerala--Kasaragod--Ranipuram", "POLYGON": "India--Kerala--Kasaragod--Ranipuram", "SHOW": "1", "FILTER": "India--Kerala--High Ranges(600 to 1200m)", "FILTER.ID": "CL27582", "OLD.POLYGON": "1", "STATE": "Kerala", "COUNTY": "Kasaragod", "OWNER": null }, "geometry": { "type": "MultiPolygon", "coordinates": [ [ [ [ 75.369, 12.403 ], [ 75.377, 12.413 ], [ 75.373, 12.425 ], [ 75.361, 12.427 ], [ 75.357, 12.44 ], [ 75.345, 12.442 ], [ 75.336, 12.432 ], [ 75.34, 12.42 ], [ 75.332, 12.41 ], [ 75.336, 12.398 ], [ 75.348, 12.395 ], [ 75.357, 12.405 ], [ 75.369, 12.403 ] ] ] ] } },
{ "type": "Feature", "properties": { "POLYGON.ID": 485.0, "subregion": "India--Kerala--Kasaragod--Foothills", "POLYGON": "India--Kerala--Kasaragod--Foothills", "SHOW": "1", "FILTER": "India--Kerala--Foothills and Midlands(40 to 200m and 200 to 600m)", "FILTER.ID": "CL27581", "OLD.POLYGON": "1", "STATE": "Kerala", "COUNTY": "Kasaragod", "OWNER": null }, "geometry": { "type": "MultiPolygon", "coordinates": [ [ [ [ 75.27, 12.285 ], [ 75.274, 12.272 ], [ 75.286, 12.27 ], [ 75.294, 12.28 ], [ 75.306, 12.277 ], [ 75.315, 12.287 ], [ 75.327, 12.285 ], [ 75.331, 12.272 ], [ 75.343, 12.27 ], [ 75.351, 12.28 ], [ 75.364, 12.277 ], [ 75.372, 12.287 ], [ 75.384, 12.285 ], [ 75.392, 12.295 ], [ 75.405, 12.292 ], [ 75.413, 12.302 ], [ 75.425, 12.299 ], [ 75.434, 12.309 ], [ 75.43, 12.322 ], [ 75.417, 12.324 ], [ 75.413, 12.336 ], [ 75.401, 12.339 ], [ 75.397, 12.351 ], [ 75.405, 12.361 ], [ 75.401, 12.373 ], [ 75.389, 12.376 ], [ 75.385, 12.388 ], [ 75.373, 12.391 ], [ 75.369, 12.403 ], [ 75.357, 12.405 ], [ 75.348, 12.395 ], [ 75.336, 12.398 ], [ 75.332, 12.41 ], [ 75.34, 12.42 ], [ 75.336, 12.432 ], [ 75.345, 12.442 ], [ 75.357, 12.44 ], [ 75.361, 12.427 ], [ 75.373, 12.425 ], [ 75.381, 12.435 ], [ 75.394, 12.432 ], [ 75.402, 12.442 ], [ 75.414, 12.44 ], [ 75.423, 12.45 ], [ 75.419, 12.462 ], [ 75.427, 12.472 ], [ 75.423, 12.484 ], [ 75.431, 12.494 ], [ 75.427, 12.506 ], [ 75.415, 12.509 ], [ 75.407, 12.499 ], [ 75.394, 12.501 ], [ 75.39, 12.514 ], [ 75.378, 12.516 ], [ 75.37, 12.506 ], [ 75.374, 12.494 ], [ 75.366, 12.484 ], [ 75.353, 12.487 ], [ 75.349, 12.499 ], [ 75.337, 12.501 ], [ 75.333, 12.514 ], [ 75.321, 12.516 ], [ 75.317, 12.528 ], [ 75.305, 12.531 ], [ 75.301, 12.543 ], [ 75.288, 12.546 ], [ 75.284, 12.558 ], [ 75.293, 12.568 ], [ 75.305, 12.565 ], [ 75.313, 12.575 ], [ 75.325, 12.573 ], [ 75.334, 12.583 ], [ 75.33, 12.595 ], [ 75.317, 12.597 ], [ 75.313, 12.61 ], [ 75.301, 12.612 ], [ 75.297, 12.624 ], [ 75.285, 12.627 ], [ 75.277, 12.617 ], [ 75.264, 12.619 ], [ 75.256, 12.609 ], [ 75.26, 12.597 ], [ 75.252, 12.587 ], [ 75.24, 12.59 ], [ 75.231, 12.58 ], [ 75.235, 12.568 ], [ 75.227, 12.558 ], [ 75.215, 12.56 ], [ 75.207, 12.55 ], [ 75.194, 12.553 ], [ 75.186, 12.543 ], [ 75.174, 12.545 ], [ 75.166, 12.535 ], [ 75.153, 12.538 ], [ 75.145, 12.528 ], [ 75.133, 12.53 ], [ 75.125, 12.52 ], [ 75.112, 12.523 ], [ 75.104, 12.513 ], [ 75.108, 12.501 ], [ 75.12, 12.498 ], [ 75.124, 12.486 ], [ 75.137, 12.484 ], [ 75.141, 12.471 ], [ 75.153, 12.469 ], [ 75.157, 12.457 ], [ 75.169, 12.454 ], [ 75.173, 12.442 ], [ 75.185, 12.439 ], [ 75.189, 12.427 ], [ 75.181, 12.417 ], [ 75.185, 12.405 ], [ 75.197, 12.403 ], [ 75.201, 12.39 ], [ 75.193, 12.38 ], [ 75.197, 12.368 ], [ 75.209, 12.366 ], [ 75.213, 12.353 ], [ 75.225, 12.351 ], [ 75.229, 12.339 ], [ 75.241, 12.336 ], [ 75.245, 12.324 ], [ 75.258, 12.321 ], [ 75.262, 12.309 ], [ 75.253, 12.299 ], [ 75.257, 12.287 ], [ 75.27, 12.285 ] ] ] ] } },
{ "type": "Feature", "properties": { "POLYGON.ID": 486.0, "subregion": "India--Kerala--Kasaragod--Foothills (north)", "POLYGON": "India--Kerala--Kasaragod--Foothills (north)", "SHOW": "1", "FILTER": "India--Kerala--Foothills and Midlands(40 to 200m and 200 to 600m)", "FILTER.ID": "CL27581", "OLD.POLYGON": "1", "STATE": "Kerala", "COUNTY": "Kasaragod", "OWNER": null }, "geometry": { "type": "MultiPolygon", "coordinates": [ [ [ [ 75.219, 12.617 ], [ 75.207, 12.619 ], [ 75.203, 12.631 ], [ 75.191, 12.634 ], [ 75.183, 12.624 ], [ 75.17, 12.626 ], [ 75.167, 12.639 ], [ 75.154, 12.641 ], [ 75.15, 12.653 ], [ 75.159, 12.663 ], [ 75.155, 12.675 ], [ 75.142, 12.678 ], [ 75.138, 12.69 ], [ 75.126, 12.693 ], [ 75.122, 12.705 ], [ 75.11, 12.707 ], [ 75.102, 12.697 ], [ 75.089, 12.7 ], [ 75.085, 12.712 ], [ 75.073, 12.714 ], [ 75.069, 12.727 ], [ 75.057, 12.729 ], [ 75.053, 12.741 ], [ 75.041, 12.744 ], [ 75.037, 12.756 ], [ 75.025, 12.758 ], [ 75.021, 12.771 ], [ 75.008, 12.773 ], [ 75.0, 12.763 ], [ 75.004, 12.751 ], [ 74.996, 12.741 ], [ 75.0, 12.729 ], [ 75.012, 12.726 ], [ 75.016, 12.714 ], [ 75.008, 12.704 ], [ 75.012, 12.692 ], [ 75.004, 12.682 ], [ 75.008, 12.67 ], [ 75.02, 12.667 ], [ 75.024, 12.655 ], [ 75.036, 12.653 ], [ 75.04, 12.641 ], [ 75.052, 12.638 ], [ 75.056, 12.626 ], [ 75.048, 12.616 ], [ 75.052, 12.604 ], [ 75.064, 12.601 ], [ 75.068, 12.589 ], [ 75.08, 12.587 ], [ 75.084, 12.574 ], [ 75.076, 12.565 ], [ 75.08, 12.552 ], [ 75.092, 12.55 ], [ 75.096, 12.538 ], [ 75.088, 12.528 ], [ 75.092, 12.515 ], [ 75.104, 12.513 ], [ 75.112, 12.523 ], [ 75.125, 12.52 ], [ 75.133, 12.53 ], [ 75.145, 12.528 ], [ 75.153, 12.538 ], [ 75.166, 12.535 ], [ 75.174, 12.545 ], [ 75.186, 12.543 ], [ 75.194, 12.553 ], [ 75.207, 12.55 ], [ 75.215, 12.56 ], [ 75.227, 12.558 ], [ 75.235, 12.568 ], [ 75.231, 12.58 ], [ 75.219, 12.582 ], [ 75.215, 12.594 ], [ 75.223, 12.604 ], [ 75.219, 12.617 ] ] ] ] } }
]
}
