{
"type": "FeatureCollection",
"name": "Ladakh",
"crs": { "type": "name", "properties": { "name": "urn:ogc:def:crs:OGC:1.3:CRS84" } },
"features": [
{ "type": "Feature", "properties": { "POLYGON.ID": 150.0, "subregion": "India--Ladakh--Kargil--Himalaya", "POLYGON": "India--Ladakh--Kargil--Himalaya", "SHOW": "1", "FILTER": "Not-Assigned", "FILTER.ID": null, "OLD.POLYGON": null, "STATE": "Ladakh", "COUNTY": "Kargil", "OWNER": null }, "geometry": { "type": "MultiPolygon", "coordinates": [ [ [ [ 76.082, 33.895 ], [ 76.099, 33.893 ], [ 76.105, 33.881 ], [ 76.096, 33.87 ], [ 76.102, 33.858 ], [ 76.118, 33.857 ], [ 76.125, 33.845 ], [ 76.141, 33.844 ], [ 76.148, 33.832 ], [ 76.164, 33.83 ], [ 76.171, 33.818 ], [ 76.161, 33.808 ], [ 76.168, 33.795 ], [ 76.184, 33.794 ], [ 76.193, 33.805 ], [ 76.187, 33.817 ], [ 76.196, 33.828 ], [ 76.19, 33.84 ], [ 76.2, 33.851 ], [ 76.193, 33.863 ], [ 76.203, 33.874 ], [ 76.196, 33.886 ], [ 76.206, 33.896 ], [ 76.199, 33.909 ], [ 76.209, 33.919 ], [ 76.202, 33.931 ], [ 76.212, 33.942 ], [ 76.228, 33.941 ], [ 76.238, 33.952 ], [ 76.254, 33.95 ], [ 76.264, 33.961 ], [ 76.28, 33.96 ], [ 76.29, 33.971 ], [ 76.306, 33.969 ], [ 76.316, 33.98 ], [ 76.332, 33.979 ], [ 76.342, 33.99 ], [ 76.358, 33.988 ], [ 76.368, 33.999 ], [ 76.384, 33.998 ], [ 76.39, 33.986 ], [ 76.407, 33.985 ], [ 76.416, 33.995 ], [ 76.433, 33.994 ], [ 76.442, 34.005 ], [ 76.459, 34.003 ], [ 76.468, 34.014 ], [ 76.485, 34.013 ], [ 76.491, 34.001 ], [ 76.507, 33.999 ], [ 76.514, 33.987 ], [ 76.53, 33.986 ], [ 76.54, 33.997 ], [ 76.556, 33.996 ], [ 76.566, 34.006 ], [ 76.582, 34.005 ], [ 76.592, 34.016 ], [ 76.585, 34.028 ], [ 76.595, 34.039 ], [ 76.589, 34.051 ], [ 76.598, 34.062 ], [ 76.615, 34.06 ], [ 76.624, 34.071 ], [ 76.641, 34.07 ], [ 76.647, 34.057 ], [ 76.663, 34.056 ], [ 76.673, 34.067 ], [ 76.667, 34.079 ], [ 76.676, 34.09 ], [ 76.67, 34.102 ], [ 76.68, 34.113 ], [ 76.673, 34.125 ], [ 76.683, 34.136 ], [ 76.676, 34.148 ], [ 76.66, 34.149 ], [ 76.654, 34.161 ], [ 76.663, 34.172 ], [ 76.68, 34.171 ], [ 76.689, 34.181 ], [ 76.683, 34.194 ], [ 76.693, 34.204 ], [ 76.686, 34.216 ], [ 76.67, 34.218 ], [ 76.663, 34.23 ], [ 76.673, 34.241 ], [ 76.689, 34.239 ], [ 76.699, 34.25 ], [ 76.693, 34.262 ], [ 76.703, 34.273 ], [ 76.696, 34.285 ], [ 76.706, 34.296 ], [ 76.699, 34.308 ], [ 76.709, 34.319 ], [ 76.703, 34.331 ], [ 76.686, 34.332 ], [ 76.68, 34.345 ], [ 76.663, 34.346 ], [ 76.657, 34.358 ], [ 76.641, 34.359 ], [ 76.634, 34.372 ], [ 76.618, 34.373 ], [ 76.611, 34.385 ], [ 76.595, 34.387 ], [ 76.588, 34.399 ], [ 76.598, 34.409 ], [ 76.591, 34.422 ], [ 76.575, 34.423 ], [ 76.569, 34.435 ], [ 76.578, 34.446 ], [ 76.572, 34.458 ], [ 76.582, 34.469 ], [ 76.575, 34.481 ], [ 76.559, 34.482 ], [ 76.552, 34.495 ], [ 76.562, 34.505 ], [ 76.555, 34.518 ], [ 76.539, 34.519 ], [ 76.532, 34.531 ], [ 76.542, 34.542 ], [ 76.559, 34.541 ], [ 76.568, 34.551 ], [ 76.562, 34.563 ], [ 76.545, 34.565 ], [ 76.539, 34.577 ], [ 76.522, 34.578 ], [ 76.516, 34.591 ], [ 76.499, 34.592 ], [ 76.49, 34.581 ], [ 76.473, 34.582 ], [ 76.467, 34.595 ], [ 76.476, 34.605 ], [ 76.47, 34.618 ], [ 76.48, 34.628 ], [ 76.473, 34.641 ], [ 76.457, 34.642 ], [ 76.45, 34.654 ], [ 76.46, 34.665 ], [ 76.453, 34.677 ], [ 76.437, 34.678 ], [ 76.43, 34.691 ], [ 76.44, 34.701 ], [ 76.433, 34.714 ], [ 76.417, 34.715 ], [ 76.41, 34.727 ], [ 76.394, 34.728 ], [ 76.384, 34.718 ], [ 76.391, 34.705 ], [ 76.381, 34.695 ], [ 76.364, 34.696 ], [ 76.358, 34.708 ], [ 76.341, 34.709 ], [ 76.332, 34.699 ], [ 76.315, 34.7 ], [ 76.305, 34.689 ], [ 76.289, 34.69 ], [ 76.279, 34.679 ], [ 76.263, 34.681 ], [ 76.253, 34.67 ], [ 76.236, 34.671 ], [ 76.227, 34.66 ], [ 76.21, 34.662 ], [ 76.2, 34.651 ], [ 76.207, 34.639 ], [ 76.197, 34.628 ], [ 76.181, 34.629 ], [ 76.174, 34.641 ], [ 76.158, 34.643 ], [ 76.148, 34.632 ], [ 76.132, 34.633 ], [ 76.125, 34.645 ], [ 76.108, 34.646 ], [ 76.102, 34.659 ], [ 76.085, 34.66 ], [ 76.079, 34.672 ], [ 76.062, 34.673 ], [ 76.056, 34.685 ], [ 76.039, 34.687 ], [ 76.029, 34.676 ], [ 76.036, 34.664 ], [ 76.026, 34.653 ], [ 76.01, 34.654 ], [ 76.0, 34.643 ], [ 76.007, 34.631 ], [ 75.997, 34.62 ], [ 75.981, 34.622 ], [ 75.971, 34.611 ], [ 75.978, 34.599 ], [ 75.968, 34.588 ], [ 75.951, 34.589 ], [ 75.942, 34.578 ], [ 75.925, 34.579 ], [ 75.916, 34.568 ], [ 75.899, 34.57 ], [ 75.889, 34.559 ], [ 75.896, 34.547 ], [ 75.886, 34.536 ], [ 75.87, 34.537 ], [ 75.86, 34.526 ], [ 75.844, 34.527 ], [ 75.834, 34.517 ], [ 75.818, 34.518 ], [ 75.808, 34.507 ], [ 75.792, 34.508 ], [ 75.782, 34.497 ], [ 75.765, 34.499 ], [ 75.759, 34.511 ], [ 75.742, 34.512 ], [ 75.733, 34.501 ], [ 75.716, 34.502 ], [ 75.707, 34.491 ], [ 75.69, 34.493 ], [ 75.683, 34.505 ], [ 75.667, 34.506 ], [ 75.657, 34.495 ], [ 75.641, 34.496 ], [ 75.634, 34.508 ], [ 75.618, 34.51 ], [ 75.608, 34.499 ], [ 75.592, 34.5 ], [ 75.582, 34.489 ], [ 75.566, 34.49 ], [ 75.556, 34.479 ], [ 75.539, 34.481 ], [ 75.53, 34.47 ], [ 75.513, 34.471 ], [ 75.504, 34.46 ], [ 75.51, 34.448 ], [ 75.501, 34.437 ], [ 75.508, 34.425 ], [ 75.498, 34.414 ], [ 75.482, 34.415 ], [ 75.472, 34.404 ], [ 75.479, 34.392 ], [ 75.469, 34.381 ], [ 75.453, 34.382 ], [ 75.443, 34.372 ], [ 75.427, 34.373 ], [ 75.417, 34.362 ], [ 75.401, 34.363 ], [ 75.391, 34.352 ], [ 75.398, 34.34 ], [ 75.388, 34.329 ], [ 75.395, 34.317 ], [ 75.385, 34.306 ], [ 75.392, 34.294 ], [ 75.409, 34.293 ], [ 75.415, 34.281 ], [ 75.432, 34.28 ], [ 75.441, 34.291 ], [ 75.458, 34.289 ], [ 75.464, 34.277 ], [ 75.481, 34.276 ], [ 75.488, 34.264 ], [ 75.504, 34.263 ], [ 75.511, 34.251 ], [ 75.501, 34.24 ], [ 75.508, 34.228 ], [ 75.524, 34.226 ], [ 75.531, 34.214 ], [ 75.547, 34.213 ], [ 75.557, 34.224 ], [ 75.573, 34.223 ], [ 75.58, 34.211 ], [ 75.596, 34.21 ], [ 75.606, 34.22 ], [ 75.622, 34.219 ], [ 75.632, 34.23 ], [ 75.648, 34.229 ], [ 75.658, 34.24 ], [ 75.674, 34.239 ], [ 75.681, 34.226 ], [ 75.697, 34.225 ], [ 75.704, 34.213 ], [ 75.694, 34.202 ], [ 75.701, 34.19 ], [ 75.692, 34.179 ], [ 75.698, 34.167 ], [ 75.689, 34.156 ], [ 75.695, 34.144 ], [ 75.712, 34.143 ], [ 75.718, 34.131 ], [ 75.709, 34.12 ], [ 75.715, 34.108 ], [ 75.732, 34.107 ], [ 75.738, 34.095 ], [ 75.755, 34.093 ], [ 75.761, 34.081 ], [ 75.752, 34.07 ], [ 75.758, 34.058 ], [ 75.775, 34.057 ], [ 75.781, 34.045 ], [ 75.798, 34.044 ], [ 75.807, 34.055 ], [ 75.824, 34.053 ], [ 75.83, 34.041 ], [ 75.821, 34.031 ], [ 75.827, 34.018 ], [ 75.844, 34.017 ], [ 75.85, 34.005 ], [ 75.867, 34.004 ], [ 75.873, 33.992 ], [ 75.864, 33.981 ], [ 75.87, 33.969 ], [ 75.887, 33.968 ], [ 75.896, 33.978 ], [ 75.912, 33.977 ], [ 75.922, 33.988 ], [ 75.938, 33.987 ], [ 75.948, 33.998 ], [ 75.964, 33.996 ], [ 75.971, 33.984 ], [ 75.987, 33.983 ], [ 75.997, 33.994 ], [ 76.013, 33.993 ], [ 76.02, 33.98 ], [ 76.036, 33.979 ], [ 76.043, 33.967 ], [ 76.033, 33.956 ], [ 76.04, 33.944 ], [ 76.056, 33.943 ], [ 76.063, 33.931 ], [ 76.053, 33.92 ], [ 76.059, 33.908 ], [ 76.076, 33.907 ], [ 76.082, 33.895 ] ] ] ] } },
{ "type": "Feature", "properties": { "POLYGON.ID": 152.0, "subregion": "India--Ladakh--Leh--Leh and Surroundings", "POLYGON": "India--Ladakh--Leh--Leh and Surroundings", "SHOW": "1", "FILTER": "Not-Assigned", "FILTER.ID": null, "OLD.POLYGON": null, "STATE": "Ladakh", "COUNTY": "Leh", "OWNER": null }, "geometry": { "type": "MultiPolygon", "coordinates": [ [ [ [ 79.093, 34.131 ], [ 79.103, 34.142 ], [ 79.097, 34.154 ], [ 79.081, 34.156 ], [ 79.075, 34.168 ], [ 79.059, 34.17 ], [ 79.053, 34.182 ], [ 79.036, 34.183 ], [ 79.03, 34.196 ], [ 79.014, 34.197 ], [ 79.008, 34.21 ], [ 78.992, 34.211 ], [ 78.986, 34.223 ], [ 78.97, 34.225 ], [ 78.96, 34.214 ], [ 78.944, 34.216 ], [ 78.938, 34.228 ], [ 78.921, 34.23 ], [ 78.915, 34.242 ], [ 78.899, 34.244 ], [ 78.889, 34.233 ], [ 78.873, 34.235 ], [ 78.863, 34.224 ], [ 78.847, 34.226 ], [ 78.836, 34.215 ], [ 78.82, 34.217 ], [ 78.814, 34.229 ], [ 78.798, 34.231 ], [ 78.788, 34.22 ], [ 78.772, 34.222 ], [ 78.766, 34.234 ], [ 78.749, 34.236 ], [ 78.743, 34.248 ], [ 78.727, 34.25 ], [ 78.721, 34.262 ], [ 78.705, 34.263 ], [ 78.699, 34.276 ], [ 78.709, 34.286 ], [ 78.703, 34.299 ], [ 78.687, 34.3 ], [ 78.676, 34.29 ], [ 78.66, 34.291 ], [ 78.654, 34.303 ], [ 78.638, 34.305 ], [ 78.632, 34.317 ], [ 78.616, 34.319 ], [ 78.606, 34.308 ], [ 78.589, 34.31 ], [ 78.579, 34.299 ], [ 78.563, 34.301 ], [ 78.553, 34.29 ], [ 78.537, 34.292 ], [ 78.531, 34.304 ], [ 78.514, 34.306 ], [ 78.504, 34.295 ], [ 78.488, 34.297 ], [ 78.482, 34.309 ], [ 78.466, 34.31 ], [ 78.456, 34.3 ], [ 78.439, 34.301 ], [ 78.429, 34.291 ], [ 78.413, 34.292 ], [ 78.407, 34.305 ], [ 78.391, 34.306 ], [ 78.381, 34.295 ], [ 78.365, 34.297 ], [ 78.354, 34.286 ], [ 78.338, 34.288 ], [ 78.328, 34.277 ], [ 78.312, 34.279 ], [ 78.302, 34.268 ], [ 78.308, 34.256 ], [ 78.298, 34.245 ], [ 78.304, 34.233 ], [ 78.294, 34.223 ], [ 78.3, 34.21 ], [ 78.29, 34.2 ], [ 78.297, 34.188 ], [ 78.287, 34.177 ], [ 78.27, 34.179 ], [ 78.26, 34.168 ], [ 78.244, 34.169 ], [ 78.234, 34.159 ], [ 78.24, 34.147 ], [ 78.23, 34.136 ], [ 78.214, 34.138 ], [ 78.208, 34.15 ], [ 78.192, 34.151 ], [ 78.186, 34.163 ], [ 78.196, 34.174 ], [ 78.189, 34.186 ], [ 78.173, 34.188 ], [ 78.167, 34.2 ], [ 78.151, 34.202 ], [ 78.145, 34.214 ], [ 78.155, 34.224 ], [ 78.148, 34.237 ], [ 78.132, 34.238 ], [ 78.126, 34.25 ], [ 78.11, 34.252 ], [ 78.103, 34.264 ], [ 78.087, 34.266 ], [ 78.081, 34.278 ], [ 78.091, 34.289 ], [ 78.085, 34.301 ], [ 78.069, 34.302 ], [ 78.062, 34.314 ], [ 78.046, 34.316 ], [ 78.036, 34.305 ], [ 78.02, 34.307 ], [ 78.014, 34.319 ], [ 77.997, 34.321 ], [ 77.991, 34.333 ], [ 77.975, 34.334 ], [ 77.968, 34.347 ], [ 77.952, 34.348 ], [ 77.946, 34.36 ], [ 77.93, 34.362 ], [ 77.92, 34.351 ], [ 77.903, 34.353 ], [ 77.893, 34.342 ], [ 77.877, 34.343 ], [ 77.871, 34.356 ], [ 77.855, 34.357 ], [ 77.845, 34.347 ], [ 77.851, 34.334 ], [ 77.841, 34.324 ], [ 77.825, 34.325 ], [ 77.818, 34.337 ], [ 77.802, 34.339 ], [ 77.796, 34.351 ], [ 77.78, 34.353 ], [ 77.773, 34.365 ], [ 77.757, 34.366 ], [ 77.751, 34.378 ], [ 77.761, 34.389 ], [ 77.754, 34.401 ], [ 77.738, 34.403 ], [ 77.732, 34.415 ], [ 77.742, 34.426 ], [ 77.735, 34.438 ], [ 77.719, 34.439 ], [ 77.713, 34.452 ], [ 77.696, 34.453 ], [ 77.69, 34.465 ], [ 77.674, 34.467 ], [ 77.667, 34.479 ], [ 77.651, 34.481 ], [ 77.645, 34.493 ], [ 77.628, 34.494 ], [ 77.622, 34.506 ], [ 77.606, 34.508 ], [ 77.596, 34.497 ], [ 77.58, 34.499 ], [ 77.573, 34.511 ], [ 77.557, 34.512 ], [ 77.55, 34.525 ], [ 77.534, 34.526 ], [ 77.528, 34.538 ], [ 77.511, 34.54 ], [ 77.505, 34.552 ], [ 77.489, 34.553 ], [ 77.482, 34.566 ], [ 77.466, 34.567 ], [ 77.46, 34.579 ], [ 77.443, 34.581 ], [ 77.437, 34.593 ], [ 77.42, 34.594 ], [ 77.414, 34.607 ], [ 77.398, 34.608 ], [ 77.391, 34.62 ], [ 77.375, 34.622 ], [ 77.369, 34.634 ], [ 77.352, 34.635 ], [ 77.346, 34.648 ], [ 77.329, 34.649 ], [ 77.323, 34.661 ], [ 77.307, 34.663 ], [ 77.297, 34.652 ], [ 77.28, 34.653 ], [ 77.274, 34.666 ], [ 77.257, 34.667 ], [ 77.251, 34.679 ], [ 77.235, 34.681 ], [ 77.228, 34.693 ], [ 77.212, 34.694 ], [ 77.205, 34.707 ], [ 77.189, 34.708 ], [ 77.182, 34.72 ], [ 77.166, 34.722 ], [ 77.16, 34.734 ], [ 77.143, 34.735 ], [ 77.137, 34.747 ], [ 77.12, 34.749 ], [ 77.11, 34.738 ], [ 77.094, 34.74 ], [ 77.084, 34.729 ], [ 77.068, 34.73 ], [ 77.058, 34.719 ], [ 77.041, 34.721 ], [ 77.031, 34.71 ], [ 77.015, 34.711 ], [ 77.005, 34.701 ], [ 76.989, 34.702 ], [ 76.979, 34.691 ], [ 76.962, 34.693 ], [ 76.952, 34.682 ], [ 76.936, 34.683 ], [ 76.926, 34.673 ], [ 76.933, 34.66 ], [ 76.923, 34.65 ], [ 76.929, 34.637 ], [ 76.919, 34.627 ], [ 76.926, 34.614 ], [ 76.942, 34.613 ], [ 76.949, 34.601 ], [ 76.939, 34.59 ], [ 76.945, 34.578 ], [ 76.935, 34.567 ], [ 76.919, 34.568 ], [ 76.909, 34.558 ], [ 76.916, 34.545 ], [ 76.906, 34.535 ], [ 76.912, 34.523 ], [ 76.902, 34.512 ], [ 76.909, 34.5 ], [ 76.899, 34.489 ], [ 76.906, 34.477 ], [ 76.896, 34.466 ], [ 76.902, 34.454 ], [ 76.892, 34.443 ], [ 76.876, 34.444 ], [ 76.866, 34.433 ], [ 76.873, 34.421 ], [ 76.863, 34.411 ], [ 76.846, 34.412 ], [ 76.837, 34.401 ], [ 76.82, 34.403 ], [ 76.81, 34.392 ], [ 76.794, 34.393 ], [ 76.784, 34.382 ], [ 76.791, 34.37 ], [ 76.781, 34.359 ], [ 76.765, 34.361 ], [ 76.755, 34.35 ], [ 76.739, 34.351 ], [ 76.729, 34.341 ], [ 76.712, 34.342 ], [ 76.703, 34.331 ], [ 76.709, 34.319 ], [ 76.699, 34.308 ], [ 76.706, 34.296 ], [ 76.696, 34.285 ], [ 76.703, 34.273 ], [ 76.693, 34.262 ], [ 76.699, 34.25 ], [ 76.689, 34.239 ], [ 76.673, 34.241 ], [ 76.663, 34.23 ], [ 76.67, 34.218 ], [ 76.686, 34.216 ], [ 76.693, 34.204 ], [ 76.683, 34.194 ], [ 76.689, 34.181 ], [ 76.68, 34.171 ], [ 76.663, 34.172 ], [ 76.654, 34.161 ], [ 76.66, 34.149 ], [ 76.676, 34.148 ], [ 76.683, 34.136 ], [ 76.673, 34.125 ], [ 76.68, 34.113 ], [ 76.67, 34.102 ], [ 76.676, 34.09 ], [ 76.667, 34.079 ], [ 76.673, 34.067 ], [ 76.663, 34.056 ], [ 76.647, 34.057 ], [ 76.641, 34.07 ], [ 76.624, 34.071 ], [ 76.615, 34.06 ], [ 76.598, 34.062 ], [ 76.589, 34.051 ], [ 76.595, 34.039 ], [ 76.585, 34.028 ], [ 76.592, 34.016 ], [ 76.582, 34.005 ], [ 76.566, 34.006 ], [ 76.556, 33.996 ], [ 76.54, 33.997 ], [ 76.53, 33.986 ], [ 76.537, 33.974 ], [ 76.553, 33.973 ], [ 76.559, 33.961 ], [ 76.55, 33.95 ], [ 76.556, 33.938 ], [ 76.546, 33.927 ], [ 76.53, 33.928 ], [ 76.521, 33.917 ], [ 76.527, 33.905 ], [ 76.543, 33.904 ], [ 76.55, 33.892 ], [ 76.566, 33.891 ], [ 76.572, 33.878 ], [ 76.589, 33.877 ], [ 76.598, 33.888 ], [ 76.615, 33.887 ], [ 76.624, 33.897 ], [ 76.641, 33.896 ], [ 76.65, 33.907 ], [ 76.667, 33.905 ], [ 76.673, 33.893 ], [ 76.663, 33.883 ], [ 76.67, 33.87 ], [ 76.686, 33.869 ], [ 76.692, 33.857 ], [ 76.709, 33.856 ], [ 76.715, 33.843 ], [ 76.705, 33.833 ], [ 76.712, 33.821 ], [ 76.728, 33.819 ], [ 76.738, 33.83 ], [ 76.754, 33.829 ], [ 76.76, 33.817 ], [ 76.777, 33.815 ], [ 76.783, 33.803 ], [ 76.799, 33.802 ], [ 76.806, 33.79 ], [ 76.822, 33.788 ], [ 76.832, 33.799 ], [ 76.848, 33.798 ], [ 76.854, 33.786 ], [ 76.871, 33.784 ], [ 76.88, 33.795 ], [ 76.896, 33.794 ], [ 76.903, 33.781 ], [ 76.919, 33.78 ], [ 76.925, 33.768 ], [ 76.916, 33.757 ], [ 76.922, 33.745 ], [ 76.912, 33.734 ], [ 76.919, 33.722 ], [ 76.935, 33.721 ], [ 76.945, 33.732 ], [ 76.961, 33.73 ], [ 76.967, 33.718 ], [ 76.983, 33.717 ], [ 76.993, 33.728 ], [ 77.009, 33.726 ], [ 77.016, 33.714 ], [ 77.032, 33.713 ], [ 77.038, 33.701 ], [ 77.054, 33.699 ], [ 77.064, 33.71 ], [ 77.08, 33.708 ], [ 77.087, 33.696 ], [ 77.103, 33.695 ], [ 77.109, 33.683 ], [ 77.125, 33.681 ], [ 77.132, 33.669 ], [ 77.148, 33.668 ], [ 77.158, 33.679 ], [ 77.174, 33.677 ], [ 77.18, 33.665 ], [ 77.196, 33.664 ], [ 77.203, 33.652 ], [ 77.219, 33.65 ], [ 77.225, 33.638 ], [ 77.241, 33.637 ], [ 77.248, 33.625 ], [ 77.238, 33.614 ], [ 77.244, 33.602 ], [ 77.234, 33.591 ], [ 77.241, 33.579 ], [ 77.257, 33.578 ], [ 77.263, 33.566 ], [ 77.253, 33.555 ], [ 77.26, 33.543 ], [ 77.276, 33.541 ], [ 77.282, 33.529 ], [ 77.272, 33.519 ], [ 77.279, 33.506 ], [ 77.295, 33.505 ], [ 77.301, 33.493 ], [ 77.317, 33.492 ], [ 77.327, 33.502 ], [ 77.343, 33.501 ], [ 77.349, 33.489 ], [ 77.366, 33.487 ], [ 77.375, 33.498 ], [ 77.391, 33.496 ], [ 77.401, 33.507 ], [ 77.417, 33.506 ], [ 77.427, 33.516 ], [ 77.443, 33.515 ], [ 77.449, 33.503 ], [ 77.465, 33.501 ], [ 77.472, 33.489 ], [ 77.462, 33.479 ], [ 77.468, 33.467 ], [ 77.484, 33.465 ], [ 77.491, 33.453 ], [ 77.507, 33.452 ], [ 77.513, 33.44 ], [ 77.503, 33.429 ], [ 77.509, 33.417 ], [ 77.525, 33.415 ], [ 77.532, 33.403 ], [ 77.522, 33.393 ], [ 77.528, 33.38 ], [ 77.544, 33.379 ], [ 77.551, 33.367 ], [ 77.567, 33.366 ], [ 77.573, 33.353 ], [ 77.563, 33.343 ], [ 77.547, 33.344 ], [ 77.537, 33.334 ], [ 77.521, 33.335 ], [ 77.511, 33.324 ], [ 77.518, 33.312 ], [ 77.508, 33.302 ], [ 77.514, 33.29 ], [ 77.504, 33.279 ], [ 77.511, 33.267 ], [ 77.501, 33.256 ], [ 77.507, 33.244 ], [ 77.523, 33.243 ], [ 77.529, 33.231 ], [ 77.52, 33.22 ], [ 77.526, 33.208 ], [ 77.542, 33.206 ], [ 77.548, 33.194 ], [ 77.538, 33.184 ], [ 77.545, 33.172 ], [ 77.535, 33.161 ], [ 77.519, 33.163 ], [ 77.513, 33.175 ], [ 77.497, 33.176 ], [ 77.49, 33.188 ], [ 77.474, 33.19 ], [ 77.465, 33.179 ], [ 77.449, 33.18 ], [ 77.439, 33.17 ], [ 77.445, 33.158 ], [ 77.435, 33.147 ], [ 77.419, 33.148 ], [ 77.41, 33.138 ], [ 77.416, 33.126 ], [ 77.406, 33.115 ], [ 77.412, 33.103 ], [ 77.403, 33.092 ], [ 77.409, 33.08 ], [ 77.399, 33.07 ], [ 77.383, 33.071 ], [ 77.377, 33.083 ], [ 77.361, 33.085 ], [ 77.351, 33.074 ], [ 77.358, 33.062 ], [ 77.348, 33.051 ], [ 77.332, 33.053 ], [ 77.322, 33.042 ], [ 77.306, 33.043 ], [ 77.297, 33.033 ], [ 77.303, 33.021 ], [ 77.293, 33.01 ], [ 77.277, 33.012 ], [ 77.268, 33.001 ], [ 77.274, 32.989 ], [ 77.29, 32.987 ], [ 77.296, 32.975 ], [ 77.286, 32.965 ], [ 77.293, 32.953 ], [ 77.283, 32.942 ], [ 77.289, 32.93 ], [ 77.305, 32.929 ], [ 77.311, 32.917 ], [ 77.302, 32.906 ], [ 77.308, 32.894 ], [ 77.298, 32.883 ], [ 77.282, 32.885 ], [ 77.273, 32.874 ], [ 77.279, 32.862 ], [ 77.295, 32.861 ], [ 77.301, 32.849 ], [ 77.317, 32.847 ], [ 77.323, 32.835 ], [ 77.339, 32.834 ], [ 77.345, 32.822 ], [ 77.361, 32.82 ], [ 77.371, 32.831 ], [ 77.365, 32.843 ], [ 77.375, 32.854 ], [ 77.39, 32.852 ], [ 77.4, 32.863 ], [ 77.394, 32.875 ], [ 77.404, 32.886 ], [ 77.419, 32.884 ], [ 77.426, 32.872 ], [ 77.442, 32.871 ], [ 77.448, 32.859 ], [ 77.464, 32.857 ], [ 77.474, 32.868 ], [ 77.489, 32.866 ], [ 77.499, 32.877 ], [ 77.515, 32.876 ], [ 77.525, 32.886 ], [ 77.541, 32.885 ], [ 77.55, 32.895 ], [ 77.544, 32.907 ], [ 77.554, 32.918 ], [ 77.57, 32.917 ], [ 77.58, 32.927 ], [ 77.595, 32.926 ], [ 77.605, 32.936 ], [ 77.621, 32.935 ], [ 77.631, 32.946 ], [ 77.647, 32.944 ], [ 77.657, 32.955 ], [ 77.672, 32.953 ], [ 77.682, 32.964 ], [ 77.676, 32.976 ], [ 77.686, 32.986 ], [ 77.702, 32.985 ], [ 77.708, 32.973 ], [ 77.724, 32.972 ], [ 77.73, 32.959 ], [ 77.746, 32.958 ], [ 77.752, 32.946 ], [ 77.768, 32.944 ], [ 77.774, 32.932 ], [ 77.79, 32.931 ], [ 77.796, 32.919 ], [ 77.812, 32.917 ], [ 77.818, 32.905 ], [ 77.809, 32.895 ], [ 77.793, 32.896 ], [ 77.783, 32.886 ], [ 77.789, 32.874 ], [ 77.779, 32.863 ], [ 77.786, 32.851 ], [ 77.801, 32.85 ], [ 77.808, 32.838 ], [ 77.823, 32.836 ], [ 77.833, 32.847 ], [ 77.849, 32.845 ], [ 77.855, 32.833 ], [ 77.871, 32.832 ], [ 77.877, 32.82 ], [ 77.868, 32.809 ], [ 77.874, 32.797 ], [ 77.89, 32.796 ], [ 77.896, 32.784 ], [ 77.912, 32.782 ], [ 77.918, 32.77 ], [ 77.934, 32.769 ], [ 77.94, 32.756 ], [ 77.93, 32.746 ], [ 77.936, 32.734 ], [ 77.926, 32.723 ], [ 77.932, 32.711 ], [ 77.923, 32.701 ], [ 77.929, 32.689 ], [ 77.945, 32.687 ], [ 77.951, 32.675 ], [ 77.941, 32.665 ], [ 77.947, 32.653 ], [ 77.963, 32.651 ], [ 77.969, 32.639 ], [ 77.985, 32.638 ], [ 77.991, 32.626 ], [ 78.007, 32.624 ], [ 78.017, 32.635 ], [ 78.032, 32.633 ], [ 78.042, 32.644 ], [ 78.058, 32.642 ], [ 78.064, 32.63 ], [ 78.08, 32.629 ], [ 78.09, 32.639 ], [ 78.084, 32.651 ], [ 78.093, 32.662 ], [ 78.109, 32.66 ], [ 78.115, 32.648 ], [ 78.131, 32.647 ], [ 78.141, 32.657 ], [ 78.135, 32.669 ], [ 78.145, 32.68 ], [ 78.16, 32.678 ], [ 78.166, 32.666 ], [ 78.182, 32.665 ], [ 78.192, 32.675 ], [ 78.208, 32.674 ], [ 78.214, 32.662 ], [ 78.23, 32.66 ], [ 78.24, 32.671 ], [ 78.255, 32.669 ], [ 78.265, 32.68 ], [ 78.281, 32.678 ], [ 78.291, 32.689 ], [ 78.307, 32.687 ], [ 78.316, 32.698 ], [ 78.31, 32.71 ], [ 78.32, 32.72 ], [ 78.314, 32.733 ], [ 78.298, 32.734 ], [ 78.292, 32.746 ], [ 78.302, 32.757 ], [ 78.296, 32.769 ], [ 78.28, 32.77 ], [ 78.274, 32.782 ], [ 78.284, 32.793 ], [ 78.278, 32.805 ], [ 78.288, 32.815 ], [ 78.281, 32.827 ], [ 78.266, 32.829 ], [ 78.26, 32.841 ], [ 78.269, 32.852 ], [ 78.263, 32.864 ], [ 78.247, 32.865 ], [ 78.241, 32.877 ], [ 78.251, 32.888 ], [ 78.245, 32.9 ], [ 78.255, 32.91 ], [ 78.249, 32.922 ], [ 78.233, 32.924 ], [ 78.227, 32.936 ], [ 78.211, 32.938 ], [ 78.205, 32.95 ], [ 78.189, 32.951 ], [ 78.183, 32.963 ], [ 78.167, 32.965 ], [ 78.161, 32.977 ], [ 78.171, 32.987 ], [ 78.165, 32.999 ], [ 78.174, 33.01 ], [ 78.19, 33.008 ], [ 78.2, 33.019 ], [ 78.216, 33.017 ], [ 78.226, 33.028 ], [ 78.242, 33.026 ], [ 78.252, 33.037 ], [ 78.246, 33.049 ], [ 78.23, 33.051 ], [ 78.224, 33.063 ], [ 78.233, 33.073 ], [ 78.227, 33.085 ], [ 78.211, 33.087 ], [ 78.202, 33.076 ], [ 78.186, 33.078 ], [ 78.176, 33.067 ], [ 78.16, 33.069 ], [ 78.154, 33.081 ], [ 78.138, 33.082 ], [ 78.132, 33.094 ], [ 78.142, 33.105 ], [ 78.157, 33.104 ], [ 78.167, 33.114 ], [ 78.183, 33.113 ], [ 78.193, 33.123 ], [ 78.209, 33.122 ], [ 78.219, 33.132 ], [ 78.213, 33.144 ], [ 78.197, 33.146 ], [ 78.191, 33.158 ], [ 78.201, 33.168 ], [ 78.194, 33.181 ], [ 78.178, 33.182 ], [ 78.172, 33.194 ], [ 78.182, 33.205 ], [ 78.176, 33.217 ], [ 78.186, 33.227 ], [ 78.18, 33.24 ], [ 78.164, 33.241 ], [ 78.158, 33.253 ], [ 78.142, 33.255 ], [ 78.136, 33.267 ], [ 78.12, 33.268 ], [ 78.11, 33.258 ], [ 78.094, 33.259 ], [ 78.084, 33.249 ], [ 78.068, 33.25 ], [ 78.058, 33.24 ], [ 78.042, 33.241 ], [ 78.036, 33.253 ], [ 78.02, 33.255 ], [ 78.01, 33.244 ], [ 77.994, 33.246 ], [ 77.988, 33.258 ], [ 77.972, 33.259 ], [ 77.966, 33.271 ], [ 77.95, 33.273 ], [ 77.94, 33.262 ], [ 77.924, 33.264 ], [ 77.918, 33.276 ], [ 77.928, 33.286 ], [ 77.922, 33.298 ], [ 77.931, 33.309 ], [ 77.925, 33.321 ], [ 77.935, 33.332 ], [ 77.929, 33.344 ], [ 77.939, 33.354 ], [ 77.955, 33.353 ], [ 77.965, 33.364 ], [ 77.958, 33.376 ], [ 77.968, 33.386 ], [ 77.962, 33.398 ], [ 77.972, 33.409 ], [ 77.966, 33.421 ], [ 77.976, 33.432 ], [ 77.969, 33.444 ], [ 77.979, 33.454 ], [ 77.973, 33.466 ], [ 77.957, 33.468 ], [ 77.951, 33.48 ], [ 77.961, 33.491 ], [ 77.977, 33.489 ], [ 77.987, 33.5 ], [ 78.003, 33.498 ], [ 78.009, 33.486 ], [ 77.999, 33.476 ], [ 78.005, 33.463 ], [ 78.021, 33.462 ], [ 78.027, 33.45 ], [ 78.043, 33.448 ], [ 78.05, 33.436 ], [ 78.04, 33.426 ], [ 78.046, 33.414 ], [ 78.036, 33.403 ], [ 78.042, 33.391 ], [ 78.032, 33.38 ], [ 78.016, 33.382 ], [ 78.006, 33.371 ], [ 78.013, 33.359 ], [ 78.029, 33.357 ], [ 78.035, 33.345 ], [ 78.051, 33.344 ], [ 78.057, 33.332 ], [ 78.047, 33.321 ], [ 78.053, 33.309 ], [ 78.069, 33.308 ], [ 78.075, 33.295 ], [ 78.091, 33.294 ], [ 78.101, 33.305 ], [ 78.117, 33.303 ], [ 78.123, 33.291 ], [ 78.139, 33.289 ], [ 78.149, 33.3 ], [ 78.165, 33.298 ], [ 78.175, 33.309 ], [ 78.191, 33.308 ], [ 78.197, 33.295 ], [ 78.213, 33.294 ], [ 78.223, 33.304 ], [ 78.239, 33.303 ], [ 78.245, 33.291 ], [ 78.261, 33.289 ], [ 78.271, 33.3 ], [ 78.287, 33.298 ], [ 78.293, 33.286 ], [ 78.309, 33.285 ], [ 78.315, 33.273 ], [ 78.331, 33.271 ], [ 78.337, 33.259 ], [ 78.353, 33.257 ], [ 78.359, 33.245 ], [ 78.375, 33.244 ], [ 78.381, 33.232 ], [ 78.371, 33.221 ], [ 78.377, 33.209 ], [ 78.368, 33.198 ], [ 78.374, 33.186 ], [ 78.364, 33.176 ], [ 78.37, 33.164 ], [ 78.36, 33.153 ], [ 78.366, 33.141 ], [ 78.356, 33.131 ], [ 78.34, 33.132 ], [ 78.33, 33.121 ], [ 78.336, 33.109 ], [ 78.327, 33.099 ], [ 78.333, 33.087 ], [ 78.349, 33.085 ], [ 78.355, 33.073 ], [ 78.345, 33.063 ], [ 78.351, 33.051 ], [ 78.341, 33.04 ], [ 78.347, 33.028 ], [ 78.363, 33.026 ], [ 78.369, 33.014 ], [ 78.359, 33.004 ], [ 78.365, 32.992 ], [ 78.381, 32.99 ], [ 78.387, 32.978 ], [ 78.377, 32.967 ], [ 78.383, 32.955 ], [ 78.374, 32.945 ], [ 78.38, 32.933 ], [ 78.37, 32.922 ], [ 78.376, 32.91 ], [ 78.392, 32.909 ], [ 78.398, 32.897 ], [ 78.414, 32.895 ], [ 78.42, 32.883 ], [ 78.436, 32.881 ], [ 78.442, 32.869 ], [ 78.457, 32.868 ], [ 78.464, 32.856 ], [ 78.479, 32.854 ], [ 78.489, 32.865 ], [ 78.483, 32.877 ], [ 78.493, 32.887 ], [ 78.509, 32.886 ], [ 78.519, 32.896 ], [ 78.513, 32.908 ], [ 78.523, 32.919 ], [ 78.517, 32.931 ], [ 78.526, 32.941 ], [ 78.52, 32.954 ], [ 78.53, 32.964 ], [ 78.524, 32.976 ], [ 78.534, 32.987 ], [ 78.528, 32.999 ], [ 78.538, 33.009 ], [ 78.532, 33.021 ], [ 78.542, 33.032 ], [ 78.536, 33.044 ], [ 78.546, 33.055 ], [ 78.54, 33.067 ], [ 78.549, 33.077 ], [ 78.543, 33.089 ], [ 78.553, 33.1 ], [ 78.547, 33.112 ], [ 78.531, 33.113 ], [ 78.525, 33.126 ], [ 78.535, 33.136 ], [ 78.529, 33.148 ], [ 78.539, 33.159 ], [ 78.533, 33.171 ], [ 78.543, 33.181 ], [ 78.537, 33.193 ], [ 78.547, 33.204 ], [ 78.541, 33.216 ], [ 78.525, 33.218 ], [ 78.519, 33.23 ], [ 78.529, 33.24 ], [ 78.523, 33.252 ], [ 78.533, 33.263 ], [ 78.548, 33.261 ], [ 78.555, 33.249 ], [ 78.57, 33.248 ], [ 78.577, 33.236 ], [ 78.592, 33.234 ], [ 78.598, 33.222 ], [ 78.614, 33.22 ], [ 78.624, 33.231 ], [ 78.64, 33.229 ], [ 78.646, 33.217 ], [ 78.662, 33.216 ], [ 78.668, 33.204 ], [ 78.684, 33.202 ], [ 78.694, 33.212 ], [ 78.71, 33.211 ], [ 78.716, 33.199 ], [ 78.732, 33.197 ], [ 78.738, 33.185 ], [ 78.754, 33.183 ], [ 78.76, 33.171 ], [ 78.776, 33.17 ], [ 78.786, 33.18 ], [ 78.802, 33.179 ], [ 78.812, 33.189 ], [ 78.827, 33.188 ], [ 78.837, 33.198 ], [ 78.853, 33.197 ], [ 78.863, 33.207 ], [ 78.857, 33.219 ], [ 78.867, 33.23 ], [ 78.861, 33.242 ], [ 78.871, 33.252 ], [ 78.865, 33.264 ], [ 78.849, 33.266 ], [ 78.843, 33.278 ], [ 78.853, 33.289 ], [ 78.847, 33.301 ], [ 78.831, 33.302 ], [ 78.825, 33.315 ], [ 78.835, 33.325 ], [ 78.829, 33.337 ], [ 78.813, 33.339 ], [ 78.807, 33.351 ], [ 78.791, 33.352 ], [ 78.785, 33.365 ], [ 78.769, 33.366 ], [ 78.763, 33.378 ], [ 78.773, 33.389 ], [ 78.767, 33.401 ], [ 78.751, 33.403 ], [ 78.745, 33.415 ], [ 78.729, 33.416 ], [ 78.723, 33.428 ], [ 78.707, 33.43 ], [ 78.701, 33.442 ], [ 78.711, 33.453 ], [ 78.705, 33.465 ], [ 78.689, 33.466 ], [ 78.683, 33.479 ], [ 78.667, 33.48 ], [ 78.661, 33.492 ], [ 78.645, 33.494 ], [ 78.635, 33.483 ], [ 78.619, 33.485 ], [ 78.613, 33.497 ], [ 78.597, 33.499 ], [ 78.591, 33.511 ], [ 78.601, 33.521 ], [ 78.617, 33.52 ], [ 78.627, 33.53 ], [ 78.621, 33.543 ], [ 78.605, 33.544 ], [ 78.599, 33.556 ], [ 78.609, 33.567 ], [ 78.603, 33.579 ], [ 78.587, 33.581 ], [ 78.581, 33.593 ], [ 78.565, 33.594 ], [ 78.559, 33.606 ], [ 78.543, 33.608 ], [ 78.533, 33.597 ], [ 78.517, 33.599 ], [ 78.507, 33.588 ], [ 78.491, 33.59 ], [ 78.481, 33.579 ], [ 78.465, 33.581 ], [ 78.459, 33.593 ], [ 78.468, 33.604 ], [ 78.462, 33.616 ], [ 78.472, 33.626 ], [ 78.466, 33.639 ], [ 78.476, 33.649 ], [ 78.47, 33.661 ], [ 78.454, 33.663 ], [ 78.448, 33.675 ], [ 78.432, 33.677 ], [ 78.426, 33.689 ], [ 78.41, 33.69 ], [ 78.404, 33.702 ], [ 78.388, 33.704 ], [ 78.381, 33.716 ], [ 78.365, 33.718 ], [ 78.359, 33.73 ], [ 78.343, 33.731 ], [ 78.337, 33.744 ], [ 78.347, 33.754 ], [ 78.341, 33.766 ], [ 78.351, 33.777 ], [ 78.345, 33.789 ], [ 78.329, 33.791 ], [ 78.319, 33.78 ], [ 78.302, 33.782 ], [ 78.296, 33.794 ], [ 78.306, 33.804 ], [ 78.322, 33.803 ], [ 78.332, 33.813 ], [ 78.326, 33.826 ], [ 78.31, 33.827 ], [ 78.304, 33.839 ], [ 78.288, 33.841 ], [ 78.282, 33.853 ], [ 78.266, 33.855 ], [ 78.256, 33.844 ], [ 78.239, 33.846 ], [ 78.23, 33.835 ], [ 78.213, 33.836 ], [ 78.203, 33.826 ], [ 78.187, 33.827 ], [ 78.181, 33.84 ], [ 78.165, 33.841 ], [ 78.159, 33.853 ], [ 78.169, 33.864 ], [ 78.163, 33.876 ], [ 78.173, 33.887 ], [ 78.166, 33.899 ], [ 78.176, 33.909 ], [ 78.17, 33.922 ], [ 78.18, 33.932 ], [ 78.196, 33.931 ], [ 78.202, 33.919 ], [ 78.219, 33.917 ], [ 78.229, 33.928 ], [ 78.222, 33.94 ], [ 78.206, 33.941 ], [ 78.2, 33.954 ], [ 78.184, 33.955 ], [ 78.174, 33.944 ], [ 78.158, 33.946 ], [ 78.152, 33.958 ], [ 78.135, 33.96 ], [ 78.129, 33.972 ], [ 78.139, 33.982 ], [ 78.133, 33.995 ], [ 78.143, 34.005 ], [ 78.137, 34.017 ], [ 78.147, 34.028 ], [ 78.163, 34.027 ], [ 78.169, 34.014 ], [ 78.185, 34.013 ], [ 78.191, 34.001 ], [ 78.208, 33.999 ], [ 78.214, 33.987 ], [ 78.23, 33.985 ], [ 78.24, 33.996 ], [ 78.256, 33.994 ], [ 78.266, 34.005 ], [ 78.282, 34.004 ], [ 78.288, 33.991 ], [ 78.305, 33.99 ], [ 78.311, 33.978 ], [ 78.327, 33.976 ], [ 78.337, 33.987 ], [ 78.331, 33.999 ], [ 78.341, 34.009 ], [ 78.357, 34.008 ], [ 78.363, 33.996 ], [ 78.379, 33.994 ], [ 78.389, 34.005 ], [ 78.383, 34.017 ], [ 78.393, 34.028 ], [ 78.409, 34.026 ], [ 78.419, 34.037 ], [ 78.413, 34.049 ], [ 78.423, 34.059 ], [ 78.439, 34.058 ], [ 78.445, 34.046 ], [ 78.461, 34.044 ], [ 78.468, 34.032 ], [ 78.458, 34.021 ], [ 78.464, 34.009 ], [ 78.48, 34.007 ], [ 78.486, 33.995 ], [ 78.502, 33.994 ], [ 78.508, 33.981 ], [ 78.524, 33.98 ], [ 78.531, 33.968 ], [ 78.547, 33.966 ], [ 78.557, 33.977 ], [ 78.573, 33.975 ], [ 78.583, 33.986 ], [ 78.599, 33.984 ], [ 78.605, 33.972 ], [ 78.621, 33.97 ], [ 78.627, 33.958 ], [ 78.643, 33.957 ], [ 78.653, 33.967 ], [ 78.67, 33.966 ], [ 78.676, 33.953 ], [ 78.692, 33.952 ], [ 78.698, 33.94 ], [ 78.688, 33.929 ], [ 78.672, 33.931 ], [ 78.662, 33.92 ], [ 78.668, 33.908 ], [ 78.658, 33.897 ], [ 78.664, 33.885 ], [ 78.654, 33.874 ], [ 78.66, 33.862 ], [ 78.65, 33.852 ], [ 78.656, 33.84 ], [ 78.672, 33.838 ], [ 78.678, 33.826 ], [ 78.694, 33.824 ], [ 78.7, 33.812 ], [ 78.716, 33.81 ], [ 78.726, 33.821 ], [ 78.742, 33.819 ], [ 78.748, 33.807 ], [ 78.738, 33.797 ], [ 78.745, 33.784 ], [ 78.761, 33.783 ], [ 78.767, 33.771 ], [ 78.783, 33.769 ], [ 78.793, 33.78 ], [ 78.809, 33.778 ], [ 78.815, 33.766 ], [ 78.831, 33.764 ], [ 78.837, 33.752 ], [ 78.853, 33.75 ], [ 78.863, 33.761 ], [ 78.879, 33.759 ], [ 78.885, 33.747 ], [ 78.901, 33.746 ], [ 78.911, 33.756 ], [ 78.927, 33.754 ], [ 78.937, 33.765 ], [ 78.953, 33.763 ], [ 78.963, 33.774 ], [ 78.979, 33.772 ], [ 78.989, 33.783 ], [ 78.983, 33.795 ], [ 78.993, 33.805 ], [ 79.01, 33.804 ], [ 79.016, 33.792 ], [ 79.032, 33.79 ], [ 79.038, 33.778 ], [ 79.054, 33.776 ], [ 79.064, 33.787 ], [ 79.08, 33.785 ], [ 79.086, 33.773 ], [ 79.102, 33.771 ], [ 79.112, 33.782 ], [ 79.106, 33.794 ], [ 79.09, 33.796 ], [ 79.084, 33.808 ], [ 79.094, 33.818 ], [ 79.088, 33.83 ], [ 79.072, 33.832 ], [ 79.066, 33.844 ], [ 79.05, 33.846 ], [ 79.044, 33.858 ], [ 79.054, 33.869 ], [ 79.048, 33.881 ], [ 79.032, 33.883 ], [ 79.026, 33.895 ], [ 79.01, 33.896 ], [ 79.004, 33.909 ], [ 78.988, 33.91 ], [ 78.982, 33.922 ], [ 78.965, 33.924 ], [ 78.959, 33.936 ], [ 78.97, 33.947 ], [ 78.986, 33.945 ], [ 78.996, 33.956 ], [ 78.99, 33.968 ], [ 79.0, 33.978 ], [ 78.994, 33.991 ], [ 79.004, 34.001 ], [ 79.02, 34.0 ], [ 79.03, 34.01 ], [ 79.046, 34.008 ], [ 79.052, 33.996 ], [ 79.068, 33.995 ], [ 79.078, 34.005 ], [ 79.094, 34.004 ], [ 79.105, 34.014 ], [ 79.121, 34.012 ], [ 79.127, 34.0 ], [ 79.143, 33.999 ], [ 79.149, 33.986 ], [ 79.165, 33.985 ], [ 79.175, 33.995 ], [ 79.191, 33.993 ], [ 79.201, 34.004 ], [ 79.195, 34.016 ], [ 79.179, 34.018 ], [ 79.173, 34.03 ], [ 79.157, 34.032 ], [ 79.151, 34.044 ], [ 79.135, 34.046 ], [ 79.129, 34.058 ], [ 79.113, 34.06 ], [ 79.103, 34.049 ], [ 79.087, 34.051 ], [ 79.081, 34.063 ], [ 79.064, 34.065 ], [ 79.054, 34.054 ], [ 79.038, 34.056 ], [ 79.032, 34.068 ], [ 79.016, 34.07 ], [ 79.01, 34.082 ], [ 79.02, 34.092 ], [ 79.036, 34.091 ], [ 79.046, 34.101 ], [ 79.062, 34.1 ], [ 79.073, 34.11 ], [ 79.089, 34.108 ], [ 79.099, 34.119 ], [ 79.093, 34.131 ] ], [ [ 77.273, 34.282 ], [ 77.29, 34.281 ], [ 77.299, 34.291 ], [ 77.316, 34.29 ], [ 77.322, 34.278 ], [ 77.338, 34.276 ], [ 77.345, 34.264 ], [ 77.361, 34.263 ], [ 77.367, 34.251 ], [ 77.384, 34.249 ], [ 77.39, 34.237 ], [ 77.38, 34.226 ], [ 77.387, 34.214 ], [ 77.403, 34.213 ], [ 77.409, 34.2 ], [ 77.426, 34.199 ], [ 77.432, 34.187 ], [ 77.448, 34.185 ], [ 77.454, 34.173 ], [ 77.471, 34.172 ], [ 77.477, 34.16 ], [ 77.493, 34.158 ], [ 77.5, 34.146 ], [ 77.516, 34.145 ], [ 77.526, 34.155 ], [ 77.542, 34.154 ], [ 77.548, 34.142 ], [ 77.565, 34.14 ], [ 77.575, 34.151 ], [ 77.591, 34.149 ], [ 77.597, 34.137 ], [ 77.613, 34.136 ], [ 77.62, 34.124 ], [ 77.636, 34.122 ], [ 77.642, 34.11 ], [ 77.658, 34.108 ], [ 77.665, 34.096 ], [ 77.681, 34.095 ], [ 77.687, 34.083 ], [ 77.703, 34.081 ], [ 77.71, 34.069 ], [ 77.7, 34.058 ], [ 77.706, 34.046 ], [ 77.722, 34.045 ], [ 77.729, 34.032 ], [ 77.745, 34.031 ], [ 77.751, 34.019 ], [ 77.767, 34.017 ], [ 77.773, 34.005 ], [ 77.764, 33.995 ], [ 77.77, 33.982 ], [ 77.76, 33.972 ], [ 77.744, 33.973 ], [ 77.734, 33.963 ], [ 77.74, 33.95 ], [ 77.756, 33.949 ], [ 77.766, 33.96 ], [ 77.782, 33.958 ], [ 77.789, 33.946 ], [ 77.779, 33.935 ], [ 77.785, 33.923 ], [ 77.801, 33.922 ], [ 77.807, 33.909 ], [ 77.798, 33.899 ], [ 77.804, 33.887 ], [ 77.82, 33.885 ], [ 77.826, 33.873 ], [ 77.842, 33.871 ], [ 77.849, 33.859 ], [ 77.839, 33.849 ], [ 77.845, 33.837 ], [ 77.861, 33.835 ], [ 77.867, 33.823 ], [ 77.857, 33.812 ], [ 77.864, 33.8 ], [ 77.88, 33.799 ], [ 77.886, 33.786 ], [ 77.876, 33.776 ], [ 77.882, 33.764 ], [ 77.872, 33.753 ], [ 77.856, 33.755 ], [ 77.85, 33.767 ], [ 77.834, 33.768 ], [ 77.828, 33.78 ], [ 77.838, 33.791 ], [ 77.831, 33.803 ], [ 77.815, 33.805 ], [ 77.809, 33.817 ], [ 77.819, 33.827 ], [ 77.813, 33.84 ], [ 77.797, 33.841 ], [ 77.787, 33.83 ], [ 77.77, 33.832 ], [ 77.764, 33.844 ], [ 77.748, 33.845 ], [ 77.742, 33.858 ], [ 77.726, 33.859 ], [ 77.719, 33.871 ], [ 77.703, 33.873 ], [ 77.697, 33.885 ], [ 77.707, 33.896 ], [ 77.701, 33.908 ], [ 77.684, 33.909 ], [ 77.678, 33.921 ], [ 77.688, 33.932 ], [ 77.682, 33.944 ], [ 77.692, 33.955 ], [ 77.685, 33.967 ], [ 77.669, 33.968 ], [ 77.663, 33.981 ], [ 77.647, 33.982 ], [ 77.64, 33.994 ], [ 77.624, 33.996 ], [ 77.618, 34.008 ], [ 77.602, 34.009 ], [ 77.592, 33.999 ], [ 77.576, 34.0 ], [ 77.569, 34.012 ], [ 77.553, 34.014 ], [ 77.543, 34.003 ], [ 77.527, 34.004 ], [ 77.521, 34.017 ], [ 77.531, 34.027 ], [ 77.524, 34.039 ], [ 77.508, 34.041 ], [ 77.502, 34.053 ], [ 77.512, 34.064 ], [ 77.505, 34.076 ], [ 77.515, 34.087 ], [ 77.509, 34.099 ], [ 77.493, 34.1 ], [ 77.486, 34.112 ], [ 77.47, 34.114 ], [ 77.464, 34.126 ], [ 77.447, 34.128 ], [ 77.441, 34.14 ], [ 77.425, 34.141 ], [ 77.418, 34.153 ], [ 77.402, 34.155 ], [ 77.396, 34.167 ], [ 77.38, 34.168 ], [ 77.37, 34.158 ], [ 77.353, 34.159 ], [ 77.344, 34.148 ], [ 77.327, 34.15 ], [ 77.321, 34.162 ], [ 77.305, 34.163 ], [ 77.298, 34.176 ], [ 77.282, 34.177 ], [ 77.272, 34.166 ], [ 77.256, 34.168 ], [ 77.25, 34.18 ], [ 77.233, 34.181 ], [ 77.227, 34.193 ], [ 77.211, 34.195 ], [ 77.204, 34.207 ], [ 77.188, 34.208 ], [ 77.178, 34.198 ], [ 77.162, 34.199 ], [ 77.155, 34.211 ], [ 77.165, 34.222 ], [ 77.159, 34.234 ], [ 77.143, 34.236 ], [ 77.136, 34.248 ], [ 77.146, 34.259 ], [ 77.162, 34.257 ], [ 77.169, 34.245 ], [ 77.185, 34.244 ], [ 77.195, 34.254 ], [ 77.211, 34.253 ], [ 77.221, 34.264 ], [ 77.237, 34.262 ], [ 77.244, 34.25 ], [ 77.26, 34.249 ], [ 77.27, 34.259 ], [ 77.263, 34.271 ], [ 77.273, 34.282 ] ] ] ] } },
{ "type": "Feature", "properties": { "POLYGON.ID": 487.0, "subregion": "India--Ladakh--Leh--Gilgit Himalaya", "POLYGON": "India--Ladakh--Leh--Gilgit Himalaya", "SHOW": "1", "FILTER": "India--Ladakh--Leh--Gilgit Himalaya", "FILTER.ID": null, "OLD.POLYGON": null, "STATE": "Ladakh", "COUNTY": "Leh", "OWNER": "Padma Gyalpo" }, "geometry": { "type": "MultiPolygon", "coordinates": [ [ [ [ 76.595, 34.387 ], [ 76.611, 34.385 ], [ 76.618, 34.373 ], [ 76.634, 34.372 ], [ 76.641, 34.359 ], [ 76.657, 34.358 ], [ 76.663, 34.346 ], [ 76.68, 34.345 ], [ 76.686, 34.332 ], [ 76.703, 34.331 ], [ 76.712, 34.342 ], [ 76.729, 34.341 ], [ 76.739, 34.351 ], [ 76.755, 34.35 ], [ 76.765, 34.361 ], [ 76.781, 34.359 ], [ 76.791, 34.37 ], [ 76.784, 34.382 ], [ 76.794, 34.393 ], [ 76.81, 34.392 ], [ 76.82, 34.403 ], [ 76.837, 34.401 ], [ 76.846, 34.412 ], [ 76.863, 34.411 ], [ 76.873, 34.421 ], [ 76.866, 34.433 ], [ 76.876, 34.444 ], [ 76.892, 34.443 ], [ 76.902, 34.454 ], [ 76.896, 34.466 ], [ 76.906, 34.477 ], [ 76.899, 34.489 ], [ 76.909, 34.5 ], [ 76.902, 34.512 ], [ 76.912, 34.523 ], [ 76.906, 34.535 ], [ 76.916, 34.545 ], [ 76.909, 34.558 ], [ 76.919, 34.568 ], [ 76.935, 34.567 ], [ 76.945, 34.578 ], [ 76.939, 34.59 ], [ 76.949, 34.601 ], [ 76.942, 34.613 ], [ 76.926, 34.614 ], [ 76.919, 34.627 ], [ 76.929, 34.637 ], [ 76.923, 34.65 ], [ 76.933, 34.66 ], [ 76.926, 34.673 ], [ 76.936, 34.683 ], [ 76.952, 34.682 ], [ 76.962, 34.693 ], [ 76.979, 34.691 ], [ 76.989, 34.702 ], [ 77.005, 34.701 ], [ 77.015, 34.711 ], [ 77.031, 34.71 ], [ 77.041, 34.721 ], [ 77.058, 34.719 ], [ 77.068, 34.73 ], [ 77.084, 34.729 ], [ 77.094, 34.74 ], [ 77.11, 34.738 ], [ 77.12, 34.749 ], [ 77.114, 34.761 ], [ 77.097, 34.763 ], [ 77.091, 34.775 ], [ 77.074, 34.776 ], [ 77.068, 34.788 ], [ 77.051, 34.79 ], [ 77.042, 34.779 ], [ 77.025, 34.78 ], [ 77.019, 34.793 ], [ 77.002, 34.794 ], [ 76.992, 34.783 ], [ 76.976, 34.785 ], [ 76.969, 34.797 ], [ 76.953, 34.798 ], [ 76.946, 34.81 ], [ 76.93, 34.812 ], [ 76.92, 34.801 ], [ 76.904, 34.802 ], [ 76.897, 34.815 ], [ 76.881, 34.816 ], [ 76.874, 34.828 ], [ 76.858, 34.83 ], [ 76.848, 34.819 ], [ 76.831, 34.82 ], [ 76.825, 34.832 ], [ 76.808, 34.834 ], [ 76.802, 34.846 ], [ 76.812, 34.857 ], [ 76.805, 34.869 ], [ 76.789, 34.87 ], [ 76.782, 34.883 ], [ 76.792, 34.893 ], [ 76.785, 34.906 ], [ 76.769, 34.907 ], [ 76.762, 34.919 ], [ 76.746, 34.921 ], [ 76.736, 34.91 ], [ 76.72, 34.911 ], [ 76.71, 34.9 ], [ 76.693, 34.902 ], [ 76.687, 34.914 ], [ 76.67, 34.915 ], [ 76.66, 34.905 ], [ 76.644, 34.906 ], [ 76.637, 34.918 ], [ 76.621, 34.919 ], [ 76.614, 34.932 ], [ 76.598, 34.933 ], [ 76.591, 34.945 ], [ 76.574, 34.947 ], [ 76.568, 34.959 ], [ 76.551, 34.96 ], [ 76.545, 34.972 ], [ 76.555, 34.983 ], [ 76.548, 34.995 ], [ 76.558, 35.006 ], [ 76.551, 35.018 ], [ 76.561, 35.029 ], [ 76.555, 35.042 ], [ 76.564, 35.052 ], [ 76.558, 35.065 ], [ 76.541, 35.066 ], [ 76.535, 35.078 ], [ 76.518, 35.08 ], [ 76.511, 35.092 ], [ 76.521, 35.103 ], [ 76.515, 35.115 ], [ 76.525, 35.126 ], [ 76.541, 35.124 ], [ 76.551, 35.135 ], [ 76.568, 35.134 ], [ 76.578, 35.145 ], [ 76.594, 35.143 ], [ 76.601, 35.131 ], [ 76.617, 35.13 ], [ 76.627, 35.141 ], [ 76.644, 35.139 ], [ 76.654, 35.15 ], [ 76.67, 35.149 ], [ 76.68, 35.159 ], [ 76.673, 35.172 ], [ 76.683, 35.183 ], [ 76.677, 35.195 ], [ 76.687, 35.206 ], [ 76.68, 35.218 ], [ 76.69, 35.229 ], [ 76.707, 35.227 ], [ 76.717, 35.238 ], [ 76.733, 35.237 ], [ 76.743, 35.248 ], [ 76.736, 35.26 ], [ 76.72, 35.261 ], [ 76.713, 35.273 ], [ 76.723, 35.284 ], [ 76.717, 35.297 ], [ 76.727, 35.307 ], [ 76.743, 35.306 ], [ 76.753, 35.317 ], [ 76.746, 35.329 ], [ 76.73, 35.331 ], [ 76.723, 35.343 ], [ 76.707, 35.344 ], [ 76.7, 35.356 ], [ 76.683, 35.358 ], [ 76.677, 35.37 ], [ 76.687, 35.381 ], [ 76.68, 35.393 ], [ 76.664, 35.395 ], [ 76.657, 35.407 ], [ 76.64, 35.408 ], [ 76.63, 35.397 ], [ 76.637, 35.385 ], [ 76.627, 35.374 ], [ 76.634, 35.362 ], [ 76.65, 35.361 ], [ 76.657, 35.348 ], [ 76.647, 35.337 ], [ 76.63, 35.339 ], [ 76.624, 35.351 ], [ 76.607, 35.352 ], [ 76.6, 35.365 ], [ 76.584, 35.366 ], [ 76.574, 35.355 ], [ 76.557, 35.357 ], [ 76.551, 35.369 ], [ 76.534, 35.37 ], [ 76.527, 35.382 ], [ 76.511, 35.384 ], [ 76.501, 35.373 ], [ 76.484, 35.374 ], [ 76.478, 35.386 ], [ 76.461, 35.388 ], [ 76.454, 35.4 ], [ 76.438, 35.401 ], [ 76.431, 35.414 ], [ 76.441, 35.425 ], [ 76.434, 35.437 ], [ 76.444, 35.448 ], [ 76.437, 35.46 ], [ 76.447, 35.471 ], [ 76.464, 35.469 ], [ 76.474, 35.48 ], [ 76.467, 35.493 ], [ 76.477, 35.503 ], [ 76.471, 35.516 ], [ 76.454, 35.517 ], [ 76.447, 35.529 ], [ 76.457, 35.54 ], [ 76.45, 35.552 ], [ 76.434, 35.554 ], [ 76.424, 35.543 ], [ 76.407, 35.544 ], [ 76.397, 35.533 ], [ 76.381, 35.535 ], [ 76.371, 35.524 ], [ 76.377, 35.512 ], [ 76.367, 35.501 ], [ 76.374, 35.488 ], [ 76.391, 35.487 ], [ 76.398, 35.475 ], [ 76.388, 35.464 ], [ 76.371, 35.465 ], [ 76.361, 35.454 ], [ 76.368, 35.442 ], [ 76.358, 35.431 ], [ 76.365, 35.419 ], [ 76.355, 35.408 ], [ 76.338, 35.409 ], [ 76.328, 35.399 ], [ 76.311, 35.4 ], [ 76.302, 35.389 ], [ 76.308, 35.377 ], [ 76.298, 35.366 ], [ 76.282, 35.367 ], [ 76.272, 35.356 ], [ 76.255, 35.358 ], [ 76.245, 35.347 ], [ 76.229, 35.348 ], [ 76.219, 35.337 ], [ 76.202, 35.339 ], [ 76.195, 35.351 ], [ 76.179, 35.352 ], [ 76.169, 35.341 ], [ 76.152, 35.342 ], [ 76.146, 35.355 ], [ 76.129, 35.356 ], [ 76.119, 35.345 ], [ 76.102, 35.346 ], [ 76.093, 35.335 ], [ 76.076, 35.337 ], [ 76.069, 35.349 ], [ 76.053, 35.35 ], [ 76.046, 35.363 ], [ 76.029, 35.364 ], [ 76.019, 35.353 ], [ 76.003, 35.354 ], [ 75.996, 35.366 ], [ 75.979, 35.368 ], [ 75.973, 35.38 ], [ 75.956, 35.381 ], [ 75.949, 35.393 ], [ 75.959, 35.404 ], [ 75.952, 35.417 ], [ 75.962, 35.427 ], [ 75.955, 35.44 ], [ 75.939, 35.441 ], [ 75.932, 35.453 ], [ 75.915, 35.454 ], [ 75.908, 35.467 ], [ 75.918, 35.478 ], [ 75.935, 35.476 ], [ 75.945, 35.487 ], [ 75.938, 35.5 ], [ 75.921, 35.501 ], [ 75.915, 35.513 ], [ 75.898, 35.514 ], [ 75.891, 35.527 ], [ 75.874, 35.528 ], [ 75.868, 35.54 ], [ 75.851, 35.541 ], [ 75.844, 35.554 ], [ 75.827, 35.555 ], [ 75.821, 35.567 ], [ 75.804, 35.568 ], [ 75.794, 35.557 ], [ 75.777, 35.559 ], [ 75.77, 35.571 ], [ 75.754, 35.572 ], [ 75.744, 35.561 ], [ 75.727, 35.562 ], [ 75.72, 35.575 ], [ 75.704, 35.576 ], [ 75.697, 35.588 ], [ 75.68, 35.589 ], [ 75.67, 35.578 ], [ 75.654, 35.58 ], [ 75.647, 35.592 ], [ 75.657, 35.603 ], [ 75.65, 35.615 ], [ 75.633, 35.616 ], [ 75.626, 35.628 ], [ 75.609, 35.63 ], [ 75.602, 35.642 ], [ 75.612, 35.653 ], [ 75.629, 35.652 ], [ 75.639, 35.663 ], [ 75.656, 35.661 ], [ 75.665, 35.672 ], [ 75.659, 35.685 ], [ 75.668, 35.696 ], [ 75.685, 35.694 ], [ 75.692, 35.682 ], [ 75.709, 35.681 ], [ 75.716, 35.669 ], [ 75.732, 35.667 ], [ 75.739, 35.655 ], [ 75.756, 35.654 ], [ 75.763, 35.642 ], [ 75.779, 35.64 ], [ 75.789, 35.651 ], [ 75.806, 35.65 ], [ 75.813, 35.638 ], [ 75.83, 35.637 ], [ 75.836, 35.624 ], [ 75.853, 35.623 ], [ 75.86, 35.611 ], [ 75.877, 35.61 ], [ 75.887, 35.62 ], [ 75.903, 35.619 ], [ 75.913, 35.63 ], [ 75.93, 35.629 ], [ 75.94, 35.64 ], [ 75.956, 35.639 ], [ 75.966, 35.649 ], [ 75.983, 35.648 ], [ 75.993, 35.659 ], [ 76.01, 35.658 ], [ 76.016, 35.646 ], [ 76.033, 35.644 ], [ 76.043, 35.655 ], [ 76.06, 35.654 ], [ 76.067, 35.642 ], [ 76.083, 35.64 ], [ 76.093, 35.651 ], [ 76.11, 35.65 ], [ 76.12, 35.661 ], [ 76.136, 35.66 ], [ 76.146, 35.671 ], [ 76.14, 35.683 ], [ 76.123, 35.684 ], [ 76.113, 35.673 ], [ 76.096, 35.674 ], [ 76.086, 35.664 ], [ 76.07, 35.665 ], [ 76.063, 35.677 ], [ 76.046, 35.678 ], [ 76.036, 35.667 ], [ 76.02, 35.669 ], [ 76.013, 35.681 ], [ 75.996, 35.682 ], [ 75.989, 35.695 ], [ 75.999, 35.705 ], [ 75.992, 35.718 ], [ 76.002, 35.729 ], [ 75.995, 35.741 ], [ 76.005, 35.752 ], [ 75.999, 35.764 ], [ 75.982, 35.765 ], [ 75.975, 35.778 ], [ 75.985, 35.789 ], [ 75.978, 35.801 ], [ 75.988, 35.812 ], [ 75.981, 35.824 ], [ 75.964, 35.825 ], [ 75.955, 35.814 ], [ 75.938, 35.816 ], [ 75.928, 35.805 ], [ 75.935, 35.792 ], [ 75.925, 35.782 ], [ 75.932, 35.769 ], [ 75.948, 35.768 ], [ 75.955, 35.756 ], [ 75.945, 35.745 ], [ 75.952, 35.733 ], [ 75.942, 35.722 ], [ 75.925, 35.723 ], [ 75.919, 35.735 ], [ 75.929, 35.746 ], [ 75.922, 35.758 ], [ 75.905, 35.76 ], [ 75.898, 35.772 ], [ 75.881, 35.773 ], [ 75.875, 35.785 ], [ 75.858, 35.787 ], [ 75.848, 35.776 ], [ 75.855, 35.763 ], [ 75.845, 35.753 ], [ 75.852, 35.74 ], [ 75.868, 35.739 ], [ 75.875, 35.727 ], [ 75.865, 35.716 ], [ 75.872, 35.704 ], [ 75.862, 35.693 ], [ 75.846, 35.694 ], [ 75.839, 35.706 ], [ 75.822, 35.707 ], [ 75.815, 35.72 ], [ 75.798, 35.721 ], [ 75.792, 35.733 ], [ 75.775, 35.734 ], [ 75.765, 35.723 ], [ 75.748, 35.725 ], [ 75.741, 35.737 ], [ 75.725, 35.738 ], [ 75.718, 35.75 ], [ 75.701, 35.752 ], [ 75.694, 35.764 ], [ 75.677, 35.765 ], [ 75.671, 35.777 ], [ 75.654, 35.779 ], [ 75.647, 35.791 ], [ 75.63, 35.792 ], [ 75.623, 35.804 ], [ 75.606, 35.806 ], [ 75.6, 35.818 ], [ 75.583, 35.819 ], [ 75.573, 35.808 ], [ 75.58, 35.796 ], [ 75.57, 35.785 ], [ 75.577, 35.773 ], [ 75.567, 35.762 ], [ 75.55, 35.763 ], [ 75.54, 35.752 ], [ 75.524, 35.753 ], [ 75.517, 35.765 ], [ 75.5, 35.767 ], [ 75.49, 35.756 ], [ 75.473, 35.757 ], [ 75.464, 35.746 ], [ 75.447, 35.747 ], [ 75.44, 35.759 ], [ 75.45, 35.77 ], [ 75.467, 35.769 ], [ 75.476, 35.78 ], [ 75.469, 35.792 ], [ 75.479, 35.803 ], [ 75.472, 35.816 ], [ 75.482, 35.827 ], [ 75.475, 35.839 ], [ 75.458, 35.84 ], [ 75.452, 35.852 ], [ 75.461, 35.863 ], [ 75.454, 35.875 ], [ 75.464, 35.886 ], [ 75.481, 35.885 ], [ 75.491, 35.896 ], [ 75.484, 35.908 ], [ 75.467, 35.91 ], [ 75.46, 35.922 ], [ 75.47, 35.933 ], [ 75.463, 35.945 ], [ 75.473, 35.956 ], [ 75.466, 35.968 ], [ 75.449, 35.97 ], [ 75.439, 35.959 ], [ 75.423, 35.96 ], [ 75.413, 35.949 ], [ 75.42, 35.937 ], [ 75.41, 35.926 ], [ 75.393, 35.927 ], [ 75.383, 35.916 ], [ 75.366, 35.917 ], [ 75.357, 35.906 ], [ 75.34, 35.907 ], [ 75.33, 35.896 ], [ 75.313, 35.897 ], [ 75.306, 35.91 ], [ 75.289, 35.911 ], [ 75.28, 35.9 ], [ 75.263, 35.901 ], [ 75.253, 35.89 ], [ 75.26, 35.878 ], [ 75.25, 35.867 ], [ 75.257, 35.855 ], [ 75.247, 35.844 ], [ 75.254, 35.831 ], [ 75.244, 35.82 ], [ 75.251, 35.808 ], [ 75.268, 35.807 ], [ 75.278, 35.818 ], [ 75.295, 35.817 ], [ 75.305, 35.828 ], [ 75.321, 35.827 ], [ 75.331, 35.838 ], [ 75.348, 35.836 ], [ 75.358, 35.847 ], [ 75.375, 35.846 ], [ 75.382, 35.834 ], [ 75.372, 35.823 ], [ 75.355, 35.824 ], [ 75.345, 35.813 ], [ 75.352, 35.801 ], [ 75.342, 35.79 ], [ 75.349, 35.778 ], [ 75.339, 35.767 ], [ 75.346, 35.754 ], [ 75.363, 35.753 ], [ 75.37, 35.741 ], [ 75.36, 35.73 ], [ 75.367, 35.718 ], [ 75.357, 35.707 ], [ 75.364, 35.695 ], [ 75.354, 35.684 ], [ 75.361, 35.671 ], [ 75.378, 35.67 ], [ 75.385, 35.658 ], [ 75.375, 35.647 ], [ 75.359, 35.648 ], [ 75.352, 35.66 ], [ 75.335, 35.662 ], [ 75.328, 35.674 ], [ 75.311, 35.675 ], [ 75.304, 35.687 ], [ 75.287, 35.688 ], [ 75.281, 35.701 ], [ 75.264, 35.702 ], [ 75.254, 35.691 ], [ 75.237, 35.692 ], [ 75.227, 35.681 ], [ 75.234, 35.669 ], [ 75.225, 35.658 ], [ 75.232, 35.646 ], [ 75.222, 35.635 ], [ 75.205, 35.636 ], [ 75.195, 35.625 ], [ 75.179, 35.626 ], [ 75.172, 35.638 ], [ 75.155, 35.639 ], [ 75.148, 35.651 ], [ 75.158, 35.663 ], [ 75.151, 35.675 ], [ 75.16, 35.686 ], [ 75.177, 35.685 ], [ 75.187, 35.696 ], [ 75.204, 35.694 ], [ 75.214, 35.705 ], [ 75.207, 35.718 ], [ 75.216, 35.729 ], [ 75.209, 35.741 ], [ 75.193, 35.742 ], [ 75.183, 35.731 ], [ 75.166, 35.732 ], [ 75.156, 35.721 ], [ 75.163, 35.709 ], [ 75.153, 35.698 ], [ 75.137, 35.699 ], [ 75.127, 35.688 ], [ 75.11, 35.689 ], [ 75.103, 35.701 ], [ 75.086, 35.703 ], [ 75.079, 35.715 ], [ 75.089, 35.726 ], [ 75.082, 35.738 ], [ 75.092, 35.749 ], [ 75.109, 35.748 ], [ 75.119, 35.759 ], [ 75.112, 35.771 ], [ 75.121, 35.782 ], [ 75.114, 35.794 ], [ 75.098, 35.796 ], [ 75.091, 35.808 ], [ 75.074, 35.809 ], [ 75.064, 35.798 ], [ 75.047, 35.799 ], [ 75.04, 35.811 ], [ 75.023, 35.812 ], [ 75.014, 35.801 ], [ 74.997, 35.803 ], [ 74.987, 35.792 ], [ 74.994, 35.779 ], [ 75.011, 35.778 ], [ 75.018, 35.766 ], [ 75.008, 35.755 ], [ 75.015, 35.743 ], [ 75.005, 35.732 ], [ 75.012, 35.72 ], [ 75.003, 35.708 ], [ 74.986, 35.71 ], [ 74.976, 35.699 ], [ 74.959, 35.7 ], [ 74.952, 35.712 ], [ 74.962, 35.723 ], [ 74.955, 35.735 ], [ 74.938, 35.736 ], [ 74.931, 35.749 ], [ 74.915, 35.75 ], [ 74.907, 35.762 ], [ 74.891, 35.763 ], [ 74.881, 35.752 ], [ 74.864, 35.753 ], [ 74.857, 35.765 ], [ 74.84, 35.766 ], [ 74.833, 35.779 ], [ 74.817, 35.78 ], [ 74.809, 35.792 ], [ 74.819, 35.803 ], [ 74.812, 35.815 ], [ 74.795, 35.816 ], [ 74.788, 35.829 ], [ 74.798, 35.84 ], [ 74.791, 35.852 ], [ 74.801, 35.863 ], [ 74.794, 35.875 ], [ 74.803, 35.886 ], [ 74.82, 35.885 ], [ 74.827, 35.873 ], [ 74.844, 35.872 ], [ 74.854, 35.883 ], [ 74.847, 35.895 ], [ 74.83, 35.896 ], [ 74.823, 35.908 ], [ 74.833, 35.919 ], [ 74.849, 35.918 ], [ 74.859, 35.929 ], [ 74.852, 35.941 ], [ 74.862, 35.952 ], [ 74.855, 35.965 ], [ 74.838, 35.966 ], [ 74.831, 35.978 ], [ 74.814, 35.979 ], [ 74.807, 35.991 ], [ 74.79, 35.993 ], [ 74.78, 35.981 ], [ 74.764, 35.983 ], [ 74.754, 35.972 ], [ 74.737, 35.973 ], [ 74.727, 35.962 ], [ 74.734, 35.949 ], [ 74.725, 35.938 ], [ 74.708, 35.939 ], [ 74.698, 35.928 ], [ 74.681, 35.929 ], [ 74.671, 35.918 ], [ 74.655, 35.92 ], [ 74.648, 35.932 ], [ 74.631, 35.933 ], [ 74.621, 35.922 ], [ 74.604, 35.923 ], [ 74.597, 35.935 ], [ 74.607, 35.946 ], [ 74.6, 35.958 ], [ 74.609, 35.969 ], [ 74.626, 35.968 ], [ 74.636, 35.979 ], [ 74.629, 35.992 ], [ 74.639, 36.003 ], [ 74.631, 36.015 ], [ 74.615, 36.016 ], [ 74.607, 36.028 ], [ 74.591, 36.029 ], [ 74.583, 36.041 ], [ 74.567, 36.043 ], [ 74.559, 36.055 ], [ 74.543, 36.056 ], [ 74.535, 36.068 ], [ 74.519, 36.069 ], [ 74.509, 36.058 ], [ 74.492, 36.059 ], [ 74.482, 36.048 ], [ 74.465, 36.049 ], [ 74.456, 36.038 ], [ 74.439, 36.039 ], [ 74.429, 36.028 ], [ 74.412, 36.029 ], [ 74.405, 36.041 ], [ 74.388, 36.042 ], [ 74.381, 36.055 ], [ 74.364, 36.056 ], [ 74.357, 36.068 ], [ 74.367, 36.079 ], [ 74.359, 36.091 ], [ 74.369, 36.102 ], [ 74.386, 36.101 ], [ 74.396, 36.112 ], [ 74.389, 36.125 ], [ 74.398, 36.136 ], [ 74.415, 36.135 ], [ 74.425, 36.146 ], [ 74.418, 36.158 ], [ 74.401, 36.159 ], [ 74.394, 36.171 ], [ 74.403, 36.182 ], [ 74.42, 36.181 ], [ 74.43, 36.192 ], [ 74.447, 36.191 ], [ 74.454, 36.179 ], [ 74.471, 36.178 ], [ 74.481, 36.189 ], [ 74.498, 36.188 ], [ 74.507, 36.199 ], [ 74.524, 36.198 ], [ 74.531, 36.186 ], [ 74.548, 36.185 ], [ 74.558, 36.196 ], [ 74.575, 36.195 ], [ 74.582, 36.182 ], [ 74.599, 36.181 ], [ 74.609, 36.192 ], [ 74.626, 36.191 ], [ 74.636, 36.202 ], [ 74.652, 36.201 ], [ 74.662, 36.212 ], [ 74.655, 36.225 ], [ 74.665, 36.236 ], [ 74.682, 36.235 ], [ 74.689, 36.222 ], [ 74.706, 36.221 ], [ 74.716, 36.232 ], [ 74.733, 36.231 ], [ 74.74, 36.219 ], [ 74.73, 36.208 ], [ 74.737, 36.196 ], [ 74.754, 36.194 ], [ 74.761, 36.182 ], [ 74.778, 36.181 ], [ 74.788, 36.192 ], [ 74.805, 36.191 ], [ 74.814, 36.202 ], [ 74.807, 36.214 ], [ 74.817, 36.225 ], [ 74.834, 36.224 ], [ 74.844, 36.235 ], [ 74.861, 36.234 ], [ 74.87, 36.245 ], [ 74.887, 36.244 ], [ 74.897, 36.255 ], [ 74.89, 36.267 ], [ 74.9, 36.279 ], [ 74.917, 36.277 ], [ 74.927, 36.288 ], [ 74.944, 36.287 ], [ 74.953, 36.298 ], [ 74.946, 36.311 ], [ 74.956, 36.322 ], [ 74.949, 36.334 ], [ 74.959, 36.345 ], [ 74.952, 36.357 ], [ 74.935, 36.358 ], [ 74.928, 36.371 ], [ 74.938, 36.382 ], [ 74.931, 36.394 ], [ 74.94, 36.405 ], [ 74.933, 36.417 ], [ 74.943, 36.428 ], [ 74.96, 36.427 ], [ 74.967, 36.415 ], [ 74.984, 36.414 ], [ 74.994, 36.425 ], [ 75.011, 36.424 ], [ 75.021, 36.435 ], [ 75.038, 36.434 ], [ 75.048, 36.445 ], [ 75.065, 36.443 ], [ 75.074, 36.455 ], [ 75.067, 36.467 ], [ 75.077, 36.478 ], [ 75.094, 36.477 ], [ 75.101, 36.464 ], [ 75.118, 36.463 ], [ 75.125, 36.451 ], [ 75.142, 36.45 ], [ 75.152, 36.461 ], [ 75.169, 36.46 ], [ 75.179, 36.471 ], [ 75.196, 36.469 ], [ 75.203, 36.457 ], [ 75.22, 36.456 ], [ 75.227, 36.444 ], [ 75.217, 36.433 ], [ 75.224, 36.42 ], [ 75.241, 36.419 ], [ 75.248, 36.407 ], [ 75.265, 36.406 ], [ 75.275, 36.417 ], [ 75.292, 36.416 ], [ 75.299, 36.403 ], [ 75.316, 36.402 ], [ 75.326, 36.413 ], [ 75.343, 36.412 ], [ 75.353, 36.423 ], [ 75.346, 36.435 ], [ 75.329, 36.436 ], [ 75.322, 36.449 ], [ 75.332, 36.46 ], [ 75.325, 36.472 ], [ 75.308, 36.473 ], [ 75.301, 36.486 ], [ 75.311, 36.497 ], [ 75.304, 36.509 ], [ 75.287, 36.51 ], [ 75.28, 36.522 ], [ 75.263, 36.524 ], [ 75.253, 36.513 ], [ 75.236, 36.514 ], [ 75.229, 36.526 ], [ 75.212, 36.527 ], [ 75.205, 36.539 ], [ 75.188, 36.541 ], [ 75.178, 36.53 ], [ 75.161, 36.531 ], [ 75.154, 36.543 ], [ 75.137, 36.544 ], [ 75.127, 36.533 ], [ 75.11, 36.534 ], [ 75.103, 36.547 ], [ 75.113, 36.558 ], [ 75.106, 36.57 ], [ 75.089, 36.571 ], [ 75.079, 36.56 ], [ 75.062, 36.561 ], [ 75.055, 36.574 ], [ 75.038, 36.575 ], [ 75.03, 36.587 ], [ 75.013, 36.588 ], [ 75.004, 36.577 ], [ 75.011, 36.565 ], [ 75.001, 36.554 ], [ 74.984, 36.555 ], [ 74.974, 36.544 ], [ 74.981, 36.532 ], [ 74.971, 36.521 ], [ 74.954, 36.522 ], [ 74.944, 36.511 ], [ 74.927, 36.512 ], [ 74.92, 36.524 ], [ 74.903, 36.525 ], [ 74.896, 36.537 ], [ 74.879, 36.539 ], [ 74.872, 36.551 ], [ 74.882, 36.562 ], [ 74.875, 36.574 ], [ 74.885, 36.585 ], [ 74.877, 36.598 ], [ 74.887, 36.609 ], [ 74.904, 36.607 ], [ 74.914, 36.619 ], [ 74.907, 36.631 ], [ 74.917, 36.642 ], [ 74.91, 36.654 ], [ 74.92, 36.665 ], [ 74.913, 36.678 ], [ 74.896, 36.679 ], [ 74.888, 36.691 ], [ 74.898, 36.702 ], [ 74.891, 36.714 ], [ 74.901, 36.725 ], [ 74.894, 36.738 ], [ 74.904, 36.749 ], [ 74.897, 36.761 ], [ 74.907, 36.772 ], [ 74.924, 36.771 ], [ 74.931, 36.759 ], [ 74.948, 36.758 ], [ 74.958, 36.769 ], [ 74.975, 36.768 ], [ 74.985, 36.779 ], [ 74.978, 36.791 ], [ 74.987, 36.802 ], [ 75.005, 36.801 ], [ 75.014, 36.812 ], [ 75.007, 36.824 ], [ 75.017, 36.835 ], [ 75.034, 36.834 ], [ 75.044, 36.845 ], [ 75.061, 36.844 ], [ 75.068, 36.832 ], [ 75.058, 36.821 ], [ 75.066, 36.808 ], [ 75.083, 36.807 ], [ 75.093, 36.818 ], [ 75.11, 36.817 ], [ 75.12, 36.828 ], [ 75.137, 36.827 ], [ 75.144, 36.815 ], [ 75.161, 36.813 ], [ 75.171, 36.825 ], [ 75.188, 36.823 ], [ 75.195, 36.811 ], [ 75.212, 36.81 ], [ 75.219, 36.798 ], [ 75.236, 36.796 ], [ 75.246, 36.807 ], [ 75.263, 36.806 ], [ 75.27, 36.794 ], [ 75.287, 36.793 ], [ 75.294, 36.78 ], [ 75.311, 36.779 ], [ 75.321, 36.79 ], [ 75.338, 36.789 ], [ 75.345, 36.777 ], [ 75.362, 36.775 ], [ 75.372, 36.787 ], [ 75.389, 36.785 ], [ 75.399, 36.796 ], [ 75.416, 36.795 ], [ 75.426, 36.806 ], [ 75.443, 36.805 ], [ 75.453, 36.816 ], [ 75.471, 36.815 ], [ 75.478, 36.802 ], [ 75.495, 36.801 ], [ 75.505, 36.812 ], [ 75.498, 36.825 ], [ 75.481, 36.826 ], [ 75.473, 36.838 ], [ 75.483, 36.849 ], [ 75.476, 36.862 ], [ 75.459, 36.863 ], [ 75.452, 36.875 ], [ 75.462, 36.886 ], [ 75.455, 36.898 ], [ 75.438, 36.9 ], [ 75.431, 36.912 ], [ 75.441, 36.923 ], [ 75.434, 36.935 ], [ 75.444, 36.946 ], [ 75.437, 36.959 ], [ 75.447, 36.97 ], [ 75.44, 36.982 ], [ 75.423, 36.983 ], [ 75.413, 36.972 ], [ 75.396, 36.974 ], [ 75.389, 36.986 ], [ 75.372, 36.987 ], [ 75.365, 36.999 ], [ 75.375, 37.01 ], [ 75.368, 37.023 ], [ 75.378, 37.034 ], [ 75.37, 37.046 ], [ 75.353, 37.047 ], [ 75.346, 37.06 ], [ 75.329, 37.061 ], [ 75.322, 37.073 ], [ 75.305, 37.075 ], [ 75.295, 37.063 ], [ 75.278, 37.065 ], [ 75.268, 37.054 ], [ 75.251, 37.055 ], [ 75.244, 37.067 ], [ 75.227, 37.068 ], [ 75.217, 37.057 ], [ 75.199, 37.058 ], [ 75.189, 37.047 ], [ 75.197, 37.035 ], [ 75.187, 37.024 ], [ 75.169, 37.025 ], [ 75.162, 37.037 ], [ 75.145, 37.039 ], [ 75.135, 37.028 ], [ 75.118, 37.029 ], [ 75.108, 37.018 ], [ 75.091, 37.019 ], [ 75.081, 37.008 ], [ 75.064, 37.009 ], [ 75.057, 37.021 ], [ 75.04, 37.022 ], [ 75.03, 37.011 ], [ 75.013, 37.013 ], [ 75.003, 37.001 ], [ 74.986, 37.003 ], [ 74.978, 37.015 ], [ 74.961, 37.016 ], [ 74.951, 37.005 ], [ 74.934, 37.006 ], [ 74.927, 37.018 ], [ 74.91, 37.02 ], [ 74.903, 37.032 ], [ 74.886, 37.033 ], [ 74.878, 37.045 ], [ 74.861, 37.047 ], [ 74.851, 37.035 ], [ 74.834, 37.037 ], [ 74.824, 37.025 ], [ 74.807, 37.027 ], [ 74.8, 37.039 ], [ 74.783, 37.04 ], [ 74.773, 37.029 ], [ 74.756, 37.03 ], [ 74.749, 37.042 ], [ 74.731, 37.043 ], [ 74.724, 37.056 ], [ 74.734, 37.067 ], [ 74.727, 37.079 ], [ 74.71, 37.08 ], [ 74.703, 37.093 ], [ 74.685, 37.094 ], [ 74.676, 37.083 ], [ 74.658, 37.084 ], [ 74.648, 37.073 ], [ 74.631, 37.074 ], [ 74.621, 37.063 ], [ 74.604, 37.064 ], [ 74.594, 37.053 ], [ 74.577, 37.054 ], [ 74.567, 37.043 ], [ 74.55, 37.044 ], [ 74.54, 37.033 ], [ 74.523, 37.034 ], [ 74.516, 37.046 ], [ 74.499, 37.047 ], [ 74.489, 37.036 ], [ 74.472, 37.037 ], [ 74.462, 37.026 ], [ 74.445, 37.027 ], [ 74.435, 37.016 ], [ 74.418, 37.017 ], [ 74.408, 37.006 ], [ 74.391, 37.007 ], [ 74.381, 36.996 ], [ 74.364, 36.997 ], [ 74.354, 36.986 ], [ 74.337, 36.987 ], [ 74.327, 36.975 ], [ 74.31, 36.977 ], [ 74.3, 36.965 ], [ 74.283, 36.966 ], [ 74.273, 36.955 ], [ 74.256, 36.956 ], [ 74.246, 36.945 ], [ 74.229, 36.946 ], [ 74.219, 36.935 ], [ 74.202, 36.936 ], [ 74.192, 36.925 ], [ 74.175, 36.926 ], [ 74.168, 36.938 ], [ 74.151, 36.939 ], [ 74.141, 36.928 ], [ 74.124, 36.929 ], [ 74.114, 36.918 ], [ 74.097, 36.919 ], [ 74.087, 36.908 ], [ 74.07, 36.909 ], [ 74.06, 36.898 ], [ 74.043, 36.899 ], [ 74.033, 36.888 ], [ 74.016, 36.889 ], [ 74.009, 36.901 ], [ 73.992, 36.902 ], [ 73.982, 36.891 ], [ 73.965, 36.892 ], [ 73.958, 36.904 ], [ 73.94, 36.905 ], [ 73.933, 36.917 ], [ 73.916, 36.918 ], [ 73.909, 36.931 ], [ 73.891, 36.932 ], [ 73.882, 36.92 ], [ 73.865, 36.921 ], [ 73.857, 36.934 ], [ 73.84, 36.935 ], [ 73.83, 36.923 ], [ 73.813, 36.924 ], [ 73.806, 36.937 ], [ 73.789, 36.938 ], [ 73.779, 36.927 ], [ 73.762, 36.928 ], [ 73.754, 36.94 ], [ 73.737, 36.941 ], [ 73.728, 36.93 ], [ 73.71, 36.931 ], [ 73.703, 36.943 ], [ 73.686, 36.944 ], [ 73.676, 36.933 ], [ 73.659, 36.934 ], [ 73.649, 36.922 ], [ 73.657, 36.91 ], [ 73.647, 36.899 ], [ 73.63, 36.9 ], [ 73.62, 36.889 ], [ 73.628, 36.876 ], [ 73.618, 36.865 ], [ 73.601, 36.866 ], [ 73.591, 36.855 ], [ 73.598, 36.843 ], [ 73.589, 36.832 ], [ 73.572, 36.832 ], [ 73.562, 36.821 ], [ 73.545, 36.822 ], [ 73.535, 36.811 ], [ 73.518, 36.812 ], [ 73.508, 36.801 ], [ 73.491, 36.802 ], [ 73.482, 36.79 ], [ 73.465, 36.791 ], [ 73.455, 36.78 ], [ 73.438, 36.781 ], [ 73.428, 36.77 ], [ 73.411, 36.771 ], [ 73.401, 36.76 ], [ 73.384, 36.761 ], [ 73.377, 36.773 ], [ 73.36, 36.774 ], [ 73.35, 36.763 ], [ 73.333, 36.763 ], [ 73.323, 36.752 ], [ 73.306, 36.753 ], [ 73.297, 36.742 ], [ 73.28, 36.743 ], [ 73.272, 36.755 ], [ 73.255, 36.756 ], [ 73.245, 36.745 ], [ 73.228, 36.746 ], [ 73.221, 36.758 ], [ 73.204, 36.759 ], [ 73.194, 36.747 ], [ 73.177, 36.748 ], [ 73.167, 36.737 ], [ 73.15, 36.738 ], [ 73.143, 36.75 ], [ 73.126, 36.751 ], [ 73.116, 36.74 ], [ 73.099, 36.741 ], [ 73.089, 36.73 ], [ 73.072, 36.73 ], [ 73.063, 36.719 ], [ 73.046, 36.72 ], [ 73.036, 36.709 ], [ 73.044, 36.697 ], [ 73.034, 36.685 ], [ 73.042, 36.673 ], [ 73.032, 36.662 ], [ 73.039, 36.65 ], [ 73.03, 36.639 ], [ 73.037, 36.626 ], [ 73.028, 36.615 ], [ 73.011, 36.616 ], [ 73.001, 36.605 ], [ 73.009, 36.593 ], [ 72.999, 36.581 ], [ 73.007, 36.569 ], [ 72.997, 36.558 ], [ 72.98, 36.559 ], [ 72.971, 36.548 ], [ 72.978, 36.535 ], [ 72.969, 36.524 ], [ 72.951, 36.525 ], [ 72.942, 36.514 ], [ 72.925, 36.515 ], [ 72.915, 36.503 ], [ 72.898, 36.504 ], [ 72.889, 36.493 ], [ 72.896, 36.481 ], [ 72.887, 36.47 ], [ 72.87, 36.471 ], [ 72.86, 36.459 ], [ 72.843, 36.46 ], [ 72.834, 36.449 ], [ 72.841, 36.437 ], [ 72.832, 36.426 ], [ 72.815, 36.426 ], [ 72.805, 36.415 ], [ 72.813, 36.403 ], [ 72.803, 36.392 ], [ 72.786, 36.393 ], [ 72.777, 36.381 ], [ 72.784, 36.369 ], [ 72.775, 36.358 ], [ 72.758, 36.359 ], [ 72.748, 36.348 ], [ 72.731, 36.348 ], [ 72.722, 36.337 ], [ 72.705, 36.338 ], [ 72.695, 36.327 ], [ 72.678, 36.328 ], [ 72.669, 36.316 ], [ 72.652, 36.317 ], [ 72.643, 36.306 ], [ 72.626, 36.307 ], [ 72.616, 36.295 ], [ 72.599, 36.296 ], [ 72.59, 36.285 ], [ 72.573, 36.286 ], [ 72.563, 36.275 ], [ 72.546, 36.275 ], [ 72.537, 36.264 ], [ 72.544, 36.252 ], [ 72.535, 36.241 ], [ 72.543, 36.229 ], [ 72.533, 36.217 ], [ 72.516, 36.218 ], [ 72.507, 36.207 ], [ 72.514, 36.195 ], [ 72.505, 36.184 ], [ 72.513, 36.171 ], [ 72.503, 36.16 ], [ 72.511, 36.148 ], [ 72.501, 36.137 ], [ 72.509, 36.125 ], [ 72.499, 36.113 ], [ 72.507, 36.101 ], [ 72.498, 36.09 ], [ 72.505, 36.078 ], [ 72.496, 36.067 ], [ 72.503, 36.055 ], [ 72.494, 36.043 ], [ 72.501, 36.031 ], [ 72.492, 36.02 ], [ 72.5, 36.008 ], [ 72.49, 35.997 ], [ 72.498, 35.985 ], [ 72.488, 35.973 ], [ 72.496, 35.961 ], [ 72.487, 35.95 ], [ 72.494, 35.938 ], [ 72.485, 35.927 ], [ 72.492, 35.915 ], [ 72.509, 35.914 ], [ 72.517, 35.902 ], [ 72.507, 35.891 ], [ 72.515, 35.878 ], [ 72.532, 35.878 ], [ 72.539, 35.866 ], [ 72.556, 35.865 ], [ 72.564, 35.853 ], [ 72.581, 35.852 ], [ 72.588, 35.84 ], [ 72.605, 35.839 ], [ 72.612, 35.827 ], [ 72.629, 35.826 ], [ 72.637, 35.814 ], [ 72.654, 35.813 ], [ 72.661, 35.801 ], [ 72.678, 35.8 ], [ 72.687, 35.811 ], [ 72.704, 35.811 ], [ 72.712, 35.799 ], [ 72.728, 35.798 ], [ 72.738, 35.809 ], [ 72.755, 35.808 ], [ 72.764, 35.819 ], [ 72.781, 35.818 ], [ 72.788, 35.806 ], [ 72.805, 35.806 ], [ 72.815, 35.817 ], [ 72.832, 35.816 ], [ 72.841, 35.827 ], [ 72.858, 35.826 ], [ 72.865, 35.814 ], [ 72.882, 35.813 ], [ 72.892, 35.825 ], [ 72.908, 35.824 ], [ 72.916, 35.812 ], [ 72.933, 35.811 ], [ 72.94, 35.799 ], [ 72.957, 35.798 ], [ 72.966, 35.809 ], [ 72.983, 35.808 ], [ 72.991, 35.796 ], [ 73.007, 35.795 ], [ 73.015, 35.783 ], [ 73.032, 35.782 ], [ 73.041, 35.793 ], [ 73.058, 35.792 ], [ 73.065, 35.78 ], [ 73.082, 35.779 ], [ 73.09, 35.767 ], [ 73.106, 35.766 ], [ 73.114, 35.754 ], [ 73.104, 35.743 ], [ 73.112, 35.731 ], [ 73.102, 35.72 ], [ 73.11, 35.708 ], [ 73.127, 35.707 ], [ 73.134, 35.695 ], [ 73.151, 35.694 ], [ 73.158, 35.682 ], [ 73.175, 35.681 ], [ 73.182, 35.669 ], [ 73.199, 35.668 ], [ 73.206, 35.656 ], [ 73.223, 35.655 ], [ 73.231, 35.643 ], [ 73.221, 35.632 ], [ 73.229, 35.619 ], [ 73.245, 35.619 ], [ 73.253, 35.606 ], [ 73.269, 35.606 ], [ 73.277, 35.593 ], [ 73.294, 35.593 ], [ 73.301, 35.58 ], [ 73.318, 35.579 ], [ 73.325, 35.567 ], [ 73.342, 35.566 ], [ 73.349, 35.554 ], [ 73.366, 35.553 ], [ 73.375, 35.565 ], [ 73.392, 35.564 ], [ 73.399, 35.552 ], [ 73.416, 35.551 ], [ 73.424, 35.539 ], [ 73.44, 35.538 ], [ 73.45, 35.549 ], [ 73.467, 35.548 ], [ 73.474, 35.536 ], [ 73.491, 35.535 ], [ 73.5, 35.546 ], [ 73.517, 35.545 ], [ 73.524, 35.533 ], [ 73.541, 35.532 ], [ 73.55, 35.543 ], [ 73.567, 35.542 ], [ 73.574, 35.53 ], [ 73.591, 35.529 ], [ 73.601, 35.54 ], [ 73.617, 35.539 ], [ 73.625, 35.527 ], [ 73.641, 35.526 ], [ 73.649, 35.514 ], [ 73.665, 35.513 ], [ 73.675, 35.524 ], [ 73.692, 35.523 ], [ 73.699, 35.511 ], [ 73.689, 35.5 ], [ 73.697, 35.488 ], [ 73.687, 35.477 ], [ 73.694, 35.465 ], [ 73.685, 35.453 ], [ 73.692, 35.441 ], [ 73.683, 35.43 ], [ 73.69, 35.418 ], [ 73.68, 35.407 ], [ 73.688, 35.395 ], [ 73.678, 35.384 ], [ 73.685, 35.372 ], [ 73.676, 35.361 ], [ 73.683, 35.348 ], [ 73.674, 35.337 ], [ 73.681, 35.325 ], [ 73.671, 35.314 ], [ 73.679, 35.302 ], [ 73.669, 35.291 ], [ 73.676, 35.279 ], [ 73.693, 35.278 ], [ 73.7, 35.266 ], [ 73.691, 35.255 ], [ 73.698, 35.243 ], [ 73.689, 35.231 ], [ 73.696, 35.219 ], [ 73.713, 35.218 ], [ 73.72, 35.206 ], [ 73.736, 35.205 ], [ 73.746, 35.216 ], [ 73.763, 35.215 ], [ 73.772, 35.227 ], [ 73.789, 35.226 ], [ 73.796, 35.214 ], [ 73.813, 35.213 ], [ 73.82, 35.2 ], [ 73.836, 35.199 ], [ 73.846, 35.211 ], [ 73.863, 35.21 ], [ 73.87, 35.197 ], [ 73.886, 35.196 ], [ 73.894, 35.184 ], [ 73.91, 35.183 ], [ 73.917, 35.171 ], [ 73.934, 35.17 ], [ 73.941, 35.158 ], [ 73.958, 35.157 ], [ 73.967, 35.168 ], [ 73.984, 35.167 ], [ 73.991, 35.155 ], [ 74.008, 35.154 ], [ 74.015, 35.142 ], [ 74.032, 35.141 ], [ 74.039, 35.129 ], [ 74.055, 35.128 ], [ 74.063, 35.116 ], [ 74.079, 35.115 ], [ 74.086, 35.103 ], [ 74.103, 35.102 ], [ 74.112, 35.113 ], [ 74.129, 35.112 ], [ 74.136, 35.1 ], [ 74.153, 35.099 ], [ 74.16, 35.086 ], [ 74.177, 35.085 ], [ 74.186, 35.096 ], [ 74.203, 35.095 ], [ 74.21, 35.083 ], [ 74.226, 35.082 ], [ 74.234, 35.07 ], [ 74.25, 35.069 ], [ 74.257, 35.057 ], [ 74.248, 35.046 ], [ 74.255, 35.034 ], [ 74.271, 35.033 ], [ 74.281, 35.044 ], [ 74.298, 35.043 ], [ 74.307, 35.054 ], [ 74.324, 35.053 ], [ 74.333, 35.064 ], [ 74.35, 35.063 ], [ 74.357, 35.051 ], [ 74.374, 35.05 ], [ 74.383, 35.061 ], [ 74.4, 35.06 ], [ 74.409, 35.071 ], [ 74.426, 35.07 ], [ 74.435, 35.081 ], [ 74.428, 35.093 ], [ 74.438, 35.104 ], [ 74.455, 35.103 ], [ 74.462, 35.091 ], [ 74.478, 35.089 ], [ 74.488, 35.101 ], [ 74.504, 35.099 ], [ 74.512, 35.087 ], [ 74.502, 35.076 ], [ 74.509, 35.064 ], [ 74.526, 35.063 ], [ 74.533, 35.051 ], [ 74.549, 35.05 ], [ 74.556, 35.038 ], [ 74.547, 35.027 ], [ 74.554, 35.015 ], [ 74.57, 35.014 ], [ 74.577, 35.001 ], [ 74.568, 34.99 ], [ 74.575, 34.978 ], [ 74.565, 34.967 ], [ 74.572, 34.955 ], [ 74.563, 34.944 ], [ 74.57, 34.932 ], [ 74.586, 34.931 ], [ 74.593, 34.919 ], [ 74.584, 34.908 ], [ 74.591, 34.896 ], [ 74.607, 34.895 ], [ 74.614, 34.883 ], [ 74.631, 34.881 ], [ 74.64, 34.892 ], [ 74.657, 34.891 ], [ 74.664, 34.879 ], [ 74.68, 34.878 ], [ 74.687, 34.866 ], [ 74.704, 34.865 ], [ 74.711, 34.853 ], [ 74.728, 34.852 ], [ 74.734, 34.84 ], [ 74.751, 34.838 ], [ 74.758, 34.826 ], [ 74.775, 34.825 ], [ 74.781, 34.813 ], [ 74.798, 34.812 ], [ 74.808, 34.823 ], [ 74.824, 34.822 ], [ 74.831, 34.81 ], [ 74.848, 34.809 ], [ 74.855, 34.797 ], [ 74.871, 34.795 ], [ 74.881, 34.806 ], [ 74.897, 34.805 ], [ 74.904, 34.793 ], [ 74.921, 34.792 ], [ 74.928, 34.78 ], [ 74.944, 34.779 ], [ 74.954, 34.79 ], [ 74.97, 34.789 ], [ 74.98, 34.8 ], [ 74.996, 34.798 ], [ 75.006, 34.809 ], [ 75.023, 34.808 ], [ 75.032, 34.819 ], [ 75.049, 34.818 ], [ 75.058, 34.829 ], [ 75.051, 34.841 ], [ 75.061, 34.852 ], [ 75.078, 34.851 ], [ 75.087, 34.862 ], [ 75.08, 34.874 ], [ 75.09, 34.885 ], [ 75.106, 34.884 ], [ 75.113, 34.872 ], [ 75.13, 34.871 ], [ 75.137, 34.858 ], [ 75.153, 34.857 ], [ 75.16, 34.845 ], [ 75.151, 34.834 ], [ 75.157, 34.822 ], [ 75.174, 34.821 ], [ 75.181, 34.809 ], [ 75.197, 34.808 ], [ 75.204, 34.796 ], [ 75.221, 34.794 ], [ 75.228, 34.782 ], [ 75.218, 34.771 ], [ 75.225, 34.759 ], [ 75.241, 34.758 ], [ 75.248, 34.746 ], [ 75.265, 34.745 ], [ 75.272, 34.733 ], [ 75.262, 34.722 ], [ 75.269, 34.709 ], [ 75.259, 34.699 ], [ 75.243, 34.7 ], [ 75.233, 34.689 ], [ 75.24, 34.677 ], [ 75.23, 34.666 ], [ 75.237, 34.654 ], [ 75.227, 34.643 ], [ 75.211, 34.644 ], [ 75.204, 34.656 ], [ 75.188, 34.657 ], [ 75.178, 34.646 ], [ 75.185, 34.634 ], [ 75.201, 34.633 ], [ 75.208, 34.621 ], [ 75.225, 34.62 ], [ 75.234, 34.631 ], [ 75.251, 34.629 ], [ 75.258, 34.617 ], [ 75.248, 34.606 ], [ 75.255, 34.594 ], [ 75.271, 34.593 ], [ 75.278, 34.581 ], [ 75.295, 34.58 ], [ 75.301, 34.568 ], [ 75.318, 34.566 ], [ 75.325, 34.554 ], [ 75.341, 34.553 ], [ 75.348, 34.541 ], [ 75.364, 34.54 ], [ 75.371, 34.528 ], [ 75.362, 34.517 ], [ 75.345, 34.518 ], [ 75.335, 34.507 ], [ 75.342, 34.495 ], [ 75.333, 34.484 ], [ 75.339, 34.472 ], [ 75.33, 34.461 ], [ 75.337, 34.449 ], [ 75.327, 34.438 ], [ 75.334, 34.426 ], [ 75.35, 34.425 ], [ 75.357, 34.413 ], [ 75.374, 34.411 ], [ 75.38, 34.399 ], [ 75.371, 34.388 ], [ 75.377, 34.376 ], [ 75.368, 34.365 ], [ 75.375, 34.353 ], [ 75.391, 34.352 ], [ 75.401, 34.363 ], [ 75.417, 34.362 ], [ 75.427, 34.373 ], [ 75.443, 34.372 ], [ 75.453, 34.382 ], [ 75.469, 34.381 ], [ 75.479, 34.392 ], [ 75.472, 34.404 ], [ 75.482, 34.415 ], [ 75.498, 34.414 ], [ 75.508, 34.425 ], [ 75.501, 34.437 ], [ 75.51, 34.448 ], [ 75.504, 34.46 ], [ 75.513, 34.471 ], [ 75.53, 34.47 ], [ 75.539, 34.481 ], [ 75.556, 34.479 ], [ 75.566, 34.49 ], [ 75.582, 34.489 ], [ 75.592, 34.5 ], [ 75.608, 34.499 ], [ 75.618, 34.51 ], [ 75.634, 34.508 ], [ 75.641, 34.496 ], [ 75.657, 34.495 ], [ 75.667, 34.506 ], [ 75.683, 34.505 ], [ 75.69, 34.493 ], [ 75.707, 34.491 ], [ 75.716, 34.502 ], [ 75.733, 34.501 ], [ 75.742, 34.512 ], [ 75.759, 34.511 ], [ 75.765, 34.499 ], [ 75.782, 34.497 ], [ 75.792, 34.508 ], [ 75.808, 34.507 ], [ 75.818, 34.518 ], [ 75.834, 34.517 ], [ 75.844, 34.527 ], [ 75.86, 34.526 ], [ 75.87, 34.537 ], [ 75.886, 34.536 ], [ 75.896, 34.547 ], [ 75.889, 34.559 ], [ 75.899, 34.57 ], [ 75.916, 34.568 ], [ 75.925, 34.579 ], [ 75.942, 34.578 ], [ 75.951, 34.589 ], [ 75.968, 34.588 ], [ 75.978, 34.599 ], [ 75.971, 34.611 ], [ 75.981, 34.622 ], [ 75.997, 34.62 ], [ 76.007, 34.631 ], [ 76.0, 34.643 ], [ 76.01, 34.654 ], [ 76.026, 34.653 ], [ 76.036, 34.664 ], [ 76.029, 34.676 ], [ 76.039, 34.687 ], [ 76.056, 34.685 ], [ 76.062, 34.673 ], [ 76.079, 34.672 ], [ 76.085, 34.66 ], [ 76.102, 34.659 ], [ 76.108, 34.646 ], [ 76.125, 34.645 ], [ 76.132, 34.633 ], [ 76.148, 34.632 ], [ 76.158, 34.643 ], [ 76.174, 34.641 ], [ 76.181, 34.629 ], [ 76.197, 34.628 ], [ 76.207, 34.639 ], [ 76.2, 34.651 ], [ 76.21, 34.662 ], [ 76.227, 34.66 ], [ 76.236, 34.671 ], [ 76.253, 34.67 ], [ 76.263, 34.681 ], [ 76.279, 34.679 ], [ 76.289, 34.69 ], [ 76.305, 34.689 ], [ 76.315, 34.7 ], [ 76.332, 34.699 ], [ 76.341, 34.709 ], [ 76.358, 34.708 ], [ 76.364, 34.696 ], [ 76.381, 34.695 ], [ 76.391, 34.705 ], [ 76.384, 34.718 ], [ 76.394, 34.728 ], [ 76.41, 34.727 ], [ 76.417, 34.715 ], [ 76.433, 34.714 ], [ 76.44, 34.701 ], [ 76.43, 34.691 ], [ 76.437, 34.678 ], [ 76.453, 34.677 ], [ 76.46, 34.665 ], [ 76.45, 34.654 ], [ 76.457, 34.642 ], [ 76.473, 34.641 ], [ 76.48, 34.628 ], [ 76.47, 34.618 ], [ 76.476, 34.605 ], [ 76.467, 34.595 ], [ 76.473, 34.582 ], [ 76.49, 34.581 ], [ 76.499, 34.592 ], [ 76.516, 34.591 ], [ 76.522, 34.578 ], [ 76.539, 34.577 ], [ 76.545, 34.565 ], [ 76.562, 34.563 ], [ 76.568, 34.551 ], [ 76.559, 34.541 ], [ 76.542, 34.542 ], [ 76.532, 34.531 ], [ 76.539, 34.519 ], [ 76.555, 34.518 ], [ 76.562, 34.505 ], [ 76.552, 34.495 ], [ 76.559, 34.482 ], [ 76.575, 34.481 ], [ 76.582, 34.469 ], [ 76.572, 34.458 ], [ 76.578, 34.446 ], [ 76.569, 34.435 ], [ 76.575, 34.423 ], [ 76.591, 34.422 ], [ 76.598, 34.409 ], [ 76.588, 34.399 ], [ 76.595, 34.387 ] ] ] ] } },
{ "type": "Feature", "properties": { "POLYGON.ID": 488.0, "subregion": "India--Ladakh--Leh--Hanle", "POLYGON": "India--Ladakh--Leh--Hanle", "SHOW": "1", "FILTER": "India--Ladakh--Leh--Hanle", "FILTER.ID": null, "OLD.POLYGON": null, "STATE": "Ladakh", "COUNTY": "Leh", "OWNER": "Padma Gyalpo" }, "geometry": { "type": "MultiPolygon", "coordinates": [ [ [ [ 78.147, 34.028 ], [ 78.137, 34.017 ], [ 78.143, 34.005 ], [ 78.133, 33.995 ], [ 78.139, 33.982 ], [ 78.129, 33.972 ], [ 78.135, 33.96 ], [ 78.152, 33.958 ], [ 78.158, 33.946 ], [ 78.174, 33.944 ], [ 78.184, 33.955 ], [ 78.2, 33.954 ], [ 78.206, 33.941 ], [ 78.222, 33.94 ], [ 78.229, 33.928 ], [ 78.219, 33.917 ], [ 78.202, 33.919 ], [ 78.196, 33.931 ], [ 78.18, 33.932 ], [ 78.17, 33.922 ], [ 78.176, 33.909 ], [ 78.166, 33.899 ], [ 78.173, 33.887 ], [ 78.163, 33.876 ], [ 78.169, 33.864 ], [ 78.159, 33.853 ], [ 78.165, 33.841 ], [ 78.181, 33.84 ], [ 78.187, 33.827 ], [ 78.203, 33.826 ], [ 78.213, 33.836 ], [ 78.23, 33.835 ], [ 78.239, 33.846 ], [ 78.256, 33.844 ], [ 78.266, 33.855 ], [ 78.282, 33.853 ], [ 78.288, 33.841 ], [ 78.304, 33.839 ], [ 78.31, 33.827 ], [ 78.326, 33.826 ], [ 78.332, 33.813 ], [ 78.322, 33.803 ], [ 78.306, 33.804 ], [ 78.296, 33.794 ], [ 78.302, 33.782 ], [ 78.319, 33.78 ], [ 78.329, 33.791 ], [ 78.345, 33.789 ], [ 78.351, 33.777 ], [ 78.341, 33.766 ], [ 78.347, 33.754 ], [ 78.337, 33.744 ], [ 78.343, 33.731 ], [ 78.359, 33.73 ], [ 78.365, 33.718 ], [ 78.381, 33.716 ], [ 78.388, 33.704 ], [ 78.404, 33.702 ], [ 78.41, 33.69 ], [ 78.426, 33.689 ], [ 78.432, 33.677 ], [ 78.448, 33.675 ], [ 78.454, 33.663 ], [ 78.47, 33.661 ], [ 78.476, 33.649 ], [ 78.466, 33.639 ], [ 78.472, 33.626 ], [ 78.462, 33.616 ], [ 78.468, 33.604 ], [ 78.459, 33.593 ], [ 78.465, 33.581 ], [ 78.481, 33.579 ], [ 78.491, 33.59 ], [ 78.507, 33.588 ], [ 78.517, 33.599 ], [ 78.533, 33.597 ], [ 78.543, 33.608 ], [ 78.559, 33.606 ], [ 78.565, 33.594 ], [ 78.581, 33.593 ], [ 78.587, 33.581 ], [ 78.603, 33.579 ], [ 78.609, 33.567 ], [ 78.599, 33.556 ], [ 78.605, 33.544 ], [ 78.621, 33.543 ], [ 78.627, 33.53 ], [ 78.617, 33.52 ], [ 78.601, 33.521 ], [ 78.591, 33.511 ], [ 78.597, 33.499 ], [ 78.613, 33.497 ], [ 78.619, 33.485 ], [ 78.635, 33.483 ], [ 78.645, 33.494 ], [ 78.661, 33.492 ], [ 78.667, 33.48 ], [ 78.683, 33.479 ], [ 78.689, 33.466 ], [ 78.705, 33.465 ], [ 78.711, 33.453 ], [ 78.701, 33.442 ], [ 78.707, 33.43 ], [ 78.723, 33.428 ], [ 78.729, 33.416 ], [ 78.745, 33.415 ], [ 78.751, 33.403 ], [ 78.767, 33.401 ], [ 78.773, 33.389 ], [ 78.763, 33.378 ], [ 78.769, 33.366 ], [ 78.785, 33.365 ], [ 78.791, 33.352 ], [ 78.807, 33.351 ], [ 78.813, 33.339 ], [ 78.829, 33.337 ], [ 78.835, 33.325 ], [ 78.825, 33.315 ], [ 78.831, 33.302 ], [ 78.847, 33.301 ], [ 78.853, 33.289 ], [ 78.843, 33.278 ], [ 78.849, 33.266 ], [ 78.865, 33.264 ], [ 78.871, 33.252 ], [ 78.861, 33.242 ], [ 78.867, 33.23 ], [ 78.857, 33.219 ], [ 78.863, 33.207 ], [ 78.853, 33.197 ], [ 78.837, 33.198 ], [ 78.827, 33.188 ], [ 78.812, 33.189 ], [ 78.802, 33.179 ], [ 78.786, 33.18 ], [ 78.776, 33.17 ], [ 78.76, 33.171 ], [ 78.754, 33.183 ], [ 78.738, 33.185 ], [ 78.732, 33.197 ], [ 78.716, 33.199 ], [ 78.71, 33.211 ], [ 78.694, 33.212 ], [ 78.684, 33.202 ], [ 78.668, 33.204 ], [ 78.662, 33.216 ], [ 78.646, 33.217 ], [ 78.64, 33.229 ], [ 78.624, 33.231 ], [ 78.614, 33.22 ], [ 78.598, 33.222 ], [ 78.592, 33.234 ], [ 78.577, 33.236 ], [ 78.57, 33.248 ], [ 78.555, 33.249 ], [ 78.548, 33.261 ], [ 78.533, 33.263 ], [ 78.523, 33.252 ], [ 78.529, 33.24 ], [ 78.519, 33.23 ], [ 78.525, 33.218 ], [ 78.541, 33.216 ], [ 78.547, 33.204 ], [ 78.537, 33.193 ], [ 78.543, 33.181 ], [ 78.533, 33.171 ], [ 78.539, 33.159 ], [ 78.529, 33.148 ], [ 78.535, 33.136 ], [ 78.525, 33.126 ], [ 78.531, 33.113 ], [ 78.547, 33.112 ], [ 78.553, 33.1 ], [ 78.543, 33.089 ], [ 78.549, 33.077 ], [ 78.54, 33.067 ], [ 78.546, 33.055 ], [ 78.536, 33.044 ], [ 78.542, 33.032 ], [ 78.532, 33.021 ], [ 78.538, 33.009 ], [ 78.528, 32.999 ], [ 78.534, 32.987 ], [ 78.524, 32.976 ], [ 78.53, 32.964 ], [ 78.52, 32.954 ], [ 78.526, 32.941 ], [ 78.517, 32.931 ], [ 78.523, 32.919 ], [ 78.513, 32.908 ], [ 78.519, 32.896 ], [ 78.509, 32.886 ], [ 78.493, 32.887 ], [ 78.483, 32.877 ], [ 78.489, 32.865 ], [ 78.479, 32.854 ], [ 78.464, 32.856 ], [ 78.457, 32.868 ], [ 78.442, 32.869 ], [ 78.436, 32.881 ], [ 78.42, 32.883 ], [ 78.414, 32.895 ], [ 78.398, 32.897 ], [ 78.388, 32.886 ], [ 78.394, 32.874 ], [ 78.384, 32.863 ], [ 78.39, 32.851 ], [ 78.406, 32.85 ], [ 78.412, 32.838 ], [ 78.402, 32.827 ], [ 78.408, 32.815 ], [ 78.399, 32.805 ], [ 78.405, 32.793 ], [ 78.395, 32.782 ], [ 78.401, 32.77 ], [ 78.391, 32.76 ], [ 78.375, 32.761 ], [ 78.365, 32.751 ], [ 78.371, 32.738 ], [ 78.387, 32.737 ], [ 78.393, 32.725 ], [ 78.383, 32.714 ], [ 78.389, 32.702 ], [ 78.38, 32.692 ], [ 78.386, 32.68 ], [ 78.376, 32.669 ], [ 78.382, 32.657 ], [ 78.372, 32.647 ], [ 78.378, 32.635 ], [ 78.394, 32.633 ], [ 78.4, 32.621 ], [ 78.39, 32.611 ], [ 78.374, 32.612 ], [ 78.365, 32.602 ], [ 78.371, 32.59 ], [ 78.361, 32.579 ], [ 78.345, 32.581 ], [ 78.335, 32.57 ], [ 78.319, 32.572 ], [ 78.31, 32.561 ], [ 78.316, 32.549 ], [ 78.306, 32.539 ], [ 78.312, 32.527 ], [ 78.302, 32.516 ], [ 78.308, 32.504 ], [ 78.298, 32.493 ], [ 78.304, 32.481 ], [ 78.32, 32.48 ], [ 78.326, 32.468 ], [ 78.342, 32.466 ], [ 78.352, 32.477 ], [ 78.346, 32.489 ], [ 78.356, 32.499 ], [ 78.371, 32.498 ], [ 78.381, 32.508 ], [ 78.397, 32.507 ], [ 78.407, 32.517 ], [ 78.422, 32.516 ], [ 78.432, 32.526 ], [ 78.448, 32.525 ], [ 78.458, 32.535 ], [ 78.474, 32.534 ], [ 78.483, 32.544 ], [ 78.499, 32.543 ], [ 78.509, 32.553 ], [ 78.525, 32.552 ], [ 78.535, 32.562 ], [ 78.55, 32.561 ], [ 78.56, 32.571 ], [ 78.576, 32.57 ], [ 78.582, 32.558 ], [ 78.598, 32.556 ], [ 78.607, 32.567 ], [ 78.623, 32.565 ], [ 78.633, 32.575 ], [ 78.649, 32.574 ], [ 78.655, 32.562 ], [ 78.671, 32.56 ], [ 78.68, 32.571 ], [ 78.674, 32.583 ], [ 78.684, 32.593 ], [ 78.678, 32.605 ], [ 78.688, 32.616 ], [ 78.704, 32.614 ], [ 78.714, 32.625 ], [ 78.729, 32.623 ], [ 78.735, 32.611 ], [ 78.751, 32.61 ], [ 78.757, 32.597 ], [ 78.747, 32.587 ], [ 78.753, 32.575 ], [ 78.743, 32.564 ], [ 78.749, 32.552 ], [ 78.765, 32.551 ], [ 78.771, 32.539 ], [ 78.761, 32.528 ], [ 78.745, 32.53 ], [ 78.736, 32.519 ], [ 78.742, 32.507 ], [ 78.732, 32.497 ], [ 78.738, 32.485 ], [ 78.753, 32.483 ], [ 78.759, 32.471 ], [ 78.75, 32.461 ], [ 78.756, 32.449 ], [ 78.771, 32.447 ], [ 78.777, 32.435 ], [ 78.793, 32.434 ], [ 78.799, 32.422 ], [ 78.789, 32.411 ], [ 78.795, 32.399 ], [ 78.811, 32.398 ], [ 78.817, 32.386 ], [ 78.832, 32.384 ], [ 78.838, 32.372 ], [ 78.854, 32.37 ], [ 78.86, 32.358 ], [ 78.876, 32.357 ], [ 78.881, 32.345 ], [ 78.897, 32.343 ], [ 78.903, 32.331 ], [ 78.919, 32.33 ], [ 78.925, 32.318 ], [ 78.94, 32.316 ], [ 78.95, 32.326 ], [ 78.966, 32.325 ], [ 78.972, 32.313 ], [ 78.987, 32.311 ], [ 78.997, 32.322 ], [ 79.013, 32.32 ], [ 79.023, 32.33 ], [ 79.038, 32.329 ], [ 79.048, 32.339 ], [ 79.064, 32.338 ], [ 79.074, 32.348 ], [ 79.089, 32.347 ], [ 79.099, 32.357 ], [ 79.115, 32.355 ], [ 79.125, 32.366 ], [ 79.141, 32.364 ], [ 79.15, 32.375 ], [ 79.145, 32.387 ], [ 79.154, 32.397 ], [ 79.17, 32.395 ], [ 79.18, 32.406 ], [ 79.174, 32.418 ], [ 79.184, 32.428 ], [ 79.2, 32.427 ], [ 79.21, 32.437 ], [ 79.204, 32.449 ], [ 79.214, 32.46 ], [ 79.229, 32.458 ], [ 79.239, 32.468 ], [ 79.233, 32.48 ], [ 79.243, 32.491 ], [ 79.259, 32.489 ], [ 79.269, 32.5 ], [ 79.285, 32.498 ], [ 79.294, 32.508 ], [ 79.31, 32.507 ], [ 79.316, 32.495 ], [ 79.332, 32.493 ], [ 79.342, 32.504 ], [ 79.336, 32.516 ], [ 79.346, 32.526 ], [ 79.361, 32.524 ], [ 79.367, 32.512 ], [ 79.383, 32.511 ], [ 79.389, 32.499 ], [ 79.404, 32.497 ], [ 79.414, 32.507 ], [ 79.43, 32.506 ], [ 79.44, 32.516 ], [ 79.456, 32.514 ], [ 79.466, 32.525 ], [ 79.481, 32.523 ], [ 79.491, 32.534 ], [ 79.485, 32.546 ], [ 79.495, 32.556 ], [ 79.511, 32.554 ], [ 79.521, 32.565 ], [ 79.515, 32.577 ], [ 79.525, 32.587 ], [ 79.541, 32.586 ], [ 79.551, 32.596 ], [ 79.545, 32.608 ], [ 79.555, 32.618 ], [ 79.571, 32.617 ], [ 79.581, 32.627 ], [ 79.575, 32.639 ], [ 79.585, 32.65 ], [ 79.601, 32.648 ], [ 79.611, 32.658 ], [ 79.605, 32.67 ], [ 79.615, 32.681 ], [ 79.63, 32.679 ], [ 79.64, 32.69 ], [ 79.635, 32.702 ], [ 79.645, 32.712 ], [ 79.639, 32.724 ], [ 79.649, 32.735 ], [ 79.643, 32.747 ], [ 79.653, 32.757 ], [ 79.647, 32.769 ], [ 79.657, 32.78 ], [ 79.651, 32.792 ], [ 79.636, 32.793 ], [ 79.63, 32.805 ], [ 79.614, 32.807 ], [ 79.608, 32.819 ], [ 79.593, 32.821 ], [ 79.587, 32.833 ], [ 79.571, 32.835 ], [ 79.565, 32.847 ], [ 79.549, 32.848 ], [ 79.544, 32.861 ], [ 79.554, 32.871 ], [ 79.548, 32.883 ], [ 79.532, 32.885 ], [ 79.526, 32.897 ], [ 79.51, 32.899 ], [ 79.505, 32.911 ], [ 79.515, 32.921 ], [ 79.509, 32.933 ], [ 79.493, 32.935 ], [ 79.487, 32.947 ], [ 79.471, 32.949 ], [ 79.465, 32.961 ], [ 79.475, 32.971 ], [ 79.47, 32.983 ], [ 79.48, 32.994 ], [ 79.474, 33.006 ], [ 79.458, 33.008 ], [ 79.452, 33.02 ], [ 79.436, 33.021 ], [ 79.43, 33.033 ], [ 79.44, 33.044 ], [ 79.435, 33.056 ], [ 79.445, 33.066 ], [ 79.439, 33.079 ], [ 79.449, 33.089 ], [ 79.443, 33.101 ], [ 79.453, 33.112 ], [ 79.447, 33.124 ], [ 79.457, 33.134 ], [ 79.451, 33.146 ], [ 79.461, 33.157 ], [ 79.455, 33.169 ], [ 79.465, 33.179 ], [ 79.46, 33.191 ], [ 79.47, 33.202 ], [ 79.464, 33.214 ], [ 79.474, 33.224 ], [ 79.49, 33.223 ], [ 79.5, 33.233 ], [ 79.494, 33.245 ], [ 79.504, 33.256 ], [ 79.498, 33.268 ], [ 79.482, 33.27 ], [ 79.476, 33.282 ], [ 79.46, 33.283 ], [ 79.455, 33.296 ], [ 79.439, 33.297 ], [ 79.433, 33.309 ], [ 79.417, 33.311 ], [ 79.407, 33.301 ], [ 79.391, 33.302 ], [ 79.385, 33.315 ], [ 79.369, 33.316 ], [ 79.359, 33.306 ], [ 79.343, 33.307 ], [ 79.337, 33.32 ], [ 79.321, 33.321 ], [ 79.315, 33.333 ], [ 79.3, 33.335 ], [ 79.294, 33.347 ], [ 79.278, 33.349 ], [ 79.268, 33.338 ], [ 79.252, 33.34 ], [ 79.246, 33.352 ], [ 79.23, 33.354 ], [ 79.22, 33.343 ], [ 79.204, 33.345 ], [ 79.198, 33.357 ], [ 79.182, 33.359 ], [ 79.172, 33.348 ], [ 79.156, 33.35 ], [ 79.146, 33.339 ], [ 79.13, 33.341 ], [ 79.124, 33.353 ], [ 79.108, 33.355 ], [ 79.098, 33.344 ], [ 79.082, 33.346 ], [ 79.077, 33.358 ], [ 79.061, 33.36 ], [ 79.051, 33.349 ], [ 79.035, 33.351 ], [ 79.029, 33.363 ], [ 79.013, 33.365 ], [ 79.007, 33.377 ], [ 78.991, 33.378 ], [ 78.985, 33.391 ], [ 78.969, 33.392 ], [ 78.963, 33.404 ], [ 78.973, 33.415 ], [ 78.967, 33.427 ], [ 78.977, 33.438 ], [ 78.971, 33.45 ], [ 78.955, 33.451 ], [ 78.949, 33.463 ], [ 78.959, 33.474 ], [ 78.953, 33.486 ], [ 78.963, 33.497 ], [ 78.957, 33.509 ], [ 78.967, 33.519 ], [ 78.961, 33.531 ], [ 78.945, 33.533 ], [ 78.939, 33.545 ], [ 78.949, 33.556 ], [ 78.943, 33.568 ], [ 78.953, 33.578 ], [ 78.969, 33.577 ], [ 78.975, 33.565 ], [ 78.991, 33.563 ], [ 79.001, 33.574 ], [ 79.017, 33.572 ], [ 79.027, 33.582 ], [ 79.043, 33.581 ], [ 79.053, 33.591 ], [ 79.069, 33.59 ], [ 79.079, 33.6 ], [ 79.095, 33.599 ], [ 79.105, 33.609 ], [ 79.121, 33.607 ], [ 79.131, 33.618 ], [ 79.125, 33.63 ], [ 79.109, 33.632 ], [ 79.103, 33.644 ], [ 79.113, 33.654 ], [ 79.107, 33.667 ], [ 79.117, 33.677 ], [ 79.112, 33.689 ], [ 79.122, 33.7 ], [ 79.116, 33.712 ], [ 79.126, 33.722 ], [ 79.12, 33.735 ], [ 79.104, 33.736 ], [ 79.094, 33.726 ], [ 79.078, 33.727 ], [ 79.068, 33.717 ], [ 79.051, 33.719 ], [ 79.041, 33.708 ], [ 79.025, 33.71 ], [ 79.019, 33.722 ], [ 79.003, 33.724 ], [ 78.993, 33.713 ], [ 78.999, 33.701 ], [ 78.989, 33.69 ], [ 78.973, 33.692 ], [ 78.963, 33.681 ], [ 78.947, 33.683 ], [ 78.937, 33.672 ], [ 78.921, 33.674 ], [ 78.911, 33.664 ], [ 78.895, 33.665 ], [ 78.889, 33.677 ], [ 78.873, 33.679 ], [ 78.863, 33.668 ], [ 78.847, 33.67 ], [ 78.837, 33.66 ], [ 78.821, 33.661 ], [ 78.811, 33.651 ], [ 78.795, 33.652 ], [ 78.785, 33.642 ], [ 78.769, 33.643 ], [ 78.763, 33.655 ], [ 78.747, 33.657 ], [ 78.737, 33.646 ], [ 78.721, 33.648 ], [ 78.715, 33.66 ], [ 78.699, 33.662 ], [ 78.693, 33.674 ], [ 78.677, 33.676 ], [ 78.671, 33.688 ], [ 78.654, 33.689 ], [ 78.648, 33.702 ], [ 78.632, 33.703 ], [ 78.626, 33.715 ], [ 78.61, 33.717 ], [ 78.604, 33.729 ], [ 78.588, 33.731 ], [ 78.582, 33.743 ], [ 78.592, 33.753 ], [ 78.586, 33.766 ], [ 78.57, 33.767 ], [ 78.564, 33.779 ], [ 78.548, 33.781 ], [ 78.542, 33.793 ], [ 78.552, 33.804 ], [ 78.545, 33.816 ], [ 78.529, 33.817 ], [ 78.523, 33.83 ], [ 78.507, 33.831 ], [ 78.501, 33.843 ], [ 78.485, 33.845 ], [ 78.479, 33.857 ], [ 78.463, 33.859 ], [ 78.457, 33.871 ], [ 78.467, 33.881 ], [ 78.46, 33.894 ], [ 78.444, 33.895 ], [ 78.438, 33.907 ], [ 78.422, 33.909 ], [ 78.416, 33.921 ], [ 78.4, 33.923 ], [ 78.394, 33.935 ], [ 78.378, 33.936 ], [ 78.371, 33.949 ], [ 78.355, 33.95 ], [ 78.349, 33.962 ], [ 78.333, 33.964 ], [ 78.327, 33.976 ], [ 78.311, 33.978 ], [ 78.305, 33.99 ], [ 78.288, 33.991 ], [ 78.282, 34.004 ], [ 78.266, 34.005 ], [ 78.256, 33.994 ], [ 78.24, 33.996 ], [ 78.23, 33.985 ], [ 78.214, 33.987 ], [ 78.208, 33.999 ], [ 78.191, 34.001 ], [ 78.185, 34.013 ], [ 78.169, 34.014 ], [ 78.163, 34.027 ], [ 78.147, 34.028 ] ] ] ] } },
{ "type": "Feature", "properties": { "POLYGON.ID": 489.0, "subregion": "India--Ladakh--Kargil--trans Himalaya", "POLYGON": "India--Ladakh--Kargil--trans Himalaya", "SHOW": "1", "FILTER": "Not-Assigned", "FILTER.ID": null, "OLD.POLYGON": null, "STATE": "Ladakh", "COUNTY": "Kargil", "OWNER": null }, "geometry": { "type": "MultiPolygon", "coordinates": [ [ [ [ 77.18, 33.665 ], [ 77.174, 33.677 ], [ 77.158, 33.679 ], [ 77.148, 33.668 ], [ 77.132, 33.669 ], [ 77.125, 33.681 ], [ 77.109, 33.683 ], [ 77.103, 33.695 ], [ 77.087, 33.696 ], [ 77.08, 33.708 ], [ 77.064, 33.71 ], [ 77.054, 33.699 ], [ 77.038, 33.701 ], [ 77.032, 33.713 ], [ 77.016, 33.714 ], [ 77.009, 33.726 ], [ 76.993, 33.728 ], [ 76.983, 33.717 ], [ 76.967, 33.718 ], [ 76.961, 33.73 ], [ 76.945, 33.732 ], [ 76.935, 33.721 ], [ 76.919, 33.722 ], [ 76.912, 33.734 ], [ 76.922, 33.745 ], [ 76.916, 33.757 ], [ 76.925, 33.768 ], [ 76.919, 33.78 ], [ 76.903, 33.781 ], [ 76.896, 33.794 ], [ 76.88, 33.795 ], [ 76.871, 33.784 ], [ 76.854, 33.786 ], [ 76.848, 33.798 ], [ 76.832, 33.799 ], [ 76.822, 33.788 ], [ 76.806, 33.79 ], [ 76.799, 33.802 ], [ 76.783, 33.803 ], [ 76.777, 33.815 ], [ 76.76, 33.817 ], [ 76.754, 33.829 ], [ 76.738, 33.83 ], [ 76.728, 33.819 ], [ 76.712, 33.821 ], [ 76.705, 33.833 ], [ 76.715, 33.843 ], [ 76.709, 33.856 ], [ 76.692, 33.857 ], [ 76.686, 33.869 ], [ 76.67, 33.87 ], [ 76.663, 33.883 ], [ 76.673, 33.893 ], [ 76.667, 33.905 ], [ 76.65, 33.907 ], [ 76.641, 33.896 ], [ 76.624, 33.897 ], [ 76.615, 33.887 ], [ 76.598, 33.888 ], [ 76.589, 33.877 ], [ 76.572, 33.878 ], [ 76.566, 33.891 ], [ 76.55, 33.892 ], [ 76.543, 33.904 ], [ 76.527, 33.905 ], [ 76.521, 33.917 ], [ 76.53, 33.928 ], [ 76.546, 33.927 ], [ 76.556, 33.938 ], [ 76.55, 33.95 ], [ 76.559, 33.961 ], [ 76.553, 33.973 ], [ 76.537, 33.974 ], [ 76.53, 33.986 ], [ 76.514, 33.987 ], [ 76.507, 33.999 ], [ 76.491, 34.001 ], [ 76.485, 34.013 ], [ 76.468, 34.014 ], [ 76.459, 34.003 ], [ 76.442, 34.005 ], [ 76.433, 33.994 ], [ 76.416, 33.995 ], [ 76.407, 33.985 ], [ 76.39, 33.986 ], [ 76.384, 33.998 ], [ 76.368, 33.999 ], [ 76.358, 33.988 ], [ 76.342, 33.99 ], [ 76.332, 33.979 ], [ 76.316, 33.98 ], [ 76.306, 33.969 ], [ 76.29, 33.971 ], [ 76.28, 33.96 ], [ 76.264, 33.961 ], [ 76.254, 33.95 ], [ 76.238, 33.952 ], [ 76.228, 33.941 ], [ 76.212, 33.942 ], [ 76.202, 33.931 ], [ 76.209, 33.919 ], [ 76.199, 33.909 ], [ 76.206, 33.896 ], [ 76.196, 33.886 ], [ 76.203, 33.874 ], [ 76.193, 33.863 ], [ 76.2, 33.851 ], [ 76.19, 33.84 ], [ 76.196, 33.828 ], [ 76.187, 33.817 ], [ 76.193, 33.805 ], [ 76.184, 33.794 ], [ 76.19, 33.782 ], [ 76.207, 33.781 ], [ 76.213, 33.769 ], [ 76.229, 33.767 ], [ 76.236, 33.755 ], [ 76.252, 33.754 ], [ 76.259, 33.742 ], [ 76.249, 33.731 ], [ 76.255, 33.719 ], [ 76.272, 33.718 ], [ 76.278, 33.706 ], [ 76.269, 33.695 ], [ 76.275, 33.683 ], [ 76.265, 33.672 ], [ 76.272, 33.66 ], [ 76.262, 33.649 ], [ 76.246, 33.651 ], [ 76.237, 33.64 ], [ 76.243, 33.628 ], [ 76.233, 33.617 ], [ 76.24, 33.605 ], [ 76.23, 33.594 ], [ 76.237, 33.582 ], [ 76.227, 33.571 ], [ 76.211, 33.573 ], [ 76.202, 33.562 ], [ 76.208, 33.55 ], [ 76.224, 33.548 ], [ 76.231, 33.536 ], [ 76.221, 33.526 ], [ 76.228, 33.514 ], [ 76.244, 33.512 ], [ 76.253, 33.523 ], [ 76.27, 33.522 ], [ 76.279, 33.533 ], [ 76.273, 33.545 ], [ 76.282, 33.555 ], [ 76.276, 33.567 ], [ 76.285, 33.578 ], [ 76.302, 33.577 ], [ 76.311, 33.588 ], [ 76.327, 33.586 ], [ 76.334, 33.574 ], [ 76.35, 33.573 ], [ 76.357, 33.561 ], [ 76.373, 33.56 ], [ 76.379, 33.548 ], [ 76.395, 33.546 ], [ 76.402, 33.534 ], [ 76.418, 33.533 ], [ 76.425, 33.521 ], [ 76.441, 33.52 ], [ 76.447, 33.508 ], [ 76.463, 33.506 ], [ 76.47, 33.494 ], [ 76.486, 33.493 ], [ 76.492, 33.481 ], [ 76.509, 33.479 ], [ 76.515, 33.467 ], [ 76.531, 33.466 ], [ 76.538, 33.454 ], [ 76.554, 33.453 ], [ 76.56, 33.441 ], [ 76.55, 33.43 ], [ 76.557, 33.418 ], [ 76.573, 33.417 ], [ 76.58, 33.404 ], [ 76.596, 33.403 ], [ 76.602, 33.391 ], [ 76.618, 33.39 ], [ 76.628, 33.401 ], [ 76.644, 33.399 ], [ 76.65, 33.387 ], [ 76.641, 33.376 ], [ 76.647, 33.364 ], [ 76.663, 33.363 ], [ 76.67, 33.351 ], [ 76.66, 33.34 ], [ 76.666, 33.328 ], [ 76.683, 33.327 ], [ 76.689, 33.315 ], [ 76.705, 33.313 ], [ 76.711, 33.301 ], [ 76.727, 33.3 ], [ 76.734, 33.288 ], [ 76.724, 33.277 ], [ 76.731, 33.265 ], [ 76.747, 33.264 ], [ 76.753, 33.252 ], [ 76.769, 33.251 ], [ 76.779, 33.261 ], [ 76.795, 33.26 ], [ 76.801, 33.248 ], [ 76.817, 33.247 ], [ 76.824, 33.234 ], [ 76.84, 33.233 ], [ 76.846, 33.221 ], [ 76.862, 33.22 ], [ 76.869, 33.208 ], [ 76.859, 33.197 ], [ 76.843, 33.198 ], [ 76.833, 33.188 ], [ 76.84, 33.176 ], [ 76.83, 33.165 ], [ 76.836, 33.153 ], [ 76.827, 33.142 ], [ 76.833, 33.13 ], [ 76.849, 33.129 ], [ 76.855, 33.117 ], [ 76.871, 33.115 ], [ 76.881, 33.126 ], [ 76.897, 33.125 ], [ 76.903, 33.113 ], [ 76.894, 33.102 ], [ 76.9, 33.09 ], [ 76.916, 33.089 ], [ 76.923, 33.077 ], [ 76.913, 33.066 ], [ 76.919, 33.054 ], [ 76.935, 33.053 ], [ 76.942, 33.04 ], [ 76.932, 33.03 ], [ 76.938, 33.018 ], [ 76.954, 33.016 ], [ 76.961, 33.004 ], [ 76.977, 33.003 ], [ 76.983, 32.991 ], [ 76.999, 32.99 ], [ 77.009, 33.0 ], [ 77.025, 32.999 ], [ 77.031, 32.987 ], [ 77.047, 32.986 ], [ 77.057, 32.996 ], [ 77.072, 32.995 ], [ 77.079, 32.983 ], [ 77.095, 32.981 ], [ 77.101, 32.969 ], [ 77.117, 32.968 ], [ 77.127, 32.979 ], [ 77.143, 32.977 ], [ 77.149, 32.965 ], [ 77.165, 32.964 ], [ 77.171, 32.952 ], [ 77.162, 32.941 ], [ 77.168, 32.929 ], [ 77.184, 32.928 ], [ 77.19, 32.916 ], [ 77.206, 32.914 ], [ 77.212, 32.902 ], [ 77.228, 32.901 ], [ 77.235, 32.889 ], [ 77.25, 32.888 ], [ 77.257, 32.875 ], [ 77.273, 32.874 ], [ 77.282, 32.885 ], [ 77.298, 32.883 ], [ 77.308, 32.894 ], [ 77.302, 32.906 ], [ 77.311, 32.917 ], [ 77.305, 32.929 ], [ 77.289, 32.93 ], [ 77.283, 32.942 ], [ 77.293, 32.953 ], [ 77.286, 32.965 ], [ 77.296, 32.975 ], [ 77.29, 32.987 ], [ 77.274, 32.989 ], [ 77.268, 33.001 ], [ 77.277, 33.012 ], [ 77.293, 33.01 ], [ 77.303, 33.021 ], [ 77.297, 33.033 ], [ 77.306, 33.043 ], [ 77.322, 33.042 ], [ 77.332, 33.053 ], [ 77.348, 33.051 ], [ 77.358, 33.062 ], [ 77.351, 33.074 ], [ 77.361, 33.085 ], [ 77.377, 33.083 ], [ 77.383, 33.071 ], [ 77.399, 33.07 ], [ 77.409, 33.08 ], [ 77.403, 33.092 ], [ 77.412, 33.103 ], [ 77.406, 33.115 ], [ 77.416, 33.126 ], [ 77.41, 33.138 ], [ 77.419, 33.148 ], [ 77.435, 33.147 ], [ 77.445, 33.158 ], [ 77.439, 33.17 ], [ 77.449, 33.18 ], [ 77.465, 33.179 ], [ 77.474, 33.19 ], [ 77.49, 33.188 ], [ 77.497, 33.176 ], [ 77.513, 33.175 ], [ 77.519, 33.163 ], [ 77.535, 33.161 ], [ 77.545, 33.172 ], [ 77.538, 33.184 ], [ 77.548, 33.194 ], [ 77.542, 33.206 ], [ 77.526, 33.208 ], [ 77.52, 33.22 ], [ 77.529, 33.231 ], [ 77.523, 33.243 ], [ 77.507, 33.244 ], [ 77.501, 33.256 ], [ 77.511, 33.267 ], [ 77.504, 33.279 ], [ 77.514, 33.29 ], [ 77.508, 33.302 ], [ 77.518, 33.312 ], [ 77.511, 33.324 ], [ 77.521, 33.335 ], [ 77.537, 33.334 ], [ 77.547, 33.344 ], [ 77.563, 33.343 ], [ 77.573, 33.353 ], [ 77.567, 33.366 ], [ 77.551, 33.367 ], [ 77.544, 33.379 ], [ 77.528, 33.38 ], [ 77.522, 33.393 ], [ 77.532, 33.403 ], [ 77.525, 33.415 ], [ 77.509, 33.417 ], [ 77.503, 33.429 ], [ 77.513, 33.44 ], [ 77.507, 33.452 ], [ 77.491, 33.453 ], [ 77.484, 33.465 ], [ 77.468, 33.467 ], [ 77.462, 33.479 ], [ 77.472, 33.489 ], [ 77.465, 33.501 ], [ 77.449, 33.503 ], [ 77.443, 33.515 ], [ 77.427, 33.516 ], [ 77.417, 33.506 ], [ 77.401, 33.507 ], [ 77.391, 33.496 ], [ 77.375, 33.498 ], [ 77.366, 33.487 ], [ 77.349, 33.489 ], [ 77.343, 33.501 ], [ 77.327, 33.502 ], [ 77.317, 33.492 ], [ 77.301, 33.493 ], [ 77.295, 33.505 ], [ 77.279, 33.506 ], [ 77.272, 33.519 ], [ 77.282, 33.529 ], [ 77.276, 33.541 ], [ 77.26, 33.543 ], [ 77.253, 33.555 ], [ 77.263, 33.566 ], [ 77.257, 33.578 ], [ 77.241, 33.579 ], [ 77.234, 33.591 ], [ 77.244, 33.602 ], [ 77.238, 33.614 ], [ 77.248, 33.625 ], [ 77.241, 33.637 ], [ 77.225, 33.638 ], [ 77.219, 33.65 ], [ 77.203, 33.652 ], [ 77.196, 33.664 ], [ 77.18, 33.665 ] ] ] ] } },
{ "type": "Feature", "properties": { "POLYGON.ID": 600.0, "subregion": "India--Ladakh--Leh--Tso Kar and Tsomoriri", "POLYGON": "India--Ladakh--Leh--Tso Kar and Tsomoriri", "SHOW": "1", "FILTER": "Not-Assigned", "FILTER.ID": null, "OLD.POLYGON": null, "STATE": "Ladakh", "COUNTY": "Leh", "OWNER": null }, "geometry": { "type": "MultiPolygon", "coordinates": [ [ [ [ 78.381, 33.232 ], [ 78.375, 33.244 ], [ 78.359, 33.245 ], [ 78.353, 33.257 ], [ 78.337, 33.259 ], [ 78.331, 33.271 ], [ 78.315, 33.273 ], [ 78.309, 33.285 ], [ 78.293, 33.286 ], [ 78.287, 33.298 ], [ 78.271, 33.3 ], [ 78.261, 33.289 ], [ 78.245, 33.291 ], [ 78.239, 33.303 ], [ 78.223, 33.304 ], [ 78.213, 33.294 ], [ 78.197, 33.295 ], [ 78.191, 33.308 ], [ 78.175, 33.309 ], [ 78.165, 33.298 ], [ 78.149, 33.3 ], [ 78.139, 33.289 ], [ 78.123, 33.291 ], [ 78.117, 33.303 ], [ 78.101, 33.305 ], [ 78.091, 33.294 ], [ 78.075, 33.295 ], [ 78.069, 33.308 ], [ 78.053, 33.309 ], [ 78.047, 33.321 ], [ 78.057, 33.332 ], [ 78.051, 33.344 ], [ 78.035, 33.345 ], [ 78.029, 33.357 ], [ 78.013, 33.359 ], [ 78.006, 33.371 ], [ 78.016, 33.382 ], [ 78.032, 33.38 ], [ 78.042, 33.391 ], [ 78.036, 33.403 ], [ 78.046, 33.414 ], [ 78.04, 33.426 ], [ 78.05, 33.436 ], [ 78.043, 33.448 ], [ 78.027, 33.45 ], [ 78.021, 33.462 ], [ 78.005, 33.463 ], [ 77.999, 33.476 ], [ 78.009, 33.486 ], [ 78.003, 33.498 ], [ 77.987, 33.5 ], [ 77.977, 33.489 ], [ 77.961, 33.491 ], [ 77.951, 33.48 ], [ 77.957, 33.468 ], [ 77.973, 33.466 ], [ 77.979, 33.454 ], [ 77.969, 33.444 ], [ 77.976, 33.432 ], [ 77.966, 33.421 ], [ 77.972, 33.409 ], [ 77.962, 33.398 ], [ 77.968, 33.386 ], [ 77.958, 33.376 ], [ 77.965, 33.364 ], [ 77.955, 33.353 ], [ 77.939, 33.354 ], [ 77.929, 33.344 ], [ 77.935, 33.332 ], [ 77.925, 33.321 ], [ 77.931, 33.309 ], [ 77.922, 33.298 ], [ 77.928, 33.286 ], [ 77.918, 33.276 ], [ 77.924, 33.264 ], [ 77.94, 33.262 ], [ 77.95, 33.273 ], [ 77.966, 33.271 ], [ 77.972, 33.259 ], [ 77.988, 33.258 ], [ 77.994, 33.246 ], [ 78.01, 33.244 ], [ 78.02, 33.255 ], [ 78.036, 33.253 ], [ 78.042, 33.241 ], [ 78.058, 33.24 ], [ 78.068, 33.25 ], [ 78.084, 33.249 ], [ 78.094, 33.259 ], [ 78.11, 33.258 ], [ 78.12, 33.268 ], [ 78.136, 33.267 ], [ 78.142, 33.255 ], [ 78.158, 33.253 ], [ 78.164, 33.241 ], [ 78.18, 33.24 ], [ 78.186, 33.227 ], [ 78.176, 33.217 ], [ 78.182, 33.205 ], [ 78.172, 33.194 ], [ 78.178, 33.182 ], [ 78.194, 33.181 ], [ 78.201, 33.168 ], [ 78.191, 33.158 ], [ 78.197, 33.146 ], [ 78.213, 33.144 ], [ 78.219, 33.132 ], [ 78.209, 33.122 ], [ 78.193, 33.123 ], [ 78.183, 33.113 ], [ 78.167, 33.114 ], [ 78.157, 33.104 ], [ 78.142, 33.105 ], [ 78.132, 33.094 ], [ 78.138, 33.082 ], [ 78.154, 33.081 ], [ 78.16, 33.069 ], [ 78.176, 33.067 ], [ 78.186, 33.078 ], [ 78.202, 33.076 ], [ 78.211, 33.087 ], [ 78.227, 33.085 ], [ 78.233, 33.073 ], [ 78.224, 33.063 ], [ 78.23, 33.051 ], [ 78.246, 33.049 ], [ 78.252, 33.037 ], [ 78.242, 33.026 ], [ 78.226, 33.028 ], [ 78.216, 33.017 ], [ 78.2, 33.019 ], [ 78.19, 33.008 ], [ 78.174, 33.01 ], [ 78.165, 32.999 ], [ 78.171, 32.987 ], [ 78.161, 32.977 ], [ 78.167, 32.965 ], [ 78.183, 32.963 ], [ 78.189, 32.951 ], [ 78.205, 32.95 ], [ 78.211, 32.938 ], [ 78.227, 32.936 ], [ 78.233, 32.924 ], [ 78.249, 32.922 ], [ 78.255, 32.91 ], [ 78.245, 32.9 ], [ 78.251, 32.888 ], [ 78.241, 32.877 ], [ 78.247, 32.865 ], [ 78.263, 32.864 ], [ 78.269, 32.852 ], [ 78.26, 32.841 ], [ 78.266, 32.829 ], [ 78.281, 32.827 ], [ 78.288, 32.815 ], [ 78.278, 32.805 ], [ 78.284, 32.793 ], [ 78.274, 32.782 ], [ 78.28, 32.77 ], [ 78.296, 32.769 ], [ 78.302, 32.757 ], [ 78.292, 32.746 ], [ 78.298, 32.734 ], [ 78.314, 32.733 ], [ 78.324, 32.743 ], [ 78.34, 32.742 ], [ 78.349, 32.752 ], [ 78.365, 32.751 ], [ 78.375, 32.761 ], [ 78.391, 32.76 ], [ 78.401, 32.77 ], [ 78.395, 32.782 ], [ 78.405, 32.793 ], [ 78.399, 32.805 ], [ 78.408, 32.815 ], [ 78.402, 32.827 ], [ 78.412, 32.838 ], [ 78.406, 32.85 ], [ 78.39, 32.851 ], [ 78.384, 32.863 ], [ 78.394, 32.874 ], [ 78.388, 32.886 ], [ 78.398, 32.897 ], [ 78.392, 32.909 ], [ 78.376, 32.91 ], [ 78.37, 32.922 ], [ 78.38, 32.933 ], [ 78.374, 32.945 ], [ 78.383, 32.955 ], [ 78.377, 32.967 ], [ 78.387, 32.978 ], [ 78.381, 32.99 ], [ 78.365, 32.992 ], [ 78.359, 33.004 ], [ 78.369, 33.014 ], [ 78.363, 33.026 ], [ 78.347, 33.028 ], [ 78.341, 33.04 ], [ 78.351, 33.051 ], [ 78.345, 33.063 ], [ 78.355, 33.073 ], [ 78.349, 33.085 ], [ 78.333, 33.087 ], [ 78.327, 33.099 ], [ 78.336, 33.109 ], [ 78.33, 33.121 ], [ 78.34, 33.132 ], [ 78.356, 33.131 ], [ 78.366, 33.141 ], [ 78.36, 33.153 ], [ 78.37, 33.164 ], [ 78.364, 33.176 ], [ 78.374, 33.186 ], [ 78.368, 33.198 ], [ 78.377, 33.209 ], [ 78.371, 33.221 ], [ 78.381, 33.232 ] ] ] ] } },
{ "type": "Feature", "properties": { "POLYGON.ID": 599.0, "subregion": "India--Ladakh--Leh--Nubra and Turtuk", "POLYGON": "India--Ladakh--Leh--Nubra and Turtuk", "SHOW": "1", "FILTER": "Not-Assigned", "FILTER.ID": null, "OLD.POLYGON": null, "STATE": "Ladakh", "COUNTY": "Leh", "OWNER": null }, "geometry": { "type": "MultiPolygon", "coordinates": [ [ [ [ 77.314, 34.709 ], [ 77.307, 34.721 ], [ 77.291, 34.722 ], [ 77.281, 34.712 ], [ 77.264, 34.713 ], [ 77.258, 34.725 ], [ 77.242, 34.727 ], [ 77.235, 34.739 ], [ 77.219, 34.74 ], [ 77.212, 34.753 ], [ 77.196, 34.754 ], [ 77.189, 34.766 ], [ 77.173, 34.768 ], [ 77.166, 34.78 ], [ 77.15, 34.781 ], [ 77.144, 34.793 ], [ 77.127, 34.795 ], [ 77.121, 34.807 ], [ 77.104, 34.809 ], [ 77.098, 34.821 ], [ 77.081, 34.822 ], [ 77.075, 34.834 ], [ 77.058, 34.836 ], [ 77.048, 34.825 ], [ 77.032, 34.826 ], [ 77.022, 34.816 ], [ 77.006, 34.817 ], [ 76.999, 34.829 ], [ 76.983, 34.831 ], [ 76.973, 34.82 ], [ 76.956, 34.821 ], [ 76.95, 34.833 ], [ 76.933, 34.835 ], [ 76.927, 34.847 ], [ 76.91, 34.848 ], [ 76.904, 34.861 ], [ 76.887, 34.862 ], [ 76.877, 34.851 ], [ 76.861, 34.853 ], [ 76.854, 34.865 ], [ 76.838, 34.866 ], [ 76.831, 34.879 ], [ 76.841, 34.889 ], [ 76.835, 34.902 ], [ 76.818, 34.903 ], [ 76.812, 34.915 ], [ 76.822, 34.926 ], [ 76.815, 34.938 ], [ 76.799, 34.94 ], [ 76.792, 34.952 ], [ 76.776, 34.953 ], [ 76.766, 34.942 ], [ 76.749, 34.944 ], [ 76.743, 34.956 ], [ 76.726, 34.957 ], [ 76.716, 34.946 ], [ 76.7, 34.948 ], [ 76.69, 34.937 ], [ 76.673, 34.938 ], [ 76.667, 34.951 ], [ 76.65, 34.952 ], [ 76.644, 34.964 ], [ 76.627, 34.966 ], [ 76.617, 34.955 ], [ 76.601, 34.956 ], [ 76.594, 34.968 ], [ 76.578, 34.97 ], [ 76.571, 34.982 ], [ 76.555, 34.983 ], [ 76.545, 34.972 ], [ 76.551, 34.96 ], [ 76.568, 34.959 ], [ 76.574, 34.947 ], [ 76.591, 34.945 ], [ 76.598, 34.933 ], [ 76.614, 34.932 ], [ 76.621, 34.919 ], [ 76.637, 34.918 ], [ 76.644, 34.906 ], [ 76.66, 34.905 ], [ 76.67, 34.915 ], [ 76.687, 34.914 ], [ 76.693, 34.902 ], [ 76.71, 34.9 ], [ 76.72, 34.911 ], [ 76.736, 34.91 ], [ 76.746, 34.921 ], [ 76.762, 34.919 ], [ 76.769, 34.907 ], [ 76.785, 34.906 ], [ 76.792, 34.893 ], [ 76.782, 34.883 ], [ 76.789, 34.87 ], [ 76.805, 34.869 ], [ 76.812, 34.857 ], [ 76.802, 34.846 ], [ 76.808, 34.834 ], [ 76.825, 34.832 ], [ 76.831, 34.82 ], [ 76.848, 34.819 ], [ 76.858, 34.83 ], [ 76.874, 34.828 ], [ 76.881, 34.816 ], [ 76.897, 34.815 ], [ 76.904, 34.802 ], [ 76.92, 34.801 ], [ 76.93, 34.812 ], [ 76.946, 34.81 ], [ 76.953, 34.798 ], [ 76.969, 34.797 ], [ 76.976, 34.785 ], [ 76.992, 34.783 ], [ 77.002, 34.794 ], [ 77.019, 34.793 ], [ 77.025, 34.78 ], [ 77.042, 34.779 ], [ 77.051, 34.79 ], [ 77.068, 34.788 ], [ 77.074, 34.776 ], [ 77.091, 34.775 ], [ 77.097, 34.763 ], [ 77.114, 34.761 ], [ 77.12, 34.749 ], [ 77.137, 34.747 ], [ 77.143, 34.735 ], [ 77.16, 34.734 ], [ 77.166, 34.722 ], [ 77.182, 34.72 ], [ 77.189, 34.708 ], [ 77.205, 34.707 ], [ 77.212, 34.694 ], [ 77.228, 34.693 ], [ 77.235, 34.681 ], [ 77.251, 34.679 ], [ 77.257, 34.667 ], [ 77.274, 34.666 ], [ 77.28, 34.653 ], [ 77.297, 34.652 ], [ 77.307, 34.663 ], [ 77.323, 34.661 ], [ 77.329, 34.649 ], [ 77.346, 34.648 ], [ 77.352, 34.635 ], [ 77.369, 34.634 ], [ 77.375, 34.622 ], [ 77.391, 34.62 ], [ 77.398, 34.608 ], [ 77.414, 34.607 ], [ 77.42, 34.594 ], [ 77.437, 34.593 ], [ 77.443, 34.581 ], [ 77.46, 34.579 ], [ 77.466, 34.567 ], [ 77.482, 34.566 ], [ 77.489, 34.553 ], [ 77.505, 34.552 ], [ 77.511, 34.54 ], [ 77.528, 34.538 ], [ 77.534, 34.526 ], [ 77.55, 34.525 ], [ 77.557, 34.512 ], [ 77.573, 34.511 ], [ 77.58, 34.499 ], [ 77.596, 34.497 ], [ 77.606, 34.508 ], [ 77.622, 34.506 ], [ 77.628, 34.494 ], [ 77.645, 34.493 ], [ 77.651, 34.481 ], [ 77.667, 34.479 ], [ 77.674, 34.467 ], [ 77.69, 34.465 ], [ 77.696, 34.453 ], [ 77.713, 34.452 ], [ 77.719, 34.439 ], [ 77.735, 34.438 ], [ 77.742, 34.426 ], [ 77.732, 34.415 ], [ 77.738, 34.403 ], [ 77.754, 34.401 ], [ 77.761, 34.389 ], [ 77.751, 34.378 ], [ 77.757, 34.366 ], [ 77.773, 34.365 ], [ 77.78, 34.353 ], [ 77.796, 34.351 ], [ 77.802, 34.339 ], [ 77.818, 34.337 ], [ 77.825, 34.325 ], [ 77.841, 34.324 ], [ 77.851, 34.334 ], [ 77.845, 34.347 ], [ 77.828, 34.348 ], [ 77.822, 34.36 ], [ 77.832, 34.371 ], [ 77.826, 34.383 ], [ 77.836, 34.394 ], [ 77.829, 34.406 ], [ 77.813, 34.408 ], [ 77.807, 34.42 ], [ 77.817, 34.43 ], [ 77.811, 34.443 ], [ 77.794, 34.444 ], [ 77.788, 34.456 ], [ 77.772, 34.458 ], [ 77.765, 34.47 ], [ 77.775, 34.481 ], [ 77.769, 34.493 ], [ 77.753, 34.494 ], [ 77.746, 34.507 ], [ 77.756, 34.517 ], [ 77.75, 34.53 ], [ 77.734, 34.531 ], [ 77.727, 34.543 ], [ 77.711, 34.545 ], [ 77.705, 34.557 ], [ 77.688, 34.558 ], [ 77.682, 34.571 ], [ 77.666, 34.572 ], [ 77.659, 34.584 ], [ 77.643, 34.586 ], [ 77.637, 34.598 ], [ 77.647, 34.609 ], [ 77.64, 34.621 ], [ 77.65, 34.632 ], [ 77.644, 34.644 ], [ 77.628, 34.645 ], [ 77.621, 34.658 ], [ 77.631, 34.668 ], [ 77.625, 34.681 ], [ 77.608, 34.682 ], [ 77.602, 34.694 ], [ 77.612, 34.705 ], [ 77.606, 34.717 ], [ 77.589, 34.719 ], [ 77.583, 34.731 ], [ 77.593, 34.742 ], [ 77.587, 34.754 ], [ 77.57, 34.755 ], [ 77.564, 34.768 ], [ 77.574, 34.778 ], [ 77.567, 34.791 ], [ 77.551, 34.792 ], [ 77.545, 34.804 ], [ 77.555, 34.815 ], [ 77.548, 34.827 ], [ 77.532, 34.829 ], [ 77.525, 34.841 ], [ 77.535, 34.852 ], [ 77.529, 34.864 ], [ 77.513, 34.866 ], [ 77.506, 34.878 ], [ 77.516, 34.889 ], [ 77.51, 34.901 ], [ 77.493, 34.902 ], [ 77.487, 34.914 ], [ 77.497, 34.925 ], [ 77.49, 34.937 ], [ 77.474, 34.939 ], [ 77.468, 34.951 ], [ 77.478, 34.962 ], [ 77.471, 34.974 ], [ 77.455, 34.976 ], [ 77.448, 34.988 ], [ 77.432, 34.989 ], [ 77.425, 35.002 ], [ 77.409, 35.003 ], [ 77.402, 35.015 ], [ 77.386, 35.017 ], [ 77.38, 35.029 ], [ 77.39, 35.04 ], [ 77.383, 35.052 ], [ 77.367, 35.054 ], [ 77.36, 35.066 ], [ 77.344, 35.067 ], [ 77.337, 35.08 ], [ 77.347, 35.09 ], [ 77.341, 35.103 ], [ 77.324, 35.104 ], [ 77.318, 35.116 ], [ 77.301, 35.118 ], [ 77.295, 35.13 ], [ 77.278, 35.131 ], [ 77.272, 35.144 ], [ 77.255, 35.145 ], [ 77.249, 35.157 ], [ 77.259, 35.168 ], [ 77.252, 35.18 ], [ 77.236, 35.182 ], [ 77.229, 35.194 ], [ 77.239, 35.205 ], [ 77.233, 35.217 ], [ 77.216, 35.219 ], [ 77.21, 35.231 ], [ 77.193, 35.232 ], [ 77.183, 35.222 ], [ 77.167, 35.223 ], [ 77.157, 35.212 ], [ 77.163, 35.2 ], [ 77.18, 35.198 ], [ 77.186, 35.186 ], [ 77.176, 35.175 ], [ 77.183, 35.163 ], [ 77.199, 35.162 ], [ 77.206, 35.149 ], [ 77.196, 35.139 ], [ 77.202, 35.126 ], [ 77.219, 35.125 ], [ 77.225, 35.113 ], [ 77.215, 35.102 ], [ 77.222, 35.09 ], [ 77.238, 35.088 ], [ 77.245, 35.076 ], [ 77.261, 35.075 ], [ 77.268, 35.062 ], [ 77.284, 35.061 ], [ 77.291, 35.049 ], [ 77.307, 35.047 ], [ 77.314, 35.035 ], [ 77.33, 35.033 ], [ 77.337, 35.021 ], [ 77.327, 35.01 ], [ 77.333, 34.998 ], [ 77.35, 34.997 ], [ 77.356, 34.985 ], [ 77.372, 34.983 ], [ 77.379, 34.971 ], [ 77.369, 34.96 ], [ 77.375, 34.948 ], [ 77.392, 34.946 ], [ 77.398, 34.934 ], [ 77.415, 34.933 ], [ 77.421, 34.92 ], [ 77.438, 34.919 ], [ 77.444, 34.907 ], [ 77.434, 34.896 ], [ 77.44, 34.884 ], [ 77.43, 34.873 ], [ 77.437, 34.861 ], [ 77.453, 34.859 ], [ 77.46, 34.847 ], [ 77.45, 34.836 ], [ 77.456, 34.824 ], [ 77.446, 34.813 ], [ 77.453, 34.801 ], [ 77.469, 34.8 ], [ 77.475, 34.787 ], [ 77.492, 34.786 ], [ 77.498, 34.774 ], [ 77.488, 34.763 ], [ 77.495, 34.751 ], [ 77.511, 34.749 ], [ 77.517, 34.737 ], [ 77.507, 34.726 ], [ 77.514, 34.714 ], [ 77.53, 34.713 ], [ 77.537, 34.7 ], [ 77.527, 34.69 ], [ 77.533, 34.677 ], [ 77.523, 34.667 ], [ 77.529, 34.654 ], [ 77.546, 34.653 ], [ 77.552, 34.641 ], [ 77.542, 34.63 ], [ 77.526, 34.631 ], [ 77.516, 34.621 ], [ 77.499, 34.622 ], [ 77.493, 34.634 ], [ 77.503, 34.645 ], [ 77.497, 34.657 ], [ 77.48, 34.659 ], [ 77.474, 34.671 ], [ 77.457, 34.673 ], [ 77.447, 34.662 ], [ 77.431, 34.663 ], [ 77.425, 34.675 ], [ 77.408, 34.677 ], [ 77.402, 34.689 ], [ 77.386, 34.691 ], [ 77.379, 34.703 ], [ 77.363, 34.704 ], [ 77.353, 34.694 ], [ 77.336, 34.695 ], [ 77.33, 34.707 ], [ 77.314, 34.709 ] ] ] ] } },
{ "type": "Feature", "properties": { "POLYGON.ID": 598.0, "subregion": "India--Ladakh--Leh--Karakoram Himalaya", "POLYGON": "India--Ladakh--Leh--Karakoram Himalaya", "SHOW": "1", "FILTER": "Not-Assigned", "FILTER.ID": null, "OLD.POLYGON": null, "STATE": "Ladakh", "COUNTY": "Leh", "OWNER": null }, "geometry": { "type": "MultiPolygon", "coordinates": [ [ [ [ 74.91, 36.654 ], [ 74.917, 36.642 ], [ 74.907, 36.631 ], [ 74.914, 36.619 ], [ 74.904, 36.607 ], [ 74.887, 36.609 ], [ 74.877, 36.598 ], [ 74.885, 36.585 ], [ 74.875, 36.574 ], [ 74.882, 36.562 ], [ 74.872, 36.551 ], [ 74.879, 36.539 ], [ 74.896, 36.537 ], [ 74.903, 36.525 ], [ 74.92, 36.524 ], [ 74.927, 36.512 ], [ 74.944, 36.511 ], [ 74.954, 36.522 ], [ 74.971, 36.521 ], [ 74.981, 36.532 ], [ 74.974, 36.544 ], [ 74.984, 36.555 ], [ 75.001, 36.554 ], [ 75.011, 36.565 ], [ 75.004, 36.577 ], [ 75.013, 36.588 ], [ 75.03, 36.587 ], [ 75.038, 36.575 ], [ 75.055, 36.574 ], [ 75.062, 36.561 ], [ 75.079, 36.56 ], [ 75.089, 36.571 ], [ 75.106, 36.57 ], [ 75.113, 36.558 ], [ 75.103, 36.547 ], [ 75.11, 36.534 ], [ 75.127, 36.533 ], [ 75.137, 36.544 ], [ 75.154, 36.543 ], [ 75.161, 36.531 ], [ 75.178, 36.53 ], [ 75.188, 36.541 ], [ 75.205, 36.539 ], [ 75.212, 36.527 ], [ 75.229, 36.526 ], [ 75.236, 36.514 ], [ 75.253, 36.513 ], [ 75.263, 36.524 ], [ 75.28, 36.522 ], [ 75.287, 36.51 ], [ 75.304, 36.509 ], [ 75.311, 36.497 ], [ 75.301, 36.486 ], [ 75.308, 36.473 ], [ 75.325, 36.472 ], [ 75.332, 36.46 ], [ 75.322, 36.449 ], [ 75.329, 36.436 ], [ 75.346, 36.435 ], [ 75.353, 36.423 ], [ 75.343, 36.412 ], [ 75.326, 36.413 ], [ 75.316, 36.402 ], [ 75.299, 36.403 ], [ 75.292, 36.416 ], [ 75.275, 36.417 ], [ 75.265, 36.406 ], [ 75.248, 36.407 ], [ 75.241, 36.419 ], [ 75.224, 36.42 ], [ 75.217, 36.433 ], [ 75.227, 36.444 ], [ 75.22, 36.456 ], [ 75.203, 36.457 ], [ 75.196, 36.469 ], [ 75.179, 36.471 ], [ 75.169, 36.46 ], [ 75.152, 36.461 ], [ 75.142, 36.45 ], [ 75.125, 36.451 ], [ 75.118, 36.463 ], [ 75.101, 36.464 ], [ 75.094, 36.477 ], [ 75.077, 36.478 ], [ 75.067, 36.467 ], [ 75.074, 36.455 ], [ 75.065, 36.443 ], [ 75.048, 36.445 ], [ 75.038, 36.434 ], [ 75.021, 36.435 ], [ 75.011, 36.424 ], [ 74.994, 36.425 ], [ 74.984, 36.414 ], [ 74.967, 36.415 ], [ 74.96, 36.427 ], [ 74.943, 36.428 ], [ 74.933, 36.417 ], [ 74.94, 36.405 ], [ 74.931, 36.394 ], [ 74.938, 36.382 ], [ 74.928, 36.371 ], [ 74.935, 36.358 ], [ 74.952, 36.357 ], [ 74.959, 36.345 ], [ 74.949, 36.334 ], [ 74.956, 36.322 ], [ 74.946, 36.311 ], [ 74.953, 36.298 ], [ 74.944, 36.287 ], [ 74.927, 36.288 ], [ 74.917, 36.277 ], [ 74.9, 36.279 ], [ 74.89, 36.267 ], [ 74.897, 36.255 ], [ 74.887, 36.244 ], [ 74.87, 36.245 ], [ 74.861, 36.234 ], [ 74.844, 36.235 ], [ 74.834, 36.224 ], [ 74.817, 36.225 ], [ 74.807, 36.214 ], [ 74.814, 36.202 ], [ 74.805, 36.191 ], [ 74.788, 36.192 ], [ 74.778, 36.181 ], [ 74.761, 36.182 ], [ 74.754, 36.194 ], [ 74.737, 36.196 ], [ 74.73, 36.208 ], [ 74.74, 36.219 ], [ 74.733, 36.231 ], [ 74.716, 36.232 ], [ 74.706, 36.221 ], [ 74.689, 36.222 ], [ 74.682, 36.235 ], [ 74.665, 36.236 ], [ 74.655, 36.225 ], [ 74.662, 36.212 ], [ 74.652, 36.201 ], [ 74.636, 36.202 ], [ 74.626, 36.191 ], [ 74.609, 36.192 ], [ 74.599, 36.181 ], [ 74.582, 36.182 ], [ 74.575, 36.195 ], [ 74.558, 36.196 ], [ 74.548, 36.185 ], [ 74.531, 36.186 ], [ 74.524, 36.198 ], [ 74.507, 36.199 ], [ 74.498, 36.188 ], [ 74.481, 36.189 ], [ 74.471, 36.178 ], [ 74.454, 36.179 ], [ 74.447, 36.191 ], [ 74.43, 36.192 ], [ 74.42, 36.181 ], [ 74.403, 36.182 ], [ 74.394, 36.171 ], [ 74.401, 36.159 ], [ 74.418, 36.158 ], [ 74.425, 36.146 ], [ 74.415, 36.135 ], [ 74.398, 36.136 ], [ 74.389, 36.125 ], [ 74.396, 36.112 ], [ 74.386, 36.101 ], [ 74.369, 36.102 ], [ 74.359, 36.091 ], [ 74.367, 36.079 ], [ 74.357, 36.068 ], [ 74.364, 36.056 ], [ 74.381, 36.055 ], [ 74.388, 36.042 ], [ 74.405, 36.041 ], [ 74.412, 36.029 ], [ 74.429, 36.028 ], [ 74.439, 36.039 ], [ 74.456, 36.038 ], [ 74.465, 36.049 ], [ 74.482, 36.048 ], [ 74.492, 36.059 ], [ 74.509, 36.058 ], [ 74.519, 36.069 ], [ 74.535, 36.068 ], [ 74.543, 36.056 ], [ 74.559, 36.055 ], [ 74.567, 36.043 ], [ 74.583, 36.041 ], [ 74.591, 36.029 ], [ 74.607, 36.028 ], [ 74.615, 36.016 ], [ 74.631, 36.015 ], [ 74.639, 36.003 ], [ 74.629, 35.992 ], [ 74.636, 35.979 ], [ 74.626, 35.968 ], [ 74.609, 35.969 ], [ 74.6, 35.958 ], [ 74.607, 35.946 ], [ 74.597, 35.935 ], [ 74.604, 35.923 ], [ 74.621, 35.922 ], [ 74.631, 35.933 ], [ 74.648, 35.932 ], [ 74.655, 35.92 ], [ 74.671, 35.918 ], [ 74.681, 35.929 ], [ 74.698, 35.928 ], [ 74.708, 35.939 ], [ 74.725, 35.938 ], [ 74.734, 35.949 ], [ 74.727, 35.962 ], [ 74.737, 35.973 ], [ 74.754, 35.972 ], [ 74.764, 35.983 ], [ 74.78, 35.981 ], [ 74.79, 35.993 ], [ 74.807, 35.991 ], [ 74.814, 35.979 ], [ 74.831, 35.978 ], [ 74.838, 35.966 ], [ 74.855, 35.965 ], [ 74.862, 35.952 ], [ 74.852, 35.941 ], [ 74.859, 35.929 ], [ 74.849, 35.918 ], [ 74.833, 35.919 ], [ 74.823, 35.908 ], [ 74.83, 35.896 ], [ 74.847, 35.895 ], [ 74.854, 35.883 ], [ 74.844, 35.872 ], [ 74.827, 35.873 ], [ 74.82, 35.885 ], [ 74.803, 35.886 ], [ 74.794, 35.875 ], [ 74.801, 35.863 ], [ 74.791, 35.852 ], [ 74.798, 35.84 ], [ 74.788, 35.829 ], [ 74.795, 35.816 ], [ 74.812, 35.815 ], [ 74.819, 35.803 ], [ 74.809, 35.792 ], [ 74.817, 35.78 ], [ 74.833, 35.779 ], [ 74.84, 35.766 ], [ 74.857, 35.765 ], [ 74.864, 35.753 ], [ 74.881, 35.752 ], [ 74.891, 35.763 ], [ 74.907, 35.762 ], [ 74.915, 35.75 ], [ 74.931, 35.749 ], [ 74.938, 35.736 ], [ 74.955, 35.735 ], [ 74.962, 35.723 ], [ 74.952, 35.712 ], [ 74.959, 35.7 ], [ 74.976, 35.699 ], [ 74.986, 35.71 ], [ 75.003, 35.708 ], [ 75.012, 35.72 ], [ 75.005, 35.732 ], [ 75.015, 35.743 ], [ 75.008, 35.755 ], [ 75.018, 35.766 ], [ 75.011, 35.778 ], [ 74.994, 35.779 ], [ 74.987, 35.792 ], [ 74.997, 35.803 ], [ 75.014, 35.801 ], [ 75.023, 35.812 ], [ 75.04, 35.811 ], [ 75.047, 35.799 ], [ 75.064, 35.798 ], [ 75.074, 35.809 ], [ 75.091, 35.808 ], [ 75.098, 35.796 ], [ 75.114, 35.794 ], [ 75.121, 35.782 ], [ 75.112, 35.771 ], [ 75.119, 35.759 ], [ 75.109, 35.748 ], [ 75.092, 35.749 ], [ 75.082, 35.738 ], [ 75.089, 35.726 ], [ 75.079, 35.715 ], [ 75.086, 35.703 ], [ 75.103, 35.701 ], [ 75.11, 35.689 ], [ 75.127, 35.688 ], [ 75.137, 35.699 ], [ 75.153, 35.698 ], [ 75.163, 35.709 ], [ 75.156, 35.721 ], [ 75.166, 35.732 ], [ 75.183, 35.731 ], [ 75.193, 35.742 ], [ 75.209, 35.741 ], [ 75.216, 35.729 ], [ 75.207, 35.718 ], [ 75.214, 35.705 ], [ 75.204, 35.694 ], [ 75.187, 35.696 ], [ 75.177, 35.685 ], [ 75.16, 35.686 ], [ 75.151, 35.675 ], [ 75.158, 35.663 ], [ 75.148, 35.651 ], [ 75.155, 35.639 ], [ 75.172, 35.638 ], [ 75.179, 35.626 ], [ 75.195, 35.625 ], [ 75.205, 35.636 ], [ 75.222, 35.635 ], [ 75.232, 35.646 ], [ 75.225, 35.658 ], [ 75.234, 35.669 ], [ 75.227, 35.681 ], [ 75.237, 35.692 ], [ 75.254, 35.691 ], [ 75.264, 35.702 ], [ 75.281, 35.701 ], [ 75.287, 35.688 ], [ 75.304, 35.687 ], [ 75.311, 35.675 ], [ 75.328, 35.674 ], [ 75.335, 35.662 ], [ 75.352, 35.66 ], [ 75.359, 35.648 ], [ 75.375, 35.647 ], [ 75.385, 35.658 ], [ 75.378, 35.67 ], [ 75.361, 35.671 ], [ 75.354, 35.684 ], [ 75.364, 35.695 ], [ 75.357, 35.707 ], [ 75.367, 35.718 ], [ 75.36, 35.73 ], [ 75.37, 35.741 ], [ 75.363, 35.753 ], [ 75.346, 35.754 ], [ 75.339, 35.767 ], [ 75.349, 35.778 ], [ 75.342, 35.79 ], [ 75.352, 35.801 ], [ 75.345, 35.813 ], [ 75.355, 35.824 ], [ 75.372, 35.823 ], [ 75.382, 35.834 ], [ 75.375, 35.846 ], [ 75.358, 35.847 ], [ 75.348, 35.836 ], [ 75.331, 35.838 ], [ 75.321, 35.827 ], [ 75.305, 35.828 ], [ 75.295, 35.817 ], [ 75.278, 35.818 ], [ 75.268, 35.807 ], [ 75.251, 35.808 ], [ 75.244, 35.82 ], [ 75.254, 35.831 ], [ 75.247, 35.844 ], [ 75.257, 35.855 ], [ 75.25, 35.867 ], [ 75.26, 35.878 ], [ 75.253, 35.89 ], [ 75.263, 35.901 ], [ 75.28, 35.9 ], [ 75.289, 35.911 ], [ 75.306, 35.91 ], [ 75.313, 35.897 ], [ 75.33, 35.896 ], [ 75.34, 35.907 ], [ 75.357, 35.906 ], [ 75.366, 35.917 ], [ 75.383, 35.916 ], [ 75.393, 35.927 ], [ 75.41, 35.926 ], [ 75.42, 35.937 ], [ 75.413, 35.949 ], [ 75.423, 35.96 ], [ 75.439, 35.959 ], [ 75.449, 35.97 ], [ 75.466, 35.968 ], [ 75.473, 35.956 ], [ 75.463, 35.945 ], [ 75.47, 35.933 ], [ 75.46, 35.922 ], [ 75.467, 35.91 ], [ 75.484, 35.908 ], [ 75.491, 35.896 ], [ 75.481, 35.885 ], [ 75.464, 35.886 ], [ 75.454, 35.875 ], [ 75.461, 35.863 ], [ 75.452, 35.852 ], [ 75.458, 35.84 ], [ 75.475, 35.839 ], [ 75.482, 35.827 ], [ 75.472, 35.816 ], [ 75.479, 35.803 ], [ 75.469, 35.792 ], [ 75.476, 35.78 ], [ 75.467, 35.769 ], [ 75.45, 35.77 ], [ 75.44, 35.759 ], [ 75.447, 35.747 ], [ 75.464, 35.746 ], [ 75.473, 35.757 ], [ 75.49, 35.756 ], [ 75.5, 35.767 ], [ 75.517, 35.765 ], [ 75.524, 35.753 ], [ 75.54, 35.752 ], [ 75.55, 35.763 ], [ 75.567, 35.762 ], [ 75.577, 35.773 ], [ 75.57, 35.785 ], [ 75.58, 35.796 ], [ 75.573, 35.808 ], [ 75.583, 35.819 ], [ 75.6, 35.818 ], [ 75.606, 35.806 ], [ 75.623, 35.804 ], [ 75.63, 35.792 ], [ 75.647, 35.791 ], [ 75.654, 35.779 ], [ 75.671, 35.777 ], [ 75.677, 35.765 ], [ 75.694, 35.764 ], [ 75.701, 35.752 ], [ 75.718, 35.75 ], [ 75.725, 35.738 ], [ 75.741, 35.737 ], [ 75.748, 35.725 ], [ 75.765, 35.723 ], [ 75.775, 35.734 ], [ 75.792, 35.733 ], [ 75.798, 35.721 ], [ 75.815, 35.72 ], [ 75.822, 35.707 ], [ 75.839, 35.706 ], [ 75.846, 35.694 ], [ 75.862, 35.693 ], [ 75.872, 35.704 ], [ 75.865, 35.716 ], [ 75.875, 35.727 ], [ 75.868, 35.739 ], [ 75.852, 35.74 ], [ 75.845, 35.753 ], [ 75.855, 35.763 ], [ 75.848, 35.776 ], [ 75.858, 35.787 ], [ 75.875, 35.785 ], [ 75.881, 35.773 ], [ 75.898, 35.772 ], [ 75.905, 35.76 ], [ 75.922, 35.758 ], [ 75.929, 35.746 ], [ 75.919, 35.735 ], [ 75.925, 35.723 ], [ 75.942, 35.722 ], [ 75.952, 35.733 ], [ 75.945, 35.745 ], [ 75.955, 35.756 ], [ 75.948, 35.768 ], [ 75.932, 35.769 ], [ 75.925, 35.782 ], [ 75.935, 35.792 ], [ 75.928, 35.805 ], [ 75.938, 35.816 ], [ 75.955, 35.814 ], [ 75.964, 35.825 ], [ 75.981, 35.824 ], [ 75.988, 35.812 ], [ 75.978, 35.801 ], [ 75.985, 35.789 ], [ 75.975, 35.778 ], [ 75.982, 35.765 ], [ 75.999, 35.764 ], [ 76.005, 35.752 ], [ 75.995, 35.741 ], [ 76.002, 35.729 ], [ 75.992, 35.718 ], [ 75.999, 35.705 ], [ 75.989, 35.695 ], [ 75.996, 35.682 ], [ 76.013, 35.681 ], [ 76.02, 35.669 ], [ 76.036, 35.667 ], [ 76.046, 35.678 ], [ 76.063, 35.677 ], [ 76.07, 35.665 ], [ 76.086, 35.664 ], [ 76.096, 35.674 ], [ 76.113, 35.673 ], [ 76.123, 35.684 ], [ 76.14, 35.683 ], [ 76.146, 35.671 ], [ 76.136, 35.66 ], [ 76.12, 35.661 ], [ 76.11, 35.65 ], [ 76.093, 35.651 ], [ 76.083, 35.64 ], [ 76.067, 35.642 ], [ 76.06, 35.654 ], [ 76.043, 35.655 ], [ 76.033, 35.644 ], [ 76.016, 35.646 ], [ 76.01, 35.658 ], [ 75.993, 35.659 ], [ 75.983, 35.648 ], [ 75.966, 35.649 ], [ 75.956, 35.639 ], [ 75.94, 35.64 ], [ 75.93, 35.629 ], [ 75.913, 35.63 ], [ 75.903, 35.619 ], [ 75.887, 35.62 ], [ 75.877, 35.61 ], [ 75.86, 35.611 ], [ 75.853, 35.623 ], [ 75.836, 35.624 ], [ 75.83, 35.637 ], [ 75.813, 35.638 ], [ 75.806, 35.65 ], [ 75.789, 35.651 ], [ 75.779, 35.64 ], [ 75.763, 35.642 ], [ 75.756, 35.654 ], [ 75.739, 35.655 ], [ 75.732, 35.667 ], [ 75.716, 35.669 ], [ 75.709, 35.681 ], [ 75.692, 35.682 ], [ 75.685, 35.694 ], [ 75.668, 35.696 ], [ 75.659, 35.685 ], [ 75.665, 35.672 ], [ 75.656, 35.661 ], [ 75.639, 35.663 ], [ 75.629, 35.652 ], [ 75.612, 35.653 ], [ 75.602, 35.642 ], [ 75.609, 35.63 ], [ 75.626, 35.628 ], [ 75.633, 35.616 ], [ 75.65, 35.615 ], [ 75.657, 35.603 ], [ 75.647, 35.592 ], [ 75.654, 35.58 ], [ 75.67, 35.578 ], [ 75.68, 35.589 ], [ 75.697, 35.588 ], [ 75.704, 35.576 ], [ 75.72, 35.575 ], [ 75.727, 35.562 ], [ 75.744, 35.561 ], [ 75.754, 35.572 ], [ 75.77, 35.571 ], [ 75.777, 35.559 ], [ 75.794, 35.557 ], [ 75.804, 35.568 ], [ 75.821, 35.567 ], [ 75.827, 35.555 ], [ 75.844, 35.554 ], [ 75.851, 35.541 ], [ 75.868, 35.54 ], [ 75.874, 35.528 ], [ 75.891, 35.527 ], [ 75.898, 35.514 ], [ 75.915, 35.513 ], [ 75.921, 35.501 ], [ 75.938, 35.5 ], [ 75.945, 35.487 ], [ 75.935, 35.476 ], [ 75.918, 35.478 ], [ 75.908, 35.467 ], [ 75.915, 35.454 ], [ 75.932, 35.453 ], [ 75.939, 35.441 ], [ 75.955, 35.44 ], [ 75.962, 35.427 ], [ 75.952, 35.417 ], [ 75.959, 35.404 ], [ 75.949, 35.393 ], [ 75.956, 35.381 ], [ 75.973, 35.38 ], [ 75.979, 35.368 ], [ 75.996, 35.366 ], [ 76.003, 35.354 ], [ 76.019, 35.353 ], [ 76.029, 35.364 ], [ 76.046, 35.363 ], [ 76.053, 35.35 ], [ 76.069, 35.349 ], [ 76.076, 35.337 ], [ 76.093, 35.335 ], [ 76.102, 35.346 ], [ 76.119, 35.345 ], [ 76.129, 35.356 ], [ 76.146, 35.355 ], [ 76.152, 35.342 ], [ 76.169, 35.341 ], [ 76.179, 35.352 ], [ 76.195, 35.351 ], [ 76.202, 35.339 ], [ 76.219, 35.337 ], [ 76.229, 35.348 ], [ 76.245, 35.347 ], [ 76.255, 35.358 ], [ 76.272, 35.356 ], [ 76.282, 35.367 ], [ 76.298, 35.366 ], [ 76.308, 35.377 ], [ 76.302, 35.389 ], [ 76.311, 35.4 ], [ 76.328, 35.399 ], [ 76.338, 35.409 ], [ 76.355, 35.408 ], [ 76.365, 35.419 ], [ 76.358, 35.431 ], [ 76.368, 35.442 ], [ 76.361, 35.454 ], [ 76.371, 35.465 ], [ 76.388, 35.464 ], [ 76.398, 35.475 ], [ 76.391, 35.487 ], [ 76.374, 35.488 ], [ 76.367, 35.501 ], [ 76.377, 35.512 ], [ 76.371, 35.524 ], [ 76.381, 35.535 ], [ 76.397, 35.533 ], [ 76.407, 35.544 ], [ 76.424, 35.543 ], [ 76.434, 35.554 ], [ 76.45, 35.552 ], [ 76.457, 35.54 ], [ 76.447, 35.529 ], [ 76.454, 35.517 ], [ 76.471, 35.516 ], [ 76.477, 35.503 ], [ 76.467, 35.493 ], [ 76.474, 35.48 ], [ 76.464, 35.469 ], [ 76.447, 35.471 ], [ 76.437, 35.46 ], [ 76.444, 35.448 ], [ 76.434, 35.437 ], [ 76.441, 35.425 ], [ 76.431, 35.414 ], [ 76.438, 35.401 ], [ 76.454, 35.4 ], [ 76.461, 35.388 ], [ 76.478, 35.386 ], [ 76.484, 35.374 ], [ 76.501, 35.373 ], [ 76.511, 35.384 ], [ 76.527, 35.382 ], [ 76.534, 35.37 ], [ 76.551, 35.369 ], [ 76.557, 35.357 ], [ 76.574, 35.355 ], [ 76.584, 35.366 ], [ 76.6, 35.365 ], [ 76.607, 35.352 ], [ 76.624, 35.351 ], [ 76.63, 35.339 ], [ 76.647, 35.337 ], [ 76.657, 35.348 ], [ 76.65, 35.361 ], [ 76.634, 35.362 ], [ 76.627, 35.374 ], [ 76.637, 35.385 ], [ 76.63, 35.397 ], [ 76.64, 35.408 ], [ 76.657, 35.407 ], [ 76.664, 35.395 ], [ 76.68, 35.393 ], [ 76.687, 35.381 ], [ 76.677, 35.37 ], [ 76.683, 35.358 ], [ 76.7, 35.356 ], [ 76.707, 35.344 ], [ 76.723, 35.343 ], [ 76.73, 35.331 ], [ 76.746, 35.329 ], [ 76.753, 35.317 ], [ 76.743, 35.306 ], [ 76.727, 35.307 ], [ 76.717, 35.297 ], [ 76.723, 35.284 ], [ 76.713, 35.273 ], [ 76.72, 35.261 ], [ 76.736, 35.26 ], [ 76.743, 35.248 ], [ 76.733, 35.237 ], [ 76.717, 35.238 ], [ 76.707, 35.227 ], [ 76.69, 35.229 ], [ 76.68, 35.218 ], [ 76.687, 35.206 ], [ 76.677, 35.195 ], [ 76.683, 35.183 ], [ 76.673, 35.172 ], [ 76.68, 35.159 ], [ 76.67, 35.149 ], [ 76.654, 35.15 ], [ 76.644, 35.139 ], [ 76.627, 35.141 ], [ 76.617, 35.13 ], [ 76.601, 35.131 ], [ 76.594, 35.143 ], [ 76.578, 35.145 ], [ 76.568, 35.134 ], [ 76.551, 35.135 ], [ 76.541, 35.124 ], [ 76.525, 35.126 ], [ 76.515, 35.115 ], [ 76.521, 35.103 ], [ 76.511, 35.092 ], [ 76.518, 35.08 ], [ 76.535, 35.078 ], [ 76.541, 35.066 ], [ 76.558, 35.065 ], [ 76.564, 35.052 ], [ 76.555, 35.042 ], [ 76.561, 35.029 ], [ 76.551, 35.018 ], [ 76.558, 35.006 ], [ 76.548, 34.995 ], [ 76.555, 34.983 ], [ 76.571, 34.982 ], [ 76.578, 34.97 ], [ 76.594, 34.968 ], [ 76.601, 34.956 ], [ 76.617, 34.955 ], [ 76.627, 34.966 ], [ 76.644, 34.964 ], [ 76.65, 34.952 ], [ 76.667, 34.951 ], [ 76.673, 34.938 ], [ 76.69, 34.937 ], [ 76.7, 34.948 ], [ 76.716, 34.946 ], [ 76.726, 34.957 ], [ 76.743, 34.956 ], [ 76.749, 34.944 ], [ 76.766, 34.942 ], [ 76.776, 34.953 ], [ 76.792, 34.952 ], [ 76.799, 34.94 ], [ 76.815, 34.938 ], [ 76.822, 34.926 ], [ 76.812, 34.915 ], [ 76.818, 34.903 ], [ 76.835, 34.902 ], [ 76.841, 34.889 ], [ 76.831, 34.879 ], [ 76.838, 34.866 ], [ 76.854, 34.865 ], [ 76.861, 34.853 ], [ 76.877, 34.851 ], [ 76.887, 34.862 ], [ 76.904, 34.861 ], [ 76.91, 34.848 ], [ 76.927, 34.847 ], [ 76.933, 34.835 ], [ 76.95, 34.833 ], [ 76.956, 34.821 ], [ 76.973, 34.82 ], [ 76.983, 34.831 ], [ 76.999, 34.829 ], [ 77.006, 34.817 ], [ 77.022, 34.816 ], [ 77.032, 34.826 ], [ 77.048, 34.825 ], [ 77.058, 34.836 ], [ 77.075, 34.834 ], [ 77.081, 34.822 ], [ 77.098, 34.821 ], [ 77.104, 34.809 ], [ 77.121, 34.807 ], [ 77.127, 34.795 ], [ 77.144, 34.793 ], [ 77.15, 34.781 ], [ 77.166, 34.78 ], [ 77.173, 34.768 ], [ 77.189, 34.766 ], [ 77.196, 34.754 ], [ 77.212, 34.753 ], [ 77.219, 34.74 ], [ 77.235, 34.739 ], [ 77.242, 34.727 ], [ 77.258, 34.725 ], [ 77.264, 34.713 ], [ 77.281, 34.712 ], [ 77.291, 34.722 ], [ 77.307, 34.721 ], [ 77.314, 34.709 ], [ 77.33, 34.707 ], [ 77.336, 34.695 ], [ 77.353, 34.694 ], [ 77.363, 34.704 ], [ 77.379, 34.703 ], [ 77.386, 34.691 ], [ 77.402, 34.689 ], [ 77.408, 34.677 ], [ 77.425, 34.675 ], [ 77.431, 34.663 ], [ 77.447, 34.662 ], [ 77.457, 34.673 ], [ 77.474, 34.671 ], [ 77.48, 34.659 ], [ 77.497, 34.657 ], [ 77.503, 34.645 ], [ 77.493, 34.634 ], [ 77.499, 34.622 ], [ 77.516, 34.621 ], [ 77.526, 34.631 ], [ 77.542, 34.63 ], [ 77.552, 34.641 ], [ 77.546, 34.653 ], [ 77.529, 34.654 ], [ 77.523, 34.667 ], [ 77.533, 34.677 ], [ 77.527, 34.69 ], [ 77.537, 34.7 ], [ 77.53, 34.713 ], [ 77.514, 34.714 ], [ 77.507, 34.726 ], [ 77.517, 34.737 ], [ 77.511, 34.749 ], [ 77.495, 34.751 ], [ 77.488, 34.763 ], [ 77.498, 34.774 ], [ 77.492, 34.786 ], [ 77.475, 34.787 ], [ 77.469, 34.8 ], [ 77.453, 34.801 ], [ 77.446, 34.813 ], [ 77.456, 34.824 ], [ 77.45, 34.836 ], [ 77.46, 34.847 ], [ 77.453, 34.859 ], [ 77.437, 34.861 ], [ 77.43, 34.873 ], [ 77.44, 34.884 ], [ 77.434, 34.896 ], [ 77.444, 34.907 ], [ 77.438, 34.919 ], [ 77.421, 34.92 ], [ 77.415, 34.933 ], [ 77.398, 34.934 ], [ 77.392, 34.946 ], [ 77.375, 34.948 ], [ 77.369, 34.96 ], [ 77.379, 34.971 ], [ 77.372, 34.983 ], [ 77.356, 34.985 ], [ 77.35, 34.997 ], [ 77.333, 34.998 ], [ 77.327, 35.01 ], [ 77.337, 35.021 ], [ 77.33, 35.033 ], [ 77.314, 35.035 ], [ 77.307, 35.047 ], [ 77.291, 35.049 ], [ 77.284, 35.061 ], [ 77.268, 35.062 ], [ 77.261, 35.075 ], [ 77.245, 35.076 ], [ 77.238, 35.088 ], [ 77.222, 35.09 ], [ 77.215, 35.102 ], [ 77.225, 35.113 ], [ 77.219, 35.125 ], [ 77.202, 35.126 ], [ 77.196, 35.139 ], [ 77.206, 35.149 ], [ 77.199, 35.162 ], [ 77.183, 35.163 ], [ 77.176, 35.175 ], [ 77.186, 35.186 ], [ 77.18, 35.198 ], [ 77.163, 35.2 ], [ 77.157, 35.212 ], [ 77.167, 35.223 ], [ 77.183, 35.222 ], [ 77.193, 35.232 ], [ 77.21, 35.231 ], [ 77.216, 35.219 ], [ 77.233, 35.217 ], [ 77.239, 35.205 ], [ 77.229, 35.194 ], [ 77.236, 35.182 ], [ 77.252, 35.18 ], [ 77.259, 35.168 ], [ 77.249, 35.157 ], [ 77.255, 35.145 ], [ 77.272, 35.144 ], [ 77.278, 35.131 ], [ 77.295, 35.13 ], [ 77.301, 35.118 ], [ 77.318, 35.116 ], [ 77.324, 35.104 ], [ 77.341, 35.103 ], [ 77.347, 35.09 ], [ 77.337, 35.08 ], [ 77.344, 35.067 ], [ 77.36, 35.066 ], [ 77.367, 35.054 ], [ 77.383, 35.052 ], [ 77.39, 35.04 ], [ 77.38, 35.029 ], [ 77.386, 35.017 ], [ 77.402, 35.015 ], [ 77.409, 35.003 ], [ 77.425, 35.002 ], [ 77.432, 34.989 ], [ 77.448, 34.988 ], [ 77.455, 34.976 ], [ 77.471, 34.974 ], [ 77.478, 34.962 ], [ 77.468, 34.951 ], [ 77.474, 34.939 ], [ 77.49, 34.937 ], [ 77.497, 34.925 ], [ 77.487, 34.914 ], [ 77.493, 34.902 ], [ 77.51, 34.901 ], [ 77.516, 34.889 ], [ 77.506, 34.878 ], [ 77.513, 34.866 ], [ 77.529, 34.864 ], [ 77.535, 34.852 ], [ 77.525, 34.841 ], [ 77.532, 34.829 ], [ 77.548, 34.827 ], [ 77.555, 34.815 ], [ 77.545, 34.804 ], [ 77.551, 34.792 ], [ 77.567, 34.791 ], [ 77.574, 34.778 ], [ 77.564, 34.768 ], [ 77.57, 34.755 ], [ 77.587, 34.754 ], [ 77.593, 34.742 ], [ 77.583, 34.731 ], [ 77.589, 34.719 ], [ 77.606, 34.717 ], [ 77.612, 34.705 ], [ 77.602, 34.694 ], [ 77.608, 34.682 ], [ 77.625, 34.681 ], [ 77.631, 34.668 ], [ 77.621, 34.658 ], [ 77.628, 34.645 ], [ 77.644, 34.644 ], [ 77.65, 34.632 ], [ 77.64, 34.621 ], [ 77.647, 34.609 ], [ 77.637, 34.598 ], [ 77.643, 34.586 ], [ 77.659, 34.584 ], [ 77.666, 34.572 ], [ 77.682, 34.571 ], [ 77.688, 34.558 ], [ 77.705, 34.557 ], [ 77.711, 34.545 ], [ 77.727, 34.543 ], [ 77.734, 34.531 ], [ 77.75, 34.53 ], [ 77.756, 34.517 ], [ 77.746, 34.507 ], [ 77.753, 34.494 ], [ 77.769, 34.493 ], [ 77.775, 34.481 ], [ 77.765, 34.47 ], [ 77.772, 34.458 ], [ 77.788, 34.456 ], [ 77.794, 34.444 ], [ 77.811, 34.443 ], [ 77.817, 34.43 ], [ 77.807, 34.42 ], [ 77.813, 34.408 ], [ 77.829, 34.406 ], [ 77.836, 34.394 ], [ 77.826, 34.383 ], [ 77.832, 34.371 ], [ 77.822, 34.36 ], [ 77.828, 34.348 ], [ 77.845, 34.347 ], [ 77.855, 34.357 ], [ 77.871, 34.356 ], [ 77.877, 34.343 ], [ 77.893, 34.342 ], [ 77.903, 34.353 ], [ 77.92, 34.351 ], [ 77.93, 34.362 ], [ 77.946, 34.36 ], [ 77.952, 34.348 ], [ 77.968, 34.347 ], [ 77.975, 34.334 ], [ 77.991, 34.333 ], [ 77.997, 34.321 ], [ 78.014, 34.319 ], [ 78.02, 34.307 ], [ 78.036, 34.305 ], [ 78.046, 34.316 ], [ 78.062, 34.314 ], [ 78.069, 34.302 ], [ 78.085, 34.301 ], [ 78.091, 34.289 ], [ 78.081, 34.278 ], [ 78.087, 34.266 ], [ 78.103, 34.264 ], [ 78.11, 34.252 ], [ 78.126, 34.25 ], [ 78.132, 34.238 ], [ 78.148, 34.237 ], [ 78.155, 34.224 ], [ 78.145, 34.214 ], [ 78.151, 34.202 ], [ 78.167, 34.2 ], [ 78.173, 34.188 ], [ 78.189, 34.186 ], [ 78.196, 34.174 ], [ 78.186, 34.163 ], [ 78.192, 34.151 ], [ 78.208, 34.15 ], [ 78.214, 34.138 ], [ 78.23, 34.136 ], [ 78.24, 34.147 ], [ 78.234, 34.159 ], [ 78.244, 34.169 ], [ 78.26, 34.168 ], [ 78.27, 34.179 ], [ 78.287, 34.177 ], [ 78.297, 34.188 ], [ 78.29, 34.2 ], [ 78.3, 34.21 ], [ 78.294, 34.223 ], [ 78.304, 34.233 ], [ 78.298, 34.245 ], [ 78.308, 34.256 ], [ 78.302, 34.268 ], [ 78.312, 34.279 ], [ 78.328, 34.277 ], [ 78.338, 34.288 ], [ 78.354, 34.286 ], [ 78.365, 34.297 ], [ 78.381, 34.295 ], [ 78.391, 34.306 ], [ 78.407, 34.305 ], [ 78.413, 34.292 ], [ 78.429, 34.291 ], [ 78.439, 34.301 ], [ 78.456, 34.3 ], [ 78.466, 34.31 ], [ 78.482, 34.309 ], [ 78.488, 34.297 ], [ 78.504, 34.295 ], [ 78.514, 34.306 ], [ 78.531, 34.304 ], [ 78.537, 34.292 ], [ 78.553, 34.29 ], [ 78.563, 34.301 ], [ 78.579, 34.299 ], [ 78.589, 34.31 ], [ 78.606, 34.308 ], [ 78.616, 34.319 ], [ 78.632, 34.317 ], [ 78.638, 34.305 ], [ 78.654, 34.303 ], [ 78.664, 34.314 ], [ 78.68, 34.312 ], [ 78.691, 34.323 ], [ 78.707, 34.321 ], [ 78.713, 34.309 ], [ 78.729, 34.307 ], [ 78.739, 34.318 ], [ 78.755, 34.316 ], [ 78.765, 34.327 ], [ 78.782, 34.325 ], [ 78.792, 34.336 ], [ 78.808, 34.334 ], [ 78.818, 34.345 ], [ 78.834, 34.343 ], [ 78.844, 34.354 ], [ 78.838, 34.366 ], [ 78.822, 34.368 ], [ 78.812, 34.357 ], [ 78.796, 34.359 ], [ 78.79, 34.371 ], [ 78.773, 34.373 ], [ 78.767, 34.385 ], [ 78.751, 34.387 ], [ 78.745, 34.399 ], [ 78.729, 34.4 ], [ 78.719, 34.39 ], [ 78.702, 34.391 ], [ 78.696, 34.404 ], [ 78.68, 34.405 ], [ 78.674, 34.418 ], [ 78.658, 34.419 ], [ 78.652, 34.431 ], [ 78.635, 34.433 ], [ 78.629, 34.445 ], [ 78.613, 34.447 ], [ 78.603, 34.436 ], [ 78.587, 34.438 ], [ 78.581, 34.45 ], [ 78.564, 34.452 ], [ 78.558, 34.464 ], [ 78.542, 34.466 ], [ 78.536, 34.478 ], [ 78.519, 34.479 ], [ 78.513, 34.492 ], [ 78.523, 34.502 ], [ 78.517, 34.514 ], [ 78.501, 34.516 ], [ 78.495, 34.528 ], [ 78.505, 34.539 ], [ 78.499, 34.551 ], [ 78.509, 34.562 ], [ 78.503, 34.574 ], [ 78.513, 34.585 ], [ 78.507, 34.597 ], [ 78.517, 34.608 ], [ 78.51, 34.62 ], [ 78.521, 34.63 ], [ 78.514, 34.643 ], [ 78.498, 34.644 ], [ 78.492, 34.657 ], [ 78.476, 34.658 ], [ 78.469, 34.67 ], [ 78.453, 34.672 ], [ 78.447, 34.684 ], [ 78.431, 34.686 ], [ 78.424, 34.698 ], [ 78.434, 34.709 ], [ 78.428, 34.721 ], [ 78.438, 34.732 ], [ 78.432, 34.744 ], [ 78.442, 34.755 ], [ 78.436, 34.767 ], [ 78.446, 34.778 ], [ 78.463, 34.776 ], [ 78.473, 34.787 ], [ 78.467, 34.799 ], [ 78.477, 34.81 ], [ 78.47, 34.822 ], [ 78.481, 34.832 ], [ 78.497, 34.831 ], [ 78.507, 34.841 ], [ 78.501, 34.854 ], [ 78.511, 34.864 ], [ 78.527, 34.863 ], [ 78.538, 34.873 ], [ 78.531, 34.886 ], [ 78.541, 34.896 ], [ 78.558, 34.895 ], [ 78.568, 34.905 ], [ 78.562, 34.918 ], [ 78.572, 34.928 ], [ 78.566, 34.941 ], [ 78.549, 34.942 ], [ 78.543, 34.955 ], [ 78.527, 34.956 ], [ 78.521, 34.968 ], [ 78.504, 34.97 ], [ 78.498, 34.982 ], [ 78.482, 34.984 ], [ 78.471, 34.973 ], [ 78.455, 34.975 ], [ 78.449, 34.987 ], [ 78.432, 34.989 ], [ 78.426, 35.001 ], [ 78.41, 35.003 ], [ 78.404, 35.015 ], [ 78.387, 35.017 ], [ 78.381, 35.029 ], [ 78.391, 35.039 ], [ 78.385, 35.052 ], [ 78.368, 35.053 ], [ 78.362, 35.066 ], [ 78.346, 35.067 ], [ 78.339, 35.08 ], [ 78.323, 35.081 ], [ 78.317, 35.093 ], [ 78.3, 35.095 ], [ 78.294, 35.107 ], [ 78.278, 35.109 ], [ 78.271, 35.121 ], [ 78.255, 35.123 ], [ 78.249, 35.135 ], [ 78.232, 35.137 ], [ 78.226, 35.149 ], [ 78.209, 35.151 ], [ 78.203, 35.163 ], [ 78.187, 35.164 ], [ 78.18, 35.177 ], [ 78.191, 35.187 ], [ 78.184, 35.2 ], [ 78.168, 35.201 ], [ 78.158, 35.191 ], [ 78.141, 35.192 ], [ 78.135, 35.204 ], [ 78.118, 35.206 ], [ 78.112, 35.218 ], [ 78.096, 35.22 ], [ 78.089, 35.232 ], [ 78.073, 35.234 ], [ 78.066, 35.246 ], [ 78.05, 35.248 ], [ 78.04, 35.237 ], [ 78.023, 35.238 ], [ 78.013, 35.228 ], [ 77.997, 35.229 ], [ 77.99, 35.242 ], [ 77.974, 35.243 ], [ 77.964, 35.232 ], [ 77.947, 35.234 ], [ 77.941, 35.246 ], [ 77.924, 35.248 ], [ 77.914, 35.237 ], [ 77.898, 35.239 ], [ 77.888, 35.228 ], [ 77.871, 35.229 ], [ 77.865, 35.242 ], [ 77.848, 35.243 ], [ 77.838, 35.232 ], [ 77.822, 35.234 ], [ 77.815, 35.246 ], [ 77.799, 35.248 ], [ 77.789, 35.237 ], [ 77.772, 35.239 ], [ 77.766, 35.251 ], [ 77.749, 35.252 ], [ 77.743, 35.265 ], [ 77.726, 35.266 ], [ 77.72, 35.278 ], [ 77.703, 35.28 ], [ 77.697, 35.292 ], [ 77.68, 35.294 ], [ 77.674, 35.306 ], [ 77.684, 35.317 ], [ 77.678, 35.329 ], [ 77.661, 35.331 ], [ 77.655, 35.343 ], [ 77.665, 35.354 ], [ 77.658, 35.366 ], [ 77.669, 35.377 ], [ 77.662, 35.389 ], [ 77.646, 35.391 ], [ 77.639, 35.403 ], [ 77.649, 35.414 ], [ 77.643, 35.426 ], [ 77.626, 35.427 ], [ 77.616, 35.417 ], [ 77.6, 35.418 ], [ 77.593, 35.43 ], [ 77.577, 35.432 ], [ 77.57, 35.444 ], [ 77.58, 35.455 ], [ 77.574, 35.467 ], [ 77.557, 35.469 ], [ 77.551, 35.481 ], [ 77.561, 35.492 ], [ 77.554, 35.504 ], [ 77.538, 35.506 ], [ 77.531, 35.518 ], [ 77.515, 35.519 ], [ 77.508, 35.532 ], [ 77.492, 35.533 ], [ 77.485, 35.546 ], [ 77.469, 35.547 ], [ 77.462, 35.559 ], [ 77.472, 35.57 ], [ 77.466, 35.582 ], [ 77.476, 35.593 ], [ 77.469, 35.606 ], [ 77.453, 35.607 ], [ 77.446, 35.619 ], [ 77.456, 35.63 ], [ 77.45, 35.642 ], [ 77.46, 35.653 ], [ 77.453, 35.666 ], [ 77.437, 35.667 ], [ 77.43, 35.679 ], [ 77.414, 35.681 ], [ 77.407, 35.693 ], [ 77.391, 35.695 ], [ 77.384, 35.707 ], [ 77.367, 35.708 ], [ 77.361, 35.721 ], [ 77.344, 35.722 ], [ 77.338, 35.734 ], [ 77.321, 35.736 ], [ 77.311, 35.725 ], [ 77.294, 35.727 ], [ 77.288, 35.739 ], [ 77.271, 35.74 ], [ 77.261, 35.73 ], [ 77.244, 35.731 ], [ 77.238, 35.743 ], [ 77.221, 35.745 ], [ 77.214, 35.757 ], [ 77.198, 35.759 ], [ 77.191, 35.771 ], [ 77.175, 35.772 ], [ 77.168, 35.785 ], [ 77.151, 35.786 ], [ 77.145, 35.798 ], [ 77.128, 35.8 ], [ 77.121, 35.812 ], [ 77.105, 35.814 ], [ 77.095, 35.803 ], [ 77.078, 35.804 ], [ 77.068, 35.793 ], [ 77.051, 35.795 ], [ 77.041, 35.784 ], [ 77.024, 35.785 ], [ 77.014, 35.775 ], [ 76.998, 35.776 ], [ 76.991, 35.788 ], [ 76.974, 35.79 ], [ 76.968, 35.802 ], [ 76.951, 35.803 ], [ 76.941, 35.793 ], [ 76.924, 35.794 ], [ 76.918, 35.806 ], [ 76.901, 35.808 ], [ 76.894, 35.82 ], [ 76.878, 35.821 ], [ 76.871, 35.834 ], [ 76.854, 35.835 ], [ 76.848, 35.847 ], [ 76.831, 35.849 ], [ 76.824, 35.861 ], [ 76.807, 35.863 ], [ 76.801, 35.875 ], [ 76.811, 35.886 ], [ 76.804, 35.898 ], [ 76.788, 35.899 ], [ 76.781, 35.912 ], [ 76.764, 35.913 ], [ 76.757, 35.925 ], [ 76.767, 35.936 ], [ 76.761, 35.949 ], [ 76.744, 35.95 ], [ 76.737, 35.962 ], [ 76.747, 35.973 ], [ 76.764, 35.972 ], [ 76.774, 35.983 ], [ 76.768, 35.995 ], [ 76.778, 36.006 ], [ 76.794, 36.004 ], [ 76.805, 36.015 ], [ 76.821, 36.014 ], [ 76.831, 36.025 ], [ 76.825, 36.037 ], [ 76.808, 36.039 ], [ 76.801, 36.051 ], [ 76.784, 36.052 ], [ 76.778, 36.065 ], [ 76.761, 36.066 ], [ 76.754, 36.078 ], [ 76.738, 36.08 ], [ 76.731, 36.092 ], [ 76.741, 36.103 ], [ 76.734, 36.115 ], [ 76.744, 36.126 ], [ 76.738, 36.138 ], [ 76.721, 36.14 ], [ 76.714, 36.152 ], [ 76.697, 36.154 ], [ 76.691, 36.166 ], [ 76.674, 36.167 ], [ 76.667, 36.18 ], [ 76.65, 36.181 ], [ 76.644, 36.193 ], [ 76.627, 36.195 ], [ 76.617, 36.184 ], [ 76.6, 36.185 ], [ 76.59, 36.174 ], [ 76.573, 36.176 ], [ 76.566, 36.188 ], [ 76.549, 36.189 ], [ 76.543, 36.202 ], [ 76.526, 36.203 ], [ 76.519, 36.215 ], [ 76.502, 36.217 ], [ 76.495, 36.229 ], [ 76.479, 36.23 ], [ 76.472, 36.243 ], [ 76.455, 36.244 ], [ 76.448, 36.256 ], [ 76.458, 36.267 ], [ 76.452, 36.28 ], [ 76.462, 36.291 ], [ 76.455, 36.303 ], [ 76.438, 36.304 ], [ 76.431, 36.317 ], [ 76.414, 36.318 ], [ 76.408, 36.33 ], [ 76.391, 36.332 ], [ 76.384, 36.344 ], [ 76.394, 36.355 ], [ 76.387, 36.367 ], [ 76.37, 36.369 ], [ 76.363, 36.381 ], [ 76.347, 36.382 ], [ 76.337, 36.371 ], [ 76.32, 36.373 ], [ 76.31, 36.362 ], [ 76.293, 36.363 ], [ 76.283, 36.352 ], [ 76.266, 36.353 ], [ 76.259, 36.366 ], [ 76.242, 36.367 ], [ 76.235, 36.379 ], [ 76.218, 36.381 ], [ 76.212, 36.393 ], [ 76.195, 36.394 ], [ 76.188, 36.407 ], [ 76.171, 36.408 ], [ 76.164, 36.42 ], [ 76.147, 36.422 ], [ 76.14, 36.434 ], [ 76.15, 36.445 ], [ 76.143, 36.457 ], [ 76.127, 36.459 ], [ 76.12, 36.471 ], [ 76.103, 36.472 ], [ 76.096, 36.485 ], [ 76.079, 36.486 ], [ 76.072, 36.498 ], [ 76.055, 36.5 ], [ 76.045, 36.489 ], [ 76.028, 36.49 ], [ 76.021, 36.502 ], [ 76.004, 36.504 ], [ 75.994, 36.493 ], [ 75.977, 36.494 ], [ 75.971, 36.506 ], [ 75.954, 36.507 ], [ 75.947, 36.52 ], [ 75.957, 36.531 ], [ 75.95, 36.543 ], [ 75.933, 36.544 ], [ 75.923, 36.533 ], [ 75.906, 36.535 ], [ 75.896, 36.524 ], [ 75.879, 36.525 ], [ 75.872, 36.537 ], [ 75.882, 36.548 ], [ 75.875, 36.561 ], [ 75.858, 36.562 ], [ 75.851, 36.574 ], [ 75.834, 36.575 ], [ 75.827, 36.588 ], [ 75.81, 36.589 ], [ 75.803, 36.601 ], [ 75.786, 36.603 ], [ 75.779, 36.615 ], [ 75.763, 36.616 ], [ 75.756, 36.629 ], [ 75.739, 36.63 ], [ 75.732, 36.642 ], [ 75.715, 36.643 ], [ 75.708, 36.656 ], [ 75.718, 36.667 ], [ 75.711, 36.679 ], [ 75.694, 36.68 ], [ 75.687, 36.693 ], [ 75.697, 36.704 ], [ 75.69, 36.716 ], [ 75.673, 36.717 ], [ 75.666, 36.73 ], [ 75.649, 36.731 ], [ 75.642, 36.743 ], [ 75.652, 36.754 ], [ 75.645, 36.767 ], [ 75.628, 36.768 ], [ 75.621, 36.78 ], [ 75.604, 36.781 ], [ 75.597, 36.794 ], [ 75.58, 36.795 ], [ 75.57, 36.784 ], [ 75.553, 36.785 ], [ 75.546, 36.797 ], [ 75.529, 36.799 ], [ 75.522, 36.811 ], [ 75.505, 36.812 ], [ 75.495, 36.801 ], [ 75.478, 36.802 ], [ 75.471, 36.815 ], [ 75.453, 36.816 ], [ 75.443, 36.805 ], [ 75.426, 36.806 ], [ 75.416, 36.795 ], [ 75.399, 36.796 ], [ 75.389, 36.785 ], [ 75.372, 36.787 ], [ 75.362, 36.775 ], [ 75.345, 36.777 ], [ 75.338, 36.789 ], [ 75.321, 36.79 ], [ 75.311, 36.779 ], [ 75.294, 36.78 ], [ 75.287, 36.793 ], [ 75.27, 36.794 ], [ 75.263, 36.806 ], [ 75.246, 36.807 ], [ 75.236, 36.796 ], [ 75.219, 36.798 ], [ 75.212, 36.81 ], [ 75.195, 36.811 ], [ 75.188, 36.823 ], [ 75.171, 36.825 ], [ 75.161, 36.813 ], [ 75.144, 36.815 ], [ 75.137, 36.827 ], [ 75.12, 36.828 ], [ 75.11, 36.817 ], [ 75.093, 36.818 ], [ 75.083, 36.807 ], [ 75.066, 36.808 ], [ 75.058, 36.821 ], [ 75.068, 36.832 ], [ 75.061, 36.844 ], [ 75.044, 36.845 ], [ 75.034, 36.834 ], [ 75.017, 36.835 ], [ 75.007, 36.824 ], [ 75.014, 36.812 ], [ 75.005, 36.801 ], [ 74.987, 36.802 ], [ 74.978, 36.791 ], [ 74.985, 36.779 ], [ 74.975, 36.768 ], [ 74.958, 36.769 ], [ 74.948, 36.758 ], [ 74.931, 36.759 ], [ 74.924, 36.771 ], [ 74.907, 36.772 ], [ 74.897, 36.761 ], [ 74.904, 36.749 ], [ 74.894, 36.738 ], [ 74.901, 36.725 ], [ 74.891, 36.714 ], [ 74.898, 36.702 ], [ 74.888, 36.691 ], [ 74.896, 36.679 ], [ 74.913, 36.678 ], [ 74.92, 36.665 ], [ 74.91, 36.654 ] ] ] ] } },
{ "type": "Feature", "properties": { "POLYGON.ID": 601.0, "subregion": "India--Ladakh--Leh--Pangong", "POLYGON": "India--Ladakh--Leh--Pangong", "SHOW": "1", "FILTER": "Not-Assigned", "FILTER.ID": null, "OLD.POLYGON": null, "STATE": "Ladakh", "COUNTY": "Leh", "OWNER": null }, "geometry": { "type": "MultiPolygon", "coordinates": [ [ [ [ 78.468, 34.032 ], [ 78.461, 34.044 ], [ 78.445, 34.046 ], [ 78.439, 34.058 ], [ 78.423, 34.059 ], [ 78.413, 34.049 ], [ 78.419, 34.037 ], [ 78.409, 34.026 ], [ 78.393, 34.028 ], [ 78.383, 34.017 ], [ 78.389, 34.005 ], [ 78.379, 33.994 ], [ 78.363, 33.996 ], [ 78.357, 34.008 ], [ 78.341, 34.009 ], [ 78.331, 33.999 ], [ 78.337, 33.987 ], [ 78.327, 33.976 ], [ 78.333, 33.964 ], [ 78.349, 33.962 ], [ 78.355, 33.95 ], [ 78.371, 33.949 ], [ 78.378, 33.936 ], [ 78.394, 33.935 ], [ 78.4, 33.923 ], [ 78.416, 33.921 ], [ 78.422, 33.909 ], [ 78.438, 33.907 ], [ 78.444, 33.895 ], [ 78.46, 33.894 ], [ 78.467, 33.881 ], [ 78.457, 33.871 ], [ 78.463, 33.859 ], [ 78.479, 33.857 ], [ 78.485, 33.845 ], [ 78.501, 33.843 ], [ 78.507, 33.831 ], [ 78.523, 33.83 ], [ 78.529, 33.817 ], [ 78.545, 33.816 ], [ 78.552, 33.804 ], [ 78.542, 33.793 ], [ 78.548, 33.781 ], [ 78.564, 33.779 ], [ 78.57, 33.767 ], [ 78.586, 33.766 ], [ 78.592, 33.753 ], [ 78.582, 33.743 ], [ 78.588, 33.731 ], [ 78.604, 33.729 ], [ 78.61, 33.717 ], [ 78.626, 33.715 ], [ 78.632, 33.703 ], [ 78.648, 33.702 ], [ 78.654, 33.689 ], [ 78.671, 33.688 ], [ 78.677, 33.676 ], [ 78.693, 33.674 ], [ 78.699, 33.662 ], [ 78.715, 33.66 ], [ 78.721, 33.648 ], [ 78.737, 33.646 ], [ 78.747, 33.657 ], [ 78.763, 33.655 ], [ 78.769, 33.643 ], [ 78.785, 33.642 ], [ 78.795, 33.652 ], [ 78.811, 33.651 ], [ 78.821, 33.661 ], [ 78.837, 33.66 ], [ 78.847, 33.67 ], [ 78.863, 33.668 ], [ 78.873, 33.679 ], [ 78.889, 33.677 ], [ 78.895, 33.665 ], [ 78.911, 33.664 ], [ 78.921, 33.674 ], [ 78.937, 33.672 ], [ 78.947, 33.683 ], [ 78.963, 33.681 ], [ 78.973, 33.692 ], [ 78.989, 33.69 ], [ 78.999, 33.701 ], [ 78.993, 33.713 ], [ 79.003, 33.724 ], [ 79.019, 33.722 ], [ 79.025, 33.71 ], [ 79.041, 33.708 ], [ 79.051, 33.719 ], [ 79.068, 33.717 ], [ 79.078, 33.727 ], [ 79.094, 33.726 ], [ 79.104, 33.736 ], [ 79.12, 33.735 ], [ 79.13, 33.745 ], [ 79.124, 33.757 ], [ 79.108, 33.759 ], [ 79.102, 33.771 ], [ 79.086, 33.773 ], [ 79.08, 33.785 ], [ 79.064, 33.787 ], [ 79.054, 33.776 ], [ 79.038, 33.778 ], [ 79.032, 33.79 ], [ 79.016, 33.792 ], [ 79.01, 33.804 ], [ 78.993, 33.805 ], [ 78.983, 33.795 ], [ 78.989, 33.783 ], [ 78.979, 33.772 ], [ 78.963, 33.774 ], [ 78.953, 33.763 ], [ 78.937, 33.765 ], [ 78.927, 33.754 ], [ 78.911, 33.756 ], [ 78.901, 33.746 ], [ 78.885, 33.747 ], [ 78.879, 33.759 ], [ 78.863, 33.761 ], [ 78.853, 33.75 ], [ 78.837, 33.752 ], [ 78.831, 33.764 ], [ 78.815, 33.766 ], [ 78.809, 33.778 ], [ 78.793, 33.78 ], [ 78.783, 33.769 ], [ 78.767, 33.771 ], [ 78.761, 33.783 ], [ 78.745, 33.784 ], [ 78.738, 33.797 ], [ 78.748, 33.807 ], [ 78.742, 33.819 ], [ 78.726, 33.821 ], [ 78.716, 33.81 ], [ 78.7, 33.812 ], [ 78.694, 33.824 ], [ 78.678, 33.826 ], [ 78.672, 33.838 ], [ 78.656, 33.84 ], [ 78.65, 33.852 ], [ 78.66, 33.862 ], [ 78.654, 33.874 ], [ 78.664, 33.885 ], [ 78.658, 33.897 ], [ 78.668, 33.908 ], [ 78.662, 33.92 ], [ 78.672, 33.931 ], [ 78.688, 33.929 ], [ 78.698, 33.94 ], [ 78.692, 33.952 ], [ 78.676, 33.953 ], [ 78.67, 33.966 ], [ 78.653, 33.967 ], [ 78.643, 33.957 ], [ 78.627, 33.958 ], [ 78.621, 33.97 ], [ 78.605, 33.972 ], [ 78.599, 33.984 ], [ 78.583, 33.986 ], [ 78.573, 33.975 ], [ 78.557, 33.977 ], [ 78.547, 33.966 ], [ 78.531, 33.968 ], [ 78.524, 33.98 ], [ 78.508, 33.981 ], [ 78.502, 33.994 ], [ 78.486, 33.995 ], [ 78.48, 34.007 ], [ 78.464, 34.009 ], [ 78.458, 34.021 ], [ 78.468, 34.032 ] ] ] ] } },
{ "type": "Feature", "properties": { "POLYGON.ID": 602.0, "subregion": "India--Ladakh--Leh--Leh Valley", "POLYGON": "India--Ladakh--Leh--Leh Valley", "SHOW": "1", "FILTER": "Not-Assigned", "FILTER.ID": null, "OLD.POLYGON": null, "STATE": "Ladakh", "COUNTY": "Leh", "OWNER": null }, "geometry": { "type": "MultiPolygon", "coordinates": [ [ [ [ 77.526, 34.155 ], [ 77.516, 34.145 ], [ 77.5, 34.146 ], [ 77.493, 34.158 ], [ 77.477, 34.16 ], [ 77.471, 34.172 ], [ 77.454, 34.173 ], [ 77.448, 34.185 ], [ 77.432, 34.187 ], [ 77.426, 34.199 ], [ 77.409, 34.2 ], [ 77.403, 34.213 ], [ 77.387, 34.214 ], [ 77.38, 34.226 ], [ 77.39, 34.237 ], [ 77.384, 34.249 ], [ 77.367, 34.251 ], [ 77.361, 34.263 ], [ 77.345, 34.264 ], [ 77.338, 34.276 ], [ 77.322, 34.278 ], [ 77.316, 34.29 ], [ 77.299, 34.291 ], [ 77.29, 34.281 ], [ 77.273, 34.282 ], [ 77.263, 34.271 ], [ 77.27, 34.259 ], [ 77.26, 34.249 ], [ 77.244, 34.25 ], [ 77.237, 34.262 ], [ 77.221, 34.264 ], [ 77.211, 34.253 ], [ 77.195, 34.254 ], [ 77.185, 34.244 ], [ 77.169, 34.245 ], [ 77.162, 34.257 ], [ 77.146, 34.259 ], [ 77.136, 34.248 ], [ 77.143, 34.236 ], [ 77.159, 34.234 ], [ 77.165, 34.222 ], [ 77.155, 34.211 ], [ 77.162, 34.199 ], [ 77.178, 34.198 ], [ 77.188, 34.208 ], [ 77.204, 34.207 ], [ 77.211, 34.195 ], [ 77.227, 34.193 ], [ 77.233, 34.181 ], [ 77.25, 34.18 ], [ 77.256, 34.168 ], [ 77.272, 34.166 ], [ 77.282, 34.177 ], [ 77.298, 34.176 ], [ 77.305, 34.163 ], [ 77.321, 34.162 ], [ 77.327, 34.15 ], [ 77.344, 34.148 ], [ 77.353, 34.159 ], [ 77.37, 34.158 ], [ 77.38, 34.168 ], [ 77.396, 34.167 ], [ 77.402, 34.155 ], [ 77.418, 34.153 ], [ 77.425, 34.141 ], [ 77.441, 34.14 ], [ 77.447, 34.128 ], [ 77.464, 34.126 ], [ 77.47, 34.114 ], [ 77.486, 34.112 ], [ 77.493, 34.1 ], [ 77.509, 34.099 ], [ 77.515, 34.087 ], [ 77.505, 34.076 ], [ 77.512, 34.064 ], [ 77.502, 34.053 ], [ 77.508, 34.041 ], [ 77.524, 34.039 ], [ 77.531, 34.027 ], [ 77.521, 34.017 ], [ 77.527, 34.004 ], [ 77.543, 34.003 ], [ 77.553, 34.014 ], [ 77.569, 34.012 ], [ 77.576, 34.0 ], [ 77.592, 33.999 ], [ 77.602, 34.009 ], [ 77.618, 34.008 ], [ 77.624, 33.996 ], [ 77.64, 33.994 ], [ 77.647, 33.982 ], [ 77.663, 33.981 ], [ 77.669, 33.968 ], [ 77.685, 33.967 ], [ 77.692, 33.955 ], [ 77.682, 33.944 ], [ 77.688, 33.932 ], [ 77.678, 33.921 ], [ 77.684, 33.909 ], [ 77.701, 33.908 ], [ 77.707, 33.896 ], [ 77.697, 33.885 ], [ 77.703, 33.873 ], [ 77.719, 33.871 ], [ 77.726, 33.859 ], [ 77.742, 33.858 ], [ 77.748, 33.845 ], [ 77.764, 33.844 ], [ 77.77, 33.832 ], [ 77.787, 33.83 ], [ 77.797, 33.841 ], [ 77.813, 33.84 ], [ 77.819, 33.827 ], [ 77.809, 33.817 ], [ 77.815, 33.805 ], [ 77.831, 33.803 ], [ 77.838, 33.791 ], [ 77.828, 33.78 ], [ 77.834, 33.768 ], [ 77.85, 33.767 ], [ 77.856, 33.755 ], [ 77.872, 33.753 ], [ 77.882, 33.764 ], [ 77.876, 33.776 ], [ 77.886, 33.786 ], [ 77.88, 33.799 ], [ 77.864, 33.8 ], [ 77.857, 33.812 ], [ 77.867, 33.823 ], [ 77.861, 33.835 ], [ 77.845, 33.837 ], [ 77.839, 33.849 ], [ 77.849, 33.859 ], [ 77.842, 33.871 ], [ 77.826, 33.873 ], [ 77.82, 33.885 ], [ 77.804, 33.887 ], [ 77.798, 33.899 ], [ 77.807, 33.909 ], [ 77.801, 33.922 ], [ 77.785, 33.923 ], [ 77.779, 33.935 ], [ 77.789, 33.946 ], [ 77.782, 33.958 ], [ 77.766, 33.96 ], [ 77.756, 33.949 ], [ 77.74, 33.95 ], [ 77.734, 33.963 ], [ 77.744, 33.973 ], [ 77.76, 33.972 ], [ 77.77, 33.982 ], [ 77.764, 33.995 ], [ 77.773, 34.005 ], [ 77.767, 34.017 ], [ 77.751, 34.019 ], [ 77.745, 34.031 ], [ 77.729, 34.032 ], [ 77.722, 34.045 ], [ 77.706, 34.046 ], [ 77.7, 34.058 ], [ 77.71, 34.069 ], [ 77.703, 34.081 ], [ 77.687, 34.083 ], [ 77.681, 34.095 ], [ 77.665, 34.096 ], [ 77.658, 34.108 ], [ 77.642, 34.11 ], [ 77.636, 34.122 ], [ 77.62, 34.124 ], [ 77.613, 34.136 ], [ 77.597, 34.137 ], [ 77.591, 34.149 ], [ 77.575, 34.151 ], [ 77.565, 34.14 ], [ 77.548, 34.142 ], [ 77.542, 34.154 ], [ 77.526, 34.155 ] ] ] ] } },
{ "type": "Feature", "properties": { "POLYGON.ID": 603.0, "subregion": "India--Ladakh--Leh--northeastern Plateau", "POLYGON": "India--Ladakh--Leh--northeastern Plateau", "SHOW": "1", "FILTER": "Not-Assigned", "FILTER.ID": null, "OLD.POLYGON": null, "STATE": "Ladakh", "COUNTY": "Leh", "OWNER": null }, "geometry": { "type": "MultiPolygon", "coordinates": [ [ [ [ 79.972, 35.881 ], [ 79.956, 35.883 ], [ 79.945, 35.872 ], [ 79.929, 35.874 ], [ 79.918, 35.863 ], [ 79.902, 35.865 ], [ 79.891, 35.855 ], [ 79.875, 35.856 ], [ 79.864, 35.846 ], [ 79.848, 35.848 ], [ 79.837, 35.837 ], [ 79.821, 35.839 ], [ 79.81, 35.828 ], [ 79.794, 35.83 ], [ 79.787, 35.843 ], [ 79.771, 35.844 ], [ 79.76, 35.834 ], [ 79.744, 35.836 ], [ 79.738, 35.848 ], [ 79.721, 35.85 ], [ 79.715, 35.862 ], [ 79.699, 35.864 ], [ 79.688, 35.853 ], [ 79.672, 35.855 ], [ 79.666, 35.868 ], [ 79.649, 35.869 ], [ 79.643, 35.882 ], [ 79.627, 35.884 ], [ 79.616, 35.873 ], [ 79.6, 35.875 ], [ 79.594, 35.887 ], [ 79.577, 35.889 ], [ 79.571, 35.901 ], [ 79.554, 35.903 ], [ 79.548, 35.916 ], [ 79.532, 35.917 ], [ 79.526, 35.93 ], [ 79.509, 35.932 ], [ 79.503, 35.944 ], [ 79.486, 35.946 ], [ 79.48, 35.958 ], [ 79.464, 35.96 ], [ 79.458, 35.972 ], [ 79.441, 35.974 ], [ 79.435, 35.987 ], [ 79.418, 35.988 ], [ 79.412, 36.001 ], [ 79.396, 36.003 ], [ 79.389, 36.015 ], [ 79.373, 36.017 ], [ 79.367, 36.029 ], [ 79.35, 36.031 ], [ 79.34, 36.02 ], [ 79.323, 36.022 ], [ 79.313, 36.011 ], [ 79.296, 36.013 ], [ 79.29, 36.026 ], [ 79.273, 36.027 ], [ 79.263, 36.017 ], [ 79.246, 36.018 ], [ 79.236, 36.008 ], [ 79.219, 36.009 ], [ 79.209, 35.999 ], [ 79.192, 36.001 ], [ 79.182, 35.99 ], [ 79.165, 35.992 ], [ 79.155, 35.981 ], [ 79.161, 35.969 ], [ 79.15, 35.958 ], [ 79.134, 35.96 ], [ 79.123, 35.949 ], [ 79.107, 35.951 ], [ 79.096, 35.94 ], [ 79.08, 35.942 ], [ 79.069, 35.931 ], [ 79.053, 35.933 ], [ 79.042, 35.922 ], [ 79.026, 35.924 ], [ 79.015, 35.913 ], [ 78.999, 35.915 ], [ 78.993, 35.927 ], [ 78.976, 35.929 ], [ 78.966, 35.918 ], [ 78.949, 35.92 ], [ 78.939, 35.909 ], [ 78.922, 35.911 ], [ 78.912, 35.9 ], [ 78.895, 35.902 ], [ 78.885, 35.891 ], [ 78.868, 35.893 ], [ 78.862, 35.906 ], [ 78.845, 35.907 ], [ 78.835, 35.897 ], [ 78.818, 35.898 ], [ 78.808, 35.888 ], [ 78.791, 35.889 ], [ 78.785, 35.902 ], [ 78.768, 35.903 ], [ 78.758, 35.893 ], [ 78.741, 35.894 ], [ 78.735, 35.907 ], [ 78.719, 35.908 ], [ 78.708, 35.898 ], [ 78.692, 35.899 ], [ 78.681, 35.889 ], [ 78.665, 35.89 ], [ 78.654, 35.88 ], [ 78.638, 35.881 ], [ 78.627, 35.871 ], [ 78.611, 35.872 ], [ 78.6, 35.862 ], [ 78.607, 35.849 ], [ 78.596, 35.838 ], [ 78.58, 35.84 ], [ 78.569, 35.829 ], [ 78.553, 35.831 ], [ 78.542, 35.82 ], [ 78.526, 35.822 ], [ 78.516, 35.811 ], [ 78.499, 35.813 ], [ 78.493, 35.825 ], [ 78.476, 35.827 ], [ 78.466, 35.816 ], [ 78.449, 35.818 ], [ 78.439, 35.807 ], [ 78.422, 35.809 ], [ 78.416, 35.821 ], [ 78.399, 35.823 ], [ 78.389, 35.812 ], [ 78.395, 35.8 ], [ 78.385, 35.789 ], [ 78.368, 35.791 ], [ 78.358, 35.78 ], [ 78.342, 35.781 ], [ 78.331, 35.771 ], [ 78.315, 35.772 ], [ 78.304, 35.762 ], [ 78.288, 35.763 ], [ 78.278, 35.753 ], [ 78.261, 35.754 ], [ 78.251, 35.743 ], [ 78.234, 35.745 ], [ 78.224, 35.734 ], [ 78.23, 35.722 ], [ 78.22, 35.711 ], [ 78.203, 35.713 ], [ 78.193, 35.702 ], [ 78.176, 35.704 ], [ 78.166, 35.693 ], [ 78.173, 35.681 ], [ 78.162, 35.67 ], [ 78.146, 35.671 ], [ 78.136, 35.661 ], [ 78.119, 35.662 ], [ 78.109, 35.652 ], [ 78.092, 35.653 ], [ 78.082, 35.642 ], [ 78.065, 35.644 ], [ 78.055, 35.633 ], [ 78.039, 35.635 ], [ 78.028, 35.624 ], [ 78.012, 35.626 ], [ 78.005, 35.638 ], [ 77.989, 35.64 ], [ 77.979, 35.629 ], [ 77.962, 35.63 ], [ 77.956, 35.643 ], [ 77.939, 35.644 ], [ 77.929, 35.633 ], [ 77.912, 35.635 ], [ 77.902, 35.624 ], [ 77.908, 35.612 ], [ 77.898, 35.601 ], [ 77.882, 35.603 ], [ 77.871, 35.592 ], [ 77.855, 35.594 ], [ 77.845, 35.583 ], [ 77.828, 35.584 ], [ 77.818, 35.574 ], [ 77.801, 35.575 ], [ 77.791, 35.564 ], [ 77.775, 35.566 ], [ 77.764, 35.555 ], [ 77.748, 35.557 ], [ 77.738, 35.546 ], [ 77.721, 35.547 ], [ 77.715, 35.56 ], [ 77.698, 35.561 ], [ 77.688, 35.55 ], [ 77.671, 35.552 ], [ 77.661, 35.541 ], [ 77.645, 35.543 ], [ 77.638, 35.555 ], [ 77.622, 35.557 ], [ 77.611, 35.546 ], [ 77.595, 35.547 ], [ 77.585, 35.536 ], [ 77.591, 35.524 ], [ 77.581, 35.513 ], [ 77.565, 35.515 ], [ 77.554, 35.504 ], [ 77.561, 35.492 ], [ 77.551, 35.481 ], [ 77.557, 35.469 ], [ 77.574, 35.467 ], [ 77.58, 35.455 ], [ 77.57, 35.444 ], [ 77.577, 35.432 ], [ 77.593, 35.43 ], [ 77.6, 35.418 ], [ 77.616, 35.417 ], [ 77.626, 35.427 ], [ 77.643, 35.426 ], [ 77.649, 35.414 ], [ 77.639, 35.403 ], [ 77.646, 35.391 ], [ 77.662, 35.389 ], [ 77.669, 35.377 ], [ 77.658, 35.366 ], [ 77.665, 35.354 ], [ 77.655, 35.343 ], [ 77.661, 35.331 ], [ 77.678, 35.329 ], [ 77.684, 35.317 ], [ 77.674, 35.306 ], [ 77.68, 35.294 ], [ 77.697, 35.292 ], [ 77.703, 35.28 ], [ 77.72, 35.278 ], [ 77.726, 35.266 ], [ 77.743, 35.265 ], [ 77.749, 35.252 ], [ 77.766, 35.251 ], [ 77.772, 35.239 ], [ 77.789, 35.237 ], [ 77.799, 35.248 ], [ 77.815, 35.246 ], [ 77.822, 35.234 ], [ 77.838, 35.232 ], [ 77.848, 35.243 ], [ 77.865, 35.242 ], [ 77.871, 35.229 ], [ 77.888, 35.228 ], [ 77.898, 35.239 ], [ 77.914, 35.237 ], [ 77.924, 35.248 ], [ 77.941, 35.246 ], [ 77.947, 35.234 ], [ 77.964, 35.232 ], [ 77.974, 35.243 ], [ 77.99, 35.242 ], [ 77.997, 35.229 ], [ 78.013, 35.228 ], [ 78.023, 35.238 ], [ 78.04, 35.237 ], [ 78.05, 35.248 ], [ 78.066, 35.246 ], [ 78.073, 35.234 ], [ 78.089, 35.232 ], [ 78.096, 35.22 ], [ 78.112, 35.218 ], [ 78.118, 35.206 ], [ 78.135, 35.204 ], [ 78.141, 35.192 ], [ 78.158, 35.191 ], [ 78.168, 35.201 ], [ 78.184, 35.2 ], [ 78.191, 35.187 ], [ 78.18, 35.177 ], [ 78.187, 35.164 ], [ 78.203, 35.163 ], [ 78.209, 35.151 ], [ 78.226, 35.149 ], [ 78.232, 35.137 ], [ 78.249, 35.135 ], [ 78.255, 35.123 ], [ 78.271, 35.121 ], [ 78.278, 35.109 ], [ 78.294, 35.107 ], [ 78.3, 35.095 ], [ 78.317, 35.093 ], [ 78.323, 35.081 ], [ 78.339, 35.08 ], [ 78.346, 35.067 ], [ 78.362, 35.066 ], [ 78.368, 35.053 ], [ 78.385, 35.052 ], [ 78.391, 35.039 ], [ 78.381, 35.029 ], [ 78.387, 35.017 ], [ 78.404, 35.015 ], [ 78.41, 35.003 ], [ 78.426, 35.001 ], [ 78.432, 34.989 ], [ 78.449, 34.987 ], [ 78.455, 34.975 ], [ 78.471, 34.973 ], [ 78.482, 34.984 ], [ 78.498, 34.982 ], [ 78.504, 34.97 ], [ 78.521, 34.968 ], [ 78.527, 34.956 ], [ 78.543, 34.955 ], [ 78.549, 34.942 ], [ 78.566, 34.941 ], [ 78.572, 34.928 ], [ 78.562, 34.918 ], [ 78.568, 34.905 ], [ 78.558, 34.895 ], [ 78.541, 34.896 ], [ 78.531, 34.886 ], [ 78.538, 34.873 ], [ 78.527, 34.863 ], [ 78.511, 34.864 ], [ 78.501, 34.854 ], [ 78.507, 34.841 ], [ 78.497, 34.831 ], [ 78.481, 34.832 ], [ 78.47, 34.822 ], [ 78.477, 34.81 ], [ 78.467, 34.799 ], [ 78.473, 34.787 ], [ 78.463, 34.776 ], [ 78.446, 34.778 ], [ 78.436, 34.767 ], [ 78.442, 34.755 ], [ 78.432, 34.744 ], [ 78.438, 34.732 ], [ 78.428, 34.721 ], [ 78.434, 34.709 ], [ 78.424, 34.698 ], [ 78.431, 34.686 ], [ 78.447, 34.684 ], [ 78.453, 34.672 ], [ 78.469, 34.67 ], [ 78.476, 34.658 ], [ 78.492, 34.657 ], [ 78.498, 34.644 ], [ 78.514, 34.643 ], [ 78.521, 34.63 ], [ 78.51, 34.62 ], [ 78.517, 34.608 ], [ 78.507, 34.597 ], [ 78.513, 34.585 ], [ 78.503, 34.574 ], [ 78.509, 34.562 ], [ 78.499, 34.551 ], [ 78.505, 34.539 ], [ 78.495, 34.528 ], [ 78.501, 34.516 ], [ 78.517, 34.514 ], [ 78.523, 34.502 ], [ 78.513, 34.492 ], [ 78.519, 34.479 ], [ 78.536, 34.478 ], [ 78.542, 34.466 ], [ 78.558, 34.464 ], [ 78.564, 34.452 ], [ 78.581, 34.45 ], [ 78.587, 34.438 ], [ 78.603, 34.436 ], [ 78.613, 34.447 ], [ 78.629, 34.445 ], [ 78.635, 34.433 ], [ 78.652, 34.431 ], [ 78.658, 34.419 ], [ 78.674, 34.418 ], [ 78.68, 34.405 ], [ 78.696, 34.404 ], [ 78.702, 34.391 ], [ 78.719, 34.39 ], [ 78.729, 34.4 ], [ 78.745, 34.399 ], [ 78.751, 34.387 ], [ 78.767, 34.385 ], [ 78.773, 34.373 ], [ 78.79, 34.371 ], [ 78.796, 34.359 ], [ 78.812, 34.357 ], [ 78.822, 34.368 ], [ 78.838, 34.366 ], [ 78.844, 34.354 ], [ 78.834, 34.343 ], [ 78.818, 34.345 ], [ 78.808, 34.334 ], [ 78.792, 34.336 ], [ 78.782, 34.325 ], [ 78.765, 34.327 ], [ 78.755, 34.316 ], [ 78.739, 34.318 ], [ 78.729, 34.307 ], [ 78.713, 34.309 ], [ 78.707, 34.321 ], [ 78.691, 34.323 ], [ 78.68, 34.312 ], [ 78.664, 34.314 ], [ 78.654, 34.303 ], [ 78.66, 34.291 ], [ 78.676, 34.29 ], [ 78.687, 34.3 ], [ 78.703, 34.299 ], [ 78.709, 34.286 ], [ 78.699, 34.276 ], [ 78.705, 34.263 ], [ 78.721, 34.262 ], [ 78.727, 34.25 ], [ 78.743, 34.248 ], [ 78.749, 34.236 ], [ 78.766, 34.234 ], [ 78.772, 34.222 ], [ 78.788, 34.22 ], [ 78.798, 34.231 ], [ 78.814, 34.229 ], [ 78.82, 34.217 ], [ 78.836, 34.215 ], [ 78.847, 34.226 ], [ 78.863, 34.224 ], [ 78.873, 34.235 ], [ 78.889, 34.233 ], [ 78.899, 34.244 ], [ 78.915, 34.242 ], [ 78.921, 34.23 ], [ 78.938, 34.228 ], [ 78.944, 34.216 ], [ 78.96, 34.214 ], [ 78.97, 34.225 ], [ 78.986, 34.223 ], [ 78.992, 34.211 ], [ 79.008, 34.21 ], [ 79.014, 34.197 ], [ 79.03, 34.196 ], [ 79.036, 34.183 ], [ 79.053, 34.182 ], [ 79.059, 34.17 ], [ 79.075, 34.168 ], [ 79.081, 34.156 ], [ 79.097, 34.154 ], [ 79.103, 34.142 ], [ 79.093, 34.131 ], [ 79.099, 34.119 ], [ 79.089, 34.108 ], [ 79.073, 34.11 ], [ 79.062, 34.1 ], [ 79.046, 34.101 ], [ 79.036, 34.091 ], [ 79.02, 34.092 ], [ 79.01, 34.082 ], [ 79.016, 34.07 ], [ 79.032, 34.068 ], [ 79.038, 34.056 ], [ 79.054, 34.054 ], [ 79.064, 34.065 ], [ 79.081, 34.063 ], [ 79.087, 34.051 ], [ 79.103, 34.049 ], [ 79.113, 34.06 ], [ 79.129, 34.058 ], [ 79.135, 34.046 ], [ 79.151, 34.044 ], [ 79.157, 34.032 ], [ 79.173, 34.03 ], [ 79.179, 34.018 ], [ 79.195, 34.016 ], [ 79.201, 34.004 ], [ 79.217, 34.002 ], [ 79.223, 33.99 ], [ 79.239, 33.988 ], [ 79.249, 33.999 ], [ 79.265, 33.997 ], [ 79.271, 33.985 ], [ 79.288, 33.983 ], [ 79.298, 33.994 ], [ 79.314, 33.992 ], [ 79.32, 33.98 ], [ 79.336, 33.978 ], [ 79.346, 33.989 ], [ 79.362, 33.987 ], [ 79.368, 33.975 ], [ 79.384, 33.973 ], [ 79.394, 33.984 ], [ 79.41, 33.982 ], [ 79.42, 33.993 ], [ 79.436, 33.991 ], [ 79.447, 34.001 ], [ 79.463, 34.0 ], [ 79.473, 34.01 ], [ 79.467, 34.022 ], [ 79.477, 34.033 ], [ 79.471, 34.045 ], [ 79.481, 34.056 ], [ 79.475, 34.068 ], [ 79.485, 34.078 ], [ 79.502, 34.077 ], [ 79.512, 34.087 ], [ 79.506, 34.099 ], [ 79.516, 34.11 ], [ 79.51, 34.122 ], [ 79.52, 34.133 ], [ 79.536, 34.131 ], [ 79.547, 34.141 ], [ 79.541, 34.154 ], [ 79.551, 34.164 ], [ 79.567, 34.162 ], [ 79.577, 34.173 ], [ 79.571, 34.185 ], [ 79.581, 34.196 ], [ 79.597, 34.194 ], [ 79.608, 34.204 ], [ 79.602, 34.217 ], [ 79.612, 34.227 ], [ 79.606, 34.239 ], [ 79.616, 34.25 ], [ 79.61, 34.262 ], [ 79.621, 34.273 ], [ 79.615, 34.285 ], [ 79.625, 34.296 ], [ 79.619, 34.308 ], [ 79.629, 34.318 ], [ 79.623, 34.331 ], [ 79.633, 34.341 ], [ 79.627, 34.353 ], [ 79.611, 34.355 ], [ 79.605, 34.367 ], [ 79.616, 34.378 ], [ 79.61, 34.39 ], [ 79.62, 34.401 ], [ 79.614, 34.413 ], [ 79.624, 34.423 ], [ 79.618, 34.436 ], [ 79.629, 34.446 ], [ 79.645, 34.444 ], [ 79.651, 34.432 ], [ 79.667, 34.43 ], [ 79.677, 34.441 ], [ 79.693, 34.439 ], [ 79.699, 34.427 ], [ 79.715, 34.425 ], [ 79.726, 34.436 ], [ 79.742, 34.434 ], [ 79.752, 34.444 ], [ 79.768, 34.443 ], [ 79.778, 34.453 ], [ 79.795, 34.451 ], [ 79.805, 34.462 ], [ 79.821, 34.46 ], [ 79.831, 34.471 ], [ 79.825, 34.483 ], [ 79.836, 34.493 ], [ 79.852, 34.492 ], [ 79.862, 34.502 ], [ 79.856, 34.514 ], [ 79.866, 34.525 ], [ 79.861, 34.537 ], [ 79.871, 34.548 ], [ 79.865, 34.56 ], [ 79.875, 34.57 ], [ 79.869, 34.583 ], [ 79.853, 34.585 ], [ 79.847, 34.597 ], [ 79.858, 34.607 ], [ 79.852, 34.62 ], [ 79.862, 34.63 ], [ 79.856, 34.642 ], [ 79.866, 34.653 ], [ 79.883, 34.651 ], [ 79.893, 34.662 ], [ 79.909, 34.66 ], [ 79.919, 34.67 ], [ 79.936, 34.669 ], [ 79.942, 34.656 ], [ 79.958, 34.654 ], [ 79.968, 34.665 ], [ 79.984, 34.663 ], [ 79.99, 34.651 ], [ 80.006, 34.649 ], [ 80.017, 34.66 ], [ 80.033, 34.658 ], [ 80.043, 34.668 ], [ 80.059, 34.666 ], [ 80.07, 34.677 ], [ 80.086, 34.675 ], [ 80.096, 34.686 ], [ 80.09, 34.698 ], [ 80.101, 34.708 ], [ 80.095, 34.721 ], [ 80.105, 34.731 ], [ 80.099, 34.744 ], [ 80.11, 34.754 ], [ 80.104, 34.766 ], [ 80.114, 34.777 ], [ 80.108, 34.789 ], [ 80.119, 34.8 ], [ 80.113, 34.812 ], [ 80.123, 34.822 ], [ 80.117, 34.835 ], [ 80.128, 34.845 ], [ 80.144, 34.843 ], [ 80.154, 34.854 ], [ 80.148, 34.866 ], [ 80.159, 34.877 ], [ 80.153, 34.889 ], [ 80.163, 34.9 ], [ 80.158, 34.912 ], [ 80.168, 34.922 ], [ 80.184, 34.921 ], [ 80.195, 34.931 ], [ 80.189, 34.943 ], [ 80.199, 34.954 ], [ 80.193, 34.966 ], [ 80.204, 34.977 ], [ 80.198, 34.989 ], [ 80.208, 35.0 ], [ 80.202, 35.012 ], [ 80.213, 35.022 ], [ 80.207, 35.035 ], [ 80.217, 35.045 ], [ 80.211, 35.058 ], [ 80.222, 35.068 ], [ 80.216, 35.08 ], [ 80.226, 35.091 ], [ 80.221, 35.103 ], [ 80.231, 35.114 ], [ 80.225, 35.126 ], [ 80.236, 35.137 ], [ 80.23, 35.149 ], [ 80.24, 35.159 ], [ 80.234, 35.172 ], [ 80.245, 35.182 ], [ 80.239, 35.195 ], [ 80.249, 35.205 ], [ 80.266, 35.203 ], [ 80.276, 35.214 ], [ 80.27, 35.226 ], [ 80.281, 35.237 ], [ 80.275, 35.249 ], [ 80.285, 35.26 ], [ 80.279, 35.272 ], [ 80.29, 35.282 ], [ 80.284, 35.295 ], [ 80.294, 35.305 ], [ 80.289, 35.318 ], [ 80.299, 35.328 ], [ 80.293, 35.341 ], [ 80.304, 35.351 ], [ 80.298, 35.363 ], [ 80.308, 35.374 ], [ 80.302, 35.386 ], [ 80.313, 35.397 ], [ 80.329, 35.395 ], [ 80.34, 35.405 ], [ 80.334, 35.418 ], [ 80.344, 35.428 ], [ 80.338, 35.441 ], [ 80.349, 35.451 ], [ 80.343, 35.464 ], [ 80.354, 35.474 ], [ 80.348, 35.486 ], [ 80.358, 35.497 ], [ 80.352, 35.509 ], [ 80.363, 35.52 ], [ 80.357, 35.532 ], [ 80.341, 35.534 ], [ 80.335, 35.547 ], [ 80.345, 35.557 ], [ 80.339, 35.569 ], [ 80.35, 35.58 ], [ 80.344, 35.592 ], [ 80.328, 35.594 ], [ 80.322, 35.607 ], [ 80.332, 35.617 ], [ 80.326, 35.63 ], [ 80.31, 35.631 ], [ 80.304, 35.644 ], [ 80.287, 35.646 ], [ 80.282, 35.658 ], [ 80.265, 35.66 ], [ 80.259, 35.672 ], [ 80.243, 35.674 ], [ 80.237, 35.687 ], [ 80.22, 35.689 ], [ 80.21, 35.678 ], [ 80.193, 35.68 ], [ 80.188, 35.692 ], [ 80.171, 35.694 ], [ 80.165, 35.707 ], [ 80.149, 35.708 ], [ 80.143, 35.721 ], [ 80.126, 35.723 ], [ 80.12, 35.735 ], [ 80.131, 35.746 ], [ 80.125, 35.758 ], [ 80.108, 35.76 ], [ 80.102, 35.772 ], [ 80.086, 35.774 ], [ 80.08, 35.787 ], [ 80.064, 35.788 ], [ 80.058, 35.801 ], [ 80.068, 35.811 ], [ 80.062, 35.824 ], [ 80.046, 35.826 ], [ 80.04, 35.838 ], [ 80.023, 35.84 ], [ 80.017, 35.852 ], [ 80.028, 35.863 ], [ 80.022, 35.875 ], [ 80.005, 35.877 ], [ 79.995, 35.867 ], [ 79.978, 35.868 ], [ 79.972, 35.881 ] ] ] ] } }
]
}
