{
"type": "FeatureCollection",
"name": "Madhya_Pradesh",
"crs": { "type": "name", "properties": { "name": "urn:ogc:def:crs:OGC:1.3:CRS84" } },
"features": [
{ "type": "Feature", "properties": { "POLYGON.ID": 53.0, "subregion": "India--Madhya Pradesh--South_CL29807", "FILTER": "Madhya Pradesh", "POLYGON": "India--Madhya Pradesh--South_CL29807", "STATE": "Madhya Pradesh", "COUNTY": "spl_region", "OWNER": null }, "geometry": { "type": "MultiPolygon", "coordinates": [ [ [ [ 77.942, 21.403 ], [ 77.955, 21.401 ], [ 77.964, 21.411 ], [ 77.977, 21.409 ], [ 77.981, 21.397 ], [ 77.994, 21.395 ], [ 78.003, 21.405 ], [ 77.999, 21.417 ], [ 78.008, 21.427 ], [ 78.021, 21.425 ], [ 78.03, 21.435 ], [ 78.043, 21.433 ], [ 78.052, 21.443 ], [ 78.065, 21.441 ], [ 78.074, 21.451 ], [ 78.087, 21.449 ], [ 78.095, 21.459 ], [ 78.108, 21.458 ], [ 78.117, 21.468 ], [ 78.13, 21.466 ], [ 78.139, 21.476 ], [ 78.152, 21.474 ], [ 78.161, 21.484 ], [ 78.157, 21.496 ], [ 78.166, 21.506 ], [ 78.179, 21.504 ], [ 78.188, 21.514 ], [ 78.184, 21.526 ], [ 78.171, 21.528 ], [ 78.167, 21.539 ], [ 78.176, 21.549 ], [ 78.189, 21.548 ], [ 78.198, 21.558 ], [ 78.211, 21.556 ], [ 78.22, 21.566 ], [ 78.233, 21.564 ], [ 78.242, 21.574 ], [ 78.255, 21.572 ], [ 78.264, 21.582 ], [ 78.277, 21.58 ], [ 78.285, 21.59 ], [ 78.299, 21.588 ], [ 78.303, 21.576 ], [ 78.316, 21.574 ], [ 78.325, 21.584 ], [ 78.338, 21.582 ], [ 78.342, 21.57 ], [ 78.355, 21.568 ], [ 78.364, 21.578 ], [ 78.377, 21.577 ], [ 78.386, 21.587 ], [ 78.382, 21.598 ], [ 78.391, 21.608 ], [ 78.404, 21.607 ], [ 78.408, 21.595 ], [ 78.421, 21.593 ], [ 78.425, 21.581 ], [ 78.416, 21.571 ], [ 78.42, 21.559 ], [ 78.433, 21.557 ], [ 78.437, 21.545 ], [ 78.428, 21.535 ], [ 78.433, 21.523 ], [ 78.424, 21.513 ], [ 78.428, 21.501 ], [ 78.441, 21.499 ], [ 78.45, 21.509 ], [ 78.463, 21.507 ], [ 78.467, 21.495 ], [ 78.48, 21.493 ], [ 78.489, 21.503 ], [ 78.485, 21.515 ], [ 78.494, 21.525 ], [ 78.507, 21.523 ], [ 78.516, 21.533 ], [ 78.529, 21.531 ], [ 78.533, 21.52 ], [ 78.546, 21.518 ], [ 78.55, 21.506 ], [ 78.563, 21.504 ], [ 78.568, 21.492 ], [ 78.581, 21.49 ], [ 78.585, 21.478 ], [ 78.598, 21.476 ], [ 78.607, 21.486 ], [ 78.62, 21.484 ], [ 78.624, 21.472 ], [ 78.637, 21.47 ], [ 78.646, 21.48 ], [ 78.659, 21.478 ], [ 78.668, 21.488 ], [ 78.681, 21.486 ], [ 78.685, 21.474 ], [ 78.698, 21.472 ], [ 78.703, 21.46 ], [ 78.716, 21.458 ], [ 78.725, 21.468 ], [ 78.738, 21.466 ], [ 78.747, 21.476 ], [ 78.743, 21.488 ], [ 78.752, 21.498 ], [ 78.765, 21.496 ], [ 78.769, 21.484 ], [ 78.782, 21.482 ], [ 78.791, 21.492 ], [ 78.804, 21.491 ], [ 78.813, 21.501 ], [ 78.826, 21.499 ], [ 78.83, 21.487 ], [ 78.843, 21.485 ], [ 78.852, 21.495 ], [ 78.866, 21.493 ], [ 78.87, 21.481 ], [ 78.883, 21.479 ], [ 78.892, 21.489 ], [ 78.905, 21.487 ], [ 78.914, 21.497 ], [ 78.927, 21.495 ], [ 78.936, 21.505 ], [ 78.932, 21.517 ], [ 78.919, 21.519 ], [ 78.915, 21.531 ], [ 78.902, 21.533 ], [ 78.897, 21.545 ], [ 78.906, 21.555 ], [ 78.902, 21.567 ], [ 78.911, 21.577 ], [ 78.907, 21.589 ], [ 78.916, 21.599 ], [ 78.929, 21.597 ], [ 78.938, 21.607 ], [ 78.952, 21.605 ], [ 78.961, 21.615 ], [ 78.974, 21.613 ], [ 78.983, 21.623 ], [ 78.996, 21.621 ], [ 79.0, 21.609 ], [ 79.013, 21.607 ], [ 79.022, 21.617 ], [ 79.035, 21.615 ], [ 79.044, 21.625 ], [ 79.058, 21.623 ], [ 79.067, 21.633 ], [ 79.08, 21.631 ], [ 79.089, 21.641 ], [ 79.085, 21.653 ], [ 79.094, 21.663 ], [ 79.107, 21.661 ], [ 79.116, 21.671 ], [ 79.112, 21.683 ], [ 79.121, 21.693 ], [ 79.117, 21.705 ], [ 79.103, 21.707 ], [ 79.099, 21.719 ], [ 79.108, 21.729 ], [ 79.104, 21.741 ], [ 79.113, 21.751 ], [ 79.109, 21.763 ], [ 79.118, 21.773 ], [ 79.114, 21.785 ], [ 79.123, 21.795 ], [ 79.119, 21.807 ], [ 79.128, 21.817 ], [ 79.124, 21.828 ], [ 79.133, 21.838 ], [ 79.146, 21.837 ], [ 79.155, 21.846 ], [ 79.151, 21.858 ], [ 79.16, 21.868 ], [ 79.173, 21.866 ], [ 79.182, 21.876 ], [ 79.178, 21.888 ], [ 79.187, 21.898 ], [ 79.201, 21.896 ], [ 79.21, 21.906 ], [ 79.223, 21.904 ], [ 79.232, 21.914 ], [ 79.228, 21.926 ], [ 79.237, 21.936 ], [ 79.25, 21.934 ], [ 79.259, 21.944 ], [ 79.255, 21.956 ], [ 79.264, 21.966 ], [ 79.277, 21.964 ], [ 79.286, 21.974 ], [ 79.282, 21.986 ], [ 79.291, 21.996 ], [ 79.304, 21.994 ], [ 79.313, 22.004 ], [ 79.309, 22.016 ], [ 79.318, 22.026 ], [ 79.332, 22.024 ], [ 79.341, 22.034 ], [ 79.337, 22.046 ], [ 79.346, 22.056 ], [ 79.359, 22.054 ], [ 79.363, 22.042 ], [ 79.376, 22.04 ], [ 79.385, 22.05 ], [ 79.381, 22.062 ], [ 79.39, 22.072 ], [ 79.386, 22.084 ], [ 79.373, 22.086 ], [ 79.369, 22.098 ], [ 79.378, 22.108 ], [ 79.374, 22.12 ], [ 79.36, 22.122 ], [ 79.356, 22.134 ], [ 79.343, 22.136 ], [ 79.339, 22.148 ], [ 79.348, 22.158 ], [ 79.344, 22.17 ], [ 79.353, 22.18 ], [ 79.349, 22.192 ], [ 79.336, 22.194 ], [ 79.332, 22.206 ], [ 79.341, 22.216 ], [ 79.337, 22.228 ], [ 79.346, 22.238 ], [ 79.359, 22.236 ], [ 79.368, 22.246 ], [ 79.364, 22.258 ], [ 79.351, 22.259 ], [ 79.346, 22.271 ], [ 79.356, 22.281 ], [ 79.351, 22.293 ], [ 79.338, 22.295 ], [ 79.329, 22.285 ], [ 79.316, 22.287 ], [ 79.312, 22.299 ], [ 79.299, 22.301 ], [ 79.294, 22.313 ], [ 79.303, 22.323 ], [ 79.299, 22.335 ], [ 79.308, 22.345 ], [ 79.322, 22.343 ], [ 79.331, 22.353 ], [ 79.344, 22.351 ], [ 79.353, 22.361 ], [ 79.349, 22.373 ], [ 79.336, 22.375 ], [ 79.332, 22.387 ], [ 79.318, 22.389 ], [ 79.309, 22.379 ], [ 79.296, 22.381 ], [ 79.292, 22.393 ], [ 79.301, 22.403 ], [ 79.297, 22.414 ], [ 79.306, 22.424 ], [ 79.319, 22.422 ], [ 79.328, 22.432 ], [ 79.324, 22.444 ], [ 79.311, 22.446 ], [ 79.302, 22.436 ], [ 79.289, 22.438 ], [ 79.284, 22.45 ], [ 79.271, 22.452 ], [ 79.262, 22.442 ], [ 79.249, 22.444 ], [ 79.24, 22.434 ], [ 79.227, 22.436 ], [ 79.218, 22.426 ], [ 79.204, 22.428 ], [ 79.2, 22.44 ], [ 79.209, 22.45 ], [ 79.205, 22.462 ], [ 79.214, 22.472 ], [ 79.227, 22.47 ], [ 79.237, 22.48 ], [ 79.25, 22.478 ], [ 79.254, 22.466 ], [ 79.267, 22.464 ], [ 79.276, 22.474 ], [ 79.289, 22.472 ], [ 79.298, 22.482 ], [ 79.312, 22.48 ], [ 79.321, 22.49 ], [ 79.334, 22.488 ], [ 79.343, 22.498 ], [ 79.339, 22.51 ], [ 79.326, 22.512 ], [ 79.322, 22.524 ], [ 79.331, 22.534 ], [ 79.327, 22.546 ], [ 79.336, 22.556 ], [ 79.332, 22.568 ], [ 79.341, 22.578 ], [ 79.354, 22.576 ], [ 79.363, 22.586 ], [ 79.359, 22.597 ], [ 79.368, 22.607 ], [ 79.364, 22.619 ], [ 79.351, 22.621 ], [ 79.341, 22.611 ], [ 79.328, 22.613 ], [ 79.324, 22.625 ], [ 79.311, 22.627 ], [ 79.307, 22.639 ], [ 79.293, 22.641 ], [ 79.289, 22.653 ], [ 79.298, 22.663 ], [ 79.294, 22.675 ], [ 79.303, 22.685 ], [ 79.299, 22.696 ], [ 79.286, 22.698 ], [ 79.277, 22.688 ], [ 79.264, 22.69 ], [ 79.26, 22.702 ], [ 79.246, 22.704 ], [ 79.242, 22.716 ], [ 79.251, 22.726 ], [ 79.247, 22.738 ], [ 79.256, 22.748 ], [ 79.252, 22.76 ], [ 79.239, 22.761 ], [ 79.235, 22.773 ], [ 79.244, 22.783 ], [ 79.24, 22.795 ], [ 79.226, 22.797 ], [ 79.222, 22.809 ], [ 79.209, 22.811 ], [ 79.2, 22.801 ], [ 79.187, 22.803 ], [ 79.178, 22.793 ], [ 79.164, 22.795 ], [ 79.155, 22.785 ], [ 79.142, 22.787 ], [ 79.133, 22.777 ], [ 79.12, 22.779 ], [ 79.111, 22.769 ], [ 79.115, 22.757 ], [ 79.106, 22.747 ], [ 79.093, 22.749 ], [ 79.084, 22.739 ], [ 79.07, 22.741 ], [ 79.066, 22.752 ], [ 79.053, 22.754 ], [ 79.044, 22.744 ], [ 79.031, 22.746 ], [ 79.022, 22.736 ], [ 79.026, 22.724 ], [ 79.017, 22.714 ], [ 79.021, 22.703 ], [ 79.012, 22.693 ], [ 79.016, 22.681 ], [ 79.007, 22.671 ], [ 79.011, 22.659 ], [ 79.002, 22.649 ], [ 79.006, 22.637 ], [ 78.997, 22.627 ], [ 78.984, 22.629 ], [ 78.98, 22.641 ], [ 78.967, 22.643 ], [ 78.958, 22.633 ], [ 78.944, 22.635 ], [ 78.94, 22.647 ], [ 78.927, 22.648 ], [ 78.923, 22.66 ], [ 78.91, 22.662 ], [ 78.906, 22.674 ], [ 78.892, 22.676 ], [ 78.888, 22.688 ], [ 78.875, 22.69 ], [ 78.866, 22.68 ], [ 78.853, 22.681 ], [ 78.844, 22.672 ], [ 78.831, 22.673 ], [ 78.822, 22.663 ], [ 78.826, 22.652 ], [ 78.817, 22.642 ], [ 78.803, 22.643 ], [ 78.799, 22.655 ], [ 78.786, 22.657 ], [ 78.777, 22.647 ], [ 78.781, 22.635 ], [ 78.772, 22.625 ], [ 78.759, 22.627 ], [ 78.75, 22.617 ], [ 78.737, 22.619 ], [ 78.733, 22.631 ], [ 78.72, 22.633 ], [ 78.715, 22.645 ], [ 78.702, 22.647 ], [ 78.698, 22.658 ], [ 78.685, 22.66 ], [ 78.681, 22.672 ], [ 78.69, 22.682 ], [ 78.686, 22.694 ], [ 78.695, 22.704 ], [ 78.691, 22.716 ], [ 78.678, 22.718 ], [ 78.673, 22.729 ], [ 78.682, 22.739 ], [ 78.678, 22.751 ], [ 78.687, 22.761 ], [ 78.683, 22.773 ], [ 78.67, 22.775 ], [ 78.661, 22.765 ], [ 78.648, 22.767 ], [ 78.639, 22.757 ], [ 78.626, 22.759 ], [ 78.621, 22.77 ], [ 78.63, 22.78 ], [ 78.626, 22.792 ], [ 78.613, 22.794 ], [ 78.609, 22.806 ], [ 78.596, 22.808 ], [ 78.592, 22.819 ], [ 78.601, 22.829 ], [ 78.597, 22.841 ], [ 78.606, 22.851 ], [ 78.602, 22.863 ], [ 78.588, 22.865 ], [ 78.584, 22.877 ], [ 78.571, 22.878 ], [ 78.567, 22.89 ], [ 78.576, 22.9 ], [ 78.589, 22.898 ], [ 78.598, 22.908 ], [ 78.594, 22.92 ], [ 78.581, 22.922 ], [ 78.577, 22.934 ], [ 78.564, 22.936 ], [ 78.559, 22.947 ], [ 78.546, 22.949 ], [ 78.542, 22.961 ], [ 78.529, 22.963 ], [ 78.52, 22.953 ], [ 78.507, 22.955 ], [ 78.503, 22.966 ], [ 78.489, 22.968 ], [ 78.48, 22.958 ], [ 78.467, 22.96 ], [ 78.463, 22.972 ], [ 78.45, 22.974 ], [ 78.446, 22.985 ], [ 78.433, 22.987 ], [ 78.424, 22.977 ], [ 78.411, 22.979 ], [ 78.402, 22.969 ], [ 78.406, 22.957 ], [ 78.397, 22.947 ], [ 78.384, 22.949 ], [ 78.375, 22.939 ], [ 78.362, 22.941 ], [ 78.353, 22.931 ], [ 78.357, 22.919 ], [ 78.348, 22.909 ], [ 78.335, 22.911 ], [ 78.33, 22.923 ], [ 78.317, 22.925 ], [ 78.308, 22.915 ], [ 78.313, 22.903 ], [ 78.304, 22.893 ], [ 78.29, 22.895 ], [ 78.281, 22.885 ], [ 78.286, 22.873 ], [ 78.277, 22.863 ], [ 78.264, 22.865 ], [ 78.259, 22.877 ], [ 78.246, 22.879 ], [ 78.237, 22.869 ], [ 78.224, 22.87 ], [ 78.22, 22.882 ], [ 78.207, 22.884 ], [ 78.203, 22.896 ], [ 78.19, 22.897 ], [ 78.181, 22.888 ], [ 78.185, 22.876 ], [ 78.176, 22.866 ], [ 78.163, 22.868 ], [ 78.154, 22.858 ], [ 78.141, 22.859 ], [ 78.132, 22.849 ], [ 78.136, 22.838 ], [ 78.127, 22.828 ], [ 78.131, 22.816 ], [ 78.122, 22.806 ], [ 78.126, 22.794 ], [ 78.117, 22.784 ], [ 78.104, 22.786 ], [ 78.1, 22.798 ], [ 78.087, 22.8 ], [ 78.083, 22.811 ], [ 78.07, 22.813 ], [ 78.061, 22.803 ], [ 78.048, 22.805 ], [ 78.039, 22.795 ], [ 78.026, 22.797 ], [ 78.022, 22.809 ], [ 78.009, 22.81 ], [ 78.004, 22.822 ], [ 77.991, 22.824 ], [ 77.982, 22.814 ], [ 77.969, 22.816 ], [ 77.965, 22.827 ], [ 77.952, 22.829 ], [ 77.943, 22.819 ], [ 77.947, 22.808 ], [ 77.938, 22.798 ], [ 77.943, 22.786 ], [ 77.934, 22.776 ], [ 77.921, 22.778 ], [ 77.916, 22.789 ], [ 77.903, 22.791 ], [ 77.899, 22.803 ], [ 77.908, 22.813 ], [ 77.904, 22.825 ], [ 77.913, 22.835 ], [ 77.926, 22.833 ], [ 77.935, 22.843 ], [ 77.931, 22.854 ], [ 77.918, 22.856 ], [ 77.909, 22.846 ], [ 77.896, 22.848 ], [ 77.887, 22.838 ], [ 77.874, 22.84 ], [ 77.87, 22.852 ], [ 77.879, 22.862 ], [ 77.874, 22.873 ], [ 77.861, 22.875 ], [ 77.852, 22.865 ], [ 77.839, 22.867 ], [ 77.831, 22.857 ], [ 77.817, 22.859 ], [ 77.809, 22.849 ], [ 77.796, 22.85 ], [ 77.787, 22.84 ], [ 77.791, 22.829 ], [ 77.782, 22.819 ], [ 77.786, 22.807 ], [ 77.777, 22.797 ], [ 77.781, 22.785 ], [ 77.772, 22.775 ], [ 77.759, 22.777 ], [ 77.75, 22.767 ], [ 77.737, 22.769 ], [ 77.728, 22.759 ], [ 77.715, 22.761 ], [ 77.711, 22.772 ], [ 77.698, 22.774 ], [ 77.689, 22.764 ], [ 77.693, 22.753 ], [ 77.685, 22.743 ], [ 77.672, 22.744 ], [ 77.663, 22.734 ], [ 77.65, 22.736 ], [ 77.645, 22.748 ], [ 77.632, 22.75 ], [ 77.624, 22.74 ], [ 77.611, 22.741 ], [ 77.602, 22.731 ], [ 77.606, 22.72 ], [ 77.597, 22.71 ], [ 77.601, 22.698 ], [ 77.592, 22.688 ], [ 77.579, 22.69 ], [ 77.57, 22.68 ], [ 77.574, 22.668 ], [ 77.566, 22.658 ], [ 77.553, 22.66 ], [ 77.548, 22.672 ], [ 77.535, 22.673 ], [ 77.527, 22.663 ], [ 77.514, 22.665 ], [ 77.505, 22.655 ], [ 77.509, 22.643 ], [ 77.5, 22.633 ], [ 77.487, 22.635 ], [ 77.483, 22.647 ], [ 77.47, 22.649 ], [ 77.461, 22.639 ], [ 77.448, 22.64 ], [ 77.439, 22.63 ], [ 77.426, 22.632 ], [ 77.417, 22.622 ], [ 77.404, 22.624 ], [ 77.395, 22.614 ], [ 77.382, 22.616 ], [ 77.374, 22.606 ], [ 77.361, 22.607 ], [ 77.352, 22.598 ], [ 77.356, 22.586 ], [ 77.347, 22.576 ], [ 77.334, 22.578 ], [ 77.325, 22.568 ], [ 77.312, 22.569 ], [ 77.303, 22.559 ], [ 77.291, 22.561 ], [ 77.286, 22.573 ], [ 77.295, 22.583 ], [ 77.291, 22.595 ], [ 77.278, 22.596 ], [ 77.274, 22.608 ], [ 77.261, 22.61 ], [ 77.252, 22.6 ], [ 77.256, 22.588 ], [ 77.247, 22.578 ], [ 77.235, 22.58 ], [ 77.226, 22.57 ], [ 77.23, 22.558 ], [ 77.243, 22.556 ], [ 77.247, 22.545 ], [ 77.26, 22.543 ], [ 77.264, 22.531 ], [ 77.255, 22.521 ], [ 77.259, 22.509 ], [ 77.272, 22.508 ], [ 77.276, 22.496 ], [ 77.289, 22.494 ], [ 77.294, 22.483 ], [ 77.285, 22.473 ], [ 77.289, 22.461 ], [ 77.28, 22.451 ], [ 77.284, 22.439 ], [ 77.297, 22.437 ], [ 77.301, 22.426 ], [ 77.292, 22.416 ], [ 77.297, 22.404 ], [ 77.309, 22.402 ], [ 77.314, 22.39 ], [ 77.327, 22.389 ], [ 77.331, 22.377 ], [ 77.322, 22.367 ], [ 77.326, 22.355 ], [ 77.317, 22.345 ], [ 77.321, 22.333 ], [ 77.334, 22.332 ], [ 77.338, 22.32 ], [ 77.351, 22.318 ], [ 77.355, 22.306 ], [ 77.347, 22.296 ], [ 77.351, 22.285 ], [ 77.364, 22.283 ], [ 77.368, 22.271 ], [ 77.359, 22.261 ], [ 77.363, 22.249 ], [ 77.376, 22.248 ], [ 77.38, 22.236 ], [ 77.393, 22.234 ], [ 77.397, 22.222 ], [ 77.388, 22.212 ], [ 77.393, 22.201 ], [ 77.406, 22.199 ], [ 77.41, 22.187 ], [ 77.423, 22.185 ], [ 77.427, 22.173 ], [ 77.44, 22.172 ], [ 77.449, 22.182 ], [ 77.462, 22.18 ], [ 77.466, 22.168 ], [ 77.479, 22.166 ], [ 77.483, 22.155 ], [ 77.474, 22.145 ], [ 77.478, 22.133 ], [ 77.469, 22.123 ], [ 77.473, 22.111 ], [ 77.465, 22.101 ], [ 77.469, 22.089 ], [ 77.482, 22.087 ], [ 77.486, 22.076 ], [ 77.499, 22.074 ], [ 77.503, 22.062 ], [ 77.494, 22.052 ], [ 77.498, 22.04 ], [ 77.489, 22.03 ], [ 77.476, 22.032 ], [ 77.472, 22.044 ], [ 77.459, 22.046 ], [ 77.45, 22.036 ], [ 77.455, 22.024 ], [ 77.446, 22.014 ], [ 77.433, 22.016 ], [ 77.429, 22.027 ], [ 77.416, 22.029 ], [ 77.407, 22.019 ], [ 77.394, 22.021 ], [ 77.385, 22.011 ], [ 77.389, 21.999 ], [ 77.38, 21.989 ], [ 77.367, 21.991 ], [ 77.359, 21.981 ], [ 77.346, 21.983 ], [ 77.337, 21.973 ], [ 77.324, 21.975 ], [ 77.315, 21.965 ], [ 77.302, 21.967 ], [ 77.293, 21.957 ], [ 77.28, 21.958 ], [ 77.271, 21.948 ], [ 77.259, 21.95 ], [ 77.25, 21.94 ], [ 77.254, 21.928 ], [ 77.245, 21.918 ], [ 77.232, 21.92 ], [ 77.223, 21.91 ], [ 77.227, 21.898 ], [ 77.219, 21.888 ], [ 77.206, 21.89 ], [ 77.197, 21.88 ], [ 77.201, 21.868 ], [ 77.192, 21.858 ], [ 77.179, 21.86 ], [ 77.175, 21.872 ], [ 77.162, 21.874 ], [ 77.153, 21.864 ], [ 77.158, 21.852 ], [ 77.171, 21.85 ], [ 77.175, 21.838 ], [ 77.166, 21.828 ], [ 77.17, 21.817 ], [ 77.183, 21.815 ], [ 77.187, 21.803 ], [ 77.178, 21.793 ], [ 77.182, 21.781 ], [ 77.174, 21.771 ], [ 77.161, 21.773 ], [ 77.157, 21.785 ], [ 77.144, 21.787 ], [ 77.135, 21.777 ], [ 77.122, 21.778 ], [ 77.113, 21.768 ], [ 77.1, 21.77 ], [ 77.091, 21.76 ], [ 77.079, 21.762 ], [ 77.07, 21.752 ], [ 77.074, 21.74 ], [ 77.065, 21.73 ], [ 77.069, 21.718 ], [ 77.082, 21.717 ], [ 77.091, 21.727 ], [ 77.104, 21.725 ], [ 77.108, 21.713 ], [ 77.121, 21.711 ], [ 77.13, 21.721 ], [ 77.142, 21.719 ], [ 77.147, 21.708 ], [ 77.16, 21.706 ], [ 77.168, 21.716 ], [ 77.181, 21.714 ], [ 77.185, 21.702 ], [ 77.198, 21.7 ], [ 77.202, 21.689 ], [ 77.215, 21.687 ], [ 77.224, 21.697 ], [ 77.22, 21.709 ], [ 77.229, 21.719 ], [ 77.242, 21.717 ], [ 77.25, 21.727 ], [ 77.263, 21.725 ], [ 77.272, 21.735 ], [ 77.285, 21.733 ], [ 77.294, 21.743 ], [ 77.29, 21.755 ], [ 77.299, 21.765 ], [ 77.312, 21.763 ], [ 77.316, 21.751 ], [ 77.329, 21.75 ], [ 77.337, 21.76 ], [ 77.35, 21.758 ], [ 77.354, 21.746 ], [ 77.367, 21.744 ], [ 77.376, 21.754 ], [ 77.389, 21.752 ], [ 77.398, 21.762 ], [ 77.411, 21.761 ], [ 77.415, 21.749 ], [ 77.428, 21.747 ], [ 77.437, 21.757 ], [ 77.45, 21.755 ], [ 77.459, 21.765 ], [ 77.472, 21.763 ], [ 77.476, 21.751 ], [ 77.489, 21.75 ], [ 77.493, 21.738 ], [ 77.506, 21.736 ], [ 77.51, 21.724 ], [ 77.523, 21.722 ], [ 77.527, 21.71 ], [ 77.54, 21.709 ], [ 77.544, 21.697 ], [ 77.557, 21.695 ], [ 77.561, 21.683 ], [ 77.552, 21.673 ], [ 77.556, 21.661 ], [ 77.569, 21.659 ], [ 77.573, 21.648 ], [ 77.565, 21.638 ], [ 77.569, 21.626 ], [ 77.582, 21.624 ], [ 77.586, 21.612 ], [ 77.577, 21.602 ], [ 77.581, 21.59 ], [ 77.594, 21.588 ], [ 77.598, 21.576 ], [ 77.589, 21.566 ], [ 77.593, 21.555 ], [ 77.606, 21.553 ], [ 77.611, 21.541 ], [ 77.602, 21.531 ], [ 77.589, 21.533 ], [ 77.58, 21.523 ], [ 77.567, 21.525 ], [ 77.563, 21.536 ], [ 77.55, 21.538 ], [ 77.541, 21.528 ], [ 77.528, 21.53 ], [ 77.524, 21.542 ], [ 77.511, 21.544 ], [ 77.502, 21.534 ], [ 77.489, 21.536 ], [ 77.485, 21.548 ], [ 77.472, 21.549 ], [ 77.463, 21.539 ], [ 77.45, 21.541 ], [ 77.442, 21.531 ], [ 77.429, 21.533 ], [ 77.42, 21.523 ], [ 77.424, 21.511 ], [ 77.437, 21.509 ], [ 77.441, 21.498 ], [ 77.432, 21.488 ], [ 77.436, 21.476 ], [ 77.449, 21.474 ], [ 77.453, 21.462 ], [ 77.466, 21.46 ], [ 77.47, 21.448 ], [ 77.483, 21.446 ], [ 77.487, 21.435 ], [ 77.5, 21.433 ], [ 77.505, 21.421 ], [ 77.517, 21.419 ], [ 77.522, 21.407 ], [ 77.535, 21.405 ], [ 77.543, 21.415 ], [ 77.556, 21.413 ], [ 77.56, 21.402 ], [ 77.573, 21.4 ], [ 77.577, 21.388 ], [ 77.569, 21.378 ], [ 77.573, 21.366 ], [ 77.586, 21.364 ], [ 77.595, 21.374 ], [ 77.608, 21.372 ], [ 77.616, 21.382 ], [ 77.629, 21.38 ], [ 77.638, 21.39 ], [ 77.651, 21.389 ], [ 77.655, 21.377 ], [ 77.668, 21.375 ], [ 77.677, 21.385 ], [ 77.69, 21.383 ], [ 77.694, 21.371 ], [ 77.707, 21.369 ], [ 77.711, 21.357 ], [ 77.724, 21.355 ], [ 77.733, 21.365 ], [ 77.746, 21.363 ], [ 77.755, 21.373 ], [ 77.751, 21.385 ], [ 77.76, 21.395 ], [ 77.773, 21.394 ], [ 77.777, 21.382 ], [ 77.79, 21.38 ], [ 77.799, 21.39 ], [ 77.794, 21.402 ], [ 77.803, 21.412 ], [ 77.816, 21.41 ], [ 77.82, 21.398 ], [ 77.833, 21.396 ], [ 77.842, 21.406 ], [ 77.855, 21.404 ], [ 77.859, 21.392 ], [ 77.872, 21.39 ], [ 77.876, 21.378 ], [ 77.889, 21.377 ], [ 77.898, 21.387 ], [ 77.911, 21.385 ], [ 77.92, 21.395 ], [ 77.933, 21.393 ], [ 77.942, 21.403 ] ] ] ] } },
{ "type": "Feature", "properties": { "POLYGON.ID": 54.0, "subregion": "India--Madhya Pradesh--East_CL29808", "FILTER": "Madhya Pradesh", "POLYGON": "India--Madhya Pradesh--East_CL29808", "STATE": "Madhya Pradesh", "COUNTY": "spl_region", "OWNER": null }, "geometry": { "type": "MultiPolygon", "coordinates": [ [ [ [ 80.545, 23.44 ], [ 80.549, 23.428 ], [ 80.54, 23.418 ], [ 80.544, 23.407 ], [ 80.535, 23.397 ], [ 80.539, 23.385 ], [ 80.53, 23.375 ], [ 80.517, 23.377 ], [ 80.512, 23.389 ], [ 80.499, 23.391 ], [ 80.49, 23.381 ], [ 80.476, 23.383 ], [ 80.467, 23.373 ], [ 80.471, 23.361 ], [ 80.462, 23.351 ], [ 80.449, 23.353 ], [ 80.439, 23.343 ], [ 80.426, 23.345 ], [ 80.417, 23.335 ], [ 80.403, 23.337 ], [ 80.399, 23.349 ], [ 80.386, 23.351 ], [ 80.376, 23.341 ], [ 80.381, 23.329 ], [ 80.371, 23.319 ], [ 80.358, 23.321 ], [ 80.349, 23.311 ], [ 80.335, 23.313 ], [ 80.331, 23.325 ], [ 80.318, 23.327 ], [ 80.314, 23.339 ], [ 80.3, 23.341 ], [ 80.296, 23.353 ], [ 80.305, 23.363 ], [ 80.301, 23.374 ], [ 80.31, 23.384 ], [ 80.306, 23.396 ], [ 80.316, 23.406 ], [ 80.311, 23.418 ], [ 80.298, 23.42 ], [ 80.294, 23.432 ], [ 80.28, 23.434 ], [ 80.276, 23.446 ], [ 80.263, 23.448 ], [ 80.259, 23.46 ], [ 80.268, 23.47 ], [ 80.264, 23.481 ], [ 80.251, 23.483 ], [ 80.246, 23.495 ], [ 80.233, 23.497 ], [ 80.224, 23.487 ], [ 80.21, 23.489 ], [ 80.206, 23.501 ], [ 80.193, 23.503 ], [ 80.189, 23.515 ], [ 80.198, 23.525 ], [ 80.211, 23.523 ], [ 80.221, 23.533 ], [ 80.234, 23.531 ], [ 80.243, 23.541 ], [ 80.239, 23.553 ], [ 80.226, 23.554 ], [ 80.221, 23.566 ], [ 80.208, 23.568 ], [ 80.204, 23.58 ], [ 80.191, 23.582 ], [ 80.181, 23.572 ], [ 80.168, 23.574 ], [ 80.164, 23.586 ], [ 80.15, 23.588 ], [ 80.141, 23.578 ], [ 80.128, 23.58 ], [ 80.124, 23.592 ], [ 80.11, 23.594 ], [ 80.101, 23.584 ], [ 80.088, 23.586 ], [ 80.078, 23.576 ], [ 80.065, 23.578 ], [ 80.056, 23.568 ], [ 80.043, 23.57 ], [ 80.038, 23.581 ], [ 80.025, 23.583 ], [ 80.016, 23.573 ], [ 80.002, 23.575 ], [ 79.998, 23.587 ], [ 79.985, 23.589 ], [ 79.981, 23.601 ], [ 79.967, 23.603 ], [ 79.963, 23.615 ], [ 79.95, 23.616 ], [ 79.941, 23.607 ], [ 79.927, 23.608 ], [ 79.918, 23.599 ], [ 79.922, 23.587 ], [ 79.913, 23.577 ], [ 79.9, 23.579 ], [ 79.891, 23.569 ], [ 79.895, 23.557 ], [ 79.886, 23.547 ], [ 79.872, 23.549 ], [ 79.863, 23.539 ], [ 79.867, 23.527 ], [ 79.858, 23.517 ], [ 79.845, 23.519 ], [ 79.835, 23.509 ], [ 79.822, 23.511 ], [ 79.813, 23.501 ], [ 79.817, 23.489 ], [ 79.808, 23.479 ], [ 79.812, 23.468 ], [ 79.803, 23.458 ], [ 79.79, 23.459 ], [ 79.78, 23.45 ], [ 79.767, 23.451 ], [ 79.758, 23.442 ], [ 79.745, 23.443 ], [ 79.735, 23.433 ], [ 79.739, 23.422 ], [ 79.73, 23.412 ], [ 79.734, 23.4 ], [ 79.725, 23.39 ], [ 79.712, 23.392 ], [ 79.703, 23.382 ], [ 79.707, 23.37 ], [ 79.698, 23.36 ], [ 79.684, 23.362 ], [ 79.675, 23.352 ], [ 79.679, 23.34 ], [ 79.67, 23.33 ], [ 79.657, 23.332 ], [ 79.648, 23.322 ], [ 79.635, 23.324 ], [ 79.625, 23.314 ], [ 79.612, 23.316 ], [ 79.603, 23.306 ], [ 79.607, 23.294 ], [ 79.598, 23.284 ], [ 79.585, 23.286 ], [ 79.575, 23.276 ], [ 79.562, 23.278 ], [ 79.553, 23.268 ], [ 79.54, 23.27 ], [ 79.531, 23.26 ], [ 79.517, 23.262 ], [ 79.513, 23.274 ], [ 79.5, 23.276 ], [ 79.491, 23.266 ], [ 79.495, 23.254 ], [ 79.486, 23.244 ], [ 79.472, 23.246 ], [ 79.463, 23.236 ], [ 79.467, 23.224 ], [ 79.458, 23.214 ], [ 79.445, 23.216 ], [ 79.436, 23.206 ], [ 79.423, 23.208 ], [ 79.414, 23.198 ], [ 79.418, 23.186 ], [ 79.409, 23.176 ], [ 79.395, 23.178 ], [ 79.386, 23.168 ], [ 79.373, 23.17 ], [ 79.364, 23.16 ], [ 79.351, 23.162 ], [ 79.341, 23.152 ], [ 79.328, 23.154 ], [ 79.324, 23.166 ], [ 79.333, 23.176 ], [ 79.329, 23.188 ], [ 79.316, 23.189 ], [ 79.312, 23.201 ], [ 79.321, 23.211 ], [ 79.317, 23.223 ], [ 79.303, 23.225 ], [ 79.294, 23.215 ], [ 79.281, 23.217 ], [ 79.277, 23.229 ], [ 79.263, 23.231 ], [ 79.259, 23.242 ], [ 79.246, 23.244 ], [ 79.237, 23.234 ], [ 79.224, 23.236 ], [ 79.215, 23.226 ], [ 79.201, 23.228 ], [ 79.192, 23.218 ], [ 79.196, 23.206 ], [ 79.187, 23.196 ], [ 79.174, 23.198 ], [ 79.165, 23.188 ], [ 79.169, 23.176 ], [ 79.16, 23.166 ], [ 79.147, 23.168 ], [ 79.143, 23.18 ], [ 79.129, 23.182 ], [ 79.12, 23.172 ], [ 79.107, 23.174 ], [ 79.103, 23.186 ], [ 79.112, 23.196 ], [ 79.108, 23.207 ], [ 79.095, 23.209 ], [ 79.086, 23.199 ], [ 79.072, 23.201 ], [ 79.063, 23.191 ], [ 79.05, 23.193 ], [ 79.046, 23.205 ], [ 79.033, 23.207 ], [ 79.024, 23.197 ], [ 79.01, 23.199 ], [ 79.006, 23.21 ], [ 78.993, 23.212 ], [ 78.984, 23.202 ], [ 78.971, 23.204 ], [ 78.967, 23.216 ], [ 78.953, 23.218 ], [ 78.949, 23.23 ], [ 78.936, 23.231 ], [ 78.927, 23.222 ], [ 78.914, 23.223 ], [ 78.905, 23.213 ], [ 78.891, 23.215 ], [ 78.887, 23.227 ], [ 78.874, 23.229 ], [ 78.865, 23.219 ], [ 78.852, 23.221 ], [ 78.848, 23.233 ], [ 78.834, 23.234 ], [ 78.83, 23.246 ], [ 78.817, 23.248 ], [ 78.808, 23.238 ], [ 78.812, 23.226 ], [ 78.803, 23.216 ], [ 78.807, 23.204 ], [ 78.798, 23.195 ], [ 78.802, 23.183 ], [ 78.793, 23.173 ], [ 78.798, 23.161 ], [ 78.788, 23.151 ], [ 78.793, 23.139 ], [ 78.784, 23.129 ], [ 78.788, 23.118 ], [ 78.801, 23.116 ], [ 78.805, 23.104 ], [ 78.796, 23.094 ], [ 78.783, 23.096 ], [ 78.774, 23.086 ], [ 78.761, 23.088 ], [ 78.752, 23.078 ], [ 78.756, 23.066 ], [ 78.747, 23.056 ], [ 78.733, 23.058 ], [ 78.724, 23.048 ], [ 78.711, 23.05 ], [ 78.702, 23.04 ], [ 78.689, 23.042 ], [ 78.68, 23.032 ], [ 78.667, 23.033 ], [ 78.658, 23.023 ], [ 78.645, 23.025 ], [ 78.641, 23.037 ], [ 78.627, 23.039 ], [ 78.618, 23.029 ], [ 78.605, 23.031 ], [ 78.596, 23.021 ], [ 78.583, 23.023 ], [ 78.574, 23.013 ], [ 78.561, 23.014 ], [ 78.552, 23.004 ], [ 78.539, 23.006 ], [ 78.535, 23.018 ], [ 78.521, 23.02 ], [ 78.512, 23.01 ], [ 78.499, 23.012 ], [ 78.49, 23.002 ], [ 78.477, 23.004 ], [ 78.468, 22.994 ], [ 78.455, 22.995 ], [ 78.446, 22.985 ], [ 78.45, 22.974 ], [ 78.463, 22.972 ], [ 78.467, 22.96 ], [ 78.48, 22.958 ], [ 78.489, 22.968 ], [ 78.503, 22.966 ], [ 78.507, 22.955 ], [ 78.52, 22.953 ], [ 78.529, 22.963 ], [ 78.542, 22.961 ], [ 78.546, 22.949 ], [ 78.559, 22.947 ], [ 78.564, 22.936 ], [ 78.577, 22.934 ], [ 78.581, 22.922 ], [ 78.594, 22.92 ], [ 78.598, 22.908 ], [ 78.589, 22.898 ], [ 78.576, 22.9 ], [ 78.567, 22.89 ], [ 78.571, 22.878 ], [ 78.584, 22.877 ], [ 78.588, 22.865 ], [ 78.602, 22.863 ], [ 78.606, 22.851 ], [ 78.597, 22.841 ], [ 78.601, 22.829 ], [ 78.592, 22.819 ], [ 78.596, 22.808 ], [ 78.609, 22.806 ], [ 78.613, 22.794 ], [ 78.626, 22.792 ], [ 78.63, 22.78 ], [ 78.621, 22.77 ], [ 78.626, 22.759 ], [ 78.639, 22.757 ], [ 78.648, 22.767 ], [ 78.661, 22.765 ], [ 78.67, 22.775 ], [ 78.683, 22.773 ], [ 78.687, 22.761 ], [ 78.678, 22.751 ], [ 78.682, 22.739 ], [ 78.673, 22.729 ], [ 78.678, 22.718 ], [ 78.691, 22.716 ], [ 78.695, 22.704 ], [ 78.686, 22.694 ], [ 78.69, 22.682 ], [ 78.681, 22.672 ], [ 78.685, 22.66 ], [ 78.698, 22.658 ], [ 78.702, 22.647 ], [ 78.715, 22.645 ], [ 78.72, 22.633 ], [ 78.733, 22.631 ], [ 78.737, 22.619 ], [ 78.75, 22.617 ], [ 78.759, 22.627 ], [ 78.772, 22.625 ], [ 78.781, 22.635 ], [ 78.777, 22.647 ], [ 78.786, 22.657 ], [ 78.799, 22.655 ], [ 78.803, 22.643 ], [ 78.817, 22.642 ], [ 78.826, 22.652 ], [ 78.822, 22.663 ], [ 78.831, 22.673 ], [ 78.844, 22.672 ], [ 78.853, 22.681 ], [ 78.866, 22.68 ], [ 78.875, 22.69 ], [ 78.888, 22.688 ], [ 78.892, 22.676 ], [ 78.906, 22.674 ], [ 78.91, 22.662 ], [ 78.923, 22.66 ], [ 78.927, 22.648 ], [ 78.94, 22.647 ], [ 78.944, 22.635 ], [ 78.958, 22.633 ], [ 78.967, 22.643 ], [ 78.98, 22.641 ], [ 78.984, 22.629 ], [ 78.997, 22.627 ], [ 79.006, 22.637 ], [ 79.002, 22.649 ], [ 79.011, 22.659 ], [ 79.007, 22.671 ], [ 79.016, 22.681 ], [ 79.012, 22.693 ], [ 79.021, 22.703 ], [ 79.017, 22.714 ], [ 79.026, 22.724 ], [ 79.022, 22.736 ], [ 79.031, 22.746 ], [ 79.044, 22.744 ], [ 79.053, 22.754 ], [ 79.066, 22.752 ], [ 79.07, 22.741 ], [ 79.084, 22.739 ], [ 79.093, 22.749 ], [ 79.106, 22.747 ], [ 79.115, 22.757 ], [ 79.111, 22.769 ], [ 79.12, 22.779 ], [ 79.133, 22.777 ], [ 79.142, 22.787 ], [ 79.155, 22.785 ], [ 79.164, 22.795 ], [ 79.178, 22.793 ], [ 79.187, 22.803 ], [ 79.2, 22.801 ], [ 79.209, 22.811 ], [ 79.222, 22.809 ], [ 79.226, 22.797 ], [ 79.24, 22.795 ], [ 79.244, 22.783 ], [ 79.235, 22.773 ], [ 79.239, 22.761 ], [ 79.252, 22.76 ], [ 79.256, 22.748 ], [ 79.247, 22.738 ], [ 79.251, 22.726 ], [ 79.242, 22.716 ], [ 79.246, 22.704 ], [ 79.26, 22.702 ], [ 79.264, 22.69 ], [ 79.277, 22.688 ], [ 79.286, 22.698 ], [ 79.299, 22.696 ], [ 79.303, 22.685 ], [ 79.294, 22.675 ], [ 79.298, 22.663 ], [ 79.289, 22.653 ], [ 79.293, 22.641 ], [ 79.307, 22.639 ], [ 79.311, 22.627 ], [ 79.324, 22.625 ], [ 79.328, 22.613 ], [ 79.341, 22.611 ], [ 79.351, 22.621 ], [ 79.364, 22.619 ], [ 79.368, 22.607 ], [ 79.359, 22.597 ], [ 79.363, 22.586 ], [ 79.354, 22.576 ], [ 79.341, 22.578 ], [ 79.332, 22.568 ], [ 79.336, 22.556 ], [ 79.327, 22.546 ], [ 79.331, 22.534 ], [ 79.322, 22.524 ], [ 79.326, 22.512 ], [ 79.339, 22.51 ], [ 79.343, 22.498 ], [ 79.334, 22.488 ], [ 79.321, 22.49 ], [ 79.312, 22.48 ], [ 79.298, 22.482 ], [ 79.289, 22.472 ], [ 79.276, 22.474 ], [ 79.267, 22.464 ], [ 79.254, 22.466 ], [ 79.25, 22.478 ], [ 79.237, 22.48 ], [ 79.227, 22.47 ], [ 79.214, 22.472 ], [ 79.205, 22.462 ], [ 79.209, 22.45 ], [ 79.2, 22.44 ], [ 79.204, 22.428 ], [ 79.218, 22.426 ], [ 79.227, 22.436 ], [ 79.24, 22.434 ], [ 79.249, 22.444 ], [ 79.262, 22.442 ], [ 79.271, 22.452 ], [ 79.284, 22.45 ], [ 79.289, 22.438 ], [ 79.302, 22.436 ], [ 79.311, 22.446 ], [ 79.324, 22.444 ], [ 79.328, 22.432 ], [ 79.319, 22.422 ], [ 79.306, 22.424 ], [ 79.297, 22.414 ], [ 79.301, 22.403 ], [ 79.292, 22.393 ], [ 79.296, 22.381 ], [ 79.309, 22.379 ], [ 79.318, 22.389 ], [ 79.332, 22.387 ], [ 79.336, 22.375 ], [ 79.349, 22.373 ], [ 79.353, 22.361 ], [ 79.344, 22.351 ], [ 79.331, 22.353 ], [ 79.322, 22.343 ], [ 79.308, 22.345 ], [ 79.299, 22.335 ], [ 79.303, 22.323 ], [ 79.294, 22.313 ], [ 79.299, 22.301 ], [ 79.312, 22.299 ], [ 79.316, 22.287 ], [ 79.329, 22.285 ], [ 79.338, 22.295 ], [ 79.351, 22.293 ], [ 79.356, 22.281 ], [ 79.346, 22.271 ], [ 79.351, 22.259 ], [ 79.364, 22.258 ], [ 79.368, 22.246 ], [ 79.359, 22.236 ], [ 79.346, 22.238 ], [ 79.337, 22.228 ], [ 79.341, 22.216 ], [ 79.332, 22.206 ], [ 79.336, 22.194 ], [ 79.349, 22.192 ], [ 79.353, 22.18 ], [ 79.344, 22.17 ], [ 79.348, 22.158 ], [ 79.339, 22.148 ], [ 79.343, 22.136 ], [ 79.356, 22.134 ], [ 79.36, 22.122 ], [ 79.374, 22.12 ], [ 79.378, 22.108 ], [ 79.369, 22.098 ], [ 79.373, 22.086 ], [ 79.386, 22.084 ], [ 79.39, 22.072 ], [ 79.381, 22.062 ], [ 79.385, 22.05 ], [ 79.398, 22.048 ], [ 79.408, 22.058 ], [ 79.421, 22.056 ], [ 79.425, 22.044 ], [ 79.438, 22.042 ], [ 79.442, 22.03 ], [ 79.455, 22.029 ], [ 79.465, 22.038 ], [ 79.478, 22.037 ], [ 79.482, 22.025 ], [ 79.495, 22.023 ], [ 79.504, 22.033 ], [ 79.517, 22.031 ], [ 79.527, 22.041 ], [ 79.54, 22.039 ], [ 79.549, 22.049 ], [ 79.545, 22.061 ], [ 79.554, 22.071 ], [ 79.567, 22.069 ], [ 79.576, 22.079 ], [ 79.589, 22.077 ], [ 79.599, 22.087 ], [ 79.612, 22.085 ], [ 79.621, 22.094 ], [ 79.634, 22.093 ], [ 79.638, 22.081 ], [ 79.652, 22.079 ], [ 79.656, 22.067 ], [ 79.669, 22.065 ], [ 79.673, 22.053 ], [ 79.686, 22.051 ], [ 79.695, 22.061 ], [ 79.709, 22.059 ], [ 79.718, 22.069 ], [ 79.731, 22.067 ], [ 79.735, 22.055 ], [ 79.748, 22.053 ], [ 79.758, 22.063 ], [ 79.771, 22.061 ], [ 79.775, 22.049 ], [ 79.788, 22.047 ], [ 79.792, 22.035 ], [ 79.806, 22.033 ], [ 79.815, 22.043 ], [ 79.811, 22.055 ], [ 79.82, 22.065 ], [ 79.816, 22.076 ], [ 79.825, 22.086 ], [ 79.821, 22.098 ], [ 79.83, 22.108 ], [ 79.826, 22.12 ], [ 79.812, 22.122 ], [ 79.808, 22.134 ], [ 79.795, 22.136 ], [ 79.791, 22.148 ], [ 79.778, 22.15 ], [ 79.774, 22.162 ], [ 79.783, 22.172 ], [ 79.779, 22.184 ], [ 79.765, 22.186 ], [ 79.761, 22.198 ], [ 79.77, 22.208 ], [ 79.766, 22.22 ], [ 79.775, 22.23 ], [ 79.771, 22.242 ], [ 79.78, 22.252 ], [ 79.794, 22.25 ], [ 79.803, 22.26 ], [ 79.816, 22.258 ], [ 79.825, 22.268 ], [ 79.838, 22.266 ], [ 79.848, 22.276 ], [ 79.861, 22.274 ], [ 79.87, 22.284 ], [ 79.883, 22.282 ], [ 79.892, 22.292 ], [ 79.906, 22.29 ], [ 79.915, 22.3 ], [ 79.911, 22.312 ], [ 79.92, 22.322 ], [ 79.933, 22.32 ], [ 79.942, 22.33 ], [ 79.956, 22.328 ], [ 79.965, 22.338 ], [ 79.961, 22.35 ], [ 79.97, 22.36 ], [ 79.983, 22.358 ], [ 79.992, 22.368 ], [ 79.988, 22.38 ], [ 79.997, 22.39 ], [ 80.011, 22.388 ], [ 80.02, 22.398 ], [ 80.016, 22.41 ], [ 80.025, 22.42 ], [ 80.038, 22.418 ], [ 80.047, 22.428 ], [ 80.061, 22.426 ], [ 80.065, 22.414 ], [ 80.078, 22.412 ], [ 80.082, 22.4 ], [ 80.073, 22.39 ], [ 80.077, 22.378 ], [ 80.091, 22.376 ], [ 80.095, 22.364 ], [ 80.108, 22.362 ], [ 80.112, 22.35 ], [ 80.103, 22.34 ], [ 80.107, 22.328 ], [ 80.098, 22.318 ], [ 80.102, 22.306 ], [ 80.093, 22.296 ], [ 80.097, 22.284 ], [ 80.11, 22.282 ], [ 80.114, 22.27 ], [ 80.105, 22.26 ], [ 80.092, 22.262 ], [ 80.083, 22.252 ], [ 80.087, 22.24 ], [ 80.078, 22.23 ], [ 80.082, 22.218 ], [ 80.073, 22.208 ], [ 80.077, 22.196 ], [ 80.068, 22.186 ], [ 80.054, 22.188 ], [ 80.045, 22.178 ], [ 80.049, 22.166 ], [ 80.04, 22.156 ], [ 80.044, 22.144 ], [ 80.035, 22.134 ], [ 80.039, 22.122 ], [ 80.03, 22.112 ], [ 80.034, 22.1 ], [ 80.025, 22.09 ], [ 80.012, 22.092 ], [ 80.002, 22.082 ], [ 79.989, 22.084 ], [ 79.98, 22.074 ], [ 79.984, 22.062 ], [ 79.975, 22.052 ], [ 79.979, 22.04 ], [ 79.992, 22.038 ], [ 79.997, 22.026 ], [ 79.987, 22.016 ], [ 79.992, 22.004 ], [ 79.982, 21.994 ], [ 79.986, 21.982 ], [ 79.977, 21.972 ], [ 79.981, 21.96 ], [ 79.995, 21.958 ], [ 79.999, 21.946 ], [ 79.99, 21.936 ], [ 79.994, 21.924 ], [ 80.007, 21.922 ], [ 80.011, 21.91 ], [ 80.002, 21.9 ], [ 80.006, 21.888 ], [ 79.997, 21.878 ], [ 80.001, 21.866 ], [ 79.992, 21.856 ], [ 79.996, 21.844 ], [ 79.987, 21.834 ], [ 79.991, 21.822 ], [ 79.982, 21.812 ], [ 79.986, 21.8 ], [ 79.999, 21.798 ], [ 80.003, 21.786 ], [ 79.994, 21.776 ], [ 79.998, 21.764 ], [ 79.989, 21.754 ], [ 79.993, 21.742 ], [ 79.984, 21.732 ], [ 79.988, 21.72 ], [ 79.979, 21.71 ], [ 79.983, 21.698 ], [ 79.974, 21.688 ], [ 79.961, 21.69 ], [ 79.952, 21.68 ], [ 79.956, 21.668 ], [ 79.947, 21.658 ], [ 79.951, 21.646 ], [ 79.942, 21.636 ], [ 79.929, 21.638 ], [ 79.919, 21.628 ], [ 79.924, 21.616 ], [ 79.914, 21.606 ], [ 79.918, 21.594 ], [ 79.909, 21.584 ], [ 79.896, 21.586 ], [ 79.887, 21.576 ], [ 79.891, 21.564 ], [ 79.882, 21.554 ], [ 79.869, 21.556 ], [ 79.86, 21.546 ], [ 79.864, 21.534 ], [ 79.877, 21.532 ], [ 79.881, 21.52 ], [ 79.894, 21.518 ], [ 79.903, 21.528 ], [ 79.917, 21.526 ], [ 79.926, 21.536 ], [ 79.922, 21.548 ], [ 79.931, 21.558 ], [ 79.944, 21.556 ], [ 79.953, 21.566 ], [ 79.967, 21.564 ], [ 79.971, 21.552 ], [ 79.984, 21.549 ], [ 79.988, 21.537 ], [ 80.001, 21.535 ], [ 80.01, 21.545 ], [ 80.024, 21.543 ], [ 80.033, 21.553 ], [ 80.046, 21.551 ], [ 80.055, 21.561 ], [ 80.069, 21.559 ], [ 80.078, 21.569 ], [ 80.091, 21.567 ], [ 80.1, 21.577 ], [ 80.096, 21.589 ], [ 80.105, 21.599 ], [ 80.118, 21.597 ], [ 80.128, 21.607 ], [ 80.141, 21.605 ], [ 80.15, 21.615 ], [ 80.163, 21.613 ], [ 80.173, 21.623 ], [ 80.186, 21.621 ], [ 80.195, 21.631 ], [ 80.208, 21.629 ], [ 80.212, 21.617 ], [ 80.226, 21.615 ], [ 80.235, 21.625 ], [ 80.248, 21.622 ], [ 80.257, 21.632 ], [ 80.271, 21.63 ], [ 80.275, 21.618 ], [ 80.266, 21.608 ], [ 80.27, 21.596 ], [ 80.283, 21.594 ], [ 80.287, 21.582 ], [ 80.3, 21.58 ], [ 80.305, 21.568 ], [ 80.318, 21.566 ], [ 80.322, 21.554 ], [ 80.335, 21.552 ], [ 80.339, 21.54 ], [ 80.353, 21.537 ], [ 80.357, 21.525 ], [ 80.37, 21.523 ], [ 80.374, 21.511 ], [ 80.388, 21.509 ], [ 80.392, 21.497 ], [ 80.382, 21.487 ], [ 80.387, 21.475 ], [ 80.4, 21.473 ], [ 80.404, 21.461 ], [ 80.417, 21.459 ], [ 80.421, 21.446 ], [ 80.412, 21.436 ], [ 80.416, 21.424 ], [ 80.407, 21.414 ], [ 80.411, 21.402 ], [ 80.402, 21.392 ], [ 80.406, 21.38 ], [ 80.42, 21.378 ], [ 80.424, 21.366 ], [ 80.437, 21.364 ], [ 80.446, 21.374 ], [ 80.442, 21.386 ], [ 80.451, 21.396 ], [ 80.465, 21.394 ], [ 80.474, 21.404 ], [ 80.487, 21.402 ], [ 80.491, 21.39 ], [ 80.505, 21.387 ], [ 80.514, 21.397 ], [ 80.527, 21.395 ], [ 80.531, 21.383 ], [ 80.544, 21.381 ], [ 80.549, 21.369 ], [ 80.562, 21.367 ], [ 80.566, 21.355 ], [ 80.579, 21.353 ], [ 80.583, 21.34 ], [ 80.597, 21.338 ], [ 80.601, 21.326 ], [ 80.614, 21.324 ], [ 80.623, 21.334 ], [ 80.637, 21.332 ], [ 80.641, 21.32 ], [ 80.654, 21.318 ], [ 80.663, 21.328 ], [ 80.659, 21.34 ], [ 80.669, 21.35 ], [ 80.682, 21.348 ], [ 80.691, 21.358 ], [ 80.687, 21.37 ], [ 80.696, 21.38 ], [ 80.692, 21.392 ], [ 80.701, 21.402 ], [ 80.697, 21.414 ], [ 80.706, 21.424 ], [ 80.702, 21.436 ], [ 80.712, 21.446 ], [ 80.725, 21.444 ], [ 80.734, 21.454 ], [ 80.73, 21.466 ], [ 80.739, 21.476 ], [ 80.735, 21.488 ], [ 80.722, 21.49 ], [ 80.718, 21.502 ], [ 80.727, 21.512 ], [ 80.723, 21.525 ], [ 80.732, 21.535 ], [ 80.728, 21.547 ], [ 80.737, 21.557 ], [ 80.733, 21.569 ], [ 80.72, 21.571 ], [ 80.715, 21.583 ], [ 80.725, 21.593 ], [ 80.721, 21.605 ], [ 80.73, 21.615 ], [ 80.726, 21.627 ], [ 80.735, 21.637 ], [ 80.731, 21.649 ], [ 80.717, 21.651 ], [ 80.713, 21.664 ], [ 80.723, 21.673 ], [ 80.718, 21.686 ], [ 80.728, 21.696 ], [ 80.724, 21.708 ], [ 80.733, 21.718 ], [ 80.729, 21.73 ], [ 80.738, 21.74 ], [ 80.734, 21.752 ], [ 80.743, 21.762 ], [ 80.756, 21.76 ], [ 80.761, 21.748 ], [ 80.774, 21.745 ], [ 80.783, 21.755 ], [ 80.797, 21.753 ], [ 80.801, 21.741 ], [ 80.814, 21.739 ], [ 80.823, 21.749 ], [ 80.819, 21.761 ], [ 80.828, 21.771 ], [ 80.824, 21.783 ], [ 80.834, 21.793 ], [ 80.829, 21.805 ], [ 80.839, 21.815 ], [ 80.835, 21.827 ], [ 80.844, 21.837 ], [ 80.84, 21.85 ], [ 80.849, 21.86 ], [ 80.845, 21.872 ], [ 80.831, 21.874 ], [ 80.827, 21.886 ], [ 80.837, 21.896 ], [ 80.832, 21.908 ], [ 80.842, 21.918 ], [ 80.838, 21.93 ], [ 80.847, 21.94 ], [ 80.843, 21.952 ], [ 80.852, 21.962 ], [ 80.848, 21.974 ], [ 80.857, 21.984 ], [ 80.853, 21.996 ], [ 80.862, 22.006 ], [ 80.876, 22.004 ], [ 80.885, 22.014 ], [ 80.881, 22.026 ], [ 80.89, 22.036 ], [ 80.886, 22.048 ], [ 80.895, 22.058 ], [ 80.891, 22.07 ], [ 80.9, 22.08 ], [ 80.896, 22.092 ], [ 80.905, 22.102 ], [ 80.901, 22.114 ], [ 80.911, 22.124 ], [ 80.924, 22.122 ], [ 80.928, 22.11 ], [ 80.941, 22.108 ], [ 80.951, 22.118 ], [ 80.964, 22.116 ], [ 80.968, 22.104 ], [ 80.959, 22.094 ], [ 80.963, 22.082 ], [ 80.977, 22.08 ], [ 80.981, 22.067 ], [ 80.971, 22.057 ], [ 80.976, 22.045 ], [ 80.989, 22.043 ], [ 80.998, 22.053 ], [ 80.994, 22.065 ], [ 81.003, 22.075 ], [ 80.999, 22.087 ], [ 81.009, 22.097 ], [ 81.004, 22.109 ], [ 80.991, 22.112 ], [ 80.987, 22.124 ], [ 80.996, 22.134 ], [ 81.01, 22.131 ], [ 81.019, 22.141 ], [ 81.015, 22.154 ], [ 81.024, 22.163 ], [ 81.02, 22.176 ], [ 81.029, 22.186 ], [ 81.025, 22.198 ], [ 81.034, 22.208 ], [ 81.03, 22.22 ], [ 81.039, 22.23 ], [ 81.035, 22.242 ], [ 81.045, 22.252 ], [ 81.058, 22.25 ], [ 81.062, 22.237 ], [ 81.076, 22.235 ], [ 81.085, 22.245 ], [ 81.081, 22.257 ], [ 81.09, 22.267 ], [ 81.103, 22.265 ], [ 81.113, 22.275 ], [ 81.109, 22.287 ], [ 81.118, 22.297 ], [ 81.114, 22.309 ], [ 81.123, 22.319 ], [ 81.119, 22.331 ], [ 81.128, 22.341 ], [ 81.124, 22.353 ], [ 81.111, 22.355 ], [ 81.107, 22.368 ], [ 81.116, 22.377 ], [ 81.112, 22.39 ], [ 81.121, 22.4 ], [ 81.117, 22.412 ], [ 81.104, 22.414 ], [ 81.099, 22.426 ], [ 81.109, 22.436 ], [ 81.122, 22.434 ], [ 81.131, 22.444 ], [ 81.145, 22.441 ], [ 81.154, 22.451 ], [ 81.15, 22.463 ], [ 81.159, 22.473 ], [ 81.173, 22.471 ], [ 81.182, 22.481 ], [ 81.196, 22.479 ], [ 81.2, 22.467 ], [ 81.213, 22.465 ], [ 81.217, 22.453 ], [ 81.231, 22.451 ], [ 81.24, 22.461 ], [ 81.253, 22.459 ], [ 81.263, 22.469 ], [ 81.259, 22.481 ], [ 81.268, 22.491 ], [ 81.281, 22.489 ], [ 81.291, 22.498 ], [ 81.304, 22.496 ], [ 81.308, 22.484 ], [ 81.322, 22.482 ], [ 81.331, 22.492 ], [ 81.327, 22.504 ], [ 81.314, 22.506 ], [ 81.309, 22.518 ], [ 81.319, 22.528 ], [ 81.332, 22.526 ], [ 81.336, 22.514 ], [ 81.35, 22.512 ], [ 81.359, 22.522 ], [ 81.373, 22.52 ], [ 81.377, 22.508 ], [ 81.39, 22.506 ], [ 81.394, 22.494 ], [ 81.385, 22.484 ], [ 81.389, 22.472 ], [ 81.38, 22.462 ], [ 81.384, 22.45 ], [ 81.397, 22.447 ], [ 81.402, 22.435 ], [ 81.415, 22.433 ], [ 81.424, 22.443 ], [ 81.42, 22.455 ], [ 81.43, 22.465 ], [ 81.425, 22.477 ], [ 81.435, 22.487 ], [ 81.448, 22.485 ], [ 81.458, 22.495 ], [ 81.471, 22.493 ], [ 81.48, 22.503 ], [ 81.494, 22.501 ], [ 81.503, 22.511 ], [ 81.499, 22.523 ], [ 81.508, 22.533 ], [ 81.522, 22.531 ], [ 81.531, 22.541 ], [ 81.545, 22.538 ], [ 81.549, 22.526 ], [ 81.562, 22.524 ], [ 81.572, 22.534 ], [ 81.568, 22.546 ], [ 81.577, 22.556 ], [ 81.59, 22.554 ], [ 81.595, 22.542 ], [ 81.608, 22.54 ], [ 81.617, 22.55 ], [ 81.631, 22.548 ], [ 81.64, 22.558 ], [ 81.654, 22.555 ], [ 81.663, 22.565 ], [ 81.659, 22.577 ], [ 81.646, 22.58 ], [ 81.641, 22.592 ], [ 81.651, 22.602 ], [ 81.647, 22.614 ], [ 81.656, 22.624 ], [ 81.67, 22.622 ], [ 81.679, 22.631 ], [ 81.675, 22.644 ], [ 81.684, 22.653 ], [ 81.698, 22.651 ], [ 81.702, 22.639 ], [ 81.715, 22.637 ], [ 81.725, 22.647 ], [ 81.721, 22.659 ], [ 81.73, 22.669 ], [ 81.743, 22.667 ], [ 81.748, 22.655 ], [ 81.761, 22.653 ], [ 81.77, 22.663 ], [ 81.766, 22.675 ], [ 81.776, 22.685 ], [ 81.772, 22.697 ], [ 81.758, 22.699 ], [ 81.754, 22.711 ], [ 81.763, 22.721 ], [ 81.759, 22.733 ], [ 81.769, 22.743 ], [ 81.782, 22.741 ], [ 81.792, 22.751 ], [ 81.787, 22.763 ], [ 81.797, 22.773 ], [ 81.793, 22.785 ], [ 81.779, 22.787 ], [ 81.775, 22.799 ], [ 81.784, 22.809 ], [ 81.78, 22.821 ], [ 81.767, 22.823 ], [ 81.763, 22.835 ], [ 81.772, 22.845 ], [ 81.768, 22.857 ], [ 81.777, 22.867 ], [ 81.791, 22.865 ], [ 81.8, 22.875 ], [ 81.814, 22.873 ], [ 81.823, 22.883 ], [ 81.837, 22.881 ], [ 81.846, 22.89 ], [ 81.86, 22.888 ], [ 81.869, 22.898 ], [ 81.865, 22.91 ], [ 81.874, 22.92 ], [ 81.888, 22.918 ], [ 81.897, 22.928 ], [ 81.911, 22.926 ], [ 81.92, 22.936 ], [ 81.916, 22.948 ], [ 81.925, 22.958 ], [ 81.939, 22.956 ], [ 81.948, 22.966 ], [ 81.944, 22.978 ], [ 81.954, 22.988 ], [ 81.95, 23.0 ], [ 81.936, 23.002 ], [ 81.932, 23.014 ], [ 81.941, 23.024 ], [ 81.937, 23.036 ], [ 81.924, 23.038 ], [ 81.919, 23.05 ], [ 81.929, 23.06 ], [ 81.942, 23.058 ], [ 81.952, 23.068 ], [ 81.948, 23.08 ], [ 81.957, 23.09 ], [ 81.971, 23.088 ], [ 81.975, 23.075 ], [ 81.988, 23.073 ], [ 81.998, 23.083 ], [ 82.011, 23.081 ], [ 82.021, 23.091 ], [ 82.034, 23.089 ], [ 82.044, 23.099 ], [ 82.057, 23.097 ], [ 82.067, 23.107 ], [ 82.08, 23.104 ], [ 82.09, 23.114 ], [ 82.103, 23.112 ], [ 82.107, 23.1 ], [ 82.121, 23.098 ], [ 82.13, 23.108 ], [ 82.126, 23.12 ], [ 82.136, 23.13 ], [ 82.149, 23.128 ], [ 82.159, 23.138 ], [ 82.155, 23.15 ], [ 82.164, 23.16 ], [ 82.16, 23.172 ], [ 82.146, 23.174 ], [ 82.142, 23.186 ], [ 82.152, 23.196 ], [ 82.148, 23.208 ], [ 82.157, 23.218 ], [ 82.153, 23.23 ], [ 82.162, 23.24 ], [ 82.158, 23.252 ], [ 82.168, 23.262 ], [ 82.181, 23.26 ], [ 82.191, 23.269 ], [ 82.187, 23.281 ], [ 82.196, 23.291 ], [ 82.192, 23.303 ], [ 82.201, 23.313 ], [ 82.197, 23.325 ], [ 82.184, 23.327 ], [ 82.18, 23.34 ], [ 82.166, 23.342 ], [ 82.162, 23.354 ], [ 82.148, 23.356 ], [ 82.144, 23.368 ], [ 82.13, 23.37 ], [ 82.121, 23.36 ], [ 82.107, 23.362 ], [ 82.103, 23.374 ], [ 82.113, 23.384 ], [ 82.109, 23.396 ], [ 82.095, 23.398 ], [ 82.086, 23.388 ], [ 82.072, 23.39 ], [ 82.063, 23.381 ], [ 82.049, 23.383 ], [ 82.04, 23.373 ], [ 82.026, 23.375 ], [ 82.022, 23.387 ], [ 82.031, 23.397 ], [ 82.027, 23.409 ], [ 82.014, 23.411 ], [ 82.009, 23.423 ], [ 81.996, 23.425 ], [ 81.986, 23.415 ], [ 81.973, 23.417 ], [ 81.969, 23.429 ], [ 81.978, 23.439 ], [ 81.974, 23.451 ], [ 81.96, 23.453 ], [ 81.956, 23.465 ], [ 81.966, 23.475 ], [ 81.962, 23.487 ], [ 81.948, 23.489 ], [ 81.944, 23.501 ], [ 81.93, 23.503 ], [ 81.926, 23.515 ], [ 81.936, 23.525 ], [ 81.931, 23.537 ], [ 81.918, 23.539 ], [ 81.908, 23.53 ], [ 81.895, 23.532 ], [ 81.885, 23.522 ], [ 81.872, 23.524 ], [ 81.862, 23.514 ], [ 81.849, 23.516 ], [ 81.839, 23.506 ], [ 81.826, 23.508 ], [ 81.822, 23.52 ], [ 81.831, 23.53 ], [ 81.827, 23.542 ], [ 81.814, 23.544 ], [ 81.809, 23.556 ], [ 81.796, 23.558 ], [ 81.786, 23.548 ], [ 81.773, 23.55 ], [ 81.769, 23.562 ], [ 81.755, 23.564 ], [ 81.746, 23.555 ], [ 81.732, 23.557 ], [ 81.723, 23.547 ], [ 81.727, 23.535 ], [ 81.717, 23.525 ], [ 81.704, 23.527 ], [ 81.695, 23.517 ], [ 81.681, 23.519 ], [ 81.677, 23.531 ], [ 81.663, 23.533 ], [ 81.654, 23.523 ], [ 81.658, 23.511 ], [ 81.649, 23.501 ], [ 81.653, 23.489 ], [ 81.643, 23.479 ], [ 81.63, 23.481 ], [ 81.626, 23.493 ], [ 81.612, 23.496 ], [ 81.608, 23.508 ], [ 81.617, 23.517 ], [ 81.613, 23.529 ], [ 81.623, 23.539 ], [ 81.619, 23.551 ], [ 81.605, 23.553 ], [ 81.596, 23.543 ], [ 81.582, 23.545 ], [ 81.578, 23.557 ], [ 81.587, 23.567 ], [ 81.583, 23.579 ], [ 81.593, 23.589 ], [ 81.606, 23.587 ], [ 81.616, 23.597 ], [ 81.611, 23.609 ], [ 81.621, 23.619 ], [ 81.617, 23.631 ], [ 81.626, 23.641 ], [ 81.622, 23.653 ], [ 81.631, 23.663 ], [ 81.645, 23.661 ], [ 81.654, 23.67 ], [ 81.65, 23.682 ], [ 81.659, 23.692 ], [ 81.673, 23.69 ], [ 81.682, 23.7 ], [ 81.678, 23.712 ], [ 81.688, 23.722 ], [ 81.684, 23.734 ], [ 81.693, 23.744 ], [ 81.689, 23.756 ], [ 81.675, 23.758 ], [ 81.671, 23.77 ], [ 81.658, 23.772 ], [ 81.653, 23.784 ], [ 81.663, 23.794 ], [ 81.659, 23.806 ], [ 81.645, 23.808 ], [ 81.641, 23.82 ], [ 81.627, 23.822 ], [ 81.623, 23.834 ], [ 81.61, 23.836 ], [ 81.606, 23.848 ], [ 81.615, 23.858 ], [ 81.611, 23.869 ], [ 81.62, 23.879 ], [ 81.616, 23.891 ], [ 81.626, 23.901 ], [ 81.639, 23.899 ], [ 81.649, 23.909 ], [ 81.644, 23.921 ], [ 81.654, 23.931 ], [ 81.667, 23.929 ], [ 81.671, 23.917 ], [ 81.685, 23.915 ], [ 81.689, 23.903 ], [ 81.68, 23.893 ], [ 81.684, 23.881 ], [ 81.697, 23.879 ], [ 81.702, 23.867 ], [ 81.715, 23.865 ], [ 81.719, 23.853 ], [ 81.733, 23.851 ], [ 81.737, 23.839 ], [ 81.751, 23.837 ], [ 81.755, 23.825 ], [ 81.768, 23.823 ], [ 81.772, 23.811 ], [ 81.786, 23.809 ], [ 81.795, 23.819 ], [ 81.809, 23.817 ], [ 81.813, 23.805 ], [ 81.827, 23.803 ], [ 81.836, 23.813 ], [ 81.85, 23.811 ], [ 81.859, 23.821 ], [ 81.855, 23.832 ], [ 81.864, 23.842 ], [ 81.878, 23.84 ], [ 81.888, 23.85 ], [ 81.901, 23.848 ], [ 81.911, 23.858 ], [ 81.924, 23.856 ], [ 81.934, 23.866 ], [ 81.947, 23.864 ], [ 81.951, 23.852 ], [ 81.965, 23.85 ], [ 81.974, 23.86 ], [ 81.988, 23.858 ], [ 81.997, 23.867 ], [ 82.011, 23.865 ], [ 82.015, 23.853 ], [ 82.029, 23.851 ], [ 82.033, 23.839 ], [ 82.046, 23.837 ], [ 82.051, 23.825 ], [ 82.064, 23.823 ], [ 82.068, 23.811 ], [ 82.082, 23.809 ], [ 82.091, 23.819 ], [ 82.105, 23.817 ], [ 82.114, 23.827 ], [ 82.128, 23.825 ], [ 82.132, 23.813 ], [ 82.146, 23.811 ], [ 82.155, 23.821 ], [ 82.169, 23.818 ], [ 82.178, 23.828 ], [ 82.174, 23.84 ], [ 82.184, 23.85 ], [ 82.197, 23.848 ], [ 82.207, 23.858 ], [ 82.22, 23.856 ], [ 82.23, 23.866 ], [ 82.226, 23.878 ], [ 82.235, 23.888 ], [ 82.231, 23.9 ], [ 82.241, 23.909 ], [ 82.236, 23.921 ], [ 82.223, 23.924 ], [ 82.219, 23.935 ], [ 82.205, 23.938 ], [ 82.201, 23.95 ], [ 82.21, 23.959 ], [ 82.206, 23.971 ], [ 82.216, 23.981 ], [ 82.212, 23.993 ], [ 82.198, 23.995 ], [ 82.188, 23.985 ], [ 82.175, 23.988 ], [ 82.165, 23.978 ], [ 82.152, 23.98 ], [ 82.148, 23.992 ], [ 82.134, 23.994 ], [ 82.125, 23.984 ], [ 82.111, 23.986 ], [ 82.107, 23.998 ], [ 82.093, 24.0 ], [ 82.089, 24.012 ], [ 82.075, 24.014 ], [ 82.066, 24.004 ], [ 82.052, 24.006 ], [ 82.048, 24.018 ], [ 82.035, 24.02 ], [ 82.03, 24.032 ], [ 82.017, 24.034 ], [ 82.007, 24.024 ], [ 81.994, 24.026 ], [ 81.984, 24.017 ], [ 81.971, 24.019 ], [ 81.967, 24.031 ], [ 81.953, 24.033 ], [ 81.949, 24.045 ], [ 81.958, 24.054 ], [ 81.954, 24.066 ], [ 81.941, 24.068 ], [ 81.936, 24.08 ], [ 81.923, 24.082 ], [ 81.919, 24.094 ], [ 81.905, 24.096 ], [ 81.901, 24.108 ], [ 81.887, 24.11 ], [ 81.883, 24.122 ], [ 81.893, 24.132 ], [ 81.888, 24.144 ], [ 81.898, 24.154 ], [ 81.894, 24.166 ], [ 81.903, 24.176 ], [ 81.899, 24.188 ], [ 81.908, 24.198 ], [ 81.904, 24.209 ], [ 81.914, 24.219 ], [ 81.927, 24.217 ], [ 81.937, 24.227 ], [ 81.95, 24.225 ], [ 81.96, 24.235 ], [ 81.974, 24.233 ], [ 81.983, 24.243 ], [ 81.997, 24.241 ], [ 82.006, 24.251 ], [ 82.02, 24.249 ], [ 82.029, 24.258 ], [ 82.025, 24.27 ], [ 82.034, 24.28 ], [ 82.03, 24.292 ], [ 82.04, 24.302 ], [ 82.053, 24.3 ], [ 82.063, 24.31 ], [ 82.076, 24.308 ], [ 82.086, 24.318 ], [ 82.1, 24.316 ], [ 82.109, 24.325 ], [ 82.105, 24.337 ], [ 82.114, 24.347 ], [ 82.11, 24.359 ], [ 82.12, 24.369 ], [ 82.133, 24.367 ], [ 82.138, 24.355 ], [ 82.151, 24.353 ], [ 82.161, 24.363 ], [ 82.156, 24.375 ], [ 82.166, 24.385 ], [ 82.18, 24.382 ], [ 82.189, 24.392 ], [ 82.203, 24.39 ], [ 82.212, 24.4 ], [ 82.208, 24.412 ], [ 82.194, 24.414 ], [ 82.19, 24.426 ], [ 82.2, 24.436 ], [ 82.213, 24.434 ], [ 82.223, 24.444 ], [ 82.237, 24.442 ], [ 82.246, 24.451 ], [ 82.242, 24.463 ], [ 82.251, 24.473 ], [ 82.265, 24.471 ], [ 82.275, 24.481 ], [ 82.27, 24.493 ], [ 82.28, 24.503 ], [ 82.294, 24.501 ], [ 82.303, 24.511 ], [ 82.317, 24.508 ], [ 82.321, 24.497 ], [ 82.335, 24.495 ], [ 82.344, 24.504 ], [ 82.34, 24.516 ], [ 82.349, 24.526 ], [ 82.363, 24.524 ], [ 82.373, 24.534 ], [ 82.368, 24.546 ], [ 82.378, 24.556 ], [ 82.374, 24.568 ], [ 82.36, 24.57 ], [ 82.356, 24.582 ], [ 82.342, 24.584 ], [ 82.333, 24.574 ], [ 82.319, 24.576 ], [ 82.315, 24.588 ], [ 82.301, 24.59 ], [ 82.292, 24.58 ], [ 82.278, 24.582 ], [ 82.274, 24.594 ], [ 82.26, 24.596 ], [ 82.256, 24.608 ], [ 82.243, 24.61 ], [ 82.233, 24.6 ], [ 82.219, 24.602 ], [ 82.215, 24.614 ], [ 82.202, 24.616 ], [ 82.192, 24.606 ], [ 82.178, 24.608 ], [ 82.169, 24.598 ], [ 82.155, 24.6 ], [ 82.146, 24.59 ], [ 82.132, 24.593 ], [ 82.128, 24.604 ], [ 82.114, 24.606 ], [ 82.105, 24.597 ], [ 82.091, 24.599 ], [ 82.082, 24.589 ], [ 82.068, 24.591 ], [ 82.059, 24.581 ], [ 82.045, 24.583 ], [ 82.036, 24.573 ], [ 82.022, 24.575 ], [ 82.012, 24.565 ], [ 81.999, 24.567 ], [ 81.989, 24.558 ], [ 81.976, 24.56 ], [ 81.966, 24.55 ], [ 81.953, 24.552 ], [ 81.948, 24.564 ], [ 81.935, 24.566 ], [ 81.925, 24.556 ], [ 81.912, 24.558 ], [ 81.902, 24.548 ], [ 81.889, 24.55 ], [ 81.879, 24.54 ], [ 81.866, 24.542 ], [ 81.856, 24.532 ], [ 81.86, 24.52 ], [ 81.851, 24.511 ], [ 81.837, 24.513 ], [ 81.828, 24.503 ], [ 81.814, 24.505 ], [ 81.81, 24.517 ], [ 81.819, 24.526 ], [ 81.815, 24.538 ], [ 81.802, 24.54 ], [ 81.792, 24.53 ], [ 81.779, 24.532 ], [ 81.769, 24.523 ], [ 81.773, 24.511 ], [ 81.764, 24.501 ], [ 81.75, 24.503 ], [ 81.746, 24.515 ], [ 81.733, 24.517 ], [ 81.723, 24.507 ], [ 81.709, 24.509 ], [ 81.7, 24.499 ], [ 81.686, 24.501 ], [ 81.677, 24.491 ], [ 81.663, 24.493 ], [ 81.654, 24.483 ], [ 81.658, 24.471 ], [ 81.649, 24.462 ], [ 81.635, 24.464 ], [ 81.626, 24.454 ], [ 81.612, 24.456 ], [ 81.603, 24.446 ], [ 81.589, 24.448 ], [ 81.58, 24.438 ], [ 81.566, 24.44 ], [ 81.562, 24.452 ], [ 81.548, 24.454 ], [ 81.539, 24.444 ], [ 81.543, 24.432 ], [ 81.534, 24.422 ], [ 81.52, 24.424 ], [ 81.511, 24.414 ], [ 81.497, 24.416 ], [ 81.488, 24.406 ], [ 81.474, 24.408 ], [ 81.465, 24.399 ], [ 81.451, 24.401 ], [ 81.442, 24.391 ], [ 81.428, 24.393 ], [ 81.419, 24.383 ], [ 81.405, 24.385 ], [ 81.396, 24.375 ], [ 81.4, 24.363 ], [ 81.391, 24.353 ], [ 81.377, 24.355 ], [ 81.368, 24.345 ], [ 81.354, 24.347 ], [ 81.345, 24.337 ], [ 81.331, 24.339 ], [ 81.322, 24.329 ], [ 81.308, 24.331 ], [ 81.299, 24.322 ], [ 81.303, 24.31 ], [ 81.317, 24.308 ], [ 81.321, 24.296 ], [ 81.334, 24.294 ], [ 81.338, 24.282 ], [ 81.352, 24.28 ], [ 81.356, 24.268 ], [ 81.37, 24.266 ], [ 81.374, 24.254 ], [ 81.387, 24.252 ], [ 81.392, 24.241 ], [ 81.382, 24.231 ], [ 81.386, 24.219 ], [ 81.377, 24.209 ], [ 81.363, 24.211 ], [ 81.354, 24.201 ], [ 81.358, 24.189 ], [ 81.349, 24.179 ], [ 81.335, 24.181 ], [ 81.331, 24.193 ], [ 81.317, 24.195 ], [ 81.308, 24.185 ], [ 81.295, 24.187 ], [ 81.285, 24.177 ], [ 81.272, 24.179 ], [ 81.262, 24.169 ], [ 81.249, 24.171 ], [ 81.239, 24.162 ], [ 81.226, 24.163 ], [ 81.216, 24.154 ], [ 81.221, 24.142 ], [ 81.211, 24.132 ], [ 81.215, 24.12 ], [ 81.206, 24.11 ], [ 81.192, 24.112 ], [ 81.188, 24.124 ], [ 81.175, 24.126 ], [ 81.171, 24.138 ], [ 81.157, 24.14 ], [ 81.148, 24.13 ], [ 81.134, 24.132 ], [ 81.125, 24.122 ], [ 81.111, 24.124 ], [ 81.102, 24.114 ], [ 81.089, 24.116 ], [ 81.079, 24.106 ], [ 81.066, 24.108 ], [ 81.056, 24.098 ], [ 81.043, 24.1 ], [ 81.033, 24.09 ], [ 81.02, 24.092 ], [ 81.011, 24.082 ], [ 80.997, 24.084 ], [ 80.988, 24.074 ], [ 80.974, 24.076 ], [ 80.965, 24.067 ], [ 80.951, 24.068 ], [ 80.942, 24.059 ], [ 80.929, 24.061 ], [ 80.919, 24.051 ], [ 80.923, 24.039 ], [ 80.914, 24.029 ], [ 80.901, 24.031 ], [ 80.891, 24.021 ], [ 80.895, 24.009 ], [ 80.886, 23.999 ], [ 80.89, 23.987 ], [ 80.881, 23.977 ], [ 80.885, 23.966 ], [ 80.876, 23.956 ], [ 80.862, 23.958 ], [ 80.858, 23.969 ], [ 80.845, 23.971 ], [ 80.835, 23.962 ], [ 80.839, 23.95 ], [ 80.853, 23.948 ], [ 80.857, 23.936 ], [ 80.848, 23.926 ], [ 80.852, 23.914 ], [ 80.865, 23.912 ], [ 80.87, 23.9 ], [ 80.86, 23.89 ], [ 80.864, 23.878 ], [ 80.878, 23.877 ], [ 80.882, 23.865 ], [ 80.895, 23.863 ], [ 80.9, 23.851 ], [ 80.89, 23.841 ], [ 80.894, 23.829 ], [ 80.908, 23.827 ], [ 80.912, 23.815 ], [ 80.903, 23.805 ], [ 80.907, 23.793 ], [ 80.92, 23.791 ], [ 80.925, 23.78 ], [ 80.915, 23.77 ], [ 80.902, 23.772 ], [ 80.892, 23.762 ], [ 80.897, 23.75 ], [ 80.887, 23.74 ], [ 80.891, 23.728 ], [ 80.905, 23.726 ], [ 80.909, 23.714 ], [ 80.9, 23.704 ], [ 80.904, 23.692 ], [ 80.895, 23.682 ], [ 80.881, 23.684 ], [ 80.872, 23.674 ], [ 80.858, 23.676 ], [ 80.849, 23.667 ], [ 80.836, 23.669 ], [ 80.831, 23.68 ], [ 80.818, 23.682 ], [ 80.809, 23.672 ], [ 80.795, 23.674 ], [ 80.786, 23.665 ], [ 80.772, 23.667 ], [ 80.768, 23.678 ], [ 80.778, 23.688 ], [ 80.773, 23.7 ], [ 80.76, 23.702 ], [ 80.756, 23.714 ], [ 80.742, 23.716 ], [ 80.738, 23.728 ], [ 80.725, 23.73 ], [ 80.721, 23.742 ], [ 80.707, 23.744 ], [ 80.698, 23.734 ], [ 80.684, 23.736 ], [ 80.675, 23.726 ], [ 80.679, 23.714 ], [ 80.67, 23.704 ], [ 80.674, 23.692 ], [ 80.665, 23.682 ], [ 80.669, 23.67 ], [ 80.66, 23.66 ], [ 80.664, 23.649 ], [ 80.655, 23.639 ], [ 80.659, 23.627 ], [ 80.649, 23.617 ], [ 80.636, 23.619 ], [ 80.627, 23.609 ], [ 80.631, 23.597 ], [ 80.622, 23.587 ], [ 80.608, 23.589 ], [ 80.599, 23.579 ], [ 80.585, 23.581 ], [ 80.576, 23.571 ], [ 80.563, 23.573 ], [ 80.553, 23.563 ], [ 80.558, 23.551 ], [ 80.548, 23.541 ], [ 80.552, 23.53 ], [ 80.543, 23.52 ], [ 80.547, 23.508 ], [ 80.538, 23.498 ], [ 80.542, 23.486 ], [ 80.556, 23.484 ], [ 80.56, 23.472 ], [ 80.55, 23.462 ], [ 80.555, 23.45 ], [ 80.545, 23.44 ] ] ], [ [ [ 79.618, 21.629 ], [ 79.609, 21.619 ], [ 79.613, 21.607 ], [ 79.626, 21.605 ], [ 79.635, 21.615 ], [ 79.631, 21.627 ], [ 79.618, 21.629 ] ] ] ] } },
{ "type": "Feature", "properties": { "POLYGON.ID": 55.0, "subregion": "India--Madhya Pradesh--North_CL29809", "FILTER": "Madhya Pradesh", "POLYGON": "India--Madhya Pradesh--North_CL29809", "STATE": "Madhya Pradesh", "COUNTY": "spl_region", "OWNER": null }, "geometry": { "type": "MultiPolygon", "coordinates": [ [ [ [ 75.387, 24.844 ], [ 75.396, 24.854 ], [ 75.41, 24.853 ], [ 75.418, 24.863 ], [ 75.412, 24.874 ], [ 75.398, 24.875 ], [ 75.39, 24.865 ], [ 75.375, 24.866 ], [ 75.37, 24.877 ], [ 75.355, 24.878 ], [ 75.347, 24.868 ], [ 75.333, 24.869 ], [ 75.325, 24.859 ], [ 75.31, 24.86 ], [ 75.302, 24.85 ], [ 75.288, 24.851 ], [ 75.282, 24.862 ], [ 75.268, 24.863 ], [ 75.262, 24.874 ], [ 75.27, 24.884 ], [ 75.264, 24.895 ], [ 75.273, 24.905 ], [ 75.287, 24.904 ], [ 75.295, 24.914 ], [ 75.309, 24.913 ], [ 75.318, 24.923 ], [ 75.332, 24.922 ], [ 75.34, 24.932 ], [ 75.334, 24.943 ], [ 75.343, 24.953 ], [ 75.337, 24.964 ], [ 75.322, 24.965 ], [ 75.317, 24.976 ], [ 75.325, 24.986 ], [ 75.319, 24.996 ], [ 75.327, 25.006 ], [ 75.342, 25.005 ], [ 75.35, 25.015 ], [ 75.344, 25.026 ], [ 75.352, 25.036 ], [ 75.346, 25.047 ], [ 75.332, 25.048 ], [ 75.324, 25.038 ], [ 75.31, 25.039 ], [ 75.301, 25.029 ], [ 75.287, 25.03 ], [ 75.281, 25.041 ], [ 75.267, 25.042 ], [ 75.259, 25.032 ], [ 75.244, 25.033 ], [ 75.238, 25.044 ], [ 75.224, 25.045 ], [ 75.216, 25.035 ], [ 75.202, 25.036 ], [ 75.196, 25.047 ], [ 75.181, 25.048 ], [ 75.173, 25.038 ], [ 75.159, 25.039 ], [ 75.151, 25.029 ], [ 75.156, 25.018 ], [ 75.171, 25.017 ], [ 75.177, 25.006 ], [ 75.168, 24.996 ], [ 75.154, 24.997 ], [ 75.146, 24.987 ], [ 75.132, 24.988 ], [ 75.123, 24.978 ], [ 75.129, 24.967 ], [ 75.121, 24.957 ], [ 75.127, 24.946 ], [ 75.119, 24.936 ], [ 75.124, 24.925 ], [ 75.116, 24.915 ], [ 75.122, 24.905 ], [ 75.114, 24.895 ], [ 75.12, 24.884 ], [ 75.111, 24.874 ], [ 75.097, 24.875 ], [ 75.091, 24.886 ], [ 75.077, 24.887 ], [ 75.069, 24.877 ], [ 75.075, 24.866 ], [ 75.066, 24.856 ], [ 75.052, 24.857 ], [ 75.044, 24.847 ], [ 75.03, 24.848 ], [ 75.024, 24.859 ], [ 75.01, 24.859 ], [ 75.001, 24.849 ], [ 74.987, 24.85 ], [ 74.981, 24.861 ], [ 74.967, 24.862 ], [ 74.961, 24.873 ], [ 74.947, 24.874 ], [ 74.941, 24.885 ], [ 74.927, 24.886 ], [ 74.921, 24.897 ], [ 74.906, 24.898 ], [ 74.9, 24.909 ], [ 74.909, 24.919 ], [ 74.903, 24.93 ], [ 74.889, 24.931 ], [ 74.883, 24.941 ], [ 74.868, 24.942 ], [ 74.862, 24.953 ], [ 74.848, 24.954 ], [ 74.84, 24.944 ], [ 74.826, 24.945 ], [ 74.817, 24.935 ], [ 74.823, 24.924 ], [ 74.815, 24.914 ], [ 74.821, 24.903 ], [ 74.835, 24.902 ], [ 74.841, 24.892 ], [ 74.833, 24.882 ], [ 74.839, 24.871 ], [ 74.853, 24.87 ], [ 74.859, 24.859 ], [ 74.851, 24.849 ], [ 74.857, 24.838 ], [ 74.849, 24.828 ], [ 74.855, 24.817 ], [ 74.846, 24.807 ], [ 74.852, 24.796 ], [ 74.844, 24.786 ], [ 74.85, 24.775 ], [ 74.864, 24.774 ], [ 74.872, 24.784 ], [ 74.887, 24.783 ], [ 74.893, 24.773 ], [ 74.907, 24.772 ], [ 74.915, 24.782 ], [ 74.929, 24.781 ], [ 74.935, 24.77 ], [ 74.949, 24.769 ], [ 74.958, 24.779 ], [ 74.972, 24.778 ], [ 74.978, 24.767 ], [ 74.992, 24.766 ], [ 75.0, 24.776 ], [ 75.014, 24.775 ], [ 75.02, 24.764 ], [ 75.012, 24.754 ], [ 75.018, 24.743 ], [ 75.01, 24.733 ], [ 74.996, 24.734 ], [ 74.987, 24.724 ], [ 74.993, 24.713 ], [ 74.985, 24.704 ], [ 74.991, 24.693 ], [ 74.983, 24.683 ], [ 74.969, 24.684 ], [ 74.96, 24.674 ], [ 74.966, 24.663 ], [ 74.958, 24.653 ], [ 74.944, 24.654 ], [ 74.936, 24.644 ], [ 74.921, 24.645 ], [ 74.913, 24.635 ], [ 74.899, 24.636 ], [ 74.893, 24.647 ], [ 74.879, 24.648 ], [ 74.873, 24.658 ], [ 74.859, 24.659 ], [ 74.853, 24.67 ], [ 74.861, 24.68 ], [ 74.855, 24.691 ], [ 74.841, 24.692 ], [ 74.835, 24.703 ], [ 74.843, 24.713 ], [ 74.837, 24.724 ], [ 74.823, 24.725 ], [ 74.817, 24.735 ], [ 74.825, 24.745 ], [ 74.819, 24.756 ], [ 74.805, 24.757 ], [ 74.797, 24.747 ], [ 74.803, 24.736 ], [ 74.795, 24.726 ], [ 74.78, 24.727 ], [ 74.772, 24.717 ], [ 74.778, 24.707 ], [ 74.77, 24.697 ], [ 74.776, 24.686 ], [ 74.768, 24.676 ], [ 74.774, 24.665 ], [ 74.788, 24.664 ], [ 74.796, 24.674 ], [ 74.81, 24.673 ], [ 74.816, 24.662 ], [ 74.808, 24.652 ], [ 74.814, 24.641 ], [ 74.806, 24.631 ], [ 74.792, 24.632 ], [ 74.783, 24.622 ], [ 74.789, 24.611 ], [ 74.781, 24.602 ], [ 74.787, 24.591 ], [ 74.779, 24.581 ], [ 74.765, 24.582 ], [ 74.757, 24.572 ], [ 74.763, 24.561 ], [ 74.754, 24.551 ], [ 74.76, 24.54 ], [ 74.752, 24.53 ], [ 74.738, 24.531 ], [ 74.73, 24.521 ], [ 74.736, 24.51 ], [ 74.727, 24.5 ], [ 74.713, 24.501 ], [ 74.705, 24.491 ], [ 74.711, 24.48 ], [ 74.725, 24.479 ], [ 74.731, 24.469 ], [ 74.745, 24.468 ], [ 74.751, 24.457 ], [ 74.765, 24.456 ], [ 74.774, 24.466 ], [ 74.788, 24.465 ], [ 74.796, 24.475 ], [ 74.81, 24.474 ], [ 74.816, 24.463 ], [ 74.808, 24.453 ], [ 74.814, 24.442 ], [ 74.828, 24.442 ], [ 74.836, 24.451 ], [ 74.85, 24.451 ], [ 74.856, 24.44 ], [ 74.848, 24.43 ], [ 74.854, 24.419 ], [ 74.846, 24.409 ], [ 74.832, 24.41 ], [ 74.823, 24.4 ], [ 74.829, 24.389 ], [ 74.821, 24.379 ], [ 74.807, 24.38 ], [ 74.799, 24.37 ], [ 74.805, 24.359 ], [ 74.797, 24.35 ], [ 74.783, 24.35 ], [ 74.774, 24.341 ], [ 74.78, 24.33 ], [ 74.772, 24.32 ], [ 74.778, 24.309 ], [ 74.77, 24.299 ], [ 74.776, 24.288 ], [ 74.768, 24.278 ], [ 74.774, 24.268 ], [ 74.765, 24.258 ], [ 74.751, 24.259 ], [ 74.743, 24.249 ], [ 74.749, 24.238 ], [ 74.763, 24.237 ], [ 74.771, 24.247 ], [ 74.785, 24.246 ], [ 74.791, 24.235 ], [ 74.805, 24.234 ], [ 74.814, 24.244 ], [ 74.828, 24.243 ], [ 74.834, 24.232 ], [ 74.848, 24.231 ], [ 74.856, 24.241 ], [ 74.87, 24.24 ], [ 74.876, 24.23 ], [ 74.89, 24.229 ], [ 74.896, 24.218 ], [ 74.91, 24.217 ], [ 74.916, 24.206 ], [ 74.908, 24.196 ], [ 74.894, 24.197 ], [ 74.885, 24.187 ], [ 74.891, 24.177 ], [ 74.883, 24.167 ], [ 74.889, 24.156 ], [ 74.903, 24.155 ], [ 74.909, 24.144 ], [ 74.901, 24.134 ], [ 74.907, 24.124 ], [ 74.899, 24.114 ], [ 74.904, 24.103 ], [ 74.919, 24.102 ], [ 74.924, 24.091 ], [ 74.916, 24.081 ], [ 74.922, 24.07 ], [ 74.936, 24.07 ], [ 74.942, 24.059 ], [ 74.956, 24.058 ], [ 74.962, 24.047 ], [ 74.976, 24.046 ], [ 74.982, 24.035 ], [ 74.974, 24.026 ], [ 74.98, 24.015 ], [ 74.971, 24.005 ], [ 74.977, 23.994 ], [ 74.969, 23.984 ], [ 74.955, 23.985 ], [ 74.947, 23.975 ], [ 74.953, 23.965 ], [ 74.945, 23.955 ], [ 74.931, 23.956 ], [ 74.923, 23.946 ], [ 74.928, 23.935 ], [ 74.92, 23.925 ], [ 74.926, 23.914 ], [ 74.918, 23.905 ], [ 74.904, 23.905 ], [ 74.896, 23.896 ], [ 74.902, 23.885 ], [ 74.894, 23.875 ], [ 74.899, 23.864 ], [ 74.913, 23.863 ], [ 74.919, 23.853 ], [ 74.911, 23.843 ], [ 74.917, 23.832 ], [ 74.909, 23.822 ], [ 74.915, 23.811 ], [ 74.907, 23.802 ], [ 74.913, 23.791 ], [ 74.927, 23.79 ], [ 74.932, 23.779 ], [ 74.946, 23.778 ], [ 74.955, 23.788 ], [ 74.969, 23.787 ], [ 74.977, 23.797 ], [ 74.991, 23.796 ], [ 74.999, 23.806 ], [ 75.013, 23.805 ], [ 75.019, 23.794 ], [ 75.033, 23.793 ], [ 75.038, 23.783 ], [ 75.052, 23.782 ], [ 75.061, 23.792 ], [ 75.055, 23.802 ], [ 75.063, 23.812 ], [ 75.057, 23.823 ], [ 75.065, 23.833 ], [ 75.079, 23.832 ], [ 75.085, 23.821 ], [ 75.099, 23.82 ], [ 75.107, 23.83 ], [ 75.121, 23.829 ], [ 75.129, 23.839 ], [ 75.143, 23.838 ], [ 75.149, 23.827 ], [ 75.163, 23.826 ], [ 75.171, 23.836 ], [ 75.185, 23.835 ], [ 75.191, 23.824 ], [ 75.205, 23.823 ], [ 75.213, 23.833 ], [ 75.208, 23.844 ], [ 75.216, 23.854 ], [ 75.23, 23.853 ], [ 75.238, 23.863 ], [ 75.252, 23.862 ], [ 75.258, 23.851 ], [ 75.25, 23.841 ], [ 75.255, 23.83 ], [ 75.269, 23.83 ], [ 75.278, 23.839 ], [ 75.291, 23.838 ], [ 75.3, 23.848 ], [ 75.314, 23.847 ], [ 75.319, 23.837 ], [ 75.333, 23.836 ], [ 75.339, 23.825 ], [ 75.331, 23.815 ], [ 75.337, 23.804 ], [ 75.351, 23.803 ], [ 75.359, 23.813 ], [ 75.353, 23.824 ], [ 75.361, 23.834 ], [ 75.356, 23.844 ], [ 75.364, 23.854 ], [ 75.358, 23.865 ], [ 75.366, 23.875 ], [ 75.38, 23.874 ], [ 75.388, 23.884 ], [ 75.402, 23.883 ], [ 75.411, 23.893 ], [ 75.425, 23.892 ], [ 75.433, 23.901 ], [ 75.447, 23.9 ], [ 75.455, 23.91 ], [ 75.449, 23.921 ], [ 75.457, 23.931 ], [ 75.452, 23.942 ], [ 75.46, 23.951 ], [ 75.454, 23.962 ], [ 75.462, 23.972 ], [ 75.476, 23.971 ], [ 75.485, 23.981 ], [ 75.479, 23.992 ], [ 75.487, 24.002 ], [ 75.501, 24.001 ], [ 75.509, 24.01 ], [ 75.523, 24.009 ], [ 75.532, 24.019 ], [ 75.546, 24.018 ], [ 75.551, 24.007 ], [ 75.565, 24.006 ], [ 75.571, 23.996 ], [ 75.585, 23.995 ], [ 75.591, 23.984 ], [ 75.605, 23.983 ], [ 75.613, 23.993 ], [ 75.627, 23.992 ], [ 75.635, 24.002 ], [ 75.649, 24.001 ], [ 75.658, 24.01 ], [ 75.672, 24.009 ], [ 75.677, 23.999 ], [ 75.691, 23.998 ], [ 75.697, 23.987 ], [ 75.689, 23.977 ], [ 75.695, 23.966 ], [ 75.709, 23.965 ], [ 75.717, 23.975 ], [ 75.731, 23.974 ], [ 75.739, 23.984 ], [ 75.753, 23.983 ], [ 75.761, 23.993 ], [ 75.756, 24.004 ], [ 75.764, 24.013 ], [ 75.778, 24.012 ], [ 75.786, 24.022 ], [ 75.781, 24.033 ], [ 75.789, 24.043 ], [ 75.803, 24.042 ], [ 75.811, 24.052 ], [ 75.825, 24.051 ], [ 75.833, 24.06 ], [ 75.828, 24.071 ], [ 75.836, 24.081 ], [ 75.83, 24.092 ], [ 75.816, 24.093 ], [ 75.81, 24.104 ], [ 75.796, 24.105 ], [ 75.791, 24.115 ], [ 75.777, 24.116 ], [ 75.771, 24.127 ], [ 75.757, 24.128 ], [ 75.751, 24.139 ], [ 75.759, 24.149 ], [ 75.754, 24.16 ], [ 75.762, 24.17 ], [ 75.756, 24.18 ], [ 75.764, 24.19 ], [ 75.779, 24.189 ], [ 75.787, 24.199 ], [ 75.781, 24.21 ], [ 75.789, 24.22 ], [ 75.803, 24.219 ], [ 75.812, 24.229 ], [ 75.826, 24.228 ], [ 75.834, 24.237 ], [ 75.828, 24.248 ], [ 75.814, 24.249 ], [ 75.809, 24.26 ], [ 75.817, 24.27 ], [ 75.811, 24.281 ], [ 75.819, 24.291 ], [ 75.814, 24.301 ], [ 75.8, 24.302 ], [ 75.791, 24.293 ], [ 75.777, 24.294 ], [ 75.771, 24.304 ], [ 75.757, 24.305 ], [ 75.752, 24.316 ], [ 75.76, 24.326 ], [ 75.754, 24.337 ], [ 75.74, 24.338 ], [ 75.734, 24.349 ], [ 75.743, 24.359 ], [ 75.737, 24.37 ], [ 75.745, 24.379 ], [ 75.739, 24.39 ], [ 75.748, 24.4 ], [ 75.742, 24.411 ], [ 75.75, 24.421 ], [ 75.764, 24.42 ], [ 75.773, 24.43 ], [ 75.767, 24.441 ], [ 75.775, 24.45 ], [ 75.789, 24.449 ], [ 75.798, 24.459 ], [ 75.812, 24.458 ], [ 75.817, 24.447 ], [ 75.809, 24.438 ], [ 75.815, 24.427 ], [ 75.829, 24.426 ], [ 75.835, 24.415 ], [ 75.849, 24.414 ], [ 75.857, 24.424 ], [ 75.871, 24.423 ], [ 75.88, 24.433 ], [ 75.894, 24.432 ], [ 75.902, 24.441 ], [ 75.896, 24.452 ], [ 75.905, 24.462 ], [ 75.899, 24.473 ], [ 75.907, 24.483 ], [ 75.901, 24.494 ], [ 75.91, 24.504 ], [ 75.904, 24.514 ], [ 75.912, 24.524 ], [ 75.907, 24.535 ], [ 75.915, 24.545 ], [ 75.909, 24.556 ], [ 75.918, 24.566 ], [ 75.912, 24.577 ], [ 75.898, 24.578 ], [ 75.892, 24.589 ], [ 75.878, 24.59 ], [ 75.872, 24.601 ], [ 75.858, 24.602 ], [ 75.852, 24.612 ], [ 75.838, 24.613 ], [ 75.832, 24.624 ], [ 75.841, 24.634 ], [ 75.835, 24.645 ], [ 75.843, 24.655 ], [ 75.837, 24.666 ], [ 75.823, 24.667 ], [ 75.817, 24.678 ], [ 75.826, 24.688 ], [ 75.84, 24.687 ], [ 75.848, 24.697 ], [ 75.842, 24.707 ], [ 75.851, 24.717 ], [ 75.845, 24.728 ], [ 75.831, 24.729 ], [ 75.825, 24.74 ], [ 75.811, 24.741 ], [ 75.805, 24.752 ], [ 75.791, 24.753 ], [ 75.785, 24.764 ], [ 75.771, 24.765 ], [ 75.763, 24.755 ], [ 75.748, 24.756 ], [ 75.74, 24.746 ], [ 75.726, 24.747 ], [ 75.718, 24.737 ], [ 75.703, 24.738 ], [ 75.695, 24.728 ], [ 75.681, 24.729 ], [ 75.673, 24.72 ], [ 75.678, 24.709 ], [ 75.67, 24.699 ], [ 75.656, 24.7 ], [ 75.648, 24.69 ], [ 75.633, 24.691 ], [ 75.625, 24.681 ], [ 75.611, 24.682 ], [ 75.605, 24.693 ], [ 75.591, 24.694 ], [ 75.585, 24.705 ], [ 75.571, 24.706 ], [ 75.563, 24.696 ], [ 75.548, 24.697 ], [ 75.543, 24.708 ], [ 75.528, 24.709 ], [ 75.52, 24.699 ], [ 75.506, 24.7 ], [ 75.498, 24.69 ], [ 75.484, 24.691 ], [ 75.475, 24.681 ], [ 75.461, 24.682 ], [ 75.453, 24.672 ], [ 75.439, 24.673 ], [ 75.433, 24.684 ], [ 75.419, 24.685 ], [ 75.413, 24.696 ], [ 75.399, 24.697 ], [ 75.39, 24.687 ], [ 75.376, 24.688 ], [ 75.37, 24.699 ], [ 75.356, 24.7 ], [ 75.35, 24.71 ], [ 75.336, 24.711 ], [ 75.328, 24.702 ], [ 75.314, 24.703 ], [ 75.308, 24.713 ], [ 75.293, 24.714 ], [ 75.285, 24.704 ], [ 75.271, 24.705 ], [ 75.265, 24.716 ], [ 75.251, 24.717 ], [ 75.243, 24.707 ], [ 75.228, 24.708 ], [ 75.223, 24.719 ], [ 75.208, 24.72 ], [ 75.203, 24.731 ], [ 75.188, 24.732 ], [ 75.182, 24.743 ], [ 75.191, 24.753 ], [ 75.185, 24.764 ], [ 75.193, 24.774 ], [ 75.207, 24.773 ], [ 75.216, 24.783 ], [ 75.21, 24.794 ], [ 75.218, 24.803 ], [ 75.232, 24.803 ], [ 75.24, 24.812 ], [ 75.255, 24.811 ], [ 75.263, 24.821 ], [ 75.257, 24.832 ], [ 75.243, 24.833 ], [ 75.237, 24.844 ], [ 75.245, 24.854 ], [ 75.259, 24.853 ], [ 75.265, 24.842 ], [ 75.28, 24.841 ], [ 75.285, 24.83 ], [ 75.3, 24.829 ], [ 75.306, 24.819 ], [ 75.297, 24.809 ], [ 75.303, 24.798 ], [ 75.317, 24.797 ], [ 75.326, 24.807 ], [ 75.32, 24.818 ], [ 75.328, 24.828 ], [ 75.342, 24.827 ], [ 75.351, 24.836 ], [ 75.365, 24.836 ], [ 75.373, 24.845 ], [ 75.387, 24.844 ] ], [ [ 75.269, 24.937 ], [ 75.277, 24.947 ], [ 75.292, 24.946 ], [ 75.298, 24.935 ], [ 75.289, 24.925 ], [ 75.275, 24.926 ], [ 75.269, 24.937 ] ] ], [ [ [ 78.911, 25.371 ], [ 78.903, 25.362 ], [ 78.908, 25.351 ], [ 78.922, 25.349 ], [ 78.931, 25.359 ], [ 78.945, 25.358 ], [ 78.954, 25.367 ], [ 78.968, 25.366 ], [ 78.977, 25.376 ], [ 78.971, 25.387 ], [ 78.98, 25.397 ], [ 78.975, 25.408 ], [ 78.984, 25.418 ], [ 78.979, 25.429 ], [ 78.964, 25.43 ], [ 78.959, 25.441 ], [ 78.945, 25.442 ], [ 78.936, 25.433 ], [ 78.922, 25.434 ], [ 78.917, 25.445 ], [ 78.926, 25.455 ], [ 78.92, 25.466 ], [ 78.929, 25.476 ], [ 78.943, 25.474 ], [ 78.952, 25.484 ], [ 78.947, 25.495 ], [ 78.933, 25.497 ], [ 78.927, 25.508 ], [ 78.936, 25.517 ], [ 78.931, 25.529 ], [ 78.94, 25.538 ], [ 78.934, 25.549 ], [ 78.92, 25.551 ], [ 78.911, 25.541 ], [ 78.917, 25.53 ], [ 78.908, 25.52 ], [ 78.894, 25.521 ], [ 78.885, 25.512 ], [ 78.871, 25.513 ], [ 78.862, 25.503 ], [ 78.848, 25.505 ], [ 78.839, 25.495 ], [ 78.844, 25.484 ], [ 78.858, 25.482 ], [ 78.864, 25.471 ], [ 78.855, 25.461 ], [ 78.86, 25.45 ], [ 78.851, 25.441 ], [ 78.837, 25.442 ], [ 78.832, 25.453 ], [ 78.818, 25.454 ], [ 78.812, 25.465 ], [ 78.798, 25.467 ], [ 78.793, 25.478 ], [ 78.779, 25.479 ], [ 78.77, 25.469 ], [ 78.756, 25.471 ], [ 78.747, 25.461 ], [ 78.752, 25.45 ], [ 78.743, 25.44 ], [ 78.749, 25.429 ], [ 78.763, 25.428 ], [ 78.772, 25.437 ], [ 78.786, 25.436 ], [ 78.795, 25.446 ], [ 78.809, 25.445 ], [ 78.814, 25.433 ], [ 78.805, 25.424 ], [ 78.791, 25.425 ], [ 78.782, 25.415 ], [ 78.768, 25.417 ], [ 78.759, 25.407 ], [ 78.765, 25.396 ], [ 78.756, 25.386 ], [ 78.761, 25.375 ], [ 78.775, 25.373 ], [ 78.781, 25.362 ], [ 78.772, 25.353 ], [ 78.758, 25.354 ], [ 78.749, 25.344 ], [ 78.735, 25.345 ], [ 78.729, 25.357 ], [ 78.715, 25.358 ], [ 78.71, 25.369 ], [ 78.696, 25.37 ], [ 78.69, 25.381 ], [ 78.676, 25.383 ], [ 78.668, 25.373 ], [ 78.653, 25.374 ], [ 78.648, 25.385 ], [ 78.657, 25.395 ], [ 78.651, 25.406 ], [ 78.66, 25.416 ], [ 78.674, 25.415 ], [ 78.683, 25.424 ], [ 78.678, 25.435 ], [ 78.664, 25.437 ], [ 78.655, 25.427 ], [ 78.641, 25.428 ], [ 78.632, 25.418 ], [ 78.637, 25.407 ], [ 78.629, 25.398 ], [ 78.614, 25.399 ], [ 78.606, 25.389 ], [ 78.591, 25.39 ], [ 78.583, 25.381 ], [ 78.588, 25.37 ], [ 78.579, 25.36 ], [ 78.585, 25.349 ], [ 78.576, 25.339 ], [ 78.562, 25.34 ], [ 78.556, 25.351 ], [ 78.542, 25.353 ], [ 78.533, 25.343 ], [ 78.539, 25.332 ], [ 78.553, 25.33 ], [ 78.558, 25.319 ], [ 78.549, 25.31 ], [ 78.535, 25.311 ], [ 78.526, 25.301 ], [ 78.512, 25.302 ], [ 78.507, 25.313 ], [ 78.493, 25.315 ], [ 78.484, 25.305 ], [ 78.489, 25.294 ], [ 78.504, 25.293 ], [ 78.509, 25.281 ], [ 78.523, 25.28 ], [ 78.528, 25.269 ], [ 78.543, 25.268 ], [ 78.548, 25.257 ], [ 78.562, 25.256 ], [ 78.567, 25.244 ], [ 78.559, 25.235 ], [ 78.564, 25.224 ], [ 78.578, 25.222 ], [ 78.583, 25.211 ], [ 78.575, 25.202 ], [ 78.58, 25.19 ], [ 78.594, 25.189 ], [ 78.599, 25.178 ], [ 78.591, 25.168 ], [ 78.596, 25.157 ], [ 78.61, 25.156 ], [ 78.615, 25.145 ], [ 78.607, 25.135 ], [ 78.612, 25.124 ], [ 78.603, 25.114 ], [ 78.609, 25.103 ], [ 78.6, 25.094 ], [ 78.605, 25.083 ], [ 78.619, 25.081 ], [ 78.625, 25.07 ], [ 78.639, 25.069 ], [ 78.644, 25.058 ], [ 78.658, 25.057 ], [ 78.663, 25.046 ], [ 78.655, 25.036 ], [ 78.66, 25.025 ], [ 78.651, 25.015 ], [ 78.656, 25.004 ], [ 78.648, 24.994 ], [ 78.653, 24.983 ], [ 78.644, 24.974 ], [ 78.65, 24.963 ], [ 78.641, 24.953 ], [ 78.646, 24.942 ], [ 78.66, 24.941 ], [ 78.666, 24.93 ], [ 78.657, 24.92 ], [ 78.662, 24.909 ], [ 78.676, 24.908 ], [ 78.681, 24.897 ], [ 78.695, 24.895 ], [ 78.701, 24.884 ], [ 78.715, 24.883 ], [ 78.72, 24.872 ], [ 78.734, 24.871 ], [ 78.739, 24.86 ], [ 78.753, 24.858 ], [ 78.762, 24.868 ], [ 78.776, 24.867 ], [ 78.782, 24.856 ], [ 78.773, 24.846 ], [ 78.778, 24.835 ], [ 78.769, 24.825 ], [ 78.775, 24.814 ], [ 78.789, 24.813 ], [ 78.794, 24.802 ], [ 78.785, 24.792 ], [ 78.771, 24.794 ], [ 78.762, 24.784 ], [ 78.768, 24.773 ], [ 78.759, 24.763 ], [ 78.764, 24.752 ], [ 78.778, 24.751 ], [ 78.784, 24.74 ], [ 78.775, 24.73 ], [ 78.78, 24.719 ], [ 78.771, 24.71 ], [ 78.777, 24.699 ], [ 78.768, 24.689 ], [ 78.773, 24.678 ], [ 78.764, 24.668 ], [ 78.75, 24.67 ], [ 78.742, 24.66 ], [ 78.747, 24.649 ], [ 78.738, 24.639 ], [ 78.742, 24.628 ], [ 78.756, 24.626 ], [ 78.76, 24.614 ], [ 78.751, 24.604 ], [ 78.755, 24.593 ], [ 78.768, 24.591 ], [ 78.777, 24.601 ], [ 78.79, 24.599 ], [ 78.8, 24.609 ], [ 78.813, 24.608 ], [ 78.817, 24.596 ], [ 78.83, 24.594 ], [ 78.839, 24.604 ], [ 78.835, 24.616 ], [ 78.844, 24.626 ], [ 78.858, 24.624 ], [ 78.867, 24.634 ], [ 78.88, 24.632 ], [ 78.884, 24.62 ], [ 78.897, 24.619 ], [ 78.902, 24.607 ], [ 78.915, 24.605 ], [ 78.919, 24.594 ], [ 78.91, 24.584 ], [ 78.914, 24.572 ], [ 78.927, 24.571 ], [ 78.931, 24.559 ], [ 78.945, 24.557 ], [ 78.949, 24.546 ], [ 78.94, 24.536 ], [ 78.944, 24.524 ], [ 78.957, 24.522 ], [ 78.961, 24.511 ], [ 78.952, 24.501 ], [ 78.956, 24.489 ], [ 78.947, 24.479 ], [ 78.934, 24.481 ], [ 78.93, 24.493 ], [ 78.917, 24.494 ], [ 78.908, 24.484 ], [ 78.912, 24.473 ], [ 78.925, 24.471 ], [ 78.929, 24.459 ], [ 78.942, 24.458 ], [ 78.947, 24.446 ], [ 78.96, 24.444 ], [ 78.964, 24.433 ], [ 78.977, 24.431 ], [ 78.981, 24.419 ], [ 78.972, 24.409 ], [ 78.977, 24.398 ], [ 78.967, 24.388 ], [ 78.972, 24.376 ], [ 78.962, 24.366 ], [ 78.967, 24.355 ], [ 78.958, 24.345 ], [ 78.962, 24.333 ], [ 78.953, 24.323 ], [ 78.939, 24.325 ], [ 78.93, 24.315 ], [ 78.934, 24.303 ], [ 78.925, 24.293 ], [ 78.912, 24.295 ], [ 78.903, 24.285 ], [ 78.907, 24.274 ], [ 78.898, 24.264 ], [ 78.902, 24.252 ], [ 78.893, 24.242 ], [ 78.897, 24.23 ], [ 78.888, 24.22 ], [ 78.875, 24.222 ], [ 78.866, 24.212 ], [ 78.853, 24.214 ], [ 78.843, 24.204 ], [ 78.83, 24.206 ], [ 78.821, 24.196 ], [ 78.808, 24.198 ], [ 78.799, 24.188 ], [ 78.786, 24.19 ], [ 78.781, 24.201 ], [ 78.768, 24.203 ], [ 78.764, 24.215 ], [ 78.773, 24.225 ], [ 78.769, 24.236 ], [ 78.756, 24.238 ], [ 78.752, 24.25 ], [ 78.738, 24.251 ], [ 78.729, 24.241 ], [ 78.716, 24.243 ], [ 78.707, 24.233 ], [ 78.694, 24.235 ], [ 78.689, 24.247 ], [ 78.676, 24.248 ], [ 78.672, 24.26 ], [ 78.659, 24.262 ], [ 78.655, 24.273 ], [ 78.641, 24.275 ], [ 78.637, 24.287 ], [ 78.624, 24.288 ], [ 78.62, 24.3 ], [ 78.607, 24.302 ], [ 78.603, 24.313 ], [ 78.612, 24.323 ], [ 78.607, 24.335 ], [ 78.594, 24.337 ], [ 78.59, 24.348 ], [ 78.577, 24.35 ], [ 78.573, 24.362 ], [ 78.559, 24.363 ], [ 78.55, 24.353 ], [ 78.537, 24.355 ], [ 78.533, 24.367 ], [ 78.52, 24.368 ], [ 78.516, 24.38 ], [ 78.502, 24.382 ], [ 78.493, 24.372 ], [ 78.48, 24.374 ], [ 78.471, 24.364 ], [ 78.475, 24.352 ], [ 78.466, 24.342 ], [ 78.47, 24.33 ], [ 78.461, 24.321 ], [ 78.448, 24.322 ], [ 78.439, 24.312 ], [ 78.443, 24.301 ], [ 78.434, 24.291 ], [ 78.421, 24.293 ], [ 78.412, 24.283 ], [ 78.416, 24.271 ], [ 78.407, 24.261 ], [ 78.394, 24.263 ], [ 78.39, 24.274 ], [ 78.377, 24.276 ], [ 78.372, 24.288 ], [ 78.359, 24.289 ], [ 78.355, 24.301 ], [ 78.342, 24.303 ], [ 78.338, 24.314 ], [ 78.325, 24.316 ], [ 78.32, 24.328 ], [ 78.329, 24.338 ], [ 78.343, 24.336 ], [ 78.352, 24.346 ], [ 78.347, 24.357 ], [ 78.357, 24.367 ], [ 78.352, 24.379 ], [ 78.361, 24.389 ], [ 78.357, 24.4 ], [ 78.344, 24.402 ], [ 78.341, 24.41 ], [ 78.339, 24.413 ], [ 78.326, 24.415 ], [ 78.32, 24.426 ], [ 78.306, 24.427 ], [ 78.301, 24.438 ], [ 78.287, 24.439 ], [ 78.282, 24.45 ], [ 78.268, 24.451 ], [ 78.262, 24.462 ], [ 78.271, 24.472 ], [ 78.266, 24.483 ], [ 78.252, 24.484 ], [ 78.246, 24.495 ], [ 78.255, 24.505 ], [ 78.25, 24.515 ], [ 78.236, 24.517 ], [ 78.23, 24.528 ], [ 78.239, 24.537 ], [ 78.253, 24.536 ], [ 78.261, 24.546 ], [ 78.256, 24.557 ], [ 78.265, 24.566 ], [ 78.259, 24.577 ], [ 78.268, 24.587 ], [ 78.263, 24.598 ], [ 78.271, 24.608 ], [ 78.266, 24.619 ], [ 78.275, 24.628 ], [ 78.269, 24.639 ], [ 78.278, 24.649 ], [ 78.273, 24.66 ], [ 78.281, 24.67 ], [ 78.276, 24.681 ], [ 78.262, 24.682 ], [ 78.257, 24.693 ], [ 78.265, 24.703 ], [ 78.26, 24.714 ], [ 78.246, 24.715 ], [ 78.24, 24.726 ], [ 78.226, 24.727 ], [ 78.221, 24.738 ], [ 78.23, 24.748 ], [ 78.224, 24.759 ], [ 78.233, 24.769 ], [ 78.228, 24.78 ], [ 78.236, 24.789 ], [ 78.231, 24.8 ], [ 78.217, 24.802 ], [ 78.212, 24.813 ], [ 78.197, 24.814 ], [ 78.192, 24.825 ], [ 78.201, 24.834 ], [ 78.195, 24.845 ], [ 78.181, 24.847 ], [ 78.176, 24.858 ], [ 78.162, 24.859 ], [ 78.156, 24.87 ], [ 78.165, 24.88 ], [ 78.179, 24.878 ], [ 78.188, 24.888 ], [ 78.202, 24.887 ], [ 78.211, 24.897 ], [ 78.205, 24.908 ], [ 78.214, 24.917 ], [ 78.228, 24.916 ], [ 78.237, 24.926 ], [ 78.251, 24.925 ], [ 78.26, 24.934 ], [ 78.254, 24.946 ], [ 78.263, 24.955 ], [ 78.277, 24.954 ], [ 78.286, 24.964 ], [ 78.3, 24.963 ], [ 78.308, 24.972 ], [ 78.303, 24.983 ], [ 78.312, 24.993 ], [ 78.326, 24.992 ], [ 78.335, 25.002 ], [ 78.349, 25.0 ], [ 78.357, 25.01 ], [ 78.352, 25.021 ], [ 78.338, 25.022 ], [ 78.333, 25.033 ], [ 78.341, 25.043 ], [ 78.336, 25.054 ], [ 78.345, 25.064 ], [ 78.339, 25.075 ], [ 78.348, 25.085 ], [ 78.362, 25.083 ], [ 78.371, 25.093 ], [ 78.385, 25.092 ], [ 78.394, 25.102 ], [ 78.388, 25.113 ], [ 78.397, 25.123 ], [ 78.411, 25.121 ], [ 78.42, 25.131 ], [ 78.434, 25.13 ], [ 78.443, 25.14 ], [ 78.437, 25.151 ], [ 78.446, 25.16 ], [ 78.441, 25.171 ], [ 78.427, 25.173 ], [ 78.421, 25.184 ], [ 78.407, 25.185 ], [ 78.402, 25.196 ], [ 78.41, 25.206 ], [ 78.405, 25.217 ], [ 78.391, 25.218 ], [ 78.386, 25.229 ], [ 78.371, 25.23 ], [ 78.366, 25.241 ], [ 78.375, 25.251 ], [ 78.369, 25.262 ], [ 78.355, 25.264 ], [ 78.35, 25.275 ], [ 78.359, 25.284 ], [ 78.353, 25.296 ], [ 78.339, 25.297 ], [ 78.33, 25.287 ], [ 78.316, 25.288 ], [ 78.311, 25.299 ], [ 78.32, 25.309 ], [ 78.334, 25.308 ], [ 78.342, 25.318 ], [ 78.337, 25.329 ], [ 78.346, 25.339 ], [ 78.34, 25.35 ], [ 78.326, 25.351 ], [ 78.321, 25.362 ], [ 78.307, 25.363 ], [ 78.301, 25.374 ], [ 78.31, 25.384 ], [ 78.324, 25.383 ], [ 78.333, 25.393 ], [ 78.328, 25.404 ], [ 78.336, 25.413 ], [ 78.331, 25.425 ], [ 78.34, 25.434 ], [ 78.354, 25.433 ], [ 78.363, 25.443 ], [ 78.377, 25.442 ], [ 78.386, 25.451 ], [ 78.4, 25.45 ], [ 78.409, 25.46 ], [ 78.403, 25.471 ], [ 78.412, 25.481 ], [ 78.426, 25.48 ], [ 78.435, 25.489 ], [ 78.43, 25.501 ], [ 78.415, 25.502 ], [ 78.41, 25.513 ], [ 78.419, 25.523 ], [ 78.413, 25.534 ], [ 78.422, 25.544 ], [ 78.436, 25.542 ], [ 78.445, 25.552 ], [ 78.459, 25.551 ], [ 78.468, 25.561 ], [ 78.482, 25.559 ], [ 78.491, 25.569 ], [ 78.505, 25.568 ], [ 78.514, 25.578 ], [ 78.528, 25.576 ], [ 78.534, 25.565 ], [ 78.548, 25.564 ], [ 78.553, 25.553 ], [ 78.568, 25.552 ], [ 78.576, 25.561 ], [ 78.591, 25.56 ], [ 78.599, 25.57 ], [ 78.614, 25.569 ], [ 78.622, 25.578 ], [ 78.637, 25.577 ], [ 78.642, 25.566 ], [ 78.656, 25.565 ], [ 78.665, 25.575 ], [ 78.679, 25.573 ], [ 78.688, 25.583 ], [ 78.702, 25.582 ], [ 78.711, 25.592 ], [ 78.706, 25.603 ], [ 78.715, 25.612 ], [ 78.729, 25.611 ], [ 78.734, 25.6 ], [ 78.748, 25.599 ], [ 78.757, 25.609 ], [ 78.771, 25.607 ], [ 78.78, 25.617 ], [ 78.794, 25.616 ], [ 78.803, 25.625 ], [ 78.817, 25.624 ], [ 78.826, 25.634 ], [ 78.821, 25.645 ], [ 78.83, 25.655 ], [ 78.825, 25.666 ], [ 78.81, 25.667 ], [ 78.805, 25.678 ], [ 78.814, 25.688 ], [ 78.808, 25.699 ], [ 78.794, 25.701 ], [ 78.789, 25.712 ], [ 78.775, 25.713 ], [ 78.769, 25.724 ], [ 78.755, 25.726 ], [ 78.75, 25.737 ], [ 78.759, 25.747 ], [ 78.773, 25.745 ], [ 78.782, 25.755 ], [ 78.776, 25.766 ], [ 78.785, 25.776 ], [ 78.799, 25.775 ], [ 78.808, 25.785 ], [ 78.803, 25.796 ], [ 78.812, 25.806 ], [ 78.807, 25.817 ], [ 78.815, 25.826 ], [ 78.83, 25.825 ], [ 78.839, 25.835 ], [ 78.853, 25.834 ], [ 78.862, 25.843 ], [ 78.856, 25.855 ], [ 78.865, 25.864 ], [ 78.879, 25.863 ], [ 78.888, 25.873 ], [ 78.883, 25.884 ], [ 78.892, 25.894 ], [ 78.887, 25.905 ], [ 78.895, 25.915 ], [ 78.89, 25.926 ], [ 78.899, 25.936 ], [ 78.913, 25.935 ], [ 78.922, 25.944 ], [ 78.917, 25.956 ], [ 78.926, 25.965 ], [ 78.92, 25.977 ], [ 78.929, 25.986 ], [ 78.924, 25.998 ], [ 78.933, 26.007 ], [ 78.928, 26.019 ], [ 78.937, 26.028 ], [ 78.931, 26.04 ], [ 78.94, 26.049 ], [ 78.935, 26.061 ], [ 78.944, 26.07 ], [ 78.958, 26.069 ], [ 78.967, 26.079 ], [ 78.962, 26.09 ], [ 78.97, 26.1 ], [ 78.965, 26.111 ], [ 78.951, 26.113 ], [ 78.946, 26.124 ], [ 78.954, 26.134 ], [ 78.949, 26.145 ], [ 78.958, 26.155 ], [ 78.972, 26.153 ], [ 78.981, 26.163 ], [ 78.976, 26.174 ], [ 78.985, 26.184 ], [ 78.98, 26.195 ], [ 78.988, 26.205 ], [ 78.983, 26.216 ], [ 78.992, 26.226 ], [ 78.987, 26.238 ], [ 78.996, 26.247 ], [ 79.01, 26.246 ], [ 79.019, 26.256 ], [ 79.033, 26.255 ], [ 79.042, 26.264 ], [ 79.037, 26.276 ], [ 79.046, 26.285 ], [ 79.06, 26.284 ], [ 79.069, 26.294 ], [ 79.084, 26.293 ], [ 79.092, 26.302 ], [ 79.087, 26.314 ], [ 79.096, 26.324 ], [ 79.091, 26.335 ], [ 79.1, 26.345 ], [ 79.094, 26.356 ], [ 79.08, 26.357 ], [ 79.075, 26.368 ], [ 79.084, 26.378 ], [ 79.078, 26.39 ], [ 79.064, 26.391 ], [ 79.059, 26.402 ], [ 79.068, 26.412 ], [ 79.062, 26.423 ], [ 79.071, 26.433 ], [ 79.066, 26.444 ], [ 79.052, 26.446 ], [ 79.046, 26.457 ], [ 79.055, 26.467 ], [ 79.05, 26.478 ], [ 79.036, 26.48 ], [ 79.03, 26.491 ], [ 79.016, 26.492 ], [ 79.01, 26.503 ], [ 79.019, 26.513 ], [ 79.014, 26.525 ], [ 79.0, 26.526 ], [ 78.994, 26.537 ], [ 78.98, 26.539 ], [ 78.975, 26.55 ], [ 78.96, 26.551 ], [ 78.955, 26.563 ], [ 78.94, 26.564 ], [ 78.935, 26.575 ], [ 78.921, 26.577 ], [ 78.912, 26.567 ], [ 78.897, 26.568 ], [ 78.892, 26.579 ], [ 78.877, 26.581 ], [ 78.872, 26.592 ], [ 78.858, 26.593 ], [ 78.852, 26.605 ], [ 78.838, 26.606 ], [ 78.832, 26.617 ], [ 78.841, 26.627 ], [ 78.836, 26.638 ], [ 78.845, 26.648 ], [ 78.84, 26.66 ], [ 78.825, 26.661 ], [ 78.82, 26.672 ], [ 78.829, 26.682 ], [ 78.823, 26.693 ], [ 78.809, 26.695 ], [ 78.804, 26.706 ], [ 78.789, 26.707 ], [ 78.784, 26.719 ], [ 78.769, 26.72 ], [ 78.76, 26.71 ], [ 78.746, 26.712 ], [ 78.74, 26.723 ], [ 78.726, 26.724 ], [ 78.72, 26.735 ], [ 78.706, 26.737 ], [ 78.697, 26.727 ], [ 78.683, 26.728 ], [ 78.674, 26.718 ], [ 78.659, 26.72 ], [ 78.65, 26.71 ], [ 78.656, 26.698 ], [ 78.647, 26.688 ], [ 78.632, 26.69 ], [ 78.623, 26.68 ], [ 78.609, 26.681 ], [ 78.603, 26.693 ], [ 78.589, 26.694 ], [ 78.583, 26.705 ], [ 78.569, 26.706 ], [ 78.564, 26.718 ], [ 78.549, 26.719 ], [ 78.544, 26.73 ], [ 78.529, 26.732 ], [ 78.524, 26.743 ], [ 78.509, 26.744 ], [ 78.5, 26.734 ], [ 78.486, 26.736 ], [ 78.48, 26.747 ], [ 78.466, 26.748 ], [ 78.46, 26.76 ], [ 78.446, 26.761 ], [ 78.44, 26.772 ], [ 78.426, 26.774 ], [ 78.417, 26.764 ], [ 78.403, 26.765 ], [ 78.397, 26.776 ], [ 78.383, 26.778 ], [ 78.374, 26.768 ], [ 78.359, 26.769 ], [ 78.354, 26.78 ], [ 78.339, 26.782 ], [ 78.334, 26.793 ], [ 78.319, 26.794 ], [ 78.31, 26.784 ], [ 78.296, 26.785 ], [ 78.287, 26.776 ], [ 78.272, 26.777 ], [ 78.267, 26.788 ], [ 78.252, 26.789 ], [ 78.243, 26.779 ], [ 78.249, 26.768 ], [ 78.24, 26.758 ], [ 78.226, 26.76 ], [ 78.22, 26.771 ], [ 78.206, 26.772 ], [ 78.197, 26.762 ], [ 78.182, 26.763 ], [ 78.173, 26.753 ], [ 78.159, 26.755 ], [ 78.15, 26.745 ], [ 78.155, 26.733 ], [ 78.146, 26.724 ], [ 78.152, 26.712 ], [ 78.143, 26.702 ], [ 78.149, 26.691 ], [ 78.14, 26.681 ], [ 78.125, 26.682 ], [ 78.116, 26.672 ], [ 78.122, 26.661 ], [ 78.113, 26.651 ], [ 78.098, 26.652 ], [ 78.09, 26.642 ], [ 78.075, 26.644 ], [ 78.066, 26.634 ], [ 78.052, 26.635 ], [ 78.046, 26.646 ], [ 78.032, 26.648 ], [ 78.023, 26.638 ], [ 78.008, 26.639 ], [ 78.003, 26.65 ], [ 77.988, 26.651 ], [ 77.979, 26.641 ], [ 77.965, 26.643 ], [ 77.956, 26.633 ], [ 77.942, 26.634 ], [ 77.933, 26.624 ], [ 77.938, 26.613 ], [ 77.93, 26.603 ], [ 77.915, 26.604 ], [ 77.906, 26.594 ], [ 77.892, 26.595 ], [ 77.883, 26.585 ], [ 77.868, 26.587 ], [ 77.86, 26.577 ], [ 77.865, 26.565 ], [ 77.856, 26.555 ], [ 77.862, 26.544 ], [ 77.853, 26.534 ], [ 77.839, 26.536 ], [ 77.83, 26.526 ], [ 77.815, 26.527 ], [ 77.806, 26.517 ], [ 77.792, 26.518 ], [ 77.783, 26.508 ], [ 77.769, 26.509 ], [ 77.76, 26.499 ], [ 77.765, 26.488 ], [ 77.757, 26.478 ], [ 77.742, 26.479 ], [ 77.733, 26.469 ], [ 77.719, 26.471 ], [ 77.713, 26.482 ], [ 77.699, 26.483 ], [ 77.69, 26.473 ], [ 77.676, 26.474 ], [ 77.667, 26.464 ], [ 77.672, 26.453 ], [ 77.663, 26.443 ], [ 77.649, 26.445 ], [ 77.64, 26.435 ], [ 77.646, 26.423 ], [ 77.637, 26.413 ], [ 77.623, 26.415 ], [ 77.617, 26.426 ], [ 77.603, 26.427 ], [ 77.594, 26.417 ], [ 77.579, 26.418 ], [ 77.57, 26.408 ], [ 77.556, 26.41 ], [ 77.547, 26.4 ], [ 77.533, 26.401 ], [ 77.524, 26.391 ], [ 77.51, 26.392 ], [ 77.504, 26.403 ], [ 77.49, 26.404 ], [ 77.481, 26.394 ], [ 77.466, 26.396 ], [ 77.457, 26.386 ], [ 77.463, 26.374 ], [ 77.454, 26.365 ], [ 77.46, 26.353 ], [ 77.451, 26.343 ], [ 77.437, 26.345 ], [ 77.431, 26.356 ], [ 77.417, 26.357 ], [ 77.408, 26.347 ], [ 77.393, 26.348 ], [ 77.385, 26.338 ], [ 77.37, 26.339 ], [ 77.362, 26.329 ], [ 77.347, 26.331 ], [ 77.338, 26.321 ], [ 77.344, 26.309 ], [ 77.335, 26.299 ], [ 77.321, 26.301 ], [ 77.312, 26.291 ], [ 77.318, 26.279 ], [ 77.309, 26.269 ], [ 77.295, 26.271 ], [ 77.286, 26.261 ], [ 77.271, 26.262 ], [ 77.263, 26.252 ], [ 77.268, 26.241 ], [ 77.26, 26.231 ], [ 77.245, 26.232 ], [ 77.236, 26.222 ], [ 77.222, 26.223 ], [ 77.213, 26.213 ], [ 77.199, 26.214 ], [ 77.19, 26.204 ], [ 77.176, 26.206 ], [ 77.17, 26.217 ], [ 77.156, 26.218 ], [ 77.147, 26.208 ], [ 77.132, 26.209 ], [ 77.124, 26.199 ], [ 77.129, 26.188 ], [ 77.121, 26.178 ], [ 77.106, 26.179 ], [ 77.098, 26.169 ], [ 77.083, 26.17 ], [ 77.074, 26.16 ], [ 77.06, 26.162 ], [ 77.051, 26.152 ], [ 77.037, 26.153 ], [ 77.028, 26.143 ], [ 77.034, 26.132 ], [ 77.025, 26.122 ], [ 77.011, 26.123 ], [ 77.002, 26.113 ], [ 76.988, 26.114 ], [ 76.979, 26.104 ], [ 76.985, 26.093 ], [ 76.976, 26.083 ], [ 76.962, 26.084 ], [ 76.953, 26.074 ], [ 76.939, 26.075 ], [ 76.93, 26.065 ], [ 76.916, 26.066 ], [ 76.907, 26.056 ], [ 76.913, 26.045 ], [ 76.904, 26.035 ], [ 76.89, 26.036 ], [ 76.881, 26.026 ], [ 76.866, 26.027 ], [ 76.858, 26.017 ], [ 76.864, 26.006 ], [ 76.855, 25.996 ], [ 76.861, 25.985 ], [ 76.852, 25.975 ], [ 76.838, 25.976 ], [ 76.829, 25.966 ], [ 76.835, 25.955 ], [ 76.826, 25.945 ], [ 76.832, 25.934 ], [ 76.823, 25.924 ], [ 76.809, 25.925 ], [ 76.8, 25.915 ], [ 76.786, 25.917 ], [ 76.777, 25.907 ], [ 76.783, 25.895 ], [ 76.774, 25.885 ], [ 76.76, 25.887 ], [ 76.751, 25.877 ], [ 76.737, 25.878 ], [ 76.731, 25.889 ], [ 76.717, 25.89 ], [ 76.708, 25.88 ], [ 76.694, 25.881 ], [ 76.685, 25.871 ], [ 76.671, 25.872 ], [ 76.665, 25.883 ], [ 76.651, 25.884 ], [ 76.642, 25.875 ], [ 76.648, 25.863 ], [ 76.639, 25.853 ], [ 76.625, 25.855 ], [ 76.616, 25.845 ], [ 76.602, 25.846 ], [ 76.593, 25.836 ], [ 76.579, 25.837 ], [ 76.57, 25.827 ], [ 76.556, 25.828 ], [ 76.547, 25.818 ], [ 76.533, 25.819 ], [ 76.524, 25.809 ], [ 76.53, 25.798 ], [ 76.521, 25.788 ], [ 76.527, 25.777 ], [ 76.519, 25.767 ], [ 76.524, 25.756 ], [ 76.516, 25.746 ], [ 76.522, 25.735 ], [ 76.513, 25.725 ], [ 76.499, 25.726 ], [ 76.49, 25.716 ], [ 76.476, 25.717 ], [ 76.467, 25.707 ], [ 76.473, 25.696 ], [ 76.487, 25.695 ], [ 76.493, 25.684 ], [ 76.507, 25.683 ], [ 76.513, 25.672 ], [ 76.504, 25.662 ], [ 76.51, 25.651 ], [ 76.502, 25.641 ], [ 76.507, 25.63 ], [ 76.499, 25.62 ], [ 76.505, 25.609 ], [ 76.519, 25.607 ], [ 76.525, 25.596 ], [ 76.516, 25.586 ], [ 76.502, 25.587 ], [ 76.493, 25.578 ], [ 76.499, 25.566 ], [ 76.513, 25.565 ], [ 76.519, 25.554 ], [ 76.51, 25.544 ], [ 76.516, 25.533 ], [ 76.508, 25.523 ], [ 76.513, 25.512 ], [ 76.528, 25.511 ], [ 76.533, 25.5 ], [ 76.548, 25.499 ], [ 76.553, 25.488 ], [ 76.545, 25.478 ], [ 76.551, 25.467 ], [ 76.565, 25.466 ], [ 76.571, 25.455 ], [ 76.562, 25.445 ], [ 76.568, 25.434 ], [ 76.582, 25.433 ], [ 76.588, 25.422 ], [ 76.602, 25.421 ], [ 76.608, 25.41 ], [ 76.599, 25.4 ], [ 76.605, 25.389 ], [ 76.619, 25.388 ], [ 76.625, 25.376 ], [ 76.639, 25.375 ], [ 76.648, 25.385 ], [ 76.662, 25.384 ], [ 76.668, 25.373 ], [ 76.682, 25.372 ], [ 76.69, 25.382 ], [ 76.705, 25.381 ], [ 76.71, 25.37 ], [ 76.725, 25.369 ], [ 76.73, 25.358 ], [ 76.745, 25.357 ], [ 76.753, 25.366 ], [ 76.767, 25.365 ], [ 76.773, 25.354 ], [ 76.787, 25.353 ], [ 76.793, 25.342 ], [ 76.807, 25.341 ], [ 76.816, 25.351 ], [ 76.83, 25.35 ], [ 76.836, 25.339 ], [ 76.85, 25.338 ], [ 76.856, 25.327 ], [ 76.87, 25.326 ], [ 76.878, 25.335 ], [ 76.893, 25.334 ], [ 76.901, 25.344 ], [ 76.916, 25.343 ], [ 76.924, 25.353 ], [ 76.938, 25.352 ], [ 76.944, 25.341 ], [ 76.958, 25.34 ], [ 76.964, 25.329 ], [ 76.978, 25.327 ], [ 76.984, 25.316 ], [ 76.998, 25.315 ], [ 77.007, 25.325 ], [ 77.021, 25.324 ], [ 77.026, 25.313 ], [ 77.041, 25.312 ], [ 77.049, 25.322 ], [ 77.064, 25.321 ], [ 77.072, 25.33 ], [ 77.086, 25.329 ], [ 77.095, 25.339 ], [ 77.109, 25.338 ], [ 77.115, 25.327 ], [ 77.129, 25.326 ], [ 77.135, 25.315 ], [ 77.149, 25.314 ], [ 77.157, 25.324 ], [ 77.172, 25.322 ], [ 77.177, 25.311 ], [ 77.192, 25.31 ], [ 77.2, 25.32 ], [ 77.195, 25.331 ], [ 77.203, 25.341 ], [ 77.217, 25.34 ], [ 77.226, 25.35 ], [ 77.22, 25.361 ], [ 77.229, 25.371 ], [ 77.243, 25.37 ], [ 77.252, 25.379 ], [ 77.246, 25.39 ], [ 77.255, 25.4 ], [ 77.269, 25.399 ], [ 77.278, 25.409 ], [ 77.272, 25.42 ], [ 77.281, 25.43 ], [ 77.295, 25.429 ], [ 77.304, 25.439 ], [ 77.318, 25.438 ], [ 77.324, 25.426 ], [ 77.338, 25.425 ], [ 77.343, 25.414 ], [ 77.358, 25.413 ], [ 77.363, 25.402 ], [ 77.355, 25.392 ], [ 77.36, 25.381 ], [ 77.351, 25.371 ], [ 77.357, 25.36 ], [ 77.371, 25.359 ], [ 77.377, 25.348 ], [ 77.368, 25.338 ], [ 77.374, 25.327 ], [ 77.365, 25.317 ], [ 77.371, 25.306 ], [ 77.385, 25.305 ], [ 77.39, 25.294 ], [ 77.382, 25.284 ], [ 77.387, 25.273 ], [ 77.379, 25.263 ], [ 77.384, 25.252 ], [ 77.376, 25.242 ], [ 77.381, 25.231 ], [ 77.395, 25.23 ], [ 77.401, 25.219 ], [ 77.415, 25.218 ], [ 77.421, 25.207 ], [ 77.412, 25.197 ], [ 77.418, 25.186 ], [ 77.409, 25.176 ], [ 77.415, 25.165 ], [ 77.406, 25.155 ], [ 77.392, 25.156 ], [ 77.383, 25.147 ], [ 77.389, 25.136 ], [ 77.38, 25.126 ], [ 77.386, 25.115 ], [ 77.377, 25.105 ], [ 77.363, 25.106 ], [ 77.354, 25.096 ], [ 77.36, 25.085 ], [ 77.351, 25.075 ], [ 77.337, 25.076 ], [ 77.328, 25.067 ], [ 77.314, 25.068 ], [ 77.309, 25.079 ], [ 77.295, 25.08 ], [ 77.286, 25.07 ], [ 77.272, 25.071 ], [ 77.266, 25.082 ], [ 77.252, 25.083 ], [ 77.247, 25.094 ], [ 77.232, 25.096 ], [ 77.224, 25.086 ], [ 77.21, 25.087 ], [ 77.201, 25.077 ], [ 77.187, 25.078 ], [ 77.181, 25.089 ], [ 77.167, 25.09 ], [ 77.158, 25.08 ], [ 77.144, 25.082 ], [ 77.136, 25.072 ], [ 77.122, 25.073 ], [ 77.113, 25.063 ], [ 77.099, 25.064 ], [ 77.09, 25.054 ], [ 77.076, 25.056 ], [ 77.07, 25.067 ], [ 77.056, 25.068 ], [ 77.048, 25.058 ], [ 77.034, 25.059 ], [ 77.028, 25.07 ], [ 77.014, 25.071 ], [ 77.005, 25.061 ], [ 76.991, 25.062 ], [ 76.982, 25.052 ], [ 76.968, 25.054 ], [ 76.96, 25.044 ], [ 76.946, 25.045 ], [ 76.937, 25.035 ], [ 76.923, 25.036 ], [ 76.914, 25.026 ], [ 76.92, 25.015 ], [ 76.911, 25.005 ], [ 76.897, 25.007 ], [ 76.889, 24.997 ], [ 76.894, 24.986 ], [ 76.886, 24.976 ], [ 76.891, 24.965 ], [ 76.883, 24.955 ], [ 76.889, 24.944 ], [ 76.903, 24.943 ], [ 76.908, 24.932 ], [ 76.922, 24.931 ], [ 76.928, 24.92 ], [ 76.92, 24.91 ], [ 76.925, 24.899 ], [ 76.917, 24.889 ], [ 76.922, 24.878 ], [ 76.936, 24.877 ], [ 76.942, 24.866 ], [ 76.933, 24.856 ], [ 76.919, 24.857 ], [ 76.911, 24.848 ], [ 76.897, 24.849 ], [ 76.888, 24.839 ], [ 76.874, 24.84 ], [ 76.865, 24.83 ], [ 76.851, 24.831 ], [ 76.846, 24.842 ], [ 76.832, 24.843 ], [ 76.823, 24.833 ], [ 76.809, 24.835 ], [ 76.8, 24.825 ], [ 76.806, 24.814 ], [ 76.82, 24.813 ], [ 76.826, 24.802 ], [ 76.817, 24.792 ], [ 76.823, 24.781 ], [ 76.837, 24.78 ], [ 76.843, 24.769 ], [ 76.857, 24.768 ], [ 76.862, 24.757 ], [ 76.877, 24.756 ], [ 76.882, 24.745 ], [ 76.896, 24.744 ], [ 76.905, 24.753 ], [ 76.919, 24.752 ], [ 76.927, 24.762 ], [ 76.942, 24.761 ], [ 76.95, 24.771 ], [ 76.964, 24.77 ], [ 76.97, 24.759 ], [ 76.984, 24.758 ], [ 76.989, 24.747 ], [ 76.981, 24.737 ], [ 76.987, 24.726 ], [ 77.001, 24.725 ], [ 77.006, 24.714 ], [ 77.02, 24.713 ], [ 77.026, 24.702 ], [ 77.04, 24.701 ], [ 77.046, 24.69 ], [ 77.037, 24.68 ], [ 77.043, 24.669 ], [ 77.057, 24.668 ], [ 77.062, 24.657 ], [ 77.054, 24.647 ], [ 77.059, 24.636 ], [ 77.073, 24.635 ], [ 77.079, 24.624 ], [ 77.07, 24.614 ], [ 77.076, 24.603 ], [ 77.068, 24.594 ], [ 77.073, 24.583 ], [ 77.065, 24.573 ], [ 77.07, 24.562 ], [ 77.062, 24.552 ], [ 77.067, 24.541 ], [ 77.059, 24.532 ], [ 77.064, 24.521 ], [ 77.056, 24.511 ], [ 77.042, 24.512 ], [ 77.033, 24.502 ], [ 77.039, 24.491 ], [ 77.03, 24.481 ], [ 77.016, 24.483 ], [ 77.008, 24.473 ], [ 76.994, 24.474 ], [ 76.985, 24.464 ], [ 76.971, 24.465 ], [ 76.963, 24.455 ], [ 76.949, 24.457 ], [ 76.943, 24.467 ], [ 76.929, 24.469 ], [ 76.921, 24.459 ], [ 76.906, 24.46 ], [ 76.898, 24.45 ], [ 76.904, 24.439 ], [ 76.895, 24.429 ], [ 76.901, 24.419 ], [ 76.892, 24.409 ], [ 76.878, 24.41 ], [ 76.87, 24.4 ], [ 76.856, 24.401 ], [ 76.847, 24.391 ], [ 76.853, 24.38 ], [ 76.844, 24.371 ], [ 76.85, 24.36 ], [ 76.842, 24.35 ], [ 76.847, 24.339 ], [ 76.839, 24.329 ], [ 76.844, 24.318 ], [ 76.858, 24.317 ], [ 76.864, 24.306 ], [ 76.855, 24.297 ], [ 76.861, 24.286 ], [ 76.853, 24.276 ], [ 76.858, 24.265 ], [ 76.872, 24.264 ], [ 76.878, 24.253 ], [ 76.892, 24.252 ], [ 76.897, 24.241 ], [ 76.911, 24.24 ], [ 76.917, 24.229 ], [ 76.931, 24.228 ], [ 76.936, 24.217 ], [ 76.928, 24.208 ], [ 76.934, 24.197 ], [ 76.925, 24.187 ], [ 76.911, 24.188 ], [ 76.903, 24.178 ], [ 76.908, 24.167 ], [ 76.9, 24.158 ], [ 76.905, 24.147 ], [ 76.897, 24.137 ], [ 76.883, 24.138 ], [ 76.874, 24.128 ], [ 76.88, 24.118 ], [ 76.894, 24.117 ], [ 76.9, 24.106 ], [ 76.914, 24.105 ], [ 76.919, 24.094 ], [ 76.933, 24.093 ], [ 76.939, 24.082 ], [ 76.953, 24.081 ], [ 76.958, 24.07 ], [ 76.95, 24.06 ], [ 76.955, 24.049 ], [ 76.969, 24.048 ], [ 76.978, 24.058 ], [ 76.992, 24.057 ], [ 77.0, 24.067 ], [ 77.014, 24.065 ], [ 77.022, 24.075 ], [ 77.036, 24.074 ], [ 77.045, 24.084 ], [ 77.059, 24.083 ], [ 77.064, 24.072 ], [ 77.078, 24.071 ], [ 77.087, 24.081 ], [ 77.101, 24.079 ], [ 77.109, 24.089 ], [ 77.123, 24.088 ], [ 77.132, 24.098 ], [ 77.146, 24.097 ], [ 77.151, 24.086 ], [ 77.165, 24.085 ], [ 77.171, 24.074 ], [ 77.184, 24.073 ], [ 77.19, 24.062 ], [ 77.182, 24.052 ], [ 77.187, 24.041 ], [ 77.179, 24.032 ], [ 77.184, 24.021 ], [ 77.176, 24.011 ], [ 77.181, 24.0 ], [ 77.173, 23.99 ], [ 77.178, 23.98 ], [ 77.17, 23.97 ], [ 77.175, 23.959 ], [ 77.167, 23.949 ], [ 77.172, 23.939 ], [ 77.186, 23.937 ], [ 77.192, 23.927 ], [ 77.183, 23.917 ], [ 77.189, 23.906 ], [ 77.203, 23.905 ], [ 77.208, 23.894 ], [ 77.222, 23.893 ], [ 77.23, 23.903 ], [ 77.244, 23.902 ], [ 77.25, 23.891 ], [ 77.264, 23.89 ], [ 77.269, 23.879 ], [ 77.283, 23.878 ], [ 77.292, 23.887 ], [ 77.306, 23.886 ], [ 77.314, 23.896 ], [ 77.309, 23.907 ], [ 77.317, 23.917 ], [ 77.312, 23.927 ], [ 77.32, 23.937 ], [ 77.315, 23.948 ], [ 77.301, 23.949 ], [ 77.295, 23.96 ], [ 77.304, 23.97 ], [ 77.298, 23.98 ], [ 77.307, 23.99 ], [ 77.301, 24.001 ], [ 77.31, 24.011 ], [ 77.304, 24.021 ], [ 77.29, 24.023 ], [ 77.285, 24.033 ], [ 77.271, 24.035 ], [ 77.265, 24.045 ], [ 77.251, 24.047 ], [ 77.246, 24.057 ], [ 77.254, 24.067 ], [ 77.268, 24.066 ], [ 77.277, 24.076 ], [ 77.291, 24.075 ], [ 77.299, 24.084 ], [ 77.294, 24.095 ], [ 77.302, 24.105 ], [ 77.297, 24.116 ], [ 77.305, 24.125 ], [ 77.3, 24.136 ], [ 77.308, 24.146 ], [ 77.303, 24.157 ], [ 77.311, 24.167 ], [ 77.325, 24.165 ], [ 77.334, 24.175 ], [ 77.347, 24.174 ], [ 77.356, 24.184 ], [ 77.351, 24.195 ], [ 77.337, 24.196 ], [ 77.331, 24.207 ], [ 77.34, 24.216 ], [ 77.334, 24.227 ], [ 77.343, 24.237 ], [ 77.337, 24.248 ], [ 77.323, 24.249 ], [ 77.318, 24.26 ], [ 77.326, 24.27 ], [ 77.321, 24.281 ], [ 77.329, 24.29 ], [ 77.324, 24.301 ], [ 77.332, 24.311 ], [ 77.346, 24.31 ], [ 77.355, 24.319 ], [ 77.349, 24.33 ], [ 77.358, 24.34 ], [ 77.372, 24.339 ], [ 77.38, 24.349 ], [ 77.394, 24.348 ], [ 77.4, 24.337 ], [ 77.391, 24.327 ], [ 77.397, 24.316 ], [ 77.388, 24.306 ], [ 77.394, 24.295 ], [ 77.408, 24.294 ], [ 77.413, 24.283 ], [ 77.405, 24.274 ], [ 77.41, 24.263 ], [ 77.424, 24.262 ], [ 77.429, 24.251 ], [ 77.443, 24.25 ], [ 77.449, 24.239 ], [ 77.463, 24.238 ], [ 77.471, 24.247 ], [ 77.485, 24.246 ], [ 77.494, 24.256 ], [ 77.508, 24.255 ], [ 77.513, 24.244 ], [ 77.527, 24.243 ], [ 77.536, 24.252 ], [ 77.55, 24.251 ], [ 77.558, 24.261 ], [ 77.572, 24.26 ], [ 77.581, 24.27 ], [ 77.595, 24.268 ], [ 77.603, 24.278 ], [ 77.598, 24.289 ], [ 77.606, 24.299 ], [ 77.62, 24.298 ], [ 77.629, 24.307 ], [ 77.643, 24.306 ], [ 77.652, 24.316 ], [ 77.666, 24.315 ], [ 77.671, 24.304 ], [ 77.685, 24.303 ], [ 77.693, 24.312 ], [ 77.707, 24.311 ], [ 77.713, 24.3 ], [ 77.727, 24.299 ], [ 77.735, 24.309 ], [ 77.749, 24.308 ], [ 77.755, 24.297 ], [ 77.769, 24.296 ], [ 77.777, 24.305 ], [ 77.791, 24.304 ], [ 77.8, 24.314 ], [ 77.814, 24.313 ], [ 77.819, 24.302 ], [ 77.833, 24.301 ], [ 77.842, 24.31 ], [ 77.856, 24.309 ], [ 77.864, 24.319 ], [ 77.878, 24.318 ], [ 77.884, 24.307 ], [ 77.898, 24.306 ], [ 77.903, 24.295 ], [ 77.895, 24.285 ], [ 77.9, 24.274 ], [ 77.914, 24.273 ], [ 77.919, 24.262 ], [ 77.933, 24.261 ], [ 77.939, 24.25 ], [ 77.93, 24.24 ], [ 77.935, 24.229 ], [ 77.949, 24.228 ], [ 77.958, 24.238 ], [ 77.972, 24.237 ], [ 77.98, 24.246 ], [ 77.994, 24.245 ], [ 78.0, 24.234 ], [ 78.014, 24.233 ], [ 78.022, 24.243 ], [ 78.017, 24.254 ], [ 78.026, 24.263 ], [ 78.02, 24.274 ], [ 78.029, 24.284 ], [ 78.043, 24.283 ], [ 78.048, 24.272 ], [ 78.062, 24.271 ], [ 78.067, 24.26 ], [ 78.081, 24.258 ], [ 78.085, 24.247 ], [ 78.099, 24.245 ], [ 78.103, 24.234 ], [ 78.094, 24.224 ], [ 78.098, 24.212 ], [ 78.111, 24.21 ], [ 78.12, 24.22 ], [ 78.133, 24.219 ], [ 78.137, 24.207 ], [ 78.128, 24.197 ], [ 78.133, 24.186 ], [ 78.124, 24.176 ], [ 78.128, 24.164 ], [ 78.119, 24.154 ], [ 78.106, 24.156 ], [ 78.097, 24.146 ], [ 78.101, 24.134 ], [ 78.114, 24.133 ], [ 78.118, 24.121 ], [ 78.131, 24.119 ], [ 78.135, 24.108 ], [ 78.126, 24.098 ], [ 78.131, 24.086 ], [ 78.122, 24.076 ], [ 78.126, 24.065 ], [ 78.117, 24.055 ], [ 78.104, 24.056 ], [ 78.099, 24.068 ], [ 78.086, 24.07 ], [ 78.077, 24.06 ], [ 78.081, 24.048 ], [ 78.095, 24.046 ], [ 78.099, 24.035 ], [ 78.112, 24.033 ], [ 78.121, 24.043 ], [ 78.134, 24.041 ], [ 78.138, 24.03 ], [ 78.151, 24.028 ], [ 78.156, 24.016 ], [ 78.169, 24.015 ], [ 78.178, 24.025 ], [ 78.191, 24.023 ], [ 78.2, 24.033 ], [ 78.196, 24.044 ], [ 78.205, 24.054 ], [ 78.2, 24.066 ], [ 78.209, 24.076 ], [ 78.223, 24.074 ], [ 78.227, 24.063 ], [ 78.24, 24.061 ], [ 78.244, 24.049 ], [ 78.257, 24.048 ], [ 78.261, 24.036 ], [ 78.275, 24.034 ], [ 78.279, 24.023 ], [ 78.27, 24.013 ], [ 78.274, 24.001 ], [ 78.287, 23.999 ], [ 78.291, 23.988 ], [ 78.282, 23.978 ], [ 78.286, 23.966 ], [ 78.277, 23.956 ], [ 78.264, 23.958 ], [ 78.255, 23.948 ], [ 78.259, 23.936 ], [ 78.273, 23.935 ], [ 78.277, 23.923 ], [ 78.29, 23.921 ], [ 78.294, 23.91 ], [ 78.285, 23.9 ], [ 78.289, 23.888 ], [ 78.28, 23.878 ], [ 78.284, 23.866 ], [ 78.275, 23.856 ], [ 78.279, 23.845 ], [ 78.293, 23.843 ], [ 78.297, 23.831 ], [ 78.288, 23.821 ], [ 78.292, 23.81 ], [ 78.283, 23.8 ], [ 78.27, 23.802 ], [ 78.261, 23.792 ], [ 78.265, 23.78 ], [ 78.256, 23.77 ], [ 78.26, 23.758 ], [ 78.251, 23.748 ], [ 78.255, 23.737 ], [ 78.246, 23.727 ], [ 78.25, 23.715 ], [ 78.264, 23.713 ], [ 78.268, 23.702 ], [ 78.281, 23.7 ], [ 78.285, 23.688 ], [ 78.298, 23.687 ], [ 78.307, 23.697 ], [ 78.32, 23.695 ], [ 78.324, 23.683 ], [ 78.338, 23.681 ], [ 78.342, 23.67 ], [ 78.333, 23.66 ], [ 78.337, 23.648 ], [ 78.35, 23.646 ], [ 78.359, 23.656 ], [ 78.372, 23.655 ], [ 78.376, 23.643 ], [ 78.39, 23.641 ], [ 78.394, 23.629 ], [ 78.407, 23.628 ], [ 78.416, 23.638 ], [ 78.412, 23.649 ], [ 78.399, 23.651 ], [ 78.394, 23.663 ], [ 78.403, 23.673 ], [ 78.417, 23.671 ], [ 78.426, 23.681 ], [ 78.421, 23.693 ], [ 78.408, 23.694 ], [ 78.404, 23.706 ], [ 78.413, 23.716 ], [ 78.409, 23.728 ], [ 78.396, 23.729 ], [ 78.387, 23.719 ], [ 78.391, 23.708 ], [ 78.382, 23.698 ], [ 78.386, 23.686 ], [ 78.377, 23.676 ], [ 78.364, 23.678 ], [ 78.36, 23.69 ], [ 78.369, 23.7 ], [ 78.365, 23.711 ], [ 78.374, 23.721 ], [ 78.369, 23.733 ], [ 78.378, 23.743 ], [ 78.392, 23.741 ], [ 78.401, 23.751 ], [ 78.414, 23.749 ], [ 78.418, 23.738 ], [ 78.431, 23.736 ], [ 78.435, 23.724 ], [ 78.448, 23.722 ], [ 78.453, 23.711 ], [ 78.444, 23.701 ], [ 78.448, 23.689 ], [ 78.461, 23.687 ], [ 78.465, 23.676 ], [ 78.456, 23.666 ], [ 78.46, 23.654 ], [ 78.473, 23.652 ], [ 78.478, 23.64 ], [ 78.491, 23.639 ], [ 78.5, 23.649 ], [ 78.513, 23.647 ], [ 78.517, 23.635 ], [ 78.508, 23.625 ], [ 78.512, 23.614 ], [ 78.503, 23.604 ], [ 78.507, 23.592 ], [ 78.498, 23.582 ], [ 78.502, 23.57 ], [ 78.493, 23.56 ], [ 78.498, 23.549 ], [ 78.511, 23.547 ], [ 78.52, 23.557 ], [ 78.533, 23.555 ], [ 78.542, 23.565 ], [ 78.555, 23.563 ], [ 78.564, 23.573 ], [ 78.577, 23.571 ], [ 78.582, 23.56 ], [ 78.595, 23.558 ], [ 78.599, 23.546 ], [ 78.612, 23.544 ], [ 78.621, 23.554 ], [ 78.634, 23.553 ], [ 78.643, 23.562 ], [ 78.657, 23.561 ], [ 78.666, 23.571 ], [ 78.679, 23.569 ], [ 78.688, 23.579 ], [ 78.701, 23.577 ], [ 78.71, 23.587 ], [ 78.723, 23.585 ], [ 78.727, 23.573 ], [ 78.741, 23.572 ], [ 78.745, 23.56 ], [ 78.736, 23.55 ], [ 78.74, 23.538 ], [ 78.731, 23.528 ], [ 78.718, 23.53 ], [ 78.709, 23.52 ], [ 78.713, 23.508 ], [ 78.704, 23.498 ], [ 78.69, 23.5 ], [ 78.681, 23.49 ], [ 78.668, 23.492 ], [ 78.659, 23.482 ], [ 78.663, 23.47 ], [ 78.677, 23.469 ], [ 78.681, 23.457 ], [ 78.672, 23.447 ], [ 78.658, 23.449 ], [ 78.649, 23.439 ], [ 78.636, 23.441 ], [ 78.632, 23.452 ], [ 78.619, 23.454 ], [ 78.61, 23.444 ], [ 78.614, 23.432 ], [ 78.605, 23.422 ], [ 78.609, 23.411 ], [ 78.622, 23.409 ], [ 78.626, 23.397 ], [ 78.617, 23.387 ], [ 78.622, 23.375 ], [ 78.635, 23.374 ], [ 78.639, 23.362 ], [ 78.63, 23.352 ], [ 78.634, 23.34 ], [ 78.647, 23.338 ], [ 78.656, 23.348 ], [ 78.669, 23.347 ], [ 78.678, 23.357 ], [ 78.692, 23.355 ], [ 78.701, 23.365 ], [ 78.714, 23.363 ], [ 78.718, 23.351 ], [ 78.731, 23.349 ], [ 78.735, 23.338 ], [ 78.749, 23.336 ], [ 78.753, 23.324 ], [ 78.744, 23.314 ], [ 78.748, 23.302 ], [ 78.761, 23.3 ], [ 78.765, 23.289 ], [ 78.756, 23.279 ], [ 78.76, 23.267 ], [ 78.751, 23.257 ], [ 78.755, 23.245 ], [ 78.769, 23.243 ], [ 78.778, 23.253 ], [ 78.791, 23.252 ], [ 78.795, 23.24 ], [ 78.808, 23.238 ], [ 78.817, 23.248 ], [ 78.83, 23.246 ], [ 78.834, 23.234 ], [ 78.848, 23.233 ], [ 78.852, 23.221 ], [ 78.865, 23.219 ], [ 78.874, 23.229 ], [ 78.887, 23.227 ], [ 78.891, 23.215 ], [ 78.905, 23.213 ], [ 78.914, 23.223 ], [ 78.927, 23.222 ], [ 78.936, 23.231 ], [ 78.949, 23.23 ], [ 78.953, 23.218 ], [ 78.967, 23.216 ], [ 78.971, 23.204 ], [ 78.984, 23.202 ], [ 78.993, 23.212 ], [ 79.006, 23.21 ], [ 79.01, 23.199 ], [ 79.024, 23.197 ], [ 79.033, 23.207 ], [ 79.046, 23.205 ], [ 79.05, 23.193 ], [ 79.063, 23.191 ], [ 79.072, 23.201 ], [ 79.086, 23.199 ], [ 79.095, 23.209 ], [ 79.108, 23.207 ], [ 79.112, 23.196 ], [ 79.103, 23.186 ], [ 79.107, 23.174 ], [ 79.12, 23.172 ], [ 79.129, 23.182 ], [ 79.143, 23.18 ], [ 79.147, 23.168 ], [ 79.16, 23.166 ], [ 79.169, 23.176 ], [ 79.165, 23.188 ], [ 79.174, 23.198 ], [ 79.187, 23.196 ], [ 79.196, 23.206 ], [ 79.192, 23.218 ], [ 79.201, 23.228 ], [ 79.215, 23.226 ], [ 79.224, 23.236 ], [ 79.237, 23.234 ], [ 79.246, 23.244 ], [ 79.259, 23.242 ], [ 79.263, 23.231 ], [ 79.277, 23.229 ], [ 79.281, 23.217 ], [ 79.294, 23.215 ], [ 79.303, 23.225 ], [ 79.317, 23.223 ], [ 79.321, 23.211 ], [ 79.312, 23.201 ], [ 79.316, 23.189 ], [ 79.329, 23.188 ], [ 79.333, 23.176 ], [ 79.324, 23.166 ], [ 79.328, 23.154 ], [ 79.341, 23.152 ], [ 79.351, 23.162 ], [ 79.364, 23.16 ], [ 79.373, 23.17 ], [ 79.386, 23.168 ], [ 79.395, 23.178 ], [ 79.409, 23.176 ], [ 79.418, 23.186 ], [ 79.414, 23.198 ], [ 79.423, 23.208 ], [ 79.436, 23.206 ], [ 79.445, 23.216 ], [ 79.458, 23.214 ], [ 79.467, 23.224 ], [ 79.463, 23.236 ], [ 79.472, 23.246 ], [ 79.486, 23.244 ], [ 79.495, 23.254 ], [ 79.491, 23.266 ], [ 79.5, 23.276 ], [ 79.513, 23.274 ], [ 79.517, 23.262 ], [ 79.531, 23.26 ], [ 79.54, 23.27 ], [ 79.553, 23.268 ], [ 79.562, 23.278 ], [ 79.575, 23.276 ], [ 79.585, 23.286 ], [ 79.598, 23.284 ], [ 79.607, 23.294 ], [ 79.603, 23.306 ], [ 79.612, 23.316 ], [ 79.625, 23.314 ], [ 79.635, 23.324 ], [ 79.648, 23.322 ], [ 79.657, 23.332 ], [ 79.67, 23.33 ], [ 79.679, 23.34 ], [ 79.675, 23.352 ], [ 79.684, 23.362 ], [ 79.698, 23.36 ], [ 79.707, 23.37 ], [ 79.703, 23.382 ], [ 79.712, 23.392 ], [ 79.725, 23.39 ], [ 79.734, 23.4 ], [ 79.73, 23.412 ], [ 79.739, 23.422 ], [ 79.735, 23.433 ], [ 79.745, 23.443 ], [ 79.758, 23.442 ], [ 79.767, 23.451 ], [ 79.78, 23.45 ], [ 79.79, 23.459 ], [ 79.803, 23.458 ], [ 79.812, 23.468 ], [ 79.808, 23.479 ], [ 79.817, 23.489 ], [ 79.813, 23.501 ], [ 79.822, 23.511 ], [ 79.835, 23.509 ], [ 79.845, 23.519 ], [ 79.858, 23.517 ], [ 79.867, 23.527 ], [ 79.863, 23.539 ], [ 79.872, 23.549 ], [ 79.886, 23.547 ], [ 79.895, 23.557 ], [ 79.891, 23.569 ], [ 79.9, 23.579 ], [ 79.913, 23.577 ], [ 79.922, 23.587 ], [ 79.918, 23.599 ], [ 79.927, 23.608 ], [ 79.941, 23.607 ], [ 79.95, 23.616 ], [ 79.963, 23.615 ], [ 79.967, 23.603 ], [ 79.981, 23.601 ], [ 79.985, 23.589 ], [ 79.998, 23.587 ], [ 80.002, 23.575 ], [ 80.016, 23.573 ], [ 80.025, 23.583 ], [ 80.038, 23.581 ], [ 80.043, 23.57 ], [ 80.056, 23.568 ], [ 80.065, 23.578 ], [ 80.078, 23.576 ], [ 80.088, 23.586 ], [ 80.101, 23.584 ], [ 80.11, 23.594 ], [ 80.124, 23.592 ], [ 80.128, 23.58 ], [ 80.141, 23.578 ], [ 80.15, 23.588 ], [ 80.164, 23.586 ], [ 80.168, 23.574 ], [ 80.181, 23.572 ], [ 80.191, 23.582 ], [ 80.204, 23.58 ], [ 80.208, 23.568 ], [ 80.221, 23.566 ], [ 80.226, 23.554 ], [ 80.239, 23.553 ], [ 80.243, 23.541 ], [ 80.234, 23.531 ], [ 80.221, 23.533 ], [ 80.211, 23.523 ], [ 80.198, 23.525 ], [ 80.189, 23.515 ], [ 80.193, 23.503 ], [ 80.206, 23.501 ], [ 80.21, 23.489 ], [ 80.224, 23.487 ], [ 80.233, 23.497 ], [ 80.246, 23.495 ], [ 80.251, 23.483 ], [ 80.264, 23.481 ], [ 80.268, 23.47 ], [ 80.259, 23.46 ], [ 80.263, 23.448 ], [ 80.276, 23.446 ], [ 80.28, 23.434 ], [ 80.294, 23.432 ], [ 80.298, 23.42 ], [ 80.311, 23.418 ], [ 80.316, 23.406 ], [ 80.306, 23.396 ], [ 80.31, 23.384 ], [ 80.301, 23.374 ], [ 80.305, 23.363 ], [ 80.296, 23.353 ], [ 80.3, 23.341 ], [ 80.314, 23.339 ], [ 80.318, 23.327 ], [ 80.331, 23.325 ], [ 80.335, 23.313 ], [ 80.349, 23.311 ], [ 80.358, 23.321 ], [ 80.371, 23.319 ], [ 80.381, 23.329 ], [ 80.376, 23.341 ], [ 80.386, 23.351 ], [ 80.399, 23.349 ], [ 80.403, 23.337 ], [ 80.417, 23.335 ], [ 80.426, 23.345 ], [ 80.439, 23.343 ], [ 80.449, 23.353 ], [ 80.462, 23.351 ], [ 80.471, 23.361 ], [ 80.467, 23.373 ], [ 80.476, 23.383 ], [ 80.49, 23.381 ], [ 80.499, 23.391 ], [ 80.512, 23.389 ], [ 80.517, 23.377 ], [ 80.53, 23.375 ], [ 80.539, 23.385 ], [ 80.535, 23.397 ], [ 80.544, 23.407 ], [ 80.54, 23.418 ], [ 80.549, 23.428 ], [ 80.545, 23.44 ], [ 80.555, 23.45 ], [ 80.55, 23.462 ], [ 80.56, 23.472 ], [ 80.556, 23.484 ], [ 80.542, 23.486 ], [ 80.538, 23.498 ], [ 80.547, 23.508 ], [ 80.543, 23.52 ], [ 80.552, 23.53 ], [ 80.548, 23.541 ], [ 80.558, 23.551 ], [ 80.553, 23.563 ], [ 80.563, 23.573 ], [ 80.576, 23.571 ], [ 80.585, 23.581 ], [ 80.599, 23.579 ], [ 80.608, 23.589 ], [ 80.622, 23.587 ], [ 80.631, 23.597 ], [ 80.627, 23.609 ], [ 80.636, 23.619 ], [ 80.649, 23.617 ], [ 80.659, 23.627 ], [ 80.655, 23.639 ], [ 80.664, 23.649 ], [ 80.66, 23.66 ], [ 80.669, 23.67 ], [ 80.665, 23.682 ], [ 80.674, 23.692 ], [ 80.67, 23.704 ], [ 80.679, 23.714 ], [ 80.675, 23.726 ], [ 80.684, 23.736 ], [ 80.698, 23.734 ], [ 80.707, 23.744 ], [ 80.721, 23.742 ], [ 80.725, 23.73 ], [ 80.738, 23.728 ], [ 80.742, 23.716 ], [ 80.756, 23.714 ], [ 80.76, 23.702 ], [ 80.773, 23.7 ], [ 80.778, 23.688 ], [ 80.768, 23.678 ], [ 80.772, 23.667 ], [ 80.786, 23.665 ], [ 80.795, 23.674 ], [ 80.809, 23.672 ], [ 80.818, 23.682 ], [ 80.831, 23.68 ], [ 80.836, 23.669 ], [ 80.849, 23.667 ], [ 80.858, 23.676 ], [ 80.872, 23.674 ], [ 80.881, 23.684 ], [ 80.895, 23.682 ], [ 80.904, 23.692 ], [ 80.9, 23.704 ], [ 80.909, 23.714 ], [ 80.905, 23.726 ], [ 80.891, 23.728 ], [ 80.887, 23.74 ], [ 80.897, 23.75 ], [ 80.892, 23.762 ], [ 80.902, 23.772 ], [ 80.915, 23.77 ], [ 80.925, 23.78 ], [ 80.92, 23.791 ], [ 80.907, 23.793 ], [ 80.903, 23.805 ], [ 80.912, 23.815 ], [ 80.908, 23.827 ], [ 80.894, 23.829 ], [ 80.89, 23.841 ], [ 80.9, 23.851 ], [ 80.895, 23.863 ], [ 80.882, 23.865 ], [ 80.878, 23.877 ], [ 80.864, 23.878 ], [ 80.86, 23.89 ], [ 80.87, 23.9 ], [ 80.865, 23.912 ], [ 80.852, 23.914 ], [ 80.848, 23.926 ], [ 80.857, 23.936 ], [ 80.853, 23.948 ], [ 80.839, 23.95 ], [ 80.835, 23.962 ], [ 80.845, 23.971 ], [ 80.858, 23.969 ], [ 80.862, 23.958 ], [ 80.876, 23.956 ], [ 80.885, 23.966 ], [ 80.881, 23.977 ], [ 80.89, 23.987 ], [ 80.886, 23.999 ], [ 80.895, 24.009 ], [ 80.891, 24.021 ], [ 80.901, 24.031 ], [ 80.914, 24.029 ], [ 80.923, 24.039 ], [ 80.919, 24.051 ], [ 80.929, 24.061 ], [ 80.942, 24.059 ], [ 80.951, 24.068 ], [ 80.965, 24.067 ], [ 80.974, 24.076 ], [ 80.988, 24.074 ], [ 80.997, 24.084 ], [ 81.011, 24.082 ], [ 81.02, 24.092 ], [ 81.033, 24.09 ], [ 81.043, 24.1 ], [ 81.056, 24.098 ], [ 81.066, 24.108 ], [ 81.079, 24.106 ], [ 81.089, 24.116 ], [ 81.102, 24.114 ], [ 81.111, 24.124 ], [ 81.125, 24.122 ], [ 81.134, 24.132 ], [ 81.148, 24.13 ], [ 81.157, 24.14 ], [ 81.171, 24.138 ], [ 81.175, 24.126 ], [ 81.188, 24.124 ], [ 81.192, 24.112 ], [ 81.206, 24.11 ], [ 81.215, 24.12 ], [ 81.211, 24.132 ], [ 81.221, 24.142 ], [ 81.216, 24.154 ], [ 81.226, 24.163 ], [ 81.239, 24.162 ], [ 81.249, 24.171 ], [ 81.262, 24.169 ], [ 81.272, 24.179 ], [ 81.285, 24.177 ], [ 81.295, 24.187 ], [ 81.308, 24.185 ], [ 81.317, 24.195 ], [ 81.331, 24.193 ], [ 81.335, 24.181 ], [ 81.349, 24.179 ], [ 81.358, 24.189 ], [ 81.354, 24.201 ], [ 81.363, 24.211 ], [ 81.377, 24.209 ], [ 81.386, 24.219 ], [ 81.382, 24.231 ], [ 81.392, 24.241 ], [ 81.387, 24.252 ], [ 81.374, 24.254 ], [ 81.37, 24.266 ], [ 81.356, 24.268 ], [ 81.352, 24.28 ], [ 81.338, 24.282 ], [ 81.334, 24.294 ], [ 81.321, 24.296 ], [ 81.317, 24.308 ], [ 81.303, 24.31 ], [ 81.299, 24.322 ], [ 81.308, 24.331 ], [ 81.322, 24.329 ], [ 81.331, 24.339 ], [ 81.345, 24.337 ], [ 81.354, 24.347 ], [ 81.368, 24.345 ], [ 81.377, 24.355 ], [ 81.391, 24.353 ], [ 81.4, 24.363 ], [ 81.396, 24.375 ], [ 81.405, 24.385 ], [ 81.419, 24.383 ], [ 81.428, 24.393 ], [ 81.442, 24.391 ], [ 81.451, 24.401 ], [ 81.465, 24.399 ], [ 81.474, 24.408 ], [ 81.488, 24.406 ], [ 81.497, 24.416 ], [ 81.511, 24.414 ], [ 81.52, 24.424 ], [ 81.534, 24.422 ], [ 81.543, 24.432 ], [ 81.539, 24.444 ], [ 81.548, 24.454 ], [ 81.562, 24.452 ], [ 81.566, 24.44 ], [ 81.58, 24.438 ], [ 81.589, 24.448 ], [ 81.603, 24.446 ], [ 81.612, 24.456 ], [ 81.626, 24.454 ], [ 81.635, 24.464 ], [ 81.649, 24.462 ], [ 81.658, 24.471 ], [ 81.654, 24.483 ], [ 81.663, 24.493 ], [ 81.677, 24.491 ], [ 81.686, 24.501 ], [ 81.7, 24.499 ], [ 81.709, 24.509 ], [ 81.723, 24.507 ], [ 81.733, 24.517 ], [ 81.746, 24.515 ], [ 81.75, 24.503 ], [ 81.764, 24.501 ], [ 81.773, 24.511 ], [ 81.769, 24.523 ], [ 81.779, 24.532 ], [ 81.792, 24.53 ], [ 81.802, 24.54 ], [ 81.815, 24.538 ], [ 81.819, 24.526 ], [ 81.81, 24.517 ], [ 81.814, 24.505 ], [ 81.828, 24.503 ], [ 81.837, 24.513 ], [ 81.851, 24.511 ], [ 81.86, 24.52 ], [ 81.856, 24.532 ], [ 81.866, 24.542 ], [ 81.879, 24.54 ], [ 81.889, 24.55 ], [ 81.902, 24.548 ], [ 81.912, 24.558 ], [ 81.925, 24.556 ], [ 81.935, 24.566 ], [ 81.948, 24.564 ], [ 81.953, 24.552 ], [ 81.966, 24.55 ], [ 81.976, 24.56 ], [ 81.989, 24.558 ], [ 81.999, 24.567 ], [ 82.012, 24.565 ], [ 82.022, 24.575 ], [ 82.036, 24.573 ], [ 82.045, 24.583 ], [ 82.059, 24.581 ], [ 82.068, 24.591 ], [ 82.082, 24.589 ], [ 82.091, 24.599 ], [ 82.105, 24.597 ], [ 82.114, 24.606 ], [ 82.128, 24.604 ], [ 82.132, 24.593 ], [ 82.146, 24.59 ], [ 82.155, 24.6 ], [ 82.169, 24.598 ], [ 82.178, 24.608 ], [ 82.192, 24.606 ], [ 82.202, 24.616 ], [ 82.215, 24.614 ], [ 82.219, 24.602 ], [ 82.233, 24.6 ], [ 82.243, 24.61 ], [ 82.256, 24.608 ], [ 82.26, 24.596 ], [ 82.274, 24.594 ], [ 82.278, 24.582 ], [ 82.292, 24.58 ], [ 82.301, 24.59 ], [ 82.315, 24.588 ], [ 82.319, 24.576 ], [ 82.333, 24.574 ], [ 82.342, 24.584 ], [ 82.356, 24.582 ], [ 82.36, 24.57 ], [ 82.374, 24.568 ], [ 82.378, 24.556 ], [ 82.368, 24.546 ], [ 82.373, 24.534 ], [ 82.363, 24.524 ], [ 82.349, 24.526 ], [ 82.34, 24.516 ], [ 82.344, 24.504 ], [ 82.335, 24.495 ], [ 82.321, 24.497 ], [ 82.317, 24.508 ], [ 82.303, 24.511 ], [ 82.294, 24.501 ], [ 82.28, 24.503 ], [ 82.27, 24.493 ], [ 82.275, 24.481 ], [ 82.265, 24.471 ], [ 82.251, 24.473 ], [ 82.242, 24.463 ], [ 82.246, 24.451 ], [ 82.237, 24.442 ], [ 82.223, 24.444 ], [ 82.213, 24.434 ], [ 82.2, 24.436 ], [ 82.19, 24.426 ], [ 82.194, 24.414 ], [ 82.208, 24.412 ], [ 82.212, 24.4 ], [ 82.203, 24.39 ], [ 82.189, 24.392 ], [ 82.18, 24.382 ], [ 82.166, 24.385 ], [ 82.156, 24.375 ], [ 82.161, 24.363 ], [ 82.151, 24.353 ], [ 82.138, 24.355 ], [ 82.133, 24.367 ], [ 82.12, 24.369 ], [ 82.11, 24.359 ], [ 82.114, 24.347 ], [ 82.105, 24.337 ], [ 82.109, 24.325 ], [ 82.1, 24.316 ], [ 82.086, 24.318 ], [ 82.076, 24.308 ], [ 82.063, 24.31 ], [ 82.053, 24.3 ], [ 82.04, 24.302 ], [ 82.03, 24.292 ], [ 82.034, 24.28 ], [ 82.025, 24.27 ], [ 82.029, 24.258 ], [ 82.02, 24.249 ], [ 82.006, 24.251 ], [ 81.997, 24.241 ], [ 81.983, 24.243 ], [ 81.974, 24.233 ], [ 81.96, 24.235 ], [ 81.95, 24.225 ], [ 81.937, 24.227 ], [ 81.927, 24.217 ], [ 81.914, 24.219 ], [ 81.904, 24.209 ], [ 81.908, 24.198 ], [ 81.899, 24.188 ], [ 81.903, 24.176 ], [ 81.894, 24.166 ], [ 81.898, 24.154 ], [ 81.888, 24.144 ], [ 81.893, 24.132 ], [ 81.883, 24.122 ], [ 81.887, 24.11 ], [ 81.901, 24.108 ], [ 81.905, 24.096 ], [ 81.919, 24.094 ], [ 81.923, 24.082 ], [ 81.936, 24.08 ], [ 81.941, 24.068 ], [ 81.954, 24.066 ], [ 81.958, 24.054 ], [ 81.949, 24.045 ], [ 81.953, 24.033 ], [ 81.967, 24.031 ], [ 81.971, 24.019 ], [ 81.984, 24.017 ], [ 81.994, 24.026 ], [ 82.007, 24.024 ], [ 82.017, 24.034 ], [ 82.03, 24.032 ], [ 82.035, 24.02 ], [ 82.048, 24.018 ], [ 82.052, 24.006 ], [ 82.066, 24.004 ], [ 82.075, 24.014 ], [ 82.089, 24.012 ], [ 82.093, 24.0 ], [ 82.107, 23.998 ], [ 82.111, 23.986 ], [ 82.125, 23.984 ], [ 82.134, 23.994 ], [ 82.148, 23.992 ], [ 82.152, 23.98 ], [ 82.165, 23.978 ], [ 82.175, 23.988 ], [ 82.188, 23.985 ], [ 82.198, 23.995 ], [ 82.212, 23.993 ], [ 82.216, 23.981 ], [ 82.206, 23.971 ], [ 82.21, 23.959 ], [ 82.201, 23.95 ], [ 82.205, 23.938 ], [ 82.219, 23.935 ], [ 82.223, 23.924 ], [ 82.236, 23.921 ], [ 82.241, 23.909 ], [ 82.231, 23.9 ], [ 82.235, 23.888 ], [ 82.226, 23.878 ], [ 82.23, 23.866 ], [ 82.22, 23.856 ], [ 82.225, 23.844 ], [ 82.215, 23.834 ], [ 82.219, 23.822 ], [ 82.233, 23.82 ], [ 82.237, 23.808 ], [ 82.251, 23.806 ], [ 82.26, 23.816 ], [ 82.274, 23.814 ], [ 82.283, 23.823 ], [ 82.297, 23.821 ], [ 82.301, 23.809 ], [ 82.315, 23.807 ], [ 82.324, 23.817 ], [ 82.338, 23.815 ], [ 82.342, 23.803 ], [ 82.355, 23.801 ], [ 82.365, 23.811 ], [ 82.379, 23.809 ], [ 82.383, 23.797 ], [ 82.396, 23.795 ], [ 82.406, 23.804 ], [ 82.419, 23.802 ], [ 82.429, 23.812 ], [ 82.443, 23.81 ], [ 82.452, 23.82 ], [ 82.466, 23.818 ], [ 82.47, 23.806 ], [ 82.483, 23.804 ], [ 82.488, 23.792 ], [ 82.501, 23.79 ], [ 82.505, 23.778 ], [ 82.519, 23.775 ], [ 82.529, 23.785 ], [ 82.542, 23.783 ], [ 82.552, 23.793 ], [ 82.548, 23.805 ], [ 82.557, 23.815 ], [ 82.571, 23.813 ], [ 82.58, 23.823 ], [ 82.594, 23.821 ], [ 82.603, 23.83 ], [ 82.617, 23.828 ], [ 82.627, 23.838 ], [ 82.64, 23.836 ], [ 82.65, 23.846 ], [ 82.646, 23.858 ], [ 82.655, 23.868 ], [ 82.651, 23.88 ], [ 82.661, 23.89 ], [ 82.656, 23.902 ], [ 82.666, 23.912 ], [ 82.68, 23.909 ], [ 82.689, 23.919 ], [ 82.703, 23.917 ], [ 82.712, 23.927 ], [ 82.726, 23.925 ], [ 82.73, 23.913 ], [ 82.744, 23.911 ], [ 82.753, 23.921 ], [ 82.749, 23.933 ], [ 82.759, 23.942 ], [ 82.772, 23.94 ], [ 82.782, 23.95 ], [ 82.796, 23.948 ], [ 82.805, 23.958 ], [ 82.801, 23.97 ], [ 82.811, 23.98 ], [ 82.806, 23.992 ], [ 82.793, 23.994 ], [ 82.789, 24.006 ], [ 82.775, 24.008 ], [ 82.765, 23.998 ], [ 82.752, 24.0 ], [ 82.742, 23.99 ], [ 82.729, 23.993 ], [ 82.719, 23.983 ], [ 82.705, 23.985 ], [ 82.696, 23.975 ], [ 82.7, 23.963 ], [ 82.69, 23.953 ], [ 82.695, 23.941 ], [ 82.685, 23.931 ], [ 82.671, 23.933 ], [ 82.662, 23.924 ], [ 82.648, 23.926 ], [ 82.644, 23.938 ], [ 82.654, 23.948 ], [ 82.649, 23.96 ], [ 82.636, 23.962 ], [ 82.632, 23.974 ], [ 82.641, 23.984 ], [ 82.637, 23.996 ], [ 82.623, 23.998 ], [ 82.619, 24.01 ], [ 82.605, 24.012 ], [ 82.601, 24.024 ], [ 82.611, 24.034 ], [ 82.607, 24.046 ], [ 82.616, 24.055 ], [ 82.63, 24.053 ], [ 82.639, 24.063 ], [ 82.653, 24.061 ], [ 82.663, 24.071 ], [ 82.659, 24.083 ], [ 82.645, 24.085 ], [ 82.641, 24.097 ], [ 82.627, 24.099 ], [ 82.623, 24.111 ], [ 82.609, 24.113 ], [ 82.6, 24.103 ], [ 82.586, 24.105 ], [ 82.576, 24.096 ], [ 82.563, 24.098 ], [ 82.559, 24.11 ], [ 82.545, 24.112 ], [ 82.541, 24.124 ], [ 82.55, 24.134 ], [ 82.546, 24.146 ], [ 82.533, 24.148 ], [ 82.528, 24.16 ], [ 82.538, 24.17 ], [ 82.552, 24.167 ], [ 82.561, 24.177 ], [ 82.557, 24.189 ], [ 82.567, 24.199 ], [ 82.562, 24.211 ], [ 82.572, 24.221 ], [ 82.586, 24.219 ], [ 82.59, 24.207 ], [ 82.603, 24.205 ], [ 82.608, 24.193 ], [ 82.598, 24.183 ], [ 82.602, 24.171 ], [ 82.616, 24.169 ], [ 82.625, 24.179 ], [ 82.639, 24.177 ], [ 82.649, 24.186 ], [ 82.662, 24.184 ], [ 82.672, 24.194 ], [ 82.685, 24.192 ], [ 82.69, 24.18 ], [ 82.703, 24.178 ], [ 82.713, 24.188 ], [ 82.727, 24.186 ], [ 82.736, 24.196 ], [ 82.732, 24.208 ], [ 82.741, 24.217 ], [ 82.737, 24.229 ], [ 82.747, 24.239 ], [ 82.761, 24.237 ], [ 82.77, 24.247 ], [ 82.766, 24.259 ], [ 82.752, 24.261 ], [ 82.748, 24.273 ], [ 82.758, 24.283 ], [ 82.771, 24.281 ], [ 82.781, 24.291 ], [ 82.777, 24.303 ], [ 82.763, 24.305 ], [ 82.759, 24.317 ], [ 82.768, 24.326 ], [ 82.764, 24.338 ], [ 82.774, 24.348 ], [ 82.77, 24.36 ], [ 82.756, 24.362 ], [ 82.752, 24.374 ], [ 82.738, 24.376 ], [ 82.729, 24.367 ], [ 82.715, 24.369 ], [ 82.711, 24.381 ], [ 82.72, 24.39 ], [ 82.716, 24.402 ], [ 82.726, 24.412 ], [ 82.722, 24.424 ], [ 82.731, 24.434 ], [ 82.727, 24.446 ], [ 82.737, 24.456 ], [ 82.732, 24.468 ], [ 82.742, 24.478 ], [ 82.738, 24.49 ], [ 82.747, 24.499 ], [ 82.743, 24.511 ], [ 82.73, 24.513 ], [ 82.725, 24.525 ], [ 82.735, 24.535 ], [ 82.731, 24.547 ], [ 82.74, 24.557 ], [ 82.754, 24.555 ], [ 82.764, 24.565 ], [ 82.777, 24.563 ], [ 82.787, 24.572 ], [ 82.801, 24.57 ], [ 82.81, 24.58 ], [ 82.806, 24.592 ], [ 82.792, 24.594 ], [ 82.783, 24.584 ], [ 82.769, 24.586 ], [ 82.765, 24.598 ], [ 82.774, 24.608 ], [ 82.77, 24.62 ], [ 82.78, 24.63 ], [ 82.776, 24.642 ], [ 82.762, 24.644 ], [ 82.752, 24.634 ], [ 82.739, 24.636 ], [ 82.735, 24.648 ], [ 82.721, 24.65 ], [ 82.711, 24.64 ], [ 82.698, 24.643 ], [ 82.693, 24.654 ], [ 82.703, 24.664 ], [ 82.699, 24.676 ], [ 82.685, 24.678 ], [ 82.681, 24.69 ], [ 82.667, 24.692 ], [ 82.658, 24.682 ], [ 82.644, 24.685 ], [ 82.635, 24.675 ], [ 82.621, 24.677 ], [ 82.611, 24.667 ], [ 82.598, 24.669 ], [ 82.588, 24.659 ], [ 82.574, 24.661 ], [ 82.565, 24.651 ], [ 82.551, 24.654 ], [ 82.542, 24.644 ], [ 82.528, 24.646 ], [ 82.524, 24.658 ], [ 82.533, 24.667 ], [ 82.529, 24.679 ], [ 82.515, 24.681 ], [ 82.506, 24.672 ], [ 82.492, 24.674 ], [ 82.483, 24.664 ], [ 82.469, 24.666 ], [ 82.465, 24.678 ], [ 82.451, 24.68 ], [ 82.447, 24.692 ], [ 82.433, 24.694 ], [ 82.424, 24.684 ], [ 82.41, 24.686 ], [ 82.401, 24.676 ], [ 82.405, 24.664 ], [ 82.418, 24.662 ], [ 82.423, 24.65 ], [ 82.413, 24.641 ], [ 82.417, 24.629 ], [ 82.408, 24.619 ], [ 82.412, 24.607 ], [ 82.402, 24.597 ], [ 82.389, 24.599 ], [ 82.379, 24.589 ], [ 82.365, 24.591 ], [ 82.361, 24.603 ], [ 82.348, 24.605 ], [ 82.344, 24.617 ], [ 82.33, 24.619 ], [ 82.32, 24.609 ], [ 82.307, 24.611 ], [ 82.303, 24.623 ], [ 82.312, 24.633 ], [ 82.308, 24.645 ], [ 82.294, 24.647 ], [ 82.29, 24.659 ], [ 82.3, 24.669 ], [ 82.295, 24.681 ], [ 82.282, 24.683 ], [ 82.272, 24.673 ], [ 82.259, 24.675 ], [ 82.249, 24.665 ], [ 82.235, 24.667 ], [ 82.231, 24.679 ], [ 82.241, 24.689 ], [ 82.237, 24.701 ], [ 82.246, 24.711 ], [ 82.242, 24.723 ], [ 82.251, 24.732 ], [ 82.247, 24.744 ], [ 82.234, 24.746 ], [ 82.23, 24.758 ], [ 82.216, 24.76 ], [ 82.206, 24.75 ], [ 82.211, 24.738 ], [ 82.201, 24.729 ], [ 82.187, 24.731 ], [ 82.183, 24.743 ], [ 82.193, 24.752 ], [ 82.189, 24.764 ], [ 82.198, 24.774 ], [ 82.194, 24.786 ], [ 82.18, 24.788 ], [ 82.176, 24.8 ], [ 82.162, 24.802 ], [ 82.153, 24.792 ], [ 82.139, 24.794 ], [ 82.13, 24.784 ], [ 82.116, 24.786 ], [ 82.112, 24.798 ], [ 82.098, 24.8 ], [ 82.094, 24.812 ], [ 82.081, 24.814 ], [ 82.076, 24.826 ], [ 82.063, 24.828 ], [ 82.053, 24.818 ], [ 82.04, 24.82 ], [ 82.035, 24.832 ], [ 82.022, 24.834 ], [ 82.018, 24.846 ], [ 82.004, 24.848 ], [ 81.994, 24.838 ], [ 81.981, 24.84 ], [ 81.971, 24.83 ], [ 81.958, 24.832 ], [ 81.954, 24.844 ], [ 81.94, 24.846 ], [ 81.936, 24.858 ], [ 81.922, 24.86 ], [ 81.918, 24.872 ], [ 81.904, 24.874 ], [ 81.9, 24.885 ], [ 81.91, 24.895 ], [ 81.905, 24.907 ], [ 81.915, 24.917 ], [ 81.911, 24.929 ], [ 81.92, 24.939 ], [ 81.916, 24.95 ], [ 81.902, 24.952 ], [ 81.898, 24.964 ], [ 81.908, 24.974 ], [ 81.904, 24.986 ], [ 81.89, 24.988 ], [ 81.886, 25.0 ], [ 81.872, 25.002 ], [ 81.868, 25.013 ], [ 81.854, 25.015 ], [ 81.845, 25.006 ], [ 81.831, 25.008 ], [ 81.822, 24.998 ], [ 81.808, 25.0 ], [ 81.804, 25.011 ], [ 81.79, 25.013 ], [ 81.781, 25.004 ], [ 81.767, 25.006 ], [ 81.763, 25.017 ], [ 81.75, 25.019 ], [ 81.745, 25.031 ], [ 81.732, 25.033 ], [ 81.722, 25.023 ], [ 81.709, 25.025 ], [ 81.705, 25.037 ], [ 81.691, 25.039 ], [ 81.687, 25.051 ], [ 81.673, 25.053 ], [ 81.664, 25.043 ], [ 81.65, 25.045 ], [ 81.646, 25.057 ], [ 81.632, 25.059 ], [ 81.623, 25.049 ], [ 81.609, 25.051 ], [ 81.605, 25.063 ], [ 81.614, 25.072 ], [ 81.61, 25.084 ], [ 81.597, 25.086 ], [ 81.593, 25.098 ], [ 81.602, 25.108 ], [ 81.598, 25.119 ], [ 81.607, 25.129 ], [ 81.603, 25.141 ], [ 81.59, 25.143 ], [ 81.585, 25.155 ], [ 81.595, 25.165 ], [ 81.591, 25.176 ], [ 81.577, 25.178 ], [ 81.573, 25.19 ], [ 81.559, 25.192 ], [ 81.55, 25.182 ], [ 81.536, 25.184 ], [ 81.527, 25.174 ], [ 81.531, 25.163 ], [ 81.521, 25.153 ], [ 81.526, 25.141 ], [ 81.516, 25.131 ], [ 81.52, 25.119 ], [ 81.511, 25.109 ], [ 81.515, 25.098 ], [ 81.506, 25.088 ], [ 81.492, 25.09 ], [ 81.483, 25.08 ], [ 81.469, 25.082 ], [ 81.465, 25.094 ], [ 81.451, 25.096 ], [ 81.442, 25.086 ], [ 81.428, 25.088 ], [ 81.424, 25.099 ], [ 81.41, 25.101 ], [ 81.406, 25.113 ], [ 81.393, 25.115 ], [ 81.389, 25.127 ], [ 81.375, 25.129 ], [ 81.371, 25.141 ], [ 81.357, 25.142 ], [ 81.353, 25.154 ], [ 81.339, 25.156 ], [ 81.335, 25.168 ], [ 81.322, 25.17 ], [ 81.312, 25.16 ], [ 81.299, 25.162 ], [ 81.289, 25.152 ], [ 81.276, 25.154 ], [ 81.266, 25.144 ], [ 81.27, 25.132 ], [ 81.261, 25.123 ], [ 81.265, 25.111 ], [ 81.256, 25.101 ], [ 81.26, 25.089 ], [ 81.274, 25.087 ], [ 81.278, 25.076 ], [ 81.268, 25.066 ], [ 81.272, 25.054 ], [ 81.263, 25.044 ], [ 81.267, 25.032 ], [ 81.258, 25.022 ], [ 81.244, 25.024 ], [ 81.235, 25.015 ], [ 81.239, 25.003 ], [ 81.23, 24.993 ], [ 81.234, 24.981 ], [ 81.224, 24.971 ], [ 81.229, 24.96 ], [ 81.219, 24.95 ], [ 81.223, 24.938 ], [ 81.214, 24.928 ], [ 81.2, 24.93 ], [ 81.196, 24.942 ], [ 81.183, 24.944 ], [ 81.173, 24.934 ], [ 81.16, 24.936 ], [ 81.15, 24.926 ], [ 81.154, 24.914 ], [ 81.145, 24.904 ], [ 81.149, 24.893 ], [ 81.14, 24.883 ], [ 81.126, 24.885 ], [ 81.122, 24.896 ], [ 81.109, 24.898 ], [ 81.104, 24.91 ], [ 81.091, 24.912 ], [ 81.087, 24.924 ], [ 81.073, 24.926 ], [ 81.069, 24.937 ], [ 81.055, 24.939 ], [ 81.046, 24.929 ], [ 81.033, 24.931 ], [ 81.023, 24.921 ], [ 81.01, 24.923 ], [ 81.005, 24.935 ], [ 80.992, 24.937 ], [ 80.983, 24.927 ], [ 80.969, 24.929 ], [ 80.965, 24.941 ], [ 80.951, 24.943 ], [ 80.947, 24.954 ], [ 80.934, 24.956 ], [ 80.924, 24.947 ], [ 80.911, 24.948 ], [ 80.901, 24.939 ], [ 80.888, 24.94 ], [ 80.878, 24.931 ], [ 80.865, 24.932 ], [ 80.856, 24.923 ], [ 80.842, 24.924 ], [ 80.833, 24.915 ], [ 80.819, 24.917 ], [ 80.815, 24.928 ], [ 80.824, 24.938 ], [ 80.82, 24.95 ], [ 80.807, 24.952 ], [ 80.803, 24.963 ], [ 80.812, 24.973 ], [ 80.808, 24.985 ], [ 80.817, 24.995 ], [ 80.831, 24.993 ], [ 80.84, 25.003 ], [ 80.836, 25.015 ], [ 80.845, 25.024 ], [ 80.841, 25.036 ], [ 80.85, 25.046 ], [ 80.864, 25.044 ], [ 80.873, 25.054 ], [ 80.869, 25.066 ], [ 80.878, 25.076 ], [ 80.874, 25.087 ], [ 80.884, 25.097 ], [ 80.879, 25.109 ], [ 80.866, 25.111 ], [ 80.857, 25.101 ], [ 80.843, 25.103 ], [ 80.834, 25.093 ], [ 80.82, 25.095 ], [ 80.816, 25.107 ], [ 80.802, 25.108 ], [ 80.793, 25.099 ], [ 80.797, 25.087 ], [ 80.788, 25.077 ], [ 80.792, 25.065 ], [ 80.783, 25.055 ], [ 80.769, 25.057 ], [ 80.76, 25.047 ], [ 80.746, 25.049 ], [ 80.742, 25.061 ], [ 80.729, 25.063 ], [ 80.719, 25.053 ], [ 80.706, 25.055 ], [ 80.696, 25.045 ], [ 80.683, 25.047 ], [ 80.679, 25.059 ], [ 80.688, 25.068 ], [ 80.684, 25.08 ], [ 80.67, 25.082 ], [ 80.661, 25.072 ], [ 80.648, 25.074 ], [ 80.643, 25.086 ], [ 80.63, 25.088 ], [ 80.626, 25.099 ], [ 80.635, 25.109 ], [ 80.631, 25.121 ], [ 80.617, 25.123 ], [ 80.613, 25.134 ], [ 80.6, 25.136 ], [ 80.59, 25.126 ], [ 80.595, 25.115 ], [ 80.585, 25.105 ], [ 80.589, 25.093 ], [ 80.603, 25.091 ], [ 80.607, 25.08 ], [ 80.598, 25.07 ], [ 80.584, 25.072 ], [ 80.58, 25.083 ], [ 80.567, 25.085 ], [ 80.557, 25.075 ], [ 80.544, 25.077 ], [ 80.534, 25.067 ], [ 80.521, 25.069 ], [ 80.517, 25.081 ], [ 80.526, 25.091 ], [ 80.522, 25.102 ], [ 80.508, 25.104 ], [ 80.499, 25.094 ], [ 80.503, 25.083 ], [ 80.494, 25.073 ], [ 80.498, 25.061 ], [ 80.512, 25.059 ], [ 80.516, 25.048 ], [ 80.529, 25.046 ], [ 80.533, 25.034 ], [ 80.547, 25.032 ], [ 80.551, 25.02 ], [ 80.542, 25.011 ], [ 80.528, 25.012 ], [ 80.519, 25.003 ], [ 80.505, 25.004 ], [ 80.496, 24.995 ], [ 80.483, 24.996 ], [ 80.473, 24.987 ], [ 80.46, 24.988 ], [ 80.456, 25.0 ], [ 80.442, 25.002 ], [ 80.438, 25.014 ], [ 80.447, 25.023 ], [ 80.443, 25.035 ], [ 80.453, 25.045 ], [ 80.466, 25.043 ], [ 80.475, 25.053 ], [ 80.471, 25.065 ], [ 80.458, 25.067 ], [ 80.453, 25.078 ], [ 80.44, 25.08 ], [ 80.431, 25.07 ], [ 80.417, 25.072 ], [ 80.408, 25.062 ], [ 80.394, 25.064 ], [ 80.385, 25.054 ], [ 80.389, 25.043 ], [ 80.38, 25.033 ], [ 80.384, 25.021 ], [ 80.375, 25.011 ], [ 80.361, 25.013 ], [ 80.352, 25.003 ], [ 80.339, 25.005 ], [ 80.329, 24.995 ], [ 80.316, 24.997 ], [ 80.312, 25.009 ], [ 80.298, 25.01 ], [ 80.294, 25.022 ], [ 80.281, 25.024 ], [ 80.276, 25.036 ], [ 80.286, 25.045 ], [ 80.299, 25.044 ], [ 80.308, 25.053 ], [ 80.322, 25.052 ], [ 80.331, 25.062 ], [ 80.345, 25.06 ], [ 80.354, 25.07 ], [ 80.35, 25.081 ], [ 80.359, 25.091 ], [ 80.355, 25.103 ], [ 80.364, 25.113 ], [ 80.36, 25.124 ], [ 80.369, 25.134 ], [ 80.365, 25.146 ], [ 80.375, 25.156 ], [ 80.388, 25.154 ], [ 80.397, 25.164 ], [ 80.411, 25.162 ], [ 80.42, 25.172 ], [ 80.416, 25.183 ], [ 80.425, 25.193 ], [ 80.421, 25.205 ], [ 80.408, 25.207 ], [ 80.403, 25.218 ], [ 80.413, 25.228 ], [ 80.409, 25.24 ], [ 80.395, 25.242 ], [ 80.386, 25.232 ], [ 80.372, 25.234 ], [ 80.368, 25.245 ], [ 80.355, 25.247 ], [ 80.35, 25.259 ], [ 80.36, 25.269 ], [ 80.356, 25.28 ], [ 80.342, 25.282 ], [ 80.333, 25.272 ], [ 80.319, 25.274 ], [ 80.315, 25.286 ], [ 80.324, 25.296 ], [ 80.32, 25.307 ], [ 80.33, 25.317 ], [ 80.325, 25.329 ], [ 80.312, 25.331 ], [ 80.308, 25.342 ], [ 80.317, 25.352 ], [ 80.313, 25.364 ], [ 80.322, 25.374 ], [ 80.318, 25.385 ], [ 80.305, 25.387 ], [ 80.3, 25.399 ], [ 80.287, 25.4 ], [ 80.283, 25.412 ], [ 80.269, 25.414 ], [ 80.26, 25.404 ], [ 80.246, 25.406 ], [ 80.237, 25.396 ], [ 80.224, 25.398 ], [ 80.219, 25.409 ], [ 80.206, 25.411 ], [ 80.197, 25.401 ], [ 80.201, 25.39 ], [ 80.192, 25.38 ], [ 80.178, 25.382 ], [ 80.169, 25.372 ], [ 80.173, 25.36 ], [ 80.164, 25.35 ], [ 80.15, 25.352 ], [ 80.141, 25.342 ], [ 80.128, 25.344 ], [ 80.118, 25.334 ], [ 80.105, 25.336 ], [ 80.101, 25.348 ], [ 80.087, 25.349 ], [ 80.078, 25.34 ], [ 80.064, 25.341 ], [ 80.055, 25.331 ], [ 80.042, 25.333 ], [ 80.032, 25.323 ], [ 80.019, 25.325 ], [ 80.01, 25.315 ], [ 80.014, 25.304 ], [ 80.005, 25.294 ], [ 80.009, 25.282 ], [ 80.0, 25.272 ], [ 79.986, 25.274 ], [ 79.977, 25.264 ], [ 79.963, 25.266 ], [ 79.954, 25.256 ], [ 79.941, 25.258 ], [ 79.931, 25.248 ], [ 79.918, 25.25 ], [ 79.909, 25.24 ], [ 79.895, 25.242 ], [ 79.891, 25.253 ], [ 79.878, 25.255 ], [ 79.869, 25.245 ], [ 79.873, 25.234 ], [ 79.863, 25.224 ], [ 79.868, 25.212 ], [ 79.858, 25.202 ], [ 79.863, 25.191 ], [ 79.853, 25.181 ], [ 79.857, 25.169 ], [ 79.871, 25.167 ], [ 79.875, 25.156 ], [ 79.866, 25.146 ], [ 79.87, 25.134 ], [ 79.861, 25.124 ], [ 79.847, 25.126 ], [ 79.838, 25.116 ], [ 79.842, 25.105 ], [ 79.833, 25.095 ], [ 79.82, 25.097 ], [ 79.815, 25.108 ], [ 79.802, 25.11 ], [ 79.798, 25.122 ], [ 79.784, 25.123 ], [ 79.78, 25.135 ], [ 79.767, 25.137 ], [ 79.758, 25.127 ], [ 79.744, 25.129 ], [ 79.74, 25.14 ], [ 79.727, 25.142 ], [ 79.717, 25.132 ], [ 79.704, 25.134 ], [ 79.695, 25.124 ], [ 79.681, 25.126 ], [ 79.672, 25.116 ], [ 79.659, 25.118 ], [ 79.655, 25.129 ], [ 79.641, 25.131 ], [ 79.637, 25.143 ], [ 79.624, 25.145 ], [ 79.614, 25.135 ], [ 79.608, 25.136 ], [ 79.601, 25.136 ], [ 79.596, 25.147 ], [ 79.582, 25.149 ], [ 79.576, 25.16 ], [ 79.562, 25.161 ], [ 79.553, 25.151 ], [ 79.539, 25.153 ], [ 79.531, 25.143 ], [ 79.536, 25.132 ], [ 79.527, 25.122 ], [ 79.532, 25.111 ], [ 79.523, 25.102 ], [ 79.509, 25.103 ], [ 79.5, 25.093 ], [ 79.505, 25.082 ], [ 79.497, 25.073 ], [ 79.482, 25.074 ], [ 79.477, 25.085 ], [ 79.463, 25.086 ], [ 79.458, 25.097 ], [ 79.467, 25.107 ], [ 79.462, 25.118 ], [ 79.448, 25.119 ], [ 79.439, 25.11 ], [ 79.425, 25.111 ], [ 79.416, 25.101 ], [ 79.402, 25.103 ], [ 79.397, 25.114 ], [ 79.406, 25.124 ], [ 79.4, 25.135 ], [ 79.386, 25.136 ], [ 79.381, 25.147 ], [ 79.39, 25.157 ], [ 79.385, 25.168 ], [ 79.394, 25.177 ], [ 79.408, 25.176 ], [ 79.417, 25.186 ], [ 79.411, 25.197 ], [ 79.42, 25.207 ], [ 79.434, 25.205 ], [ 79.443, 25.215 ], [ 79.438, 25.226 ], [ 79.447, 25.236 ], [ 79.442, 25.247 ], [ 79.428, 25.248 ], [ 79.422, 25.259 ], [ 79.408, 25.261 ], [ 79.403, 25.272 ], [ 79.389, 25.273 ], [ 79.384, 25.284 ], [ 79.37, 25.285 ], [ 79.361, 25.276 ], [ 79.347, 25.277 ], [ 79.342, 25.288 ], [ 79.351, 25.298 ], [ 79.345, 25.309 ], [ 79.354, 25.319 ], [ 79.349, 25.33 ], [ 79.335, 25.331 ], [ 79.33, 25.342 ], [ 79.316, 25.344 ], [ 79.307, 25.334 ], [ 79.312, 25.323 ], [ 79.303, 25.313 ], [ 79.308, 25.302 ], [ 79.299, 25.292 ], [ 79.305, 25.281 ], [ 79.296, 25.271 ], [ 79.301, 25.26 ], [ 79.315, 25.259 ], [ 79.324, 25.269 ], [ 79.338, 25.267 ], [ 79.343, 25.256 ], [ 79.334, 25.247 ], [ 79.34, 25.236 ], [ 79.331, 25.226 ], [ 79.317, 25.227 ], [ 79.308, 25.217 ], [ 79.313, 25.206 ], [ 79.327, 25.205 ], [ 79.332, 25.194 ], [ 79.323, 25.184 ], [ 79.329, 25.173 ], [ 79.32, 25.163 ], [ 79.325, 25.152 ], [ 79.316, 25.143 ], [ 79.321, 25.132 ], [ 79.312, 25.122 ], [ 79.298, 25.123 ], [ 79.29, 25.114 ], [ 79.275, 25.115 ], [ 79.27, 25.126 ], [ 79.279, 25.136 ], [ 79.274, 25.147 ], [ 79.26, 25.148 ], [ 79.251, 25.138 ], [ 79.256, 25.127 ], [ 79.247, 25.118 ], [ 79.233, 25.119 ], [ 79.224, 25.109 ], [ 79.21, 25.111 ], [ 79.205, 25.122 ], [ 79.214, 25.131 ], [ 79.209, 25.142 ], [ 79.195, 25.144 ], [ 79.186, 25.134 ], [ 79.191, 25.123 ], [ 79.182, 25.113 ], [ 79.168, 25.115 ], [ 79.159, 25.105 ], [ 79.145, 25.106 ], [ 79.14, 25.117 ], [ 79.126, 25.119 ], [ 79.121, 25.13 ], [ 79.13, 25.139 ], [ 79.124, 25.15 ], [ 79.11, 25.152 ], [ 79.105, 25.163 ], [ 79.114, 25.173 ], [ 79.109, 25.184 ], [ 79.095, 25.185 ], [ 79.086, 25.175 ], [ 79.072, 25.177 ], [ 79.063, 25.167 ], [ 79.068, 25.156 ], [ 79.059, 25.146 ], [ 79.045, 25.147 ], [ 79.04, 25.158 ], [ 79.049, 25.168 ], [ 79.043, 25.179 ], [ 79.029, 25.181 ], [ 79.024, 25.192 ], [ 79.033, 25.201 ], [ 79.047, 25.2 ], [ 79.056, 25.21 ], [ 79.051, 25.221 ], [ 79.037, 25.222 ], [ 79.031, 25.233 ], [ 79.04, 25.243 ], [ 79.035, 25.254 ], [ 79.021, 25.255 ], [ 79.015, 25.266 ], [ 79.001, 25.268 ], [ 78.993, 25.258 ], [ 78.978, 25.259 ], [ 78.97, 25.25 ], [ 78.975, 25.239 ], [ 78.989, 25.237 ], [ 78.994, 25.226 ], [ 79.008, 25.225 ], [ 79.014, 25.214 ], [ 79.005, 25.204 ], [ 78.991, 25.205 ], [ 78.985, 25.216 ], [ 78.971, 25.218 ], [ 78.962, 25.208 ], [ 78.948, 25.209 ], [ 78.94, 25.2 ], [ 78.925, 25.201 ], [ 78.917, 25.191 ], [ 78.922, 25.18 ], [ 78.913, 25.17 ], [ 78.899, 25.172 ], [ 78.89, 25.162 ], [ 78.876, 25.163 ], [ 78.871, 25.174 ], [ 78.88, 25.184 ], [ 78.874, 25.195 ], [ 78.883, 25.205 ], [ 78.878, 25.216 ], [ 78.887, 25.226 ], [ 78.881, 25.237 ], [ 78.89, 25.246 ], [ 78.904, 25.245 ], [ 78.913, 25.255 ], [ 78.908, 25.266 ], [ 78.917, 25.276 ], [ 78.931, 25.274 ], [ 78.936, 25.263 ], [ 78.95, 25.262 ], [ 78.959, 25.272 ], [ 78.973, 25.27 ], [ 78.982, 25.28 ], [ 78.977, 25.291 ], [ 78.963, 25.293 ], [ 78.957, 25.304 ], [ 78.966, 25.313 ], [ 78.961, 25.324 ], [ 78.97, 25.334 ], [ 78.964, 25.345 ], [ 78.95, 25.347 ], [ 78.941, 25.337 ], [ 78.927, 25.338 ], [ 78.918, 25.328 ], [ 78.904, 25.33 ], [ 78.899, 25.341 ], [ 78.885, 25.342 ], [ 78.876, 25.332 ], [ 78.881, 25.321 ], [ 78.873, 25.312 ], [ 78.878, 25.3 ], [ 78.869, 25.291 ], [ 78.874, 25.28 ], [ 78.866, 25.27 ], [ 78.871, 25.259 ], [ 78.862, 25.249 ], [ 78.867, 25.238 ], [ 78.858, 25.228 ], [ 78.844, 25.23 ], [ 78.839, 25.241 ], [ 78.825, 25.242 ], [ 78.82, 25.253 ], [ 78.828, 25.263 ], [ 78.823, 25.274 ], [ 78.809, 25.275 ], [ 78.804, 25.286 ], [ 78.79, 25.288 ], [ 78.784, 25.299 ], [ 78.793, 25.308 ], [ 78.807, 25.307 ], [ 78.816, 25.317 ], [ 78.83, 25.315 ], [ 78.839, 25.325 ], [ 78.834, 25.336 ], [ 78.843, 25.346 ], [ 78.837, 25.357 ], [ 78.846, 25.367 ], [ 78.86, 25.366 ], [ 78.869, 25.375 ], [ 78.883, 25.374 ], [ 78.892, 25.384 ], [ 78.906, 25.383 ], [ 78.915, 25.392 ], [ 78.929, 25.391 ], [ 78.938, 25.401 ], [ 78.952, 25.399 ], [ 78.957, 25.388 ], [ 78.949, 25.379 ], [ 78.934, 25.38 ], [ 78.926, 25.37 ], [ 78.911, 25.371 ] ], [ [ 79.374, 25.106 ], [ 79.36, 25.107 ], [ 79.355, 25.118 ], [ 79.363, 25.128 ], [ 79.378, 25.126 ], [ 79.383, 25.115 ], [ 79.374, 25.106 ] ], [ [ 79.412, 25.081 ], [ 79.417, 25.07 ], [ 79.409, 25.06 ], [ 79.414, 25.049 ], [ 79.405, 25.039 ], [ 79.391, 25.041 ], [ 79.386, 25.052 ], [ 79.372, 25.053 ], [ 79.367, 25.064 ], [ 79.375, 25.074 ], [ 79.37, 25.085 ], [ 79.379, 25.094 ], [ 79.393, 25.093 ], [ 79.398, 25.082 ], [ 79.412, 25.081 ] ] ], [ [ [ 79.468, 25.276 ], [ 79.454, 25.277 ], [ 79.445, 25.268 ], [ 79.451, 25.256 ], [ 79.465, 25.255 ], [ 79.474, 25.265 ], [ 79.468, 25.276 ] ] ], [ [ [ 78.481, 25.284 ], [ 78.466, 25.285 ], [ 78.461, 25.296 ], [ 78.447, 25.298 ], [ 78.438, 25.288 ], [ 78.444, 25.277 ], [ 78.458, 25.276 ], [ 78.463, 25.264 ], [ 78.477, 25.263 ], [ 78.486, 25.273 ], [ 78.481, 25.284 ] ] ] ] } },
{ "type": "Feature", "properties": { "POLYGON.ID": 56.0, "subregion": "India--Madhya Pradesh--West_CL29810", "FILTER": "Madhya Pradesh", "POLYGON": "India--Madhya Pradesh--West_CL29810", "STATE": "Madhya Pradesh", "COUNTY": "spl_region", "OWNER": null }, "geometry": { "type": "MultiPolygon", "coordinates": [ [ [ [ 74.552, 21.707 ], [ 74.556, 21.695 ], [ 74.569, 21.694 ], [ 74.573, 21.682 ], [ 74.585, 21.681 ], [ 74.589, 21.669 ], [ 74.602, 21.667 ], [ 74.606, 21.656 ], [ 74.619, 21.654 ], [ 74.627, 21.664 ], [ 74.64, 21.663 ], [ 74.644, 21.651 ], [ 74.656, 21.65 ], [ 74.665, 21.659 ], [ 74.677, 21.658 ], [ 74.681, 21.646 ], [ 74.694, 21.645 ], [ 74.698, 21.633 ], [ 74.71, 21.632 ], [ 74.715, 21.62 ], [ 74.727, 21.618 ], [ 74.736, 21.628 ], [ 74.748, 21.627 ], [ 74.752, 21.615 ], [ 74.765, 21.614 ], [ 74.773, 21.624 ], [ 74.786, 21.622 ], [ 74.79, 21.61 ], [ 74.802, 21.609 ], [ 74.811, 21.619 ], [ 74.823, 21.617 ], [ 74.832, 21.627 ], [ 74.845, 21.626 ], [ 74.853, 21.635 ], [ 74.866, 21.634 ], [ 74.87, 21.622 ], [ 74.882, 21.621 ], [ 74.891, 21.631 ], [ 74.903, 21.629 ], [ 74.907, 21.617 ], [ 74.92, 21.616 ], [ 74.924, 21.604 ], [ 74.937, 21.603 ], [ 74.945, 21.613 ], [ 74.958, 21.611 ], [ 74.962, 21.599 ], [ 74.974, 21.598 ], [ 74.978, 21.586 ], [ 74.991, 21.585 ], [ 75.0, 21.595 ], [ 75.012, 21.593 ], [ 75.016, 21.581 ], [ 75.029, 21.58 ], [ 75.033, 21.568 ], [ 75.046, 21.566 ], [ 75.05, 21.555 ], [ 75.062, 21.553 ], [ 75.066, 21.542 ], [ 75.079, 21.54 ], [ 75.083, 21.528 ], [ 75.075, 21.518 ], [ 75.079, 21.507 ], [ 75.091, 21.505 ], [ 75.095, 21.493 ], [ 75.108, 21.492 ], [ 75.112, 21.48 ], [ 75.104, 21.47 ], [ 75.108, 21.459 ], [ 75.12, 21.457 ], [ 75.124, 21.445 ], [ 75.137, 21.444 ], [ 75.141, 21.432 ], [ 75.154, 21.43 ], [ 75.162, 21.44 ], [ 75.175, 21.439 ], [ 75.179, 21.427 ], [ 75.191, 21.425 ], [ 75.196, 21.414 ], [ 75.208, 21.412 ], [ 75.217, 21.422 ], [ 75.229, 21.42 ], [ 75.233, 21.409 ], [ 75.246, 21.407 ], [ 75.25, 21.395 ], [ 75.263, 21.394 ], [ 75.271, 21.404 ], [ 75.284, 21.402 ], [ 75.292, 21.412 ], [ 75.305, 21.41 ], [ 75.309, 21.399 ], [ 75.322, 21.397 ], [ 75.33, 21.407 ], [ 75.343, 21.405 ], [ 75.347, 21.394 ], [ 75.36, 21.392 ], [ 75.368, 21.402 ], [ 75.381, 21.4 ], [ 75.385, 21.389 ], [ 75.398, 21.387 ], [ 75.406, 21.397 ], [ 75.419, 21.395 ], [ 75.423, 21.384 ], [ 75.436, 21.382 ], [ 75.444, 21.392 ], [ 75.457, 21.39 ], [ 75.461, 21.379 ], [ 75.473, 21.377 ], [ 75.482, 21.387 ], [ 75.495, 21.385 ], [ 75.503, 21.395 ], [ 75.516, 21.394 ], [ 75.52, 21.382 ], [ 75.533, 21.38 ], [ 75.541, 21.39 ], [ 75.554, 21.388 ], [ 75.558, 21.377 ], [ 75.571, 21.375 ], [ 75.579, 21.385 ], [ 75.592, 21.383 ], [ 75.6, 21.393 ], [ 75.613, 21.392 ], [ 75.617, 21.38 ], [ 75.63, 21.378 ], [ 75.638, 21.388 ], [ 75.651, 21.387 ], [ 75.655, 21.375 ], [ 75.668, 21.373 ], [ 75.676, 21.383 ], [ 75.689, 21.381 ], [ 75.698, 21.391 ], [ 75.71, 21.39 ], [ 75.715, 21.378 ], [ 75.727, 21.376 ], [ 75.736, 21.386 ], [ 75.748, 21.385 ], [ 75.753, 21.373 ], [ 75.765, 21.371 ], [ 75.774, 21.381 ], [ 75.787, 21.38 ], [ 75.795, 21.39 ], [ 75.808, 21.388 ], [ 75.812, 21.376 ], [ 75.825, 21.374 ], [ 75.833, 21.384 ], [ 75.846, 21.383 ], [ 75.855, 21.393 ], [ 75.867, 21.391 ], [ 75.876, 21.401 ], [ 75.889, 21.399 ], [ 75.893, 21.388 ], [ 75.905, 21.386 ], [ 75.914, 21.396 ], [ 75.927, 21.394 ], [ 75.931, 21.382 ], [ 75.944, 21.381 ], [ 75.952, 21.391 ], [ 75.965, 21.389 ], [ 75.974, 21.399 ], [ 75.986, 21.397 ], [ 75.99, 21.385 ], [ 76.003, 21.384 ], [ 76.007, 21.372 ], [ 76.02, 21.37 ], [ 76.024, 21.359 ], [ 76.037, 21.357 ], [ 76.045, 21.367 ], [ 76.058, 21.365 ], [ 76.067, 21.375 ], [ 76.08, 21.373 ], [ 76.088, 21.383 ], [ 76.101, 21.382 ], [ 76.105, 21.37 ], [ 76.118, 21.368 ], [ 76.122, 21.356 ], [ 76.113, 21.346 ], [ 76.117, 21.335 ], [ 76.109, 21.325 ], [ 76.113, 21.313 ], [ 76.126, 21.311 ], [ 76.13, 21.299 ], [ 76.121, 21.289 ], [ 76.125, 21.278 ], [ 76.138, 21.276 ], [ 76.142, 21.264 ], [ 76.155, 21.262 ], [ 76.159, 21.251 ], [ 76.15, 21.241 ], [ 76.154, 21.229 ], [ 76.167, 21.227 ], [ 76.171, 21.215 ], [ 76.163, 21.205 ], [ 76.167, 21.194 ], [ 76.179, 21.192 ], [ 76.183, 21.18 ], [ 76.175, 21.17 ], [ 76.162, 21.172 ], [ 76.153, 21.162 ], [ 76.141, 21.164 ], [ 76.137, 21.175 ], [ 76.124, 21.177 ], [ 76.115, 21.167 ], [ 76.119, 21.155 ], [ 76.111, 21.145 ], [ 76.115, 21.134 ], [ 76.128, 21.132 ], [ 76.132, 21.12 ], [ 76.144, 21.118 ], [ 76.148, 21.107 ], [ 76.161, 21.105 ], [ 76.165, 21.093 ], [ 76.178, 21.091 ], [ 76.182, 21.079 ], [ 76.195, 21.078 ], [ 76.204, 21.088 ], [ 76.216, 21.086 ], [ 76.225, 21.096 ], [ 76.238, 21.094 ], [ 76.242, 21.082 ], [ 76.255, 21.081 ], [ 76.263, 21.091 ], [ 76.276, 21.089 ], [ 76.28, 21.077 ], [ 76.293, 21.075 ], [ 76.297, 21.063 ], [ 76.31, 21.062 ], [ 76.318, 21.072 ], [ 76.331, 21.07 ], [ 76.34, 21.08 ], [ 76.353, 21.078 ], [ 76.357, 21.066 ], [ 76.369, 21.065 ], [ 76.378, 21.075 ], [ 76.391, 21.073 ], [ 76.4, 21.083 ], [ 76.395, 21.095 ], [ 76.404, 21.105 ], [ 76.417, 21.103 ], [ 76.426, 21.113 ], [ 76.438, 21.111 ], [ 76.447, 21.121 ], [ 76.46, 21.119 ], [ 76.468, 21.129 ], [ 76.464, 21.141 ], [ 76.473, 21.151 ], [ 76.469, 21.163 ], [ 76.478, 21.173 ], [ 76.473, 21.185 ], [ 76.482, 21.195 ], [ 76.495, 21.193 ], [ 76.504, 21.203 ], [ 76.516, 21.201 ], [ 76.521, 21.189 ], [ 76.533, 21.187 ], [ 76.542, 21.197 ], [ 76.555, 21.196 ], [ 76.564, 21.206 ], [ 76.576, 21.204 ], [ 76.58, 21.192 ], [ 76.593, 21.19 ], [ 76.602, 21.2 ], [ 76.615, 21.198 ], [ 76.623, 21.208 ], [ 76.636, 21.207 ], [ 76.645, 21.217 ], [ 76.641, 21.228 ], [ 76.65, 21.238 ], [ 76.645, 21.25 ], [ 76.654, 21.26 ], [ 76.65, 21.272 ], [ 76.659, 21.282 ], [ 76.655, 21.294 ], [ 76.642, 21.296 ], [ 76.638, 21.307 ], [ 76.625, 21.309 ], [ 76.621, 21.321 ], [ 76.63, 21.331 ], [ 76.625, 21.343 ], [ 76.634, 21.353 ], [ 76.647, 21.351 ], [ 76.656, 21.361 ], [ 76.668, 21.359 ], [ 76.677, 21.369 ], [ 76.673, 21.381 ], [ 76.682, 21.391 ], [ 76.695, 21.389 ], [ 76.703, 21.399 ], [ 76.716, 21.397 ], [ 76.725, 21.407 ], [ 76.738, 21.406 ], [ 76.746, 21.416 ], [ 76.742, 21.427 ], [ 76.751, 21.437 ], [ 76.747, 21.449 ], [ 76.756, 21.459 ], [ 76.769, 21.457 ], [ 76.777, 21.467 ], [ 76.79, 21.466 ], [ 76.799, 21.476 ], [ 76.795, 21.487 ], [ 76.782, 21.489 ], [ 76.778, 21.501 ], [ 76.765, 21.503 ], [ 76.761, 21.515 ], [ 76.77, 21.525 ], [ 76.765, 21.536 ], [ 76.774, 21.546 ], [ 76.77, 21.558 ], [ 76.779, 21.568 ], [ 76.792, 21.566 ], [ 76.8, 21.576 ], [ 76.796, 21.588 ], [ 76.805, 21.598 ], [ 76.818, 21.596 ], [ 76.822, 21.585 ], [ 76.835, 21.583 ], [ 76.844, 21.593 ], [ 76.839, 21.605 ], [ 76.848, 21.615 ], [ 76.861, 21.613 ], [ 76.865, 21.601 ], [ 76.878, 21.599 ], [ 76.887, 21.609 ], [ 76.9, 21.607 ], [ 76.908, 21.617 ], [ 76.921, 21.616 ], [ 76.93, 21.626 ], [ 76.926, 21.637 ], [ 76.935, 21.647 ], [ 76.948, 21.646 ], [ 76.956, 21.656 ], [ 76.969, 21.654 ], [ 76.978, 21.664 ], [ 76.991, 21.662 ], [ 77.0, 21.672 ], [ 76.995, 21.684 ], [ 77.004, 21.694 ], [ 77.017, 21.692 ], [ 77.026, 21.702 ], [ 77.039, 21.7 ], [ 77.048, 21.71 ], [ 77.06, 21.708 ], [ 77.069, 21.718 ], [ 77.065, 21.73 ], [ 77.074, 21.74 ], [ 77.07, 21.752 ], [ 77.079, 21.762 ], [ 77.091, 21.76 ], [ 77.1, 21.77 ], [ 77.113, 21.768 ], [ 77.122, 21.778 ], [ 77.135, 21.777 ], [ 77.144, 21.787 ], [ 77.157, 21.785 ], [ 77.161, 21.773 ], [ 77.174, 21.771 ], [ 77.182, 21.781 ], [ 77.178, 21.793 ], [ 77.187, 21.803 ], [ 77.183, 21.815 ], [ 77.17, 21.817 ], [ 77.166, 21.828 ], [ 77.175, 21.838 ], [ 77.171, 21.85 ], [ 77.158, 21.852 ], [ 77.153, 21.864 ], [ 77.162, 21.874 ], [ 77.175, 21.872 ], [ 77.179, 21.86 ], [ 77.192, 21.858 ], [ 77.201, 21.868 ], [ 77.197, 21.88 ], [ 77.206, 21.89 ], [ 77.219, 21.888 ], [ 77.227, 21.898 ], [ 77.223, 21.91 ], [ 77.232, 21.92 ], [ 77.245, 21.918 ], [ 77.254, 21.928 ], [ 77.25, 21.94 ], [ 77.259, 21.95 ], [ 77.271, 21.948 ], [ 77.28, 21.958 ], [ 77.293, 21.957 ], [ 77.302, 21.967 ], [ 77.315, 21.965 ], [ 77.324, 21.975 ], [ 77.337, 21.973 ], [ 77.346, 21.983 ], [ 77.359, 21.981 ], [ 77.367, 21.991 ], [ 77.38, 21.989 ], [ 77.389, 21.999 ], [ 77.385, 22.011 ], [ 77.394, 22.021 ], [ 77.407, 22.019 ], [ 77.416, 22.029 ], [ 77.429, 22.027 ], [ 77.433, 22.016 ], [ 77.446, 22.014 ], [ 77.455, 22.024 ], [ 77.45, 22.036 ], [ 77.459, 22.046 ], [ 77.472, 22.044 ], [ 77.476, 22.032 ], [ 77.489, 22.03 ], [ 77.498, 22.04 ], [ 77.494, 22.052 ], [ 77.503, 22.062 ], [ 77.499, 22.074 ], [ 77.486, 22.076 ], [ 77.482, 22.087 ], [ 77.469, 22.089 ], [ 77.465, 22.101 ], [ 77.473, 22.111 ], [ 77.469, 22.123 ], [ 77.478, 22.133 ], [ 77.474, 22.145 ], [ 77.483, 22.155 ], [ 77.479, 22.166 ], [ 77.466, 22.168 ], [ 77.462, 22.18 ], [ 77.449, 22.182 ], [ 77.44, 22.172 ], [ 77.427, 22.173 ], [ 77.423, 22.185 ], [ 77.41, 22.187 ], [ 77.406, 22.199 ], [ 77.393, 22.201 ], [ 77.388, 22.212 ], [ 77.397, 22.222 ], [ 77.393, 22.234 ], [ 77.38, 22.236 ], [ 77.376, 22.248 ], [ 77.363, 22.249 ], [ 77.359, 22.261 ], [ 77.368, 22.271 ], [ 77.364, 22.283 ], [ 77.351, 22.285 ], [ 77.347, 22.296 ], [ 77.355, 22.306 ], [ 77.351, 22.318 ], [ 77.338, 22.32 ], [ 77.334, 22.332 ], [ 77.321, 22.333 ], [ 77.317, 22.345 ], [ 77.326, 22.355 ], [ 77.322, 22.367 ], [ 77.331, 22.377 ], [ 77.327, 22.389 ], [ 77.314, 22.39 ], [ 77.309, 22.402 ], [ 77.297, 22.404 ], [ 77.292, 22.416 ], [ 77.301, 22.426 ], [ 77.297, 22.437 ], [ 77.284, 22.439 ], [ 77.28, 22.451 ], [ 77.289, 22.461 ], [ 77.285, 22.473 ], [ 77.294, 22.483 ], [ 77.289, 22.494 ], [ 77.276, 22.496 ], [ 77.272, 22.508 ], [ 77.259, 22.509 ], [ 77.255, 22.521 ], [ 77.264, 22.531 ], [ 77.26, 22.543 ], [ 77.247, 22.545 ], [ 77.243, 22.556 ], [ 77.23, 22.558 ], [ 77.226, 22.57 ], [ 77.235, 22.58 ], [ 77.247, 22.578 ], [ 77.256, 22.588 ], [ 77.252, 22.6 ], [ 77.261, 22.61 ], [ 77.274, 22.608 ], [ 77.278, 22.596 ], [ 77.291, 22.595 ], [ 77.295, 22.583 ], [ 77.286, 22.573 ], [ 77.291, 22.561 ], [ 77.303, 22.559 ], [ 77.312, 22.569 ], [ 77.325, 22.568 ], [ 77.334, 22.578 ], [ 77.347, 22.576 ], [ 77.356, 22.586 ], [ 77.352, 22.598 ], [ 77.361, 22.607 ], [ 77.374, 22.606 ], [ 77.382, 22.616 ], [ 77.395, 22.614 ], [ 77.404, 22.624 ], [ 77.417, 22.622 ], [ 77.426, 22.632 ], [ 77.439, 22.63 ], [ 77.448, 22.64 ], [ 77.461, 22.639 ], [ 77.47, 22.649 ], [ 77.483, 22.647 ], [ 77.487, 22.635 ], [ 77.5, 22.633 ], [ 77.509, 22.643 ], [ 77.505, 22.655 ], [ 77.514, 22.665 ], [ 77.527, 22.663 ], [ 77.535, 22.673 ], [ 77.548, 22.672 ], [ 77.553, 22.66 ], [ 77.566, 22.658 ], [ 77.574, 22.668 ], [ 77.57, 22.68 ], [ 77.579, 22.69 ], [ 77.592, 22.688 ], [ 77.601, 22.698 ], [ 77.597, 22.71 ], [ 77.606, 22.72 ], [ 77.602, 22.731 ], [ 77.611, 22.741 ], [ 77.624, 22.74 ], [ 77.632, 22.75 ], [ 77.645, 22.748 ], [ 77.65, 22.736 ], [ 77.663, 22.734 ], [ 77.672, 22.744 ], [ 77.685, 22.743 ], [ 77.693, 22.753 ], [ 77.689, 22.764 ], [ 77.698, 22.774 ], [ 77.711, 22.772 ], [ 77.715, 22.761 ], [ 77.728, 22.759 ], [ 77.737, 22.769 ], [ 77.75, 22.767 ], [ 77.759, 22.777 ], [ 77.772, 22.775 ], [ 77.781, 22.785 ], [ 77.777, 22.797 ], [ 77.786, 22.807 ], [ 77.782, 22.819 ], [ 77.791, 22.829 ], [ 77.787, 22.84 ], [ 77.796, 22.85 ], [ 77.809, 22.849 ], [ 77.817, 22.859 ], [ 77.831, 22.857 ], [ 77.839, 22.867 ], [ 77.852, 22.865 ], [ 77.861, 22.875 ], [ 77.874, 22.873 ], [ 77.879, 22.862 ], [ 77.87, 22.852 ], [ 77.874, 22.84 ], [ 77.887, 22.838 ], [ 77.896, 22.848 ], [ 77.909, 22.846 ], [ 77.918, 22.856 ], [ 77.931, 22.854 ], [ 77.935, 22.843 ], [ 77.926, 22.833 ], [ 77.913, 22.835 ], [ 77.904, 22.825 ], [ 77.908, 22.813 ], [ 77.899, 22.803 ], [ 77.903, 22.791 ], [ 77.916, 22.789 ], [ 77.921, 22.778 ], [ 77.934, 22.776 ], [ 77.943, 22.786 ], [ 77.938, 22.798 ], [ 77.947, 22.808 ], [ 77.943, 22.819 ], [ 77.952, 22.829 ], [ 77.965, 22.827 ], [ 77.969, 22.816 ], [ 77.982, 22.814 ], [ 77.991, 22.824 ], [ 78.004, 22.822 ], [ 78.009, 22.81 ], [ 78.022, 22.809 ], [ 78.026, 22.797 ], [ 78.039, 22.795 ], [ 78.048, 22.805 ], [ 78.061, 22.803 ], [ 78.07, 22.813 ], [ 78.083, 22.811 ], [ 78.087, 22.8 ], [ 78.1, 22.798 ], [ 78.104, 22.786 ], [ 78.117, 22.784 ], [ 78.126, 22.794 ], [ 78.122, 22.806 ], [ 78.131, 22.816 ], [ 78.127, 22.828 ], [ 78.136, 22.838 ], [ 78.132, 22.849 ], [ 78.141, 22.859 ], [ 78.154, 22.858 ], [ 78.163, 22.868 ], [ 78.176, 22.866 ], [ 78.185, 22.876 ], [ 78.181, 22.888 ], [ 78.19, 22.897 ], [ 78.203, 22.896 ], [ 78.207, 22.884 ], [ 78.22, 22.882 ], [ 78.224, 22.87 ], [ 78.237, 22.869 ], [ 78.246, 22.879 ], [ 78.259, 22.877 ], [ 78.264, 22.865 ], [ 78.277, 22.863 ], [ 78.286, 22.873 ], [ 78.281, 22.885 ], [ 78.29, 22.895 ], [ 78.304, 22.893 ], [ 78.313, 22.903 ], [ 78.308, 22.915 ], [ 78.317, 22.925 ], [ 78.33, 22.923 ], [ 78.335, 22.911 ], [ 78.348, 22.909 ], [ 78.357, 22.919 ], [ 78.353, 22.931 ], [ 78.362, 22.941 ], [ 78.375, 22.939 ], [ 78.384, 22.949 ], [ 78.397, 22.947 ], [ 78.406, 22.957 ], [ 78.402, 22.969 ], [ 78.411, 22.979 ], [ 78.424, 22.977 ], [ 78.433, 22.987 ], [ 78.446, 22.985 ], [ 78.455, 22.995 ], [ 78.468, 22.994 ], [ 78.477, 23.004 ], [ 78.49, 23.002 ], [ 78.499, 23.012 ], [ 78.512, 23.01 ], [ 78.521, 23.02 ], [ 78.535, 23.018 ], [ 78.539, 23.006 ], [ 78.552, 23.004 ], [ 78.561, 23.014 ], [ 78.574, 23.013 ], [ 78.583, 23.023 ], [ 78.596, 23.021 ], [ 78.605, 23.031 ], [ 78.618, 23.029 ], [ 78.627, 23.039 ], [ 78.641, 23.037 ], [ 78.645, 23.025 ], [ 78.658, 23.023 ], [ 78.667, 23.033 ], [ 78.68, 23.032 ], [ 78.689, 23.042 ], [ 78.702, 23.04 ], [ 78.711, 23.05 ], [ 78.724, 23.048 ], [ 78.733, 23.058 ], [ 78.747, 23.056 ], [ 78.756, 23.066 ], [ 78.752, 23.078 ], [ 78.761, 23.088 ], [ 78.774, 23.086 ], [ 78.783, 23.096 ], [ 78.796, 23.094 ], [ 78.805, 23.104 ], [ 78.801, 23.116 ], [ 78.788, 23.118 ], [ 78.784, 23.129 ], [ 78.793, 23.139 ], [ 78.788, 23.151 ], [ 78.798, 23.161 ], [ 78.793, 23.173 ], [ 78.802, 23.183 ], [ 78.798, 23.195 ], [ 78.807, 23.204 ], [ 78.803, 23.216 ], [ 78.812, 23.226 ], [ 78.808, 23.238 ], [ 78.795, 23.24 ], [ 78.791, 23.252 ], [ 78.778, 23.253 ], [ 78.769, 23.243 ], [ 78.755, 23.245 ], [ 78.751, 23.257 ], [ 78.76, 23.267 ], [ 78.756, 23.279 ], [ 78.765, 23.289 ], [ 78.761, 23.3 ], [ 78.748, 23.302 ], [ 78.744, 23.314 ], [ 78.753, 23.324 ], [ 78.749, 23.336 ], [ 78.735, 23.338 ], [ 78.731, 23.349 ], [ 78.718, 23.351 ], [ 78.714, 23.363 ], [ 78.701, 23.365 ], [ 78.692, 23.355 ], [ 78.678, 23.357 ], [ 78.669, 23.347 ], [ 78.656, 23.348 ], [ 78.647, 23.338 ], [ 78.634, 23.34 ], [ 78.63, 23.352 ], [ 78.639, 23.362 ], [ 78.635, 23.374 ], [ 78.622, 23.375 ], [ 78.617, 23.387 ], [ 78.626, 23.397 ], [ 78.622, 23.409 ], [ 78.609, 23.411 ], [ 78.605, 23.422 ], [ 78.614, 23.432 ], [ 78.61, 23.444 ], [ 78.619, 23.454 ], [ 78.632, 23.452 ], [ 78.636, 23.441 ], [ 78.649, 23.439 ], [ 78.658, 23.449 ], [ 78.672, 23.447 ], [ 78.681, 23.457 ], [ 78.677, 23.469 ], [ 78.663, 23.47 ], [ 78.659, 23.482 ], [ 78.668, 23.492 ], [ 78.681, 23.49 ], [ 78.69, 23.5 ], [ 78.704, 23.498 ], [ 78.713, 23.508 ], [ 78.709, 23.52 ], [ 78.718, 23.53 ], [ 78.731, 23.528 ], [ 78.74, 23.538 ], [ 78.736, 23.55 ], [ 78.745, 23.56 ], [ 78.741, 23.572 ], [ 78.727, 23.573 ], [ 78.723, 23.585 ], [ 78.71, 23.587 ], [ 78.701, 23.577 ], [ 78.688, 23.579 ], [ 78.679, 23.569 ], [ 78.666, 23.571 ], [ 78.657, 23.561 ], [ 78.643, 23.562 ], [ 78.634, 23.553 ], [ 78.621, 23.554 ], [ 78.612, 23.544 ], [ 78.599, 23.546 ], [ 78.595, 23.558 ], [ 78.582, 23.56 ], [ 78.577, 23.571 ], [ 78.564, 23.573 ], [ 78.555, 23.563 ], [ 78.542, 23.565 ], [ 78.533, 23.555 ], [ 78.52, 23.557 ], [ 78.511, 23.547 ], [ 78.498, 23.549 ], [ 78.493, 23.56 ], [ 78.502, 23.57 ], [ 78.498, 23.582 ], [ 78.507, 23.592 ], [ 78.503, 23.604 ], [ 78.512, 23.614 ], [ 78.508, 23.625 ], [ 78.517, 23.635 ], [ 78.513, 23.647 ], [ 78.5, 23.649 ], [ 78.491, 23.639 ], [ 78.478, 23.64 ], [ 78.473, 23.652 ], [ 78.46, 23.654 ], [ 78.456, 23.666 ], [ 78.465, 23.676 ], [ 78.461, 23.687 ], [ 78.448, 23.689 ], [ 78.444, 23.701 ], [ 78.453, 23.711 ], [ 78.448, 23.722 ], [ 78.435, 23.724 ], [ 78.431, 23.736 ], [ 78.418, 23.738 ], [ 78.414, 23.749 ], [ 78.401, 23.751 ], [ 78.392, 23.741 ], [ 78.378, 23.743 ], [ 78.369, 23.733 ], [ 78.374, 23.721 ], [ 78.365, 23.711 ], [ 78.369, 23.7 ], [ 78.36, 23.69 ], [ 78.364, 23.678 ], [ 78.377, 23.676 ], [ 78.386, 23.686 ], [ 78.382, 23.698 ], [ 78.391, 23.708 ], [ 78.387, 23.719 ], [ 78.396, 23.729 ], [ 78.409, 23.728 ], [ 78.413, 23.716 ], [ 78.404, 23.706 ], [ 78.408, 23.694 ], [ 78.421, 23.693 ], [ 78.426, 23.681 ], [ 78.417, 23.671 ], [ 78.403, 23.673 ], [ 78.394, 23.663 ], [ 78.399, 23.651 ], [ 78.412, 23.649 ], [ 78.416, 23.638 ], [ 78.407, 23.628 ], [ 78.394, 23.629 ], [ 78.39, 23.641 ], [ 78.376, 23.643 ], [ 78.372, 23.655 ], [ 78.359, 23.656 ], [ 78.35, 23.646 ], [ 78.337, 23.648 ], [ 78.333, 23.66 ], [ 78.342, 23.67 ], [ 78.338, 23.681 ], [ 78.324, 23.683 ], [ 78.32, 23.695 ], [ 78.307, 23.697 ], [ 78.298, 23.687 ], [ 78.285, 23.688 ], [ 78.281, 23.7 ], [ 78.268, 23.702 ], [ 78.264, 23.713 ], [ 78.25, 23.715 ], [ 78.246, 23.727 ], [ 78.255, 23.737 ], [ 78.251, 23.748 ], [ 78.26, 23.758 ], [ 78.256, 23.77 ], [ 78.265, 23.78 ], [ 78.261, 23.792 ], [ 78.27, 23.802 ], [ 78.283, 23.8 ], [ 78.292, 23.81 ], [ 78.288, 23.821 ], [ 78.297, 23.831 ], [ 78.293, 23.843 ], [ 78.279, 23.845 ], [ 78.275, 23.856 ], [ 78.284, 23.866 ], [ 78.28, 23.878 ], [ 78.289, 23.888 ], [ 78.285, 23.9 ], [ 78.294, 23.91 ], [ 78.29, 23.921 ], [ 78.277, 23.923 ], [ 78.273, 23.935 ], [ 78.259, 23.936 ], [ 78.255, 23.948 ], [ 78.264, 23.958 ], [ 78.277, 23.956 ], [ 78.286, 23.966 ], [ 78.282, 23.978 ], [ 78.291, 23.988 ], [ 78.287, 23.999 ], [ 78.274, 24.001 ], [ 78.27, 24.013 ], [ 78.279, 24.023 ], [ 78.275, 24.034 ], [ 78.261, 24.036 ], [ 78.257, 24.048 ], [ 78.244, 24.049 ], [ 78.24, 24.061 ], [ 78.227, 24.063 ], [ 78.223, 24.074 ], [ 78.209, 24.076 ], [ 78.2, 24.066 ], [ 78.205, 24.054 ], [ 78.196, 24.044 ], [ 78.2, 24.033 ], [ 78.191, 24.023 ], [ 78.178, 24.025 ], [ 78.169, 24.015 ], [ 78.156, 24.016 ], [ 78.151, 24.028 ], [ 78.138, 24.03 ], [ 78.134, 24.041 ], [ 78.121, 24.043 ], [ 78.112, 24.033 ], [ 78.099, 24.035 ], [ 78.095, 24.046 ], [ 78.081, 24.048 ], [ 78.077, 24.06 ], [ 78.086, 24.07 ], [ 78.099, 24.068 ], [ 78.104, 24.056 ], [ 78.117, 24.055 ], [ 78.126, 24.065 ], [ 78.122, 24.076 ], [ 78.131, 24.086 ], [ 78.126, 24.098 ], [ 78.135, 24.108 ], [ 78.131, 24.119 ], [ 78.118, 24.121 ], [ 78.114, 24.133 ], [ 78.101, 24.134 ], [ 78.097, 24.146 ], [ 78.106, 24.156 ], [ 78.119, 24.154 ], [ 78.128, 24.164 ], [ 78.124, 24.176 ], [ 78.133, 24.186 ], [ 78.128, 24.197 ], [ 78.137, 24.207 ], [ 78.133, 24.219 ], [ 78.12, 24.22 ], [ 78.111, 24.21 ], [ 78.098, 24.212 ], [ 78.094, 24.224 ], [ 78.103, 24.234 ], [ 78.099, 24.245 ], [ 78.085, 24.247 ], [ 78.081, 24.258 ], [ 78.067, 24.26 ], [ 78.062, 24.271 ], [ 78.048, 24.272 ], [ 78.043, 24.283 ], [ 78.029, 24.284 ], [ 78.02, 24.274 ], [ 78.026, 24.263 ], [ 78.017, 24.254 ], [ 78.022, 24.243 ], [ 78.014, 24.233 ], [ 78.0, 24.234 ], [ 77.994, 24.245 ], [ 77.98, 24.246 ], [ 77.972, 24.237 ], [ 77.958, 24.238 ], [ 77.949, 24.228 ], [ 77.935, 24.229 ], [ 77.93, 24.24 ], [ 77.939, 24.25 ], [ 77.933, 24.261 ], [ 77.919, 24.262 ], [ 77.914, 24.273 ], [ 77.9, 24.274 ], [ 77.895, 24.285 ], [ 77.903, 24.295 ], [ 77.898, 24.306 ], [ 77.884, 24.307 ], [ 77.878, 24.318 ], [ 77.864, 24.319 ], [ 77.856, 24.309 ], [ 77.842, 24.31 ], [ 77.833, 24.301 ], [ 77.819, 24.302 ], [ 77.814, 24.313 ], [ 77.8, 24.314 ], [ 77.791, 24.304 ], [ 77.777, 24.305 ], [ 77.769, 24.296 ], [ 77.755, 24.297 ], [ 77.749, 24.308 ], [ 77.735, 24.309 ], [ 77.727, 24.299 ], [ 77.713, 24.3 ], [ 77.707, 24.311 ], [ 77.693, 24.312 ], [ 77.685, 24.303 ], [ 77.671, 24.304 ], [ 77.666, 24.315 ], [ 77.652, 24.316 ], [ 77.643, 24.306 ], [ 77.629, 24.307 ], [ 77.62, 24.298 ], [ 77.606, 24.299 ], [ 77.598, 24.289 ], [ 77.603, 24.278 ], [ 77.595, 24.268 ], [ 77.581, 24.27 ], [ 77.572, 24.26 ], [ 77.558, 24.261 ], [ 77.55, 24.251 ], [ 77.536, 24.252 ], [ 77.527, 24.243 ], [ 77.513, 24.244 ], [ 77.508, 24.255 ], [ 77.494, 24.256 ], [ 77.485, 24.246 ], [ 77.471, 24.247 ], [ 77.463, 24.238 ], [ 77.449, 24.239 ], [ 77.443, 24.25 ], [ 77.429, 24.251 ], [ 77.424, 24.262 ], [ 77.41, 24.263 ], [ 77.405, 24.274 ], [ 77.413, 24.283 ], [ 77.408, 24.294 ], [ 77.394, 24.295 ], [ 77.388, 24.306 ], [ 77.397, 24.316 ], [ 77.391, 24.327 ], [ 77.4, 24.337 ], [ 77.394, 24.348 ], [ 77.38, 24.349 ], [ 77.372, 24.339 ], [ 77.358, 24.34 ], [ 77.349, 24.33 ], [ 77.355, 24.319 ], [ 77.346, 24.31 ], [ 77.332, 24.311 ], [ 77.324, 24.301 ], [ 77.329, 24.29 ], [ 77.321, 24.281 ], [ 77.326, 24.27 ], [ 77.318, 24.26 ], [ 77.323, 24.249 ], [ 77.337, 24.248 ], [ 77.343, 24.237 ], [ 77.334, 24.227 ], [ 77.34, 24.216 ], [ 77.331, 24.207 ], [ 77.337, 24.196 ], [ 77.351, 24.195 ], [ 77.356, 24.184 ], [ 77.347, 24.174 ], [ 77.334, 24.175 ], [ 77.325, 24.165 ], [ 77.311, 24.167 ], [ 77.303, 24.157 ], [ 77.308, 24.146 ], [ 77.3, 24.136 ], [ 77.305, 24.125 ], [ 77.297, 24.116 ], [ 77.302, 24.105 ], [ 77.294, 24.095 ], [ 77.299, 24.084 ], [ 77.291, 24.075 ], [ 77.277, 24.076 ], [ 77.268, 24.066 ], [ 77.254, 24.067 ], [ 77.246, 24.057 ], [ 77.251, 24.047 ], [ 77.265, 24.045 ], [ 77.271, 24.035 ], [ 77.285, 24.033 ], [ 77.29, 24.023 ], [ 77.304, 24.021 ], [ 77.31, 24.011 ], [ 77.301, 24.001 ], [ 77.307, 23.99 ], [ 77.298, 23.98 ], [ 77.304, 23.97 ], [ 77.295, 23.96 ], [ 77.301, 23.949 ], [ 77.315, 23.948 ], [ 77.32, 23.937 ], [ 77.312, 23.927 ], [ 77.317, 23.917 ], [ 77.309, 23.907 ], [ 77.314, 23.896 ], [ 77.306, 23.886 ], [ 77.292, 23.887 ], [ 77.283, 23.878 ], [ 77.269, 23.879 ], [ 77.264, 23.89 ], [ 77.25, 23.891 ], [ 77.244, 23.902 ], [ 77.23, 23.903 ], [ 77.222, 23.893 ], [ 77.208, 23.894 ], [ 77.203, 23.905 ], [ 77.189, 23.906 ], [ 77.183, 23.917 ], [ 77.192, 23.927 ], [ 77.186, 23.937 ], [ 77.172, 23.939 ], [ 77.167, 23.949 ], [ 77.175, 23.959 ], [ 77.17, 23.97 ], [ 77.178, 23.98 ], [ 77.173, 23.99 ], [ 77.181, 24.0 ], [ 77.176, 24.011 ], [ 77.184, 24.021 ], [ 77.179, 24.032 ], [ 77.187, 24.041 ], [ 77.182, 24.052 ], [ 77.19, 24.062 ], [ 77.184, 24.073 ], [ 77.171, 24.074 ], [ 77.165, 24.085 ], [ 77.151, 24.086 ], [ 77.146, 24.097 ], [ 77.132, 24.098 ], [ 77.123, 24.088 ], [ 77.109, 24.089 ], [ 77.101, 24.079 ], [ 77.087, 24.081 ], [ 77.078, 24.071 ], [ 77.064, 24.072 ], [ 77.059, 24.083 ], [ 77.045, 24.084 ], [ 77.036, 24.074 ], [ 77.022, 24.075 ], [ 77.014, 24.065 ], [ 77.0, 24.067 ], [ 76.992, 24.057 ], [ 76.978, 24.058 ], [ 76.969, 24.048 ], [ 76.955, 24.049 ], [ 76.95, 24.06 ], [ 76.958, 24.07 ], [ 76.953, 24.081 ], [ 76.939, 24.082 ], [ 76.933, 24.093 ], [ 76.919, 24.094 ], [ 76.914, 24.105 ], [ 76.9, 24.106 ], [ 76.894, 24.117 ], [ 76.88, 24.118 ], [ 76.874, 24.128 ], [ 76.86, 24.13 ], [ 76.855, 24.14 ], [ 76.841, 24.141 ], [ 76.833, 24.132 ], [ 76.819, 24.133 ], [ 76.81, 24.123 ], [ 76.796, 24.124 ], [ 76.791, 24.135 ], [ 76.777, 24.136 ], [ 76.771, 24.147 ], [ 76.779, 24.157 ], [ 76.774, 24.168 ], [ 76.76, 24.169 ], [ 76.751, 24.159 ], [ 76.737, 24.16 ], [ 76.732, 24.171 ], [ 76.718, 24.172 ], [ 76.709, 24.162 ], [ 76.695, 24.163 ], [ 76.69, 24.174 ], [ 76.698, 24.184 ], [ 76.693, 24.195 ], [ 76.679, 24.196 ], [ 76.673, 24.207 ], [ 76.681, 24.216 ], [ 76.676, 24.227 ], [ 76.684, 24.237 ], [ 76.698, 24.236 ], [ 76.707, 24.246 ], [ 76.701, 24.257 ], [ 76.709, 24.266 ], [ 76.704, 24.277 ], [ 76.69, 24.278 ], [ 76.681, 24.268 ], [ 76.667, 24.27 ], [ 76.659, 24.26 ], [ 76.645, 24.261 ], [ 76.637, 24.251 ], [ 76.623, 24.252 ], [ 76.614, 24.242 ], [ 76.6, 24.243 ], [ 76.592, 24.234 ], [ 76.597, 24.223 ], [ 76.589, 24.213 ], [ 76.575, 24.214 ], [ 76.567, 24.204 ], [ 76.572, 24.193 ], [ 76.564, 24.184 ], [ 76.569, 24.173 ], [ 76.561, 24.163 ], [ 76.547, 24.164 ], [ 76.539, 24.154 ], [ 76.525, 24.155 ], [ 76.519, 24.166 ], [ 76.505, 24.167 ], [ 76.499, 24.178 ], [ 76.508, 24.188 ], [ 76.502, 24.199 ], [ 76.488, 24.2 ], [ 76.482, 24.211 ], [ 76.468, 24.212 ], [ 76.463, 24.223 ], [ 76.449, 24.224 ], [ 76.44, 24.214 ], [ 76.426, 24.215 ], [ 76.418, 24.205 ], [ 76.404, 24.206 ], [ 76.398, 24.217 ], [ 76.384, 24.218 ], [ 76.379, 24.229 ], [ 76.365, 24.23 ], [ 76.359, 24.241 ], [ 76.345, 24.242 ], [ 76.339, 24.253 ], [ 76.325, 24.254 ], [ 76.317, 24.244 ], [ 76.303, 24.245 ], [ 76.294, 24.235 ], [ 76.3, 24.224 ], [ 76.292, 24.215 ], [ 76.278, 24.216 ], [ 76.269, 24.206 ], [ 76.255, 24.207 ], [ 76.25, 24.218 ], [ 76.236, 24.219 ], [ 76.227, 24.209 ], [ 76.213, 24.21 ], [ 76.208, 24.221 ], [ 76.216, 24.231 ], [ 76.21, 24.241 ], [ 76.196, 24.242 ], [ 76.19, 24.253 ], [ 76.199, 24.263 ], [ 76.193, 24.274 ], [ 76.201, 24.284 ], [ 76.196, 24.295 ], [ 76.204, 24.304 ], [ 76.198, 24.315 ], [ 76.184, 24.316 ], [ 76.176, 24.307 ], [ 76.162, 24.308 ], [ 76.154, 24.298 ], [ 76.159, 24.287 ], [ 76.151, 24.277 ], [ 76.137, 24.278 ], [ 76.129, 24.268 ], [ 76.134, 24.257 ], [ 76.148, 24.256 ], [ 76.154, 24.246 ], [ 76.146, 24.236 ], [ 76.151, 24.225 ], [ 76.143, 24.215 ], [ 76.129, 24.216 ], [ 76.121, 24.206 ], [ 76.126, 24.195 ], [ 76.118, 24.186 ], [ 76.124, 24.175 ], [ 76.115, 24.165 ], [ 76.121, 24.154 ], [ 76.113, 24.144 ], [ 76.118, 24.134 ], [ 76.132, 24.133 ], [ 76.138, 24.122 ], [ 76.13, 24.112 ], [ 76.136, 24.101 ], [ 76.127, 24.091 ], [ 76.113, 24.092 ], [ 76.105, 24.083 ], [ 76.091, 24.084 ], [ 76.083, 24.074 ], [ 76.069, 24.075 ], [ 76.06, 24.065 ], [ 76.046, 24.066 ], [ 76.038, 24.056 ], [ 76.024, 24.057 ], [ 76.016, 24.047 ], [ 76.021, 24.037 ], [ 76.013, 24.027 ], [ 75.999, 24.028 ], [ 75.991, 24.018 ], [ 75.977, 24.019 ], [ 75.968, 24.009 ], [ 75.974, 23.998 ], [ 75.966, 23.989 ], [ 75.971, 23.978 ], [ 75.985, 23.977 ], [ 75.991, 23.966 ], [ 75.983, 23.956 ], [ 75.989, 23.945 ], [ 75.98, 23.936 ], [ 75.966, 23.937 ], [ 75.958, 23.927 ], [ 75.964, 23.916 ], [ 75.955, 23.906 ], [ 75.941, 23.907 ], [ 75.933, 23.898 ], [ 75.919, 23.899 ], [ 75.911, 23.889 ], [ 75.897, 23.89 ], [ 75.889, 23.88 ], [ 75.875, 23.881 ], [ 75.869, 23.892 ], [ 75.855, 23.893 ], [ 75.847, 23.883 ], [ 75.833, 23.884 ], [ 75.825, 23.874 ], [ 75.811, 23.875 ], [ 75.802, 23.865 ], [ 75.788, 23.866 ], [ 75.78, 23.857 ], [ 75.766, 23.858 ], [ 75.76, 23.868 ], [ 75.769, 23.878 ], [ 75.763, 23.889 ], [ 75.749, 23.89 ], [ 75.743, 23.901 ], [ 75.729, 23.902 ], [ 75.721, 23.892 ], [ 75.707, 23.893 ], [ 75.699, 23.883 ], [ 75.704, 23.872 ], [ 75.718, 23.871 ], [ 75.724, 23.86 ], [ 75.716, 23.851 ], [ 75.722, 23.84 ], [ 75.713, 23.83 ], [ 75.719, 23.819 ], [ 75.711, 23.81 ], [ 75.697, 23.811 ], [ 75.689, 23.801 ], [ 75.694, 23.79 ], [ 75.686, 23.78 ], [ 75.672, 23.781 ], [ 75.666, 23.792 ], [ 75.653, 23.793 ], [ 75.647, 23.804 ], [ 75.633, 23.805 ], [ 75.625, 23.795 ], [ 75.611, 23.796 ], [ 75.602, 23.786 ], [ 75.588, 23.787 ], [ 75.583, 23.798 ], [ 75.591, 23.808 ], [ 75.585, 23.818 ], [ 75.571, 23.819 ], [ 75.565, 23.83 ], [ 75.574, 23.84 ], [ 75.568, 23.851 ], [ 75.554, 23.852 ], [ 75.548, 23.862 ], [ 75.534, 23.863 ], [ 75.528, 23.874 ], [ 75.514, 23.875 ], [ 75.509, 23.886 ], [ 75.495, 23.887 ], [ 75.489, 23.898 ], [ 75.497, 23.907 ], [ 75.491, 23.918 ], [ 75.477, 23.919 ], [ 75.469, 23.909 ], [ 75.455, 23.91 ], [ 75.447, 23.9 ], [ 75.433, 23.901 ], [ 75.425, 23.892 ], [ 75.411, 23.893 ], [ 75.402, 23.883 ], [ 75.388, 23.884 ], [ 75.38, 23.874 ], [ 75.366, 23.875 ], [ 75.358, 23.865 ], [ 75.364, 23.854 ], [ 75.356, 23.844 ], [ 75.361, 23.834 ], [ 75.353, 23.824 ], [ 75.359, 23.813 ], [ 75.351, 23.803 ], [ 75.337, 23.804 ], [ 75.331, 23.815 ], [ 75.339, 23.825 ], [ 75.333, 23.836 ], [ 75.319, 23.837 ], [ 75.314, 23.847 ], [ 75.3, 23.848 ], [ 75.291, 23.838 ], [ 75.278, 23.839 ], [ 75.269, 23.83 ], [ 75.255, 23.83 ], [ 75.25, 23.841 ], [ 75.258, 23.851 ], [ 75.252, 23.862 ], [ 75.238, 23.863 ], [ 75.23, 23.853 ], [ 75.216, 23.854 ], [ 75.208, 23.844 ], [ 75.213, 23.833 ], [ 75.205, 23.823 ], [ 75.191, 23.824 ], [ 75.185, 23.835 ], [ 75.171, 23.836 ], [ 75.163, 23.826 ], [ 75.149, 23.827 ], [ 75.143, 23.838 ], [ 75.129, 23.839 ], [ 75.121, 23.829 ], [ 75.107, 23.83 ], [ 75.099, 23.82 ], [ 75.085, 23.821 ], [ 75.079, 23.832 ], [ 75.065, 23.833 ], [ 75.057, 23.823 ], [ 75.063, 23.812 ], [ 75.055, 23.802 ], [ 75.061, 23.792 ], [ 75.052, 23.782 ], [ 75.038, 23.783 ], [ 75.033, 23.793 ], [ 75.019, 23.794 ], [ 75.013, 23.805 ], [ 74.999, 23.806 ], [ 74.991, 23.796 ], [ 74.977, 23.797 ], [ 74.969, 23.787 ], [ 74.955, 23.788 ], [ 74.946, 23.778 ], [ 74.952, 23.768 ], [ 74.944, 23.758 ], [ 74.93, 23.759 ], [ 74.922, 23.749 ], [ 74.928, 23.738 ], [ 74.92, 23.728 ], [ 74.926, 23.718 ], [ 74.918, 23.708 ], [ 74.923, 23.697 ], [ 74.915, 23.687 ], [ 74.901, 23.688 ], [ 74.893, 23.678 ], [ 74.899, 23.668 ], [ 74.913, 23.667 ], [ 74.919, 23.656 ], [ 74.933, 23.655 ], [ 74.939, 23.644 ], [ 74.931, 23.635 ], [ 74.936, 23.624 ], [ 74.928, 23.614 ], [ 74.914, 23.615 ], [ 74.908, 23.626 ], [ 74.895, 23.627 ], [ 74.886, 23.617 ], [ 74.892, 23.606 ], [ 74.884, 23.596 ], [ 74.87, 23.597 ], [ 74.862, 23.587 ], [ 74.868, 23.577 ], [ 74.86, 23.567 ], [ 74.846, 23.568 ], [ 74.838, 23.558 ], [ 74.844, 23.547 ], [ 74.836, 23.537 ], [ 74.822, 23.538 ], [ 74.816, 23.549 ], [ 74.802, 23.55 ], [ 74.794, 23.54 ], [ 74.78, 23.541 ], [ 74.772, 23.531 ], [ 74.758, 23.532 ], [ 74.75, 23.522 ], [ 74.736, 23.523 ], [ 74.728, 23.513 ], [ 74.734, 23.503 ], [ 74.726, 23.493 ], [ 74.712, 23.494 ], [ 74.706, 23.504 ], [ 74.692, 23.505 ], [ 74.684, 23.495 ], [ 74.69, 23.485 ], [ 74.682, 23.475 ], [ 74.668, 23.476 ], [ 74.66, 23.466 ], [ 74.646, 23.467 ], [ 74.638, 23.457 ], [ 74.624, 23.458 ], [ 74.616, 23.448 ], [ 74.602, 23.449 ], [ 74.594, 23.439 ], [ 74.599, 23.429 ], [ 74.591, 23.419 ], [ 74.578, 23.42 ], [ 74.569, 23.41 ], [ 74.575, 23.399 ], [ 74.567, 23.389 ], [ 74.573, 23.379 ], [ 74.565, 23.369 ], [ 74.551, 23.37 ], [ 74.543, 23.36 ], [ 74.549, 23.349 ], [ 74.541, 23.34 ], [ 74.527, 23.34 ], [ 74.519, 23.331 ], [ 74.525, 23.32 ], [ 74.539, 23.319 ], [ 74.545, 23.308 ], [ 74.537, 23.299 ], [ 74.543, 23.288 ], [ 74.557, 23.287 ], [ 74.565, 23.297 ], [ 74.579, 23.296 ], [ 74.584, 23.285 ], [ 74.598, 23.285 ], [ 74.604, 23.274 ], [ 74.618, 23.273 ], [ 74.624, 23.262 ], [ 74.638, 23.262 ], [ 74.644, 23.251 ], [ 74.658, 23.25 ], [ 74.666, 23.26 ], [ 74.68, 23.259 ], [ 74.688, 23.269 ], [ 74.701, 23.268 ], [ 74.707, 23.257 ], [ 74.699, 23.247 ], [ 74.705, 23.237 ], [ 74.697, 23.227 ], [ 74.703, 23.216 ], [ 74.717, 23.215 ], [ 74.725, 23.225 ], [ 74.739, 23.224 ], [ 74.745, 23.214 ], [ 74.737, 23.204 ], [ 74.723, 23.205 ], [ 74.715, 23.195 ], [ 74.701, 23.196 ], [ 74.693, 23.186 ], [ 74.679, 23.187 ], [ 74.673, 23.198 ], [ 74.659, 23.199 ], [ 74.651, 23.189 ], [ 74.657, 23.178 ], [ 74.649, 23.168 ], [ 74.635, 23.169 ], [ 74.627, 23.16 ], [ 74.613, 23.16 ], [ 74.605, 23.151 ], [ 74.611, 23.14 ], [ 74.603, 23.13 ], [ 74.589, 23.131 ], [ 74.583, 23.142 ], [ 74.569, 23.143 ], [ 74.561, 23.133 ], [ 74.548, 23.134 ], [ 74.54, 23.124 ], [ 74.545, 23.113 ], [ 74.537, 23.104 ], [ 74.524, 23.104 ], [ 74.516, 23.095 ], [ 74.502, 23.096 ], [ 74.494, 23.086 ], [ 74.48, 23.087 ], [ 74.472, 23.077 ], [ 74.458, 23.078 ], [ 74.452, 23.088 ], [ 74.438, 23.089 ], [ 74.432, 23.1 ], [ 74.419, 23.101 ], [ 74.413, 23.111 ], [ 74.399, 23.112 ], [ 74.391, 23.102 ], [ 74.377, 23.103 ], [ 74.369, 23.093 ], [ 74.355, 23.094 ], [ 74.347, 23.084 ], [ 74.353, 23.074 ], [ 74.345, 23.064 ], [ 74.331, 23.065 ], [ 74.323, 23.055 ], [ 74.329, 23.045 ], [ 74.321, 23.035 ], [ 74.327, 23.024 ], [ 74.341, 23.023 ], [ 74.347, 23.013 ], [ 74.339, 23.003 ], [ 74.345, 22.992 ], [ 74.359, 22.992 ], [ 74.364, 22.981 ], [ 74.357, 22.971 ], [ 74.343, 22.972 ], [ 74.335, 22.962 ], [ 74.341, 22.952 ], [ 74.354, 22.951 ], [ 74.36, 22.94 ], [ 74.352, 22.931 ], [ 74.358, 22.92 ], [ 74.372, 22.919 ], [ 74.378, 22.909 ], [ 74.392, 22.908 ], [ 74.398, 22.897 ], [ 74.412, 22.896 ], [ 74.419, 22.906 ], [ 74.414, 22.917 ], [ 74.422, 22.926 ], [ 74.435, 22.926 ], [ 74.441, 22.915 ], [ 74.455, 22.914 ], [ 74.461, 22.904 ], [ 74.453, 22.894 ], [ 74.459, 22.883 ], [ 74.473, 22.882 ], [ 74.479, 22.872 ], [ 74.471, 22.862 ], [ 74.476, 22.851 ], [ 74.468, 22.842 ], [ 74.474, 22.831 ], [ 74.466, 22.821 ], [ 74.453, 22.822 ], [ 74.445, 22.813 ], [ 74.45, 22.802 ], [ 74.443, 22.792 ], [ 74.429, 22.793 ], [ 74.421, 22.783 ], [ 74.427, 22.773 ], [ 74.419, 22.763 ], [ 74.425, 22.753 ], [ 74.417, 22.743 ], [ 74.403, 22.744 ], [ 74.395, 22.734 ], [ 74.401, 22.723 ], [ 74.393, 22.714 ], [ 74.399, 22.703 ], [ 74.391, 22.693 ], [ 74.397, 22.683 ], [ 74.389, 22.673 ], [ 74.395, 22.663 ], [ 74.387, 22.653 ], [ 74.392, 22.642 ], [ 74.385, 22.633 ], [ 74.371, 22.634 ], [ 74.365, 22.644 ], [ 74.351, 22.645 ], [ 74.343, 22.635 ], [ 74.329, 22.636 ], [ 74.322, 22.626 ], [ 74.308, 22.627 ], [ 74.302, 22.638 ], [ 74.288, 22.639 ], [ 74.282, 22.649 ], [ 74.268, 22.65 ], [ 74.261, 22.64 ], [ 74.266, 22.63 ], [ 74.259, 22.62 ], [ 74.245, 22.621 ], [ 74.237, 22.611 ], [ 74.223, 22.612 ], [ 74.215, 22.602 ], [ 74.221, 22.592 ], [ 74.213, 22.582 ], [ 74.219, 22.571 ], [ 74.211, 22.562 ], [ 74.197, 22.563 ], [ 74.19, 22.553 ], [ 74.176, 22.554 ], [ 74.168, 22.544 ], [ 74.154, 22.545 ], [ 74.146, 22.535 ], [ 74.152, 22.525 ], [ 74.144, 22.515 ], [ 74.131, 22.516 ], [ 74.125, 22.526 ], [ 74.111, 22.527 ], [ 74.105, 22.538 ], [ 74.091, 22.538 ], [ 74.085, 22.549 ], [ 74.072, 22.55 ], [ 74.064, 22.54 ], [ 74.05, 22.541 ], [ 74.042, 22.531 ], [ 74.048, 22.521 ], [ 74.04, 22.511 ], [ 74.026, 22.512 ], [ 74.019, 22.502 ], [ 74.024, 22.491 ], [ 74.038, 22.491 ], [ 74.046, 22.5 ], [ 74.06, 22.5 ], [ 74.068, 22.509 ], [ 74.081, 22.508 ], [ 74.087, 22.498 ], [ 74.079, 22.488 ], [ 74.085, 22.478 ], [ 74.099, 22.477 ], [ 74.105, 22.466 ], [ 74.097, 22.457 ], [ 74.103, 22.446 ], [ 74.095, 22.437 ], [ 74.101, 22.426 ], [ 74.115, 22.425 ], [ 74.123, 22.435 ], [ 74.136, 22.434 ], [ 74.144, 22.444 ], [ 74.158, 22.443 ], [ 74.164, 22.432 ], [ 74.178, 22.432 ], [ 74.185, 22.441 ], [ 74.18, 22.452 ], [ 74.187, 22.462 ], [ 74.182, 22.472 ], [ 74.189, 22.482 ], [ 74.203, 22.481 ], [ 74.209, 22.47 ], [ 74.201, 22.461 ], [ 74.207, 22.45 ], [ 74.199, 22.441 ], [ 74.205, 22.43 ], [ 74.219, 22.429 ], [ 74.227, 22.439 ], [ 74.24, 22.438 ], [ 74.246, 22.428 ], [ 74.26, 22.427 ], [ 74.266, 22.416 ], [ 74.28, 22.415 ], [ 74.285, 22.405 ], [ 74.277, 22.395 ], [ 74.264, 22.396 ], [ 74.256, 22.386 ], [ 74.242, 22.387 ], [ 74.234, 22.378 ], [ 74.221, 22.378 ], [ 74.213, 22.369 ], [ 74.219, 22.358 ], [ 74.211, 22.349 ], [ 74.197, 22.349 ], [ 74.189, 22.34 ], [ 74.195, 22.329 ], [ 74.187, 22.32 ], [ 74.173, 22.32 ], [ 74.168, 22.331 ], [ 74.154, 22.332 ], [ 74.146, 22.322 ], [ 74.132, 22.323 ], [ 74.126, 22.333 ], [ 74.134, 22.343 ], [ 74.128, 22.353 ], [ 74.115, 22.354 ], [ 74.109, 22.365 ], [ 74.095, 22.366 ], [ 74.087, 22.356 ], [ 74.073, 22.357 ], [ 74.066, 22.347 ], [ 74.072, 22.336 ], [ 74.064, 22.327 ], [ 74.07, 22.316 ], [ 74.062, 22.307 ], [ 74.068, 22.296 ], [ 74.06, 22.287 ], [ 74.066, 22.276 ], [ 74.058, 22.266 ], [ 74.064, 22.256 ], [ 74.077, 22.255 ], [ 74.083, 22.245 ], [ 74.075, 22.235 ], [ 74.081, 22.225 ], [ 74.095, 22.224 ], [ 74.101, 22.213 ], [ 74.115, 22.212 ], [ 74.12, 22.202 ], [ 74.113, 22.192 ], [ 74.118, 22.182 ], [ 74.111, 22.172 ], [ 74.116, 22.162 ], [ 74.13, 22.161 ], [ 74.136, 22.151 ], [ 74.128, 22.141 ], [ 74.134, 22.13 ], [ 74.126, 22.121 ], [ 74.132, 22.11 ], [ 74.124, 22.101 ], [ 74.13, 22.09 ], [ 74.144, 22.089 ], [ 74.152, 22.099 ], [ 74.165, 22.098 ], [ 74.171, 22.088 ], [ 74.163, 22.078 ], [ 74.169, 22.068 ], [ 74.161, 22.058 ], [ 74.148, 22.059 ], [ 74.14, 22.049 ], [ 74.126, 22.05 ], [ 74.118, 22.041 ], [ 74.124, 22.03 ], [ 74.116, 22.02 ], [ 74.103, 22.021 ], [ 74.095, 22.012 ], [ 74.101, 22.001 ], [ 74.114, 22.0 ], [ 74.12, 21.99 ], [ 74.134, 21.989 ], [ 74.14, 21.979 ], [ 74.132, 21.969 ], [ 74.138, 21.959 ], [ 74.151, 21.958 ], [ 74.157, 21.948 ], [ 74.171, 21.947 ], [ 74.177, 21.936 ], [ 74.19, 21.935 ], [ 74.196, 21.925 ], [ 74.21, 21.924 ], [ 74.218, 21.934 ], [ 74.231, 21.933 ], [ 74.235, 21.926 ], [ 74.236, 21.922 ], [ 74.249, 21.921 ], [ 74.257, 21.931 ], [ 74.27, 21.929 ], [ 74.278, 21.939 ], [ 74.291, 21.938 ], [ 74.299, 21.948 ], [ 74.295, 21.959 ], [ 74.303, 21.969 ], [ 74.316, 21.968 ], [ 74.324, 21.978 ], [ 74.337, 21.976 ], [ 74.345, 21.986 ], [ 74.358, 21.984 ], [ 74.366, 21.994 ], [ 74.379, 21.993 ], [ 74.387, 22.003 ], [ 74.383, 22.014 ], [ 74.391, 22.024 ], [ 74.404, 22.023 ], [ 74.412, 22.033 ], [ 74.425, 22.031 ], [ 74.429, 22.02 ], [ 74.441, 22.018 ], [ 74.446, 22.007 ], [ 74.437, 21.997 ], [ 74.441, 21.985 ], [ 74.433, 21.975 ], [ 74.437, 21.964 ], [ 74.449, 21.962 ], [ 74.458, 21.972 ], [ 74.47, 21.971 ], [ 74.474, 21.959 ], [ 74.487, 21.957 ], [ 74.491, 21.946 ], [ 74.504, 21.944 ], [ 74.508, 21.933 ], [ 74.52, 21.931 ], [ 74.524, 21.92 ], [ 74.516, 21.91 ], [ 74.52, 21.898 ], [ 74.512, 21.888 ], [ 74.516, 21.877 ], [ 74.507, 21.867 ], [ 74.511, 21.855 ], [ 74.503, 21.845 ], [ 74.507, 21.834 ], [ 74.499, 21.824 ], [ 74.503, 21.812 ], [ 74.494, 21.802 ], [ 74.498, 21.791 ], [ 74.511, 21.789 ], [ 74.515, 21.778 ], [ 74.507, 21.768 ], [ 74.511, 21.756 ], [ 74.502, 21.746 ], [ 74.506, 21.735 ], [ 74.519, 21.733 ], [ 74.523, 21.722 ], [ 74.535, 21.72 ], [ 74.54, 21.708 ], [ 74.552, 21.707 ] ] ] ] } }
]
}
