{
"type": "FeatureCollection",
"name": "Maharashtra",
"crs": { "type": "name", "properties": { "name": "urn:ogc:def:crs:OGC:1.3:CRS84" } },
"features": [
{ "type": "Feature", "properties": { "POLYGON.ID": 32.0, "subregion": "India--Maharashtra--Marathwada & Solapur_CL26188", "FILTER": "Maharashtra", "POLYGON": "India--Maharashtra--Marathwada & Solapur_CL26188", "STATE": "Maharashtra", "COUNTY": "Solapur", "OWNER": null }, "geometry": { "type": "MultiPolygon", "coordinates": [ [ [ [ 77.781, 19.004 ], [ 77.768, 19.006 ], [ 77.764, 19.018 ], [ 77.772, 19.028 ], [ 77.768, 19.04 ], [ 77.777, 19.05 ], [ 77.79, 19.048 ], [ 77.799, 19.058 ], [ 77.795, 19.07 ], [ 77.804, 19.08 ], [ 77.799, 19.092 ], [ 77.808, 19.102 ], [ 77.821, 19.1 ], [ 77.825, 19.088 ], [ 77.838, 19.086 ], [ 77.847, 19.096 ], [ 77.843, 19.108 ], [ 77.852, 19.118 ], [ 77.848, 19.13 ], [ 77.835, 19.132 ], [ 77.831, 19.144 ], [ 77.839, 19.154 ], [ 77.852, 19.152 ], [ 77.861, 19.162 ], [ 77.857, 19.175 ], [ 77.866, 19.185 ], [ 77.862, 19.197 ], [ 77.849, 19.199 ], [ 77.845, 19.211 ], [ 77.854, 19.221 ], [ 77.866, 19.219 ], [ 77.875, 19.229 ], [ 77.871, 19.241 ], [ 77.88, 19.251 ], [ 77.893, 19.249 ], [ 77.902, 19.259 ], [ 77.898, 19.271 ], [ 77.885, 19.273 ], [ 77.881, 19.285 ], [ 77.868, 19.287 ], [ 77.864, 19.299 ], [ 77.872, 19.309 ], [ 77.885, 19.307 ], [ 77.894, 19.317 ], [ 77.907, 19.315 ], [ 77.916, 19.325 ], [ 77.929, 19.323 ], [ 77.938, 19.333 ], [ 77.95, 19.331 ], [ 77.959, 19.341 ], [ 77.972, 19.339 ], [ 77.976, 19.327 ], [ 77.989, 19.325 ], [ 77.993, 19.313 ], [ 78.006, 19.311 ], [ 78.01, 19.299 ], [ 78.023, 19.297 ], [ 78.027, 19.285 ], [ 78.04, 19.283 ], [ 78.044, 19.27 ], [ 78.035, 19.26 ], [ 78.04, 19.248 ], [ 78.052, 19.246 ], [ 78.061, 19.256 ], [ 78.074, 19.254 ], [ 78.078, 19.242 ], [ 78.091, 19.24 ], [ 78.1, 19.25 ], [ 78.113, 19.248 ], [ 78.117, 19.236 ], [ 78.13, 19.234 ], [ 78.139, 19.244 ], [ 78.152, 19.242 ], [ 78.156, 19.229 ], [ 78.169, 19.227 ], [ 78.178, 19.237 ], [ 78.174, 19.25 ], [ 78.182, 19.26 ], [ 78.178, 19.272 ], [ 78.187, 19.282 ], [ 78.183, 19.294 ], [ 78.192, 19.304 ], [ 78.188, 19.316 ], [ 78.197, 19.326 ], [ 78.193, 19.338 ], [ 78.18, 19.34 ], [ 78.176, 19.352 ], [ 78.184, 19.362 ], [ 78.18, 19.375 ], [ 78.189, 19.385 ], [ 78.185, 19.397 ], [ 78.194, 19.407 ], [ 78.19, 19.419 ], [ 78.199, 19.429 ], [ 78.212, 19.427 ], [ 78.221, 19.437 ], [ 78.233, 19.435 ], [ 78.242, 19.445 ], [ 78.255, 19.443 ], [ 78.264, 19.453 ], [ 78.277, 19.451 ], [ 78.286, 19.461 ], [ 78.299, 19.459 ], [ 78.308, 19.469 ], [ 78.304, 19.481 ], [ 78.313, 19.491 ], [ 78.309, 19.503 ], [ 78.296, 19.505 ], [ 78.291, 19.517 ], [ 78.3, 19.527 ], [ 78.296, 19.539 ], [ 78.283, 19.541 ], [ 78.279, 19.553 ], [ 78.288, 19.563 ], [ 78.301, 19.561 ], [ 78.31, 19.571 ], [ 78.306, 19.584 ], [ 78.315, 19.594 ], [ 78.311, 19.606 ], [ 78.298, 19.608 ], [ 78.294, 19.62 ], [ 78.302, 19.63 ], [ 78.298, 19.642 ], [ 78.285, 19.644 ], [ 78.281, 19.656 ], [ 78.268, 19.658 ], [ 78.264, 19.67 ], [ 78.273, 19.68 ], [ 78.286, 19.678 ], [ 78.295, 19.688 ], [ 78.308, 19.686 ], [ 78.317, 19.696 ], [ 78.313, 19.708 ], [ 78.322, 19.718 ], [ 78.335, 19.716 ], [ 78.343, 19.726 ], [ 78.339, 19.738 ], [ 78.348, 19.749 ], [ 78.344, 19.761 ], [ 78.353, 19.771 ], [ 78.366, 19.769 ], [ 78.375, 19.779 ], [ 78.371, 19.791 ], [ 78.358, 19.793 ], [ 78.354, 19.805 ], [ 78.341, 19.807 ], [ 78.337, 19.819 ], [ 78.345, 19.829 ], [ 78.341, 19.841 ], [ 78.328, 19.843 ], [ 78.32, 19.833 ], [ 78.307, 19.835 ], [ 78.302, 19.847 ], [ 78.289, 19.849 ], [ 78.285, 19.861 ], [ 78.294, 19.871 ], [ 78.29, 19.884 ], [ 78.299, 19.894 ], [ 78.295, 19.906 ], [ 78.282, 19.908 ], [ 78.273, 19.898 ], [ 78.277, 19.886 ], [ 78.268, 19.876 ], [ 78.255, 19.878 ], [ 78.251, 19.89 ], [ 78.26, 19.9 ], [ 78.256, 19.912 ], [ 78.243, 19.914 ], [ 78.234, 19.904 ], [ 78.221, 19.906 ], [ 78.212, 19.896 ], [ 78.199, 19.898 ], [ 78.19, 19.888 ], [ 78.177, 19.89 ], [ 78.173, 19.902 ], [ 78.16, 19.904 ], [ 78.156, 19.916 ], [ 78.143, 19.918 ], [ 78.135, 19.908 ], [ 78.139, 19.896 ], [ 78.13, 19.886 ], [ 78.117, 19.888 ], [ 78.113, 19.9 ], [ 78.1, 19.902 ], [ 78.091, 19.892 ], [ 78.078, 19.894 ], [ 78.074, 19.906 ], [ 78.061, 19.908 ], [ 78.057, 19.92 ], [ 78.044, 19.922 ], [ 78.035, 19.912 ], [ 78.022, 19.914 ], [ 78.013, 19.904 ], [ 78.0, 19.906 ], [ 77.996, 19.918 ], [ 77.983, 19.92 ], [ 77.974, 19.91 ], [ 77.961, 19.912 ], [ 77.953, 19.902 ], [ 77.94, 19.904 ], [ 77.931, 19.894 ], [ 77.918, 19.896 ], [ 77.909, 19.886 ], [ 77.896, 19.888 ], [ 77.887, 19.878 ], [ 77.891, 19.866 ], [ 77.883, 19.856 ], [ 77.887, 19.844 ], [ 77.878, 19.834 ], [ 77.865, 19.836 ], [ 77.856, 19.826 ], [ 77.86, 19.814 ], [ 77.851, 19.804 ], [ 77.855, 19.792 ], [ 77.847, 19.782 ], [ 77.851, 19.77 ], [ 77.864, 19.768 ], [ 77.868, 19.756 ], [ 77.859, 19.746 ], [ 77.863, 19.734 ], [ 77.876, 19.732 ], [ 77.885, 19.742 ], [ 77.898, 19.74 ], [ 77.902, 19.728 ], [ 77.915, 19.726 ], [ 77.923, 19.736 ], [ 77.936, 19.734 ], [ 77.941, 19.722 ], [ 77.953, 19.72 ], [ 77.958, 19.707 ], [ 77.97, 19.705 ], [ 77.975, 19.693 ], [ 77.987, 19.691 ], [ 77.992, 19.679 ], [ 78.005, 19.677 ], [ 78.013, 19.687 ], [ 78.026, 19.685 ], [ 78.035, 19.695 ], [ 78.048, 19.693 ], [ 78.052, 19.681 ], [ 78.065, 19.679 ], [ 78.069, 19.667 ], [ 78.06, 19.657 ], [ 78.064, 19.645 ], [ 78.077, 19.643 ], [ 78.081, 19.631 ], [ 78.094, 19.629 ], [ 78.103, 19.639 ], [ 78.099, 19.651 ], [ 78.108, 19.661 ], [ 78.121, 19.659 ], [ 78.13, 19.669 ], [ 78.143, 19.667 ], [ 78.147, 19.655 ], [ 78.16, 19.653 ], [ 78.169, 19.663 ], [ 78.182, 19.661 ], [ 78.186, 19.648 ], [ 78.177, 19.638 ], [ 78.181, 19.626 ], [ 78.194, 19.624 ], [ 78.198, 19.612 ], [ 78.189, 19.602 ], [ 78.193, 19.59 ], [ 78.184, 19.58 ], [ 78.188, 19.568 ], [ 78.18, 19.558 ], [ 78.167, 19.56 ], [ 78.158, 19.55 ], [ 78.145, 19.552 ], [ 78.136, 19.542 ], [ 78.14, 19.53 ], [ 78.131, 19.52 ], [ 78.135, 19.508 ], [ 78.127, 19.498 ], [ 78.114, 19.5 ], [ 78.105, 19.49 ], [ 78.092, 19.492 ], [ 78.083, 19.482 ], [ 78.087, 19.47 ], [ 78.078, 19.46 ], [ 78.065, 19.462 ], [ 78.061, 19.474 ], [ 78.048, 19.476 ], [ 78.044, 19.488 ], [ 78.031, 19.49 ], [ 78.022, 19.48 ], [ 78.026, 19.468 ], [ 78.018, 19.458 ], [ 78.005, 19.46 ], [ 77.996, 19.45 ], [ 77.983, 19.452 ], [ 77.979, 19.464 ], [ 77.988, 19.474 ], [ 77.984, 19.486 ], [ 77.971, 19.488 ], [ 77.967, 19.5 ], [ 77.954, 19.502 ], [ 77.945, 19.492 ], [ 77.932, 19.494 ], [ 77.928, 19.506 ], [ 77.915, 19.509 ], [ 77.911, 19.521 ], [ 77.898, 19.523 ], [ 77.889, 19.513 ], [ 77.876, 19.515 ], [ 77.872, 19.527 ], [ 77.859, 19.529 ], [ 77.85, 19.519 ], [ 77.854, 19.507 ], [ 77.846, 19.497 ], [ 77.85, 19.485 ], [ 77.841, 19.475 ], [ 77.845, 19.462 ], [ 77.836, 19.452 ], [ 77.84, 19.44 ], [ 77.831, 19.43 ], [ 77.819, 19.432 ], [ 77.815, 19.444 ], [ 77.823, 19.454 ], [ 77.819, 19.467 ], [ 77.806, 19.469 ], [ 77.798, 19.459 ], [ 77.802, 19.446 ], [ 77.793, 19.436 ], [ 77.78, 19.438 ], [ 77.771, 19.428 ], [ 77.758, 19.43 ], [ 77.754, 19.443 ], [ 77.741, 19.445 ], [ 77.732, 19.435 ], [ 77.72, 19.437 ], [ 77.711, 19.427 ], [ 77.698, 19.429 ], [ 77.694, 19.441 ], [ 77.703, 19.451 ], [ 77.698, 19.463 ], [ 77.707, 19.473 ], [ 77.72, 19.471 ], [ 77.729, 19.481 ], [ 77.725, 19.493 ], [ 77.734, 19.503 ], [ 77.747, 19.501 ], [ 77.755, 19.511 ], [ 77.751, 19.523 ], [ 77.738, 19.525 ], [ 77.734, 19.537 ], [ 77.721, 19.539 ], [ 77.713, 19.529 ], [ 77.7, 19.531 ], [ 77.696, 19.543 ], [ 77.683, 19.545 ], [ 77.674, 19.535 ], [ 77.661, 19.537 ], [ 77.657, 19.549 ], [ 77.644, 19.551 ], [ 77.64, 19.563 ], [ 77.649, 19.573 ], [ 77.645, 19.585 ], [ 77.632, 19.587 ], [ 77.628, 19.599 ], [ 77.637, 19.609 ], [ 77.632, 19.622 ], [ 77.62, 19.624 ], [ 77.615, 19.636 ], [ 77.603, 19.638 ], [ 77.598, 19.65 ], [ 77.586, 19.652 ], [ 77.577, 19.642 ], [ 77.564, 19.644 ], [ 77.56, 19.656 ], [ 77.547, 19.658 ], [ 77.543, 19.67 ], [ 77.53, 19.672 ], [ 77.521, 19.662 ], [ 77.508, 19.664 ], [ 77.504, 19.676 ], [ 77.491, 19.678 ], [ 77.487, 19.69 ], [ 77.474, 19.692 ], [ 77.466, 19.682 ], [ 77.453, 19.684 ], [ 77.449, 19.696 ], [ 77.458, 19.706 ], [ 77.453, 19.718 ], [ 77.441, 19.72 ], [ 77.436, 19.732 ], [ 77.424, 19.734 ], [ 77.42, 19.746 ], [ 77.407, 19.748 ], [ 77.398, 19.738 ], [ 77.385, 19.74 ], [ 77.381, 19.752 ], [ 77.39, 19.762 ], [ 77.403, 19.76 ], [ 77.411, 19.77 ], [ 77.407, 19.782 ], [ 77.394, 19.784 ], [ 77.39, 19.796 ], [ 77.377, 19.798 ], [ 77.373, 19.81 ], [ 77.382, 19.82 ], [ 77.378, 19.832 ], [ 77.365, 19.834 ], [ 77.356, 19.824 ], [ 77.344, 19.826 ], [ 77.339, 19.838 ], [ 77.348, 19.848 ], [ 77.344, 19.86 ], [ 77.353, 19.87 ], [ 77.349, 19.882 ], [ 77.336, 19.884 ], [ 77.327, 19.874 ], [ 77.314, 19.876 ], [ 77.31, 19.888 ], [ 77.319, 19.898 ], [ 77.315, 19.91 ], [ 77.302, 19.912 ], [ 77.293, 19.902 ], [ 77.28, 19.904 ], [ 77.276, 19.916 ], [ 77.263, 19.918 ], [ 77.255, 19.908 ], [ 77.259, 19.896 ], [ 77.25, 19.886 ], [ 77.237, 19.888 ], [ 77.233, 19.9 ], [ 77.242, 19.91 ], [ 77.238, 19.922 ], [ 77.247, 19.932 ], [ 77.242, 19.944 ], [ 77.23, 19.945 ], [ 77.221, 19.935 ], [ 77.208, 19.937 ], [ 77.204, 19.949 ], [ 77.213, 19.959 ], [ 77.209, 19.971 ], [ 77.217, 19.981 ], [ 77.213, 19.993 ], [ 77.2, 19.995 ], [ 77.192, 19.985 ], [ 77.179, 19.987 ], [ 77.17, 19.977 ], [ 77.174, 19.965 ], [ 77.165, 19.955 ], [ 77.153, 19.957 ], [ 77.144, 19.947 ], [ 77.131, 19.949 ], [ 77.122, 19.939 ], [ 77.109, 19.941 ], [ 77.101, 19.931 ], [ 77.088, 19.933 ], [ 77.084, 19.945 ], [ 77.093, 19.955 ], [ 77.088, 19.967 ], [ 77.076, 19.969 ], [ 77.072, 19.981 ], [ 77.059, 19.983 ], [ 77.055, 19.995 ], [ 77.042, 19.997 ], [ 77.038, 20.009 ], [ 77.025, 20.011 ], [ 77.016, 20.001 ], [ 77.003, 20.002 ], [ 76.999, 20.014 ], [ 76.986, 20.016 ], [ 76.978, 20.006 ], [ 76.982, 19.994 ], [ 76.973, 19.984 ], [ 76.96, 19.986 ], [ 76.952, 19.976 ], [ 76.939, 19.978 ], [ 76.93, 19.968 ], [ 76.917, 19.97 ], [ 76.909, 19.96 ], [ 76.896, 19.962 ], [ 76.887, 19.952 ], [ 76.874, 19.954 ], [ 76.87, 19.966 ], [ 76.857, 19.968 ], [ 76.849, 19.958 ], [ 76.836, 19.96 ], [ 76.827, 19.95 ], [ 76.831, 19.938 ], [ 76.823, 19.928 ], [ 76.81, 19.93 ], [ 76.801, 19.92 ], [ 76.788, 19.922 ], [ 76.784, 19.933 ], [ 76.772, 19.935 ], [ 76.763, 19.925 ], [ 76.767, 19.913 ], [ 76.758, 19.903 ], [ 76.746, 19.905 ], [ 76.737, 19.895 ], [ 76.741, 19.883 ], [ 76.732, 19.873 ], [ 76.719, 19.875 ], [ 76.711, 19.865 ], [ 76.698, 19.867 ], [ 76.689, 19.857 ], [ 76.677, 19.859 ], [ 76.668, 19.849 ], [ 76.655, 19.851 ], [ 76.651, 19.863 ], [ 76.638, 19.865 ], [ 76.63, 19.855 ], [ 76.634, 19.843 ], [ 76.625, 19.833 ], [ 76.612, 19.835 ], [ 76.608, 19.847 ], [ 76.596, 19.849 ], [ 76.587, 19.839 ], [ 76.574, 19.84 ], [ 76.565, 19.83 ], [ 76.553, 19.832 ], [ 76.549, 19.844 ], [ 76.536, 19.846 ], [ 76.532, 19.858 ], [ 76.519, 19.86 ], [ 76.515, 19.872 ], [ 76.502, 19.874 ], [ 76.498, 19.886 ], [ 76.485, 19.888 ], [ 76.481, 19.9 ], [ 76.49, 19.91 ], [ 76.486, 19.922 ], [ 76.473, 19.923 ], [ 76.464, 19.913 ], [ 76.452, 19.915 ], [ 76.448, 19.927 ], [ 76.435, 19.929 ], [ 76.426, 19.919 ], [ 76.414, 19.921 ], [ 76.405, 19.911 ], [ 76.392, 19.913 ], [ 76.388, 19.925 ], [ 76.375, 19.927 ], [ 76.367, 19.917 ], [ 76.354, 19.919 ], [ 76.345, 19.909 ], [ 76.35, 19.897 ], [ 76.341, 19.887 ], [ 76.328, 19.888 ], [ 76.32, 19.878 ], [ 76.307, 19.88 ], [ 76.298, 19.87 ], [ 76.286, 19.872 ], [ 76.281, 19.884 ], [ 76.269, 19.886 ], [ 76.26, 19.876 ], [ 76.247, 19.878 ], [ 76.239, 19.868 ], [ 76.226, 19.87 ], [ 76.218, 19.86 ], [ 76.205, 19.862 ], [ 76.196, 19.852 ], [ 76.184, 19.853 ], [ 76.175, 19.843 ], [ 76.162, 19.845 ], [ 76.158, 19.857 ], [ 76.145, 19.859 ], [ 76.137, 19.849 ], [ 76.124, 19.851 ], [ 76.12, 19.863 ], [ 76.107, 19.865 ], [ 76.099, 19.855 ], [ 76.086, 19.857 ], [ 76.082, 19.868 ], [ 76.091, 19.878 ], [ 76.087, 19.89 ], [ 76.074, 19.892 ], [ 76.07, 19.904 ], [ 76.078, 19.914 ], [ 76.074, 19.926 ], [ 76.062, 19.928 ], [ 76.058, 19.94 ], [ 76.045, 19.942 ], [ 76.041, 19.953 ], [ 76.028, 19.955 ], [ 76.02, 19.945 ], [ 76.007, 19.947 ], [ 76.003, 19.959 ], [ 76.011, 19.969 ], [ 76.007, 19.981 ], [ 75.995, 19.983 ], [ 75.986, 19.973 ], [ 75.973, 19.975 ], [ 75.969, 19.986 ], [ 75.978, 19.996 ], [ 75.991, 19.995 ], [ 75.999, 20.005 ], [ 75.995, 20.016 ], [ 76.004, 20.026 ], [ 76.016, 20.025 ], [ 76.025, 20.035 ], [ 76.021, 20.047 ], [ 76.029, 20.057 ], [ 76.042, 20.055 ], [ 76.051, 20.065 ], [ 76.063, 20.063 ], [ 76.072, 20.073 ], [ 76.068, 20.085 ], [ 76.055, 20.087 ], [ 76.051, 20.098 ], [ 76.06, 20.108 ], [ 76.072, 20.107 ], [ 76.076, 20.095 ], [ 76.089, 20.093 ], [ 76.098, 20.103 ], [ 76.094, 20.115 ], [ 76.102, 20.125 ], [ 76.098, 20.137 ], [ 76.107, 20.147 ], [ 76.103, 20.158 ], [ 76.111, 20.168 ], [ 76.124, 20.167 ], [ 76.132, 20.177 ], [ 76.128, 20.189 ], [ 76.137, 20.199 ], [ 76.133, 20.21 ], [ 76.142, 20.22 ], [ 76.137, 20.232 ], [ 76.146, 20.242 ], [ 76.159, 20.24 ], [ 76.167, 20.25 ], [ 76.163, 20.262 ], [ 76.172, 20.272 ], [ 76.185, 20.27 ], [ 76.193, 20.28 ], [ 76.189, 20.292 ], [ 76.176, 20.294 ], [ 76.172, 20.306 ], [ 76.16, 20.308 ], [ 76.151, 20.298 ], [ 76.138, 20.3 ], [ 76.134, 20.312 ], [ 76.121, 20.313 ], [ 76.117, 20.325 ], [ 76.126, 20.335 ], [ 76.122, 20.347 ], [ 76.109, 20.349 ], [ 76.105, 20.361 ], [ 76.092, 20.363 ], [ 76.084, 20.353 ], [ 76.071, 20.354 ], [ 76.063, 20.344 ], [ 76.05, 20.346 ], [ 76.041, 20.336 ], [ 76.045, 20.324 ], [ 76.037, 20.314 ], [ 76.024, 20.316 ], [ 76.015, 20.306 ], [ 76.003, 20.308 ], [ 75.994, 20.298 ], [ 75.981, 20.3 ], [ 75.977, 20.312 ], [ 75.965, 20.313 ], [ 75.956, 20.303 ], [ 75.943, 20.305 ], [ 75.935, 20.295 ], [ 75.922, 20.297 ], [ 75.918, 20.309 ], [ 75.927, 20.319 ], [ 75.923, 20.331 ], [ 75.931, 20.341 ], [ 75.944, 20.339 ], [ 75.952, 20.349 ], [ 75.948, 20.361 ], [ 75.957, 20.371 ], [ 75.953, 20.383 ], [ 75.961, 20.393 ], [ 75.957, 20.404 ], [ 75.945, 20.406 ], [ 75.941, 20.418 ], [ 75.949, 20.428 ], [ 75.945, 20.44 ], [ 75.954, 20.45 ], [ 75.95, 20.462 ], [ 75.958, 20.472 ], [ 75.954, 20.483 ], [ 75.941, 20.485 ], [ 75.937, 20.497 ], [ 75.946, 20.507 ], [ 75.942, 20.519 ], [ 75.95, 20.529 ], [ 75.963, 20.527 ], [ 75.972, 20.537 ], [ 75.984, 20.535 ], [ 75.988, 20.523 ], [ 76.001, 20.522 ], [ 76.01, 20.532 ], [ 76.006, 20.543 ], [ 76.014, 20.553 ], [ 76.027, 20.552 ], [ 76.036, 20.562 ], [ 76.031, 20.574 ], [ 76.04, 20.584 ], [ 76.036, 20.595 ], [ 76.045, 20.605 ], [ 76.04, 20.617 ], [ 76.028, 20.619 ], [ 76.024, 20.631 ], [ 76.011, 20.633 ], [ 76.002, 20.623 ], [ 75.99, 20.624 ], [ 75.981, 20.614 ], [ 75.968, 20.616 ], [ 75.96, 20.606 ], [ 75.947, 20.608 ], [ 75.938, 20.598 ], [ 75.943, 20.586 ], [ 75.934, 20.576 ], [ 75.921, 20.578 ], [ 75.913, 20.568 ], [ 75.9, 20.57 ], [ 75.896, 20.581 ], [ 75.883, 20.583 ], [ 75.879, 20.595 ], [ 75.866, 20.597 ], [ 75.862, 20.609 ], [ 75.85, 20.61 ], [ 75.841, 20.6 ], [ 75.845, 20.589 ], [ 75.837, 20.579 ], [ 75.841, 20.567 ], [ 75.832, 20.557 ], [ 75.82, 20.559 ], [ 75.815, 20.57 ], [ 75.803, 20.572 ], [ 75.794, 20.562 ], [ 75.782, 20.564 ], [ 75.777, 20.576 ], [ 75.765, 20.578 ], [ 75.761, 20.589 ], [ 75.769, 20.599 ], [ 75.765, 20.611 ], [ 75.752, 20.613 ], [ 75.744, 20.603 ], [ 75.731, 20.605 ], [ 75.727, 20.616 ], [ 75.715, 20.618 ], [ 75.706, 20.608 ], [ 75.693, 20.61 ], [ 75.689, 20.622 ], [ 75.698, 20.632 ], [ 75.694, 20.644 ], [ 75.702, 20.654 ], [ 75.698, 20.665 ], [ 75.685, 20.667 ], [ 75.677, 20.657 ], [ 75.664, 20.659 ], [ 75.656, 20.649 ], [ 75.66, 20.637 ], [ 75.651, 20.627 ], [ 75.639, 20.629 ], [ 75.63, 20.619 ], [ 75.617, 20.621 ], [ 75.609, 20.611 ], [ 75.596, 20.612 ], [ 75.588, 20.602 ], [ 75.575, 20.604 ], [ 75.567, 20.594 ], [ 75.554, 20.596 ], [ 75.55, 20.608 ], [ 75.537, 20.609 ], [ 75.529, 20.599 ], [ 75.533, 20.588 ], [ 75.524, 20.578 ], [ 75.528, 20.566 ], [ 75.52, 20.556 ], [ 75.507, 20.558 ], [ 75.499, 20.548 ], [ 75.503, 20.536 ], [ 75.494, 20.526 ], [ 75.482, 20.528 ], [ 75.477, 20.539 ], [ 75.465, 20.541 ], [ 75.456, 20.531 ], [ 75.444, 20.533 ], [ 75.435, 20.523 ], [ 75.423, 20.525 ], [ 75.414, 20.515 ], [ 75.401, 20.516 ], [ 75.397, 20.528 ], [ 75.385, 20.53 ], [ 75.381, 20.542 ], [ 75.389, 20.552 ], [ 75.385, 20.563 ], [ 75.394, 20.573 ], [ 75.39, 20.585 ], [ 75.377, 20.587 ], [ 75.368, 20.577 ], [ 75.356, 20.579 ], [ 75.352, 20.59 ], [ 75.339, 20.592 ], [ 75.331, 20.582 ], [ 75.318, 20.584 ], [ 75.31, 20.574 ], [ 75.297, 20.576 ], [ 75.288, 20.566 ], [ 75.276, 20.567 ], [ 75.272, 20.579 ], [ 75.259, 20.581 ], [ 75.251, 20.571 ], [ 75.255, 20.559 ], [ 75.246, 20.549 ], [ 75.25, 20.537 ], [ 75.242, 20.527 ], [ 75.229, 20.529 ], [ 75.221, 20.519 ], [ 75.225, 20.507 ], [ 75.216, 20.497 ], [ 75.204, 20.499 ], [ 75.195, 20.489 ], [ 75.199, 20.477 ], [ 75.191, 20.467 ], [ 75.178, 20.469 ], [ 75.174, 20.481 ], [ 75.162, 20.483 ], [ 75.153, 20.473 ], [ 75.157, 20.461 ], [ 75.149, 20.451 ], [ 75.153, 20.439 ], [ 75.144, 20.429 ], [ 75.132, 20.431 ], [ 75.123, 20.421 ], [ 75.111, 20.423 ], [ 75.102, 20.413 ], [ 75.106, 20.401 ], [ 75.119, 20.399 ], [ 75.123, 20.387 ], [ 75.115, 20.377 ], [ 75.119, 20.366 ], [ 75.11, 20.356 ], [ 75.114, 20.344 ], [ 75.106, 20.334 ], [ 75.093, 20.336 ], [ 75.085, 20.326 ], [ 75.072, 20.327 ], [ 75.068, 20.339 ], [ 75.056, 20.341 ], [ 75.047, 20.331 ], [ 75.051, 20.319 ], [ 75.043, 20.309 ], [ 75.03, 20.311 ], [ 75.026, 20.323 ], [ 75.014, 20.324 ], [ 75.01, 20.336 ], [ 74.997, 20.338 ], [ 74.989, 20.328 ], [ 74.993, 20.316 ], [ 74.984, 20.306 ], [ 74.972, 20.308 ], [ 74.963, 20.298 ], [ 74.951, 20.3 ], [ 74.942, 20.29 ], [ 74.946, 20.278 ], [ 74.938, 20.268 ], [ 74.942, 20.256 ], [ 74.934, 20.246 ], [ 74.921, 20.248 ], [ 74.913, 20.238 ], [ 74.917, 20.226 ], [ 74.929, 20.224 ], [ 74.933, 20.213 ], [ 74.925, 20.203 ], [ 74.929, 20.191 ], [ 74.921, 20.181 ], [ 74.925, 20.169 ], [ 74.916, 20.159 ], [ 74.904, 20.161 ], [ 74.9, 20.173 ], [ 74.887, 20.174 ], [ 74.883, 20.186 ], [ 74.87, 20.188 ], [ 74.862, 20.178 ], [ 74.85, 20.18 ], [ 74.845, 20.191 ], [ 74.854, 20.201 ], [ 74.85, 20.213 ], [ 74.858, 20.223 ], [ 74.854, 20.235 ], [ 74.842, 20.237 ], [ 74.838, 20.248 ], [ 74.825, 20.25 ], [ 74.817, 20.24 ], [ 74.804, 20.242 ], [ 74.796, 20.232 ], [ 74.8, 20.22 ], [ 74.791, 20.21 ], [ 74.779, 20.212 ], [ 74.77, 20.202 ], [ 74.758, 20.204 ], [ 74.75, 20.194 ], [ 74.737, 20.195 ], [ 74.729, 20.185 ], [ 74.716, 20.187 ], [ 74.708, 20.177 ], [ 74.712, 20.165 ], [ 74.703, 20.155 ], [ 74.708, 20.144 ], [ 74.699, 20.134 ], [ 74.703, 20.122 ], [ 74.716, 20.12 ], [ 74.72, 20.108 ], [ 74.732, 20.107 ], [ 74.736, 20.095 ], [ 74.728, 20.085 ], [ 74.715, 20.087 ], [ 74.707, 20.077 ], [ 74.711, 20.065 ], [ 74.724, 20.063 ], [ 74.728, 20.052 ], [ 74.719, 20.042 ], [ 74.707, 20.043 ], [ 74.698, 20.033 ], [ 74.702, 20.022 ], [ 74.694, 20.012 ], [ 74.698, 20.0 ], [ 74.69, 19.99 ], [ 74.694, 19.978 ], [ 74.685, 19.968 ], [ 74.673, 19.97 ], [ 74.665, 19.96 ], [ 74.669, 19.948 ], [ 74.681, 19.946 ], [ 74.685, 19.935 ], [ 74.677, 19.925 ], [ 74.664, 19.926 ], [ 74.656, 19.916 ], [ 74.66, 19.905 ], [ 74.652, 19.895 ], [ 74.656, 19.883 ], [ 74.647, 19.873 ], [ 74.651, 19.861 ], [ 74.664, 19.859 ], [ 74.668, 19.848 ], [ 74.659, 19.838 ], [ 74.647, 19.839 ], [ 74.643, 19.851 ], [ 74.631, 19.853 ], [ 74.622, 19.843 ], [ 74.61, 19.845 ], [ 74.601, 19.835 ], [ 74.605, 19.823 ], [ 74.597, 19.813 ], [ 74.601, 19.801 ], [ 74.593, 19.791 ], [ 74.597, 19.78 ], [ 74.609, 19.778 ], [ 74.618, 19.788 ], [ 74.63, 19.786 ], [ 74.638, 19.796 ], [ 74.651, 19.794 ], [ 74.655, 19.782 ], [ 74.667, 19.781 ], [ 74.671, 19.769 ], [ 74.684, 19.767 ], [ 74.688, 19.755 ], [ 74.7, 19.754 ], [ 74.709, 19.764 ], [ 74.705, 19.775 ], [ 74.713, 19.785 ], [ 74.726, 19.784 ], [ 74.73, 19.772 ], [ 74.742, 19.77 ], [ 74.746, 19.758 ], [ 74.759, 19.757 ], [ 74.763, 19.745 ], [ 74.775, 19.743 ], [ 74.779, 19.731 ], [ 74.792, 19.73 ], [ 74.796, 19.718 ], [ 74.787, 19.708 ], [ 74.792, 19.696 ], [ 74.804, 19.694 ], [ 74.808, 19.682 ], [ 74.821, 19.681 ], [ 74.825, 19.669 ], [ 74.837, 19.667 ], [ 74.841, 19.655 ], [ 74.854, 19.654 ], [ 74.858, 19.642 ], [ 74.87, 19.64 ], [ 74.879, 19.65 ], [ 74.891, 19.648 ], [ 74.895, 19.636 ], [ 74.908, 19.635 ], [ 74.916, 19.645 ], [ 74.929, 19.643 ], [ 74.937, 19.653 ], [ 74.95, 19.651 ], [ 74.954, 19.639 ], [ 74.966, 19.637 ], [ 74.975, 19.647 ], [ 74.987, 19.646 ], [ 74.991, 19.634 ], [ 75.004, 19.632 ], [ 75.008, 19.62 ], [ 75.02, 19.618 ], [ 75.029, 19.628 ], [ 75.041, 19.627 ], [ 75.045, 19.615 ], [ 75.058, 19.613 ], [ 75.062, 19.601 ], [ 75.074, 19.599 ], [ 75.083, 19.609 ], [ 75.095, 19.608 ], [ 75.099, 19.596 ], [ 75.112, 19.594 ], [ 75.12, 19.604 ], [ 75.133, 19.602 ], [ 75.137, 19.59 ], [ 75.149, 19.588 ], [ 75.158, 19.598 ], [ 75.17, 19.597 ], [ 75.179, 19.607 ], [ 75.191, 19.605 ], [ 75.195, 19.593 ], [ 75.208, 19.591 ], [ 75.212, 19.579 ], [ 75.204, 19.569 ], [ 75.208, 19.558 ], [ 75.22, 19.556 ], [ 75.224, 19.544 ], [ 75.237, 19.542 ], [ 75.241, 19.53 ], [ 75.253, 19.528 ], [ 75.262, 19.538 ], [ 75.258, 19.55 ], [ 75.266, 19.56 ], [ 75.279, 19.558 ], [ 75.283, 19.547 ], [ 75.274, 19.537 ], [ 75.279, 19.525 ], [ 75.291, 19.523 ], [ 75.295, 19.511 ], [ 75.308, 19.509 ], [ 75.312, 19.497 ], [ 75.324, 19.496 ], [ 75.328, 19.484 ], [ 75.341, 19.482 ], [ 75.345, 19.47 ], [ 75.337, 19.46 ], [ 75.324, 19.462 ], [ 75.315, 19.452 ], [ 75.32, 19.44 ], [ 75.332, 19.438 ], [ 75.341, 19.448 ], [ 75.353, 19.446 ], [ 75.357, 19.434 ], [ 75.349, 19.424 ], [ 75.353, 19.413 ], [ 75.344, 19.403 ], [ 75.348, 19.391 ], [ 75.361, 19.389 ], [ 75.369, 19.399 ], [ 75.382, 19.397 ], [ 75.39, 19.407 ], [ 75.403, 19.405 ], [ 75.411, 19.415 ], [ 75.424, 19.413 ], [ 75.433, 19.423 ], [ 75.445, 19.421 ], [ 75.449, 19.41 ], [ 75.462, 19.408 ], [ 75.47, 19.418 ], [ 75.483, 19.416 ], [ 75.487, 19.404 ], [ 75.478, 19.394 ], [ 75.482, 19.382 ], [ 75.495, 19.38 ], [ 75.504, 19.39 ], [ 75.516, 19.388 ], [ 75.52, 19.377 ], [ 75.533, 19.375 ], [ 75.537, 19.363 ], [ 75.528, 19.353 ], [ 75.532, 19.341 ], [ 75.524, 19.331 ], [ 75.528, 19.319 ], [ 75.541, 19.317 ], [ 75.545, 19.305 ], [ 75.536, 19.295 ], [ 75.524, 19.297 ], [ 75.515, 19.287 ], [ 75.519, 19.275 ], [ 75.511, 19.265 ], [ 75.498, 19.267 ], [ 75.49, 19.257 ], [ 75.477, 19.259 ], [ 75.469, 19.249 ], [ 75.456, 19.251 ], [ 75.447, 19.241 ], [ 75.452, 19.229 ], [ 75.443, 19.219 ], [ 75.431, 19.221 ], [ 75.422, 19.211 ], [ 75.409, 19.213 ], [ 75.401, 19.203 ], [ 75.405, 19.191 ], [ 75.418, 19.189 ], [ 75.422, 19.177 ], [ 75.434, 19.175 ], [ 75.438, 19.163 ], [ 75.451, 19.161 ], [ 75.455, 19.15 ], [ 75.446, 19.14 ], [ 75.434, 19.141 ], [ 75.425, 19.131 ], [ 75.429, 19.12 ], [ 75.442, 19.118 ], [ 75.451, 19.128 ], [ 75.463, 19.126 ], [ 75.472, 19.136 ], [ 75.484, 19.134 ], [ 75.488, 19.122 ], [ 75.48, 19.112 ], [ 75.484, 19.1 ], [ 75.475, 19.09 ], [ 75.463, 19.092 ], [ 75.454, 19.082 ], [ 75.442, 19.084 ], [ 75.438, 19.096 ], [ 75.425, 19.098 ], [ 75.417, 19.088 ], [ 75.404, 19.09 ], [ 75.396, 19.08 ], [ 75.383, 19.081 ], [ 75.375, 19.071 ], [ 75.362, 19.073 ], [ 75.358, 19.085 ], [ 75.345, 19.087 ], [ 75.337, 19.077 ], [ 75.324, 19.079 ], [ 75.32, 19.091 ], [ 75.308, 19.093 ], [ 75.299, 19.083 ], [ 75.287, 19.085 ], [ 75.278, 19.075 ], [ 75.282, 19.063 ], [ 75.295, 19.061 ], [ 75.299, 19.049 ], [ 75.291, 19.039 ], [ 75.295, 19.027 ], [ 75.307, 19.025 ], [ 75.316, 19.035 ], [ 75.328, 19.033 ], [ 75.332, 19.021 ], [ 75.345, 19.02 ], [ 75.349, 19.008 ], [ 75.34, 18.998 ], [ 75.328, 19.0 ], [ 75.319, 18.989 ], [ 75.307, 18.991 ], [ 75.298, 18.981 ], [ 75.286, 18.983 ], [ 75.282, 18.995 ], [ 75.269, 18.997 ], [ 75.265, 19.009 ], [ 75.274, 19.019 ], [ 75.27, 19.031 ], [ 75.278, 19.041 ], [ 75.274, 19.053 ], [ 75.262, 19.055 ], [ 75.257, 19.066 ], [ 75.245, 19.068 ], [ 75.236, 19.058 ], [ 75.224, 19.06 ], [ 75.22, 19.072 ], [ 75.228, 19.082 ], [ 75.224, 19.094 ], [ 75.212, 19.096 ], [ 75.208, 19.108 ], [ 75.195, 19.109 ], [ 75.187, 19.099 ], [ 75.191, 19.088 ], [ 75.182, 19.078 ], [ 75.186, 19.066 ], [ 75.199, 19.064 ], [ 75.203, 19.052 ], [ 75.195, 19.042 ], [ 75.199, 19.03 ], [ 75.19, 19.02 ], [ 75.178, 19.022 ], [ 75.174, 19.034 ], [ 75.161, 19.036 ], [ 75.157, 19.048 ], [ 75.145, 19.049 ], [ 75.136, 19.039 ], [ 75.124, 19.041 ], [ 75.115, 19.031 ], [ 75.103, 19.033 ], [ 75.099, 19.045 ], [ 75.086, 19.047 ], [ 75.082, 19.059 ], [ 75.091, 19.069 ], [ 75.086, 19.081 ], [ 75.095, 19.091 ], [ 75.091, 19.103 ], [ 75.099, 19.113 ], [ 75.095, 19.124 ], [ 75.083, 19.126 ], [ 75.074, 19.116 ], [ 75.078, 19.104 ], [ 75.07, 19.094 ], [ 75.057, 19.096 ], [ 75.053, 19.108 ], [ 75.041, 19.11 ], [ 75.032, 19.1 ], [ 75.02, 19.102 ], [ 75.016, 19.114 ], [ 75.003, 19.115 ], [ 74.995, 19.105 ], [ 74.982, 19.107 ], [ 74.978, 19.119 ], [ 74.966, 19.121 ], [ 74.962, 19.133 ], [ 74.949, 19.135 ], [ 74.941, 19.125 ], [ 74.945, 19.113 ], [ 74.937, 19.103 ], [ 74.924, 19.105 ], [ 74.916, 19.095 ], [ 74.92, 19.083 ], [ 74.911, 19.073 ], [ 74.915, 19.061 ], [ 74.907, 19.051 ], [ 74.911, 19.039 ], [ 74.924, 19.037 ], [ 74.928, 19.025 ], [ 74.94, 19.024 ], [ 74.944, 19.012 ], [ 74.957, 19.01 ], [ 74.961, 18.998 ], [ 74.952, 18.988 ], [ 74.956, 18.976 ], [ 74.948, 18.966 ], [ 74.936, 18.968 ], [ 74.927, 18.958 ], [ 74.915, 18.96 ], [ 74.911, 18.972 ], [ 74.898, 18.974 ], [ 74.894, 18.985 ], [ 74.882, 18.987 ], [ 74.873, 18.977 ], [ 74.861, 18.979 ], [ 74.852, 18.969 ], [ 74.84, 18.971 ], [ 74.836, 18.983 ], [ 74.823, 18.985 ], [ 74.815, 18.975 ], [ 74.819, 18.963 ], [ 74.832, 18.961 ], [ 74.836, 18.949 ], [ 74.827, 18.939 ], [ 74.831, 18.927 ], [ 74.844, 18.926 ], [ 74.848, 18.914 ], [ 74.86, 18.912 ], [ 74.864, 18.9 ], [ 74.877, 18.898 ], [ 74.881, 18.886 ], [ 74.893, 18.884 ], [ 74.897, 18.873 ], [ 74.889, 18.863 ], [ 74.893, 18.851 ], [ 74.905, 18.849 ], [ 74.914, 18.859 ], [ 74.926, 18.857 ], [ 74.93, 18.845 ], [ 74.922, 18.835 ], [ 74.926, 18.823 ], [ 74.938, 18.821 ], [ 74.947, 18.831 ], [ 74.959, 18.829 ], [ 74.963, 18.818 ], [ 74.976, 18.816 ], [ 74.98, 18.804 ], [ 74.992, 18.802 ], [ 74.996, 18.79 ], [ 75.009, 18.788 ], [ 75.013, 18.776 ], [ 75.025, 18.775 ], [ 75.03, 18.763 ], [ 75.042, 18.761 ], [ 75.046, 18.749 ], [ 75.059, 18.747 ], [ 75.063, 18.735 ], [ 75.075, 18.733 ], [ 75.079, 18.721 ], [ 75.092, 18.719 ], [ 75.096, 18.708 ], [ 75.108, 18.706 ], [ 75.112, 18.694 ], [ 75.125, 18.692 ], [ 75.129, 18.68 ], [ 75.141, 18.678 ], [ 75.145, 18.666 ], [ 75.137, 18.656 ], [ 75.141, 18.644 ], [ 75.153, 18.642 ], [ 75.162, 18.652 ], [ 75.158, 18.664 ], [ 75.166, 18.674 ], [ 75.162, 18.686 ], [ 75.171, 18.696 ], [ 75.167, 18.708 ], [ 75.175, 18.718 ], [ 75.171, 18.73 ], [ 75.179, 18.74 ], [ 75.192, 18.738 ], [ 75.2, 18.748 ], [ 75.213, 18.746 ], [ 75.217, 18.734 ], [ 75.229, 18.732 ], [ 75.233, 18.72 ], [ 75.246, 18.719 ], [ 75.254, 18.729 ], [ 75.267, 18.727 ], [ 75.275, 18.737 ], [ 75.288, 18.735 ], [ 75.296, 18.745 ], [ 75.292, 18.757 ], [ 75.301, 18.767 ], [ 75.297, 18.779 ], [ 75.305, 18.789 ], [ 75.317, 18.787 ], [ 75.326, 18.797 ], [ 75.338, 18.795 ], [ 75.343, 18.783 ], [ 75.355, 18.781 ], [ 75.359, 18.769 ], [ 75.372, 18.767 ], [ 75.38, 18.777 ], [ 75.376, 18.789 ], [ 75.384, 18.799 ], [ 75.38, 18.811 ], [ 75.389, 18.821 ], [ 75.401, 18.819 ], [ 75.41, 18.829 ], [ 75.422, 18.827 ], [ 75.426, 18.815 ], [ 75.439, 18.813 ], [ 75.443, 18.801 ], [ 75.435, 18.791 ], [ 75.439, 18.78 ], [ 75.451, 18.778 ], [ 75.455, 18.766 ], [ 75.447, 18.756 ], [ 75.451, 18.744 ], [ 75.463, 18.742 ], [ 75.472, 18.752 ], [ 75.484, 18.75 ], [ 75.488, 18.738 ], [ 75.501, 18.736 ], [ 75.505, 18.724 ], [ 75.518, 18.722 ], [ 75.526, 18.732 ], [ 75.522, 18.744 ], [ 75.531, 18.754 ], [ 75.543, 18.752 ], [ 75.547, 18.74 ], [ 75.56, 18.738 ], [ 75.564, 18.727 ], [ 75.555, 18.717 ], [ 75.559, 18.705 ], [ 75.572, 18.703 ], [ 75.576, 18.691 ], [ 75.567, 18.681 ], [ 75.555, 18.683 ], [ 75.546, 18.673 ], [ 75.55, 18.661 ], [ 75.542, 18.651 ], [ 75.546, 18.639 ], [ 75.538, 18.629 ], [ 75.525, 18.631 ], [ 75.517, 18.621 ], [ 75.504, 18.623 ], [ 75.496, 18.613 ], [ 75.483, 18.615 ], [ 75.475, 18.605 ], [ 75.462, 18.606 ], [ 75.454, 18.596 ], [ 75.458, 18.585 ], [ 75.449, 18.574 ], [ 75.437, 18.576 ], [ 75.428, 18.566 ], [ 75.432, 18.554 ], [ 75.424, 18.544 ], [ 75.411, 18.546 ], [ 75.403, 18.536 ], [ 75.39, 18.538 ], [ 75.386, 18.55 ], [ 75.374, 18.552 ], [ 75.365, 18.542 ], [ 75.353, 18.544 ], [ 75.349, 18.556 ], [ 75.336, 18.558 ], [ 75.328, 18.548 ], [ 75.332, 18.536 ], [ 75.323, 18.526 ], [ 75.311, 18.528 ], [ 75.302, 18.518 ], [ 75.29, 18.52 ], [ 75.281, 18.51 ], [ 75.269, 18.512 ], [ 75.261, 18.502 ], [ 75.248, 18.504 ], [ 75.244, 18.516 ], [ 75.252, 18.526 ], [ 75.248, 18.538 ], [ 75.236, 18.539 ], [ 75.232, 18.551 ], [ 75.219, 18.553 ], [ 75.211, 18.543 ], [ 75.198, 18.545 ], [ 75.19, 18.535 ], [ 75.177, 18.537 ], [ 75.169, 18.527 ], [ 75.157, 18.529 ], [ 75.148, 18.519 ], [ 75.136, 18.521 ], [ 75.127, 18.511 ], [ 75.131, 18.499 ], [ 75.123, 18.489 ], [ 75.11, 18.491 ], [ 75.102, 18.481 ], [ 75.106, 18.469 ], [ 75.098, 18.459 ], [ 75.102, 18.447 ], [ 75.093, 18.437 ], [ 75.081, 18.439 ], [ 75.072, 18.429 ], [ 75.06, 18.431 ], [ 75.052, 18.421 ], [ 75.039, 18.423 ], [ 75.035, 18.435 ], [ 75.023, 18.437 ], [ 75.014, 18.427 ], [ 75.018, 18.415 ], [ 75.01, 18.405 ], [ 74.997, 18.407 ], [ 74.989, 18.397 ], [ 74.977, 18.399 ], [ 74.968, 18.389 ], [ 74.956, 18.391 ], [ 74.947, 18.381 ], [ 74.935, 18.382 ], [ 74.926, 18.372 ], [ 74.914, 18.374 ], [ 74.906, 18.364 ], [ 74.893, 18.366 ], [ 74.885, 18.356 ], [ 74.872, 18.358 ], [ 74.864, 18.348 ], [ 74.868, 18.336 ], [ 74.86, 18.326 ], [ 74.864, 18.314 ], [ 74.855, 18.304 ], [ 74.859, 18.292 ], [ 74.851, 18.283 ], [ 74.855, 18.271 ], [ 74.868, 18.269 ], [ 74.876, 18.279 ], [ 74.888, 18.277 ], [ 74.897, 18.287 ], [ 74.909, 18.285 ], [ 74.918, 18.295 ], [ 74.93, 18.293 ], [ 74.938, 18.303 ], [ 74.951, 18.301 ], [ 74.959, 18.311 ], [ 74.972, 18.309 ], [ 74.976, 18.297 ], [ 74.988, 18.295 ], [ 74.992, 18.283 ], [ 75.005, 18.281 ], [ 75.013, 18.291 ], [ 75.009, 18.303 ], [ 75.017, 18.313 ], [ 75.03, 18.311 ], [ 75.038, 18.321 ], [ 75.051, 18.319 ], [ 75.059, 18.329 ], [ 75.072, 18.328 ], [ 75.076, 18.316 ], [ 75.067, 18.306 ], [ 75.071, 18.294 ], [ 75.084, 18.292 ], [ 75.088, 18.28 ], [ 75.079, 18.27 ], [ 75.083, 18.258 ], [ 75.096, 18.256 ], [ 75.104, 18.266 ], [ 75.117, 18.264 ], [ 75.121, 18.252 ], [ 75.133, 18.25 ], [ 75.137, 18.238 ], [ 75.15, 18.236 ], [ 75.154, 18.224 ], [ 75.166, 18.222 ], [ 75.17, 18.211 ], [ 75.183, 18.209 ], [ 75.187, 18.197 ], [ 75.178, 18.187 ], [ 75.183, 18.175 ], [ 75.195, 18.173 ], [ 75.199, 18.161 ], [ 75.212, 18.159 ], [ 75.216, 18.147 ], [ 75.207, 18.137 ], [ 75.211, 18.125 ], [ 75.203, 18.115 ], [ 75.207, 18.103 ], [ 75.198, 18.093 ], [ 75.202, 18.081 ], [ 75.194, 18.071 ], [ 75.182, 18.073 ], [ 75.173, 18.063 ], [ 75.161, 18.065 ], [ 75.152, 18.055 ], [ 75.14, 18.057 ], [ 75.131, 18.047 ], [ 75.119, 18.049 ], [ 75.115, 18.061 ], [ 75.102, 18.063 ], [ 75.094, 18.053 ], [ 75.082, 18.055 ], [ 75.073, 18.045 ], [ 75.077, 18.033 ], [ 75.069, 18.023 ], [ 75.056, 18.025 ], [ 75.048, 18.015 ], [ 75.052, 18.003 ], [ 75.044, 17.993 ], [ 75.031, 17.995 ], [ 75.023, 17.985 ], [ 75.027, 17.973 ], [ 75.019, 17.963 ], [ 75.023, 17.951 ], [ 75.035, 17.949 ], [ 75.043, 17.959 ], [ 75.056, 17.957 ], [ 75.064, 17.967 ], [ 75.06, 17.979 ], [ 75.069, 17.989 ], [ 75.081, 17.987 ], [ 75.085, 17.975 ], [ 75.098, 17.973 ], [ 75.106, 17.983 ], [ 75.102, 17.995 ], [ 75.11, 18.005 ], [ 75.123, 18.003 ], [ 75.127, 17.991 ], [ 75.118, 17.981 ], [ 75.122, 17.969 ], [ 75.114, 17.959 ], [ 75.118, 17.947 ], [ 75.11, 17.937 ], [ 75.097, 17.939 ], [ 75.089, 17.929 ], [ 75.076, 17.931 ], [ 75.068, 17.921 ], [ 75.056, 17.923 ], [ 75.047, 17.913 ], [ 75.035, 17.915 ], [ 75.026, 17.905 ], [ 75.014, 17.907 ], [ 75.01, 17.919 ], [ 74.997, 17.921 ], [ 74.989, 17.911 ], [ 74.977, 17.913 ], [ 74.973, 17.925 ], [ 74.96, 17.927 ], [ 74.952, 17.917 ], [ 74.939, 17.919 ], [ 74.935, 17.931 ], [ 74.923, 17.933 ], [ 74.919, 17.945 ], [ 74.906, 17.947 ], [ 74.898, 17.937 ], [ 74.886, 17.938 ], [ 74.882, 17.95 ], [ 74.869, 17.952 ], [ 74.861, 17.942 ], [ 74.848, 17.944 ], [ 74.844, 17.956 ], [ 74.853, 17.966 ], [ 74.849, 17.978 ], [ 74.857, 17.988 ], [ 74.853, 18.0 ], [ 74.841, 18.002 ], [ 74.832, 17.992 ], [ 74.82, 17.994 ], [ 74.816, 18.006 ], [ 74.803, 18.008 ], [ 74.795, 17.998 ], [ 74.783, 18.0 ], [ 74.779, 18.012 ], [ 74.766, 18.014 ], [ 74.762, 18.025 ], [ 74.75, 18.027 ], [ 74.741, 18.017 ], [ 74.729, 18.019 ], [ 74.725, 18.031 ], [ 74.713, 18.033 ], [ 74.704, 18.023 ], [ 74.692, 18.025 ], [ 74.683, 18.015 ], [ 74.671, 18.017 ], [ 74.663, 18.007 ], [ 74.667, 17.995 ], [ 74.658, 17.985 ], [ 74.662, 17.973 ], [ 74.654, 17.963 ], [ 74.658, 17.951 ], [ 74.65, 17.941 ], [ 74.654, 17.929 ], [ 74.646, 17.919 ], [ 74.65, 17.908 ], [ 74.641, 17.898 ], [ 74.645, 17.886 ], [ 74.637, 17.876 ], [ 74.625, 17.878 ], [ 74.616, 17.868 ], [ 74.62, 17.856 ], [ 74.612, 17.846 ], [ 74.616, 17.834 ], [ 74.628, 17.832 ], [ 74.637, 17.842 ], [ 74.649, 17.84 ], [ 74.657, 17.85 ], [ 74.67, 17.848 ], [ 74.674, 17.836 ], [ 74.686, 17.834 ], [ 74.69, 17.822 ], [ 74.682, 17.812 ], [ 74.686, 17.8 ], [ 74.698, 17.798 ], [ 74.702, 17.786 ], [ 74.715, 17.784 ], [ 74.723, 17.794 ], [ 74.736, 17.793 ], [ 74.74, 17.781 ], [ 74.752, 17.779 ], [ 74.756, 17.767 ], [ 74.768, 17.765 ], [ 74.777, 17.775 ], [ 74.789, 17.773 ], [ 74.793, 17.761 ], [ 74.806, 17.759 ], [ 74.81, 17.747 ], [ 74.822, 17.745 ], [ 74.826, 17.733 ], [ 74.838, 17.731 ], [ 74.843, 17.719 ], [ 74.855, 17.717 ], [ 74.863, 17.727 ], [ 74.876, 17.725 ], [ 74.88, 17.713 ], [ 74.871, 17.703 ], [ 74.875, 17.691 ], [ 74.888, 17.689 ], [ 74.892, 17.677 ], [ 74.883, 17.667 ], [ 74.888, 17.655 ], [ 74.9, 17.654 ], [ 74.904, 17.642 ], [ 74.896, 17.632 ], [ 74.9, 17.62 ], [ 74.912, 17.618 ], [ 74.916, 17.606 ], [ 74.908, 17.596 ], [ 74.912, 17.584 ], [ 74.924, 17.582 ], [ 74.933, 17.592 ], [ 74.945, 17.59 ], [ 74.949, 17.578 ], [ 74.961, 17.576 ], [ 74.965, 17.564 ], [ 74.978, 17.562 ], [ 74.982, 17.55 ], [ 74.974, 17.54 ], [ 74.978, 17.528 ], [ 74.969, 17.518 ], [ 74.957, 17.52 ], [ 74.948, 17.51 ], [ 74.952, 17.498 ], [ 74.965, 17.496 ], [ 74.969, 17.484 ], [ 74.961, 17.474 ], [ 74.965, 17.462 ], [ 74.977, 17.46 ], [ 74.985, 17.47 ], [ 74.998, 17.468 ], [ 75.006, 17.478 ], [ 75.019, 17.476 ], [ 75.027, 17.486 ], [ 75.039, 17.484 ], [ 75.043, 17.472 ], [ 75.035, 17.462 ], [ 75.039, 17.45 ], [ 75.031, 17.44 ], [ 75.035, 17.428 ], [ 75.026, 17.418 ], [ 75.014, 17.42 ], [ 75.006, 17.41 ], [ 75.01, 17.398 ], [ 75.001, 17.388 ], [ 75.005, 17.376 ], [ 74.997, 17.366 ], [ 74.985, 17.368 ], [ 74.976, 17.358 ], [ 74.98, 17.346 ], [ 74.972, 17.336 ], [ 74.976, 17.324 ], [ 74.968, 17.314 ], [ 74.972, 17.302 ], [ 74.963, 17.292 ], [ 74.951, 17.294 ], [ 74.942, 17.284 ], [ 74.93, 17.286 ], [ 74.922, 17.276 ], [ 74.909, 17.278 ], [ 74.901, 17.268 ], [ 74.905, 17.256 ], [ 74.897, 17.246 ], [ 74.901, 17.234 ], [ 74.892, 17.224 ], [ 74.88, 17.226 ], [ 74.872, 17.216 ], [ 74.876, 17.204 ], [ 74.888, 17.202 ], [ 74.892, 17.19 ], [ 74.904, 17.188 ], [ 74.909, 17.176 ], [ 74.921, 17.174 ], [ 74.925, 17.162 ], [ 74.937, 17.16 ], [ 74.946, 17.17 ], [ 74.942, 17.182 ], [ 74.95, 17.192 ], [ 74.962, 17.19 ], [ 74.971, 17.2 ], [ 74.983, 17.198 ], [ 74.991, 17.208 ], [ 75.004, 17.206 ], [ 75.012, 17.216 ], [ 75.025, 17.214 ], [ 75.033, 17.224 ], [ 75.045, 17.222 ], [ 75.054, 17.232 ], [ 75.066, 17.23 ], [ 75.075, 17.24 ], [ 75.087, 17.238 ], [ 75.095, 17.248 ], [ 75.108, 17.246 ], [ 75.112, 17.234 ], [ 75.124, 17.232 ], [ 75.133, 17.242 ], [ 75.145, 17.24 ], [ 75.153, 17.25 ], [ 75.166, 17.248 ], [ 75.17, 17.236 ], [ 75.182, 17.234 ], [ 75.191, 17.244 ], [ 75.187, 17.256 ], [ 75.195, 17.266 ], [ 75.208, 17.264 ], [ 75.212, 17.252 ], [ 75.224, 17.25 ], [ 75.232, 17.26 ], [ 75.245, 17.258 ], [ 75.249, 17.246 ], [ 75.24, 17.236 ], [ 75.245, 17.224 ], [ 75.236, 17.214 ], [ 75.224, 17.216 ], [ 75.215, 17.206 ], [ 75.219, 17.194 ], [ 75.232, 17.192 ], [ 75.236, 17.18 ], [ 75.248, 17.178 ], [ 75.257, 17.188 ], [ 75.269, 17.186 ], [ 75.273, 17.174 ], [ 75.265, 17.164 ], [ 75.269, 17.152 ], [ 75.281, 17.15 ], [ 75.29, 17.16 ], [ 75.302, 17.158 ], [ 75.31, 17.168 ], [ 75.306, 17.18 ], [ 75.294, 17.182 ], [ 75.29, 17.194 ], [ 75.277, 17.196 ], [ 75.273, 17.208 ], [ 75.282, 17.218 ], [ 75.294, 17.216 ], [ 75.303, 17.226 ], [ 75.315, 17.224 ], [ 75.324, 17.234 ], [ 75.336, 17.232 ], [ 75.344, 17.242 ], [ 75.357, 17.24 ], [ 75.361, 17.228 ], [ 75.373, 17.226 ], [ 75.377, 17.213 ], [ 75.369, 17.203 ], [ 75.373, 17.191 ], [ 75.385, 17.189 ], [ 75.394, 17.199 ], [ 75.406, 17.197 ], [ 75.415, 17.207 ], [ 75.411, 17.219 ], [ 75.419, 17.229 ], [ 75.415, 17.241 ], [ 75.424, 17.251 ], [ 75.419, 17.263 ], [ 75.428, 17.273 ], [ 75.44, 17.271 ], [ 75.444, 17.259 ], [ 75.457, 17.257 ], [ 75.461, 17.245 ], [ 75.473, 17.243 ], [ 75.482, 17.253 ], [ 75.494, 17.251 ], [ 75.498, 17.239 ], [ 75.511, 17.237 ], [ 75.519, 17.247 ], [ 75.515, 17.259 ], [ 75.524, 17.269 ], [ 75.536, 17.267 ], [ 75.545, 17.277 ], [ 75.557, 17.275 ], [ 75.566, 17.285 ], [ 75.578, 17.283 ], [ 75.586, 17.293 ], [ 75.599, 17.291 ], [ 75.607, 17.301 ], [ 75.603, 17.313 ], [ 75.612, 17.323 ], [ 75.608, 17.335 ], [ 75.595, 17.337 ], [ 75.591, 17.349 ], [ 75.579, 17.351 ], [ 75.575, 17.363 ], [ 75.583, 17.373 ], [ 75.579, 17.385 ], [ 75.588, 17.395 ], [ 75.6, 17.393 ], [ 75.608, 17.403 ], [ 75.604, 17.415 ], [ 75.613, 17.425 ], [ 75.609, 17.437 ], [ 75.617, 17.447 ], [ 75.613, 17.459 ], [ 75.622, 17.469 ], [ 75.634, 17.467 ], [ 75.643, 17.477 ], [ 75.655, 17.475 ], [ 75.659, 17.463 ], [ 75.672, 17.461 ], [ 75.676, 17.449 ], [ 75.667, 17.439 ], [ 75.671, 17.427 ], [ 75.684, 17.425 ], [ 75.688, 17.413 ], [ 75.7, 17.411 ], [ 75.709, 17.421 ], [ 75.721, 17.419 ], [ 75.73, 17.429 ], [ 75.742, 17.427 ], [ 75.746, 17.415 ], [ 75.759, 17.413 ], [ 75.763, 17.401 ], [ 75.776, 17.399 ], [ 75.78, 17.387 ], [ 75.792, 17.384 ], [ 75.796, 17.372 ], [ 75.809, 17.37 ], [ 75.817, 17.38 ], [ 75.813, 17.392 ], [ 75.822, 17.402 ], [ 75.818, 17.414 ], [ 75.826, 17.424 ], [ 75.839, 17.422 ], [ 75.843, 17.41 ], [ 75.855, 17.408 ], [ 75.859, 17.396 ], [ 75.872, 17.394 ], [ 75.88, 17.404 ], [ 75.893, 17.402 ], [ 75.897, 17.39 ], [ 75.888, 17.38 ], [ 75.892, 17.368 ], [ 75.884, 17.358 ], [ 75.888, 17.346 ], [ 75.9, 17.344 ], [ 75.905, 17.332 ], [ 75.917, 17.33 ], [ 75.921, 17.318 ], [ 75.934, 17.316 ], [ 75.942, 17.326 ], [ 75.955, 17.323 ], [ 75.963, 17.333 ], [ 75.976, 17.331 ], [ 75.984, 17.341 ], [ 75.997, 17.339 ], [ 76.005, 17.349 ], [ 76.018, 17.347 ], [ 76.026, 17.357 ], [ 76.039, 17.355 ], [ 76.047, 17.365 ], [ 76.06, 17.363 ], [ 76.064, 17.351 ], [ 76.077, 17.349 ], [ 76.081, 17.337 ], [ 76.093, 17.335 ], [ 76.102, 17.345 ], [ 76.098, 17.357 ], [ 76.106, 17.367 ], [ 76.119, 17.365 ], [ 76.123, 17.353 ], [ 76.135, 17.351 ], [ 76.144, 17.361 ], [ 76.157, 17.359 ], [ 76.161, 17.346 ], [ 76.173, 17.344 ], [ 76.182, 17.354 ], [ 76.194, 17.352 ], [ 76.203, 17.362 ], [ 76.215, 17.36 ], [ 76.224, 17.37 ], [ 76.237, 17.368 ], [ 76.245, 17.378 ], [ 76.258, 17.376 ], [ 76.262, 17.364 ], [ 76.274, 17.362 ], [ 76.278, 17.35 ], [ 76.27, 17.34 ], [ 76.274, 17.328 ], [ 76.286, 17.325 ], [ 76.295, 17.335 ], [ 76.308, 17.333 ], [ 76.316, 17.343 ], [ 76.329, 17.341 ], [ 76.337, 17.351 ], [ 76.35, 17.349 ], [ 76.354, 17.337 ], [ 76.345, 17.327 ], [ 76.349, 17.315 ], [ 76.362, 17.313 ], [ 76.371, 17.323 ], [ 76.383, 17.321 ], [ 76.392, 17.331 ], [ 76.388, 17.343 ], [ 76.396, 17.353 ], [ 76.409, 17.351 ], [ 76.417, 17.361 ], [ 76.413, 17.373 ], [ 76.401, 17.375 ], [ 76.392, 17.365 ], [ 76.38, 17.367 ], [ 76.376, 17.379 ], [ 76.363, 17.381 ], [ 76.359, 17.393 ], [ 76.367, 17.403 ], [ 76.363, 17.416 ], [ 76.372, 17.426 ], [ 76.368, 17.438 ], [ 76.355, 17.44 ], [ 76.347, 17.43 ], [ 76.334, 17.432 ], [ 76.33, 17.444 ], [ 76.339, 17.454 ], [ 76.335, 17.466 ], [ 76.343, 17.476 ], [ 76.356, 17.474 ], [ 76.364, 17.484 ], [ 76.36, 17.496 ], [ 76.348, 17.498 ], [ 76.344, 17.51 ], [ 76.352, 17.52 ], [ 76.365, 17.518 ], [ 76.373, 17.528 ], [ 76.369, 17.54 ], [ 76.357, 17.542 ], [ 76.348, 17.532 ], [ 76.335, 17.535 ], [ 76.331, 17.547 ], [ 76.34, 17.557 ], [ 76.336, 17.569 ], [ 76.344, 17.579 ], [ 76.34, 17.591 ], [ 76.349, 17.601 ], [ 76.362, 17.599 ], [ 76.37, 17.609 ], [ 76.383, 17.607 ], [ 76.387, 17.595 ], [ 76.399, 17.593 ], [ 76.408, 17.603 ], [ 76.421, 17.601 ], [ 76.429, 17.611 ], [ 76.425, 17.623 ], [ 76.434, 17.633 ], [ 76.43, 17.645 ], [ 76.438, 17.655 ], [ 76.451, 17.653 ], [ 76.459, 17.663 ], [ 76.472, 17.661 ], [ 76.481, 17.671 ], [ 76.477, 17.683 ], [ 76.485, 17.693 ], [ 76.481, 17.705 ], [ 76.49, 17.715 ], [ 76.502, 17.713 ], [ 76.511, 17.723 ], [ 76.524, 17.721 ], [ 76.532, 17.731 ], [ 76.528, 17.743 ], [ 76.537, 17.753 ], [ 76.549, 17.751 ], [ 76.558, 17.761 ], [ 76.571, 17.759 ], [ 76.575, 17.747 ], [ 76.566, 17.737 ], [ 76.57, 17.724 ], [ 76.562, 17.714 ], [ 76.566, 17.702 ], [ 76.578, 17.7 ], [ 76.587, 17.71 ], [ 76.583, 17.722 ], [ 76.591, 17.732 ], [ 76.604, 17.73 ], [ 76.613, 17.74 ], [ 76.609, 17.752 ], [ 76.617, 17.762 ], [ 76.63, 17.76 ], [ 76.634, 17.748 ], [ 76.625, 17.738 ], [ 76.629, 17.726 ], [ 76.642, 17.724 ], [ 76.646, 17.712 ], [ 76.659, 17.71 ], [ 76.663, 17.698 ], [ 76.675, 17.696 ], [ 76.679, 17.683 ], [ 76.692, 17.681 ], [ 76.701, 17.691 ], [ 76.697, 17.704 ], [ 76.705, 17.714 ], [ 76.701, 17.726 ], [ 76.71, 17.736 ], [ 76.723, 17.734 ], [ 76.731, 17.744 ], [ 76.727, 17.756 ], [ 76.714, 17.758 ], [ 76.71, 17.77 ], [ 76.719, 17.78 ], [ 76.732, 17.778 ], [ 76.74, 17.788 ], [ 76.753, 17.786 ], [ 76.762, 17.796 ], [ 76.774, 17.794 ], [ 76.783, 17.804 ], [ 76.779, 17.816 ], [ 76.787, 17.826 ], [ 76.783, 17.838 ], [ 76.771, 17.84 ], [ 76.767, 17.852 ], [ 76.754, 17.854 ], [ 76.75, 17.866 ], [ 76.737, 17.869 ], [ 76.733, 17.881 ], [ 76.742, 17.891 ], [ 76.754, 17.889 ], [ 76.763, 17.899 ], [ 76.776, 17.897 ], [ 76.78, 17.884 ], [ 76.792, 17.882 ], [ 76.797, 17.87 ], [ 76.809, 17.868 ], [ 76.818, 17.878 ], [ 76.814, 17.89 ], [ 76.822, 17.9 ], [ 76.835, 17.898 ], [ 76.844, 17.908 ], [ 76.856, 17.906 ], [ 76.861, 17.894 ], [ 76.873, 17.892 ], [ 76.882, 17.902 ], [ 76.895, 17.9 ], [ 76.903, 17.91 ], [ 76.916, 17.908 ], [ 76.925, 17.918 ], [ 76.921, 17.93 ], [ 76.929, 17.94 ], [ 76.925, 17.952 ], [ 76.912, 17.954 ], [ 76.908, 17.966 ], [ 76.917, 17.976 ], [ 76.913, 17.988 ], [ 76.9, 17.99 ], [ 76.896, 18.003 ], [ 76.905, 18.013 ], [ 76.901, 18.025 ], [ 76.909, 18.035 ], [ 76.922, 18.033 ], [ 76.931, 18.043 ], [ 76.943, 18.041 ], [ 76.952, 18.051 ], [ 76.948, 18.063 ], [ 76.957, 18.073 ], [ 76.953, 18.085 ], [ 76.961, 18.095 ], [ 76.957, 18.107 ], [ 76.944, 18.109 ], [ 76.94, 18.121 ], [ 76.928, 18.123 ], [ 76.924, 18.135 ], [ 76.932, 18.145 ], [ 76.928, 18.158 ], [ 76.937, 18.168 ], [ 76.95, 18.166 ], [ 76.958, 18.176 ], [ 76.954, 18.188 ], [ 76.963, 18.198 ], [ 76.976, 18.196 ], [ 76.98, 18.183 ], [ 76.992, 18.181 ], [ 76.996, 18.169 ], [ 77.009, 18.167 ], [ 77.018, 18.177 ], [ 77.031, 18.175 ], [ 77.039, 18.185 ], [ 77.052, 18.183 ], [ 77.056, 18.171 ], [ 77.047, 18.161 ], [ 77.051, 18.149 ], [ 77.064, 18.147 ], [ 77.073, 18.157 ], [ 77.086, 18.155 ], [ 77.094, 18.165 ], [ 77.107, 18.163 ], [ 77.116, 18.173 ], [ 77.112, 18.185 ], [ 77.099, 18.187 ], [ 77.095, 18.199 ], [ 77.103, 18.209 ], [ 77.116, 18.207 ], [ 77.125, 18.217 ], [ 77.138, 18.215 ], [ 77.146, 18.225 ], [ 77.142, 18.237 ], [ 77.151, 18.247 ], [ 77.164, 18.245 ], [ 77.172, 18.255 ], [ 77.168, 18.267 ], [ 77.177, 18.277 ], [ 77.19, 18.275 ], [ 77.198, 18.285 ], [ 77.194, 18.297 ], [ 77.203, 18.307 ], [ 77.199, 18.319 ], [ 77.208, 18.329 ], [ 77.22, 18.327 ], [ 77.229, 18.337 ], [ 77.225, 18.349 ], [ 77.234, 18.359 ], [ 77.23, 18.372 ], [ 77.238, 18.382 ], [ 77.234, 18.394 ], [ 77.243, 18.404 ], [ 77.256, 18.402 ], [ 77.265, 18.412 ], [ 77.26, 18.424 ], [ 77.269, 18.434 ], [ 77.282, 18.432 ], [ 77.291, 18.442 ], [ 77.303, 18.44 ], [ 77.312, 18.45 ], [ 77.325, 18.448 ], [ 77.329, 18.436 ], [ 77.342, 18.433 ], [ 77.35, 18.443 ], [ 77.363, 18.441 ], [ 77.367, 18.429 ], [ 77.359, 18.419 ], [ 77.363, 18.407 ], [ 77.376, 18.405 ], [ 77.38, 18.393 ], [ 77.392, 18.391 ], [ 77.401, 18.401 ], [ 77.414, 18.399 ], [ 77.418, 18.387 ], [ 77.409, 18.377 ], [ 77.396, 18.379 ], [ 77.388, 18.369 ], [ 77.392, 18.356 ], [ 77.383, 18.346 ], [ 77.387, 18.334 ], [ 77.378, 18.324 ], [ 77.366, 18.326 ], [ 77.357, 18.316 ], [ 77.361, 18.304 ], [ 77.374, 18.302 ], [ 77.383, 18.312 ], [ 77.395, 18.31 ], [ 77.399, 18.298 ], [ 77.412, 18.296 ], [ 77.421, 18.306 ], [ 77.434, 18.304 ], [ 77.438, 18.292 ], [ 77.451, 18.289 ], [ 77.455, 18.277 ], [ 77.467, 18.275 ], [ 77.472, 18.263 ], [ 77.484, 18.261 ], [ 77.493, 18.271 ], [ 77.506, 18.269 ], [ 77.515, 18.279 ], [ 77.511, 18.291 ], [ 77.519, 18.301 ], [ 77.532, 18.299 ], [ 77.536, 18.287 ], [ 77.549, 18.285 ], [ 77.558, 18.295 ], [ 77.554, 18.307 ], [ 77.562, 18.317 ], [ 77.558, 18.329 ], [ 77.545, 18.331 ], [ 77.541, 18.343 ], [ 77.529, 18.345 ], [ 77.524, 18.358 ], [ 77.533, 18.368 ], [ 77.529, 18.38 ], [ 77.538, 18.39 ], [ 77.551, 18.388 ], [ 77.559, 18.398 ], [ 77.555, 18.41 ], [ 77.543, 18.412 ], [ 77.538, 18.424 ], [ 77.526, 18.426 ], [ 77.522, 18.438 ], [ 77.53, 18.448 ], [ 77.543, 18.446 ], [ 77.547, 18.434 ], [ 77.56, 18.432 ], [ 77.569, 18.442 ], [ 77.582, 18.44 ], [ 77.59, 18.45 ], [ 77.586, 18.462 ], [ 77.573, 18.464 ], [ 77.569, 18.476 ], [ 77.578, 18.486 ], [ 77.591, 18.484 ], [ 77.6, 18.494 ], [ 77.596, 18.506 ], [ 77.604, 18.517 ], [ 77.6, 18.529 ], [ 77.587, 18.531 ], [ 77.583, 18.543 ], [ 77.592, 18.553 ], [ 77.605, 18.551 ], [ 77.614, 18.561 ], [ 77.627, 18.559 ], [ 77.631, 18.547 ], [ 77.643, 18.545 ], [ 77.648, 18.532 ], [ 77.66, 18.53 ], [ 77.669, 18.54 ], [ 77.682, 18.538 ], [ 77.691, 18.548 ], [ 77.704, 18.546 ], [ 77.712, 18.556 ], [ 77.725, 18.554 ], [ 77.734, 18.564 ], [ 77.73, 18.576 ], [ 77.739, 18.586 ], [ 77.752, 18.584 ], [ 77.76, 18.594 ], [ 77.756, 18.606 ], [ 77.743, 18.608 ], [ 77.739, 18.621 ], [ 77.748, 18.631 ], [ 77.744, 18.643 ], [ 77.731, 18.645 ], [ 77.727, 18.657 ], [ 77.736, 18.667 ], [ 77.732, 18.679 ], [ 77.741, 18.689 ], [ 77.753, 18.687 ], [ 77.762, 18.697 ], [ 77.775, 18.695 ], [ 77.779, 18.683 ], [ 77.792, 18.681 ], [ 77.801, 18.691 ], [ 77.797, 18.703 ], [ 77.805, 18.713 ], [ 77.801, 18.725 ], [ 77.81, 18.735 ], [ 77.806, 18.747 ], [ 77.815, 18.757 ], [ 77.828, 18.755 ], [ 77.837, 18.765 ], [ 77.832, 18.777 ], [ 77.841, 18.787 ], [ 77.837, 18.8 ], [ 77.846, 18.81 ], [ 77.859, 18.808 ], [ 77.868, 18.818 ], [ 77.88, 18.815 ], [ 77.889, 18.826 ], [ 77.902, 18.823 ], [ 77.911, 18.833 ], [ 77.924, 18.831 ], [ 77.928, 18.819 ], [ 77.941, 18.817 ], [ 77.95, 18.827 ], [ 77.946, 18.839 ], [ 77.933, 18.841 ], [ 77.929, 18.854 ], [ 77.916, 18.856 ], [ 77.912, 18.868 ], [ 77.899, 18.87 ], [ 77.895, 18.882 ], [ 77.882, 18.884 ], [ 77.878, 18.896 ], [ 77.865, 18.898 ], [ 77.861, 18.91 ], [ 77.848, 18.913 ], [ 77.844, 18.925 ], [ 77.853, 18.935 ], [ 77.848, 18.947 ], [ 77.836, 18.949 ], [ 77.827, 18.939 ], [ 77.814, 18.941 ], [ 77.81, 18.953 ], [ 77.819, 18.963 ], [ 77.815, 18.975 ], [ 77.802, 18.977 ], [ 77.793, 18.967 ], [ 77.78, 18.969 ], [ 77.776, 18.981 ], [ 77.785, 18.992 ], [ 77.781, 19.004 ] ] ], [ [ [ 75.362, 19.107 ], [ 75.366, 19.095 ], [ 75.379, 19.093 ], [ 75.387, 19.103 ], [ 75.383, 19.115 ], [ 75.392, 19.125 ], [ 75.404, 19.123 ], [ 75.413, 19.133 ], [ 75.409, 19.145 ], [ 75.396, 19.147 ], [ 75.388, 19.137 ], [ 75.375, 19.139 ], [ 75.367, 19.129 ], [ 75.354, 19.131 ], [ 75.35, 19.143 ], [ 75.338, 19.145 ], [ 75.329, 19.135 ], [ 75.333, 19.123 ], [ 75.346, 19.121 ], [ 75.35, 19.109 ], [ 75.362, 19.107 ] ] ] ] } },
{ "type": "Feature", "properties": { "POLYGON.ID": 33.0, "subregion": "India--Maharashtra--Vidarbha (Nagpur region)_CL26189", "FILTER": "Maharashtra", "POLYGON": "India--Maharashtra--Vidarbha (Nagpur region)_CL26189", "STATE": "Maharashtra", "COUNTY": "Nagpur", "OWNER": null }, "geometry": { "type": "MultiPolygon", "coordinates": [ [ [ [ 78.507, 20.512 ], [ 78.512, 20.5 ], [ 78.525, 20.498 ], [ 78.529, 20.486 ], [ 78.542, 20.484 ], [ 78.546, 20.472 ], [ 78.537, 20.462 ], [ 78.541, 20.45 ], [ 78.554, 20.448 ], [ 78.558, 20.435 ], [ 78.571, 20.433 ], [ 78.58, 20.443 ], [ 78.593, 20.441 ], [ 78.597, 20.429 ], [ 78.61, 20.427 ], [ 78.619, 20.437 ], [ 78.632, 20.435 ], [ 78.636, 20.423 ], [ 78.649, 20.421 ], [ 78.654, 20.409 ], [ 78.667, 20.407 ], [ 78.671, 20.395 ], [ 78.684, 20.393 ], [ 78.688, 20.381 ], [ 78.679, 20.371 ], [ 78.683, 20.359 ], [ 78.696, 20.357 ], [ 78.7, 20.345 ], [ 78.713, 20.343 ], [ 78.717, 20.331 ], [ 78.708, 20.321 ], [ 78.713, 20.309 ], [ 78.726, 20.307 ], [ 78.73, 20.294 ], [ 78.743, 20.292 ], [ 78.752, 20.302 ], [ 78.765, 20.3 ], [ 78.774, 20.31 ], [ 78.787, 20.308 ], [ 78.791, 20.296 ], [ 78.804, 20.294 ], [ 78.808, 20.282 ], [ 78.821, 20.28 ], [ 78.825, 20.268 ], [ 78.816, 20.258 ], [ 78.82, 20.246 ], [ 78.833, 20.244 ], [ 78.842, 20.254 ], [ 78.855, 20.252 ], [ 78.864, 20.262 ], [ 78.877, 20.26 ], [ 78.882, 20.248 ], [ 78.895, 20.246 ], [ 78.904, 20.256 ], [ 78.917, 20.253 ], [ 78.921, 20.241 ], [ 78.934, 20.239 ], [ 78.938, 20.227 ], [ 78.951, 20.225 ], [ 78.955, 20.213 ], [ 78.968, 20.211 ], [ 78.972, 20.199 ], [ 78.963, 20.189 ], [ 78.967, 20.177 ], [ 78.959, 20.167 ], [ 78.963, 20.155 ], [ 78.976, 20.152 ], [ 78.98, 20.14 ], [ 78.971, 20.13 ], [ 78.975, 20.118 ], [ 78.988, 20.116 ], [ 78.997, 20.126 ], [ 79.01, 20.124 ], [ 79.014, 20.112 ], [ 79.027, 20.11 ], [ 79.031, 20.098 ], [ 79.044, 20.096 ], [ 79.049, 20.084 ], [ 79.04, 20.073 ], [ 79.044, 20.061 ], [ 79.057, 20.059 ], [ 79.066, 20.069 ], [ 79.079, 20.067 ], [ 79.083, 20.055 ], [ 79.074, 20.045 ], [ 79.078, 20.033 ], [ 79.091, 20.031 ], [ 79.095, 20.019 ], [ 79.108, 20.017 ], [ 79.112, 20.004 ], [ 79.103, 19.994 ], [ 79.107, 19.982 ], [ 79.099, 19.972 ], [ 79.103, 19.96 ], [ 79.094, 19.95 ], [ 79.098, 19.938 ], [ 79.089, 19.928 ], [ 79.093, 19.916 ], [ 79.106, 19.914 ], [ 79.11, 19.901 ], [ 79.123, 19.899 ], [ 79.132, 19.909 ], [ 79.145, 19.907 ], [ 79.149, 19.895 ], [ 79.14, 19.885 ], [ 79.144, 19.873 ], [ 79.135, 19.863 ], [ 79.122, 19.865 ], [ 79.113, 19.855 ], [ 79.1, 19.857 ], [ 79.091, 19.847 ], [ 79.095, 19.835 ], [ 79.086, 19.825 ], [ 79.073, 19.827 ], [ 79.064, 19.817 ], [ 79.051, 19.819 ], [ 79.042, 19.809 ], [ 79.029, 19.811 ], [ 79.02, 19.801 ], [ 79.007, 19.803 ], [ 79.003, 19.815 ], [ 78.99, 19.818 ], [ 78.981, 19.807 ], [ 78.968, 19.81 ], [ 78.959, 19.8 ], [ 78.946, 19.802 ], [ 78.937, 19.792 ], [ 78.941, 19.78 ], [ 78.932, 19.769 ], [ 78.936, 19.757 ], [ 78.927, 19.747 ], [ 78.914, 19.749 ], [ 78.905, 19.739 ], [ 78.892, 19.741 ], [ 78.888, 19.754 ], [ 78.875, 19.756 ], [ 78.871, 19.768 ], [ 78.858, 19.77 ], [ 78.849, 19.76 ], [ 78.853, 19.748 ], [ 78.844, 19.738 ], [ 78.848, 19.726 ], [ 78.861, 19.724 ], [ 78.865, 19.711 ], [ 78.856, 19.701 ], [ 78.86, 19.689 ], [ 78.852, 19.679 ], [ 78.856, 19.667 ], [ 78.869, 19.665 ], [ 78.873, 19.653 ], [ 78.886, 19.651 ], [ 78.895, 19.661 ], [ 78.908, 19.659 ], [ 78.917, 19.669 ], [ 78.93, 19.666 ], [ 78.934, 19.654 ], [ 78.947, 19.652 ], [ 78.951, 19.64 ], [ 78.964, 19.638 ], [ 78.968, 19.626 ], [ 78.959, 19.616 ], [ 78.963, 19.604 ], [ 78.954, 19.594 ], [ 78.958, 19.581 ], [ 78.95, 19.571 ], [ 78.954, 19.559 ], [ 78.967, 19.557 ], [ 78.976, 19.567 ], [ 78.989, 19.565 ], [ 78.993, 19.553 ], [ 79.006, 19.551 ], [ 79.01, 19.538 ], [ 79.023, 19.536 ], [ 79.032, 19.546 ], [ 79.045, 19.544 ], [ 79.054, 19.554 ], [ 79.067, 19.552 ], [ 79.071, 19.54 ], [ 79.084, 19.538 ], [ 79.088, 19.526 ], [ 79.101, 19.523 ], [ 79.105, 19.511 ], [ 79.119, 19.509 ], [ 79.128, 19.519 ], [ 79.141, 19.517 ], [ 79.145, 19.505 ], [ 79.158, 19.503 ], [ 79.162, 19.491 ], [ 79.153, 19.48 ], [ 79.157, 19.468 ], [ 79.17, 19.466 ], [ 79.174, 19.454 ], [ 79.187, 19.452 ], [ 79.196, 19.462 ], [ 79.209, 19.46 ], [ 79.218, 19.47 ], [ 79.214, 19.482 ], [ 79.201, 19.484 ], [ 79.197, 19.496 ], [ 79.206, 19.506 ], [ 79.219, 19.504 ], [ 79.228, 19.514 ], [ 79.224, 19.526 ], [ 79.233, 19.536 ], [ 79.229, 19.549 ], [ 79.238, 19.559 ], [ 79.234, 19.571 ], [ 79.243, 19.581 ], [ 79.239, 19.593 ], [ 79.248, 19.603 ], [ 79.261, 19.601 ], [ 79.27, 19.611 ], [ 79.283, 19.609 ], [ 79.287, 19.597 ], [ 79.3, 19.594 ], [ 79.304, 19.582 ], [ 79.317, 19.58 ], [ 79.321, 19.568 ], [ 79.334, 19.566 ], [ 79.343, 19.576 ], [ 79.356, 19.574 ], [ 79.361, 19.561 ], [ 79.374, 19.559 ], [ 79.378, 19.547 ], [ 79.391, 19.545 ], [ 79.395, 19.533 ], [ 79.408, 19.531 ], [ 79.417, 19.541 ], [ 79.43, 19.538 ], [ 79.434, 19.526 ], [ 79.447, 19.524 ], [ 79.451, 19.512 ], [ 79.465, 19.51 ], [ 79.469, 19.497 ], [ 79.482, 19.495 ], [ 79.491, 19.505 ], [ 79.504, 19.503 ], [ 79.513, 19.513 ], [ 79.509, 19.525 ], [ 79.518, 19.535 ], [ 79.514, 19.548 ], [ 79.523, 19.558 ], [ 79.536, 19.555 ], [ 79.54, 19.543 ], [ 79.553, 19.541 ], [ 79.557, 19.529 ], [ 79.57, 19.527 ], [ 79.574, 19.514 ], [ 79.588, 19.512 ], [ 79.597, 19.522 ], [ 79.61, 19.52 ], [ 79.619, 19.53 ], [ 79.615, 19.542 ], [ 79.624, 19.552 ], [ 79.62, 19.565 ], [ 79.629, 19.575 ], [ 79.642, 19.572 ], [ 79.651, 19.582 ], [ 79.664, 19.58 ], [ 79.673, 19.59 ], [ 79.686, 19.588 ], [ 79.69, 19.576 ], [ 79.703, 19.574 ], [ 79.712, 19.584 ], [ 79.726, 19.582 ], [ 79.735, 19.592 ], [ 79.731, 19.604 ], [ 79.74, 19.614 ], [ 79.753, 19.612 ], [ 79.757, 19.599 ], [ 79.77, 19.597 ], [ 79.779, 19.607 ], [ 79.792, 19.605 ], [ 79.796, 19.593 ], [ 79.809, 19.591 ], [ 79.814, 19.578 ], [ 79.827, 19.576 ], [ 79.831, 19.564 ], [ 79.822, 19.554 ], [ 79.826, 19.542 ], [ 79.839, 19.54 ], [ 79.843, 19.527 ], [ 79.856, 19.525 ], [ 79.86, 19.513 ], [ 79.873, 19.511 ], [ 79.878, 19.498 ], [ 79.891, 19.496 ], [ 79.9, 19.506 ], [ 79.913, 19.504 ], [ 79.917, 19.492 ], [ 79.93, 19.49 ], [ 79.934, 19.477 ], [ 79.947, 19.475 ], [ 79.952, 19.463 ], [ 79.942, 19.453 ], [ 79.947, 19.441 ], [ 79.96, 19.438 ], [ 79.964, 19.426 ], [ 79.977, 19.424 ], [ 79.981, 19.412 ], [ 79.972, 19.401 ], [ 79.976, 19.389 ], [ 79.967, 19.379 ], [ 79.971, 19.367 ], [ 79.962, 19.357 ], [ 79.966, 19.345 ], [ 79.957, 19.335 ], [ 79.961, 19.322 ], [ 79.952, 19.312 ], [ 79.956, 19.3 ], [ 79.947, 19.29 ], [ 79.951, 19.278 ], [ 79.942, 19.268 ], [ 79.946, 19.255 ], [ 79.937, 19.245 ], [ 79.924, 19.248 ], [ 79.915, 19.238 ], [ 79.919, 19.225 ], [ 79.932, 19.223 ], [ 79.936, 19.211 ], [ 79.927, 19.201 ], [ 79.931, 19.188 ], [ 79.944, 19.186 ], [ 79.949, 19.174 ], [ 79.939, 19.164 ], [ 79.926, 19.166 ], [ 79.917, 19.156 ], [ 79.921, 19.144 ], [ 79.912, 19.134 ], [ 79.899, 19.136 ], [ 79.89, 19.126 ], [ 79.877, 19.128 ], [ 79.868, 19.118 ], [ 79.872, 19.106 ], [ 79.863, 19.096 ], [ 79.867, 19.084 ], [ 79.858, 19.074 ], [ 79.862, 19.061 ], [ 79.875, 19.059 ], [ 79.879, 19.047 ], [ 79.892, 19.044 ], [ 79.901, 19.055 ], [ 79.915, 19.052 ], [ 79.919, 19.04 ], [ 79.932, 19.038 ], [ 79.936, 19.025 ], [ 79.949, 19.023 ], [ 79.953, 19.011 ], [ 79.944, 19.001 ], [ 79.948, 18.989 ], [ 79.939, 18.978 ], [ 79.943, 18.966 ], [ 79.956, 18.964 ], [ 79.96, 18.952 ], [ 79.951, 18.942 ], [ 79.955, 18.929 ], [ 79.946, 18.919 ], [ 79.95, 18.907 ], [ 79.964, 18.905 ], [ 79.968, 18.892 ], [ 79.959, 18.882 ], [ 79.963, 18.87 ], [ 79.954, 18.86 ], [ 79.958, 18.848 ], [ 79.949, 18.838 ], [ 79.936, 18.84 ], [ 79.927, 18.83 ], [ 79.913, 18.832 ], [ 79.904, 18.822 ], [ 79.908, 18.81 ], [ 79.922, 18.808 ], [ 79.926, 18.795 ], [ 79.939, 18.793 ], [ 79.943, 18.781 ], [ 79.956, 18.778 ], [ 79.96, 18.766 ], [ 79.973, 18.764 ], [ 79.982, 18.774 ], [ 79.995, 18.772 ], [ 80.004, 18.782 ], [ 80.018, 18.779 ], [ 80.022, 18.767 ], [ 80.035, 18.765 ], [ 80.039, 18.752 ], [ 80.052, 18.75 ], [ 80.056, 18.738 ], [ 80.047, 18.728 ], [ 80.051, 18.715 ], [ 80.064, 18.713 ], [ 80.073, 18.723 ], [ 80.087, 18.721 ], [ 80.091, 18.709 ], [ 80.104, 18.706 ], [ 80.108, 18.694 ], [ 80.121, 18.692 ], [ 80.125, 18.679 ], [ 80.138, 18.677 ], [ 80.147, 18.687 ], [ 80.143, 18.699 ], [ 80.152, 18.709 ], [ 80.165, 18.707 ], [ 80.17, 18.695 ], [ 80.183, 18.692 ], [ 80.187, 18.68 ], [ 80.2, 18.678 ], [ 80.209, 18.688 ], [ 80.205, 18.7 ], [ 80.214, 18.71 ], [ 80.227, 18.708 ], [ 80.231, 18.696 ], [ 80.244, 18.693 ], [ 80.254, 18.703 ], [ 80.249, 18.716 ], [ 80.259, 18.726 ], [ 80.254, 18.738 ], [ 80.264, 18.748 ], [ 80.259, 18.761 ], [ 80.269, 18.771 ], [ 80.282, 18.768 ], [ 80.291, 18.778 ], [ 80.287, 18.791 ], [ 80.296, 18.801 ], [ 80.309, 18.798 ], [ 80.318, 18.808 ], [ 80.331, 18.806 ], [ 80.34, 18.816 ], [ 80.354, 18.814 ], [ 80.363, 18.824 ], [ 80.359, 18.836 ], [ 80.345, 18.839 ], [ 80.341, 18.851 ], [ 80.35, 18.861 ], [ 80.346, 18.873 ], [ 80.333, 18.876 ], [ 80.329, 18.888 ], [ 80.316, 18.89 ], [ 80.312, 18.903 ], [ 80.299, 18.905 ], [ 80.295, 18.917 ], [ 80.281, 18.919 ], [ 80.277, 18.932 ], [ 80.264, 18.934 ], [ 80.26, 18.946 ], [ 80.269, 18.956 ], [ 80.265, 18.969 ], [ 80.274, 18.979 ], [ 80.27, 18.991 ], [ 80.279, 19.001 ], [ 80.292, 18.999 ], [ 80.301, 19.009 ], [ 80.297, 19.021 ], [ 80.306, 19.031 ], [ 80.302, 19.044 ], [ 80.311, 19.054 ], [ 80.307, 19.066 ], [ 80.316, 19.076 ], [ 80.33, 19.074 ], [ 80.339, 19.084 ], [ 80.335, 19.096 ], [ 80.344, 19.106 ], [ 80.34, 19.118 ], [ 80.327, 19.121 ], [ 80.322, 19.133 ], [ 80.332, 19.143 ], [ 80.345, 19.141 ], [ 80.354, 19.151 ], [ 80.35, 19.163 ], [ 80.359, 19.173 ], [ 80.372, 19.171 ], [ 80.381, 19.181 ], [ 80.394, 19.179 ], [ 80.404, 19.189 ], [ 80.399, 19.201 ], [ 80.386, 19.203 ], [ 80.382, 19.216 ], [ 80.391, 19.226 ], [ 80.387, 19.238 ], [ 80.396, 19.248 ], [ 80.409, 19.246 ], [ 80.419, 19.256 ], [ 80.432, 19.253 ], [ 80.441, 19.264 ], [ 80.454, 19.261 ], [ 80.463, 19.271 ], [ 80.459, 19.284 ], [ 80.468, 19.294 ], [ 80.464, 19.306 ], [ 80.473, 19.316 ], [ 80.469, 19.328 ], [ 80.478, 19.338 ], [ 80.492, 19.336 ], [ 80.501, 19.346 ], [ 80.514, 19.344 ], [ 80.523, 19.354 ], [ 80.519, 19.366 ], [ 80.528, 19.376 ], [ 80.541, 19.374 ], [ 80.551, 19.384 ], [ 80.546, 19.396 ], [ 80.556, 19.406 ], [ 80.569, 19.404 ], [ 80.573, 19.392 ], [ 80.586, 19.389 ], [ 80.59, 19.377 ], [ 80.581, 19.367 ], [ 80.585, 19.355 ], [ 80.598, 19.353 ], [ 80.603, 19.34 ], [ 80.593, 19.33 ], [ 80.597, 19.318 ], [ 80.611, 19.316 ], [ 80.615, 19.303 ], [ 80.628, 19.301 ], [ 80.637, 19.311 ], [ 80.65, 19.309 ], [ 80.66, 19.319 ], [ 80.673, 19.316 ], [ 80.682, 19.326 ], [ 80.695, 19.324 ], [ 80.699, 19.312 ], [ 80.69, 19.302 ], [ 80.694, 19.289 ], [ 80.708, 19.287 ], [ 80.712, 19.275 ], [ 80.725, 19.273 ], [ 80.734, 19.283 ], [ 80.747, 19.28 ], [ 80.756, 19.29 ], [ 80.752, 19.303 ], [ 80.761, 19.313 ], [ 80.775, 19.31 ], [ 80.784, 19.32 ], [ 80.797, 19.318 ], [ 80.806, 19.328 ], [ 80.802, 19.341 ], [ 80.811, 19.351 ], [ 80.825, 19.348 ], [ 80.834, 19.358 ], [ 80.847, 19.356 ], [ 80.856, 19.366 ], [ 80.852, 19.378 ], [ 80.839, 19.381 ], [ 80.835, 19.393 ], [ 80.822, 19.395 ], [ 80.818, 19.408 ], [ 80.804, 19.41 ], [ 80.8, 19.422 ], [ 80.809, 19.432 ], [ 80.823, 19.43 ], [ 80.832, 19.44 ], [ 80.845, 19.438 ], [ 80.854, 19.448 ], [ 80.868, 19.445 ], [ 80.877, 19.455 ], [ 80.89, 19.453 ], [ 80.899, 19.463 ], [ 80.895, 19.476 ], [ 80.904, 19.486 ], [ 80.9, 19.498 ], [ 80.887, 19.5 ], [ 80.883, 19.513 ], [ 80.87, 19.515 ], [ 80.865, 19.527 ], [ 80.852, 19.529 ], [ 80.848, 19.542 ], [ 80.835, 19.544 ], [ 80.831, 19.556 ], [ 80.817, 19.559 ], [ 80.813, 19.571 ], [ 80.8, 19.573 ], [ 80.791, 19.563 ], [ 80.778, 19.565 ], [ 80.774, 19.578 ], [ 80.76, 19.58 ], [ 80.756, 19.592 ], [ 80.743, 19.595 ], [ 80.739, 19.607 ], [ 80.726, 19.609 ], [ 80.721, 19.622 ], [ 80.708, 19.624 ], [ 80.699, 19.614 ], [ 80.686, 19.616 ], [ 80.677, 19.606 ], [ 80.663, 19.608 ], [ 80.659, 19.621 ], [ 80.668, 19.631 ], [ 80.664, 19.643 ], [ 80.673, 19.653 ], [ 80.669, 19.665 ], [ 80.679, 19.675 ], [ 80.674, 19.688 ], [ 80.684, 19.698 ], [ 80.68, 19.71 ], [ 80.666, 19.712 ], [ 80.657, 19.702 ], [ 80.644, 19.704 ], [ 80.64, 19.717 ], [ 80.627, 19.719 ], [ 80.622, 19.731 ], [ 80.609, 19.733 ], [ 80.605, 19.746 ], [ 80.592, 19.748 ], [ 80.588, 19.76 ], [ 80.574, 19.763 ], [ 80.565, 19.753 ], [ 80.552, 19.755 ], [ 80.548, 19.767 ], [ 80.557, 19.777 ], [ 80.553, 19.789 ], [ 80.54, 19.792 ], [ 80.536, 19.804 ], [ 80.545, 19.814 ], [ 80.541, 19.826 ], [ 80.527, 19.828 ], [ 80.518, 19.818 ], [ 80.505, 19.821 ], [ 80.501, 19.833 ], [ 80.488, 19.835 ], [ 80.484, 19.847 ], [ 80.493, 19.857 ], [ 80.489, 19.87 ], [ 80.498, 19.88 ], [ 80.494, 19.892 ], [ 80.481, 19.894 ], [ 80.476, 19.906 ], [ 80.463, 19.909 ], [ 80.454, 19.899 ], [ 80.441, 19.901 ], [ 80.432, 19.891 ], [ 80.418, 19.893 ], [ 80.414, 19.905 ], [ 80.423, 19.915 ], [ 80.419, 19.928 ], [ 80.428, 19.938 ], [ 80.442, 19.935 ], [ 80.451, 19.945 ], [ 80.464, 19.943 ], [ 80.473, 19.953 ], [ 80.487, 19.951 ], [ 80.491, 19.939 ], [ 80.504, 19.937 ], [ 80.508, 19.924 ], [ 80.521, 19.922 ], [ 80.53, 19.932 ], [ 80.526, 19.944 ], [ 80.535, 19.954 ], [ 80.531, 19.967 ], [ 80.541, 19.977 ], [ 80.536, 19.989 ], [ 80.546, 19.999 ], [ 80.541, 20.011 ], [ 80.551, 20.021 ], [ 80.547, 20.033 ], [ 80.556, 20.043 ], [ 80.552, 20.056 ], [ 80.561, 20.066 ], [ 80.557, 20.078 ], [ 80.543, 20.08 ], [ 80.539, 20.092 ], [ 80.548, 20.103 ], [ 80.544, 20.115 ], [ 80.531, 20.117 ], [ 80.527, 20.129 ], [ 80.514, 20.131 ], [ 80.51, 20.144 ], [ 80.496, 20.146 ], [ 80.487, 20.136 ], [ 80.474, 20.138 ], [ 80.47, 20.15 ], [ 80.457, 20.153 ], [ 80.447, 20.143 ], [ 80.434, 20.145 ], [ 80.425, 20.135 ], [ 80.412, 20.137 ], [ 80.408, 20.149 ], [ 80.394, 20.151 ], [ 80.39, 20.164 ], [ 80.4, 20.174 ], [ 80.395, 20.186 ], [ 80.405, 20.196 ], [ 80.418, 20.194 ], [ 80.427, 20.204 ], [ 80.423, 20.216 ], [ 80.41, 20.218 ], [ 80.406, 20.23 ], [ 80.392, 20.233 ], [ 80.388, 20.245 ], [ 80.397, 20.255 ], [ 80.411, 20.253 ], [ 80.42, 20.263 ], [ 80.433, 20.26 ], [ 80.437, 20.248 ], [ 80.45, 20.246 ], [ 80.459, 20.256 ], [ 80.455, 20.268 ], [ 80.465, 20.278 ], [ 80.478, 20.276 ], [ 80.487, 20.286 ], [ 80.5, 20.284 ], [ 80.504, 20.272 ], [ 80.518, 20.269 ], [ 80.527, 20.279 ], [ 80.54, 20.277 ], [ 80.549, 20.287 ], [ 80.545, 20.299 ], [ 80.554, 20.309 ], [ 80.568, 20.307 ], [ 80.577, 20.317 ], [ 80.59, 20.315 ], [ 80.599, 20.325 ], [ 80.612, 20.323 ], [ 80.622, 20.333 ], [ 80.618, 20.345 ], [ 80.627, 20.355 ], [ 80.623, 20.367 ], [ 80.609, 20.37 ], [ 80.605, 20.382 ], [ 80.592, 20.384 ], [ 80.588, 20.396 ], [ 80.597, 20.406 ], [ 80.593, 20.418 ], [ 80.602, 20.428 ], [ 80.598, 20.441 ], [ 80.607, 20.451 ], [ 80.603, 20.463 ], [ 80.612, 20.473 ], [ 80.608, 20.485 ], [ 80.617, 20.495 ], [ 80.613, 20.507 ], [ 80.622, 20.517 ], [ 80.618, 20.53 ], [ 80.628, 20.54 ], [ 80.623, 20.552 ], [ 80.633, 20.562 ], [ 80.628, 20.574 ], [ 80.615, 20.576 ], [ 80.611, 20.588 ], [ 80.62, 20.598 ], [ 80.616, 20.611 ], [ 80.603, 20.613 ], [ 80.594, 20.603 ], [ 80.58, 20.605 ], [ 80.571, 20.595 ], [ 80.558, 20.597 ], [ 80.549, 20.587 ], [ 80.535, 20.589 ], [ 80.526, 20.579 ], [ 80.513, 20.582 ], [ 80.509, 20.594 ], [ 80.496, 20.596 ], [ 80.492, 20.608 ], [ 80.478, 20.61 ], [ 80.474, 20.623 ], [ 80.483, 20.633 ], [ 80.497, 20.63 ], [ 80.506, 20.64 ], [ 80.502, 20.653 ], [ 80.511, 20.663 ], [ 80.524, 20.66 ], [ 80.533, 20.67 ], [ 80.547, 20.668 ], [ 80.556, 20.678 ], [ 80.569, 20.676 ], [ 80.578, 20.686 ], [ 80.574, 20.698 ], [ 80.561, 20.7 ], [ 80.557, 20.713 ], [ 80.566, 20.723 ], [ 80.562, 20.735 ], [ 80.571, 20.745 ], [ 80.567, 20.757 ], [ 80.554, 20.759 ], [ 80.549, 20.771 ], [ 80.559, 20.781 ], [ 80.555, 20.794 ], [ 80.564, 20.804 ], [ 80.56, 20.816 ], [ 80.569, 20.826 ], [ 80.565, 20.838 ], [ 80.551, 20.84 ], [ 80.547, 20.852 ], [ 80.557, 20.862 ], [ 80.552, 20.874 ], [ 80.562, 20.884 ], [ 80.557, 20.897 ], [ 80.544, 20.899 ], [ 80.54, 20.911 ], [ 80.549, 20.921 ], [ 80.545, 20.933 ], [ 80.532, 20.935 ], [ 80.523, 20.925 ], [ 80.509, 20.927 ], [ 80.505, 20.94 ], [ 80.492, 20.942 ], [ 80.483, 20.932 ], [ 80.469, 20.934 ], [ 80.465, 20.946 ], [ 80.452, 20.948 ], [ 80.448, 20.96 ], [ 80.457, 20.97 ], [ 80.453, 20.983 ], [ 80.44, 20.985 ], [ 80.436, 20.997 ], [ 80.422, 20.999 ], [ 80.418, 21.011 ], [ 80.427, 21.021 ], [ 80.441, 21.019 ], [ 80.45, 21.029 ], [ 80.446, 21.041 ], [ 80.455, 21.051 ], [ 80.451, 21.063 ], [ 80.46, 21.073 ], [ 80.456, 21.085 ], [ 80.443, 21.088 ], [ 80.439, 21.1 ], [ 80.448, 21.11 ], [ 80.444, 21.122 ], [ 80.453, 21.132 ], [ 80.449, 21.144 ], [ 80.458, 21.154 ], [ 80.454, 21.166 ], [ 80.463, 21.176 ], [ 80.476, 21.174 ], [ 80.485, 21.184 ], [ 80.499, 21.182 ], [ 80.508, 21.192 ], [ 80.521, 21.19 ], [ 80.53, 21.2 ], [ 80.544, 21.198 ], [ 80.553, 21.208 ], [ 80.566, 21.205 ], [ 80.575, 21.215 ], [ 80.589, 21.213 ], [ 80.598, 21.223 ], [ 80.611, 21.221 ], [ 80.62, 21.231 ], [ 80.616, 21.243 ], [ 80.626, 21.253 ], [ 80.639, 21.251 ], [ 80.648, 21.261 ], [ 80.644, 21.273 ], [ 80.653, 21.283 ], [ 80.667, 21.281 ], [ 80.676, 21.291 ], [ 80.672, 21.303 ], [ 80.681, 21.313 ], [ 80.677, 21.325 ], [ 80.663, 21.328 ], [ 80.654, 21.318 ], [ 80.641, 21.32 ], [ 80.637, 21.332 ], [ 80.623, 21.334 ], [ 80.614, 21.324 ], [ 80.601, 21.326 ], [ 80.597, 21.338 ], [ 80.583, 21.34 ], [ 80.579, 21.353 ], [ 80.566, 21.355 ], [ 80.562, 21.367 ], [ 80.549, 21.369 ], [ 80.544, 21.381 ], [ 80.531, 21.383 ], [ 80.527, 21.395 ], [ 80.514, 21.397 ], [ 80.505, 21.387 ], [ 80.491, 21.39 ], [ 80.487, 21.402 ], [ 80.474, 21.404 ], [ 80.465, 21.394 ], [ 80.451, 21.396 ], [ 80.442, 21.386 ], [ 80.446, 21.374 ], [ 80.437, 21.364 ], [ 80.424, 21.366 ], [ 80.42, 21.378 ], [ 80.406, 21.38 ], [ 80.402, 21.392 ], [ 80.411, 21.402 ], [ 80.407, 21.414 ], [ 80.416, 21.424 ], [ 80.412, 21.436 ], [ 80.421, 21.446 ], [ 80.417, 21.459 ], [ 80.404, 21.461 ], [ 80.4, 21.473 ], [ 80.387, 21.475 ], [ 80.382, 21.487 ], [ 80.392, 21.497 ], [ 80.388, 21.509 ], [ 80.374, 21.511 ], [ 80.37, 21.523 ], [ 80.357, 21.525 ], [ 80.353, 21.537 ], [ 80.339, 21.54 ], [ 80.335, 21.552 ], [ 80.322, 21.554 ], [ 80.318, 21.566 ], [ 80.305, 21.568 ], [ 80.3, 21.58 ], [ 80.287, 21.582 ], [ 80.283, 21.594 ], [ 80.27, 21.596 ], [ 80.266, 21.608 ], [ 80.275, 21.618 ], [ 80.271, 21.63 ], [ 80.257, 21.632 ], [ 80.248, 21.622 ], [ 80.235, 21.625 ], [ 80.226, 21.615 ], [ 80.212, 21.617 ], [ 80.208, 21.629 ], [ 80.195, 21.631 ], [ 80.186, 21.621 ], [ 80.173, 21.623 ], [ 80.163, 21.613 ], [ 80.15, 21.615 ], [ 80.141, 21.605 ], [ 80.128, 21.607 ], [ 80.118, 21.597 ], [ 80.105, 21.599 ], [ 80.096, 21.589 ], [ 80.1, 21.577 ], [ 80.091, 21.567 ], [ 80.078, 21.569 ], [ 80.069, 21.559 ], [ 80.055, 21.561 ], [ 80.046, 21.551 ], [ 80.033, 21.553 ], [ 80.024, 21.543 ], [ 80.01, 21.545 ], [ 80.001, 21.535 ], [ 79.988, 21.537 ], [ 79.984, 21.549 ], [ 79.971, 21.552 ], [ 79.967, 21.564 ], [ 79.953, 21.566 ], [ 79.944, 21.556 ], [ 79.931, 21.558 ], [ 79.922, 21.548 ], [ 79.926, 21.536 ], [ 79.917, 21.526 ], [ 79.903, 21.528 ], [ 79.894, 21.518 ], [ 79.881, 21.52 ], [ 79.877, 21.532 ], [ 79.864, 21.534 ], [ 79.855, 21.524 ], [ 79.859, 21.512 ], [ 79.85, 21.502 ], [ 79.836, 21.504 ], [ 79.827, 21.494 ], [ 79.831, 21.482 ], [ 79.822, 21.472 ], [ 79.809, 21.474 ], [ 79.8, 21.464 ], [ 79.787, 21.466 ], [ 79.777, 21.456 ], [ 79.764, 21.458 ], [ 79.755, 21.448 ], [ 79.742, 21.45 ], [ 79.733, 21.44 ], [ 79.72, 21.442 ], [ 79.71, 21.432 ], [ 79.697, 21.434 ], [ 79.688, 21.424 ], [ 79.675, 21.426 ], [ 79.666, 21.416 ], [ 79.653, 21.418 ], [ 79.643, 21.408 ], [ 79.63, 21.41 ], [ 79.621, 21.4 ], [ 79.608, 21.402 ], [ 79.599, 21.392 ], [ 79.586, 21.394 ], [ 79.577, 21.384 ], [ 79.563, 21.386 ], [ 79.554, 21.376 ], [ 79.541, 21.378 ], [ 79.537, 21.391 ], [ 79.524, 21.393 ], [ 79.515, 21.383 ], [ 79.501, 21.385 ], [ 79.492, 21.375 ], [ 79.479, 21.377 ], [ 79.475, 21.389 ], [ 79.462, 21.391 ], [ 79.453, 21.381 ], [ 79.44, 21.383 ], [ 79.436, 21.395 ], [ 79.422, 21.397 ], [ 79.418, 21.409 ], [ 79.405, 21.411 ], [ 79.401, 21.423 ], [ 79.388, 21.425 ], [ 79.379, 21.415 ], [ 79.365, 21.417 ], [ 79.356, 21.407 ], [ 79.343, 21.409 ], [ 79.334, 21.399 ], [ 79.338, 21.387 ], [ 79.329, 21.377 ], [ 79.316, 21.379 ], [ 79.312, 21.391 ], [ 79.299, 21.393 ], [ 79.295, 21.405 ], [ 79.281, 21.407 ], [ 79.277, 21.419 ], [ 79.264, 21.421 ], [ 79.255, 21.411 ], [ 79.242, 21.413 ], [ 79.233, 21.403 ], [ 79.22, 21.405 ], [ 79.211, 21.395 ], [ 79.198, 21.397 ], [ 79.188, 21.387 ], [ 79.175, 21.389 ], [ 79.166, 21.379 ], [ 79.153, 21.381 ], [ 79.149, 21.393 ], [ 79.136, 21.395 ], [ 79.127, 21.385 ], [ 79.114, 21.387 ], [ 79.11, 21.399 ], [ 79.096, 21.401 ], [ 79.092, 21.413 ], [ 79.079, 21.415 ], [ 79.07, 21.405 ], [ 79.057, 21.407 ], [ 79.053, 21.419 ], [ 79.04, 21.421 ], [ 79.036, 21.433 ], [ 79.022, 21.435 ], [ 79.018, 21.447 ], [ 79.005, 21.449 ], [ 78.996, 21.439 ], [ 78.983, 21.441 ], [ 78.979, 21.453 ], [ 78.966, 21.455 ], [ 78.962, 21.467 ], [ 78.948, 21.469 ], [ 78.944, 21.481 ], [ 78.931, 21.483 ], [ 78.927, 21.495 ], [ 78.914, 21.497 ], [ 78.905, 21.487 ], [ 78.892, 21.489 ], [ 78.883, 21.479 ], [ 78.87, 21.481 ], [ 78.866, 21.493 ], [ 78.852, 21.495 ], [ 78.843, 21.485 ], [ 78.83, 21.487 ], [ 78.826, 21.499 ], [ 78.813, 21.501 ], [ 78.804, 21.491 ], [ 78.791, 21.492 ], [ 78.782, 21.482 ], [ 78.769, 21.484 ], [ 78.765, 21.496 ], [ 78.752, 21.498 ], [ 78.743, 21.488 ], [ 78.747, 21.476 ], [ 78.738, 21.466 ], [ 78.725, 21.468 ], [ 78.716, 21.458 ], [ 78.703, 21.46 ], [ 78.698, 21.472 ], [ 78.685, 21.474 ], [ 78.681, 21.486 ], [ 78.668, 21.488 ], [ 78.659, 21.478 ], [ 78.646, 21.48 ], [ 78.637, 21.47 ], [ 78.624, 21.472 ], [ 78.62, 21.484 ], [ 78.607, 21.486 ], [ 78.598, 21.476 ], [ 78.585, 21.478 ], [ 78.581, 21.49 ], [ 78.568, 21.492 ], [ 78.563, 21.504 ], [ 78.55, 21.506 ], [ 78.546, 21.518 ], [ 78.533, 21.52 ], [ 78.529, 21.531 ], [ 78.516, 21.533 ], [ 78.507, 21.523 ], [ 78.494, 21.525 ], [ 78.485, 21.515 ], [ 78.489, 21.503 ], [ 78.48, 21.493 ], [ 78.467, 21.495 ], [ 78.463, 21.507 ], [ 78.45, 21.509 ], [ 78.441, 21.499 ], [ 78.428, 21.501 ], [ 78.419, 21.491 ], [ 78.423, 21.479 ], [ 78.436, 21.477 ], [ 78.44, 21.465 ], [ 78.431, 21.455 ], [ 78.435, 21.443 ], [ 78.448, 21.441 ], [ 78.453, 21.43 ], [ 78.444, 21.42 ], [ 78.448, 21.408 ], [ 78.439, 21.398 ], [ 78.426, 21.4 ], [ 78.417, 21.39 ], [ 78.404, 21.391 ], [ 78.395, 21.381 ], [ 78.382, 21.383 ], [ 78.378, 21.395 ], [ 78.364, 21.397 ], [ 78.356, 21.387 ], [ 78.342, 21.389 ], [ 78.334, 21.379 ], [ 78.321, 21.381 ], [ 78.312, 21.371 ], [ 78.316, 21.359 ], [ 78.307, 21.349 ], [ 78.294, 21.351 ], [ 78.285, 21.341 ], [ 78.272, 21.343 ], [ 78.263, 21.333 ], [ 78.25, 21.335 ], [ 78.241, 21.325 ], [ 78.228, 21.327 ], [ 78.224, 21.339 ], [ 78.211, 21.341 ], [ 78.202, 21.331 ], [ 78.189, 21.333 ], [ 78.18, 21.323 ], [ 78.167, 21.325 ], [ 78.163, 21.336 ], [ 78.15, 21.338 ], [ 78.146, 21.35 ], [ 78.133, 21.352 ], [ 78.124, 21.342 ], [ 78.111, 21.344 ], [ 78.106, 21.356 ], [ 78.093, 21.358 ], [ 78.085, 21.348 ], [ 78.089, 21.336 ], [ 78.08, 21.326 ], [ 78.084, 21.314 ], [ 78.075, 21.304 ], [ 78.079, 21.292 ], [ 78.07, 21.282 ], [ 78.057, 21.284 ], [ 78.048, 21.274 ], [ 78.052, 21.262 ], [ 78.044, 21.252 ], [ 78.048, 21.24 ], [ 78.061, 21.238 ], [ 78.065, 21.226 ], [ 78.078, 21.224 ], [ 78.082, 21.213 ], [ 78.095, 21.211 ], [ 78.099, 21.199 ], [ 78.09, 21.189 ], [ 78.094, 21.177 ], [ 78.107, 21.175 ], [ 78.111, 21.163 ], [ 78.124, 21.161 ], [ 78.128, 21.149 ], [ 78.141, 21.147 ], [ 78.146, 21.135 ], [ 78.137, 21.125 ], [ 78.141, 21.113 ], [ 78.132, 21.103 ], [ 78.136, 21.091 ], [ 78.149, 21.089 ], [ 78.153, 21.077 ], [ 78.144, 21.067 ], [ 78.148, 21.055 ], [ 78.139, 21.045 ], [ 78.144, 21.033 ], [ 78.135, 21.023 ], [ 78.139, 21.011 ], [ 78.13, 21.001 ], [ 78.134, 20.989 ], [ 78.147, 20.987 ], [ 78.151, 20.976 ], [ 78.142, 20.966 ], [ 78.146, 20.954 ], [ 78.159, 20.952 ], [ 78.163, 20.94 ], [ 78.177, 20.938 ], [ 78.181, 20.926 ], [ 78.172, 20.916 ], [ 78.176, 20.904 ], [ 78.189, 20.902 ], [ 78.198, 20.912 ], [ 78.211, 20.91 ], [ 78.215, 20.898 ], [ 78.228, 20.896 ], [ 78.232, 20.884 ], [ 78.245, 20.882 ], [ 78.249, 20.87 ], [ 78.262, 20.868 ], [ 78.266, 20.856 ], [ 78.279, 20.854 ], [ 78.283, 20.842 ], [ 78.296, 20.84 ], [ 78.301, 20.828 ], [ 78.314, 20.826 ], [ 78.318, 20.814 ], [ 78.309, 20.804 ], [ 78.296, 20.806 ], [ 78.287, 20.796 ], [ 78.291, 20.784 ], [ 78.304, 20.782 ], [ 78.308, 20.77 ], [ 78.299, 20.76 ], [ 78.303, 20.748 ], [ 78.316, 20.746 ], [ 78.32, 20.734 ], [ 78.311, 20.724 ], [ 78.298, 20.726 ], [ 78.29, 20.716 ], [ 78.294, 20.704 ], [ 78.285, 20.694 ], [ 78.272, 20.696 ], [ 78.263, 20.686 ], [ 78.267, 20.674 ], [ 78.258, 20.664 ], [ 78.262, 20.652 ], [ 78.253, 20.642 ], [ 78.257, 20.63 ], [ 78.248, 20.62 ], [ 78.253, 20.608 ], [ 78.266, 20.606 ], [ 78.27, 20.594 ], [ 78.261, 20.584 ], [ 78.265, 20.572 ], [ 78.278, 20.57 ], [ 78.282, 20.558 ], [ 78.295, 20.556 ], [ 78.299, 20.544 ], [ 78.312, 20.542 ], [ 78.321, 20.552 ], [ 78.334, 20.55 ], [ 78.338, 20.538 ], [ 78.351, 20.536 ], [ 78.355, 20.524 ], [ 78.368, 20.522 ], [ 78.377, 20.532 ], [ 78.39, 20.53 ], [ 78.394, 20.518 ], [ 78.407, 20.516 ], [ 78.416, 20.526 ], [ 78.429, 20.524 ], [ 78.433, 20.512 ], [ 78.446, 20.51 ], [ 78.455, 20.52 ], [ 78.468, 20.518 ], [ 78.477, 20.528 ], [ 78.49, 20.526 ], [ 78.494, 20.514 ], [ 78.507, 20.512 ] ], [ [ 80.478, 19.791 ], [ 80.468, 19.781 ], [ 80.455, 19.783 ], [ 80.451, 19.795 ], [ 80.438, 19.797 ], [ 80.429, 19.787 ], [ 80.416, 19.789 ], [ 80.411, 19.802 ], [ 80.421, 19.812 ], [ 80.434, 19.81 ], [ 80.443, 19.82 ], [ 80.456, 19.817 ], [ 80.465, 19.827 ], [ 80.479, 19.825 ], [ 80.483, 19.813 ], [ 80.474, 19.803 ], [ 80.478, 19.791 ] ], [ [ 79.509, 20.812 ], [ 79.514, 20.8 ], [ 79.504, 20.79 ], [ 79.491, 20.792 ], [ 79.482, 20.782 ], [ 79.469, 20.784 ], [ 79.465, 20.796 ], [ 79.452, 20.798 ], [ 79.443, 20.788 ], [ 79.43, 20.79 ], [ 79.421, 20.78 ], [ 79.407, 20.783 ], [ 79.403, 20.795 ], [ 79.39, 20.797 ], [ 79.386, 20.809 ], [ 79.373, 20.811 ], [ 79.369, 20.823 ], [ 79.378, 20.833 ], [ 79.374, 20.845 ], [ 79.383, 20.855 ], [ 79.379, 20.867 ], [ 79.365, 20.869 ], [ 79.361, 20.881 ], [ 79.37, 20.891 ], [ 79.384, 20.889 ], [ 79.393, 20.899 ], [ 79.406, 20.897 ], [ 79.415, 20.907 ], [ 79.428, 20.905 ], [ 79.437, 20.915 ], [ 79.45, 20.913 ], [ 79.459, 20.923 ], [ 79.472, 20.921 ], [ 79.482, 20.931 ], [ 79.495, 20.929 ], [ 79.504, 20.939 ], [ 79.517, 20.937 ], [ 79.521, 20.925 ], [ 79.534, 20.923 ], [ 79.543, 20.933 ], [ 79.556, 20.931 ], [ 79.566, 20.941 ], [ 79.579, 20.939 ], [ 79.588, 20.949 ], [ 79.601, 20.947 ], [ 79.61, 20.957 ], [ 79.606, 20.969 ], [ 79.615, 20.979 ], [ 79.611, 20.991 ], [ 79.62, 21.001 ], [ 79.616, 21.013 ], [ 79.625, 21.023 ], [ 79.638, 21.021 ], [ 79.642, 21.009 ], [ 79.655, 21.007 ], [ 79.66, 20.994 ], [ 79.673, 20.992 ], [ 79.677, 20.98 ], [ 79.69, 20.978 ], [ 79.694, 20.966 ], [ 79.685, 20.956 ], [ 79.689, 20.944 ], [ 79.68, 20.934 ], [ 79.684, 20.922 ], [ 79.675, 20.912 ], [ 79.662, 20.914 ], [ 79.653, 20.904 ], [ 79.657, 20.892 ], [ 79.648, 20.882 ], [ 79.635, 20.884 ], [ 79.626, 20.874 ], [ 79.63, 20.862 ], [ 79.621, 20.852 ], [ 79.608, 20.854 ], [ 79.598, 20.844 ], [ 79.585, 20.846 ], [ 79.576, 20.836 ], [ 79.563, 20.838 ], [ 79.559, 20.85 ], [ 79.546, 20.852 ], [ 79.537, 20.842 ], [ 79.523, 20.844 ], [ 79.514, 20.834 ], [ 79.519, 20.822 ], [ 79.509, 20.812 ] ] ] ] } },
{ "type": "Feature", "properties": { "POLYGON.ID": 34.0, "subregion": "India--Maharashtra--Vidarbha (Amravati region)_CL26190", "FILTER": "Maharashtra", "POLYGON": "India--Maharashtra--Vidarbha (Amravati region)_CL26190", "STATE": "Maharashtra", "COUNTY": "Amravati", "OWNER": null }, "geometry": { "type": "MultiPolygon", "coordinates": [ [ [ [ 76.051, 20.098 ], [ 76.055, 20.087 ], [ 76.068, 20.085 ], [ 76.072, 20.073 ], [ 76.063, 20.063 ], [ 76.051, 20.065 ], [ 76.042, 20.055 ], [ 76.029, 20.057 ], [ 76.021, 20.047 ], [ 76.025, 20.035 ], [ 76.016, 20.025 ], [ 76.004, 20.026 ], [ 75.995, 20.016 ], [ 75.999, 20.005 ], [ 75.991, 19.995 ], [ 75.978, 19.996 ], [ 75.969, 19.986 ], [ 75.973, 19.975 ], [ 75.986, 19.973 ], [ 75.995, 19.983 ], [ 76.007, 19.981 ], [ 76.011, 19.969 ], [ 76.003, 19.959 ], [ 76.007, 19.947 ], [ 76.02, 19.945 ], [ 76.028, 19.955 ], [ 76.041, 19.953 ], [ 76.045, 19.942 ], [ 76.058, 19.94 ], [ 76.062, 19.928 ], [ 76.074, 19.926 ], [ 76.078, 19.914 ], [ 76.07, 19.904 ], [ 76.074, 19.892 ], [ 76.087, 19.89 ], [ 76.091, 19.878 ], [ 76.082, 19.868 ], [ 76.086, 19.857 ], [ 76.099, 19.855 ], [ 76.107, 19.865 ], [ 76.12, 19.863 ], [ 76.124, 19.851 ], [ 76.137, 19.849 ], [ 76.145, 19.859 ], [ 76.158, 19.857 ], [ 76.162, 19.845 ], [ 76.175, 19.843 ], [ 76.184, 19.853 ], [ 76.196, 19.852 ], [ 76.205, 19.862 ], [ 76.218, 19.86 ], [ 76.226, 19.87 ], [ 76.239, 19.868 ], [ 76.247, 19.878 ], [ 76.26, 19.876 ], [ 76.269, 19.886 ], [ 76.281, 19.884 ], [ 76.286, 19.872 ], [ 76.298, 19.87 ], [ 76.307, 19.88 ], [ 76.32, 19.878 ], [ 76.328, 19.888 ], [ 76.341, 19.887 ], [ 76.35, 19.897 ], [ 76.345, 19.909 ], [ 76.354, 19.919 ], [ 76.367, 19.917 ], [ 76.375, 19.927 ], [ 76.388, 19.925 ], [ 76.392, 19.913 ], [ 76.405, 19.911 ], [ 76.414, 19.921 ], [ 76.426, 19.919 ], [ 76.435, 19.929 ], [ 76.448, 19.927 ], [ 76.452, 19.915 ], [ 76.464, 19.913 ], [ 76.473, 19.923 ], [ 76.486, 19.922 ], [ 76.49, 19.91 ], [ 76.481, 19.9 ], [ 76.485, 19.888 ], [ 76.498, 19.886 ], [ 76.502, 19.874 ], [ 76.515, 19.872 ], [ 76.519, 19.86 ], [ 76.532, 19.858 ], [ 76.536, 19.846 ], [ 76.549, 19.844 ], [ 76.553, 19.832 ], [ 76.565, 19.83 ], [ 76.574, 19.84 ], [ 76.587, 19.839 ], [ 76.596, 19.849 ], [ 76.608, 19.847 ], [ 76.612, 19.835 ], [ 76.625, 19.833 ], [ 76.634, 19.843 ], [ 76.63, 19.855 ], [ 76.638, 19.865 ], [ 76.651, 19.863 ], [ 76.655, 19.851 ], [ 76.668, 19.849 ], [ 76.677, 19.859 ], [ 76.689, 19.857 ], [ 76.698, 19.867 ], [ 76.711, 19.865 ], [ 76.719, 19.875 ], [ 76.732, 19.873 ], [ 76.741, 19.883 ], [ 76.737, 19.895 ], [ 76.746, 19.905 ], [ 76.758, 19.903 ], [ 76.767, 19.913 ], [ 76.763, 19.925 ], [ 76.772, 19.935 ], [ 76.784, 19.933 ], [ 76.788, 19.922 ], [ 76.801, 19.92 ], [ 76.81, 19.93 ], [ 76.823, 19.928 ], [ 76.831, 19.938 ], [ 76.827, 19.95 ], [ 76.836, 19.96 ], [ 76.849, 19.958 ], [ 76.857, 19.968 ], [ 76.87, 19.966 ], [ 76.874, 19.954 ], [ 76.887, 19.952 ], [ 76.896, 19.962 ], [ 76.909, 19.96 ], [ 76.917, 19.97 ], [ 76.93, 19.968 ], [ 76.939, 19.978 ], [ 76.952, 19.976 ], [ 76.96, 19.986 ], [ 76.973, 19.984 ], [ 76.982, 19.994 ], [ 76.978, 20.006 ], [ 76.986, 20.016 ], [ 76.999, 20.014 ], [ 77.003, 20.002 ], [ 77.016, 20.001 ], [ 77.025, 20.011 ], [ 77.038, 20.009 ], [ 77.042, 19.997 ], [ 77.055, 19.995 ], [ 77.059, 19.983 ], [ 77.072, 19.981 ], [ 77.076, 19.969 ], [ 77.088, 19.967 ], [ 77.093, 19.955 ], [ 77.084, 19.945 ], [ 77.088, 19.933 ], [ 77.101, 19.931 ], [ 77.109, 19.941 ], [ 77.122, 19.939 ], [ 77.131, 19.949 ], [ 77.144, 19.947 ], [ 77.153, 19.957 ], [ 77.165, 19.955 ], [ 77.174, 19.965 ], [ 77.17, 19.977 ], [ 77.179, 19.987 ], [ 77.192, 19.985 ], [ 77.2, 19.995 ], [ 77.213, 19.993 ], [ 77.217, 19.981 ], [ 77.209, 19.971 ], [ 77.213, 19.959 ], [ 77.204, 19.949 ], [ 77.208, 19.937 ], [ 77.221, 19.935 ], [ 77.23, 19.945 ], [ 77.242, 19.944 ], [ 77.247, 19.932 ], [ 77.238, 19.922 ], [ 77.242, 19.91 ], [ 77.233, 19.9 ], [ 77.237, 19.888 ], [ 77.25, 19.886 ], [ 77.259, 19.896 ], [ 77.255, 19.908 ], [ 77.263, 19.918 ], [ 77.276, 19.916 ], [ 77.28, 19.904 ], [ 77.293, 19.902 ], [ 77.302, 19.912 ], [ 77.315, 19.91 ], [ 77.319, 19.898 ], [ 77.31, 19.888 ], [ 77.314, 19.876 ], [ 77.327, 19.874 ], [ 77.336, 19.884 ], [ 77.349, 19.882 ], [ 77.353, 19.87 ], [ 77.344, 19.86 ], [ 77.348, 19.848 ], [ 77.339, 19.838 ], [ 77.344, 19.826 ], [ 77.356, 19.824 ], [ 77.365, 19.834 ], [ 77.378, 19.832 ], [ 77.382, 19.82 ], [ 77.373, 19.81 ], [ 77.377, 19.798 ], [ 77.39, 19.796 ], [ 77.394, 19.784 ], [ 77.407, 19.782 ], [ 77.411, 19.77 ], [ 77.403, 19.76 ], [ 77.39, 19.762 ], [ 77.381, 19.752 ], [ 77.385, 19.74 ], [ 77.398, 19.738 ], [ 77.407, 19.748 ], [ 77.42, 19.746 ], [ 77.424, 19.734 ], [ 77.436, 19.732 ], [ 77.441, 19.72 ], [ 77.453, 19.718 ], [ 77.458, 19.706 ], [ 77.449, 19.696 ], [ 77.453, 19.684 ], [ 77.466, 19.682 ], [ 77.474, 19.692 ], [ 77.487, 19.69 ], [ 77.491, 19.678 ], [ 77.504, 19.676 ], [ 77.508, 19.664 ], [ 77.521, 19.662 ], [ 77.53, 19.672 ], [ 77.543, 19.67 ], [ 77.547, 19.658 ], [ 77.56, 19.656 ], [ 77.564, 19.644 ], [ 77.577, 19.642 ], [ 77.586, 19.652 ], [ 77.598, 19.65 ], [ 77.603, 19.638 ], [ 77.615, 19.636 ], [ 77.62, 19.624 ], [ 77.632, 19.622 ], [ 77.637, 19.609 ], [ 77.628, 19.599 ], [ 77.632, 19.587 ], [ 77.645, 19.585 ], [ 77.649, 19.573 ], [ 77.64, 19.563 ], [ 77.644, 19.551 ], [ 77.657, 19.549 ], [ 77.661, 19.537 ], [ 77.674, 19.535 ], [ 77.683, 19.545 ], [ 77.696, 19.543 ], [ 77.7, 19.531 ], [ 77.713, 19.529 ], [ 77.721, 19.539 ], [ 77.734, 19.537 ], [ 77.738, 19.525 ], [ 77.751, 19.523 ], [ 77.755, 19.511 ], [ 77.747, 19.501 ], [ 77.734, 19.503 ], [ 77.725, 19.493 ], [ 77.729, 19.481 ], [ 77.72, 19.471 ], [ 77.707, 19.473 ], [ 77.698, 19.463 ], [ 77.703, 19.451 ], [ 77.694, 19.441 ], [ 77.698, 19.429 ], [ 77.711, 19.427 ], [ 77.72, 19.437 ], [ 77.732, 19.435 ], [ 77.741, 19.445 ], [ 77.754, 19.443 ], [ 77.758, 19.43 ], [ 77.771, 19.428 ], [ 77.78, 19.438 ], [ 77.793, 19.436 ], [ 77.802, 19.446 ], [ 77.798, 19.459 ], [ 77.806, 19.469 ], [ 77.819, 19.467 ], [ 77.823, 19.454 ], [ 77.815, 19.444 ], [ 77.819, 19.432 ], [ 77.831, 19.43 ], [ 77.84, 19.44 ], [ 77.836, 19.452 ], [ 77.845, 19.462 ], [ 77.841, 19.475 ], [ 77.85, 19.485 ], [ 77.846, 19.497 ], [ 77.854, 19.507 ], [ 77.85, 19.519 ], [ 77.859, 19.529 ], [ 77.872, 19.527 ], [ 77.876, 19.515 ], [ 77.889, 19.513 ], [ 77.898, 19.523 ], [ 77.911, 19.521 ], [ 77.915, 19.509 ], [ 77.928, 19.506 ], [ 77.932, 19.494 ], [ 77.945, 19.492 ], [ 77.954, 19.502 ], [ 77.967, 19.5 ], [ 77.971, 19.488 ], [ 77.984, 19.486 ], [ 77.988, 19.474 ], [ 77.979, 19.464 ], [ 77.983, 19.452 ], [ 77.996, 19.45 ], [ 78.005, 19.46 ], [ 78.018, 19.458 ], [ 78.026, 19.468 ], [ 78.022, 19.48 ], [ 78.031, 19.49 ], [ 78.044, 19.488 ], [ 78.048, 19.476 ], [ 78.061, 19.474 ], [ 78.065, 19.462 ], [ 78.078, 19.46 ], [ 78.087, 19.47 ], [ 78.083, 19.482 ], [ 78.092, 19.492 ], [ 78.105, 19.49 ], [ 78.114, 19.5 ], [ 78.127, 19.498 ], [ 78.135, 19.508 ], [ 78.131, 19.52 ], [ 78.14, 19.53 ], [ 78.136, 19.542 ], [ 78.145, 19.552 ], [ 78.158, 19.55 ], [ 78.167, 19.56 ], [ 78.18, 19.558 ], [ 78.188, 19.568 ], [ 78.184, 19.58 ], [ 78.193, 19.59 ], [ 78.189, 19.602 ], [ 78.198, 19.612 ], [ 78.194, 19.624 ], [ 78.181, 19.626 ], [ 78.177, 19.638 ], [ 78.186, 19.648 ], [ 78.182, 19.661 ], [ 78.169, 19.663 ], [ 78.16, 19.653 ], [ 78.147, 19.655 ], [ 78.143, 19.667 ], [ 78.13, 19.669 ], [ 78.121, 19.659 ], [ 78.108, 19.661 ], [ 78.099, 19.651 ], [ 78.103, 19.639 ], [ 78.094, 19.629 ], [ 78.081, 19.631 ], [ 78.077, 19.643 ], [ 78.064, 19.645 ], [ 78.06, 19.657 ], [ 78.069, 19.667 ], [ 78.065, 19.679 ], [ 78.052, 19.681 ], [ 78.048, 19.693 ], [ 78.035, 19.695 ], [ 78.026, 19.685 ], [ 78.013, 19.687 ], [ 78.005, 19.677 ], [ 77.992, 19.679 ], [ 77.987, 19.691 ], [ 77.975, 19.693 ], [ 77.97, 19.705 ], [ 77.958, 19.707 ], [ 77.953, 19.72 ], [ 77.941, 19.722 ], [ 77.936, 19.734 ], [ 77.923, 19.736 ], [ 77.915, 19.726 ], [ 77.902, 19.728 ], [ 77.898, 19.74 ], [ 77.885, 19.742 ], [ 77.876, 19.732 ], [ 77.863, 19.734 ], [ 77.859, 19.746 ], [ 77.868, 19.756 ], [ 77.864, 19.768 ], [ 77.851, 19.77 ], [ 77.847, 19.782 ], [ 77.855, 19.792 ], [ 77.851, 19.804 ], [ 77.86, 19.814 ], [ 77.856, 19.826 ], [ 77.865, 19.836 ], [ 77.878, 19.834 ], [ 77.887, 19.844 ], [ 77.883, 19.856 ], [ 77.891, 19.866 ], [ 77.887, 19.878 ], [ 77.896, 19.888 ], [ 77.909, 19.886 ], [ 77.918, 19.896 ], [ 77.931, 19.894 ], [ 77.94, 19.904 ], [ 77.953, 19.902 ], [ 77.961, 19.912 ], [ 77.974, 19.91 ], [ 77.983, 19.92 ], [ 77.996, 19.918 ], [ 78.0, 19.906 ], [ 78.013, 19.904 ], [ 78.022, 19.914 ], [ 78.035, 19.912 ], [ 78.044, 19.922 ], [ 78.057, 19.92 ], [ 78.061, 19.908 ], [ 78.074, 19.906 ], [ 78.078, 19.894 ], [ 78.091, 19.892 ], [ 78.1, 19.902 ], [ 78.113, 19.9 ], [ 78.117, 19.888 ], [ 78.13, 19.886 ], [ 78.139, 19.896 ], [ 78.135, 19.908 ], [ 78.143, 19.918 ], [ 78.156, 19.916 ], [ 78.16, 19.904 ], [ 78.173, 19.902 ], [ 78.177, 19.89 ], [ 78.19, 19.888 ], [ 78.199, 19.898 ], [ 78.212, 19.896 ], [ 78.221, 19.906 ], [ 78.234, 19.904 ], [ 78.243, 19.914 ], [ 78.256, 19.912 ], [ 78.26, 19.9 ], [ 78.251, 19.89 ], [ 78.255, 19.878 ], [ 78.268, 19.876 ], [ 78.277, 19.886 ], [ 78.273, 19.898 ], [ 78.282, 19.908 ], [ 78.295, 19.906 ], [ 78.304, 19.916 ], [ 78.317, 19.914 ], [ 78.321, 19.902 ], [ 78.334, 19.899 ], [ 78.338, 19.887 ], [ 78.351, 19.885 ], [ 78.355, 19.873 ], [ 78.368, 19.871 ], [ 78.377, 19.881 ], [ 78.39, 19.879 ], [ 78.394, 19.867 ], [ 78.385, 19.857 ], [ 78.389, 19.845 ], [ 78.402, 19.843 ], [ 78.406, 19.831 ], [ 78.419, 19.829 ], [ 78.423, 19.817 ], [ 78.436, 19.815 ], [ 78.445, 19.825 ], [ 78.458, 19.823 ], [ 78.462, 19.81 ], [ 78.475, 19.808 ], [ 78.479, 19.796 ], [ 78.492, 19.794 ], [ 78.501, 19.804 ], [ 78.514, 19.802 ], [ 78.523, 19.812 ], [ 78.536, 19.81 ], [ 78.545, 19.82 ], [ 78.558, 19.818 ], [ 78.567, 19.828 ], [ 78.58, 19.826 ], [ 78.584, 19.814 ], [ 78.597, 19.812 ], [ 78.606, 19.822 ], [ 78.619, 19.82 ], [ 78.623, 19.808 ], [ 78.636, 19.806 ], [ 78.645, 19.816 ], [ 78.658, 19.814 ], [ 78.662, 19.801 ], [ 78.675, 19.799 ], [ 78.68, 19.787 ], [ 78.693, 19.785 ], [ 78.697, 19.773 ], [ 78.71, 19.771 ], [ 78.719, 19.781 ], [ 78.732, 19.779 ], [ 78.741, 19.789 ], [ 78.754, 19.787 ], [ 78.758, 19.775 ], [ 78.771, 19.773 ], [ 78.78, 19.783 ], [ 78.793, 19.78 ], [ 78.797, 19.768 ], [ 78.81, 19.766 ], [ 78.814, 19.754 ], [ 78.827, 19.752 ], [ 78.836, 19.762 ], [ 78.849, 19.76 ], [ 78.858, 19.77 ], [ 78.871, 19.768 ], [ 78.875, 19.756 ], [ 78.888, 19.754 ], [ 78.892, 19.741 ], [ 78.905, 19.739 ], [ 78.914, 19.749 ], [ 78.927, 19.747 ], [ 78.936, 19.757 ], [ 78.932, 19.769 ], [ 78.941, 19.78 ], [ 78.937, 19.792 ], [ 78.946, 19.802 ], [ 78.959, 19.8 ], [ 78.968, 19.81 ], [ 78.981, 19.807 ], [ 78.99, 19.818 ], [ 79.003, 19.815 ], [ 79.007, 19.803 ], [ 79.02, 19.801 ], [ 79.029, 19.811 ], [ 79.042, 19.809 ], [ 79.051, 19.819 ], [ 79.064, 19.817 ], [ 79.073, 19.827 ], [ 79.086, 19.825 ], [ 79.095, 19.835 ], [ 79.091, 19.847 ], [ 79.1, 19.857 ], [ 79.113, 19.855 ], [ 79.122, 19.865 ], [ 79.135, 19.863 ], [ 79.144, 19.873 ], [ 79.14, 19.885 ], [ 79.149, 19.895 ], [ 79.145, 19.907 ], [ 79.132, 19.909 ], [ 79.123, 19.899 ], [ 79.11, 19.901 ], [ 79.106, 19.914 ], [ 79.093, 19.916 ], [ 79.089, 19.928 ], [ 79.098, 19.938 ], [ 79.094, 19.95 ], [ 79.103, 19.96 ], [ 79.099, 19.972 ], [ 79.107, 19.982 ], [ 79.103, 19.994 ], [ 79.112, 20.004 ], [ 79.108, 20.017 ], [ 79.095, 20.019 ], [ 79.091, 20.031 ], [ 79.078, 20.033 ], [ 79.074, 20.045 ], [ 79.083, 20.055 ], [ 79.079, 20.067 ], [ 79.066, 20.069 ], [ 79.057, 20.059 ], [ 79.044, 20.061 ], [ 79.04, 20.073 ], [ 79.049, 20.084 ], [ 79.044, 20.096 ], [ 79.031, 20.098 ], [ 79.027, 20.11 ], [ 79.014, 20.112 ], [ 79.01, 20.124 ], [ 78.997, 20.126 ], [ 78.988, 20.116 ], [ 78.975, 20.118 ], [ 78.971, 20.13 ], [ 78.98, 20.14 ], [ 78.976, 20.152 ], [ 78.963, 20.155 ], [ 78.959, 20.167 ], [ 78.967, 20.177 ], [ 78.963, 20.189 ], [ 78.972, 20.199 ], [ 78.968, 20.211 ], [ 78.955, 20.213 ], [ 78.951, 20.225 ], [ 78.938, 20.227 ], [ 78.934, 20.239 ], [ 78.921, 20.241 ], [ 78.917, 20.253 ], [ 78.904, 20.256 ], [ 78.895, 20.246 ], [ 78.882, 20.248 ], [ 78.877, 20.26 ], [ 78.864, 20.262 ], [ 78.855, 20.252 ], [ 78.842, 20.254 ], [ 78.833, 20.244 ], [ 78.82, 20.246 ], [ 78.816, 20.258 ], [ 78.825, 20.268 ], [ 78.821, 20.28 ], [ 78.808, 20.282 ], [ 78.804, 20.294 ], [ 78.791, 20.296 ], [ 78.787, 20.308 ], [ 78.774, 20.31 ], [ 78.765, 20.3 ], [ 78.752, 20.302 ], [ 78.743, 20.292 ], [ 78.73, 20.294 ], [ 78.726, 20.307 ], [ 78.713, 20.309 ], [ 78.708, 20.321 ], [ 78.717, 20.331 ], [ 78.713, 20.343 ], [ 78.7, 20.345 ], [ 78.696, 20.357 ], [ 78.683, 20.359 ], [ 78.679, 20.371 ], [ 78.688, 20.381 ], [ 78.684, 20.393 ], [ 78.671, 20.395 ], [ 78.667, 20.407 ], [ 78.654, 20.409 ], [ 78.649, 20.421 ], [ 78.636, 20.423 ], [ 78.632, 20.435 ], [ 78.619, 20.437 ], [ 78.61, 20.427 ], [ 78.597, 20.429 ], [ 78.593, 20.441 ], [ 78.58, 20.443 ], [ 78.571, 20.433 ], [ 78.558, 20.435 ], [ 78.554, 20.448 ], [ 78.541, 20.45 ], [ 78.537, 20.462 ], [ 78.546, 20.472 ], [ 78.542, 20.484 ], [ 78.529, 20.486 ], [ 78.525, 20.498 ], [ 78.512, 20.5 ], [ 78.507, 20.512 ], [ 78.494, 20.514 ], [ 78.49, 20.526 ], [ 78.477, 20.528 ], [ 78.468, 20.518 ], [ 78.455, 20.52 ], [ 78.446, 20.51 ], [ 78.433, 20.512 ], [ 78.429, 20.524 ], [ 78.416, 20.526 ], [ 78.407, 20.516 ], [ 78.394, 20.518 ], [ 78.39, 20.53 ], [ 78.377, 20.532 ], [ 78.368, 20.522 ], [ 78.355, 20.524 ], [ 78.351, 20.536 ], [ 78.338, 20.538 ], [ 78.334, 20.55 ], [ 78.321, 20.552 ], [ 78.312, 20.542 ], [ 78.299, 20.544 ], [ 78.295, 20.556 ], [ 78.282, 20.558 ], [ 78.278, 20.57 ], [ 78.265, 20.572 ], [ 78.261, 20.584 ], [ 78.27, 20.594 ], [ 78.266, 20.606 ], [ 78.253, 20.608 ], [ 78.248, 20.62 ], [ 78.257, 20.63 ], [ 78.253, 20.642 ], [ 78.262, 20.652 ], [ 78.258, 20.664 ], [ 78.267, 20.674 ], [ 78.263, 20.686 ], [ 78.272, 20.696 ], [ 78.285, 20.694 ], [ 78.294, 20.704 ], [ 78.29, 20.716 ], [ 78.298, 20.726 ], [ 78.311, 20.724 ], [ 78.32, 20.734 ], [ 78.316, 20.746 ], [ 78.303, 20.748 ], [ 78.299, 20.76 ], [ 78.308, 20.77 ], [ 78.304, 20.782 ], [ 78.291, 20.784 ], [ 78.287, 20.796 ], [ 78.296, 20.806 ], [ 78.309, 20.804 ], [ 78.318, 20.814 ], [ 78.314, 20.826 ], [ 78.301, 20.828 ], [ 78.296, 20.84 ], [ 78.283, 20.842 ], [ 78.279, 20.854 ], [ 78.266, 20.856 ], [ 78.262, 20.868 ], [ 78.249, 20.87 ], [ 78.245, 20.882 ], [ 78.232, 20.884 ], [ 78.228, 20.896 ], [ 78.215, 20.898 ], [ 78.211, 20.91 ], [ 78.198, 20.912 ], [ 78.189, 20.902 ], [ 78.176, 20.904 ], [ 78.172, 20.916 ], [ 78.181, 20.926 ], [ 78.177, 20.938 ], [ 78.163, 20.94 ], [ 78.159, 20.952 ], [ 78.146, 20.954 ], [ 78.142, 20.966 ], [ 78.151, 20.976 ], [ 78.147, 20.987 ], [ 78.134, 20.989 ], [ 78.13, 21.001 ], [ 78.139, 21.011 ], [ 78.135, 21.023 ], [ 78.144, 21.033 ], [ 78.139, 21.045 ], [ 78.148, 21.055 ], [ 78.144, 21.067 ], [ 78.153, 21.077 ], [ 78.149, 21.089 ], [ 78.136, 21.091 ], [ 78.132, 21.103 ], [ 78.141, 21.113 ], [ 78.137, 21.125 ], [ 78.146, 21.135 ], [ 78.141, 21.147 ], [ 78.128, 21.149 ], [ 78.124, 21.161 ], [ 78.111, 21.163 ], [ 78.107, 21.175 ], [ 78.094, 21.177 ], [ 78.09, 21.189 ], [ 78.099, 21.199 ], [ 78.095, 21.211 ], [ 78.082, 21.213 ], [ 78.078, 21.224 ], [ 78.065, 21.226 ], [ 78.061, 21.238 ], [ 78.048, 21.24 ], [ 78.044, 21.252 ], [ 78.052, 21.262 ], [ 78.048, 21.274 ], [ 78.057, 21.284 ], [ 78.07, 21.282 ], [ 78.079, 21.292 ], [ 78.075, 21.304 ], [ 78.084, 21.314 ], [ 78.08, 21.326 ], [ 78.089, 21.336 ], [ 78.085, 21.348 ], [ 78.093, 21.358 ], [ 78.106, 21.356 ], [ 78.111, 21.344 ], [ 78.124, 21.342 ], [ 78.133, 21.352 ], [ 78.146, 21.35 ], [ 78.15, 21.338 ], [ 78.163, 21.336 ], [ 78.167, 21.325 ], [ 78.18, 21.323 ], [ 78.189, 21.333 ], [ 78.202, 21.331 ], [ 78.211, 21.341 ], [ 78.224, 21.339 ], [ 78.228, 21.327 ], [ 78.241, 21.325 ], [ 78.25, 21.335 ], [ 78.263, 21.333 ], [ 78.272, 21.343 ], [ 78.285, 21.341 ], [ 78.294, 21.351 ], [ 78.307, 21.349 ], [ 78.316, 21.359 ], [ 78.312, 21.371 ], [ 78.321, 21.381 ], [ 78.334, 21.379 ], [ 78.342, 21.389 ], [ 78.356, 21.387 ], [ 78.364, 21.397 ], [ 78.378, 21.395 ], [ 78.382, 21.383 ], [ 78.395, 21.381 ], [ 78.404, 21.391 ], [ 78.417, 21.39 ], [ 78.426, 21.4 ], [ 78.439, 21.398 ], [ 78.448, 21.408 ], [ 78.444, 21.42 ], [ 78.453, 21.43 ], [ 78.448, 21.441 ], [ 78.435, 21.443 ], [ 78.431, 21.455 ], [ 78.44, 21.465 ], [ 78.436, 21.477 ], [ 78.423, 21.479 ], [ 78.419, 21.491 ], [ 78.428, 21.501 ], [ 78.424, 21.513 ], [ 78.433, 21.523 ], [ 78.428, 21.535 ], [ 78.437, 21.545 ], [ 78.433, 21.557 ], [ 78.42, 21.559 ], [ 78.416, 21.571 ], [ 78.425, 21.581 ], [ 78.421, 21.593 ], [ 78.408, 21.595 ], [ 78.404, 21.607 ], [ 78.391, 21.608 ], [ 78.382, 21.598 ], [ 78.386, 21.587 ], [ 78.377, 21.577 ], [ 78.364, 21.578 ], [ 78.355, 21.568 ], [ 78.342, 21.57 ], [ 78.338, 21.582 ], [ 78.325, 21.584 ], [ 78.316, 21.574 ], [ 78.303, 21.576 ], [ 78.299, 21.588 ], [ 78.285, 21.59 ], [ 78.277, 21.58 ], [ 78.264, 21.582 ], [ 78.255, 21.572 ], [ 78.242, 21.574 ], [ 78.233, 21.564 ], [ 78.22, 21.566 ], [ 78.211, 21.556 ], [ 78.198, 21.558 ], [ 78.189, 21.548 ], [ 78.176, 21.549 ], [ 78.167, 21.539 ], [ 78.171, 21.528 ], [ 78.184, 21.526 ], [ 78.188, 21.514 ], [ 78.179, 21.504 ], [ 78.166, 21.506 ], [ 78.157, 21.496 ], [ 78.161, 21.484 ], [ 78.152, 21.474 ], [ 78.139, 21.476 ], [ 78.13, 21.466 ], [ 78.117, 21.468 ], [ 78.108, 21.458 ], [ 78.095, 21.459 ], [ 78.087, 21.449 ], [ 78.074, 21.451 ], [ 78.065, 21.441 ], [ 78.052, 21.443 ], [ 78.043, 21.433 ], [ 78.03, 21.435 ], [ 78.021, 21.425 ], [ 78.008, 21.427 ], [ 77.999, 21.417 ], [ 78.003, 21.405 ], [ 77.994, 21.395 ], [ 77.981, 21.397 ], [ 77.977, 21.409 ], [ 77.964, 21.411 ], [ 77.955, 21.401 ], [ 77.942, 21.403 ], [ 77.933, 21.393 ], [ 77.92, 21.395 ], [ 77.911, 21.385 ], [ 77.898, 21.387 ], [ 77.889, 21.377 ], [ 77.876, 21.378 ], [ 77.872, 21.39 ], [ 77.859, 21.392 ], [ 77.855, 21.404 ], [ 77.842, 21.406 ], [ 77.833, 21.396 ], [ 77.82, 21.398 ], [ 77.816, 21.41 ], [ 77.803, 21.412 ], [ 77.794, 21.402 ], [ 77.799, 21.39 ], [ 77.79, 21.38 ], [ 77.777, 21.382 ], [ 77.773, 21.394 ], [ 77.76, 21.395 ], [ 77.751, 21.385 ], [ 77.755, 21.373 ], [ 77.746, 21.363 ], [ 77.733, 21.365 ], [ 77.724, 21.355 ], [ 77.711, 21.357 ], [ 77.707, 21.369 ], [ 77.694, 21.371 ], [ 77.69, 21.383 ], [ 77.677, 21.385 ], [ 77.668, 21.375 ], [ 77.655, 21.377 ], [ 77.651, 21.389 ], [ 77.638, 21.39 ], [ 77.629, 21.38 ], [ 77.616, 21.382 ], [ 77.608, 21.372 ], [ 77.595, 21.374 ], [ 77.586, 21.364 ], [ 77.573, 21.366 ], [ 77.564, 21.356 ], [ 77.551, 21.358 ], [ 77.542, 21.348 ], [ 77.529, 21.35 ], [ 77.525, 21.362 ], [ 77.512, 21.363 ], [ 77.503, 21.353 ], [ 77.49, 21.355 ], [ 77.482, 21.345 ], [ 77.469, 21.347 ], [ 77.46, 21.337 ], [ 77.447, 21.339 ], [ 77.438, 21.329 ], [ 77.442, 21.317 ], [ 77.455, 21.315 ], [ 77.459, 21.303 ], [ 77.45, 21.293 ], [ 77.455, 21.282 ], [ 77.446, 21.272 ], [ 77.433, 21.273 ], [ 77.424, 21.263 ], [ 77.411, 21.265 ], [ 77.402, 21.255 ], [ 77.389, 21.257 ], [ 77.381, 21.247 ], [ 77.368, 21.249 ], [ 77.359, 21.239 ], [ 77.346, 21.241 ], [ 77.337, 21.231 ], [ 77.324, 21.233 ], [ 77.315, 21.223 ], [ 77.302, 21.224 ], [ 77.298, 21.236 ], [ 77.285, 21.238 ], [ 77.277, 21.228 ], [ 77.264, 21.23 ], [ 77.255, 21.22 ], [ 77.242, 21.222 ], [ 77.233, 21.212 ], [ 77.22, 21.214 ], [ 77.212, 21.204 ], [ 77.199, 21.206 ], [ 77.19, 21.196 ], [ 77.177, 21.197 ], [ 77.168, 21.187 ], [ 77.155, 21.189 ], [ 77.151, 21.201 ], [ 77.138, 21.203 ], [ 77.13, 21.193 ], [ 77.117, 21.195 ], [ 77.108, 21.185 ], [ 77.095, 21.187 ], [ 77.086, 21.177 ], [ 77.073, 21.178 ], [ 77.069, 21.19 ], [ 77.056, 21.192 ], [ 77.048, 21.182 ], [ 77.035, 21.184 ], [ 77.026, 21.174 ], [ 77.013, 21.176 ], [ 77.009, 21.188 ], [ 76.996, 21.189 ], [ 76.987, 21.179 ], [ 76.975, 21.181 ], [ 76.966, 21.171 ], [ 76.953, 21.173 ], [ 76.949, 21.185 ], [ 76.936, 21.187 ], [ 76.927, 21.177 ], [ 76.914, 21.179 ], [ 76.906, 21.169 ], [ 76.893, 21.17 ], [ 76.884, 21.16 ], [ 76.871, 21.162 ], [ 76.867, 21.174 ], [ 76.854, 21.176 ], [ 76.846, 21.166 ], [ 76.833, 21.168 ], [ 76.824, 21.158 ], [ 76.811, 21.16 ], [ 76.807, 21.171 ], [ 76.794, 21.173 ], [ 76.786, 21.163 ], [ 76.773, 21.165 ], [ 76.764, 21.155 ], [ 76.751, 21.157 ], [ 76.742, 21.147 ], [ 76.73, 21.149 ], [ 76.721, 21.139 ], [ 76.708, 21.14 ], [ 76.704, 21.152 ], [ 76.691, 21.154 ], [ 76.682, 21.144 ], [ 76.67, 21.146 ], [ 76.661, 21.136 ], [ 76.648, 21.138 ], [ 76.639, 21.128 ], [ 76.627, 21.129 ], [ 76.618, 21.119 ], [ 76.605, 21.121 ], [ 76.596, 21.111 ], [ 76.584, 21.113 ], [ 76.575, 21.103 ], [ 76.562, 21.105 ], [ 76.553, 21.095 ], [ 76.541, 21.097 ], [ 76.532, 21.087 ], [ 76.519, 21.088 ], [ 76.51, 21.078 ], [ 76.515, 21.067 ], [ 76.506, 21.057 ], [ 76.493, 21.058 ], [ 76.484, 21.048 ], [ 76.472, 21.05 ], [ 76.463, 21.04 ], [ 76.45, 21.042 ], [ 76.441, 21.032 ], [ 76.429, 21.034 ], [ 76.42, 21.024 ], [ 76.407, 21.026 ], [ 76.399, 21.016 ], [ 76.386, 21.017 ], [ 76.377, 21.007 ], [ 76.381, 20.996 ], [ 76.373, 20.986 ], [ 76.377, 20.974 ], [ 76.368, 20.964 ], [ 76.355, 20.966 ], [ 76.347, 20.956 ], [ 76.334, 20.957 ], [ 76.325, 20.947 ], [ 76.312, 20.949 ], [ 76.308, 20.961 ], [ 76.296, 20.963 ], [ 76.287, 20.953 ], [ 76.274, 20.954 ], [ 76.27, 20.966 ], [ 76.257, 20.968 ], [ 76.253, 20.98 ], [ 76.24, 20.982 ], [ 76.236, 20.993 ], [ 76.224, 20.995 ], [ 76.22, 21.007 ], [ 76.207, 21.009 ], [ 76.203, 21.021 ], [ 76.19, 21.022 ], [ 76.186, 21.034 ], [ 76.173, 21.036 ], [ 76.164, 21.026 ], [ 76.169, 21.014 ], [ 76.16, 21.004 ], [ 76.147, 21.006 ], [ 76.139, 20.996 ], [ 76.143, 20.984 ], [ 76.134, 20.974 ], [ 76.121, 20.976 ], [ 76.113, 20.966 ], [ 76.117, 20.954 ], [ 76.108, 20.944 ], [ 76.095, 20.946 ], [ 76.087, 20.936 ], [ 76.091, 20.924 ], [ 76.082, 20.914 ], [ 76.086, 20.902 ], [ 76.099, 20.901 ], [ 76.103, 20.889 ], [ 76.095, 20.879 ], [ 76.099, 20.867 ], [ 76.09, 20.857 ], [ 76.077, 20.859 ], [ 76.069, 20.849 ], [ 76.073, 20.837 ], [ 76.064, 20.827 ], [ 76.052, 20.829 ], [ 76.043, 20.819 ], [ 76.047, 20.807 ], [ 76.038, 20.797 ], [ 76.042, 20.785 ], [ 76.034, 20.775 ], [ 76.021, 20.777 ], [ 76.017, 20.789 ], [ 76.004, 20.79 ], [ 75.996, 20.78 ], [ 76.0, 20.769 ], [ 75.991, 20.759 ], [ 75.995, 20.747 ], [ 76.008, 20.745 ], [ 76.012, 20.733 ], [ 76.004, 20.723 ], [ 76.008, 20.712 ], [ 75.999, 20.702 ], [ 76.003, 20.69 ], [ 75.995, 20.68 ], [ 75.999, 20.668 ], [ 75.99, 20.658 ], [ 75.994, 20.646 ], [ 76.007, 20.644 ], [ 76.011, 20.633 ], [ 76.024, 20.631 ], [ 76.028, 20.619 ], [ 76.04, 20.617 ], [ 76.045, 20.605 ], [ 76.036, 20.595 ], [ 76.04, 20.584 ], [ 76.031, 20.574 ], [ 76.036, 20.562 ], [ 76.027, 20.552 ], [ 76.014, 20.553 ], [ 76.006, 20.543 ], [ 76.01, 20.532 ], [ 76.001, 20.522 ], [ 75.988, 20.523 ], [ 75.984, 20.535 ], [ 75.972, 20.537 ], [ 75.963, 20.527 ], [ 75.95, 20.529 ], [ 75.942, 20.519 ], [ 75.946, 20.507 ], [ 75.937, 20.497 ], [ 75.941, 20.485 ], [ 75.954, 20.483 ], [ 75.958, 20.472 ], [ 75.95, 20.462 ], [ 75.954, 20.45 ], [ 75.945, 20.44 ], [ 75.949, 20.428 ], [ 75.941, 20.418 ], [ 75.945, 20.406 ], [ 75.957, 20.404 ], [ 75.961, 20.393 ], [ 75.953, 20.383 ], [ 75.957, 20.371 ], [ 75.948, 20.361 ], [ 75.952, 20.349 ], [ 75.944, 20.339 ], [ 75.931, 20.341 ], [ 75.923, 20.331 ], [ 75.927, 20.319 ], [ 75.918, 20.309 ], [ 75.922, 20.297 ], [ 75.935, 20.295 ], [ 75.943, 20.305 ], [ 75.956, 20.303 ], [ 75.965, 20.313 ], [ 75.977, 20.312 ], [ 75.981, 20.3 ], [ 75.994, 20.298 ], [ 76.003, 20.308 ], [ 76.015, 20.306 ], [ 76.024, 20.316 ], [ 76.037, 20.314 ], [ 76.045, 20.324 ], [ 76.041, 20.336 ], [ 76.05, 20.346 ], [ 76.063, 20.344 ], [ 76.071, 20.354 ], [ 76.084, 20.353 ], [ 76.092, 20.363 ], [ 76.105, 20.361 ], [ 76.109, 20.349 ], [ 76.122, 20.347 ], [ 76.126, 20.335 ], [ 76.117, 20.325 ], [ 76.121, 20.313 ], [ 76.134, 20.312 ], [ 76.138, 20.3 ], [ 76.151, 20.298 ], [ 76.16, 20.308 ], [ 76.172, 20.306 ], [ 76.176, 20.294 ], [ 76.189, 20.292 ], [ 76.193, 20.28 ], [ 76.185, 20.27 ], [ 76.172, 20.272 ], [ 76.163, 20.262 ], [ 76.167, 20.25 ], [ 76.159, 20.24 ], [ 76.146, 20.242 ], [ 76.137, 20.232 ], [ 76.142, 20.22 ], [ 76.133, 20.21 ], [ 76.137, 20.199 ], [ 76.128, 20.189 ], [ 76.132, 20.177 ], [ 76.124, 20.167 ], [ 76.111, 20.168 ], [ 76.103, 20.158 ], [ 76.107, 20.147 ], [ 76.098, 20.137 ], [ 76.102, 20.125 ], [ 76.094, 20.115 ], [ 76.098, 20.103 ], [ 76.089, 20.093 ], [ 76.076, 20.095 ], [ 76.072, 20.107 ], [ 76.06, 20.108 ], [ 76.051, 20.098 ] ] ] ] } },
{ "type": "Feature", "properties": { "POLYGON.ID": 60.0, "subregion": "India--Maharashtra--Khandesh_CL29984", "FILTER": "Maharashtra", "POLYGON": "India--Maharashtra--Khandesh_CL29984", "STATE": "Maharashtra", "COUNTY": "spl_region", "OWNER": null }, "geometry": { "type": "MultiPolygon", "coordinates": [ [ [ [ 73.948, 21.529 ], [ 73.96, 21.527 ], [ 73.968, 21.537 ], [ 73.981, 21.536 ], [ 73.989, 21.546 ], [ 74.002, 21.544 ], [ 74.01, 21.554 ], [ 74.022, 21.553 ], [ 74.026, 21.541 ], [ 74.039, 21.54 ], [ 74.047, 21.55 ], [ 74.06, 21.548 ], [ 74.068, 21.558 ], [ 74.081, 21.556 ], [ 74.085, 21.545 ], [ 74.097, 21.543 ], [ 74.105, 21.553 ], [ 74.118, 21.552 ], [ 74.126, 21.562 ], [ 74.139, 21.56 ], [ 74.147, 21.57 ], [ 74.159, 21.569 ], [ 74.164, 21.557 ], [ 74.176, 21.556 ], [ 74.18, 21.544 ], [ 74.193, 21.542 ], [ 74.197, 21.531 ], [ 74.209, 21.529 ], [ 74.218, 21.539 ], [ 74.23, 21.538 ], [ 74.238, 21.548 ], [ 74.251, 21.546 ], [ 74.255, 21.535 ], [ 74.267, 21.533 ], [ 74.276, 21.543 ], [ 74.272, 21.555 ], [ 74.28, 21.565 ], [ 74.293, 21.563 ], [ 74.297, 21.551 ], [ 74.309, 21.55 ], [ 74.318, 21.56 ], [ 74.33, 21.558 ], [ 74.334, 21.547 ], [ 74.326, 21.537 ], [ 74.33, 21.525 ], [ 74.321, 21.515 ], [ 74.325, 21.504 ], [ 74.317, 21.494 ], [ 74.305, 21.495 ], [ 74.296, 21.485 ], [ 74.284, 21.487 ], [ 74.275, 21.477 ], [ 74.263, 21.478 ], [ 74.255, 21.468 ], [ 74.242, 21.47 ], [ 74.238, 21.482 ], [ 74.225, 21.483 ], [ 74.217, 21.473 ], [ 74.205, 21.475 ], [ 74.196, 21.465 ], [ 74.184, 21.466 ], [ 74.18, 21.478 ], [ 74.167, 21.479 ], [ 74.159, 21.47 ], [ 74.146, 21.471 ], [ 74.138, 21.461 ], [ 74.126, 21.463 ], [ 74.117, 21.453 ], [ 74.105, 21.454 ], [ 74.096, 21.444 ], [ 74.084, 21.446 ], [ 74.08, 21.457 ], [ 74.068, 21.459 ], [ 74.059, 21.449 ], [ 74.047, 21.451 ], [ 74.038, 21.441 ], [ 74.042, 21.429 ], [ 74.034, 21.419 ], [ 74.022, 21.421 ], [ 74.013, 21.411 ], [ 74.001, 21.412 ], [ 73.993, 21.402 ], [ 73.98, 21.404 ], [ 73.972, 21.394 ], [ 73.959, 21.395 ], [ 73.951, 21.385 ], [ 73.955, 21.374 ], [ 73.947, 21.364 ], [ 73.951, 21.352 ], [ 73.943, 21.342 ], [ 73.947, 21.331 ], [ 73.938, 21.321 ], [ 73.942, 21.309 ], [ 73.934, 21.299 ], [ 73.938, 21.288 ], [ 73.93, 21.278 ], [ 73.917, 21.279 ], [ 73.909, 21.269 ], [ 73.897, 21.271 ], [ 73.888, 21.261 ], [ 73.876, 21.263 ], [ 73.872, 21.274 ], [ 73.86, 21.276 ], [ 73.851, 21.266 ], [ 73.839, 21.267 ], [ 73.831, 21.257 ], [ 73.835, 21.246 ], [ 73.826, 21.236 ], [ 73.814, 21.237 ], [ 73.806, 21.227 ], [ 73.81, 21.216 ], [ 73.822, 21.214 ], [ 73.826, 21.203 ], [ 73.818, 21.193 ], [ 73.822, 21.181 ], [ 73.814, 21.171 ], [ 73.801, 21.173 ], [ 73.797, 21.184 ], [ 73.785, 21.186 ], [ 73.776, 21.176 ], [ 73.764, 21.178 ], [ 73.756, 21.168 ], [ 73.743, 21.169 ], [ 73.735, 21.159 ], [ 73.739, 21.148 ], [ 73.731, 21.138 ], [ 73.719, 21.139 ], [ 73.71, 21.129 ], [ 73.714, 21.118 ], [ 73.727, 21.116 ], [ 73.735, 21.126 ], [ 73.747, 21.125 ], [ 73.751, 21.113 ], [ 73.764, 21.112 ], [ 73.768, 21.1 ], [ 73.78, 21.098 ], [ 73.789, 21.108 ], [ 73.801, 21.107 ], [ 73.805, 21.095 ], [ 73.817, 21.094 ], [ 73.821, 21.082 ], [ 73.834, 21.081 ], [ 73.838, 21.069 ], [ 73.83, 21.059 ], [ 73.834, 21.048 ], [ 73.846, 21.046 ], [ 73.85, 21.034 ], [ 73.863, 21.033 ], [ 73.871, 21.043 ], [ 73.883, 21.041 ], [ 73.892, 21.051 ], [ 73.904, 21.05 ], [ 73.912, 21.06 ], [ 73.908, 21.071 ], [ 73.917, 21.081 ], [ 73.929, 21.08 ], [ 73.937, 21.09 ], [ 73.933, 21.101 ], [ 73.941, 21.111 ], [ 73.954, 21.109 ], [ 73.962, 21.119 ], [ 73.958, 21.131 ], [ 73.966, 21.141 ], [ 73.979, 21.139 ], [ 73.987, 21.149 ], [ 74.0, 21.148 ], [ 74.008, 21.158 ], [ 74.004, 21.169 ], [ 74.012, 21.179 ], [ 74.025, 21.178 ], [ 74.033, 21.188 ], [ 74.045, 21.186 ], [ 74.054, 21.196 ], [ 74.05, 21.208 ], [ 74.058, 21.218 ], [ 74.07, 21.216 ], [ 74.079, 21.226 ], [ 74.091, 21.224 ], [ 74.1, 21.234 ], [ 74.112, 21.233 ], [ 74.12, 21.243 ], [ 74.116, 21.254 ], [ 74.125, 21.264 ], [ 74.137, 21.263 ], [ 74.145, 21.273 ], [ 74.158, 21.271 ], [ 74.162, 21.26 ], [ 74.174, 21.258 ], [ 74.178, 21.246 ], [ 74.191, 21.245 ], [ 74.199, 21.255 ], [ 74.212, 21.253 ], [ 74.22, 21.263 ], [ 74.233, 21.262 ], [ 74.237, 21.25 ], [ 74.249, 21.248 ], [ 74.253, 21.237 ], [ 74.245, 21.227 ], [ 74.232, 21.228 ], [ 74.224, 21.218 ], [ 74.211, 21.22 ], [ 74.203, 21.21 ], [ 74.191, 21.212 ], [ 74.182, 21.202 ], [ 74.17, 21.203 ], [ 74.162, 21.193 ], [ 74.149, 21.195 ], [ 74.141, 21.185 ], [ 74.128, 21.187 ], [ 74.12, 21.177 ], [ 74.107, 21.178 ], [ 74.099, 21.168 ], [ 74.103, 21.157 ], [ 74.095, 21.147 ], [ 74.099, 21.135 ], [ 74.111, 21.133 ], [ 74.115, 21.122 ], [ 74.107, 21.112 ], [ 74.095, 21.114 ], [ 74.086, 21.104 ], [ 74.074, 21.105 ], [ 74.066, 21.095 ], [ 74.053, 21.097 ], [ 74.045, 21.087 ], [ 74.032, 21.088 ], [ 74.024, 21.078 ], [ 74.012, 21.08 ], [ 74.008, 21.092 ], [ 73.995, 21.093 ], [ 73.987, 21.083 ], [ 73.991, 21.072 ], [ 73.983, 21.062 ], [ 73.987, 21.05 ], [ 73.978, 21.04 ], [ 73.982, 21.029 ], [ 73.974, 21.019 ], [ 73.978, 21.007 ], [ 73.97, 20.997 ], [ 73.974, 20.985 ], [ 73.966, 20.975 ], [ 73.97, 20.964 ], [ 73.961, 20.954 ], [ 73.965, 20.942 ], [ 73.957, 20.932 ], [ 73.945, 20.934 ], [ 73.936, 20.924 ], [ 73.94, 20.912 ], [ 73.932, 20.902 ], [ 73.936, 20.891 ], [ 73.949, 20.889 ], [ 73.953, 20.878 ], [ 73.965, 20.876 ], [ 73.973, 20.886 ], [ 73.986, 20.884 ], [ 73.99, 20.873 ], [ 74.002, 20.871 ], [ 74.011, 20.881 ], [ 74.023, 20.88 ], [ 74.031, 20.89 ], [ 74.044, 20.888 ], [ 74.048, 20.876 ], [ 74.06, 20.875 ], [ 74.069, 20.885 ], [ 74.081, 20.883 ], [ 74.089, 20.893 ], [ 74.102, 20.892 ], [ 74.106, 20.88 ], [ 74.118, 20.878 ], [ 74.127, 20.888 ], [ 74.139, 20.887 ], [ 74.147, 20.897 ], [ 74.16, 20.895 ], [ 74.164, 20.883 ], [ 74.176, 20.882 ], [ 74.185, 20.892 ], [ 74.197, 20.89 ], [ 74.201, 20.879 ], [ 74.214, 20.877 ], [ 74.222, 20.887 ], [ 74.234, 20.885 ], [ 74.239, 20.874 ], [ 74.251, 20.872 ], [ 74.259, 20.882 ], [ 74.272, 20.88 ], [ 74.276, 20.869 ], [ 74.288, 20.867 ], [ 74.297, 20.877 ], [ 74.309, 20.876 ], [ 74.313, 20.864 ], [ 74.326, 20.862 ], [ 74.334, 20.872 ], [ 74.346, 20.871 ], [ 74.351, 20.859 ], [ 74.363, 20.857 ], [ 74.367, 20.846 ], [ 74.38, 20.844 ], [ 74.388, 20.854 ], [ 74.384, 20.866 ], [ 74.392, 20.876 ], [ 74.388, 20.887 ], [ 74.397, 20.897 ], [ 74.409, 20.896 ], [ 74.413, 20.884 ], [ 74.426, 20.882 ], [ 74.43, 20.871 ], [ 74.442, 20.869 ], [ 74.446, 20.858 ], [ 74.459, 20.856 ], [ 74.463, 20.844 ], [ 74.475, 20.843 ], [ 74.484, 20.853 ], [ 74.496, 20.851 ], [ 74.5, 20.839 ], [ 74.513, 20.838 ], [ 74.517, 20.826 ], [ 74.529, 20.824 ], [ 74.538, 20.834 ], [ 74.55, 20.833 ], [ 74.554, 20.821 ], [ 74.567, 20.819 ], [ 74.571, 20.808 ], [ 74.583, 20.806 ], [ 74.592, 20.816 ], [ 74.604, 20.814 ], [ 74.608, 20.803 ], [ 74.621, 20.801 ], [ 74.625, 20.789 ], [ 74.637, 20.788 ], [ 74.641, 20.776 ], [ 74.654, 20.774 ], [ 74.658, 20.763 ], [ 74.65, 20.753 ], [ 74.654, 20.741 ], [ 74.645, 20.731 ], [ 74.649, 20.72 ], [ 74.662, 20.718 ], [ 74.666, 20.706 ], [ 74.657, 20.696 ], [ 74.662, 20.685 ], [ 74.674, 20.683 ], [ 74.682, 20.693 ], [ 74.695, 20.691 ], [ 74.699, 20.679 ], [ 74.712, 20.678 ], [ 74.72, 20.688 ], [ 74.733, 20.686 ], [ 74.737, 20.674 ], [ 74.749, 20.673 ], [ 74.753, 20.661 ], [ 74.766, 20.659 ], [ 74.774, 20.669 ], [ 74.787, 20.668 ], [ 74.791, 20.656 ], [ 74.803, 20.654 ], [ 74.807, 20.643 ], [ 74.799, 20.633 ], [ 74.803, 20.621 ], [ 74.815, 20.619 ], [ 74.82, 20.608 ], [ 74.811, 20.598 ], [ 74.815, 20.586 ], [ 74.807, 20.576 ], [ 74.794, 20.578 ], [ 74.786, 20.568 ], [ 74.79, 20.556 ], [ 74.802, 20.554 ], [ 74.807, 20.543 ], [ 74.798, 20.533 ], [ 74.786, 20.534 ], [ 74.782, 20.546 ], [ 74.769, 20.548 ], [ 74.761, 20.538 ], [ 74.765, 20.526 ], [ 74.777, 20.524 ], [ 74.781, 20.513 ], [ 74.773, 20.503 ], [ 74.777, 20.491 ], [ 74.768, 20.481 ], [ 74.773, 20.469 ], [ 74.785, 20.467 ], [ 74.789, 20.456 ], [ 74.802, 20.454 ], [ 74.806, 20.442 ], [ 74.818, 20.441 ], [ 74.822, 20.429 ], [ 74.835, 20.427 ], [ 74.839, 20.416 ], [ 74.83, 20.406 ], [ 74.835, 20.394 ], [ 74.847, 20.392 ], [ 74.851, 20.38 ], [ 74.843, 20.37 ], [ 74.847, 20.359 ], [ 74.859, 20.357 ], [ 74.863, 20.345 ], [ 74.855, 20.335 ], [ 74.859, 20.324 ], [ 74.851, 20.314 ], [ 74.855, 20.302 ], [ 74.846, 20.292 ], [ 74.85, 20.28 ], [ 74.863, 20.278 ], [ 74.867, 20.267 ], [ 74.879, 20.265 ], [ 74.888, 20.275 ], [ 74.9, 20.273 ], [ 74.909, 20.283 ], [ 74.921, 20.281 ], [ 74.925, 20.27 ], [ 74.938, 20.268 ], [ 74.946, 20.278 ], [ 74.942, 20.29 ], [ 74.951, 20.3 ], [ 74.963, 20.298 ], [ 74.972, 20.308 ], [ 74.984, 20.306 ], [ 74.993, 20.316 ], [ 74.989, 20.328 ], [ 74.997, 20.338 ], [ 75.01, 20.336 ], [ 75.014, 20.324 ], [ 75.026, 20.323 ], [ 75.03, 20.311 ], [ 75.043, 20.309 ], [ 75.051, 20.319 ], [ 75.047, 20.331 ], [ 75.056, 20.341 ], [ 75.068, 20.339 ], [ 75.072, 20.327 ], [ 75.085, 20.326 ], [ 75.093, 20.336 ], [ 75.106, 20.334 ], [ 75.114, 20.344 ], [ 75.11, 20.356 ], [ 75.119, 20.366 ], [ 75.115, 20.377 ], [ 75.123, 20.387 ], [ 75.119, 20.399 ], [ 75.106, 20.401 ], [ 75.102, 20.413 ], [ 75.111, 20.423 ], [ 75.123, 20.421 ], [ 75.132, 20.431 ], [ 75.144, 20.429 ], [ 75.153, 20.439 ], [ 75.149, 20.451 ], [ 75.157, 20.461 ], [ 75.153, 20.473 ], [ 75.162, 20.483 ], [ 75.174, 20.481 ], [ 75.178, 20.469 ], [ 75.191, 20.467 ], [ 75.199, 20.477 ], [ 75.195, 20.489 ], [ 75.204, 20.499 ], [ 75.216, 20.497 ], [ 75.225, 20.507 ], [ 75.221, 20.519 ], [ 75.229, 20.529 ], [ 75.242, 20.527 ], [ 75.25, 20.537 ], [ 75.246, 20.549 ], [ 75.255, 20.559 ], [ 75.251, 20.571 ], [ 75.259, 20.581 ], [ 75.272, 20.579 ], [ 75.276, 20.567 ], [ 75.288, 20.566 ], [ 75.297, 20.576 ], [ 75.31, 20.574 ], [ 75.318, 20.584 ], [ 75.331, 20.582 ], [ 75.339, 20.592 ], [ 75.352, 20.59 ], [ 75.356, 20.579 ], [ 75.368, 20.577 ], [ 75.377, 20.587 ], [ 75.39, 20.585 ], [ 75.394, 20.573 ], [ 75.385, 20.563 ], [ 75.389, 20.552 ], [ 75.381, 20.542 ], [ 75.385, 20.53 ], [ 75.397, 20.528 ], [ 75.401, 20.516 ], [ 75.414, 20.515 ], [ 75.423, 20.525 ], [ 75.435, 20.523 ], [ 75.444, 20.533 ], [ 75.456, 20.531 ], [ 75.465, 20.541 ], [ 75.477, 20.539 ], [ 75.482, 20.528 ], [ 75.494, 20.526 ], [ 75.503, 20.536 ], [ 75.499, 20.548 ], [ 75.507, 20.558 ], [ 75.52, 20.556 ], [ 75.528, 20.566 ], [ 75.524, 20.578 ], [ 75.533, 20.588 ], [ 75.529, 20.599 ], [ 75.537, 20.609 ], [ 75.55, 20.608 ], [ 75.554, 20.596 ], [ 75.567, 20.594 ], [ 75.575, 20.604 ], [ 75.588, 20.602 ], [ 75.596, 20.612 ], [ 75.609, 20.611 ], [ 75.617, 20.621 ], [ 75.63, 20.619 ], [ 75.639, 20.629 ], [ 75.651, 20.627 ], [ 75.66, 20.637 ], [ 75.656, 20.649 ], [ 75.664, 20.659 ], [ 75.677, 20.657 ], [ 75.685, 20.667 ], [ 75.698, 20.665 ], [ 75.702, 20.654 ], [ 75.694, 20.644 ], [ 75.698, 20.632 ], [ 75.689, 20.622 ], [ 75.693, 20.61 ], [ 75.706, 20.608 ], [ 75.715, 20.618 ], [ 75.727, 20.616 ], [ 75.731, 20.605 ], [ 75.744, 20.603 ], [ 75.752, 20.613 ], [ 75.765, 20.611 ], [ 75.769, 20.599 ], [ 75.761, 20.589 ], [ 75.765, 20.578 ], [ 75.777, 20.576 ], [ 75.782, 20.564 ], [ 75.794, 20.562 ], [ 75.803, 20.572 ], [ 75.815, 20.57 ], [ 75.82, 20.559 ], [ 75.832, 20.557 ], [ 75.841, 20.567 ], [ 75.837, 20.579 ], [ 75.845, 20.589 ], [ 75.841, 20.6 ], [ 75.85, 20.61 ], [ 75.862, 20.609 ], [ 75.866, 20.597 ], [ 75.879, 20.595 ], [ 75.883, 20.583 ], [ 75.896, 20.581 ], [ 75.9, 20.57 ], [ 75.913, 20.568 ], [ 75.921, 20.578 ], [ 75.934, 20.576 ], [ 75.943, 20.586 ], [ 75.938, 20.598 ], [ 75.947, 20.608 ], [ 75.96, 20.606 ], [ 75.968, 20.616 ], [ 75.981, 20.614 ], [ 75.99, 20.624 ], [ 76.002, 20.623 ], [ 76.011, 20.633 ], [ 76.007, 20.644 ], [ 75.994, 20.646 ], [ 75.99, 20.658 ], [ 75.999, 20.668 ], [ 75.995, 20.68 ], [ 76.003, 20.69 ], [ 75.999, 20.702 ], [ 76.008, 20.712 ], [ 76.004, 20.723 ], [ 76.012, 20.733 ], [ 76.008, 20.745 ], [ 75.995, 20.747 ], [ 75.991, 20.759 ], [ 76.0, 20.769 ], [ 75.996, 20.78 ], [ 76.004, 20.79 ], [ 76.017, 20.789 ], [ 76.021, 20.777 ], [ 76.034, 20.775 ], [ 76.042, 20.785 ], [ 76.038, 20.797 ], [ 76.047, 20.807 ], [ 76.043, 20.819 ], [ 76.052, 20.829 ], [ 76.064, 20.827 ], [ 76.073, 20.837 ], [ 76.069, 20.849 ], [ 76.077, 20.859 ], [ 76.09, 20.857 ], [ 76.099, 20.867 ], [ 76.095, 20.879 ], [ 76.103, 20.889 ], [ 76.099, 20.901 ], [ 76.086, 20.902 ], [ 76.082, 20.914 ], [ 76.091, 20.924 ], [ 76.087, 20.936 ], [ 76.095, 20.946 ], [ 76.108, 20.944 ], [ 76.117, 20.954 ], [ 76.113, 20.966 ], [ 76.121, 20.976 ], [ 76.134, 20.974 ], [ 76.143, 20.984 ], [ 76.139, 20.996 ], [ 76.147, 21.006 ], [ 76.16, 21.004 ], [ 76.169, 21.014 ], [ 76.164, 21.026 ], [ 76.173, 21.036 ], [ 76.169, 21.048 ], [ 76.156, 21.049 ], [ 76.148, 21.039 ], [ 76.135, 21.041 ], [ 76.131, 21.053 ], [ 76.118, 21.055 ], [ 76.114, 21.067 ], [ 76.101, 21.068 ], [ 76.097, 21.08 ], [ 76.084, 21.082 ], [ 76.08, 21.094 ], [ 76.068, 21.095 ], [ 76.063, 21.107 ], [ 76.072, 21.117 ], [ 76.085, 21.115 ], [ 76.093, 21.125 ], [ 76.089, 21.137 ], [ 76.098, 21.147 ], [ 76.111, 21.145 ], [ 76.119, 21.155 ], [ 76.115, 21.167 ], [ 76.124, 21.177 ], [ 76.137, 21.175 ], [ 76.141, 21.164 ], [ 76.153, 21.162 ], [ 76.162, 21.172 ], [ 76.175, 21.17 ], [ 76.183, 21.18 ], [ 76.179, 21.192 ], [ 76.167, 21.194 ], [ 76.163, 21.205 ], [ 76.171, 21.215 ], [ 76.167, 21.227 ], [ 76.154, 21.229 ], [ 76.15, 21.241 ], [ 76.159, 21.251 ], [ 76.155, 21.262 ], [ 76.142, 21.264 ], [ 76.138, 21.276 ], [ 76.125, 21.278 ], [ 76.121, 21.289 ], [ 76.13, 21.299 ], [ 76.126, 21.311 ], [ 76.113, 21.313 ], [ 76.109, 21.325 ], [ 76.096, 21.326 ], [ 76.087, 21.316 ], [ 76.075, 21.318 ], [ 76.066, 21.308 ], [ 76.053, 21.31 ], [ 76.045, 21.3 ], [ 76.032, 21.302 ], [ 76.023, 21.292 ], [ 76.011, 21.293 ], [ 76.002, 21.283 ], [ 76.006, 21.272 ], [ 75.997, 21.262 ], [ 75.985, 21.263 ], [ 75.976, 21.253 ], [ 75.963, 21.255 ], [ 75.955, 21.245 ], [ 75.942, 21.247 ], [ 75.933, 21.237 ], [ 75.921, 21.239 ], [ 75.917, 21.25 ], [ 75.904, 21.252 ], [ 75.895, 21.242 ], [ 75.883, 21.244 ], [ 75.874, 21.234 ], [ 75.861, 21.235 ], [ 75.853, 21.225 ], [ 75.84, 21.227 ], [ 75.836, 21.239 ], [ 75.823, 21.241 ], [ 75.815, 21.231 ], [ 75.802, 21.232 ], [ 75.793, 21.222 ], [ 75.781, 21.224 ], [ 75.776, 21.236 ], [ 75.764, 21.238 ], [ 75.76, 21.249 ], [ 75.747, 21.251 ], [ 75.738, 21.241 ], [ 75.726, 21.243 ], [ 75.722, 21.254 ], [ 75.709, 21.256 ], [ 75.7, 21.246 ], [ 75.688, 21.248 ], [ 75.684, 21.26 ], [ 75.671, 21.261 ], [ 75.662, 21.251 ], [ 75.65, 21.253 ], [ 75.641, 21.243 ], [ 75.628, 21.245 ], [ 75.624, 21.256 ], [ 75.612, 21.258 ], [ 75.608, 21.27 ], [ 75.595, 21.272 ], [ 75.586, 21.262 ], [ 75.574, 21.263 ], [ 75.565, 21.253 ], [ 75.552, 21.255 ], [ 75.548, 21.267 ], [ 75.536, 21.268 ], [ 75.527, 21.258 ], [ 75.514, 21.26 ], [ 75.51, 21.272 ], [ 75.498, 21.273 ], [ 75.489, 21.263 ], [ 75.477, 21.265 ], [ 75.468, 21.255 ], [ 75.455, 21.257 ], [ 75.447, 21.247 ], [ 75.434, 21.249 ], [ 75.426, 21.239 ], [ 75.413, 21.24 ], [ 75.409, 21.252 ], [ 75.396, 21.254 ], [ 75.392, 21.265 ], [ 75.379, 21.267 ], [ 75.375, 21.279 ], [ 75.363, 21.28 ], [ 75.359, 21.292 ], [ 75.346, 21.294 ], [ 75.342, 21.305 ], [ 75.329, 21.307 ], [ 75.325, 21.319 ], [ 75.313, 21.32 ], [ 75.304, 21.31 ], [ 75.291, 21.312 ], [ 75.287, 21.324 ], [ 75.275, 21.325 ], [ 75.266, 21.315 ], [ 75.254, 21.317 ], [ 75.245, 21.307 ], [ 75.232, 21.309 ], [ 75.224, 21.299 ], [ 75.211, 21.3 ], [ 75.203, 21.291 ], [ 75.19, 21.292 ], [ 75.186, 21.304 ], [ 75.174, 21.305 ], [ 75.165, 21.296 ], [ 75.152, 21.297 ], [ 75.144, 21.287 ], [ 75.131, 21.289 ], [ 75.123, 21.279 ], [ 75.11, 21.281 ], [ 75.102, 21.271 ], [ 75.089, 21.272 ], [ 75.085, 21.284 ], [ 75.094, 21.294 ], [ 75.089, 21.305 ], [ 75.098, 21.315 ], [ 75.111, 21.314 ], [ 75.119, 21.324 ], [ 75.115, 21.335 ], [ 75.123, 21.345 ], [ 75.119, 21.357 ], [ 75.128, 21.367 ], [ 75.14, 21.365 ], [ 75.149, 21.375 ], [ 75.145, 21.387 ], [ 75.153, 21.397 ], [ 75.166, 21.395 ], [ 75.174, 21.405 ], [ 75.187, 21.404 ], [ 75.196, 21.414 ], [ 75.191, 21.425 ], [ 75.179, 21.427 ], [ 75.175, 21.439 ], [ 75.162, 21.44 ], [ 75.154, 21.43 ], [ 75.141, 21.432 ], [ 75.137, 21.444 ], [ 75.124, 21.445 ], [ 75.12, 21.457 ], [ 75.108, 21.459 ], [ 75.104, 21.47 ], [ 75.112, 21.48 ], [ 75.108, 21.492 ], [ 75.095, 21.493 ], [ 75.091, 21.505 ], [ 75.079, 21.507 ], [ 75.075, 21.518 ], [ 75.083, 21.528 ], [ 75.079, 21.54 ], [ 75.066, 21.542 ], [ 75.062, 21.553 ], [ 75.05, 21.555 ], [ 75.046, 21.566 ], [ 75.033, 21.568 ], [ 75.029, 21.58 ], [ 75.016, 21.581 ], [ 75.012, 21.593 ], [ 75.0, 21.595 ], [ 74.991, 21.585 ], [ 74.978, 21.586 ], [ 74.974, 21.598 ], [ 74.962, 21.599 ], [ 74.958, 21.611 ], [ 74.945, 21.613 ], [ 74.937, 21.603 ], [ 74.924, 21.604 ], [ 74.92, 21.616 ], [ 74.907, 21.617 ], [ 74.903, 21.629 ], [ 74.891, 21.631 ], [ 74.882, 21.621 ], [ 74.87, 21.622 ], [ 74.866, 21.634 ], [ 74.853, 21.635 ], [ 74.845, 21.626 ], [ 74.832, 21.627 ], [ 74.823, 21.617 ], [ 74.811, 21.619 ], [ 74.802, 21.609 ], [ 74.79, 21.61 ], [ 74.786, 21.622 ], [ 74.773, 21.624 ], [ 74.765, 21.614 ], [ 74.752, 21.615 ], [ 74.748, 21.627 ], [ 74.736, 21.628 ], [ 74.727, 21.618 ], [ 74.715, 21.62 ], [ 74.71, 21.632 ], [ 74.698, 21.633 ], [ 74.694, 21.645 ], [ 74.681, 21.646 ], [ 74.677, 21.658 ], [ 74.665, 21.659 ], [ 74.656, 21.65 ], [ 74.644, 21.651 ], [ 74.64, 21.663 ], [ 74.627, 21.664 ], [ 74.619, 21.654 ], [ 74.606, 21.656 ], [ 74.602, 21.667 ], [ 74.589, 21.669 ], [ 74.585, 21.681 ], [ 74.573, 21.682 ], [ 74.569, 21.694 ], [ 74.556, 21.695 ], [ 74.552, 21.707 ], [ 74.54, 21.708 ], [ 74.535, 21.72 ], [ 74.523, 21.722 ], [ 74.519, 21.733 ], [ 74.506, 21.735 ], [ 74.502, 21.746 ], [ 74.511, 21.756 ], [ 74.507, 21.768 ], [ 74.515, 21.778 ], [ 74.511, 21.789 ], [ 74.498, 21.791 ], [ 74.494, 21.802 ], [ 74.503, 21.812 ], [ 74.499, 21.824 ], [ 74.507, 21.834 ], [ 74.503, 21.845 ], [ 74.511, 21.855 ], [ 74.507, 21.867 ], [ 74.516, 21.877 ], [ 74.512, 21.888 ], [ 74.52, 21.898 ], [ 74.516, 21.91 ], [ 74.524, 21.92 ], [ 74.52, 21.931 ], [ 74.508, 21.933 ], [ 74.504, 21.944 ], [ 74.491, 21.946 ], [ 74.487, 21.957 ], [ 74.474, 21.959 ], [ 74.47, 21.971 ], [ 74.458, 21.972 ], [ 74.449, 21.962 ], [ 74.437, 21.964 ], [ 74.433, 21.975 ], [ 74.441, 21.985 ], [ 74.437, 21.997 ], [ 74.446, 22.007 ], [ 74.441, 22.018 ], [ 74.429, 22.02 ], [ 74.425, 22.031 ], [ 74.412, 22.033 ], [ 74.404, 22.023 ], [ 74.391, 22.024 ], [ 74.383, 22.014 ], [ 74.387, 22.003 ], [ 74.379, 21.993 ], [ 74.366, 21.994 ], [ 74.358, 21.984 ], [ 74.345, 21.986 ], [ 74.337, 21.976 ], [ 74.324, 21.978 ], [ 74.316, 21.968 ], [ 74.303, 21.969 ], [ 74.295, 21.959 ], [ 74.299, 21.948 ], [ 74.291, 21.938 ], [ 74.278, 21.939 ], [ 74.27, 21.929 ], [ 74.257, 21.931 ], [ 74.249, 21.921 ], [ 74.236, 21.922 ], [ 74.235, 21.926 ], [ 74.231, 21.933 ], [ 74.218, 21.934 ], [ 74.21, 21.924 ], [ 74.196, 21.925 ], [ 74.19, 21.935 ], [ 74.177, 21.936 ], [ 74.171, 21.947 ], [ 74.157, 21.948 ], [ 74.151, 21.958 ], [ 74.138, 21.959 ], [ 74.13, 21.949 ], [ 74.116, 21.95 ], [ 74.108, 21.94 ], [ 74.095, 21.941 ], [ 74.087, 21.931 ], [ 74.073, 21.932 ], [ 74.066, 21.923 ], [ 74.052, 21.923 ], [ 74.044, 21.914 ], [ 74.031, 21.915 ], [ 74.023, 21.905 ], [ 74.009, 21.906 ], [ 74.001, 21.896 ], [ 73.988, 21.897 ], [ 73.98, 21.887 ], [ 73.966, 21.888 ], [ 73.959, 21.879 ], [ 73.945, 21.879 ], [ 73.937, 21.87 ], [ 73.923, 21.87 ], [ 73.916, 21.861 ], [ 73.902, 21.862 ], [ 73.894, 21.852 ], [ 73.881, 21.853 ], [ 73.873, 21.843 ], [ 73.859, 21.844 ], [ 73.852, 21.834 ], [ 73.838, 21.835 ], [ 73.832, 21.846 ], [ 73.818, 21.846 ], [ 73.811, 21.837 ], [ 73.817, 21.826 ], [ 73.809, 21.817 ], [ 73.815, 21.806 ], [ 73.828, 21.806 ], [ 73.834, 21.795 ], [ 73.826, 21.786 ], [ 73.832, 21.775 ], [ 73.825, 21.766 ], [ 73.83, 21.755 ], [ 73.844, 21.754 ], [ 73.85, 21.744 ], [ 73.863, 21.743 ], [ 73.869, 21.733 ], [ 73.862, 21.723 ], [ 73.867, 21.713 ], [ 73.881, 21.712 ], [ 73.885, 21.705 ], [ 73.886, 21.701 ], [ 73.899, 21.7 ], [ 73.903, 21.688 ], [ 73.895, 21.678 ], [ 73.899, 21.667 ], [ 73.89, 21.657 ], [ 73.878, 21.658 ], [ 73.87, 21.649 ], [ 73.857, 21.65 ], [ 73.849, 21.64 ], [ 73.836, 21.642 ], [ 73.828, 21.632 ], [ 73.816, 21.633 ], [ 73.807, 21.623 ], [ 73.811, 21.612 ], [ 73.803, 21.602 ], [ 73.807, 21.59 ], [ 73.82, 21.589 ], [ 73.824, 21.577 ], [ 73.815, 21.567 ], [ 73.819, 21.556 ], [ 73.832, 21.554 ], [ 73.836, 21.543 ], [ 73.828, 21.533 ], [ 73.832, 21.521 ], [ 73.844, 21.52 ], [ 73.848, 21.508 ], [ 73.861, 21.507 ], [ 73.869, 21.517 ], [ 73.881, 21.515 ], [ 73.885, 21.504 ], [ 73.898, 21.502 ], [ 73.906, 21.512 ], [ 73.919, 21.511 ], [ 73.927, 21.521 ], [ 73.939, 21.519 ], [ 73.948, 21.529 ] ] ], [ [ [ 76.373, 20.986 ], [ 76.381, 20.996 ], [ 76.377, 21.007 ], [ 76.364, 21.009 ], [ 76.36, 21.021 ], [ 76.348, 21.023 ], [ 76.339, 21.013 ], [ 76.326, 21.015 ], [ 76.317, 21.005 ], [ 76.305, 21.006 ], [ 76.301, 21.018 ], [ 76.288, 21.02 ], [ 76.279, 21.01 ], [ 76.266, 21.012 ], [ 76.262, 21.023 ], [ 76.25, 21.025 ], [ 76.241, 21.015 ], [ 76.228, 21.017 ], [ 76.224, 21.029 ], [ 76.211, 21.031 ], [ 76.207, 21.042 ], [ 76.194, 21.044 ], [ 76.186, 21.034 ], [ 76.19, 21.022 ], [ 76.203, 21.021 ], [ 76.207, 21.009 ], [ 76.22, 21.007 ], [ 76.224, 20.995 ], [ 76.236, 20.993 ], [ 76.24, 20.982 ], [ 76.253, 20.98 ], [ 76.257, 20.968 ], [ 76.27, 20.966 ], [ 76.274, 20.954 ], [ 76.287, 20.953 ], [ 76.296, 20.963 ], [ 76.308, 20.961 ], [ 76.312, 20.949 ], [ 76.325, 20.947 ], [ 76.334, 20.957 ], [ 76.347, 20.956 ], [ 76.355, 20.966 ], [ 76.368, 20.964 ], [ 76.377, 20.974 ], [ 76.373, 20.986 ] ] ] ] } },
{ "type": "Feature", "properties": { "POLYGON.ID": 253.0, "subregion": "India--Maharashtra--Ghats--Ahmednagar_CL32872", "FILTER": "Maharashtra", "POLYGON": "India--Maharashtra--Ghats--Ahmednagar_CL32872", "STATE": "Maharashtra", "COUNTY": "Ahmednagar", "OWNER": null }, "geometry": { "type": "MultiPolygon", "coordinates": [ [ [ [ 75.162, 18.652 ], [ 75.153, 18.642 ], [ 75.141, 18.644 ], [ 75.137, 18.656 ], [ 75.145, 18.666 ], [ 75.141, 18.678 ], [ 75.129, 18.68 ], [ 75.125, 18.692 ], [ 75.112, 18.694 ], [ 75.108, 18.706 ], [ 75.096, 18.708 ], [ 75.092, 18.719 ], [ 75.079, 18.721 ], [ 75.075, 18.733 ], [ 75.063, 18.735 ], [ 75.059, 18.747 ], [ 75.046, 18.749 ], [ 75.042, 18.761 ], [ 75.03, 18.763 ], [ 75.025, 18.775 ], [ 75.013, 18.776 ], [ 75.009, 18.788 ], [ 74.996, 18.79 ], [ 74.992, 18.802 ], [ 74.98, 18.804 ], [ 74.976, 18.816 ], [ 74.963, 18.818 ], [ 74.959, 18.829 ], [ 74.947, 18.831 ], [ 74.938, 18.821 ], [ 74.926, 18.823 ], [ 74.922, 18.835 ], [ 74.93, 18.845 ], [ 74.926, 18.857 ], [ 74.914, 18.859 ], [ 74.905, 18.849 ], [ 74.893, 18.851 ], [ 74.889, 18.863 ], [ 74.897, 18.873 ], [ 74.893, 18.884 ], [ 74.881, 18.886 ], [ 74.877, 18.898 ], [ 74.864, 18.9 ], [ 74.86, 18.912 ], [ 74.848, 18.914 ], [ 74.844, 18.926 ], [ 74.831, 18.927 ], [ 74.827, 18.939 ], [ 74.836, 18.949 ], [ 74.832, 18.961 ], [ 74.819, 18.963 ], [ 74.815, 18.975 ], [ 74.823, 18.985 ], [ 74.836, 18.983 ], [ 74.84, 18.971 ], [ 74.852, 18.969 ], [ 74.861, 18.979 ], [ 74.873, 18.977 ], [ 74.882, 18.987 ], [ 74.894, 18.985 ], [ 74.898, 18.974 ], [ 74.911, 18.972 ], [ 74.915, 18.96 ], [ 74.927, 18.958 ], [ 74.936, 18.968 ], [ 74.948, 18.966 ], [ 74.956, 18.976 ], [ 74.952, 18.988 ], [ 74.961, 18.998 ], [ 74.957, 19.01 ], [ 74.944, 19.012 ], [ 74.94, 19.024 ], [ 74.928, 19.025 ], [ 74.924, 19.037 ], [ 74.911, 19.039 ], [ 74.907, 19.051 ], [ 74.915, 19.061 ], [ 74.911, 19.073 ], [ 74.92, 19.083 ], [ 74.916, 19.095 ], [ 74.924, 19.105 ], [ 74.937, 19.103 ], [ 74.945, 19.113 ], [ 74.941, 19.125 ], [ 74.949, 19.135 ], [ 74.962, 19.133 ], [ 74.966, 19.121 ], [ 74.978, 19.119 ], [ 74.982, 19.107 ], [ 74.995, 19.105 ], [ 75.003, 19.115 ], [ 75.016, 19.114 ], [ 75.02, 19.102 ], [ 75.032, 19.1 ], [ 75.041, 19.11 ], [ 75.053, 19.108 ], [ 75.057, 19.096 ], [ 75.07, 19.094 ], [ 75.078, 19.104 ], [ 75.074, 19.116 ], [ 75.083, 19.126 ], [ 75.095, 19.124 ], [ 75.099, 19.113 ], [ 75.091, 19.103 ], [ 75.095, 19.091 ], [ 75.086, 19.081 ], [ 75.091, 19.069 ], [ 75.082, 19.059 ], [ 75.086, 19.047 ], [ 75.099, 19.045 ], [ 75.103, 19.033 ], [ 75.115, 19.031 ], [ 75.124, 19.041 ], [ 75.136, 19.039 ], [ 75.145, 19.049 ], [ 75.157, 19.048 ], [ 75.161, 19.036 ], [ 75.174, 19.034 ], [ 75.178, 19.022 ], [ 75.19, 19.02 ], [ 75.199, 19.03 ], [ 75.195, 19.042 ], [ 75.203, 19.052 ], [ 75.199, 19.064 ], [ 75.186, 19.066 ], [ 75.182, 19.078 ], [ 75.191, 19.088 ], [ 75.187, 19.099 ], [ 75.195, 19.109 ], [ 75.208, 19.108 ], [ 75.212, 19.096 ], [ 75.224, 19.094 ], [ 75.228, 19.082 ], [ 75.22, 19.072 ], [ 75.224, 19.06 ], [ 75.236, 19.058 ], [ 75.245, 19.068 ], [ 75.257, 19.066 ], [ 75.262, 19.055 ], [ 75.274, 19.053 ], [ 75.278, 19.041 ], [ 75.27, 19.031 ], [ 75.274, 19.019 ], [ 75.265, 19.009 ], [ 75.269, 18.997 ], [ 75.282, 18.995 ], [ 75.286, 18.983 ], [ 75.298, 18.981 ], [ 75.307, 18.991 ], [ 75.319, 18.989 ], [ 75.328, 19.0 ], [ 75.34, 18.998 ], [ 75.349, 19.008 ], [ 75.345, 19.02 ], [ 75.332, 19.021 ], [ 75.328, 19.033 ], [ 75.316, 19.035 ], [ 75.307, 19.025 ], [ 75.295, 19.027 ], [ 75.291, 19.039 ], [ 75.299, 19.049 ], [ 75.295, 19.061 ], [ 75.282, 19.063 ], [ 75.278, 19.075 ], [ 75.287, 19.085 ], [ 75.299, 19.083 ], [ 75.308, 19.093 ], [ 75.32, 19.091 ], [ 75.324, 19.079 ], [ 75.337, 19.077 ], [ 75.345, 19.087 ], [ 75.358, 19.085 ], [ 75.362, 19.073 ], [ 75.375, 19.071 ], [ 75.383, 19.081 ], [ 75.396, 19.08 ], [ 75.404, 19.09 ], [ 75.417, 19.088 ], [ 75.425, 19.098 ], [ 75.438, 19.096 ], [ 75.442, 19.084 ], [ 75.454, 19.082 ], [ 75.463, 19.092 ], [ 75.475, 19.09 ], [ 75.484, 19.1 ], [ 75.48, 19.112 ], [ 75.488, 19.122 ], [ 75.484, 19.134 ], [ 75.472, 19.136 ], [ 75.463, 19.126 ], [ 75.451, 19.128 ], [ 75.442, 19.118 ], [ 75.429, 19.12 ], [ 75.425, 19.131 ], [ 75.434, 19.141 ], [ 75.446, 19.14 ], [ 75.455, 19.15 ], [ 75.451, 19.161 ], [ 75.438, 19.163 ], [ 75.434, 19.175 ], [ 75.422, 19.177 ], [ 75.418, 19.189 ], [ 75.405, 19.191 ], [ 75.401, 19.203 ], [ 75.409, 19.213 ], [ 75.422, 19.211 ], [ 75.431, 19.221 ], [ 75.443, 19.219 ], [ 75.452, 19.229 ], [ 75.447, 19.241 ], [ 75.456, 19.251 ], [ 75.469, 19.249 ], [ 75.477, 19.259 ], [ 75.49, 19.257 ], [ 75.498, 19.267 ], [ 75.511, 19.265 ], [ 75.519, 19.275 ], [ 75.515, 19.287 ], [ 75.524, 19.297 ], [ 75.536, 19.295 ], [ 75.545, 19.305 ], [ 75.541, 19.317 ], [ 75.528, 19.319 ], [ 75.524, 19.331 ], [ 75.532, 19.341 ], [ 75.528, 19.353 ], [ 75.537, 19.363 ], [ 75.533, 19.375 ], [ 75.52, 19.377 ], [ 75.516, 19.388 ], [ 75.504, 19.39 ], [ 75.495, 19.38 ], [ 75.482, 19.382 ], [ 75.478, 19.394 ], [ 75.487, 19.404 ], [ 75.483, 19.416 ], [ 75.47, 19.418 ], [ 75.462, 19.408 ], [ 75.449, 19.41 ], [ 75.445, 19.421 ], [ 75.433, 19.423 ], [ 75.424, 19.413 ], [ 75.411, 19.415 ], [ 75.403, 19.405 ], [ 75.39, 19.407 ], [ 75.382, 19.397 ], [ 75.369, 19.399 ], [ 75.361, 19.389 ], [ 75.348, 19.391 ], [ 75.344, 19.403 ], [ 75.353, 19.413 ], [ 75.349, 19.424 ], [ 75.357, 19.434 ], [ 75.353, 19.446 ], [ 75.341, 19.448 ], [ 75.332, 19.438 ], [ 75.32, 19.44 ], [ 75.315, 19.452 ], [ 75.324, 19.462 ], [ 75.337, 19.46 ], [ 75.345, 19.47 ], [ 75.341, 19.482 ], [ 75.328, 19.484 ], [ 75.324, 19.496 ], [ 75.312, 19.497 ], [ 75.308, 19.509 ], [ 75.295, 19.511 ], [ 75.291, 19.523 ], [ 75.279, 19.525 ], [ 75.274, 19.537 ], [ 75.283, 19.547 ], [ 75.279, 19.558 ], [ 75.266, 19.56 ], [ 75.258, 19.55 ], [ 75.262, 19.538 ], [ 75.253, 19.528 ], [ 75.241, 19.53 ], [ 75.237, 19.542 ], [ 75.224, 19.544 ], [ 75.22, 19.556 ], [ 75.208, 19.558 ], [ 75.204, 19.569 ], [ 75.212, 19.579 ], [ 75.208, 19.591 ], [ 75.195, 19.593 ], [ 75.191, 19.605 ], [ 75.179, 19.607 ], [ 75.17, 19.597 ], [ 75.158, 19.598 ], [ 75.149, 19.588 ], [ 75.137, 19.59 ], [ 75.133, 19.602 ], [ 75.12, 19.604 ], [ 75.112, 19.594 ], [ 75.099, 19.596 ], [ 75.095, 19.608 ], [ 75.083, 19.609 ], [ 75.074, 19.599 ], [ 75.062, 19.601 ], [ 75.058, 19.613 ], [ 75.045, 19.615 ], [ 75.041, 19.627 ], [ 75.029, 19.628 ], [ 75.02, 19.618 ], [ 75.008, 19.62 ], [ 75.004, 19.632 ], [ 74.991, 19.634 ], [ 74.987, 19.646 ], [ 74.975, 19.647 ], [ 74.966, 19.637 ], [ 74.954, 19.639 ], [ 74.95, 19.651 ], [ 74.937, 19.653 ], [ 74.929, 19.643 ], [ 74.916, 19.645 ], [ 74.908, 19.635 ], [ 74.895, 19.636 ], [ 74.891, 19.648 ], [ 74.879, 19.65 ], [ 74.87, 19.64 ], [ 74.858, 19.642 ], [ 74.854, 19.654 ], [ 74.841, 19.655 ], [ 74.837, 19.667 ], [ 74.825, 19.669 ], [ 74.821, 19.681 ], [ 74.808, 19.682 ], [ 74.804, 19.694 ], [ 74.792, 19.696 ], [ 74.787, 19.708 ], [ 74.796, 19.718 ], [ 74.792, 19.73 ], [ 74.779, 19.731 ], [ 74.775, 19.743 ], [ 74.763, 19.745 ], [ 74.759, 19.757 ], [ 74.746, 19.758 ], [ 74.742, 19.77 ], [ 74.73, 19.772 ], [ 74.726, 19.784 ], [ 74.713, 19.785 ], [ 74.705, 19.775 ], [ 74.709, 19.764 ], [ 74.7, 19.754 ], [ 74.688, 19.755 ], [ 74.684, 19.767 ], [ 74.671, 19.769 ], [ 74.667, 19.781 ], [ 74.655, 19.782 ], [ 74.651, 19.794 ], [ 74.638, 19.796 ], [ 74.63, 19.786 ], [ 74.618, 19.788 ], [ 74.609, 19.778 ], [ 74.597, 19.78 ], [ 74.593, 19.791 ], [ 74.601, 19.801 ], [ 74.597, 19.813 ], [ 74.605, 19.823 ], [ 74.601, 19.835 ], [ 74.61, 19.845 ], [ 74.622, 19.843 ], [ 74.631, 19.853 ], [ 74.643, 19.851 ], [ 74.647, 19.839 ], [ 74.659, 19.838 ], [ 74.668, 19.848 ], [ 74.664, 19.859 ], [ 74.651, 19.861 ], [ 74.647, 19.873 ], [ 74.656, 19.883 ], [ 74.652, 19.895 ], [ 74.66, 19.905 ], [ 74.656, 19.916 ], [ 74.664, 19.926 ], [ 74.677, 19.925 ], [ 74.685, 19.935 ], [ 74.681, 19.946 ], [ 74.669, 19.948 ], [ 74.66, 19.938 ], [ 74.648, 19.94 ], [ 74.644, 19.952 ], [ 74.631, 19.953 ], [ 74.623, 19.943 ], [ 74.61, 19.945 ], [ 74.606, 19.957 ], [ 74.594, 19.959 ], [ 74.585, 19.949 ], [ 74.573, 19.95 ], [ 74.569, 19.962 ], [ 74.556, 19.964 ], [ 74.552, 19.976 ], [ 74.54, 19.977 ], [ 74.532, 19.967 ], [ 74.519, 19.969 ], [ 74.511, 19.959 ], [ 74.498, 19.961 ], [ 74.494, 19.972 ], [ 74.482, 19.974 ], [ 74.478, 19.986 ], [ 74.465, 19.988 ], [ 74.457, 19.978 ], [ 74.445, 19.979 ], [ 74.436, 19.969 ], [ 74.424, 19.971 ], [ 74.42, 19.983 ], [ 74.407, 19.985 ], [ 74.399, 19.975 ], [ 74.386, 19.976 ], [ 74.378, 19.966 ], [ 74.366, 19.968 ], [ 74.362, 19.98 ], [ 74.349, 19.981 ], [ 74.345, 19.993 ], [ 74.333, 19.995 ], [ 74.324, 19.985 ], [ 74.312, 19.987 ], [ 74.304, 19.977 ], [ 74.291, 19.978 ], [ 74.283, 19.968 ], [ 74.27, 19.97 ], [ 74.262, 19.96 ], [ 74.25, 19.962 ], [ 74.241, 19.952 ], [ 74.245, 19.94 ], [ 74.258, 19.938 ], [ 74.262, 19.927 ], [ 74.274, 19.925 ], [ 74.278, 19.913 ], [ 74.291, 19.912 ], [ 74.295, 19.9 ], [ 74.307, 19.898 ], [ 74.311, 19.886 ], [ 74.324, 19.885 ], [ 74.328, 19.873 ], [ 74.34, 19.871 ], [ 74.349, 19.881 ], [ 74.361, 19.879 ], [ 74.365, 19.868 ], [ 74.357, 19.858 ], [ 74.361, 19.846 ], [ 74.373, 19.844 ], [ 74.377, 19.833 ], [ 74.369, 19.823 ], [ 74.373, 19.811 ], [ 74.365, 19.801 ], [ 74.352, 19.803 ], [ 74.344, 19.793 ], [ 74.331, 19.794 ], [ 74.323, 19.784 ], [ 74.327, 19.773 ], [ 74.319, 19.763 ], [ 74.306, 19.764 ], [ 74.302, 19.776 ], [ 74.29, 19.778 ], [ 74.282, 19.768 ], [ 74.269, 19.77 ], [ 74.261, 19.76 ], [ 74.249, 19.761 ], [ 74.24, 19.751 ], [ 74.228, 19.753 ], [ 74.219, 19.743 ], [ 74.207, 19.745 ], [ 74.199, 19.735 ], [ 74.186, 19.737 ], [ 74.178, 19.727 ], [ 74.166, 19.728 ], [ 74.157, 19.718 ], [ 74.161, 19.707 ], [ 74.153, 19.697 ], [ 74.141, 19.698 ], [ 74.132, 19.688 ], [ 74.136, 19.677 ], [ 74.128, 19.667 ], [ 74.132, 19.655 ], [ 74.124, 19.645 ], [ 74.112, 19.647 ], [ 74.103, 19.637 ], [ 74.091, 19.639 ], [ 74.087, 19.65 ], [ 74.074, 19.652 ], [ 74.07, 19.664 ], [ 74.058, 19.665 ], [ 74.05, 19.655 ], [ 74.054, 19.644 ], [ 74.046, 19.634 ], [ 74.05, 19.622 ], [ 74.062, 19.62 ], [ 74.066, 19.609 ], [ 74.058, 19.599 ], [ 74.062, 19.587 ], [ 74.074, 19.585 ], [ 74.078, 19.573 ], [ 74.091, 19.572 ], [ 74.095, 19.56 ], [ 74.086, 19.55 ], [ 74.09, 19.538 ], [ 74.082, 19.528 ], [ 74.07, 19.53 ], [ 74.066, 19.542 ], [ 74.053, 19.543 ], [ 74.049, 19.555 ], [ 74.037, 19.557 ], [ 74.033, 19.569 ], [ 74.02, 19.57 ], [ 74.016, 19.582 ], [ 74.004, 19.584 ], [ 73.996, 19.574 ], [ 73.983, 19.576 ], [ 73.975, 19.566 ], [ 73.963, 19.567 ], [ 73.955, 19.557 ], [ 73.942, 19.559 ], [ 73.934, 19.549 ], [ 73.938, 19.537 ], [ 73.93, 19.527 ], [ 73.934, 19.516 ], [ 73.946, 19.514 ], [ 73.95, 19.502 ], [ 73.962, 19.501 ], [ 73.967, 19.489 ], [ 73.979, 19.487 ], [ 73.987, 19.497 ], [ 74.0, 19.495 ], [ 74.008, 19.505 ], [ 74.02, 19.504 ], [ 74.024, 19.492 ], [ 74.037, 19.49 ], [ 74.041, 19.478 ], [ 74.053, 19.477 ], [ 74.061, 19.487 ], [ 74.074, 19.485 ], [ 74.078, 19.473 ], [ 74.09, 19.471 ], [ 74.098, 19.481 ], [ 74.111, 19.48 ], [ 74.119, 19.49 ], [ 74.131, 19.488 ], [ 74.135, 19.476 ], [ 74.148, 19.474 ], [ 74.156, 19.484 ], [ 74.168, 19.483 ], [ 74.172, 19.471 ], [ 74.185, 19.469 ], [ 74.193, 19.479 ], [ 74.206, 19.477 ], [ 74.21, 19.466 ], [ 74.201, 19.456 ], [ 74.205, 19.444 ], [ 74.197, 19.434 ], [ 74.201, 19.422 ], [ 74.193, 19.412 ], [ 74.18, 19.414 ], [ 74.176, 19.426 ], [ 74.164, 19.428 ], [ 74.156, 19.418 ], [ 74.16, 19.406 ], [ 74.151, 19.396 ], [ 74.156, 19.384 ], [ 74.168, 19.382 ], [ 74.172, 19.371 ], [ 74.184, 19.369 ], [ 74.188, 19.357 ], [ 74.18, 19.347 ], [ 74.184, 19.335 ], [ 74.176, 19.325 ], [ 74.18, 19.314 ], [ 74.172, 19.304 ], [ 74.159, 19.305 ], [ 74.151, 19.295 ], [ 74.139, 19.297 ], [ 74.134, 19.309 ], [ 74.122, 19.311 ], [ 74.118, 19.322 ], [ 74.106, 19.324 ], [ 74.102, 19.336 ], [ 74.089, 19.338 ], [ 74.081, 19.328 ], [ 74.069, 19.329 ], [ 74.06, 19.319 ], [ 74.048, 19.321 ], [ 74.04, 19.311 ], [ 74.044, 19.3 ], [ 74.056, 19.298 ], [ 74.06, 19.286 ], [ 74.073, 19.284 ], [ 74.077, 19.273 ], [ 74.089, 19.271 ], [ 74.097, 19.281 ], [ 74.11, 19.279 ], [ 74.114, 19.267 ], [ 74.126, 19.265 ], [ 74.13, 19.254 ], [ 74.142, 19.252 ], [ 74.151, 19.262 ], [ 74.163, 19.26 ], [ 74.167, 19.248 ], [ 74.159, 19.238 ], [ 74.163, 19.227 ], [ 74.155, 19.217 ], [ 74.159, 19.205 ], [ 74.171, 19.203 ], [ 74.179, 19.213 ], [ 74.192, 19.211 ], [ 74.196, 19.2 ], [ 74.208, 19.198 ], [ 74.216, 19.208 ], [ 74.229, 19.206 ], [ 74.237, 19.216 ], [ 74.249, 19.214 ], [ 74.258, 19.224 ], [ 74.27, 19.222 ], [ 74.274, 19.211 ], [ 74.287, 19.209 ], [ 74.295, 19.219 ], [ 74.307, 19.217 ], [ 74.311, 19.205 ], [ 74.303, 19.195 ], [ 74.291, 19.197 ], [ 74.282, 19.187 ], [ 74.27, 19.189 ], [ 74.262, 19.179 ], [ 74.266, 19.167 ], [ 74.257, 19.157 ], [ 74.261, 19.145 ], [ 74.253, 19.135 ], [ 74.241, 19.137 ], [ 74.232, 19.127 ], [ 74.22, 19.129 ], [ 74.212, 19.119 ], [ 74.199, 19.121 ], [ 74.191, 19.111 ], [ 74.195, 19.099 ], [ 74.187, 19.089 ], [ 74.191, 19.077 ], [ 74.183, 19.067 ], [ 74.187, 19.056 ], [ 74.178, 19.046 ], [ 74.182, 19.034 ], [ 74.195, 19.032 ], [ 74.199, 19.02 ], [ 74.211, 19.018 ], [ 74.215, 19.007 ], [ 74.207, 18.997 ], [ 74.211, 18.985 ], [ 74.223, 18.983 ], [ 74.227, 18.971 ], [ 74.24, 18.97 ], [ 74.244, 18.958 ], [ 74.256, 18.956 ], [ 74.26, 18.944 ], [ 74.252, 18.934 ], [ 74.256, 18.922 ], [ 74.268, 18.921 ], [ 74.272, 18.909 ], [ 74.285, 18.907 ], [ 74.289, 18.895 ], [ 74.301, 18.893 ], [ 74.305, 18.882 ], [ 74.297, 18.872 ], [ 74.301, 18.86 ], [ 74.313, 18.858 ], [ 74.317, 18.846 ], [ 74.33, 18.844 ], [ 74.334, 18.833 ], [ 74.346, 18.831 ], [ 74.354, 18.841 ], [ 74.367, 18.839 ], [ 74.371, 18.827 ], [ 74.383, 18.825 ], [ 74.387, 18.813 ], [ 74.379, 18.803 ], [ 74.383, 18.792 ], [ 74.395, 18.79 ], [ 74.399, 18.778 ], [ 74.391, 18.768 ], [ 74.395, 18.756 ], [ 74.408, 18.754 ], [ 74.412, 18.743 ], [ 74.424, 18.741 ], [ 74.432, 18.751 ], [ 74.445, 18.749 ], [ 74.449, 18.737 ], [ 74.44, 18.727 ], [ 74.445, 18.715 ], [ 74.457, 18.713 ], [ 74.465, 18.723 ], [ 74.478, 18.722 ], [ 74.482, 18.71 ], [ 74.473, 18.7 ], [ 74.477, 18.688 ], [ 74.49, 18.686 ], [ 74.494, 18.674 ], [ 74.506, 18.672 ], [ 74.51, 18.661 ], [ 74.502, 18.651 ], [ 74.49, 18.652 ], [ 74.481, 18.642 ], [ 74.485, 18.631 ], [ 74.498, 18.629 ], [ 74.502, 18.617 ], [ 74.514, 18.615 ], [ 74.522, 18.625 ], [ 74.535, 18.623 ], [ 74.539, 18.611 ], [ 74.551, 18.609 ], [ 74.555, 18.598 ], [ 74.547, 18.588 ], [ 74.551, 18.576 ], [ 74.563, 18.574 ], [ 74.567, 18.562 ], [ 74.559, 18.552 ], [ 74.563, 18.54 ], [ 74.555, 18.53 ], [ 74.559, 18.518 ], [ 74.551, 18.508 ], [ 74.555, 18.497 ], [ 74.567, 18.495 ], [ 74.571, 18.483 ], [ 74.583, 18.481 ], [ 74.587, 18.469 ], [ 74.6, 18.467 ], [ 74.608, 18.477 ], [ 74.621, 18.475 ], [ 74.625, 18.463 ], [ 74.637, 18.462 ], [ 74.641, 18.45 ], [ 74.654, 18.448 ], [ 74.662, 18.458 ], [ 74.658, 18.47 ], [ 74.666, 18.48 ], [ 74.662, 18.492 ], [ 74.67, 18.502 ], [ 74.683, 18.5 ], [ 74.691, 18.51 ], [ 74.704, 18.508 ], [ 74.708, 18.496 ], [ 74.72, 18.494 ], [ 74.724, 18.482 ], [ 74.716, 18.472 ], [ 74.72, 18.46 ], [ 74.711, 18.45 ], [ 74.716, 18.438 ], [ 74.707, 18.428 ], [ 74.711, 18.417 ], [ 74.724, 18.415 ], [ 74.728, 18.403 ], [ 74.74, 18.401 ], [ 74.744, 18.389 ], [ 74.757, 18.387 ], [ 74.765, 18.397 ], [ 74.761, 18.409 ], [ 74.769, 18.419 ], [ 74.782, 18.417 ], [ 74.786, 18.405 ], [ 74.798, 18.403 ], [ 74.807, 18.413 ], [ 74.819, 18.411 ], [ 74.823, 18.4 ], [ 74.835, 18.398 ], [ 74.839, 18.386 ], [ 74.852, 18.384 ], [ 74.856, 18.372 ], [ 74.868, 18.37 ], [ 74.872, 18.358 ], [ 74.885, 18.356 ], [ 74.893, 18.366 ], [ 74.906, 18.364 ], [ 74.914, 18.374 ], [ 74.926, 18.372 ], [ 74.935, 18.382 ], [ 74.947, 18.381 ], [ 74.956, 18.391 ], [ 74.968, 18.389 ], [ 74.977, 18.399 ], [ 74.989, 18.397 ], [ 74.997, 18.407 ], [ 75.01, 18.405 ], [ 75.018, 18.415 ], [ 75.014, 18.427 ], [ 75.023, 18.437 ], [ 75.035, 18.435 ], [ 75.039, 18.423 ], [ 75.052, 18.421 ], [ 75.06, 18.431 ], [ 75.072, 18.429 ], [ 75.081, 18.439 ], [ 75.093, 18.437 ], [ 75.102, 18.447 ], [ 75.098, 18.459 ], [ 75.106, 18.469 ], [ 75.102, 18.481 ], [ 75.11, 18.491 ], [ 75.123, 18.489 ], [ 75.131, 18.499 ], [ 75.127, 18.511 ], [ 75.136, 18.521 ], [ 75.148, 18.519 ], [ 75.157, 18.529 ], [ 75.169, 18.527 ], [ 75.177, 18.537 ], [ 75.19, 18.535 ], [ 75.198, 18.545 ], [ 75.211, 18.543 ], [ 75.219, 18.553 ], [ 75.232, 18.551 ], [ 75.236, 18.539 ], [ 75.248, 18.538 ], [ 75.252, 18.526 ], [ 75.244, 18.516 ], [ 75.248, 18.504 ], [ 75.261, 18.502 ], [ 75.269, 18.512 ], [ 75.281, 18.51 ], [ 75.29, 18.52 ], [ 75.302, 18.518 ], [ 75.311, 18.528 ], [ 75.323, 18.526 ], [ 75.332, 18.536 ], [ 75.328, 18.548 ], [ 75.336, 18.558 ], [ 75.349, 18.556 ], [ 75.353, 18.544 ], [ 75.365, 18.542 ], [ 75.374, 18.552 ], [ 75.386, 18.55 ], [ 75.39, 18.538 ], [ 75.403, 18.536 ], [ 75.411, 18.546 ], [ 75.424, 18.544 ], [ 75.432, 18.554 ], [ 75.428, 18.566 ], [ 75.437, 18.576 ], [ 75.449, 18.574 ], [ 75.458, 18.585 ], [ 75.454, 18.596 ], [ 75.462, 18.606 ], [ 75.475, 18.605 ], [ 75.483, 18.615 ], [ 75.496, 18.613 ], [ 75.504, 18.623 ], [ 75.517, 18.621 ], [ 75.525, 18.631 ], [ 75.538, 18.629 ], [ 75.546, 18.639 ], [ 75.542, 18.651 ], [ 75.55, 18.661 ], [ 75.546, 18.673 ], [ 75.555, 18.683 ], [ 75.567, 18.681 ], [ 75.576, 18.691 ], [ 75.572, 18.703 ], [ 75.559, 18.705 ], [ 75.555, 18.717 ], [ 75.564, 18.727 ], [ 75.56, 18.738 ], [ 75.547, 18.74 ], [ 75.543, 18.752 ], [ 75.531, 18.754 ], [ 75.522, 18.744 ], [ 75.526, 18.732 ], [ 75.518, 18.722 ], [ 75.505, 18.724 ], [ 75.501, 18.736 ], [ 75.488, 18.738 ], [ 75.484, 18.75 ], [ 75.472, 18.752 ], [ 75.463, 18.742 ], [ 75.451, 18.744 ], [ 75.447, 18.756 ], [ 75.455, 18.766 ], [ 75.451, 18.778 ], [ 75.439, 18.78 ], [ 75.435, 18.791 ], [ 75.443, 18.801 ], [ 75.439, 18.813 ], [ 75.426, 18.815 ], [ 75.422, 18.827 ], [ 75.41, 18.829 ], [ 75.401, 18.819 ], [ 75.389, 18.821 ], [ 75.38, 18.811 ], [ 75.384, 18.799 ], [ 75.376, 18.789 ], [ 75.38, 18.777 ], [ 75.372, 18.767 ], [ 75.359, 18.769 ], [ 75.355, 18.781 ], [ 75.343, 18.783 ], [ 75.338, 18.795 ], [ 75.326, 18.797 ], [ 75.317, 18.787 ], [ 75.305, 18.789 ], [ 75.297, 18.779 ], [ 75.301, 18.767 ], [ 75.292, 18.757 ], [ 75.296, 18.745 ], [ 75.288, 18.735 ], [ 75.275, 18.737 ], [ 75.267, 18.727 ], [ 75.254, 18.729 ], [ 75.246, 18.719 ], [ 75.233, 18.72 ], [ 75.229, 18.732 ], [ 75.217, 18.734 ], [ 75.213, 18.746 ], [ 75.2, 18.748 ], [ 75.192, 18.738 ], [ 75.179, 18.74 ], [ 75.171, 18.73 ], [ 75.175, 18.718 ], [ 75.167, 18.708 ], [ 75.171, 18.696 ], [ 75.162, 18.686 ], [ 75.166, 18.674 ], [ 75.158, 18.664 ], [ 75.162, 18.652 ] ], [ [ 75.35, 19.143 ], [ 75.354, 19.131 ], [ 75.367, 19.129 ], [ 75.375, 19.139 ], [ 75.388, 19.137 ], [ 75.396, 19.147 ], [ 75.409, 19.145 ], [ 75.413, 19.133 ], [ 75.404, 19.123 ], [ 75.392, 19.125 ], [ 75.383, 19.115 ], [ 75.387, 19.103 ], [ 75.379, 19.093 ], [ 75.366, 19.095 ], [ 75.362, 19.107 ], [ 75.35, 19.109 ], [ 75.346, 19.121 ], [ 75.333, 19.123 ], [ 75.329, 19.135 ], [ 75.338, 19.145 ], [ 75.35, 19.143 ] ] ] ] } },
{ "type": "Feature", "properties": { "POLYGON.ID": 254.0, "subregion": "India--Maharashtra--Ghats--Nashik_CL32873", "FILTER": "Maharashtra", "POLYGON": "India--Maharashtra--Ghats--Nashik_CL32873", "STATE": "Maharashtra", "COUNTY": "Nashik", "OWNER": null }, "geometry": { "type": "MultiPolygon", "coordinates": [ [ [ [ 74.373, 19.844 ], [ 74.361, 19.846 ], [ 74.357, 19.858 ], [ 74.365, 19.868 ], [ 74.361, 19.879 ], [ 74.349, 19.881 ], [ 74.34, 19.871 ], [ 74.328, 19.873 ], [ 74.324, 19.885 ], [ 74.311, 19.886 ], [ 74.307, 19.898 ], [ 74.295, 19.9 ], [ 74.291, 19.912 ], [ 74.278, 19.913 ], [ 74.274, 19.925 ], [ 74.262, 19.927 ], [ 74.258, 19.938 ], [ 74.245, 19.94 ], [ 74.241, 19.952 ], [ 74.25, 19.962 ], [ 74.262, 19.96 ], [ 74.27, 19.97 ], [ 74.283, 19.968 ], [ 74.291, 19.978 ], [ 74.304, 19.977 ], [ 74.312, 19.987 ], [ 74.324, 19.985 ], [ 74.333, 19.995 ], [ 74.345, 19.993 ], [ 74.349, 19.981 ], [ 74.362, 19.98 ], [ 74.366, 19.968 ], [ 74.378, 19.966 ], [ 74.386, 19.976 ], [ 74.399, 19.975 ], [ 74.407, 19.985 ], [ 74.42, 19.983 ], [ 74.424, 19.971 ], [ 74.436, 19.969 ], [ 74.445, 19.979 ], [ 74.457, 19.978 ], [ 74.465, 19.988 ], [ 74.478, 19.986 ], [ 74.482, 19.974 ], [ 74.494, 19.972 ], [ 74.498, 19.961 ], [ 74.511, 19.959 ], [ 74.519, 19.969 ], [ 74.532, 19.967 ], [ 74.54, 19.977 ], [ 74.552, 19.976 ], [ 74.556, 19.964 ], [ 74.569, 19.962 ], [ 74.573, 19.95 ], [ 74.585, 19.949 ], [ 74.594, 19.959 ], [ 74.606, 19.957 ], [ 74.61, 19.945 ], [ 74.623, 19.943 ], [ 74.631, 19.953 ], [ 74.644, 19.952 ], [ 74.648, 19.94 ], [ 74.66, 19.938 ], [ 74.669, 19.948 ], [ 74.665, 19.96 ], [ 74.673, 19.97 ], [ 74.685, 19.968 ], [ 74.694, 19.978 ], [ 74.69, 19.99 ], [ 74.698, 20.0 ], [ 74.694, 20.012 ], [ 74.702, 20.022 ], [ 74.698, 20.033 ], [ 74.707, 20.043 ], [ 74.719, 20.042 ], [ 74.728, 20.052 ], [ 74.724, 20.063 ], [ 74.711, 20.065 ], [ 74.707, 20.077 ], [ 74.715, 20.087 ], [ 74.728, 20.085 ], [ 74.736, 20.095 ], [ 74.732, 20.107 ], [ 74.72, 20.108 ], [ 74.716, 20.12 ], [ 74.703, 20.122 ], [ 74.699, 20.134 ], [ 74.708, 20.144 ], [ 74.703, 20.155 ], [ 74.712, 20.165 ], [ 74.708, 20.177 ], [ 74.716, 20.187 ], [ 74.729, 20.185 ], [ 74.737, 20.195 ], [ 74.75, 20.194 ], [ 74.758, 20.204 ], [ 74.77, 20.202 ], [ 74.779, 20.212 ], [ 74.791, 20.21 ], [ 74.8, 20.22 ], [ 74.796, 20.232 ], [ 74.804, 20.242 ], [ 74.817, 20.24 ], [ 74.825, 20.25 ], [ 74.838, 20.248 ], [ 74.842, 20.237 ], [ 74.854, 20.235 ], [ 74.858, 20.223 ], [ 74.85, 20.213 ], [ 74.854, 20.201 ], [ 74.845, 20.191 ], [ 74.85, 20.18 ], [ 74.862, 20.178 ], [ 74.87, 20.188 ], [ 74.883, 20.186 ], [ 74.887, 20.174 ], [ 74.9, 20.173 ], [ 74.904, 20.161 ], [ 74.916, 20.159 ], [ 74.925, 20.169 ], [ 74.921, 20.181 ], [ 74.929, 20.191 ], [ 74.925, 20.203 ], [ 74.933, 20.213 ], [ 74.929, 20.224 ], [ 74.917, 20.226 ], [ 74.913, 20.238 ], [ 74.921, 20.248 ], [ 74.934, 20.246 ], [ 74.942, 20.256 ], [ 74.938, 20.268 ], [ 74.925, 20.27 ], [ 74.921, 20.281 ], [ 74.909, 20.283 ], [ 74.9, 20.273 ], [ 74.888, 20.275 ], [ 74.879, 20.265 ], [ 74.867, 20.267 ], [ 74.863, 20.278 ], [ 74.85, 20.28 ], [ 74.846, 20.292 ], [ 74.855, 20.302 ], [ 74.851, 20.314 ], [ 74.859, 20.324 ], [ 74.855, 20.335 ], [ 74.863, 20.345 ], [ 74.859, 20.357 ], [ 74.847, 20.359 ], [ 74.843, 20.37 ], [ 74.851, 20.38 ], [ 74.847, 20.392 ], [ 74.835, 20.394 ], [ 74.83, 20.406 ], [ 74.839, 20.416 ], [ 74.835, 20.427 ], [ 74.822, 20.429 ], [ 74.818, 20.441 ], [ 74.806, 20.442 ], [ 74.802, 20.454 ], [ 74.789, 20.456 ], [ 74.785, 20.467 ], [ 74.773, 20.469 ], [ 74.768, 20.481 ], [ 74.777, 20.491 ], [ 74.773, 20.503 ], [ 74.781, 20.513 ], [ 74.777, 20.524 ], [ 74.765, 20.526 ], [ 74.761, 20.538 ], [ 74.769, 20.548 ], [ 74.782, 20.546 ], [ 74.786, 20.534 ], [ 74.798, 20.533 ], [ 74.807, 20.543 ], [ 74.802, 20.554 ], [ 74.79, 20.556 ], [ 74.786, 20.568 ], [ 74.794, 20.578 ], [ 74.807, 20.576 ], [ 74.815, 20.586 ], [ 74.811, 20.598 ], [ 74.82, 20.608 ], [ 74.815, 20.619 ], [ 74.803, 20.621 ], [ 74.799, 20.633 ], [ 74.807, 20.643 ], [ 74.803, 20.654 ], [ 74.791, 20.656 ], [ 74.787, 20.668 ], [ 74.774, 20.669 ], [ 74.766, 20.659 ], [ 74.753, 20.661 ], [ 74.749, 20.673 ], [ 74.737, 20.674 ], [ 74.733, 20.686 ], [ 74.72, 20.688 ], [ 74.712, 20.678 ], [ 74.699, 20.679 ], [ 74.695, 20.691 ], [ 74.682, 20.693 ], [ 74.674, 20.683 ], [ 74.662, 20.685 ], [ 74.657, 20.696 ], [ 74.666, 20.706 ], [ 74.662, 20.718 ], [ 74.649, 20.72 ], [ 74.645, 20.731 ], [ 74.654, 20.741 ], [ 74.65, 20.753 ], [ 74.658, 20.763 ], [ 74.654, 20.774 ], [ 74.641, 20.776 ], [ 74.637, 20.788 ], [ 74.625, 20.789 ], [ 74.621, 20.801 ], [ 74.608, 20.803 ], [ 74.604, 20.814 ], [ 74.592, 20.816 ], [ 74.583, 20.806 ], [ 74.571, 20.808 ], [ 74.567, 20.819 ], [ 74.554, 20.821 ], [ 74.55, 20.833 ], [ 74.538, 20.834 ], [ 74.529, 20.824 ], [ 74.533, 20.813 ], [ 74.525, 20.803 ], [ 74.512, 20.804 ], [ 74.504, 20.794 ], [ 74.508, 20.783 ], [ 74.5, 20.773 ], [ 74.487, 20.774 ], [ 74.483, 20.786 ], [ 74.471, 20.788 ], [ 74.462, 20.778 ], [ 74.45, 20.779 ], [ 74.446, 20.791 ], [ 74.433, 20.793 ], [ 74.429, 20.804 ], [ 74.417, 20.806 ], [ 74.413, 20.818 ], [ 74.4, 20.819 ], [ 74.396, 20.831 ], [ 74.384, 20.833 ], [ 74.375, 20.823 ], [ 74.363, 20.824 ], [ 74.354, 20.814 ], [ 74.342, 20.816 ], [ 74.334, 20.806 ], [ 74.321, 20.808 ], [ 74.317, 20.819 ], [ 74.305, 20.821 ], [ 74.296, 20.811 ], [ 74.284, 20.812 ], [ 74.275, 20.802 ], [ 74.263, 20.804 ], [ 74.255, 20.794 ], [ 74.242, 20.796 ], [ 74.238, 20.807 ], [ 74.226, 20.809 ], [ 74.222, 20.821 ], [ 74.209, 20.822 ], [ 74.205, 20.834 ], [ 74.193, 20.835 ], [ 74.189, 20.847 ], [ 74.176, 20.849 ], [ 74.168, 20.839 ], [ 74.155, 20.84 ], [ 74.147, 20.83 ], [ 74.135, 20.832 ], [ 74.126, 20.822 ], [ 74.114, 20.824 ], [ 74.106, 20.814 ], [ 74.11, 20.802 ], [ 74.101, 20.792 ], [ 74.105, 20.78 ], [ 74.118, 20.779 ], [ 74.126, 20.789 ], [ 74.138, 20.787 ], [ 74.147, 20.797 ], [ 74.159, 20.796 ], [ 74.163, 20.784 ], [ 74.155, 20.774 ], [ 74.159, 20.762 ], [ 74.151, 20.752 ], [ 74.138, 20.754 ], [ 74.13, 20.744 ], [ 74.118, 20.746 ], [ 74.109, 20.736 ], [ 74.113, 20.724 ], [ 74.105, 20.714 ], [ 74.109, 20.702 ], [ 74.101, 20.693 ], [ 74.088, 20.694 ], [ 74.08, 20.684 ], [ 74.084, 20.673 ], [ 74.076, 20.663 ], [ 74.063, 20.664 ], [ 74.055, 20.654 ], [ 74.059, 20.643 ], [ 74.071, 20.641 ], [ 74.076, 20.629 ], [ 74.088, 20.628 ], [ 74.092, 20.616 ], [ 74.104, 20.614 ], [ 74.113, 20.624 ], [ 74.125, 20.623 ], [ 74.129, 20.611 ], [ 74.142, 20.61 ], [ 74.146, 20.598 ], [ 74.158, 20.596 ], [ 74.162, 20.585 ], [ 74.175, 20.583 ], [ 74.179, 20.571 ], [ 74.17, 20.561 ], [ 74.174, 20.55 ], [ 74.166, 20.54 ], [ 74.154, 20.541 ], [ 74.145, 20.531 ], [ 74.133, 20.533 ], [ 74.129, 20.545 ], [ 74.116, 20.546 ], [ 74.108, 20.536 ], [ 74.096, 20.538 ], [ 74.092, 20.55 ], [ 74.079, 20.551 ], [ 74.071, 20.541 ], [ 74.059, 20.543 ], [ 74.054, 20.555 ], [ 74.042, 20.556 ], [ 74.034, 20.546 ], [ 74.021, 20.548 ], [ 74.013, 20.538 ], [ 74.017, 20.526 ], [ 74.009, 20.516 ], [ 74.013, 20.505 ], [ 74.005, 20.495 ], [ 73.992, 20.496 ], [ 73.988, 20.508 ], [ 73.976, 20.51 ], [ 73.967, 20.5 ], [ 73.955, 20.501 ], [ 73.951, 20.513 ], [ 73.939, 20.515 ], [ 73.934, 20.526 ], [ 73.922, 20.528 ], [ 73.914, 20.518 ], [ 73.901, 20.519 ], [ 73.897, 20.531 ], [ 73.885, 20.533 ], [ 73.881, 20.544 ], [ 73.869, 20.546 ], [ 73.86, 20.536 ], [ 73.848, 20.538 ], [ 73.84, 20.528 ], [ 73.827, 20.529 ], [ 73.819, 20.519 ], [ 73.807, 20.521 ], [ 73.798, 20.511 ], [ 73.786, 20.513 ], [ 73.782, 20.524 ], [ 73.77, 20.526 ], [ 73.765, 20.537 ], [ 73.753, 20.539 ], [ 73.745, 20.529 ], [ 73.733, 20.531 ], [ 73.724, 20.521 ], [ 73.728, 20.509 ], [ 73.72, 20.499 ], [ 73.724, 20.487 ], [ 73.716, 20.477 ], [ 73.72, 20.466 ], [ 73.712, 20.456 ], [ 73.716, 20.444 ], [ 73.707, 20.434 ], [ 73.711, 20.423 ], [ 73.703, 20.413 ], [ 73.691, 20.414 ], [ 73.683, 20.404 ], [ 73.687, 20.393 ], [ 73.678, 20.383 ], [ 73.666, 20.384 ], [ 73.658, 20.375 ], [ 73.662, 20.363 ], [ 73.654, 20.353 ], [ 73.641, 20.355 ], [ 73.633, 20.345 ], [ 73.637, 20.333 ], [ 73.629, 20.323 ], [ 73.633, 20.311 ], [ 73.625, 20.301 ], [ 73.629, 20.29 ], [ 73.62, 20.28 ], [ 73.625, 20.268 ], [ 73.637, 20.267 ], [ 73.641, 20.255 ], [ 73.633, 20.245 ], [ 73.637, 20.233 ], [ 73.649, 20.232 ], [ 73.653, 20.22 ], [ 73.645, 20.21 ], [ 73.649, 20.199 ], [ 73.661, 20.197 ], [ 73.665, 20.185 ], [ 73.657, 20.175 ], [ 73.645, 20.177 ], [ 73.636, 20.167 ], [ 73.641, 20.155 ], [ 73.632, 20.145 ], [ 73.62, 20.147 ], [ 73.612, 20.137 ], [ 73.616, 20.126 ], [ 73.608, 20.116 ], [ 73.612, 20.104 ], [ 73.603, 20.094 ], [ 73.591, 20.096 ], [ 73.583, 20.086 ], [ 73.571, 20.087 ], [ 73.562, 20.077 ], [ 73.55, 20.079 ], [ 73.542, 20.069 ], [ 73.529, 20.071 ], [ 73.521, 20.061 ], [ 73.525, 20.049 ], [ 73.517, 20.039 ], [ 73.505, 20.041 ], [ 73.497, 20.031 ], [ 73.501, 20.019 ], [ 73.492, 20.009 ], [ 73.496, 19.998 ], [ 73.488, 19.988 ], [ 73.492, 19.976 ], [ 73.484, 19.966 ], [ 73.488, 19.954 ], [ 73.5, 19.953 ], [ 73.509, 19.963 ], [ 73.521, 19.961 ], [ 73.525, 19.949 ], [ 73.537, 19.948 ], [ 73.545, 19.958 ], [ 73.558, 19.956 ], [ 73.566, 19.966 ], [ 73.562, 19.978 ], [ 73.57, 19.988 ], [ 73.582, 19.986 ], [ 73.591, 19.996 ], [ 73.603, 19.994 ], [ 73.607, 19.983 ], [ 73.599, 19.973 ], [ 73.603, 19.961 ], [ 73.615, 19.959 ], [ 73.623, 19.969 ], [ 73.636, 19.968 ], [ 73.64, 19.956 ], [ 73.632, 19.946 ], [ 73.636, 19.935 ], [ 73.648, 19.933 ], [ 73.652, 19.921 ], [ 73.644, 19.911 ], [ 73.648, 19.9 ], [ 73.66, 19.898 ], [ 73.664, 19.886 ], [ 73.656, 19.876 ], [ 73.644, 19.878 ], [ 73.635, 19.868 ], [ 73.623, 19.87 ], [ 73.615, 19.86 ], [ 73.603, 19.861 ], [ 73.594, 19.851 ], [ 73.582, 19.853 ], [ 73.574, 19.843 ], [ 73.561, 19.845 ], [ 73.553, 19.835 ], [ 73.541, 19.836 ], [ 73.537, 19.848 ], [ 73.525, 19.85 ], [ 73.521, 19.861 ], [ 73.508, 19.863 ], [ 73.5, 19.853 ], [ 73.488, 19.855 ], [ 73.48, 19.845 ], [ 73.467, 19.846 ], [ 73.459, 19.836 ], [ 73.463, 19.825 ], [ 73.455, 19.815 ], [ 73.459, 19.803 ], [ 73.471, 19.802 ], [ 73.475, 19.79 ], [ 73.488, 19.788 ], [ 73.496, 19.798 ], [ 73.508, 19.797 ], [ 73.516, 19.807 ], [ 73.529, 19.805 ], [ 73.533, 19.793 ], [ 73.545, 19.792 ], [ 73.549, 19.78 ], [ 73.561, 19.778 ], [ 73.569, 19.788 ], [ 73.582, 19.787 ], [ 73.59, 19.797 ], [ 73.602, 19.795 ], [ 73.606, 19.783 ], [ 73.619, 19.782 ], [ 73.627, 19.792 ], [ 73.639, 19.79 ], [ 73.643, 19.778 ], [ 73.635, 19.768 ], [ 73.639, 19.757 ], [ 73.631, 19.747 ], [ 73.619, 19.748 ], [ 73.61, 19.738 ], [ 73.614, 19.727 ], [ 73.606, 19.717 ], [ 73.61, 19.705 ], [ 73.622, 19.703 ], [ 73.631, 19.713 ], [ 73.643, 19.712 ], [ 73.651, 19.722 ], [ 73.664, 19.72 ], [ 73.672, 19.73 ], [ 73.684, 19.728 ], [ 73.688, 19.717 ], [ 73.7, 19.715 ], [ 73.709, 19.725 ], [ 73.721, 19.723 ], [ 73.725, 19.711 ], [ 73.737, 19.71 ], [ 73.741, 19.698 ], [ 73.754, 19.696 ], [ 73.758, 19.685 ], [ 73.77, 19.683 ], [ 73.778, 19.693 ], [ 73.774, 19.705 ], [ 73.783, 19.715 ], [ 73.795, 19.713 ], [ 73.803, 19.723 ], [ 73.799, 19.735 ], [ 73.807, 19.745 ], [ 73.803, 19.756 ], [ 73.812, 19.766 ], [ 73.807, 19.778 ], [ 73.816, 19.788 ], [ 73.812, 19.8 ], [ 73.82, 19.81 ], [ 73.832, 19.808 ], [ 73.841, 19.818 ], [ 73.853, 19.816 ], [ 73.857, 19.804 ], [ 73.869, 19.803 ], [ 73.878, 19.813 ], [ 73.873, 19.824 ], [ 73.882, 19.834 ], [ 73.878, 19.846 ], [ 73.886, 19.856 ], [ 73.882, 19.868 ], [ 73.89, 19.878 ], [ 73.903, 19.876 ], [ 73.911, 19.886 ], [ 73.923, 19.884 ], [ 73.927, 19.873 ], [ 73.919, 19.863 ], [ 73.923, 19.851 ], [ 73.915, 19.841 ], [ 73.919, 19.829 ], [ 73.911, 19.819 ], [ 73.915, 19.808 ], [ 73.906, 19.798 ], [ 73.91, 19.786 ], [ 73.923, 19.784 ], [ 73.927, 19.773 ], [ 73.939, 19.771 ], [ 73.947, 19.781 ], [ 73.96, 19.779 ], [ 73.964, 19.768 ], [ 73.976, 19.766 ], [ 73.984, 19.776 ], [ 73.997, 19.774 ], [ 74.005, 19.784 ], [ 74.017, 19.782 ], [ 74.022, 19.771 ], [ 74.034, 19.769 ], [ 74.042, 19.779 ], [ 74.055, 19.777 ], [ 74.059, 19.766 ], [ 74.071, 19.764 ], [ 74.075, 19.752 ], [ 74.087, 19.75 ], [ 74.091, 19.739 ], [ 74.104, 19.737 ], [ 74.108, 19.725 ], [ 74.1, 19.715 ], [ 74.104, 19.704 ], [ 74.095, 19.694 ], [ 74.083, 19.695 ], [ 74.075, 19.685 ], [ 74.079, 19.674 ], [ 74.07, 19.664 ], [ 74.074, 19.652 ], [ 74.087, 19.65 ], [ 74.091, 19.639 ], [ 74.103, 19.637 ], [ 74.112, 19.647 ], [ 74.124, 19.645 ], [ 74.132, 19.655 ], [ 74.128, 19.667 ], [ 74.136, 19.677 ], [ 74.132, 19.688 ], [ 74.141, 19.698 ], [ 74.153, 19.697 ], [ 74.161, 19.707 ], [ 74.157, 19.718 ], [ 74.166, 19.728 ], [ 74.178, 19.727 ], [ 74.186, 19.737 ], [ 74.199, 19.735 ], [ 74.207, 19.745 ], [ 74.219, 19.743 ], [ 74.228, 19.753 ], [ 74.24, 19.751 ], [ 74.249, 19.761 ], [ 74.261, 19.76 ], [ 74.269, 19.77 ], [ 74.282, 19.768 ], [ 74.29, 19.778 ], [ 74.302, 19.776 ], [ 74.306, 19.764 ], [ 74.319, 19.763 ], [ 74.327, 19.773 ], [ 74.323, 19.784 ], [ 74.331, 19.794 ], [ 74.344, 19.793 ], [ 74.352, 19.803 ], [ 74.365, 19.801 ], [ 74.373, 19.811 ], [ 74.369, 19.823 ], [ 74.377, 19.833 ], [ 74.373, 19.844 ] ] ], [ [ [ 73.729, 19.666 ], [ 73.717, 19.668 ], [ 73.708, 19.658 ], [ 73.712, 19.647 ], [ 73.725, 19.645 ], [ 73.733, 19.655 ], [ 73.745, 19.653 ], [ 73.754, 19.663 ], [ 73.75, 19.675 ], [ 73.737, 19.676 ], [ 73.729, 19.666 ] ] ] ] } },
{ "type": "Feature", "properties": { "POLYGON.ID": 255.0, "subregion": "India--Maharashtra--Pune--Plains", "FILTER": "Maharashtra", "POLYGON": "India--Maharashtra--Pune--Plains", "STATE": "Maharashtra", "COUNTY": "Pune", "OWNER": null }, "geometry": { "type": "MultiPolygon", "coordinates": [ [ [ [ 73.923, 19.004 ], [ 73.927, 18.992 ], [ 73.919, 18.983 ], [ 73.907, 18.984 ], [ 73.898, 18.974 ], [ 73.902, 18.963 ], [ 73.894, 18.953 ], [ 73.898, 18.941 ], [ 73.91, 18.939 ], [ 73.915, 18.927 ], [ 73.927, 18.926 ], [ 73.935, 18.935 ], [ 73.947, 18.934 ], [ 73.956, 18.944 ], [ 73.968, 18.942 ], [ 73.972, 18.93 ], [ 73.984, 18.928 ], [ 73.993, 18.938 ], [ 73.989, 18.95 ], [ 73.997, 18.96 ], [ 74.009, 18.958 ], [ 74.017, 18.968 ], [ 74.03, 18.966 ], [ 74.038, 18.976 ], [ 74.05, 18.975 ], [ 74.059, 18.985 ], [ 74.071, 18.983 ], [ 74.075, 18.971 ], [ 74.087, 18.969 ], [ 74.091, 18.958 ], [ 74.104, 18.956 ], [ 74.108, 18.944 ], [ 74.12, 18.942 ], [ 74.124, 18.93 ], [ 74.116, 18.92 ], [ 74.12, 18.909 ], [ 74.132, 18.907 ], [ 74.141, 18.917 ], [ 74.153, 18.915 ], [ 74.157, 18.903 ], [ 74.169, 18.901 ], [ 74.173, 18.89 ], [ 74.165, 18.88 ], [ 74.169, 18.868 ], [ 74.161, 18.858 ], [ 74.148, 18.86 ], [ 74.14, 18.85 ], [ 74.128, 18.852 ], [ 74.12, 18.842 ], [ 74.107, 18.843 ], [ 74.099, 18.833 ], [ 74.087, 18.835 ], [ 74.078, 18.825 ], [ 74.066, 18.827 ], [ 74.058, 18.817 ], [ 74.045, 18.819 ], [ 74.041, 18.831 ], [ 74.029, 18.832 ], [ 74.021, 18.822 ], [ 74.008, 18.824 ], [ 74.0, 18.814 ], [ 73.988, 18.816 ], [ 73.984, 18.828 ], [ 73.972, 18.83 ], [ 73.963, 18.82 ], [ 73.951, 18.821 ], [ 73.947, 18.833 ], [ 73.935, 18.835 ], [ 73.926, 18.825 ], [ 73.93, 18.813 ], [ 73.922, 18.803 ], [ 73.926, 18.792 ], [ 73.918, 18.782 ], [ 73.922, 18.77 ], [ 73.914, 18.76 ], [ 73.918, 18.748 ], [ 73.93, 18.746 ], [ 73.934, 18.734 ], [ 73.946, 18.733 ], [ 73.951, 18.721 ], [ 73.963, 18.719 ], [ 73.967, 18.707 ], [ 73.979, 18.705 ], [ 73.983, 18.694 ], [ 73.975, 18.684 ], [ 73.979, 18.672 ], [ 73.991, 18.67 ], [ 73.995, 18.658 ], [ 74.008, 18.657 ], [ 74.012, 18.645 ], [ 74.024, 18.643 ], [ 74.028, 18.631 ], [ 74.04, 18.629 ], [ 74.044, 18.618 ], [ 74.057, 18.616 ], [ 74.061, 18.604 ], [ 74.073, 18.602 ], [ 74.077, 18.59 ], [ 74.069, 18.58 ], [ 74.073, 18.569 ], [ 74.065, 18.559 ], [ 74.052, 18.56 ], [ 74.044, 18.55 ], [ 74.048, 18.539 ], [ 74.04, 18.529 ], [ 74.044, 18.517 ], [ 74.036, 18.507 ], [ 74.04, 18.495 ], [ 74.052, 18.493 ], [ 74.056, 18.481 ], [ 74.048, 18.471 ], [ 74.052, 18.46 ], [ 74.064, 18.458 ], [ 74.072, 18.468 ], [ 74.085, 18.466 ], [ 74.089, 18.454 ], [ 74.101, 18.452 ], [ 74.109, 18.462 ], [ 74.122, 18.46 ], [ 74.13, 18.47 ], [ 74.142, 18.469 ], [ 74.146, 18.457 ], [ 74.159, 18.455 ], [ 74.167, 18.465 ], [ 74.179, 18.463 ], [ 74.187, 18.473 ], [ 74.2, 18.471 ], [ 74.204, 18.459 ], [ 74.216, 18.458 ], [ 74.224, 18.468 ], [ 74.237, 18.466 ], [ 74.241, 18.454 ], [ 74.253, 18.452 ], [ 74.257, 18.44 ], [ 74.249, 18.43 ], [ 74.237, 18.432 ], [ 74.228, 18.422 ], [ 74.216, 18.424 ], [ 74.208, 18.414 ], [ 74.195, 18.416 ], [ 74.187, 18.406 ], [ 74.175, 18.408 ], [ 74.167, 18.398 ], [ 74.154, 18.399 ], [ 74.146, 18.39 ], [ 74.15, 18.378 ], [ 74.162, 18.376 ], [ 74.166, 18.364 ], [ 74.179, 18.362 ], [ 74.183, 18.35 ], [ 74.174, 18.34 ], [ 74.162, 18.342 ], [ 74.154, 18.332 ], [ 74.158, 18.32 ], [ 74.15, 18.31 ], [ 74.154, 18.299 ], [ 74.166, 18.297 ], [ 74.17, 18.285 ], [ 74.162, 18.275 ], [ 74.166, 18.263 ], [ 74.178, 18.261 ], [ 74.186, 18.271 ], [ 74.199, 18.269 ], [ 74.203, 18.258 ], [ 74.215, 18.256 ], [ 74.223, 18.266 ], [ 74.236, 18.264 ], [ 74.24, 18.252 ], [ 74.252, 18.25 ], [ 74.26, 18.26 ], [ 74.273, 18.258 ], [ 74.277, 18.246 ], [ 74.289, 18.244 ], [ 74.293, 18.233 ], [ 74.305, 18.231 ], [ 74.314, 18.241 ], [ 74.326, 18.239 ], [ 74.33, 18.227 ], [ 74.342, 18.225 ], [ 74.346, 18.213 ], [ 74.359, 18.211 ], [ 74.363, 18.2 ], [ 74.375, 18.198 ], [ 74.379, 18.186 ], [ 74.371, 18.176 ], [ 74.375, 18.164 ], [ 74.367, 18.154 ], [ 74.354, 18.156 ], [ 74.346, 18.146 ], [ 74.334, 18.148 ], [ 74.325, 18.138 ], [ 74.313, 18.14 ], [ 74.305, 18.13 ], [ 74.309, 18.118 ], [ 74.301, 18.108 ], [ 74.288, 18.11 ], [ 74.28, 18.1 ], [ 74.268, 18.102 ], [ 74.259, 18.092 ], [ 74.263, 18.08 ], [ 74.276, 18.078 ], [ 74.28, 18.066 ], [ 74.292, 18.064 ], [ 74.3, 18.074 ], [ 74.313, 18.072 ], [ 74.321, 18.082 ], [ 74.333, 18.08 ], [ 74.342, 18.09 ], [ 74.354, 18.088 ], [ 74.358, 18.077 ], [ 74.37, 18.075 ], [ 74.374, 18.063 ], [ 74.387, 18.061 ], [ 74.395, 18.071 ], [ 74.407, 18.069 ], [ 74.416, 18.079 ], [ 74.428, 18.077 ], [ 74.432, 18.065 ], [ 74.444, 18.063 ], [ 74.448, 18.051 ], [ 74.461, 18.049 ], [ 74.469, 18.059 ], [ 74.481, 18.058 ], [ 74.49, 18.068 ], [ 74.502, 18.066 ], [ 74.506, 18.054 ], [ 74.519, 18.052 ], [ 74.527, 18.062 ], [ 74.539, 18.06 ], [ 74.548, 18.07 ], [ 74.56, 18.068 ], [ 74.564, 18.056 ], [ 74.576, 18.054 ], [ 74.58, 18.042 ], [ 74.593, 18.04 ], [ 74.601, 18.05 ], [ 74.613, 18.048 ], [ 74.622, 18.058 ], [ 74.634, 18.057 ], [ 74.638, 18.045 ], [ 74.651, 18.043 ], [ 74.659, 18.053 ], [ 74.655, 18.065 ], [ 74.663, 18.075 ], [ 74.676, 18.073 ], [ 74.68, 18.061 ], [ 74.692, 18.059 ], [ 74.696, 18.047 ], [ 74.708, 18.045 ], [ 74.713, 18.033 ], [ 74.725, 18.031 ], [ 74.729, 18.019 ], [ 74.741, 18.017 ], [ 74.75, 18.027 ], [ 74.762, 18.025 ], [ 74.766, 18.014 ], [ 74.779, 18.012 ], [ 74.783, 18.0 ], [ 74.795, 17.998 ], [ 74.803, 18.008 ], [ 74.816, 18.006 ], [ 74.82, 17.994 ], [ 74.832, 17.992 ], [ 74.841, 18.002 ], [ 74.853, 18.0 ], [ 74.857, 17.988 ], [ 74.849, 17.978 ], [ 74.853, 17.966 ], [ 74.844, 17.956 ], [ 74.848, 17.944 ], [ 74.861, 17.942 ], [ 74.869, 17.952 ], [ 74.882, 17.95 ], [ 74.886, 17.938 ], [ 74.898, 17.937 ], [ 74.906, 17.947 ], [ 74.919, 17.945 ], [ 74.923, 17.933 ], [ 74.935, 17.931 ], [ 74.939, 17.919 ], [ 74.952, 17.917 ], [ 74.96, 17.927 ], [ 74.973, 17.925 ], [ 74.977, 17.913 ], [ 74.989, 17.911 ], [ 74.997, 17.921 ], [ 75.01, 17.919 ], [ 75.014, 17.907 ], [ 75.026, 17.905 ], [ 75.035, 17.915 ], [ 75.047, 17.913 ], [ 75.056, 17.923 ], [ 75.068, 17.921 ], [ 75.076, 17.931 ], [ 75.089, 17.929 ], [ 75.097, 17.939 ], [ 75.11, 17.937 ], [ 75.118, 17.947 ], [ 75.114, 17.959 ], [ 75.122, 17.969 ], [ 75.118, 17.981 ], [ 75.127, 17.991 ], [ 75.123, 18.003 ], [ 75.11, 18.005 ], [ 75.102, 17.995 ], [ 75.106, 17.983 ], [ 75.098, 17.973 ], [ 75.085, 17.975 ], [ 75.081, 17.987 ], [ 75.069, 17.989 ], [ 75.06, 17.979 ], [ 75.064, 17.967 ], [ 75.056, 17.957 ], [ 75.043, 17.959 ], [ 75.035, 17.949 ], [ 75.023, 17.951 ], [ 75.019, 17.963 ], [ 75.027, 17.973 ], [ 75.023, 17.985 ], [ 75.031, 17.995 ], [ 75.044, 17.993 ], [ 75.052, 18.003 ], [ 75.048, 18.015 ], [ 75.056, 18.025 ], [ 75.069, 18.023 ], [ 75.077, 18.033 ], [ 75.073, 18.045 ], [ 75.082, 18.055 ], [ 75.094, 18.053 ], [ 75.102, 18.063 ], [ 75.098, 18.075 ], [ 75.086, 18.077 ], [ 75.082, 18.089 ], [ 75.069, 18.091 ], [ 75.065, 18.103 ], [ 75.053, 18.104 ], [ 75.049, 18.116 ], [ 75.057, 18.126 ], [ 75.053, 18.138 ], [ 75.041, 18.14 ], [ 75.037, 18.152 ], [ 75.045, 18.162 ], [ 75.041, 18.174 ], [ 75.029, 18.176 ], [ 75.02, 18.166 ], [ 75.008, 18.168 ], [ 74.999, 18.158 ], [ 74.987, 18.16 ], [ 74.979, 18.15 ], [ 74.966, 18.152 ], [ 74.962, 18.164 ], [ 74.971, 18.174 ], [ 74.966, 18.186 ], [ 74.975, 18.196 ], [ 74.971, 18.208 ], [ 74.958, 18.21 ], [ 74.954, 18.221 ], [ 74.942, 18.223 ], [ 74.933, 18.213 ], [ 74.921, 18.215 ], [ 74.917, 18.227 ], [ 74.905, 18.229 ], [ 74.896, 18.219 ], [ 74.884, 18.221 ], [ 74.875, 18.211 ], [ 74.863, 18.213 ], [ 74.855, 18.203 ], [ 74.842, 18.205 ], [ 74.838, 18.217 ], [ 74.826, 18.219 ], [ 74.817, 18.209 ], [ 74.805, 18.211 ], [ 74.801, 18.223 ], [ 74.788, 18.224 ], [ 74.78, 18.214 ], [ 74.768, 18.216 ], [ 74.764, 18.228 ], [ 74.772, 18.238 ], [ 74.768, 18.25 ], [ 74.756, 18.252 ], [ 74.752, 18.264 ], [ 74.76, 18.274 ], [ 74.756, 18.286 ], [ 74.743, 18.288 ], [ 74.739, 18.3 ], [ 74.748, 18.31 ], [ 74.76, 18.308 ], [ 74.768, 18.318 ], [ 74.781, 18.316 ], [ 74.789, 18.326 ], [ 74.785, 18.338 ], [ 74.773, 18.34 ], [ 74.769, 18.351 ], [ 74.777, 18.361 ], [ 74.773, 18.373 ], [ 74.781, 18.383 ], [ 74.777, 18.395 ], [ 74.786, 18.405 ], [ 74.782, 18.417 ], [ 74.769, 18.419 ], [ 74.761, 18.409 ], [ 74.765, 18.397 ], [ 74.757, 18.387 ], [ 74.744, 18.389 ], [ 74.74, 18.401 ], [ 74.728, 18.403 ], [ 74.724, 18.415 ], [ 74.711, 18.417 ], [ 74.707, 18.428 ], [ 74.716, 18.438 ], [ 74.711, 18.45 ], [ 74.72, 18.46 ], [ 74.716, 18.472 ], [ 74.724, 18.482 ], [ 74.72, 18.494 ], [ 74.708, 18.496 ], [ 74.704, 18.508 ], [ 74.691, 18.51 ], [ 74.683, 18.5 ], [ 74.67, 18.502 ], [ 74.662, 18.492 ], [ 74.666, 18.48 ], [ 74.658, 18.47 ], [ 74.662, 18.458 ], [ 74.654, 18.448 ], [ 74.641, 18.45 ], [ 74.637, 18.462 ], [ 74.625, 18.463 ], [ 74.621, 18.475 ], [ 74.608, 18.477 ], [ 74.6, 18.467 ], [ 74.587, 18.469 ], [ 74.583, 18.481 ], [ 74.571, 18.483 ], [ 74.567, 18.495 ], [ 74.555, 18.497 ], [ 74.551, 18.508 ], [ 74.559, 18.518 ], [ 74.555, 18.53 ], [ 74.563, 18.54 ], [ 74.559, 18.552 ], [ 74.567, 18.562 ], [ 74.563, 18.574 ], [ 74.551, 18.576 ], [ 74.547, 18.588 ], [ 74.555, 18.598 ], [ 74.551, 18.609 ], [ 74.539, 18.611 ], [ 74.535, 18.623 ], [ 74.522, 18.625 ], [ 74.514, 18.615 ], [ 74.502, 18.617 ], [ 74.498, 18.629 ], [ 74.485, 18.631 ], [ 74.481, 18.642 ], [ 74.49, 18.652 ], [ 74.502, 18.651 ], [ 74.51, 18.661 ], [ 74.506, 18.672 ], [ 74.494, 18.674 ], [ 74.49, 18.686 ], [ 74.477, 18.688 ], [ 74.473, 18.7 ], [ 74.482, 18.71 ], [ 74.478, 18.722 ], [ 74.465, 18.723 ], [ 74.457, 18.713 ], [ 74.445, 18.715 ], [ 74.44, 18.727 ], [ 74.449, 18.737 ], [ 74.445, 18.749 ], [ 74.432, 18.751 ], [ 74.424, 18.741 ], [ 74.412, 18.743 ], [ 74.408, 18.754 ], [ 74.395, 18.756 ], [ 74.391, 18.768 ], [ 74.399, 18.778 ], [ 74.395, 18.79 ], [ 74.383, 18.792 ], [ 74.379, 18.803 ], [ 74.387, 18.813 ], [ 74.383, 18.825 ], [ 74.371, 18.827 ], [ 74.367, 18.839 ], [ 74.354, 18.841 ], [ 74.346, 18.831 ], [ 74.334, 18.833 ], [ 74.33, 18.844 ], [ 74.317, 18.846 ], [ 74.313, 18.858 ], [ 74.301, 18.86 ], [ 74.297, 18.872 ], [ 74.305, 18.882 ], [ 74.301, 18.893 ], [ 74.289, 18.895 ], [ 74.285, 18.907 ], [ 74.272, 18.909 ], [ 74.268, 18.921 ], [ 74.256, 18.922 ], [ 74.252, 18.934 ], [ 74.26, 18.944 ], [ 74.256, 18.956 ], [ 74.244, 18.958 ], [ 74.24, 18.97 ], [ 74.227, 18.971 ], [ 74.223, 18.983 ], [ 74.211, 18.985 ], [ 74.207, 18.997 ], [ 74.215, 19.007 ], [ 74.211, 19.018 ], [ 74.199, 19.02 ], [ 74.195, 19.032 ], [ 74.182, 19.034 ], [ 74.178, 19.046 ], [ 74.187, 19.056 ], [ 74.183, 19.067 ], [ 74.191, 19.077 ], [ 74.187, 19.089 ], [ 74.195, 19.099 ], [ 74.191, 19.111 ], [ 74.199, 19.121 ], [ 74.212, 19.119 ], [ 74.22, 19.129 ], [ 74.232, 19.127 ], [ 74.241, 19.137 ], [ 74.253, 19.135 ], [ 74.261, 19.145 ], [ 74.257, 19.157 ], [ 74.266, 19.167 ], [ 74.262, 19.179 ], [ 74.27, 19.189 ], [ 74.282, 19.187 ], [ 74.291, 19.197 ], [ 74.303, 19.195 ], [ 74.311, 19.205 ], [ 74.307, 19.217 ], [ 74.295, 19.219 ], [ 74.287, 19.209 ], [ 74.274, 19.211 ], [ 74.27, 19.222 ], [ 74.258, 19.224 ], [ 74.249, 19.214 ], [ 74.237, 19.216 ], [ 74.229, 19.206 ], [ 74.216, 19.208 ], [ 74.208, 19.198 ], [ 74.196, 19.2 ], [ 74.192, 19.211 ], [ 74.179, 19.213 ], [ 74.171, 19.203 ], [ 74.159, 19.205 ], [ 74.155, 19.217 ], [ 74.142, 19.218 ], [ 74.138, 19.23 ], [ 74.126, 19.232 ], [ 74.118, 19.222 ], [ 74.105, 19.224 ], [ 74.101, 19.236 ], [ 74.089, 19.237 ], [ 74.085, 19.249 ], [ 74.072, 19.251 ], [ 74.064, 19.241 ], [ 74.052, 19.243 ], [ 74.048, 19.254 ], [ 74.035, 19.256 ], [ 74.031, 19.268 ], [ 74.04, 19.278 ], [ 74.036, 19.29 ], [ 74.044, 19.3 ], [ 74.04, 19.311 ], [ 74.027, 19.313 ], [ 74.019, 19.303 ], [ 74.007, 19.305 ], [ 73.999, 19.295 ], [ 73.986, 19.297 ], [ 73.978, 19.287 ], [ 73.966, 19.288 ], [ 73.957, 19.278 ], [ 73.945, 19.28 ], [ 73.937, 19.27 ], [ 73.924, 19.272 ], [ 73.916, 19.262 ], [ 73.92, 19.25 ], [ 73.912, 19.24 ], [ 73.916, 19.228 ], [ 73.908, 19.218 ], [ 73.912, 19.207 ], [ 73.903, 19.197 ], [ 73.908, 19.185 ], [ 73.899, 19.175 ], [ 73.903, 19.163 ], [ 73.916, 19.162 ], [ 73.92, 19.15 ], [ 73.932, 19.148 ], [ 73.936, 19.136 ], [ 73.948, 19.135 ], [ 73.952, 19.123 ], [ 73.965, 19.121 ], [ 73.969, 19.109 ], [ 73.981, 19.108 ], [ 73.985, 19.096 ], [ 73.998, 19.094 ], [ 74.002, 19.082 ], [ 74.014, 19.081 ], [ 74.018, 19.069 ], [ 74.01, 19.059 ], [ 74.014, 19.047 ], [ 74.005, 19.037 ], [ 73.993, 19.039 ], [ 73.989, 19.051 ], [ 73.977, 19.052 ], [ 73.968, 19.042 ], [ 73.973, 19.031 ], [ 73.964, 19.021 ], [ 73.952, 19.022 ], [ 73.944, 19.012 ], [ 73.931, 19.014 ], [ 73.923, 19.004 ] ] ] ] } },
{ "type": "Feature", "properties": { "POLYGON.ID": 256.0, "subregion": "India--Maharashtra--Ghats--Satara_CL32875", "FILTER": "Maharashtra", "POLYGON": "India--Maharashtra--Ghats--Satara_CL32875", "STATE": "Maharashtra", "COUNTY": "Satara", "OWNER": null }, "geometry": { "type": "MultiPolygon", "coordinates": [ [ [ [ 74.097, 17.611 ], [ 74.088, 17.601 ], [ 74.092, 17.589 ], [ 74.105, 17.587 ], [ 74.109, 17.575 ], [ 74.1, 17.565 ], [ 74.088, 17.567 ], [ 74.08, 17.557 ], [ 74.068, 17.559 ], [ 74.064, 17.571 ], [ 74.051, 17.573 ], [ 74.047, 17.584 ], [ 74.035, 17.586 ], [ 74.031, 17.598 ], [ 74.019, 17.6 ], [ 74.015, 17.612 ], [ 74.002, 17.614 ], [ 73.998, 17.626 ], [ 74.007, 17.636 ], [ 74.003, 17.648 ], [ 73.99, 17.65 ], [ 73.982, 17.64 ], [ 73.986, 17.628 ], [ 73.978, 17.618 ], [ 73.982, 17.606 ], [ 73.994, 17.604 ], [ 73.998, 17.592 ], [ 73.99, 17.582 ], [ 73.994, 17.57 ], [ 74.006, 17.568 ], [ 74.01, 17.556 ], [ 74.002, 17.547 ], [ 74.006, 17.535 ], [ 73.998, 17.525 ], [ 74.002, 17.513 ], [ 74.014, 17.511 ], [ 74.018, 17.499 ], [ 74.031, 17.497 ], [ 74.039, 17.507 ], [ 74.051, 17.505 ], [ 74.059, 17.515 ], [ 74.072, 17.513 ], [ 74.076, 17.501 ], [ 74.067, 17.491 ], [ 74.071, 17.479 ], [ 74.063, 17.469 ], [ 74.067, 17.458 ], [ 74.059, 17.448 ], [ 74.063, 17.436 ], [ 74.055, 17.426 ], [ 74.059, 17.414 ], [ 74.071, 17.412 ], [ 74.075, 17.4 ], [ 74.087, 17.398 ], [ 74.091, 17.386 ], [ 74.104, 17.384 ], [ 74.112, 17.394 ], [ 74.124, 17.392 ], [ 74.128, 17.38 ], [ 74.14, 17.378 ], [ 74.144, 17.367 ], [ 74.157, 17.365 ], [ 74.161, 17.353 ], [ 74.173, 17.351 ], [ 74.177, 17.339 ], [ 74.169, 17.329 ], [ 74.173, 17.317 ], [ 74.165, 17.307 ], [ 74.169, 17.295 ], [ 74.181, 17.293 ], [ 74.185, 17.281 ], [ 74.177, 17.271 ], [ 74.181, 17.259 ], [ 74.172, 17.249 ], [ 74.177, 17.237 ], [ 74.168, 17.228 ], [ 74.172, 17.216 ], [ 74.164, 17.206 ], [ 74.152, 17.208 ], [ 74.148, 17.22 ], [ 74.135, 17.221 ], [ 74.127, 17.211 ], [ 74.115, 17.213 ], [ 74.107, 17.203 ], [ 74.111, 17.192 ], [ 74.103, 17.182 ], [ 74.09, 17.184 ], [ 74.082, 17.174 ], [ 74.07, 17.176 ], [ 74.062, 17.166 ], [ 74.049, 17.168 ], [ 74.041, 17.158 ], [ 74.029, 17.16 ], [ 74.021, 17.15 ], [ 74.025, 17.138 ], [ 74.016, 17.128 ], [ 74.02, 17.116 ], [ 74.033, 17.114 ], [ 74.037, 17.102 ], [ 74.049, 17.1 ], [ 74.057, 17.11 ], [ 74.069, 17.108 ], [ 74.073, 17.096 ], [ 74.086, 17.094 ], [ 74.094, 17.104 ], [ 74.09, 17.116 ], [ 74.098, 17.126 ], [ 74.11, 17.124 ], [ 74.114, 17.112 ], [ 74.127, 17.11 ], [ 74.135, 17.12 ], [ 74.147, 17.118 ], [ 74.155, 17.128 ], [ 74.168, 17.126 ], [ 74.176, 17.136 ], [ 74.172, 17.148 ], [ 74.18, 17.158 ], [ 74.192, 17.156 ], [ 74.196, 17.144 ], [ 74.209, 17.142 ], [ 74.217, 17.152 ], [ 74.229, 17.15 ], [ 74.233, 17.138 ], [ 74.246, 17.136 ], [ 74.254, 17.146 ], [ 74.25, 17.158 ], [ 74.258, 17.168 ], [ 74.254, 17.18 ], [ 74.262, 17.19 ], [ 74.275, 17.188 ], [ 74.283, 17.198 ], [ 74.279, 17.21 ], [ 74.267, 17.212 ], [ 74.262, 17.224 ], [ 74.271, 17.234 ], [ 74.283, 17.232 ], [ 74.291, 17.242 ], [ 74.287, 17.254 ], [ 74.275, 17.256 ], [ 74.271, 17.268 ], [ 74.259, 17.27 ], [ 74.255, 17.281 ], [ 74.263, 17.291 ], [ 74.259, 17.303 ], [ 74.267, 17.313 ], [ 74.279, 17.311 ], [ 74.288, 17.321 ], [ 74.284, 17.333 ], [ 74.292, 17.343 ], [ 74.288, 17.355 ], [ 74.276, 17.357 ], [ 74.267, 17.347 ], [ 74.255, 17.349 ], [ 74.251, 17.361 ], [ 74.259, 17.371 ], [ 74.255, 17.383 ], [ 74.263, 17.393 ], [ 74.276, 17.391 ], [ 74.284, 17.401 ], [ 74.28, 17.413 ], [ 74.288, 17.423 ], [ 74.301, 17.421 ], [ 74.309, 17.431 ], [ 74.321, 17.429 ], [ 74.325, 17.417 ], [ 74.337, 17.415 ], [ 74.346, 17.425 ], [ 74.358, 17.423 ], [ 74.362, 17.411 ], [ 74.374, 17.409 ], [ 74.383, 17.419 ], [ 74.395, 17.417 ], [ 74.399, 17.405 ], [ 74.411, 17.403 ], [ 74.415, 17.391 ], [ 74.428, 17.389 ], [ 74.436, 17.399 ], [ 74.448, 17.397 ], [ 74.452, 17.385 ], [ 74.465, 17.384 ], [ 74.473, 17.393 ], [ 74.485, 17.392 ], [ 74.489, 17.38 ], [ 74.502, 17.378 ], [ 74.51, 17.388 ], [ 74.506, 17.4 ], [ 74.514, 17.41 ], [ 74.527, 17.408 ], [ 74.535, 17.418 ], [ 74.547, 17.416 ], [ 74.556, 17.426 ], [ 74.568, 17.424 ], [ 74.572, 17.412 ], [ 74.584, 17.41 ], [ 74.593, 17.42 ], [ 74.589, 17.432 ], [ 74.597, 17.442 ], [ 74.609, 17.44 ], [ 74.613, 17.428 ], [ 74.626, 17.426 ], [ 74.63, 17.414 ], [ 74.621, 17.404 ], [ 74.625, 17.392 ], [ 74.638, 17.39 ], [ 74.646, 17.4 ], [ 74.658, 17.398 ], [ 74.662, 17.386 ], [ 74.675, 17.384 ], [ 74.683, 17.394 ], [ 74.679, 17.406 ], [ 74.687, 17.416 ], [ 74.683, 17.428 ], [ 74.692, 17.438 ], [ 74.688, 17.45 ], [ 74.696, 17.46 ], [ 74.692, 17.472 ], [ 74.7, 17.482 ], [ 74.713, 17.48 ], [ 74.721, 17.49 ], [ 74.733, 17.488 ], [ 74.737, 17.476 ], [ 74.75, 17.474 ], [ 74.754, 17.462 ], [ 74.766, 17.46 ], [ 74.774, 17.47 ], [ 74.787, 17.468 ], [ 74.791, 17.456 ], [ 74.803, 17.454 ], [ 74.812, 17.464 ], [ 74.824, 17.462 ], [ 74.832, 17.472 ], [ 74.828, 17.484 ], [ 74.837, 17.494 ], [ 74.849, 17.492 ], [ 74.857, 17.502 ], [ 74.853, 17.514 ], [ 74.862, 17.524 ], [ 74.858, 17.536 ], [ 74.866, 17.546 ], [ 74.862, 17.558 ], [ 74.87, 17.568 ], [ 74.883, 17.566 ], [ 74.891, 17.576 ], [ 74.887, 17.588 ], [ 74.875, 17.59 ], [ 74.871, 17.602 ], [ 74.879, 17.612 ], [ 74.891, 17.61 ], [ 74.9, 17.62 ], [ 74.896, 17.632 ], [ 74.904, 17.642 ], [ 74.9, 17.654 ], [ 74.888, 17.655 ], [ 74.883, 17.667 ], [ 74.892, 17.677 ], [ 74.888, 17.689 ], [ 74.875, 17.691 ], [ 74.871, 17.703 ], [ 74.88, 17.713 ], [ 74.876, 17.725 ], [ 74.863, 17.727 ], [ 74.855, 17.717 ], [ 74.843, 17.719 ], [ 74.838, 17.731 ], [ 74.826, 17.733 ], [ 74.822, 17.745 ], [ 74.81, 17.747 ], [ 74.806, 17.759 ], [ 74.793, 17.761 ], [ 74.789, 17.773 ], [ 74.777, 17.775 ], [ 74.768, 17.765 ], [ 74.756, 17.767 ], [ 74.752, 17.779 ], [ 74.74, 17.781 ], [ 74.736, 17.793 ], [ 74.723, 17.794 ], [ 74.715, 17.784 ], [ 74.702, 17.786 ], [ 74.698, 17.798 ], [ 74.686, 17.8 ], [ 74.682, 17.812 ], [ 74.69, 17.822 ], [ 74.686, 17.834 ], [ 74.674, 17.836 ], [ 74.67, 17.848 ], [ 74.657, 17.85 ], [ 74.649, 17.84 ], [ 74.637, 17.842 ], [ 74.628, 17.832 ], [ 74.616, 17.834 ], [ 74.612, 17.846 ], [ 74.62, 17.856 ], [ 74.616, 17.868 ], [ 74.625, 17.878 ], [ 74.637, 17.876 ], [ 74.645, 17.886 ], [ 74.641, 17.898 ], [ 74.65, 17.908 ], [ 74.646, 17.919 ], [ 74.654, 17.929 ], [ 74.65, 17.941 ], [ 74.658, 17.951 ], [ 74.654, 17.963 ], [ 74.662, 17.973 ], [ 74.658, 17.985 ], [ 74.667, 17.995 ], [ 74.663, 18.007 ], [ 74.671, 18.017 ], [ 74.683, 18.015 ], [ 74.692, 18.025 ], [ 74.704, 18.023 ], [ 74.713, 18.033 ], [ 74.708, 18.045 ], [ 74.696, 18.047 ], [ 74.692, 18.059 ], [ 74.68, 18.061 ], [ 74.676, 18.073 ], [ 74.663, 18.075 ], [ 74.655, 18.065 ], [ 74.659, 18.053 ], [ 74.651, 18.043 ], [ 74.638, 18.045 ], [ 74.634, 18.057 ], [ 74.622, 18.058 ], [ 74.613, 18.048 ], [ 74.601, 18.05 ], [ 74.593, 18.04 ], [ 74.58, 18.042 ], [ 74.576, 18.054 ], [ 74.564, 18.056 ], [ 74.56, 18.068 ], [ 74.548, 18.07 ], [ 74.539, 18.06 ], [ 74.527, 18.062 ], [ 74.519, 18.052 ], [ 74.506, 18.054 ], [ 74.502, 18.066 ], [ 74.49, 18.068 ], [ 74.481, 18.058 ], [ 74.469, 18.059 ], [ 74.461, 18.049 ], [ 74.448, 18.051 ], [ 74.444, 18.063 ], [ 74.432, 18.065 ], [ 74.428, 18.077 ], [ 74.416, 18.079 ], [ 74.407, 18.069 ], [ 74.395, 18.071 ], [ 74.387, 18.061 ], [ 74.374, 18.063 ], [ 74.37, 18.075 ], [ 74.358, 18.077 ], [ 74.354, 18.088 ], [ 74.342, 18.09 ], [ 74.333, 18.08 ], [ 74.321, 18.082 ], [ 74.313, 18.072 ], [ 74.3, 18.074 ], [ 74.292, 18.064 ], [ 74.28, 18.066 ], [ 74.276, 18.078 ], [ 74.263, 18.08 ], [ 74.259, 18.092 ], [ 74.247, 18.093 ], [ 74.243, 18.105 ], [ 74.231, 18.107 ], [ 74.222, 18.097 ], [ 74.21, 18.099 ], [ 74.206, 18.111 ], [ 74.194, 18.113 ], [ 74.185, 18.103 ], [ 74.173, 18.105 ], [ 74.169, 18.117 ], [ 74.157, 18.118 ], [ 74.148, 18.108 ], [ 74.136, 18.11 ], [ 74.132, 18.122 ], [ 74.12, 18.124 ], [ 74.116, 18.136 ], [ 74.103, 18.138 ], [ 74.095, 18.128 ], [ 74.083, 18.13 ], [ 74.075, 18.12 ], [ 74.062, 18.122 ], [ 74.058, 18.133 ], [ 74.046, 18.135 ], [ 74.038, 18.125 ], [ 74.026, 18.127 ], [ 74.021, 18.139 ], [ 74.009, 18.141 ], [ 74.005, 18.153 ], [ 73.993, 18.155 ], [ 73.985, 18.145 ], [ 73.972, 18.146 ], [ 73.968, 18.158 ], [ 73.956, 18.16 ], [ 73.952, 18.172 ], [ 73.94, 18.174 ], [ 73.931, 18.164 ], [ 73.935, 18.152 ], [ 73.948, 18.15 ], [ 73.952, 18.138 ], [ 73.944, 18.128 ], [ 73.931, 18.13 ], [ 73.923, 18.12 ], [ 73.927, 18.108 ], [ 73.919, 18.098 ], [ 73.907, 18.1 ], [ 73.898, 18.09 ], [ 73.902, 18.078 ], [ 73.915, 18.077 ], [ 73.919, 18.065 ], [ 73.931, 18.063 ], [ 73.935, 18.051 ], [ 73.947, 18.049 ], [ 73.956, 18.059 ], [ 73.968, 18.057 ], [ 73.972, 18.046 ], [ 73.984, 18.044 ], [ 73.992, 18.054 ], [ 74.005, 18.052 ], [ 74.009, 18.04 ], [ 74.021, 18.038 ], [ 74.029, 18.048 ], [ 74.041, 18.046 ], [ 74.046, 18.034 ], [ 74.058, 18.032 ], [ 74.062, 18.021 ], [ 74.074, 18.019 ], [ 74.082, 18.029 ], [ 74.095, 18.027 ], [ 74.099, 18.015 ], [ 74.09, 18.005 ], [ 74.095, 17.993 ], [ 74.107, 17.991 ], [ 74.115, 18.001 ], [ 74.127, 17.999 ], [ 74.131, 17.988 ], [ 74.144, 17.986 ], [ 74.148, 17.974 ], [ 74.139, 17.964 ], [ 74.144, 17.952 ], [ 74.135, 17.942 ], [ 74.123, 17.944 ], [ 74.115, 17.934 ], [ 74.102, 17.936 ], [ 74.098, 17.948 ], [ 74.086, 17.95 ], [ 74.082, 17.961 ], [ 74.07, 17.963 ], [ 74.066, 17.975 ], [ 74.053, 17.977 ], [ 74.045, 17.967 ], [ 74.049, 17.955 ], [ 74.041, 17.945 ], [ 74.045, 17.933 ], [ 74.057, 17.931 ], [ 74.061, 17.92 ], [ 74.053, 17.91 ], [ 74.057, 17.898 ], [ 74.069, 17.896 ], [ 74.073, 17.884 ], [ 74.086, 17.882 ], [ 74.09, 17.87 ], [ 74.082, 17.86 ], [ 74.086, 17.848 ], [ 74.098, 17.847 ], [ 74.102, 17.835 ], [ 74.094, 17.825 ], [ 74.081, 17.827 ], [ 74.073, 17.817 ], [ 74.077, 17.805 ], [ 74.069, 17.795 ], [ 74.057, 17.797 ], [ 74.048, 17.787 ], [ 74.036, 17.789 ], [ 74.032, 17.8 ], [ 74.02, 17.802 ], [ 74.016, 17.814 ], [ 74.003, 17.816 ], [ 73.999, 17.828 ], [ 74.008, 17.838 ], [ 74.004, 17.85 ], [ 74.012, 17.86 ], [ 74.008, 17.872 ], [ 73.996, 17.873 ], [ 73.992, 17.885 ], [ 73.979, 17.887 ], [ 73.971, 17.877 ], [ 73.975, 17.865 ], [ 73.967, 17.855 ], [ 73.955, 17.857 ], [ 73.946, 17.847 ], [ 73.934, 17.849 ], [ 73.926, 17.839 ], [ 73.914, 17.841 ], [ 73.905, 17.831 ], [ 73.909, 17.819 ], [ 73.922, 17.817 ], [ 73.926, 17.806 ], [ 73.938, 17.804 ], [ 73.946, 17.814 ], [ 73.958, 17.812 ], [ 73.962, 17.8 ], [ 73.975, 17.798 ], [ 73.979, 17.786 ], [ 73.991, 17.784 ], [ 73.995, 17.772 ], [ 74.007, 17.771 ], [ 74.011, 17.759 ], [ 74.024, 17.757 ], [ 74.028, 17.745 ], [ 74.019, 17.735 ], [ 74.007, 17.737 ], [ 73.999, 17.727 ], [ 73.987, 17.729 ], [ 73.983, 17.741 ], [ 73.97, 17.743 ], [ 73.962, 17.733 ], [ 73.966, 17.721 ], [ 73.978, 17.719 ], [ 73.982, 17.707 ], [ 73.995, 17.705 ], [ 73.999, 17.693 ], [ 74.011, 17.691 ], [ 74.015, 17.679 ], [ 74.027, 17.678 ], [ 74.031, 17.666 ], [ 74.044, 17.664 ], [ 74.048, 17.652 ], [ 74.06, 17.65 ], [ 74.064, 17.638 ], [ 74.076, 17.636 ], [ 74.08, 17.624 ], [ 74.093, 17.622 ], [ 74.097, 17.611 ] ] ] ] } },
{ "type": "Feature", "properties": { "POLYGON.ID": 257.0, "subregion": "India--Maharashtra--Ghats--Kolhapur_CL32876", "FILTER": "Maharashtra", "POLYGON": "India--Maharashtra--Ghats--Kolhapur_CL32876", "STATE": "Maharashtra", "COUNTY": "Hapur", "OWNER": null }, "geometry": { "type": "MultiPolygon", "coordinates": [ [ [ [ 74.193, 16.569 ], [ 74.181, 16.571 ], [ 74.173, 16.561 ], [ 74.161, 16.563 ], [ 74.157, 16.575 ], [ 74.144, 16.577 ], [ 74.14, 16.589 ], [ 74.128, 16.591 ], [ 74.12, 16.581 ], [ 74.108, 16.583 ], [ 74.104, 16.595 ], [ 74.091, 16.597 ], [ 74.083, 16.587 ], [ 74.071, 16.589 ], [ 74.063, 16.579 ], [ 74.05, 16.581 ], [ 74.042, 16.571 ], [ 74.03, 16.573 ], [ 74.022, 16.563 ], [ 74.026, 16.551 ], [ 74.018, 16.541 ], [ 74.005, 16.543 ], [ 73.997, 16.533 ], [ 74.001, 16.521 ], [ 74.013, 16.519 ], [ 74.022, 16.529 ], [ 74.034, 16.527 ], [ 74.042, 16.537 ], [ 74.054, 16.535 ], [ 74.058, 16.523 ], [ 74.071, 16.521 ], [ 74.079, 16.531 ], [ 74.091, 16.529 ], [ 74.095, 16.517 ], [ 74.107, 16.515 ], [ 74.111, 16.503 ], [ 74.103, 16.493 ], [ 74.107, 16.481 ], [ 74.099, 16.471 ], [ 74.103, 16.459 ], [ 74.095, 16.449 ], [ 74.099, 16.437 ], [ 74.09, 16.427 ], [ 74.094, 16.415 ], [ 74.107, 16.413 ], [ 74.111, 16.401 ], [ 74.123, 16.399 ], [ 74.127, 16.387 ], [ 74.119, 16.377 ], [ 74.123, 16.365 ], [ 74.115, 16.355 ], [ 74.119, 16.343 ], [ 74.11, 16.333 ], [ 74.114, 16.321 ], [ 74.127, 16.319 ], [ 74.135, 16.329 ], [ 74.147, 16.327 ], [ 74.155, 16.337 ], [ 74.151, 16.349 ], [ 74.159, 16.359 ], [ 74.172, 16.357 ], [ 74.18, 16.367 ], [ 74.192, 16.365 ], [ 74.2, 16.375 ], [ 74.213, 16.373 ], [ 74.221, 16.383 ], [ 74.233, 16.381 ], [ 74.237, 16.369 ], [ 74.249, 16.367 ], [ 74.258, 16.377 ], [ 74.27, 16.375 ], [ 74.274, 16.363 ], [ 74.266, 16.353 ], [ 74.27, 16.341 ], [ 74.261, 16.331 ], [ 74.265, 16.319 ], [ 74.257, 16.309 ], [ 74.261, 16.297 ], [ 74.273, 16.295 ], [ 74.282, 16.305 ], [ 74.278, 16.317 ], [ 74.286, 16.327 ], [ 74.298, 16.325 ], [ 74.306, 16.335 ], [ 74.302, 16.347 ], [ 74.311, 16.357 ], [ 74.307, 16.369 ], [ 74.315, 16.379 ], [ 74.327, 16.377 ], [ 74.335, 16.387 ], [ 74.348, 16.385 ], [ 74.356, 16.395 ], [ 74.352, 16.407 ], [ 74.34, 16.409 ], [ 74.336, 16.421 ], [ 74.344, 16.431 ], [ 74.34, 16.443 ], [ 74.328, 16.445 ], [ 74.323, 16.457 ], [ 74.311, 16.459 ], [ 74.307, 16.471 ], [ 74.295, 16.473 ], [ 74.291, 16.485 ], [ 74.299, 16.495 ], [ 74.295, 16.506 ], [ 74.283, 16.509 ], [ 74.279, 16.521 ], [ 74.267, 16.523 ], [ 74.263, 16.535 ], [ 74.271, 16.544 ], [ 74.283, 16.542 ], [ 74.287, 16.53 ], [ 74.299, 16.528 ], [ 74.303, 16.516 ], [ 74.316, 16.514 ], [ 74.324, 16.524 ], [ 74.32, 16.536 ], [ 74.328, 16.546 ], [ 74.34, 16.544 ], [ 74.349, 16.554 ], [ 74.361, 16.552 ], [ 74.365, 16.54 ], [ 74.377, 16.538 ], [ 74.385, 16.548 ], [ 74.381, 16.56 ], [ 74.39, 16.57 ], [ 74.402, 16.568 ], [ 74.41, 16.578 ], [ 74.423, 16.576 ], [ 74.431, 16.586 ], [ 74.427, 16.598 ], [ 74.435, 16.608 ], [ 74.447, 16.606 ], [ 74.456, 16.616 ], [ 74.452, 16.628 ], [ 74.46, 16.638 ], [ 74.456, 16.65 ], [ 74.464, 16.66 ], [ 74.476, 16.658 ], [ 74.48, 16.646 ], [ 74.493, 16.644 ], [ 74.497, 16.632 ], [ 74.509, 16.63 ], [ 74.517, 16.64 ], [ 74.53, 16.638 ], [ 74.534, 16.626 ], [ 74.546, 16.624 ], [ 74.55, 16.612 ], [ 74.542, 16.602 ], [ 74.546, 16.59 ], [ 74.558, 16.588 ], [ 74.562, 16.576 ], [ 74.554, 16.566 ], [ 74.558, 16.554 ], [ 74.57, 16.552 ], [ 74.578, 16.562 ], [ 74.591, 16.56 ], [ 74.599, 16.57 ], [ 74.611, 16.567 ], [ 74.62, 16.577 ], [ 74.632, 16.575 ], [ 74.64, 16.585 ], [ 74.636, 16.597 ], [ 74.644, 16.607 ], [ 74.657, 16.605 ], [ 74.665, 16.615 ], [ 74.677, 16.613 ], [ 74.686, 16.623 ], [ 74.682, 16.635 ], [ 74.669, 16.637 ], [ 74.665, 16.649 ], [ 74.674, 16.659 ], [ 74.67, 16.671 ], [ 74.678, 16.681 ], [ 74.69, 16.679 ], [ 74.699, 16.689 ], [ 74.695, 16.701 ], [ 74.703, 16.711 ], [ 74.699, 16.723 ], [ 74.686, 16.725 ], [ 74.682, 16.737 ], [ 74.67, 16.739 ], [ 74.666, 16.751 ], [ 74.654, 16.753 ], [ 74.65, 16.765 ], [ 74.637, 16.767 ], [ 74.633, 16.779 ], [ 74.621, 16.781 ], [ 74.617, 16.793 ], [ 74.605, 16.795 ], [ 74.601, 16.807 ], [ 74.588, 16.809 ], [ 74.58, 16.799 ], [ 74.568, 16.801 ], [ 74.564, 16.813 ], [ 74.551, 16.815 ], [ 74.547, 16.827 ], [ 74.535, 16.829 ], [ 74.531, 16.841 ], [ 74.519, 16.843 ], [ 74.51, 16.833 ], [ 74.498, 16.835 ], [ 74.494, 16.847 ], [ 74.482, 16.849 ], [ 74.478, 16.861 ], [ 74.465, 16.863 ], [ 74.457, 16.853 ], [ 74.445, 16.855 ], [ 74.437, 16.845 ], [ 74.424, 16.847 ], [ 74.416, 16.837 ], [ 74.404, 16.839 ], [ 74.4, 16.851 ], [ 74.408, 16.861 ], [ 74.404, 16.873 ], [ 74.392, 16.875 ], [ 74.383, 16.865 ], [ 74.371, 16.867 ], [ 74.363, 16.857 ], [ 74.351, 16.859 ], [ 74.342, 16.849 ], [ 74.33, 16.851 ], [ 74.322, 16.842 ], [ 74.309, 16.844 ], [ 74.305, 16.855 ], [ 74.293, 16.857 ], [ 74.285, 16.847 ], [ 74.273, 16.849 ], [ 74.269, 16.861 ], [ 74.256, 16.863 ], [ 74.248, 16.853 ], [ 74.236, 16.855 ], [ 74.232, 16.867 ], [ 74.219, 16.869 ], [ 74.211, 16.859 ], [ 74.199, 16.861 ], [ 74.191, 16.851 ], [ 74.178, 16.853 ], [ 74.17, 16.844 ], [ 74.174, 16.832 ], [ 74.187, 16.83 ], [ 74.195, 16.84 ], [ 74.207, 16.838 ], [ 74.211, 16.826 ], [ 74.223, 16.824 ], [ 74.227, 16.812 ], [ 74.24, 16.81 ], [ 74.248, 16.82 ], [ 74.26, 16.818 ], [ 74.264, 16.806 ], [ 74.256, 16.796 ], [ 74.26, 16.784 ], [ 74.252, 16.774 ], [ 74.239, 16.776 ], [ 74.231, 16.766 ], [ 74.219, 16.768 ], [ 74.211, 16.758 ], [ 74.198, 16.76 ], [ 74.194, 16.772 ], [ 74.182, 16.774 ], [ 74.174, 16.764 ], [ 74.162, 16.766 ], [ 74.153, 16.756 ], [ 74.141, 16.758 ], [ 74.137, 16.77 ], [ 74.125, 16.772 ], [ 74.117, 16.762 ], [ 74.104, 16.764 ], [ 74.1, 16.776 ], [ 74.088, 16.778 ], [ 74.08, 16.768 ], [ 74.068, 16.77 ], [ 74.064, 16.782 ], [ 74.051, 16.784 ], [ 74.043, 16.774 ], [ 74.031, 16.776 ], [ 74.027, 16.788 ], [ 74.015, 16.79 ], [ 74.007, 16.78 ], [ 73.994, 16.782 ], [ 73.99, 16.794 ], [ 73.978, 16.796 ], [ 73.97, 16.786 ], [ 73.958, 16.788 ], [ 73.949, 16.778 ], [ 73.953, 16.766 ], [ 73.966, 16.764 ], [ 73.974, 16.774 ], [ 73.986, 16.772 ], [ 73.99, 16.76 ], [ 74.002, 16.758 ], [ 74.011, 16.768 ], [ 74.023, 16.766 ], [ 74.027, 16.754 ], [ 74.039, 16.752 ], [ 74.047, 16.762 ], [ 74.059, 16.76 ], [ 74.064, 16.748 ], [ 74.076, 16.746 ], [ 74.084, 16.756 ], [ 74.096, 16.754 ], [ 74.1, 16.742 ], [ 74.092, 16.732 ], [ 74.096, 16.72 ], [ 74.108, 16.718 ], [ 74.112, 16.706 ], [ 74.104, 16.696 ], [ 74.108, 16.684 ], [ 74.12, 16.682 ], [ 74.124, 16.67 ], [ 74.137, 16.668 ], [ 74.141, 16.656 ], [ 74.153, 16.654 ], [ 74.157, 16.642 ], [ 74.149, 16.632 ], [ 74.153, 16.62 ], [ 74.165, 16.618 ], [ 74.169, 16.606 ], [ 74.181, 16.604 ], [ 74.189, 16.614 ], [ 74.202, 16.612 ], [ 74.206, 16.6 ], [ 74.197, 16.59 ], [ 74.201, 16.578 ], [ 74.193, 16.569 ] ], [ [ 74.262, 16.501 ], [ 74.275, 16.499 ], [ 74.279, 16.487 ], [ 74.27, 16.477 ], [ 74.258, 16.479 ], [ 74.254, 16.491 ], [ 74.262, 16.501 ] ] ], [ [ [ 74.461, 16.252 ], [ 74.453, 16.242 ], [ 74.441, 16.244 ], [ 74.437, 16.256 ], [ 74.425, 16.258 ], [ 74.421, 16.27 ], [ 74.408, 16.272 ], [ 74.404, 16.284 ], [ 74.392, 16.287 ], [ 74.384, 16.277 ], [ 74.372, 16.279 ], [ 74.368, 16.291 ], [ 74.355, 16.293 ], [ 74.347, 16.283 ], [ 74.335, 16.285 ], [ 74.326, 16.275 ], [ 74.314, 16.277 ], [ 74.306, 16.267 ], [ 74.294, 16.269 ], [ 74.286, 16.259 ], [ 74.273, 16.261 ], [ 74.265, 16.251 ], [ 74.253, 16.253 ], [ 74.245, 16.243 ], [ 74.249, 16.231 ], [ 74.24, 16.221 ], [ 74.228, 16.223 ], [ 74.22, 16.213 ], [ 74.224, 16.201 ], [ 74.236, 16.199 ], [ 74.24, 16.187 ], [ 74.232, 16.177 ], [ 74.236, 16.165 ], [ 74.228, 16.155 ], [ 74.215, 16.157 ], [ 74.207, 16.148 ], [ 74.195, 16.15 ], [ 74.187, 16.14 ], [ 74.175, 16.142 ], [ 74.171, 16.154 ], [ 74.158, 16.156 ], [ 74.15, 16.146 ], [ 74.138, 16.148 ], [ 74.13, 16.138 ], [ 74.134, 16.126 ], [ 74.146, 16.124 ], [ 74.15, 16.112 ], [ 74.162, 16.11 ], [ 74.17, 16.12 ], [ 74.183, 16.118 ], [ 74.187, 16.106 ], [ 74.199, 16.104 ], [ 74.203, 16.092 ], [ 74.215, 16.09 ], [ 74.223, 16.1 ], [ 74.219, 16.112 ], [ 74.228, 16.121 ], [ 74.24, 16.119 ], [ 74.248, 16.129 ], [ 74.26, 16.127 ], [ 74.268, 16.137 ], [ 74.281, 16.135 ], [ 74.289, 16.145 ], [ 74.301, 16.143 ], [ 74.309, 16.153 ], [ 74.322, 16.151 ], [ 74.33, 16.161 ], [ 74.342, 16.159 ], [ 74.35, 16.169 ], [ 74.363, 16.167 ], [ 74.371, 16.177 ], [ 74.367, 16.189 ], [ 74.375, 16.199 ], [ 74.387, 16.197 ], [ 74.396, 16.207 ], [ 74.408, 16.205 ], [ 74.412, 16.192 ], [ 74.424, 16.19 ], [ 74.428, 16.178 ], [ 74.42, 16.168 ], [ 74.424, 16.156 ], [ 74.436, 16.154 ], [ 74.44, 16.142 ], [ 74.453, 16.14 ], [ 74.457, 16.128 ], [ 74.448, 16.118 ], [ 74.452, 16.106 ], [ 74.465, 16.104 ], [ 74.469, 16.092 ], [ 74.481, 16.09 ], [ 74.489, 16.1 ], [ 74.485, 16.112 ], [ 74.493, 16.122 ], [ 74.489, 16.134 ], [ 74.477, 16.136 ], [ 74.473, 16.148 ], [ 74.481, 16.158 ], [ 74.494, 16.156 ], [ 74.502, 16.166 ], [ 74.498, 16.178 ], [ 74.506, 16.188 ], [ 74.502, 16.2 ], [ 74.51, 16.21 ], [ 74.506, 16.222 ], [ 74.494, 16.224 ], [ 74.49, 16.236 ], [ 74.478, 16.238 ], [ 74.474, 16.25 ], [ 74.461, 16.252 ] ] ], [ [ [ 74.097, 16.923 ], [ 74.089, 16.913 ], [ 74.093, 16.901 ], [ 74.085, 16.891 ], [ 74.089, 16.879 ], [ 74.101, 16.877 ], [ 74.109, 16.887 ], [ 74.121, 16.885 ], [ 74.13, 16.895 ], [ 74.126, 16.907 ], [ 74.113, 16.909 ], [ 74.109, 16.921 ], [ 74.097, 16.923 ] ] ], [ [ [ 74.391, 16.083 ], [ 74.403, 16.081 ], [ 74.411, 16.091 ], [ 74.407, 16.103 ], [ 74.395, 16.105 ], [ 74.391, 16.117 ], [ 74.379, 16.119 ], [ 74.37, 16.109 ], [ 74.358, 16.111 ], [ 74.35, 16.101 ], [ 74.338, 16.103 ], [ 74.329, 16.093 ], [ 74.317, 16.095 ], [ 74.313, 16.107 ], [ 74.301, 16.109 ], [ 74.293, 16.099 ], [ 74.28, 16.101 ], [ 74.272, 16.091 ], [ 74.26, 16.093 ], [ 74.252, 16.083 ], [ 74.256, 16.071 ], [ 74.248, 16.061 ], [ 74.252, 16.049 ], [ 74.264, 16.047 ], [ 74.268, 16.035 ], [ 74.26, 16.025 ], [ 74.247, 16.027 ], [ 74.239, 16.018 ], [ 74.243, 16.006 ], [ 74.235, 15.996 ], [ 74.223, 15.998 ], [ 74.215, 15.988 ], [ 74.202, 15.99 ], [ 74.198, 16.002 ], [ 74.186, 16.004 ], [ 74.178, 15.994 ], [ 74.166, 15.996 ], [ 74.157, 15.986 ], [ 74.145, 15.988 ], [ 74.137, 15.978 ], [ 74.141, 15.966 ], [ 74.153, 15.964 ], [ 74.161, 15.974 ], [ 74.174, 15.972 ], [ 74.178, 15.96 ], [ 74.19, 15.958 ], [ 74.194, 15.946 ], [ 74.186, 15.936 ], [ 74.19, 15.924 ], [ 74.202, 15.922 ], [ 74.206, 15.91 ], [ 74.198, 15.9 ], [ 74.202, 15.888 ], [ 74.194, 15.878 ], [ 74.198, 15.866 ], [ 74.189, 15.856 ], [ 74.193, 15.844 ], [ 74.206, 15.842 ], [ 74.214, 15.852 ], [ 74.226, 15.85 ], [ 74.234, 15.86 ], [ 74.23, 15.872 ], [ 74.238, 15.882 ], [ 74.251, 15.88 ], [ 74.255, 15.868 ], [ 74.267, 15.865 ], [ 74.275, 15.875 ], [ 74.287, 15.873 ], [ 74.291, 15.861 ], [ 74.304, 15.859 ], [ 74.308, 15.847 ], [ 74.32, 15.845 ], [ 74.324, 15.833 ], [ 74.316, 15.823 ], [ 74.32, 15.811 ], [ 74.311, 15.801 ], [ 74.315, 15.789 ], [ 74.328, 15.787 ], [ 74.332, 15.775 ], [ 74.344, 15.773 ], [ 74.352, 15.783 ], [ 74.364, 15.781 ], [ 74.373, 15.791 ], [ 74.369, 15.803 ], [ 74.377, 15.813 ], [ 74.373, 15.825 ], [ 74.381, 15.835 ], [ 74.377, 15.847 ], [ 74.365, 15.849 ], [ 74.357, 15.839 ], [ 74.344, 15.841 ], [ 74.34, 15.853 ], [ 74.349, 15.863 ], [ 74.361, 15.861 ], [ 74.369, 15.871 ], [ 74.381, 15.869 ], [ 74.385, 15.857 ], [ 74.398, 15.855 ], [ 74.406, 15.864 ], [ 74.402, 15.877 ], [ 74.39, 15.879 ], [ 74.385, 15.891 ], [ 74.394, 15.901 ], [ 74.39, 15.913 ], [ 74.398, 15.923 ], [ 74.41, 15.92 ], [ 74.418, 15.93 ], [ 74.414, 15.942 ], [ 74.423, 15.952 ], [ 74.435, 15.95 ], [ 74.443, 15.96 ], [ 74.439, 15.972 ], [ 74.447, 15.982 ], [ 74.443, 15.994 ], [ 74.452, 16.004 ], [ 74.448, 16.016 ], [ 74.456, 16.026 ], [ 74.452, 16.038 ], [ 74.46, 16.048 ], [ 74.456, 16.06 ], [ 74.444, 16.062 ], [ 74.436, 16.052 ], [ 74.423, 16.054 ], [ 74.415, 16.044 ], [ 74.403, 16.047 ], [ 74.395, 16.037 ], [ 74.382, 16.039 ], [ 74.378, 16.051 ], [ 74.366, 16.053 ], [ 74.362, 16.065 ], [ 74.37, 16.075 ], [ 74.383, 16.073 ], [ 74.391, 16.083 ] ] ], [ [ [ 73.966, 16.933 ], [ 73.958, 16.923 ], [ 73.946, 16.925 ], [ 73.942, 16.937 ], [ 73.93, 16.939 ], [ 73.922, 16.929 ], [ 73.909, 16.931 ], [ 73.901, 16.921 ], [ 73.905, 16.909 ], [ 73.897, 16.899 ], [ 73.901, 16.887 ], [ 73.913, 16.885 ], [ 73.917, 16.873 ], [ 73.929, 16.871 ], [ 73.938, 16.881 ], [ 73.95, 16.879 ], [ 73.958, 16.889 ], [ 73.97, 16.887 ], [ 73.979, 16.897 ], [ 73.991, 16.895 ], [ 73.995, 16.883 ], [ 74.007, 16.881 ], [ 74.011, 16.869 ], [ 74.023, 16.867 ], [ 74.032, 16.877 ], [ 74.044, 16.875 ], [ 74.052, 16.885 ], [ 74.048, 16.897 ], [ 74.056, 16.907 ], [ 74.052, 16.919 ], [ 74.04, 16.921 ], [ 74.036, 16.933 ], [ 74.024, 16.935 ], [ 74.02, 16.947 ], [ 74.028, 16.957 ], [ 74.024, 16.969 ], [ 74.012, 16.971 ], [ 74.003, 16.961 ], [ 74.007, 16.949 ], [ 73.999, 16.939 ], [ 73.987, 16.941 ], [ 73.979, 16.931 ], [ 73.966, 16.933 ] ] ] ] } },
{ "type": "Feature", "properties": { "POLYGON.ID": 258.0, "subregion": "India--Maharashtra--Ghats--Sangli_CL32877", "FILTER": "Maharashtra", "POLYGON": "India--Maharashtra--Ghats--Sangli_CL32877", "STATE": "Maharashtra", "COUNTY": "Sangli", "OWNER": null }, "geometry": { "type": "MultiPolygon", "coordinates": [ [ [ [ 75.279, 16.911 ], [ 75.275, 16.923 ], [ 75.283, 16.933 ], [ 75.279, 16.945 ], [ 75.288, 16.955 ], [ 75.3, 16.953 ], [ 75.309, 16.963 ], [ 75.321, 16.961 ], [ 75.325, 16.949 ], [ 75.337, 16.947 ], [ 75.346, 16.957 ], [ 75.358, 16.955 ], [ 75.367, 16.965 ], [ 75.379, 16.963 ], [ 75.388, 16.973 ], [ 75.4, 16.971 ], [ 75.408, 16.981 ], [ 75.421, 16.979 ], [ 75.425, 16.967 ], [ 75.437, 16.965 ], [ 75.446, 16.975 ], [ 75.442, 16.987 ], [ 75.45, 16.997 ], [ 75.463, 16.995 ], [ 75.467, 16.982 ], [ 75.479, 16.98 ], [ 75.483, 16.968 ], [ 75.496, 16.966 ], [ 75.5, 16.954 ], [ 75.512, 16.952 ], [ 75.521, 16.962 ], [ 75.533, 16.96 ], [ 75.541, 16.97 ], [ 75.554, 16.968 ], [ 75.562, 16.978 ], [ 75.558, 16.99 ], [ 75.567, 17.0 ], [ 75.579, 16.998 ], [ 75.588, 17.008 ], [ 75.6, 17.006 ], [ 75.604, 16.994 ], [ 75.596, 16.984 ], [ 75.6, 16.972 ], [ 75.612, 16.97 ], [ 75.621, 16.98 ], [ 75.633, 16.978 ], [ 75.637, 16.965 ], [ 75.65, 16.963 ], [ 75.658, 16.973 ], [ 75.671, 16.971 ], [ 75.679, 16.981 ], [ 75.675, 16.993 ], [ 75.663, 16.995 ], [ 75.659, 17.008 ], [ 75.667, 17.018 ], [ 75.663, 17.03 ], [ 75.65, 17.032 ], [ 75.646, 17.044 ], [ 75.655, 17.054 ], [ 75.667, 17.052 ], [ 75.676, 17.062 ], [ 75.672, 17.074 ], [ 75.68, 17.084 ], [ 75.676, 17.096 ], [ 75.664, 17.098 ], [ 75.66, 17.11 ], [ 75.647, 17.112 ], [ 75.643, 17.124 ], [ 75.652, 17.134 ], [ 75.647, 17.146 ], [ 75.635, 17.148 ], [ 75.631, 17.16 ], [ 75.618, 17.162 ], [ 75.614, 17.174 ], [ 75.623, 17.184 ], [ 75.635, 17.182 ], [ 75.644, 17.192 ], [ 75.64, 17.204 ], [ 75.648, 17.214 ], [ 75.661, 17.212 ], [ 75.669, 17.222 ], [ 75.665, 17.234 ], [ 75.653, 17.237 ], [ 75.649, 17.249 ], [ 75.657, 17.259 ], [ 75.653, 17.271 ], [ 75.64, 17.273 ], [ 75.636, 17.285 ], [ 75.624, 17.287 ], [ 75.62, 17.299 ], [ 75.607, 17.301 ], [ 75.599, 17.291 ], [ 75.586, 17.293 ], [ 75.578, 17.283 ], [ 75.566, 17.285 ], [ 75.557, 17.275 ], [ 75.545, 17.277 ], [ 75.536, 17.267 ], [ 75.524, 17.269 ], [ 75.515, 17.259 ], [ 75.519, 17.247 ], [ 75.511, 17.237 ], [ 75.498, 17.239 ], [ 75.494, 17.251 ], [ 75.482, 17.253 ], [ 75.473, 17.243 ], [ 75.461, 17.245 ], [ 75.457, 17.257 ], [ 75.444, 17.259 ], [ 75.44, 17.271 ], [ 75.428, 17.273 ], [ 75.419, 17.263 ], [ 75.424, 17.251 ], [ 75.415, 17.241 ], [ 75.419, 17.229 ], [ 75.411, 17.219 ], [ 75.415, 17.207 ], [ 75.406, 17.197 ], [ 75.394, 17.199 ], [ 75.385, 17.189 ], [ 75.373, 17.191 ], [ 75.369, 17.203 ], [ 75.377, 17.213 ], [ 75.373, 17.226 ], [ 75.361, 17.228 ], [ 75.357, 17.24 ], [ 75.344, 17.242 ], [ 75.336, 17.232 ], [ 75.324, 17.234 ], [ 75.315, 17.224 ], [ 75.303, 17.226 ], [ 75.294, 17.216 ], [ 75.282, 17.218 ], [ 75.273, 17.208 ], [ 75.277, 17.196 ], [ 75.29, 17.194 ], [ 75.294, 17.182 ], [ 75.306, 17.18 ], [ 75.31, 17.168 ], [ 75.302, 17.158 ], [ 75.29, 17.16 ], [ 75.281, 17.15 ], [ 75.269, 17.152 ], [ 75.265, 17.164 ], [ 75.273, 17.174 ], [ 75.269, 17.186 ], [ 75.257, 17.188 ], [ 75.248, 17.178 ], [ 75.236, 17.18 ], [ 75.232, 17.192 ], [ 75.219, 17.194 ], [ 75.215, 17.206 ], [ 75.224, 17.216 ], [ 75.236, 17.214 ], [ 75.245, 17.224 ], [ 75.24, 17.236 ], [ 75.249, 17.246 ], [ 75.245, 17.258 ], [ 75.232, 17.26 ], [ 75.224, 17.25 ], [ 75.212, 17.252 ], [ 75.208, 17.264 ], [ 75.195, 17.266 ], [ 75.187, 17.256 ], [ 75.191, 17.244 ], [ 75.182, 17.234 ], [ 75.17, 17.236 ], [ 75.166, 17.248 ], [ 75.153, 17.25 ], [ 75.145, 17.24 ], [ 75.133, 17.242 ], [ 75.124, 17.232 ], [ 75.112, 17.234 ], [ 75.108, 17.246 ], [ 75.095, 17.248 ], [ 75.087, 17.238 ], [ 75.075, 17.24 ], [ 75.066, 17.23 ], [ 75.054, 17.232 ], [ 75.045, 17.222 ], [ 75.033, 17.224 ], [ 75.025, 17.214 ], [ 75.012, 17.216 ], [ 75.004, 17.206 ], [ 74.991, 17.208 ], [ 74.983, 17.198 ], [ 74.971, 17.2 ], [ 74.962, 17.19 ], [ 74.95, 17.192 ], [ 74.942, 17.182 ], [ 74.946, 17.17 ], [ 74.937, 17.16 ], [ 74.925, 17.162 ], [ 74.921, 17.174 ], [ 74.909, 17.176 ], [ 74.904, 17.188 ], [ 74.892, 17.19 ], [ 74.888, 17.202 ], [ 74.876, 17.204 ], [ 74.872, 17.216 ], [ 74.88, 17.226 ], [ 74.892, 17.224 ], [ 74.901, 17.234 ], [ 74.897, 17.246 ], [ 74.905, 17.256 ], [ 74.901, 17.268 ], [ 74.909, 17.278 ], [ 74.922, 17.276 ], [ 74.93, 17.286 ], [ 74.942, 17.284 ], [ 74.951, 17.294 ], [ 74.963, 17.292 ], [ 74.972, 17.302 ], [ 74.968, 17.314 ], [ 74.976, 17.324 ], [ 74.972, 17.336 ], [ 74.98, 17.346 ], [ 74.976, 17.358 ], [ 74.985, 17.368 ], [ 74.997, 17.366 ], [ 75.005, 17.376 ], [ 75.001, 17.388 ], [ 75.01, 17.398 ], [ 75.006, 17.41 ], [ 75.014, 17.42 ], [ 75.026, 17.418 ], [ 75.035, 17.428 ], [ 75.031, 17.44 ], [ 75.039, 17.45 ], [ 75.035, 17.462 ], [ 75.043, 17.472 ], [ 75.039, 17.484 ], [ 75.027, 17.486 ], [ 75.019, 17.476 ], [ 75.006, 17.478 ], [ 74.998, 17.468 ], [ 74.985, 17.47 ], [ 74.977, 17.46 ], [ 74.965, 17.462 ], [ 74.961, 17.474 ], [ 74.969, 17.484 ], [ 74.965, 17.496 ], [ 74.952, 17.498 ], [ 74.948, 17.51 ], [ 74.957, 17.52 ], [ 74.969, 17.518 ], [ 74.978, 17.528 ], [ 74.974, 17.54 ], [ 74.982, 17.55 ], [ 74.978, 17.562 ], [ 74.965, 17.564 ], [ 74.961, 17.576 ], [ 74.949, 17.578 ], [ 74.945, 17.59 ], [ 74.933, 17.592 ], [ 74.924, 17.582 ], [ 74.912, 17.584 ], [ 74.908, 17.596 ], [ 74.916, 17.606 ], [ 74.912, 17.618 ], [ 74.9, 17.62 ], [ 74.891, 17.61 ], [ 74.879, 17.612 ], [ 74.871, 17.602 ], [ 74.875, 17.59 ], [ 74.887, 17.588 ], [ 74.891, 17.576 ], [ 74.883, 17.566 ], [ 74.87, 17.568 ], [ 74.862, 17.558 ], [ 74.866, 17.546 ], [ 74.858, 17.536 ], [ 74.862, 17.524 ], [ 74.853, 17.514 ], [ 74.857, 17.502 ], [ 74.849, 17.492 ], [ 74.837, 17.494 ], [ 74.828, 17.484 ], [ 74.832, 17.472 ], [ 74.824, 17.462 ], [ 74.812, 17.464 ], [ 74.803, 17.454 ], [ 74.791, 17.456 ], [ 74.787, 17.468 ], [ 74.774, 17.47 ], [ 74.766, 17.46 ], [ 74.754, 17.462 ], [ 74.75, 17.474 ], [ 74.737, 17.476 ], [ 74.733, 17.488 ], [ 74.721, 17.49 ], [ 74.713, 17.48 ], [ 74.7, 17.482 ], [ 74.692, 17.472 ], [ 74.696, 17.46 ], [ 74.688, 17.45 ], [ 74.692, 17.438 ], [ 74.683, 17.428 ], [ 74.687, 17.416 ], [ 74.679, 17.406 ], [ 74.683, 17.394 ], [ 74.675, 17.384 ], [ 74.662, 17.386 ], [ 74.658, 17.398 ], [ 74.646, 17.4 ], [ 74.638, 17.39 ], [ 74.625, 17.392 ], [ 74.621, 17.404 ], [ 74.63, 17.414 ], [ 74.626, 17.426 ], [ 74.613, 17.428 ], [ 74.609, 17.44 ], [ 74.597, 17.442 ], [ 74.589, 17.432 ], [ 74.593, 17.42 ], [ 74.584, 17.41 ], [ 74.572, 17.412 ], [ 74.568, 17.424 ], [ 74.556, 17.426 ], [ 74.547, 17.416 ], [ 74.535, 17.418 ], [ 74.527, 17.408 ], [ 74.514, 17.41 ], [ 74.506, 17.4 ], [ 74.51, 17.388 ], [ 74.502, 17.378 ], [ 74.489, 17.38 ], [ 74.485, 17.392 ], [ 74.473, 17.393 ], [ 74.465, 17.384 ], [ 74.452, 17.385 ], [ 74.448, 17.397 ], [ 74.436, 17.399 ], [ 74.428, 17.389 ], [ 74.415, 17.391 ], [ 74.411, 17.403 ], [ 74.399, 17.405 ], [ 74.395, 17.417 ], [ 74.383, 17.419 ], [ 74.374, 17.409 ], [ 74.362, 17.411 ], [ 74.358, 17.423 ], [ 74.346, 17.425 ], [ 74.337, 17.415 ], [ 74.325, 17.417 ], [ 74.321, 17.429 ], [ 74.309, 17.431 ], [ 74.301, 17.421 ], [ 74.288, 17.423 ], [ 74.28, 17.413 ], [ 74.284, 17.401 ], [ 74.276, 17.391 ], [ 74.263, 17.393 ], [ 74.255, 17.383 ], [ 74.259, 17.371 ], [ 74.251, 17.361 ], [ 74.255, 17.349 ], [ 74.267, 17.347 ], [ 74.276, 17.357 ], [ 74.288, 17.355 ], [ 74.292, 17.343 ], [ 74.284, 17.333 ], [ 74.288, 17.321 ], [ 74.279, 17.311 ], [ 74.267, 17.313 ], [ 74.259, 17.303 ], [ 74.263, 17.291 ], [ 74.255, 17.281 ], [ 74.259, 17.27 ], [ 74.271, 17.268 ], [ 74.275, 17.256 ], [ 74.287, 17.254 ], [ 74.291, 17.242 ], [ 74.283, 17.232 ], [ 74.271, 17.234 ], [ 74.262, 17.224 ], [ 74.267, 17.212 ], [ 74.279, 17.21 ], [ 74.283, 17.198 ], [ 74.275, 17.188 ], [ 74.262, 17.19 ], [ 74.254, 17.18 ], [ 74.258, 17.168 ], [ 74.25, 17.158 ], [ 74.254, 17.146 ], [ 74.246, 17.136 ], [ 74.233, 17.138 ], [ 74.229, 17.15 ], [ 74.217, 17.152 ], [ 74.209, 17.142 ], [ 74.196, 17.144 ], [ 74.192, 17.156 ], [ 74.18, 17.158 ], [ 74.172, 17.148 ], [ 74.176, 17.136 ], [ 74.168, 17.126 ], [ 74.155, 17.128 ], [ 74.147, 17.118 ], [ 74.135, 17.12 ], [ 74.127, 17.11 ], [ 74.114, 17.112 ], [ 74.11, 17.124 ], [ 74.098, 17.126 ], [ 74.09, 17.116 ], [ 74.094, 17.104 ], [ 74.086, 17.094 ], [ 74.073, 17.096 ], [ 74.069, 17.108 ], [ 74.057, 17.11 ], [ 74.049, 17.1 ], [ 74.053, 17.088 ], [ 74.045, 17.078 ], [ 74.049, 17.066 ], [ 74.061, 17.064 ], [ 74.069, 17.074 ], [ 74.082, 17.072 ], [ 74.086, 17.06 ], [ 74.077, 17.05 ], [ 74.081, 17.038 ], [ 74.073, 17.028 ], [ 74.061, 17.03 ], [ 74.053, 17.02 ], [ 74.057, 17.009 ], [ 74.069, 17.007 ], [ 74.073, 16.995 ], [ 74.065, 16.985 ], [ 74.052, 16.987 ], [ 74.044, 16.977 ], [ 74.032, 16.979 ], [ 74.024, 16.969 ], [ 74.028, 16.957 ], [ 74.02, 16.947 ], [ 74.024, 16.935 ], [ 74.036, 16.933 ], [ 74.04, 16.921 ], [ 74.052, 16.919 ], [ 74.056, 16.907 ], [ 74.068, 16.905 ], [ 74.077, 16.915 ], [ 74.089, 16.913 ], [ 74.097, 16.923 ], [ 74.109, 16.921 ], [ 74.113, 16.909 ], [ 74.126, 16.907 ], [ 74.13, 16.895 ], [ 74.142, 16.893 ], [ 74.15, 16.903 ], [ 74.162, 16.901 ], [ 74.171, 16.911 ], [ 74.183, 16.909 ], [ 74.191, 16.919 ], [ 74.187, 16.931 ], [ 74.195, 16.941 ], [ 74.208, 16.939 ], [ 74.216, 16.949 ], [ 74.228, 16.947 ], [ 74.236, 16.957 ], [ 74.249, 16.955 ], [ 74.257, 16.965 ], [ 74.269, 16.963 ], [ 74.273, 16.951 ], [ 74.285, 16.949 ], [ 74.294, 16.959 ], [ 74.29, 16.971 ], [ 74.298, 16.981 ], [ 74.31, 16.979 ], [ 74.318, 16.989 ], [ 74.331, 16.987 ], [ 74.339, 16.997 ], [ 74.351, 16.995 ], [ 74.355, 16.983 ], [ 74.368, 16.981 ], [ 74.372, 16.969 ], [ 74.384, 16.967 ], [ 74.388, 16.955 ], [ 74.38, 16.945 ], [ 74.367, 16.947 ], [ 74.359, 16.937 ], [ 74.363, 16.925 ], [ 74.355, 16.915 ], [ 74.359, 16.903 ], [ 74.371, 16.901 ], [ 74.375, 16.889 ], [ 74.367, 16.879 ], [ 74.371, 16.867 ], [ 74.383, 16.865 ], [ 74.392, 16.875 ], [ 74.404, 16.873 ], [ 74.408, 16.861 ], [ 74.4, 16.851 ], [ 74.404, 16.839 ], [ 74.416, 16.837 ], [ 74.424, 16.847 ], [ 74.437, 16.845 ], [ 74.445, 16.855 ], [ 74.457, 16.853 ], [ 74.465, 16.863 ], [ 74.478, 16.861 ], [ 74.482, 16.849 ], [ 74.494, 16.847 ], [ 74.498, 16.835 ], [ 74.51, 16.833 ], [ 74.519, 16.843 ], [ 74.531, 16.841 ], [ 74.535, 16.829 ], [ 74.547, 16.827 ], [ 74.551, 16.815 ], [ 74.564, 16.813 ], [ 74.568, 16.801 ], [ 74.58, 16.799 ], [ 74.588, 16.809 ], [ 74.601, 16.807 ], [ 74.605, 16.795 ], [ 74.617, 16.793 ], [ 74.621, 16.781 ], [ 74.633, 16.779 ], [ 74.637, 16.767 ], [ 74.65, 16.765 ], [ 74.654, 16.753 ], [ 74.666, 16.751 ], [ 74.67, 16.739 ], [ 74.682, 16.737 ], [ 74.686, 16.725 ], [ 74.699, 16.723 ], [ 74.703, 16.711 ], [ 74.715, 16.709 ], [ 74.723, 16.719 ], [ 74.736, 16.717 ], [ 74.744, 16.727 ], [ 74.756, 16.725 ], [ 74.765, 16.735 ], [ 74.761, 16.747 ], [ 74.769, 16.757 ], [ 74.781, 16.755 ], [ 74.785, 16.743 ], [ 74.798, 16.741 ], [ 74.806, 16.751 ], [ 74.818, 16.749 ], [ 74.827, 16.759 ], [ 74.839, 16.757 ], [ 74.847, 16.767 ], [ 74.86, 16.765 ], [ 74.868, 16.775 ], [ 74.881, 16.773 ], [ 74.889, 16.783 ], [ 74.901, 16.78 ], [ 74.91, 16.79 ], [ 74.906, 16.802 ], [ 74.914, 16.812 ], [ 74.91, 16.824 ], [ 74.918, 16.834 ], [ 74.914, 16.846 ], [ 74.902, 16.848 ], [ 74.898, 16.861 ], [ 74.906, 16.87 ], [ 74.918, 16.868 ], [ 74.927, 16.878 ], [ 74.939, 16.876 ], [ 74.947, 16.886 ], [ 74.96, 16.884 ], [ 74.968, 16.894 ], [ 74.964, 16.906 ], [ 74.952, 16.908 ], [ 74.948, 16.92 ], [ 74.935, 16.922 ], [ 74.931, 16.934 ], [ 74.94, 16.944 ], [ 74.952, 16.942 ], [ 74.96, 16.952 ], [ 74.973, 16.95 ], [ 74.981, 16.96 ], [ 74.994, 16.958 ], [ 74.998, 16.946 ], [ 75.01, 16.944 ], [ 75.014, 16.932 ], [ 75.026, 16.93 ], [ 75.035, 16.94 ], [ 75.047, 16.938 ], [ 75.056, 16.948 ], [ 75.068, 16.946 ], [ 75.076, 16.956 ], [ 75.089, 16.954 ], [ 75.093, 16.942 ], [ 75.084, 16.932 ], [ 75.088, 16.92 ], [ 75.101, 16.918 ], [ 75.105, 16.906 ], [ 75.117, 16.904 ], [ 75.121, 16.892 ], [ 75.134, 16.89 ], [ 75.138, 16.878 ], [ 75.15, 16.876 ], [ 75.154, 16.864 ], [ 75.167, 16.862 ], [ 75.175, 16.872 ], [ 75.187, 16.869 ], [ 75.191, 16.857 ], [ 75.183, 16.847 ], [ 75.187, 16.835 ], [ 75.199, 16.833 ], [ 75.208, 16.843 ], [ 75.22, 16.841 ], [ 75.229, 16.851 ], [ 75.225, 16.863 ], [ 75.233, 16.873 ], [ 75.245, 16.871 ], [ 75.249, 16.859 ], [ 75.262, 16.857 ], [ 75.27, 16.867 ], [ 75.283, 16.865 ], [ 75.291, 16.875 ], [ 75.287, 16.887 ], [ 75.295, 16.897 ], [ 75.291, 16.909 ], [ 75.279, 16.911 ] ] ] ] } },
{ "type": "Feature", "properties": { "POLYGON.ID": 280.0, "subregion": "India--Maharashtra--Thane_CL33522", "FILTER": "Maharashtra", "POLYGON": "India--Maharashtra--Thane_CL33522", "STATE": "Maharashtra", "COUNTY": "Thane", "OWNER": null }, "geometry": { "type": "MultiPolygon", "coordinates": [ [ [ [ 72.995, 20.229 ], [ 72.991, 20.241 ], [ 72.978, 20.243 ], [ 72.97, 20.233 ], [ 72.974, 20.221 ], [ 72.987, 20.219 ], [ 72.991, 20.208 ], [ 73.003, 20.206 ], [ 73.011, 20.216 ], [ 73.007, 20.228 ], [ 72.995, 20.229 ] ] ] ] } },
{ "type": "Feature", "properties": { "POLYGON.ID": 305.0, "subregion": "IN-MH--pelagic", "FILTER": "Maharashtra", "POLYGON": "IN-MH--pelagic", "STATE": "Maharashtra", "COUNTY": "spl_region", "OWNER": null }, "geometry": { "type": "MultiPolygon", "coordinates": [ [ [ [ 69.832, 16.232 ], [ 69.843, 16.231 ], [ 69.847, 16.219 ], [ 69.84, 16.209 ], [ 69.844, 16.198 ], [ 69.836, 16.188 ], [ 69.84, 16.177 ], [ 69.851, 16.175 ], [ 69.855, 16.163 ], [ 69.848, 16.153 ], [ 69.852, 16.142 ], [ 69.844, 16.132 ], [ 69.848, 16.121 ], [ 69.841, 16.111 ], [ 69.844, 16.099 ], [ 69.856, 16.098 ], [ 69.86, 16.086 ], [ 69.852, 16.076 ], [ 69.856, 16.065 ], [ 69.849, 16.055 ], [ 69.853, 16.043 ], [ 69.864, 16.042 ], [ 69.868, 16.03 ], [ 69.861, 16.02 ], [ 69.864, 16.009 ], [ 69.857, 15.999 ], [ 69.861, 15.987 ], [ 69.872, 15.986 ], [ 69.876, 15.974 ], [ 69.869, 15.964 ], [ 69.873, 15.953 ], [ 69.865, 15.943 ], [ 69.869, 15.931 ], [ 69.88, 15.93 ], [ 69.884, 15.918 ], [ 69.877, 15.908 ], [ 69.881, 15.897 ], [ 69.892, 15.895 ], [ 69.896, 15.883 ], [ 69.889, 15.874 ], [ 69.893, 15.862 ], [ 69.904, 15.86 ], [ 69.908, 15.849 ], [ 69.9, 15.839 ], [ 69.904, 15.827 ], [ 69.897, 15.818 ], [ 69.901, 15.806 ], [ 69.912, 15.804 ], [ 69.916, 15.793 ], [ 69.909, 15.783 ], [ 69.913, 15.771 ], [ 69.924, 15.769 ], [ 69.928, 15.758 ], [ 69.92, 15.748 ], [ 69.924, 15.737 ], [ 69.917, 15.727 ], [ 69.921, 15.715 ], [ 69.932, 15.713 ], [ 69.936, 15.702 ], [ 69.929, 15.692 ], [ 69.932, 15.68 ], [ 69.944, 15.679 ], [ 69.948, 15.667 ], [ 69.94, 15.657 ], [ 69.944, 15.646 ], [ 69.937, 15.636 ], [ 69.941, 15.624 ], [ 69.952, 15.623 ], [ 69.956, 15.611 ], [ 69.968, 15.609 ], [ 69.971, 15.598 ], [ 69.964, 15.588 ], [ 69.968, 15.576 ], [ 69.979, 15.574 ], [ 69.983, 15.563 ], [ 69.976, 15.553 ], [ 69.98, 15.541 ], [ 69.991, 15.54 ], [ 69.995, 15.528 ], [ 69.987, 15.518 ], [ 69.991, 15.507 ], [ 70.003, 15.505 ], [ 70.007, 15.493 ], [ 69.999, 15.483 ], [ 70.003, 15.472 ], [ 70.015, 15.47 ], [ 70.019, 15.458 ], [ 70.011, 15.449 ], [ 70.015, 15.437 ], [ 70.026, 15.435 ], [ 70.03, 15.424 ], [ 70.023, 15.414 ], [ 70.027, 15.402 ], [ 70.038, 15.4 ], [ 70.042, 15.389 ], [ 70.035, 15.379 ], [ 70.039, 15.367 ], [ 70.05, 15.366 ], [ 70.054, 15.354 ], [ 70.046, 15.344 ], [ 70.05, 15.333 ], [ 70.062, 15.331 ], [ 70.066, 15.319 ], [ 70.058, 15.309 ], [ 70.062, 15.298 ], [ 70.074, 15.296 ], [ 70.078, 15.284 ], [ 70.07, 15.275 ], [ 70.074, 15.263 ], [ 70.085, 15.261 ], [ 70.089, 15.249 ], [ 70.082, 15.24 ], [ 70.086, 15.228 ], [ 70.097, 15.226 ], [ 70.101, 15.215 ], [ 70.094, 15.205 ], [ 70.097, 15.193 ], [ 70.09, 15.183 ], [ 70.094, 15.172 ], [ 70.105, 15.17 ], [ 70.109, 15.158 ], [ 70.102, 15.148 ], [ 70.106, 15.137 ], [ 70.117, 15.135 ], [ 70.121, 15.123 ], [ 70.113, 15.114 ], [ 70.117, 15.102 ], [ 70.129, 15.1 ], [ 70.133, 15.088 ], [ 70.125, 15.079 ], [ 70.129, 15.067 ], [ 70.141, 15.065 ], [ 70.145, 15.054 ], [ 70.137, 15.044 ], [ 70.141, 15.032 ], [ 70.152, 15.03 ], [ 70.156, 15.019 ], [ 70.149, 15.009 ], [ 70.153, 14.997 ], [ 70.164, 14.995 ], [ 70.168, 14.984 ], [ 70.161, 14.974 ], [ 70.164, 14.962 ], [ 70.176, 14.96 ], [ 70.18, 14.949 ], [ 70.172, 14.939 ], [ 70.176, 14.927 ], [ 70.188, 14.925 ], [ 70.192, 14.914 ], [ 70.184, 14.904 ], [ 70.188, 14.892 ], [ 70.2, 14.89 ], [ 70.203, 14.879 ], [ 70.196, 14.869 ], [ 70.2, 14.857 ], [ 70.211, 14.855 ], [ 70.215, 14.844 ], [ 70.208, 14.834 ], [ 70.212, 14.822 ], [ 70.223, 14.82 ], [ 70.227, 14.809 ], [ 70.239, 14.807 ], [ 70.242, 14.795 ], [ 70.235, 14.785 ], [ 70.239, 14.774 ], [ 70.25, 14.772 ], [ 70.254, 14.76 ], [ 70.266, 14.758 ], [ 70.27, 14.747 ], [ 70.262, 14.737 ], [ 70.266, 14.725 ], [ 70.278, 14.723 ], [ 70.281, 14.712 ], [ 70.274, 14.702 ], [ 70.278, 14.69 ], [ 70.289, 14.688 ], [ 70.293, 14.677 ], [ 70.305, 14.675 ], [ 70.309, 14.663 ], [ 70.301, 14.653 ], [ 70.305, 14.642 ], [ 70.317, 14.64 ], [ 70.32, 14.628 ], [ 70.313, 14.618 ], [ 70.317, 14.607 ], [ 70.328, 14.605 ], [ 70.332, 14.593 ], [ 70.344, 14.591 ], [ 70.348, 14.579 ], [ 70.34, 14.57 ], [ 70.344, 14.558 ], [ 70.355, 14.556 ], [ 70.359, 14.544 ], [ 70.371, 14.542 ], [ 70.375, 14.531 ], [ 70.367, 14.521 ], [ 70.371, 14.509 ], [ 70.383, 14.507 ], [ 70.387, 14.495 ], [ 70.379, 14.486 ], [ 70.383, 14.474 ], [ 70.394, 14.472 ], [ 70.398, 14.46 ], [ 70.41, 14.458 ], [ 70.418, 14.468 ], [ 70.429, 14.466 ], [ 70.437, 14.476 ], [ 70.448, 14.474 ], [ 70.452, 14.462 ], [ 70.464, 14.46 ], [ 70.471, 14.47 ], [ 70.483, 14.468 ], [ 70.487, 14.456 ], [ 70.498, 14.454 ], [ 70.506, 14.464 ], [ 70.517, 14.462 ], [ 70.525, 14.472 ], [ 70.537, 14.47 ], [ 70.541, 14.458 ], [ 70.552, 14.456 ], [ 70.56, 14.466 ], [ 70.571, 14.464 ], [ 70.579, 14.474 ], [ 70.591, 14.472 ], [ 70.594, 14.46 ], [ 70.606, 14.458 ], [ 70.614, 14.468 ], [ 70.625, 14.466 ], [ 70.633, 14.476 ], [ 70.644, 14.474 ], [ 70.648, 14.462 ], [ 70.66, 14.46 ], [ 70.668, 14.47 ], [ 70.679, 14.468 ], [ 70.683, 14.456 ], [ 70.695, 14.454 ], [ 70.702, 14.464 ], [ 70.714, 14.462 ], [ 70.718, 14.45 ], [ 70.729, 14.448 ], [ 70.737, 14.458 ], [ 70.749, 14.456 ], [ 70.753, 14.444 ], [ 70.764, 14.442 ], [ 70.772, 14.452 ], [ 70.783, 14.45 ], [ 70.787, 14.439 ], [ 70.799, 14.437 ], [ 70.803, 14.425 ], [ 70.815, 14.423 ], [ 70.822, 14.433 ], [ 70.834, 14.431 ], [ 70.838, 14.419 ], [ 70.849, 14.417 ], [ 70.853, 14.405 ], [ 70.865, 14.403 ], [ 70.873, 14.413 ], [ 70.884, 14.411 ], [ 70.888, 14.399 ], [ 70.9, 14.397 ], [ 70.907, 14.407 ], [ 70.919, 14.405 ], [ 70.923, 14.393 ], [ 70.935, 14.391 ], [ 70.942, 14.401 ], [ 70.954, 14.399 ], [ 70.958, 14.387 ], [ 70.969, 14.385 ], [ 70.973, 14.373 ], [ 70.985, 14.371 ], [ 70.993, 14.381 ], [ 71.004, 14.379 ], [ 71.008, 14.367 ], [ 71.02, 14.365 ], [ 71.024, 14.354 ], [ 71.035, 14.352 ], [ 71.043, 14.361 ], [ 71.055, 14.359 ], [ 71.059, 14.348 ], [ 71.07, 14.346 ], [ 71.078, 14.355 ], [ 71.09, 14.353 ], [ 71.094, 14.342 ], [ 71.105, 14.34 ], [ 71.109, 14.328 ], [ 71.121, 14.326 ], [ 71.129, 14.336 ], [ 71.14, 14.334 ], [ 71.144, 14.322 ], [ 71.156, 14.32 ], [ 71.164, 14.33 ], [ 71.175, 14.328 ], [ 71.183, 14.337 ], [ 71.195, 14.335 ], [ 71.202, 14.345 ], [ 71.214, 14.343 ], [ 71.222, 14.353 ], [ 71.233, 14.351 ], [ 71.241, 14.361 ], [ 71.253, 14.359 ], [ 71.261, 14.368 ], [ 71.272, 14.366 ], [ 71.28, 14.376 ], [ 71.276, 14.388 ], [ 71.284, 14.398 ], [ 71.295, 14.396 ], [ 71.303, 14.406 ], [ 71.315, 14.404 ], [ 71.323, 14.413 ], [ 71.334, 14.411 ], [ 71.342, 14.421 ], [ 71.354, 14.419 ], [ 71.362, 14.429 ], [ 71.373, 14.427 ], [ 71.381, 14.437 ], [ 71.393, 14.435 ], [ 71.4, 14.445 ], [ 71.396, 14.456 ], [ 71.404, 14.466 ], [ 71.416, 14.464 ], [ 71.424, 14.474 ], [ 71.435, 14.472 ], [ 71.443, 14.482 ], [ 71.455, 14.48 ], [ 71.463, 14.489 ], [ 71.474, 14.487 ], [ 71.482, 14.497 ], [ 71.494, 14.495 ], [ 71.502, 14.505 ], [ 71.513, 14.503 ], [ 71.521, 14.513 ], [ 71.533, 14.511 ], [ 71.541, 14.521 ], [ 71.552, 14.519 ], [ 71.56, 14.528 ], [ 71.556, 14.54 ], [ 71.564, 14.55 ], [ 71.576, 14.548 ], [ 71.584, 14.558 ], [ 71.595, 14.556 ], [ 71.603, 14.566 ], [ 71.615, 14.564 ], [ 71.623, 14.573 ], [ 71.634, 14.571 ], [ 71.642, 14.581 ], [ 71.654, 14.579 ], [ 71.662, 14.589 ], [ 71.673, 14.587 ], [ 71.681, 14.597 ], [ 71.677, 14.609 ], [ 71.685, 14.618 ], [ 71.697, 14.616 ], [ 71.705, 14.626 ], [ 71.716, 14.624 ], [ 71.724, 14.634 ], [ 71.736, 14.632 ], [ 71.744, 14.642 ], [ 71.756, 14.64 ], [ 71.763, 14.65 ], [ 71.775, 14.648 ], [ 71.783, 14.657 ], [ 71.795, 14.655 ], [ 71.803, 14.665 ], [ 71.814, 14.663 ], [ 71.822, 14.673 ], [ 71.818, 14.685 ], [ 71.826, 14.695 ], [ 71.838, 14.693 ], [ 71.846, 14.703 ], [ 71.858, 14.7 ], [ 71.865, 14.71 ], [ 71.877, 14.708 ], [ 71.885, 14.718 ], [ 71.897, 14.716 ], [ 71.905, 14.726 ], [ 71.916, 14.724 ], [ 71.924, 14.734 ], [ 71.936, 14.732 ], [ 71.944, 14.742 ], [ 71.956, 14.74 ], [ 71.964, 14.749 ], [ 71.96, 14.761 ], [ 71.967, 14.771 ], [ 71.979, 14.769 ], [ 71.987, 14.779 ], [ 71.999, 14.777 ], [ 72.007, 14.787 ], [ 72.019, 14.785 ], [ 72.027, 14.794 ], [ 72.038, 14.792 ], [ 72.046, 14.802 ], [ 72.058, 14.8 ], [ 72.066, 14.81 ], [ 72.078, 14.808 ], [ 72.086, 14.818 ], [ 72.097, 14.816 ], [ 72.105, 14.826 ], [ 72.101, 14.838 ], [ 72.109, 14.847 ], [ 72.121, 14.845 ], [ 72.129, 14.855 ], [ 72.141, 14.853 ], [ 72.149, 14.863 ], [ 72.161, 14.861 ], [ 72.168, 14.871 ], [ 72.18, 14.869 ], [ 72.188, 14.879 ], [ 72.2, 14.877 ], [ 72.208, 14.887 ], [ 72.22, 14.884 ], [ 72.228, 14.894 ], [ 72.224, 14.906 ], [ 72.232, 14.916 ], [ 72.243, 14.914 ], [ 72.251, 14.924 ], [ 72.263, 14.922 ], [ 72.271, 14.932 ], [ 72.283, 14.93 ], [ 72.291, 14.94 ], [ 72.303, 14.937 ], [ 72.311, 14.947 ], [ 72.323, 14.945 ], [ 72.33, 14.955 ], [ 72.342, 14.953 ], [ 72.35, 14.963 ], [ 72.362, 14.961 ], [ 72.37, 14.971 ], [ 72.382, 14.969 ], [ 72.39, 14.979 ], [ 72.386, 14.991 ], [ 72.394, 15.0 ], [ 72.406, 14.998 ], [ 72.414, 15.008 ], [ 72.426, 15.006 ], [ 72.433, 15.016 ], [ 72.445, 15.014 ], [ 72.453, 15.024 ], [ 72.465, 15.022 ], [ 72.473, 15.032 ], [ 72.485, 15.03 ], [ 72.493, 15.04 ], [ 72.505, 15.037 ], [ 72.513, 15.047 ], [ 72.509, 15.059 ], [ 72.517, 15.069 ], [ 72.529, 15.067 ], [ 72.537, 15.077 ], [ 72.549, 15.075 ], [ 72.557, 15.085 ], [ 72.569, 15.083 ], [ 72.576, 15.093 ], [ 72.588, 15.091 ], [ 72.596, 15.1 ], [ 72.608, 15.098 ], [ 72.616, 15.108 ], [ 72.628, 15.106 ], [ 72.636, 15.116 ], [ 72.648, 15.114 ], [ 72.656, 15.124 ], [ 72.652, 15.136 ], [ 72.66, 15.146 ], [ 72.672, 15.144 ], [ 72.68, 15.154 ], [ 72.692, 15.152 ], [ 72.7, 15.161 ], [ 72.712, 15.159 ], [ 72.72, 15.169 ], [ 72.732, 15.167 ], [ 72.74, 15.177 ], [ 72.752, 15.175 ], [ 72.76, 15.185 ], [ 72.772, 15.183 ], [ 72.78, 15.193 ], [ 72.792, 15.191 ], [ 72.8, 15.201 ], [ 72.812, 15.199 ], [ 72.82, 15.208 ], [ 72.832, 15.206 ], [ 72.84, 15.216 ], [ 72.851, 15.214 ], [ 72.859, 15.224 ], [ 72.871, 15.222 ], [ 72.879, 15.232 ], [ 72.891, 15.23 ], [ 72.899, 15.24 ], [ 72.911, 15.238 ], [ 72.919, 15.248 ], [ 72.931, 15.246 ], [ 72.939, 15.255 ], [ 72.951, 15.253 ], [ 72.959, 15.263 ], [ 72.955, 15.275 ], [ 72.963, 15.285 ], [ 72.975, 15.283 ], [ 72.984, 15.293 ], [ 72.996, 15.291 ], [ 73.004, 15.301 ], [ 73.016, 15.299 ], [ 73.024, 15.309 ], [ 73.036, 15.307 ], [ 73.044, 15.316 ], [ 73.056, 15.314 ], [ 73.064, 15.324 ], [ 73.076, 15.322 ], [ 73.084, 15.332 ], [ 73.08, 15.344 ], [ 73.088, 15.354 ], [ 73.1, 15.352 ], [ 73.108, 15.362 ], [ 73.12, 15.36 ], [ 73.128, 15.37 ], [ 73.14, 15.368 ], [ 73.148, 15.378 ], [ 73.16, 15.376 ], [ 73.168, 15.385 ], [ 73.18, 15.383 ], [ 73.188, 15.393 ], [ 73.2, 15.391 ], [ 73.208, 15.401 ], [ 73.204, 15.413 ], [ 73.212, 15.423 ], [ 73.224, 15.421 ], [ 73.232, 15.431 ], [ 73.244, 15.429 ], [ 73.253, 15.439 ], [ 73.265, 15.437 ], [ 73.273, 15.447 ], [ 73.285, 15.444 ], [ 73.293, 15.454 ], [ 73.305, 15.452 ], [ 73.313, 15.462 ], [ 73.325, 15.46 ], [ 73.333, 15.47 ], [ 73.345, 15.468 ], [ 73.353, 15.478 ], [ 73.365, 15.476 ], [ 73.373, 15.486 ], [ 73.369, 15.498 ], [ 73.377, 15.508 ], [ 73.389, 15.506 ], [ 73.398, 15.515 ], [ 73.41, 15.513 ], [ 73.418, 15.523 ], [ 73.43, 15.521 ], [ 73.438, 15.531 ], [ 73.45, 15.529 ], [ 73.458, 15.539 ], [ 73.47, 15.537 ], [ 73.478, 15.547 ], [ 73.474, 15.559 ], [ 73.482, 15.569 ], [ 73.494, 15.567 ], [ 73.503, 15.577 ], [ 73.515, 15.575 ], [ 73.523, 15.585 ], [ 73.535, 15.582 ], [ 73.543, 15.592 ], [ 73.539, 15.604 ], [ 73.547, 15.614 ], [ 73.543, 15.626 ], [ 73.531, 15.628 ], [ 73.527, 15.64 ], [ 73.515, 15.642 ], [ 73.511, 15.654 ], [ 73.499, 15.656 ], [ 73.495, 15.668 ], [ 73.503, 15.678 ], [ 73.499, 15.69 ], [ 73.487, 15.692 ], [ 73.483, 15.704 ], [ 73.491, 15.714 ], [ 73.487, 15.726 ], [ 73.475, 15.728 ], [ 73.471, 15.74 ], [ 73.479, 15.75 ], [ 73.475, 15.762 ], [ 73.463, 15.764 ], [ 73.459, 15.776 ], [ 73.447, 15.778 ], [ 73.443, 15.79 ], [ 73.431, 15.792 ], [ 73.427, 15.804 ], [ 73.415, 15.806 ], [ 73.406, 15.796 ], [ 73.394, 15.798 ], [ 73.39, 15.81 ], [ 73.398, 15.82 ], [ 73.394, 15.832 ], [ 73.382, 15.834 ], [ 73.378, 15.846 ], [ 73.366, 15.848 ], [ 73.362, 15.86 ], [ 73.35, 15.862 ], [ 73.346, 15.874 ], [ 73.354, 15.883 ], [ 73.35, 15.895 ], [ 73.338, 15.897 ], [ 73.334, 15.909 ], [ 73.322, 15.911 ], [ 73.318, 15.923 ], [ 73.326, 15.933 ], [ 73.322, 15.945 ], [ 73.31, 15.947 ], [ 73.306, 15.959 ], [ 73.314, 15.969 ], [ 73.31, 15.981 ], [ 73.298, 15.983 ], [ 73.294, 15.995 ], [ 73.302, 16.005 ], [ 73.298, 16.017 ], [ 73.286, 16.019 ], [ 73.282, 16.031 ], [ 73.29, 16.04 ], [ 73.286, 16.052 ], [ 73.294, 16.062 ], [ 73.29, 16.074 ], [ 73.278, 16.076 ], [ 73.274, 16.088 ], [ 73.282, 16.098 ], [ 73.278, 16.11 ], [ 73.286, 16.12 ], [ 73.282, 16.132 ], [ 73.27, 16.134 ], [ 73.266, 16.146 ], [ 73.254, 16.148 ], [ 73.25, 16.16 ], [ 73.258, 16.169 ], [ 73.254, 16.181 ], [ 73.262, 16.191 ], [ 73.258, 16.203 ], [ 73.246, 16.205 ], [ 73.242, 16.217 ], [ 73.25, 16.227 ], [ 73.246, 16.239 ], [ 73.234, 16.241 ], [ 73.23, 16.253 ], [ 73.238, 16.263 ], [ 73.234, 16.275 ], [ 73.222, 16.277 ], [ 73.218, 16.288 ], [ 73.206, 16.29 ], [ 73.202, 16.302 ], [ 73.21, 16.312 ], [ 73.206, 16.324 ], [ 73.194, 16.326 ], [ 73.19, 16.338 ], [ 73.198, 16.348 ], [ 73.194, 16.36 ], [ 73.202, 16.37 ], [ 73.198, 16.382 ], [ 73.186, 16.383 ], [ 73.182, 16.395 ], [ 73.17, 16.397 ], [ 73.166, 16.409 ], [ 73.174, 16.419 ], [ 73.17, 16.431 ], [ 73.158, 16.433 ], [ 73.154, 16.445 ], [ 73.162, 16.455 ], [ 73.158, 16.467 ], [ 73.146, 16.469 ], [ 73.142, 16.48 ], [ 73.15, 16.49 ], [ 73.146, 16.502 ], [ 73.134, 16.504 ], [ 73.13, 16.516 ], [ 73.138, 16.526 ], [ 73.134, 16.538 ], [ 73.142, 16.548 ], [ 73.138, 16.56 ], [ 73.146, 16.57 ], [ 73.142, 16.581 ], [ 73.15, 16.591 ], [ 73.146, 16.603 ], [ 73.134, 16.605 ], [ 73.13, 16.617 ], [ 73.138, 16.627 ], [ 73.134, 16.639 ], [ 73.142, 16.649 ], [ 73.138, 16.661 ], [ 73.146, 16.67 ], [ 73.142, 16.682 ], [ 73.13, 16.684 ], [ 73.126, 16.696 ], [ 73.134, 16.706 ], [ 73.13, 16.718 ], [ 73.139, 16.728 ], [ 73.135, 16.74 ], [ 73.122, 16.742 ], [ 73.118, 16.753 ], [ 73.127, 16.763 ], [ 73.123, 16.775 ], [ 73.131, 16.785 ], [ 73.127, 16.797 ], [ 73.114, 16.799 ], [ 73.11, 16.811 ], [ 73.119, 16.821 ], [ 73.115, 16.832 ], [ 73.102, 16.834 ], [ 73.098, 16.846 ], [ 73.107, 16.856 ], [ 73.103, 16.868 ], [ 73.111, 16.878 ], [ 73.107, 16.89 ], [ 73.095, 16.892 ], [ 73.09, 16.903 ], [ 73.099, 16.913 ], [ 73.095, 16.925 ], [ 73.103, 16.935 ], [ 73.099, 16.947 ], [ 73.087, 16.949 ], [ 73.083, 16.961 ], [ 73.091, 16.971 ], [ 73.087, 16.983 ], [ 73.095, 16.992 ], [ 73.091, 17.004 ], [ 73.079, 17.006 ], [ 73.075, 17.018 ], [ 73.083, 17.028 ], [ 73.079, 17.04 ], [ 73.087, 17.05 ], [ 73.083, 17.061 ], [ 73.091, 17.071 ], [ 73.087, 17.083 ], [ 73.095, 17.093 ], [ 73.091, 17.105 ], [ 73.079, 17.107 ], [ 73.075, 17.119 ], [ 73.063, 17.121 ], [ 73.059, 17.132 ], [ 73.067, 17.142 ], [ 73.063, 17.154 ], [ 73.071, 17.164 ], [ 73.067, 17.176 ], [ 73.055, 17.178 ], [ 73.051, 17.19 ], [ 73.039, 17.191 ], [ 73.035, 17.203 ], [ 73.043, 17.213 ], [ 73.039, 17.225 ], [ 73.027, 17.227 ], [ 73.023, 17.239 ], [ 73.031, 17.249 ], [ 73.027, 17.26 ], [ 73.015, 17.262 ], [ 73.01, 17.274 ], [ 73.019, 17.284 ], [ 73.015, 17.296 ], [ 73.023, 17.306 ], [ 73.019, 17.318 ], [ 73.007, 17.319 ], [ 73.003, 17.331 ], [ 73.011, 17.341 ], [ 73.007, 17.353 ], [ 72.994, 17.355 ], [ 72.99, 17.367 ], [ 72.999, 17.376 ], [ 72.995, 17.388 ], [ 73.003, 17.398 ], [ 72.999, 17.41 ], [ 72.987, 17.412 ], [ 72.982, 17.424 ], [ 72.991, 17.434 ], [ 72.987, 17.445 ], [ 72.995, 17.455 ], [ 72.991, 17.467 ], [ 72.979, 17.469 ], [ 72.975, 17.481 ], [ 72.983, 17.491 ], [ 72.979, 17.502 ], [ 72.966, 17.504 ], [ 72.962, 17.516 ], [ 72.971, 17.526 ], [ 72.967, 17.538 ], [ 72.954, 17.54 ], [ 72.95, 17.551 ], [ 72.958, 17.561 ], [ 72.954, 17.573 ], [ 72.963, 17.583 ], [ 72.959, 17.595 ], [ 72.967, 17.605 ], [ 72.963, 17.616 ], [ 72.951, 17.618 ], [ 72.946, 17.63 ], [ 72.955, 17.64 ], [ 72.951, 17.652 ], [ 72.938, 17.654 ], [ 72.934, 17.665 ], [ 72.943, 17.675 ], [ 72.939, 17.687 ], [ 72.947, 17.697 ], [ 72.943, 17.709 ], [ 72.93, 17.711 ], [ 72.926, 17.722 ], [ 72.935, 17.732 ], [ 72.931, 17.744 ], [ 72.918, 17.746 ], [ 72.914, 17.758 ], [ 72.922, 17.767 ], [ 72.918, 17.779 ], [ 72.906, 17.781 ], [ 72.902, 17.793 ], [ 72.91, 17.803 ], [ 72.906, 17.814 ], [ 72.894, 17.816 ], [ 72.89, 17.828 ], [ 72.898, 17.838 ], [ 72.894, 17.85 ], [ 72.882, 17.851 ], [ 72.878, 17.863 ], [ 72.866, 17.865 ], [ 72.862, 17.877 ], [ 72.87, 17.887 ], [ 72.866, 17.898 ], [ 72.854, 17.9 ], [ 72.85, 17.912 ], [ 72.858, 17.922 ], [ 72.854, 17.934 ], [ 72.842, 17.935 ], [ 72.838, 17.947 ], [ 72.846, 17.957 ], [ 72.842, 17.969 ], [ 72.83, 17.971 ], [ 72.826, 17.982 ], [ 72.834, 17.992 ], [ 72.83, 18.004 ], [ 72.818, 18.006 ], [ 72.814, 18.017 ], [ 72.822, 18.027 ], [ 72.818, 18.039 ], [ 72.806, 18.041 ], [ 72.802, 18.053 ], [ 72.81, 18.063 ], [ 72.806, 18.074 ], [ 72.794, 18.076 ], [ 72.79, 18.088 ], [ 72.798, 18.098 ], [ 72.794, 18.109 ], [ 72.782, 18.111 ], [ 72.778, 18.123 ], [ 72.786, 18.133 ], [ 72.782, 18.145 ], [ 72.77, 18.146 ], [ 72.766, 18.158 ], [ 72.774, 18.168 ], [ 72.77, 18.18 ], [ 72.758, 18.181 ], [ 72.754, 18.193 ], [ 72.762, 18.203 ], [ 72.758, 18.215 ], [ 72.766, 18.225 ], [ 72.762, 18.236 ], [ 72.75, 18.238 ], [ 72.746, 18.25 ], [ 72.754, 18.26 ], [ 72.75, 18.271 ], [ 72.758, 18.281 ], [ 72.754, 18.293 ], [ 72.742, 18.295 ], [ 72.738, 18.307 ], [ 72.746, 18.316 ], [ 72.742, 18.328 ], [ 72.729, 18.33 ], [ 72.725, 18.342 ], [ 72.734, 18.352 ], [ 72.729, 18.363 ], [ 72.738, 18.373 ], [ 72.734, 18.385 ], [ 72.742, 18.395 ], [ 72.738, 18.406 ], [ 72.725, 18.408 ], [ 72.721, 18.42 ], [ 72.73, 18.43 ], [ 72.726, 18.441 ], [ 72.713, 18.443 ], [ 72.709, 18.455 ], [ 72.717, 18.465 ], [ 72.713, 18.476 ], [ 72.721, 18.486 ], [ 72.717, 18.498 ], [ 72.726, 18.508 ], [ 72.722, 18.52 ], [ 72.73, 18.53 ], [ 72.726, 18.541 ], [ 72.713, 18.543 ], [ 72.709, 18.555 ], [ 72.718, 18.565 ], [ 72.713, 18.576 ], [ 72.701, 18.578 ], [ 72.697, 18.59 ], [ 72.705, 18.6 ], [ 72.701, 18.611 ], [ 72.689, 18.613 ], [ 72.685, 18.625 ], [ 72.693, 18.635 ], [ 72.689, 18.646 ], [ 72.677, 18.648 ], [ 72.673, 18.66 ], [ 72.681, 18.67 ], [ 72.677, 18.681 ], [ 72.685, 18.691 ], [ 72.681, 18.703 ], [ 72.689, 18.713 ], [ 72.685, 18.724 ], [ 72.693, 18.734 ], [ 72.689, 18.746 ], [ 72.677, 18.748 ], [ 72.673, 18.759 ], [ 72.681, 18.769 ], [ 72.677, 18.781 ], [ 72.665, 18.783 ], [ 72.661, 18.794 ], [ 72.669, 18.804 ], [ 72.665, 18.816 ], [ 72.653, 18.818 ], [ 72.649, 18.829 ], [ 72.637, 18.831 ], [ 72.633, 18.842 ], [ 72.641, 18.852 ], [ 72.637, 18.864 ], [ 72.625, 18.866 ], [ 72.621, 18.877 ], [ 72.629, 18.887 ], [ 72.625, 18.899 ], [ 72.613, 18.901 ], [ 72.609, 18.912 ], [ 72.617, 18.922 ], [ 72.613, 18.934 ], [ 72.621, 18.944 ], [ 72.617, 18.955 ], [ 72.625, 18.965 ], [ 72.621, 18.977 ], [ 72.629, 18.987 ], [ 72.625, 18.998 ], [ 72.633, 19.008 ], [ 72.629, 19.02 ], [ 72.637, 19.03 ], [ 72.633, 19.042 ], [ 72.641, 19.052 ], [ 72.637, 19.063 ], [ 72.625, 19.065 ], [ 72.621, 19.076 ], [ 72.609, 19.078 ], [ 72.605, 19.09 ], [ 72.613, 19.1 ], [ 72.609, 19.111 ], [ 72.617, 19.121 ], [ 72.613, 19.133 ], [ 72.601, 19.134 ], [ 72.597, 19.146 ], [ 72.605, 19.156 ], [ 72.601, 19.168 ], [ 72.609, 19.178 ], [ 72.605, 19.189 ], [ 72.613, 19.199 ], [ 72.609, 19.211 ], [ 72.597, 19.212 ], [ 72.593, 19.224 ], [ 72.601, 19.234 ], [ 72.597, 19.245 ], [ 72.605, 19.255 ], [ 72.601, 19.267 ], [ 72.609, 19.277 ], [ 72.605, 19.289 ], [ 72.593, 19.29 ], [ 72.589, 19.302 ], [ 72.597, 19.312 ], [ 72.593, 19.323 ], [ 72.581, 19.325 ], [ 72.577, 19.337 ], [ 72.585, 19.346 ], [ 72.581, 19.358 ], [ 72.568, 19.36 ], [ 72.56, 19.35 ], [ 72.548, 19.351 ], [ 72.54, 19.341 ], [ 72.528, 19.343 ], [ 72.52, 19.333 ], [ 72.508, 19.335 ], [ 72.504, 19.346 ], [ 72.492, 19.348 ], [ 72.484, 19.338 ], [ 72.472, 19.34 ], [ 72.464, 19.33 ], [ 72.452, 19.331 ], [ 72.444, 19.321 ], [ 72.431, 19.323 ], [ 72.423, 19.313 ], [ 72.411, 19.315 ], [ 72.403, 19.305 ], [ 72.391, 19.306 ], [ 72.383, 19.296 ], [ 72.371, 19.298 ], [ 72.363, 19.288 ], [ 72.351, 19.29 ], [ 72.343, 19.28 ], [ 72.331, 19.281 ], [ 72.323, 19.272 ], [ 72.311, 19.273 ], [ 72.303, 19.263 ], [ 72.291, 19.265 ], [ 72.283, 19.255 ], [ 72.271, 19.257 ], [ 72.267, 19.268 ], [ 72.255, 19.27 ], [ 72.247, 19.26 ], [ 72.235, 19.261 ], [ 72.227, 19.251 ], [ 72.214, 19.253 ], [ 72.206, 19.243 ], [ 72.194, 19.245 ], [ 72.186, 19.235 ], [ 72.174, 19.236 ], [ 72.166, 19.226 ], [ 72.154, 19.228 ], [ 72.146, 19.218 ], [ 72.134, 19.22 ], [ 72.126, 19.21 ], [ 72.114, 19.211 ], [ 72.11, 19.223 ], [ 72.098, 19.225 ], [ 72.09, 19.215 ], [ 72.078, 19.216 ], [ 72.07, 19.206 ], [ 72.058, 19.208 ], [ 72.05, 19.198 ], [ 72.038, 19.2 ], [ 72.034, 19.211 ], [ 72.022, 19.213 ], [ 72.014, 19.203 ], [ 72.002, 19.204 ], [ 71.994, 19.195 ], [ 71.982, 19.196 ], [ 71.974, 19.186 ], [ 71.962, 19.188 ], [ 71.954, 19.178 ], [ 71.942, 19.179 ], [ 71.938, 19.191 ], [ 71.926, 19.193 ], [ 71.918, 19.183 ], [ 71.906, 19.184 ], [ 71.898, 19.174 ], [ 71.886, 19.176 ], [ 71.878, 19.166 ], [ 71.866, 19.168 ], [ 71.859, 19.158 ], [ 71.847, 19.159 ], [ 71.843, 19.171 ], [ 71.831, 19.172 ], [ 71.823, 19.163 ], [ 71.811, 19.164 ], [ 71.803, 19.154 ], [ 71.791, 19.156 ], [ 71.783, 19.146 ], [ 71.771, 19.147 ], [ 71.763, 19.138 ], [ 71.751, 19.139 ], [ 71.747, 19.151 ], [ 71.735, 19.152 ], [ 71.727, 19.142 ], [ 71.715, 19.144 ], [ 71.707, 19.134 ], [ 71.695, 19.136 ], [ 71.687, 19.126 ], [ 71.675, 19.127 ], [ 71.671, 19.139 ], [ 71.659, 19.14 ], [ 71.651, 19.13 ], [ 71.639, 19.132 ], [ 71.632, 19.122 ], [ 71.62, 19.124 ], [ 71.612, 19.114 ], [ 71.6, 19.115 ], [ 71.592, 19.105 ], [ 71.58, 19.107 ], [ 71.576, 19.118 ], [ 71.564, 19.12 ], [ 71.556, 19.11 ], [ 71.544, 19.112 ], [ 71.536, 19.102 ], [ 71.524, 19.103 ], [ 71.516, 19.093 ], [ 71.505, 19.095 ], [ 71.497, 19.085 ], [ 71.485, 19.087 ], [ 71.481, 19.098 ], [ 71.469, 19.1 ], [ 71.461, 19.09 ], [ 71.449, 19.091 ], [ 71.441, 19.082 ], [ 71.429, 19.083 ], [ 71.421, 19.073 ], [ 71.409, 19.075 ], [ 71.405, 19.086 ], [ 71.394, 19.088 ], [ 71.386, 19.078 ], [ 71.374, 19.079 ], [ 71.366, 19.07 ], [ 71.354, 19.071 ], [ 71.346, 19.061 ], [ 71.334, 19.063 ], [ 71.33, 19.074 ], [ 71.318, 19.076 ], [ 71.31, 19.066 ], [ 71.299, 19.068 ], [ 71.291, 19.058 ], [ 71.279, 19.059 ], [ 71.271, 19.049 ], [ 71.259, 19.051 ], [ 71.255, 19.062 ], [ 71.243, 19.064 ], [ 71.235, 19.054 ], [ 71.224, 19.056 ], [ 71.216, 19.046 ], [ 71.204, 19.047 ], [ 71.196, 19.037 ], [ 71.184, 19.039 ], [ 71.18, 19.05 ], [ 71.168, 19.052 ], [ 71.16, 19.042 ], [ 71.149, 19.044 ], [ 71.141, 19.034 ], [ 71.145, 19.022 ], [ 71.137, 19.012 ], [ 71.125, 19.014 ], [ 71.117, 19.004 ], [ 71.121, 18.992 ], [ 71.113, 18.983 ], [ 71.102, 18.984 ], [ 71.094, 18.974 ], [ 71.098, 18.963 ], [ 71.09, 18.953 ], [ 71.078, 18.954 ], [ 71.07, 18.945 ], [ 71.074, 18.933 ], [ 71.066, 18.923 ], [ 71.055, 18.925 ], [ 71.047, 18.915 ], [ 71.051, 18.903 ], [ 71.043, 18.893 ], [ 71.031, 18.895 ], [ 71.023, 18.885 ], [ 71.027, 18.874 ], [ 71.019, 18.864 ], [ 71.008, 18.865 ], [ 71.0, 18.855 ], [ 71.004, 18.844 ], [ 70.996, 18.834 ], [ 70.984, 18.836 ], [ 70.976, 18.826 ], [ 70.965, 18.827 ], [ 70.957, 18.817 ], [ 70.961, 18.806 ], [ 70.953, 18.796 ], [ 70.941, 18.798 ], [ 70.933, 18.788 ], [ 70.937, 18.776 ], [ 70.93, 18.766 ], [ 70.918, 18.768 ], [ 70.91, 18.758 ], [ 70.914, 18.747 ], [ 70.906, 18.737 ], [ 70.894, 18.738 ], [ 70.887, 18.728 ], [ 70.891, 18.717 ], [ 70.883, 18.707 ], [ 70.871, 18.709 ], [ 70.863, 18.699 ], [ 70.867, 18.687 ], [ 70.859, 18.677 ], [ 70.848, 18.679 ], [ 70.84, 18.669 ], [ 70.844, 18.658 ], [ 70.836, 18.648 ], [ 70.824, 18.649 ], [ 70.816, 18.64 ], [ 70.82, 18.628 ], [ 70.813, 18.618 ], [ 70.801, 18.62 ], [ 70.793, 18.61 ], [ 70.781, 18.611 ], [ 70.774, 18.602 ], [ 70.778, 18.59 ], [ 70.77, 18.58 ], [ 70.758, 18.582 ], [ 70.75, 18.572 ], [ 70.754, 18.56 ], [ 70.746, 18.551 ], [ 70.735, 18.552 ], [ 70.727, 18.542 ], [ 70.731, 18.531 ], [ 70.723, 18.521 ], [ 70.711, 18.523 ], [ 70.704, 18.513 ], [ 70.708, 18.501 ], [ 70.7, 18.491 ], [ 70.688, 18.493 ], [ 70.68, 18.483 ], [ 70.684, 18.472 ], [ 70.677, 18.462 ], [ 70.665, 18.463 ], [ 70.657, 18.453 ], [ 70.661, 18.442 ], [ 70.653, 18.432 ], [ 70.642, 18.434 ], [ 70.634, 18.424 ], [ 70.622, 18.425 ], [ 70.614, 18.415 ], [ 70.618, 18.404 ], [ 70.611, 18.394 ], [ 70.599, 18.396 ], [ 70.591, 18.386 ], [ 70.595, 18.374 ], [ 70.587, 18.365 ], [ 70.576, 18.366 ], [ 70.568, 18.356 ], [ 70.572, 18.345 ], [ 70.564, 18.335 ], [ 70.552, 18.336 ], [ 70.545, 18.327 ], [ 70.549, 18.315 ], [ 70.541, 18.305 ], [ 70.529, 18.307 ], [ 70.522, 18.297 ], [ 70.526, 18.286 ], [ 70.518, 18.276 ], [ 70.506, 18.277 ], [ 70.498, 18.267 ], [ 70.502, 18.256 ], [ 70.495, 18.246 ], [ 70.483, 18.248 ], [ 70.475, 18.238 ], [ 70.464, 18.239 ], [ 70.456, 18.23 ], [ 70.46, 18.218 ], [ 70.452, 18.208 ], [ 70.44, 18.21 ], [ 70.433, 18.2 ], [ 70.437, 18.189 ], [ 70.429, 18.179 ], [ 70.417, 18.18 ], [ 70.41, 18.17 ], [ 70.414, 18.159 ], [ 70.406, 18.149 ], [ 70.394, 18.151 ], [ 70.386, 18.141 ], [ 70.39, 18.129 ], [ 70.383, 18.119 ], [ 70.371, 18.121 ], [ 70.363, 18.111 ], [ 70.352, 18.113 ], [ 70.344, 18.103 ], [ 70.348, 18.091 ], [ 70.34, 18.082 ], [ 70.329, 18.083 ], [ 70.321, 18.073 ], [ 70.309, 18.075 ], [ 70.302, 18.065 ], [ 70.306, 18.054 ], [ 70.298, 18.044 ], [ 70.286, 18.045 ], [ 70.279, 18.036 ], [ 70.283, 18.024 ], [ 70.275, 18.014 ], [ 70.263, 18.016 ], [ 70.256, 18.006 ], [ 70.244, 18.008 ], [ 70.236, 17.998 ], [ 70.225, 17.999 ], [ 70.217, 17.989 ], [ 70.221, 17.978 ], [ 70.213, 17.968 ], [ 70.202, 17.97 ], [ 70.194, 17.96 ], [ 70.198, 17.948 ], [ 70.19, 17.939 ], [ 70.179, 17.94 ], [ 70.171, 17.93 ], [ 70.159, 17.932 ], [ 70.152, 17.922 ], [ 70.156, 17.911 ], [ 70.148, 17.901 ], [ 70.136, 17.902 ], [ 70.129, 17.893 ], [ 70.117, 17.894 ], [ 70.109, 17.884 ], [ 70.113, 17.873 ], [ 70.106, 17.863 ], [ 70.094, 17.865 ], [ 70.086, 17.855 ], [ 70.075, 17.856 ], [ 70.067, 17.847 ], [ 70.071, 17.835 ], [ 70.063, 17.825 ], [ 70.052, 17.827 ], [ 70.044, 17.817 ], [ 70.033, 17.819 ], [ 70.025, 17.809 ], [ 70.029, 17.797 ], [ 70.021, 17.788 ], [ 70.01, 17.789 ], [ 70.002, 17.779 ], [ 69.991, 17.781 ], [ 69.983, 17.771 ], [ 69.987, 17.76 ], [ 69.979, 17.75 ], [ 69.968, 17.751 ], [ 69.96, 17.742 ], [ 69.948, 17.743 ], [ 69.941, 17.733 ], [ 69.945, 17.722 ], [ 69.937, 17.712 ], [ 69.926, 17.714 ], [ 69.918, 17.704 ], [ 69.906, 17.705 ], [ 69.899, 17.696 ], [ 69.903, 17.684 ], [ 69.895, 17.674 ], [ 69.884, 17.676 ], [ 69.876, 17.666 ], [ 69.864, 17.668 ], [ 69.857, 17.658 ], [ 69.861, 17.646 ], [ 69.853, 17.637 ], [ 69.842, 17.638 ], [ 69.834, 17.628 ], [ 69.822, 17.63 ], [ 69.815, 17.62 ], [ 69.819, 17.609 ], [ 69.811, 17.599 ], [ 69.8, 17.6 ], [ 69.792, 17.591 ], [ 69.781, 17.592 ], [ 69.773, 17.582 ], [ 69.777, 17.571 ], [ 69.769, 17.561 ], [ 69.758, 17.563 ], [ 69.75, 17.553 ], [ 69.739, 17.555 ], [ 69.731, 17.545 ], [ 69.735, 17.533 ], [ 69.727, 17.523 ], [ 69.716, 17.525 ], [ 69.708, 17.515 ], [ 69.697, 17.517 ], [ 69.689, 17.507 ], [ 69.693, 17.496 ], [ 69.686, 17.486 ], [ 69.674, 17.487 ], [ 69.666, 17.478 ], [ 69.655, 17.479 ], [ 69.647, 17.469 ], [ 69.651, 17.458 ], [ 69.644, 17.448 ], [ 69.632, 17.45 ], [ 69.625, 17.44 ], [ 69.613, 17.442 ], [ 69.606, 17.432 ], [ 69.61, 17.42 ], [ 69.602, 17.41 ], [ 69.591, 17.412 ], [ 69.583, 17.402 ], [ 69.571, 17.404 ], [ 69.564, 17.394 ], [ 69.568, 17.383 ], [ 69.56, 17.373 ], [ 69.549, 17.374 ], [ 69.541, 17.365 ], [ 69.545, 17.353 ], [ 69.538, 17.343 ], [ 69.542, 17.332 ], [ 69.534, 17.322 ], [ 69.538, 17.311 ], [ 69.55, 17.309 ], [ 69.553, 17.298 ], [ 69.546, 17.288 ], [ 69.55, 17.277 ], [ 69.561, 17.275 ], [ 69.565, 17.263 ], [ 69.558, 17.254 ], [ 69.562, 17.242 ], [ 69.573, 17.241 ], [ 69.577, 17.229 ], [ 69.57, 17.219 ], [ 69.574, 17.208 ], [ 69.585, 17.206 ], [ 69.589, 17.195 ], [ 69.581, 17.185 ], [ 69.585, 17.174 ], [ 69.597, 17.172 ], [ 69.601, 17.161 ], [ 69.593, 17.151 ], [ 69.597, 17.139 ], [ 69.609, 17.138 ], [ 69.613, 17.126 ], [ 69.605, 17.116 ], [ 69.609, 17.105 ], [ 69.62, 17.103 ], [ 69.624, 17.092 ], [ 69.617, 17.082 ], [ 69.621, 17.071 ], [ 69.632, 17.069 ], [ 69.636, 17.058 ], [ 69.629, 17.048 ], [ 69.633, 17.036 ], [ 69.644, 17.035 ], [ 69.648, 17.023 ], [ 69.641, 17.013 ], [ 69.644, 17.002 ], [ 69.656, 17.0 ], [ 69.66, 16.989 ], [ 69.652, 16.979 ], [ 69.656, 16.968 ], [ 69.668, 16.966 ], [ 69.672, 16.955 ], [ 69.683, 16.953 ], [ 69.687, 16.941 ], [ 69.68, 16.932 ], [ 69.684, 16.92 ], [ 69.695, 16.918 ], [ 69.699, 16.907 ], [ 69.691, 16.897 ], [ 69.695, 16.886 ], [ 69.707, 16.884 ], [ 69.711, 16.873 ], [ 69.703, 16.863 ], [ 69.707, 16.851 ], [ 69.719, 16.85 ], [ 69.723, 16.838 ], [ 69.715, 16.828 ], [ 69.719, 16.817 ], [ 69.711, 16.807 ], [ 69.715, 16.796 ], [ 69.727, 16.794 ], [ 69.731, 16.782 ], [ 69.723, 16.773 ], [ 69.727, 16.761 ], [ 69.739, 16.76 ], [ 69.743, 16.748 ], [ 69.735, 16.738 ], [ 69.739, 16.727 ], [ 69.731, 16.717 ], [ 69.735, 16.705 ], [ 69.747, 16.704 ], [ 69.751, 16.692 ], [ 69.743, 16.683 ], [ 69.747, 16.671 ], [ 69.74, 16.661 ], [ 69.744, 16.65 ], [ 69.755, 16.648 ], [ 69.759, 16.637 ], [ 69.751, 16.627 ], [ 69.755, 16.615 ], [ 69.767, 16.614 ], [ 69.771, 16.602 ], [ 69.763, 16.592 ], [ 69.767, 16.581 ], [ 69.76, 16.571 ], [ 69.764, 16.559 ], [ 69.775, 16.558 ], [ 69.779, 16.546 ], [ 69.771, 16.536 ], [ 69.775, 16.525 ], [ 69.787, 16.523 ], [ 69.791, 16.512 ], [ 69.783, 16.502 ], [ 69.787, 16.49 ], [ 69.799, 16.489 ], [ 69.803, 16.477 ], [ 69.795, 16.467 ], [ 69.799, 16.456 ], [ 69.811, 16.454 ], [ 69.814, 16.443 ], [ 69.807, 16.433 ], [ 69.811, 16.421 ], [ 69.822, 16.42 ], [ 69.826, 16.408 ], [ 69.819, 16.398 ], [ 69.823, 16.387 ], [ 69.815, 16.377 ], [ 69.819, 16.366 ], [ 69.831, 16.364 ], [ 69.834, 16.352 ], [ 69.827, 16.342 ], [ 69.831, 16.331 ], [ 69.823, 16.321 ], [ 69.827, 16.31 ], [ 69.839, 16.308 ], [ 69.843, 16.296 ], [ 69.835, 16.287 ], [ 69.839, 16.275 ], [ 69.831, 16.265 ], [ 69.835, 16.254 ], [ 69.828, 16.244 ], [ 69.832, 16.232 ] ] ], [ [ [ 71.86, 20.133 ], [ 71.852, 20.123 ], [ 71.856, 20.111 ], [ 71.848, 20.101 ], [ 71.836, 20.103 ], [ 71.828, 20.093 ], [ 71.832, 20.082 ], [ 71.824, 20.072 ], [ 71.812, 20.073 ], [ 71.804, 20.063 ], [ 71.808, 20.052 ], [ 71.8, 20.042 ], [ 71.788, 20.043 ], [ 71.78, 20.033 ], [ 71.784, 20.022 ], [ 71.776, 20.012 ], [ 71.764, 20.014 ], [ 71.756, 20.004 ], [ 71.76, 19.992 ], [ 71.752, 19.982 ], [ 71.74, 19.984 ], [ 71.733, 19.974 ], [ 71.737, 19.962 ], [ 71.729, 19.953 ], [ 71.717, 19.954 ], [ 71.709, 19.944 ], [ 71.713, 19.933 ], [ 71.705, 19.923 ], [ 71.693, 19.924 ], [ 71.685, 19.914 ], [ 71.689, 19.903 ], [ 71.681, 19.893 ], [ 71.669, 19.894 ], [ 71.661, 19.885 ], [ 71.665, 19.873 ], [ 71.657, 19.863 ], [ 71.645, 19.865 ], [ 71.637, 19.855 ], [ 71.641, 19.843 ], [ 71.633, 19.833 ], [ 71.637, 19.822 ], [ 71.629, 19.812 ], [ 71.617, 19.814 ], [ 71.609, 19.804 ], [ 71.613, 19.792 ], [ 71.605, 19.782 ], [ 71.609, 19.771 ], [ 71.602, 19.761 ], [ 71.59, 19.762 ], [ 71.582, 19.753 ], [ 71.586, 19.741 ], [ 71.578, 19.731 ], [ 71.582, 19.72 ], [ 71.574, 19.71 ], [ 71.562, 19.711 ], [ 71.554, 19.701 ], [ 71.558, 19.69 ], [ 71.55, 19.68 ], [ 71.538, 19.682 ], [ 71.53, 19.672 ], [ 71.534, 19.66 ], [ 71.526, 19.65 ], [ 71.53, 19.639 ], [ 71.522, 19.629 ], [ 71.51, 19.631 ], [ 71.503, 19.621 ], [ 71.507, 19.609 ], [ 71.499, 19.599 ], [ 71.503, 19.588 ], [ 71.495, 19.578 ], [ 71.483, 19.579 ], [ 71.475, 19.569 ], [ 71.479, 19.558 ], [ 71.471, 19.548 ], [ 71.475, 19.537 ], [ 71.467, 19.527 ], [ 71.455, 19.528 ], [ 71.447, 19.518 ], [ 71.451, 19.507 ], [ 71.443, 19.497 ], [ 71.447, 19.486 ], [ 71.44, 19.476 ], [ 71.428, 19.477 ], [ 71.42, 19.467 ], [ 71.424, 19.456 ], [ 71.416, 19.446 ], [ 71.42, 19.434 ], [ 71.412, 19.425 ], [ 71.416, 19.413 ], [ 71.408, 19.403 ], [ 71.396, 19.405 ], [ 71.388, 19.395 ], [ 71.392, 19.383 ], [ 71.384, 19.373 ], [ 71.373, 19.375 ], [ 71.365, 19.365 ], [ 71.369, 19.354 ], [ 71.361, 19.344 ], [ 71.365, 19.332 ], [ 71.377, 19.331 ], [ 71.381, 19.319 ], [ 71.393, 19.318 ], [ 71.4, 19.328 ], [ 71.412, 19.326 ], [ 71.42, 19.336 ], [ 71.432, 19.334 ], [ 71.436, 19.323 ], [ 71.448, 19.321 ], [ 71.456, 19.331 ], [ 71.468, 19.33 ], [ 71.476, 19.34 ], [ 71.488, 19.338 ], [ 71.492, 19.327 ], [ 71.504, 19.325 ], [ 71.512, 19.335 ], [ 71.523, 19.334 ], [ 71.531, 19.343 ], [ 71.543, 19.342 ], [ 71.551, 19.352 ], [ 71.563, 19.35 ], [ 71.567, 19.339 ], [ 71.579, 19.337 ], [ 71.587, 19.347 ], [ 71.599, 19.346 ], [ 71.607, 19.355 ], [ 71.619, 19.354 ], [ 71.627, 19.364 ], [ 71.639, 19.362 ], [ 71.643, 19.351 ], [ 71.655, 19.349 ], [ 71.663, 19.359 ], [ 71.675, 19.358 ], [ 71.682, 19.368 ], [ 71.694, 19.366 ], [ 71.702, 19.376 ], [ 71.714, 19.374 ], [ 71.718, 19.363 ], [ 71.73, 19.361 ], [ 71.738, 19.371 ], [ 71.75, 19.37 ], [ 71.758, 19.38 ], [ 71.77, 19.378 ], [ 71.774, 19.366 ], [ 71.786, 19.365 ], [ 71.794, 19.375 ], [ 71.806, 19.373 ], [ 71.814, 19.383 ], [ 71.826, 19.382 ], [ 71.834, 19.392 ], [ 71.846, 19.39 ], [ 71.85, 19.378 ], [ 71.862, 19.377 ], [ 71.87, 19.387 ], [ 71.882, 19.385 ], [ 71.89, 19.395 ], [ 71.902, 19.394 ], [ 71.906, 19.382 ], [ 71.918, 19.38 ], [ 71.926, 19.39 ], [ 71.938, 19.389 ], [ 71.946, 19.399 ], [ 71.958, 19.397 ], [ 71.966, 19.407 ], [ 71.978, 19.405 ], [ 71.982, 19.394 ], [ 71.994, 19.392 ], [ 72.002, 19.402 ], [ 72.014, 19.401 ], [ 72.022, 19.411 ], [ 72.034, 19.409 ], [ 72.042, 19.419 ], [ 72.054, 19.417 ], [ 72.058, 19.406 ], [ 72.07, 19.404 ], [ 72.078, 19.414 ], [ 72.09, 19.413 ], [ 72.098, 19.423 ], [ 72.11, 19.421 ], [ 72.118, 19.431 ], [ 72.13, 19.429 ], [ 72.134, 19.418 ], [ 72.146, 19.416 ], [ 72.154, 19.426 ], [ 72.166, 19.425 ], [ 72.174, 19.434 ], [ 72.186, 19.433 ], [ 72.19, 19.421 ], [ 72.202, 19.42 ], [ 72.21, 19.43 ], [ 72.222, 19.428 ], [ 72.23, 19.438 ], [ 72.242, 19.436 ], [ 72.25, 19.446 ], [ 72.262, 19.445 ], [ 72.266, 19.433 ], [ 72.279, 19.432 ], [ 72.287, 19.442 ], [ 72.299, 19.44 ], [ 72.307, 19.45 ], [ 72.319, 19.448 ], [ 72.327, 19.458 ], [ 72.339, 19.457 ], [ 72.343, 19.445 ], [ 72.355, 19.443 ], [ 72.363, 19.453 ], [ 72.375, 19.452 ], [ 72.383, 19.462 ], [ 72.395, 19.46 ], [ 72.403, 19.47 ], [ 72.415, 19.468 ], [ 72.419, 19.457 ], [ 72.431, 19.455 ], [ 72.439, 19.465 ], [ 72.452, 19.464 ], [ 72.46, 19.474 ], [ 72.472, 19.472 ], [ 72.476, 19.46 ], [ 72.488, 19.459 ], [ 72.496, 19.469 ], [ 72.508, 19.467 ], [ 72.516, 19.477 ], [ 72.528, 19.475 ], [ 72.536, 19.485 ], [ 72.548, 19.484 ], [ 72.556, 19.494 ], [ 72.552, 19.505 ], [ 72.54, 19.507 ], [ 72.536, 19.518 ], [ 72.544, 19.528 ], [ 72.54, 19.54 ], [ 72.548, 19.55 ], [ 72.544, 19.561 ], [ 72.532, 19.563 ], [ 72.528, 19.575 ], [ 72.536, 19.585 ], [ 72.532, 19.596 ], [ 72.54, 19.606 ], [ 72.536, 19.618 ], [ 72.544, 19.628 ], [ 72.54, 19.639 ], [ 72.528, 19.641 ], [ 72.524, 19.652 ], [ 72.532, 19.662 ], [ 72.528, 19.674 ], [ 72.516, 19.675 ], [ 72.512, 19.687 ], [ 72.52, 19.697 ], [ 72.516, 19.708 ], [ 72.524, 19.718 ], [ 72.52, 19.73 ], [ 72.508, 19.731 ], [ 72.504, 19.743 ], [ 72.512, 19.753 ], [ 72.508, 19.764 ], [ 72.496, 19.766 ], [ 72.492, 19.778 ], [ 72.48, 19.779 ], [ 72.476, 19.791 ], [ 72.484, 19.801 ], [ 72.48, 19.812 ], [ 72.488, 19.822 ], [ 72.484, 19.834 ], [ 72.472, 19.835 ], [ 72.468, 19.847 ], [ 72.476, 19.857 ], [ 72.472, 19.868 ], [ 72.48, 19.878 ], [ 72.476, 19.89 ], [ 72.484, 19.9 ], [ 72.48, 19.911 ], [ 72.488, 19.921 ], [ 72.484, 19.933 ], [ 72.492, 19.943 ], [ 72.488, 19.954 ], [ 72.496, 19.964 ], [ 72.492, 19.976 ], [ 72.5, 19.985 ], [ 72.496, 19.997 ], [ 72.504, 20.007 ], [ 72.5, 20.018 ], [ 72.508, 20.028 ], [ 72.52, 20.027 ], [ 72.528, 20.037 ], [ 72.524, 20.048 ], [ 72.532, 20.058 ], [ 72.528, 20.07 ], [ 72.536, 20.08 ], [ 72.532, 20.091 ], [ 72.54, 20.101 ], [ 72.536, 20.113 ], [ 72.544, 20.123 ], [ 72.54, 20.134 ], [ 72.548, 20.144 ], [ 72.544, 20.156 ], [ 72.552, 20.166 ], [ 72.564, 20.164 ], [ 72.573, 20.174 ], [ 72.568, 20.185 ], [ 72.556, 20.187 ], [ 72.552, 20.198 ], [ 72.54, 20.2 ], [ 72.532, 20.19 ], [ 72.52, 20.192 ], [ 72.516, 20.203 ], [ 72.504, 20.205 ], [ 72.496, 20.195 ], [ 72.484, 20.196 ], [ 72.479, 20.208 ], [ 72.467, 20.209 ], [ 72.463, 20.221 ], [ 72.451, 20.222 ], [ 72.443, 20.212 ], [ 72.431, 20.214 ], [ 72.427, 20.225 ], [ 72.415, 20.227 ], [ 72.407, 20.217 ], [ 72.395, 20.219 ], [ 72.391, 20.23 ], [ 72.379, 20.232 ], [ 72.37, 20.222 ], [ 72.358, 20.223 ], [ 72.354, 20.235 ], [ 72.342, 20.236 ], [ 72.334, 20.226 ], [ 72.322, 20.228 ], [ 72.318, 20.239 ], [ 72.306, 20.241 ], [ 72.302, 20.252 ], [ 72.29, 20.254 ], [ 72.282, 20.244 ], [ 72.27, 20.245 ], [ 72.266, 20.257 ], [ 72.253, 20.258 ], [ 72.245, 20.248 ], [ 72.233, 20.25 ], [ 72.229, 20.261 ], [ 72.217, 20.263 ], [ 72.209, 20.253 ], [ 72.197, 20.254 ], [ 72.193, 20.266 ], [ 72.181, 20.267 ], [ 72.177, 20.279 ], [ 72.165, 20.28 ], [ 72.157, 20.27 ], [ 72.145, 20.272 ], [ 72.141, 20.283 ], [ 72.129, 20.285 ], [ 72.121, 20.275 ], [ 72.109, 20.277 ], [ 72.105, 20.288 ], [ 72.092, 20.289 ], [ 72.088, 20.301 ], [ 72.076, 20.302 ], [ 72.068, 20.292 ], [ 72.056, 20.294 ], [ 72.048, 20.284 ], [ 72.036, 20.286 ], [ 72.032, 20.297 ], [ 72.02, 20.299 ], [ 72.012, 20.289 ], [ 72.0, 20.29 ], [ 71.992, 20.28 ], [ 71.98, 20.282 ], [ 71.972, 20.272 ], [ 71.976, 20.26 ], [ 71.968, 20.25 ], [ 71.956, 20.252 ], [ 71.948, 20.242 ], [ 71.952, 20.23 ], [ 71.944, 20.221 ], [ 71.932, 20.222 ], [ 71.924, 20.212 ], [ 71.928, 20.201 ], [ 71.92, 20.191 ], [ 71.908, 20.192 ], [ 71.9, 20.182 ], [ 71.904, 20.171 ], [ 71.896, 20.161 ], [ 71.884, 20.162 ], [ 71.876, 20.153 ], [ 71.88, 20.141 ], [ 71.872, 20.131 ], [ 71.86, 20.133 ] ] ] ] } },
{ "type": "Feature", "properties": { "POLYGON.ID": 311.0, "subregion": "IN-MH--Maharashtra--Coast", "FILTER": "Maharashtra", "POLYGON": "IN-MH--Maharashtra--Coast", "STATE": "Maharashtra", "COUNTY": "spl_region", "OWNER": null }, "geometry": { "type": "MultiPolygon", "coordinates": [ [ [ [ 73.618, 17.314 ], [ 73.626, 17.324 ], [ 73.622, 17.336 ], [ 73.61, 17.338 ], [ 73.606, 17.35 ], [ 73.594, 17.352 ], [ 73.59, 17.364 ], [ 73.577, 17.365 ], [ 73.573, 17.377 ], [ 73.561, 17.379 ], [ 73.557, 17.391 ], [ 73.545, 17.393 ], [ 73.541, 17.405 ], [ 73.549, 17.415 ], [ 73.545, 17.427 ], [ 73.533, 17.428 ], [ 73.529, 17.44 ], [ 73.517, 17.442 ], [ 73.513, 17.454 ], [ 73.5, 17.456 ], [ 73.496, 17.468 ], [ 73.505, 17.478 ], [ 73.501, 17.49 ], [ 73.488, 17.491 ], [ 73.484, 17.503 ], [ 73.493, 17.513 ], [ 73.489, 17.525 ], [ 73.497, 17.535 ], [ 73.493, 17.547 ], [ 73.48, 17.549 ], [ 73.472, 17.539 ], [ 73.46, 17.541 ], [ 73.456, 17.552 ], [ 73.444, 17.554 ], [ 73.436, 17.544 ], [ 73.424, 17.546 ], [ 73.415, 17.536 ], [ 73.403, 17.538 ], [ 73.395, 17.528 ], [ 73.383, 17.53 ], [ 73.375, 17.52 ], [ 73.363, 17.522 ], [ 73.355, 17.512 ], [ 73.342, 17.514 ], [ 73.338, 17.526 ], [ 73.326, 17.528 ], [ 73.318, 17.518 ], [ 73.306, 17.519 ], [ 73.302, 17.531 ], [ 73.29, 17.533 ], [ 73.286, 17.545 ], [ 73.294, 17.555 ], [ 73.29, 17.567 ], [ 73.278, 17.569 ], [ 73.27, 17.559 ], [ 73.257, 17.56 ], [ 73.253, 17.572 ], [ 73.241, 17.574 ], [ 73.233, 17.564 ], [ 73.221, 17.566 ], [ 73.217, 17.578 ], [ 73.205, 17.58 ], [ 73.201, 17.591 ], [ 73.209, 17.601 ], [ 73.205, 17.613 ], [ 73.213, 17.623 ], [ 73.225, 17.621 ], [ 73.233, 17.631 ], [ 73.229, 17.643 ], [ 73.217, 17.645 ], [ 73.213, 17.657 ], [ 73.221, 17.667 ], [ 73.217, 17.678 ], [ 73.225, 17.688 ], [ 73.238, 17.686 ], [ 73.242, 17.675 ], [ 73.254, 17.673 ], [ 73.258, 17.661 ], [ 73.27, 17.659 ], [ 73.274, 17.647 ], [ 73.286, 17.646 ], [ 73.29, 17.634 ], [ 73.302, 17.632 ], [ 73.31, 17.642 ], [ 73.322, 17.64 ], [ 73.331, 17.65 ], [ 73.343, 17.648 ], [ 73.351, 17.658 ], [ 73.347, 17.67 ], [ 73.355, 17.68 ], [ 73.367, 17.678 ], [ 73.375, 17.688 ], [ 73.388, 17.686 ], [ 73.396, 17.696 ], [ 73.392, 17.708 ], [ 73.4, 17.718 ], [ 73.412, 17.716 ], [ 73.42, 17.726 ], [ 73.416, 17.738 ], [ 73.424, 17.748 ], [ 73.42, 17.759 ], [ 73.408, 17.761 ], [ 73.404, 17.773 ], [ 73.392, 17.775 ], [ 73.384, 17.765 ], [ 73.372, 17.767 ], [ 73.367, 17.779 ], [ 73.355, 17.78 ], [ 73.351, 17.792 ], [ 73.339, 17.794 ], [ 73.335, 17.806 ], [ 73.343, 17.816 ], [ 73.339, 17.828 ], [ 73.347, 17.838 ], [ 73.343, 17.849 ], [ 73.331, 17.851 ], [ 73.327, 17.863 ], [ 73.335, 17.873 ], [ 73.331, 17.885 ], [ 73.339, 17.895 ], [ 73.335, 17.906 ], [ 73.344, 17.916 ], [ 73.339, 17.928 ], [ 73.348, 17.938 ], [ 73.344, 17.95 ], [ 73.331, 17.952 ], [ 73.327, 17.964 ], [ 73.315, 17.965 ], [ 73.311, 17.977 ], [ 73.299, 17.979 ], [ 73.295, 17.991 ], [ 73.303, 18.001 ], [ 73.299, 18.012 ], [ 73.307, 18.022 ], [ 73.303, 18.034 ], [ 73.311, 18.044 ], [ 73.307, 18.056 ], [ 73.315, 18.066 ], [ 73.311, 18.078 ], [ 73.32, 18.088 ], [ 73.332, 18.086 ], [ 73.34, 18.096 ], [ 73.336, 18.107 ], [ 73.324, 18.109 ], [ 73.32, 18.121 ], [ 73.308, 18.123 ], [ 73.303, 18.135 ], [ 73.312, 18.145 ], [ 73.308, 18.156 ], [ 73.295, 18.158 ], [ 73.291, 18.17 ], [ 73.3, 18.18 ], [ 73.296, 18.192 ], [ 73.283, 18.193 ], [ 73.279, 18.205 ], [ 73.287, 18.215 ], [ 73.283, 18.227 ], [ 73.271, 18.229 ], [ 73.267, 18.24 ], [ 73.275, 18.25 ], [ 73.271, 18.262 ], [ 73.259, 18.264 ], [ 73.255, 18.276 ], [ 73.263, 18.286 ], [ 73.259, 18.297 ], [ 73.267, 18.307 ], [ 73.263, 18.319 ], [ 73.251, 18.321 ], [ 73.247, 18.333 ], [ 73.235, 18.334 ], [ 73.231, 18.346 ], [ 73.239, 18.356 ], [ 73.235, 18.368 ], [ 73.223, 18.37 ], [ 73.219, 18.381 ], [ 73.227, 18.391 ], [ 73.223, 18.403 ], [ 73.211, 18.405 ], [ 73.207, 18.416 ], [ 73.195, 18.418 ], [ 73.186, 18.408 ], [ 73.174, 18.41 ], [ 73.17, 18.422 ], [ 73.158, 18.424 ], [ 73.154, 18.435 ], [ 73.142, 18.437 ], [ 73.138, 18.449 ], [ 73.126, 18.45 ], [ 73.122, 18.462 ], [ 73.11, 18.464 ], [ 73.105, 18.476 ], [ 73.093, 18.477 ], [ 73.085, 18.467 ], [ 73.073, 18.469 ], [ 73.069, 18.481 ], [ 73.057, 18.483 ], [ 73.049, 18.473 ], [ 73.037, 18.474 ], [ 73.033, 18.486 ], [ 73.02, 18.488 ], [ 73.016, 18.5 ], [ 73.004, 18.501 ], [ 73.0, 18.513 ], [ 73.008, 18.523 ], [ 73.004, 18.535 ], [ 73.012, 18.545 ], [ 73.008, 18.556 ], [ 72.996, 18.558 ], [ 72.992, 18.57 ], [ 73.0, 18.58 ], [ 72.996, 18.591 ], [ 72.984, 18.593 ], [ 72.98, 18.605 ], [ 72.968, 18.607 ], [ 72.964, 18.618 ], [ 72.952, 18.62 ], [ 72.944, 18.61 ], [ 72.932, 18.612 ], [ 72.928, 18.624 ], [ 72.915, 18.625 ], [ 72.911, 18.637 ], [ 72.899, 18.639 ], [ 72.895, 18.65 ], [ 72.903, 18.66 ], [ 72.899, 18.672 ], [ 72.907, 18.682 ], [ 72.903, 18.694 ], [ 72.891, 18.695 ], [ 72.887, 18.707 ], [ 72.895, 18.717 ], [ 72.891, 18.729 ], [ 72.899, 18.739 ], [ 72.895, 18.75 ], [ 72.903, 18.76 ], [ 72.916, 18.758 ], [ 72.924, 18.768 ], [ 72.936, 18.767 ], [ 72.94, 18.755 ], [ 72.932, 18.745 ], [ 72.936, 18.733 ], [ 72.948, 18.732 ], [ 72.952, 18.72 ], [ 72.944, 18.71 ], [ 72.948, 18.698 ], [ 72.96, 18.697 ], [ 72.964, 18.685 ], [ 72.976, 18.683 ], [ 72.98, 18.672 ], [ 72.992, 18.67 ], [ 72.996, 18.658 ], [ 73.009, 18.656 ], [ 73.013, 18.645 ], [ 73.025, 18.643 ], [ 73.029, 18.631 ], [ 73.041, 18.63 ], [ 73.045, 18.618 ], [ 73.057, 18.616 ], [ 73.065, 18.626 ], [ 73.077, 18.624 ], [ 73.081, 18.613 ], [ 73.094, 18.611 ], [ 73.098, 18.599 ], [ 73.089, 18.589 ], [ 73.094, 18.578 ], [ 73.106, 18.576 ], [ 73.11, 18.564 ], [ 73.122, 18.562 ], [ 73.13, 18.572 ], [ 73.126, 18.584 ], [ 73.134, 18.594 ], [ 73.13, 18.606 ], [ 73.138, 18.616 ], [ 73.134, 18.627 ], [ 73.122, 18.629 ], [ 73.118, 18.641 ], [ 73.106, 18.642 ], [ 73.102, 18.654 ], [ 73.09, 18.656 ], [ 73.086, 18.668 ], [ 73.073, 18.669 ], [ 73.069, 18.681 ], [ 73.057, 18.683 ], [ 73.053, 18.694 ], [ 73.061, 18.704 ], [ 73.073, 18.703 ], [ 73.082, 18.713 ], [ 73.078, 18.724 ], [ 73.086, 18.734 ], [ 73.082, 18.746 ], [ 73.09, 18.756 ], [ 73.102, 18.754 ], [ 73.11, 18.764 ], [ 73.106, 18.776 ], [ 73.114, 18.786 ], [ 73.11, 18.797 ], [ 73.118, 18.807 ], [ 73.114, 18.819 ], [ 73.122, 18.829 ], [ 73.118, 18.841 ], [ 73.126, 18.851 ], [ 73.139, 18.849 ], [ 73.147, 18.859 ], [ 73.159, 18.857 ], [ 73.167, 18.867 ], [ 73.179, 18.865 ], [ 73.187, 18.875 ], [ 73.2, 18.874 ], [ 73.204, 18.862 ], [ 73.216, 18.86 ], [ 73.224, 18.87 ], [ 73.236, 18.868 ], [ 73.244, 18.878 ], [ 73.257, 18.877 ], [ 73.265, 18.887 ], [ 73.277, 18.885 ], [ 73.285, 18.895 ], [ 73.297, 18.893 ], [ 73.305, 18.903 ], [ 73.318, 18.901 ], [ 73.322, 18.89 ], [ 73.334, 18.888 ], [ 73.342, 18.898 ], [ 73.354, 18.896 ], [ 73.362, 18.906 ], [ 73.358, 18.918 ], [ 73.367, 18.928 ], [ 73.379, 18.926 ], [ 73.387, 18.936 ], [ 73.399, 18.934 ], [ 73.407, 18.944 ], [ 73.42, 18.943 ], [ 73.428, 18.952 ], [ 73.424, 18.964 ], [ 73.432, 18.974 ], [ 73.444, 18.972 ], [ 73.452, 18.982 ], [ 73.448, 18.994 ], [ 73.457, 19.004 ], [ 73.469, 19.002 ], [ 73.477, 19.012 ], [ 73.473, 19.024 ], [ 73.481, 19.034 ], [ 73.477, 19.046 ], [ 73.485, 19.056 ], [ 73.481, 19.067 ], [ 73.489, 19.077 ], [ 73.485, 19.089 ], [ 73.494, 19.099 ], [ 73.489, 19.111 ], [ 73.498, 19.121 ], [ 73.494, 19.132 ], [ 73.502, 19.142 ], [ 73.498, 19.154 ], [ 73.506, 19.164 ], [ 73.502, 19.176 ], [ 73.51, 19.186 ], [ 73.506, 19.197 ], [ 73.514, 19.207 ], [ 73.527, 19.206 ], [ 73.535, 19.216 ], [ 73.547, 19.214 ], [ 73.555, 19.224 ], [ 73.568, 19.222 ], [ 73.576, 19.232 ], [ 73.588, 19.23 ], [ 73.596, 19.24 ], [ 73.608, 19.239 ], [ 73.617, 19.248 ], [ 73.629, 19.247 ], [ 73.637, 19.257 ], [ 73.633, 19.268 ], [ 73.641, 19.278 ], [ 73.637, 19.29 ], [ 73.646, 19.3 ], [ 73.658, 19.298 ], [ 73.666, 19.308 ], [ 73.662, 19.32 ], [ 73.67, 19.33 ], [ 73.683, 19.328 ], [ 73.691, 19.338 ], [ 73.703, 19.337 ], [ 73.711, 19.346 ], [ 73.724, 19.345 ], [ 73.732, 19.355 ], [ 73.728, 19.366 ], [ 73.715, 19.368 ], [ 73.711, 19.38 ], [ 73.699, 19.382 ], [ 73.695, 19.393 ], [ 73.683, 19.395 ], [ 73.679, 19.407 ], [ 73.666, 19.408 ], [ 73.662, 19.42 ], [ 73.65, 19.422 ], [ 73.646, 19.433 ], [ 73.654, 19.443 ], [ 73.65, 19.455 ], [ 73.638, 19.457 ], [ 73.634, 19.469 ], [ 73.642, 19.478 ], [ 73.638, 19.49 ], [ 73.626, 19.492 ], [ 73.622, 19.504 ], [ 73.609, 19.505 ], [ 73.605, 19.517 ], [ 73.614, 19.527 ], [ 73.61, 19.539 ], [ 73.597, 19.54 ], [ 73.593, 19.552 ], [ 73.581, 19.554 ], [ 73.577, 19.565 ], [ 73.565, 19.567 ], [ 73.561, 19.579 ], [ 73.548, 19.58 ], [ 73.544, 19.592 ], [ 73.552, 19.602 ], [ 73.548, 19.614 ], [ 73.536, 19.615 ], [ 73.532, 19.627 ], [ 73.52, 19.629 ], [ 73.516, 19.64 ], [ 73.503, 19.642 ], [ 73.499, 19.654 ], [ 73.487, 19.655 ], [ 73.483, 19.667 ], [ 73.471, 19.669 ], [ 73.463, 19.659 ], [ 73.45, 19.66 ], [ 73.442, 19.65 ], [ 73.43, 19.652 ], [ 73.426, 19.664 ], [ 73.414, 19.665 ], [ 73.405, 19.655 ], [ 73.393, 19.657 ], [ 73.389, 19.669 ], [ 73.377, 19.67 ], [ 73.373, 19.682 ], [ 73.361, 19.684 ], [ 73.356, 19.695 ], [ 73.344, 19.697 ], [ 73.34, 19.709 ], [ 73.328, 19.71 ], [ 73.324, 19.722 ], [ 73.312, 19.724 ], [ 73.308, 19.735 ], [ 73.295, 19.737 ], [ 73.291, 19.748 ], [ 73.279, 19.75 ], [ 73.271, 19.74 ], [ 73.259, 19.742 ], [ 73.255, 19.753 ], [ 73.242, 19.755 ], [ 73.238, 19.767 ], [ 73.246, 19.777 ], [ 73.242, 19.788 ], [ 73.23, 19.79 ], [ 73.226, 19.801 ], [ 73.214, 19.803 ], [ 73.21, 19.815 ], [ 73.218, 19.825 ], [ 73.214, 19.836 ], [ 73.202, 19.838 ], [ 73.198, 19.85 ], [ 73.185, 19.851 ], [ 73.181, 19.863 ], [ 73.169, 19.864 ], [ 73.165, 19.876 ], [ 73.153, 19.878 ], [ 73.149, 19.889 ], [ 73.157, 19.899 ], [ 73.153, 19.911 ], [ 73.161, 19.921 ], [ 73.157, 19.932 ], [ 73.165, 19.942 ], [ 73.161, 19.954 ], [ 73.169, 19.964 ], [ 73.182, 19.962 ], [ 73.19, 19.972 ], [ 73.202, 19.971 ], [ 73.206, 19.959 ], [ 73.218, 19.957 ], [ 73.222, 19.946 ], [ 73.235, 19.944 ], [ 73.239, 19.932 ], [ 73.231, 19.923 ], [ 73.235, 19.911 ], [ 73.247, 19.909 ], [ 73.251, 19.898 ], [ 73.243, 19.888 ], [ 73.247, 19.876 ], [ 73.239, 19.866 ], [ 73.243, 19.855 ], [ 73.255, 19.853 ], [ 73.263, 19.863 ], [ 73.275, 19.861 ], [ 73.279, 19.85 ], [ 73.292, 19.848 ], [ 73.3, 19.858 ], [ 73.312, 19.856 ], [ 73.316, 19.845 ], [ 73.328, 19.843 ], [ 73.332, 19.831 ], [ 73.324, 19.821 ], [ 73.328, 19.81 ], [ 73.34, 19.808 ], [ 73.344, 19.797 ], [ 73.357, 19.795 ], [ 73.365, 19.805 ], [ 73.361, 19.817 ], [ 73.349, 19.818 ], [ 73.345, 19.83 ], [ 73.353, 19.84 ], [ 73.365, 19.838 ], [ 73.373, 19.848 ], [ 73.386, 19.846 ], [ 73.394, 19.856 ], [ 73.39, 19.868 ], [ 73.398, 19.878 ], [ 73.394, 19.89 ], [ 73.402, 19.9 ], [ 73.398, 19.911 ], [ 73.406, 19.921 ], [ 73.402, 19.933 ], [ 73.41, 19.943 ], [ 73.406, 19.954 ], [ 73.394, 19.956 ], [ 73.39, 19.968 ], [ 73.378, 19.969 ], [ 73.369, 19.959 ], [ 73.357, 19.961 ], [ 73.349, 19.951 ], [ 73.337, 19.953 ], [ 73.329, 19.943 ], [ 73.316, 19.944 ], [ 73.308, 19.934 ], [ 73.296, 19.936 ], [ 73.292, 19.948 ], [ 73.3, 19.957 ], [ 73.296, 19.969 ], [ 73.284, 19.971 ], [ 73.275, 19.961 ], [ 73.28, 19.949 ], [ 73.271, 19.939 ], [ 73.259, 19.941 ], [ 73.255, 19.952 ], [ 73.243, 19.954 ], [ 73.239, 19.966 ], [ 73.247, 19.976 ], [ 73.243, 19.987 ], [ 73.251, 19.997 ], [ 73.247, 20.009 ], [ 73.235, 20.01 ], [ 73.227, 20.0 ], [ 73.214, 20.002 ], [ 73.21, 20.014 ], [ 73.198, 20.015 ], [ 73.194, 20.027 ], [ 73.202, 20.037 ], [ 73.198, 20.048 ], [ 73.186, 20.05 ], [ 73.182, 20.062 ], [ 73.17, 20.063 ], [ 73.166, 20.075 ], [ 73.153, 20.076 ], [ 73.145, 20.066 ], [ 73.133, 20.068 ], [ 73.129, 20.08 ], [ 73.117, 20.081 ], [ 73.113, 20.093 ], [ 73.1, 20.094 ], [ 73.092, 20.084 ], [ 73.08, 20.086 ], [ 73.076, 20.098 ], [ 73.064, 20.099 ], [ 73.056, 20.089 ], [ 73.06, 20.078 ], [ 73.051, 20.068 ], [ 73.039, 20.069 ], [ 73.035, 20.081 ], [ 73.023, 20.082 ], [ 73.019, 20.094 ], [ 73.007, 20.096 ], [ 73.003, 20.107 ], [ 73.011, 20.117 ], [ 73.007, 20.129 ], [ 72.995, 20.13 ], [ 72.986, 20.12 ], [ 72.974, 20.122 ], [ 72.97, 20.133 ], [ 72.978, 20.143 ], [ 72.974, 20.155 ], [ 72.982, 20.165 ], [ 72.978, 20.176 ], [ 72.966, 20.178 ], [ 72.962, 20.19 ], [ 72.97, 20.2 ], [ 72.966, 20.211 ], [ 72.954, 20.213 ], [ 72.95, 20.224 ], [ 72.938, 20.226 ], [ 72.93, 20.216 ], [ 72.917, 20.217 ], [ 72.913, 20.229 ], [ 72.901, 20.231 ], [ 72.893, 20.221 ], [ 72.881, 20.222 ], [ 72.877, 20.234 ], [ 72.865, 20.235 ], [ 72.856, 20.225 ], [ 72.86, 20.214 ], [ 72.852, 20.204 ], [ 72.84, 20.205 ], [ 72.832, 20.195 ], [ 72.836, 20.184 ], [ 72.828, 20.174 ], [ 72.816, 20.176 ], [ 72.808, 20.166 ], [ 72.812, 20.154 ], [ 72.804, 20.144 ], [ 72.791, 20.146 ], [ 72.783, 20.136 ], [ 72.771, 20.137 ], [ 72.763, 20.127 ], [ 72.751, 20.129 ], [ 72.747, 20.14 ], [ 72.735, 20.142 ], [ 72.73, 20.154 ], [ 72.718, 20.155 ], [ 72.71, 20.145 ], [ 72.698, 20.147 ], [ 72.694, 20.158 ], [ 72.682, 20.16 ], [ 72.674, 20.15 ], [ 72.662, 20.151 ], [ 72.658, 20.163 ], [ 72.645, 20.165 ], [ 72.637, 20.155 ], [ 72.625, 20.156 ], [ 72.621, 20.168 ], [ 72.609, 20.169 ], [ 72.601, 20.159 ], [ 72.589, 20.161 ], [ 72.585, 20.172 ], [ 72.573, 20.174 ], [ 72.564, 20.164 ], [ 72.552, 20.166 ], [ 72.544, 20.156 ], [ 72.548, 20.144 ], [ 72.54, 20.134 ], [ 72.544, 20.123 ], [ 72.536, 20.113 ], [ 72.54, 20.101 ], [ 72.532, 20.091 ], [ 72.536, 20.08 ], [ 72.528, 20.07 ], [ 72.532, 20.058 ], [ 72.524, 20.048 ], [ 72.528, 20.037 ], [ 72.52, 20.027 ], [ 72.508, 20.028 ], [ 72.5, 20.018 ], [ 72.504, 20.007 ], [ 72.496, 19.997 ], [ 72.5, 19.985 ], [ 72.492, 19.976 ], [ 72.496, 19.964 ], [ 72.488, 19.954 ], [ 72.492, 19.943 ], [ 72.484, 19.933 ], [ 72.488, 19.921 ], [ 72.48, 19.911 ], [ 72.484, 19.9 ], [ 72.476, 19.89 ], [ 72.48, 19.878 ], [ 72.472, 19.868 ], [ 72.476, 19.857 ], [ 72.468, 19.847 ], [ 72.472, 19.835 ], [ 72.484, 19.834 ], [ 72.488, 19.822 ], [ 72.48, 19.812 ], [ 72.484, 19.801 ], [ 72.476, 19.791 ], [ 72.48, 19.779 ], [ 72.492, 19.778 ], [ 72.496, 19.766 ], [ 72.508, 19.764 ], [ 72.512, 19.753 ], [ 72.504, 19.743 ], [ 72.508, 19.731 ], [ 72.52, 19.73 ], [ 72.524, 19.718 ], [ 72.516, 19.708 ], [ 72.52, 19.697 ], [ 72.512, 19.687 ], [ 72.516, 19.675 ], [ 72.528, 19.674 ], [ 72.532, 19.662 ], [ 72.524, 19.652 ], [ 72.528, 19.641 ], [ 72.54, 19.639 ], [ 72.544, 19.628 ], [ 72.536, 19.618 ], [ 72.54, 19.606 ], [ 72.532, 19.596 ], [ 72.536, 19.585 ], [ 72.528, 19.575 ], [ 72.532, 19.563 ], [ 72.544, 19.561 ], [ 72.548, 19.55 ], [ 72.54, 19.54 ], [ 72.544, 19.528 ], [ 72.536, 19.518 ], [ 72.54, 19.507 ], [ 72.552, 19.505 ], [ 72.556, 19.494 ], [ 72.548, 19.484 ], [ 72.552, 19.472 ], [ 72.544, 19.462 ], [ 72.548, 19.451 ], [ 72.56, 19.449 ], [ 72.564, 19.437 ], [ 72.556, 19.428 ], [ 72.56, 19.416 ], [ 72.552, 19.406 ], [ 72.556, 19.394 ], [ 72.568, 19.393 ], [ 72.573, 19.381 ], [ 72.585, 19.38 ], [ 72.589, 19.368 ], [ 72.581, 19.358 ], [ 72.585, 19.346 ], [ 72.577, 19.337 ], [ 72.581, 19.325 ], [ 72.593, 19.323 ], [ 72.597, 19.312 ], [ 72.589, 19.302 ], [ 72.593, 19.29 ], [ 72.605, 19.289 ], [ 72.609, 19.277 ], [ 72.601, 19.267 ], [ 72.605, 19.255 ], [ 72.597, 19.245 ], [ 72.601, 19.234 ], [ 72.593, 19.224 ], [ 72.597, 19.212 ], [ 72.609, 19.211 ], [ 72.613, 19.199 ], [ 72.605, 19.189 ], [ 72.609, 19.178 ], [ 72.601, 19.168 ], [ 72.605, 19.156 ], [ 72.597, 19.146 ], [ 72.601, 19.134 ], [ 72.613, 19.133 ], [ 72.617, 19.121 ], [ 72.609, 19.111 ], [ 72.613, 19.1 ], [ 72.605, 19.09 ], [ 72.609, 19.078 ], [ 72.621, 19.076 ], [ 72.625, 19.065 ], [ 72.637, 19.063 ], [ 72.641, 19.052 ], [ 72.633, 19.042 ], [ 72.637, 19.03 ], [ 72.629, 19.02 ], [ 72.633, 19.008 ], [ 72.625, 18.998 ], [ 72.629, 18.987 ], [ 72.621, 18.977 ], [ 72.625, 18.965 ], [ 72.617, 18.955 ], [ 72.621, 18.944 ], [ 72.613, 18.934 ], [ 72.617, 18.922 ], [ 72.609, 18.912 ], [ 72.613, 18.901 ], [ 72.625, 18.899 ], [ 72.629, 18.887 ], [ 72.621, 18.877 ], [ 72.625, 18.866 ], [ 72.637, 18.864 ], [ 72.641, 18.852 ], [ 72.633, 18.842 ], [ 72.637, 18.831 ], [ 72.649, 18.829 ], [ 72.653, 18.818 ], [ 72.665, 18.816 ], [ 72.669, 18.804 ], [ 72.661, 18.794 ], [ 72.665, 18.783 ], [ 72.677, 18.781 ], [ 72.681, 18.769 ], [ 72.673, 18.759 ], [ 72.677, 18.748 ], [ 72.689, 18.746 ], [ 72.693, 18.734 ], [ 72.685, 18.724 ], [ 72.689, 18.713 ], [ 72.681, 18.703 ], [ 72.685, 18.691 ], [ 72.677, 18.681 ], [ 72.681, 18.67 ], [ 72.673, 18.66 ], [ 72.677, 18.648 ], [ 72.689, 18.646 ], [ 72.693, 18.635 ], [ 72.685, 18.625 ], [ 72.689, 18.613 ], [ 72.701, 18.611 ], [ 72.705, 18.6 ], [ 72.697, 18.59 ], [ 72.701, 18.578 ], [ 72.713, 18.576 ], [ 72.718, 18.565 ], [ 72.709, 18.555 ], [ 72.713, 18.543 ], [ 72.726, 18.541 ], [ 72.73, 18.53 ], [ 72.722, 18.52 ], [ 72.726, 18.508 ], [ 72.717, 18.498 ], [ 72.721, 18.486 ], [ 72.713, 18.476 ], [ 72.717, 18.465 ], [ 72.709, 18.455 ], [ 72.713, 18.443 ], [ 72.726, 18.441 ], [ 72.73, 18.43 ], [ 72.721, 18.42 ], [ 72.725, 18.408 ], [ 72.738, 18.406 ], [ 72.742, 18.395 ], [ 72.734, 18.385 ], [ 72.738, 18.373 ], [ 72.729, 18.363 ], [ 72.734, 18.352 ], [ 72.725, 18.342 ], [ 72.729, 18.33 ], [ 72.742, 18.328 ], [ 72.746, 18.316 ], [ 72.738, 18.307 ], [ 72.742, 18.295 ], [ 72.754, 18.293 ], [ 72.758, 18.281 ], [ 72.75, 18.271 ], [ 72.754, 18.26 ], [ 72.746, 18.25 ], [ 72.75, 18.238 ], [ 72.762, 18.236 ], [ 72.766, 18.225 ], [ 72.758, 18.215 ], [ 72.762, 18.203 ], [ 72.754, 18.193 ], [ 72.758, 18.181 ], [ 72.77, 18.18 ], [ 72.774, 18.168 ], [ 72.766, 18.158 ], [ 72.77, 18.146 ], [ 72.782, 18.145 ], [ 72.786, 18.133 ], [ 72.778, 18.123 ], [ 72.782, 18.111 ], [ 72.794, 18.109 ], [ 72.798, 18.098 ], [ 72.79, 18.088 ], [ 72.794, 18.076 ], [ 72.806, 18.074 ], [ 72.81, 18.063 ], [ 72.802, 18.053 ], [ 72.806, 18.041 ], [ 72.818, 18.039 ], [ 72.822, 18.027 ], [ 72.814, 18.017 ], [ 72.818, 18.006 ], [ 72.83, 18.004 ], [ 72.834, 17.992 ], [ 72.826, 17.982 ], [ 72.83, 17.971 ], [ 72.842, 17.969 ], [ 72.846, 17.957 ], [ 72.838, 17.947 ], [ 72.842, 17.935 ], [ 72.854, 17.934 ], [ 72.858, 17.922 ], [ 72.85, 17.912 ], [ 72.854, 17.9 ], [ 72.866, 17.898 ], [ 72.87, 17.887 ], [ 72.862, 17.877 ], [ 72.866, 17.865 ], [ 72.878, 17.863 ], [ 72.882, 17.851 ], [ 72.894, 17.85 ], [ 72.898, 17.838 ], [ 72.89, 17.828 ], [ 72.894, 17.816 ], [ 72.906, 17.814 ], [ 72.91, 17.803 ], [ 72.902, 17.793 ], [ 72.906, 17.781 ], [ 72.918, 17.779 ], [ 72.922, 17.767 ], [ 72.914, 17.758 ], [ 72.918, 17.746 ], [ 72.931, 17.744 ], [ 72.935, 17.732 ], [ 72.926, 17.722 ], [ 72.93, 17.711 ], [ 72.943, 17.709 ], [ 72.947, 17.697 ], [ 72.939, 17.687 ], [ 72.943, 17.675 ], [ 72.934, 17.665 ], [ 72.938, 17.654 ], [ 72.951, 17.652 ], [ 72.955, 17.64 ], [ 72.946, 17.63 ], [ 72.951, 17.618 ], [ 72.963, 17.616 ], [ 72.967, 17.605 ], [ 72.959, 17.595 ], [ 72.963, 17.583 ], [ 72.954, 17.573 ], [ 72.958, 17.561 ], [ 72.95, 17.551 ], [ 72.954, 17.54 ], [ 72.967, 17.538 ], [ 72.971, 17.526 ], [ 72.962, 17.516 ], [ 72.966, 17.504 ], [ 72.979, 17.502 ], [ 72.983, 17.491 ], [ 72.975, 17.481 ], [ 72.979, 17.469 ], [ 72.991, 17.467 ], [ 72.995, 17.455 ], [ 72.987, 17.445 ], [ 72.991, 17.434 ], [ 72.982, 17.424 ], [ 72.987, 17.412 ], [ 72.999, 17.41 ], [ 73.003, 17.398 ], [ 72.995, 17.388 ], [ 72.999, 17.376 ], [ 72.99, 17.367 ], [ 72.994, 17.355 ], [ 73.007, 17.353 ], [ 73.011, 17.341 ], [ 73.003, 17.331 ], [ 73.007, 17.319 ], [ 73.019, 17.318 ], [ 73.023, 17.306 ], [ 73.015, 17.296 ], [ 73.019, 17.284 ], [ 73.01, 17.274 ], [ 73.015, 17.262 ], [ 73.027, 17.26 ], [ 73.031, 17.249 ], [ 73.023, 17.239 ], [ 73.027, 17.227 ], [ 73.039, 17.225 ], [ 73.043, 17.213 ], [ 73.035, 17.203 ], [ 73.039, 17.191 ], [ 73.051, 17.19 ], [ 73.055, 17.178 ], [ 73.067, 17.176 ], [ 73.071, 17.164 ], [ 73.063, 17.154 ], [ 73.067, 17.142 ], [ 73.059, 17.132 ], [ 73.063, 17.121 ], [ 73.075, 17.119 ], [ 73.079, 17.107 ], [ 73.091, 17.105 ], [ 73.095, 17.093 ], [ 73.087, 17.083 ], [ 73.091, 17.071 ], [ 73.083, 17.061 ], [ 73.087, 17.05 ], [ 73.079, 17.04 ], [ 73.083, 17.028 ], [ 73.075, 17.018 ], [ 73.079, 17.006 ], [ 73.091, 17.004 ], [ 73.095, 16.992 ], [ 73.087, 16.983 ], [ 73.091, 16.971 ], [ 73.083, 16.961 ], [ 73.087, 16.949 ], [ 73.099, 16.947 ], [ 73.103, 16.935 ], [ 73.095, 16.925 ], [ 73.099, 16.913 ], [ 73.09, 16.903 ], [ 73.095, 16.892 ], [ 73.107, 16.89 ], [ 73.111, 16.878 ], [ 73.103, 16.868 ], [ 73.107, 16.856 ], [ 73.098, 16.846 ], [ 73.102, 16.834 ], [ 73.115, 16.832 ], [ 73.119, 16.821 ], [ 73.11, 16.811 ], [ 73.114, 16.799 ], [ 73.127, 16.797 ], [ 73.131, 16.785 ], [ 73.123, 16.775 ], [ 73.127, 16.763 ], [ 73.118, 16.753 ], [ 73.122, 16.742 ], [ 73.135, 16.74 ], [ 73.139, 16.728 ], [ 73.13, 16.718 ], [ 73.134, 16.706 ], [ 73.126, 16.696 ], [ 73.13, 16.684 ], [ 73.142, 16.682 ], [ 73.146, 16.67 ], [ 73.138, 16.661 ], [ 73.142, 16.649 ], [ 73.134, 16.639 ], [ 73.138, 16.627 ], [ 73.13, 16.617 ], [ 73.134, 16.605 ], [ 73.146, 16.603 ], [ 73.15, 16.591 ], [ 73.142, 16.581 ], [ 73.146, 16.57 ], [ 73.138, 16.56 ], [ 73.142, 16.548 ], [ 73.134, 16.538 ], [ 73.138, 16.526 ], [ 73.13, 16.516 ], [ 73.134, 16.504 ], [ 73.146, 16.502 ], [ 73.15, 16.49 ], [ 73.142, 16.48 ], [ 73.146, 16.469 ], [ 73.158, 16.467 ], [ 73.162, 16.455 ], [ 73.154, 16.445 ], [ 73.158, 16.433 ], [ 73.17, 16.431 ], [ 73.174, 16.419 ], [ 73.166, 16.409 ], [ 73.17, 16.397 ], [ 73.182, 16.395 ], [ 73.186, 16.383 ], [ 73.198, 16.382 ], [ 73.202, 16.37 ], [ 73.194, 16.36 ], [ 73.198, 16.348 ], [ 73.19, 16.338 ], [ 73.194, 16.326 ], [ 73.206, 16.324 ], [ 73.21, 16.312 ], [ 73.202, 16.302 ], [ 73.206, 16.29 ], [ 73.218, 16.288 ], [ 73.222, 16.277 ], [ 73.234, 16.275 ], [ 73.238, 16.263 ], [ 73.23, 16.253 ], [ 73.234, 16.241 ], [ 73.246, 16.239 ], [ 73.25, 16.227 ], [ 73.242, 16.217 ], [ 73.246, 16.205 ], [ 73.258, 16.203 ], [ 73.262, 16.191 ], [ 73.254, 16.181 ], [ 73.258, 16.169 ], [ 73.25, 16.16 ], [ 73.254, 16.148 ], [ 73.266, 16.146 ], [ 73.27, 16.134 ], [ 73.282, 16.132 ], [ 73.286, 16.12 ], [ 73.278, 16.11 ], [ 73.282, 16.098 ], [ 73.274, 16.088 ], [ 73.278, 16.076 ], [ 73.29, 16.074 ], [ 73.294, 16.062 ], [ 73.286, 16.052 ], [ 73.29, 16.04 ], [ 73.282, 16.031 ], [ 73.286, 16.019 ], [ 73.298, 16.017 ], [ 73.302, 16.005 ], [ 73.294, 15.995 ], [ 73.298, 15.983 ], [ 73.31, 15.981 ], [ 73.314, 15.969 ], [ 73.306, 15.959 ], [ 73.31, 15.947 ], [ 73.322, 15.945 ], [ 73.326, 15.933 ], [ 73.318, 15.923 ], [ 73.322, 15.911 ], [ 73.334, 15.909 ], [ 73.338, 15.897 ], [ 73.35, 15.895 ], [ 73.354, 15.883 ], [ 73.346, 15.874 ], [ 73.35, 15.862 ], [ 73.362, 15.86 ], [ 73.366, 15.848 ], [ 73.378, 15.846 ], [ 73.382, 15.834 ], [ 73.394, 15.832 ], [ 73.398, 15.82 ], [ 73.39, 15.81 ], [ 73.394, 15.798 ], [ 73.406, 15.796 ], [ 73.415, 15.806 ], [ 73.427, 15.804 ], [ 73.431, 15.792 ], [ 73.443, 15.79 ], [ 73.447, 15.778 ], [ 73.459, 15.776 ], [ 73.463, 15.764 ], [ 73.475, 15.762 ], [ 73.479, 15.75 ], [ 73.471, 15.74 ], [ 73.475, 15.728 ], [ 73.487, 15.726 ], [ 73.491, 15.714 ], [ 73.483, 15.704 ], [ 73.487, 15.692 ], [ 73.499, 15.69 ], [ 73.503, 15.678 ], [ 73.495, 15.668 ], [ 73.499, 15.656 ], [ 73.511, 15.654 ], [ 73.515, 15.642 ], [ 73.527, 15.64 ], [ 73.531, 15.628 ], [ 73.543, 15.626 ], [ 73.547, 15.614 ], [ 73.559, 15.612 ], [ 73.567, 15.622 ], [ 73.563, 15.634 ], [ 73.571, 15.644 ], [ 73.584, 15.642 ], [ 73.592, 15.652 ], [ 73.588, 15.664 ], [ 73.596, 15.674 ], [ 73.608, 15.672 ], [ 73.616, 15.682 ], [ 73.612, 15.694 ], [ 73.62, 15.704 ], [ 73.632, 15.701 ], [ 73.64, 15.711 ], [ 73.653, 15.709 ], [ 73.661, 15.719 ], [ 73.673, 15.717 ], [ 73.681, 15.727 ], [ 73.693, 15.725 ], [ 73.701, 15.735 ], [ 73.713, 15.733 ], [ 73.717, 15.721 ], [ 73.729, 15.719 ], [ 73.738, 15.729 ], [ 73.75, 15.727 ], [ 73.758, 15.737 ], [ 73.77, 15.735 ], [ 73.774, 15.723 ], [ 73.786, 15.721 ], [ 73.794, 15.731 ], [ 73.807, 15.728 ], [ 73.815, 15.738 ], [ 73.827, 15.736 ], [ 73.835, 15.746 ], [ 73.831, 15.758 ], [ 73.839, 15.768 ], [ 73.835, 15.78 ], [ 73.843, 15.79 ], [ 73.855, 15.788 ], [ 73.864, 15.798 ], [ 73.876, 15.796 ], [ 73.88, 15.784 ], [ 73.872, 15.774 ], [ 73.876, 15.762 ], [ 73.888, 15.76 ], [ 73.892, 15.748 ], [ 73.904, 15.746 ], [ 73.912, 15.756 ], [ 73.924, 15.754 ], [ 73.928, 15.742 ], [ 73.94, 15.74 ], [ 73.944, 15.728 ], [ 73.936, 15.718 ], [ 73.94, 15.706 ], [ 73.953, 15.704 ], [ 73.957, 15.692 ], [ 73.969, 15.69 ], [ 73.973, 15.678 ], [ 73.965, 15.668 ], [ 73.969, 15.656 ], [ 73.96, 15.646 ], [ 73.964, 15.634 ], [ 73.977, 15.632 ], [ 73.981, 15.62 ], [ 73.993, 15.618 ], [ 73.997, 15.606 ], [ 74.009, 15.603 ], [ 74.017, 15.613 ], [ 74.029, 15.611 ], [ 74.037, 15.621 ], [ 74.033, 15.633 ], [ 74.021, 15.635 ], [ 74.017, 15.647 ], [ 74.005, 15.649 ], [ 74.001, 15.661 ], [ 74.009, 15.671 ], [ 74.005, 15.683 ], [ 74.013, 15.693 ], [ 74.026, 15.691 ], [ 74.034, 15.701 ], [ 74.03, 15.713 ], [ 74.038, 15.723 ], [ 74.05, 15.721 ], [ 74.058, 15.731 ], [ 74.071, 15.729 ], [ 74.079, 15.739 ], [ 74.075, 15.751 ], [ 74.083, 15.761 ], [ 74.079, 15.773 ], [ 74.067, 15.775 ], [ 74.059, 15.765 ], [ 74.063, 15.753 ], [ 74.054, 15.743 ], [ 74.042, 15.745 ], [ 74.034, 15.735 ], [ 74.022, 15.737 ], [ 74.014, 15.727 ], [ 74.001, 15.729 ], [ 73.993, 15.719 ], [ 73.981, 15.721 ], [ 73.977, 15.733 ], [ 73.965, 15.736 ], [ 73.961, 15.748 ], [ 73.949, 15.75 ], [ 73.945, 15.762 ], [ 73.932, 15.764 ], [ 73.928, 15.776 ], [ 73.937, 15.786 ], [ 73.933, 15.798 ], [ 73.92, 15.8 ], [ 73.916, 15.812 ], [ 73.904, 15.814 ], [ 73.896, 15.804 ], [ 73.884, 15.806 ], [ 73.88, 15.818 ], [ 73.888, 15.828 ], [ 73.884, 15.84 ], [ 73.892, 15.85 ], [ 73.888, 15.862 ], [ 73.896, 15.872 ], [ 73.892, 15.884 ], [ 73.901, 15.893 ], [ 73.897, 15.905 ], [ 73.905, 15.915 ], [ 73.901, 15.927 ], [ 73.909, 15.937 ], [ 73.921, 15.935 ], [ 73.929, 15.945 ], [ 73.925, 15.957 ], [ 73.933, 15.967 ], [ 73.929, 15.979 ], [ 73.917, 15.981 ], [ 73.909, 15.971 ], [ 73.897, 15.973 ], [ 73.889, 15.963 ], [ 73.877, 15.965 ], [ 73.868, 15.955 ], [ 73.856, 15.957 ], [ 73.848, 15.948 ], [ 73.852, 15.936 ], [ 73.844, 15.926 ], [ 73.832, 15.928 ], [ 73.824, 15.918 ], [ 73.828, 15.906 ], [ 73.84, 15.904 ], [ 73.844, 15.892 ], [ 73.836, 15.882 ], [ 73.823, 15.884 ], [ 73.815, 15.874 ], [ 73.819, 15.862 ], [ 73.811, 15.852 ], [ 73.799, 15.854 ], [ 73.795, 15.866 ], [ 73.783, 15.868 ], [ 73.779, 15.88 ], [ 73.767, 15.882 ], [ 73.763, 15.894 ], [ 73.771, 15.904 ], [ 73.767, 15.916 ], [ 73.755, 15.918 ], [ 73.751, 15.93 ], [ 73.759, 15.94 ], [ 73.771, 15.938 ], [ 73.779, 15.948 ], [ 73.775, 15.96 ], [ 73.783, 15.97 ], [ 73.795, 15.968 ], [ 73.804, 15.978 ], [ 73.8, 15.99 ], [ 73.808, 16.0 ], [ 73.82, 15.997 ], [ 73.828, 16.007 ], [ 73.824, 16.019 ], [ 73.812, 16.021 ], [ 73.808, 16.033 ], [ 73.816, 16.043 ], [ 73.812, 16.055 ], [ 73.8, 16.057 ], [ 73.796, 16.069 ], [ 73.784, 16.071 ], [ 73.78, 16.083 ], [ 73.767, 16.085 ], [ 73.763, 16.097 ], [ 73.772, 16.107 ], [ 73.768, 16.119 ], [ 73.755, 16.121 ], [ 73.751, 16.133 ], [ 73.76, 16.143 ], [ 73.772, 16.141 ], [ 73.78, 16.151 ], [ 73.792, 16.149 ], [ 73.8, 16.159 ], [ 73.796, 16.171 ], [ 73.804, 16.181 ], [ 73.8, 16.193 ], [ 73.809, 16.203 ], [ 73.821, 16.201 ], [ 73.825, 16.189 ], [ 73.837, 16.187 ], [ 73.845, 16.197 ], [ 73.841, 16.209 ], [ 73.849, 16.219 ], [ 73.845, 16.23 ], [ 73.853, 16.24 ], [ 73.849, 16.252 ], [ 73.837, 16.254 ], [ 73.833, 16.266 ], [ 73.821, 16.268 ], [ 73.817, 16.28 ], [ 73.805, 16.282 ], [ 73.801, 16.294 ], [ 73.789, 16.296 ], [ 73.785, 16.308 ], [ 73.793, 16.318 ], [ 73.789, 16.33 ], [ 73.797, 16.34 ], [ 73.793, 16.352 ], [ 73.801, 16.362 ], [ 73.797, 16.374 ], [ 73.805, 16.384 ], [ 73.801, 16.396 ], [ 73.789, 16.398 ], [ 73.785, 16.41 ], [ 73.793, 16.42 ], [ 73.789, 16.432 ], [ 73.777, 16.434 ], [ 73.773, 16.445 ], [ 73.781, 16.455 ], [ 73.777, 16.467 ], [ 73.785, 16.477 ], [ 73.781, 16.489 ], [ 73.789, 16.499 ], [ 73.785, 16.511 ], [ 73.794, 16.521 ], [ 73.79, 16.533 ], [ 73.798, 16.543 ], [ 73.794, 16.555 ], [ 73.802, 16.565 ], [ 73.798, 16.577 ], [ 73.806, 16.587 ], [ 73.802, 16.599 ], [ 73.79, 16.601 ], [ 73.786, 16.613 ], [ 73.774, 16.614 ], [ 73.77, 16.626 ], [ 73.778, 16.636 ], [ 73.774, 16.648 ], [ 73.782, 16.658 ], [ 73.794, 16.656 ], [ 73.802, 16.666 ], [ 73.798, 16.678 ], [ 73.786, 16.68 ], [ 73.782, 16.692 ], [ 73.77, 16.694 ], [ 73.766, 16.706 ], [ 73.774, 16.716 ], [ 73.77, 16.728 ], [ 73.758, 16.73 ], [ 73.75, 16.72 ], [ 73.738, 16.722 ], [ 73.734, 16.734 ], [ 73.721, 16.736 ], [ 73.717, 16.748 ], [ 73.705, 16.749 ], [ 73.701, 16.761 ], [ 73.689, 16.763 ], [ 73.685, 16.775 ], [ 73.673, 16.777 ], [ 73.665, 16.767 ], [ 73.652, 16.769 ], [ 73.648, 16.781 ], [ 73.657, 16.791 ], [ 73.653, 16.803 ], [ 73.661, 16.813 ], [ 73.657, 16.825 ], [ 73.665, 16.835 ], [ 73.661, 16.847 ], [ 73.669, 16.857 ], [ 73.665, 16.868 ], [ 73.673, 16.878 ], [ 73.669, 16.89 ], [ 73.657, 16.892 ], [ 73.653, 16.904 ], [ 73.661, 16.914 ], [ 73.657, 16.926 ], [ 73.665, 16.936 ], [ 73.661, 16.948 ], [ 73.649, 16.95 ], [ 73.645, 16.962 ], [ 73.633, 16.964 ], [ 73.625, 16.954 ], [ 73.612, 16.956 ], [ 73.604, 16.946 ], [ 73.592, 16.948 ], [ 73.588, 16.959 ], [ 73.596, 16.969 ], [ 73.608, 16.967 ], [ 73.617, 16.977 ], [ 73.629, 16.975 ], [ 73.637, 16.985 ], [ 73.649, 16.983 ], [ 73.657, 16.993 ], [ 73.653, 17.005 ], [ 73.661, 17.015 ], [ 73.674, 17.013 ], [ 73.682, 17.023 ], [ 73.678, 17.035 ], [ 73.686, 17.045 ], [ 73.682, 17.057 ], [ 73.67, 17.059 ], [ 73.666, 17.071 ], [ 73.654, 17.073 ], [ 73.65, 17.085 ], [ 73.637, 17.087 ], [ 73.633, 17.098 ], [ 73.621, 17.1 ], [ 73.617, 17.112 ], [ 73.605, 17.114 ], [ 73.601, 17.126 ], [ 73.589, 17.128 ], [ 73.581, 17.118 ], [ 73.568, 17.12 ], [ 73.56, 17.11 ], [ 73.548, 17.112 ], [ 73.544, 17.124 ], [ 73.532, 17.126 ], [ 73.528, 17.137 ], [ 73.516, 17.139 ], [ 73.508, 17.129 ], [ 73.512, 17.118 ], [ 73.503, 17.108 ], [ 73.507, 17.096 ], [ 73.499, 17.086 ], [ 73.503, 17.074 ], [ 73.495, 17.064 ], [ 73.499, 17.052 ], [ 73.511, 17.05 ], [ 73.515, 17.038 ], [ 73.528, 17.036 ], [ 73.536, 17.046 ], [ 73.548, 17.044 ], [ 73.552, 17.033 ], [ 73.564, 17.031 ], [ 73.572, 17.041 ], [ 73.584, 17.039 ], [ 73.593, 17.049 ], [ 73.605, 17.047 ], [ 73.609, 17.035 ], [ 73.601, 17.025 ], [ 73.588, 17.027 ], [ 73.58, 17.017 ], [ 73.568, 17.019 ], [ 73.56, 17.009 ], [ 73.548, 17.011 ], [ 73.54, 17.001 ], [ 73.527, 17.003 ], [ 73.519, 16.993 ], [ 73.507, 16.995 ], [ 73.503, 17.007 ], [ 73.491, 17.009 ], [ 73.483, 16.999 ], [ 73.471, 17.001 ], [ 73.467, 17.012 ], [ 73.454, 17.014 ], [ 73.45, 17.026 ], [ 73.438, 17.028 ], [ 73.434, 17.04 ], [ 73.442, 17.05 ], [ 73.438, 17.062 ], [ 73.426, 17.064 ], [ 73.422, 17.076 ], [ 73.43, 17.085 ], [ 73.426, 17.097 ], [ 73.435, 17.107 ], [ 73.43, 17.119 ], [ 73.439, 17.129 ], [ 73.435, 17.141 ], [ 73.422, 17.143 ], [ 73.418, 17.155 ], [ 73.427, 17.165 ], [ 73.423, 17.176 ], [ 73.41, 17.178 ], [ 73.402, 17.168 ], [ 73.39, 17.17 ], [ 73.386, 17.182 ], [ 73.374, 17.184 ], [ 73.37, 17.196 ], [ 73.358, 17.198 ], [ 73.354, 17.21 ], [ 73.342, 17.212 ], [ 73.338, 17.223 ], [ 73.325, 17.225 ], [ 73.321, 17.237 ], [ 73.309, 17.239 ], [ 73.305, 17.251 ], [ 73.313, 17.261 ], [ 73.309, 17.273 ], [ 73.297, 17.274 ], [ 73.293, 17.286 ], [ 73.301, 17.296 ], [ 73.314, 17.294 ], [ 73.322, 17.304 ], [ 73.334, 17.302 ], [ 73.342, 17.312 ], [ 73.354, 17.31 ], [ 73.362, 17.32 ], [ 73.374, 17.319 ], [ 73.378, 17.307 ], [ 73.39, 17.305 ], [ 73.395, 17.293 ], [ 73.407, 17.291 ], [ 73.411, 17.279 ], [ 73.423, 17.277 ], [ 73.431, 17.287 ], [ 73.443, 17.285 ], [ 73.451, 17.295 ], [ 73.463, 17.293 ], [ 73.472, 17.303 ], [ 73.484, 17.302 ], [ 73.488, 17.29 ], [ 73.5, 17.288 ], [ 73.504, 17.276 ], [ 73.516, 17.274 ], [ 73.524, 17.284 ], [ 73.536, 17.282 ], [ 73.54, 17.27 ], [ 73.553, 17.268 ], [ 73.557, 17.256 ], [ 73.569, 17.255 ], [ 73.573, 17.243 ], [ 73.565, 17.233 ], [ 73.569, 17.221 ], [ 73.581, 17.219 ], [ 73.585, 17.207 ], [ 73.597, 17.205 ], [ 73.605, 17.215 ], [ 73.601, 17.227 ], [ 73.609, 17.237 ], [ 73.605, 17.249 ], [ 73.593, 17.251 ], [ 73.589, 17.263 ], [ 73.597, 17.273 ], [ 73.593, 17.284 ], [ 73.581, 17.286 ], [ 73.577, 17.298 ], [ 73.565, 17.3 ], [ 73.561, 17.312 ], [ 73.569, 17.322 ], [ 73.581, 17.32 ], [ 73.585, 17.308 ], [ 73.597, 17.306 ], [ 73.606, 17.316 ], [ 73.618, 17.314 ] ], [ [ 73.253, 19.022 ], [ 73.249, 19.033 ], [ 73.257, 19.043 ], [ 73.253, 19.055 ], [ 73.261, 19.065 ], [ 73.273, 19.063 ], [ 73.277, 19.052 ], [ 73.29, 19.05 ], [ 73.294, 19.038 ], [ 73.285, 19.028 ], [ 73.289, 19.017 ], [ 73.302, 19.015 ], [ 73.306, 19.003 ], [ 73.298, 18.993 ], [ 73.302, 18.982 ], [ 73.314, 18.98 ], [ 73.318, 18.968 ], [ 73.31, 18.958 ], [ 73.314, 18.946 ], [ 73.306, 18.936 ], [ 73.293, 18.938 ], [ 73.289, 18.95 ], [ 73.277, 18.952 ], [ 73.269, 18.942 ], [ 73.257, 18.943 ], [ 73.253, 18.955 ], [ 73.24, 18.957 ], [ 73.232, 18.947 ], [ 73.22, 18.949 ], [ 73.216, 18.96 ], [ 73.224, 18.97 ], [ 73.236, 18.968 ], [ 73.245, 18.978 ], [ 73.241, 18.99 ], [ 73.249, 19.0 ], [ 73.261, 18.998 ], [ 73.269, 19.008 ], [ 73.265, 19.02 ], [ 73.253, 19.022 ] ], [ [ 72.947, 18.398 ], [ 72.939, 18.388 ], [ 72.927, 18.39 ], [ 72.923, 18.402 ], [ 72.911, 18.404 ], [ 72.907, 18.415 ], [ 72.915, 18.425 ], [ 72.911, 18.437 ], [ 72.899, 18.439 ], [ 72.895, 18.45 ], [ 72.903, 18.46 ], [ 72.899, 18.472 ], [ 72.907, 18.482 ], [ 72.903, 18.494 ], [ 72.911, 18.504 ], [ 72.907, 18.515 ], [ 72.915, 18.525 ], [ 72.927, 18.524 ], [ 72.936, 18.534 ], [ 72.948, 18.532 ], [ 72.952, 18.52 ], [ 72.964, 18.518 ], [ 72.968, 18.507 ], [ 72.96, 18.497 ], [ 72.964, 18.485 ], [ 72.976, 18.483 ], [ 72.98, 18.472 ], [ 72.972, 18.462 ], [ 72.976, 18.45 ], [ 72.968, 18.44 ], [ 72.972, 18.428 ], [ 72.964, 18.418 ], [ 72.952, 18.42 ], [ 72.943, 18.41 ], [ 72.947, 18.398 ] ], [ [ 73.102, 18.921 ], [ 73.114, 18.919 ], [ 73.118, 18.907 ], [ 73.131, 18.906 ], [ 73.135, 18.894 ], [ 73.147, 18.892 ], [ 73.151, 18.881 ], [ 73.143, 18.871 ], [ 73.131, 18.872 ], [ 73.122, 18.862 ], [ 73.11, 18.864 ], [ 73.106, 18.876 ], [ 73.094, 18.878 ], [ 73.086, 18.868 ], [ 73.074, 18.869 ], [ 73.07, 18.881 ], [ 73.078, 18.891 ], [ 73.09, 18.889 ], [ 73.098, 18.899 ], [ 73.094, 18.911 ], [ 73.102, 18.921 ] ] ] ] } },
{ "type": "Feature", "properties": { "POLYGON.ID": 331.0, "subregion": "IN-MH--Maharashtra--WesternGhats", "FILTER": "Maharashtra", "POLYGON": "IN-MH--Maharashtra--WesternGhats", "STATE": "Maharashtra", "COUNTY": "spl_region", "OWNER": null }, "geometry": { "type": "MultiPolygon", "coordinates": [ [ [ [ 74.375, 16.199 ], [ 74.367, 16.189 ], [ 74.371, 16.177 ], [ 74.363, 16.167 ], [ 74.35, 16.169 ], [ 74.342, 16.159 ], [ 74.33, 16.161 ], [ 74.322, 16.151 ], [ 74.309, 16.153 ], [ 74.301, 16.143 ], [ 74.289, 16.145 ], [ 74.281, 16.135 ], [ 74.268, 16.137 ], [ 74.26, 16.127 ], [ 74.248, 16.129 ], [ 74.24, 16.119 ], [ 74.228, 16.121 ], [ 74.219, 16.112 ], [ 74.223, 16.1 ], [ 74.215, 16.09 ], [ 74.203, 16.092 ], [ 74.199, 16.104 ], [ 74.187, 16.106 ], [ 74.183, 16.118 ], [ 74.17, 16.12 ], [ 74.162, 16.11 ], [ 74.15, 16.112 ], [ 74.146, 16.124 ], [ 74.134, 16.126 ], [ 74.13, 16.138 ], [ 74.138, 16.148 ], [ 74.15, 16.146 ], [ 74.158, 16.156 ], [ 74.171, 16.154 ], [ 74.175, 16.142 ], [ 74.187, 16.14 ], [ 74.195, 16.15 ], [ 74.207, 16.148 ], [ 74.215, 16.157 ], [ 74.228, 16.155 ], [ 74.236, 16.165 ], [ 74.232, 16.177 ], [ 74.24, 16.187 ], [ 74.236, 16.199 ], [ 74.224, 16.201 ], [ 74.22, 16.213 ], [ 74.228, 16.223 ], [ 74.24, 16.221 ], [ 74.249, 16.231 ], [ 74.245, 16.243 ], [ 74.253, 16.253 ], [ 74.265, 16.251 ], [ 74.273, 16.261 ], [ 74.286, 16.259 ], [ 74.294, 16.269 ], [ 74.306, 16.267 ], [ 74.314, 16.277 ], [ 74.326, 16.275 ], [ 74.335, 16.285 ], [ 74.331, 16.297 ], [ 74.339, 16.307 ], [ 74.335, 16.319 ], [ 74.323, 16.321 ], [ 74.319, 16.333 ], [ 74.327, 16.343 ], [ 74.323, 16.355 ], [ 74.331, 16.365 ], [ 74.327, 16.377 ], [ 74.315, 16.379 ], [ 74.307, 16.369 ], [ 74.311, 16.357 ], [ 74.302, 16.347 ], [ 74.306, 16.335 ], [ 74.298, 16.325 ], [ 74.286, 16.327 ], [ 74.278, 16.317 ], [ 74.282, 16.305 ], [ 74.273, 16.295 ], [ 74.261, 16.297 ], [ 74.257, 16.309 ], [ 74.265, 16.319 ], [ 74.261, 16.331 ], [ 74.27, 16.341 ], [ 74.266, 16.353 ], [ 74.274, 16.363 ], [ 74.27, 16.375 ], [ 74.258, 16.377 ], [ 74.249, 16.367 ], [ 74.237, 16.369 ], [ 74.233, 16.381 ], [ 74.221, 16.383 ], [ 74.213, 16.373 ], [ 74.2, 16.375 ], [ 74.192, 16.365 ], [ 74.18, 16.367 ], [ 74.172, 16.357 ], [ 74.159, 16.359 ], [ 74.151, 16.349 ], [ 74.155, 16.337 ], [ 74.147, 16.327 ], [ 74.135, 16.329 ], [ 74.127, 16.319 ], [ 74.114, 16.321 ], [ 74.11, 16.333 ], [ 74.119, 16.343 ], [ 74.115, 16.355 ], [ 74.123, 16.365 ], [ 74.119, 16.377 ], [ 74.127, 16.387 ], [ 74.123, 16.399 ], [ 74.111, 16.401 ], [ 74.107, 16.413 ], [ 74.094, 16.415 ], [ 74.09, 16.427 ], [ 74.099, 16.437 ], [ 74.095, 16.449 ], [ 74.103, 16.459 ], [ 74.099, 16.471 ], [ 74.107, 16.481 ], [ 74.103, 16.493 ], [ 74.111, 16.503 ], [ 74.107, 16.515 ], [ 74.095, 16.517 ], [ 74.091, 16.529 ], [ 74.079, 16.531 ], [ 74.071, 16.521 ], [ 74.058, 16.523 ], [ 74.054, 16.535 ], [ 74.042, 16.537 ], [ 74.034, 16.527 ], [ 74.022, 16.529 ], [ 74.013, 16.519 ], [ 74.001, 16.521 ], [ 73.997, 16.533 ], [ 74.005, 16.543 ], [ 74.018, 16.541 ], [ 74.026, 16.551 ], [ 74.022, 16.563 ], [ 74.03, 16.573 ], [ 74.042, 16.571 ], [ 74.05, 16.581 ], [ 74.063, 16.579 ], [ 74.071, 16.589 ], [ 74.083, 16.587 ], [ 74.091, 16.597 ], [ 74.104, 16.595 ], [ 74.108, 16.583 ], [ 74.12, 16.581 ], [ 74.128, 16.591 ], [ 74.14, 16.589 ], [ 74.144, 16.577 ], [ 74.157, 16.575 ], [ 74.161, 16.563 ], [ 74.173, 16.561 ], [ 74.181, 16.571 ], [ 74.193, 16.569 ], [ 74.201, 16.578 ], [ 74.197, 16.59 ], [ 74.206, 16.6 ], [ 74.202, 16.612 ], [ 74.189, 16.614 ], [ 74.181, 16.604 ], [ 74.169, 16.606 ], [ 74.165, 16.618 ], [ 74.153, 16.62 ], [ 74.149, 16.632 ], [ 74.157, 16.642 ], [ 74.153, 16.654 ], [ 74.141, 16.656 ], [ 74.137, 16.668 ], [ 74.124, 16.67 ], [ 74.12, 16.682 ], [ 74.108, 16.684 ], [ 74.104, 16.696 ], [ 74.112, 16.706 ], [ 74.108, 16.718 ], [ 74.096, 16.72 ], [ 74.092, 16.732 ], [ 74.1, 16.742 ], [ 74.096, 16.754 ], [ 74.084, 16.756 ], [ 74.076, 16.746 ], [ 74.064, 16.748 ], [ 74.059, 16.76 ], [ 74.047, 16.762 ], [ 74.039, 16.752 ], [ 74.027, 16.754 ], [ 74.023, 16.766 ], [ 74.011, 16.768 ], [ 74.002, 16.758 ], [ 73.99, 16.76 ], [ 73.986, 16.772 ], [ 73.974, 16.774 ], [ 73.966, 16.764 ], [ 73.953, 16.766 ], [ 73.949, 16.778 ], [ 73.958, 16.788 ], [ 73.97, 16.786 ], [ 73.978, 16.796 ], [ 73.99, 16.794 ], [ 73.994, 16.782 ], [ 74.007, 16.78 ], [ 74.015, 16.79 ], [ 74.027, 16.788 ], [ 74.031, 16.776 ], [ 74.043, 16.774 ], [ 74.051, 16.784 ], [ 74.064, 16.782 ], [ 74.068, 16.77 ], [ 74.08, 16.768 ], [ 74.088, 16.778 ], [ 74.1, 16.776 ], [ 74.104, 16.764 ], [ 74.117, 16.762 ], [ 74.125, 16.772 ], [ 74.137, 16.77 ], [ 74.141, 16.758 ], [ 74.153, 16.756 ], [ 74.162, 16.766 ], [ 74.174, 16.764 ], [ 74.182, 16.774 ], [ 74.194, 16.772 ], [ 74.198, 16.76 ], [ 74.211, 16.758 ], [ 74.219, 16.768 ], [ 74.231, 16.766 ], [ 74.239, 16.776 ], [ 74.252, 16.774 ], [ 74.26, 16.784 ], [ 74.256, 16.796 ], [ 74.264, 16.806 ], [ 74.26, 16.818 ], [ 74.248, 16.82 ], [ 74.24, 16.81 ], [ 74.227, 16.812 ], [ 74.223, 16.824 ], [ 74.211, 16.826 ], [ 74.207, 16.838 ], [ 74.195, 16.84 ], [ 74.187, 16.83 ], [ 74.174, 16.832 ], [ 74.17, 16.844 ], [ 74.178, 16.853 ], [ 74.191, 16.851 ], [ 74.199, 16.861 ], [ 74.211, 16.859 ], [ 74.219, 16.869 ], [ 74.232, 16.867 ], [ 74.236, 16.855 ], [ 74.248, 16.853 ], [ 74.256, 16.863 ], [ 74.269, 16.861 ], [ 74.273, 16.849 ], [ 74.285, 16.847 ], [ 74.293, 16.857 ], [ 74.305, 16.855 ], [ 74.309, 16.844 ], [ 74.322, 16.842 ], [ 74.33, 16.851 ], [ 74.342, 16.849 ], [ 74.351, 16.859 ], [ 74.363, 16.857 ], [ 74.371, 16.867 ], [ 74.367, 16.879 ], [ 74.375, 16.889 ], [ 74.371, 16.901 ], [ 74.359, 16.903 ], [ 74.355, 16.915 ], [ 74.363, 16.925 ], [ 74.359, 16.937 ], [ 74.367, 16.947 ], [ 74.38, 16.945 ], [ 74.388, 16.955 ], [ 74.384, 16.967 ], [ 74.372, 16.969 ], [ 74.368, 16.981 ], [ 74.355, 16.983 ], [ 74.351, 16.995 ], [ 74.339, 16.997 ], [ 74.331, 16.987 ], [ 74.318, 16.989 ], [ 74.31, 16.979 ], [ 74.298, 16.981 ], [ 74.29, 16.971 ], [ 74.294, 16.959 ], [ 74.285, 16.949 ], [ 74.273, 16.951 ], [ 74.269, 16.963 ], [ 74.257, 16.965 ], [ 74.249, 16.955 ], [ 74.236, 16.957 ], [ 74.228, 16.947 ], [ 74.216, 16.949 ], [ 74.208, 16.939 ], [ 74.195, 16.941 ], [ 74.187, 16.931 ], [ 74.191, 16.919 ], [ 74.183, 16.909 ], [ 74.171, 16.911 ], [ 74.162, 16.901 ], [ 74.15, 16.903 ], [ 74.142, 16.893 ], [ 74.13, 16.895 ], [ 74.121, 16.885 ], [ 74.109, 16.887 ], [ 74.101, 16.877 ], [ 74.089, 16.879 ], [ 74.085, 16.891 ], [ 74.093, 16.901 ], [ 74.089, 16.913 ], [ 74.077, 16.915 ], [ 74.068, 16.905 ], [ 74.056, 16.907 ], [ 74.048, 16.897 ], [ 74.052, 16.885 ], [ 74.044, 16.875 ], [ 74.032, 16.877 ], [ 74.023, 16.867 ], [ 74.011, 16.869 ], [ 74.007, 16.881 ], [ 73.995, 16.883 ], [ 73.991, 16.895 ], [ 73.979, 16.897 ], [ 73.97, 16.887 ], [ 73.958, 16.889 ], [ 73.95, 16.879 ], [ 73.938, 16.881 ], [ 73.929, 16.871 ], [ 73.917, 16.873 ], [ 73.913, 16.885 ], [ 73.901, 16.887 ], [ 73.897, 16.899 ], [ 73.905, 16.909 ], [ 73.901, 16.921 ], [ 73.909, 16.931 ], [ 73.922, 16.929 ], [ 73.93, 16.939 ], [ 73.942, 16.937 ], [ 73.946, 16.925 ], [ 73.958, 16.923 ], [ 73.966, 16.933 ], [ 73.979, 16.931 ], [ 73.987, 16.941 ], [ 73.999, 16.939 ], [ 74.007, 16.949 ], [ 74.003, 16.961 ], [ 74.012, 16.971 ], [ 74.024, 16.969 ], [ 74.032, 16.979 ], [ 74.044, 16.977 ], [ 74.052, 16.987 ], [ 74.065, 16.985 ], [ 74.073, 16.995 ], [ 74.069, 17.007 ], [ 74.057, 17.009 ], [ 74.053, 17.02 ], [ 74.061, 17.03 ], [ 74.073, 17.028 ], [ 74.081, 17.038 ], [ 74.077, 17.05 ], [ 74.086, 17.06 ], [ 74.082, 17.072 ], [ 74.069, 17.074 ], [ 74.061, 17.064 ], [ 74.049, 17.066 ], [ 74.045, 17.078 ], [ 74.053, 17.088 ], [ 74.049, 17.1 ], [ 74.037, 17.102 ], [ 74.033, 17.114 ], [ 74.02, 17.116 ], [ 74.016, 17.128 ], [ 74.025, 17.138 ], [ 74.021, 17.15 ], [ 74.029, 17.16 ], [ 74.041, 17.158 ], [ 74.049, 17.168 ], [ 74.062, 17.166 ], [ 74.07, 17.176 ], [ 74.082, 17.174 ], [ 74.09, 17.184 ], [ 74.103, 17.182 ], [ 74.111, 17.192 ], [ 74.107, 17.203 ], [ 74.115, 17.213 ], [ 74.127, 17.211 ], [ 74.135, 17.221 ], [ 74.148, 17.22 ], [ 74.152, 17.208 ], [ 74.164, 17.206 ], [ 74.172, 17.216 ], [ 74.168, 17.228 ], [ 74.177, 17.237 ], [ 74.172, 17.249 ], [ 74.181, 17.259 ], [ 74.177, 17.271 ], [ 74.185, 17.281 ], [ 74.181, 17.293 ], [ 74.169, 17.295 ], [ 74.165, 17.307 ], [ 74.173, 17.317 ], [ 74.169, 17.329 ], [ 74.177, 17.339 ], [ 74.173, 17.351 ], [ 74.161, 17.353 ], [ 74.157, 17.365 ], [ 74.144, 17.367 ], [ 74.14, 17.378 ], [ 74.128, 17.38 ], [ 74.124, 17.392 ], [ 74.112, 17.394 ], [ 74.104, 17.384 ], [ 74.091, 17.386 ], [ 74.087, 17.398 ], [ 74.075, 17.4 ], [ 74.071, 17.412 ], [ 74.059, 17.414 ], [ 74.055, 17.426 ], [ 74.063, 17.436 ], [ 74.059, 17.448 ], [ 74.067, 17.458 ], [ 74.063, 17.469 ], [ 74.071, 17.479 ], [ 74.067, 17.491 ], [ 74.076, 17.501 ], [ 74.072, 17.513 ], [ 74.059, 17.515 ], [ 74.051, 17.505 ], [ 74.039, 17.507 ], [ 74.031, 17.497 ], [ 74.018, 17.499 ], [ 74.014, 17.511 ], [ 74.002, 17.513 ], [ 73.998, 17.525 ], [ 74.006, 17.535 ], [ 74.002, 17.547 ], [ 74.01, 17.556 ], [ 74.006, 17.568 ], [ 73.994, 17.57 ], [ 73.99, 17.582 ], [ 73.998, 17.592 ], [ 73.994, 17.604 ], [ 73.982, 17.606 ], [ 73.978, 17.618 ], [ 73.986, 17.628 ], [ 73.982, 17.64 ], [ 73.99, 17.65 ], [ 74.003, 17.648 ], [ 74.007, 17.636 ], [ 73.998, 17.626 ], [ 74.002, 17.614 ], [ 74.015, 17.612 ], [ 74.019, 17.6 ], [ 74.031, 17.598 ], [ 74.035, 17.586 ], [ 74.047, 17.584 ], [ 74.051, 17.573 ], [ 74.064, 17.571 ], [ 74.068, 17.559 ], [ 74.08, 17.557 ], [ 74.088, 17.567 ], [ 74.1, 17.565 ], [ 74.109, 17.575 ], [ 74.105, 17.587 ], [ 74.092, 17.589 ], [ 74.088, 17.601 ], [ 74.097, 17.611 ], [ 74.093, 17.622 ], [ 74.08, 17.624 ], [ 74.076, 17.636 ], [ 74.064, 17.638 ], [ 74.06, 17.65 ], [ 74.048, 17.652 ], [ 74.044, 17.664 ], [ 74.031, 17.666 ], [ 74.027, 17.678 ], [ 74.015, 17.679 ], [ 74.011, 17.691 ], [ 73.999, 17.693 ], [ 73.995, 17.705 ], [ 73.982, 17.707 ], [ 73.978, 17.719 ], [ 73.966, 17.721 ], [ 73.962, 17.733 ], [ 73.97, 17.743 ], [ 73.983, 17.741 ], [ 73.987, 17.729 ], [ 73.999, 17.727 ], [ 74.007, 17.737 ], [ 74.019, 17.735 ], [ 74.028, 17.745 ], [ 74.024, 17.757 ], [ 74.011, 17.759 ], [ 74.007, 17.771 ], [ 73.995, 17.772 ], [ 73.991, 17.784 ], [ 73.979, 17.786 ], [ 73.975, 17.798 ], [ 73.962, 17.8 ], [ 73.958, 17.812 ], [ 73.946, 17.814 ], [ 73.938, 17.804 ], [ 73.926, 17.806 ], [ 73.922, 17.817 ], [ 73.909, 17.819 ], [ 73.905, 17.831 ], [ 73.914, 17.841 ], [ 73.926, 17.839 ], [ 73.934, 17.849 ], [ 73.946, 17.847 ], [ 73.955, 17.857 ], [ 73.967, 17.855 ], [ 73.975, 17.865 ], [ 73.971, 17.877 ], [ 73.979, 17.887 ], [ 73.992, 17.885 ], [ 73.996, 17.873 ], [ 74.008, 17.872 ], [ 74.012, 17.86 ], [ 74.004, 17.85 ], [ 74.008, 17.838 ], [ 73.999, 17.828 ], [ 74.003, 17.816 ], [ 74.016, 17.814 ], [ 74.02, 17.802 ], [ 74.032, 17.8 ], [ 74.036, 17.789 ], [ 74.048, 17.787 ], [ 74.057, 17.797 ], [ 74.069, 17.795 ], [ 74.077, 17.805 ], [ 74.073, 17.817 ], [ 74.081, 17.827 ], [ 74.094, 17.825 ], [ 74.102, 17.835 ], [ 74.098, 17.847 ], [ 74.086, 17.848 ], [ 74.082, 17.86 ], [ 74.09, 17.87 ], [ 74.086, 17.882 ], [ 74.073, 17.884 ], [ 74.069, 17.896 ], [ 74.057, 17.898 ], [ 74.053, 17.91 ], [ 74.061, 17.92 ], [ 74.057, 17.931 ], [ 74.045, 17.933 ], [ 74.041, 17.945 ], [ 74.049, 17.955 ], [ 74.045, 17.967 ], [ 74.053, 17.977 ], [ 74.066, 17.975 ], [ 74.07, 17.963 ], [ 74.082, 17.961 ], [ 74.086, 17.95 ], [ 74.098, 17.948 ], [ 74.102, 17.936 ], [ 74.115, 17.934 ], [ 74.123, 17.944 ], [ 74.135, 17.942 ], [ 74.144, 17.952 ], [ 74.139, 17.964 ], [ 74.148, 17.974 ], [ 74.144, 17.986 ], [ 74.131, 17.988 ], [ 74.127, 17.999 ], [ 74.115, 18.001 ], [ 74.107, 17.991 ], [ 74.095, 17.993 ], [ 74.09, 18.005 ], [ 74.099, 18.015 ], [ 74.095, 18.027 ], [ 74.082, 18.029 ], [ 74.074, 18.019 ], [ 74.062, 18.021 ], [ 74.058, 18.032 ], [ 74.046, 18.034 ], [ 74.041, 18.046 ], [ 74.029, 18.048 ], [ 74.021, 18.038 ], [ 74.009, 18.04 ], [ 74.005, 18.052 ], [ 73.992, 18.054 ], [ 73.984, 18.044 ], [ 73.972, 18.046 ], [ 73.968, 18.057 ], [ 73.956, 18.059 ], [ 73.947, 18.049 ], [ 73.935, 18.051 ], [ 73.931, 18.063 ], [ 73.919, 18.065 ], [ 73.915, 18.077 ], [ 73.902, 18.078 ], [ 73.898, 18.09 ], [ 73.907, 18.1 ], [ 73.919, 18.098 ], [ 73.927, 18.108 ], [ 73.923, 18.12 ], [ 73.931, 18.13 ], [ 73.944, 18.128 ], [ 73.952, 18.138 ], [ 73.948, 18.15 ], [ 73.935, 18.152 ], [ 73.931, 18.164 ], [ 73.919, 18.166 ], [ 73.911, 18.156 ], [ 73.899, 18.158 ], [ 73.89, 18.148 ], [ 73.894, 18.136 ], [ 73.886, 18.126 ], [ 73.89, 18.114 ], [ 73.882, 18.104 ], [ 73.87, 18.106 ], [ 73.862, 18.096 ], [ 73.866, 18.084 ], [ 73.878, 18.082 ], [ 73.882, 18.07 ], [ 73.874, 18.06 ], [ 73.861, 18.062 ], [ 73.853, 18.052 ], [ 73.857, 18.04 ], [ 73.849, 18.03 ], [ 73.837, 18.032 ], [ 73.829, 18.022 ], [ 73.816, 18.024 ], [ 73.812, 18.036 ], [ 73.8, 18.038 ], [ 73.792, 18.028 ], [ 73.78, 18.03 ], [ 73.771, 18.02 ], [ 73.759, 18.022 ], [ 73.755, 18.033 ], [ 73.743, 18.035 ], [ 73.735, 18.025 ], [ 73.722, 18.027 ], [ 73.718, 18.039 ], [ 73.706, 18.041 ], [ 73.698, 18.031 ], [ 73.686, 18.033 ], [ 73.682, 18.045 ], [ 73.669, 18.046 ], [ 73.661, 18.036 ], [ 73.649, 18.038 ], [ 73.645, 18.05 ], [ 73.633, 18.052 ], [ 73.629, 18.064 ], [ 73.616, 18.066 ], [ 73.612, 18.077 ], [ 73.6, 18.079 ], [ 73.596, 18.091 ], [ 73.604, 18.101 ], [ 73.6, 18.113 ], [ 73.609, 18.123 ], [ 73.604, 18.134 ], [ 73.613, 18.144 ], [ 73.625, 18.143 ], [ 73.633, 18.153 ], [ 73.629, 18.164 ], [ 73.617, 18.166 ], [ 73.613, 18.178 ], [ 73.601, 18.18 ], [ 73.592, 18.17 ], [ 73.58, 18.172 ], [ 73.576, 18.183 ], [ 73.564, 18.185 ], [ 73.556, 18.175 ], [ 73.544, 18.177 ], [ 73.539, 18.189 ], [ 73.527, 18.191 ], [ 73.523, 18.202 ], [ 73.511, 18.204 ], [ 73.507, 18.216 ], [ 73.515, 18.226 ], [ 73.511, 18.238 ], [ 73.499, 18.24 ], [ 73.491, 18.23 ], [ 73.479, 18.231 ], [ 73.475, 18.243 ], [ 73.462, 18.245 ], [ 73.458, 18.257 ], [ 73.446, 18.259 ], [ 73.442, 18.27 ], [ 73.43, 18.272 ], [ 73.426, 18.284 ], [ 73.414, 18.286 ], [ 73.405, 18.276 ], [ 73.393, 18.278 ], [ 73.389, 18.289 ], [ 73.397, 18.299 ], [ 73.41, 18.298 ], [ 73.418, 18.307 ], [ 73.414, 18.319 ], [ 73.402, 18.321 ], [ 73.393, 18.311 ], [ 73.381, 18.313 ], [ 73.377, 18.325 ], [ 73.365, 18.326 ], [ 73.361, 18.338 ], [ 73.369, 18.348 ], [ 73.365, 18.36 ], [ 73.353, 18.362 ], [ 73.349, 18.373 ], [ 73.357, 18.383 ], [ 73.369, 18.382 ], [ 73.377, 18.392 ], [ 73.373, 18.403 ], [ 73.381, 18.413 ], [ 73.377, 18.425 ], [ 73.386, 18.435 ], [ 73.382, 18.447 ], [ 73.369, 18.448 ], [ 73.365, 18.46 ], [ 73.373, 18.47 ], [ 73.369, 18.482 ], [ 73.357, 18.484 ], [ 73.353, 18.495 ], [ 73.361, 18.505 ], [ 73.357, 18.517 ], [ 73.345, 18.519 ], [ 73.341, 18.531 ], [ 73.329, 18.532 ], [ 73.325, 18.544 ], [ 73.333, 18.554 ], [ 73.329, 18.566 ], [ 73.317, 18.568 ], [ 73.313, 18.579 ], [ 73.321, 18.589 ], [ 73.317, 18.601 ], [ 73.325, 18.611 ], [ 73.337, 18.609 ], [ 73.345, 18.619 ], [ 73.341, 18.631 ], [ 73.35, 18.641 ], [ 73.362, 18.639 ], [ 73.37, 18.649 ], [ 73.366, 18.661 ], [ 73.374, 18.671 ], [ 73.37, 18.682 ], [ 73.358, 18.684 ], [ 73.354, 18.696 ], [ 73.342, 18.698 ], [ 73.337, 18.709 ], [ 73.346, 18.719 ], [ 73.342, 18.731 ], [ 73.35, 18.741 ], [ 73.346, 18.753 ], [ 73.354, 18.763 ], [ 73.366, 18.761 ], [ 73.374, 18.771 ], [ 73.37, 18.783 ], [ 73.378, 18.793 ], [ 73.374, 18.804 ], [ 73.383, 18.814 ], [ 73.379, 18.826 ], [ 73.387, 18.836 ], [ 73.383, 18.848 ], [ 73.391, 18.858 ], [ 73.403, 18.856 ], [ 73.411, 18.866 ], [ 73.407, 18.878 ], [ 73.415, 18.887 ], [ 73.428, 18.886 ], [ 73.436, 18.896 ], [ 73.432, 18.907 ], [ 73.44, 18.917 ], [ 73.436, 18.929 ], [ 73.444, 18.939 ], [ 73.44, 18.951 ], [ 73.448, 18.961 ], [ 73.46, 18.959 ], [ 73.469, 18.969 ], [ 73.465, 18.981 ], [ 73.473, 18.991 ], [ 73.485, 18.989 ], [ 73.489, 18.977 ], [ 73.501, 18.975 ], [ 73.51, 18.985 ], [ 73.522, 18.984 ], [ 73.53, 18.994 ], [ 73.526, 19.005 ], [ 73.534, 19.015 ], [ 73.53, 19.027 ], [ 73.538, 19.037 ], [ 73.534, 19.049 ], [ 73.522, 19.05 ], [ 73.518, 19.062 ], [ 73.526, 19.072 ], [ 73.522, 19.084 ], [ 73.51, 19.086 ], [ 73.506, 19.097 ], [ 73.514, 19.107 ], [ 73.526, 19.105 ], [ 73.534, 19.115 ], [ 73.53, 19.127 ], [ 73.539, 19.137 ], [ 73.535, 19.149 ], [ 73.543, 19.159 ], [ 73.539, 19.17 ], [ 73.547, 19.18 ], [ 73.559, 19.179 ], [ 73.567, 19.189 ], [ 73.58, 19.187 ], [ 73.588, 19.197 ], [ 73.6, 19.195 ], [ 73.608, 19.205 ], [ 73.621, 19.203 ], [ 73.629, 19.213 ], [ 73.625, 19.225 ], [ 73.633, 19.235 ], [ 73.645, 19.233 ], [ 73.654, 19.243 ], [ 73.666, 19.242 ], [ 73.674, 19.252 ], [ 73.686, 19.25 ], [ 73.695, 19.26 ], [ 73.69, 19.271 ], [ 73.678, 19.273 ], [ 73.674, 19.285 ], [ 73.662, 19.287 ], [ 73.658, 19.298 ], [ 73.646, 19.3 ], [ 73.637, 19.29 ], [ 73.641, 19.278 ], [ 73.633, 19.268 ], [ 73.637, 19.257 ], [ 73.629, 19.247 ], [ 73.617, 19.248 ], [ 73.608, 19.239 ], [ 73.596, 19.24 ], [ 73.588, 19.23 ], [ 73.576, 19.232 ], [ 73.568, 19.222 ], [ 73.555, 19.224 ], [ 73.547, 19.214 ], [ 73.535, 19.216 ], [ 73.527, 19.206 ], [ 73.514, 19.207 ], [ 73.506, 19.197 ], [ 73.51, 19.186 ], [ 73.502, 19.176 ], [ 73.506, 19.164 ], [ 73.498, 19.154 ], [ 73.502, 19.142 ], [ 73.494, 19.132 ], [ 73.498, 19.121 ], [ 73.489, 19.111 ], [ 73.494, 19.099 ], [ 73.485, 19.089 ], [ 73.489, 19.077 ], [ 73.481, 19.067 ], [ 73.485, 19.056 ], [ 73.477, 19.046 ], [ 73.481, 19.034 ], [ 73.473, 19.024 ], [ 73.477, 19.012 ], [ 73.469, 19.002 ], [ 73.457, 19.004 ], [ 73.448, 18.994 ], [ 73.452, 18.982 ], [ 73.444, 18.972 ], [ 73.432, 18.974 ], [ 73.424, 18.964 ], [ 73.428, 18.952 ], [ 73.42, 18.943 ], [ 73.407, 18.944 ], [ 73.399, 18.934 ], [ 73.387, 18.936 ], [ 73.379, 18.926 ], [ 73.367, 18.928 ], [ 73.358, 18.918 ], [ 73.362, 18.906 ], [ 73.354, 18.896 ], [ 73.342, 18.898 ], [ 73.334, 18.888 ], [ 73.322, 18.89 ], [ 73.318, 18.901 ], [ 73.305, 18.903 ], [ 73.297, 18.893 ], [ 73.285, 18.895 ], [ 73.277, 18.885 ], [ 73.265, 18.887 ], [ 73.257, 18.877 ], [ 73.244, 18.878 ], [ 73.236, 18.868 ], [ 73.224, 18.87 ], [ 73.216, 18.86 ], [ 73.204, 18.862 ], [ 73.2, 18.874 ], [ 73.187, 18.875 ], [ 73.179, 18.865 ], [ 73.167, 18.867 ], [ 73.159, 18.857 ], [ 73.147, 18.859 ], [ 73.139, 18.849 ], [ 73.126, 18.851 ], [ 73.118, 18.841 ], [ 73.122, 18.829 ], [ 73.114, 18.819 ], [ 73.118, 18.807 ], [ 73.11, 18.797 ], [ 73.114, 18.786 ], [ 73.106, 18.776 ], [ 73.11, 18.764 ], [ 73.102, 18.754 ], [ 73.09, 18.756 ], [ 73.082, 18.746 ], [ 73.086, 18.734 ], [ 73.078, 18.724 ], [ 73.082, 18.713 ], [ 73.073, 18.703 ], [ 73.061, 18.704 ], [ 73.053, 18.694 ], [ 73.057, 18.683 ], [ 73.069, 18.681 ], [ 73.073, 18.669 ], [ 73.086, 18.668 ], [ 73.09, 18.656 ], [ 73.102, 18.654 ], [ 73.106, 18.642 ], [ 73.118, 18.641 ], [ 73.122, 18.629 ], [ 73.134, 18.627 ], [ 73.138, 18.616 ], [ 73.13, 18.606 ], [ 73.134, 18.594 ], [ 73.126, 18.584 ], [ 73.13, 18.572 ], [ 73.122, 18.562 ], [ 73.11, 18.564 ], [ 73.106, 18.576 ], [ 73.094, 18.578 ], [ 73.089, 18.589 ], [ 73.098, 18.599 ], [ 73.094, 18.611 ], [ 73.081, 18.613 ], [ 73.077, 18.624 ], [ 73.065, 18.626 ], [ 73.057, 18.616 ], [ 73.045, 18.618 ], [ 73.041, 18.63 ], [ 73.029, 18.631 ], [ 73.025, 18.643 ], [ 73.013, 18.645 ], [ 73.009, 18.656 ], [ 72.996, 18.658 ], [ 72.992, 18.67 ], [ 72.98, 18.672 ], [ 72.976, 18.683 ], [ 72.964, 18.685 ], [ 72.96, 18.697 ], [ 72.948, 18.698 ], [ 72.944, 18.71 ], [ 72.952, 18.72 ], [ 72.948, 18.732 ], [ 72.936, 18.733 ], [ 72.932, 18.745 ], [ 72.94, 18.755 ], [ 72.936, 18.767 ], [ 72.924, 18.768 ], [ 72.916, 18.758 ], [ 72.903, 18.76 ], [ 72.895, 18.75 ], [ 72.899, 18.739 ], [ 72.891, 18.729 ], [ 72.895, 18.717 ], [ 72.887, 18.707 ], [ 72.891, 18.695 ], [ 72.903, 18.694 ], [ 72.907, 18.682 ], [ 72.899, 18.672 ], [ 72.903, 18.66 ], [ 72.895, 18.65 ], [ 72.899, 18.639 ], [ 72.911, 18.637 ], [ 72.915, 18.625 ], [ 72.928, 18.624 ], [ 72.932, 18.612 ], [ 72.944, 18.61 ], [ 72.952, 18.62 ], [ 72.964, 18.618 ], [ 72.968, 18.607 ], [ 72.98, 18.605 ], [ 72.984, 18.593 ], [ 72.996, 18.591 ], [ 73.0, 18.58 ], [ 72.992, 18.57 ], [ 72.996, 18.558 ], [ 73.008, 18.556 ], [ 73.012, 18.545 ], [ 73.004, 18.535 ], [ 73.008, 18.523 ], [ 73.0, 18.513 ], [ 73.004, 18.501 ], [ 73.016, 18.5 ], [ 73.02, 18.488 ], [ 73.033, 18.486 ], [ 73.037, 18.474 ], [ 73.049, 18.473 ], [ 73.057, 18.483 ], [ 73.069, 18.481 ], [ 73.073, 18.469 ], [ 73.085, 18.467 ], [ 73.093, 18.477 ], [ 73.105, 18.476 ], [ 73.11, 18.464 ], [ 73.122, 18.462 ], [ 73.126, 18.45 ], [ 73.138, 18.449 ], [ 73.142, 18.437 ], [ 73.154, 18.435 ], [ 73.158, 18.424 ], [ 73.17, 18.422 ], [ 73.174, 18.41 ], [ 73.186, 18.408 ], [ 73.195, 18.418 ], [ 73.207, 18.416 ], [ 73.211, 18.405 ], [ 73.223, 18.403 ], [ 73.227, 18.391 ], [ 73.219, 18.381 ], [ 73.223, 18.37 ], [ 73.235, 18.368 ], [ 73.239, 18.356 ], [ 73.231, 18.346 ], [ 73.235, 18.334 ], [ 73.247, 18.333 ], [ 73.251, 18.321 ], [ 73.263, 18.319 ], [ 73.267, 18.307 ], [ 73.259, 18.297 ], [ 73.263, 18.286 ], [ 73.255, 18.276 ], [ 73.259, 18.264 ], [ 73.271, 18.262 ], [ 73.275, 18.25 ], [ 73.267, 18.24 ], [ 73.271, 18.229 ], [ 73.283, 18.227 ], [ 73.287, 18.215 ], [ 73.279, 18.205 ], [ 73.283, 18.193 ], [ 73.296, 18.192 ], [ 73.3, 18.18 ], [ 73.291, 18.17 ], [ 73.295, 18.158 ], [ 73.308, 18.156 ], [ 73.312, 18.145 ], [ 73.303, 18.135 ], [ 73.308, 18.123 ], [ 73.32, 18.121 ], [ 73.324, 18.109 ], [ 73.336, 18.107 ], [ 73.34, 18.096 ], [ 73.332, 18.086 ], [ 73.32, 18.088 ], [ 73.311, 18.078 ], [ 73.315, 18.066 ], [ 73.307, 18.056 ], [ 73.311, 18.044 ], [ 73.303, 18.034 ], [ 73.307, 18.022 ], [ 73.299, 18.012 ], [ 73.303, 18.001 ], [ 73.295, 17.991 ], [ 73.299, 17.979 ], [ 73.311, 17.977 ], [ 73.315, 17.965 ], [ 73.327, 17.964 ], [ 73.331, 17.952 ], [ 73.344, 17.95 ], [ 73.348, 17.938 ], [ 73.339, 17.928 ], [ 73.344, 17.916 ], [ 73.335, 17.906 ], [ 73.339, 17.895 ], [ 73.331, 17.885 ], [ 73.335, 17.873 ], [ 73.327, 17.863 ], [ 73.331, 17.851 ], [ 73.343, 17.849 ], [ 73.347, 17.838 ], [ 73.339, 17.828 ], [ 73.343, 17.816 ], [ 73.335, 17.806 ], [ 73.339, 17.794 ], [ 73.351, 17.792 ], [ 73.355, 17.78 ], [ 73.367, 17.779 ], [ 73.372, 17.767 ], [ 73.384, 17.765 ], [ 73.392, 17.775 ], [ 73.404, 17.773 ], [ 73.408, 17.761 ], [ 73.42, 17.759 ], [ 73.424, 17.748 ], [ 73.416, 17.738 ], [ 73.42, 17.726 ], [ 73.412, 17.716 ], [ 73.4, 17.718 ], [ 73.392, 17.708 ], [ 73.396, 17.696 ], [ 73.388, 17.686 ], [ 73.375, 17.688 ], [ 73.367, 17.678 ], [ 73.355, 17.68 ], [ 73.347, 17.67 ], [ 73.351, 17.658 ], [ 73.343, 17.648 ], [ 73.331, 17.65 ], [ 73.322, 17.64 ], [ 73.31, 17.642 ], [ 73.302, 17.632 ], [ 73.29, 17.634 ], [ 73.286, 17.646 ], [ 73.274, 17.647 ], [ 73.27, 17.659 ], [ 73.258, 17.661 ], [ 73.254, 17.673 ], [ 73.242, 17.675 ], [ 73.238, 17.686 ], [ 73.225, 17.688 ], [ 73.217, 17.678 ], [ 73.221, 17.667 ], [ 73.213, 17.657 ], [ 73.217, 17.645 ], [ 73.229, 17.643 ], [ 73.233, 17.631 ], [ 73.225, 17.621 ], [ 73.213, 17.623 ], [ 73.205, 17.613 ], [ 73.209, 17.601 ], [ 73.201, 17.591 ], [ 73.205, 17.58 ], [ 73.217, 17.578 ], [ 73.221, 17.566 ], [ 73.233, 17.564 ], [ 73.241, 17.574 ], [ 73.253, 17.572 ], [ 73.257, 17.56 ], [ 73.27, 17.559 ], [ 73.278, 17.569 ], [ 73.29, 17.567 ], [ 73.294, 17.555 ], [ 73.286, 17.545 ], [ 73.29, 17.533 ], [ 73.302, 17.531 ], [ 73.306, 17.519 ], [ 73.318, 17.518 ], [ 73.326, 17.528 ], [ 73.338, 17.526 ], [ 73.342, 17.514 ], [ 73.355, 17.512 ], [ 73.363, 17.522 ], [ 73.375, 17.52 ], [ 73.383, 17.53 ], [ 73.395, 17.528 ], [ 73.403, 17.538 ], [ 73.415, 17.536 ], [ 73.424, 17.546 ], [ 73.436, 17.544 ], [ 73.444, 17.554 ], [ 73.456, 17.552 ], [ 73.46, 17.541 ], [ 73.472, 17.539 ], [ 73.48, 17.549 ], [ 73.493, 17.547 ], [ 73.497, 17.535 ], [ 73.489, 17.525 ], [ 73.493, 17.513 ], [ 73.484, 17.503 ], [ 73.488, 17.491 ], [ 73.501, 17.49 ], [ 73.505, 17.478 ], [ 73.496, 17.468 ], [ 73.5, 17.456 ], [ 73.513, 17.454 ], [ 73.517, 17.442 ], [ 73.529, 17.44 ], [ 73.533, 17.428 ], [ 73.545, 17.427 ], [ 73.549, 17.415 ], [ 73.541, 17.405 ], [ 73.545, 17.393 ], [ 73.557, 17.391 ], [ 73.561, 17.379 ], [ 73.573, 17.377 ], [ 73.577, 17.365 ], [ 73.59, 17.364 ], [ 73.594, 17.352 ], [ 73.606, 17.35 ], [ 73.61, 17.338 ], [ 73.622, 17.336 ], [ 73.626, 17.324 ], [ 73.618, 17.314 ], [ 73.606, 17.316 ], [ 73.597, 17.306 ], [ 73.585, 17.308 ], [ 73.581, 17.32 ], [ 73.569, 17.322 ], [ 73.561, 17.312 ], [ 73.565, 17.3 ], [ 73.577, 17.298 ], [ 73.581, 17.286 ], [ 73.593, 17.284 ], [ 73.597, 17.273 ], [ 73.589, 17.263 ], [ 73.593, 17.251 ], [ 73.605, 17.249 ], [ 73.609, 17.237 ], [ 73.601, 17.227 ], [ 73.605, 17.215 ], [ 73.597, 17.205 ], [ 73.585, 17.207 ], [ 73.581, 17.219 ], [ 73.569, 17.221 ], [ 73.565, 17.233 ], [ 73.573, 17.243 ], [ 73.569, 17.255 ], [ 73.557, 17.256 ], [ 73.553, 17.268 ], [ 73.54, 17.27 ], [ 73.536, 17.282 ], [ 73.524, 17.284 ], [ 73.516, 17.274 ], [ 73.504, 17.276 ], [ 73.5, 17.288 ], [ 73.488, 17.29 ], [ 73.484, 17.302 ], [ 73.472, 17.303 ], [ 73.463, 17.293 ], [ 73.451, 17.295 ], [ 73.443, 17.285 ], [ 73.431, 17.287 ], [ 73.423, 17.277 ], [ 73.411, 17.279 ], [ 73.407, 17.291 ], [ 73.395, 17.293 ], [ 73.39, 17.305 ], [ 73.378, 17.307 ], [ 73.374, 17.319 ], [ 73.362, 17.32 ], [ 73.354, 17.31 ], [ 73.342, 17.312 ], [ 73.334, 17.302 ], [ 73.322, 17.304 ], [ 73.314, 17.294 ], [ 73.301, 17.296 ], [ 73.293, 17.286 ], [ 73.297, 17.274 ], [ 73.309, 17.273 ], [ 73.313, 17.261 ], [ 73.305, 17.251 ], [ 73.309, 17.239 ], [ 73.321, 17.237 ], [ 73.325, 17.225 ], [ 73.338, 17.223 ], [ 73.342, 17.212 ], [ 73.354, 17.21 ], [ 73.358, 17.198 ], [ 73.37, 17.196 ], [ 73.374, 17.184 ], [ 73.386, 17.182 ], [ 73.39, 17.17 ], [ 73.402, 17.168 ], [ 73.41, 17.178 ], [ 73.423, 17.176 ], [ 73.427, 17.165 ], [ 73.418, 17.155 ], [ 73.422, 17.143 ], [ 73.435, 17.141 ], [ 73.439, 17.129 ], [ 73.43, 17.119 ], [ 73.435, 17.107 ], [ 73.426, 17.097 ], [ 73.43, 17.085 ], [ 73.422, 17.076 ], [ 73.426, 17.064 ], [ 73.438, 17.062 ], [ 73.442, 17.05 ], [ 73.434, 17.04 ], [ 73.438, 17.028 ], [ 73.45, 17.026 ], [ 73.454, 17.014 ], [ 73.467, 17.012 ], [ 73.471, 17.001 ], [ 73.483, 16.999 ], [ 73.491, 17.009 ], [ 73.503, 17.007 ], [ 73.507, 16.995 ], [ 73.519, 16.993 ], [ 73.527, 17.003 ], [ 73.54, 17.001 ], [ 73.548, 17.011 ], [ 73.56, 17.009 ], [ 73.568, 17.019 ], [ 73.58, 17.017 ], [ 73.588, 17.027 ], [ 73.601, 17.025 ], [ 73.609, 17.035 ], [ 73.605, 17.047 ], [ 73.593, 17.049 ], [ 73.584, 17.039 ], [ 73.572, 17.041 ], [ 73.564, 17.031 ], [ 73.552, 17.033 ], [ 73.548, 17.044 ], [ 73.536, 17.046 ], [ 73.528, 17.036 ], [ 73.515, 17.038 ], [ 73.511, 17.05 ], [ 73.499, 17.052 ], [ 73.495, 17.064 ], [ 73.503, 17.074 ], [ 73.499, 17.086 ], [ 73.507, 17.096 ], [ 73.503, 17.108 ], [ 73.512, 17.118 ], [ 73.508, 17.129 ], [ 73.516, 17.139 ], [ 73.528, 17.137 ], [ 73.532, 17.126 ], [ 73.544, 17.124 ], [ 73.548, 17.112 ], [ 73.56, 17.11 ], [ 73.568, 17.12 ], [ 73.581, 17.118 ], [ 73.589, 17.128 ], [ 73.601, 17.126 ], [ 73.605, 17.114 ], [ 73.617, 17.112 ], [ 73.621, 17.1 ], [ 73.633, 17.098 ], [ 73.637, 17.087 ], [ 73.65, 17.085 ], [ 73.654, 17.073 ], [ 73.666, 17.071 ], [ 73.67, 17.059 ], [ 73.682, 17.057 ], [ 73.686, 17.045 ], [ 73.678, 17.035 ], [ 73.682, 17.023 ], [ 73.674, 17.013 ], [ 73.661, 17.015 ], [ 73.653, 17.005 ], [ 73.657, 16.993 ], [ 73.649, 16.983 ], [ 73.637, 16.985 ], [ 73.629, 16.975 ], [ 73.617, 16.977 ], [ 73.608, 16.967 ], [ 73.596, 16.969 ], [ 73.588, 16.959 ], [ 73.592, 16.948 ], [ 73.604, 16.946 ], [ 73.612, 16.956 ], [ 73.625, 16.954 ], [ 73.633, 16.964 ], [ 73.645, 16.962 ], [ 73.649, 16.95 ], [ 73.661, 16.948 ], [ 73.665, 16.936 ], [ 73.657, 16.926 ], [ 73.661, 16.914 ], [ 73.653, 16.904 ], [ 73.657, 16.892 ], [ 73.669, 16.89 ], [ 73.673, 16.878 ], [ 73.665, 16.868 ], [ 73.669, 16.857 ], [ 73.661, 16.847 ], [ 73.665, 16.835 ], [ 73.657, 16.825 ], [ 73.661, 16.813 ], [ 73.653, 16.803 ], [ 73.657, 16.791 ], [ 73.648, 16.781 ], [ 73.652, 16.769 ], [ 73.665, 16.767 ], [ 73.673, 16.777 ], [ 73.685, 16.775 ], [ 73.689, 16.763 ], [ 73.701, 16.761 ], [ 73.705, 16.749 ], [ 73.717, 16.748 ], [ 73.721, 16.736 ], [ 73.734, 16.734 ], [ 73.738, 16.722 ], [ 73.75, 16.72 ], [ 73.758, 16.73 ], [ 73.77, 16.728 ], [ 73.774, 16.716 ], [ 73.766, 16.706 ], [ 73.77, 16.694 ], [ 73.782, 16.692 ], [ 73.786, 16.68 ], [ 73.798, 16.678 ], [ 73.802, 16.666 ], [ 73.794, 16.656 ], [ 73.782, 16.658 ], [ 73.774, 16.648 ], [ 73.778, 16.636 ], [ 73.77, 16.626 ], [ 73.774, 16.614 ], [ 73.786, 16.613 ], [ 73.79, 16.601 ], [ 73.802, 16.599 ], [ 73.806, 16.587 ], [ 73.798, 16.577 ], [ 73.802, 16.565 ], [ 73.794, 16.555 ], [ 73.798, 16.543 ], [ 73.79, 16.533 ], [ 73.794, 16.521 ], [ 73.785, 16.511 ], [ 73.789, 16.499 ], [ 73.781, 16.489 ], [ 73.785, 16.477 ], [ 73.777, 16.467 ], [ 73.781, 16.455 ], [ 73.773, 16.445 ], [ 73.777, 16.434 ], [ 73.789, 16.432 ], [ 73.793, 16.42 ], [ 73.785, 16.41 ], [ 73.789, 16.398 ], [ 73.801, 16.396 ], [ 73.805, 16.384 ], [ 73.797, 16.374 ], [ 73.801, 16.362 ], [ 73.793, 16.352 ], [ 73.797, 16.34 ], [ 73.789, 16.33 ], [ 73.793, 16.318 ], [ 73.785, 16.308 ], [ 73.789, 16.296 ], [ 73.801, 16.294 ], [ 73.805, 16.282 ], [ 73.817, 16.28 ], [ 73.821, 16.268 ], [ 73.833, 16.266 ], [ 73.837, 16.254 ], [ 73.849, 16.252 ], [ 73.853, 16.24 ], [ 73.845, 16.23 ], [ 73.849, 16.219 ], [ 73.841, 16.209 ], [ 73.845, 16.197 ], [ 73.837, 16.187 ], [ 73.825, 16.189 ], [ 73.821, 16.201 ], [ 73.809, 16.203 ], [ 73.8, 16.193 ], [ 73.804, 16.181 ], [ 73.796, 16.171 ], [ 73.8, 16.159 ], [ 73.792, 16.149 ], [ 73.78, 16.151 ], [ 73.772, 16.141 ], [ 73.76, 16.143 ], [ 73.751, 16.133 ], [ 73.755, 16.121 ], [ 73.768, 16.119 ], [ 73.772, 16.107 ], [ 73.763, 16.097 ], [ 73.767, 16.085 ], [ 73.78, 16.083 ], [ 73.784, 16.071 ], [ 73.796, 16.069 ], [ 73.8, 16.057 ], [ 73.812, 16.055 ], [ 73.816, 16.043 ], [ 73.808, 16.033 ], [ 73.812, 16.021 ], [ 73.824, 16.019 ], [ 73.828, 16.007 ], [ 73.82, 15.997 ], [ 73.808, 16.0 ], [ 73.8, 15.99 ], [ 73.804, 15.978 ], [ 73.795, 15.968 ], [ 73.783, 15.97 ], [ 73.775, 15.96 ], [ 73.779, 15.948 ], [ 73.771, 15.938 ], [ 73.759, 15.94 ], [ 73.751, 15.93 ], [ 73.755, 15.918 ], [ 73.767, 15.916 ], [ 73.771, 15.904 ], [ 73.763, 15.894 ], [ 73.767, 15.882 ], [ 73.779, 15.88 ], [ 73.783, 15.868 ], [ 73.795, 15.866 ], [ 73.799, 15.854 ], [ 73.811, 15.852 ], [ 73.819, 15.862 ], [ 73.815, 15.874 ], [ 73.823, 15.884 ], [ 73.836, 15.882 ], [ 73.844, 15.892 ], [ 73.84, 15.904 ], [ 73.828, 15.906 ], [ 73.824, 15.918 ], [ 73.832, 15.928 ], [ 73.844, 15.926 ], [ 73.852, 15.936 ], [ 73.848, 15.948 ], [ 73.856, 15.957 ], [ 73.868, 15.955 ], [ 73.877, 15.965 ], [ 73.889, 15.963 ], [ 73.897, 15.973 ], [ 73.909, 15.971 ], [ 73.917, 15.981 ], [ 73.929, 15.979 ], [ 73.933, 15.967 ], [ 73.925, 15.957 ], [ 73.929, 15.945 ], [ 73.921, 15.935 ], [ 73.909, 15.937 ], [ 73.901, 15.927 ], [ 73.905, 15.915 ], [ 73.897, 15.905 ], [ 73.901, 15.893 ], [ 73.892, 15.884 ], [ 73.896, 15.872 ], [ 73.888, 15.862 ], [ 73.892, 15.85 ], [ 73.884, 15.84 ], [ 73.888, 15.828 ], [ 73.88, 15.818 ], [ 73.884, 15.806 ], [ 73.896, 15.804 ], [ 73.904, 15.814 ], [ 73.916, 15.812 ], [ 73.92, 15.8 ], [ 73.933, 15.798 ], [ 73.937, 15.786 ], [ 73.928, 15.776 ], [ 73.932, 15.764 ], [ 73.945, 15.762 ], [ 73.949, 15.75 ], [ 73.961, 15.748 ], [ 73.965, 15.736 ], [ 73.977, 15.733 ], [ 73.981, 15.721 ], [ 73.993, 15.719 ], [ 74.001, 15.729 ], [ 74.014, 15.727 ], [ 74.022, 15.737 ], [ 74.034, 15.735 ], [ 74.042, 15.745 ], [ 74.054, 15.743 ], [ 74.063, 15.753 ], [ 74.059, 15.765 ], [ 74.067, 15.775 ], [ 74.079, 15.773 ], [ 74.083, 15.761 ], [ 74.075, 15.751 ], [ 74.079, 15.739 ], [ 74.071, 15.729 ], [ 74.058, 15.731 ], [ 74.05, 15.721 ], [ 74.038, 15.723 ], [ 74.03, 15.713 ], [ 74.034, 15.701 ], [ 74.026, 15.691 ], [ 74.013, 15.693 ], [ 74.005, 15.683 ], [ 74.009, 15.671 ], [ 74.001, 15.661 ], [ 74.005, 15.649 ], [ 74.017, 15.647 ], [ 74.021, 15.635 ], [ 74.033, 15.633 ], [ 74.037, 15.621 ], [ 74.05, 15.619 ], [ 74.058, 15.629 ], [ 74.07, 15.627 ], [ 74.078, 15.637 ], [ 74.09, 15.635 ], [ 74.099, 15.645 ], [ 74.111, 15.643 ], [ 74.119, 15.653 ], [ 74.115, 15.665 ], [ 74.123, 15.675 ], [ 74.119, 15.687 ], [ 74.127, 15.697 ], [ 74.123, 15.709 ], [ 74.132, 15.718 ], [ 74.128, 15.73 ], [ 74.136, 15.74 ], [ 74.148, 15.738 ], [ 74.156, 15.748 ], [ 74.168, 15.746 ], [ 74.177, 15.756 ], [ 74.189, 15.754 ], [ 74.197, 15.764 ], [ 74.209, 15.762 ], [ 74.217, 15.772 ], [ 74.213, 15.784 ], [ 74.222, 15.794 ], [ 74.234, 15.792 ], [ 74.238, 15.78 ], [ 74.23, 15.77 ], [ 74.234, 15.758 ], [ 74.246, 15.756 ], [ 74.25, 15.744 ], [ 74.262, 15.742 ], [ 74.27, 15.751 ], [ 74.283, 15.749 ], [ 74.287, 15.737 ], [ 74.299, 15.735 ], [ 74.307, 15.745 ], [ 74.303, 15.757 ], [ 74.311, 15.767 ], [ 74.323, 15.765 ], [ 74.332, 15.775 ], [ 74.328, 15.787 ], [ 74.315, 15.789 ], [ 74.311, 15.801 ], [ 74.32, 15.811 ], [ 74.316, 15.823 ], [ 74.324, 15.833 ], [ 74.32, 15.845 ], [ 74.308, 15.847 ], [ 74.304, 15.859 ], [ 74.291, 15.861 ], [ 74.287, 15.873 ], [ 74.275, 15.875 ], [ 74.267, 15.865 ], [ 74.255, 15.868 ], [ 74.251, 15.88 ], [ 74.238, 15.882 ], [ 74.23, 15.872 ], [ 74.234, 15.86 ], [ 74.226, 15.85 ], [ 74.214, 15.852 ], [ 74.206, 15.842 ], [ 74.193, 15.844 ], [ 74.189, 15.856 ], [ 74.198, 15.866 ], [ 74.194, 15.878 ], [ 74.202, 15.888 ], [ 74.198, 15.9 ], [ 74.206, 15.91 ], [ 74.202, 15.922 ], [ 74.19, 15.924 ], [ 74.186, 15.936 ], [ 74.194, 15.946 ], [ 74.19, 15.958 ], [ 74.178, 15.96 ], [ 74.174, 15.972 ], [ 74.161, 15.974 ], [ 74.153, 15.964 ], [ 74.141, 15.966 ], [ 74.137, 15.978 ], [ 74.145, 15.988 ], [ 74.157, 15.986 ], [ 74.166, 15.996 ], [ 74.178, 15.994 ], [ 74.186, 16.004 ], [ 74.198, 16.002 ], [ 74.202, 15.99 ], [ 74.215, 15.988 ], [ 74.223, 15.998 ], [ 74.235, 15.996 ], [ 74.243, 16.006 ], [ 74.239, 16.018 ], [ 74.247, 16.027 ], [ 74.26, 16.025 ], [ 74.268, 16.035 ], [ 74.264, 16.047 ], [ 74.252, 16.049 ], [ 74.248, 16.061 ], [ 74.256, 16.071 ], [ 74.252, 16.083 ], [ 74.26, 16.093 ], [ 74.272, 16.091 ], [ 74.28, 16.101 ], [ 74.293, 16.099 ], [ 74.301, 16.109 ], [ 74.313, 16.107 ], [ 74.317, 16.095 ], [ 74.329, 16.093 ], [ 74.338, 16.103 ], [ 74.35, 16.101 ], [ 74.358, 16.111 ], [ 74.37, 16.109 ], [ 74.379, 16.119 ], [ 74.391, 16.117 ], [ 74.395, 16.105 ], [ 74.407, 16.103 ], [ 74.416, 16.112 ], [ 74.428, 16.11 ], [ 74.432, 16.098 ], [ 74.444, 16.096 ], [ 74.452, 16.106 ], [ 74.448, 16.118 ], [ 74.457, 16.128 ], [ 74.453, 16.14 ], [ 74.44, 16.142 ], [ 74.436, 16.154 ], [ 74.424, 16.156 ], [ 74.42, 16.168 ], [ 74.428, 16.178 ], [ 74.424, 16.19 ], [ 74.412, 16.192 ], [ 74.408, 16.205 ], [ 74.396, 16.207 ], [ 74.387, 16.197 ], [ 74.375, 16.199 ] ] ], [ [ [ 74.513, 20.838 ], [ 74.5, 20.839 ], [ 74.496, 20.851 ], [ 74.484, 20.853 ], [ 74.475, 20.843 ], [ 74.463, 20.844 ], [ 74.459, 20.856 ], [ 74.446, 20.858 ], [ 74.442, 20.869 ], [ 74.43, 20.871 ], [ 74.426, 20.882 ], [ 74.413, 20.884 ], [ 74.409, 20.896 ], [ 74.397, 20.897 ], [ 74.388, 20.887 ], [ 74.392, 20.876 ], [ 74.384, 20.866 ], [ 74.388, 20.854 ], [ 74.38, 20.844 ], [ 74.367, 20.846 ], [ 74.363, 20.857 ], [ 74.351, 20.859 ], [ 74.346, 20.871 ], [ 74.334, 20.872 ], [ 74.326, 20.862 ], [ 74.313, 20.864 ], [ 74.309, 20.876 ], [ 74.297, 20.877 ], [ 74.288, 20.867 ], [ 74.276, 20.869 ], [ 74.272, 20.88 ], [ 74.259, 20.882 ], [ 74.251, 20.872 ], [ 74.239, 20.874 ], [ 74.234, 20.885 ], [ 74.222, 20.887 ], [ 74.214, 20.877 ], [ 74.201, 20.879 ], [ 74.197, 20.89 ], [ 74.185, 20.892 ], [ 74.176, 20.882 ], [ 74.164, 20.883 ], [ 74.16, 20.895 ], [ 74.147, 20.897 ], [ 74.139, 20.887 ], [ 74.127, 20.888 ], [ 74.118, 20.878 ], [ 74.106, 20.88 ], [ 74.102, 20.892 ], [ 74.089, 20.893 ], [ 74.081, 20.883 ], [ 74.069, 20.885 ], [ 74.06, 20.875 ], [ 74.048, 20.876 ], [ 74.044, 20.888 ], [ 74.031, 20.89 ], [ 74.023, 20.88 ], [ 74.011, 20.881 ], [ 74.002, 20.871 ], [ 73.99, 20.873 ], [ 73.986, 20.884 ], [ 73.973, 20.886 ], [ 73.965, 20.876 ], [ 73.953, 20.878 ], [ 73.949, 20.889 ], [ 73.936, 20.891 ], [ 73.932, 20.902 ], [ 73.94, 20.912 ], [ 73.936, 20.924 ], [ 73.945, 20.934 ], [ 73.957, 20.932 ], [ 73.965, 20.942 ], [ 73.961, 20.954 ], [ 73.97, 20.964 ], [ 73.966, 20.975 ], [ 73.974, 20.985 ], [ 73.97, 20.997 ], [ 73.978, 21.007 ], [ 73.974, 21.019 ], [ 73.982, 21.029 ], [ 73.978, 21.04 ], [ 73.987, 21.05 ], [ 73.983, 21.062 ], [ 73.991, 21.072 ], [ 73.987, 21.083 ], [ 73.995, 21.093 ], [ 74.008, 21.092 ], [ 74.012, 21.08 ], [ 74.024, 21.078 ], [ 74.032, 21.088 ], [ 74.045, 21.087 ], [ 74.053, 21.097 ], [ 74.066, 21.095 ], [ 74.074, 21.105 ], [ 74.086, 21.104 ], [ 74.095, 21.114 ], [ 74.107, 21.112 ], [ 74.115, 21.122 ], [ 74.111, 21.133 ], [ 74.099, 21.135 ], [ 74.095, 21.147 ], [ 74.103, 21.157 ], [ 74.099, 21.168 ], [ 74.107, 21.178 ], [ 74.12, 21.177 ], [ 74.128, 21.187 ], [ 74.141, 21.185 ], [ 74.149, 21.195 ], [ 74.162, 21.193 ], [ 74.17, 21.203 ], [ 74.182, 21.202 ], [ 74.191, 21.212 ], [ 74.203, 21.21 ], [ 74.211, 21.22 ], [ 74.224, 21.218 ], [ 74.232, 21.228 ], [ 74.245, 21.227 ], [ 74.253, 21.237 ], [ 74.249, 21.248 ], [ 74.237, 21.25 ], [ 74.233, 21.262 ], [ 74.22, 21.263 ], [ 74.212, 21.253 ], [ 74.199, 21.255 ], [ 74.191, 21.245 ], [ 74.178, 21.246 ], [ 74.174, 21.258 ], [ 74.162, 21.26 ], [ 74.158, 21.271 ], [ 74.145, 21.273 ], [ 74.137, 21.263 ], [ 74.125, 21.264 ], [ 74.116, 21.254 ], [ 74.12, 21.243 ], [ 74.112, 21.233 ], [ 74.1, 21.234 ], [ 74.091, 21.224 ], [ 74.079, 21.226 ], [ 74.07, 21.216 ], [ 74.058, 21.218 ], [ 74.05, 21.208 ], [ 74.054, 21.196 ], [ 74.045, 21.186 ], [ 74.033, 21.188 ], [ 74.025, 21.178 ], [ 74.012, 21.179 ], [ 74.004, 21.169 ], [ 74.008, 21.158 ], [ 74.0, 21.148 ], [ 73.987, 21.149 ], [ 73.979, 21.139 ], [ 73.966, 21.141 ], [ 73.958, 21.131 ], [ 73.962, 21.119 ], [ 73.954, 21.109 ], [ 73.941, 21.111 ], [ 73.933, 21.101 ], [ 73.937, 21.09 ], [ 73.929, 21.08 ], [ 73.917, 21.081 ], [ 73.908, 21.071 ], [ 73.912, 21.06 ], [ 73.904, 21.05 ], [ 73.892, 21.051 ], [ 73.883, 21.041 ], [ 73.871, 21.043 ], [ 73.863, 21.033 ], [ 73.85, 21.034 ], [ 73.846, 21.046 ], [ 73.834, 21.048 ], [ 73.83, 21.059 ], [ 73.838, 21.069 ], [ 73.834, 21.081 ], [ 73.821, 21.082 ], [ 73.817, 21.094 ], [ 73.805, 21.095 ], [ 73.797, 21.085 ], [ 73.801, 21.074 ], [ 73.813, 21.072 ], [ 73.817, 21.061 ], [ 73.809, 21.051 ], [ 73.813, 21.039 ], [ 73.825, 21.038 ], [ 73.829, 21.026 ], [ 73.842, 21.024 ], [ 73.846, 21.013 ], [ 73.858, 21.011 ], [ 73.862, 21.0 ], [ 73.875, 20.998 ], [ 73.879, 20.987 ], [ 73.891, 20.985 ], [ 73.895, 20.973 ], [ 73.908, 20.972 ], [ 73.912, 20.96 ], [ 73.903, 20.95 ], [ 73.908, 20.939 ], [ 73.899, 20.929 ], [ 73.903, 20.917 ], [ 73.916, 20.916 ], [ 73.92, 20.904 ], [ 73.911, 20.894 ], [ 73.916, 20.883 ], [ 73.928, 20.881 ], [ 73.932, 20.869 ], [ 73.924, 20.859 ], [ 73.928, 20.848 ], [ 73.94, 20.846 ], [ 73.944, 20.835 ], [ 73.936, 20.825 ], [ 73.94, 20.813 ], [ 73.932, 20.803 ], [ 73.936, 20.792 ], [ 73.927, 20.782 ], [ 73.932, 20.77 ], [ 73.944, 20.768 ], [ 73.948, 20.757 ], [ 73.94, 20.747 ], [ 73.944, 20.735 ], [ 73.935, 20.725 ], [ 73.923, 20.727 ], [ 73.915, 20.717 ], [ 73.902, 20.718 ], [ 73.898, 20.73 ], [ 73.886, 20.732 ], [ 73.878, 20.722 ], [ 73.865, 20.723 ], [ 73.857, 20.713 ], [ 73.861, 20.702 ], [ 73.853, 20.692 ], [ 73.84, 20.693 ], [ 73.836, 20.705 ], [ 73.824, 20.707 ], [ 73.816, 20.697 ], [ 73.82, 20.685 ], [ 73.832, 20.683 ], [ 73.836, 20.672 ], [ 73.828, 20.662 ], [ 73.832, 20.65 ], [ 73.824, 20.64 ], [ 73.828, 20.629 ], [ 73.819, 20.619 ], [ 73.807, 20.62 ], [ 73.799, 20.61 ], [ 73.786, 20.612 ], [ 73.778, 20.602 ], [ 73.782, 20.59 ], [ 73.774, 20.58 ], [ 73.762, 20.582 ], [ 73.753, 20.572 ], [ 73.741, 20.574 ], [ 73.733, 20.564 ], [ 73.72, 20.565 ], [ 73.716, 20.577 ], [ 73.704, 20.579 ], [ 73.696, 20.569 ], [ 73.683, 20.57 ], [ 73.675, 20.56 ], [ 73.663, 20.562 ], [ 73.659, 20.573 ], [ 73.646, 20.575 ], [ 73.642, 20.587 ], [ 73.63, 20.588 ], [ 73.626, 20.6 ], [ 73.613, 20.601 ], [ 73.609, 20.613 ], [ 73.618, 20.623 ], [ 73.614, 20.634 ], [ 73.601, 20.636 ], [ 73.597, 20.648 ], [ 73.585, 20.649 ], [ 73.577, 20.639 ], [ 73.564, 20.641 ], [ 73.56, 20.652 ], [ 73.548, 20.654 ], [ 73.544, 20.666 ], [ 73.532, 20.667 ], [ 73.527, 20.679 ], [ 73.515, 20.68 ], [ 73.507, 20.67 ], [ 73.511, 20.659 ], [ 73.503, 20.649 ], [ 73.49, 20.65 ], [ 73.486, 20.662 ], [ 73.495, 20.672 ], [ 73.49, 20.683 ], [ 73.478, 20.685 ], [ 73.474, 20.697 ], [ 73.482, 20.707 ], [ 73.478, 20.718 ], [ 73.466, 20.72 ], [ 73.458, 20.71 ], [ 73.445, 20.711 ], [ 73.437, 20.701 ], [ 73.441, 20.69 ], [ 73.433, 20.68 ], [ 73.437, 20.668 ], [ 73.429, 20.658 ], [ 73.417, 20.66 ], [ 73.408, 20.65 ], [ 73.396, 20.651 ], [ 73.388, 20.642 ], [ 73.392, 20.63 ], [ 73.404, 20.628 ], [ 73.408, 20.617 ], [ 73.421, 20.615 ], [ 73.425, 20.604 ], [ 73.437, 20.602 ], [ 73.441, 20.591 ], [ 73.453, 20.589 ], [ 73.457, 20.577 ], [ 73.47, 20.576 ], [ 73.474, 20.564 ], [ 73.465, 20.554 ], [ 73.47, 20.543 ], [ 73.482, 20.541 ], [ 73.486, 20.53 ], [ 73.478, 20.52 ], [ 73.482, 20.508 ], [ 73.473, 20.498 ], [ 73.461, 20.5 ], [ 73.453, 20.49 ], [ 73.457, 20.478 ], [ 73.449, 20.468 ], [ 73.436, 20.47 ], [ 73.428, 20.46 ], [ 73.432, 20.448 ], [ 73.424, 20.438 ], [ 73.428, 20.427 ], [ 73.42, 20.417 ], [ 73.408, 20.418 ], [ 73.399, 20.408 ], [ 73.403, 20.397 ], [ 73.395, 20.387 ], [ 73.399, 20.375 ], [ 73.412, 20.374 ], [ 73.416, 20.362 ], [ 73.407, 20.352 ], [ 73.411, 20.341 ], [ 73.424, 20.339 ], [ 73.428, 20.327 ], [ 73.42, 20.317 ], [ 73.424, 20.306 ], [ 73.415, 20.296 ], [ 73.42, 20.284 ], [ 73.411, 20.274 ], [ 73.415, 20.263 ], [ 73.407, 20.253 ], [ 73.411, 20.241 ], [ 73.423, 20.24 ], [ 73.428, 20.228 ], [ 73.419, 20.218 ], [ 73.423, 20.206 ], [ 73.415, 20.196 ], [ 73.403, 20.198 ], [ 73.395, 20.188 ], [ 73.382, 20.19 ], [ 73.378, 20.201 ], [ 73.366, 20.203 ], [ 73.358, 20.193 ], [ 73.346, 20.195 ], [ 73.342, 20.206 ], [ 73.329, 20.208 ], [ 73.321, 20.198 ], [ 73.309, 20.199 ], [ 73.305, 20.211 ], [ 73.292, 20.213 ], [ 73.284, 20.203 ], [ 73.288, 20.191 ], [ 73.28, 20.181 ], [ 73.284, 20.17 ], [ 73.276, 20.16 ], [ 73.28, 20.148 ], [ 73.272, 20.138 ], [ 73.26, 20.14 ], [ 73.251, 20.13 ], [ 73.239, 20.131 ], [ 73.231, 20.121 ], [ 73.219, 20.123 ], [ 73.211, 20.113 ], [ 73.215, 20.101 ], [ 73.206, 20.091 ], [ 73.194, 20.093 ], [ 73.186, 20.083 ], [ 73.19, 20.072 ], [ 73.182, 20.062 ], [ 73.186, 20.05 ], [ 73.198, 20.048 ], [ 73.202, 20.037 ], [ 73.194, 20.027 ], [ 73.198, 20.015 ], [ 73.21, 20.014 ], [ 73.214, 20.002 ], [ 73.227, 20.0 ], [ 73.235, 20.01 ], [ 73.247, 20.009 ], [ 73.251, 19.997 ], [ 73.243, 19.987 ], [ 73.247, 19.976 ], [ 73.239, 19.966 ], [ 73.243, 19.954 ], [ 73.255, 19.952 ], [ 73.259, 19.941 ], [ 73.271, 19.939 ], [ 73.28, 19.949 ], [ 73.275, 19.961 ], [ 73.284, 19.971 ], [ 73.296, 19.969 ], [ 73.3, 19.957 ], [ 73.292, 19.948 ], [ 73.296, 19.936 ], [ 73.308, 19.934 ], [ 73.316, 19.944 ], [ 73.329, 19.943 ], [ 73.337, 19.953 ], [ 73.349, 19.951 ], [ 73.357, 19.961 ], [ 73.369, 19.959 ], [ 73.378, 19.969 ], [ 73.39, 19.968 ], [ 73.394, 19.956 ], [ 73.406, 19.954 ], [ 73.41, 19.943 ], [ 73.402, 19.933 ], [ 73.406, 19.921 ], [ 73.398, 19.911 ], [ 73.402, 19.9 ], [ 73.394, 19.89 ], [ 73.398, 19.878 ], [ 73.39, 19.868 ], [ 73.394, 19.856 ], [ 73.386, 19.846 ], [ 73.373, 19.848 ], [ 73.365, 19.838 ], [ 73.353, 19.84 ], [ 73.345, 19.83 ], [ 73.349, 19.818 ], [ 73.361, 19.817 ], [ 73.365, 19.805 ], [ 73.357, 19.795 ], [ 73.344, 19.797 ], [ 73.34, 19.808 ], [ 73.328, 19.81 ], [ 73.324, 19.821 ], [ 73.332, 19.831 ], [ 73.328, 19.843 ], [ 73.316, 19.845 ], [ 73.312, 19.856 ], [ 73.3, 19.858 ], [ 73.292, 19.848 ], [ 73.279, 19.85 ], [ 73.275, 19.861 ], [ 73.263, 19.863 ], [ 73.255, 19.853 ], [ 73.243, 19.855 ], [ 73.239, 19.866 ], [ 73.247, 19.876 ], [ 73.243, 19.888 ], [ 73.251, 19.898 ], [ 73.247, 19.909 ], [ 73.235, 19.911 ], [ 73.231, 19.923 ], [ 73.239, 19.932 ], [ 73.235, 19.944 ], [ 73.222, 19.946 ], [ 73.218, 19.957 ], [ 73.206, 19.959 ], [ 73.202, 19.971 ], [ 73.19, 19.972 ], [ 73.182, 19.962 ], [ 73.169, 19.964 ], [ 73.161, 19.954 ], [ 73.165, 19.942 ], [ 73.157, 19.932 ], [ 73.161, 19.921 ], [ 73.153, 19.911 ], [ 73.157, 19.899 ], [ 73.149, 19.889 ], [ 73.153, 19.878 ], [ 73.165, 19.876 ], [ 73.169, 19.864 ], [ 73.181, 19.863 ], [ 73.185, 19.851 ], [ 73.198, 19.85 ], [ 73.202, 19.838 ], [ 73.214, 19.836 ], [ 73.218, 19.825 ], [ 73.21, 19.815 ], [ 73.214, 19.803 ], [ 73.226, 19.801 ], [ 73.23, 19.79 ], [ 73.242, 19.788 ], [ 73.246, 19.777 ], [ 73.238, 19.767 ], [ 73.242, 19.755 ], [ 73.255, 19.753 ], [ 73.259, 19.742 ], [ 73.271, 19.74 ], [ 73.279, 19.75 ], [ 73.291, 19.748 ], [ 73.295, 19.737 ], [ 73.308, 19.735 ], [ 73.312, 19.724 ], [ 73.324, 19.722 ], [ 73.328, 19.71 ], [ 73.34, 19.709 ], [ 73.344, 19.697 ], [ 73.356, 19.695 ], [ 73.361, 19.684 ], [ 73.373, 19.682 ], [ 73.377, 19.67 ], [ 73.389, 19.669 ], [ 73.393, 19.657 ], [ 73.405, 19.655 ], [ 73.414, 19.665 ], [ 73.426, 19.664 ], [ 73.43, 19.652 ], [ 73.442, 19.65 ], [ 73.45, 19.66 ], [ 73.463, 19.659 ], [ 73.471, 19.669 ], [ 73.483, 19.667 ], [ 73.487, 19.655 ], [ 73.499, 19.654 ], [ 73.503, 19.642 ], [ 73.516, 19.64 ], [ 73.52, 19.629 ], [ 73.532, 19.627 ], [ 73.536, 19.615 ], [ 73.548, 19.614 ], [ 73.552, 19.602 ], [ 73.544, 19.592 ], [ 73.548, 19.58 ], [ 73.561, 19.579 ], [ 73.565, 19.567 ], [ 73.577, 19.565 ], [ 73.581, 19.554 ], [ 73.593, 19.552 ], [ 73.597, 19.54 ], [ 73.61, 19.539 ], [ 73.614, 19.527 ], [ 73.605, 19.517 ], [ 73.609, 19.505 ], [ 73.622, 19.504 ], [ 73.626, 19.492 ], [ 73.638, 19.49 ], [ 73.642, 19.478 ], [ 73.634, 19.469 ], [ 73.638, 19.457 ], [ 73.65, 19.455 ], [ 73.654, 19.443 ], [ 73.646, 19.433 ], [ 73.65, 19.422 ], [ 73.662, 19.42 ], [ 73.666, 19.408 ], [ 73.679, 19.407 ], [ 73.683, 19.395 ], [ 73.695, 19.393 ], [ 73.699, 19.382 ], [ 73.711, 19.38 ], [ 73.715, 19.368 ], [ 73.728, 19.366 ], [ 73.732, 19.355 ], [ 73.724, 19.345 ], [ 73.711, 19.346 ], [ 73.703, 19.337 ], [ 73.691, 19.338 ], [ 73.683, 19.328 ], [ 73.67, 19.33 ], [ 73.662, 19.32 ], [ 73.666, 19.308 ], [ 73.678, 19.307 ], [ 73.687, 19.317 ], [ 73.699, 19.315 ], [ 73.707, 19.325 ], [ 73.719, 19.323 ], [ 73.728, 19.333 ], [ 73.74, 19.331 ], [ 73.748, 19.341 ], [ 73.76, 19.34 ], [ 73.769, 19.35 ], [ 73.781, 19.348 ], [ 73.789, 19.358 ], [ 73.785, 19.369 ], [ 73.793, 19.379 ], [ 73.806, 19.378 ], [ 73.814, 19.388 ], [ 73.826, 19.386 ], [ 73.83, 19.374 ], [ 73.843, 19.373 ], [ 73.851, 19.383 ], [ 73.863, 19.381 ], [ 73.867, 19.369 ], [ 73.88, 19.367 ], [ 73.888, 19.377 ], [ 73.9, 19.376 ], [ 73.904, 19.364 ], [ 73.917, 19.362 ], [ 73.925, 19.372 ], [ 73.937, 19.37 ], [ 73.941, 19.359 ], [ 73.954, 19.357 ], [ 73.962, 19.367 ], [ 73.974, 19.365 ], [ 73.978, 19.353 ], [ 73.991, 19.352 ], [ 73.999, 19.362 ], [ 74.011, 19.36 ], [ 74.015, 19.348 ], [ 74.028, 19.346 ], [ 74.032, 19.335 ], [ 74.023, 19.325 ], [ 74.027, 19.313 ], [ 74.04, 19.311 ], [ 74.048, 19.321 ], [ 74.06, 19.319 ], [ 74.069, 19.329 ], [ 74.081, 19.328 ], [ 74.089, 19.338 ], [ 74.102, 19.336 ], [ 74.106, 19.324 ], [ 74.118, 19.322 ], [ 74.122, 19.311 ], [ 74.134, 19.309 ], [ 74.139, 19.297 ], [ 74.151, 19.295 ], [ 74.159, 19.305 ], [ 74.172, 19.304 ], [ 74.18, 19.314 ], [ 74.176, 19.325 ], [ 74.184, 19.335 ], [ 74.18, 19.347 ], [ 74.188, 19.357 ], [ 74.184, 19.369 ], [ 74.172, 19.371 ], [ 74.168, 19.382 ], [ 74.156, 19.384 ], [ 74.151, 19.396 ], [ 74.16, 19.406 ], [ 74.156, 19.418 ], [ 74.164, 19.428 ], [ 74.176, 19.426 ], [ 74.18, 19.414 ], [ 74.193, 19.412 ], [ 74.201, 19.422 ], [ 74.197, 19.434 ], [ 74.205, 19.444 ], [ 74.201, 19.456 ], [ 74.21, 19.466 ], [ 74.206, 19.477 ], [ 74.193, 19.479 ], [ 74.185, 19.469 ], [ 74.172, 19.471 ], [ 74.168, 19.483 ], [ 74.156, 19.484 ], [ 74.148, 19.474 ], [ 74.135, 19.476 ], [ 74.131, 19.488 ], [ 74.119, 19.49 ], [ 74.111, 19.48 ], [ 74.098, 19.481 ], [ 74.09, 19.471 ], [ 74.078, 19.473 ], [ 74.074, 19.485 ], [ 74.061, 19.487 ], [ 74.053, 19.477 ], [ 74.041, 19.478 ], [ 74.037, 19.49 ], [ 74.024, 19.492 ], [ 74.02, 19.504 ], [ 74.008, 19.505 ], [ 74.0, 19.495 ], [ 73.987, 19.497 ], [ 73.979, 19.487 ], [ 73.967, 19.489 ], [ 73.962, 19.501 ], [ 73.95, 19.502 ], [ 73.946, 19.514 ], [ 73.934, 19.516 ], [ 73.93, 19.527 ], [ 73.938, 19.537 ], [ 73.934, 19.549 ], [ 73.942, 19.559 ], [ 73.955, 19.557 ], [ 73.963, 19.567 ], [ 73.975, 19.566 ], [ 73.983, 19.576 ], [ 73.996, 19.574 ], [ 74.004, 19.584 ], [ 74.016, 19.582 ], [ 74.02, 19.57 ], [ 74.033, 19.569 ], [ 74.037, 19.557 ], [ 74.049, 19.555 ], [ 74.053, 19.543 ], [ 74.066, 19.542 ], [ 74.07, 19.53 ], [ 74.082, 19.528 ], [ 74.09, 19.538 ], [ 74.086, 19.55 ], [ 74.095, 19.56 ], [ 74.091, 19.572 ], [ 74.078, 19.573 ], [ 74.074, 19.585 ], [ 74.062, 19.587 ], [ 74.058, 19.599 ], [ 74.066, 19.609 ], [ 74.062, 19.62 ], [ 74.05, 19.622 ], [ 74.046, 19.634 ], [ 74.054, 19.644 ], [ 74.05, 19.655 ], [ 74.058, 19.665 ], [ 74.07, 19.664 ], [ 74.079, 19.674 ], [ 74.075, 19.685 ], [ 74.083, 19.695 ], [ 74.095, 19.694 ], [ 74.104, 19.704 ], [ 74.1, 19.715 ], [ 74.108, 19.725 ], [ 74.104, 19.737 ], [ 74.091, 19.739 ], [ 74.087, 19.75 ], [ 74.075, 19.752 ], [ 74.071, 19.764 ], [ 74.059, 19.766 ], [ 74.055, 19.777 ], [ 74.042, 19.779 ], [ 74.034, 19.769 ], [ 74.022, 19.771 ], [ 74.017, 19.782 ], [ 74.005, 19.784 ], [ 73.997, 19.774 ], [ 73.984, 19.776 ], [ 73.976, 19.766 ], [ 73.964, 19.768 ], [ 73.96, 19.779 ], [ 73.947, 19.781 ], [ 73.939, 19.771 ], [ 73.927, 19.773 ], [ 73.923, 19.784 ], [ 73.91, 19.786 ], [ 73.906, 19.798 ], [ 73.915, 19.808 ], [ 73.911, 19.819 ], [ 73.919, 19.829 ], [ 73.915, 19.841 ], [ 73.923, 19.851 ], [ 73.919, 19.863 ], [ 73.927, 19.873 ], [ 73.923, 19.884 ], [ 73.911, 19.886 ], [ 73.903, 19.876 ], [ 73.89, 19.878 ], [ 73.882, 19.868 ], [ 73.886, 19.856 ], [ 73.878, 19.846 ], [ 73.882, 19.834 ], [ 73.873, 19.824 ], [ 73.878, 19.813 ], [ 73.869, 19.803 ], [ 73.857, 19.804 ], [ 73.853, 19.816 ], [ 73.841, 19.818 ], [ 73.832, 19.808 ], [ 73.82, 19.81 ], [ 73.812, 19.8 ], [ 73.816, 19.788 ], [ 73.807, 19.778 ], [ 73.812, 19.766 ], [ 73.803, 19.756 ], [ 73.807, 19.745 ], [ 73.799, 19.735 ], [ 73.803, 19.723 ], [ 73.795, 19.713 ], [ 73.783, 19.715 ], [ 73.774, 19.705 ], [ 73.778, 19.693 ], [ 73.77, 19.683 ], [ 73.758, 19.685 ], [ 73.754, 19.696 ], [ 73.741, 19.698 ], [ 73.737, 19.71 ], [ 73.725, 19.711 ], [ 73.721, 19.723 ], [ 73.709, 19.725 ], [ 73.7, 19.715 ], [ 73.688, 19.717 ], [ 73.684, 19.728 ], [ 73.672, 19.73 ], [ 73.664, 19.72 ], [ 73.651, 19.722 ], [ 73.643, 19.712 ], [ 73.631, 19.713 ], [ 73.622, 19.703 ], [ 73.61, 19.705 ], [ 73.606, 19.717 ], [ 73.614, 19.727 ], [ 73.61, 19.738 ], [ 73.619, 19.748 ], [ 73.631, 19.747 ], [ 73.639, 19.757 ], [ 73.635, 19.768 ], [ 73.643, 19.778 ], [ 73.639, 19.79 ], [ 73.627, 19.792 ], [ 73.619, 19.782 ], [ 73.606, 19.783 ], [ 73.602, 19.795 ], [ 73.59, 19.797 ], [ 73.582, 19.787 ], [ 73.569, 19.788 ], [ 73.561, 19.778 ], [ 73.549, 19.78 ], [ 73.545, 19.792 ], [ 73.533, 19.793 ], [ 73.529, 19.805 ], [ 73.516, 19.807 ], [ 73.508, 19.797 ], [ 73.496, 19.798 ], [ 73.488, 19.788 ], [ 73.475, 19.79 ], [ 73.471, 19.802 ], [ 73.459, 19.803 ], [ 73.455, 19.815 ], [ 73.463, 19.825 ], [ 73.459, 19.836 ], [ 73.467, 19.846 ], [ 73.48, 19.845 ], [ 73.488, 19.855 ], [ 73.5, 19.853 ], [ 73.508, 19.863 ], [ 73.521, 19.861 ], [ 73.525, 19.85 ], [ 73.537, 19.848 ], [ 73.541, 19.836 ], [ 73.553, 19.835 ], [ 73.561, 19.845 ], [ 73.574, 19.843 ], [ 73.582, 19.853 ], [ 73.594, 19.851 ], [ 73.603, 19.861 ], [ 73.615, 19.86 ], [ 73.623, 19.87 ], [ 73.635, 19.868 ], [ 73.644, 19.878 ], [ 73.656, 19.876 ], [ 73.664, 19.886 ], [ 73.66, 19.898 ], [ 73.648, 19.9 ], [ 73.644, 19.911 ], [ 73.652, 19.921 ], [ 73.648, 19.933 ], [ 73.636, 19.935 ], [ 73.632, 19.946 ], [ 73.64, 19.956 ], [ 73.636, 19.968 ], [ 73.623, 19.969 ], [ 73.615, 19.959 ], [ 73.603, 19.961 ], [ 73.599, 19.973 ], [ 73.607, 19.983 ], [ 73.603, 19.994 ], [ 73.591, 19.996 ], [ 73.582, 19.986 ], [ 73.57, 19.988 ], [ 73.562, 19.978 ], [ 73.566, 19.966 ], [ 73.558, 19.956 ], [ 73.545, 19.958 ], [ 73.537, 19.948 ], [ 73.525, 19.949 ], [ 73.521, 19.961 ], [ 73.509, 19.963 ], [ 73.5, 19.953 ], [ 73.488, 19.954 ], [ 73.484, 19.966 ], [ 73.492, 19.976 ], [ 73.488, 19.988 ], [ 73.496, 19.998 ], [ 73.492, 20.009 ], [ 73.501, 20.019 ], [ 73.497, 20.031 ], [ 73.505, 20.041 ], [ 73.517, 20.039 ], [ 73.525, 20.049 ], [ 73.521, 20.061 ], [ 73.529, 20.071 ], [ 73.542, 20.069 ], [ 73.55, 20.079 ], [ 73.562, 20.077 ], [ 73.571, 20.087 ], [ 73.583, 20.086 ], [ 73.591, 20.096 ], [ 73.603, 20.094 ], [ 73.612, 20.104 ], [ 73.608, 20.116 ], [ 73.616, 20.126 ], [ 73.612, 20.137 ], [ 73.62, 20.147 ], [ 73.632, 20.145 ], [ 73.641, 20.155 ], [ 73.636, 20.167 ], [ 73.645, 20.177 ], [ 73.657, 20.175 ], [ 73.665, 20.185 ], [ 73.661, 20.197 ], [ 73.649, 20.199 ], [ 73.645, 20.21 ], [ 73.653, 20.22 ], [ 73.649, 20.232 ], [ 73.637, 20.233 ], [ 73.633, 20.245 ], [ 73.641, 20.255 ], [ 73.637, 20.267 ], [ 73.625, 20.268 ], [ 73.62, 20.28 ], [ 73.629, 20.29 ], [ 73.625, 20.301 ], [ 73.633, 20.311 ], [ 73.629, 20.323 ], [ 73.637, 20.333 ], [ 73.633, 20.345 ], [ 73.641, 20.355 ], [ 73.654, 20.353 ], [ 73.662, 20.363 ], [ 73.658, 20.375 ], [ 73.666, 20.384 ], [ 73.678, 20.383 ], [ 73.687, 20.393 ], [ 73.683, 20.404 ], [ 73.691, 20.414 ], [ 73.703, 20.413 ], [ 73.711, 20.423 ], [ 73.707, 20.434 ], [ 73.716, 20.444 ], [ 73.712, 20.456 ], [ 73.72, 20.466 ], [ 73.716, 20.477 ], [ 73.724, 20.487 ], [ 73.72, 20.499 ], [ 73.728, 20.509 ], [ 73.724, 20.521 ], [ 73.733, 20.531 ], [ 73.745, 20.529 ], [ 73.753, 20.539 ], [ 73.765, 20.537 ], [ 73.77, 20.526 ], [ 73.782, 20.524 ], [ 73.786, 20.513 ], [ 73.798, 20.511 ], [ 73.807, 20.521 ], [ 73.819, 20.519 ], [ 73.827, 20.529 ], [ 73.84, 20.528 ], [ 73.848, 20.538 ], [ 73.86, 20.536 ], [ 73.869, 20.546 ], [ 73.881, 20.544 ], [ 73.885, 20.533 ], [ 73.897, 20.531 ], [ 73.901, 20.519 ], [ 73.914, 20.518 ], [ 73.922, 20.528 ], [ 73.934, 20.526 ], [ 73.939, 20.515 ], [ 73.951, 20.513 ], [ 73.955, 20.501 ], [ 73.967, 20.5 ], [ 73.976, 20.51 ], [ 73.988, 20.508 ], [ 73.992, 20.496 ], [ 74.005, 20.495 ], [ 74.013, 20.505 ], [ 74.009, 20.516 ], [ 74.017, 20.526 ], [ 74.013, 20.538 ], [ 74.021, 20.548 ], [ 74.034, 20.546 ], [ 74.042, 20.556 ], [ 74.054, 20.555 ], [ 74.059, 20.543 ], [ 74.071, 20.541 ], [ 74.079, 20.551 ], [ 74.092, 20.55 ], [ 74.096, 20.538 ], [ 74.108, 20.536 ], [ 74.116, 20.546 ], [ 74.129, 20.545 ], [ 74.133, 20.533 ], [ 74.145, 20.531 ], [ 74.154, 20.541 ], [ 74.166, 20.54 ], [ 74.174, 20.55 ], [ 74.17, 20.561 ], [ 74.179, 20.571 ], [ 74.175, 20.583 ], [ 74.162, 20.585 ], [ 74.158, 20.596 ], [ 74.146, 20.598 ], [ 74.142, 20.61 ], [ 74.129, 20.611 ], [ 74.125, 20.623 ], [ 74.113, 20.624 ], [ 74.104, 20.614 ], [ 74.092, 20.616 ], [ 74.088, 20.628 ], [ 74.076, 20.629 ], [ 74.071, 20.641 ], [ 74.059, 20.643 ], [ 74.055, 20.654 ], [ 74.063, 20.664 ], [ 74.076, 20.663 ], [ 74.084, 20.673 ], [ 74.08, 20.684 ], [ 74.088, 20.694 ], [ 74.101, 20.693 ], [ 74.109, 20.702 ], [ 74.105, 20.714 ], [ 74.113, 20.724 ], [ 74.109, 20.736 ], [ 74.118, 20.746 ], [ 74.13, 20.744 ], [ 74.138, 20.754 ], [ 74.151, 20.752 ], [ 74.159, 20.762 ], [ 74.155, 20.774 ], [ 74.163, 20.784 ], [ 74.159, 20.796 ], [ 74.147, 20.797 ], [ 74.138, 20.787 ], [ 74.126, 20.789 ], [ 74.118, 20.779 ], [ 74.105, 20.78 ], [ 74.101, 20.792 ], [ 74.11, 20.802 ], [ 74.106, 20.814 ], [ 74.114, 20.824 ], [ 74.126, 20.822 ], [ 74.135, 20.832 ], [ 74.147, 20.83 ], [ 74.155, 20.84 ], [ 74.168, 20.839 ], [ 74.176, 20.849 ], [ 74.189, 20.847 ], [ 74.193, 20.835 ], [ 74.205, 20.834 ], [ 74.209, 20.822 ], [ 74.222, 20.821 ], [ 74.226, 20.809 ], [ 74.238, 20.807 ], [ 74.242, 20.796 ], [ 74.255, 20.794 ], [ 74.263, 20.804 ], [ 74.275, 20.802 ], [ 74.284, 20.812 ], [ 74.296, 20.811 ], [ 74.305, 20.821 ], [ 74.317, 20.819 ], [ 74.321, 20.808 ], [ 74.334, 20.806 ], [ 74.342, 20.816 ], [ 74.354, 20.814 ], [ 74.363, 20.824 ], [ 74.375, 20.823 ], [ 74.384, 20.833 ], [ 74.396, 20.831 ], [ 74.4, 20.819 ], [ 74.413, 20.818 ], [ 74.417, 20.806 ], [ 74.429, 20.804 ], [ 74.433, 20.793 ], [ 74.446, 20.791 ], [ 74.45, 20.779 ], [ 74.462, 20.778 ], [ 74.471, 20.788 ], [ 74.483, 20.786 ], [ 74.487, 20.774 ], [ 74.5, 20.773 ], [ 74.508, 20.783 ], [ 74.504, 20.794 ], [ 74.512, 20.804 ], [ 74.525, 20.803 ], [ 74.533, 20.813 ], [ 74.529, 20.824 ], [ 74.517, 20.826 ], [ 74.513, 20.838 ] ], [ [ 73.729, 19.666 ], [ 73.737, 19.676 ], [ 73.75, 19.675 ], [ 73.754, 19.663 ], [ 73.745, 19.653 ], [ 73.733, 19.655 ], [ 73.725, 19.645 ], [ 73.712, 19.647 ], [ 73.708, 19.658 ], [ 73.717, 19.668 ], [ 73.729, 19.666 ] ] ], [ [ [ 72.903, 18.46 ], [ 72.895, 18.45 ], [ 72.899, 18.439 ], [ 72.911, 18.437 ], [ 72.915, 18.425 ], [ 72.907, 18.415 ], [ 72.911, 18.404 ], [ 72.923, 18.402 ], [ 72.927, 18.39 ], [ 72.939, 18.388 ], [ 72.947, 18.398 ], [ 72.943, 18.41 ], [ 72.952, 18.42 ], [ 72.964, 18.418 ], [ 72.972, 18.428 ], [ 72.968, 18.44 ], [ 72.976, 18.45 ], [ 72.972, 18.462 ], [ 72.98, 18.472 ], [ 72.976, 18.483 ], [ 72.964, 18.485 ], [ 72.96, 18.497 ], [ 72.968, 18.507 ], [ 72.964, 18.518 ], [ 72.952, 18.52 ], [ 72.948, 18.532 ], [ 72.936, 18.534 ], [ 72.927, 18.524 ], [ 72.915, 18.525 ], [ 72.907, 18.515 ], [ 72.911, 18.504 ], [ 72.903, 18.494 ], [ 72.907, 18.482 ], [ 72.899, 18.472 ], [ 72.903, 18.46 ] ] ], [ [ [ 73.269, 19.008 ], [ 73.261, 18.998 ], [ 73.249, 19.0 ], [ 73.241, 18.99 ], [ 73.245, 18.978 ], [ 73.236, 18.968 ], [ 73.224, 18.97 ], [ 73.216, 18.96 ], [ 73.22, 18.949 ], [ 73.232, 18.947 ], [ 73.24, 18.957 ], [ 73.253, 18.955 ], [ 73.257, 18.943 ], [ 73.269, 18.942 ], [ 73.277, 18.952 ], [ 73.289, 18.95 ], [ 73.293, 18.938 ], [ 73.306, 18.936 ], [ 73.314, 18.946 ], [ 73.31, 18.958 ], [ 73.318, 18.968 ], [ 73.314, 18.98 ], [ 73.302, 18.982 ], [ 73.298, 18.993 ], [ 73.306, 19.003 ], [ 73.302, 19.015 ], [ 73.289, 19.017 ], [ 73.285, 19.028 ], [ 73.294, 19.038 ], [ 73.29, 19.05 ], [ 73.277, 19.052 ], [ 73.273, 19.063 ], [ 73.261, 19.065 ], [ 73.253, 19.055 ], [ 73.257, 19.043 ], [ 73.249, 19.033 ], [ 73.253, 19.022 ], [ 73.265, 19.02 ], [ 73.269, 19.008 ] ] ], [ [ [ 74.163, 19.227 ], [ 74.159, 19.238 ], [ 74.167, 19.248 ], [ 74.163, 19.26 ], [ 74.151, 19.262 ], [ 74.142, 19.252 ], [ 74.13, 19.254 ], [ 74.126, 19.265 ], [ 74.114, 19.267 ], [ 74.11, 19.279 ], [ 74.097, 19.281 ], [ 74.089, 19.271 ], [ 74.077, 19.273 ], [ 74.073, 19.284 ], [ 74.06, 19.286 ], [ 74.056, 19.298 ], [ 74.044, 19.3 ], [ 74.036, 19.29 ], [ 74.04, 19.278 ], [ 74.031, 19.268 ], [ 74.035, 19.256 ], [ 74.048, 19.254 ], [ 74.052, 19.243 ], [ 74.064, 19.241 ], [ 74.072, 19.251 ], [ 74.085, 19.249 ], [ 74.089, 19.237 ], [ 74.101, 19.236 ], [ 74.105, 19.224 ], [ 74.118, 19.222 ], [ 74.126, 19.232 ], [ 74.138, 19.23 ], [ 74.142, 19.218 ], [ 74.155, 19.217 ], [ 74.163, 19.227 ] ] ], [ [ [ 73.122, 18.862 ], [ 73.131, 18.872 ], [ 73.143, 18.871 ], [ 73.151, 18.881 ], [ 73.147, 18.892 ], [ 73.135, 18.894 ], [ 73.131, 18.906 ], [ 73.118, 18.907 ], [ 73.114, 18.919 ], [ 73.102, 18.921 ], [ 73.094, 18.911 ], [ 73.098, 18.899 ], [ 73.09, 18.889 ], [ 73.078, 18.891 ], [ 73.07, 18.881 ], [ 73.074, 18.869 ], [ 73.086, 18.868 ], [ 73.094, 18.878 ], [ 73.106, 18.876 ], [ 73.11, 18.864 ], [ 73.122, 18.862 ] ] ] ] } },
{ "type": "Feature", "properties": { "POLYGON.ID": 1356.0, "subregion": "India--Maharashtra--Pune--Ghats", "FILTER": "Maharashtra", "POLYGON": "India--Maharashtra--Pune--Ghats", "STATE": "Maharashtra", "COUNTY": "Pune", "OWNER": null }, "geometry": { "type": "MultiPolygon", "coordinates": [ [ [ [ 73.317, 18.601 ], [ 73.321, 18.589 ], [ 73.313, 18.579 ], [ 73.317, 18.568 ], [ 73.329, 18.566 ], [ 73.333, 18.554 ], [ 73.325, 18.544 ], [ 73.329, 18.532 ], [ 73.341, 18.531 ], [ 73.345, 18.519 ], [ 73.357, 18.517 ], [ 73.361, 18.505 ], [ 73.353, 18.495 ], [ 73.357, 18.484 ], [ 73.369, 18.482 ], [ 73.373, 18.47 ], [ 73.365, 18.46 ], [ 73.369, 18.448 ], [ 73.382, 18.447 ], [ 73.386, 18.435 ], [ 73.377, 18.425 ], [ 73.381, 18.413 ], [ 73.373, 18.403 ], [ 73.377, 18.392 ], [ 73.369, 18.382 ], [ 73.357, 18.383 ], [ 73.349, 18.373 ], [ 73.353, 18.362 ], [ 73.365, 18.36 ], [ 73.369, 18.348 ], [ 73.361, 18.338 ], [ 73.365, 18.326 ], [ 73.377, 18.325 ], [ 73.381, 18.313 ], [ 73.393, 18.311 ], [ 73.402, 18.321 ], [ 73.414, 18.319 ], [ 73.418, 18.307 ], [ 73.41, 18.298 ], [ 73.397, 18.299 ], [ 73.389, 18.289 ], [ 73.393, 18.278 ], [ 73.405, 18.276 ], [ 73.414, 18.286 ], [ 73.426, 18.284 ], [ 73.43, 18.272 ], [ 73.442, 18.27 ], [ 73.446, 18.259 ], [ 73.458, 18.257 ], [ 73.462, 18.245 ], [ 73.475, 18.243 ], [ 73.479, 18.231 ], [ 73.491, 18.23 ], [ 73.499, 18.24 ], [ 73.511, 18.238 ], [ 73.515, 18.226 ], [ 73.507, 18.216 ], [ 73.511, 18.204 ], [ 73.523, 18.202 ], [ 73.527, 18.191 ], [ 73.539, 18.189 ], [ 73.544, 18.177 ], [ 73.556, 18.175 ], [ 73.564, 18.185 ], [ 73.576, 18.183 ], [ 73.58, 18.172 ], [ 73.592, 18.17 ], [ 73.601, 18.18 ], [ 73.613, 18.178 ], [ 73.617, 18.166 ], [ 73.629, 18.164 ], [ 73.633, 18.153 ], [ 73.625, 18.143 ], [ 73.613, 18.144 ], [ 73.604, 18.134 ], [ 73.609, 18.123 ], [ 73.6, 18.113 ], [ 73.604, 18.101 ], [ 73.596, 18.091 ], [ 73.6, 18.079 ], [ 73.612, 18.077 ], [ 73.616, 18.066 ], [ 73.629, 18.064 ], [ 73.633, 18.052 ], [ 73.645, 18.05 ], [ 73.649, 18.038 ], [ 73.661, 18.036 ], [ 73.669, 18.046 ], [ 73.682, 18.045 ], [ 73.686, 18.033 ], [ 73.698, 18.031 ], [ 73.706, 18.041 ], [ 73.718, 18.039 ], [ 73.722, 18.027 ], [ 73.735, 18.025 ], [ 73.743, 18.035 ], [ 73.755, 18.033 ], [ 73.759, 18.022 ], [ 73.771, 18.02 ], [ 73.78, 18.03 ], [ 73.792, 18.028 ], [ 73.8, 18.038 ], [ 73.812, 18.036 ], [ 73.816, 18.024 ], [ 73.829, 18.022 ], [ 73.837, 18.032 ], [ 73.849, 18.03 ], [ 73.857, 18.04 ], [ 73.853, 18.052 ], [ 73.861, 18.062 ], [ 73.874, 18.06 ], [ 73.882, 18.07 ], [ 73.878, 18.082 ], [ 73.866, 18.084 ], [ 73.862, 18.096 ], [ 73.87, 18.106 ], [ 73.882, 18.104 ], [ 73.89, 18.114 ], [ 73.886, 18.126 ], [ 73.894, 18.136 ], [ 73.89, 18.148 ], [ 73.899, 18.158 ], [ 73.911, 18.156 ], [ 73.919, 18.166 ], [ 73.931, 18.164 ], [ 73.94, 18.174 ], [ 73.952, 18.172 ], [ 73.956, 18.16 ], [ 73.968, 18.158 ], [ 73.977, 18.168 ], [ 73.972, 18.18 ], [ 73.96, 18.182 ], [ 73.956, 18.194 ], [ 73.964, 18.204 ], [ 73.96, 18.216 ], [ 73.948, 18.217 ], [ 73.944, 18.229 ], [ 73.932, 18.231 ], [ 73.928, 18.243 ], [ 73.915, 18.245 ], [ 73.911, 18.256 ], [ 73.899, 18.258 ], [ 73.895, 18.27 ], [ 73.883, 18.272 ], [ 73.879, 18.284 ], [ 73.887, 18.294 ], [ 73.883, 18.306 ], [ 73.871, 18.307 ], [ 73.867, 18.319 ], [ 73.875, 18.329 ], [ 73.871, 18.341 ], [ 73.859, 18.343 ], [ 73.855, 18.355 ], [ 73.863, 18.365 ], [ 73.859, 18.376 ], [ 73.867, 18.386 ], [ 73.863, 18.398 ], [ 73.871, 18.408 ], [ 73.867, 18.42 ], [ 73.875, 18.43 ], [ 73.871, 18.442 ], [ 73.859, 18.443 ], [ 73.851, 18.433 ], [ 73.839, 18.435 ], [ 73.834, 18.447 ], [ 73.822, 18.449 ], [ 73.814, 18.439 ], [ 73.802, 18.441 ], [ 73.798, 18.453 ], [ 73.806, 18.463 ], [ 73.802, 18.474 ], [ 73.81, 18.484 ], [ 73.806, 18.496 ], [ 73.794, 18.498 ], [ 73.79, 18.51 ], [ 73.798, 18.52 ], [ 73.794, 18.531 ], [ 73.782, 18.533 ], [ 73.778, 18.545 ], [ 73.765, 18.547 ], [ 73.761, 18.559 ], [ 73.749, 18.56 ], [ 73.745, 18.572 ], [ 73.733, 18.574 ], [ 73.725, 18.564 ], [ 73.712, 18.566 ], [ 73.708, 18.577 ], [ 73.716, 18.587 ], [ 73.712, 18.599 ], [ 73.721, 18.609 ], [ 73.717, 18.621 ], [ 73.704, 18.623 ], [ 73.696, 18.613 ], [ 73.684, 18.615 ], [ 73.68, 18.626 ], [ 73.668, 18.628 ], [ 73.664, 18.64 ], [ 73.672, 18.65 ], [ 73.668, 18.662 ], [ 73.676, 18.672 ], [ 73.672, 18.683 ], [ 73.68, 18.693 ], [ 73.676, 18.705 ], [ 73.684, 18.715 ], [ 73.68, 18.727 ], [ 73.668, 18.729 ], [ 73.66, 18.719 ], [ 73.647, 18.72 ], [ 73.643, 18.732 ], [ 73.631, 18.734 ], [ 73.627, 18.746 ], [ 73.615, 18.747 ], [ 73.607, 18.737 ], [ 73.594, 18.739 ], [ 73.59, 18.751 ], [ 73.578, 18.753 ], [ 73.574, 18.764 ], [ 73.582, 18.774 ], [ 73.578, 18.786 ], [ 73.586, 18.796 ], [ 73.599, 18.794 ], [ 73.607, 18.804 ], [ 73.619, 18.803 ], [ 73.627, 18.812 ], [ 73.64, 18.811 ], [ 73.644, 18.799 ], [ 73.656, 18.797 ], [ 73.66, 18.785 ], [ 73.672, 18.784 ], [ 73.68, 18.794 ], [ 73.693, 18.792 ], [ 73.701, 18.802 ], [ 73.697, 18.814 ], [ 73.705, 18.824 ], [ 73.717, 18.822 ], [ 73.726, 18.832 ], [ 73.722, 18.844 ], [ 73.73, 18.854 ], [ 73.726, 18.865 ], [ 73.713, 18.867 ], [ 73.705, 18.857 ], [ 73.693, 18.859 ], [ 73.689, 18.871 ], [ 73.677, 18.872 ], [ 73.673, 18.884 ], [ 73.681, 18.894 ], [ 73.677, 18.906 ], [ 73.685, 18.916 ], [ 73.697, 18.914 ], [ 73.701, 18.902 ], [ 73.714, 18.9 ], [ 73.722, 18.91 ], [ 73.718, 18.922 ], [ 73.726, 18.932 ], [ 73.722, 18.944 ], [ 73.73, 18.954 ], [ 73.742, 18.952 ], [ 73.747, 18.94 ], [ 73.759, 18.939 ], [ 73.763, 18.927 ], [ 73.775, 18.925 ], [ 73.783, 18.935 ], [ 73.796, 18.933 ], [ 73.804, 18.943 ], [ 73.8, 18.955 ], [ 73.808, 18.965 ], [ 73.804, 18.977 ], [ 73.792, 18.978 ], [ 73.788, 18.99 ], [ 73.775, 18.992 ], [ 73.771, 19.004 ], [ 73.759, 19.005 ], [ 73.755, 19.017 ], [ 73.743, 19.019 ], [ 73.739, 19.031 ], [ 73.747, 19.041 ], [ 73.759, 19.039 ], [ 73.767, 19.049 ], [ 73.78, 19.047 ], [ 73.788, 19.057 ], [ 73.8, 19.055 ], [ 73.809, 19.065 ], [ 73.821, 19.064 ], [ 73.825, 19.052 ], [ 73.837, 19.05 ], [ 73.845, 19.06 ], [ 73.858, 19.058 ], [ 73.866, 19.068 ], [ 73.878, 19.066 ], [ 73.887, 19.076 ], [ 73.882, 19.088 ], [ 73.891, 19.098 ], [ 73.887, 19.11 ], [ 73.874, 19.112 ], [ 73.87, 19.123 ], [ 73.858, 19.125 ], [ 73.854, 19.137 ], [ 73.842, 19.139 ], [ 73.838, 19.15 ], [ 73.825, 19.152 ], [ 73.821, 19.164 ], [ 73.829, 19.174 ], [ 73.825, 19.186 ], [ 73.813, 19.187 ], [ 73.809, 19.199 ], [ 73.817, 19.209 ], [ 73.83, 19.207 ], [ 73.838, 19.217 ], [ 73.85, 19.215 ], [ 73.858, 19.225 ], [ 73.854, 19.237 ], [ 73.842, 19.239 ], [ 73.838, 19.251 ], [ 73.846, 19.261 ], [ 73.842, 19.272 ], [ 73.85, 19.282 ], [ 73.863, 19.281 ], [ 73.871, 19.291 ], [ 73.883, 19.289 ], [ 73.892, 19.299 ], [ 73.888, 19.311 ], [ 73.896, 19.32 ], [ 73.908, 19.319 ], [ 73.916, 19.329 ], [ 73.929, 19.327 ], [ 73.937, 19.337 ], [ 73.949, 19.335 ], [ 73.958, 19.345 ], [ 73.954, 19.357 ], [ 73.941, 19.359 ], [ 73.937, 19.37 ], [ 73.925, 19.372 ], [ 73.917, 19.362 ], [ 73.904, 19.364 ], [ 73.9, 19.376 ], [ 73.888, 19.377 ], [ 73.88, 19.367 ], [ 73.867, 19.369 ], [ 73.863, 19.381 ], [ 73.851, 19.383 ], [ 73.843, 19.373 ], [ 73.83, 19.374 ], [ 73.826, 19.386 ], [ 73.814, 19.388 ], [ 73.806, 19.378 ], [ 73.793, 19.379 ], [ 73.785, 19.369 ], [ 73.789, 19.358 ], [ 73.781, 19.348 ], [ 73.769, 19.35 ], [ 73.76, 19.34 ], [ 73.748, 19.341 ], [ 73.74, 19.331 ], [ 73.728, 19.333 ], [ 73.719, 19.323 ], [ 73.707, 19.325 ], [ 73.699, 19.315 ], [ 73.687, 19.317 ], [ 73.678, 19.307 ], [ 73.666, 19.308 ], [ 73.658, 19.298 ], [ 73.662, 19.287 ], [ 73.674, 19.285 ], [ 73.678, 19.273 ], [ 73.69, 19.271 ], [ 73.695, 19.26 ], [ 73.686, 19.25 ], [ 73.674, 19.252 ], [ 73.666, 19.242 ], [ 73.654, 19.243 ], [ 73.645, 19.233 ], [ 73.633, 19.235 ], [ 73.625, 19.225 ], [ 73.629, 19.213 ], [ 73.621, 19.203 ], [ 73.608, 19.205 ], [ 73.6, 19.195 ], [ 73.588, 19.197 ], [ 73.58, 19.187 ], [ 73.567, 19.189 ], [ 73.559, 19.179 ], [ 73.547, 19.18 ], [ 73.539, 19.17 ], [ 73.543, 19.159 ], [ 73.535, 19.149 ], [ 73.539, 19.137 ], [ 73.53, 19.127 ], [ 73.534, 19.115 ], [ 73.526, 19.105 ], [ 73.514, 19.107 ], [ 73.506, 19.097 ], [ 73.51, 19.086 ], [ 73.522, 19.084 ], [ 73.526, 19.072 ], [ 73.518, 19.062 ], [ 73.522, 19.05 ], [ 73.534, 19.049 ], [ 73.538, 19.037 ], [ 73.53, 19.027 ], [ 73.534, 19.015 ], [ 73.526, 19.005 ], [ 73.53, 18.994 ], [ 73.522, 18.984 ], [ 73.51, 18.985 ], [ 73.501, 18.975 ], [ 73.489, 18.977 ], [ 73.485, 18.989 ], [ 73.473, 18.991 ], [ 73.465, 18.981 ], [ 73.469, 18.969 ], [ 73.46, 18.959 ], [ 73.448, 18.961 ], [ 73.44, 18.951 ], [ 73.444, 18.939 ], [ 73.436, 18.929 ], [ 73.44, 18.917 ], [ 73.432, 18.907 ], [ 73.436, 18.896 ], [ 73.428, 18.886 ], [ 73.415, 18.887 ], [ 73.407, 18.878 ], [ 73.411, 18.866 ], [ 73.403, 18.856 ], [ 73.391, 18.858 ], [ 73.383, 18.848 ], [ 73.387, 18.836 ], [ 73.379, 18.826 ], [ 73.383, 18.814 ], [ 73.374, 18.804 ], [ 73.378, 18.793 ], [ 73.37, 18.783 ], [ 73.374, 18.771 ], [ 73.366, 18.761 ], [ 73.354, 18.763 ], [ 73.346, 18.753 ], [ 73.35, 18.741 ], [ 73.342, 18.731 ], [ 73.346, 18.719 ], [ 73.337, 18.709 ], [ 73.342, 18.698 ], [ 73.354, 18.696 ], [ 73.358, 18.684 ], [ 73.37, 18.682 ], [ 73.374, 18.671 ], [ 73.366, 18.661 ], [ 73.37, 18.649 ], [ 73.362, 18.639 ], [ 73.35, 18.641 ], [ 73.341, 18.631 ], [ 73.345, 18.619 ], [ 73.337, 18.609 ], [ 73.325, 18.611 ], [ 73.317, 18.601 ] ] ] ] } },
{ "type": "Feature", "properties": { "POLYGON.ID": 1357.0, "subregion": "India--Maharashtra--Ghats--Pune--Saswad", "FILTER": "Maharashtra", "POLYGON": "India--Maharashtra--Ghats--Pune--Saswad", "STATE": "Maharashtra", "COUNTY": "Pune", "OWNER": null }, "geometry": { "type": "MultiPolygon", "coordinates": [ [ [ [ 74.247, 18.093 ], [ 74.259, 18.092 ], [ 74.268, 18.102 ], [ 74.28, 18.1 ], [ 74.288, 18.11 ], [ 74.301, 18.108 ], [ 74.309, 18.118 ], [ 74.305, 18.13 ], [ 74.313, 18.14 ], [ 74.325, 18.138 ], [ 74.334, 18.148 ], [ 74.346, 18.146 ], [ 74.354, 18.156 ], [ 74.367, 18.154 ], [ 74.375, 18.164 ], [ 74.371, 18.176 ], [ 74.379, 18.186 ], [ 74.375, 18.198 ], [ 74.363, 18.2 ], [ 74.359, 18.211 ], [ 74.346, 18.213 ], [ 74.342, 18.225 ], [ 74.33, 18.227 ], [ 74.326, 18.239 ], [ 74.314, 18.241 ], [ 74.305, 18.231 ], [ 74.293, 18.233 ], [ 74.289, 18.244 ], [ 74.277, 18.246 ], [ 74.273, 18.258 ], [ 74.26, 18.26 ], [ 74.252, 18.25 ], [ 74.24, 18.252 ], [ 74.236, 18.264 ], [ 74.223, 18.266 ], [ 74.215, 18.256 ], [ 74.203, 18.258 ], [ 74.199, 18.269 ], [ 74.186, 18.271 ], [ 74.178, 18.261 ], [ 74.166, 18.263 ], [ 74.162, 18.275 ], [ 74.17, 18.285 ], [ 74.166, 18.297 ], [ 74.154, 18.299 ], [ 74.15, 18.31 ], [ 74.158, 18.32 ], [ 74.154, 18.332 ], [ 74.162, 18.342 ], [ 74.174, 18.34 ], [ 74.183, 18.35 ], [ 74.179, 18.362 ], [ 74.166, 18.364 ], [ 74.162, 18.376 ], [ 74.15, 18.378 ], [ 74.146, 18.39 ], [ 74.154, 18.399 ], [ 74.167, 18.398 ], [ 74.175, 18.408 ], [ 74.187, 18.406 ], [ 74.195, 18.416 ], [ 74.208, 18.414 ], [ 74.216, 18.424 ], [ 74.228, 18.422 ], [ 74.237, 18.432 ], [ 74.249, 18.43 ], [ 74.257, 18.44 ], [ 74.253, 18.452 ], [ 74.241, 18.454 ], [ 74.237, 18.466 ], [ 74.224, 18.468 ], [ 74.216, 18.458 ], [ 74.204, 18.459 ], [ 74.2, 18.471 ], [ 74.187, 18.473 ], [ 74.179, 18.463 ], [ 74.167, 18.465 ], [ 74.159, 18.455 ], [ 74.146, 18.457 ], [ 74.142, 18.469 ], [ 74.13, 18.47 ], [ 74.122, 18.46 ], [ 74.109, 18.462 ], [ 74.101, 18.452 ], [ 74.089, 18.454 ], [ 74.085, 18.466 ], [ 74.072, 18.468 ], [ 74.064, 18.458 ], [ 74.052, 18.46 ], [ 74.048, 18.471 ], [ 74.035, 18.473 ], [ 74.027, 18.463 ], [ 74.015, 18.465 ], [ 74.007, 18.455 ], [ 73.994, 18.457 ], [ 73.986, 18.447 ], [ 73.974, 18.449 ], [ 73.966, 18.439 ], [ 73.953, 18.441 ], [ 73.945, 18.431 ], [ 73.933, 18.433 ], [ 73.929, 18.444 ], [ 73.916, 18.446 ], [ 73.908, 18.436 ], [ 73.896, 18.438 ], [ 73.888, 18.428 ], [ 73.875, 18.43 ], [ 73.867, 18.42 ], [ 73.871, 18.408 ], [ 73.863, 18.398 ], [ 73.867, 18.386 ], [ 73.859, 18.376 ], [ 73.863, 18.365 ], [ 73.855, 18.355 ], [ 73.859, 18.343 ], [ 73.871, 18.341 ], [ 73.875, 18.329 ], [ 73.867, 18.319 ], [ 73.871, 18.307 ], [ 73.883, 18.306 ], [ 73.887, 18.294 ], [ 73.879, 18.284 ], [ 73.883, 18.272 ], [ 73.895, 18.27 ], [ 73.899, 18.258 ], [ 73.911, 18.256 ], [ 73.915, 18.245 ], [ 73.928, 18.243 ], [ 73.932, 18.231 ], [ 73.944, 18.229 ], [ 73.948, 18.217 ], [ 73.96, 18.216 ], [ 73.964, 18.204 ], [ 73.956, 18.194 ], [ 73.96, 18.182 ], [ 73.972, 18.18 ], [ 73.977, 18.168 ], [ 73.968, 18.158 ], [ 73.972, 18.146 ], [ 73.985, 18.145 ], [ 73.993, 18.155 ], [ 74.005, 18.153 ], [ 74.009, 18.141 ], [ 74.021, 18.139 ], [ 74.026, 18.127 ], [ 74.038, 18.125 ], [ 74.046, 18.135 ], [ 74.058, 18.133 ], [ 74.062, 18.122 ], [ 74.075, 18.12 ], [ 74.083, 18.13 ], [ 74.095, 18.128 ], [ 74.103, 18.138 ], [ 74.116, 18.136 ], [ 74.12, 18.124 ], [ 74.132, 18.122 ], [ 74.136, 18.11 ], [ 74.148, 18.108 ], [ 74.157, 18.118 ], [ 74.169, 18.117 ], [ 74.173, 18.105 ], [ 74.185, 18.103 ], [ 74.194, 18.113 ], [ 74.206, 18.111 ], [ 74.21, 18.099 ], [ 74.222, 18.097 ], [ 74.231, 18.107 ], [ 74.243, 18.105 ], [ 74.247, 18.093 ] ] ] ] } },
{ "type": "Feature", "properties": { "POLYGON.ID": 1358.0, "subregion": "India--Maharashtra--Pune--Around Pune", "FILTER": "Maharashtra", "POLYGON": "India--Maharashtra--Pune--Around Pune", "STATE": "Maharashtra", "COUNTY": "Pune", "OWNER": null }, "geometry": { "type": "MultiPolygon", "coordinates": [ [ [ [ 73.802, 18.441 ], [ 73.814, 18.439 ], [ 73.822, 18.449 ], [ 73.834, 18.447 ], [ 73.839, 18.435 ], [ 73.851, 18.433 ], [ 73.859, 18.443 ], [ 73.871, 18.442 ], [ 73.875, 18.43 ], [ 73.888, 18.428 ], [ 73.896, 18.438 ], [ 73.908, 18.436 ], [ 73.916, 18.446 ], [ 73.929, 18.444 ], [ 73.933, 18.433 ], [ 73.945, 18.431 ], [ 73.953, 18.441 ], [ 73.966, 18.439 ], [ 73.974, 18.449 ], [ 73.986, 18.447 ], [ 73.994, 18.457 ], [ 74.007, 18.455 ], [ 74.015, 18.465 ], [ 74.027, 18.463 ], [ 74.035, 18.473 ], [ 74.048, 18.471 ], [ 74.056, 18.481 ], [ 74.052, 18.493 ], [ 74.04, 18.495 ], [ 74.036, 18.507 ], [ 74.044, 18.517 ], [ 74.04, 18.529 ], [ 74.048, 18.539 ], [ 74.044, 18.55 ], [ 74.052, 18.56 ], [ 74.065, 18.559 ], [ 74.073, 18.569 ], [ 74.069, 18.58 ], [ 74.077, 18.59 ], [ 74.073, 18.602 ], [ 74.061, 18.604 ], [ 74.057, 18.616 ], [ 74.044, 18.618 ], [ 74.04, 18.629 ], [ 74.028, 18.631 ], [ 74.024, 18.643 ], [ 74.012, 18.645 ], [ 74.008, 18.657 ], [ 73.995, 18.658 ], [ 73.991, 18.67 ], [ 73.979, 18.672 ], [ 73.975, 18.684 ], [ 73.983, 18.694 ], [ 73.979, 18.705 ], [ 73.967, 18.707 ], [ 73.963, 18.719 ], [ 73.951, 18.721 ], [ 73.946, 18.733 ], [ 73.934, 18.734 ], [ 73.93, 18.746 ], [ 73.918, 18.748 ], [ 73.914, 18.76 ], [ 73.922, 18.77 ], [ 73.918, 18.782 ], [ 73.926, 18.792 ], [ 73.922, 18.803 ], [ 73.93, 18.813 ], [ 73.926, 18.825 ], [ 73.914, 18.827 ], [ 73.91, 18.839 ], [ 73.918, 18.849 ], [ 73.914, 18.86 ], [ 73.902, 18.862 ], [ 73.898, 18.874 ], [ 73.886, 18.876 ], [ 73.882, 18.887 ], [ 73.869, 18.889 ], [ 73.865, 18.901 ], [ 73.853, 18.903 ], [ 73.845, 18.893 ], [ 73.832, 18.895 ], [ 73.824, 18.885 ], [ 73.828, 18.873 ], [ 73.84, 18.871 ], [ 73.845, 18.859 ], [ 73.857, 18.857 ], [ 73.861, 18.846 ], [ 73.853, 18.836 ], [ 73.84, 18.838 ], [ 73.832, 18.828 ], [ 73.82, 18.829 ], [ 73.816, 18.841 ], [ 73.803, 18.843 ], [ 73.795, 18.833 ], [ 73.783, 18.835 ], [ 73.779, 18.846 ], [ 73.767, 18.848 ], [ 73.758, 18.838 ], [ 73.746, 18.84 ], [ 73.738, 18.83 ], [ 73.726, 18.832 ], [ 73.717, 18.822 ], [ 73.705, 18.824 ], [ 73.697, 18.814 ], [ 73.701, 18.802 ], [ 73.693, 18.792 ], [ 73.68, 18.794 ], [ 73.672, 18.784 ], [ 73.66, 18.785 ], [ 73.656, 18.797 ], [ 73.644, 18.799 ], [ 73.64, 18.811 ], [ 73.627, 18.812 ], [ 73.619, 18.803 ], [ 73.607, 18.804 ], [ 73.599, 18.794 ], [ 73.586, 18.796 ], [ 73.578, 18.786 ], [ 73.582, 18.774 ], [ 73.574, 18.764 ], [ 73.578, 18.753 ], [ 73.59, 18.751 ], [ 73.594, 18.739 ], [ 73.607, 18.737 ], [ 73.615, 18.747 ], [ 73.627, 18.746 ], [ 73.631, 18.734 ], [ 73.643, 18.732 ], [ 73.647, 18.72 ], [ 73.66, 18.719 ], [ 73.668, 18.729 ], [ 73.68, 18.727 ], [ 73.684, 18.715 ], [ 73.676, 18.705 ], [ 73.68, 18.693 ], [ 73.672, 18.683 ], [ 73.676, 18.672 ], [ 73.668, 18.662 ], [ 73.672, 18.65 ], [ 73.664, 18.64 ], [ 73.668, 18.628 ], [ 73.68, 18.626 ], [ 73.684, 18.615 ], [ 73.696, 18.613 ], [ 73.704, 18.623 ], [ 73.717, 18.621 ], [ 73.721, 18.609 ], [ 73.712, 18.599 ], [ 73.716, 18.587 ], [ 73.708, 18.577 ], [ 73.712, 18.566 ], [ 73.725, 18.564 ], [ 73.733, 18.574 ], [ 73.745, 18.572 ], [ 73.749, 18.56 ], [ 73.761, 18.559 ], [ 73.765, 18.547 ], [ 73.778, 18.545 ], [ 73.782, 18.533 ], [ 73.794, 18.531 ], [ 73.798, 18.52 ], [ 73.79, 18.51 ], [ 73.794, 18.498 ], [ 73.806, 18.496 ], [ 73.81, 18.484 ], [ 73.802, 18.474 ], [ 73.806, 18.463 ], [ 73.798, 18.453 ], [ 73.802, 18.441 ] ] ] ] } },
{ "type": "Feature", "properties": { "POLYGON.ID": 1359.0, "subregion": "India--Maharashtra--Pune--Ghats transition", "FILTER": "Maharashtra", "POLYGON": "India--Maharashtra--Pune--Ghats transition", "STATE": "Maharashtra", "COUNTY": "Pune", "OWNER": null }, "geometry": { "type": "MultiPolygon", "coordinates": [ [ [ [ 73.927, 18.992 ], [ 73.923, 19.004 ], [ 73.931, 19.014 ], [ 73.944, 19.012 ], [ 73.952, 19.022 ], [ 73.964, 19.021 ], [ 73.973, 19.031 ], [ 73.968, 19.042 ], [ 73.977, 19.052 ], [ 73.989, 19.051 ], [ 73.993, 19.039 ], [ 74.005, 19.037 ], [ 74.014, 19.047 ], [ 74.01, 19.059 ], [ 74.018, 19.069 ], [ 74.014, 19.081 ], [ 74.002, 19.082 ], [ 73.998, 19.094 ], [ 73.985, 19.096 ], [ 73.981, 19.108 ], [ 73.969, 19.109 ], [ 73.965, 19.121 ], [ 73.952, 19.123 ], [ 73.948, 19.135 ], [ 73.936, 19.136 ], [ 73.932, 19.148 ], [ 73.92, 19.15 ], [ 73.916, 19.162 ], [ 73.903, 19.163 ], [ 73.899, 19.175 ], [ 73.908, 19.185 ], [ 73.903, 19.197 ], [ 73.912, 19.207 ], [ 73.908, 19.218 ], [ 73.916, 19.228 ], [ 73.912, 19.24 ], [ 73.92, 19.25 ], [ 73.916, 19.262 ], [ 73.924, 19.272 ], [ 73.937, 19.27 ], [ 73.945, 19.28 ], [ 73.957, 19.278 ], [ 73.966, 19.288 ], [ 73.978, 19.287 ], [ 73.986, 19.297 ], [ 73.999, 19.295 ], [ 74.007, 19.305 ], [ 74.019, 19.303 ], [ 74.027, 19.313 ], [ 74.023, 19.325 ], [ 74.032, 19.335 ], [ 74.028, 19.346 ], [ 74.015, 19.348 ], [ 74.011, 19.36 ], [ 73.999, 19.362 ], [ 73.991, 19.352 ], [ 73.978, 19.353 ], [ 73.974, 19.365 ], [ 73.962, 19.367 ], [ 73.954, 19.357 ], [ 73.958, 19.345 ], [ 73.949, 19.335 ], [ 73.937, 19.337 ], [ 73.929, 19.327 ], [ 73.916, 19.329 ], [ 73.908, 19.319 ], [ 73.896, 19.32 ], [ 73.888, 19.311 ], [ 73.892, 19.299 ], [ 73.883, 19.289 ], [ 73.871, 19.291 ], [ 73.863, 19.281 ], [ 73.85, 19.282 ], [ 73.842, 19.272 ], [ 73.846, 19.261 ], [ 73.838, 19.251 ], [ 73.842, 19.239 ], [ 73.854, 19.237 ], [ 73.858, 19.225 ], [ 73.85, 19.215 ], [ 73.838, 19.217 ], [ 73.83, 19.207 ], [ 73.817, 19.209 ], [ 73.809, 19.199 ], [ 73.813, 19.187 ], [ 73.825, 19.186 ], [ 73.829, 19.174 ], [ 73.821, 19.164 ], [ 73.825, 19.152 ], [ 73.838, 19.15 ], [ 73.842, 19.139 ], [ 73.854, 19.137 ], [ 73.858, 19.125 ], [ 73.87, 19.123 ], [ 73.874, 19.112 ], [ 73.887, 19.11 ], [ 73.891, 19.098 ], [ 73.882, 19.088 ], [ 73.887, 19.076 ], [ 73.878, 19.066 ], [ 73.866, 19.068 ], [ 73.858, 19.058 ], [ 73.845, 19.06 ], [ 73.837, 19.05 ], [ 73.825, 19.052 ], [ 73.821, 19.064 ], [ 73.809, 19.065 ], [ 73.8, 19.055 ], [ 73.788, 19.057 ], [ 73.78, 19.047 ], [ 73.767, 19.049 ], [ 73.759, 19.039 ], [ 73.747, 19.041 ], [ 73.739, 19.031 ], [ 73.743, 19.019 ], [ 73.755, 19.017 ], [ 73.759, 19.005 ], [ 73.771, 19.004 ], [ 73.775, 18.992 ], [ 73.788, 18.99 ], [ 73.792, 18.978 ], [ 73.804, 18.977 ], [ 73.808, 18.965 ], [ 73.8, 18.955 ], [ 73.804, 18.943 ], [ 73.796, 18.933 ], [ 73.783, 18.935 ], [ 73.775, 18.925 ], [ 73.763, 18.927 ], [ 73.759, 18.939 ], [ 73.747, 18.94 ], [ 73.742, 18.952 ], [ 73.73, 18.954 ], [ 73.722, 18.944 ], [ 73.726, 18.932 ], [ 73.718, 18.922 ], [ 73.722, 18.91 ], [ 73.714, 18.9 ], [ 73.701, 18.902 ], [ 73.697, 18.914 ], [ 73.685, 18.916 ], [ 73.677, 18.906 ], [ 73.681, 18.894 ], [ 73.673, 18.884 ], [ 73.677, 18.872 ], [ 73.689, 18.871 ], [ 73.693, 18.859 ], [ 73.705, 18.857 ], [ 73.713, 18.867 ], [ 73.726, 18.865 ], [ 73.73, 18.854 ], [ 73.722, 18.844 ], [ 73.726, 18.832 ], [ 73.738, 18.83 ], [ 73.746, 18.84 ], [ 73.758, 18.838 ], [ 73.767, 18.848 ], [ 73.779, 18.846 ], [ 73.783, 18.835 ], [ 73.795, 18.833 ], [ 73.803, 18.843 ], [ 73.816, 18.841 ], [ 73.82, 18.829 ], [ 73.832, 18.828 ], [ 73.84, 18.838 ], [ 73.853, 18.836 ], [ 73.861, 18.846 ], [ 73.857, 18.857 ], [ 73.845, 18.859 ], [ 73.84, 18.871 ], [ 73.828, 18.873 ], [ 73.824, 18.885 ], [ 73.832, 18.895 ], [ 73.845, 18.893 ], [ 73.853, 18.903 ], [ 73.865, 18.901 ], [ 73.869, 18.889 ], [ 73.882, 18.887 ], [ 73.886, 18.876 ], [ 73.898, 18.874 ], [ 73.902, 18.862 ], [ 73.914, 18.86 ], [ 73.918, 18.849 ], [ 73.91, 18.839 ], [ 73.914, 18.827 ], [ 73.926, 18.825 ], [ 73.935, 18.835 ], [ 73.947, 18.833 ], [ 73.951, 18.821 ], [ 73.963, 18.82 ], [ 73.972, 18.83 ], [ 73.984, 18.828 ], [ 73.988, 18.816 ], [ 74.0, 18.814 ], [ 74.008, 18.824 ], [ 74.021, 18.822 ], [ 74.029, 18.832 ], [ 74.041, 18.831 ], [ 74.045, 18.819 ], [ 74.058, 18.817 ], [ 74.066, 18.827 ], [ 74.078, 18.825 ], [ 74.087, 18.835 ], [ 74.099, 18.833 ], [ 74.107, 18.843 ], [ 74.12, 18.842 ], [ 74.128, 18.852 ], [ 74.14, 18.85 ], [ 74.148, 18.86 ], [ 74.161, 18.858 ], [ 74.169, 18.868 ], [ 74.165, 18.88 ], [ 74.173, 18.89 ], [ 74.169, 18.901 ], [ 74.157, 18.903 ], [ 74.153, 18.915 ], [ 74.141, 18.917 ], [ 74.132, 18.907 ], [ 74.12, 18.909 ], [ 74.116, 18.92 ], [ 74.124, 18.93 ], [ 74.12, 18.942 ], [ 74.108, 18.944 ], [ 74.104, 18.956 ], [ 74.091, 18.958 ], [ 74.087, 18.969 ], [ 74.075, 18.971 ], [ 74.071, 18.983 ], [ 74.059, 18.985 ], [ 74.05, 18.975 ], [ 74.038, 18.976 ], [ 74.03, 18.966 ], [ 74.017, 18.968 ], [ 74.009, 18.958 ], [ 73.997, 18.96 ], [ 73.989, 18.95 ], [ 73.993, 18.938 ], [ 73.984, 18.928 ], [ 73.972, 18.93 ], [ 73.968, 18.942 ], [ 73.956, 18.944 ], [ 73.947, 18.934 ], [ 73.935, 18.935 ], [ 73.927, 18.926 ], [ 73.915, 18.927 ], [ 73.91, 18.939 ], [ 73.898, 18.941 ], [ 73.894, 18.953 ], [ 73.902, 18.963 ], [ 73.898, 18.974 ], [ 73.907, 18.984 ], [ 73.919, 18.983 ], [ 73.927, 18.992 ] ] ] ] } },
{ "type": "Feature", "properties": { "POLYGON.ID": 1360.0, "subregion": "India--Maharashtra--Pune--Ujjani Reservoir", "FILTER": "Maharashtra", "POLYGON": "India--Maharashtra--Pune--Ujjani Reservoir", "STATE": "Maharashtra", "COUNTY": "Pune", "OWNER": null }, "geometry": { "type": "MultiPolygon", "coordinates": [ [ [ [ 74.852, 18.384 ], [ 74.839, 18.386 ], [ 74.835, 18.398 ], [ 74.823, 18.4 ], [ 74.819, 18.411 ], [ 74.807, 18.413 ], [ 74.798, 18.403 ], [ 74.786, 18.405 ], [ 74.777, 18.395 ], [ 74.781, 18.383 ], [ 74.773, 18.373 ], [ 74.777, 18.361 ], [ 74.769, 18.351 ], [ 74.773, 18.34 ], [ 74.785, 18.338 ], [ 74.789, 18.326 ], [ 74.781, 18.316 ], [ 74.768, 18.318 ], [ 74.76, 18.308 ], [ 74.748, 18.31 ], [ 74.739, 18.3 ], [ 74.743, 18.288 ], [ 74.756, 18.286 ], [ 74.76, 18.274 ], [ 74.752, 18.264 ], [ 74.756, 18.252 ], [ 74.768, 18.25 ], [ 74.772, 18.238 ], [ 74.764, 18.228 ], [ 74.768, 18.216 ], [ 74.78, 18.214 ], [ 74.788, 18.224 ], [ 74.801, 18.223 ], [ 74.805, 18.211 ], [ 74.817, 18.209 ], [ 74.826, 18.219 ], [ 74.838, 18.217 ], [ 74.842, 18.205 ], [ 74.855, 18.203 ], [ 74.863, 18.213 ], [ 74.875, 18.211 ], [ 74.884, 18.221 ], [ 74.896, 18.219 ], [ 74.905, 18.229 ], [ 74.917, 18.227 ], [ 74.921, 18.215 ], [ 74.933, 18.213 ], [ 74.942, 18.223 ], [ 74.954, 18.221 ], [ 74.958, 18.21 ], [ 74.971, 18.208 ], [ 74.975, 18.196 ], [ 74.966, 18.186 ], [ 74.971, 18.174 ], [ 74.962, 18.164 ], [ 74.966, 18.152 ], [ 74.979, 18.15 ], [ 74.987, 18.16 ], [ 74.999, 18.158 ], [ 75.008, 18.168 ], [ 75.02, 18.166 ], [ 75.029, 18.176 ], [ 75.041, 18.174 ], [ 75.045, 18.162 ], [ 75.037, 18.152 ], [ 75.041, 18.14 ], [ 75.053, 18.138 ], [ 75.057, 18.126 ], [ 75.049, 18.116 ], [ 75.053, 18.104 ], [ 75.065, 18.103 ], [ 75.069, 18.091 ], [ 75.082, 18.089 ], [ 75.086, 18.077 ], [ 75.098, 18.075 ], [ 75.102, 18.063 ], [ 75.115, 18.061 ], [ 75.119, 18.049 ], [ 75.131, 18.047 ], [ 75.14, 18.057 ], [ 75.152, 18.055 ], [ 75.161, 18.065 ], [ 75.173, 18.063 ], [ 75.182, 18.073 ], [ 75.194, 18.071 ], [ 75.202, 18.081 ], [ 75.198, 18.093 ], [ 75.207, 18.103 ], [ 75.203, 18.115 ], [ 75.211, 18.125 ], [ 75.207, 18.137 ], [ 75.216, 18.147 ], [ 75.212, 18.159 ], [ 75.199, 18.161 ], [ 75.195, 18.173 ], [ 75.183, 18.175 ], [ 75.178, 18.187 ], [ 75.187, 18.197 ], [ 75.183, 18.209 ], [ 75.17, 18.211 ], [ 75.166, 18.222 ], [ 75.154, 18.224 ], [ 75.15, 18.236 ], [ 75.137, 18.238 ], [ 75.133, 18.25 ], [ 75.121, 18.252 ], [ 75.117, 18.264 ], [ 75.104, 18.266 ], [ 75.096, 18.256 ], [ 75.083, 18.258 ], [ 75.079, 18.27 ], [ 75.088, 18.28 ], [ 75.084, 18.292 ], [ 75.071, 18.294 ], [ 75.067, 18.306 ], [ 75.076, 18.316 ], [ 75.072, 18.328 ], [ 75.059, 18.329 ], [ 75.051, 18.319 ], [ 75.038, 18.321 ], [ 75.03, 18.311 ], [ 75.017, 18.313 ], [ 75.009, 18.303 ], [ 75.013, 18.291 ], [ 75.005, 18.281 ], [ 74.992, 18.283 ], [ 74.988, 18.295 ], [ 74.976, 18.297 ], [ 74.972, 18.309 ], [ 74.959, 18.311 ], [ 74.951, 18.301 ], [ 74.938, 18.303 ], [ 74.93, 18.293 ], [ 74.918, 18.295 ], [ 74.909, 18.285 ], [ 74.897, 18.287 ], [ 74.888, 18.277 ], [ 74.876, 18.279 ], [ 74.868, 18.269 ], [ 74.855, 18.271 ], [ 74.851, 18.283 ], [ 74.859, 18.292 ], [ 74.855, 18.304 ], [ 74.864, 18.314 ], [ 74.86, 18.326 ], [ 74.868, 18.336 ], [ 74.864, 18.348 ], [ 74.872, 18.358 ], [ 74.868, 18.37 ], [ 74.856, 18.372 ], [ 74.852, 18.384 ] ] ] ] } },
{ "type": "Feature", "properties": { "POLYGON.ID": 1365.0, "subregion": "India--Maharashtra–Nagpur--Umred Karhandla WLS", "FILTER": "Maharashtra", "POLYGON": "India--Maharashtra–Nagpur--Umred Karhandla WLS", "STATE": "Maharashtra", "COUNTY": "Nagpur", "OWNER": null }, "geometry": { "type": "MultiPolygon", "coordinates": [ [ [ [ 79.393, 20.899 ], [ 79.384, 20.889 ], [ 79.37, 20.891 ], [ 79.361, 20.881 ], [ 79.365, 20.869 ], [ 79.379, 20.867 ], [ 79.383, 20.855 ], [ 79.374, 20.845 ], [ 79.378, 20.833 ], [ 79.369, 20.823 ], [ 79.373, 20.811 ], [ 79.386, 20.809 ], [ 79.39, 20.797 ], [ 79.403, 20.795 ], [ 79.407, 20.783 ], [ 79.421, 20.78 ], [ 79.43, 20.79 ], [ 79.443, 20.788 ], [ 79.452, 20.798 ], [ 79.465, 20.796 ], [ 79.469, 20.784 ], [ 79.482, 20.782 ], [ 79.491, 20.792 ], [ 79.504, 20.79 ], [ 79.514, 20.8 ], [ 79.509, 20.812 ], [ 79.519, 20.822 ], [ 79.514, 20.834 ], [ 79.523, 20.844 ], [ 79.537, 20.842 ], [ 79.546, 20.852 ], [ 79.559, 20.85 ], [ 79.563, 20.838 ], [ 79.576, 20.836 ], [ 79.585, 20.846 ], [ 79.598, 20.844 ], [ 79.608, 20.854 ], [ 79.621, 20.852 ], [ 79.63, 20.862 ], [ 79.626, 20.874 ], [ 79.635, 20.884 ], [ 79.648, 20.882 ], [ 79.657, 20.892 ], [ 79.653, 20.904 ], [ 79.662, 20.914 ], [ 79.675, 20.912 ], [ 79.684, 20.922 ], [ 79.68, 20.934 ], [ 79.689, 20.944 ], [ 79.685, 20.956 ], [ 79.694, 20.966 ], [ 79.69, 20.978 ], [ 79.677, 20.98 ], [ 79.673, 20.992 ], [ 79.66, 20.994 ], [ 79.655, 21.007 ], [ 79.642, 21.009 ], [ 79.638, 21.021 ], [ 79.625, 21.023 ], [ 79.616, 21.013 ], [ 79.62, 21.001 ], [ 79.611, 20.991 ], [ 79.615, 20.979 ], [ 79.606, 20.969 ], [ 79.61, 20.957 ], [ 79.601, 20.947 ], [ 79.588, 20.949 ], [ 79.579, 20.939 ], [ 79.566, 20.941 ], [ 79.556, 20.931 ], [ 79.543, 20.933 ], [ 79.534, 20.923 ], [ 79.521, 20.925 ], [ 79.517, 20.937 ], [ 79.504, 20.939 ], [ 79.495, 20.929 ], [ 79.482, 20.931 ], [ 79.472, 20.921 ], [ 79.459, 20.923 ], [ 79.45, 20.913 ], [ 79.437, 20.915 ], [ 79.428, 20.905 ], [ 79.415, 20.907 ], [ 79.406, 20.897 ], [ 79.393, 20.899 ] ] ] ] } },
{ "type": "Feature", "properties": { "POLYGON.ID": 1364.0, "subregion": "India--Maharashtra–Pench NP", "FILTER": "Maharashtra", "POLYGON": "India--Maharashtra–Pench NP", "STATE": "Maharashtra", "COUNTY": "spl_region", "OWNER": null }, "geometry": { "type": "MultiPolygon", "coordinates": [ [ [ [ 78.996, 21.439 ], [ 79.005, 21.449 ], [ 79.018, 21.447 ], [ 79.022, 21.435 ], [ 79.036, 21.433 ], [ 79.04, 21.421 ], [ 79.053, 21.419 ], [ 79.057, 21.407 ], [ 79.07, 21.405 ], [ 79.079, 21.415 ], [ 79.092, 21.413 ], [ 79.096, 21.401 ], [ 79.11, 21.399 ], [ 79.114, 21.387 ], [ 79.127, 21.385 ], [ 79.136, 21.395 ], [ 79.149, 21.393 ], [ 79.153, 21.381 ], [ 79.166, 21.379 ], [ 79.175, 21.389 ], [ 79.188, 21.387 ], [ 79.198, 21.397 ], [ 79.211, 21.395 ], [ 79.22, 21.405 ], [ 79.233, 21.403 ], [ 79.242, 21.413 ], [ 79.255, 21.411 ], [ 79.264, 21.421 ], [ 79.277, 21.419 ], [ 79.281, 21.407 ], [ 79.295, 21.405 ], [ 79.299, 21.393 ], [ 79.312, 21.391 ], [ 79.316, 21.379 ], [ 79.329, 21.377 ], [ 79.338, 21.387 ], [ 79.334, 21.399 ], [ 79.343, 21.409 ], [ 79.356, 21.407 ], [ 79.365, 21.417 ], [ 79.379, 21.415 ], [ 79.388, 21.425 ], [ 79.401, 21.423 ], [ 79.405, 21.411 ], [ 79.418, 21.409 ], [ 79.422, 21.397 ], [ 79.436, 21.395 ], [ 79.44, 21.383 ], [ 79.453, 21.381 ], [ 79.462, 21.391 ], [ 79.475, 21.389 ], [ 79.479, 21.377 ], [ 79.492, 21.375 ], [ 79.501, 21.385 ], [ 79.515, 21.383 ], [ 79.524, 21.393 ], [ 79.537, 21.391 ], [ 79.541, 21.378 ], [ 79.554, 21.376 ], [ 79.563, 21.386 ], [ 79.577, 21.384 ], [ 79.586, 21.394 ], [ 79.599, 21.392 ], [ 79.608, 21.402 ], [ 79.621, 21.4 ], [ 79.63, 21.41 ], [ 79.643, 21.408 ], [ 79.653, 21.418 ], [ 79.666, 21.416 ], [ 79.675, 21.426 ], [ 79.688, 21.424 ], [ 79.697, 21.434 ], [ 79.71, 21.432 ], [ 79.72, 21.442 ], [ 79.733, 21.44 ], [ 79.742, 21.45 ], [ 79.755, 21.448 ], [ 79.764, 21.458 ], [ 79.777, 21.456 ], [ 79.787, 21.466 ], [ 79.8, 21.464 ], [ 79.809, 21.474 ], [ 79.822, 21.472 ], [ 79.831, 21.482 ], [ 79.827, 21.494 ], [ 79.836, 21.504 ], [ 79.85, 21.502 ], [ 79.859, 21.512 ], [ 79.855, 21.524 ], [ 79.864, 21.534 ], [ 79.86, 21.546 ], [ 79.869, 21.556 ], [ 79.882, 21.554 ], [ 79.891, 21.564 ], [ 79.887, 21.576 ], [ 79.896, 21.586 ], [ 79.909, 21.584 ], [ 79.918, 21.594 ], [ 79.914, 21.606 ], [ 79.924, 21.616 ], [ 79.919, 21.628 ], [ 79.929, 21.638 ], [ 79.942, 21.636 ], [ 79.951, 21.646 ], [ 79.947, 21.658 ], [ 79.956, 21.668 ], [ 79.952, 21.68 ], [ 79.961, 21.69 ], [ 79.974, 21.688 ], [ 79.983, 21.698 ], [ 79.979, 21.71 ], [ 79.988, 21.72 ], [ 79.984, 21.732 ], [ 79.993, 21.742 ], [ 79.989, 21.754 ], [ 79.998, 21.764 ], [ 79.994, 21.776 ], [ 80.003, 21.786 ], [ 79.999, 21.798 ], [ 79.986, 21.8 ], [ 79.982, 21.812 ], [ 79.991, 21.822 ], [ 79.987, 21.834 ], [ 79.996, 21.844 ], [ 79.992, 21.856 ], [ 80.001, 21.866 ], [ 79.997, 21.878 ], [ 80.006, 21.888 ], [ 80.002, 21.9 ], [ 80.011, 21.91 ], [ 80.007, 21.922 ], [ 79.994, 21.924 ], [ 79.99, 21.936 ], [ 79.999, 21.946 ], [ 79.995, 21.958 ], [ 79.981, 21.96 ], [ 79.977, 21.972 ], [ 79.986, 21.982 ], [ 79.982, 21.994 ], [ 79.992, 22.004 ], [ 79.987, 22.016 ], [ 79.997, 22.026 ], [ 79.992, 22.038 ], [ 79.979, 22.04 ], [ 79.975, 22.052 ], [ 79.984, 22.062 ], [ 79.98, 22.074 ], [ 79.989, 22.084 ], [ 80.002, 22.082 ], [ 80.012, 22.092 ], [ 80.025, 22.09 ], [ 80.034, 22.1 ], [ 80.03, 22.112 ], [ 80.039, 22.122 ], [ 80.035, 22.134 ], [ 80.044, 22.144 ], [ 80.04, 22.156 ], [ 80.049, 22.166 ], [ 80.045, 22.178 ], [ 80.054, 22.188 ], [ 80.068, 22.186 ], [ 80.077, 22.196 ], [ 80.073, 22.208 ], [ 80.082, 22.218 ], [ 80.078, 22.23 ], [ 80.087, 22.24 ], [ 80.083, 22.252 ], [ 80.092, 22.262 ], [ 80.105, 22.26 ], [ 80.114, 22.27 ], [ 80.11, 22.282 ], [ 80.097, 22.284 ], [ 80.093, 22.296 ], [ 80.102, 22.306 ], [ 80.098, 22.318 ], [ 80.107, 22.328 ], [ 80.103, 22.34 ], [ 80.112, 22.35 ], [ 80.108, 22.362 ], [ 80.095, 22.364 ], [ 80.091, 22.376 ], [ 80.077, 22.378 ], [ 80.073, 22.39 ], [ 80.082, 22.4 ], [ 80.078, 22.412 ], [ 80.065, 22.414 ], [ 80.061, 22.426 ], [ 80.047, 22.428 ], [ 80.038, 22.418 ], [ 80.025, 22.42 ], [ 80.016, 22.41 ], [ 80.02, 22.398 ], [ 80.011, 22.388 ], [ 79.997, 22.39 ], [ 79.988, 22.38 ], [ 79.992, 22.368 ], [ 79.983, 22.358 ], [ 79.97, 22.36 ], [ 79.961, 22.35 ], [ 79.965, 22.338 ], [ 79.956, 22.328 ], [ 79.942, 22.33 ], [ 79.933, 22.32 ], [ 79.92, 22.322 ], [ 79.911, 22.312 ], [ 79.915, 22.3 ], [ 79.906, 22.29 ], [ 79.892, 22.292 ], [ 79.883, 22.282 ], [ 79.87, 22.284 ], [ 79.861, 22.274 ], [ 79.848, 22.276 ], [ 79.838, 22.266 ], [ 79.825, 22.268 ], [ 79.816, 22.258 ], [ 79.803, 22.26 ], [ 79.794, 22.25 ], [ 79.78, 22.252 ], [ 79.771, 22.242 ], [ 79.775, 22.23 ], [ 79.766, 22.22 ], [ 79.77, 22.208 ], [ 79.761, 22.198 ], [ 79.765, 22.186 ], [ 79.779, 22.184 ], [ 79.783, 22.172 ], [ 79.774, 22.162 ], [ 79.778, 22.15 ], [ 79.791, 22.148 ], [ 79.795, 22.136 ], [ 79.808, 22.134 ], [ 79.812, 22.122 ], [ 79.826, 22.12 ], [ 79.83, 22.108 ], [ 79.821, 22.098 ], [ 79.825, 22.086 ], [ 79.816, 22.076 ], [ 79.82, 22.065 ], [ 79.811, 22.055 ], [ 79.815, 22.043 ], [ 79.806, 22.033 ], [ 79.792, 22.035 ], [ 79.788, 22.047 ], [ 79.775, 22.049 ], [ 79.771, 22.061 ], [ 79.758, 22.063 ], [ 79.748, 22.053 ], [ 79.735, 22.055 ], [ 79.731, 22.067 ], [ 79.718, 22.069 ], [ 79.709, 22.059 ], [ 79.695, 22.061 ], [ 79.686, 22.051 ], [ 79.673, 22.053 ], [ 79.669, 22.065 ], [ 79.656, 22.067 ], [ 79.652, 22.079 ], [ 79.638, 22.081 ], [ 79.634, 22.093 ], [ 79.621, 22.094 ], [ 79.612, 22.085 ], [ 79.599, 22.087 ], [ 79.589, 22.077 ], [ 79.576, 22.079 ], [ 79.567, 22.069 ], [ 79.554, 22.071 ], [ 79.545, 22.061 ], [ 79.549, 22.049 ], [ 79.54, 22.039 ], [ 79.527, 22.041 ], [ 79.517, 22.031 ], [ 79.504, 22.033 ], [ 79.495, 22.023 ], [ 79.482, 22.025 ], [ 79.478, 22.037 ], [ 79.465, 22.038 ], [ 79.455, 22.029 ], [ 79.442, 22.03 ], [ 79.438, 22.042 ], [ 79.425, 22.044 ], [ 79.421, 22.056 ], [ 79.408, 22.058 ], [ 79.398, 22.048 ], [ 79.385, 22.05 ], [ 79.376, 22.04 ], [ 79.363, 22.042 ], [ 79.359, 22.054 ], [ 79.346, 22.056 ], [ 79.337, 22.046 ], [ 79.341, 22.034 ], [ 79.332, 22.024 ], [ 79.318, 22.026 ], [ 79.309, 22.016 ], [ 79.313, 22.004 ], [ 79.304, 21.994 ], [ 79.291, 21.996 ], [ 79.282, 21.986 ], [ 79.286, 21.974 ], [ 79.277, 21.964 ], [ 79.264, 21.966 ], [ 79.255, 21.956 ], [ 79.259, 21.944 ], [ 79.25, 21.934 ], [ 79.237, 21.936 ], [ 79.228, 21.926 ], [ 79.232, 21.914 ], [ 79.223, 21.904 ], [ 79.21, 21.906 ], [ 79.201, 21.896 ], [ 79.187, 21.898 ], [ 79.178, 21.888 ], [ 79.182, 21.876 ], [ 79.173, 21.866 ], [ 79.16, 21.868 ], [ 79.151, 21.858 ], [ 79.155, 21.846 ], [ 79.146, 21.837 ], [ 79.133, 21.838 ], [ 79.124, 21.828 ], [ 79.128, 21.817 ], [ 79.119, 21.807 ], [ 79.123, 21.795 ], [ 79.114, 21.785 ], [ 79.118, 21.773 ], [ 79.109, 21.763 ], [ 79.113, 21.751 ], [ 79.104, 21.741 ], [ 79.108, 21.729 ], [ 79.099, 21.719 ], [ 79.103, 21.707 ], [ 79.117, 21.705 ], [ 79.121, 21.693 ], [ 79.112, 21.683 ], [ 79.116, 21.671 ], [ 79.107, 21.661 ], [ 79.094, 21.663 ], [ 79.085, 21.653 ], [ 79.089, 21.641 ], [ 79.08, 21.631 ], [ 79.067, 21.633 ], [ 79.058, 21.623 ], [ 79.044, 21.625 ], [ 79.035, 21.615 ], [ 79.022, 21.617 ], [ 79.013, 21.607 ], [ 79.0, 21.609 ], [ 78.996, 21.621 ], [ 78.983, 21.623 ], [ 78.974, 21.613 ], [ 78.961, 21.615 ], [ 78.952, 21.605 ], [ 78.938, 21.607 ], [ 78.929, 21.597 ], [ 78.916, 21.599 ], [ 78.907, 21.589 ], [ 78.911, 21.577 ], [ 78.902, 21.567 ], [ 78.906, 21.555 ], [ 78.897, 21.545 ], [ 78.902, 21.533 ], [ 78.915, 21.531 ], [ 78.919, 21.519 ], [ 78.932, 21.517 ], [ 78.936, 21.505 ], [ 78.927, 21.495 ], [ 78.931, 21.483 ], [ 78.944, 21.481 ], [ 78.948, 21.469 ], [ 78.962, 21.467 ], [ 78.966, 21.455 ], [ 78.979, 21.453 ], [ 78.983, 21.441 ], [ 78.996, 21.439 ] ], [ [ 79.635, 21.615 ], [ 79.626, 21.605 ], [ 79.613, 21.607 ], [ 79.609, 21.619 ], [ 79.618, 21.629 ], [ 79.631, 21.627 ], [ 79.635, 21.615 ] ] ] ] } },
{ "type": "Feature", "properties": { "POLYGON.ID": 1363.0, "subregion": "India--Maharashtra--Amravati--Hills", "FILTER": "Maharashtra", "POLYGON": "India--Maharashtra--Amravati--Hills", "STATE": "Maharashtra", "COUNTY": "Amravati", "OWNER": null }, "geometry": { "type": "MultiPolygon", "coordinates": [ [ [ [ 76.969, 21.654 ], [ 76.956, 21.656 ], [ 76.948, 21.646 ], [ 76.935, 21.647 ], [ 76.926, 21.637 ], [ 76.93, 21.626 ], [ 76.921, 21.616 ], [ 76.908, 21.617 ], [ 76.9, 21.607 ], [ 76.887, 21.609 ], [ 76.878, 21.599 ], [ 76.865, 21.601 ], [ 76.861, 21.613 ], [ 76.848, 21.615 ], [ 76.839, 21.605 ], [ 76.844, 21.593 ], [ 76.835, 21.583 ], [ 76.822, 21.585 ], [ 76.818, 21.596 ], [ 76.805, 21.598 ], [ 76.796, 21.588 ], [ 76.8, 21.576 ], [ 76.792, 21.566 ], [ 76.779, 21.568 ], [ 76.77, 21.558 ], [ 76.774, 21.546 ], [ 76.765, 21.536 ], [ 76.77, 21.525 ], [ 76.761, 21.515 ], [ 76.765, 21.503 ], [ 76.778, 21.501 ], [ 76.782, 21.489 ], [ 76.795, 21.487 ], [ 76.799, 21.476 ], [ 76.79, 21.466 ], [ 76.777, 21.467 ], [ 76.769, 21.457 ], [ 76.756, 21.459 ], [ 76.747, 21.449 ], [ 76.751, 21.437 ], [ 76.742, 21.427 ], [ 76.746, 21.416 ], [ 76.738, 21.406 ], [ 76.725, 21.407 ], [ 76.716, 21.397 ], [ 76.703, 21.399 ], [ 76.695, 21.389 ], [ 76.682, 21.391 ], [ 76.673, 21.381 ], [ 76.677, 21.369 ], [ 76.668, 21.359 ], [ 76.656, 21.361 ], [ 76.647, 21.351 ], [ 76.634, 21.353 ], [ 76.625, 21.343 ], [ 76.63, 21.331 ], [ 76.621, 21.321 ], [ 76.625, 21.309 ], [ 76.638, 21.307 ], [ 76.642, 21.296 ], [ 76.655, 21.294 ], [ 76.659, 21.282 ], [ 76.672, 21.28 ], [ 76.68, 21.29 ], [ 76.693, 21.288 ], [ 76.697, 21.277 ], [ 76.71, 21.275 ], [ 76.719, 21.285 ], [ 76.732, 21.283 ], [ 76.736, 21.271 ], [ 76.749, 21.269 ], [ 76.753, 21.258 ], [ 76.744, 21.248 ], [ 76.748, 21.236 ], [ 76.761, 21.234 ], [ 76.765, 21.222 ], [ 76.756, 21.212 ], [ 76.76, 21.2 ], [ 76.773, 21.199 ], [ 76.777, 21.187 ], [ 76.769, 21.177 ], [ 76.773, 21.165 ], [ 76.786, 21.163 ], [ 76.794, 21.173 ], [ 76.807, 21.171 ], [ 76.811, 21.16 ], [ 76.824, 21.158 ], [ 76.833, 21.168 ], [ 76.846, 21.166 ], [ 76.854, 21.176 ], [ 76.867, 21.174 ], [ 76.871, 21.162 ], [ 76.884, 21.16 ], [ 76.893, 21.17 ], [ 76.906, 21.169 ], [ 76.914, 21.179 ], [ 76.927, 21.177 ], [ 76.936, 21.187 ], [ 76.949, 21.185 ], [ 76.953, 21.173 ], [ 76.966, 21.171 ], [ 76.975, 21.181 ], [ 76.987, 21.179 ], [ 76.996, 21.189 ], [ 77.009, 21.188 ], [ 77.013, 21.176 ], [ 77.026, 21.174 ], [ 77.035, 21.184 ], [ 77.048, 21.182 ], [ 77.056, 21.192 ], [ 77.069, 21.19 ], [ 77.073, 21.178 ], [ 77.086, 21.177 ], [ 77.095, 21.187 ], [ 77.108, 21.185 ], [ 77.117, 21.195 ], [ 77.13, 21.193 ], [ 77.138, 21.203 ], [ 77.151, 21.201 ], [ 77.155, 21.189 ], [ 77.168, 21.187 ], [ 77.177, 21.197 ], [ 77.19, 21.196 ], [ 77.199, 21.206 ], [ 77.212, 21.204 ], [ 77.22, 21.214 ], [ 77.233, 21.212 ], [ 77.242, 21.222 ], [ 77.255, 21.22 ], [ 77.264, 21.23 ], [ 77.277, 21.228 ], [ 77.285, 21.238 ], [ 77.298, 21.236 ], [ 77.302, 21.224 ], [ 77.315, 21.223 ], [ 77.324, 21.233 ], [ 77.337, 21.231 ], [ 77.346, 21.241 ], [ 77.359, 21.239 ], [ 77.368, 21.249 ], [ 77.381, 21.247 ], [ 77.389, 21.257 ], [ 77.402, 21.255 ], [ 77.411, 21.265 ], [ 77.424, 21.263 ], [ 77.433, 21.273 ], [ 77.446, 21.272 ], [ 77.455, 21.282 ], [ 77.45, 21.293 ], [ 77.459, 21.303 ], [ 77.455, 21.315 ], [ 77.442, 21.317 ], [ 77.438, 21.329 ], [ 77.447, 21.339 ], [ 77.46, 21.337 ], [ 77.469, 21.347 ], [ 77.482, 21.345 ], [ 77.49, 21.355 ], [ 77.503, 21.353 ], [ 77.512, 21.363 ], [ 77.525, 21.362 ], [ 77.529, 21.35 ], [ 77.542, 21.348 ], [ 77.551, 21.358 ], [ 77.564, 21.356 ], [ 77.573, 21.366 ], [ 77.569, 21.378 ], [ 77.577, 21.388 ], [ 77.573, 21.4 ], [ 77.56, 21.402 ], [ 77.556, 21.413 ], [ 77.543, 21.415 ], [ 77.535, 21.405 ], [ 77.522, 21.407 ], [ 77.517, 21.419 ], [ 77.505, 21.421 ], [ 77.5, 21.433 ], [ 77.487, 21.435 ], [ 77.483, 21.446 ], [ 77.47, 21.448 ], [ 77.466, 21.46 ], [ 77.453, 21.462 ], [ 77.449, 21.474 ], [ 77.436, 21.476 ], [ 77.432, 21.488 ], [ 77.441, 21.498 ], [ 77.437, 21.509 ], [ 77.424, 21.511 ], [ 77.42, 21.523 ], [ 77.429, 21.533 ], [ 77.442, 21.531 ], [ 77.45, 21.541 ], [ 77.463, 21.539 ], [ 77.472, 21.549 ], [ 77.485, 21.548 ], [ 77.489, 21.536 ], [ 77.502, 21.534 ], [ 77.511, 21.544 ], [ 77.524, 21.542 ], [ 77.528, 21.53 ], [ 77.541, 21.528 ], [ 77.55, 21.538 ], [ 77.563, 21.536 ], [ 77.567, 21.525 ], [ 77.58, 21.523 ], [ 77.589, 21.533 ], [ 77.602, 21.531 ], [ 77.611, 21.541 ], [ 77.606, 21.553 ], [ 77.593, 21.555 ], [ 77.589, 21.566 ], [ 77.598, 21.576 ], [ 77.594, 21.588 ], [ 77.581, 21.59 ], [ 77.577, 21.602 ], [ 77.586, 21.612 ], [ 77.582, 21.624 ], [ 77.569, 21.626 ], [ 77.565, 21.638 ], [ 77.573, 21.648 ], [ 77.569, 21.659 ], [ 77.556, 21.661 ], [ 77.552, 21.673 ], [ 77.561, 21.683 ], [ 77.557, 21.695 ], [ 77.544, 21.697 ], [ 77.54, 21.709 ], [ 77.527, 21.71 ], [ 77.523, 21.722 ], [ 77.51, 21.724 ], [ 77.506, 21.736 ], [ 77.493, 21.738 ], [ 77.489, 21.75 ], [ 77.476, 21.751 ], [ 77.472, 21.763 ], [ 77.459, 21.765 ], [ 77.45, 21.755 ], [ 77.437, 21.757 ], [ 77.428, 21.747 ], [ 77.415, 21.749 ], [ 77.411, 21.761 ], [ 77.398, 21.762 ], [ 77.389, 21.752 ], [ 77.376, 21.754 ], [ 77.367, 21.744 ], [ 77.354, 21.746 ], [ 77.35, 21.758 ], [ 77.337, 21.76 ], [ 77.329, 21.75 ], [ 77.316, 21.751 ], [ 77.312, 21.763 ], [ 77.299, 21.765 ], [ 77.29, 21.755 ], [ 77.294, 21.743 ], [ 77.285, 21.733 ], [ 77.272, 21.735 ], [ 77.263, 21.725 ], [ 77.25, 21.727 ], [ 77.242, 21.717 ], [ 77.229, 21.719 ], [ 77.22, 21.709 ], [ 77.224, 21.697 ], [ 77.215, 21.687 ], [ 77.202, 21.689 ], [ 77.198, 21.7 ], [ 77.185, 21.702 ], [ 77.181, 21.714 ], [ 77.168, 21.716 ], [ 77.16, 21.706 ], [ 77.147, 21.708 ], [ 77.142, 21.719 ], [ 77.13, 21.721 ], [ 77.121, 21.711 ], [ 77.108, 21.713 ], [ 77.104, 21.725 ], [ 77.091, 21.727 ], [ 77.082, 21.717 ], [ 77.069, 21.718 ], [ 77.06, 21.708 ], [ 77.048, 21.71 ], [ 77.039, 21.7 ], [ 77.026, 21.702 ], [ 77.017, 21.692 ], [ 77.004, 21.694 ], [ 76.995, 21.684 ], [ 77.0, 21.672 ], [ 76.991, 21.662 ], [ 76.978, 21.664 ], [ 76.969, 21.654 ] ] ] ] } },
{ "type": "Feature", "properties": { "POLYGON.ID": 1362.0, "subregion": "India--Maharashtra--Buldhana--Hills", "FILTER": "Maharashtra", "POLYGON": "India--Maharashtra--Buldhana--Hills", "STATE": "Maharashtra", "COUNTY": "Buldhana", "OWNER": null }, "geometry": { "type": "MultiPolygon", "coordinates": [ [ [ [ 76.693, 21.288 ], [ 76.68, 21.29 ], [ 76.672, 21.28 ], [ 76.659, 21.282 ], [ 76.65, 21.272 ], [ 76.654, 21.26 ], [ 76.645, 21.25 ], [ 76.65, 21.238 ], [ 76.641, 21.228 ], [ 76.645, 21.217 ], [ 76.636, 21.207 ], [ 76.623, 21.208 ], [ 76.615, 21.198 ], [ 76.602, 21.2 ], [ 76.593, 21.19 ], [ 76.58, 21.192 ], [ 76.576, 21.204 ], [ 76.564, 21.206 ], [ 76.555, 21.196 ], [ 76.542, 21.197 ], [ 76.533, 21.187 ], [ 76.521, 21.189 ], [ 76.516, 21.201 ], [ 76.504, 21.203 ], [ 76.495, 21.193 ], [ 76.482, 21.195 ], [ 76.473, 21.185 ], [ 76.478, 21.173 ], [ 76.469, 21.163 ], [ 76.473, 21.151 ], [ 76.464, 21.141 ], [ 76.468, 21.129 ], [ 76.46, 21.119 ], [ 76.447, 21.121 ], [ 76.438, 21.111 ], [ 76.426, 21.113 ], [ 76.417, 21.103 ], [ 76.404, 21.105 ], [ 76.395, 21.095 ], [ 76.4, 21.083 ], [ 76.391, 21.073 ], [ 76.378, 21.075 ], [ 76.369, 21.065 ], [ 76.374, 21.053 ], [ 76.386, 21.051 ], [ 76.39, 21.039 ], [ 76.403, 21.037 ], [ 76.407, 21.026 ], [ 76.42, 21.024 ], [ 76.429, 21.034 ], [ 76.441, 21.032 ], [ 76.45, 21.042 ], [ 76.463, 21.04 ], [ 76.472, 21.05 ], [ 76.484, 21.048 ], [ 76.493, 21.058 ], [ 76.506, 21.057 ], [ 76.515, 21.067 ], [ 76.51, 21.078 ], [ 76.519, 21.088 ], [ 76.532, 21.087 ], [ 76.541, 21.097 ], [ 76.553, 21.095 ], [ 76.562, 21.105 ], [ 76.575, 21.103 ], [ 76.584, 21.113 ], [ 76.596, 21.111 ], [ 76.605, 21.121 ], [ 76.618, 21.119 ], [ 76.627, 21.129 ], [ 76.639, 21.128 ], [ 76.648, 21.138 ], [ 76.661, 21.136 ], [ 76.67, 21.146 ], [ 76.682, 21.144 ], [ 76.691, 21.154 ], [ 76.704, 21.152 ], [ 76.708, 21.14 ], [ 76.721, 21.139 ], [ 76.73, 21.149 ], [ 76.742, 21.147 ], [ 76.751, 21.157 ], [ 76.764, 21.155 ], [ 76.773, 21.165 ], [ 76.769, 21.177 ], [ 76.777, 21.187 ], [ 76.773, 21.199 ], [ 76.76, 21.2 ], [ 76.756, 21.212 ], [ 76.765, 21.222 ], [ 76.761, 21.234 ], [ 76.748, 21.236 ], [ 76.744, 21.248 ], [ 76.753, 21.258 ], [ 76.749, 21.269 ], [ 76.736, 21.271 ], [ 76.732, 21.283 ], [ 76.719, 21.285 ], [ 76.71, 21.275 ], [ 76.697, 21.277 ], [ 76.693, 21.288 ] ] ] ] } },
{ "type": "Feature", "properties": { "POLYGON.ID": 1361.0, "subregion": "India--Maharashtra--Jalgaon--Hills", "FILTER": "Maharashtra", "POLYGON": "India--Maharashtra--Jalgaon--Hills", "STATE": "Maharashtra", "COUNTY": "Jalgaon", "OWNER": null }, "geometry": { "type": "MultiPolygon", "coordinates": [ [ [ [ 75.343, 21.405 ], [ 75.33, 21.407 ], [ 75.322, 21.397 ], [ 75.309, 21.399 ], [ 75.305, 21.41 ], [ 75.292, 21.412 ], [ 75.284, 21.402 ], [ 75.271, 21.404 ], [ 75.263, 21.394 ], [ 75.25, 21.395 ], [ 75.246, 21.407 ], [ 75.233, 21.409 ], [ 75.229, 21.42 ], [ 75.217, 21.422 ], [ 75.208, 21.412 ], [ 75.196, 21.414 ], [ 75.187, 21.404 ], [ 75.174, 21.405 ], [ 75.166, 21.395 ], [ 75.153, 21.397 ], [ 75.145, 21.387 ], [ 75.149, 21.375 ], [ 75.14, 21.365 ], [ 75.128, 21.367 ], [ 75.119, 21.357 ], [ 75.123, 21.345 ], [ 75.115, 21.335 ], [ 75.119, 21.324 ], [ 75.111, 21.314 ], [ 75.098, 21.315 ], [ 75.089, 21.305 ], [ 75.094, 21.294 ], [ 75.085, 21.284 ], [ 75.089, 21.272 ], [ 75.102, 21.271 ], [ 75.11, 21.281 ], [ 75.123, 21.279 ], [ 75.131, 21.289 ], [ 75.144, 21.287 ], [ 75.152, 21.297 ], [ 75.165, 21.296 ], [ 75.174, 21.305 ], [ 75.186, 21.304 ], [ 75.19, 21.292 ], [ 75.203, 21.291 ], [ 75.211, 21.3 ], [ 75.224, 21.299 ], [ 75.232, 21.309 ], [ 75.245, 21.307 ], [ 75.254, 21.317 ], [ 75.266, 21.315 ], [ 75.275, 21.325 ], [ 75.287, 21.324 ], [ 75.291, 21.312 ], [ 75.304, 21.31 ], [ 75.313, 21.32 ], [ 75.325, 21.319 ], [ 75.329, 21.307 ], [ 75.342, 21.305 ], [ 75.346, 21.294 ], [ 75.359, 21.292 ], [ 75.363, 21.28 ], [ 75.375, 21.279 ], [ 75.379, 21.267 ], [ 75.392, 21.265 ], [ 75.396, 21.254 ], [ 75.409, 21.252 ], [ 75.413, 21.24 ], [ 75.426, 21.239 ], [ 75.434, 21.249 ], [ 75.447, 21.247 ], [ 75.455, 21.257 ], [ 75.468, 21.255 ], [ 75.477, 21.265 ], [ 75.489, 21.263 ], [ 75.498, 21.273 ], [ 75.51, 21.272 ], [ 75.514, 21.26 ], [ 75.527, 21.258 ], [ 75.536, 21.268 ], [ 75.548, 21.267 ], [ 75.552, 21.255 ], [ 75.565, 21.253 ], [ 75.574, 21.263 ], [ 75.586, 21.262 ], [ 75.595, 21.272 ], [ 75.608, 21.27 ], [ 75.612, 21.258 ], [ 75.624, 21.256 ], [ 75.628, 21.245 ], [ 75.641, 21.243 ], [ 75.65, 21.253 ], [ 75.662, 21.251 ], [ 75.671, 21.261 ], [ 75.684, 21.26 ], [ 75.688, 21.248 ], [ 75.7, 21.246 ], [ 75.709, 21.256 ], [ 75.722, 21.254 ], [ 75.726, 21.243 ], [ 75.738, 21.241 ], [ 75.747, 21.251 ], [ 75.76, 21.249 ], [ 75.764, 21.238 ], [ 75.776, 21.236 ], [ 75.781, 21.224 ], [ 75.793, 21.222 ], [ 75.802, 21.232 ], [ 75.815, 21.231 ], [ 75.823, 21.241 ], [ 75.836, 21.239 ], [ 75.84, 21.227 ], [ 75.853, 21.225 ], [ 75.861, 21.235 ], [ 75.874, 21.234 ], [ 75.883, 21.244 ], [ 75.895, 21.242 ], [ 75.904, 21.252 ], [ 75.917, 21.25 ], [ 75.921, 21.239 ], [ 75.933, 21.237 ], [ 75.942, 21.247 ], [ 75.955, 21.245 ], [ 75.963, 21.255 ], [ 75.976, 21.253 ], [ 75.985, 21.263 ], [ 75.997, 21.262 ], [ 76.006, 21.272 ], [ 76.002, 21.283 ], [ 76.011, 21.293 ], [ 76.023, 21.292 ], [ 76.032, 21.302 ], [ 76.045, 21.3 ], [ 76.053, 21.31 ], [ 76.066, 21.308 ], [ 76.075, 21.318 ], [ 76.087, 21.316 ], [ 76.096, 21.326 ], [ 76.109, 21.325 ], [ 76.117, 21.335 ], [ 76.113, 21.346 ], [ 76.122, 21.356 ], [ 76.118, 21.368 ], [ 76.105, 21.37 ], [ 76.101, 21.382 ], [ 76.088, 21.383 ], [ 76.08, 21.373 ], [ 76.067, 21.375 ], [ 76.058, 21.365 ], [ 76.045, 21.367 ], [ 76.037, 21.357 ], [ 76.024, 21.359 ], [ 76.02, 21.37 ], [ 76.007, 21.372 ], [ 76.003, 21.384 ], [ 75.99, 21.385 ], [ 75.986, 21.397 ], [ 75.974, 21.399 ], [ 75.965, 21.389 ], [ 75.952, 21.391 ], [ 75.944, 21.381 ], [ 75.931, 21.382 ], [ 75.927, 21.394 ], [ 75.914, 21.396 ], [ 75.905, 21.386 ], [ 75.893, 21.388 ], [ 75.889, 21.399 ], [ 75.876, 21.401 ], [ 75.867, 21.391 ], [ 75.855, 21.393 ], [ 75.846, 21.383 ], [ 75.833, 21.384 ], [ 75.825, 21.374 ], [ 75.812, 21.376 ], [ 75.808, 21.388 ], [ 75.795, 21.39 ], [ 75.787, 21.38 ], [ 75.774, 21.381 ], [ 75.765, 21.371 ], [ 75.753, 21.373 ], [ 75.748, 21.385 ], [ 75.736, 21.386 ], [ 75.727, 21.376 ], [ 75.715, 21.378 ], [ 75.71, 21.39 ], [ 75.698, 21.391 ], [ 75.689, 21.381 ], [ 75.676, 21.383 ], [ 75.668, 21.373 ], [ 75.655, 21.375 ], [ 75.651, 21.387 ], [ 75.638, 21.388 ], [ 75.63, 21.378 ], [ 75.617, 21.38 ], [ 75.613, 21.392 ], [ 75.6, 21.393 ], [ 75.592, 21.383 ], [ 75.579, 21.385 ], [ 75.571, 21.375 ], [ 75.558, 21.377 ], [ 75.554, 21.388 ], [ 75.541, 21.39 ], [ 75.533, 21.38 ], [ 75.52, 21.382 ], [ 75.516, 21.394 ], [ 75.503, 21.395 ], [ 75.495, 21.385 ], [ 75.482, 21.387 ], [ 75.473, 21.377 ], [ 75.461, 21.379 ], [ 75.457, 21.39 ], [ 75.444, 21.392 ], [ 75.436, 21.382 ], [ 75.423, 21.384 ], [ 75.419, 21.395 ], [ 75.406, 21.397 ], [ 75.398, 21.387 ], [ 75.385, 21.389 ], [ 75.381, 21.4 ], [ 75.368, 21.402 ], [ 75.36, 21.392 ], [ 75.347, 21.394 ], [ 75.343, 21.405 ] ] ], [ [ [ 76.118, 21.055 ], [ 76.131, 21.053 ], [ 76.135, 21.041 ], [ 76.148, 21.039 ], [ 76.156, 21.049 ], [ 76.169, 21.048 ], [ 76.173, 21.036 ], [ 76.186, 21.034 ], [ 76.194, 21.044 ], [ 76.207, 21.042 ], [ 76.211, 21.031 ], [ 76.224, 21.029 ], [ 76.228, 21.017 ], [ 76.241, 21.015 ], [ 76.25, 21.025 ], [ 76.262, 21.023 ], [ 76.266, 21.012 ], [ 76.279, 21.01 ], [ 76.288, 21.02 ], [ 76.301, 21.018 ], [ 76.305, 21.006 ], [ 76.317, 21.005 ], [ 76.326, 21.015 ], [ 76.339, 21.013 ], [ 76.348, 21.023 ], [ 76.36, 21.021 ], [ 76.364, 21.009 ], [ 76.377, 21.007 ], [ 76.386, 21.017 ], [ 76.399, 21.016 ], [ 76.407, 21.026 ], [ 76.403, 21.037 ], [ 76.39, 21.039 ], [ 76.386, 21.051 ], [ 76.374, 21.053 ], [ 76.369, 21.065 ], [ 76.357, 21.066 ], [ 76.353, 21.078 ], [ 76.34, 21.08 ], [ 76.331, 21.07 ], [ 76.318, 21.072 ], [ 76.31, 21.062 ], [ 76.297, 21.063 ], [ 76.293, 21.075 ], [ 76.28, 21.077 ], [ 76.276, 21.089 ], [ 76.263, 21.091 ], [ 76.255, 21.081 ], [ 76.242, 21.082 ], [ 76.238, 21.094 ], [ 76.225, 21.096 ], [ 76.216, 21.086 ], [ 76.204, 21.088 ], [ 76.195, 21.078 ], [ 76.182, 21.079 ], [ 76.178, 21.091 ], [ 76.165, 21.093 ], [ 76.161, 21.105 ], [ 76.148, 21.107 ], [ 76.144, 21.118 ], [ 76.132, 21.12 ], [ 76.128, 21.132 ], [ 76.115, 21.134 ], [ 76.111, 21.145 ], [ 76.098, 21.147 ], [ 76.089, 21.137 ], [ 76.093, 21.125 ], [ 76.085, 21.115 ], [ 76.072, 21.117 ], [ 76.063, 21.107 ], [ 76.068, 21.095 ], [ 76.08, 21.094 ], [ 76.084, 21.082 ], [ 76.097, 21.08 ], [ 76.101, 21.068 ], [ 76.114, 21.067 ], [ 76.118, 21.055 ] ] ] ] } }
]
}
