{
"type": "FeatureCollection",
"name": "Rajasthan",
"crs": { "type": "name", "properties": { "name": "urn:ogc:def:crs:OGC:1.3:CRS84" } },
"features": [
{ "type": "Feature", "properties": { "POLYGON.ID": 11.0, "subregion": "India--Rajasthan--Hanumangarh and Ganganagar_CL25601", "FILTER": "Rajasthan", "POLYGON": "India--Rajasthan--Hanumangarh and Ganganagar_CL25601", "STATE": "Rajasthan", "COUNTY": "Hanumangarh", "OWNER": null }, "geometry": { "type": "MultiPolygon", "coordinates": [ [ [ [ 75.426, 29.051 ], [ 75.42, 29.063 ], [ 75.404, 29.064 ], [ 75.398, 29.075 ], [ 75.407, 29.086 ], [ 75.401, 29.097 ], [ 75.41, 29.108 ], [ 75.403, 29.119 ], [ 75.388, 29.12 ], [ 75.382, 29.132 ], [ 75.391, 29.142 ], [ 75.385, 29.154 ], [ 75.394, 29.164 ], [ 75.409, 29.163 ], [ 75.418, 29.174 ], [ 75.411, 29.185 ], [ 75.42, 29.196 ], [ 75.414, 29.207 ], [ 75.399, 29.208 ], [ 75.392, 29.22 ], [ 75.401, 29.23 ], [ 75.395, 29.242 ], [ 75.404, 29.252 ], [ 75.398, 29.264 ], [ 75.383, 29.265 ], [ 75.374, 29.254 ], [ 75.358, 29.256 ], [ 75.35, 29.245 ], [ 75.356, 29.234 ], [ 75.347, 29.223 ], [ 75.332, 29.224 ], [ 75.326, 29.236 ], [ 75.334, 29.246 ], [ 75.328, 29.258 ], [ 75.337, 29.268 ], [ 75.331, 29.28 ], [ 75.316, 29.281 ], [ 75.307, 29.27 ], [ 75.292, 29.271 ], [ 75.283, 29.261 ], [ 75.267, 29.262 ], [ 75.259, 29.251 ], [ 75.243, 29.253 ], [ 75.235, 29.242 ], [ 75.219, 29.243 ], [ 75.211, 29.233 ], [ 75.195, 29.234 ], [ 75.189, 29.245 ], [ 75.198, 29.256 ], [ 75.192, 29.267 ], [ 75.176, 29.268 ], [ 75.168, 29.258 ], [ 75.174, 29.246 ], [ 75.165, 29.236 ], [ 75.15, 29.237 ], [ 75.144, 29.248 ], [ 75.128, 29.249 ], [ 75.12, 29.239 ], [ 75.126, 29.227 ], [ 75.117, 29.217 ], [ 75.102, 29.218 ], [ 75.095, 29.23 ], [ 75.08, 29.231 ], [ 75.074, 29.242 ], [ 75.083, 29.253 ], [ 75.076, 29.264 ], [ 75.061, 29.265 ], [ 75.055, 29.277 ], [ 75.04, 29.278 ], [ 75.033, 29.289 ], [ 75.018, 29.29 ], [ 75.009, 29.28 ], [ 74.994, 29.281 ], [ 74.985, 29.27 ], [ 74.97, 29.271 ], [ 74.964, 29.283 ], [ 74.949, 29.284 ], [ 74.942, 29.295 ], [ 74.951, 29.306 ], [ 74.945, 29.318 ], [ 74.954, 29.328 ], [ 74.947, 29.34 ], [ 74.932, 29.341 ], [ 74.926, 29.352 ], [ 74.935, 29.363 ], [ 74.928, 29.374 ], [ 74.913, 29.375 ], [ 74.907, 29.387 ], [ 74.891, 29.388 ], [ 74.885, 29.399 ], [ 74.87, 29.4 ], [ 74.861, 29.39 ], [ 74.846, 29.391 ], [ 74.839, 29.402 ], [ 74.824, 29.403 ], [ 74.815, 29.393 ], [ 74.822, 29.381 ], [ 74.813, 29.371 ], [ 74.798, 29.372 ], [ 74.789, 29.361 ], [ 74.774, 29.362 ], [ 74.765, 29.352 ], [ 74.75, 29.353 ], [ 74.743, 29.364 ], [ 74.728, 29.365 ], [ 74.722, 29.377 ], [ 74.706, 29.378 ], [ 74.698, 29.367 ], [ 74.682, 29.368 ], [ 74.676, 29.38 ], [ 74.661, 29.381 ], [ 74.652, 29.37 ], [ 74.658, 29.359 ], [ 74.649, 29.348 ], [ 74.656, 29.337 ], [ 74.647, 29.326 ], [ 74.632, 29.327 ], [ 74.625, 29.339 ], [ 74.61, 29.34 ], [ 74.604, 29.351 ], [ 74.613, 29.362 ], [ 74.606, 29.373 ], [ 74.591, 29.374 ], [ 74.585, 29.386 ], [ 74.569, 29.387 ], [ 74.563, 29.398 ], [ 74.572, 29.409 ], [ 74.565, 29.42 ], [ 74.55, 29.421 ], [ 74.544, 29.433 ], [ 74.528, 29.434 ], [ 74.522, 29.445 ], [ 74.531, 29.456 ], [ 74.546, 29.455 ], [ 74.555, 29.466 ], [ 74.57, 29.465 ], [ 74.579, 29.475 ], [ 74.594, 29.474 ], [ 74.603, 29.485 ], [ 74.596, 29.496 ], [ 74.605, 29.507 ], [ 74.62, 29.506 ], [ 74.629, 29.516 ], [ 74.623, 29.528 ], [ 74.607, 29.529 ], [ 74.601, 29.54 ], [ 74.586, 29.541 ], [ 74.579, 29.553 ], [ 74.588, 29.563 ], [ 74.582, 29.575 ], [ 74.59, 29.585 ], [ 74.584, 29.597 ], [ 74.593, 29.608 ], [ 74.586, 29.619 ], [ 74.595, 29.63 ], [ 74.589, 29.641 ], [ 74.598, 29.652 ], [ 74.591, 29.663 ], [ 74.6, 29.674 ], [ 74.593, 29.685 ], [ 74.602, 29.696 ], [ 74.596, 29.708 ], [ 74.605, 29.718 ], [ 74.598, 29.73 ], [ 74.607, 29.74 ], [ 74.601, 29.752 ], [ 74.585, 29.753 ], [ 74.579, 29.764 ], [ 74.563, 29.765 ], [ 74.555, 29.755 ], [ 74.539, 29.756 ], [ 74.531, 29.745 ], [ 74.515, 29.746 ], [ 74.506, 29.736 ], [ 74.491, 29.737 ], [ 74.485, 29.748 ], [ 74.469, 29.749 ], [ 74.463, 29.761 ], [ 74.472, 29.771 ], [ 74.465, 29.783 ], [ 74.474, 29.793 ], [ 74.467, 29.805 ], [ 74.476, 29.816 ], [ 74.492, 29.815 ], [ 74.5, 29.825 ], [ 74.516, 29.824 ], [ 74.525, 29.835 ], [ 74.54, 29.834 ], [ 74.549, 29.844 ], [ 74.542, 29.856 ], [ 74.551, 29.866 ], [ 74.545, 29.878 ], [ 74.553, 29.889 ], [ 74.547, 29.9 ], [ 74.532, 29.901 ], [ 74.525, 29.913 ], [ 74.51, 29.914 ], [ 74.503, 29.925 ], [ 74.512, 29.936 ], [ 74.506, 29.948 ], [ 74.49, 29.949 ], [ 74.481, 29.938 ], [ 74.466, 29.939 ], [ 74.46, 29.951 ], [ 74.444, 29.952 ], [ 74.435, 29.941 ], [ 74.42, 29.942 ], [ 74.413, 29.953 ], [ 74.398, 29.954 ], [ 74.389, 29.944 ], [ 74.374, 29.945 ], [ 74.367, 29.956 ], [ 74.352, 29.957 ], [ 74.343, 29.947 ], [ 74.328, 29.948 ], [ 74.321, 29.959 ], [ 74.306, 29.96 ], [ 74.297, 29.95 ], [ 74.282, 29.951 ], [ 74.275, 29.962 ], [ 74.26, 29.963 ], [ 74.251, 29.953 ], [ 74.236, 29.954 ], [ 74.229, 29.965 ], [ 74.214, 29.966 ], [ 74.205, 29.956 ], [ 74.19, 29.956 ], [ 74.183, 29.968 ], [ 74.168, 29.969 ], [ 74.159, 29.958 ], [ 74.143, 29.959 ], [ 74.137, 29.971 ], [ 74.121, 29.972 ], [ 74.113, 29.961 ], [ 74.097, 29.962 ], [ 74.091, 29.974 ], [ 74.075, 29.975 ], [ 74.067, 29.964 ], [ 74.051, 29.965 ], [ 74.045, 29.977 ], [ 74.029, 29.978 ], [ 74.02, 29.967 ], [ 74.005, 29.968 ], [ 73.998, 29.979 ], [ 73.983, 29.98 ], [ 73.974, 29.97 ], [ 73.959, 29.971 ], [ 73.952, 29.982 ], [ 73.937, 29.983 ], [ 73.928, 29.972 ], [ 73.913, 29.973 ], [ 73.906, 29.985 ], [ 73.891, 29.986 ], [ 73.884, 29.997 ], [ 73.893, 30.008 ], [ 73.886, 30.02 ], [ 73.895, 30.03 ], [ 73.888, 30.042 ], [ 73.897, 30.053 ], [ 73.913, 30.052 ], [ 73.921, 30.062 ], [ 73.937, 30.061 ], [ 73.946, 30.072 ], [ 73.939, 30.084 ], [ 73.948, 30.094 ], [ 73.941, 30.106 ], [ 73.95, 30.116 ], [ 73.965, 30.115 ], [ 73.974, 30.126 ], [ 73.968, 30.138 ], [ 73.976, 30.148 ], [ 73.97, 30.16 ], [ 73.954, 30.161 ], [ 73.945, 30.15 ], [ 73.93, 30.151 ], [ 73.923, 30.163 ], [ 73.908, 30.164 ], [ 73.899, 30.153 ], [ 73.884, 30.154 ], [ 73.875, 30.143 ], [ 73.86, 30.144 ], [ 73.851, 30.134 ], [ 73.857, 30.122 ], [ 73.849, 30.111 ], [ 73.833, 30.112 ], [ 73.824, 30.102 ], [ 73.809, 30.102 ], [ 73.8, 30.092 ], [ 73.807, 30.08 ], [ 73.798, 30.07 ], [ 73.783, 30.071 ], [ 73.776, 30.082 ], [ 73.761, 30.083 ], [ 73.752, 30.072 ], [ 73.737, 30.073 ], [ 73.728, 30.063 ], [ 73.712, 30.064 ], [ 73.704, 30.053 ], [ 73.688, 30.054 ], [ 73.68, 30.043 ], [ 73.664, 30.044 ], [ 73.655, 30.033 ], [ 73.64, 30.034 ], [ 73.633, 30.046 ], [ 73.618, 30.047 ], [ 73.609, 30.036 ], [ 73.594, 30.037 ], [ 73.585, 30.026 ], [ 73.57, 30.027 ], [ 73.561, 30.016 ], [ 73.546, 30.017 ], [ 73.537, 30.007 ], [ 73.521, 30.008 ], [ 73.513, 29.997 ], [ 73.497, 29.998 ], [ 73.489, 29.987 ], [ 73.473, 29.988 ], [ 73.465, 29.977 ], [ 73.449, 29.978 ], [ 73.44, 29.968 ], [ 73.425, 29.968 ], [ 73.416, 29.958 ], [ 73.401, 29.959 ], [ 73.392, 29.948 ], [ 73.377, 29.949 ], [ 73.368, 29.938 ], [ 73.375, 29.927 ], [ 73.366, 29.916 ], [ 73.373, 29.904 ], [ 73.364, 29.894 ], [ 73.371, 29.882 ], [ 73.362, 29.872 ], [ 73.369, 29.86 ], [ 73.36, 29.849 ], [ 73.345, 29.85 ], [ 73.336, 29.84 ], [ 73.343, 29.828 ], [ 73.334, 29.817 ], [ 73.341, 29.806 ], [ 73.332, 29.795 ], [ 73.339, 29.784 ], [ 73.33, 29.773 ], [ 73.337, 29.762 ], [ 73.329, 29.751 ], [ 73.335, 29.739 ], [ 73.327, 29.729 ], [ 73.311, 29.73 ], [ 73.303, 29.719 ], [ 73.309, 29.707 ], [ 73.301, 29.697 ], [ 73.307, 29.685 ], [ 73.299, 29.675 ], [ 73.305, 29.663 ], [ 73.297, 29.652 ], [ 73.304, 29.641 ], [ 73.295, 29.63 ], [ 73.28, 29.631 ], [ 73.271, 29.621 ], [ 73.278, 29.609 ], [ 73.269, 29.598 ], [ 73.276, 29.587 ], [ 73.267, 29.576 ], [ 73.274, 29.565 ], [ 73.265, 29.554 ], [ 73.25, 29.555 ], [ 73.241, 29.544 ], [ 73.248, 29.533 ], [ 73.239, 29.522 ], [ 73.246, 29.511 ], [ 73.237, 29.5 ], [ 73.222, 29.501 ], [ 73.214, 29.49 ], [ 73.22, 29.479 ], [ 73.212, 29.468 ], [ 73.196, 29.469 ], [ 73.188, 29.458 ], [ 73.194, 29.447 ], [ 73.186, 29.436 ], [ 73.193, 29.425 ], [ 73.184, 29.414 ], [ 73.169, 29.415 ], [ 73.16, 29.404 ], [ 73.167, 29.393 ], [ 73.158, 29.382 ], [ 73.143, 29.383 ], [ 73.134, 29.373 ], [ 73.141, 29.361 ], [ 73.133, 29.351 ], [ 73.139, 29.339 ], [ 73.131, 29.328 ], [ 73.115, 29.329 ], [ 73.107, 29.319 ], [ 73.114, 29.307 ], [ 73.105, 29.297 ], [ 73.112, 29.285 ], [ 73.103, 29.275 ], [ 73.088, 29.275 ], [ 73.079, 29.265 ], [ 73.086, 29.253 ], [ 73.078, 29.243 ], [ 73.062, 29.244 ], [ 73.054, 29.233 ], [ 73.06, 29.221 ], [ 73.052, 29.211 ], [ 73.037, 29.212 ], [ 73.028, 29.201 ], [ 73.035, 29.19 ], [ 73.026, 29.179 ], [ 73.011, 29.18 ], [ 73.003, 29.169 ], [ 72.987, 29.17 ], [ 72.979, 29.159 ], [ 72.986, 29.148 ], [ 72.977, 29.137 ], [ 72.984, 29.126 ], [ 72.975, 29.115 ], [ 72.96, 29.116 ], [ 72.952, 29.106 ], [ 72.958, 29.094 ], [ 72.95, 29.084 ], [ 72.956, 29.072 ], [ 72.948, 29.062 ], [ 72.955, 29.05 ], [ 72.946, 29.04 ], [ 72.931, 29.04 ], [ 72.922, 29.03 ], [ 72.907, 29.031 ], [ 72.899, 29.02 ], [ 72.884, 29.021 ], [ 72.875, 29.01 ], [ 72.86, 29.011 ], [ 72.851, 29.0 ], [ 72.836, 29.001 ], [ 72.828, 28.99 ], [ 72.813, 28.991 ], [ 72.804, 28.981 ], [ 72.789, 28.981 ], [ 72.781, 28.971 ], [ 72.765, 28.972 ], [ 72.757, 28.961 ], [ 72.742, 28.962 ], [ 72.733, 28.951 ], [ 72.718, 28.952 ], [ 72.71, 28.941 ], [ 72.694, 28.942 ], [ 72.686, 28.932 ], [ 72.671, 28.932 ], [ 72.662, 28.922 ], [ 72.669, 28.91 ], [ 72.661, 28.9 ], [ 72.667, 28.888 ], [ 72.683, 28.888 ], [ 72.689, 28.876 ], [ 72.681, 28.866 ], [ 72.688, 28.854 ], [ 72.679, 28.844 ], [ 72.686, 28.832 ], [ 72.701, 28.831 ], [ 72.708, 28.82 ], [ 72.723, 28.819 ], [ 72.73, 28.808 ], [ 72.745, 28.807 ], [ 72.751, 28.796 ], [ 72.767, 28.795 ], [ 72.773, 28.784 ], [ 72.788, 28.783 ], [ 72.795, 28.772 ], [ 72.81, 28.771 ], [ 72.819, 28.781 ], [ 72.834, 28.781 ], [ 72.841, 28.769 ], [ 72.856, 28.768 ], [ 72.862, 28.757 ], [ 72.877, 28.756 ], [ 72.884, 28.745 ], [ 72.876, 28.734 ], [ 72.882, 28.723 ], [ 72.898, 28.722 ], [ 72.906, 28.733 ], [ 72.921, 28.732 ], [ 72.928, 28.721 ], [ 72.943, 28.72 ], [ 72.951, 28.73 ], [ 72.966, 28.73 ], [ 72.973, 28.718 ], [ 72.988, 28.717 ], [ 72.997, 28.728 ], [ 73.012, 28.727 ], [ 73.02, 28.738 ], [ 73.035, 28.737 ], [ 73.044, 28.747 ], [ 73.059, 28.747 ], [ 73.067, 28.757 ], [ 73.083, 28.756 ], [ 73.091, 28.767 ], [ 73.106, 28.766 ], [ 73.115, 28.777 ], [ 73.13, 28.776 ], [ 73.138, 28.786 ], [ 73.132, 28.798 ], [ 73.14, 28.808 ], [ 73.133, 28.82 ], [ 73.142, 28.83 ], [ 73.157, 28.83 ], [ 73.166, 28.84 ], [ 73.181, 28.839 ], [ 73.189, 28.85 ], [ 73.204, 28.849 ], [ 73.213, 28.86 ], [ 73.206, 28.871 ], [ 73.215, 28.882 ], [ 73.208, 28.893 ], [ 73.217, 28.903 ], [ 73.21, 28.915 ], [ 73.219, 28.925 ], [ 73.234, 28.925 ], [ 73.242, 28.935 ], [ 73.257, 28.934 ], [ 73.266, 28.945 ], [ 73.281, 28.944 ], [ 73.29, 28.955 ], [ 73.283, 28.966 ], [ 73.292, 28.977 ], [ 73.307, 28.976 ], [ 73.315, 28.986 ], [ 73.33, 28.986 ], [ 73.339, 28.996 ], [ 73.332, 29.008 ], [ 73.341, 29.018 ], [ 73.356, 29.017 ], [ 73.363, 29.006 ], [ 73.378, 29.005 ], [ 73.386, 29.016 ], [ 73.402, 29.015 ], [ 73.408, 29.003 ], [ 73.423, 29.002 ], [ 73.432, 29.013 ], [ 73.447, 29.012 ], [ 73.454, 29.001 ], [ 73.469, 29.0 ], [ 73.477, 29.01 ], [ 73.493, 29.01 ], [ 73.499, 28.998 ], [ 73.514, 28.997 ], [ 73.523, 29.008 ], [ 73.538, 29.007 ], [ 73.545, 28.996 ], [ 73.56, 28.995 ], [ 73.568, 29.005 ], [ 73.584, 29.004 ], [ 73.592, 29.015 ], [ 73.607, 29.014 ], [ 73.616, 29.025 ], [ 73.631, 29.024 ], [ 73.638, 29.012 ], [ 73.653, 29.011 ], [ 73.661, 29.022 ], [ 73.677, 29.021 ], [ 73.685, 29.032 ], [ 73.7, 29.031 ], [ 73.707, 29.019 ], [ 73.722, 29.018 ], [ 73.729, 29.007 ], [ 73.744, 29.006 ], [ 73.752, 29.017 ], [ 73.746, 29.028 ], [ 73.755, 29.039 ], [ 73.77, 29.038 ], [ 73.778, 29.048 ], [ 73.793, 29.047 ], [ 73.8, 29.036 ], [ 73.791, 29.025 ], [ 73.798, 29.014 ], [ 73.789, 29.003 ], [ 73.796, 28.992 ], [ 73.811, 28.991 ], [ 73.818, 28.98 ], [ 73.833, 28.979 ], [ 73.839, 28.967 ], [ 73.854, 28.966 ], [ 73.861, 28.955 ], [ 73.852, 28.944 ], [ 73.859, 28.933 ], [ 73.874, 28.932 ], [ 73.883, 28.943 ], [ 73.898, 28.942 ], [ 73.906, 28.952 ], [ 73.922, 28.951 ], [ 73.93, 28.962 ], [ 73.945, 28.961 ], [ 73.954, 28.971 ], [ 73.969, 28.971 ], [ 73.976, 28.959 ], [ 73.967, 28.949 ], [ 73.973, 28.937 ], [ 73.965, 28.927 ], [ 73.971, 28.915 ], [ 73.986, 28.914 ], [ 73.995, 28.925 ], [ 74.01, 28.924 ], [ 74.019, 28.934 ], [ 74.012, 28.946 ], [ 74.021, 28.956 ], [ 74.015, 28.968 ], [ 74.023, 28.978 ], [ 74.017, 28.99 ], [ 74.025, 29.0 ], [ 74.04, 28.999 ], [ 74.047, 28.988 ], [ 74.062, 28.987 ], [ 74.069, 28.976 ], [ 74.06, 28.965 ], [ 74.066, 28.954 ], [ 74.058, 28.943 ], [ 74.064, 28.932 ], [ 74.079, 28.931 ], [ 74.088, 28.941 ], [ 74.103, 28.94 ], [ 74.11, 28.929 ], [ 74.101, 28.918 ], [ 74.108, 28.907 ], [ 74.123, 28.906 ], [ 74.129, 28.894 ], [ 74.12, 28.884 ], [ 74.127, 28.873 ], [ 74.118, 28.862 ], [ 74.125, 28.851 ], [ 74.116, 28.84 ], [ 74.101, 28.841 ], [ 74.092, 28.831 ], [ 74.099, 28.819 ], [ 74.09, 28.809 ], [ 74.075, 28.81 ], [ 74.066, 28.799 ], [ 74.073, 28.788 ], [ 74.088, 28.787 ], [ 74.097, 28.797 ], [ 74.112, 28.796 ], [ 74.118, 28.785 ], [ 74.133, 28.784 ], [ 74.142, 28.794 ], [ 74.157, 28.793 ], [ 74.164, 28.782 ], [ 74.179, 28.781 ], [ 74.187, 28.792 ], [ 74.181, 28.803 ], [ 74.189, 28.814 ], [ 74.205, 28.813 ], [ 74.211, 28.801 ], [ 74.226, 28.8 ], [ 74.235, 28.811 ], [ 74.25, 28.81 ], [ 74.256, 28.798 ], [ 74.271, 28.797 ], [ 74.28, 28.808 ], [ 74.295, 28.807 ], [ 74.304, 28.817 ], [ 74.319, 28.816 ], [ 74.328, 28.827 ], [ 74.321, 28.838 ], [ 74.33, 28.849 ], [ 74.345, 28.848 ], [ 74.354, 28.858 ], [ 74.369, 28.857 ], [ 74.377, 28.868 ], [ 74.393, 28.867 ], [ 74.401, 28.877 ], [ 74.416, 28.876 ], [ 74.423, 28.865 ], [ 74.438, 28.864 ], [ 74.444, 28.853 ], [ 74.436, 28.842 ], [ 74.442, 28.831 ], [ 74.457, 28.83 ], [ 74.464, 28.818 ], [ 74.479, 28.817 ], [ 74.487, 28.828 ], [ 74.502, 28.827 ], [ 74.509, 28.815 ], [ 74.524, 28.814 ], [ 74.533, 28.825 ], [ 74.548, 28.824 ], [ 74.556, 28.834 ], [ 74.572, 28.833 ], [ 74.578, 28.822 ], [ 74.593, 28.821 ], [ 74.599, 28.81 ], [ 74.615, 28.809 ], [ 74.623, 28.819 ], [ 74.638, 28.818 ], [ 74.647, 28.828 ], [ 74.662, 28.827 ], [ 74.671, 28.838 ], [ 74.686, 28.837 ], [ 74.695, 28.847 ], [ 74.71, 28.846 ], [ 74.719, 28.857 ], [ 74.734, 28.856 ], [ 74.74, 28.844 ], [ 74.755, 28.843 ], [ 74.761, 28.832 ], [ 74.777, 28.831 ], [ 74.785, 28.841 ], [ 74.8, 28.84 ], [ 74.809, 28.851 ], [ 74.803, 28.862 ], [ 74.788, 28.863 ], [ 74.781, 28.875 ], [ 74.766, 28.876 ], [ 74.76, 28.887 ], [ 74.769, 28.898 ], [ 74.784, 28.897 ], [ 74.792, 28.907 ], [ 74.786, 28.919 ], [ 74.795, 28.929 ], [ 74.81, 28.928 ], [ 74.819, 28.939 ], [ 74.834, 28.938 ], [ 74.843, 28.948 ], [ 74.858, 28.947 ], [ 74.864, 28.936 ], [ 74.879, 28.935 ], [ 74.888, 28.945 ], [ 74.903, 28.944 ], [ 74.909, 28.932 ], [ 74.901, 28.922 ], [ 74.907, 28.911 ], [ 74.922, 28.91 ], [ 74.928, 28.898 ], [ 74.944, 28.897 ], [ 74.952, 28.907 ], [ 74.967, 28.906 ], [ 74.976, 28.917 ], [ 74.991, 28.916 ], [ 75.0, 28.926 ], [ 75.015, 28.925 ], [ 75.024, 28.936 ], [ 75.039, 28.935 ], [ 75.045, 28.923 ], [ 75.037, 28.913 ], [ 75.043, 28.901 ], [ 75.034, 28.891 ], [ 75.04, 28.879 ], [ 75.032, 28.869 ], [ 75.038, 28.857 ], [ 75.053, 28.856 ], [ 75.062, 28.867 ], [ 75.077, 28.866 ], [ 75.086, 28.876 ], [ 75.101, 28.875 ], [ 75.11, 28.886 ], [ 75.125, 28.885 ], [ 75.131, 28.873 ], [ 75.146, 28.872 ], [ 75.152, 28.861 ], [ 75.167, 28.86 ], [ 75.176, 28.87 ], [ 75.191, 28.869 ], [ 75.198, 28.857 ], [ 75.213, 28.856 ], [ 75.221, 28.867 ], [ 75.237, 28.866 ], [ 75.245, 28.876 ], [ 75.239, 28.888 ], [ 75.248, 28.898 ], [ 75.242, 28.91 ], [ 75.25, 28.92 ], [ 75.266, 28.919 ], [ 75.274, 28.929 ], [ 75.289, 28.928 ], [ 75.298, 28.939 ], [ 75.292, 28.95 ], [ 75.301, 28.961 ], [ 75.295, 28.972 ], [ 75.303, 28.983 ], [ 75.319, 28.982 ], [ 75.325, 28.97 ], [ 75.34, 28.969 ], [ 75.346, 28.958 ], [ 75.337, 28.947 ], [ 75.344, 28.936 ], [ 75.335, 28.925 ], [ 75.341, 28.914 ], [ 75.356, 28.913 ], [ 75.365, 28.923 ], [ 75.38, 28.922 ], [ 75.389, 28.932 ], [ 75.383, 28.944 ], [ 75.391, 28.954 ], [ 75.407, 28.953 ], [ 75.415, 28.964 ], [ 75.409, 28.975 ], [ 75.418, 28.986 ], [ 75.433, 28.984 ], [ 75.439, 28.973 ], [ 75.454, 28.972 ], [ 75.461, 28.96 ], [ 75.452, 28.95 ], [ 75.458, 28.939 ], [ 75.473, 28.937 ], [ 75.479, 28.926 ], [ 75.494, 28.925 ], [ 75.503, 28.935 ], [ 75.497, 28.947 ], [ 75.506, 28.957 ], [ 75.521, 28.956 ], [ 75.53, 28.966 ], [ 75.524, 28.978 ], [ 75.533, 28.988 ], [ 75.526, 29.0 ], [ 75.511, 29.001 ], [ 75.505, 29.013 ], [ 75.49, 29.014 ], [ 75.481, 29.003 ], [ 75.466, 29.004 ], [ 75.46, 29.016 ], [ 75.445, 29.017 ], [ 75.438, 29.028 ], [ 75.447, 29.039 ], [ 75.441, 29.05 ], [ 75.426, 29.051 ] ] ] ] } },
{ "type": "Feature", "properties": { "POLYGON.ID": 36.0, "subregion": "India--Rajasthan--Bharatpur_CL26498", "FILTER": "Rajasthan", "POLYGON": "India--Rajasthan--Bharatpur_CL26498", "STATE": "Rajasthan", "COUNTY": "Bharatpur", "OWNER": null }, "geometry": { "type": "MultiPolygon", "coordinates": [ [ [ [ 76.99, 27.69 ], [ 76.981, 27.68 ], [ 76.987, 27.669 ], [ 76.978, 27.658 ], [ 76.984, 27.647 ], [ 76.975, 27.637 ], [ 76.981, 27.625 ], [ 76.972, 27.615 ], [ 76.957, 27.617 ], [ 76.948, 27.606 ], [ 76.954, 27.595 ], [ 76.945, 27.585 ], [ 76.951, 27.573 ], [ 76.942, 27.563 ], [ 76.948, 27.552 ], [ 76.963, 27.551 ], [ 76.968, 27.539 ], [ 76.983, 27.538 ], [ 76.989, 27.527 ], [ 77.004, 27.526 ], [ 77.013, 27.536 ], [ 77.007, 27.547 ], [ 77.016, 27.557 ], [ 77.03, 27.556 ], [ 77.036, 27.545 ], [ 77.051, 27.543 ], [ 77.057, 27.532 ], [ 77.048, 27.522 ], [ 77.033, 27.523 ], [ 77.024, 27.513 ], [ 77.03, 27.502 ], [ 77.045, 27.5 ], [ 77.051, 27.489 ], [ 77.042, 27.479 ], [ 77.048, 27.468 ], [ 77.062, 27.466 ], [ 77.068, 27.455 ], [ 77.059, 27.445 ], [ 77.044, 27.446 ], [ 77.039, 27.457 ], [ 77.024, 27.459 ], [ 77.015, 27.449 ], [ 77.0, 27.45 ], [ 76.995, 27.461 ], [ 76.98, 27.462 ], [ 76.974, 27.474 ], [ 76.959, 27.475 ], [ 76.954, 27.486 ], [ 76.939, 27.487 ], [ 76.933, 27.499 ], [ 76.942, 27.509 ], [ 76.936, 27.52 ], [ 76.921, 27.521 ], [ 76.915, 27.533 ], [ 76.901, 27.534 ], [ 76.892, 27.524 ], [ 76.898, 27.513 ], [ 76.889, 27.502 ], [ 76.895, 27.491 ], [ 76.909, 27.49 ], [ 76.915, 27.478 ], [ 76.906, 27.468 ], [ 76.912, 27.457 ], [ 76.927, 27.456 ], [ 76.933, 27.444 ], [ 76.947, 27.443 ], [ 76.953, 27.432 ], [ 76.968, 27.431 ], [ 76.974, 27.419 ], [ 76.988, 27.418 ], [ 76.997, 27.428 ], [ 77.012, 27.427 ], [ 77.018, 27.416 ], [ 77.009, 27.406 ], [ 77.015, 27.394 ], [ 77.029, 27.393 ], [ 77.035, 27.382 ], [ 77.05, 27.38 ], [ 77.059, 27.391 ], [ 77.073, 27.389 ], [ 77.079, 27.378 ], [ 77.094, 27.377 ], [ 77.1, 27.366 ], [ 77.114, 27.364 ], [ 77.12, 27.353 ], [ 77.135, 27.352 ], [ 77.144, 27.362 ], [ 77.158, 27.361 ], [ 77.164, 27.349 ], [ 77.179, 27.348 ], [ 77.188, 27.358 ], [ 77.202, 27.357 ], [ 77.208, 27.346 ], [ 77.199, 27.336 ], [ 77.185, 27.337 ], [ 77.176, 27.327 ], [ 77.161, 27.328 ], [ 77.152, 27.318 ], [ 77.138, 27.319 ], [ 77.129, 27.309 ], [ 77.134, 27.298 ], [ 77.126, 27.287 ], [ 77.131, 27.276 ], [ 77.123, 27.266 ], [ 77.128, 27.255 ], [ 77.119, 27.245 ], [ 77.105, 27.246 ], [ 77.096, 27.236 ], [ 77.081, 27.237 ], [ 77.072, 27.227 ], [ 77.058, 27.228 ], [ 77.049, 27.218 ], [ 77.055, 27.207 ], [ 77.069, 27.205 ], [ 77.075, 27.194 ], [ 77.09, 27.193 ], [ 77.096, 27.181 ], [ 77.087, 27.171 ], [ 77.072, 27.173 ], [ 77.063, 27.162 ], [ 77.049, 27.164 ], [ 77.043, 27.175 ], [ 77.028, 27.176 ], [ 77.019, 27.166 ], [ 77.005, 27.167 ], [ 76.999, 27.179 ], [ 76.984, 27.18 ], [ 76.976, 27.17 ], [ 76.961, 27.171 ], [ 76.952, 27.161 ], [ 76.958, 27.149 ], [ 76.949, 27.139 ], [ 76.955, 27.128 ], [ 76.969, 27.127 ], [ 76.975, 27.116 ], [ 76.99, 27.114 ], [ 76.996, 27.103 ], [ 76.987, 27.093 ], [ 76.972, 27.094 ], [ 76.963, 27.084 ], [ 76.969, 27.073 ], [ 76.984, 27.072 ], [ 76.99, 27.06 ], [ 77.004, 27.059 ], [ 77.01, 27.048 ], [ 77.001, 27.038 ], [ 76.987, 27.039 ], [ 76.978, 27.029 ], [ 76.984, 27.017 ], [ 76.998, 27.016 ], [ 77.004, 27.005 ], [ 77.019, 27.004 ], [ 77.027, 27.014 ], [ 77.042, 27.013 ], [ 77.051, 27.023 ], [ 77.065, 27.022 ], [ 77.074, 27.032 ], [ 77.089, 27.03 ], [ 77.098, 27.041 ], [ 77.112, 27.039 ], [ 77.118, 27.028 ], [ 77.133, 27.027 ], [ 77.141, 27.037 ], [ 77.156, 27.036 ], [ 77.162, 27.024 ], [ 77.176, 27.023 ], [ 77.185, 27.033 ], [ 77.2, 27.032 ], [ 77.205, 27.021 ], [ 77.22, 27.02 ], [ 77.229, 27.03 ], [ 77.243, 27.028 ], [ 77.252, 27.039 ], [ 77.267, 27.037 ], [ 77.276, 27.047 ], [ 77.29, 27.046 ], [ 77.296, 27.035 ], [ 77.311, 27.034 ], [ 77.316, 27.022 ], [ 77.331, 27.021 ], [ 77.337, 27.01 ], [ 77.351, 27.009 ], [ 77.357, 26.997 ], [ 77.372, 26.996 ], [ 77.377, 26.985 ], [ 77.368, 26.975 ], [ 77.374, 26.963 ], [ 77.389, 26.962 ], [ 77.398, 26.972 ], [ 77.412, 26.971 ], [ 77.418, 26.96 ], [ 77.432, 26.959 ], [ 77.441, 26.969 ], [ 77.456, 26.967 ], [ 77.465, 26.977 ], [ 77.479, 26.976 ], [ 77.488, 26.986 ], [ 77.503, 26.985 ], [ 77.508, 26.974 ], [ 77.523, 26.972 ], [ 77.529, 26.961 ], [ 77.52, 26.951 ], [ 77.525, 26.94 ], [ 77.54, 26.939 ], [ 77.546, 26.927 ], [ 77.56, 26.926 ], [ 77.566, 26.915 ], [ 77.58, 26.913 ], [ 77.589, 26.924 ], [ 77.584, 26.935 ], [ 77.592, 26.945 ], [ 77.607, 26.944 ], [ 77.616, 26.954 ], [ 77.63, 26.952 ], [ 77.639, 26.962 ], [ 77.654, 26.961 ], [ 77.663, 26.971 ], [ 77.677, 26.97 ], [ 77.686, 26.98 ], [ 77.701, 26.979 ], [ 77.71, 26.989 ], [ 77.704, 27.0 ], [ 77.713, 27.01 ], [ 77.707, 27.021 ], [ 77.693, 27.023 ], [ 77.687, 27.034 ], [ 77.672, 27.035 ], [ 77.664, 27.025 ], [ 77.649, 27.026 ], [ 77.64, 27.016 ], [ 77.626, 27.018 ], [ 77.62, 27.029 ], [ 77.605, 27.03 ], [ 77.6, 27.042 ], [ 77.585, 27.043 ], [ 77.576, 27.033 ], [ 77.562, 27.034 ], [ 77.556, 27.045 ], [ 77.565, 27.055 ], [ 77.559, 27.067 ], [ 77.545, 27.068 ], [ 77.536, 27.058 ], [ 77.521, 27.059 ], [ 77.515, 27.07 ], [ 77.524, 27.08 ], [ 77.519, 27.092 ], [ 77.527, 27.102 ], [ 77.542, 27.101 ], [ 77.551, 27.111 ], [ 77.545, 27.122 ], [ 77.531, 27.123 ], [ 77.525, 27.135 ], [ 77.51, 27.136 ], [ 77.502, 27.126 ], [ 77.487, 27.127 ], [ 77.481, 27.138 ], [ 77.49, 27.148 ], [ 77.484, 27.16 ], [ 77.47, 27.161 ], [ 77.464, 27.172 ], [ 77.473, 27.182 ], [ 77.467, 27.194 ], [ 77.476, 27.204 ], [ 77.491, 27.202 ], [ 77.5, 27.213 ], [ 77.514, 27.211 ], [ 77.52, 27.2 ], [ 77.535, 27.199 ], [ 77.54, 27.187 ], [ 77.555, 27.186 ], [ 77.561, 27.175 ], [ 77.575, 27.174 ], [ 77.581, 27.162 ], [ 77.572, 27.152 ], [ 77.578, 27.141 ], [ 77.569, 27.131 ], [ 77.574, 27.119 ], [ 77.589, 27.118 ], [ 77.598, 27.128 ], [ 77.592, 27.14 ], [ 77.601, 27.15 ], [ 77.616, 27.148 ], [ 77.625, 27.158 ], [ 77.639, 27.157 ], [ 77.648, 27.167 ], [ 77.663, 27.166 ], [ 77.672, 27.176 ], [ 77.666, 27.187 ], [ 77.675, 27.197 ], [ 77.669, 27.209 ], [ 77.655, 27.21 ], [ 77.649, 27.221 ], [ 77.658, 27.231 ], [ 77.652, 27.243 ], [ 77.638, 27.244 ], [ 77.632, 27.255 ], [ 77.617, 27.257 ], [ 77.612, 27.268 ], [ 77.621, 27.278 ], [ 77.615, 27.289 ], [ 77.6, 27.291 ], [ 77.595, 27.302 ], [ 77.603, 27.312 ], [ 77.618, 27.311 ], [ 77.627, 27.321 ], [ 77.621, 27.332 ], [ 77.607, 27.333 ], [ 77.598, 27.323 ], [ 77.583, 27.325 ], [ 77.577, 27.336 ], [ 77.563, 27.337 ], [ 77.557, 27.349 ], [ 77.542, 27.35 ], [ 77.537, 27.361 ], [ 77.522, 27.362 ], [ 77.516, 27.374 ], [ 77.502, 27.375 ], [ 77.496, 27.386 ], [ 77.481, 27.388 ], [ 77.472, 27.378 ], [ 77.458, 27.379 ], [ 77.452, 27.39 ], [ 77.437, 27.391 ], [ 77.432, 27.403 ], [ 77.441, 27.413 ], [ 77.435, 27.424 ], [ 77.42, 27.426 ], [ 77.414, 27.437 ], [ 77.423, 27.447 ], [ 77.438, 27.446 ], [ 77.447, 27.456 ], [ 77.441, 27.467 ], [ 77.427, 27.468 ], [ 77.421, 27.48 ], [ 77.406, 27.481 ], [ 77.4, 27.492 ], [ 77.386, 27.494 ], [ 77.38, 27.505 ], [ 77.365, 27.506 ], [ 77.36, 27.518 ], [ 77.345, 27.519 ], [ 77.339, 27.53 ], [ 77.348, 27.54 ], [ 77.342, 27.552 ], [ 77.351, 27.562 ], [ 77.345, 27.573 ], [ 77.354, 27.583 ], [ 77.349, 27.595 ], [ 77.334, 27.596 ], [ 77.328, 27.607 ], [ 77.337, 27.618 ], [ 77.331, 27.629 ], [ 77.34, 27.639 ], [ 77.334, 27.65 ], [ 77.343, 27.661 ], [ 77.338, 27.672 ], [ 77.347, 27.682 ], [ 77.341, 27.693 ], [ 77.326, 27.695 ], [ 77.32, 27.706 ], [ 77.306, 27.707 ], [ 77.3, 27.719 ], [ 77.309, 27.729 ], [ 77.303, 27.74 ], [ 77.312, 27.75 ], [ 77.306, 27.762 ], [ 77.315, 27.772 ], [ 77.309, 27.783 ], [ 77.294, 27.785 ], [ 77.289, 27.796 ], [ 77.274, 27.797 ], [ 77.268, 27.809 ], [ 77.253, 27.81 ], [ 77.244, 27.8 ], [ 77.23, 27.801 ], [ 77.224, 27.812 ], [ 77.209, 27.814 ], [ 77.2, 27.803 ], [ 77.185, 27.805 ], [ 77.18, 27.816 ], [ 77.165, 27.817 ], [ 77.156, 27.807 ], [ 77.162, 27.796 ], [ 77.153, 27.786 ], [ 77.138, 27.787 ], [ 77.132, 27.798 ], [ 77.117, 27.799 ], [ 77.109, 27.789 ], [ 77.094, 27.791 ], [ 77.088, 27.802 ], [ 77.073, 27.803 ], [ 77.067, 27.815 ], [ 77.053, 27.816 ], [ 77.044, 27.806 ], [ 77.029, 27.807 ], [ 77.02, 27.797 ], [ 77.026, 27.785 ], [ 77.041, 27.784 ], [ 77.046, 27.773 ], [ 77.061, 27.771 ], [ 77.067, 27.76 ], [ 77.082, 27.759 ], [ 77.088, 27.747 ], [ 77.079, 27.737 ], [ 77.064, 27.738 ], [ 77.055, 27.728 ], [ 77.04, 27.73 ], [ 77.034, 27.741 ], [ 77.02, 27.742 ], [ 77.011, 27.732 ], [ 76.996, 27.733 ], [ 76.987, 27.723 ], [ 76.993, 27.712 ], [ 76.984, 27.701 ], [ 76.99, 27.69 ] ] ], [ [ [ 77.744, 26.975 ], [ 77.753, 26.985 ], [ 77.748, 26.996 ], [ 77.757, 27.006 ], [ 77.751, 27.018 ], [ 77.736, 27.019 ], [ 77.727, 27.009 ], [ 77.733, 26.998 ], [ 77.724, 26.987 ], [ 77.73, 26.976 ], [ 77.744, 26.975 ] ] ] ] } },
{ "type": "Feature", "properties": { "POLYGON.ID": 44.0, "subregion": "India--Rajasthan--Mount Abu_CL28897", "FILTER": "Rajasthan", "POLYGON": "India--Rajasthan--Mount Abu_CL28897", "STATE": "Rajasthan", "COUNTY": "spl_region", "OWNER": null }, "geometry": { "type": "MultiPolygon", "coordinates": [ [ [ [ 72.928, 24.626 ], [ 72.921, 24.637 ], [ 72.929, 24.647 ], [ 72.944, 24.646 ], [ 72.952, 24.656 ], [ 72.945, 24.667 ], [ 72.953, 24.677 ], [ 72.968, 24.676 ], [ 72.975, 24.686 ], [ 72.99, 24.685 ], [ 72.998, 24.695 ], [ 73.012, 24.695 ], [ 73.02, 24.705 ], [ 73.014, 24.716 ], [ 73.022, 24.726 ], [ 73.015, 24.736 ], [ 73.023, 24.746 ], [ 73.038, 24.746 ], [ 73.046, 24.756 ], [ 73.039, 24.767 ], [ 73.047, 24.777 ], [ 73.061, 24.776 ], [ 73.069, 24.786 ], [ 73.063, 24.797 ], [ 73.071, 24.807 ], [ 73.065, 24.818 ], [ 73.073, 24.828 ], [ 73.087, 24.827 ], [ 73.095, 24.837 ], [ 73.089, 24.848 ], [ 73.075, 24.849 ], [ 73.068, 24.86 ], [ 73.054, 24.86 ], [ 73.048, 24.871 ], [ 73.034, 24.872 ], [ 73.026, 24.862 ], [ 73.011, 24.863 ], [ 73.005, 24.873 ], [ 72.991, 24.874 ], [ 72.983, 24.864 ], [ 72.969, 24.865 ], [ 72.961, 24.855 ], [ 72.946, 24.855 ], [ 72.938, 24.845 ], [ 72.945, 24.835 ], [ 72.959, 24.834 ], [ 72.965, 24.823 ], [ 72.957, 24.813 ], [ 72.963, 24.802 ], [ 72.955, 24.792 ], [ 72.962, 24.781 ], [ 72.954, 24.771 ], [ 72.94, 24.772 ], [ 72.932, 24.762 ], [ 72.938, 24.751 ], [ 72.93, 24.741 ], [ 72.936, 24.73 ], [ 72.95, 24.729 ], [ 72.957, 24.719 ], [ 72.949, 24.708 ], [ 72.934, 24.709 ], [ 72.926, 24.699 ], [ 72.912, 24.7 ], [ 72.904, 24.69 ], [ 72.911, 24.679 ], [ 72.903, 24.669 ], [ 72.888, 24.67 ], [ 72.88, 24.66 ], [ 72.887, 24.649 ], [ 72.879, 24.639 ], [ 72.865, 24.639 ], [ 72.857, 24.629 ], [ 72.863, 24.619 ], [ 72.855, 24.609 ], [ 72.841, 24.609 ], [ 72.833, 24.599 ], [ 72.839, 24.588 ], [ 72.831, 24.578 ], [ 72.837, 24.568 ], [ 72.83, 24.558 ], [ 72.815, 24.558 ], [ 72.807, 24.548 ], [ 72.814, 24.537 ], [ 72.806, 24.527 ], [ 72.792, 24.528 ], [ 72.784, 24.518 ], [ 72.769, 24.519 ], [ 72.762, 24.509 ], [ 72.747, 24.509 ], [ 72.739, 24.499 ], [ 72.746, 24.489 ], [ 72.738, 24.479 ], [ 72.744, 24.468 ], [ 72.736, 24.458 ], [ 72.742, 24.447 ], [ 72.757, 24.446 ], [ 72.765, 24.456 ], [ 72.779, 24.456 ], [ 72.787, 24.466 ], [ 72.78, 24.476 ], [ 72.788, 24.486 ], [ 72.802, 24.486 ], [ 72.81, 24.496 ], [ 72.825, 24.495 ], [ 72.832, 24.505 ], [ 72.847, 24.504 ], [ 72.855, 24.514 ], [ 72.869, 24.514 ], [ 72.877, 24.524 ], [ 72.87, 24.534 ], [ 72.878, 24.545 ], [ 72.893, 24.544 ], [ 72.901, 24.554 ], [ 72.915, 24.553 ], [ 72.923, 24.563 ], [ 72.916, 24.574 ], [ 72.924, 24.584 ], [ 72.918, 24.595 ], [ 72.926, 24.605 ], [ 72.92, 24.616 ], [ 72.928, 24.626 ] ] ], [ [ [ 72.853, 25.039 ], [ 72.847, 25.05 ], [ 72.855, 25.06 ], [ 72.849, 25.071 ], [ 72.834, 25.072 ], [ 72.828, 25.083 ], [ 72.836, 25.093 ], [ 72.83, 25.104 ], [ 72.815, 25.104 ], [ 72.809, 25.115 ], [ 72.817, 25.125 ], [ 72.811, 25.136 ], [ 72.819, 25.146 ], [ 72.812, 25.157 ], [ 72.82, 25.167 ], [ 72.814, 25.178 ], [ 72.822, 25.188 ], [ 72.836, 25.188 ], [ 72.844, 25.198 ], [ 72.838, 25.209 ], [ 72.846, 25.219 ], [ 72.84, 25.23 ], [ 72.848, 25.24 ], [ 72.841, 25.251 ], [ 72.849, 25.261 ], [ 72.843, 25.272 ], [ 72.829, 25.272 ], [ 72.821, 25.262 ], [ 72.806, 25.263 ], [ 72.798, 25.253 ], [ 72.805, 25.242 ], [ 72.797, 25.232 ], [ 72.782, 25.233 ], [ 72.774, 25.222 ], [ 72.781, 25.212 ], [ 72.773, 25.201 ], [ 72.779, 25.191 ], [ 72.771, 25.18 ], [ 72.757, 25.181 ], [ 72.749, 25.171 ], [ 72.755, 25.16 ], [ 72.747, 25.15 ], [ 72.753, 25.139 ], [ 72.745, 25.129 ], [ 72.731, 25.13 ], [ 72.723, 25.12 ], [ 72.709, 25.12 ], [ 72.701, 25.11 ], [ 72.707, 25.099 ], [ 72.699, 25.089 ], [ 72.706, 25.078 ], [ 72.698, 25.068 ], [ 72.704, 25.057 ], [ 72.696, 25.047 ], [ 72.682, 25.048 ], [ 72.674, 25.038 ], [ 72.659, 25.038 ], [ 72.651, 25.028 ], [ 72.658, 25.018 ], [ 72.65, 25.007 ], [ 72.635, 25.008 ], [ 72.628, 24.998 ], [ 72.634, 24.987 ], [ 72.626, 24.977 ], [ 72.612, 24.978 ], [ 72.604, 24.968 ], [ 72.589, 24.968 ], [ 72.581, 24.958 ], [ 72.588, 24.947 ], [ 72.58, 24.937 ], [ 72.566, 24.938 ], [ 72.558, 24.928 ], [ 72.543, 24.929 ], [ 72.537, 24.939 ], [ 72.523, 24.94 ], [ 72.515, 24.93 ], [ 72.5, 24.931 ], [ 72.493, 24.921 ], [ 72.499, 24.91 ], [ 72.491, 24.9 ], [ 72.497, 24.889 ], [ 72.489, 24.879 ], [ 72.496, 24.868 ], [ 72.488, 24.858 ], [ 72.494, 24.847 ], [ 72.486, 24.837 ], [ 72.493, 24.826 ], [ 72.485, 24.816 ], [ 72.491, 24.805 ], [ 72.483, 24.795 ], [ 72.49, 24.784 ], [ 72.482, 24.774 ], [ 72.488, 24.763 ], [ 72.48, 24.753 ], [ 72.487, 24.742 ], [ 72.501, 24.742 ], [ 72.507, 24.731 ], [ 72.499, 24.721 ], [ 72.506, 24.71 ], [ 72.52, 24.709 ], [ 72.526, 24.698 ], [ 72.518, 24.688 ], [ 72.525, 24.678 ], [ 72.517, 24.667 ], [ 72.502, 24.668 ], [ 72.495, 24.658 ], [ 72.501, 24.647 ], [ 72.493, 24.637 ], [ 72.499, 24.626 ], [ 72.491, 24.616 ], [ 72.477, 24.617 ], [ 72.471, 24.628 ], [ 72.457, 24.629 ], [ 72.449, 24.618 ], [ 72.435, 24.619 ], [ 72.427, 24.609 ], [ 72.412, 24.61 ], [ 72.406, 24.621 ], [ 72.392, 24.621 ], [ 72.386, 24.632 ], [ 72.371, 24.633 ], [ 72.365, 24.643 ], [ 72.373, 24.654 ], [ 72.366, 24.664 ], [ 72.352, 24.665 ], [ 72.346, 24.676 ], [ 72.354, 24.686 ], [ 72.347, 24.697 ], [ 72.333, 24.697 ], [ 72.325, 24.687 ], [ 72.311, 24.688 ], [ 72.303, 24.678 ], [ 72.309, 24.667 ], [ 72.302, 24.657 ], [ 72.308, 24.646 ], [ 72.322, 24.646 ], [ 72.329, 24.635 ], [ 72.343, 24.634 ], [ 72.349, 24.623 ], [ 72.341, 24.613 ], [ 72.348, 24.602 ], [ 72.34, 24.592 ], [ 72.326, 24.593 ], [ 72.319, 24.604 ], [ 72.305, 24.605 ], [ 72.299, 24.615 ], [ 72.284, 24.616 ], [ 72.277, 24.606 ], [ 72.262, 24.607 ], [ 72.254, 24.596 ], [ 72.261, 24.586 ], [ 72.253, 24.576 ], [ 72.259, 24.565 ], [ 72.274, 24.564 ], [ 72.28, 24.553 ], [ 72.294, 24.553 ], [ 72.301, 24.542 ], [ 72.315, 24.541 ], [ 72.323, 24.551 ], [ 72.337, 24.551 ], [ 72.345, 24.561 ], [ 72.359, 24.56 ], [ 72.365, 24.549 ], [ 72.357, 24.539 ], [ 72.364, 24.528 ], [ 72.378, 24.528 ], [ 72.384, 24.517 ], [ 72.399, 24.516 ], [ 72.406, 24.526 ], [ 72.421, 24.526 ], [ 72.428, 24.536 ], [ 72.443, 24.535 ], [ 72.451, 24.545 ], [ 72.465, 24.544 ], [ 72.471, 24.534 ], [ 72.485, 24.533 ], [ 72.492, 24.522 ], [ 72.506, 24.522 ], [ 72.512, 24.511 ], [ 72.526, 24.51 ], [ 72.534, 24.52 ], [ 72.548, 24.519 ], [ 72.555, 24.509 ], [ 72.569, 24.508 ], [ 72.577, 24.518 ], [ 72.571, 24.529 ], [ 72.578, 24.539 ], [ 72.593, 24.538 ], [ 72.601, 24.548 ], [ 72.615, 24.547 ], [ 72.623, 24.558 ], [ 72.616, 24.568 ], [ 72.624, 24.578 ], [ 72.638, 24.578 ], [ 72.646, 24.588 ], [ 72.64, 24.599 ], [ 72.648, 24.609 ], [ 72.662, 24.608 ], [ 72.67, 24.618 ], [ 72.664, 24.629 ], [ 72.672, 24.639 ], [ 72.665, 24.65 ], [ 72.673, 24.66 ], [ 72.688, 24.659 ], [ 72.695, 24.669 ], [ 72.71, 24.668 ], [ 72.718, 24.678 ], [ 72.711, 24.689 ], [ 72.719, 24.699 ], [ 72.713, 24.71 ], [ 72.721, 24.72 ], [ 72.735, 24.719 ], [ 72.743, 24.73 ], [ 72.737, 24.74 ], [ 72.745, 24.75 ], [ 72.738, 24.761 ], [ 72.746, 24.771 ], [ 72.761, 24.771 ], [ 72.768, 24.781 ], [ 72.762, 24.791 ], [ 72.77, 24.802 ], [ 72.784, 24.801 ], [ 72.792, 24.811 ], [ 72.807, 24.81 ], [ 72.815, 24.82 ], [ 72.829, 24.82 ], [ 72.837, 24.83 ], [ 72.851, 24.829 ], [ 72.859, 24.839 ], [ 72.853, 24.85 ], [ 72.861, 24.86 ], [ 72.854, 24.871 ], [ 72.862, 24.881 ], [ 72.856, 24.892 ], [ 72.864, 24.902 ], [ 72.858, 24.913 ], [ 72.843, 24.913 ], [ 72.837, 24.924 ], [ 72.823, 24.925 ], [ 72.816, 24.936 ], [ 72.802, 24.937 ], [ 72.796, 24.947 ], [ 72.804, 24.957 ], [ 72.798, 24.968 ], [ 72.805, 24.978 ], [ 72.82, 24.978 ], [ 72.828, 24.988 ], [ 72.842, 24.987 ], [ 72.85, 24.997 ], [ 72.844, 25.008 ], [ 72.852, 25.018 ], [ 72.845, 25.029 ], [ 72.853, 25.039 ] ] ] ] } },
{ "type": "Feature", "properties": { "POLYGON.ID": 45.0, "subregion": "India--Rajasthan--Aravalli Range and Eastern Plains_CL28914", "FILTER": "Rajasthan", "POLYGON": "India--Rajasthan--Aravalli Range and Eastern Plains_CL28914", "STATE": "Rajasthan", "COUNTY": "Aravalli", "OWNER": null }, "geometry": { "type": "MultiPolygon", "coordinates": [ [ [ [ 75.454, 23.962 ], [ 75.46, 23.951 ], [ 75.452, 23.942 ], [ 75.457, 23.931 ], [ 75.449, 23.921 ], [ 75.455, 23.91 ], [ 75.469, 23.909 ], [ 75.477, 23.919 ], [ 75.491, 23.918 ], [ 75.497, 23.907 ], [ 75.489, 23.898 ], [ 75.495, 23.887 ], [ 75.509, 23.886 ], [ 75.514, 23.875 ], [ 75.528, 23.874 ], [ 75.534, 23.863 ], [ 75.548, 23.862 ], [ 75.554, 23.852 ], [ 75.568, 23.851 ], [ 75.574, 23.84 ], [ 75.565, 23.83 ], [ 75.571, 23.819 ], [ 75.585, 23.818 ], [ 75.591, 23.808 ], [ 75.583, 23.798 ], [ 75.588, 23.787 ], [ 75.602, 23.786 ], [ 75.611, 23.796 ], [ 75.625, 23.795 ], [ 75.633, 23.805 ], [ 75.647, 23.804 ], [ 75.653, 23.793 ], [ 75.666, 23.792 ], [ 75.672, 23.781 ], [ 75.686, 23.78 ], [ 75.694, 23.79 ], [ 75.689, 23.801 ], [ 75.697, 23.811 ], [ 75.711, 23.81 ], [ 75.719, 23.819 ], [ 75.713, 23.83 ], [ 75.722, 23.84 ], [ 75.716, 23.851 ], [ 75.724, 23.86 ], [ 75.718, 23.871 ], [ 75.704, 23.872 ], [ 75.699, 23.883 ], [ 75.707, 23.893 ], [ 75.721, 23.892 ], [ 75.729, 23.902 ], [ 75.743, 23.901 ], [ 75.749, 23.89 ], [ 75.763, 23.889 ], [ 75.769, 23.878 ], [ 75.76, 23.868 ], [ 75.766, 23.858 ], [ 75.78, 23.857 ], [ 75.788, 23.866 ], [ 75.802, 23.865 ], [ 75.811, 23.875 ], [ 75.825, 23.874 ], [ 75.833, 23.884 ], [ 75.847, 23.883 ], [ 75.855, 23.893 ], [ 75.869, 23.892 ], [ 75.875, 23.881 ], [ 75.889, 23.88 ], [ 75.897, 23.89 ], [ 75.911, 23.889 ], [ 75.919, 23.899 ], [ 75.933, 23.898 ], [ 75.941, 23.907 ], [ 75.955, 23.906 ], [ 75.964, 23.916 ], [ 75.958, 23.927 ], [ 75.966, 23.937 ], [ 75.98, 23.936 ], [ 75.989, 23.945 ], [ 75.983, 23.956 ], [ 75.991, 23.966 ], [ 75.985, 23.977 ], [ 75.971, 23.978 ], [ 75.966, 23.989 ], [ 75.974, 23.998 ], [ 75.968, 24.009 ], [ 75.977, 24.019 ], [ 75.991, 24.018 ], [ 75.999, 24.028 ], [ 76.013, 24.027 ], [ 76.021, 24.037 ], [ 76.016, 24.047 ], [ 76.024, 24.057 ], [ 76.038, 24.056 ], [ 76.046, 24.066 ], [ 76.06, 24.065 ], [ 76.069, 24.075 ], [ 76.083, 24.074 ], [ 76.091, 24.084 ], [ 76.105, 24.083 ], [ 76.113, 24.092 ], [ 76.127, 24.091 ], [ 76.136, 24.101 ], [ 76.13, 24.112 ], [ 76.138, 24.122 ], [ 76.132, 24.133 ], [ 76.118, 24.134 ], [ 76.113, 24.144 ], [ 76.121, 24.154 ], [ 76.115, 24.165 ], [ 76.124, 24.175 ], [ 76.118, 24.186 ], [ 76.126, 24.195 ], [ 76.121, 24.206 ], [ 76.129, 24.216 ], [ 76.143, 24.215 ], [ 76.151, 24.225 ], [ 76.146, 24.236 ], [ 76.154, 24.246 ], [ 76.148, 24.256 ], [ 76.134, 24.257 ], [ 76.129, 24.268 ], [ 76.137, 24.278 ], [ 76.151, 24.277 ], [ 76.159, 24.287 ], [ 76.154, 24.298 ], [ 76.162, 24.308 ], [ 76.176, 24.307 ], [ 76.184, 24.316 ], [ 76.198, 24.315 ], [ 76.204, 24.304 ], [ 76.196, 24.295 ], [ 76.201, 24.284 ], [ 76.193, 24.274 ], [ 76.199, 24.263 ], [ 76.19, 24.253 ], [ 76.196, 24.242 ], [ 76.21, 24.241 ], [ 76.216, 24.231 ], [ 76.208, 24.221 ], [ 76.213, 24.21 ], [ 76.227, 24.209 ], [ 76.236, 24.219 ], [ 76.25, 24.218 ], [ 76.255, 24.207 ], [ 76.269, 24.206 ], [ 76.278, 24.216 ], [ 76.292, 24.215 ], [ 76.3, 24.224 ], [ 76.294, 24.235 ], [ 76.303, 24.245 ], [ 76.317, 24.244 ], [ 76.325, 24.254 ], [ 76.339, 24.253 ], [ 76.345, 24.242 ], [ 76.359, 24.241 ], [ 76.365, 24.23 ], [ 76.379, 24.229 ], [ 76.384, 24.218 ], [ 76.398, 24.217 ], [ 76.404, 24.206 ], [ 76.418, 24.205 ], [ 76.426, 24.215 ], [ 76.44, 24.214 ], [ 76.449, 24.224 ], [ 76.463, 24.223 ], [ 76.468, 24.212 ], [ 76.482, 24.211 ], [ 76.488, 24.2 ], [ 76.502, 24.199 ], [ 76.508, 24.188 ], [ 76.499, 24.178 ], [ 76.505, 24.167 ], [ 76.519, 24.166 ], [ 76.525, 24.155 ], [ 76.539, 24.154 ], [ 76.547, 24.164 ], [ 76.561, 24.163 ], [ 76.569, 24.173 ], [ 76.564, 24.184 ], [ 76.572, 24.193 ], [ 76.567, 24.204 ], [ 76.575, 24.214 ], [ 76.589, 24.213 ], [ 76.597, 24.223 ], [ 76.592, 24.234 ], [ 76.6, 24.243 ], [ 76.614, 24.242 ], [ 76.623, 24.252 ], [ 76.637, 24.251 ], [ 76.645, 24.261 ], [ 76.659, 24.26 ], [ 76.667, 24.27 ], [ 76.681, 24.268 ], [ 76.69, 24.278 ], [ 76.704, 24.277 ], [ 76.709, 24.266 ], [ 76.701, 24.257 ], [ 76.707, 24.246 ], [ 76.698, 24.236 ], [ 76.684, 24.237 ], [ 76.676, 24.227 ], [ 76.681, 24.216 ], [ 76.673, 24.207 ], [ 76.679, 24.196 ], [ 76.693, 24.195 ], [ 76.698, 24.184 ], [ 76.69, 24.174 ], [ 76.695, 24.163 ], [ 76.709, 24.162 ], [ 76.718, 24.172 ], [ 76.732, 24.171 ], [ 76.737, 24.16 ], [ 76.751, 24.159 ], [ 76.76, 24.169 ], [ 76.774, 24.168 ], [ 76.779, 24.157 ], [ 76.771, 24.147 ], [ 76.777, 24.136 ], [ 76.791, 24.135 ], [ 76.796, 24.124 ], [ 76.81, 24.123 ], [ 76.819, 24.133 ], [ 76.833, 24.132 ], [ 76.841, 24.141 ], [ 76.855, 24.14 ], [ 76.86, 24.13 ], [ 76.874, 24.128 ], [ 76.883, 24.138 ], [ 76.897, 24.137 ], [ 76.905, 24.147 ], [ 76.9, 24.158 ], [ 76.908, 24.167 ], [ 76.903, 24.178 ], [ 76.911, 24.188 ], [ 76.925, 24.187 ], [ 76.934, 24.197 ], [ 76.928, 24.208 ], [ 76.936, 24.217 ], [ 76.931, 24.228 ], [ 76.917, 24.229 ], [ 76.911, 24.24 ], [ 76.897, 24.241 ], [ 76.892, 24.252 ], [ 76.878, 24.253 ], [ 76.872, 24.264 ], [ 76.858, 24.265 ], [ 76.853, 24.276 ], [ 76.861, 24.286 ], [ 76.855, 24.297 ], [ 76.864, 24.306 ], [ 76.858, 24.317 ], [ 76.844, 24.318 ], [ 76.839, 24.329 ], [ 76.847, 24.339 ], [ 76.842, 24.35 ], [ 76.85, 24.36 ], [ 76.844, 24.371 ], [ 76.853, 24.38 ], [ 76.847, 24.391 ], [ 76.856, 24.401 ], [ 76.85, 24.412 ], [ 76.836, 24.413 ], [ 76.83, 24.424 ], [ 76.816, 24.425 ], [ 76.811, 24.436 ], [ 76.797, 24.437 ], [ 76.791, 24.448 ], [ 76.777, 24.449 ], [ 76.769, 24.439 ], [ 76.755, 24.44 ], [ 76.746, 24.431 ], [ 76.732, 24.432 ], [ 76.724, 24.422 ], [ 76.71, 24.423 ], [ 76.701, 24.413 ], [ 76.687, 24.414 ], [ 76.682, 24.425 ], [ 76.667, 24.426 ], [ 76.659, 24.416 ], [ 76.645, 24.417 ], [ 76.637, 24.408 ], [ 76.622, 24.409 ], [ 76.617, 24.42 ], [ 76.603, 24.421 ], [ 76.597, 24.432 ], [ 76.606, 24.441 ], [ 76.6, 24.452 ], [ 76.586, 24.453 ], [ 76.58, 24.464 ], [ 76.566, 24.465 ], [ 76.561, 24.476 ], [ 76.546, 24.477 ], [ 76.541, 24.488 ], [ 76.549, 24.498 ], [ 76.544, 24.509 ], [ 76.53, 24.51 ], [ 76.524, 24.521 ], [ 76.532, 24.531 ], [ 76.527, 24.542 ], [ 76.513, 24.543 ], [ 76.507, 24.554 ], [ 76.515, 24.563 ], [ 76.51, 24.574 ], [ 76.518, 24.584 ], [ 76.512, 24.595 ], [ 76.521, 24.605 ], [ 76.515, 24.616 ], [ 76.501, 24.617 ], [ 76.495, 24.628 ], [ 76.481, 24.629 ], [ 76.476, 24.64 ], [ 76.484, 24.65 ], [ 76.478, 24.661 ], [ 76.487, 24.67 ], [ 76.481, 24.681 ], [ 76.467, 24.682 ], [ 76.461, 24.693 ], [ 76.47, 24.703 ], [ 76.464, 24.714 ], [ 76.473, 24.724 ], [ 76.467, 24.735 ], [ 76.475, 24.745 ], [ 76.49, 24.744 ], [ 76.498, 24.754 ], [ 76.512, 24.752 ], [ 76.521, 24.762 ], [ 76.515, 24.773 ], [ 76.523, 24.783 ], [ 76.538, 24.782 ], [ 76.546, 24.792 ], [ 76.56, 24.791 ], [ 76.569, 24.801 ], [ 76.583, 24.8 ], [ 76.591, 24.809 ], [ 76.605, 24.808 ], [ 76.611, 24.797 ], [ 76.625, 24.796 ], [ 76.631, 24.785 ], [ 76.645, 24.784 ], [ 76.651, 24.773 ], [ 76.665, 24.772 ], [ 76.67, 24.761 ], [ 76.684, 24.76 ], [ 76.69, 24.749 ], [ 76.682, 24.739 ], [ 76.687, 24.728 ], [ 76.701, 24.727 ], [ 76.707, 24.716 ], [ 76.721, 24.715 ], [ 76.727, 24.704 ], [ 76.718, 24.695 ], [ 76.724, 24.684 ], [ 76.738, 24.683 ], [ 76.744, 24.672 ], [ 76.758, 24.671 ], [ 76.763, 24.66 ], [ 76.778, 24.658 ], [ 76.783, 24.648 ], [ 76.797, 24.646 ], [ 76.806, 24.656 ], [ 76.82, 24.655 ], [ 76.828, 24.665 ], [ 76.823, 24.676 ], [ 76.831, 24.686 ], [ 76.826, 24.697 ], [ 76.811, 24.698 ], [ 76.806, 24.709 ], [ 76.814, 24.719 ], [ 76.809, 24.73 ], [ 76.795, 24.731 ], [ 76.789, 24.742 ], [ 76.775, 24.743 ], [ 76.769, 24.754 ], [ 76.755, 24.755 ], [ 76.749, 24.766 ], [ 76.758, 24.775 ], [ 76.752, 24.786 ], [ 76.738, 24.788 ], [ 76.733, 24.798 ], [ 76.718, 24.8 ], [ 76.713, 24.811 ], [ 76.699, 24.812 ], [ 76.693, 24.823 ], [ 76.701, 24.832 ], [ 76.696, 24.843 ], [ 76.682, 24.844 ], [ 76.676, 24.855 ], [ 76.662, 24.857 ], [ 76.656, 24.867 ], [ 76.665, 24.877 ], [ 76.659, 24.888 ], [ 76.645, 24.889 ], [ 76.639, 24.9 ], [ 76.648, 24.91 ], [ 76.642, 24.921 ], [ 76.651, 24.931 ], [ 76.645, 24.942 ], [ 76.631, 24.943 ], [ 76.625, 24.954 ], [ 76.611, 24.955 ], [ 76.605, 24.966 ], [ 76.614, 24.976 ], [ 76.608, 24.987 ], [ 76.594, 24.988 ], [ 76.588, 24.999 ], [ 76.597, 25.009 ], [ 76.591, 25.02 ], [ 76.577, 25.021 ], [ 76.571, 25.032 ], [ 76.557, 25.033 ], [ 76.551, 25.044 ], [ 76.56, 25.054 ], [ 76.554, 25.065 ], [ 76.563, 25.075 ], [ 76.557, 25.086 ], [ 76.543, 25.087 ], [ 76.537, 25.098 ], [ 76.545, 25.108 ], [ 76.54, 25.119 ], [ 76.526, 25.12 ], [ 76.52, 25.131 ], [ 76.528, 25.141 ], [ 76.523, 25.152 ], [ 76.531, 25.162 ], [ 76.525, 25.173 ], [ 76.534, 25.183 ], [ 76.528, 25.194 ], [ 76.537, 25.203 ], [ 76.531, 25.214 ], [ 76.54, 25.224 ], [ 76.534, 25.235 ], [ 76.52, 25.236 ], [ 76.514, 25.248 ], [ 76.522, 25.257 ], [ 76.517, 25.268 ], [ 76.525, 25.278 ], [ 76.52, 25.289 ], [ 76.505, 25.29 ], [ 76.5, 25.301 ], [ 76.508, 25.311 ], [ 76.502, 25.322 ], [ 76.511, 25.332 ], [ 76.505, 25.343 ], [ 76.514, 25.353 ], [ 76.508, 25.364 ], [ 76.517, 25.374 ], [ 76.511, 25.385 ], [ 76.519, 25.395 ], [ 76.534, 25.394 ], [ 76.542, 25.404 ], [ 76.556, 25.403 ], [ 76.562, 25.392 ], [ 76.576, 25.391 ], [ 76.585, 25.401 ], [ 76.599, 25.4 ], [ 76.608, 25.41 ], [ 76.602, 25.421 ], [ 76.588, 25.422 ], [ 76.582, 25.433 ], [ 76.568, 25.434 ], [ 76.562, 25.445 ], [ 76.571, 25.455 ], [ 76.565, 25.466 ], [ 76.551, 25.467 ], [ 76.545, 25.478 ], [ 76.553, 25.488 ], [ 76.548, 25.499 ], [ 76.533, 25.5 ], [ 76.528, 25.511 ], [ 76.513, 25.512 ], [ 76.508, 25.523 ], [ 76.516, 25.533 ], [ 76.51, 25.544 ], [ 76.519, 25.554 ], [ 76.513, 25.565 ], [ 76.499, 25.566 ], [ 76.493, 25.578 ], [ 76.502, 25.587 ], [ 76.516, 25.586 ], [ 76.525, 25.596 ], [ 76.519, 25.607 ], [ 76.505, 25.609 ], [ 76.499, 25.62 ], [ 76.507, 25.63 ], [ 76.502, 25.641 ], [ 76.51, 25.651 ], [ 76.504, 25.662 ], [ 76.513, 25.672 ], [ 76.507, 25.683 ], [ 76.493, 25.684 ], [ 76.487, 25.695 ], [ 76.473, 25.696 ], [ 76.467, 25.707 ], [ 76.476, 25.717 ], [ 76.49, 25.716 ], [ 76.499, 25.726 ], [ 76.513, 25.725 ], [ 76.522, 25.735 ], [ 76.516, 25.746 ], [ 76.524, 25.756 ], [ 76.519, 25.767 ], [ 76.527, 25.777 ], [ 76.521, 25.788 ], [ 76.53, 25.798 ], [ 76.524, 25.809 ], [ 76.533, 25.819 ], [ 76.547, 25.818 ], [ 76.556, 25.828 ], [ 76.55, 25.839 ], [ 76.559, 25.849 ], [ 76.553, 25.86 ], [ 76.561, 25.87 ], [ 76.556, 25.881 ], [ 76.564, 25.891 ], [ 76.579, 25.89 ], [ 76.587, 25.9 ], [ 76.602, 25.899 ], [ 76.61, 25.909 ], [ 76.605, 25.92 ], [ 76.613, 25.93 ], [ 76.628, 25.929 ], [ 76.636, 25.939 ], [ 76.651, 25.938 ], [ 76.659, 25.948 ], [ 76.653, 25.959 ], [ 76.639, 25.96 ], [ 76.633, 25.971 ], [ 76.642, 25.981 ], [ 76.636, 25.992 ], [ 76.622, 25.993 ], [ 76.613, 25.983 ], [ 76.599, 25.985 ], [ 76.593, 25.996 ], [ 76.579, 25.997 ], [ 76.57, 25.987 ], [ 76.576, 25.976 ], [ 76.567, 25.966 ], [ 76.553, 25.967 ], [ 76.544, 25.957 ], [ 76.55, 25.946 ], [ 76.541, 25.936 ], [ 76.527, 25.937 ], [ 76.518, 25.927 ], [ 76.524, 25.916 ], [ 76.515, 25.906 ], [ 76.501, 25.907 ], [ 76.492, 25.897 ], [ 76.478, 25.898 ], [ 76.469, 25.888 ], [ 76.455, 25.889 ], [ 76.447, 25.879 ], [ 76.452, 25.868 ], [ 76.444, 25.858 ], [ 76.429, 25.859 ], [ 76.421, 25.849 ], [ 76.406, 25.85 ], [ 76.398, 25.84 ], [ 76.404, 25.829 ], [ 76.395, 25.819 ], [ 76.381, 25.82 ], [ 76.372, 25.81 ], [ 76.378, 25.799 ], [ 76.369, 25.789 ], [ 76.355, 25.79 ], [ 76.346, 25.78 ], [ 76.352, 25.769 ], [ 76.344, 25.759 ], [ 76.349, 25.748 ], [ 76.341, 25.738 ], [ 76.326, 25.739 ], [ 76.318, 25.729 ], [ 76.324, 25.718 ], [ 76.315, 25.708 ], [ 76.301, 25.709 ], [ 76.292, 25.699 ], [ 76.298, 25.688 ], [ 76.29, 25.678 ], [ 76.275, 25.679 ], [ 76.267, 25.669 ], [ 76.272, 25.658 ], [ 76.264, 25.648 ], [ 76.25, 25.649 ], [ 76.241, 25.639 ], [ 76.227, 25.64 ], [ 76.218, 25.63 ], [ 76.204, 25.631 ], [ 76.195, 25.621 ], [ 76.181, 25.622 ], [ 76.172, 25.612 ], [ 76.158, 25.614 ], [ 76.15, 25.604 ], [ 76.135, 25.605 ], [ 76.129, 25.616 ], [ 76.115, 25.617 ], [ 76.107, 25.607 ], [ 76.112, 25.596 ], [ 76.104, 25.586 ], [ 76.09, 25.587 ], [ 76.081, 25.577 ], [ 76.067, 25.578 ], [ 76.058, 25.568 ], [ 76.064, 25.557 ], [ 76.056, 25.547 ], [ 76.041, 25.548 ], [ 76.033, 25.538 ], [ 76.018, 25.539 ], [ 76.01, 25.529 ], [ 75.996, 25.53 ], [ 75.987, 25.52 ], [ 75.973, 25.521 ], [ 75.967, 25.532 ], [ 75.953, 25.533 ], [ 75.944, 25.523 ], [ 75.93, 25.524 ], [ 75.921, 25.514 ], [ 75.907, 25.515 ], [ 75.899, 25.505 ], [ 75.884, 25.506 ], [ 75.876, 25.496 ], [ 75.861, 25.497 ], [ 75.853, 25.487 ], [ 75.839, 25.488 ], [ 75.83, 25.478 ], [ 75.816, 25.479 ], [ 75.81, 25.49 ], [ 75.796, 25.491 ], [ 75.787, 25.482 ], [ 75.773, 25.483 ], [ 75.765, 25.473 ], [ 75.75, 25.474 ], [ 75.742, 25.464 ], [ 75.727, 25.465 ], [ 75.719, 25.455 ], [ 75.705, 25.456 ], [ 75.696, 25.446 ], [ 75.682, 25.447 ], [ 75.674, 25.437 ], [ 75.659, 25.438 ], [ 75.651, 25.428 ], [ 75.636, 25.429 ], [ 75.628, 25.419 ], [ 75.614, 25.42 ], [ 75.605, 25.41 ], [ 75.591, 25.411 ], [ 75.585, 25.422 ], [ 75.571, 25.423 ], [ 75.562, 25.413 ], [ 75.548, 25.414 ], [ 75.54, 25.404 ], [ 75.525, 25.405 ], [ 75.517, 25.395 ], [ 75.503, 25.396 ], [ 75.494, 25.386 ], [ 75.5, 25.375 ], [ 75.492, 25.365 ], [ 75.477, 25.366 ], [ 75.469, 25.356 ], [ 75.475, 25.345 ], [ 75.467, 25.335 ], [ 75.452, 25.336 ], [ 75.444, 25.326 ], [ 75.43, 25.327 ], [ 75.421, 25.317 ], [ 75.427, 25.306 ], [ 75.419, 25.296 ], [ 75.404, 25.297 ], [ 75.396, 25.287 ], [ 75.382, 25.288 ], [ 75.376, 25.299 ], [ 75.362, 25.3 ], [ 75.356, 25.311 ], [ 75.341, 25.312 ], [ 75.335, 25.323 ], [ 75.344, 25.333 ], [ 75.338, 25.344 ], [ 75.324, 25.345 ], [ 75.318, 25.356 ], [ 75.303, 25.357 ], [ 75.297, 25.368 ], [ 75.306, 25.378 ], [ 75.32, 25.377 ], [ 75.328, 25.387 ], [ 75.322, 25.398 ], [ 75.331, 25.408 ], [ 75.345, 25.407 ], [ 75.354, 25.417 ], [ 75.368, 25.416 ], [ 75.376, 25.426 ], [ 75.391, 25.425 ], [ 75.399, 25.435 ], [ 75.413, 25.434 ], [ 75.422, 25.444 ], [ 75.436, 25.443 ], [ 75.444, 25.453 ], [ 75.438, 25.464 ], [ 75.447, 25.474 ], [ 75.461, 25.473 ], [ 75.47, 25.483 ], [ 75.484, 25.482 ], [ 75.492, 25.492 ], [ 75.507, 25.491 ], [ 75.513, 25.48 ], [ 75.527, 25.479 ], [ 75.535, 25.489 ], [ 75.55, 25.488 ], [ 75.558, 25.498 ], [ 75.572, 25.497 ], [ 75.578, 25.486 ], [ 75.593, 25.485 ], [ 75.601, 25.495 ], [ 75.615, 25.494 ], [ 75.624, 25.504 ], [ 75.618, 25.515 ], [ 75.626, 25.525 ], [ 75.641, 25.524 ], [ 75.649, 25.534 ], [ 75.664, 25.533 ], [ 75.672, 25.543 ], [ 75.686, 25.542 ], [ 75.695, 25.552 ], [ 75.709, 25.551 ], [ 75.718, 25.561 ], [ 75.732, 25.56 ], [ 75.74, 25.57 ], [ 75.755, 25.569 ], [ 75.763, 25.579 ], [ 75.777, 25.578 ], [ 75.786, 25.588 ], [ 75.8, 25.587 ], [ 75.806, 25.576 ], [ 75.82, 25.575 ], [ 75.829, 25.585 ], [ 75.843, 25.584 ], [ 75.852, 25.594 ], [ 75.866, 25.593 ], [ 75.875, 25.603 ], [ 75.889, 25.601 ], [ 75.897, 25.611 ], [ 75.912, 25.61 ], [ 75.92, 25.62 ], [ 75.935, 25.619 ], [ 75.943, 25.629 ], [ 75.957, 25.628 ], [ 75.966, 25.638 ], [ 75.98, 25.637 ], [ 75.989, 25.647 ], [ 76.003, 25.646 ], [ 76.012, 25.656 ], [ 76.026, 25.655 ], [ 76.032, 25.644 ], [ 76.046, 25.643 ], [ 76.055, 25.653 ], [ 76.069, 25.652 ], [ 76.077, 25.662 ], [ 76.092, 25.661 ], [ 76.1, 25.671 ], [ 76.095, 25.682 ], [ 76.103, 25.692 ], [ 76.117, 25.691 ], [ 76.126, 25.701 ], [ 76.14, 25.7 ], [ 76.149, 25.71 ], [ 76.143, 25.721 ], [ 76.152, 25.731 ], [ 76.146, 25.742 ], [ 76.154, 25.752 ], [ 76.169, 25.751 ], [ 76.177, 25.761 ], [ 76.171, 25.772 ], [ 76.18, 25.782 ], [ 76.194, 25.781 ], [ 76.203, 25.791 ], [ 76.217, 25.79 ], [ 76.226, 25.8 ], [ 76.22, 25.811 ], [ 76.228, 25.821 ], [ 76.243, 25.82 ], [ 76.251, 25.83 ], [ 76.266, 25.829 ], [ 76.274, 25.839 ], [ 76.268, 25.85 ], [ 76.254, 25.851 ], [ 76.248, 25.862 ], [ 76.257, 25.872 ], [ 76.271, 25.871 ], [ 76.28, 25.881 ], [ 76.274, 25.892 ], [ 76.283, 25.902 ], [ 76.277, 25.913 ], [ 76.285, 25.923 ], [ 76.3, 25.922 ], [ 76.308, 25.932 ], [ 76.302, 25.943 ], [ 76.311, 25.953 ], [ 76.325, 25.952 ], [ 76.334, 25.962 ], [ 76.328, 25.973 ], [ 76.337, 25.983 ], [ 76.331, 25.995 ], [ 76.34, 26.005 ], [ 76.354, 26.003 ], [ 76.363, 26.013 ], [ 76.377, 26.012 ], [ 76.386, 26.022 ], [ 76.38, 26.033 ], [ 76.388, 26.044 ], [ 76.403, 26.042 ], [ 76.411, 26.052 ], [ 76.406, 26.064 ], [ 76.414, 26.074 ], [ 76.429, 26.072 ], [ 76.437, 26.083 ], [ 76.452, 26.081 ], [ 76.46, 26.091 ], [ 76.454, 26.103 ], [ 76.463, 26.113 ], [ 76.478, 26.111 ], [ 76.486, 26.121 ], [ 76.501, 26.12 ], [ 76.509, 26.13 ], [ 76.503, 26.142 ], [ 76.512, 26.152 ], [ 76.526, 26.15 ], [ 76.535, 26.16 ], [ 76.529, 26.172 ], [ 76.538, 26.182 ], [ 76.532, 26.193 ], [ 76.518, 26.194 ], [ 76.509, 26.184 ], [ 76.495, 26.185 ], [ 76.486, 26.175 ], [ 76.472, 26.176 ], [ 76.466, 26.187 ], [ 76.451, 26.188 ], [ 76.443, 26.178 ], [ 76.428, 26.179 ], [ 76.42, 26.169 ], [ 76.405, 26.171 ], [ 76.397, 26.16 ], [ 76.382, 26.162 ], [ 76.376, 26.173 ], [ 76.362, 26.174 ], [ 76.356, 26.185 ], [ 76.342, 26.186 ], [ 76.333, 26.176 ], [ 76.319, 26.177 ], [ 76.31, 26.167 ], [ 76.296, 26.168 ], [ 76.287, 26.158 ], [ 76.272, 26.159 ], [ 76.267, 26.17 ], [ 76.252, 26.171 ], [ 76.244, 26.161 ], [ 76.229, 26.163 ], [ 76.221, 26.152 ], [ 76.206, 26.154 ], [ 76.2, 26.165 ], [ 76.186, 26.166 ], [ 76.177, 26.156 ], [ 76.163, 26.157 ], [ 76.154, 26.147 ], [ 76.16, 26.136 ], [ 76.151, 26.126 ], [ 76.137, 26.127 ], [ 76.128, 26.117 ], [ 76.114, 26.118 ], [ 76.105, 26.108 ], [ 76.091, 26.109 ], [ 76.082, 26.099 ], [ 76.068, 26.1 ], [ 76.059, 26.09 ], [ 76.045, 26.091 ], [ 76.036, 26.081 ], [ 76.022, 26.082 ], [ 76.016, 26.093 ], [ 76.002, 26.094 ], [ 75.996, 26.105 ], [ 76.004, 26.115 ], [ 75.998, 26.126 ], [ 76.007, 26.136 ], [ 76.021, 26.135 ], [ 76.027, 26.124 ], [ 76.042, 26.123 ], [ 76.05, 26.133 ], [ 76.044, 26.144 ], [ 76.053, 26.154 ], [ 76.067, 26.153 ], [ 76.076, 26.163 ], [ 76.091, 26.162 ], [ 76.099, 26.172 ], [ 76.114, 26.171 ], [ 76.122, 26.181 ], [ 76.137, 26.18 ], [ 76.145, 26.19 ], [ 76.16, 26.189 ], [ 76.168, 26.199 ], [ 76.183, 26.198 ], [ 76.189, 26.187 ], [ 76.203, 26.186 ], [ 76.212, 26.196 ], [ 76.226, 26.195 ], [ 76.235, 26.205 ], [ 76.249, 26.204 ], [ 76.258, 26.214 ], [ 76.272, 26.213 ], [ 76.281, 26.223 ], [ 76.295, 26.222 ], [ 76.301, 26.211 ], [ 76.316, 26.209 ], [ 76.324, 26.22 ], [ 76.339, 26.218 ], [ 76.347, 26.228 ], [ 76.362, 26.227 ], [ 76.367, 26.216 ], [ 76.382, 26.215 ], [ 76.388, 26.204 ], [ 76.402, 26.203 ], [ 76.411, 26.213 ], [ 76.425, 26.212 ], [ 76.434, 26.222 ], [ 76.448, 26.221 ], [ 76.457, 26.231 ], [ 76.471, 26.23 ], [ 76.48, 26.24 ], [ 76.495, 26.239 ], [ 76.5, 26.227 ], [ 76.515, 26.226 ], [ 76.523, 26.236 ], [ 76.538, 26.235 ], [ 76.547, 26.245 ], [ 76.561, 26.244 ], [ 76.567, 26.233 ], [ 76.581, 26.232 ], [ 76.587, 26.221 ], [ 76.601, 26.22 ], [ 76.607, 26.208 ], [ 76.622, 26.207 ], [ 76.63, 26.217 ], [ 76.625, 26.228 ], [ 76.633, 26.238 ], [ 76.627, 26.25 ], [ 76.636, 26.26 ], [ 76.651, 26.259 ], [ 76.659, 26.269 ], [ 76.674, 26.267 ], [ 76.682, 26.277 ], [ 76.697, 26.276 ], [ 76.705, 26.286 ], [ 76.7, 26.297 ], [ 76.708, 26.308 ], [ 76.723, 26.306 ], [ 76.732, 26.316 ], [ 76.746, 26.315 ], [ 76.755, 26.325 ], [ 76.749, 26.336 ], [ 76.758, 26.347 ], [ 76.772, 26.345 ], [ 76.781, 26.355 ], [ 76.775, 26.367 ], [ 76.784, 26.377 ], [ 76.798, 26.375 ], [ 76.807, 26.385 ], [ 76.801, 26.397 ], [ 76.81, 26.407 ], [ 76.824, 26.406 ], [ 76.833, 26.416 ], [ 76.827, 26.427 ], [ 76.836, 26.437 ], [ 76.85, 26.436 ], [ 76.859, 26.446 ], [ 76.874, 26.445 ], [ 76.882, 26.455 ], [ 76.897, 26.453 ], [ 76.906, 26.463 ], [ 76.92, 26.462 ], [ 76.929, 26.472 ], [ 76.943, 26.471 ], [ 76.952, 26.481 ], [ 76.966, 26.48 ], [ 76.975, 26.49 ], [ 76.969, 26.501 ], [ 76.978, 26.511 ], [ 76.972, 26.522 ], [ 76.981, 26.533 ], [ 76.975, 26.544 ], [ 76.984, 26.554 ], [ 76.978, 26.565 ], [ 76.987, 26.575 ], [ 77.002, 26.574 ], [ 77.01, 26.584 ], [ 77.005, 26.595 ], [ 77.013, 26.605 ], [ 77.008, 26.616 ], [ 77.016, 26.626 ], [ 77.011, 26.638 ], [ 77.019, 26.648 ], [ 77.014, 26.659 ], [ 77.022, 26.669 ], [ 77.017, 26.68 ], [ 77.026, 26.69 ], [ 77.04, 26.689 ], [ 77.049, 26.699 ], [ 77.063, 26.698 ], [ 77.072, 26.708 ], [ 77.087, 26.707 ], [ 77.095, 26.717 ], [ 77.09, 26.728 ], [ 77.098, 26.738 ], [ 77.113, 26.737 ], [ 77.122, 26.747 ], [ 77.136, 26.746 ], [ 77.145, 26.756 ], [ 77.139, 26.767 ], [ 77.148, 26.777 ], [ 77.163, 26.776 ], [ 77.172, 26.786 ], [ 77.166, 26.797 ], [ 77.175, 26.807 ], [ 77.189, 26.806 ], [ 77.198, 26.816 ], [ 77.192, 26.828 ], [ 77.201, 26.838 ], [ 77.195, 26.849 ], [ 77.181, 26.85 ], [ 77.175, 26.861 ], [ 77.16, 26.863 ], [ 77.155, 26.874 ], [ 77.14, 26.875 ], [ 77.134, 26.886 ], [ 77.12, 26.887 ], [ 77.114, 26.899 ], [ 77.1, 26.9 ], [ 77.094, 26.911 ], [ 77.079, 26.912 ], [ 77.073, 26.924 ], [ 77.059, 26.925 ], [ 77.053, 26.936 ], [ 77.062, 26.946 ], [ 77.056, 26.957 ], [ 77.042, 26.959 ], [ 77.033, 26.949 ], [ 77.018, 26.95 ], [ 77.009, 26.94 ], [ 76.995, 26.941 ], [ 76.986, 26.931 ], [ 76.971, 26.932 ], [ 76.963, 26.922 ], [ 76.968, 26.911 ], [ 76.96, 26.901 ], [ 76.945, 26.902 ], [ 76.936, 26.892 ], [ 76.922, 26.893 ], [ 76.913, 26.883 ], [ 76.919, 26.872 ], [ 76.91, 26.861 ], [ 76.895, 26.863 ], [ 76.887, 26.853 ], [ 76.892, 26.841 ], [ 76.884, 26.831 ], [ 76.869, 26.832 ], [ 76.86, 26.822 ], [ 76.866, 26.811 ], [ 76.857, 26.801 ], [ 76.843, 26.802 ], [ 76.834, 26.792 ], [ 76.819, 26.793 ], [ 76.811, 26.783 ], [ 76.796, 26.784 ], [ 76.787, 26.774 ], [ 76.773, 26.775 ], [ 76.764, 26.765 ], [ 76.75, 26.766 ], [ 76.741, 26.756 ], [ 76.726, 26.758 ], [ 76.717, 26.747 ], [ 76.703, 26.749 ], [ 76.694, 26.739 ], [ 76.68, 26.74 ], [ 76.671, 26.73 ], [ 76.656, 26.731 ], [ 76.648, 26.721 ], [ 76.653, 26.709 ], [ 76.645, 26.699 ], [ 76.63, 26.7 ], [ 76.621, 26.69 ], [ 76.607, 26.692 ], [ 76.598, 26.681 ], [ 76.604, 26.67 ], [ 76.595, 26.66 ], [ 76.581, 26.661 ], [ 76.572, 26.651 ], [ 76.578, 26.64 ], [ 76.569, 26.63 ], [ 76.555, 26.631 ], [ 76.546, 26.621 ], [ 76.531, 26.622 ], [ 76.523, 26.612 ], [ 76.529, 26.601 ], [ 76.52, 26.591 ], [ 76.505, 26.592 ], [ 76.497, 26.582 ], [ 76.502, 26.571 ], [ 76.494, 26.561 ], [ 76.5, 26.549 ], [ 76.491, 26.539 ], [ 76.476, 26.54 ], [ 76.468, 26.53 ], [ 76.453, 26.531 ], [ 76.447, 26.543 ], [ 76.433, 26.544 ], [ 76.424, 26.534 ], [ 76.41, 26.535 ], [ 76.404, 26.546 ], [ 76.389, 26.547 ], [ 76.381, 26.537 ], [ 76.366, 26.538 ], [ 76.36, 26.549 ], [ 76.346, 26.55 ], [ 76.34, 26.562 ], [ 76.325, 26.563 ], [ 76.319, 26.574 ], [ 76.305, 26.575 ], [ 76.299, 26.586 ], [ 76.308, 26.596 ], [ 76.322, 26.595 ], [ 76.331, 26.605 ], [ 76.325, 26.617 ], [ 76.334, 26.627 ], [ 76.348, 26.626 ], [ 76.357, 26.636 ], [ 76.351, 26.647 ], [ 76.36, 26.657 ], [ 76.374, 26.656 ], [ 76.383, 26.666 ], [ 76.377, 26.677 ], [ 76.386, 26.687 ], [ 76.4, 26.686 ], [ 76.409, 26.696 ], [ 76.403, 26.707 ], [ 76.412, 26.718 ], [ 76.406, 26.729 ], [ 76.415, 26.739 ], [ 76.429, 26.738 ], [ 76.438, 26.748 ], [ 76.432, 26.759 ], [ 76.441, 26.769 ], [ 76.455, 26.768 ], [ 76.464, 26.778 ], [ 76.479, 26.777 ], [ 76.487, 26.787 ], [ 76.482, 26.798 ], [ 76.49, 26.808 ], [ 76.505, 26.807 ], [ 76.514, 26.817 ], [ 76.528, 26.816 ], [ 76.537, 26.826 ], [ 76.551, 26.825 ], [ 76.56, 26.835 ], [ 76.554, 26.847 ], [ 76.563, 26.857 ], [ 76.578, 26.856 ], [ 76.586, 26.866 ], [ 76.581, 26.877 ], [ 76.589, 26.887 ], [ 76.604, 26.886 ], [ 76.613, 26.896 ], [ 76.607, 26.907 ], [ 76.616, 26.917 ], [ 76.63, 26.916 ], [ 76.636, 26.905 ], [ 76.651, 26.904 ], [ 76.659, 26.914 ], [ 76.674, 26.913 ], [ 76.683, 26.923 ], [ 76.697, 26.922 ], [ 76.703, 26.91 ], [ 76.718, 26.909 ], [ 76.726, 26.919 ], [ 76.721, 26.931 ], [ 76.729, 26.941 ], [ 76.744, 26.94 ], [ 76.753, 26.95 ], [ 76.747, 26.961 ], [ 76.756, 26.971 ], [ 76.77, 26.97 ], [ 76.779, 26.98 ], [ 76.773, 26.991 ], [ 76.782, 27.001 ], [ 76.776, 27.013 ], [ 76.785, 27.023 ], [ 76.779, 27.034 ], [ 76.788, 27.044 ], [ 76.782, 27.055 ], [ 76.791, 27.066 ], [ 76.785, 27.077 ], [ 76.794, 27.087 ], [ 76.788, 27.098 ], [ 76.797, 27.108 ], [ 76.791, 27.12 ], [ 76.8, 27.13 ], [ 76.794, 27.141 ], [ 76.803, 27.151 ], [ 76.797, 27.162 ], [ 76.806, 27.173 ], [ 76.8, 27.184 ], [ 76.809, 27.194 ], [ 76.803, 27.205 ], [ 76.788, 27.207 ], [ 76.782, 27.218 ], [ 76.768, 27.219 ], [ 76.759, 27.209 ], [ 76.765, 27.198 ], [ 76.756, 27.187 ], [ 76.741, 27.189 ], [ 76.733, 27.178 ], [ 76.718, 27.18 ], [ 76.709, 27.17 ], [ 76.715, 27.158 ], [ 76.706, 27.148 ], [ 76.692, 27.149 ], [ 76.683, 27.139 ], [ 76.689, 27.128 ], [ 76.68, 27.118 ], [ 76.665, 27.119 ], [ 76.656, 27.109 ], [ 76.662, 27.097 ], [ 76.653, 27.087 ], [ 76.639, 27.088 ], [ 76.63, 27.078 ], [ 76.615, 27.08 ], [ 76.61, 27.091 ], [ 76.595, 27.092 ], [ 76.589, 27.103 ], [ 76.574, 27.104 ], [ 76.569, 27.116 ], [ 76.554, 27.117 ], [ 76.545, 27.107 ], [ 76.531, 27.108 ], [ 76.522, 27.098 ], [ 76.528, 27.086 ], [ 76.519, 27.076 ], [ 76.504, 27.077 ], [ 76.496, 27.067 ], [ 76.481, 27.068 ], [ 76.472, 27.058 ], [ 76.478, 27.047 ], [ 76.469, 27.037 ], [ 76.455, 27.038 ], [ 76.446, 27.028 ], [ 76.431, 27.029 ], [ 76.423, 27.019 ], [ 76.428, 27.008 ], [ 76.42, 26.997 ], [ 76.405, 26.999 ], [ 76.396, 26.988 ], [ 76.382, 26.99 ], [ 76.376, 27.001 ], [ 76.385, 27.011 ], [ 76.379, 27.022 ], [ 76.364, 27.023 ], [ 76.358, 27.035 ], [ 76.367, 27.045 ], [ 76.361, 27.056 ], [ 76.37, 27.066 ], [ 76.364, 27.078 ], [ 76.373, 27.088 ], [ 76.367, 27.099 ], [ 76.375, 27.109 ], [ 76.369, 27.12 ], [ 76.355, 27.121 ], [ 76.346, 27.111 ], [ 76.331, 27.112 ], [ 76.323, 27.102 ], [ 76.308, 27.103 ], [ 76.299, 27.093 ], [ 76.305, 27.082 ], [ 76.297, 27.072 ], [ 76.302, 27.061 ], [ 76.294, 27.05 ], [ 76.3, 27.039 ], [ 76.291, 27.029 ], [ 76.276, 27.03 ], [ 76.268, 27.02 ], [ 76.273, 27.009 ], [ 76.265, 26.999 ], [ 76.271, 26.987 ], [ 76.262, 26.977 ], [ 76.247, 26.978 ], [ 76.239, 26.968 ], [ 76.245, 26.957 ], [ 76.236, 26.947 ], [ 76.242, 26.936 ], [ 76.233, 26.925 ], [ 76.239, 26.914 ], [ 76.23, 26.904 ], [ 76.236, 26.893 ], [ 76.227, 26.883 ], [ 76.233, 26.871 ], [ 76.225, 26.861 ], [ 76.231, 26.85 ], [ 76.222, 26.84 ], [ 76.228, 26.829 ], [ 76.219, 26.819 ], [ 76.225, 26.807 ], [ 76.216, 26.797 ], [ 76.202, 26.798 ], [ 76.193, 26.788 ], [ 76.199, 26.777 ], [ 76.19, 26.767 ], [ 76.176, 26.768 ], [ 76.167, 26.758 ], [ 76.153, 26.759 ], [ 76.144, 26.749 ], [ 76.129, 26.75 ], [ 76.121, 26.74 ], [ 76.106, 26.741 ], [ 76.097, 26.731 ], [ 76.083, 26.732 ], [ 76.077, 26.743 ], [ 76.062, 26.744 ], [ 76.056, 26.755 ], [ 76.042, 26.756 ], [ 76.036, 26.768 ], [ 76.045, 26.778 ], [ 76.039, 26.789 ], [ 76.024, 26.79 ], [ 76.018, 26.801 ], [ 76.027, 26.811 ], [ 76.021, 26.823 ], [ 76.006, 26.824 ], [ 76.0, 26.835 ], [ 76.009, 26.845 ], [ 76.003, 26.856 ], [ 75.988, 26.857 ], [ 75.982, 26.869 ], [ 75.968, 26.87 ], [ 75.959, 26.86 ], [ 75.945, 26.861 ], [ 75.936, 26.851 ], [ 75.921, 26.852 ], [ 75.913, 26.841 ], [ 75.898, 26.843 ], [ 75.889, 26.832 ], [ 75.875, 26.833 ], [ 75.866, 26.823 ], [ 75.872, 26.812 ], [ 75.863, 26.802 ], [ 75.849, 26.803 ], [ 75.843, 26.814 ], [ 75.828, 26.815 ], [ 75.822, 26.827 ], [ 75.831, 26.837 ], [ 75.825, 26.848 ], [ 75.81, 26.849 ], [ 75.804, 26.86 ], [ 75.79, 26.861 ], [ 75.784, 26.872 ], [ 75.769, 26.874 ], [ 75.763, 26.885 ], [ 75.772, 26.895 ], [ 75.766, 26.906 ], [ 75.751, 26.907 ], [ 75.745, 26.918 ], [ 75.731, 26.92 ], [ 75.722, 26.909 ], [ 75.707, 26.91 ], [ 75.701, 26.922 ], [ 75.687, 26.923 ], [ 75.681, 26.934 ], [ 75.666, 26.935 ], [ 75.66, 26.946 ], [ 75.669, 26.956 ], [ 75.663, 26.968 ], [ 75.671, 26.978 ], [ 75.686, 26.977 ], [ 75.694, 26.987 ], [ 75.688, 26.998 ], [ 75.697, 27.008 ], [ 75.691, 27.02 ], [ 75.7, 27.03 ], [ 75.714, 27.029 ], [ 75.723, 27.039 ], [ 75.717, 27.05 ], [ 75.726, 27.06 ], [ 75.74, 27.059 ], [ 75.749, 27.07 ], [ 75.743, 27.081 ], [ 75.752, 27.091 ], [ 75.746, 27.102 ], [ 75.754, 27.112 ], [ 75.748, 27.124 ], [ 75.757, 27.134 ], [ 75.751, 27.145 ], [ 75.76, 27.155 ], [ 75.754, 27.167 ], [ 75.762, 27.177 ], [ 75.756, 27.188 ], [ 75.765, 27.198 ], [ 75.759, 27.21 ], [ 75.767, 27.22 ], [ 75.782, 27.219 ], [ 75.791, 27.229 ], [ 75.785, 27.24 ], [ 75.794, 27.25 ], [ 75.808, 27.249 ], [ 75.817, 27.259 ], [ 75.811, 27.271 ], [ 75.82, 27.281 ], [ 75.834, 27.28 ], [ 75.843, 27.29 ], [ 75.837, 27.301 ], [ 75.822, 27.302 ], [ 75.816, 27.314 ], [ 75.825, 27.324 ], [ 75.819, 27.335 ], [ 75.828, 27.345 ], [ 75.822, 27.357 ], [ 75.807, 27.358 ], [ 75.801, 27.369 ], [ 75.81, 27.379 ], [ 75.803, 27.391 ], [ 75.812, 27.401 ], [ 75.806, 27.412 ], [ 75.791, 27.413 ], [ 75.785, 27.425 ], [ 75.771, 27.426 ], [ 75.765, 27.437 ], [ 75.773, 27.447 ], [ 75.767, 27.459 ], [ 75.776, 27.469 ], [ 75.77, 27.48 ], [ 75.755, 27.481 ], [ 75.749, 27.492 ], [ 75.758, 27.503 ], [ 75.752, 27.514 ], [ 75.737, 27.515 ], [ 75.731, 27.526 ], [ 75.74, 27.537 ], [ 75.734, 27.548 ], [ 75.742, 27.558 ], [ 75.736, 27.57 ], [ 75.722, 27.571 ], [ 75.715, 27.582 ], [ 75.701, 27.583 ], [ 75.695, 27.594 ], [ 75.68, 27.595 ], [ 75.674, 27.607 ], [ 75.659, 27.608 ], [ 75.65, 27.598 ], [ 75.656, 27.586 ], [ 75.648, 27.576 ], [ 75.633, 27.577 ], [ 75.624, 27.567 ], [ 75.609, 27.568 ], [ 75.603, 27.579 ], [ 75.589, 27.58 ], [ 75.58, 27.57 ], [ 75.565, 27.571 ], [ 75.559, 27.582 ], [ 75.544, 27.583 ], [ 75.538, 27.595 ], [ 75.523, 27.596 ], [ 75.515, 27.586 ], [ 75.5, 27.587 ], [ 75.494, 27.598 ], [ 75.479, 27.599 ], [ 75.47, 27.589 ], [ 75.455, 27.59 ], [ 75.449, 27.601 ], [ 75.435, 27.602 ], [ 75.426, 27.592 ], [ 75.411, 27.593 ], [ 75.402, 27.583 ], [ 75.388, 27.584 ], [ 75.379, 27.573 ], [ 75.364, 27.574 ], [ 75.356, 27.564 ], [ 75.341, 27.565 ], [ 75.332, 27.555 ], [ 75.338, 27.544 ], [ 75.33, 27.533 ], [ 75.336, 27.522 ], [ 75.35, 27.521 ], [ 75.357, 27.51 ], [ 75.348, 27.499 ], [ 75.354, 27.488 ], [ 75.345, 27.478 ], [ 75.351, 27.467 ], [ 75.343, 27.456 ], [ 75.349, 27.445 ], [ 75.34, 27.435 ], [ 75.326, 27.436 ], [ 75.317, 27.425 ], [ 75.323, 27.414 ], [ 75.314, 27.404 ], [ 75.3, 27.405 ], [ 75.291, 27.395 ], [ 75.297, 27.383 ], [ 75.289, 27.373 ], [ 75.295, 27.362 ], [ 75.286, 27.352 ], [ 75.271, 27.353 ], [ 75.263, 27.342 ], [ 75.269, 27.331 ], [ 75.26, 27.321 ], [ 75.245, 27.322 ], [ 75.237, 27.312 ], [ 75.222, 27.313 ], [ 75.213, 27.302 ], [ 75.22, 27.291 ], [ 75.211, 27.281 ], [ 75.217, 27.27 ], [ 75.209, 27.259 ], [ 75.194, 27.26 ], [ 75.185, 27.25 ], [ 75.17, 27.251 ], [ 75.162, 27.241 ], [ 75.168, 27.23 ], [ 75.159, 27.219 ], [ 75.145, 27.22 ], [ 75.136, 27.21 ], [ 75.142, 27.199 ], [ 75.134, 27.189 ], [ 75.14, 27.177 ], [ 75.131, 27.167 ], [ 75.137, 27.156 ], [ 75.152, 27.155 ], [ 75.158, 27.144 ], [ 75.15, 27.133 ], [ 75.156, 27.122 ], [ 75.17, 27.121 ], [ 75.177, 27.11 ], [ 75.168, 27.1 ], [ 75.174, 27.089 ], [ 75.165, 27.078 ], [ 75.172, 27.067 ], [ 75.163, 27.057 ], [ 75.169, 27.046 ], [ 75.161, 27.035 ], [ 75.167, 27.024 ], [ 75.158, 27.014 ], [ 75.164, 27.003 ], [ 75.179, 27.002 ], [ 75.185, 26.99 ], [ 75.2, 26.989 ], [ 75.206, 26.978 ], [ 75.22, 26.977 ], [ 75.227, 26.966 ], [ 75.241, 26.965 ], [ 75.25, 26.975 ], [ 75.264, 26.974 ], [ 75.271, 26.963 ], [ 75.285, 26.962 ], [ 75.294, 26.972 ], [ 75.308, 26.971 ], [ 75.314, 26.96 ], [ 75.329, 26.959 ], [ 75.335, 26.948 ], [ 75.327, 26.937 ], [ 75.312, 26.938 ], [ 75.303, 26.928 ], [ 75.31, 26.917 ], [ 75.301, 26.907 ], [ 75.286, 26.908 ], [ 75.278, 26.898 ], [ 75.263, 26.899 ], [ 75.255, 26.888 ], [ 75.24, 26.889 ], [ 75.231, 26.879 ], [ 75.237, 26.868 ], [ 75.229, 26.858 ], [ 75.214, 26.859 ], [ 75.206, 26.849 ], [ 75.191, 26.85 ], [ 75.182, 26.839 ], [ 75.168, 26.84 ], [ 75.159, 26.83 ], [ 75.145, 26.831 ], [ 75.139, 26.842 ], [ 75.124, 26.843 ], [ 75.115, 26.833 ], [ 75.101, 26.834 ], [ 75.092, 26.824 ], [ 75.078, 26.825 ], [ 75.069, 26.815 ], [ 75.054, 26.816 ], [ 75.046, 26.806 ], [ 75.031, 26.807 ], [ 75.025, 26.818 ], [ 75.011, 26.819 ], [ 75.002, 26.809 ], [ 74.987, 26.81 ], [ 74.979, 26.799 ], [ 74.964, 26.8 ], [ 74.958, 26.812 ], [ 74.943, 26.813 ], [ 74.937, 26.824 ], [ 74.946, 26.834 ], [ 74.961, 26.833 ], [ 74.969, 26.843 ], [ 74.963, 26.854 ], [ 74.971, 26.865 ], [ 74.965, 26.876 ], [ 74.974, 26.886 ], [ 74.968, 26.897 ], [ 74.953, 26.898 ], [ 74.947, 26.909 ], [ 74.932, 26.91 ], [ 74.926, 26.922 ], [ 74.911, 26.923 ], [ 74.905, 26.934 ], [ 74.891, 26.935 ], [ 74.884, 26.946 ], [ 74.893, 26.956 ], [ 74.887, 26.967 ], [ 74.872, 26.968 ], [ 74.864, 26.958 ], [ 74.849, 26.959 ], [ 74.84, 26.949 ], [ 74.847, 26.938 ], [ 74.838, 26.927 ], [ 74.844, 26.916 ], [ 74.836, 26.906 ], [ 74.842, 26.895 ], [ 74.833, 26.885 ], [ 74.819, 26.886 ], [ 74.81, 26.875 ], [ 74.816, 26.864 ], [ 74.808, 26.854 ], [ 74.814, 26.843 ], [ 74.806, 26.832 ], [ 74.812, 26.821 ], [ 74.803, 26.811 ], [ 74.809, 26.8 ], [ 74.801, 26.79 ], [ 74.807, 26.778 ], [ 74.799, 26.768 ], [ 74.805, 26.757 ], [ 74.796, 26.747 ], [ 74.782, 26.748 ], [ 74.773, 26.738 ], [ 74.779, 26.726 ], [ 74.771, 26.716 ], [ 74.777, 26.705 ], [ 74.769, 26.695 ], [ 74.754, 26.696 ], [ 74.745, 26.686 ], [ 74.752, 26.674 ], [ 74.743, 26.664 ], [ 74.729, 26.665 ], [ 74.72, 26.655 ], [ 74.726, 26.644 ], [ 74.718, 26.634 ], [ 74.724, 26.622 ], [ 74.715, 26.612 ], [ 74.722, 26.601 ], [ 74.713, 26.591 ], [ 74.719, 26.58 ], [ 74.734, 26.579 ], [ 74.74, 26.568 ], [ 74.755, 26.567 ], [ 74.761, 26.556 ], [ 74.775, 26.555 ], [ 74.784, 26.565 ], [ 74.778, 26.576 ], [ 74.786, 26.586 ], [ 74.78, 26.597 ], [ 74.788, 26.607 ], [ 74.782, 26.619 ], [ 74.791, 26.629 ], [ 74.785, 26.64 ], [ 74.793, 26.65 ], [ 74.787, 26.661 ], [ 74.795, 26.672 ], [ 74.81, 26.671 ], [ 74.819, 26.681 ], [ 74.812, 26.692 ], [ 74.821, 26.702 ], [ 74.815, 26.713 ], [ 74.823, 26.724 ], [ 74.838, 26.723 ], [ 74.846, 26.733 ], [ 74.84, 26.744 ], [ 74.849, 26.754 ], [ 74.842, 26.765 ], [ 74.851, 26.776 ], [ 74.845, 26.787 ], [ 74.853, 26.797 ], [ 74.847, 26.808 ], [ 74.856, 26.818 ], [ 74.85, 26.83 ], [ 74.858, 26.84 ], [ 74.852, 26.851 ], [ 74.86, 26.861 ], [ 74.875, 26.86 ], [ 74.884, 26.87 ], [ 74.877, 26.882 ], [ 74.886, 26.892 ], [ 74.901, 26.891 ], [ 74.907, 26.88 ], [ 74.921, 26.879 ], [ 74.927, 26.868 ], [ 74.919, 26.857 ], [ 74.904, 26.858 ], [ 74.896, 26.848 ], [ 74.902, 26.837 ], [ 74.893, 26.827 ], [ 74.9, 26.815 ], [ 74.891, 26.805 ], [ 74.897, 26.794 ], [ 74.889, 26.784 ], [ 74.895, 26.773 ], [ 74.886, 26.762 ], [ 74.893, 26.751 ], [ 74.884, 26.741 ], [ 74.89, 26.73 ], [ 74.905, 26.729 ], [ 74.911, 26.718 ], [ 74.902, 26.708 ], [ 74.909, 26.696 ], [ 74.9, 26.686 ], [ 74.906, 26.675 ], [ 74.898, 26.665 ], [ 74.904, 26.654 ], [ 74.918, 26.653 ], [ 74.925, 26.641 ], [ 74.916, 26.631 ], [ 74.922, 26.62 ], [ 74.914, 26.61 ], [ 74.92, 26.599 ], [ 74.911, 26.589 ], [ 74.917, 26.577 ], [ 74.909, 26.567 ], [ 74.894, 26.568 ], [ 74.886, 26.558 ], [ 74.892, 26.547 ], [ 74.884, 26.537 ], [ 74.869, 26.538 ], [ 74.861, 26.527 ], [ 74.867, 26.516 ], [ 74.858, 26.506 ], [ 74.844, 26.507 ], [ 74.835, 26.497 ], [ 74.841, 26.486 ], [ 74.833, 26.476 ], [ 74.839, 26.464 ], [ 74.831, 26.454 ], [ 74.816, 26.455 ], [ 74.808, 26.445 ], [ 74.793, 26.446 ], [ 74.785, 26.436 ], [ 74.791, 26.425 ], [ 74.782, 26.415 ], [ 74.768, 26.415 ], [ 74.759, 26.405 ], [ 74.765, 26.394 ], [ 74.757, 26.384 ], [ 74.742, 26.385 ], [ 74.734, 26.375 ], [ 74.74, 26.364 ], [ 74.732, 26.353 ], [ 74.738, 26.342 ], [ 74.729, 26.332 ], [ 74.735, 26.321 ], [ 74.727, 26.311 ], [ 74.733, 26.3 ], [ 74.725, 26.29 ], [ 74.731, 26.279 ], [ 74.723, 26.268 ], [ 74.708, 26.269 ], [ 74.702, 26.28 ], [ 74.687, 26.281 ], [ 74.681, 26.292 ], [ 74.667, 26.293 ], [ 74.658, 26.283 ], [ 74.644, 26.284 ], [ 74.635, 26.274 ], [ 74.621, 26.275 ], [ 74.612, 26.265 ], [ 74.619, 26.254 ], [ 74.61, 26.243 ], [ 74.596, 26.244 ], [ 74.587, 26.234 ], [ 74.593, 26.223 ], [ 74.585, 26.213 ], [ 74.57, 26.214 ], [ 74.562, 26.204 ], [ 74.568, 26.193 ], [ 74.56, 26.183 ], [ 74.545, 26.183 ], [ 74.537, 26.173 ], [ 74.543, 26.162 ], [ 74.535, 26.152 ], [ 74.52, 26.153 ], [ 74.512, 26.143 ], [ 74.518, 26.132 ], [ 74.51, 26.122 ], [ 74.516, 26.11 ], [ 74.507, 26.1 ], [ 74.514, 26.089 ], [ 74.505, 26.079 ], [ 74.511, 26.068 ], [ 74.503, 26.058 ], [ 74.509, 26.047 ], [ 74.501, 26.037 ], [ 74.507, 26.026 ], [ 74.499, 26.015 ], [ 74.505, 26.004 ], [ 74.496, 25.994 ], [ 74.503, 25.983 ], [ 74.494, 25.973 ], [ 74.48, 25.974 ], [ 74.471, 25.964 ], [ 74.457, 25.965 ], [ 74.449, 25.955 ], [ 74.434, 25.956 ], [ 74.426, 25.945 ], [ 74.432, 25.934 ], [ 74.424, 25.924 ], [ 74.409, 25.925 ], [ 74.401, 25.915 ], [ 74.386, 25.916 ], [ 74.38, 25.927 ], [ 74.366, 25.928 ], [ 74.357, 25.918 ], [ 74.364, 25.907 ], [ 74.355, 25.896 ], [ 74.361, 25.885 ], [ 74.353, 25.875 ], [ 74.359, 25.864 ], [ 74.351, 25.854 ], [ 74.337, 25.855 ], [ 74.328, 25.845 ], [ 74.314, 25.846 ], [ 74.306, 25.836 ], [ 74.312, 25.825 ], [ 74.303, 25.814 ], [ 74.289, 25.815 ], [ 74.281, 25.805 ], [ 74.266, 25.806 ], [ 74.258, 25.796 ], [ 74.243, 25.797 ], [ 74.235, 25.787 ], [ 74.221, 25.788 ], [ 74.215, 25.799 ], [ 74.2, 25.8 ], [ 74.192, 25.789 ], [ 74.177, 25.79 ], [ 74.169, 25.78 ], [ 74.155, 25.781 ], [ 74.146, 25.771 ], [ 74.132, 25.772 ], [ 74.124, 25.762 ], [ 74.109, 25.763 ], [ 74.101, 25.752 ], [ 74.087, 25.753 ], [ 74.08, 25.764 ], [ 74.066, 25.765 ], [ 74.058, 25.755 ], [ 74.043, 25.756 ], [ 74.035, 25.746 ], [ 74.021, 25.747 ], [ 74.012, 25.736 ], [ 73.998, 25.737 ], [ 73.99, 25.727 ], [ 73.996, 25.716 ], [ 73.988, 25.706 ], [ 73.973, 25.707 ], [ 73.965, 25.697 ], [ 73.971, 25.686 ], [ 73.963, 25.676 ], [ 73.949, 25.676 ], [ 73.94, 25.666 ], [ 73.926, 25.667 ], [ 73.918, 25.657 ], [ 73.924, 25.646 ], [ 73.916, 25.636 ], [ 73.901, 25.637 ], [ 73.893, 25.627 ], [ 73.899, 25.616 ], [ 73.891, 25.606 ], [ 73.877, 25.606 ], [ 73.869, 25.596 ], [ 73.875, 25.585 ], [ 73.867, 25.575 ], [ 73.873, 25.564 ], [ 73.865, 25.554 ], [ 73.871, 25.543 ], [ 73.863, 25.533 ], [ 73.869, 25.522 ], [ 73.861, 25.512 ], [ 73.867, 25.501 ], [ 73.859, 25.491 ], [ 73.844, 25.492 ], [ 73.836, 25.482 ], [ 73.842, 25.471 ], [ 73.834, 25.46 ], [ 73.84, 25.449 ], [ 73.832, 25.439 ], [ 73.818, 25.44 ], [ 73.809, 25.43 ], [ 73.816, 25.419 ], [ 73.807, 25.409 ], [ 73.793, 25.41 ], [ 73.785, 25.4 ], [ 73.791, 25.389 ], [ 73.783, 25.379 ], [ 73.769, 25.38 ], [ 73.76, 25.369 ], [ 73.767, 25.358 ], [ 73.759, 25.348 ], [ 73.765, 25.337 ], [ 73.757, 25.327 ], [ 73.742, 25.328 ], [ 73.734, 25.318 ], [ 73.74, 25.307 ], [ 73.732, 25.297 ], [ 73.718, 25.298 ], [ 73.71, 25.288 ], [ 73.716, 25.277 ], [ 73.708, 25.267 ], [ 73.714, 25.256 ], [ 73.706, 25.246 ], [ 73.712, 25.235 ], [ 73.704, 25.225 ], [ 73.71, 25.214 ], [ 73.724, 25.213 ], [ 73.731, 25.202 ], [ 73.745, 25.201 ], [ 73.751, 25.19 ], [ 73.743, 25.18 ], [ 73.749, 25.169 ], [ 73.741, 25.159 ], [ 73.727, 25.16 ], [ 73.718, 25.15 ], [ 73.725, 25.139 ], [ 73.717, 25.129 ], [ 73.702, 25.13 ], [ 73.694, 25.12 ], [ 73.7, 25.109 ], [ 73.692, 25.099 ], [ 73.698, 25.088 ], [ 73.69, 25.078 ], [ 73.696, 25.067 ], [ 73.688, 25.057 ], [ 73.695, 25.046 ], [ 73.709, 25.045 ], [ 73.715, 25.034 ], [ 73.707, 25.024 ], [ 73.713, 25.013 ], [ 73.705, 25.003 ], [ 73.691, 25.004 ], [ 73.683, 24.994 ], [ 73.668, 24.995 ], [ 73.66, 24.985 ], [ 73.666, 24.974 ], [ 73.658, 24.964 ], [ 73.644, 24.965 ], [ 73.636, 24.955 ], [ 73.642, 24.944 ], [ 73.634, 24.934 ], [ 73.62, 24.934 ], [ 73.612, 24.924 ], [ 73.618, 24.913 ], [ 73.61, 24.903 ], [ 73.616, 24.893 ], [ 73.608, 24.882 ], [ 73.594, 24.883 ], [ 73.587, 24.894 ], [ 73.573, 24.895 ], [ 73.567, 24.906 ], [ 73.553, 24.907 ], [ 73.546, 24.917 ], [ 73.555, 24.928 ], [ 73.548, 24.938 ], [ 73.534, 24.939 ], [ 73.528, 24.95 ], [ 73.514, 24.951 ], [ 73.507, 24.962 ], [ 73.515, 24.972 ], [ 73.509, 24.983 ], [ 73.517, 24.993 ], [ 73.511, 25.004 ], [ 73.497, 25.004 ], [ 73.491, 25.015 ], [ 73.499, 25.025 ], [ 73.493, 25.036 ], [ 73.501, 25.046 ], [ 73.494, 25.057 ], [ 73.48, 25.058 ], [ 73.472, 25.048 ], [ 73.458, 25.049 ], [ 73.45, 25.039 ], [ 73.435, 25.039 ], [ 73.427, 25.029 ], [ 73.413, 25.03 ], [ 73.405, 25.02 ], [ 73.391, 25.021 ], [ 73.383, 25.011 ], [ 73.368, 25.012 ], [ 73.36, 25.002 ], [ 73.366, 24.991 ], [ 73.358, 24.981 ], [ 73.365, 24.97 ], [ 73.357, 24.96 ], [ 73.363, 24.949 ], [ 73.355, 24.939 ], [ 73.361, 24.928 ], [ 73.353, 24.918 ], [ 73.359, 24.907 ], [ 73.351, 24.897 ], [ 73.337, 24.898 ], [ 73.329, 24.888 ], [ 73.335, 24.877 ], [ 73.327, 24.867 ], [ 73.313, 24.867 ], [ 73.305, 24.857 ], [ 73.29, 24.858 ], [ 73.282, 24.848 ], [ 73.289, 24.837 ], [ 73.281, 24.827 ], [ 73.266, 24.828 ], [ 73.258, 24.818 ], [ 73.265, 24.807 ], [ 73.257, 24.797 ], [ 73.242, 24.798 ], [ 73.234, 24.788 ], [ 73.22, 24.788 ], [ 73.212, 24.778 ], [ 73.198, 24.779 ], [ 73.19, 24.769 ], [ 73.175, 24.77 ], [ 73.167, 24.76 ], [ 73.153, 24.761 ], [ 73.145, 24.75 ], [ 73.151, 24.74 ], [ 73.143, 24.73 ], [ 73.15, 24.719 ], [ 73.142, 24.709 ], [ 73.148, 24.698 ], [ 73.14, 24.688 ], [ 73.146, 24.677 ], [ 73.138, 24.667 ], [ 73.124, 24.668 ], [ 73.116, 24.658 ], [ 73.102, 24.658 ], [ 73.094, 24.648 ], [ 73.1, 24.638 ], [ 73.092, 24.628 ], [ 73.098, 24.617 ], [ 73.09, 24.607 ], [ 73.076, 24.607 ], [ 73.068, 24.597 ], [ 73.074, 24.587 ], [ 73.066, 24.577 ], [ 73.073, 24.566 ], [ 73.065, 24.556 ], [ 73.051, 24.556 ], [ 73.043, 24.546 ], [ 73.049, 24.536 ], [ 73.041, 24.526 ], [ 73.027, 24.526 ], [ 73.019, 24.516 ], [ 73.025, 24.506 ], [ 73.017, 24.495 ], [ 73.003, 24.496 ], [ 72.995, 24.486 ], [ 73.001, 24.475 ], [ 73.015, 24.475 ], [ 73.022, 24.464 ], [ 73.036, 24.463 ], [ 73.044, 24.473 ], [ 73.058, 24.472 ], [ 73.066, 24.482 ], [ 73.08, 24.482 ], [ 73.088, 24.492 ], [ 73.102, 24.491 ], [ 73.108, 24.48 ], [ 73.1, 24.47 ], [ 73.107, 24.459 ], [ 73.099, 24.449 ], [ 73.105, 24.439 ], [ 73.097, 24.429 ], [ 73.103, 24.418 ], [ 73.095, 24.408 ], [ 73.081, 24.409 ], [ 73.073, 24.398 ], [ 73.079, 24.388 ], [ 73.094, 24.387 ], [ 73.1, 24.376 ], [ 73.114, 24.375 ], [ 73.12, 24.365 ], [ 73.134, 24.364 ], [ 73.141, 24.353 ], [ 73.155, 24.352 ], [ 73.163, 24.362 ], [ 73.177, 24.362 ], [ 73.185, 24.372 ], [ 73.199, 24.371 ], [ 73.207, 24.381 ], [ 73.221, 24.38 ], [ 73.227, 24.369 ], [ 73.219, 24.359 ], [ 73.225, 24.349 ], [ 73.217, 24.339 ], [ 73.203, 24.339 ], [ 73.195, 24.329 ], [ 73.181, 24.33 ], [ 73.173, 24.32 ], [ 73.179, 24.309 ], [ 73.172, 24.299 ], [ 73.157, 24.3 ], [ 73.149, 24.29 ], [ 73.135, 24.291 ], [ 73.127, 24.281 ], [ 73.134, 24.27 ], [ 73.126, 24.26 ], [ 73.111, 24.261 ], [ 73.104, 24.251 ], [ 73.11, 24.24 ], [ 73.102, 24.23 ], [ 73.088, 24.231 ], [ 73.08, 24.221 ], [ 73.086, 24.21 ], [ 73.078, 24.2 ], [ 73.084, 24.189 ], [ 73.076, 24.179 ], [ 73.083, 24.169 ], [ 73.097, 24.168 ], [ 73.103, 24.157 ], [ 73.117, 24.156 ], [ 73.123, 24.146 ], [ 73.115, 24.136 ], [ 73.121, 24.125 ], [ 73.136, 24.124 ], [ 73.142, 24.114 ], [ 73.156, 24.113 ], [ 73.162, 24.102 ], [ 73.176, 24.101 ], [ 73.184, 24.111 ], [ 73.198, 24.11 ], [ 73.204, 24.1 ], [ 73.218, 24.099 ], [ 73.225, 24.088 ], [ 73.217, 24.078 ], [ 73.223, 24.068 ], [ 73.215, 24.058 ], [ 73.221, 24.047 ], [ 73.213, 24.037 ], [ 73.219, 24.026 ], [ 73.233, 24.025 ], [ 73.24, 24.015 ], [ 73.254, 24.014 ], [ 73.262, 24.024 ], [ 73.276, 24.023 ], [ 73.284, 24.033 ], [ 73.298, 24.032 ], [ 73.306, 24.042 ], [ 73.3, 24.053 ], [ 73.307, 24.063 ], [ 73.322, 24.062 ], [ 73.329, 24.072 ], [ 73.323, 24.083 ], [ 73.331, 24.093 ], [ 73.325, 24.104 ], [ 73.333, 24.114 ], [ 73.347, 24.113 ], [ 73.353, 24.102 ], [ 73.367, 24.101 ], [ 73.374, 24.091 ], [ 73.366, 24.081 ], [ 73.372, 24.07 ], [ 73.386, 24.069 ], [ 73.392, 24.058 ], [ 73.406, 24.058 ], [ 73.412, 24.047 ], [ 73.404, 24.037 ], [ 73.41, 24.026 ], [ 73.402, 24.016 ], [ 73.409, 24.006 ], [ 73.423, 24.005 ], [ 73.429, 23.994 ], [ 73.421, 23.984 ], [ 73.427, 23.973 ], [ 73.419, 23.963 ], [ 73.425, 23.953 ], [ 73.417, 23.943 ], [ 73.423, 23.932 ], [ 73.415, 23.922 ], [ 73.401, 23.923 ], [ 73.393, 23.913 ], [ 73.379, 23.914 ], [ 73.371, 23.904 ], [ 73.378, 23.893 ], [ 73.37, 23.883 ], [ 73.376, 23.872 ], [ 73.368, 23.863 ], [ 73.354, 23.863 ], [ 73.346, 23.853 ], [ 73.352, 23.843 ], [ 73.366, 23.842 ], [ 73.372, 23.831 ], [ 73.364, 23.821 ], [ 73.37, 23.811 ], [ 73.362, 23.801 ], [ 73.369, 23.79 ], [ 73.361, 23.78 ], [ 73.367, 23.769 ], [ 73.381, 23.769 ], [ 73.389, 23.779 ], [ 73.403, 23.778 ], [ 73.409, 23.767 ], [ 73.423, 23.766 ], [ 73.429, 23.756 ], [ 73.443, 23.755 ], [ 73.449, 23.744 ], [ 73.441, 23.734 ], [ 73.447, 23.724 ], [ 73.461, 23.723 ], [ 73.467, 23.712 ], [ 73.482, 23.711 ], [ 73.488, 23.701 ], [ 73.502, 23.7 ], [ 73.508, 23.689 ], [ 73.5, 23.679 ], [ 73.506, 23.669 ], [ 73.498, 23.659 ], [ 73.504, 23.648 ], [ 73.496, 23.638 ], [ 73.502, 23.628 ], [ 73.516, 23.627 ], [ 73.522, 23.616 ], [ 73.536, 23.615 ], [ 73.544, 23.625 ], [ 73.558, 23.624 ], [ 73.566, 23.634 ], [ 73.56, 23.645 ], [ 73.568, 23.655 ], [ 73.582, 23.654 ], [ 73.59, 23.664 ], [ 73.604, 23.663 ], [ 73.61, 23.652 ], [ 73.624, 23.652 ], [ 73.63, 23.641 ], [ 73.644, 23.64 ], [ 73.65, 23.63 ], [ 73.642, 23.62 ], [ 73.648, 23.609 ], [ 73.64, 23.599 ], [ 73.646, 23.588 ], [ 73.638, 23.579 ], [ 73.645, 23.568 ], [ 73.637, 23.558 ], [ 73.643, 23.547 ], [ 73.635, 23.538 ], [ 73.641, 23.527 ], [ 73.655, 23.526 ], [ 73.661, 23.515 ], [ 73.653, 23.506 ], [ 73.659, 23.495 ], [ 73.651, 23.485 ], [ 73.637, 23.486 ], [ 73.629, 23.476 ], [ 73.635, 23.465 ], [ 73.627, 23.455 ], [ 73.633, 23.445 ], [ 73.647, 23.444 ], [ 73.655, 23.454 ], [ 73.669, 23.453 ], [ 73.677, 23.463 ], [ 73.691, 23.462 ], [ 73.697, 23.452 ], [ 73.711, 23.451 ], [ 73.717, 23.44 ], [ 73.709, 23.43 ], [ 73.715, 23.42 ], [ 73.729, 23.419 ], [ 73.737, 23.429 ], [ 73.751, 23.428 ], [ 73.759, 23.438 ], [ 73.753, 23.448 ], [ 73.761, 23.458 ], [ 73.775, 23.457 ], [ 73.781, 23.447 ], [ 73.773, 23.437 ], [ 73.779, 23.426 ], [ 73.793, 23.425 ], [ 73.801, 23.435 ], [ 73.815, 23.435 ], [ 73.823, 23.444 ], [ 73.837, 23.444 ], [ 73.843, 23.433 ], [ 73.835, 23.423 ], [ 73.841, 23.412 ], [ 73.855, 23.412 ], [ 73.861, 23.401 ], [ 73.853, 23.391 ], [ 73.859, 23.38 ], [ 73.873, 23.38 ], [ 73.879, 23.369 ], [ 73.871, 23.359 ], [ 73.877, 23.349 ], [ 73.891, 23.348 ], [ 73.897, 23.337 ], [ 73.911, 23.336 ], [ 73.919, 23.346 ], [ 73.932, 23.345 ], [ 73.94, 23.355 ], [ 73.934, 23.366 ], [ 73.942, 23.376 ], [ 73.956, 23.375 ], [ 73.962, 23.364 ], [ 73.976, 23.363 ], [ 73.982, 23.353 ], [ 73.974, 23.343 ], [ 73.98, 23.332 ], [ 73.994, 23.331 ], [ 74.002, 23.341 ], [ 74.016, 23.34 ], [ 74.022, 23.33 ], [ 74.036, 23.329 ], [ 74.042, 23.318 ], [ 74.034, 23.309 ], [ 74.04, 23.298 ], [ 74.054, 23.297 ], [ 74.062, 23.307 ], [ 74.076, 23.306 ], [ 74.082, 23.295 ], [ 74.096, 23.295 ], [ 74.102, 23.284 ], [ 74.115, 23.283 ], [ 74.121, 23.273 ], [ 74.135, 23.272 ], [ 74.141, 23.261 ], [ 74.133, 23.251 ], [ 74.139, 23.241 ], [ 74.131, 23.231 ], [ 74.137, 23.22 ], [ 74.129, 23.21 ], [ 74.135, 23.2 ], [ 74.127, 23.19 ], [ 74.133, 23.179 ], [ 74.147, 23.179 ], [ 74.153, 23.168 ], [ 74.167, 23.167 ], [ 74.173, 23.157 ], [ 74.187, 23.156 ], [ 74.195, 23.165 ], [ 74.189, 23.176 ], [ 74.197, 23.186 ], [ 74.211, 23.185 ], [ 74.217, 23.174 ], [ 74.23, 23.174 ], [ 74.238, 23.183 ], [ 74.252, 23.183 ], [ 74.258, 23.172 ], [ 74.272, 23.171 ], [ 74.278, 23.16 ], [ 74.27, 23.151 ], [ 74.276, 23.14 ], [ 74.29, 23.139 ], [ 74.296, 23.129 ], [ 74.288, 23.119 ], [ 74.294, 23.108 ], [ 74.286, 23.098 ], [ 74.292, 23.088 ], [ 74.306, 23.087 ], [ 74.311, 23.076 ], [ 74.325, 23.076 ], [ 74.331, 23.065 ], [ 74.345, 23.064 ], [ 74.353, 23.074 ], [ 74.347, 23.084 ], [ 74.355, 23.094 ], [ 74.369, 23.093 ], [ 74.377, 23.103 ], [ 74.391, 23.102 ], [ 74.399, 23.112 ], [ 74.413, 23.111 ], [ 74.419, 23.101 ], [ 74.432, 23.1 ], [ 74.438, 23.089 ], [ 74.452, 23.088 ], [ 74.458, 23.078 ], [ 74.472, 23.077 ], [ 74.48, 23.087 ], [ 74.494, 23.086 ], [ 74.502, 23.096 ], [ 74.516, 23.095 ], [ 74.524, 23.104 ], [ 74.537, 23.104 ], [ 74.545, 23.113 ], [ 74.54, 23.124 ], [ 74.548, 23.134 ], [ 74.561, 23.133 ], [ 74.569, 23.143 ], [ 74.583, 23.142 ], [ 74.589, 23.131 ], [ 74.603, 23.13 ], [ 74.611, 23.14 ], [ 74.605, 23.151 ], [ 74.613, 23.16 ], [ 74.627, 23.16 ], [ 74.635, 23.169 ], [ 74.649, 23.168 ], [ 74.657, 23.178 ], [ 74.651, 23.189 ], [ 74.659, 23.199 ], [ 74.673, 23.198 ], [ 74.679, 23.187 ], [ 74.693, 23.186 ], [ 74.701, 23.196 ], [ 74.715, 23.195 ], [ 74.723, 23.205 ], [ 74.737, 23.204 ], [ 74.745, 23.214 ], [ 74.739, 23.224 ], [ 74.725, 23.225 ], [ 74.717, 23.215 ], [ 74.703, 23.216 ], [ 74.697, 23.227 ], [ 74.705, 23.237 ], [ 74.699, 23.247 ], [ 74.707, 23.257 ], [ 74.701, 23.268 ], [ 74.688, 23.269 ], [ 74.68, 23.259 ], [ 74.666, 23.26 ], [ 74.658, 23.25 ], [ 74.644, 23.251 ], [ 74.638, 23.262 ], [ 74.624, 23.262 ], [ 74.618, 23.273 ], [ 74.604, 23.274 ], [ 74.598, 23.285 ], [ 74.584, 23.285 ], [ 74.579, 23.296 ], [ 74.565, 23.297 ], [ 74.557, 23.287 ], [ 74.543, 23.288 ], [ 74.537, 23.299 ], [ 74.545, 23.308 ], [ 74.539, 23.319 ], [ 74.525, 23.32 ], [ 74.519, 23.331 ], [ 74.527, 23.34 ], [ 74.541, 23.34 ], [ 74.549, 23.349 ], [ 74.543, 23.36 ], [ 74.551, 23.37 ], [ 74.565, 23.369 ], [ 74.573, 23.379 ], [ 74.567, 23.389 ], [ 74.575, 23.399 ], [ 74.569, 23.41 ], [ 74.578, 23.42 ], [ 74.591, 23.419 ], [ 74.599, 23.429 ], [ 74.594, 23.439 ], [ 74.602, 23.449 ], [ 74.616, 23.448 ], [ 74.624, 23.458 ], [ 74.638, 23.457 ], [ 74.646, 23.467 ], [ 74.66, 23.466 ], [ 74.668, 23.476 ], [ 74.682, 23.475 ], [ 74.69, 23.485 ], [ 74.684, 23.495 ], [ 74.692, 23.505 ], [ 74.706, 23.504 ], [ 74.712, 23.494 ], [ 74.726, 23.493 ], [ 74.734, 23.503 ], [ 74.728, 23.513 ], [ 74.736, 23.523 ], [ 74.75, 23.522 ], [ 74.758, 23.532 ], [ 74.772, 23.531 ], [ 74.78, 23.541 ], [ 74.794, 23.54 ], [ 74.802, 23.55 ], [ 74.816, 23.549 ], [ 74.822, 23.538 ], [ 74.836, 23.537 ], [ 74.844, 23.547 ], [ 74.838, 23.558 ], [ 74.846, 23.568 ], [ 74.86, 23.567 ], [ 74.868, 23.577 ], [ 74.862, 23.587 ], [ 74.87, 23.597 ], [ 74.884, 23.596 ], [ 74.892, 23.606 ], [ 74.886, 23.617 ], [ 74.895, 23.627 ], [ 74.908, 23.626 ], [ 74.914, 23.615 ], [ 74.928, 23.614 ], [ 74.936, 23.624 ], [ 74.931, 23.635 ], [ 74.939, 23.644 ], [ 74.933, 23.655 ], [ 74.919, 23.656 ], [ 74.913, 23.667 ], [ 74.899, 23.668 ], [ 74.893, 23.678 ], [ 74.901, 23.688 ], [ 74.915, 23.687 ], [ 74.923, 23.697 ], [ 74.918, 23.708 ], [ 74.926, 23.718 ], [ 74.92, 23.728 ], [ 74.928, 23.738 ], [ 74.922, 23.749 ], [ 74.93, 23.759 ], [ 74.944, 23.758 ], [ 74.952, 23.768 ], [ 74.946, 23.778 ], [ 74.932, 23.779 ], [ 74.927, 23.79 ], [ 74.913, 23.791 ], [ 74.907, 23.802 ], [ 74.915, 23.811 ], [ 74.909, 23.822 ], [ 74.917, 23.832 ], [ 74.911, 23.843 ], [ 74.919, 23.853 ], [ 74.913, 23.863 ], [ 74.899, 23.864 ], [ 74.894, 23.875 ], [ 74.902, 23.885 ], [ 74.896, 23.896 ], [ 74.904, 23.905 ], [ 74.918, 23.905 ], [ 74.926, 23.914 ], [ 74.92, 23.925 ], [ 74.928, 23.935 ], [ 74.923, 23.946 ], [ 74.931, 23.956 ], [ 74.945, 23.955 ], [ 74.953, 23.965 ], [ 74.947, 23.975 ], [ 74.955, 23.985 ], [ 74.969, 23.984 ], [ 74.977, 23.994 ], [ 74.971, 24.005 ], [ 74.98, 24.015 ], [ 74.974, 24.026 ], [ 74.982, 24.035 ], [ 74.976, 24.046 ], [ 74.962, 24.047 ], [ 74.956, 24.058 ], [ 74.942, 24.059 ], [ 74.936, 24.07 ], [ 74.922, 24.07 ], [ 74.916, 24.081 ], [ 74.924, 24.091 ], [ 74.919, 24.102 ], [ 74.904, 24.103 ], [ 74.899, 24.114 ], [ 74.907, 24.124 ], [ 74.901, 24.134 ], [ 74.909, 24.144 ], [ 74.903, 24.155 ], [ 74.889, 24.156 ], [ 74.883, 24.167 ], [ 74.891, 24.177 ], [ 74.885, 24.187 ], [ 74.894, 24.197 ], [ 74.908, 24.196 ], [ 74.916, 24.206 ], [ 74.91, 24.217 ], [ 74.896, 24.218 ], [ 74.89, 24.229 ], [ 74.876, 24.23 ], [ 74.87, 24.24 ], [ 74.856, 24.241 ], [ 74.848, 24.231 ], [ 74.834, 24.232 ], [ 74.828, 24.243 ], [ 74.814, 24.244 ], [ 74.805, 24.234 ], [ 74.791, 24.235 ], [ 74.785, 24.246 ], [ 74.771, 24.247 ], [ 74.763, 24.237 ], [ 74.749, 24.238 ], [ 74.743, 24.249 ], [ 74.751, 24.259 ], [ 74.765, 24.258 ], [ 74.774, 24.268 ], [ 74.768, 24.278 ], [ 74.776, 24.288 ], [ 74.77, 24.299 ], [ 74.778, 24.309 ], [ 74.772, 24.32 ], [ 74.78, 24.33 ], [ 74.774, 24.341 ], [ 74.783, 24.35 ], [ 74.797, 24.35 ], [ 74.805, 24.359 ], [ 74.799, 24.37 ], [ 74.807, 24.38 ], [ 74.821, 24.379 ], [ 74.829, 24.389 ], [ 74.823, 24.4 ], [ 74.832, 24.41 ], [ 74.846, 24.409 ], [ 74.854, 24.419 ], [ 74.848, 24.43 ], [ 74.856, 24.44 ], [ 74.85, 24.451 ], [ 74.836, 24.451 ], [ 74.828, 24.442 ], [ 74.814, 24.442 ], [ 74.808, 24.453 ], [ 74.816, 24.463 ], [ 74.81, 24.474 ], [ 74.796, 24.475 ], [ 74.788, 24.465 ], [ 74.774, 24.466 ], [ 74.765, 24.456 ], [ 74.751, 24.457 ], [ 74.745, 24.468 ], [ 74.731, 24.469 ], [ 74.725, 24.479 ], [ 74.711, 24.48 ], [ 74.705, 24.491 ], [ 74.713, 24.501 ], [ 74.727, 24.5 ], [ 74.736, 24.51 ], [ 74.73, 24.521 ], [ 74.738, 24.531 ], [ 74.752, 24.53 ], [ 74.76, 24.54 ], [ 74.754, 24.551 ], [ 74.763, 24.561 ], [ 74.757, 24.572 ], [ 74.765, 24.582 ], [ 74.779, 24.581 ], [ 74.787, 24.591 ], [ 74.781, 24.602 ], [ 74.789, 24.611 ], [ 74.783, 24.622 ], [ 74.792, 24.632 ], [ 74.806, 24.631 ], [ 74.814, 24.641 ], [ 74.808, 24.652 ], [ 74.816, 24.662 ], [ 74.81, 24.673 ], [ 74.796, 24.674 ], [ 74.788, 24.664 ], [ 74.774, 24.665 ], [ 74.768, 24.676 ], [ 74.776, 24.686 ], [ 74.77, 24.697 ], [ 74.778, 24.707 ], [ 74.772, 24.717 ], [ 74.78, 24.727 ], [ 74.795, 24.726 ], [ 74.803, 24.736 ], [ 74.797, 24.747 ], [ 74.805, 24.757 ], [ 74.819, 24.756 ], [ 74.825, 24.745 ], [ 74.817, 24.735 ], [ 74.823, 24.725 ], [ 74.837, 24.724 ], [ 74.843, 24.713 ], [ 74.835, 24.703 ], [ 74.841, 24.692 ], [ 74.855, 24.691 ], [ 74.861, 24.68 ], [ 74.853, 24.67 ], [ 74.859, 24.659 ], [ 74.873, 24.658 ], [ 74.879, 24.648 ], [ 74.893, 24.647 ], [ 74.899, 24.636 ], [ 74.913, 24.635 ], [ 74.921, 24.645 ], [ 74.936, 24.644 ], [ 74.944, 24.654 ], [ 74.958, 24.653 ], [ 74.966, 24.663 ], [ 74.96, 24.674 ], [ 74.969, 24.684 ], [ 74.983, 24.683 ], [ 74.991, 24.693 ], [ 74.985, 24.704 ], [ 74.993, 24.713 ], [ 74.987, 24.724 ], [ 74.996, 24.734 ], [ 75.01, 24.733 ], [ 75.018, 24.743 ], [ 75.012, 24.754 ], [ 75.02, 24.764 ], [ 75.014, 24.775 ], [ 75.0, 24.776 ], [ 74.992, 24.766 ], [ 74.978, 24.767 ], [ 74.972, 24.778 ], [ 74.958, 24.779 ], [ 74.949, 24.769 ], [ 74.935, 24.77 ], [ 74.929, 24.781 ], [ 74.915, 24.782 ], [ 74.907, 24.772 ], [ 74.893, 24.773 ], [ 74.887, 24.783 ], [ 74.872, 24.784 ], [ 74.864, 24.774 ], [ 74.85, 24.775 ], [ 74.844, 24.786 ], [ 74.852, 24.796 ], [ 74.846, 24.807 ], [ 74.855, 24.817 ], [ 74.849, 24.828 ], [ 74.857, 24.838 ], [ 74.851, 24.849 ], [ 74.859, 24.859 ], [ 74.853, 24.87 ], [ 74.839, 24.871 ], [ 74.833, 24.882 ], [ 74.841, 24.892 ], [ 74.835, 24.902 ], [ 74.821, 24.903 ], [ 74.815, 24.914 ], [ 74.823, 24.924 ], [ 74.817, 24.935 ], [ 74.826, 24.945 ], [ 74.84, 24.944 ], [ 74.848, 24.954 ], [ 74.862, 24.953 ], [ 74.868, 24.942 ], [ 74.883, 24.941 ], [ 74.889, 24.931 ], [ 74.903, 24.93 ], [ 74.909, 24.919 ], [ 74.9, 24.909 ], [ 74.906, 24.898 ], [ 74.921, 24.897 ], [ 74.927, 24.886 ], [ 74.941, 24.885 ], [ 74.947, 24.874 ], [ 74.961, 24.873 ], [ 74.967, 24.862 ], [ 74.981, 24.861 ], [ 74.987, 24.85 ], [ 75.001, 24.849 ], [ 75.01, 24.859 ], [ 75.024, 24.859 ], [ 75.03, 24.848 ], [ 75.044, 24.847 ], [ 75.052, 24.857 ], [ 75.066, 24.856 ], [ 75.075, 24.866 ], [ 75.069, 24.877 ], [ 75.077, 24.887 ], [ 75.091, 24.886 ], [ 75.097, 24.875 ], [ 75.111, 24.874 ], [ 75.12, 24.884 ], [ 75.114, 24.895 ], [ 75.122, 24.905 ], [ 75.116, 24.915 ], [ 75.124, 24.925 ], [ 75.119, 24.936 ], [ 75.127, 24.946 ], [ 75.121, 24.957 ], [ 75.129, 24.967 ], [ 75.123, 24.978 ], [ 75.132, 24.988 ], [ 75.146, 24.987 ], [ 75.154, 24.997 ], [ 75.168, 24.996 ], [ 75.177, 25.006 ], [ 75.171, 25.017 ], [ 75.156, 25.018 ], [ 75.151, 25.029 ], [ 75.159, 25.039 ], [ 75.173, 25.038 ], [ 75.181, 25.048 ], [ 75.196, 25.047 ], [ 75.202, 25.036 ], [ 75.216, 25.035 ], [ 75.224, 25.045 ], [ 75.238, 25.044 ], [ 75.244, 25.033 ], [ 75.259, 25.032 ], [ 75.267, 25.042 ], [ 75.281, 25.041 ], [ 75.287, 25.03 ], [ 75.301, 25.029 ], [ 75.31, 25.039 ], [ 75.324, 25.038 ], [ 75.332, 25.048 ], [ 75.346, 25.047 ], [ 75.352, 25.036 ], [ 75.344, 25.026 ], [ 75.35, 25.015 ], [ 75.342, 25.005 ], [ 75.327, 25.006 ], [ 75.319, 24.996 ], [ 75.325, 24.986 ], [ 75.317, 24.976 ], [ 75.322, 24.965 ], [ 75.337, 24.964 ], [ 75.343, 24.953 ], [ 75.334, 24.943 ], [ 75.34, 24.932 ], [ 75.332, 24.922 ], [ 75.318, 24.923 ], [ 75.309, 24.913 ], [ 75.295, 24.914 ], [ 75.287, 24.904 ], [ 75.273, 24.905 ], [ 75.264, 24.895 ], [ 75.27, 24.884 ], [ 75.262, 24.874 ], [ 75.268, 24.863 ], [ 75.282, 24.862 ], [ 75.288, 24.851 ], [ 75.302, 24.85 ], [ 75.31, 24.86 ], [ 75.325, 24.859 ], [ 75.333, 24.869 ], [ 75.347, 24.868 ], [ 75.355, 24.878 ], [ 75.37, 24.877 ], [ 75.375, 24.866 ], [ 75.39, 24.865 ], [ 75.398, 24.875 ], [ 75.412, 24.874 ], [ 75.418, 24.863 ], [ 75.41, 24.853 ], [ 75.396, 24.854 ], [ 75.387, 24.844 ], [ 75.373, 24.845 ], [ 75.365, 24.836 ], [ 75.351, 24.836 ], [ 75.342, 24.827 ], [ 75.328, 24.828 ], [ 75.32, 24.818 ], [ 75.326, 24.807 ], [ 75.317, 24.797 ], [ 75.303, 24.798 ], [ 75.297, 24.809 ], [ 75.306, 24.819 ], [ 75.3, 24.829 ], [ 75.285, 24.83 ], [ 75.28, 24.841 ], [ 75.265, 24.842 ], [ 75.259, 24.853 ], [ 75.245, 24.854 ], [ 75.237, 24.844 ], [ 75.243, 24.833 ], [ 75.257, 24.832 ], [ 75.263, 24.821 ], [ 75.255, 24.811 ], [ 75.24, 24.812 ], [ 75.232, 24.803 ], [ 75.218, 24.803 ], [ 75.21, 24.794 ], [ 75.216, 24.783 ], [ 75.207, 24.773 ], [ 75.193, 24.774 ], [ 75.185, 24.764 ], [ 75.191, 24.753 ], [ 75.182, 24.743 ], [ 75.188, 24.732 ], [ 75.203, 24.731 ], [ 75.208, 24.72 ], [ 75.223, 24.719 ], [ 75.228, 24.708 ], [ 75.243, 24.707 ], [ 75.251, 24.717 ], [ 75.265, 24.716 ], [ 75.271, 24.705 ], [ 75.285, 24.704 ], [ 75.293, 24.714 ], [ 75.308, 24.713 ], [ 75.314, 24.703 ], [ 75.328, 24.702 ], [ 75.336, 24.711 ], [ 75.35, 24.71 ], [ 75.356, 24.7 ], [ 75.37, 24.699 ], [ 75.376, 24.688 ], [ 75.39, 24.687 ], [ 75.399, 24.697 ], [ 75.413, 24.696 ], [ 75.419, 24.685 ], [ 75.433, 24.684 ], [ 75.439, 24.673 ], [ 75.453, 24.672 ], [ 75.461, 24.682 ], [ 75.475, 24.681 ], [ 75.484, 24.691 ], [ 75.498, 24.69 ], [ 75.506, 24.7 ], [ 75.52, 24.699 ], [ 75.528, 24.709 ], [ 75.543, 24.708 ], [ 75.548, 24.697 ], [ 75.563, 24.696 ], [ 75.571, 24.706 ], [ 75.585, 24.705 ], [ 75.591, 24.694 ], [ 75.605, 24.693 ], [ 75.611, 24.682 ], [ 75.625, 24.681 ], [ 75.633, 24.691 ], [ 75.648, 24.69 ], [ 75.656, 24.7 ], [ 75.67, 24.699 ], [ 75.678, 24.709 ], [ 75.673, 24.72 ], [ 75.681, 24.729 ], [ 75.695, 24.728 ], [ 75.703, 24.738 ], [ 75.718, 24.737 ], [ 75.726, 24.747 ], [ 75.74, 24.746 ], [ 75.748, 24.756 ], [ 75.763, 24.755 ], [ 75.771, 24.765 ], [ 75.785, 24.764 ], [ 75.791, 24.753 ], [ 75.805, 24.752 ], [ 75.811, 24.741 ], [ 75.825, 24.74 ], [ 75.831, 24.729 ], [ 75.845, 24.728 ], [ 75.851, 24.717 ], [ 75.842, 24.707 ], [ 75.848, 24.697 ], [ 75.84, 24.687 ], [ 75.826, 24.688 ], [ 75.817, 24.678 ], [ 75.823, 24.667 ], [ 75.837, 24.666 ], [ 75.843, 24.655 ], [ 75.835, 24.645 ], [ 75.841, 24.634 ], [ 75.832, 24.624 ], [ 75.838, 24.613 ], [ 75.852, 24.612 ], [ 75.858, 24.602 ], [ 75.872, 24.601 ], [ 75.878, 24.59 ], [ 75.892, 24.589 ], [ 75.898, 24.578 ], [ 75.912, 24.577 ], [ 75.918, 24.566 ], [ 75.909, 24.556 ], [ 75.915, 24.545 ], [ 75.907, 24.535 ], [ 75.912, 24.524 ], [ 75.904, 24.514 ], [ 75.91, 24.504 ], [ 75.901, 24.494 ], [ 75.907, 24.483 ], [ 75.899, 24.473 ], [ 75.905, 24.462 ], [ 75.896, 24.452 ], [ 75.902, 24.441 ], [ 75.894, 24.432 ], [ 75.88, 24.433 ], [ 75.871, 24.423 ], [ 75.857, 24.424 ], [ 75.849, 24.414 ], [ 75.835, 24.415 ], [ 75.829, 24.426 ], [ 75.815, 24.427 ], [ 75.809, 24.438 ], [ 75.817, 24.447 ], [ 75.812, 24.458 ], [ 75.798, 24.459 ], [ 75.789, 24.449 ], [ 75.775, 24.45 ], [ 75.767, 24.441 ], [ 75.773, 24.43 ], [ 75.764, 24.42 ], [ 75.75, 24.421 ], [ 75.742, 24.411 ], [ 75.748, 24.4 ], [ 75.739, 24.39 ], [ 75.745, 24.379 ], [ 75.737, 24.37 ], [ 75.743, 24.359 ], [ 75.734, 24.349 ], [ 75.74, 24.338 ], [ 75.754, 24.337 ], [ 75.76, 24.326 ], [ 75.752, 24.316 ], [ 75.757, 24.305 ], [ 75.771, 24.304 ], [ 75.777, 24.294 ], [ 75.791, 24.293 ], [ 75.8, 24.302 ], [ 75.814, 24.301 ], [ 75.819, 24.291 ], [ 75.811, 24.281 ], [ 75.817, 24.27 ], [ 75.809, 24.26 ], [ 75.814, 24.249 ], [ 75.828, 24.248 ], [ 75.834, 24.237 ], [ 75.826, 24.228 ], [ 75.812, 24.229 ], [ 75.803, 24.219 ], [ 75.789, 24.22 ], [ 75.781, 24.21 ], [ 75.787, 24.199 ], [ 75.779, 24.189 ], [ 75.764, 24.19 ], [ 75.756, 24.18 ], [ 75.762, 24.17 ], [ 75.754, 24.16 ], [ 75.759, 24.149 ], [ 75.751, 24.139 ], [ 75.757, 24.128 ], [ 75.771, 24.127 ], [ 75.777, 24.116 ], [ 75.791, 24.115 ], [ 75.796, 24.105 ], [ 75.81, 24.104 ], [ 75.816, 24.093 ], [ 75.83, 24.092 ], [ 75.836, 24.081 ], [ 75.828, 24.071 ], [ 75.833, 24.06 ], [ 75.825, 24.051 ], [ 75.811, 24.052 ], [ 75.803, 24.042 ], [ 75.789, 24.043 ], [ 75.781, 24.033 ], [ 75.786, 24.022 ], [ 75.778, 24.012 ], [ 75.764, 24.013 ], [ 75.756, 24.004 ], [ 75.761, 23.993 ], [ 75.753, 23.983 ], [ 75.739, 23.984 ], [ 75.731, 23.974 ], [ 75.717, 23.975 ], [ 75.709, 23.965 ], [ 75.695, 23.966 ], [ 75.689, 23.977 ], [ 75.697, 23.987 ], [ 75.691, 23.998 ], [ 75.677, 23.999 ], [ 75.672, 24.009 ], [ 75.658, 24.01 ], [ 75.649, 24.001 ], [ 75.635, 24.002 ], [ 75.627, 23.992 ], [ 75.613, 23.993 ], [ 75.605, 23.983 ], [ 75.591, 23.984 ], [ 75.585, 23.995 ], [ 75.571, 23.996 ], [ 75.565, 24.006 ], [ 75.551, 24.007 ], [ 75.546, 24.018 ], [ 75.532, 24.019 ], [ 75.523, 24.009 ], [ 75.509, 24.01 ], [ 75.501, 24.001 ], [ 75.487, 24.002 ], [ 75.479, 23.992 ], [ 75.485, 23.981 ], [ 75.476, 23.971 ], [ 75.462, 23.972 ], [ 75.454, 23.962 ] ] ], [ [ [ 75.274, 27.635 ], [ 75.283, 27.645 ], [ 75.277, 27.657 ], [ 75.285, 27.667 ], [ 75.3, 27.666 ], [ 75.309, 27.676 ], [ 75.303, 27.688 ], [ 75.311, 27.698 ], [ 75.326, 27.697 ], [ 75.332, 27.686 ], [ 75.347, 27.684 ], [ 75.356, 27.695 ], [ 75.371, 27.694 ], [ 75.379, 27.704 ], [ 75.373, 27.715 ], [ 75.382, 27.726 ], [ 75.397, 27.725 ], [ 75.405, 27.735 ], [ 75.42, 27.734 ], [ 75.429, 27.744 ], [ 75.444, 27.743 ], [ 75.453, 27.753 ], [ 75.446, 27.765 ], [ 75.455, 27.775 ], [ 75.47, 27.774 ], [ 75.479, 27.784 ], [ 75.493, 27.783 ], [ 75.502, 27.793 ], [ 75.517, 27.792 ], [ 75.526, 27.803 ], [ 75.52, 27.814 ], [ 75.528, 27.824 ], [ 75.543, 27.823 ], [ 75.552, 27.834 ], [ 75.546, 27.845 ], [ 75.554, 27.855 ], [ 75.569, 27.854 ], [ 75.578, 27.864 ], [ 75.593, 27.863 ], [ 75.602, 27.874 ], [ 75.616, 27.873 ], [ 75.625, 27.883 ], [ 75.64, 27.882 ], [ 75.649, 27.892 ], [ 75.643, 27.903 ], [ 75.651, 27.914 ], [ 75.666, 27.913 ], [ 75.675, 27.923 ], [ 75.669, 27.934 ], [ 75.678, 27.945 ], [ 75.672, 27.956 ], [ 75.68, 27.966 ], [ 75.674, 27.978 ], [ 75.683, 27.988 ], [ 75.677, 27.999 ], [ 75.686, 28.01 ], [ 75.68, 28.021 ], [ 75.688, 28.031 ], [ 75.682, 28.043 ], [ 75.691, 28.053 ], [ 75.706, 28.052 ], [ 75.715, 28.062 ], [ 75.73, 28.061 ], [ 75.738, 28.071 ], [ 75.732, 28.083 ], [ 75.741, 28.093 ], [ 75.756, 28.092 ], [ 75.765, 28.102 ], [ 75.78, 28.101 ], [ 75.788, 28.112 ], [ 75.803, 28.11 ], [ 75.812, 28.121 ], [ 75.827, 28.12 ], [ 75.836, 28.13 ], [ 75.851, 28.129 ], [ 75.859, 28.139 ], [ 75.874, 28.138 ], [ 75.88, 28.127 ], [ 75.895, 28.125 ], [ 75.901, 28.114 ], [ 75.916, 28.113 ], [ 75.922, 28.102 ], [ 75.937, 28.1 ], [ 75.946, 28.111 ], [ 75.961, 28.11 ], [ 75.97, 28.12 ], [ 75.985, 28.119 ], [ 75.993, 28.129 ], [ 76.008, 28.128 ], [ 76.017, 28.138 ], [ 76.011, 28.15 ], [ 76.02, 28.16 ], [ 76.035, 28.159 ], [ 76.044, 28.169 ], [ 76.059, 28.168 ], [ 76.065, 28.157 ], [ 76.056, 28.146 ], [ 76.062, 28.135 ], [ 76.077, 28.134 ], [ 76.086, 28.144 ], [ 76.079, 28.155 ], [ 76.088, 28.166 ], [ 76.082, 28.177 ], [ 76.067, 28.178 ], [ 76.061, 28.19 ], [ 76.046, 28.191 ], [ 76.04, 28.202 ], [ 76.025, 28.203 ], [ 76.019, 28.215 ], [ 76.004, 28.216 ], [ 75.998, 28.227 ], [ 75.983, 28.228 ], [ 75.977, 28.24 ], [ 75.986, 28.25 ], [ 75.98, 28.262 ], [ 75.989, 28.272 ], [ 76.004, 28.271 ], [ 76.013, 28.281 ], [ 76.007, 28.293 ], [ 75.992, 28.294 ], [ 75.986, 28.305 ], [ 75.971, 28.306 ], [ 75.965, 28.318 ], [ 75.95, 28.319 ], [ 75.944, 28.33 ], [ 75.929, 28.331 ], [ 75.923, 28.343 ], [ 75.931, 28.353 ], [ 75.925, 28.365 ], [ 75.91, 28.366 ], [ 75.904, 28.377 ], [ 75.889, 28.378 ], [ 75.883, 28.39 ], [ 75.868, 28.391 ], [ 75.86, 28.38 ], [ 75.845, 28.382 ], [ 75.838, 28.393 ], [ 75.823, 28.394 ], [ 75.817, 28.405 ], [ 75.802, 28.407 ], [ 75.794, 28.396 ], [ 75.779, 28.397 ], [ 75.772, 28.409 ], [ 75.781, 28.419 ], [ 75.775, 28.431 ], [ 75.784, 28.441 ], [ 75.778, 28.452 ], [ 75.763, 28.453 ], [ 75.757, 28.465 ], [ 75.742, 28.466 ], [ 75.736, 28.477 ], [ 75.721, 28.479 ], [ 75.715, 28.49 ], [ 75.7, 28.491 ], [ 75.693, 28.503 ], [ 75.678, 28.504 ], [ 75.672, 28.515 ], [ 75.657, 28.516 ], [ 75.648, 28.506 ], [ 75.633, 28.507 ], [ 75.627, 28.518 ], [ 75.612, 28.519 ], [ 75.604, 28.509 ], [ 75.61, 28.498 ], [ 75.601, 28.487 ], [ 75.607, 28.476 ], [ 75.598, 28.466 ], [ 75.604, 28.454 ], [ 75.596, 28.444 ], [ 75.602, 28.432 ], [ 75.593, 28.422 ], [ 75.599, 28.41 ], [ 75.59, 28.4 ], [ 75.575, 28.401 ], [ 75.567, 28.391 ], [ 75.552, 28.392 ], [ 75.543, 28.382 ], [ 75.528, 28.383 ], [ 75.519, 28.372 ], [ 75.525, 28.361 ], [ 75.516, 28.351 ], [ 75.501, 28.352 ], [ 75.493, 28.341 ], [ 75.478, 28.342 ], [ 75.469, 28.332 ], [ 75.454, 28.333 ], [ 75.448, 28.344 ], [ 75.457, 28.355 ], [ 75.45, 28.366 ], [ 75.435, 28.367 ], [ 75.427, 28.357 ], [ 75.412, 28.358 ], [ 75.403, 28.348 ], [ 75.388, 28.349 ], [ 75.379, 28.338 ], [ 75.364, 28.339 ], [ 75.358, 28.351 ], [ 75.343, 28.352 ], [ 75.337, 28.363 ], [ 75.322, 28.364 ], [ 75.316, 28.376 ], [ 75.324, 28.386 ], [ 75.318, 28.398 ], [ 75.327, 28.408 ], [ 75.321, 28.419 ], [ 75.306, 28.42 ], [ 75.3, 28.432 ], [ 75.285, 28.433 ], [ 75.278, 28.444 ], [ 75.263, 28.445 ], [ 75.257, 28.457 ], [ 75.242, 28.458 ], [ 75.233, 28.447 ], [ 75.24, 28.436 ], [ 75.231, 28.426 ], [ 75.216, 28.427 ], [ 75.207, 28.416 ], [ 75.213, 28.405 ], [ 75.228, 28.404 ], [ 75.235, 28.392 ], [ 75.226, 28.382 ], [ 75.211, 28.383 ], [ 75.202, 28.373 ], [ 75.187, 28.374 ], [ 75.181, 28.385 ], [ 75.166, 28.386 ], [ 75.157, 28.376 ], [ 75.163, 28.364 ], [ 75.155, 28.354 ], [ 75.161, 28.343 ], [ 75.152, 28.332 ], [ 75.158, 28.321 ], [ 75.15, 28.311 ], [ 75.156, 28.299 ], [ 75.147, 28.289 ], [ 75.132, 28.29 ], [ 75.124, 28.279 ], [ 75.109, 28.28 ], [ 75.1, 28.27 ], [ 75.085, 28.271 ], [ 75.076, 28.261 ], [ 75.061, 28.262 ], [ 75.053, 28.251 ], [ 75.038, 28.252 ], [ 75.029, 28.242 ], [ 75.035, 28.231 ], [ 75.026, 28.22 ], [ 75.033, 28.209 ], [ 75.024, 28.199 ], [ 75.009, 28.2 ], [ 75.003, 28.211 ], [ 74.988, 28.212 ], [ 74.979, 28.202 ], [ 74.964, 28.203 ], [ 74.956, 28.192 ], [ 74.941, 28.193 ], [ 74.934, 28.205 ], [ 74.919, 28.206 ], [ 74.911, 28.195 ], [ 74.896, 28.196 ], [ 74.887, 28.186 ], [ 74.893, 28.174 ], [ 74.885, 28.164 ], [ 74.87, 28.165 ], [ 74.861, 28.155 ], [ 74.867, 28.143 ], [ 74.859, 28.133 ], [ 74.844, 28.134 ], [ 74.835, 28.124 ], [ 74.82, 28.125 ], [ 74.812, 28.114 ], [ 74.797, 28.115 ], [ 74.788, 28.105 ], [ 74.794, 28.093 ], [ 74.786, 28.083 ], [ 74.792, 28.072 ], [ 74.807, 28.071 ], [ 74.813, 28.059 ], [ 74.804, 28.049 ], [ 74.811, 28.038 ], [ 74.802, 28.027 ], [ 74.787, 28.028 ], [ 74.778, 28.018 ], [ 74.785, 28.007 ], [ 74.776, 27.996 ], [ 74.761, 27.997 ], [ 74.753, 27.987 ], [ 74.759, 27.976 ], [ 74.774, 27.975 ], [ 74.78, 27.963 ], [ 74.795, 27.962 ], [ 74.801, 27.951 ], [ 74.816, 27.95 ], [ 74.822, 27.939 ], [ 74.814, 27.928 ], [ 74.82, 27.917 ], [ 74.811, 27.906 ], [ 74.796, 27.907 ], [ 74.788, 27.897 ], [ 74.773, 27.898 ], [ 74.764, 27.888 ], [ 74.749, 27.889 ], [ 74.741, 27.878 ], [ 74.747, 27.867 ], [ 74.762, 27.866 ], [ 74.768, 27.855 ], [ 74.76, 27.844 ], [ 74.766, 27.833 ], [ 74.781, 27.832 ], [ 74.789, 27.842 ], [ 74.804, 27.841 ], [ 74.81, 27.83 ], [ 74.802, 27.82 ], [ 74.808, 27.808 ], [ 74.799, 27.798 ], [ 74.806, 27.787 ], [ 74.797, 27.776 ], [ 74.782, 27.777 ], [ 74.774, 27.767 ], [ 74.759, 27.768 ], [ 74.75, 27.758 ], [ 74.735, 27.759 ], [ 74.727, 27.748 ], [ 74.733, 27.737 ], [ 74.724, 27.727 ], [ 74.731, 27.715 ], [ 74.745, 27.714 ], [ 74.752, 27.703 ], [ 74.743, 27.693 ], [ 74.749, 27.682 ], [ 74.741, 27.671 ], [ 74.726, 27.672 ], [ 74.72, 27.683 ], [ 74.705, 27.684 ], [ 74.696, 27.674 ], [ 74.681, 27.675 ], [ 74.673, 27.665 ], [ 74.658, 27.666 ], [ 74.649, 27.655 ], [ 74.635, 27.656 ], [ 74.626, 27.646 ], [ 74.611, 27.647 ], [ 74.605, 27.658 ], [ 74.614, 27.669 ], [ 74.607, 27.68 ], [ 74.616, 27.69 ], [ 74.61, 27.702 ], [ 74.595, 27.703 ], [ 74.586, 27.692 ], [ 74.571, 27.693 ], [ 74.563, 27.683 ], [ 74.569, 27.672 ], [ 74.56, 27.661 ], [ 74.546, 27.662 ], [ 74.539, 27.673 ], [ 74.525, 27.674 ], [ 74.516, 27.664 ], [ 74.501, 27.665 ], [ 74.495, 27.676 ], [ 74.48, 27.677 ], [ 74.474, 27.689 ], [ 74.459, 27.689 ], [ 74.453, 27.701 ], [ 74.438, 27.702 ], [ 74.429, 27.691 ], [ 74.414, 27.692 ], [ 74.408, 27.704 ], [ 74.393, 27.705 ], [ 74.385, 27.694 ], [ 74.37, 27.695 ], [ 74.361, 27.685 ], [ 74.346, 27.686 ], [ 74.338, 27.675 ], [ 74.344, 27.664 ], [ 74.336, 27.654 ], [ 74.321, 27.655 ], [ 74.312, 27.644 ], [ 74.297, 27.645 ], [ 74.289, 27.635 ], [ 74.274, 27.636 ], [ 74.266, 27.625 ], [ 74.272, 27.614 ], [ 74.263, 27.604 ], [ 74.249, 27.605 ], [ 74.24, 27.594 ], [ 74.246, 27.583 ], [ 74.261, 27.582 ], [ 74.268, 27.571 ], [ 74.259, 27.561 ], [ 74.244, 27.561 ], [ 74.236, 27.551 ], [ 74.242, 27.54 ], [ 74.234, 27.53 ], [ 74.24, 27.518 ], [ 74.231, 27.508 ], [ 74.217, 27.509 ], [ 74.208, 27.498 ], [ 74.193, 27.499 ], [ 74.185, 27.489 ], [ 74.191, 27.478 ], [ 74.206, 27.477 ], [ 74.212, 27.466 ], [ 74.204, 27.455 ], [ 74.21, 27.444 ], [ 74.202, 27.434 ], [ 74.208, 27.422 ], [ 74.199, 27.412 ], [ 74.185, 27.413 ], [ 74.178, 27.424 ], [ 74.164, 27.425 ], [ 74.155, 27.415 ], [ 74.14, 27.416 ], [ 74.134, 27.427 ], [ 74.142, 27.437 ], [ 74.136, 27.449 ], [ 74.121, 27.449 ], [ 74.115, 27.461 ], [ 74.123, 27.471 ], [ 74.117, 27.482 ], [ 74.102, 27.483 ], [ 74.094, 27.473 ], [ 74.079, 27.474 ], [ 74.073, 27.485 ], [ 74.081, 27.495 ], [ 74.075, 27.507 ], [ 74.06, 27.508 ], [ 74.054, 27.519 ], [ 74.039, 27.52 ], [ 74.032, 27.531 ], [ 74.018, 27.532 ], [ 74.009, 27.522 ], [ 73.994, 27.522 ], [ 73.986, 27.512 ], [ 73.971, 27.513 ], [ 73.963, 27.503 ], [ 73.948, 27.503 ], [ 73.939, 27.493 ], [ 73.924, 27.494 ], [ 73.916, 27.484 ], [ 73.901, 27.485 ], [ 73.895, 27.496 ], [ 73.903, 27.506 ], [ 73.897, 27.517 ], [ 73.882, 27.518 ], [ 73.876, 27.529 ], [ 73.861, 27.53 ], [ 73.852, 27.52 ], [ 73.838, 27.521 ], [ 73.829, 27.511 ], [ 73.814, 27.511 ], [ 73.806, 27.501 ], [ 73.791, 27.502 ], [ 73.785, 27.513 ], [ 73.77, 27.514 ], [ 73.763, 27.525 ], [ 73.749, 27.526 ], [ 73.74, 27.516 ], [ 73.725, 27.517 ], [ 73.719, 27.528 ], [ 73.704, 27.529 ], [ 73.698, 27.54 ], [ 73.683, 27.541 ], [ 73.676, 27.552 ], [ 73.662, 27.553 ], [ 73.655, 27.564 ], [ 73.64, 27.565 ], [ 73.632, 27.555 ], [ 73.638, 27.543 ], [ 73.63, 27.533 ], [ 73.636, 27.522 ], [ 73.628, 27.511 ], [ 73.613, 27.512 ], [ 73.605, 27.502 ], [ 73.611, 27.491 ], [ 73.603, 27.48 ], [ 73.588, 27.481 ], [ 73.582, 27.492 ], [ 73.567, 27.493 ], [ 73.558, 27.483 ], [ 73.543, 27.484 ], [ 73.535, 27.473 ], [ 73.52, 27.474 ], [ 73.512, 27.464 ], [ 73.518, 27.452 ], [ 73.51, 27.442 ], [ 73.516, 27.431 ], [ 73.508, 27.421 ], [ 73.514, 27.409 ], [ 73.506, 27.399 ], [ 73.513, 27.388 ], [ 73.504, 27.377 ], [ 73.511, 27.366 ], [ 73.502, 27.356 ], [ 73.487, 27.357 ], [ 73.479, 27.346 ], [ 73.485, 27.335 ], [ 73.477, 27.325 ], [ 73.462, 27.325 ], [ 73.454, 27.315 ], [ 73.439, 27.316 ], [ 73.431, 27.306 ], [ 73.416, 27.306 ], [ 73.408, 27.296 ], [ 73.414, 27.285 ], [ 73.406, 27.274 ], [ 73.391, 27.275 ], [ 73.383, 27.265 ], [ 73.368, 27.266 ], [ 73.36, 27.255 ], [ 73.345, 27.256 ], [ 73.336, 27.246 ], [ 73.343, 27.235 ], [ 73.335, 27.224 ], [ 73.341, 27.213 ], [ 73.333, 27.203 ], [ 73.318, 27.204 ], [ 73.311, 27.215 ], [ 73.297, 27.216 ], [ 73.29, 27.227 ], [ 73.275, 27.228 ], [ 73.269, 27.239 ], [ 73.277, 27.249 ], [ 73.271, 27.26 ], [ 73.256, 27.261 ], [ 73.25, 27.272 ], [ 73.258, 27.283 ], [ 73.251, 27.294 ], [ 73.237, 27.295 ], [ 73.23, 27.306 ], [ 73.239, 27.316 ], [ 73.232, 27.327 ], [ 73.217, 27.328 ], [ 73.209, 27.318 ], [ 73.194, 27.319 ], [ 73.186, 27.308 ], [ 73.192, 27.297 ], [ 73.184, 27.287 ], [ 73.169, 27.287 ], [ 73.163, 27.299 ], [ 73.148, 27.299 ], [ 73.141, 27.311 ], [ 73.127, 27.311 ], [ 73.118, 27.301 ], [ 73.125, 27.29 ], [ 73.117, 27.279 ], [ 73.123, 27.268 ], [ 73.115, 27.258 ], [ 73.1, 27.259 ], [ 73.092, 27.248 ], [ 73.098, 27.237 ], [ 73.09, 27.227 ], [ 73.096, 27.216 ], [ 73.111, 27.215 ], [ 73.118, 27.204 ], [ 73.109, 27.193 ], [ 73.116, 27.182 ], [ 73.108, 27.172 ], [ 73.114, 27.161 ], [ 73.106, 27.15 ], [ 73.112, 27.139 ], [ 73.104, 27.129 ], [ 73.11, 27.117 ], [ 73.102, 27.107 ], [ 73.109, 27.096 ], [ 73.123, 27.095 ], [ 73.13, 27.084 ], [ 73.122, 27.074 ], [ 73.128, 27.062 ], [ 73.12, 27.052 ], [ 73.126, 27.041 ], [ 73.118, 27.031 ], [ 73.124, 27.019 ], [ 73.116, 27.009 ], [ 73.123, 26.998 ], [ 73.114, 26.988 ], [ 73.121, 26.976 ], [ 73.113, 26.966 ], [ 73.119, 26.955 ], [ 73.111, 26.945 ], [ 73.117, 26.933 ], [ 73.132, 26.933 ], [ 73.138, 26.922 ], [ 73.153, 26.921 ], [ 73.161, 26.931 ], [ 73.176, 26.93 ], [ 73.182, 26.919 ], [ 73.174, 26.909 ], [ 73.181, 26.898 ], [ 73.172, 26.887 ], [ 73.179, 26.876 ], [ 73.194, 26.875 ], [ 73.2, 26.864 ], [ 73.215, 26.863 ], [ 73.223, 26.874 ], [ 73.238, 26.873 ], [ 73.244, 26.862 ], [ 73.259, 26.861 ], [ 73.267, 26.871 ], [ 73.282, 26.871 ], [ 73.288, 26.859 ], [ 73.303, 26.859 ], [ 73.311, 26.869 ], [ 73.326, 26.868 ], [ 73.332, 26.857 ], [ 73.347, 26.856 ], [ 73.355, 26.867 ], [ 73.37, 26.866 ], [ 73.378, 26.876 ], [ 73.393, 26.875 ], [ 73.401, 26.886 ], [ 73.416, 26.885 ], [ 73.424, 26.895 ], [ 73.439, 26.894 ], [ 73.445, 26.883 ], [ 73.46, 26.882 ], [ 73.466, 26.871 ], [ 73.481, 26.87 ], [ 73.489, 26.881 ], [ 73.504, 26.88 ], [ 73.51, 26.869 ], [ 73.525, 26.868 ], [ 73.532, 26.857 ], [ 73.546, 26.856 ], [ 73.555, 26.866 ], [ 73.569, 26.865 ], [ 73.576, 26.854 ], [ 73.59, 26.853 ], [ 73.597, 26.842 ], [ 73.611, 26.841 ], [ 73.618, 26.83 ], [ 73.632, 26.829 ], [ 73.639, 26.818 ], [ 73.63, 26.808 ], [ 73.637, 26.797 ], [ 73.651, 26.796 ], [ 73.658, 26.785 ], [ 73.672, 26.784 ], [ 73.679, 26.773 ], [ 73.67, 26.762 ], [ 73.677, 26.751 ], [ 73.668, 26.741 ], [ 73.675, 26.73 ], [ 73.667, 26.72 ], [ 73.652, 26.72 ], [ 73.644, 26.71 ], [ 73.65, 26.699 ], [ 73.665, 26.698 ], [ 73.671, 26.687 ], [ 73.663, 26.677 ], [ 73.669, 26.666 ], [ 73.661, 26.655 ], [ 73.667, 26.644 ], [ 73.682, 26.643 ], [ 73.688, 26.632 ], [ 73.68, 26.622 ], [ 73.686, 26.611 ], [ 73.701, 26.61 ], [ 73.707, 26.599 ], [ 73.699, 26.589 ], [ 73.705, 26.578 ], [ 73.697, 26.567 ], [ 73.703, 26.556 ], [ 73.718, 26.555 ], [ 73.724, 26.544 ], [ 73.739, 26.543 ], [ 73.745, 26.532 ], [ 73.759, 26.531 ], [ 73.766, 26.52 ], [ 73.78, 26.52 ], [ 73.787, 26.508 ], [ 73.801, 26.508 ], [ 73.808, 26.496 ], [ 73.822, 26.496 ], [ 73.828, 26.484 ], [ 73.843, 26.484 ], [ 73.849, 26.473 ], [ 73.841, 26.462 ], [ 73.847, 26.451 ], [ 73.862, 26.45 ], [ 73.868, 26.439 ], [ 73.86, 26.429 ], [ 73.866, 26.418 ], [ 73.858, 26.408 ], [ 73.843, 26.409 ], [ 73.835, 26.398 ], [ 73.841, 26.387 ], [ 73.833, 26.377 ], [ 73.839, 26.366 ], [ 73.831, 26.356 ], [ 73.816, 26.357 ], [ 73.808, 26.346 ], [ 73.814, 26.335 ], [ 73.806, 26.325 ], [ 73.812, 26.314 ], [ 73.804, 26.304 ], [ 73.81, 26.293 ], [ 73.802, 26.282 ], [ 73.808, 26.271 ], [ 73.8, 26.261 ], [ 73.806, 26.25 ], [ 73.798, 26.24 ], [ 73.804, 26.229 ], [ 73.796, 26.219 ], [ 73.802, 26.207 ], [ 73.794, 26.197 ], [ 73.8, 26.186 ], [ 73.792, 26.176 ], [ 73.798, 26.165 ], [ 73.79, 26.155 ], [ 73.796, 26.144 ], [ 73.788, 26.133 ], [ 73.794, 26.122 ], [ 73.809, 26.122 ], [ 73.815, 26.11 ], [ 73.807, 26.1 ], [ 73.792, 26.101 ], [ 73.784, 26.091 ], [ 73.77, 26.092 ], [ 73.763, 26.103 ], [ 73.749, 26.104 ], [ 73.743, 26.115 ], [ 73.728, 26.116 ], [ 73.72, 26.105 ], [ 73.705, 26.106 ], [ 73.697, 26.096 ], [ 73.703, 26.085 ], [ 73.695, 26.075 ], [ 73.681, 26.076 ], [ 73.672, 26.065 ], [ 73.658, 26.066 ], [ 73.652, 26.077 ], [ 73.66, 26.087 ], [ 73.654, 26.098 ], [ 73.662, 26.109 ], [ 73.655, 26.12 ], [ 73.641, 26.121 ], [ 73.635, 26.132 ], [ 73.62, 26.132 ], [ 73.612, 26.122 ], [ 73.597, 26.123 ], [ 73.589, 26.113 ], [ 73.575, 26.114 ], [ 73.566, 26.103 ], [ 73.552, 26.104 ], [ 73.544, 26.094 ], [ 73.529, 26.095 ], [ 73.521, 26.085 ], [ 73.527, 26.074 ], [ 73.519, 26.063 ], [ 73.505, 26.064 ], [ 73.498, 26.075 ], [ 73.484, 26.076 ], [ 73.477, 26.087 ], [ 73.463, 26.088 ], [ 73.457, 26.099 ], [ 73.442, 26.1 ], [ 73.436, 26.111 ], [ 73.444, 26.121 ], [ 73.438, 26.132 ], [ 73.423, 26.133 ], [ 73.415, 26.123 ], [ 73.4, 26.123 ], [ 73.394, 26.135 ], [ 73.402, 26.145 ], [ 73.396, 26.156 ], [ 73.381, 26.157 ], [ 73.373, 26.146 ], [ 73.379, 26.135 ], [ 73.371, 26.125 ], [ 73.357, 26.126 ], [ 73.349, 26.116 ], [ 73.355, 26.105 ], [ 73.347, 26.094 ], [ 73.353, 26.083 ], [ 73.345, 26.073 ], [ 73.351, 26.062 ], [ 73.343, 26.052 ], [ 73.328, 26.053 ], [ 73.32, 26.043 ], [ 73.327, 26.031 ], [ 73.318, 26.021 ], [ 73.304, 26.022 ], [ 73.298, 26.033 ], [ 73.283, 26.034 ], [ 73.277, 26.045 ], [ 73.262, 26.046 ], [ 73.256, 26.057 ], [ 73.241, 26.058 ], [ 73.235, 26.069 ], [ 73.22, 26.069 ], [ 73.214, 26.08 ], [ 73.2, 26.081 ], [ 73.191, 26.071 ], [ 73.198, 26.06 ], [ 73.19, 26.05 ], [ 73.175, 26.05 ], [ 73.167, 26.04 ], [ 73.152, 26.041 ], [ 73.146, 26.052 ], [ 73.132, 26.053 ], [ 73.123, 26.043 ], [ 73.13, 26.032 ], [ 73.122, 26.021 ], [ 73.107, 26.022 ], [ 73.101, 26.033 ], [ 73.086, 26.034 ], [ 73.078, 26.024 ], [ 73.064, 26.024 ], [ 73.055, 26.014 ], [ 73.062, 26.003 ], [ 73.054, 25.993 ], [ 73.06, 25.982 ], [ 73.052, 25.972 ], [ 73.037, 25.972 ], [ 73.029, 25.962 ], [ 73.015, 25.963 ], [ 73.007, 25.953 ], [ 72.992, 25.954 ], [ 72.984, 25.943 ], [ 72.99, 25.932 ], [ 72.982, 25.922 ], [ 72.968, 25.923 ], [ 72.96, 25.913 ], [ 72.945, 25.913 ], [ 72.937, 25.903 ], [ 72.923, 25.904 ], [ 72.914, 25.894 ], [ 72.9, 25.894 ], [ 72.892, 25.884 ], [ 72.877, 25.885 ], [ 72.871, 25.896 ], [ 72.857, 25.897 ], [ 72.848, 25.887 ], [ 72.855, 25.876 ], [ 72.847, 25.865 ], [ 72.832, 25.866 ], [ 72.824, 25.856 ], [ 72.831, 25.845 ], [ 72.845, 25.844 ], [ 72.851, 25.833 ], [ 72.843, 25.823 ], [ 72.829, 25.824 ], [ 72.821, 25.813 ], [ 72.806, 25.814 ], [ 72.8, 25.825 ], [ 72.785, 25.826 ], [ 72.777, 25.816 ], [ 72.763, 25.816 ], [ 72.755, 25.806 ], [ 72.761, 25.795 ], [ 72.753, 25.785 ], [ 72.739, 25.786 ], [ 72.731, 25.776 ], [ 72.737, 25.765 ], [ 72.729, 25.754 ], [ 72.735, 25.743 ], [ 72.75, 25.743 ], [ 72.756, 25.732 ], [ 72.748, 25.721 ], [ 72.755, 25.711 ], [ 72.747, 25.7 ], [ 72.732, 25.701 ], [ 72.724, 25.691 ], [ 72.71, 25.692 ], [ 72.702, 25.681 ], [ 72.687, 25.682 ], [ 72.679, 25.672 ], [ 72.686, 25.661 ], [ 72.7, 25.66 ], [ 72.706, 25.649 ], [ 72.698, 25.639 ], [ 72.705, 25.628 ], [ 72.719, 25.627 ], [ 72.726, 25.616 ], [ 72.718, 25.606 ], [ 72.703, 25.607 ], [ 72.695, 25.597 ], [ 72.681, 25.598 ], [ 72.674, 25.608 ], [ 72.66, 25.609 ], [ 72.652, 25.599 ], [ 72.637, 25.6 ], [ 72.631, 25.611 ], [ 72.616, 25.611 ], [ 72.608, 25.601 ], [ 72.594, 25.602 ], [ 72.586, 25.592 ], [ 72.572, 25.592 ], [ 72.564, 25.582 ], [ 72.57, 25.571 ], [ 72.562, 25.561 ], [ 72.548, 25.562 ], [ 72.54, 25.552 ], [ 72.546, 25.541 ], [ 72.538, 25.53 ], [ 72.544, 25.52 ], [ 72.536, 25.509 ], [ 72.522, 25.51 ], [ 72.514, 25.5 ], [ 72.5, 25.501 ], [ 72.492, 25.49 ], [ 72.498, 25.479 ], [ 72.49, 25.469 ], [ 72.476, 25.47 ], [ 72.468, 25.46 ], [ 72.453, 25.46 ], [ 72.445, 25.45 ], [ 72.431, 25.451 ], [ 72.423, 25.441 ], [ 72.408, 25.442 ], [ 72.402, 25.452 ], [ 72.388, 25.453 ], [ 72.38, 25.443 ], [ 72.365, 25.444 ], [ 72.359, 25.455 ], [ 72.344, 25.455 ], [ 72.336, 25.445 ], [ 72.343, 25.434 ], [ 72.335, 25.424 ], [ 72.341, 25.413 ], [ 72.333, 25.403 ], [ 72.319, 25.404 ], [ 72.311, 25.393 ], [ 72.297, 25.394 ], [ 72.29, 25.405 ], [ 72.276, 25.406 ], [ 72.269, 25.416 ], [ 72.255, 25.417 ], [ 72.247, 25.407 ], [ 72.233, 25.408 ], [ 72.225, 25.397 ], [ 72.21, 25.398 ], [ 72.204, 25.409 ], [ 72.189, 25.41 ], [ 72.183, 25.421 ], [ 72.169, 25.421 ], [ 72.162, 25.432 ], [ 72.148, 25.433 ], [ 72.14, 25.423 ], [ 72.125, 25.423 ], [ 72.119, 25.434 ], [ 72.104, 25.435 ], [ 72.098, 25.446 ], [ 72.084, 25.446 ], [ 72.077, 25.457 ], [ 72.085, 25.467 ], [ 72.079, 25.478 ], [ 72.064, 25.479 ], [ 72.056, 25.469 ], [ 72.042, 25.469 ], [ 72.034, 25.459 ], [ 72.019, 25.46 ], [ 72.012, 25.45 ], [ 71.997, 25.45 ], [ 71.989, 25.44 ], [ 71.996, 25.429 ], [ 71.988, 25.419 ], [ 71.973, 25.42 ], [ 71.965, 25.41 ], [ 71.972, 25.399 ], [ 71.964, 25.388 ], [ 71.95, 25.389 ], [ 71.942, 25.379 ], [ 71.948, 25.368 ], [ 71.94, 25.358 ], [ 71.926, 25.358 ], [ 71.918, 25.348 ], [ 71.925, 25.337 ], [ 71.917, 25.327 ], [ 71.923, 25.316 ], [ 71.938, 25.316 ], [ 71.944, 25.305 ], [ 71.936, 25.295 ], [ 71.943, 25.284 ], [ 71.935, 25.274 ], [ 71.92, 25.274 ], [ 71.913, 25.264 ], [ 71.898, 25.265 ], [ 71.89, 25.254 ], [ 71.897, 25.244 ], [ 71.889, 25.233 ], [ 71.875, 25.234 ], [ 71.867, 25.224 ], [ 71.873, 25.213 ], [ 71.865, 25.203 ], [ 71.851, 25.203 ], [ 71.843, 25.193 ], [ 71.85, 25.182 ], [ 71.842, 25.172 ], [ 71.848, 25.161 ], [ 71.84, 25.151 ], [ 71.847, 25.14 ], [ 71.839, 25.13 ], [ 71.825, 25.131 ], [ 71.817, 25.121 ], [ 71.803, 25.121 ], [ 71.795, 25.111 ], [ 71.801, 25.1 ], [ 71.793, 25.09 ], [ 71.8, 25.079 ], [ 71.792, 25.069 ], [ 71.778, 25.07 ], [ 71.771, 25.081 ], [ 71.757, 25.081 ], [ 71.749, 25.071 ], [ 71.735, 25.072 ], [ 71.727, 25.061 ], [ 71.733, 25.051 ], [ 71.726, 25.04 ], [ 71.732, 25.03 ], [ 71.724, 25.019 ], [ 71.71, 25.02 ], [ 71.702, 25.01 ], [ 71.709, 24.999 ], [ 71.701, 24.989 ], [ 71.687, 24.99 ], [ 71.68, 25.0 ], [ 71.666, 25.001 ], [ 71.659, 25.012 ], [ 71.645, 25.012 ], [ 71.638, 25.023 ], [ 71.624, 25.024 ], [ 71.617, 25.035 ], [ 71.603, 25.035 ], [ 71.595, 25.025 ], [ 71.581, 25.026 ], [ 71.573, 25.016 ], [ 71.58, 25.005 ], [ 71.572, 24.995 ], [ 71.558, 24.995 ], [ 71.55, 24.985 ], [ 71.536, 24.986 ], [ 71.529, 24.996 ], [ 71.515, 24.997 ], [ 71.508, 25.008 ], [ 71.494, 25.008 ], [ 71.486, 24.998 ], [ 71.472, 24.999 ], [ 71.464, 24.989 ], [ 71.45, 24.989 ], [ 71.442, 24.979 ], [ 71.428, 24.98 ], [ 71.42, 24.969 ], [ 71.405, 24.97 ], [ 71.398, 24.96 ], [ 71.383, 24.96 ], [ 71.376, 24.95 ], [ 71.361, 24.951 ], [ 71.354, 24.941 ], [ 71.339, 24.941 ], [ 71.332, 24.931 ], [ 71.338, 24.92 ], [ 71.33, 24.91 ], [ 71.316, 24.911 ], [ 71.308, 24.901 ], [ 71.315, 24.89 ], [ 71.307, 24.88 ], [ 71.314, 24.869 ], [ 71.328, 24.868 ], [ 71.334, 24.858 ], [ 71.327, 24.847 ], [ 71.312, 24.848 ], [ 71.305, 24.838 ], [ 71.311, 24.827 ], [ 71.304, 24.817 ], [ 71.289, 24.817 ], [ 71.282, 24.807 ], [ 71.267, 24.808 ], [ 71.26, 24.798 ], [ 71.245, 24.798 ], [ 71.238, 24.788 ], [ 71.244, 24.777 ], [ 71.258, 24.777 ], [ 71.265, 24.766 ], [ 71.257, 24.756 ], [ 71.264, 24.745 ], [ 71.256, 24.735 ], [ 71.242, 24.735 ], [ 71.234, 24.725 ], [ 71.241, 24.715 ], [ 71.255, 24.714 ], [ 71.263, 24.724 ], [ 71.277, 24.724 ], [ 71.283, 24.713 ], [ 71.298, 24.712 ], [ 71.304, 24.701 ], [ 71.318, 24.701 ], [ 71.325, 24.69 ], [ 71.339, 24.69 ], [ 71.346, 24.679 ], [ 71.36, 24.678 ], [ 71.367, 24.667 ], [ 71.381, 24.667 ], [ 71.387, 24.656 ], [ 71.38, 24.646 ], [ 71.386, 24.635 ], [ 71.4, 24.635 ], [ 71.408, 24.645 ], [ 71.422, 24.644 ], [ 71.43, 24.654 ], [ 71.444, 24.654 ], [ 71.452, 24.664 ], [ 71.466, 24.663 ], [ 71.474, 24.673 ], [ 71.488, 24.673 ], [ 71.496, 24.683 ], [ 71.51, 24.682 ], [ 71.518, 24.693 ], [ 71.532, 24.692 ], [ 71.539, 24.681 ], [ 71.553, 24.681 ], [ 71.561, 24.691 ], [ 71.575, 24.69 ], [ 71.582, 24.679 ], [ 71.596, 24.679 ], [ 71.602, 24.668 ], [ 71.617, 24.667 ], [ 71.623, 24.657 ], [ 71.637, 24.656 ], [ 71.644, 24.645 ], [ 71.658, 24.645 ], [ 71.666, 24.655 ], [ 71.68, 24.654 ], [ 71.688, 24.664 ], [ 71.702, 24.664 ], [ 71.709, 24.653 ], [ 71.723, 24.652 ], [ 71.731, 24.662 ], [ 71.745, 24.662 ], [ 71.753, 24.672 ], [ 71.767, 24.671 ], [ 71.775, 24.681 ], [ 71.789, 24.681 ], [ 71.795, 24.67 ], [ 71.81, 24.669 ], [ 71.816, 24.659 ], [ 71.808, 24.648 ], [ 71.815, 24.638 ], [ 71.807, 24.628 ], [ 71.813, 24.617 ], [ 71.828, 24.616 ], [ 71.835, 24.626 ], [ 71.85, 24.626 ], [ 71.857, 24.636 ], [ 71.851, 24.647 ], [ 71.859, 24.657 ], [ 71.852, 24.667 ], [ 71.86, 24.678 ], [ 71.874, 24.677 ], [ 71.882, 24.687 ], [ 71.896, 24.686 ], [ 71.903, 24.676 ], [ 71.917, 24.675 ], [ 71.924, 24.664 ], [ 71.916, 24.654 ], [ 71.922, 24.643 ], [ 71.936, 24.643 ], [ 71.943, 24.632 ], [ 71.957, 24.631 ], [ 71.965, 24.641 ], [ 71.958, 24.652 ], [ 71.966, 24.662 ], [ 71.98, 24.662 ], [ 71.988, 24.672 ], [ 71.982, 24.682 ], [ 71.99, 24.693 ], [ 72.004, 24.692 ], [ 72.012, 24.702 ], [ 72.026, 24.701 ], [ 72.034, 24.712 ], [ 72.048, 24.711 ], [ 72.056, 24.721 ], [ 72.07, 24.72 ], [ 72.077, 24.71 ], [ 72.091, 24.709 ], [ 72.097, 24.698 ], [ 72.089, 24.688 ], [ 72.096, 24.677 ], [ 72.088, 24.667 ], [ 72.094, 24.656 ], [ 72.109, 24.656 ], [ 72.115, 24.645 ], [ 72.129, 24.644 ], [ 72.136, 24.633 ], [ 72.15, 24.633 ], [ 72.156, 24.622 ], [ 72.171, 24.621 ], [ 72.177, 24.611 ], [ 72.191, 24.61 ], [ 72.199, 24.62 ], [ 72.213, 24.619 ], [ 72.221, 24.629 ], [ 72.235, 24.629 ], [ 72.243, 24.639 ], [ 72.257, 24.638 ], [ 72.264, 24.627 ], [ 72.278, 24.627 ], [ 72.284, 24.616 ], [ 72.299, 24.615 ], [ 72.307, 24.625 ], [ 72.321, 24.625 ], [ 72.329, 24.635 ], [ 72.322, 24.646 ], [ 72.308, 24.646 ], [ 72.302, 24.657 ], [ 72.309, 24.667 ], [ 72.303, 24.678 ], [ 72.311, 24.688 ], [ 72.325, 24.687 ], [ 72.333, 24.697 ], [ 72.327, 24.708 ], [ 72.335, 24.718 ], [ 72.328, 24.729 ], [ 72.336, 24.739 ], [ 72.33, 24.75 ], [ 72.338, 24.76 ], [ 72.331, 24.771 ], [ 72.339, 24.781 ], [ 72.333, 24.792 ], [ 72.341, 24.802 ], [ 72.334, 24.813 ], [ 72.342, 24.823 ], [ 72.336, 24.834 ], [ 72.344, 24.844 ], [ 72.337, 24.855 ], [ 72.345, 24.865 ], [ 72.339, 24.875 ], [ 72.347, 24.886 ], [ 72.34, 24.896 ], [ 72.348, 24.907 ], [ 72.342, 24.917 ], [ 72.35, 24.928 ], [ 72.343, 24.938 ], [ 72.351, 24.948 ], [ 72.365, 24.948 ], [ 72.373, 24.958 ], [ 72.388, 24.957 ], [ 72.394, 24.946 ], [ 72.408, 24.946 ], [ 72.415, 24.935 ], [ 72.429, 24.934 ], [ 72.435, 24.923 ], [ 72.427, 24.913 ], [ 72.434, 24.902 ], [ 72.448, 24.902 ], [ 72.455, 24.891 ], [ 72.447, 24.881 ], [ 72.453, 24.87 ], [ 72.445, 24.86 ], [ 72.451, 24.849 ], [ 72.444, 24.839 ], [ 72.45, 24.828 ], [ 72.442, 24.818 ], [ 72.448, 24.807 ], [ 72.44, 24.797 ], [ 72.447, 24.786 ], [ 72.439, 24.776 ], [ 72.445, 24.765 ], [ 72.46, 24.765 ], [ 72.466, 24.754 ], [ 72.48, 24.753 ], [ 72.488, 24.763 ], [ 72.482, 24.774 ], [ 72.49, 24.784 ], [ 72.483, 24.795 ], [ 72.491, 24.805 ], [ 72.485, 24.816 ], [ 72.493, 24.826 ], [ 72.486, 24.837 ], [ 72.494, 24.847 ], [ 72.488, 24.858 ], [ 72.496, 24.868 ], [ 72.489, 24.879 ], [ 72.497, 24.889 ], [ 72.491, 24.9 ], [ 72.499, 24.91 ], [ 72.493, 24.921 ], [ 72.5, 24.931 ], [ 72.515, 24.93 ], [ 72.523, 24.94 ], [ 72.537, 24.939 ], [ 72.543, 24.929 ], [ 72.558, 24.928 ], [ 72.566, 24.938 ], [ 72.58, 24.937 ], [ 72.588, 24.947 ], [ 72.581, 24.958 ], [ 72.589, 24.968 ], [ 72.604, 24.968 ], [ 72.612, 24.978 ], [ 72.626, 24.977 ], [ 72.634, 24.987 ], [ 72.628, 24.998 ], [ 72.635, 25.008 ], [ 72.65, 25.007 ], [ 72.658, 25.018 ], [ 72.651, 25.028 ], [ 72.659, 25.038 ], [ 72.674, 25.038 ], [ 72.682, 25.048 ], [ 72.696, 25.047 ], [ 72.704, 25.057 ], [ 72.698, 25.068 ], [ 72.706, 25.078 ], [ 72.699, 25.089 ], [ 72.707, 25.099 ], [ 72.701, 25.11 ], [ 72.709, 25.12 ], [ 72.723, 25.12 ], [ 72.731, 25.13 ], [ 72.745, 25.129 ], [ 72.753, 25.139 ], [ 72.747, 25.15 ], [ 72.755, 25.16 ], [ 72.749, 25.171 ], [ 72.757, 25.181 ], [ 72.771, 25.18 ], [ 72.779, 25.191 ], [ 72.773, 25.201 ], [ 72.781, 25.212 ], [ 72.774, 25.222 ], [ 72.782, 25.233 ], [ 72.797, 25.232 ], [ 72.805, 25.242 ], [ 72.798, 25.253 ], [ 72.806, 25.263 ], [ 72.821, 25.262 ], [ 72.829, 25.272 ], [ 72.843, 25.272 ], [ 72.851, 25.282 ], [ 72.865, 25.281 ], [ 72.873, 25.291 ], [ 72.888, 25.29 ], [ 72.896, 25.301 ], [ 72.91, 25.3 ], [ 72.917, 25.289 ], [ 72.931, 25.288 ], [ 72.937, 25.277 ], [ 72.929, 25.267 ], [ 72.936, 25.256 ], [ 72.928, 25.246 ], [ 72.934, 25.235 ], [ 72.926, 25.225 ], [ 72.932, 25.214 ], [ 72.924, 25.204 ], [ 72.93, 25.193 ], [ 72.922, 25.183 ], [ 72.929, 25.172 ], [ 72.921, 25.162 ], [ 72.927, 25.151 ], [ 72.919, 25.141 ], [ 72.925, 25.13 ], [ 72.94, 25.129 ], [ 72.946, 25.119 ], [ 72.938, 25.108 ], [ 72.944, 25.098 ], [ 72.936, 25.087 ], [ 72.943, 25.077 ], [ 72.935, 25.066 ], [ 72.941, 25.056 ], [ 72.955, 25.055 ], [ 72.962, 25.044 ], [ 72.976, 25.043 ], [ 72.984, 25.053 ], [ 72.998, 25.053 ], [ 73.006, 25.063 ], [ 73.02, 25.062 ], [ 73.029, 25.072 ], [ 73.043, 25.071 ], [ 73.051, 25.081 ], [ 73.065, 25.081 ], [ 73.073, 25.091 ], [ 73.067, 25.102 ], [ 73.075, 25.112 ], [ 73.089, 25.111 ], [ 73.097, 25.121 ], [ 73.112, 25.12 ], [ 73.118, 25.109 ], [ 73.132, 25.109 ], [ 73.138, 25.098 ], [ 73.13, 25.088 ], [ 73.137, 25.077 ], [ 73.129, 25.067 ], [ 73.135, 25.056 ], [ 73.149, 25.055 ], [ 73.156, 25.044 ], [ 73.148, 25.034 ], [ 73.154, 25.023 ], [ 73.146, 25.013 ], [ 73.152, 25.002 ], [ 73.144, 24.992 ], [ 73.13, 24.993 ], [ 73.122, 24.983 ], [ 73.128, 24.972 ], [ 73.12, 24.962 ], [ 73.106, 24.963 ], [ 73.098, 24.953 ], [ 73.083, 24.953 ], [ 73.075, 24.943 ], [ 73.082, 24.932 ], [ 73.074, 24.922 ], [ 73.08, 24.911 ], [ 73.094, 24.911 ], [ 73.1, 24.9 ], [ 73.115, 24.899 ], [ 73.121, 24.888 ], [ 73.135, 24.888 ], [ 73.143, 24.898 ], [ 73.137, 24.908 ], [ 73.145, 24.919 ], [ 73.159, 24.918 ], [ 73.167, 24.928 ], [ 73.161, 24.939 ], [ 73.169, 24.949 ], [ 73.163, 24.96 ], [ 73.171, 24.97 ], [ 73.185, 24.969 ], [ 73.193, 24.979 ], [ 73.187, 24.99 ], [ 73.195, 25.0 ], [ 73.209, 24.999 ], [ 73.217, 25.009 ], [ 73.211, 25.02 ], [ 73.219, 25.03 ], [ 73.233, 25.03 ], [ 73.241, 25.04 ], [ 73.256, 25.039 ], [ 73.264, 25.049 ], [ 73.278, 25.048 ], [ 73.286, 25.058 ], [ 73.3, 25.057 ], [ 73.308, 25.068 ], [ 73.302, 25.078 ], [ 73.31, 25.089 ], [ 73.325, 25.088 ], [ 73.333, 25.098 ], [ 73.347, 25.097 ], [ 73.355, 25.107 ], [ 73.349, 25.118 ], [ 73.357, 25.128 ], [ 73.371, 25.127 ], [ 73.379, 25.137 ], [ 73.394, 25.137 ], [ 73.402, 25.147 ], [ 73.416, 25.146 ], [ 73.424, 25.156 ], [ 73.438, 25.155 ], [ 73.446, 25.165 ], [ 73.461, 25.165 ], [ 73.469, 25.175 ], [ 73.483, 25.174 ], [ 73.491, 25.184 ], [ 73.485, 25.195 ], [ 73.493, 25.205 ], [ 73.507, 25.204 ], [ 73.516, 25.214 ], [ 73.53, 25.213 ], [ 73.538, 25.224 ], [ 73.552, 25.223 ], [ 73.56, 25.233 ], [ 73.554, 25.244 ], [ 73.562, 25.254 ], [ 73.577, 25.253 ], [ 73.585, 25.263 ], [ 73.579, 25.274 ], [ 73.587, 25.284 ], [ 73.58, 25.295 ], [ 73.589, 25.305 ], [ 73.603, 25.304 ], [ 73.611, 25.315 ], [ 73.605, 25.325 ], [ 73.613, 25.336 ], [ 73.607, 25.347 ], [ 73.615, 25.357 ], [ 73.629, 25.356 ], [ 73.637, 25.366 ], [ 73.631, 25.377 ], [ 73.639, 25.387 ], [ 73.654, 25.386 ], [ 73.662, 25.396 ], [ 73.676, 25.395 ], [ 73.684, 25.406 ], [ 73.699, 25.405 ], [ 73.707, 25.415 ], [ 73.701, 25.426 ], [ 73.709, 25.436 ], [ 73.703, 25.447 ], [ 73.711, 25.457 ], [ 73.705, 25.468 ], [ 73.713, 25.478 ], [ 73.727, 25.477 ], [ 73.735, 25.487 ], [ 73.729, 25.498 ], [ 73.737, 25.508 ], [ 73.752, 25.508 ], [ 73.76, 25.518 ], [ 73.774, 25.517 ], [ 73.782, 25.527 ], [ 73.776, 25.538 ], [ 73.784, 25.548 ], [ 73.778, 25.559 ], [ 73.786, 25.569 ], [ 73.78, 25.58 ], [ 73.788, 25.59 ], [ 73.782, 25.601 ], [ 73.79, 25.611 ], [ 73.805, 25.611 ], [ 73.813, 25.621 ], [ 73.807, 25.632 ], [ 73.815, 25.642 ], [ 73.809, 25.653 ], [ 73.817, 25.663 ], [ 73.811, 25.674 ], [ 73.819, 25.684 ], [ 73.813, 25.695 ], [ 73.821, 25.705 ], [ 73.815, 25.716 ], [ 73.823, 25.726 ], [ 73.837, 25.726 ], [ 73.845, 25.736 ], [ 73.839, 25.747 ], [ 73.847, 25.757 ], [ 73.862, 25.756 ], [ 73.87, 25.766 ], [ 73.864, 25.777 ], [ 73.872, 25.787 ], [ 73.866, 25.798 ], [ 73.874, 25.808 ], [ 73.889, 25.808 ], [ 73.897, 25.818 ], [ 73.891, 25.829 ], [ 73.899, 25.839 ], [ 73.893, 25.85 ], [ 73.901, 25.86 ], [ 73.895, 25.871 ], [ 73.903, 25.881 ], [ 73.917, 25.88 ], [ 73.926, 25.891 ], [ 73.94, 25.89 ], [ 73.948, 25.9 ], [ 73.963, 25.899 ], [ 73.971, 25.909 ], [ 73.985, 25.908 ], [ 73.994, 25.919 ], [ 73.988, 25.93 ], [ 73.996, 25.94 ], [ 73.99, 25.951 ], [ 73.998, 25.961 ], [ 74.012, 25.96 ], [ 74.021, 25.97 ], [ 74.014, 25.981 ], [ 74.023, 25.991 ], [ 74.037, 25.991 ], [ 74.045, 26.001 ], [ 74.039, 26.012 ], [ 74.047, 26.022 ], [ 74.041, 26.033 ], [ 74.05, 26.043 ], [ 74.064, 26.042 ], [ 74.072, 26.052 ], [ 74.087, 26.052 ], [ 74.095, 26.062 ], [ 74.089, 26.073 ], [ 74.097, 26.083 ], [ 74.091, 26.094 ], [ 74.099, 26.104 ], [ 74.114, 26.103 ], [ 74.122, 26.114 ], [ 74.116, 26.125 ], [ 74.124, 26.135 ], [ 74.118, 26.146 ], [ 74.126, 26.156 ], [ 74.12, 26.167 ], [ 74.106, 26.168 ], [ 74.097, 26.158 ], [ 74.083, 26.159 ], [ 74.074, 26.149 ], [ 74.06, 26.149 ], [ 74.054, 26.16 ], [ 74.039, 26.161 ], [ 74.033, 26.172 ], [ 74.041, 26.183 ], [ 74.035, 26.194 ], [ 74.043, 26.204 ], [ 74.058, 26.203 ], [ 74.066, 26.213 ], [ 74.06, 26.224 ], [ 74.068, 26.234 ], [ 74.062, 26.246 ], [ 74.07, 26.256 ], [ 74.085, 26.255 ], [ 74.093, 26.265 ], [ 74.087, 26.276 ], [ 74.095, 26.286 ], [ 74.11, 26.285 ], [ 74.118, 26.296 ], [ 74.112, 26.307 ], [ 74.12, 26.317 ], [ 74.135, 26.316 ], [ 74.143, 26.326 ], [ 74.158, 26.325 ], [ 74.166, 26.336 ], [ 74.16, 26.347 ], [ 74.168, 26.357 ], [ 74.183, 26.356 ], [ 74.191, 26.366 ], [ 74.185, 26.377 ], [ 74.193, 26.388 ], [ 74.208, 26.387 ], [ 74.216, 26.397 ], [ 74.21, 26.408 ], [ 74.218, 26.418 ], [ 74.233, 26.417 ], [ 74.241, 26.427 ], [ 74.256, 26.427 ], [ 74.262, 26.415 ], [ 74.254, 26.405 ], [ 74.26, 26.394 ], [ 74.251, 26.384 ], [ 74.258, 26.373 ], [ 74.272, 26.372 ], [ 74.28, 26.382 ], [ 74.295, 26.381 ], [ 74.303, 26.391 ], [ 74.318, 26.391 ], [ 74.324, 26.379 ], [ 74.339, 26.379 ], [ 74.345, 26.367 ], [ 74.337, 26.357 ], [ 74.343, 26.346 ], [ 74.334, 26.336 ], [ 74.341, 26.325 ], [ 74.332, 26.315 ], [ 74.338, 26.304 ], [ 74.353, 26.303 ], [ 74.359, 26.292 ], [ 74.351, 26.281 ], [ 74.357, 26.27 ], [ 74.349, 26.26 ], [ 74.355, 26.249 ], [ 74.346, 26.239 ], [ 74.353, 26.228 ], [ 74.344, 26.218 ], [ 74.35, 26.206 ], [ 74.365, 26.206 ], [ 74.371, 26.194 ], [ 74.386, 26.194 ], [ 74.394, 26.204 ], [ 74.409, 26.203 ], [ 74.415, 26.192 ], [ 74.429, 26.191 ], [ 74.435, 26.18 ], [ 74.45, 26.179 ], [ 74.458, 26.189 ], [ 74.452, 26.2 ], [ 74.46, 26.21 ], [ 74.475, 26.209 ], [ 74.483, 26.219 ], [ 74.477, 26.231 ], [ 74.486, 26.241 ], [ 74.479, 26.252 ], [ 74.488, 26.262 ], [ 74.502, 26.261 ], [ 74.511, 26.271 ], [ 74.505, 26.282 ], [ 74.49, 26.283 ], [ 74.484, 26.294 ], [ 74.492, 26.305 ], [ 74.486, 26.316 ], [ 74.494, 26.326 ], [ 74.488, 26.337 ], [ 74.474, 26.338 ], [ 74.468, 26.349 ], [ 74.476, 26.359 ], [ 74.47, 26.37 ], [ 74.455, 26.371 ], [ 74.449, 26.382 ], [ 74.457, 26.393 ], [ 74.451, 26.404 ], [ 74.46, 26.414 ], [ 74.474, 26.413 ], [ 74.483, 26.423 ], [ 74.476, 26.434 ], [ 74.485, 26.444 ], [ 74.479, 26.456 ], [ 74.464, 26.456 ], [ 74.458, 26.468 ], [ 74.443, 26.468 ], [ 74.437, 26.48 ], [ 74.445, 26.49 ], [ 74.46, 26.489 ], [ 74.468, 26.499 ], [ 74.462, 26.51 ], [ 74.471, 26.52 ], [ 74.465, 26.532 ], [ 74.473, 26.542 ], [ 74.488, 26.541 ], [ 74.496, 26.551 ], [ 74.49, 26.562 ], [ 74.498, 26.572 ], [ 74.513, 26.572 ], [ 74.521, 26.582 ], [ 74.515, 26.593 ], [ 74.523, 26.603 ], [ 74.538, 26.602 ], [ 74.546, 26.612 ], [ 74.561, 26.611 ], [ 74.569, 26.622 ], [ 74.563, 26.633 ], [ 74.572, 26.643 ], [ 74.586, 26.642 ], [ 74.595, 26.652 ], [ 74.589, 26.663 ], [ 74.597, 26.674 ], [ 74.591, 26.685 ], [ 74.599, 26.695 ], [ 74.614, 26.694 ], [ 74.622, 26.704 ], [ 74.616, 26.715 ], [ 74.625, 26.726 ], [ 74.618, 26.737 ], [ 74.627, 26.747 ], [ 74.642, 26.746 ], [ 74.65, 26.756 ], [ 74.644, 26.768 ], [ 74.652, 26.778 ], [ 74.646, 26.789 ], [ 74.655, 26.799 ], [ 74.648, 26.81 ], [ 74.657, 26.821 ], [ 74.651, 26.832 ], [ 74.659, 26.842 ], [ 74.653, 26.853 ], [ 74.661, 26.863 ], [ 74.655, 26.875 ], [ 74.664, 26.885 ], [ 74.657, 26.896 ], [ 74.666, 26.906 ], [ 74.66, 26.918 ], [ 74.668, 26.928 ], [ 74.662, 26.939 ], [ 74.671, 26.949 ], [ 74.664, 26.96 ], [ 74.673, 26.971 ], [ 74.688, 26.97 ], [ 74.696, 26.98 ], [ 74.711, 26.979 ], [ 74.719, 26.989 ], [ 74.713, 27.0 ], [ 74.722, 27.011 ], [ 74.736, 27.01 ], [ 74.745, 27.02 ], [ 74.739, 27.031 ], [ 74.747, 27.041 ], [ 74.741, 27.053 ], [ 74.749, 27.063 ], [ 74.764, 27.062 ], [ 74.773, 27.072 ], [ 74.787, 27.071 ], [ 74.796, 27.081 ], [ 74.79, 27.093 ], [ 74.798, 27.103 ], [ 74.813, 27.102 ], [ 74.821, 27.112 ], [ 74.815, 27.123 ], [ 74.824, 27.134 ], [ 74.838, 27.133 ], [ 74.847, 27.143 ], [ 74.862, 27.142 ], [ 74.87, 27.152 ], [ 74.864, 27.164 ], [ 74.873, 27.174 ], [ 74.887, 27.173 ], [ 74.896, 27.183 ], [ 74.89, 27.194 ], [ 74.898, 27.205 ], [ 74.892, 27.216 ], [ 74.901, 27.226 ], [ 74.915, 27.225 ], [ 74.924, 27.235 ], [ 74.918, 27.247 ], [ 74.926, 27.257 ], [ 74.92, 27.268 ], [ 74.929, 27.278 ], [ 74.943, 27.277 ], [ 74.95, 27.266 ], [ 74.964, 27.265 ], [ 74.97, 27.254 ], [ 74.962, 27.244 ], [ 74.968, 27.232 ], [ 74.959, 27.222 ], [ 74.945, 27.223 ], [ 74.936, 27.213 ], [ 74.942, 27.202 ], [ 74.934, 27.191 ], [ 74.94, 27.18 ], [ 74.931, 27.17 ], [ 74.938, 27.159 ], [ 74.929, 27.148 ], [ 74.935, 27.137 ], [ 74.927, 27.127 ], [ 74.912, 27.128 ], [ 74.903, 27.118 ], [ 74.91, 27.106 ], [ 74.924, 27.105 ], [ 74.93, 27.094 ], [ 74.922, 27.084 ], [ 74.928, 27.073 ], [ 74.943, 27.072 ], [ 74.951, 27.082 ], [ 74.966, 27.081 ], [ 74.975, 27.091 ], [ 74.968, 27.102 ], [ 74.977, 27.113 ], [ 74.971, 27.124 ], [ 74.979, 27.134 ], [ 74.973, 27.145 ], [ 74.982, 27.156 ], [ 74.976, 27.167 ], [ 74.984, 27.177 ], [ 74.999, 27.176 ], [ 75.007, 27.186 ], [ 75.022, 27.185 ], [ 75.031, 27.196 ], [ 75.025, 27.207 ], [ 75.033, 27.217 ], [ 75.048, 27.216 ], [ 75.056, 27.226 ], [ 75.05, 27.238 ], [ 75.059, 27.248 ], [ 75.053, 27.259 ], [ 75.038, 27.26 ], [ 75.032, 27.271 ], [ 75.04, 27.282 ], [ 75.034, 27.293 ], [ 75.043, 27.303 ], [ 75.037, 27.315 ], [ 75.045, 27.325 ], [ 75.06, 27.324 ], [ 75.069, 27.334 ], [ 75.083, 27.333 ], [ 75.092, 27.343 ], [ 75.086, 27.355 ], [ 75.094, 27.365 ], [ 75.088, 27.376 ], [ 75.097, 27.386 ], [ 75.091, 27.398 ], [ 75.099, 27.408 ], [ 75.093, 27.419 ], [ 75.102, 27.429 ], [ 75.095, 27.441 ], [ 75.104, 27.451 ], [ 75.098, 27.462 ], [ 75.107, 27.473 ], [ 75.1, 27.484 ], [ 75.109, 27.494 ], [ 75.124, 27.493 ], [ 75.132, 27.503 ], [ 75.126, 27.515 ], [ 75.135, 27.525 ], [ 75.129, 27.536 ], [ 75.137, 27.547 ], [ 75.152, 27.546 ], [ 75.161, 27.556 ], [ 75.176, 27.555 ], [ 75.184, 27.565 ], [ 75.199, 27.564 ], [ 75.208, 27.574 ], [ 75.222, 27.573 ], [ 75.231, 27.584 ], [ 75.246, 27.583 ], [ 75.254, 27.593 ], [ 75.269, 27.592 ], [ 75.278, 27.602 ], [ 75.272, 27.614 ], [ 75.28, 27.624 ], [ 75.274, 27.635 ] ] ], [ [ [ 76.372, 27.925 ], [ 76.366, 27.936 ], [ 76.375, 27.947 ], [ 76.369, 27.958 ], [ 76.378, 27.968 ], [ 76.372, 27.98 ], [ 76.381, 27.99 ], [ 76.375, 28.001 ], [ 76.383, 28.012 ], [ 76.377, 28.023 ], [ 76.386, 28.033 ], [ 76.38, 28.045 ], [ 76.389, 28.055 ], [ 76.383, 28.066 ], [ 76.392, 28.077 ], [ 76.407, 28.075 ], [ 76.416, 28.086 ], [ 76.41, 28.097 ], [ 76.419, 28.107 ], [ 76.434, 28.106 ], [ 76.442, 28.116 ], [ 76.437, 28.128 ], [ 76.445, 28.138 ], [ 76.439, 28.15 ], [ 76.425, 28.151 ], [ 76.416, 28.141 ], [ 76.401, 28.142 ], [ 76.392, 28.131 ], [ 76.398, 28.12 ], [ 76.389, 28.11 ], [ 76.374, 28.111 ], [ 76.365, 28.101 ], [ 76.371, 28.089 ], [ 76.362, 28.079 ], [ 76.348, 28.08 ], [ 76.339, 28.07 ], [ 76.345, 28.058 ], [ 76.336, 28.048 ], [ 76.342, 28.037 ], [ 76.333, 28.027 ], [ 76.318, 28.028 ], [ 76.309, 28.017 ], [ 76.294, 28.019 ], [ 76.288, 28.03 ], [ 76.297, 28.04 ], [ 76.291, 28.052 ], [ 76.276, 28.053 ], [ 76.27, 28.064 ], [ 76.256, 28.065 ], [ 76.247, 28.055 ], [ 76.232, 28.056 ], [ 76.223, 28.046 ], [ 76.208, 28.047 ], [ 76.202, 28.059 ], [ 76.187, 28.06 ], [ 76.178, 28.049 ], [ 76.184, 28.038 ], [ 76.199, 28.037 ], [ 76.205, 28.025 ], [ 76.22, 28.024 ], [ 76.229, 28.035 ], [ 76.244, 28.033 ], [ 76.253, 28.044 ], [ 76.268, 28.043 ], [ 76.274, 28.031 ], [ 76.265, 28.021 ], [ 76.271, 28.009 ], [ 76.262, 27.999 ], [ 76.268, 27.988 ], [ 76.259, 27.978 ], [ 76.265, 27.966 ], [ 76.256, 27.956 ], [ 76.241, 27.957 ], [ 76.233, 27.947 ], [ 76.239, 27.935 ], [ 76.23, 27.925 ], [ 76.236, 27.914 ], [ 76.227, 27.904 ], [ 76.233, 27.892 ], [ 76.224, 27.882 ], [ 76.23, 27.871 ], [ 76.221, 27.86 ], [ 76.206, 27.861 ], [ 76.198, 27.851 ], [ 76.204, 27.84 ], [ 76.218, 27.839 ], [ 76.224, 27.827 ], [ 76.216, 27.817 ], [ 76.201, 27.818 ], [ 76.192, 27.808 ], [ 76.177, 27.809 ], [ 76.171, 27.82 ], [ 76.156, 27.822 ], [ 76.15, 27.833 ], [ 76.136, 27.834 ], [ 76.127, 27.824 ], [ 76.133, 27.812 ], [ 76.124, 27.802 ], [ 76.109, 27.803 ], [ 76.1, 27.793 ], [ 76.106, 27.782 ], [ 76.098, 27.771 ], [ 76.104, 27.76 ], [ 76.095, 27.75 ], [ 76.101, 27.738 ], [ 76.092, 27.728 ], [ 76.098, 27.717 ], [ 76.089, 27.707 ], [ 76.074, 27.708 ], [ 76.066, 27.698 ], [ 76.072, 27.686 ], [ 76.063, 27.676 ], [ 76.069, 27.665 ], [ 76.06, 27.654 ], [ 76.045, 27.655 ], [ 76.037, 27.645 ], [ 76.022, 27.646 ], [ 76.013, 27.636 ], [ 76.019, 27.625 ], [ 76.01, 27.615 ], [ 76.016, 27.603 ], [ 76.031, 27.602 ], [ 76.037, 27.591 ], [ 76.052, 27.59 ], [ 76.058, 27.578 ], [ 76.073, 27.577 ], [ 76.079, 27.566 ], [ 76.07, 27.556 ], [ 76.076, 27.544 ], [ 76.067, 27.534 ], [ 76.052, 27.535 ], [ 76.044, 27.525 ], [ 76.05, 27.514 ], [ 76.041, 27.503 ], [ 76.047, 27.492 ], [ 76.062, 27.491 ], [ 76.068, 27.48 ], [ 76.082, 27.479 ], [ 76.091, 27.489 ], [ 76.106, 27.488 ], [ 76.115, 27.498 ], [ 76.109, 27.509 ], [ 76.117, 27.519 ], [ 76.111, 27.531 ], [ 76.12, 27.541 ], [ 76.135, 27.54 ], [ 76.144, 27.55 ], [ 76.158, 27.549 ], [ 76.167, 27.559 ], [ 76.182, 27.558 ], [ 76.191, 27.568 ], [ 76.205, 27.567 ], [ 76.211, 27.556 ], [ 76.226, 27.555 ], [ 76.232, 27.543 ], [ 76.247, 27.542 ], [ 76.253, 27.531 ], [ 76.268, 27.53 ], [ 76.274, 27.518 ], [ 76.288, 27.517 ], [ 76.297, 27.527 ], [ 76.291, 27.539 ], [ 76.3, 27.549 ], [ 76.294, 27.56 ], [ 76.303, 27.571 ], [ 76.297, 27.582 ], [ 76.306, 27.592 ], [ 76.32, 27.591 ], [ 76.329, 27.601 ], [ 76.323, 27.613 ], [ 76.332, 27.623 ], [ 76.347, 27.622 ], [ 76.355, 27.632 ], [ 76.35, 27.643 ], [ 76.358, 27.653 ], [ 76.373, 27.652 ], [ 76.382, 27.662 ], [ 76.376, 27.674 ], [ 76.385, 27.684 ], [ 76.4, 27.683 ], [ 76.408, 27.693 ], [ 76.402, 27.704 ], [ 76.411, 27.715 ], [ 76.405, 27.726 ], [ 76.414, 27.736 ], [ 76.429, 27.735 ], [ 76.438, 27.745 ], [ 76.432, 27.757 ], [ 76.441, 27.767 ], [ 76.455, 27.766 ], [ 76.464, 27.776 ], [ 76.479, 27.775 ], [ 76.488, 27.785 ], [ 76.503, 27.784 ], [ 76.509, 27.772 ], [ 76.523, 27.771 ], [ 76.532, 27.781 ], [ 76.547, 27.78 ], [ 76.553, 27.769 ], [ 76.568, 27.768 ], [ 76.577, 27.778 ], [ 76.591, 27.777 ], [ 76.6, 27.787 ], [ 76.615, 27.786 ], [ 76.621, 27.774 ], [ 76.636, 27.773 ], [ 76.645, 27.783 ], [ 76.659, 27.782 ], [ 76.668, 27.793 ], [ 76.683, 27.791 ], [ 76.692, 27.802 ], [ 76.707, 27.8 ], [ 76.716, 27.811 ], [ 76.73, 27.809 ], [ 76.739, 27.82 ], [ 76.733, 27.831 ], [ 76.742, 27.841 ], [ 76.757, 27.84 ], [ 76.766, 27.85 ], [ 76.76, 27.862 ], [ 76.769, 27.872 ], [ 76.784, 27.871 ], [ 76.793, 27.881 ], [ 76.807, 27.88 ], [ 76.816, 27.89 ], [ 76.831, 27.889 ], [ 76.84, 27.899 ], [ 76.855, 27.898 ], [ 76.864, 27.908 ], [ 76.858, 27.919 ], [ 76.867, 27.929 ], [ 76.861, 27.941 ], [ 76.87, 27.951 ], [ 76.864, 27.962 ], [ 76.873, 27.973 ], [ 76.867, 27.984 ], [ 76.876, 27.994 ], [ 76.891, 27.993 ], [ 76.9, 28.003 ], [ 76.894, 28.015 ], [ 76.903, 28.025 ], [ 76.897, 28.036 ], [ 76.906, 28.047 ], [ 76.9, 28.058 ], [ 76.909, 28.068 ], [ 76.903, 28.08 ], [ 76.912, 28.09 ], [ 76.906, 28.101 ], [ 76.891, 28.102 ], [ 76.885, 28.114 ], [ 76.894, 28.124 ], [ 76.888, 28.136 ], [ 76.897, 28.146 ], [ 76.912, 28.145 ], [ 76.921, 28.155 ], [ 76.915, 28.166 ], [ 76.9, 28.167 ], [ 76.894, 28.179 ], [ 76.903, 28.189 ], [ 76.897, 28.201 ], [ 76.882, 28.202 ], [ 76.877, 28.213 ], [ 76.862, 28.214 ], [ 76.856, 28.226 ], [ 76.841, 28.227 ], [ 76.832, 28.217 ], [ 76.817, 28.218 ], [ 76.808, 28.208 ], [ 76.814, 28.196 ], [ 76.805, 28.186 ], [ 76.79, 28.187 ], [ 76.781, 28.177 ], [ 76.787, 28.166 ], [ 76.802, 28.164 ], [ 76.808, 28.153 ], [ 76.799, 28.143 ], [ 76.784, 28.144 ], [ 76.775, 28.134 ], [ 76.76, 28.135 ], [ 76.752, 28.125 ], [ 76.737, 28.126 ], [ 76.728, 28.116 ], [ 76.713, 28.117 ], [ 76.704, 28.107 ], [ 76.689, 28.108 ], [ 76.68, 28.098 ], [ 76.665, 28.099 ], [ 76.656, 28.089 ], [ 76.662, 28.077 ], [ 76.653, 28.067 ], [ 76.659, 28.056 ], [ 76.65, 28.045 ], [ 76.656, 28.034 ], [ 76.671, 28.033 ], [ 76.677, 28.021 ], [ 76.668, 28.011 ], [ 76.653, 28.012 ], [ 76.645, 28.002 ], [ 76.63, 28.003 ], [ 76.621, 27.993 ], [ 76.606, 27.994 ], [ 76.6, 28.006 ], [ 76.585, 28.007 ], [ 76.576, 27.996 ], [ 76.582, 27.985 ], [ 76.573, 27.975 ], [ 76.559, 27.976 ], [ 76.55, 27.966 ], [ 76.535, 27.967 ], [ 76.529, 27.978 ], [ 76.538, 27.989 ], [ 76.532, 28.0 ], [ 76.541, 28.01 ], [ 76.535, 28.022 ], [ 76.544, 28.032 ], [ 76.538, 28.043 ], [ 76.523, 28.044 ], [ 76.514, 28.034 ], [ 76.499, 28.035 ], [ 76.493, 28.047 ], [ 76.502, 28.057 ], [ 76.496, 28.068 ], [ 76.481, 28.07 ], [ 76.472, 28.059 ], [ 76.478, 28.048 ], [ 76.469, 28.038 ], [ 76.455, 28.039 ], [ 76.446, 28.029 ], [ 76.452, 28.017 ], [ 76.443, 28.007 ], [ 76.428, 28.008 ], [ 76.419, 27.998 ], [ 76.425, 27.987 ], [ 76.416, 27.976 ], [ 76.422, 27.965 ], [ 76.413, 27.955 ], [ 76.419, 27.943 ], [ 76.41, 27.933 ], [ 76.416, 27.922 ], [ 76.408, 27.911 ], [ 76.414, 27.9 ], [ 76.405, 27.89 ], [ 76.39, 27.891 ], [ 76.384, 27.902 ], [ 76.369, 27.903 ], [ 76.363, 27.915 ], [ 76.372, 27.925 ] ] ], [ [ [ 77.019, 27.166 ], [ 77.028, 27.176 ], [ 77.043, 27.175 ], [ 77.049, 27.164 ], [ 77.063, 27.162 ], [ 77.072, 27.173 ], [ 77.087, 27.171 ], [ 77.096, 27.181 ], [ 77.09, 27.193 ], [ 77.075, 27.194 ], [ 77.069, 27.205 ], [ 77.055, 27.207 ], [ 77.049, 27.218 ], [ 77.058, 27.228 ], [ 77.072, 27.227 ], [ 77.081, 27.237 ], [ 77.096, 27.236 ], [ 77.105, 27.246 ], [ 77.119, 27.245 ], [ 77.128, 27.255 ], [ 77.123, 27.266 ], [ 77.131, 27.276 ], [ 77.126, 27.287 ], [ 77.134, 27.298 ], [ 77.129, 27.309 ], [ 77.138, 27.319 ], [ 77.152, 27.318 ], [ 77.161, 27.328 ], [ 77.176, 27.327 ], [ 77.185, 27.337 ], [ 77.199, 27.336 ], [ 77.208, 27.346 ], [ 77.202, 27.357 ], [ 77.188, 27.358 ], [ 77.179, 27.348 ], [ 77.164, 27.349 ], [ 77.158, 27.361 ], [ 77.144, 27.362 ], [ 77.135, 27.352 ], [ 77.12, 27.353 ], [ 77.114, 27.364 ], [ 77.1, 27.366 ], [ 77.094, 27.377 ], [ 77.079, 27.378 ], [ 77.073, 27.389 ], [ 77.059, 27.391 ], [ 77.05, 27.38 ], [ 77.035, 27.382 ], [ 77.029, 27.393 ], [ 77.015, 27.394 ], [ 77.009, 27.406 ], [ 77.018, 27.416 ], [ 77.012, 27.427 ], [ 76.997, 27.428 ], [ 76.988, 27.418 ], [ 76.974, 27.419 ], [ 76.968, 27.431 ], [ 76.953, 27.432 ], [ 76.947, 27.443 ], [ 76.933, 27.444 ], [ 76.927, 27.456 ], [ 76.912, 27.457 ], [ 76.903, 27.447 ], [ 76.909, 27.435 ], [ 76.924, 27.434 ], [ 76.93, 27.423 ], [ 76.944, 27.422 ], [ 76.95, 27.41 ], [ 76.941, 27.4 ], [ 76.947, 27.389 ], [ 76.962, 27.388 ], [ 76.968, 27.376 ], [ 76.959, 27.366 ], [ 76.965, 27.355 ], [ 76.956, 27.345 ], [ 76.962, 27.333 ], [ 76.953, 27.323 ], [ 76.959, 27.312 ], [ 76.95, 27.302 ], [ 76.956, 27.291 ], [ 76.947, 27.28 ], [ 76.932, 27.282 ], [ 76.923, 27.271 ], [ 76.909, 27.273 ], [ 76.9, 27.263 ], [ 76.906, 27.251 ], [ 76.897, 27.241 ], [ 76.903, 27.23 ], [ 76.894, 27.22 ], [ 76.9, 27.208 ], [ 76.891, 27.198 ], [ 76.897, 27.187 ], [ 76.888, 27.177 ], [ 76.894, 27.166 ], [ 76.885, 27.155 ], [ 76.87, 27.157 ], [ 76.861, 27.146 ], [ 76.867, 27.135 ], [ 76.858, 27.125 ], [ 76.864, 27.114 ], [ 76.855, 27.104 ], [ 76.861, 27.092 ], [ 76.852, 27.082 ], [ 76.858, 27.071 ], [ 76.849, 27.061 ], [ 76.855, 27.05 ], [ 76.846, 27.039 ], [ 76.852, 27.028 ], [ 76.843, 27.018 ], [ 76.849, 27.007 ], [ 76.84, 26.997 ], [ 76.846, 26.985 ], [ 76.861, 26.984 ], [ 76.87, 26.994 ], [ 76.864, 27.006 ], [ 76.873, 27.016 ], [ 76.867, 27.027 ], [ 76.876, 27.037 ], [ 76.89, 27.036 ], [ 76.899, 27.046 ], [ 76.914, 27.045 ], [ 76.919, 27.034 ], [ 76.911, 27.023 ], [ 76.916, 27.012 ], [ 76.908, 27.002 ], [ 76.893, 27.003 ], [ 76.884, 26.993 ], [ 76.89, 26.982 ], [ 76.881, 26.972 ], [ 76.867, 26.973 ], [ 76.858, 26.963 ], [ 76.864, 26.952 ], [ 76.855, 26.941 ], [ 76.861, 26.93 ], [ 76.852, 26.92 ], [ 76.837, 26.921 ], [ 76.828, 26.911 ], [ 76.834, 26.9 ], [ 76.825, 26.89 ], [ 76.831, 26.879 ], [ 76.846, 26.877 ], [ 76.855, 26.887 ], [ 76.869, 26.886 ], [ 76.878, 26.896 ], [ 76.893, 26.895 ], [ 76.901, 26.905 ], [ 76.896, 26.917 ], [ 76.904, 26.927 ], [ 76.899, 26.938 ], [ 76.907, 26.948 ], [ 76.922, 26.947 ], [ 76.931, 26.957 ], [ 76.945, 26.956 ], [ 76.954, 26.966 ], [ 76.948, 26.977 ], [ 76.957, 26.987 ], [ 76.972, 26.986 ], [ 76.981, 26.996 ], [ 76.975, 27.007 ], [ 76.984, 27.017 ], [ 76.978, 27.029 ], [ 76.987, 27.039 ], [ 77.001, 27.038 ], [ 77.01, 27.048 ], [ 77.004, 27.059 ], [ 76.99, 27.06 ], [ 76.984, 27.072 ], [ 76.969, 27.073 ], [ 76.963, 27.084 ], [ 76.972, 27.094 ], [ 76.987, 27.093 ], [ 76.996, 27.103 ], [ 76.99, 27.114 ], [ 76.975, 27.116 ], [ 76.969, 27.127 ], [ 76.955, 27.128 ], [ 76.949, 27.139 ], [ 76.958, 27.149 ], [ 76.952, 27.161 ], [ 76.961, 27.171 ], [ 76.976, 27.17 ], [ 76.984, 27.18 ], [ 76.999, 27.179 ], [ 77.005, 27.167 ], [ 77.019, 27.166 ] ] ], [ [ [ 77.839, 26.729 ], [ 77.848, 26.739 ], [ 77.862, 26.738 ], [ 77.868, 26.727 ], [ 77.883, 26.725 ], [ 77.891, 26.735 ], [ 77.906, 26.734 ], [ 77.911, 26.723 ], [ 77.926, 26.722 ], [ 77.935, 26.732 ], [ 77.949, 26.73 ], [ 77.958, 26.74 ], [ 77.973, 26.739 ], [ 77.978, 26.728 ], [ 77.993, 26.726 ], [ 78.002, 26.736 ], [ 78.016, 26.735 ], [ 78.025, 26.745 ], [ 78.02, 26.756 ], [ 78.028, 26.766 ], [ 78.043, 26.765 ], [ 78.052, 26.775 ], [ 78.046, 26.786 ], [ 78.055, 26.796 ], [ 78.07, 26.795 ], [ 78.079, 26.805 ], [ 78.093, 26.804 ], [ 78.102, 26.814 ], [ 78.096, 26.825 ], [ 78.105, 26.835 ], [ 78.12, 26.834 ], [ 78.129, 26.844 ], [ 78.143, 26.842 ], [ 78.152, 26.852 ], [ 78.167, 26.851 ], [ 78.176, 26.861 ], [ 78.19, 26.86 ], [ 78.199, 26.87 ], [ 78.214, 26.868 ], [ 78.223, 26.878 ], [ 78.237, 26.877 ], [ 78.246, 26.887 ], [ 78.26, 26.886 ], [ 78.269, 26.896 ], [ 78.264, 26.907 ], [ 78.273, 26.917 ], [ 78.267, 26.928 ], [ 78.253, 26.93 ], [ 78.247, 26.941 ], [ 78.233, 26.942 ], [ 78.224, 26.932 ], [ 78.209, 26.934 ], [ 78.204, 26.945 ], [ 78.189, 26.946 ], [ 78.18, 26.936 ], [ 78.166, 26.938 ], [ 78.16, 26.949 ], [ 78.146, 26.95 ], [ 78.137, 26.94 ], [ 78.122, 26.941 ], [ 78.113, 26.931 ], [ 78.119, 26.92 ], [ 78.11, 26.91 ], [ 78.115, 26.899 ], [ 78.107, 26.889 ], [ 78.092, 26.89 ], [ 78.086, 26.901 ], [ 78.072, 26.903 ], [ 78.066, 26.914 ], [ 78.052, 26.915 ], [ 78.043, 26.905 ], [ 78.048, 26.894 ], [ 78.04, 26.884 ], [ 78.045, 26.873 ], [ 78.036, 26.863 ], [ 78.022, 26.864 ], [ 78.016, 26.875 ], [ 78.025, 26.885 ], [ 78.019, 26.897 ], [ 78.005, 26.898 ], [ 77.996, 26.888 ], [ 77.982, 26.889 ], [ 77.976, 26.901 ], [ 77.961, 26.902 ], [ 77.952, 26.892 ], [ 77.938, 26.893 ], [ 77.932, 26.904 ], [ 77.918, 26.906 ], [ 77.909, 26.896 ], [ 77.894, 26.897 ], [ 77.885, 26.887 ], [ 77.871, 26.888 ], [ 77.865, 26.9 ], [ 77.851, 26.901 ], [ 77.845, 26.912 ], [ 77.831, 26.913 ], [ 77.825, 26.925 ], [ 77.811, 26.926 ], [ 77.802, 26.916 ], [ 77.787, 26.917 ], [ 77.781, 26.928 ], [ 77.767, 26.93 ], [ 77.758, 26.92 ], [ 77.744, 26.921 ], [ 77.735, 26.911 ], [ 77.72, 26.912 ], [ 77.711, 26.902 ], [ 77.717, 26.891 ], [ 77.708, 26.881 ], [ 77.693, 26.882 ], [ 77.685, 26.872 ], [ 77.67, 26.873 ], [ 77.661, 26.863 ], [ 77.667, 26.852 ], [ 77.658, 26.842 ], [ 77.643, 26.843 ], [ 77.634, 26.833 ], [ 77.62, 26.835 ], [ 77.611, 26.824 ], [ 77.597, 26.826 ], [ 77.588, 26.816 ], [ 77.573, 26.817 ], [ 77.568, 26.828 ], [ 77.553, 26.829 ], [ 77.544, 26.819 ], [ 77.53, 26.821 ], [ 77.524, 26.832 ], [ 77.509, 26.833 ], [ 77.501, 26.823 ], [ 77.506, 26.812 ], [ 77.497, 26.802 ], [ 77.503, 26.791 ], [ 77.494, 26.781 ], [ 77.5, 26.769 ], [ 77.491, 26.759 ], [ 77.497, 26.748 ], [ 77.511, 26.747 ], [ 77.52, 26.757 ], [ 77.535, 26.756 ], [ 77.543, 26.766 ], [ 77.558, 26.764 ], [ 77.564, 26.753 ], [ 77.578, 26.752 ], [ 77.587, 26.762 ], [ 77.601, 26.761 ], [ 77.607, 26.749 ], [ 77.622, 26.748 ], [ 77.627, 26.737 ], [ 77.618, 26.727 ], [ 77.624, 26.716 ], [ 77.615, 26.706 ], [ 77.621, 26.694 ], [ 77.612, 26.684 ], [ 77.618, 26.673 ], [ 77.609, 26.663 ], [ 77.614, 26.652 ], [ 77.606, 26.642 ], [ 77.611, 26.631 ], [ 77.626, 26.629 ], [ 77.631, 26.618 ], [ 77.646, 26.617 ], [ 77.655, 26.627 ], [ 77.669, 26.626 ], [ 77.678, 26.636 ], [ 77.692, 26.634 ], [ 77.701, 26.644 ], [ 77.696, 26.656 ], [ 77.705, 26.666 ], [ 77.719, 26.664 ], [ 77.728, 26.674 ], [ 77.742, 26.673 ], [ 77.751, 26.683 ], [ 77.766, 26.682 ], [ 77.775, 26.692 ], [ 77.789, 26.69 ], [ 77.798, 26.7 ], [ 77.792, 26.712 ], [ 77.801, 26.722 ], [ 77.816, 26.72 ], [ 77.825, 26.73 ], [ 77.839, 26.729 ] ] ], [ [ [ 75.289, 24.925 ], [ 75.298, 24.935 ], [ 75.292, 24.946 ], [ 75.277, 24.947 ], [ 75.269, 24.937 ], [ 75.275, 24.926 ], [ 75.289, 24.925 ] ] ], [ [ [ 77.042, 27.479 ], [ 77.051, 27.489 ], [ 77.045, 27.5 ], [ 77.03, 27.502 ], [ 77.024, 27.513 ], [ 77.033, 27.523 ], [ 77.048, 27.522 ], [ 77.057, 27.532 ], [ 77.051, 27.543 ], [ 77.036, 27.545 ], [ 77.03, 27.556 ], [ 77.016, 27.557 ], [ 77.007, 27.547 ], [ 77.013, 27.536 ], [ 77.004, 27.526 ], [ 76.989, 27.527 ], [ 76.983, 27.538 ], [ 76.968, 27.539 ], [ 76.963, 27.551 ], [ 76.948, 27.552 ], [ 76.942, 27.563 ], [ 76.951, 27.573 ], [ 76.945, 27.585 ], [ 76.954, 27.595 ], [ 76.948, 27.606 ], [ 76.957, 27.617 ], [ 76.972, 27.615 ], [ 76.981, 27.625 ], [ 76.975, 27.637 ], [ 76.984, 27.647 ], [ 76.978, 27.658 ], [ 76.963, 27.66 ], [ 76.957, 27.671 ], [ 76.943, 27.672 ], [ 76.934, 27.662 ], [ 76.919, 27.663 ], [ 76.913, 27.675 ], [ 76.898, 27.676 ], [ 76.889, 27.666 ], [ 76.895, 27.654 ], [ 76.886, 27.644 ], [ 76.892, 27.633 ], [ 76.883, 27.623 ], [ 76.889, 27.611 ], [ 76.88, 27.601 ], [ 76.866, 27.602 ], [ 76.857, 27.592 ], [ 76.863, 27.581 ], [ 76.854, 27.57 ], [ 76.86, 27.559 ], [ 76.851, 27.549 ], [ 76.857, 27.538 ], [ 76.871, 27.536 ], [ 76.877, 27.525 ], [ 76.868, 27.515 ], [ 76.874, 27.504 ], [ 76.865, 27.493 ], [ 76.871, 27.482 ], [ 76.886, 27.481 ], [ 76.892, 27.47 ], [ 76.906, 27.468 ], [ 76.915, 27.478 ], [ 76.909, 27.49 ], [ 76.895, 27.491 ], [ 76.889, 27.502 ], [ 76.898, 27.513 ], [ 76.892, 27.524 ], [ 76.901, 27.534 ], [ 76.915, 27.533 ], [ 76.921, 27.521 ], [ 76.936, 27.52 ], [ 76.942, 27.509 ], [ 76.933, 27.499 ], [ 76.939, 27.487 ], [ 76.954, 27.486 ], [ 76.959, 27.475 ], [ 76.974, 27.474 ], [ 76.98, 27.462 ], [ 76.995, 27.461 ], [ 77.0, 27.45 ], [ 77.015, 27.449 ], [ 77.024, 27.459 ], [ 77.039, 27.457 ], [ 77.044, 27.446 ], [ 77.059, 27.445 ], [ 77.068, 27.455 ], [ 77.062, 27.466 ], [ 77.048, 27.468 ], [ 77.042, 27.479 ] ] ], [ [ [ 76.774, 25.992 ], [ 76.769, 26.003 ], [ 76.777, 26.013 ], [ 76.792, 26.012 ], [ 76.8, 26.022 ], [ 76.795, 26.033 ], [ 76.803, 26.043 ], [ 76.818, 26.042 ], [ 76.826, 26.052 ], [ 76.82, 26.063 ], [ 76.806, 26.064 ], [ 76.8, 26.075 ], [ 76.786, 26.077 ], [ 76.777, 26.067 ], [ 76.763, 26.068 ], [ 76.757, 26.079 ], [ 76.743, 26.08 ], [ 76.737, 26.091 ], [ 76.723, 26.092 ], [ 76.714, 26.082 ], [ 76.72, 26.071 ], [ 76.711, 26.061 ], [ 76.717, 26.05 ], [ 76.708, 26.04 ], [ 76.694, 26.041 ], [ 76.685, 26.031 ], [ 76.691, 26.02 ], [ 76.682, 26.01 ], [ 76.688, 25.999 ], [ 76.679, 25.989 ], [ 76.685, 25.978 ], [ 76.699, 25.977 ], [ 76.705, 25.966 ], [ 76.72, 25.964 ], [ 76.728, 25.974 ], [ 76.743, 25.973 ], [ 76.751, 25.983 ], [ 76.766, 25.982 ], [ 76.774, 25.992 ] ] ], [ [ [ 76.188, 27.95 ], [ 76.197, 27.96 ], [ 76.191, 27.972 ], [ 76.2, 27.982 ], [ 76.194, 27.994 ], [ 76.202, 28.004 ], [ 76.196, 28.015 ], [ 76.182, 28.016 ], [ 76.173, 28.006 ], [ 76.158, 28.007 ], [ 76.149, 27.997 ], [ 76.155, 27.986 ], [ 76.17, 27.984 ], [ 76.176, 27.973 ], [ 76.167, 27.963 ], [ 76.173, 27.951 ], [ 76.188, 27.95 ] ] ], [ [ [ 76.285, 28.173 ], [ 76.291, 28.161 ], [ 76.306, 28.16 ], [ 76.312, 28.149 ], [ 76.326, 28.147 ], [ 76.332, 28.136 ], [ 76.347, 28.135 ], [ 76.356, 28.145 ], [ 76.35, 28.157 ], [ 76.359, 28.167 ], [ 76.353, 28.178 ], [ 76.338, 28.179 ], [ 76.329, 28.169 ], [ 76.314, 28.17 ], [ 76.308, 28.182 ], [ 76.294, 28.183 ], [ 76.285, 28.173 ] ] ], [ [ [ 76.168, 27.908 ], [ 76.182, 27.907 ], [ 76.191, 27.917 ], [ 76.185, 27.929 ], [ 76.17, 27.93 ], [ 76.162, 27.919 ], [ 76.168, 27.908 ] ] ], [ [ [ 77.207, 26.471 ], [ 77.212, 26.46 ], [ 77.227, 26.459 ], [ 77.236, 26.469 ], [ 77.25, 26.467 ], [ 77.259, 26.477 ], [ 77.253, 26.489 ], [ 77.239, 26.49 ], [ 77.23, 26.48 ], [ 77.215, 26.481 ], [ 77.207, 26.471 ] ] ] ] } },
{ "type": "Feature", "properties": { "POLYGON.ID": 46.0, "subregion": "India--Rajasthan--North-western Desert_CL28927", "FILTER": "Rajasthan", "POLYGON": "India--Rajasthan--North-western Desert_CL28927", "STATE": "Rajasthan", "COUNTY": "spl_region", "OWNER": null }, "geometry": { "type": "MultiPolygon", "coordinates": [ [ [ [ 75.321, 28.419 ], [ 75.327, 28.408 ], [ 75.318, 28.398 ], [ 75.324, 28.386 ], [ 75.316, 28.376 ], [ 75.322, 28.364 ], [ 75.337, 28.363 ], [ 75.343, 28.352 ], [ 75.358, 28.351 ], [ 75.364, 28.339 ], [ 75.379, 28.338 ], [ 75.388, 28.349 ], [ 75.403, 28.348 ], [ 75.412, 28.358 ], [ 75.427, 28.357 ], [ 75.435, 28.367 ], [ 75.45, 28.366 ], [ 75.457, 28.355 ], [ 75.448, 28.344 ], [ 75.454, 28.333 ], [ 75.469, 28.332 ], [ 75.478, 28.342 ], [ 75.493, 28.341 ], [ 75.501, 28.352 ], [ 75.516, 28.351 ], [ 75.525, 28.361 ], [ 75.519, 28.372 ], [ 75.528, 28.383 ], [ 75.543, 28.382 ], [ 75.552, 28.392 ], [ 75.567, 28.391 ], [ 75.575, 28.401 ], [ 75.59, 28.4 ], [ 75.599, 28.41 ], [ 75.593, 28.422 ], [ 75.602, 28.432 ], [ 75.596, 28.444 ], [ 75.604, 28.454 ], [ 75.598, 28.466 ], [ 75.607, 28.476 ], [ 75.601, 28.487 ], [ 75.61, 28.498 ], [ 75.604, 28.509 ], [ 75.612, 28.519 ], [ 75.627, 28.518 ], [ 75.633, 28.507 ], [ 75.648, 28.506 ], [ 75.657, 28.516 ], [ 75.672, 28.515 ], [ 75.681, 28.525 ], [ 75.675, 28.537 ], [ 75.66, 28.538 ], [ 75.654, 28.549 ], [ 75.639, 28.551 ], [ 75.633, 28.562 ], [ 75.618, 28.563 ], [ 75.611, 28.575 ], [ 75.62, 28.585 ], [ 75.614, 28.596 ], [ 75.599, 28.597 ], [ 75.593, 28.609 ], [ 75.578, 28.61 ], [ 75.572, 28.621 ], [ 75.557, 28.623 ], [ 75.551, 28.634 ], [ 75.559, 28.644 ], [ 75.553, 28.656 ], [ 75.538, 28.657 ], [ 75.532, 28.668 ], [ 75.541, 28.679 ], [ 75.535, 28.69 ], [ 75.543, 28.701 ], [ 75.537, 28.712 ], [ 75.546, 28.722 ], [ 75.54, 28.734 ], [ 75.525, 28.735 ], [ 75.519, 28.747 ], [ 75.527, 28.757 ], [ 75.521, 28.768 ], [ 75.506, 28.769 ], [ 75.5, 28.781 ], [ 75.509, 28.791 ], [ 75.503, 28.803 ], [ 75.511, 28.813 ], [ 75.505, 28.825 ], [ 75.514, 28.835 ], [ 75.508, 28.847 ], [ 75.493, 28.848 ], [ 75.487, 28.859 ], [ 75.495, 28.87 ], [ 75.489, 28.881 ], [ 75.498, 28.891 ], [ 75.492, 28.903 ], [ 75.477, 28.904 ], [ 75.471, 28.916 ], [ 75.479, 28.926 ], [ 75.473, 28.937 ], [ 75.458, 28.939 ], [ 75.452, 28.95 ], [ 75.461, 28.96 ], [ 75.454, 28.972 ], [ 75.439, 28.973 ], [ 75.433, 28.984 ], [ 75.418, 28.986 ], [ 75.409, 28.975 ], [ 75.415, 28.964 ], [ 75.407, 28.953 ], [ 75.391, 28.954 ], [ 75.383, 28.944 ], [ 75.389, 28.932 ], [ 75.38, 28.922 ], [ 75.365, 28.923 ], [ 75.356, 28.913 ], [ 75.341, 28.914 ], [ 75.335, 28.925 ], [ 75.344, 28.936 ], [ 75.337, 28.947 ], [ 75.346, 28.958 ], [ 75.34, 28.969 ], [ 75.325, 28.97 ], [ 75.319, 28.982 ], [ 75.303, 28.983 ], [ 75.295, 28.972 ], [ 75.301, 28.961 ], [ 75.292, 28.95 ], [ 75.298, 28.939 ], [ 75.289, 28.928 ], [ 75.274, 28.929 ], [ 75.266, 28.919 ], [ 75.25, 28.92 ], [ 75.242, 28.91 ], [ 75.248, 28.898 ], [ 75.239, 28.888 ], [ 75.245, 28.876 ], [ 75.237, 28.866 ], [ 75.221, 28.867 ], [ 75.213, 28.856 ], [ 75.198, 28.857 ], [ 75.191, 28.869 ], [ 75.176, 28.87 ], [ 75.167, 28.86 ], [ 75.152, 28.861 ], [ 75.146, 28.872 ], [ 75.131, 28.873 ], [ 75.125, 28.885 ], [ 75.11, 28.886 ], [ 75.101, 28.875 ], [ 75.086, 28.876 ], [ 75.077, 28.866 ], [ 75.062, 28.867 ], [ 75.053, 28.856 ], [ 75.038, 28.857 ], [ 75.032, 28.869 ], [ 75.04, 28.879 ], [ 75.034, 28.891 ], [ 75.043, 28.901 ], [ 75.037, 28.913 ], [ 75.045, 28.923 ], [ 75.039, 28.935 ], [ 75.024, 28.936 ], [ 75.015, 28.925 ], [ 75.0, 28.926 ], [ 74.991, 28.916 ], [ 74.976, 28.917 ], [ 74.967, 28.906 ], [ 74.952, 28.907 ], [ 74.944, 28.897 ], [ 74.928, 28.898 ], [ 74.922, 28.91 ], [ 74.907, 28.911 ], [ 74.901, 28.922 ], [ 74.909, 28.932 ], [ 74.903, 28.944 ], [ 74.888, 28.945 ], [ 74.879, 28.935 ], [ 74.864, 28.936 ], [ 74.858, 28.947 ], [ 74.843, 28.948 ], [ 74.834, 28.938 ], [ 74.819, 28.939 ], [ 74.81, 28.928 ], [ 74.795, 28.929 ], [ 74.786, 28.919 ], [ 74.792, 28.907 ], [ 74.784, 28.897 ], [ 74.769, 28.898 ], [ 74.76, 28.887 ], [ 74.766, 28.876 ], [ 74.781, 28.875 ], [ 74.788, 28.863 ], [ 74.803, 28.862 ], [ 74.809, 28.851 ], [ 74.8, 28.84 ], [ 74.785, 28.841 ], [ 74.777, 28.831 ], [ 74.761, 28.832 ], [ 74.755, 28.843 ], [ 74.74, 28.844 ], [ 74.734, 28.856 ], [ 74.719, 28.857 ], [ 74.71, 28.846 ], [ 74.695, 28.847 ], [ 74.686, 28.837 ], [ 74.671, 28.838 ], [ 74.662, 28.827 ], [ 74.647, 28.828 ], [ 74.638, 28.818 ], [ 74.623, 28.819 ], [ 74.615, 28.809 ], [ 74.599, 28.81 ], [ 74.593, 28.821 ], [ 74.578, 28.822 ], [ 74.572, 28.833 ], [ 74.556, 28.834 ], [ 74.548, 28.824 ], [ 74.533, 28.825 ], [ 74.524, 28.814 ], [ 74.509, 28.815 ], [ 74.502, 28.827 ], [ 74.487, 28.828 ], [ 74.479, 28.817 ], [ 74.464, 28.818 ], [ 74.457, 28.83 ], [ 74.442, 28.831 ], [ 74.436, 28.842 ], [ 74.444, 28.853 ], [ 74.438, 28.864 ], [ 74.423, 28.865 ], [ 74.416, 28.876 ], [ 74.401, 28.877 ], [ 74.393, 28.867 ], [ 74.377, 28.868 ], [ 74.369, 28.857 ], [ 74.354, 28.858 ], [ 74.345, 28.848 ], [ 74.33, 28.849 ], [ 74.321, 28.838 ], [ 74.328, 28.827 ], [ 74.319, 28.816 ], [ 74.304, 28.817 ], [ 74.295, 28.807 ], [ 74.28, 28.808 ], [ 74.271, 28.797 ], [ 74.256, 28.798 ], [ 74.25, 28.81 ], [ 74.235, 28.811 ], [ 74.226, 28.8 ], [ 74.211, 28.801 ], [ 74.205, 28.813 ], [ 74.189, 28.814 ], [ 74.181, 28.803 ], [ 74.187, 28.792 ], [ 74.179, 28.781 ], [ 74.164, 28.782 ], [ 74.157, 28.793 ], [ 74.142, 28.794 ], [ 74.133, 28.784 ], [ 74.118, 28.785 ], [ 74.112, 28.796 ], [ 74.097, 28.797 ], [ 74.088, 28.787 ], [ 74.073, 28.788 ], [ 74.066, 28.799 ], [ 74.075, 28.81 ], [ 74.09, 28.809 ], [ 74.099, 28.819 ], [ 74.092, 28.831 ], [ 74.101, 28.841 ], [ 74.116, 28.84 ], [ 74.125, 28.851 ], [ 74.118, 28.862 ], [ 74.127, 28.873 ], [ 74.12, 28.884 ], [ 74.129, 28.894 ], [ 74.123, 28.906 ], [ 74.108, 28.907 ], [ 74.101, 28.918 ], [ 74.11, 28.929 ], [ 74.103, 28.94 ], [ 74.088, 28.941 ], [ 74.079, 28.931 ], [ 74.064, 28.932 ], [ 74.058, 28.943 ], [ 74.066, 28.954 ], [ 74.06, 28.965 ], [ 74.069, 28.976 ], [ 74.062, 28.987 ], [ 74.047, 28.988 ], [ 74.04, 28.999 ], [ 74.025, 29.0 ], [ 74.017, 28.99 ], [ 74.023, 28.978 ], [ 74.015, 28.968 ], [ 74.021, 28.956 ], [ 74.012, 28.946 ], [ 74.019, 28.934 ], [ 74.01, 28.924 ], [ 73.995, 28.925 ], [ 73.986, 28.914 ], [ 73.971, 28.915 ], [ 73.965, 28.927 ], [ 73.973, 28.937 ], [ 73.967, 28.949 ], [ 73.976, 28.959 ], [ 73.969, 28.971 ], [ 73.954, 28.971 ], [ 73.945, 28.961 ], [ 73.93, 28.962 ], [ 73.922, 28.951 ], [ 73.906, 28.952 ], [ 73.898, 28.942 ], [ 73.883, 28.943 ], [ 73.874, 28.932 ], [ 73.859, 28.933 ], [ 73.852, 28.944 ], [ 73.861, 28.955 ], [ 73.854, 28.966 ], [ 73.839, 28.967 ], [ 73.833, 28.979 ], [ 73.818, 28.98 ], [ 73.811, 28.991 ], [ 73.796, 28.992 ], [ 73.789, 29.003 ], [ 73.798, 29.014 ], [ 73.791, 29.025 ], [ 73.8, 29.036 ], [ 73.793, 29.047 ], [ 73.778, 29.048 ], [ 73.77, 29.038 ], [ 73.755, 29.039 ], [ 73.746, 29.028 ], [ 73.752, 29.017 ], [ 73.744, 29.006 ], [ 73.729, 29.007 ], [ 73.722, 29.018 ], [ 73.707, 29.019 ], [ 73.7, 29.031 ], [ 73.685, 29.032 ], [ 73.677, 29.021 ], [ 73.661, 29.022 ], [ 73.653, 29.011 ], [ 73.638, 29.012 ], [ 73.631, 29.024 ], [ 73.616, 29.025 ], [ 73.607, 29.014 ], [ 73.592, 29.015 ], [ 73.584, 29.004 ], [ 73.568, 29.005 ], [ 73.56, 28.995 ], [ 73.545, 28.996 ], [ 73.538, 29.007 ], [ 73.523, 29.008 ], [ 73.514, 28.997 ], [ 73.499, 28.998 ], [ 73.493, 29.01 ], [ 73.477, 29.01 ], [ 73.469, 29.0 ], [ 73.454, 29.001 ], [ 73.447, 29.012 ], [ 73.432, 29.013 ], [ 73.423, 29.002 ], [ 73.408, 29.003 ], [ 73.402, 29.015 ], [ 73.386, 29.016 ], [ 73.378, 29.005 ], [ 73.363, 29.006 ], [ 73.356, 29.017 ], [ 73.341, 29.018 ], [ 73.332, 29.008 ], [ 73.339, 28.996 ], [ 73.33, 28.986 ], [ 73.315, 28.986 ], [ 73.307, 28.976 ], [ 73.292, 28.977 ], [ 73.283, 28.966 ], [ 73.29, 28.955 ], [ 73.281, 28.944 ], [ 73.266, 28.945 ], [ 73.257, 28.934 ], [ 73.242, 28.935 ], [ 73.234, 28.925 ], [ 73.219, 28.925 ], [ 73.21, 28.915 ], [ 73.217, 28.903 ], [ 73.208, 28.893 ], [ 73.215, 28.882 ], [ 73.206, 28.871 ], [ 73.213, 28.86 ], [ 73.204, 28.849 ], [ 73.189, 28.85 ], [ 73.181, 28.839 ], [ 73.166, 28.84 ], [ 73.157, 28.83 ], [ 73.142, 28.83 ], [ 73.133, 28.82 ], [ 73.14, 28.808 ], [ 73.132, 28.798 ], [ 73.138, 28.786 ], [ 73.13, 28.776 ], [ 73.115, 28.777 ], [ 73.106, 28.766 ], [ 73.091, 28.767 ], [ 73.083, 28.756 ], [ 73.067, 28.757 ], [ 73.059, 28.747 ], [ 73.044, 28.747 ], [ 73.035, 28.737 ], [ 73.02, 28.738 ], [ 73.012, 28.727 ], [ 72.997, 28.728 ], [ 72.988, 28.717 ], [ 72.973, 28.718 ], [ 72.966, 28.73 ], [ 72.951, 28.73 ], [ 72.943, 28.72 ], [ 72.928, 28.721 ], [ 72.921, 28.732 ], [ 72.906, 28.733 ], [ 72.898, 28.722 ], [ 72.882, 28.723 ], [ 72.876, 28.734 ], [ 72.884, 28.745 ], [ 72.877, 28.756 ], [ 72.862, 28.757 ], [ 72.856, 28.768 ], [ 72.841, 28.769 ], [ 72.834, 28.781 ], [ 72.819, 28.781 ], [ 72.81, 28.771 ], [ 72.795, 28.772 ], [ 72.788, 28.783 ], [ 72.773, 28.784 ], [ 72.767, 28.795 ], [ 72.751, 28.796 ], [ 72.745, 28.807 ], [ 72.73, 28.808 ], [ 72.723, 28.819 ], [ 72.708, 28.82 ], [ 72.701, 28.831 ], [ 72.686, 28.832 ], [ 72.679, 28.844 ], [ 72.688, 28.854 ], [ 72.681, 28.866 ], [ 72.689, 28.876 ], [ 72.683, 28.888 ], [ 72.667, 28.888 ], [ 72.661, 28.9 ], [ 72.669, 28.91 ], [ 72.662, 28.922 ], [ 72.647, 28.922 ], [ 72.639, 28.912 ], [ 72.624, 28.913 ], [ 72.615, 28.902 ], [ 72.6, 28.903 ], [ 72.592, 28.892 ], [ 72.576, 28.893 ], [ 72.568, 28.882 ], [ 72.575, 28.871 ], [ 72.566, 28.86 ], [ 72.551, 28.861 ], [ 72.543, 28.85 ], [ 72.528, 28.851 ], [ 72.519, 28.841 ], [ 72.504, 28.841 ], [ 72.496, 28.831 ], [ 72.481, 28.832 ], [ 72.472, 28.821 ], [ 72.457, 28.822 ], [ 72.449, 28.811 ], [ 72.434, 28.812 ], [ 72.425, 28.801 ], [ 72.41, 28.802 ], [ 72.402, 28.791 ], [ 72.386, 28.792 ], [ 72.378, 28.781 ], [ 72.385, 28.77 ], [ 72.376, 28.759 ], [ 72.361, 28.76 ], [ 72.353, 28.75 ], [ 72.338, 28.75 ], [ 72.329, 28.74 ], [ 72.336, 28.728 ], [ 72.328, 28.718 ], [ 72.313, 28.719 ], [ 72.304, 28.708 ], [ 72.311, 28.697 ], [ 72.303, 28.686 ], [ 72.288, 28.687 ], [ 72.279, 28.676 ], [ 72.286, 28.665 ], [ 72.278, 28.654 ], [ 72.285, 28.643 ], [ 72.276, 28.632 ], [ 72.283, 28.621 ], [ 72.275, 28.61 ], [ 72.26, 28.611 ], [ 72.251, 28.6 ], [ 72.258, 28.589 ], [ 72.25, 28.579 ], [ 72.256, 28.567 ], [ 72.248, 28.557 ], [ 72.255, 28.545 ], [ 72.247, 28.535 ], [ 72.231, 28.535 ], [ 72.223, 28.525 ], [ 72.23, 28.514 ], [ 72.222, 28.503 ], [ 72.228, 28.492 ], [ 72.22, 28.481 ], [ 72.227, 28.47 ], [ 72.218, 28.459 ], [ 72.203, 28.46 ], [ 72.195, 28.449 ], [ 72.202, 28.438 ], [ 72.194, 28.427 ], [ 72.2, 28.416 ], [ 72.192, 28.406 ], [ 72.199, 28.394 ], [ 72.191, 28.384 ], [ 72.175, 28.384 ], [ 72.167, 28.374 ], [ 72.174, 28.363 ], [ 72.166, 28.352 ], [ 72.151, 28.353 ], [ 72.142, 28.342 ], [ 72.127, 28.343 ], [ 72.119, 28.332 ], [ 72.126, 28.321 ], [ 72.117, 28.31 ], [ 72.102, 28.311 ], [ 72.094, 28.301 ], [ 72.079, 28.301 ], [ 72.071, 28.291 ], [ 72.078, 28.279 ], [ 72.069, 28.269 ], [ 72.054, 28.27 ], [ 72.046, 28.259 ], [ 72.031, 28.26 ], [ 72.023, 28.249 ], [ 72.008, 28.25 ], [ 72.0, 28.239 ], [ 72.006, 28.228 ], [ 71.998, 28.217 ], [ 71.983, 28.218 ], [ 71.975, 28.208 ], [ 71.982, 28.196 ], [ 71.973, 28.186 ], [ 71.958, 28.186 ], [ 71.95, 28.176 ], [ 71.957, 28.165 ], [ 71.949, 28.154 ], [ 71.934, 28.155 ], [ 71.925, 28.144 ], [ 71.932, 28.133 ], [ 71.924, 28.122 ], [ 71.909, 28.123 ], [ 71.901, 28.112 ], [ 71.908, 28.101 ], [ 71.899, 28.091 ], [ 71.906, 28.079 ], [ 71.898, 28.069 ], [ 71.905, 28.058 ], [ 71.896, 28.047 ], [ 71.903, 28.036 ], [ 71.895, 28.025 ], [ 71.902, 28.014 ], [ 71.894, 28.004 ], [ 71.9, 27.992 ], [ 71.892, 27.982 ], [ 71.899, 27.971 ], [ 71.891, 27.96 ], [ 71.876, 27.961 ], [ 71.869, 27.972 ], [ 71.854, 27.973 ], [ 71.846, 27.962 ], [ 71.831, 27.963 ], [ 71.823, 27.952 ], [ 71.808, 27.953 ], [ 71.8, 27.942 ], [ 71.785, 27.943 ], [ 71.776, 27.932 ], [ 71.761, 27.933 ], [ 71.753, 27.922 ], [ 71.738, 27.923 ], [ 71.73, 27.913 ], [ 71.715, 27.913 ], [ 71.707, 27.903 ], [ 71.692, 27.903 ], [ 71.684, 27.893 ], [ 71.669, 27.893 ], [ 71.661, 27.883 ], [ 71.646, 27.884 ], [ 71.639, 27.895 ], [ 71.624, 27.895 ], [ 71.616, 27.885 ], [ 71.601, 27.885 ], [ 71.594, 27.897 ], [ 71.579, 27.897 ], [ 71.571, 27.887 ], [ 71.556, 27.887 ], [ 71.548, 27.877 ], [ 71.533, 27.877 ], [ 71.526, 27.889 ], [ 71.511, 27.889 ], [ 71.503, 27.879 ], [ 71.488, 27.879 ], [ 71.481, 27.891 ], [ 71.467, 27.891 ], [ 71.458, 27.881 ], [ 71.443, 27.881 ], [ 71.437, 27.892 ], [ 71.422, 27.893 ], [ 71.414, 27.883 ], [ 71.399, 27.883 ], [ 71.392, 27.894 ], [ 71.377, 27.895 ], [ 71.369, 27.884 ], [ 71.354, 27.885 ], [ 71.346, 27.874 ], [ 71.331, 27.875 ], [ 71.323, 27.864 ], [ 71.308, 27.865 ], [ 71.3, 27.855 ], [ 71.285, 27.855 ], [ 71.278, 27.866 ], [ 71.263, 27.867 ], [ 71.255, 27.856 ], [ 71.24, 27.857 ], [ 71.232, 27.846 ], [ 71.217, 27.847 ], [ 71.209, 27.836 ], [ 71.194, 27.837 ], [ 71.187, 27.848 ], [ 71.172, 27.849 ], [ 71.164, 27.838 ], [ 71.149, 27.839 ], [ 71.141, 27.828 ], [ 71.126, 27.829 ], [ 71.118, 27.818 ], [ 71.103, 27.819 ], [ 71.095, 27.808 ], [ 71.08, 27.809 ], [ 71.072, 27.798 ], [ 71.057, 27.799 ], [ 71.049, 27.788 ], [ 71.034, 27.789 ], [ 71.026, 27.778 ], [ 71.011, 27.779 ], [ 71.003, 27.768 ], [ 70.988, 27.769 ], [ 70.98, 27.758 ], [ 70.965, 27.759 ], [ 70.957, 27.748 ], [ 70.942, 27.749 ], [ 70.934, 27.738 ], [ 70.919, 27.739 ], [ 70.911, 27.728 ], [ 70.896, 27.729 ], [ 70.888, 27.718 ], [ 70.873, 27.719 ], [ 70.865, 27.708 ], [ 70.85, 27.709 ], [ 70.844, 27.72 ], [ 70.829, 27.721 ], [ 70.822, 27.732 ], [ 70.807, 27.732 ], [ 70.799, 27.722 ], [ 70.784, 27.722 ], [ 70.777, 27.733 ], [ 70.762, 27.734 ], [ 70.755, 27.745 ], [ 70.763, 27.756 ], [ 70.756, 27.767 ], [ 70.741, 27.767 ], [ 70.734, 27.778 ], [ 70.742, 27.789 ], [ 70.735, 27.8 ], [ 70.72, 27.801 ], [ 70.713, 27.812 ], [ 70.699, 27.812 ], [ 70.692, 27.824 ], [ 70.7, 27.834 ], [ 70.693, 27.845 ], [ 70.701, 27.856 ], [ 70.694, 27.867 ], [ 70.702, 27.878 ], [ 70.695, 27.889 ], [ 70.703, 27.899 ], [ 70.696, 27.911 ], [ 70.704, 27.921 ], [ 70.697, 27.932 ], [ 70.682, 27.933 ], [ 70.675, 27.944 ], [ 70.66, 27.945 ], [ 70.653, 27.956 ], [ 70.661, 27.966 ], [ 70.654, 27.977 ], [ 70.639, 27.978 ], [ 70.632, 27.989 ], [ 70.617, 27.99 ], [ 70.61, 28.001 ], [ 70.595, 28.001 ], [ 70.588, 28.013 ], [ 70.596, 28.023 ], [ 70.589, 28.034 ], [ 70.574, 28.035 ], [ 70.567, 28.046 ], [ 70.552, 28.047 ], [ 70.544, 28.036 ], [ 70.529, 28.036 ], [ 70.522, 28.048 ], [ 70.507, 28.048 ], [ 70.499, 28.037 ], [ 70.484, 28.038 ], [ 70.477, 28.049 ], [ 70.462, 28.05 ], [ 70.454, 28.039 ], [ 70.439, 28.04 ], [ 70.431, 28.029 ], [ 70.416, 28.029 ], [ 70.408, 28.019 ], [ 70.393, 28.019 ], [ 70.386, 28.03 ], [ 70.371, 28.031 ], [ 70.363, 28.02 ], [ 70.348, 28.021 ], [ 70.34, 28.01 ], [ 70.347, 27.999 ], [ 70.339, 27.988 ], [ 70.324, 27.989 ], [ 70.316, 27.978 ], [ 70.324, 27.967 ], [ 70.316, 27.957 ], [ 70.301, 27.957 ], [ 70.293, 27.946 ], [ 70.278, 27.947 ], [ 70.27, 27.936 ], [ 70.255, 27.937 ], [ 70.247, 27.926 ], [ 70.232, 27.927 ], [ 70.224, 27.916 ], [ 70.209, 27.916 ], [ 70.201, 27.906 ], [ 70.208, 27.895 ], [ 70.2, 27.884 ], [ 70.185, 27.885 ], [ 70.177, 27.874 ], [ 70.184, 27.863 ], [ 70.176, 27.852 ], [ 70.162, 27.853 ], [ 70.154, 27.842 ], [ 70.139, 27.843 ], [ 70.131, 27.832 ], [ 70.138, 27.821 ], [ 70.13, 27.81 ], [ 70.115, 27.811 ], [ 70.107, 27.8 ], [ 70.114, 27.789 ], [ 70.106, 27.778 ], [ 70.113, 27.767 ], [ 70.105, 27.757 ], [ 70.09, 27.757 ], [ 70.083, 27.746 ], [ 70.09, 27.735 ], [ 70.082, 27.725 ], [ 70.089, 27.714 ], [ 70.081, 27.703 ], [ 70.066, 27.704 ], [ 70.058, 27.693 ], [ 70.065, 27.682 ], [ 70.057, 27.671 ], [ 70.064, 27.66 ], [ 70.056, 27.649 ], [ 70.042, 27.65 ], [ 70.034, 27.639 ], [ 70.041, 27.628 ], [ 70.033, 27.618 ], [ 70.04, 27.607 ], [ 70.032, 27.596 ], [ 70.017, 27.596 ], [ 70.009, 27.586 ], [ 70.016, 27.575 ], [ 70.009, 27.564 ], [ 69.994, 27.565 ], [ 69.986, 27.554 ], [ 69.971, 27.555 ], [ 69.963, 27.544 ], [ 69.97, 27.533 ], [ 69.962, 27.522 ], [ 69.947, 27.523 ], [ 69.94, 27.512 ], [ 69.925, 27.513 ], [ 69.917, 27.502 ], [ 69.924, 27.491 ], [ 69.916, 27.48 ], [ 69.901, 27.481 ], [ 69.893, 27.47 ], [ 69.9, 27.459 ], [ 69.893, 27.449 ], [ 69.878, 27.449 ], [ 69.87, 27.438 ], [ 69.877, 27.427 ], [ 69.869, 27.417 ], [ 69.854, 27.417 ], [ 69.847, 27.407 ], [ 69.832, 27.407 ], [ 69.824, 27.396 ], [ 69.831, 27.385 ], [ 69.823, 27.375 ], [ 69.808, 27.375 ], [ 69.801, 27.365 ], [ 69.786, 27.365 ], [ 69.778, 27.355 ], [ 69.763, 27.355 ], [ 69.755, 27.344 ], [ 69.762, 27.333 ], [ 69.755, 27.323 ], [ 69.74, 27.323 ], [ 69.732, 27.313 ], [ 69.717, 27.313 ], [ 69.709, 27.303 ], [ 69.695, 27.303 ], [ 69.687, 27.292 ], [ 69.694, 27.281 ], [ 69.686, 27.271 ], [ 69.671, 27.271 ], [ 69.664, 27.261 ], [ 69.649, 27.261 ], [ 69.641, 27.251 ], [ 69.648, 27.239 ], [ 69.64, 27.229 ], [ 69.625, 27.229 ], [ 69.618, 27.219 ], [ 69.603, 27.219 ], [ 69.595, 27.209 ], [ 69.58, 27.209 ], [ 69.573, 27.198 ], [ 69.58, 27.187 ], [ 69.572, 27.177 ], [ 69.579, 27.166 ], [ 69.571, 27.155 ], [ 69.557, 27.156 ], [ 69.549, 27.145 ], [ 69.556, 27.134 ], [ 69.548, 27.124 ], [ 69.555, 27.113 ], [ 69.547, 27.102 ], [ 69.533, 27.102 ], [ 69.525, 27.092 ], [ 69.532, 27.081 ], [ 69.524, 27.07 ], [ 69.531, 27.059 ], [ 69.524, 27.049 ], [ 69.509, 27.049 ], [ 69.501, 27.039 ], [ 69.508, 27.028 ], [ 69.501, 27.017 ], [ 69.508, 27.006 ], [ 69.5, 26.996 ], [ 69.507, 26.985 ], [ 69.499, 26.974 ], [ 69.506, 26.963 ], [ 69.499, 26.953 ], [ 69.506, 26.942 ], [ 69.498, 26.931 ], [ 69.483, 26.931 ], [ 69.476, 26.921 ], [ 69.483, 26.91 ], [ 69.475, 26.899 ], [ 69.482, 26.888 ], [ 69.474, 26.878 ], [ 69.481, 26.867 ], [ 69.474, 26.856 ], [ 69.481, 26.845 ], [ 69.473, 26.835 ], [ 69.48, 26.824 ], [ 69.472, 26.813 ], [ 69.48, 26.803 ], [ 69.472, 26.792 ], [ 69.479, 26.781 ], [ 69.471, 26.771 ], [ 69.478, 26.76 ], [ 69.493, 26.759 ], [ 69.5, 26.748 ], [ 69.492, 26.738 ], [ 69.499, 26.727 ], [ 69.514, 26.726 ], [ 69.521, 26.715 ], [ 69.536, 26.715 ], [ 69.543, 26.704 ], [ 69.557, 26.704 ], [ 69.565, 26.714 ], [ 69.58, 26.714 ], [ 69.587, 26.703 ], [ 69.602, 26.702 ], [ 69.609, 26.691 ], [ 69.623, 26.691 ], [ 69.63, 26.68 ], [ 69.645, 26.68 ], [ 69.652, 26.669 ], [ 69.667, 26.668 ], [ 69.674, 26.657 ], [ 69.688, 26.657 ], [ 69.695, 26.646 ], [ 69.71, 26.646 ], [ 69.717, 26.635 ], [ 69.732, 26.634 ], [ 69.739, 26.623 ], [ 69.753, 26.623 ], [ 69.76, 26.612 ], [ 69.775, 26.611 ], [ 69.782, 26.6 ], [ 69.774, 26.59 ], [ 69.781, 26.579 ], [ 69.796, 26.579 ], [ 69.804, 26.589 ], [ 69.818, 26.589 ], [ 69.825, 26.578 ], [ 69.84, 26.577 ], [ 69.847, 26.566 ], [ 69.861, 26.566 ], [ 69.869, 26.576 ], [ 69.884, 26.576 ], [ 69.891, 26.565 ], [ 69.905, 26.564 ], [ 69.913, 26.575 ], [ 69.928, 26.575 ], [ 69.935, 26.564 ], [ 69.949, 26.563 ], [ 69.957, 26.574 ], [ 69.972, 26.573 ], [ 69.98, 26.584 ], [ 69.994, 26.583 ], [ 70.001, 26.572 ], [ 70.016, 26.572 ], [ 70.024, 26.582 ], [ 70.038, 26.582 ], [ 70.046, 26.592 ], [ 70.061, 26.592 ], [ 70.068, 26.581 ], [ 70.082, 26.58 ], [ 70.089, 26.569 ], [ 70.104, 26.569 ], [ 70.112, 26.579 ], [ 70.126, 26.579 ], [ 70.133, 26.568 ], [ 70.125, 26.557 ], [ 70.132, 26.546 ], [ 70.147, 26.546 ], [ 70.154, 26.535 ], [ 70.169, 26.535 ], [ 70.175, 26.524 ], [ 70.168, 26.513 ], [ 70.175, 26.502 ], [ 70.167, 26.492 ], [ 70.174, 26.481 ], [ 70.166, 26.47 ], [ 70.173, 26.459 ], [ 70.165, 26.449 ], [ 70.172, 26.438 ], [ 70.164, 26.428 ], [ 70.171, 26.417 ], [ 70.163, 26.406 ], [ 70.17, 26.395 ], [ 70.163, 26.385 ], [ 70.169, 26.374 ], [ 70.162, 26.364 ], [ 70.169, 26.353 ], [ 70.161, 26.342 ], [ 70.168, 26.331 ], [ 70.16, 26.321 ], [ 70.167, 26.31 ], [ 70.159, 26.299 ], [ 70.145, 26.3 ], [ 70.137, 26.29 ], [ 70.144, 26.279 ], [ 70.158, 26.278 ], [ 70.165, 26.267 ], [ 70.158, 26.257 ], [ 70.164, 26.246 ], [ 70.157, 26.235 ], [ 70.164, 26.225 ], [ 70.156, 26.214 ], [ 70.141, 26.215 ], [ 70.134, 26.204 ], [ 70.14, 26.193 ], [ 70.133, 26.183 ], [ 70.14, 26.172 ], [ 70.132, 26.162 ], [ 70.117, 26.162 ], [ 70.11, 26.152 ], [ 70.116, 26.141 ], [ 70.109, 26.13 ], [ 70.094, 26.131 ], [ 70.087, 26.12 ], [ 70.093, 26.11 ], [ 70.086, 26.099 ], [ 70.071, 26.1 ], [ 70.063, 26.089 ], [ 70.07, 26.078 ], [ 70.063, 26.068 ], [ 70.07, 26.057 ], [ 70.062, 26.047 ], [ 70.069, 26.036 ], [ 70.061, 26.025 ], [ 70.068, 26.014 ], [ 70.082, 26.014 ], [ 70.089, 26.003 ], [ 70.082, 25.993 ], [ 70.088, 25.982 ], [ 70.081, 25.971 ], [ 70.088, 25.961 ], [ 70.08, 25.95 ], [ 70.087, 25.939 ], [ 70.079, 25.929 ], [ 70.086, 25.918 ], [ 70.101, 25.918 ], [ 70.107, 25.907 ], [ 70.1, 25.896 ], [ 70.107, 25.886 ], [ 70.121, 25.885 ], [ 70.128, 25.874 ], [ 70.142, 25.874 ], [ 70.149, 25.863 ], [ 70.142, 25.853 ], [ 70.148, 25.842 ], [ 70.163, 25.841 ], [ 70.17, 25.83 ], [ 70.162, 25.82 ], [ 70.169, 25.809 ], [ 70.183, 25.809 ], [ 70.19, 25.798 ], [ 70.205, 25.797 ], [ 70.212, 25.786 ], [ 70.226, 25.786 ], [ 70.233, 25.775 ], [ 70.225, 25.765 ], [ 70.232, 25.754 ], [ 70.247, 25.753 ], [ 70.253, 25.743 ], [ 70.246, 25.732 ], [ 70.253, 25.721 ], [ 70.245, 25.711 ], [ 70.252, 25.7 ], [ 70.266, 25.7 ], [ 70.273, 25.689 ], [ 70.287, 25.688 ], [ 70.294, 25.678 ], [ 70.309, 25.677 ], [ 70.316, 25.687 ], [ 70.331, 25.687 ], [ 70.338, 25.676 ], [ 70.352, 25.676 ], [ 70.359, 25.665 ], [ 70.373, 25.664 ], [ 70.38, 25.653 ], [ 70.395, 25.653 ], [ 70.402, 25.663 ], [ 70.417, 25.663 ], [ 70.424, 25.673 ], [ 70.439, 25.673 ], [ 70.446, 25.662 ], [ 70.46, 25.661 ], [ 70.468, 25.672 ], [ 70.482, 25.671 ], [ 70.49, 25.681 ], [ 70.504, 25.681 ], [ 70.511, 25.67 ], [ 70.526, 25.669 ], [ 70.533, 25.68 ], [ 70.548, 25.679 ], [ 70.556, 25.69 ], [ 70.57, 25.689 ], [ 70.578, 25.699 ], [ 70.592, 25.699 ], [ 70.6, 25.709 ], [ 70.614, 25.709 ], [ 70.621, 25.698 ], [ 70.636, 25.697 ], [ 70.642, 25.686 ], [ 70.657, 25.686 ], [ 70.664, 25.675 ], [ 70.656, 25.665 ], [ 70.663, 25.654 ], [ 70.655, 25.644 ], [ 70.662, 25.633 ], [ 70.654, 25.622 ], [ 70.661, 25.612 ], [ 70.653, 25.601 ], [ 70.66, 25.59 ], [ 70.652, 25.58 ], [ 70.659, 25.569 ], [ 70.651, 25.559 ], [ 70.658, 25.548 ], [ 70.65, 25.538 ], [ 70.657, 25.527 ], [ 70.649, 25.517 ], [ 70.656, 25.506 ], [ 70.648, 25.496 ], [ 70.655, 25.485 ], [ 70.647, 25.474 ], [ 70.654, 25.464 ], [ 70.646, 25.453 ], [ 70.653, 25.442 ], [ 70.645, 25.432 ], [ 70.652, 25.421 ], [ 70.644, 25.411 ], [ 70.651, 25.4 ], [ 70.643, 25.39 ], [ 70.65, 25.379 ], [ 70.664, 25.379 ], [ 70.671, 25.368 ], [ 70.685, 25.367 ], [ 70.692, 25.357 ], [ 70.706, 25.356 ], [ 70.713, 25.345 ], [ 70.705, 25.335 ], [ 70.712, 25.324 ], [ 70.727, 25.324 ], [ 70.733, 25.313 ], [ 70.725, 25.302 ], [ 70.732, 25.292 ], [ 70.724, 25.281 ], [ 70.731, 25.271 ], [ 70.746, 25.27 ], [ 70.752, 25.259 ], [ 70.767, 25.259 ], [ 70.773, 25.248 ], [ 70.766, 25.238 ], [ 70.772, 25.227 ], [ 70.787, 25.226 ], [ 70.793, 25.216 ], [ 70.808, 25.215 ], [ 70.814, 25.204 ], [ 70.829, 25.204 ], [ 70.835, 25.193 ], [ 70.828, 25.183 ], [ 70.834, 25.172 ], [ 70.849, 25.171 ], [ 70.855, 25.161 ], [ 70.87, 25.16 ], [ 70.876, 25.149 ], [ 70.869, 25.139 ], [ 70.875, 25.128 ], [ 70.868, 25.118 ], [ 70.874, 25.107 ], [ 70.889, 25.107 ], [ 70.895, 25.096 ], [ 70.888, 25.086 ], [ 70.894, 25.075 ], [ 70.887, 25.065 ], [ 70.893, 25.054 ], [ 70.885, 25.044 ], [ 70.892, 25.033 ], [ 70.906, 25.032 ], [ 70.913, 25.021 ], [ 70.905, 25.011 ], [ 70.912, 25.0 ], [ 70.904, 24.99 ], [ 70.911, 24.979 ], [ 70.903, 24.969 ], [ 70.91, 24.959 ], [ 70.924, 24.958 ], [ 70.931, 24.947 ], [ 70.923, 24.937 ], [ 70.93, 24.926 ], [ 70.922, 24.916 ], [ 70.929, 24.905 ], [ 70.943, 24.905 ], [ 70.95, 24.894 ], [ 70.964, 24.893 ], [ 70.971, 24.883 ], [ 70.963, 24.872 ], [ 70.969, 24.862 ], [ 70.984, 24.861 ], [ 70.99, 24.85 ], [ 70.983, 24.84 ], [ 70.989, 24.829 ], [ 71.004, 24.829 ], [ 71.01, 24.818 ], [ 71.002, 24.808 ], [ 71.009, 24.797 ], [ 71.023, 24.797 ], [ 71.03, 24.786 ], [ 71.022, 24.776 ], [ 71.029, 24.765 ], [ 71.021, 24.755 ], [ 71.028, 24.744 ], [ 71.042, 24.744 ], [ 71.049, 24.733 ], [ 71.041, 24.723 ], [ 71.048, 24.712 ], [ 71.062, 24.711 ], [ 71.068, 24.701 ], [ 71.083, 24.7 ], [ 71.089, 24.689 ], [ 71.103, 24.689 ], [ 71.111, 24.699 ], [ 71.125, 24.698 ], [ 71.133, 24.708 ], [ 71.147, 24.708 ], [ 71.155, 24.718 ], [ 71.169, 24.717 ], [ 71.176, 24.707 ], [ 71.19, 24.706 ], [ 71.198, 24.716 ], [ 71.212, 24.716 ], [ 71.22, 24.726 ], [ 71.234, 24.725 ], [ 71.242, 24.735 ], [ 71.256, 24.735 ], [ 71.264, 24.745 ], [ 71.257, 24.756 ], [ 71.265, 24.766 ], [ 71.258, 24.777 ], [ 71.244, 24.777 ], [ 71.238, 24.788 ], [ 71.245, 24.798 ], [ 71.26, 24.798 ], [ 71.267, 24.808 ], [ 71.282, 24.807 ], [ 71.289, 24.817 ], [ 71.304, 24.817 ], [ 71.311, 24.827 ], [ 71.305, 24.838 ], [ 71.312, 24.848 ], [ 71.327, 24.847 ], [ 71.334, 24.858 ], [ 71.328, 24.868 ], [ 71.314, 24.869 ], [ 71.307, 24.88 ], [ 71.315, 24.89 ], [ 71.308, 24.901 ], [ 71.316, 24.911 ], [ 71.33, 24.91 ], [ 71.338, 24.92 ], [ 71.332, 24.931 ], [ 71.339, 24.941 ], [ 71.354, 24.941 ], [ 71.361, 24.951 ], [ 71.376, 24.95 ], [ 71.383, 24.96 ], [ 71.398, 24.96 ], [ 71.405, 24.97 ], [ 71.42, 24.969 ], [ 71.428, 24.98 ], [ 71.442, 24.979 ], [ 71.45, 24.989 ], [ 71.464, 24.989 ], [ 71.472, 24.999 ], [ 71.486, 24.998 ], [ 71.494, 25.008 ], [ 71.508, 25.008 ], [ 71.515, 24.997 ], [ 71.529, 24.996 ], [ 71.536, 24.986 ], [ 71.55, 24.985 ], [ 71.558, 24.995 ], [ 71.572, 24.995 ], [ 71.58, 25.005 ], [ 71.573, 25.016 ], [ 71.581, 25.026 ], [ 71.595, 25.025 ], [ 71.603, 25.035 ], [ 71.617, 25.035 ], [ 71.624, 25.024 ], [ 71.638, 25.023 ], [ 71.645, 25.012 ], [ 71.659, 25.012 ], [ 71.666, 25.001 ], [ 71.68, 25.0 ], [ 71.687, 24.99 ], [ 71.701, 24.989 ], [ 71.709, 24.999 ], [ 71.702, 25.01 ], [ 71.71, 25.02 ], [ 71.724, 25.019 ], [ 71.732, 25.03 ], [ 71.726, 25.04 ], [ 71.733, 25.051 ], [ 71.727, 25.061 ], [ 71.735, 25.072 ], [ 71.749, 25.071 ], [ 71.757, 25.081 ], [ 71.771, 25.081 ], [ 71.778, 25.07 ], [ 71.792, 25.069 ], [ 71.8, 25.079 ], [ 71.793, 25.09 ], [ 71.801, 25.1 ], [ 71.795, 25.111 ], [ 71.803, 25.121 ], [ 71.817, 25.121 ], [ 71.825, 25.131 ], [ 71.839, 25.13 ], [ 71.847, 25.14 ], [ 71.84, 25.151 ], [ 71.848, 25.161 ], [ 71.842, 25.172 ], [ 71.85, 25.182 ], [ 71.843, 25.193 ], [ 71.851, 25.203 ], [ 71.865, 25.203 ], [ 71.873, 25.213 ], [ 71.867, 25.224 ], [ 71.875, 25.234 ], [ 71.889, 25.233 ], [ 71.897, 25.244 ], [ 71.89, 25.254 ], [ 71.898, 25.265 ], [ 71.913, 25.264 ], [ 71.92, 25.274 ], [ 71.935, 25.274 ], [ 71.943, 25.284 ], [ 71.936, 25.295 ], [ 71.944, 25.305 ], [ 71.938, 25.316 ], [ 71.923, 25.316 ], [ 71.917, 25.327 ], [ 71.925, 25.337 ], [ 71.918, 25.348 ], [ 71.926, 25.358 ], [ 71.94, 25.358 ], [ 71.948, 25.368 ], [ 71.942, 25.379 ], [ 71.95, 25.389 ], [ 71.964, 25.388 ], [ 71.972, 25.399 ], [ 71.965, 25.41 ], [ 71.973, 25.42 ], [ 71.988, 25.419 ], [ 71.996, 25.429 ], [ 71.989, 25.44 ], [ 71.997, 25.45 ], [ 72.012, 25.45 ], [ 72.019, 25.46 ], [ 72.034, 25.459 ], [ 72.042, 25.469 ], [ 72.056, 25.469 ], [ 72.064, 25.479 ], [ 72.079, 25.478 ], [ 72.085, 25.467 ], [ 72.077, 25.457 ], [ 72.084, 25.446 ], [ 72.098, 25.446 ], [ 72.104, 25.435 ], [ 72.119, 25.434 ], [ 72.125, 25.423 ], [ 72.14, 25.423 ], [ 72.148, 25.433 ], [ 72.162, 25.432 ], [ 72.169, 25.421 ], [ 72.183, 25.421 ], [ 72.189, 25.41 ], [ 72.204, 25.409 ], [ 72.21, 25.398 ], [ 72.225, 25.397 ], [ 72.233, 25.408 ], [ 72.247, 25.407 ], [ 72.255, 25.417 ], [ 72.269, 25.416 ], [ 72.276, 25.406 ], [ 72.29, 25.405 ], [ 72.297, 25.394 ], [ 72.311, 25.393 ], [ 72.319, 25.404 ], [ 72.333, 25.403 ], [ 72.341, 25.413 ], [ 72.335, 25.424 ], [ 72.343, 25.434 ], [ 72.336, 25.445 ], [ 72.344, 25.455 ], [ 72.359, 25.455 ], [ 72.365, 25.444 ], [ 72.38, 25.443 ], [ 72.388, 25.453 ], [ 72.402, 25.452 ], [ 72.408, 25.442 ], [ 72.423, 25.441 ], [ 72.431, 25.451 ], [ 72.445, 25.45 ], [ 72.453, 25.46 ], [ 72.468, 25.46 ], [ 72.476, 25.47 ], [ 72.49, 25.469 ], [ 72.498, 25.479 ], [ 72.492, 25.49 ], [ 72.5, 25.501 ], [ 72.514, 25.5 ], [ 72.522, 25.51 ], [ 72.536, 25.509 ], [ 72.544, 25.52 ], [ 72.538, 25.53 ], [ 72.546, 25.541 ], [ 72.54, 25.552 ], [ 72.548, 25.562 ], [ 72.562, 25.561 ], [ 72.57, 25.571 ], [ 72.564, 25.582 ], [ 72.572, 25.592 ], [ 72.586, 25.592 ], [ 72.594, 25.602 ], [ 72.608, 25.601 ], [ 72.616, 25.611 ], [ 72.631, 25.611 ], [ 72.637, 25.6 ], [ 72.652, 25.599 ], [ 72.66, 25.609 ], [ 72.674, 25.608 ], [ 72.681, 25.598 ], [ 72.695, 25.597 ], [ 72.703, 25.607 ], [ 72.718, 25.606 ], [ 72.726, 25.616 ], [ 72.719, 25.627 ], [ 72.705, 25.628 ], [ 72.698, 25.639 ], [ 72.706, 25.649 ], [ 72.7, 25.66 ], [ 72.686, 25.661 ], [ 72.679, 25.672 ], [ 72.687, 25.682 ], [ 72.702, 25.681 ], [ 72.71, 25.692 ], [ 72.724, 25.691 ], [ 72.732, 25.701 ], [ 72.747, 25.7 ], [ 72.755, 25.711 ], [ 72.748, 25.721 ], [ 72.756, 25.732 ], [ 72.75, 25.743 ], [ 72.735, 25.743 ], [ 72.729, 25.754 ], [ 72.737, 25.765 ], [ 72.731, 25.776 ], [ 72.739, 25.786 ], [ 72.753, 25.785 ], [ 72.761, 25.795 ], [ 72.755, 25.806 ], [ 72.763, 25.816 ], [ 72.777, 25.816 ], [ 72.785, 25.826 ], [ 72.8, 25.825 ], [ 72.806, 25.814 ], [ 72.821, 25.813 ], [ 72.829, 25.824 ], [ 72.843, 25.823 ], [ 72.851, 25.833 ], [ 72.845, 25.844 ], [ 72.831, 25.845 ], [ 72.824, 25.856 ], [ 72.832, 25.866 ], [ 72.847, 25.865 ], [ 72.855, 25.876 ], [ 72.848, 25.887 ], [ 72.857, 25.897 ], [ 72.871, 25.896 ], [ 72.877, 25.885 ], [ 72.892, 25.884 ], [ 72.9, 25.894 ], [ 72.914, 25.894 ], [ 72.923, 25.904 ], [ 72.937, 25.903 ], [ 72.945, 25.913 ], [ 72.96, 25.913 ], [ 72.968, 25.923 ], [ 72.982, 25.922 ], [ 72.99, 25.932 ], [ 72.984, 25.943 ], [ 72.992, 25.954 ], [ 73.007, 25.953 ], [ 73.015, 25.963 ], [ 73.029, 25.962 ], [ 73.037, 25.972 ], [ 73.052, 25.972 ], [ 73.06, 25.982 ], [ 73.054, 25.993 ], [ 73.062, 26.003 ], [ 73.055, 26.014 ], [ 73.064, 26.024 ], [ 73.078, 26.024 ], [ 73.086, 26.034 ], [ 73.101, 26.033 ], [ 73.107, 26.022 ], [ 73.122, 26.021 ], [ 73.13, 26.032 ], [ 73.123, 26.043 ], [ 73.132, 26.053 ], [ 73.146, 26.052 ], [ 73.152, 26.041 ], [ 73.167, 26.04 ], [ 73.175, 26.05 ], [ 73.19, 26.05 ], [ 73.198, 26.06 ], [ 73.191, 26.071 ], [ 73.2, 26.081 ], [ 73.214, 26.08 ], [ 73.22, 26.069 ], [ 73.235, 26.069 ], [ 73.241, 26.058 ], [ 73.256, 26.057 ], [ 73.262, 26.046 ], [ 73.277, 26.045 ], [ 73.283, 26.034 ], [ 73.298, 26.033 ], [ 73.304, 26.022 ], [ 73.318, 26.021 ], [ 73.327, 26.031 ], [ 73.32, 26.043 ], [ 73.328, 26.053 ], [ 73.343, 26.052 ], [ 73.351, 26.062 ], [ 73.345, 26.073 ], [ 73.353, 26.083 ], [ 73.347, 26.094 ], [ 73.355, 26.105 ], [ 73.349, 26.116 ], [ 73.357, 26.126 ], [ 73.371, 26.125 ], [ 73.379, 26.135 ], [ 73.373, 26.146 ], [ 73.381, 26.157 ], [ 73.396, 26.156 ], [ 73.402, 26.145 ], [ 73.394, 26.135 ], [ 73.4, 26.123 ], [ 73.415, 26.123 ], [ 73.423, 26.133 ], [ 73.438, 26.132 ], [ 73.444, 26.121 ], [ 73.436, 26.111 ], [ 73.442, 26.1 ], [ 73.457, 26.099 ], [ 73.463, 26.088 ], [ 73.477, 26.087 ], [ 73.484, 26.076 ], [ 73.498, 26.075 ], [ 73.505, 26.064 ], [ 73.519, 26.063 ], [ 73.527, 26.074 ], [ 73.521, 26.085 ], [ 73.529, 26.095 ], [ 73.544, 26.094 ], [ 73.552, 26.104 ], [ 73.566, 26.103 ], [ 73.575, 26.114 ], [ 73.589, 26.113 ], [ 73.597, 26.123 ], [ 73.612, 26.122 ], [ 73.62, 26.132 ], [ 73.635, 26.132 ], [ 73.641, 26.121 ], [ 73.655, 26.12 ], [ 73.662, 26.109 ], [ 73.654, 26.098 ], [ 73.66, 26.087 ], [ 73.652, 26.077 ], [ 73.658, 26.066 ], [ 73.672, 26.065 ], [ 73.681, 26.076 ], [ 73.695, 26.075 ], [ 73.703, 26.085 ], [ 73.697, 26.096 ], [ 73.705, 26.106 ], [ 73.72, 26.105 ], [ 73.728, 26.116 ], [ 73.743, 26.115 ], [ 73.749, 26.104 ], [ 73.763, 26.103 ], [ 73.77, 26.092 ], [ 73.784, 26.091 ], [ 73.792, 26.101 ], [ 73.807, 26.1 ], [ 73.815, 26.11 ], [ 73.809, 26.122 ], [ 73.794, 26.122 ], [ 73.788, 26.133 ], [ 73.796, 26.144 ], [ 73.79, 26.155 ], [ 73.798, 26.165 ], [ 73.792, 26.176 ], [ 73.8, 26.186 ], [ 73.794, 26.197 ], [ 73.802, 26.207 ], [ 73.796, 26.219 ], [ 73.804, 26.229 ], [ 73.798, 26.24 ], [ 73.806, 26.25 ], [ 73.8, 26.261 ], [ 73.808, 26.271 ], [ 73.802, 26.282 ], [ 73.81, 26.293 ], [ 73.804, 26.304 ], [ 73.812, 26.314 ], [ 73.806, 26.325 ], [ 73.814, 26.335 ], [ 73.808, 26.346 ], [ 73.816, 26.357 ], [ 73.831, 26.356 ], [ 73.839, 26.366 ], [ 73.833, 26.377 ], [ 73.841, 26.387 ], [ 73.835, 26.398 ], [ 73.843, 26.409 ], [ 73.858, 26.408 ], [ 73.866, 26.418 ], [ 73.86, 26.429 ], [ 73.868, 26.439 ], [ 73.862, 26.45 ], [ 73.847, 26.451 ], [ 73.841, 26.462 ], [ 73.849, 26.473 ], [ 73.843, 26.484 ], [ 73.828, 26.484 ], [ 73.822, 26.496 ], [ 73.808, 26.496 ], [ 73.801, 26.508 ], [ 73.787, 26.508 ], [ 73.78, 26.52 ], [ 73.766, 26.52 ], [ 73.759, 26.531 ], [ 73.745, 26.532 ], [ 73.739, 26.543 ], [ 73.724, 26.544 ], [ 73.718, 26.555 ], [ 73.703, 26.556 ], [ 73.697, 26.567 ], [ 73.705, 26.578 ], [ 73.699, 26.589 ], [ 73.707, 26.599 ], [ 73.701, 26.61 ], [ 73.686, 26.611 ], [ 73.68, 26.622 ], [ 73.688, 26.632 ], [ 73.682, 26.643 ], [ 73.667, 26.644 ], [ 73.661, 26.655 ], [ 73.669, 26.666 ], [ 73.663, 26.677 ], [ 73.671, 26.687 ], [ 73.665, 26.698 ], [ 73.65, 26.699 ], [ 73.644, 26.71 ], [ 73.652, 26.72 ], [ 73.667, 26.72 ], [ 73.675, 26.73 ], [ 73.668, 26.741 ], [ 73.677, 26.751 ], [ 73.67, 26.762 ], [ 73.679, 26.773 ], [ 73.672, 26.784 ], [ 73.658, 26.785 ], [ 73.651, 26.796 ], [ 73.637, 26.797 ], [ 73.63, 26.808 ], [ 73.639, 26.818 ], [ 73.632, 26.829 ], [ 73.618, 26.83 ], [ 73.611, 26.841 ], [ 73.597, 26.842 ], [ 73.59, 26.853 ], [ 73.576, 26.854 ], [ 73.569, 26.865 ], [ 73.555, 26.866 ], [ 73.546, 26.856 ], [ 73.532, 26.857 ], [ 73.525, 26.868 ], [ 73.51, 26.869 ], [ 73.504, 26.88 ], [ 73.489, 26.881 ], [ 73.481, 26.87 ], [ 73.466, 26.871 ], [ 73.46, 26.882 ], [ 73.445, 26.883 ], [ 73.439, 26.894 ], [ 73.424, 26.895 ], [ 73.416, 26.885 ], [ 73.401, 26.886 ], [ 73.393, 26.875 ], [ 73.378, 26.876 ], [ 73.37, 26.866 ], [ 73.355, 26.867 ], [ 73.347, 26.856 ], [ 73.332, 26.857 ], [ 73.326, 26.868 ], [ 73.311, 26.869 ], [ 73.303, 26.859 ], [ 73.288, 26.859 ], [ 73.282, 26.871 ], [ 73.267, 26.871 ], [ 73.259, 26.861 ], [ 73.244, 26.862 ], [ 73.238, 26.873 ], [ 73.223, 26.874 ], [ 73.215, 26.863 ], [ 73.2, 26.864 ], [ 73.194, 26.875 ], [ 73.179, 26.876 ], [ 73.172, 26.887 ], [ 73.181, 26.898 ], [ 73.174, 26.909 ], [ 73.182, 26.919 ], [ 73.176, 26.93 ], [ 73.161, 26.931 ], [ 73.153, 26.921 ], [ 73.138, 26.922 ], [ 73.132, 26.933 ], [ 73.117, 26.933 ], [ 73.111, 26.945 ], [ 73.119, 26.955 ], [ 73.113, 26.966 ], [ 73.121, 26.976 ], [ 73.114, 26.988 ], [ 73.123, 26.998 ], [ 73.116, 27.009 ], [ 73.124, 27.019 ], [ 73.118, 27.031 ], [ 73.126, 27.041 ], [ 73.12, 27.052 ], [ 73.128, 27.062 ], [ 73.122, 27.074 ], [ 73.13, 27.084 ], [ 73.123, 27.095 ], [ 73.109, 27.096 ], [ 73.102, 27.107 ], [ 73.11, 27.117 ], [ 73.104, 27.129 ], [ 73.112, 27.139 ], [ 73.106, 27.15 ], [ 73.114, 27.161 ], [ 73.108, 27.172 ], [ 73.116, 27.182 ], [ 73.109, 27.193 ], [ 73.118, 27.204 ], [ 73.111, 27.215 ], [ 73.096, 27.216 ], [ 73.09, 27.227 ], [ 73.098, 27.237 ], [ 73.092, 27.248 ], [ 73.1, 27.259 ], [ 73.115, 27.258 ], [ 73.123, 27.268 ], [ 73.117, 27.279 ], [ 73.125, 27.29 ], [ 73.118, 27.301 ], [ 73.127, 27.311 ], [ 73.141, 27.311 ], [ 73.148, 27.299 ], [ 73.163, 27.299 ], [ 73.169, 27.287 ], [ 73.184, 27.287 ], [ 73.192, 27.297 ], [ 73.186, 27.308 ], [ 73.194, 27.319 ], [ 73.209, 27.318 ], [ 73.217, 27.328 ], [ 73.232, 27.327 ], [ 73.239, 27.316 ], [ 73.23, 27.306 ], [ 73.237, 27.295 ], [ 73.251, 27.294 ], [ 73.258, 27.283 ], [ 73.25, 27.272 ], [ 73.256, 27.261 ], [ 73.271, 27.26 ], [ 73.277, 27.249 ], [ 73.269, 27.239 ], [ 73.275, 27.228 ], [ 73.29, 27.227 ], [ 73.297, 27.216 ], [ 73.311, 27.215 ], [ 73.318, 27.204 ], [ 73.333, 27.203 ], [ 73.341, 27.213 ], [ 73.335, 27.224 ], [ 73.343, 27.235 ], [ 73.336, 27.246 ], [ 73.345, 27.256 ], [ 73.36, 27.255 ], [ 73.368, 27.266 ], [ 73.383, 27.265 ], [ 73.391, 27.275 ], [ 73.406, 27.274 ], [ 73.414, 27.285 ], [ 73.408, 27.296 ], [ 73.416, 27.306 ], [ 73.431, 27.306 ], [ 73.439, 27.316 ], [ 73.454, 27.315 ], [ 73.462, 27.325 ], [ 73.477, 27.325 ], [ 73.485, 27.335 ], [ 73.479, 27.346 ], [ 73.487, 27.357 ], [ 73.502, 27.356 ], [ 73.511, 27.366 ], [ 73.504, 27.377 ], [ 73.513, 27.388 ], [ 73.506, 27.399 ], [ 73.514, 27.409 ], [ 73.508, 27.421 ], [ 73.516, 27.431 ], [ 73.51, 27.442 ], [ 73.518, 27.452 ], [ 73.512, 27.464 ], [ 73.52, 27.474 ], [ 73.535, 27.473 ], [ 73.543, 27.484 ], [ 73.558, 27.483 ], [ 73.567, 27.493 ], [ 73.582, 27.492 ], [ 73.588, 27.481 ], [ 73.603, 27.48 ], [ 73.611, 27.491 ], [ 73.605, 27.502 ], [ 73.613, 27.512 ], [ 73.628, 27.511 ], [ 73.636, 27.522 ], [ 73.63, 27.533 ], [ 73.638, 27.543 ], [ 73.632, 27.555 ], [ 73.64, 27.565 ], [ 73.655, 27.564 ], [ 73.662, 27.553 ], [ 73.676, 27.552 ], [ 73.683, 27.541 ], [ 73.698, 27.54 ], [ 73.704, 27.529 ], [ 73.719, 27.528 ], [ 73.725, 27.517 ], [ 73.74, 27.516 ], [ 73.749, 27.526 ], [ 73.763, 27.525 ], [ 73.77, 27.514 ], [ 73.785, 27.513 ], [ 73.791, 27.502 ], [ 73.806, 27.501 ], [ 73.814, 27.511 ], [ 73.829, 27.511 ], [ 73.838, 27.521 ], [ 73.852, 27.52 ], [ 73.861, 27.53 ], [ 73.876, 27.529 ], [ 73.882, 27.518 ], [ 73.897, 27.517 ], [ 73.903, 27.506 ], [ 73.895, 27.496 ], [ 73.901, 27.485 ], [ 73.916, 27.484 ], [ 73.924, 27.494 ], [ 73.939, 27.493 ], [ 73.948, 27.503 ], [ 73.963, 27.503 ], [ 73.971, 27.513 ], [ 73.986, 27.512 ], [ 73.994, 27.522 ], [ 74.009, 27.522 ], [ 74.018, 27.532 ], [ 74.032, 27.531 ], [ 74.039, 27.52 ], [ 74.054, 27.519 ], [ 74.06, 27.508 ], [ 74.075, 27.507 ], [ 74.081, 27.495 ], [ 74.073, 27.485 ], [ 74.079, 27.474 ], [ 74.094, 27.473 ], [ 74.102, 27.483 ], [ 74.117, 27.482 ], [ 74.123, 27.471 ], [ 74.115, 27.461 ], [ 74.121, 27.449 ], [ 74.136, 27.449 ], [ 74.142, 27.437 ], [ 74.134, 27.427 ], [ 74.14, 27.416 ], [ 74.155, 27.415 ], [ 74.164, 27.425 ], [ 74.178, 27.424 ], [ 74.185, 27.413 ], [ 74.199, 27.412 ], [ 74.208, 27.422 ], [ 74.202, 27.434 ], [ 74.21, 27.444 ], [ 74.204, 27.455 ], [ 74.212, 27.466 ], [ 74.206, 27.477 ], [ 74.191, 27.478 ], [ 74.185, 27.489 ], [ 74.193, 27.499 ], [ 74.208, 27.498 ], [ 74.217, 27.509 ], [ 74.231, 27.508 ], [ 74.24, 27.518 ], [ 74.234, 27.53 ], [ 74.242, 27.54 ], [ 74.236, 27.551 ], [ 74.244, 27.561 ], [ 74.259, 27.561 ], [ 74.268, 27.571 ], [ 74.261, 27.582 ], [ 74.246, 27.583 ], [ 74.24, 27.594 ], [ 74.249, 27.605 ], [ 74.263, 27.604 ], [ 74.272, 27.614 ], [ 74.266, 27.625 ], [ 74.274, 27.636 ], [ 74.289, 27.635 ], [ 74.297, 27.645 ], [ 74.312, 27.644 ], [ 74.321, 27.655 ], [ 74.336, 27.654 ], [ 74.344, 27.664 ], [ 74.338, 27.675 ], [ 74.346, 27.686 ], [ 74.361, 27.685 ], [ 74.37, 27.695 ], [ 74.385, 27.694 ], [ 74.393, 27.705 ], [ 74.408, 27.704 ], [ 74.414, 27.692 ], [ 74.429, 27.691 ], [ 74.438, 27.702 ], [ 74.453, 27.701 ], [ 74.459, 27.689 ], [ 74.474, 27.689 ], [ 74.48, 27.677 ], [ 74.495, 27.676 ], [ 74.501, 27.665 ], [ 74.516, 27.664 ], [ 74.525, 27.674 ], [ 74.539, 27.673 ], [ 74.546, 27.662 ], [ 74.56, 27.661 ], [ 74.569, 27.672 ], [ 74.563, 27.683 ], [ 74.571, 27.693 ], [ 74.586, 27.692 ], [ 74.595, 27.703 ], [ 74.61, 27.702 ], [ 74.616, 27.69 ], [ 74.607, 27.68 ], [ 74.614, 27.669 ], [ 74.605, 27.658 ], [ 74.611, 27.647 ], [ 74.626, 27.646 ], [ 74.635, 27.656 ], [ 74.649, 27.655 ], [ 74.658, 27.666 ], [ 74.673, 27.665 ], [ 74.681, 27.675 ], [ 74.696, 27.674 ], [ 74.705, 27.684 ], [ 74.72, 27.683 ], [ 74.726, 27.672 ], [ 74.741, 27.671 ], [ 74.749, 27.682 ], [ 74.743, 27.693 ], [ 74.752, 27.703 ], [ 74.745, 27.714 ], [ 74.731, 27.715 ], [ 74.724, 27.727 ], [ 74.733, 27.737 ], [ 74.727, 27.748 ], [ 74.735, 27.759 ], [ 74.75, 27.758 ], [ 74.759, 27.768 ], [ 74.774, 27.767 ], [ 74.782, 27.777 ], [ 74.797, 27.776 ], [ 74.806, 27.787 ], [ 74.799, 27.798 ], [ 74.808, 27.808 ], [ 74.802, 27.82 ], [ 74.81, 27.83 ], [ 74.804, 27.841 ], [ 74.789, 27.842 ], [ 74.781, 27.832 ], [ 74.766, 27.833 ], [ 74.76, 27.844 ], [ 74.768, 27.855 ], [ 74.762, 27.866 ], [ 74.747, 27.867 ], [ 74.741, 27.878 ], [ 74.749, 27.889 ], [ 74.764, 27.888 ], [ 74.773, 27.898 ], [ 74.788, 27.897 ], [ 74.796, 27.907 ], [ 74.811, 27.906 ], [ 74.82, 27.917 ], [ 74.814, 27.928 ], [ 74.822, 27.939 ], [ 74.816, 27.95 ], [ 74.801, 27.951 ], [ 74.795, 27.962 ], [ 74.78, 27.963 ], [ 74.774, 27.975 ], [ 74.759, 27.976 ], [ 74.753, 27.987 ], [ 74.761, 27.997 ], [ 74.776, 27.996 ], [ 74.785, 28.007 ], [ 74.778, 28.018 ], [ 74.787, 28.028 ], [ 74.802, 28.027 ], [ 74.811, 28.038 ], [ 74.804, 28.049 ], [ 74.813, 28.059 ], [ 74.807, 28.071 ], [ 74.792, 28.072 ], [ 74.786, 28.083 ], [ 74.794, 28.093 ], [ 74.788, 28.105 ], [ 74.797, 28.115 ], [ 74.812, 28.114 ], [ 74.82, 28.125 ], [ 74.835, 28.124 ], [ 74.844, 28.134 ], [ 74.859, 28.133 ], [ 74.867, 28.143 ], [ 74.861, 28.155 ], [ 74.87, 28.165 ], [ 74.885, 28.164 ], [ 74.893, 28.174 ], [ 74.887, 28.186 ], [ 74.896, 28.196 ], [ 74.911, 28.195 ], [ 74.919, 28.206 ], [ 74.934, 28.205 ], [ 74.941, 28.193 ], [ 74.956, 28.192 ], [ 74.964, 28.203 ], [ 74.979, 28.202 ], [ 74.988, 28.212 ], [ 75.003, 28.211 ], [ 75.009, 28.2 ], [ 75.024, 28.199 ], [ 75.033, 28.209 ], [ 75.026, 28.22 ], [ 75.035, 28.231 ], [ 75.029, 28.242 ], [ 75.038, 28.252 ], [ 75.053, 28.251 ], [ 75.061, 28.262 ], [ 75.076, 28.261 ], [ 75.085, 28.271 ], [ 75.1, 28.27 ], [ 75.109, 28.28 ], [ 75.124, 28.279 ], [ 75.132, 28.29 ], [ 75.147, 28.289 ], [ 75.156, 28.299 ], [ 75.15, 28.311 ], [ 75.158, 28.321 ], [ 75.152, 28.332 ], [ 75.161, 28.343 ], [ 75.155, 28.354 ], [ 75.163, 28.364 ], [ 75.157, 28.376 ], [ 75.166, 28.386 ], [ 75.181, 28.385 ], [ 75.187, 28.374 ], [ 75.202, 28.373 ], [ 75.211, 28.383 ], [ 75.226, 28.382 ], [ 75.235, 28.392 ], [ 75.228, 28.404 ], [ 75.213, 28.405 ], [ 75.207, 28.416 ], [ 75.216, 28.427 ], [ 75.231, 28.426 ], [ 75.24, 28.436 ], [ 75.233, 28.447 ], [ 75.242, 28.458 ], [ 75.257, 28.457 ], [ 75.263, 28.445 ], [ 75.278, 28.444 ], [ 75.285, 28.433 ], [ 75.3, 28.432 ], [ 75.306, 28.42 ], [ 75.321, 28.419 ] ] ] ] } },
{ "type": "Feature", "properties": { "POLYGON.ID": 328.0, "subregion": "​​India--Rajasthan--Bharatpur–Keoladeo NP", "FILTER": "Rajasthan", "POLYGON": "​​India--Rajasthan--Bharatpur–Keoladeo NP", "STATE": "Rajasthan", "COUNTY": "Bharatpur", "OWNER": null }, "geometry": { "type": "MultiPolygon", "coordinates": [ [ [ [ 77.5, 27.213 ], [ 77.491, 27.202 ], [ 77.476, 27.204 ], [ 77.467, 27.194 ], [ 77.473, 27.182 ], [ 77.464, 27.172 ], [ 77.47, 27.161 ], [ 77.484, 27.16 ], [ 77.49, 27.148 ], [ 77.481, 27.138 ], [ 77.487, 27.127 ], [ 77.502, 27.126 ], [ 77.51, 27.136 ], [ 77.525, 27.135 ], [ 77.531, 27.123 ], [ 77.545, 27.122 ], [ 77.551, 27.111 ], [ 77.566, 27.109 ], [ 77.574, 27.119 ], [ 77.569, 27.131 ], [ 77.578, 27.141 ], [ 77.572, 27.152 ], [ 77.581, 27.162 ], [ 77.575, 27.174 ], [ 77.561, 27.175 ], [ 77.555, 27.186 ], [ 77.54, 27.187 ], [ 77.535, 27.199 ], [ 77.52, 27.2 ], [ 77.514, 27.211 ], [ 77.5, 27.213 ] ] ] ] } },
{ "type": "Feature", "properties": { "POLYGON.ID": 1280.0, "subregion": "​​India--Rajasthan--Karauli--Hills", "FILTER": "Rajasthan", "POLYGON": "​​India--Rajasthan--Karauli--Hills", "STATE": "Rajasthan", "COUNTY": "Karauli", "OWNER": null }, "geometry": { "type": "MultiPolygon", "coordinates": [ [ [ [ 76.786, 26.077 ], [ 76.8, 26.075 ], [ 76.806, 26.064 ], [ 76.82, 26.063 ], [ 76.826, 26.052 ], [ 76.841, 26.051 ], [ 76.849, 26.061 ], [ 76.864, 26.06 ], [ 76.872, 26.07 ], [ 76.867, 26.081 ], [ 76.875, 26.091 ], [ 76.89, 26.09 ], [ 76.898, 26.1 ], [ 76.913, 26.099 ], [ 76.921, 26.109 ], [ 76.916, 26.12 ], [ 76.924, 26.13 ], [ 76.939, 26.129 ], [ 76.948, 26.139 ], [ 76.962, 26.137 ], [ 76.971, 26.147 ], [ 76.965, 26.159 ], [ 76.974, 26.169 ], [ 76.988, 26.167 ], [ 76.997, 26.177 ], [ 77.011, 26.176 ], [ 77.02, 26.186 ], [ 77.034, 26.185 ], [ 77.043, 26.195 ], [ 77.057, 26.194 ], [ 77.066, 26.204 ], [ 77.06, 26.215 ], [ 77.069, 26.225 ], [ 77.084, 26.224 ], [ 77.092, 26.234 ], [ 77.107, 26.233 ], [ 77.115, 26.243 ], [ 77.13, 26.241 ], [ 77.139, 26.251 ], [ 77.153, 26.25 ], [ 77.162, 26.26 ], [ 77.176, 26.259 ], [ 77.185, 26.269 ], [ 77.199, 26.268 ], [ 77.208, 26.278 ], [ 77.222, 26.277 ], [ 77.231, 26.287 ], [ 77.246, 26.285 ], [ 77.254, 26.295 ], [ 77.249, 26.307 ], [ 77.257, 26.317 ], [ 77.272, 26.315 ], [ 77.281, 26.325 ], [ 77.295, 26.324 ], [ 77.304, 26.334 ], [ 77.298, 26.345 ], [ 77.307, 26.355 ], [ 77.321, 26.354 ], [ 77.33, 26.364 ], [ 77.345, 26.363 ], [ 77.353, 26.373 ], [ 77.348, 26.384 ], [ 77.356, 26.394 ], [ 77.351, 26.405 ], [ 77.336, 26.407 ], [ 77.331, 26.418 ], [ 77.316, 26.419 ], [ 77.311, 26.43 ], [ 77.296, 26.431 ], [ 77.287, 26.421 ], [ 77.273, 26.423 ], [ 77.267, 26.434 ], [ 77.253, 26.435 ], [ 77.247, 26.446 ], [ 77.256, 26.456 ], [ 77.25, 26.467 ], [ 77.236, 26.469 ], [ 77.227, 26.459 ], [ 77.212, 26.46 ], [ 77.207, 26.471 ], [ 77.215, 26.481 ], [ 77.23, 26.48 ], [ 77.239, 26.49 ], [ 77.233, 26.501 ], [ 77.242, 26.511 ], [ 77.236, 26.522 ], [ 77.245, 26.532 ], [ 77.259, 26.531 ], [ 77.268, 26.541 ], [ 77.283, 26.54 ], [ 77.291, 26.55 ], [ 77.306, 26.549 ], [ 77.315, 26.559 ], [ 77.309, 26.57 ], [ 77.318, 26.58 ], [ 77.332, 26.579 ], [ 77.341, 26.589 ], [ 77.356, 26.588 ], [ 77.364, 26.598 ], [ 77.379, 26.596 ], [ 77.388, 26.606 ], [ 77.382, 26.618 ], [ 77.391, 26.628 ], [ 77.385, 26.639 ], [ 77.371, 26.64 ], [ 77.365, 26.651 ], [ 77.35, 26.653 ], [ 77.345, 26.664 ], [ 77.354, 26.674 ], [ 77.348, 26.685 ], [ 77.357, 26.695 ], [ 77.351, 26.706 ], [ 77.36, 26.716 ], [ 77.354, 26.728 ], [ 77.363, 26.738 ], [ 77.357, 26.749 ], [ 77.343, 26.75 ], [ 77.337, 26.761 ], [ 77.346, 26.772 ], [ 77.34, 26.783 ], [ 77.349, 26.793 ], [ 77.343, 26.804 ], [ 77.329, 26.805 ], [ 77.32, 26.795 ], [ 77.305, 26.796 ], [ 77.297, 26.786 ], [ 77.282, 26.788 ], [ 77.276, 26.799 ], [ 77.262, 26.8 ], [ 77.256, 26.811 ], [ 77.242, 26.813 ], [ 77.233, 26.803 ], [ 77.238, 26.791 ], [ 77.23, 26.781 ], [ 77.215, 26.782 ], [ 77.209, 26.794 ], [ 77.195, 26.795 ], [ 77.189, 26.806 ], [ 77.175, 26.807 ], [ 77.166, 26.797 ], [ 77.172, 26.786 ], [ 77.163, 26.776 ], [ 77.148, 26.777 ], [ 77.139, 26.767 ], [ 77.145, 26.756 ], [ 77.136, 26.746 ], [ 77.122, 26.747 ], [ 77.113, 26.737 ], [ 77.098, 26.738 ], [ 77.09, 26.728 ], [ 77.095, 26.717 ], [ 77.087, 26.707 ], [ 77.072, 26.708 ], [ 77.063, 26.698 ], [ 77.049, 26.699 ], [ 77.04, 26.689 ], [ 77.026, 26.69 ], [ 77.017, 26.68 ], [ 77.022, 26.669 ], [ 77.014, 26.659 ], [ 77.019, 26.648 ], [ 77.011, 26.638 ], [ 77.016, 26.626 ], [ 77.008, 26.616 ], [ 77.013, 26.605 ], [ 77.005, 26.595 ], [ 77.01, 26.584 ], [ 77.002, 26.574 ], [ 76.987, 26.575 ], [ 76.978, 26.565 ], [ 76.984, 26.554 ], [ 76.975, 26.544 ], [ 76.981, 26.533 ], [ 76.972, 26.522 ], [ 76.978, 26.511 ], [ 76.969, 26.501 ], [ 76.975, 26.49 ], [ 76.966, 26.48 ], [ 76.952, 26.481 ], [ 76.943, 26.471 ], [ 76.929, 26.472 ], [ 76.92, 26.462 ], [ 76.906, 26.463 ], [ 76.897, 26.453 ], [ 76.882, 26.455 ], [ 76.874, 26.445 ], [ 76.859, 26.446 ], [ 76.85, 26.436 ], [ 76.836, 26.437 ], [ 76.827, 26.427 ], [ 76.833, 26.416 ], [ 76.824, 26.406 ], [ 76.81, 26.407 ], [ 76.801, 26.397 ], [ 76.807, 26.385 ], [ 76.798, 26.375 ], [ 76.784, 26.377 ], [ 76.775, 26.367 ], [ 76.781, 26.355 ], [ 76.772, 26.345 ], [ 76.758, 26.347 ], [ 76.749, 26.336 ], [ 76.755, 26.325 ], [ 76.746, 26.315 ], [ 76.732, 26.316 ], [ 76.723, 26.306 ], [ 76.708, 26.308 ], [ 76.7, 26.297 ], [ 76.705, 26.286 ], [ 76.697, 26.276 ], [ 76.682, 26.277 ], [ 76.674, 26.267 ], [ 76.659, 26.269 ], [ 76.651, 26.259 ], [ 76.636, 26.26 ], [ 76.627, 26.25 ], [ 76.633, 26.238 ], [ 76.625, 26.228 ], [ 76.63, 26.217 ], [ 76.622, 26.207 ], [ 76.627, 26.196 ], [ 76.619, 26.186 ], [ 76.625, 26.175 ], [ 76.639, 26.174 ], [ 76.645, 26.163 ], [ 76.636, 26.153 ], [ 76.642, 26.141 ], [ 76.656, 26.14 ], [ 76.662, 26.129 ], [ 76.676, 26.128 ], [ 76.682, 26.117 ], [ 76.674, 26.107 ], [ 76.679, 26.096 ], [ 76.694, 26.095 ], [ 76.7, 26.083 ], [ 76.714, 26.082 ], [ 76.723, 26.092 ], [ 76.737, 26.091 ], [ 76.743, 26.08 ], [ 76.757, 26.079 ], [ 76.763, 26.068 ], [ 76.777, 26.067 ], [ 76.786, 26.077 ] ] ] ] } },
{ "type": "Feature", "properties": { "POLYGON.ID": 1279.0, "subregion": "​​India--Rajasthan--Dausa--Aravalli", "FILTER": "Rajasthan", "POLYGON": "​​India--Rajasthan--Dausa--Aravalli", "STATE": "Rajasthan", "COUNTY": "Dausa", "OWNER": null }, "geometry": { "type": "MultiPolygon", "coordinates": [ [ [ [ 77.018, 26.95 ], [ 77.012, 26.961 ], [ 77.021, 26.971 ], [ 77.015, 26.982 ], [ 77.024, 26.993 ], [ 77.019, 27.004 ], [ 77.004, 27.005 ], [ 76.998, 27.016 ], [ 76.984, 27.017 ], [ 76.975, 27.007 ], [ 76.981, 26.996 ], [ 76.972, 26.986 ], [ 76.957, 26.987 ], [ 76.948, 26.977 ], [ 76.954, 26.966 ], [ 76.945, 26.956 ], [ 76.931, 26.957 ], [ 76.922, 26.947 ], [ 76.907, 26.948 ], [ 76.899, 26.938 ], [ 76.904, 26.927 ], [ 76.896, 26.917 ], [ 76.901, 26.905 ], [ 76.893, 26.895 ], [ 76.878, 26.896 ], [ 76.869, 26.886 ], [ 76.855, 26.887 ], [ 76.846, 26.877 ], [ 76.831, 26.879 ], [ 76.825, 26.89 ], [ 76.834, 26.9 ], [ 76.828, 26.911 ], [ 76.837, 26.921 ], [ 76.852, 26.92 ], [ 76.861, 26.93 ], [ 76.855, 26.941 ], [ 76.864, 26.952 ], [ 76.858, 26.963 ], [ 76.867, 26.973 ], [ 76.881, 26.972 ], [ 76.89, 26.982 ], [ 76.884, 26.993 ], [ 76.893, 27.003 ], [ 76.908, 27.002 ], [ 76.916, 27.012 ], [ 76.911, 27.023 ], [ 76.919, 27.034 ], [ 76.914, 27.045 ], [ 76.899, 27.046 ], [ 76.89, 27.036 ], [ 76.876, 27.037 ], [ 76.867, 27.027 ], [ 76.873, 27.016 ], [ 76.864, 27.006 ], [ 76.87, 26.994 ], [ 76.861, 26.984 ], [ 76.846, 26.985 ], [ 76.84, 26.997 ], [ 76.849, 27.007 ], [ 76.843, 27.018 ], [ 76.852, 27.028 ], [ 76.846, 27.039 ], [ 76.855, 27.05 ], [ 76.849, 27.061 ], [ 76.858, 27.071 ], [ 76.852, 27.082 ], [ 76.861, 27.092 ], [ 76.855, 27.104 ], [ 76.864, 27.114 ], [ 76.858, 27.125 ], [ 76.844, 27.126 ], [ 76.835, 27.116 ], [ 76.82, 27.117 ], [ 76.814, 27.129 ], [ 76.8, 27.13 ], [ 76.791, 27.12 ], [ 76.797, 27.108 ], [ 76.788, 27.098 ], [ 76.794, 27.087 ], [ 76.785, 27.077 ], [ 76.791, 27.066 ], [ 76.782, 27.055 ], [ 76.788, 27.044 ], [ 76.779, 27.034 ], [ 76.785, 27.023 ], [ 76.776, 27.013 ], [ 76.782, 27.001 ], [ 76.773, 26.991 ], [ 76.779, 26.98 ], [ 76.77, 26.97 ], [ 76.756, 26.971 ], [ 76.747, 26.961 ], [ 76.753, 26.95 ], [ 76.744, 26.94 ], [ 76.729, 26.941 ], [ 76.721, 26.931 ], [ 76.726, 26.919 ], [ 76.718, 26.909 ], [ 76.703, 26.91 ], [ 76.697, 26.922 ], [ 76.683, 26.923 ], [ 76.674, 26.913 ], [ 76.659, 26.914 ], [ 76.651, 26.904 ], [ 76.636, 26.905 ], [ 76.63, 26.916 ], [ 76.616, 26.917 ], [ 76.607, 26.907 ], [ 76.613, 26.896 ], [ 76.604, 26.886 ], [ 76.589, 26.887 ], [ 76.581, 26.877 ], [ 76.586, 26.866 ], [ 76.578, 26.856 ], [ 76.563, 26.857 ], [ 76.554, 26.847 ], [ 76.56, 26.835 ], [ 76.551, 26.825 ], [ 76.537, 26.826 ], [ 76.528, 26.816 ], [ 76.514, 26.817 ], [ 76.505, 26.807 ], [ 76.49, 26.808 ], [ 76.482, 26.798 ], [ 76.487, 26.787 ], [ 76.479, 26.777 ], [ 76.464, 26.778 ], [ 76.455, 26.768 ], [ 76.441, 26.769 ], [ 76.432, 26.759 ], [ 76.438, 26.748 ], [ 76.429, 26.738 ], [ 76.415, 26.739 ], [ 76.406, 26.729 ], [ 76.412, 26.718 ], [ 76.403, 26.707 ], [ 76.409, 26.696 ], [ 76.4, 26.686 ], [ 76.386, 26.687 ], [ 76.377, 26.677 ], [ 76.383, 26.666 ], [ 76.374, 26.656 ], [ 76.36, 26.657 ], [ 76.351, 26.647 ], [ 76.357, 26.636 ], [ 76.348, 26.626 ], [ 76.334, 26.627 ], [ 76.325, 26.617 ], [ 76.331, 26.605 ], [ 76.322, 26.595 ], [ 76.308, 26.596 ], [ 76.299, 26.586 ], [ 76.305, 26.575 ], [ 76.319, 26.574 ], [ 76.325, 26.563 ], [ 76.34, 26.562 ], [ 76.346, 26.55 ], [ 76.36, 26.549 ], [ 76.366, 26.538 ], [ 76.381, 26.537 ], [ 76.389, 26.547 ], [ 76.404, 26.546 ], [ 76.41, 26.535 ], [ 76.424, 26.534 ], [ 76.433, 26.544 ], [ 76.447, 26.543 ], [ 76.453, 26.531 ], [ 76.468, 26.53 ], [ 76.476, 26.54 ], [ 76.491, 26.539 ], [ 76.5, 26.549 ], [ 76.494, 26.561 ], [ 76.502, 26.571 ], [ 76.497, 26.582 ], [ 76.505, 26.592 ], [ 76.52, 26.591 ], [ 76.529, 26.601 ], [ 76.523, 26.612 ], [ 76.531, 26.622 ], [ 76.546, 26.621 ], [ 76.555, 26.631 ], [ 76.569, 26.63 ], [ 76.578, 26.64 ], [ 76.572, 26.651 ], [ 76.581, 26.661 ], [ 76.595, 26.66 ], [ 76.604, 26.67 ], [ 76.598, 26.681 ], [ 76.607, 26.692 ], [ 76.621, 26.69 ], [ 76.63, 26.7 ], [ 76.645, 26.699 ], [ 76.653, 26.709 ], [ 76.648, 26.721 ], [ 76.656, 26.731 ], [ 76.671, 26.73 ], [ 76.68, 26.74 ], [ 76.694, 26.739 ], [ 76.703, 26.749 ], [ 76.717, 26.747 ], [ 76.726, 26.758 ], [ 76.741, 26.756 ], [ 76.75, 26.766 ], [ 76.764, 26.765 ], [ 76.773, 26.775 ], [ 76.787, 26.774 ], [ 76.796, 26.784 ], [ 76.811, 26.783 ], [ 76.819, 26.793 ], [ 76.834, 26.792 ], [ 76.843, 26.802 ], [ 76.857, 26.801 ], [ 76.866, 26.811 ], [ 76.86, 26.822 ], [ 76.869, 26.832 ], [ 76.884, 26.831 ], [ 76.892, 26.841 ], [ 76.887, 26.853 ], [ 76.895, 26.863 ], [ 76.91, 26.861 ], [ 76.919, 26.872 ], [ 76.913, 26.883 ], [ 76.922, 26.893 ], [ 76.936, 26.892 ], [ 76.945, 26.902 ], [ 76.96, 26.901 ], [ 76.968, 26.911 ], [ 76.963, 26.922 ], [ 76.971, 26.932 ], [ 76.986, 26.931 ], [ 76.995, 26.941 ], [ 77.009, 26.94 ], [ 77.018, 26.95 ] ] ] ] } },
{ "type": "Feature", "properties": { "POLYGON.ID": 1274.0, "subregion": "​​India--Rajasthan--Alwa--Sariska NP", "FILTER": "Rajasthan", "POLYGON": "​​India--Rajasthan--Alwa--Sariska NP", "STATE": "Rajasthan", "COUNTY": "spl_region", "OWNER": null }, "geometry": { "type": "MultiPolygon", "coordinates": [ [ [ [ 76.618, 27.644 ], [ 76.603, 27.645 ], [ 76.597, 27.656 ], [ 76.606, 27.667 ], [ 76.6, 27.678 ], [ 76.609, 27.688 ], [ 76.603, 27.7 ], [ 76.612, 27.71 ], [ 76.606, 27.721 ], [ 76.615, 27.731 ], [ 76.609, 27.743 ], [ 76.594, 27.744 ], [ 76.588, 27.755 ], [ 76.597, 27.765 ], [ 76.591, 27.777 ], [ 76.577, 27.778 ], [ 76.568, 27.768 ], [ 76.553, 27.769 ], [ 76.547, 27.78 ], [ 76.532, 27.781 ], [ 76.523, 27.771 ], [ 76.509, 27.772 ], [ 76.503, 27.784 ], [ 76.488, 27.785 ], [ 76.479, 27.775 ], [ 76.464, 27.776 ], [ 76.455, 27.766 ], [ 76.441, 27.767 ], [ 76.432, 27.757 ], [ 76.438, 27.745 ], [ 76.429, 27.735 ], [ 76.414, 27.736 ], [ 76.405, 27.726 ], [ 76.411, 27.715 ], [ 76.402, 27.704 ], [ 76.408, 27.693 ], [ 76.4, 27.683 ], [ 76.385, 27.684 ], [ 76.376, 27.674 ], [ 76.382, 27.662 ], [ 76.373, 27.652 ], [ 76.358, 27.653 ], [ 76.35, 27.643 ], [ 76.355, 27.632 ], [ 76.347, 27.622 ], [ 76.332, 27.623 ], [ 76.323, 27.613 ], [ 76.329, 27.601 ], [ 76.32, 27.591 ], [ 76.306, 27.592 ], [ 76.297, 27.582 ], [ 76.303, 27.571 ], [ 76.294, 27.56 ], [ 76.3, 27.549 ], [ 76.291, 27.539 ], [ 76.297, 27.527 ], [ 76.288, 27.517 ], [ 76.294, 27.506 ], [ 76.285, 27.496 ], [ 76.291, 27.484 ], [ 76.283, 27.474 ], [ 76.289, 27.463 ], [ 76.28, 27.453 ], [ 76.265, 27.454 ], [ 76.256, 27.444 ], [ 76.262, 27.432 ], [ 76.253, 27.422 ], [ 76.259, 27.411 ], [ 76.251, 27.401 ], [ 76.236, 27.402 ], [ 76.227, 27.392 ], [ 76.233, 27.38 ], [ 76.224, 27.37 ], [ 76.23, 27.359 ], [ 76.245, 27.358 ], [ 76.251, 27.346 ], [ 76.242, 27.336 ], [ 76.248, 27.325 ], [ 76.239, 27.315 ], [ 76.245, 27.303 ], [ 76.237, 27.293 ], [ 76.243, 27.282 ], [ 76.234, 27.272 ], [ 76.24, 27.26 ], [ 76.231, 27.25 ], [ 76.237, 27.239 ], [ 76.228, 27.229 ], [ 76.214, 27.23 ], [ 76.205, 27.22 ], [ 76.211, 27.208 ], [ 76.202, 27.198 ], [ 76.208, 27.187 ], [ 76.199, 27.177 ], [ 76.205, 27.165 ], [ 76.22, 27.164 ], [ 76.226, 27.153 ], [ 76.217, 27.143 ], [ 76.223, 27.132 ], [ 76.238, 27.13 ], [ 76.246, 27.141 ], [ 76.261, 27.14 ], [ 76.27, 27.15 ], [ 76.284, 27.149 ], [ 76.29, 27.137 ], [ 76.282, 27.127 ], [ 76.287, 27.116 ], [ 76.302, 27.115 ], [ 76.308, 27.103 ], [ 76.323, 27.102 ], [ 76.331, 27.112 ], [ 76.346, 27.111 ], [ 76.355, 27.121 ], [ 76.369, 27.12 ], [ 76.375, 27.109 ], [ 76.367, 27.099 ], [ 76.373, 27.088 ], [ 76.364, 27.078 ], [ 76.37, 27.066 ], [ 76.361, 27.056 ], [ 76.367, 27.045 ], [ 76.358, 27.035 ], [ 76.364, 27.023 ], [ 76.379, 27.022 ], [ 76.385, 27.011 ], [ 76.376, 27.001 ], [ 76.382, 26.99 ], [ 76.396, 26.988 ], [ 76.405, 26.999 ], [ 76.42, 26.997 ], [ 76.428, 27.008 ], [ 76.423, 27.019 ], [ 76.431, 27.029 ], [ 76.446, 27.028 ], [ 76.455, 27.038 ], [ 76.469, 27.037 ], [ 76.478, 27.047 ], [ 76.472, 27.058 ], [ 76.481, 27.068 ], [ 76.496, 27.067 ], [ 76.504, 27.077 ], [ 76.519, 27.076 ], [ 76.528, 27.086 ], [ 76.522, 27.098 ], [ 76.531, 27.108 ], [ 76.545, 27.107 ], [ 76.554, 27.117 ], [ 76.548, 27.128 ], [ 76.557, 27.138 ], [ 76.571, 27.137 ], [ 76.58, 27.147 ], [ 76.574, 27.159 ], [ 76.583, 27.169 ], [ 76.577, 27.18 ], [ 76.586, 27.19 ], [ 76.58, 27.201 ], [ 76.589, 27.212 ], [ 76.583, 27.223 ], [ 76.592, 27.233 ], [ 76.586, 27.244 ], [ 76.595, 27.254 ], [ 76.589, 27.266 ], [ 76.598, 27.276 ], [ 76.592, 27.287 ], [ 76.601, 27.297 ], [ 76.595, 27.309 ], [ 76.58, 27.31 ], [ 76.574, 27.321 ], [ 76.583, 27.331 ], [ 76.577, 27.343 ], [ 76.586, 27.353 ], [ 76.58, 27.364 ], [ 76.589, 27.374 ], [ 76.583, 27.386 ], [ 76.592, 27.396 ], [ 76.586, 27.407 ], [ 76.595, 27.417 ], [ 76.589, 27.429 ], [ 76.598, 27.439 ], [ 76.592, 27.45 ], [ 76.601, 27.46 ], [ 76.595, 27.472 ], [ 76.603, 27.482 ], [ 76.598, 27.493 ], [ 76.606, 27.503 ], [ 76.621, 27.502 ], [ 76.63, 27.512 ], [ 76.645, 27.511 ], [ 76.653, 27.521 ], [ 76.648, 27.533 ], [ 76.633, 27.534 ], [ 76.627, 27.545 ], [ 76.636, 27.555 ], [ 76.63, 27.567 ], [ 76.639, 27.577 ], [ 76.633, 27.588 ], [ 76.642, 27.598 ], [ 76.636, 27.61 ], [ 76.621, 27.611 ], [ 76.615, 27.622 ], [ 76.624, 27.632 ], [ 76.618, 27.644 ] ] ] ] } },
{ "type": "Feature", "properties": { "POLYGON.ID": 1273.0, "subregion": "​​India--Rajasthan--Jaipu--Aravalli", "FILTER": "Rajasthan", "POLYGON": "​​India--Rajasthan--Jaipu--Aravalli", "STATE": "Rajasthan", "COUNTY": "Aravalli", "OWNER": null }, "geometry": { "type": "MultiPolygon", "coordinates": [ [ [ [ 76.259, 27.411 ], [ 76.253, 27.422 ], [ 76.262, 27.432 ], [ 76.256, 27.444 ], [ 76.265, 27.454 ], [ 76.28, 27.453 ], [ 76.289, 27.463 ], [ 76.283, 27.474 ], [ 76.291, 27.484 ], [ 76.285, 27.496 ], [ 76.294, 27.506 ], [ 76.288, 27.517 ], [ 76.274, 27.518 ], [ 76.268, 27.53 ], [ 76.253, 27.531 ], [ 76.247, 27.542 ], [ 76.232, 27.543 ], [ 76.226, 27.555 ], [ 76.211, 27.556 ], [ 76.205, 27.567 ], [ 76.191, 27.568 ], [ 76.182, 27.558 ], [ 76.167, 27.559 ], [ 76.158, 27.549 ], [ 76.144, 27.55 ], [ 76.135, 27.54 ], [ 76.12, 27.541 ], [ 76.111, 27.531 ], [ 76.117, 27.519 ], [ 76.109, 27.509 ], [ 76.115, 27.498 ], [ 76.106, 27.488 ], [ 76.091, 27.489 ], [ 76.082, 27.479 ], [ 76.068, 27.48 ], [ 76.062, 27.491 ], [ 76.047, 27.492 ], [ 76.041, 27.503 ], [ 76.05, 27.514 ], [ 76.044, 27.525 ], [ 76.052, 27.535 ], [ 76.067, 27.534 ], [ 76.076, 27.544 ], [ 76.07, 27.556 ], [ 76.079, 27.566 ], [ 76.073, 27.577 ], [ 76.058, 27.578 ], [ 76.052, 27.59 ], [ 76.037, 27.591 ], [ 76.031, 27.602 ], [ 76.016, 27.603 ], [ 76.01, 27.615 ], [ 75.996, 27.616 ], [ 75.987, 27.605 ], [ 75.972, 27.607 ], [ 75.963, 27.596 ], [ 75.969, 27.585 ], [ 75.961, 27.575 ], [ 75.946, 27.576 ], [ 75.937, 27.566 ], [ 75.943, 27.554 ], [ 75.934, 27.544 ], [ 75.94, 27.533 ], [ 75.932, 27.522 ], [ 75.938, 27.511 ], [ 75.952, 27.51 ], [ 75.958, 27.499 ], [ 75.973, 27.498 ], [ 75.979, 27.486 ], [ 75.994, 27.485 ], [ 76.0, 27.474 ], [ 75.991, 27.464 ], [ 75.976, 27.465 ], [ 75.968, 27.455 ], [ 75.953, 27.456 ], [ 75.944, 27.445 ], [ 75.929, 27.447 ], [ 75.921, 27.436 ], [ 75.906, 27.437 ], [ 75.897, 27.427 ], [ 75.903, 27.416 ], [ 75.895, 27.406 ], [ 75.88, 27.407 ], [ 75.871, 27.397 ], [ 75.856, 27.398 ], [ 75.85, 27.409 ], [ 75.836, 27.41 ], [ 75.827, 27.4 ], [ 75.812, 27.401 ], [ 75.803, 27.391 ], [ 75.81, 27.379 ], [ 75.801, 27.369 ], [ 75.807, 27.358 ], [ 75.822, 27.357 ], [ 75.828, 27.345 ], [ 75.819, 27.335 ], [ 75.825, 27.324 ], [ 75.816, 27.314 ], [ 75.822, 27.302 ], [ 75.837, 27.301 ], [ 75.843, 27.29 ], [ 75.834, 27.28 ], [ 75.82, 27.281 ], [ 75.811, 27.271 ], [ 75.817, 27.259 ], [ 75.808, 27.249 ], [ 75.794, 27.25 ], [ 75.785, 27.24 ], [ 75.791, 27.229 ], [ 75.782, 27.219 ], [ 75.767, 27.22 ], [ 75.759, 27.21 ], [ 75.765, 27.198 ], [ 75.756, 27.188 ], [ 75.762, 27.177 ], [ 75.754, 27.167 ], [ 75.76, 27.155 ], [ 75.751, 27.145 ], [ 75.757, 27.134 ], [ 75.748, 27.124 ], [ 75.754, 27.112 ], [ 75.746, 27.102 ], [ 75.752, 27.091 ], [ 75.743, 27.081 ], [ 75.749, 27.07 ], [ 75.74, 27.059 ], [ 75.726, 27.06 ], [ 75.717, 27.05 ], [ 75.723, 27.039 ], [ 75.714, 27.029 ], [ 75.7, 27.03 ], [ 75.691, 27.02 ], [ 75.697, 27.008 ], [ 75.688, 26.998 ], [ 75.694, 26.987 ], [ 75.686, 26.977 ], [ 75.671, 26.978 ], [ 75.663, 26.968 ], [ 75.669, 26.956 ], [ 75.66, 26.946 ], [ 75.666, 26.935 ], [ 75.681, 26.934 ], [ 75.687, 26.923 ], [ 75.701, 26.922 ], [ 75.707, 26.91 ], [ 75.722, 26.909 ], [ 75.731, 26.92 ], [ 75.745, 26.918 ], [ 75.751, 26.907 ], [ 75.766, 26.906 ], [ 75.772, 26.895 ], [ 75.763, 26.885 ], [ 75.769, 26.874 ], [ 75.784, 26.872 ], [ 75.79, 26.861 ], [ 75.804, 26.86 ], [ 75.81, 26.849 ], [ 75.825, 26.848 ], [ 75.831, 26.837 ], [ 75.822, 26.827 ], [ 75.828, 26.815 ], [ 75.843, 26.814 ], [ 75.849, 26.803 ], [ 75.863, 26.802 ], [ 75.872, 26.812 ], [ 75.866, 26.823 ], [ 75.875, 26.833 ], [ 75.889, 26.832 ], [ 75.898, 26.843 ], [ 75.913, 26.841 ], [ 75.921, 26.852 ], [ 75.936, 26.851 ], [ 75.945, 26.861 ], [ 75.959, 26.86 ], [ 75.968, 26.87 ], [ 75.982, 26.869 ], [ 75.988, 26.857 ], [ 76.003, 26.856 ], [ 76.009, 26.845 ], [ 76.0, 26.835 ], [ 76.006, 26.824 ], [ 76.021, 26.823 ], [ 76.027, 26.811 ], [ 76.018, 26.801 ], [ 76.024, 26.79 ], [ 76.039, 26.789 ], [ 76.045, 26.778 ], [ 76.036, 26.768 ], [ 76.042, 26.756 ], [ 76.056, 26.755 ], [ 76.062, 26.744 ], [ 76.077, 26.743 ], [ 76.083, 26.732 ], [ 76.097, 26.731 ], [ 76.106, 26.741 ], [ 76.121, 26.74 ], [ 76.129, 26.75 ], [ 76.144, 26.749 ], [ 76.153, 26.759 ], [ 76.167, 26.758 ], [ 76.176, 26.768 ], [ 76.19, 26.767 ], [ 76.199, 26.777 ], [ 76.193, 26.788 ], [ 76.202, 26.798 ], [ 76.216, 26.797 ], [ 76.225, 26.807 ], [ 76.219, 26.819 ], [ 76.228, 26.829 ], [ 76.222, 26.84 ], [ 76.231, 26.85 ], [ 76.225, 26.861 ], [ 76.233, 26.871 ], [ 76.227, 26.883 ], [ 76.236, 26.893 ], [ 76.23, 26.904 ], [ 76.239, 26.914 ], [ 76.233, 26.925 ], [ 76.242, 26.936 ], [ 76.236, 26.947 ], [ 76.245, 26.957 ], [ 76.239, 26.968 ], [ 76.247, 26.978 ], [ 76.262, 26.977 ], [ 76.271, 26.987 ], [ 76.265, 26.999 ], [ 76.273, 27.009 ], [ 76.268, 27.02 ], [ 76.276, 27.03 ], [ 76.291, 27.029 ], [ 76.3, 27.039 ], [ 76.294, 27.05 ], [ 76.302, 27.061 ], [ 76.297, 27.072 ], [ 76.305, 27.082 ], [ 76.299, 27.093 ], [ 76.308, 27.103 ], [ 76.302, 27.115 ], [ 76.287, 27.116 ], [ 76.282, 27.127 ], [ 76.29, 27.137 ], [ 76.284, 27.149 ], [ 76.27, 27.15 ], [ 76.261, 27.14 ], [ 76.246, 27.141 ], [ 76.238, 27.13 ], [ 76.223, 27.132 ], [ 76.217, 27.143 ], [ 76.226, 27.153 ], [ 76.22, 27.164 ], [ 76.205, 27.165 ], [ 76.199, 27.177 ], [ 76.208, 27.187 ], [ 76.202, 27.198 ], [ 76.211, 27.208 ], [ 76.205, 27.22 ], [ 76.214, 27.23 ], [ 76.228, 27.229 ], [ 76.237, 27.239 ], [ 76.231, 27.25 ], [ 76.24, 27.26 ], [ 76.234, 27.272 ], [ 76.243, 27.282 ], [ 76.237, 27.293 ], [ 76.245, 27.303 ], [ 76.239, 27.315 ], [ 76.248, 27.325 ], [ 76.242, 27.336 ], [ 76.251, 27.346 ], [ 76.245, 27.358 ], [ 76.23, 27.359 ], [ 76.224, 27.37 ], [ 76.233, 27.38 ], [ 76.227, 27.392 ], [ 76.236, 27.402 ], [ 76.251, 27.401 ], [ 76.259, 27.411 ] ] ] ] } },
{ "type": "Feature", "properties": { "POLYGON.ID": 1272.0, "subregion": "India--Rajasthan--Jhunjhun--Aravalli", "FILTER": "Rajasthan", "POLYGON": "India--Rajasthan--Jhunjhun--Aravalli", "STATE": "Rajasthan", "COUNTY": "Aravalli", "OWNER": null }, "geometry": { "type": "MultiPolygon", "coordinates": [ [ [ [ 75.895, 28.125 ], [ 75.88, 28.127 ], [ 75.874, 28.138 ], [ 75.859, 28.139 ], [ 75.851, 28.129 ], [ 75.836, 28.13 ], [ 75.827, 28.12 ], [ 75.812, 28.121 ], [ 75.803, 28.11 ], [ 75.788, 28.112 ], [ 75.78, 28.101 ], [ 75.765, 28.102 ], [ 75.756, 28.092 ], [ 75.741, 28.093 ], [ 75.732, 28.083 ], [ 75.738, 28.071 ], [ 75.73, 28.061 ], [ 75.715, 28.062 ], [ 75.706, 28.052 ], [ 75.691, 28.053 ], [ 75.682, 28.043 ], [ 75.688, 28.031 ], [ 75.68, 28.021 ], [ 75.686, 28.01 ], [ 75.677, 27.999 ], [ 75.683, 27.988 ], [ 75.674, 27.978 ], [ 75.68, 27.966 ], [ 75.672, 27.956 ], [ 75.678, 27.945 ], [ 75.669, 27.934 ], [ 75.675, 27.923 ], [ 75.666, 27.913 ], [ 75.651, 27.914 ], [ 75.643, 27.903 ], [ 75.649, 27.892 ], [ 75.64, 27.882 ], [ 75.625, 27.883 ], [ 75.616, 27.873 ], [ 75.602, 27.874 ], [ 75.593, 27.863 ], [ 75.578, 27.864 ], [ 75.569, 27.854 ], [ 75.554, 27.855 ], [ 75.546, 27.845 ], [ 75.552, 27.834 ], [ 75.543, 27.823 ], [ 75.528, 27.824 ], [ 75.52, 27.814 ], [ 75.526, 27.803 ], [ 75.517, 27.792 ], [ 75.502, 27.793 ], [ 75.493, 27.783 ], [ 75.479, 27.784 ], [ 75.47, 27.774 ], [ 75.455, 27.775 ], [ 75.446, 27.765 ], [ 75.453, 27.753 ], [ 75.444, 27.743 ], [ 75.429, 27.744 ], [ 75.42, 27.734 ], [ 75.405, 27.735 ], [ 75.397, 27.725 ], [ 75.382, 27.726 ], [ 75.373, 27.715 ], [ 75.379, 27.704 ], [ 75.371, 27.694 ], [ 75.377, 27.682 ], [ 75.392, 27.681 ], [ 75.398, 27.67 ], [ 75.413, 27.669 ], [ 75.419, 27.658 ], [ 75.434, 27.657 ], [ 75.442, 27.667 ], [ 75.457, 27.666 ], [ 75.466, 27.676 ], [ 75.46, 27.687 ], [ 75.468, 27.698 ], [ 75.483, 27.697 ], [ 75.492, 27.707 ], [ 75.507, 27.706 ], [ 75.513, 27.695 ], [ 75.528, 27.693 ], [ 75.536, 27.704 ], [ 75.551, 27.703 ], [ 75.56, 27.713 ], [ 75.575, 27.712 ], [ 75.581, 27.701 ], [ 75.595, 27.7 ], [ 75.604, 27.71 ], [ 75.619, 27.709 ], [ 75.625, 27.697 ], [ 75.64, 27.696 ], [ 75.649, 27.707 ], [ 75.663, 27.705 ], [ 75.67, 27.694 ], [ 75.684, 27.693 ], [ 75.693, 27.703 ], [ 75.687, 27.715 ], [ 75.696, 27.725 ], [ 75.71, 27.724 ], [ 75.719, 27.734 ], [ 75.713, 27.745 ], [ 75.722, 27.756 ], [ 75.716, 27.767 ], [ 75.725, 27.777 ], [ 75.739, 27.776 ], [ 75.748, 27.787 ], [ 75.742, 27.798 ], [ 75.751, 27.808 ], [ 75.766, 27.807 ], [ 75.774, 27.817 ], [ 75.768, 27.829 ], [ 75.777, 27.839 ], [ 75.792, 27.838 ], [ 75.801, 27.848 ], [ 75.815, 27.847 ], [ 75.824, 27.857 ], [ 75.839, 27.856 ], [ 75.848, 27.867 ], [ 75.842, 27.878 ], [ 75.851, 27.888 ], [ 75.865, 27.887 ], [ 75.874, 27.897 ], [ 75.889, 27.896 ], [ 75.898, 27.907 ], [ 75.913, 27.905 ], [ 75.921, 27.916 ], [ 75.936, 27.915 ], [ 75.942, 27.903 ], [ 75.957, 27.902 ], [ 75.966, 27.912 ], [ 75.981, 27.911 ], [ 75.99, 27.922 ], [ 75.983, 27.933 ], [ 75.992, 27.943 ], [ 76.007, 27.942 ], [ 76.016, 27.952 ], [ 76.01, 27.964 ], [ 76.019, 27.974 ], [ 76.034, 27.973 ], [ 76.042, 27.983 ], [ 76.036, 27.995 ], [ 76.045, 28.005 ], [ 76.06, 28.004 ], [ 76.069, 28.014 ], [ 76.084, 28.013 ], [ 76.092, 28.023 ], [ 76.086, 28.034 ], [ 76.095, 28.045 ], [ 76.089, 28.056 ], [ 76.098, 28.066 ], [ 76.092, 28.078 ], [ 76.077, 28.079 ], [ 76.071, 28.09 ], [ 76.056, 28.092 ], [ 76.047, 28.081 ], [ 76.033, 28.082 ], [ 76.026, 28.094 ], [ 76.012, 28.095 ], [ 76.003, 28.085 ], [ 75.988, 28.086 ], [ 75.979, 28.075 ], [ 75.964, 28.077 ], [ 75.958, 28.088 ], [ 75.943, 28.089 ], [ 75.937, 28.1 ], [ 75.922, 28.102 ], [ 75.916, 28.113 ], [ 75.901, 28.114 ], [ 75.895, 28.125 ] ] ] ] } },
{ "type": "Feature", "properties": { "POLYGON.ID": 1271.0, "subregion": "India--Rajasthan--Sikar--Aravalli (east)", "FILTER": "Rajasthan", "POLYGON": "India--Rajasthan--Sikar--Aravalli (east)", "STATE": "Rajasthan", "COUNTY": "Sikar", "OWNER": null }, "geometry": { "type": "MultiPolygon", "coordinates": [ [ [ [ 75.806, 27.412 ], [ 75.812, 27.401 ], [ 75.827, 27.4 ], [ 75.836, 27.41 ], [ 75.85, 27.409 ], [ 75.856, 27.398 ], [ 75.871, 27.397 ], [ 75.88, 27.407 ], [ 75.895, 27.406 ], [ 75.903, 27.416 ], [ 75.897, 27.427 ], [ 75.906, 27.437 ], [ 75.921, 27.436 ], [ 75.929, 27.447 ], [ 75.944, 27.445 ], [ 75.953, 27.456 ], [ 75.968, 27.455 ], [ 75.976, 27.465 ], [ 75.991, 27.464 ], [ 76.0, 27.474 ], [ 75.994, 27.485 ], [ 75.979, 27.486 ], [ 75.973, 27.498 ], [ 75.958, 27.499 ], [ 75.952, 27.51 ], [ 75.938, 27.511 ], [ 75.932, 27.522 ], [ 75.94, 27.533 ], [ 75.934, 27.544 ], [ 75.943, 27.554 ], [ 75.937, 27.566 ], [ 75.946, 27.576 ], [ 75.961, 27.575 ], [ 75.969, 27.585 ], [ 75.963, 27.596 ], [ 75.972, 27.607 ], [ 75.987, 27.605 ], [ 75.996, 27.616 ], [ 76.01, 27.615 ], [ 76.019, 27.625 ], [ 76.013, 27.636 ], [ 76.022, 27.646 ], [ 76.037, 27.645 ], [ 76.045, 27.655 ], [ 76.06, 27.654 ], [ 76.069, 27.665 ], [ 76.063, 27.676 ], [ 76.072, 27.686 ], [ 76.066, 27.698 ], [ 76.074, 27.708 ], [ 76.089, 27.707 ], [ 76.098, 27.717 ], [ 76.092, 27.728 ], [ 76.101, 27.738 ], [ 76.095, 27.75 ], [ 76.104, 27.76 ], [ 76.098, 27.771 ], [ 76.106, 27.782 ], [ 76.1, 27.793 ], [ 76.109, 27.803 ], [ 76.124, 27.802 ], [ 76.133, 27.812 ], [ 76.127, 27.824 ], [ 76.136, 27.834 ], [ 76.13, 27.845 ], [ 76.115, 27.847 ], [ 76.106, 27.836 ], [ 76.091, 27.837 ], [ 76.082, 27.827 ], [ 76.067, 27.828 ], [ 76.061, 27.84 ], [ 76.047, 27.841 ], [ 76.038, 27.831 ], [ 76.023, 27.832 ], [ 76.017, 27.843 ], [ 76.002, 27.844 ], [ 75.993, 27.834 ], [ 75.979, 27.835 ], [ 75.972, 27.846 ], [ 75.981, 27.857 ], [ 75.975, 27.868 ], [ 75.984, 27.878 ], [ 75.978, 27.89 ], [ 75.987, 27.9 ], [ 75.981, 27.911 ], [ 75.966, 27.912 ], [ 75.957, 27.902 ], [ 75.942, 27.903 ], [ 75.936, 27.915 ], [ 75.921, 27.916 ], [ 75.913, 27.905 ], [ 75.898, 27.907 ], [ 75.889, 27.896 ], [ 75.874, 27.897 ], [ 75.865, 27.887 ], [ 75.851, 27.888 ], [ 75.842, 27.878 ], [ 75.848, 27.867 ], [ 75.839, 27.856 ], [ 75.824, 27.857 ], [ 75.815, 27.847 ], [ 75.801, 27.848 ], [ 75.792, 27.838 ], [ 75.777, 27.839 ], [ 75.768, 27.829 ], [ 75.774, 27.817 ], [ 75.766, 27.807 ], [ 75.751, 27.808 ], [ 75.742, 27.798 ], [ 75.748, 27.787 ], [ 75.739, 27.776 ], [ 75.725, 27.777 ], [ 75.716, 27.767 ], [ 75.722, 27.756 ], [ 75.713, 27.745 ], [ 75.719, 27.734 ], [ 75.71, 27.724 ], [ 75.696, 27.725 ], [ 75.687, 27.715 ], [ 75.693, 27.703 ], [ 75.684, 27.693 ], [ 75.69, 27.682 ], [ 75.682, 27.671 ], [ 75.688, 27.66 ], [ 75.679, 27.65 ], [ 75.685, 27.639 ], [ 75.676, 27.628 ], [ 75.682, 27.617 ], [ 75.674, 27.607 ], [ 75.68, 27.595 ], [ 75.695, 27.594 ], [ 75.701, 27.583 ], [ 75.715, 27.582 ], [ 75.722, 27.571 ], [ 75.736, 27.57 ], [ 75.742, 27.558 ], [ 75.734, 27.548 ], [ 75.74, 27.537 ], [ 75.731, 27.526 ], [ 75.737, 27.515 ], [ 75.752, 27.514 ], [ 75.758, 27.503 ], [ 75.749, 27.492 ], [ 75.755, 27.481 ], [ 75.77, 27.48 ], [ 75.776, 27.469 ], [ 75.767, 27.459 ], [ 75.773, 27.447 ], [ 75.765, 27.437 ], [ 75.771, 27.426 ], [ 75.785, 27.425 ], [ 75.791, 27.413 ], [ 75.806, 27.412 ] ] ] ] } },
{ "type": "Feature", "properties": { "POLYGON.ID": 1270.0, "subregion": "India--Rajasthan--Sikar--Aravalli (west)", "FILTER": "Rajasthan", "POLYGON": "India--Rajasthan--Sikar--Aravalli (west)", "STATE": "Rajasthan", "COUNTY": "Sikar", "OWNER": null }, "geometry": { "type": "MultiPolygon", "coordinates": [ [ [ [ 75.388, 27.584 ], [ 75.402, 27.583 ], [ 75.411, 27.593 ], [ 75.426, 27.592 ], [ 75.435, 27.602 ], [ 75.449, 27.601 ], [ 75.455, 27.59 ], [ 75.47, 27.589 ], [ 75.479, 27.599 ], [ 75.494, 27.598 ], [ 75.5, 27.587 ], [ 75.515, 27.586 ], [ 75.523, 27.596 ], [ 75.538, 27.595 ], [ 75.544, 27.583 ], [ 75.559, 27.582 ], [ 75.565, 27.571 ], [ 75.58, 27.57 ], [ 75.589, 27.58 ], [ 75.603, 27.579 ], [ 75.609, 27.568 ], [ 75.624, 27.567 ], [ 75.633, 27.577 ], [ 75.648, 27.576 ], [ 75.656, 27.586 ], [ 75.65, 27.598 ], [ 75.659, 27.608 ], [ 75.674, 27.607 ], [ 75.682, 27.617 ], [ 75.676, 27.628 ], [ 75.685, 27.639 ], [ 75.679, 27.65 ], [ 75.688, 27.66 ], [ 75.682, 27.671 ], [ 75.69, 27.682 ], [ 75.684, 27.693 ], [ 75.67, 27.694 ], [ 75.663, 27.705 ], [ 75.649, 27.707 ], [ 75.64, 27.696 ], [ 75.625, 27.697 ], [ 75.619, 27.709 ], [ 75.604, 27.71 ], [ 75.595, 27.7 ], [ 75.581, 27.701 ], [ 75.575, 27.712 ], [ 75.56, 27.713 ], [ 75.551, 27.703 ], [ 75.536, 27.704 ], [ 75.528, 27.693 ], [ 75.513, 27.695 ], [ 75.507, 27.706 ], [ 75.492, 27.707 ], [ 75.483, 27.697 ], [ 75.468, 27.698 ], [ 75.46, 27.687 ], [ 75.466, 27.676 ], [ 75.457, 27.666 ], [ 75.442, 27.667 ], [ 75.434, 27.657 ], [ 75.419, 27.658 ], [ 75.413, 27.669 ], [ 75.398, 27.67 ], [ 75.392, 27.681 ], [ 75.377, 27.682 ], [ 75.371, 27.694 ], [ 75.356, 27.695 ], [ 75.347, 27.684 ], [ 75.332, 27.686 ], [ 75.326, 27.697 ], [ 75.311, 27.698 ], [ 75.303, 27.688 ], [ 75.309, 27.676 ], [ 75.3, 27.666 ], [ 75.285, 27.667 ], [ 75.277, 27.657 ], [ 75.283, 27.645 ], [ 75.274, 27.635 ], [ 75.28, 27.624 ], [ 75.272, 27.614 ], [ 75.278, 27.602 ], [ 75.269, 27.592 ], [ 75.254, 27.593 ], [ 75.246, 27.583 ], [ 75.231, 27.584 ], [ 75.222, 27.573 ], [ 75.208, 27.574 ], [ 75.199, 27.564 ], [ 75.184, 27.565 ], [ 75.176, 27.555 ], [ 75.161, 27.556 ], [ 75.152, 27.546 ], [ 75.137, 27.547 ], [ 75.129, 27.536 ], [ 75.135, 27.525 ], [ 75.126, 27.515 ], [ 75.132, 27.503 ], [ 75.124, 27.493 ], [ 75.109, 27.494 ], [ 75.1, 27.484 ], [ 75.107, 27.473 ], [ 75.098, 27.462 ], [ 75.104, 27.451 ], [ 75.095, 27.441 ], [ 75.102, 27.429 ], [ 75.093, 27.419 ], [ 75.099, 27.408 ], [ 75.091, 27.398 ], [ 75.097, 27.386 ], [ 75.088, 27.376 ], [ 75.094, 27.365 ], [ 75.086, 27.355 ], [ 75.092, 27.343 ], [ 75.083, 27.333 ], [ 75.089, 27.322 ], [ 75.104, 27.321 ], [ 75.11, 27.31 ], [ 75.125, 27.309 ], [ 75.134, 27.319 ], [ 75.148, 27.318 ], [ 75.155, 27.306 ], [ 75.169, 27.305 ], [ 75.175, 27.294 ], [ 75.19, 27.293 ], [ 75.196, 27.282 ], [ 75.211, 27.281 ], [ 75.22, 27.291 ], [ 75.213, 27.302 ], [ 75.222, 27.313 ], [ 75.237, 27.312 ], [ 75.245, 27.322 ], [ 75.26, 27.321 ], [ 75.269, 27.331 ], [ 75.263, 27.342 ], [ 75.271, 27.353 ], [ 75.286, 27.352 ], [ 75.295, 27.362 ], [ 75.289, 27.373 ], [ 75.297, 27.383 ], [ 75.291, 27.395 ], [ 75.3, 27.405 ], [ 75.314, 27.404 ], [ 75.323, 27.414 ], [ 75.317, 27.425 ], [ 75.326, 27.436 ], [ 75.34, 27.435 ], [ 75.349, 27.445 ], [ 75.343, 27.456 ], [ 75.351, 27.467 ], [ 75.345, 27.478 ], [ 75.354, 27.488 ], [ 75.348, 27.499 ], [ 75.357, 27.51 ], [ 75.35, 27.521 ], [ 75.336, 27.522 ], [ 75.33, 27.533 ], [ 75.338, 27.544 ], [ 75.332, 27.555 ], [ 75.341, 27.565 ], [ 75.356, 27.564 ], [ 75.364, 27.574 ], [ 75.379, 27.573 ], [ 75.388, 27.584 ] ] ] ] } },
{ "type": "Feature", "properties": { "POLYGON.ID": 1269.0, "subregion": "India--Rajasthan--Sambhar Lake", "FILTER": "Rajasthan", "POLYGON": "India--Rajasthan--Sambhar Lake", "STATE": "Rajasthan", "COUNTY": "spl_region", "OWNER": null }, "geometry": { "type": "MultiPolygon", "coordinates": [ [ [ [ 74.987, 26.81 ], [ 75.002, 26.809 ], [ 75.011, 26.819 ], [ 75.025, 26.818 ], [ 75.031, 26.807 ], [ 75.046, 26.806 ], [ 75.054, 26.816 ], [ 75.069, 26.815 ], [ 75.078, 26.825 ], [ 75.092, 26.824 ], [ 75.101, 26.834 ], [ 75.115, 26.833 ], [ 75.124, 26.843 ], [ 75.139, 26.842 ], [ 75.145, 26.831 ], [ 75.159, 26.83 ], [ 75.168, 26.84 ], [ 75.182, 26.839 ], [ 75.191, 26.85 ], [ 75.206, 26.849 ], [ 75.214, 26.859 ], [ 75.229, 26.858 ], [ 75.237, 26.868 ], [ 75.231, 26.879 ], [ 75.24, 26.889 ], [ 75.255, 26.888 ], [ 75.263, 26.899 ], [ 75.278, 26.898 ], [ 75.286, 26.908 ], [ 75.301, 26.907 ], [ 75.31, 26.917 ], [ 75.303, 26.928 ], [ 75.312, 26.938 ], [ 75.327, 26.937 ], [ 75.335, 26.948 ], [ 75.329, 26.959 ], [ 75.314, 26.96 ], [ 75.308, 26.971 ], [ 75.294, 26.972 ], [ 75.285, 26.962 ], [ 75.271, 26.963 ], [ 75.264, 26.974 ], [ 75.25, 26.975 ], [ 75.241, 26.965 ], [ 75.227, 26.966 ], [ 75.22, 26.977 ], [ 75.206, 26.978 ], [ 75.2, 26.989 ], [ 75.185, 26.99 ], [ 75.179, 27.002 ], [ 75.164, 27.003 ], [ 75.158, 27.014 ], [ 75.167, 27.024 ], [ 75.161, 27.035 ], [ 75.169, 27.046 ], [ 75.163, 27.057 ], [ 75.172, 27.067 ], [ 75.165, 27.078 ], [ 75.151, 27.079 ], [ 75.142, 27.069 ], [ 75.128, 27.07 ], [ 75.119, 27.06 ], [ 75.104, 27.061 ], [ 75.098, 27.072 ], [ 75.083, 27.073 ], [ 75.075, 27.063 ], [ 75.06, 27.064 ], [ 75.054, 27.075 ], [ 75.039, 27.076 ], [ 75.031, 27.066 ], [ 75.016, 27.067 ], [ 75.008, 27.057 ], [ 75.014, 27.045 ], [ 75.005, 27.035 ], [ 74.991, 27.036 ], [ 74.982, 27.026 ], [ 74.967, 27.027 ], [ 74.961, 27.038 ], [ 74.946, 27.039 ], [ 74.94, 27.05 ], [ 74.926, 27.051 ], [ 74.917, 27.041 ], [ 74.902, 27.042 ], [ 74.894, 27.032 ], [ 74.9, 27.021 ], [ 74.892, 27.01 ], [ 74.898, 26.999 ], [ 74.889, 26.989 ], [ 74.895, 26.978 ], [ 74.887, 26.967 ], [ 74.893, 26.956 ], [ 74.884, 26.946 ], [ 74.891, 26.935 ], [ 74.905, 26.934 ], [ 74.911, 26.923 ], [ 74.926, 26.922 ], [ 74.932, 26.91 ], [ 74.947, 26.909 ], [ 74.953, 26.898 ], [ 74.968, 26.897 ], [ 74.974, 26.886 ], [ 74.965, 26.876 ], [ 74.971, 26.865 ], [ 74.963, 26.854 ], [ 74.969, 26.843 ], [ 74.961, 26.833 ], [ 74.946, 26.834 ], [ 74.937, 26.824 ], [ 74.943, 26.813 ], [ 74.958, 26.812 ], [ 74.964, 26.8 ], [ 74.979, 26.799 ], [ 74.987, 26.81 ] ] ] ] } },
{ "type": "Feature", "properties": { "POLYGON.ID": 1268.0, "subregion": "India--Rajasthan--Nagaur--Aravalli", "FILTER": "Rajasthan", "POLYGON": "India--Rajasthan--Nagaur--Aravalli", "STATE": "Rajasthan", "COUNTY": "Nagaur", "OWNER": null }, "geometry": { "type": "MultiPolygon", "coordinates": [ [ [ [ 74.942, 27.202 ], [ 74.936, 27.213 ], [ 74.945, 27.223 ], [ 74.959, 27.222 ], [ 74.968, 27.232 ], [ 74.962, 27.244 ], [ 74.97, 27.254 ], [ 74.964, 27.265 ], [ 74.95, 27.266 ], [ 74.943, 27.277 ], [ 74.929, 27.278 ], [ 74.92, 27.268 ], [ 74.926, 27.257 ], [ 74.918, 27.247 ], [ 74.924, 27.235 ], [ 74.915, 27.225 ], [ 74.901, 27.226 ], [ 74.892, 27.216 ], [ 74.898, 27.205 ], [ 74.89, 27.194 ], [ 74.896, 27.183 ], [ 74.887, 27.173 ], [ 74.873, 27.174 ], [ 74.864, 27.164 ], [ 74.87, 27.152 ], [ 74.862, 27.142 ], [ 74.847, 27.143 ], [ 74.838, 27.133 ], [ 74.824, 27.134 ], [ 74.815, 27.123 ], [ 74.821, 27.112 ], [ 74.813, 27.102 ], [ 74.798, 27.103 ], [ 74.79, 27.093 ], [ 74.796, 27.081 ], [ 74.787, 27.071 ], [ 74.773, 27.072 ], [ 74.764, 27.062 ], [ 74.749, 27.063 ], [ 74.741, 27.053 ], [ 74.747, 27.041 ], [ 74.739, 27.031 ], [ 74.745, 27.02 ], [ 74.736, 27.01 ], [ 74.722, 27.011 ], [ 74.713, 27.0 ], [ 74.719, 26.989 ], [ 74.711, 26.979 ], [ 74.696, 26.98 ], [ 74.688, 26.97 ], [ 74.673, 26.971 ], [ 74.664, 26.96 ], [ 74.671, 26.949 ], [ 74.662, 26.939 ], [ 74.668, 26.928 ], [ 74.66, 26.918 ], [ 74.666, 26.906 ], [ 74.657, 26.896 ], [ 74.664, 26.885 ], [ 74.655, 26.875 ], [ 74.661, 26.863 ], [ 74.653, 26.853 ], [ 74.659, 26.842 ], [ 74.651, 26.832 ], [ 74.657, 26.821 ], [ 74.648, 26.81 ], [ 74.655, 26.799 ], [ 74.646, 26.789 ], [ 74.652, 26.778 ], [ 74.644, 26.768 ], [ 74.65, 26.756 ], [ 74.665, 26.755 ], [ 74.673, 26.766 ], [ 74.688, 26.765 ], [ 74.696, 26.775 ], [ 74.711, 26.774 ], [ 74.719, 26.784 ], [ 74.734, 26.783 ], [ 74.74, 26.772 ], [ 74.755, 26.771 ], [ 74.763, 26.781 ], [ 74.778, 26.78 ], [ 74.786, 26.791 ], [ 74.801, 26.79 ], [ 74.809, 26.8 ], [ 74.803, 26.811 ], [ 74.812, 26.821 ], [ 74.806, 26.832 ], [ 74.814, 26.843 ], [ 74.808, 26.854 ], [ 74.816, 26.864 ], [ 74.81, 26.875 ], [ 74.819, 26.886 ], [ 74.833, 26.885 ], [ 74.842, 26.895 ], [ 74.836, 26.906 ], [ 74.844, 26.916 ], [ 74.838, 26.927 ], [ 74.847, 26.938 ], [ 74.84, 26.949 ], [ 74.849, 26.959 ], [ 74.864, 26.958 ], [ 74.872, 26.968 ], [ 74.887, 26.967 ], [ 74.895, 26.978 ], [ 74.889, 26.989 ], [ 74.898, 26.999 ], [ 74.892, 27.01 ], [ 74.9, 27.021 ], [ 74.894, 27.032 ], [ 74.902, 27.042 ], [ 74.917, 27.041 ], [ 74.926, 27.051 ], [ 74.94, 27.05 ], [ 74.946, 27.039 ], [ 74.961, 27.038 ], [ 74.967, 27.027 ], [ 74.982, 27.026 ], [ 74.991, 27.036 ], [ 75.005, 27.035 ], [ 75.014, 27.045 ], [ 75.008, 27.057 ], [ 75.016, 27.067 ], [ 75.031, 27.066 ], [ 75.039, 27.076 ], [ 75.054, 27.075 ], [ 75.06, 27.064 ], [ 75.075, 27.063 ], [ 75.083, 27.073 ], [ 75.098, 27.072 ], [ 75.104, 27.061 ], [ 75.119, 27.06 ], [ 75.128, 27.07 ], [ 75.142, 27.069 ], [ 75.151, 27.079 ], [ 75.165, 27.078 ], [ 75.174, 27.089 ], [ 75.168, 27.1 ], [ 75.177, 27.11 ], [ 75.17, 27.121 ], [ 75.156, 27.122 ], [ 75.15, 27.133 ], [ 75.158, 27.144 ], [ 75.152, 27.155 ], [ 75.137, 27.156 ], [ 75.131, 27.167 ], [ 75.14, 27.177 ], [ 75.134, 27.189 ], [ 75.142, 27.199 ], [ 75.136, 27.21 ], [ 75.145, 27.22 ], [ 75.159, 27.219 ], [ 75.168, 27.23 ], [ 75.162, 27.241 ], [ 75.17, 27.251 ], [ 75.185, 27.25 ], [ 75.194, 27.26 ], [ 75.209, 27.259 ], [ 75.217, 27.27 ], [ 75.211, 27.281 ], [ 75.196, 27.282 ], [ 75.19, 27.293 ], [ 75.175, 27.294 ], [ 75.169, 27.305 ], [ 75.155, 27.306 ], [ 75.148, 27.318 ], [ 75.134, 27.319 ], [ 75.125, 27.309 ], [ 75.11, 27.31 ], [ 75.104, 27.321 ], [ 75.089, 27.322 ], [ 75.083, 27.333 ], [ 75.069, 27.334 ], [ 75.06, 27.324 ], [ 75.045, 27.325 ], [ 75.037, 27.315 ], [ 75.043, 27.303 ], [ 75.034, 27.293 ], [ 75.04, 27.282 ], [ 75.032, 27.271 ], [ 75.038, 27.26 ], [ 75.053, 27.259 ], [ 75.059, 27.248 ], [ 75.05, 27.238 ], [ 75.056, 27.226 ], [ 75.048, 27.216 ], [ 75.033, 27.217 ], [ 75.025, 27.207 ], [ 75.031, 27.196 ], [ 75.022, 27.185 ], [ 75.007, 27.186 ], [ 74.999, 27.176 ], [ 74.984, 27.177 ], [ 74.976, 27.167 ], [ 74.982, 27.156 ], [ 74.973, 27.145 ], [ 74.979, 27.134 ], [ 74.971, 27.124 ], [ 74.977, 27.113 ], [ 74.968, 27.102 ], [ 74.975, 27.091 ], [ 74.966, 27.081 ], [ 74.951, 27.082 ], [ 74.943, 27.072 ], [ 74.928, 27.073 ], [ 74.922, 27.084 ], [ 74.93, 27.094 ], [ 74.924, 27.105 ], [ 74.91, 27.106 ], [ 74.903, 27.118 ], [ 74.912, 27.128 ], [ 74.927, 27.127 ], [ 74.935, 27.137 ], [ 74.929, 27.148 ], [ 74.938, 27.159 ], [ 74.931, 27.17 ], [ 74.94, 27.18 ], [ 74.934, 27.191 ], [ 74.942, 27.202 ] ] ] ] } },
{ "type": "Feature", "properties": { "POLYGON.ID": 1267.0, "subregion": "India--Rajasthan--Ajmer Aravalli (upper)", "FILTER": "Rajasthan", "POLYGON": "India--Rajasthan--Ajmer Aravalli (upper)", "STATE": "Rajasthan", "COUNTY": "Aravalli", "OWNER": null }, "geometry": { "type": "MultiPolygon", "coordinates": [ [ [ [ 74.567, 26.246 ], [ 74.573, 26.235 ], [ 74.587, 26.234 ], [ 74.596, 26.244 ], [ 74.61, 26.243 ], [ 74.619, 26.254 ], [ 74.612, 26.265 ], [ 74.621, 26.275 ], [ 74.635, 26.274 ], [ 74.644, 26.284 ], [ 74.658, 26.283 ], [ 74.667, 26.293 ], [ 74.681, 26.292 ], [ 74.687, 26.281 ], [ 74.702, 26.28 ], [ 74.708, 26.269 ], [ 74.723, 26.268 ], [ 74.731, 26.279 ], [ 74.725, 26.29 ], [ 74.733, 26.3 ], [ 74.727, 26.311 ], [ 74.735, 26.321 ], [ 74.729, 26.332 ], [ 74.738, 26.342 ], [ 74.732, 26.353 ], [ 74.74, 26.364 ], [ 74.734, 26.375 ], [ 74.742, 26.385 ], [ 74.757, 26.384 ], [ 74.765, 26.394 ], [ 74.759, 26.405 ], [ 74.768, 26.415 ], [ 74.782, 26.415 ], [ 74.791, 26.425 ], [ 74.785, 26.436 ], [ 74.793, 26.446 ], [ 74.808, 26.445 ], [ 74.816, 26.455 ], [ 74.831, 26.454 ], [ 74.839, 26.464 ], [ 74.833, 26.476 ], [ 74.841, 26.486 ], [ 74.835, 26.497 ], [ 74.844, 26.507 ], [ 74.858, 26.506 ], [ 74.867, 26.516 ], [ 74.861, 26.527 ], [ 74.869, 26.538 ], [ 74.884, 26.537 ], [ 74.892, 26.547 ], [ 74.886, 26.558 ], [ 74.894, 26.568 ], [ 74.909, 26.567 ], [ 74.917, 26.577 ], [ 74.911, 26.589 ], [ 74.92, 26.599 ], [ 74.914, 26.61 ], [ 74.922, 26.62 ], [ 74.916, 26.631 ], [ 74.925, 26.641 ], [ 74.918, 26.653 ], [ 74.904, 26.654 ], [ 74.898, 26.665 ], [ 74.906, 26.675 ], [ 74.9, 26.686 ], [ 74.909, 26.696 ], [ 74.902, 26.708 ], [ 74.911, 26.718 ], [ 74.905, 26.729 ], [ 74.89, 26.73 ], [ 74.884, 26.741 ], [ 74.893, 26.751 ], [ 74.886, 26.762 ], [ 74.895, 26.773 ], [ 74.889, 26.784 ], [ 74.897, 26.794 ], [ 74.891, 26.805 ], [ 74.9, 26.815 ], [ 74.893, 26.827 ], [ 74.902, 26.837 ], [ 74.896, 26.848 ], [ 74.904, 26.858 ], [ 74.919, 26.857 ], [ 74.927, 26.868 ], [ 74.921, 26.879 ], [ 74.907, 26.88 ], [ 74.901, 26.891 ], [ 74.886, 26.892 ], [ 74.877, 26.882 ], [ 74.884, 26.87 ], [ 74.875, 26.86 ], [ 74.86, 26.861 ], [ 74.852, 26.851 ], [ 74.858, 26.84 ], [ 74.85, 26.83 ], [ 74.856, 26.818 ], [ 74.847, 26.808 ], [ 74.853, 26.797 ], [ 74.845, 26.787 ], [ 74.851, 26.776 ], [ 74.842, 26.765 ], [ 74.849, 26.754 ], [ 74.84, 26.744 ], [ 74.846, 26.733 ], [ 74.838, 26.723 ], [ 74.823, 26.724 ], [ 74.815, 26.713 ], [ 74.821, 26.702 ], [ 74.812, 26.692 ], [ 74.819, 26.681 ], [ 74.81, 26.671 ], [ 74.795, 26.672 ], [ 74.787, 26.661 ], [ 74.793, 26.65 ], [ 74.785, 26.64 ], [ 74.791, 26.629 ], [ 74.782, 26.619 ], [ 74.788, 26.607 ], [ 74.78, 26.597 ], [ 74.786, 26.586 ], [ 74.778, 26.576 ], [ 74.784, 26.565 ], [ 74.775, 26.555 ], [ 74.761, 26.556 ], [ 74.755, 26.567 ], [ 74.74, 26.568 ], [ 74.734, 26.579 ], [ 74.719, 26.58 ], [ 74.713, 26.591 ], [ 74.722, 26.601 ], [ 74.715, 26.612 ], [ 74.724, 26.622 ], [ 74.718, 26.634 ], [ 74.726, 26.644 ], [ 74.72, 26.655 ], [ 74.729, 26.665 ], [ 74.743, 26.664 ], [ 74.752, 26.674 ], [ 74.745, 26.686 ], [ 74.754, 26.696 ], [ 74.769, 26.695 ], [ 74.777, 26.705 ], [ 74.771, 26.716 ], [ 74.779, 26.726 ], [ 74.773, 26.738 ], [ 74.782, 26.748 ], [ 74.796, 26.747 ], [ 74.805, 26.757 ], [ 74.799, 26.768 ], [ 74.807, 26.778 ], [ 74.801, 26.79 ], [ 74.786, 26.791 ], [ 74.778, 26.78 ], [ 74.763, 26.781 ], [ 74.755, 26.771 ], [ 74.74, 26.772 ], [ 74.734, 26.783 ], [ 74.719, 26.784 ], [ 74.711, 26.774 ], [ 74.696, 26.775 ], [ 74.688, 26.765 ], [ 74.673, 26.766 ], [ 74.665, 26.755 ], [ 74.65, 26.756 ], [ 74.642, 26.746 ], [ 74.627, 26.747 ], [ 74.618, 26.737 ], [ 74.625, 26.726 ], [ 74.616, 26.715 ], [ 74.622, 26.704 ], [ 74.614, 26.694 ], [ 74.599, 26.695 ], [ 74.591, 26.685 ], [ 74.597, 26.674 ], [ 74.589, 26.663 ], [ 74.595, 26.652 ], [ 74.586, 26.642 ], [ 74.572, 26.643 ], [ 74.563, 26.633 ], [ 74.569, 26.622 ], [ 74.561, 26.611 ], [ 74.546, 26.612 ], [ 74.538, 26.602 ], [ 74.523, 26.603 ], [ 74.515, 26.593 ], [ 74.521, 26.582 ], [ 74.513, 26.572 ], [ 74.498, 26.572 ], [ 74.49, 26.562 ], [ 74.496, 26.551 ], [ 74.488, 26.541 ], [ 74.473, 26.542 ], [ 74.465, 26.532 ], [ 74.471, 26.52 ], [ 74.462, 26.51 ], [ 74.468, 26.499 ], [ 74.46, 26.489 ], [ 74.445, 26.49 ], [ 74.437, 26.48 ], [ 74.443, 26.468 ], [ 74.458, 26.468 ], [ 74.464, 26.456 ], [ 74.479, 26.456 ], [ 74.485, 26.444 ], [ 74.476, 26.434 ], [ 74.483, 26.423 ], [ 74.474, 26.413 ], [ 74.46, 26.414 ], [ 74.451, 26.404 ], [ 74.457, 26.393 ], [ 74.449, 26.382 ], [ 74.455, 26.371 ], [ 74.47, 26.37 ], [ 74.476, 26.359 ], [ 74.468, 26.349 ], [ 74.474, 26.338 ], [ 74.488, 26.337 ], [ 74.494, 26.326 ], [ 74.486, 26.316 ], [ 74.492, 26.305 ], [ 74.484, 26.294 ], [ 74.49, 26.283 ], [ 74.505, 26.282 ], [ 74.511, 26.271 ], [ 74.525, 26.27 ], [ 74.531, 26.259 ], [ 74.546, 26.258 ], [ 74.552, 26.247 ], [ 74.567, 26.246 ] ] ] ] } },
{ "type": "Feature", "properties": { "POLYGON.ID": 1266.0, "subregion": "India--Rajasthan--Ajmer Aravalli (lower)", "FILTER": "Rajasthan", "POLYGON": "India--Rajasthan--Ajmer Aravalli (lower)", "STATE": "Rajasthan", "COUNTY": "Aravalli", "OWNER": null }, "geometry": { "type": "MultiPolygon", "coordinates": [ [ [ [ 74.35, 26.206 ], [ 74.344, 26.218 ], [ 74.353, 26.228 ], [ 74.346, 26.239 ], [ 74.355, 26.249 ], [ 74.349, 26.26 ], [ 74.357, 26.27 ], [ 74.351, 26.281 ], [ 74.359, 26.292 ], [ 74.353, 26.303 ], [ 74.338, 26.304 ], [ 74.332, 26.315 ], [ 74.341, 26.325 ], [ 74.334, 26.336 ], [ 74.343, 26.346 ], [ 74.337, 26.357 ], [ 74.345, 26.367 ], [ 74.339, 26.379 ], [ 74.324, 26.379 ], [ 74.318, 26.391 ], [ 74.303, 26.391 ], [ 74.295, 26.381 ], [ 74.28, 26.382 ], [ 74.272, 26.372 ], [ 74.258, 26.373 ], [ 74.251, 26.384 ], [ 74.26, 26.394 ], [ 74.254, 26.405 ], [ 74.262, 26.415 ], [ 74.256, 26.427 ], [ 74.241, 26.427 ], [ 74.233, 26.417 ], [ 74.218, 26.418 ], [ 74.21, 26.408 ], [ 74.216, 26.397 ], [ 74.208, 26.387 ], [ 74.193, 26.388 ], [ 74.185, 26.377 ], [ 74.191, 26.366 ], [ 74.183, 26.356 ], [ 74.168, 26.357 ], [ 74.16, 26.347 ], [ 74.166, 26.336 ], [ 74.158, 26.325 ], [ 74.143, 26.326 ], [ 74.135, 26.316 ], [ 74.12, 26.317 ], [ 74.112, 26.307 ], [ 74.118, 26.296 ], [ 74.11, 26.285 ], [ 74.095, 26.286 ], [ 74.087, 26.276 ], [ 74.093, 26.265 ], [ 74.085, 26.255 ], [ 74.07, 26.256 ], [ 74.062, 26.246 ], [ 74.068, 26.234 ], [ 74.06, 26.224 ], [ 74.066, 26.213 ], [ 74.058, 26.203 ], [ 74.043, 26.204 ], [ 74.035, 26.194 ], [ 74.041, 26.183 ], [ 74.033, 26.172 ], [ 74.039, 26.161 ], [ 74.054, 26.16 ], [ 74.06, 26.149 ], [ 74.074, 26.149 ], [ 74.083, 26.159 ], [ 74.097, 26.158 ], [ 74.106, 26.168 ], [ 74.12, 26.167 ], [ 74.126, 26.156 ], [ 74.118, 26.146 ], [ 74.124, 26.135 ], [ 74.116, 26.125 ], [ 74.122, 26.114 ], [ 74.114, 26.103 ], [ 74.099, 26.104 ], [ 74.091, 26.094 ], [ 74.097, 26.083 ], [ 74.089, 26.073 ], [ 74.095, 26.062 ], [ 74.11, 26.061 ], [ 74.116, 26.05 ], [ 74.13, 26.049 ], [ 74.136, 26.038 ], [ 74.151, 26.037 ], [ 74.157, 26.026 ], [ 74.172, 26.025 ], [ 74.178, 26.014 ], [ 74.17, 26.004 ], [ 74.155, 26.005 ], [ 74.147, 25.995 ], [ 74.153, 25.984 ], [ 74.145, 25.973 ], [ 74.151, 25.962 ], [ 74.143, 25.952 ], [ 74.149, 25.941 ], [ 74.14, 25.931 ], [ 74.147, 25.92 ], [ 74.138, 25.91 ], [ 74.124, 25.911 ], [ 74.116, 25.901 ], [ 74.122, 25.89 ], [ 74.114, 25.879 ], [ 74.12, 25.868 ], [ 74.111, 25.858 ], [ 74.097, 25.859 ], [ 74.089, 25.849 ], [ 74.095, 25.838 ], [ 74.087, 25.828 ], [ 74.093, 25.817 ], [ 74.085, 25.807 ], [ 74.091, 25.796 ], [ 74.083, 25.785 ], [ 74.089, 25.774 ], [ 74.08, 25.764 ], [ 74.087, 25.753 ], [ 74.101, 25.752 ], [ 74.109, 25.763 ], [ 74.124, 25.762 ], [ 74.132, 25.772 ], [ 74.146, 25.771 ], [ 74.155, 25.781 ], [ 74.169, 25.78 ], [ 74.177, 25.79 ], [ 74.192, 25.789 ], [ 74.2, 25.8 ], [ 74.215, 25.799 ], [ 74.221, 25.788 ], [ 74.235, 25.787 ], [ 74.243, 25.797 ], [ 74.258, 25.796 ], [ 74.266, 25.806 ], [ 74.281, 25.805 ], [ 74.289, 25.815 ], [ 74.303, 25.814 ], [ 74.312, 25.825 ], [ 74.306, 25.836 ], [ 74.314, 25.846 ], [ 74.328, 25.845 ], [ 74.337, 25.855 ], [ 74.351, 25.854 ], [ 74.359, 25.864 ], [ 74.353, 25.875 ], [ 74.361, 25.885 ], [ 74.355, 25.896 ], [ 74.364, 25.907 ], [ 74.357, 25.918 ], [ 74.366, 25.928 ], [ 74.38, 25.927 ], [ 74.386, 25.916 ], [ 74.401, 25.915 ], [ 74.409, 25.925 ], [ 74.424, 25.924 ], [ 74.432, 25.934 ], [ 74.426, 25.945 ], [ 74.434, 25.956 ], [ 74.449, 25.955 ], [ 74.457, 25.965 ], [ 74.471, 25.964 ], [ 74.48, 25.974 ], [ 74.494, 25.973 ], [ 74.503, 25.983 ], [ 74.496, 25.994 ], [ 74.505, 26.004 ], [ 74.499, 26.015 ], [ 74.507, 26.026 ], [ 74.501, 26.037 ], [ 74.509, 26.047 ], [ 74.503, 26.058 ], [ 74.511, 26.068 ], [ 74.505, 26.079 ], [ 74.514, 26.089 ], [ 74.507, 26.1 ], [ 74.516, 26.11 ], [ 74.51, 26.122 ], [ 74.518, 26.132 ], [ 74.512, 26.143 ], [ 74.52, 26.153 ], [ 74.535, 26.152 ], [ 74.543, 26.162 ], [ 74.537, 26.173 ], [ 74.545, 26.183 ], [ 74.56, 26.183 ], [ 74.568, 26.193 ], [ 74.562, 26.204 ], [ 74.57, 26.214 ], [ 74.585, 26.213 ], [ 74.593, 26.223 ], [ 74.587, 26.234 ], [ 74.573, 26.235 ], [ 74.567, 26.246 ], [ 74.552, 26.247 ], [ 74.546, 26.258 ], [ 74.531, 26.259 ], [ 74.525, 26.27 ], [ 74.511, 26.271 ], [ 74.502, 26.261 ], [ 74.488, 26.262 ], [ 74.479, 26.252 ], [ 74.486, 26.241 ], [ 74.477, 26.231 ], [ 74.483, 26.219 ], [ 74.475, 26.209 ], [ 74.46, 26.21 ], [ 74.452, 26.2 ], [ 74.458, 26.189 ], [ 74.45, 26.179 ], [ 74.435, 26.18 ], [ 74.429, 26.191 ], [ 74.415, 26.192 ], [ 74.409, 26.203 ], [ 74.394, 26.204 ], [ 74.386, 26.194 ], [ 74.371, 26.194 ], [ 74.365, 26.206 ], [ 74.35, 26.206 ] ] ] ] } },
{ "type": "Feature", "properties": { "POLYGON.ID": 1265.0, "subregion": "India--Rajasthan--Todgarh WLS", "FILTER": "Rajasthan", "POLYGON": "India--Rajasthan--Todgarh WLS", "STATE": "Rajasthan", "COUNTY": "spl_region", "OWNER": null }, "geometry": { "type": "MultiPolygon", "coordinates": [ [ [ [ 73.662, 25.396 ], [ 73.654, 25.386 ], [ 73.639, 25.387 ], [ 73.631, 25.377 ], [ 73.637, 25.366 ], [ 73.629, 25.356 ], [ 73.615, 25.357 ], [ 73.607, 25.347 ], [ 73.613, 25.336 ], [ 73.627, 25.335 ], [ 73.634, 25.324 ], [ 73.648, 25.323 ], [ 73.654, 25.312 ], [ 73.668, 25.311 ], [ 73.677, 25.321 ], [ 73.691, 25.321 ], [ 73.697, 25.31 ], [ 73.712, 25.309 ], [ 73.718, 25.298 ], [ 73.732, 25.297 ], [ 73.74, 25.307 ], [ 73.734, 25.318 ], [ 73.742, 25.328 ], [ 73.757, 25.327 ], [ 73.765, 25.337 ], [ 73.759, 25.348 ], [ 73.767, 25.358 ], [ 73.76, 25.369 ], [ 73.769, 25.38 ], [ 73.783, 25.379 ], [ 73.791, 25.389 ], [ 73.785, 25.4 ], [ 73.793, 25.41 ], [ 73.807, 25.409 ], [ 73.816, 25.419 ], [ 73.809, 25.43 ], [ 73.818, 25.44 ], [ 73.832, 25.439 ], [ 73.84, 25.449 ], [ 73.834, 25.46 ], [ 73.842, 25.471 ], [ 73.836, 25.482 ], [ 73.844, 25.492 ], [ 73.859, 25.491 ], [ 73.867, 25.501 ], [ 73.861, 25.512 ], [ 73.869, 25.522 ], [ 73.863, 25.533 ], [ 73.871, 25.543 ], [ 73.865, 25.554 ], [ 73.873, 25.564 ], [ 73.867, 25.575 ], [ 73.875, 25.585 ], [ 73.869, 25.596 ], [ 73.877, 25.606 ], [ 73.891, 25.606 ], [ 73.899, 25.616 ], [ 73.893, 25.627 ], [ 73.901, 25.637 ], [ 73.916, 25.636 ], [ 73.924, 25.646 ], [ 73.918, 25.657 ], [ 73.926, 25.667 ], [ 73.94, 25.666 ], [ 73.949, 25.676 ], [ 73.963, 25.676 ], [ 73.971, 25.686 ], [ 73.965, 25.697 ], [ 73.973, 25.707 ], [ 73.988, 25.706 ], [ 73.996, 25.716 ], [ 73.99, 25.727 ], [ 73.998, 25.737 ], [ 74.012, 25.736 ], [ 74.021, 25.747 ], [ 74.035, 25.746 ], [ 74.043, 25.756 ], [ 74.058, 25.755 ], [ 74.066, 25.765 ], [ 74.08, 25.764 ], [ 74.089, 25.774 ], [ 74.083, 25.785 ], [ 74.091, 25.796 ], [ 74.085, 25.807 ], [ 74.093, 25.817 ], [ 74.087, 25.828 ], [ 74.095, 25.838 ], [ 74.089, 25.849 ], [ 74.097, 25.859 ], [ 74.111, 25.858 ], [ 74.12, 25.868 ], [ 74.114, 25.879 ], [ 74.122, 25.89 ], [ 74.116, 25.901 ], [ 74.124, 25.911 ], [ 74.138, 25.91 ], [ 74.147, 25.92 ], [ 74.14, 25.931 ], [ 74.149, 25.941 ], [ 74.143, 25.952 ], [ 74.151, 25.962 ], [ 74.145, 25.973 ], [ 74.153, 25.984 ], [ 74.147, 25.995 ], [ 74.155, 26.005 ], [ 74.17, 26.004 ], [ 74.178, 26.014 ], [ 74.172, 26.025 ], [ 74.157, 26.026 ], [ 74.151, 26.037 ], [ 74.136, 26.038 ], [ 74.13, 26.049 ], [ 74.116, 26.05 ], [ 74.11, 26.061 ], [ 74.095, 26.062 ], [ 74.087, 26.052 ], [ 74.072, 26.052 ], [ 74.064, 26.042 ], [ 74.05, 26.043 ], [ 74.041, 26.033 ], [ 74.047, 26.022 ], [ 74.039, 26.012 ], [ 74.045, 26.001 ], [ 74.037, 25.991 ], [ 74.023, 25.991 ], [ 74.014, 25.981 ], [ 74.021, 25.97 ], [ 74.012, 25.96 ], [ 73.998, 25.961 ], [ 73.99, 25.951 ], [ 73.996, 25.94 ], [ 73.988, 25.93 ], [ 73.994, 25.919 ], [ 73.985, 25.908 ], [ 73.971, 25.909 ], [ 73.963, 25.899 ], [ 73.948, 25.9 ], [ 73.94, 25.89 ], [ 73.926, 25.891 ], [ 73.917, 25.88 ], [ 73.903, 25.881 ], [ 73.895, 25.871 ], [ 73.901, 25.86 ], [ 73.893, 25.85 ], [ 73.899, 25.839 ], [ 73.891, 25.829 ], [ 73.897, 25.818 ], [ 73.889, 25.808 ], [ 73.874, 25.808 ], [ 73.866, 25.798 ], [ 73.872, 25.787 ], [ 73.864, 25.777 ], [ 73.87, 25.766 ], [ 73.862, 25.756 ], [ 73.847, 25.757 ], [ 73.839, 25.747 ], [ 73.845, 25.736 ], [ 73.837, 25.726 ], [ 73.823, 25.726 ], [ 73.815, 25.716 ], [ 73.821, 25.705 ], [ 73.813, 25.695 ], [ 73.819, 25.684 ], [ 73.811, 25.674 ], [ 73.817, 25.663 ], [ 73.809, 25.653 ], [ 73.815, 25.642 ], [ 73.807, 25.632 ], [ 73.813, 25.621 ], [ 73.805, 25.611 ], [ 73.79, 25.611 ], [ 73.782, 25.601 ], [ 73.788, 25.59 ], [ 73.78, 25.58 ], [ 73.786, 25.569 ], [ 73.778, 25.559 ], [ 73.784, 25.548 ], [ 73.776, 25.538 ], [ 73.782, 25.527 ], [ 73.774, 25.517 ], [ 73.76, 25.518 ], [ 73.752, 25.508 ], [ 73.737, 25.508 ], [ 73.729, 25.498 ], [ 73.735, 25.487 ], [ 73.727, 25.477 ], [ 73.713, 25.478 ], [ 73.705, 25.468 ], [ 73.711, 25.457 ], [ 73.703, 25.447 ], [ 73.709, 25.436 ], [ 73.701, 25.426 ], [ 73.707, 25.415 ], [ 73.699, 25.405 ], [ 73.684, 25.406 ], [ 73.676, 25.395 ], [ 73.662, 25.396 ] ] ] ] } },
{ "type": "Feature", "properties": { "POLYGON.ID": 1264.0, "subregion": "India--Rajasthan--Rajsamand--Aravalli", "FILTER": "Rajasthan", "POLYGON": "India--Rajasthan--Rajsamand--Aravalli", "STATE": "Rajasthan", "COUNTY": "Aravalli", "OWNER": null }, "geometry": { "type": "MultiPolygon", "coordinates": [ [ [ [ 73.594, 24.883 ], [ 73.608, 24.882 ], [ 73.616, 24.893 ], [ 73.61, 24.903 ], [ 73.618, 24.913 ], [ 73.612, 24.924 ], [ 73.62, 24.934 ], [ 73.634, 24.934 ], [ 73.642, 24.944 ], [ 73.636, 24.955 ], [ 73.644, 24.965 ], [ 73.658, 24.964 ], [ 73.666, 24.974 ], [ 73.66, 24.985 ], [ 73.668, 24.995 ], [ 73.683, 24.994 ], [ 73.691, 25.004 ], [ 73.705, 25.003 ], [ 73.713, 25.013 ], [ 73.707, 25.024 ], [ 73.715, 25.034 ], [ 73.709, 25.045 ], [ 73.695, 25.046 ], [ 73.688, 25.057 ], [ 73.696, 25.067 ], [ 73.69, 25.078 ], [ 73.698, 25.088 ], [ 73.692, 25.099 ], [ 73.7, 25.109 ], [ 73.694, 25.12 ], [ 73.68, 25.121 ], [ 73.674, 25.131 ], [ 73.659, 25.132 ], [ 73.653, 25.143 ], [ 73.639, 25.144 ], [ 73.631, 25.134 ], [ 73.616, 25.135 ], [ 73.61, 25.146 ], [ 73.596, 25.146 ], [ 73.588, 25.136 ], [ 73.573, 25.137 ], [ 73.565, 25.127 ], [ 73.551, 25.128 ], [ 73.543, 25.118 ], [ 73.529, 25.119 ], [ 73.521, 25.108 ], [ 73.506, 25.109 ], [ 73.498, 25.099 ], [ 73.504, 25.088 ], [ 73.496, 25.078 ], [ 73.502, 25.067 ], [ 73.494, 25.057 ], [ 73.501, 25.046 ], [ 73.493, 25.036 ], [ 73.499, 25.025 ], [ 73.491, 25.015 ], [ 73.497, 25.004 ], [ 73.511, 25.004 ], [ 73.517, 24.993 ], [ 73.509, 24.983 ], [ 73.515, 24.972 ], [ 73.507, 24.962 ], [ 73.514, 24.951 ], [ 73.528, 24.95 ], [ 73.534, 24.939 ], [ 73.548, 24.938 ], [ 73.555, 24.928 ], [ 73.546, 24.917 ], [ 73.553, 24.907 ], [ 73.567, 24.906 ], [ 73.573, 24.895 ], [ 73.587, 24.894 ], [ 73.594, 24.883 ] ] ] ] } },
{ "type": "Feature", "properties": { "POLYGON.ID": 1263.0, "subregion": "India--Rajasthan--Kumbalgarh WLS", "FILTER": "Rajasthan", "POLYGON": "India--Rajasthan--Kumbalgarh WLS", "STATE": "Rajasthan", "COUNTY": "spl_region", "OWNER": null }, "geometry": { "type": "MultiPolygon", "coordinates": [ [ [ [ 73.659, 25.132 ], [ 73.674, 25.131 ], [ 73.68, 25.121 ], [ 73.694, 25.12 ], [ 73.702, 25.13 ], [ 73.717, 25.129 ], [ 73.725, 25.139 ], [ 73.718, 25.15 ], [ 73.727, 25.16 ], [ 73.741, 25.159 ], [ 73.749, 25.169 ], [ 73.743, 25.18 ], [ 73.751, 25.19 ], [ 73.745, 25.201 ], [ 73.731, 25.202 ], [ 73.724, 25.213 ], [ 73.71, 25.214 ], [ 73.704, 25.225 ], [ 73.712, 25.235 ], [ 73.706, 25.246 ], [ 73.714, 25.256 ], [ 73.708, 25.267 ], [ 73.716, 25.277 ], [ 73.71, 25.288 ], [ 73.718, 25.298 ], [ 73.712, 25.309 ], [ 73.697, 25.31 ], [ 73.691, 25.321 ], [ 73.677, 25.321 ], [ 73.668, 25.311 ], [ 73.654, 25.312 ], [ 73.648, 25.323 ], [ 73.634, 25.324 ], [ 73.627, 25.335 ], [ 73.613, 25.336 ], [ 73.605, 25.325 ], [ 73.611, 25.315 ], [ 73.603, 25.304 ], [ 73.589, 25.305 ], [ 73.58, 25.295 ], [ 73.587, 25.284 ], [ 73.579, 25.274 ], [ 73.585, 25.263 ], [ 73.577, 25.253 ], [ 73.562, 25.254 ], [ 73.554, 25.244 ], [ 73.56, 25.233 ], [ 73.552, 25.223 ], [ 73.538, 25.224 ], [ 73.53, 25.213 ], [ 73.516, 25.214 ], [ 73.507, 25.204 ], [ 73.493, 25.205 ], [ 73.485, 25.195 ], [ 73.491, 25.184 ], [ 73.483, 25.174 ], [ 73.469, 25.175 ], [ 73.461, 25.165 ], [ 73.446, 25.165 ], [ 73.438, 25.155 ], [ 73.424, 25.156 ], [ 73.416, 25.146 ], [ 73.402, 25.147 ], [ 73.394, 25.137 ], [ 73.379, 25.137 ], [ 73.371, 25.127 ], [ 73.357, 25.128 ], [ 73.349, 25.118 ], [ 73.355, 25.107 ], [ 73.347, 25.097 ], [ 73.353, 25.086 ], [ 73.367, 25.085 ], [ 73.374, 25.075 ], [ 73.388, 25.074 ], [ 73.394, 25.063 ], [ 73.386, 25.053 ], [ 73.392, 25.042 ], [ 73.407, 25.041 ], [ 73.413, 25.03 ], [ 73.427, 25.029 ], [ 73.435, 25.039 ], [ 73.45, 25.039 ], [ 73.458, 25.049 ], [ 73.472, 25.048 ], [ 73.48, 25.058 ], [ 73.494, 25.057 ], [ 73.502, 25.067 ], [ 73.496, 25.078 ], [ 73.504, 25.088 ], [ 73.498, 25.099 ], [ 73.506, 25.109 ], [ 73.521, 25.108 ], [ 73.529, 25.119 ], [ 73.543, 25.118 ], [ 73.551, 25.128 ], [ 73.565, 25.127 ], [ 73.573, 25.137 ], [ 73.588, 25.136 ], [ 73.596, 25.146 ], [ 73.61, 25.146 ], [ 73.616, 25.135 ], [ 73.631, 25.134 ], [ 73.639, 25.144 ], [ 73.653, 25.143 ], [ 73.659, 25.132 ] ] ] ] } },
{ "type": "Feature", "properties": { "POLYGON.ID": 1262.0, "subregion": "India--Rajasthan--Pali--Aravalli", "FILTER": "Rajasthan", "POLYGON": "India--Rajasthan--Pali--Aravalli", "STATE": "Rajasthan", "COUNTY": "Pali", "OWNER": null }, "geometry": { "type": "MultiPolygon", "coordinates": [ [ [ [ 73.357, 24.96 ], [ 73.365, 24.97 ], [ 73.358, 24.981 ], [ 73.366, 24.991 ], [ 73.36, 25.002 ], [ 73.368, 25.012 ], [ 73.383, 25.011 ], [ 73.391, 25.021 ], [ 73.405, 25.02 ], [ 73.413, 25.03 ], [ 73.407, 25.041 ], [ 73.392, 25.042 ], [ 73.386, 25.053 ], [ 73.394, 25.063 ], [ 73.388, 25.074 ], [ 73.374, 25.075 ], [ 73.367, 25.085 ], [ 73.353, 25.086 ], [ 73.347, 25.097 ], [ 73.333, 25.098 ], [ 73.325, 25.088 ], [ 73.31, 25.089 ], [ 73.302, 25.078 ], [ 73.308, 25.068 ], [ 73.3, 25.057 ], [ 73.286, 25.058 ], [ 73.278, 25.048 ], [ 73.264, 25.049 ], [ 73.256, 25.039 ], [ 73.241, 25.04 ], [ 73.233, 25.03 ], [ 73.219, 25.03 ], [ 73.211, 25.02 ], [ 73.217, 25.009 ], [ 73.209, 24.999 ], [ 73.195, 25.0 ], [ 73.187, 24.99 ], [ 73.193, 24.979 ], [ 73.185, 24.969 ], [ 73.171, 24.97 ], [ 73.163, 24.96 ], [ 73.169, 24.949 ], [ 73.161, 24.939 ], [ 73.167, 24.928 ], [ 73.159, 24.918 ], [ 73.145, 24.919 ], [ 73.137, 24.908 ], [ 73.143, 24.898 ], [ 73.135, 24.888 ], [ 73.141, 24.877 ], [ 73.133, 24.867 ], [ 73.14, 24.856 ], [ 73.132, 24.846 ], [ 73.138, 24.835 ], [ 73.152, 24.834 ], [ 73.159, 24.823 ], [ 73.173, 24.822 ], [ 73.179, 24.812 ], [ 73.171, 24.802 ], [ 73.177, 24.791 ], [ 73.169, 24.781 ], [ 73.175, 24.77 ], [ 73.19, 24.769 ], [ 73.198, 24.779 ], [ 73.212, 24.778 ], [ 73.22, 24.788 ], [ 73.234, 24.788 ], [ 73.242, 24.798 ], [ 73.257, 24.797 ], [ 73.265, 24.807 ], [ 73.258, 24.818 ], [ 73.266, 24.828 ], [ 73.281, 24.827 ], [ 73.289, 24.837 ], [ 73.282, 24.848 ], [ 73.29, 24.858 ], [ 73.305, 24.857 ], [ 73.313, 24.867 ], [ 73.327, 24.867 ], [ 73.335, 24.877 ], [ 73.329, 24.888 ], [ 73.337, 24.898 ], [ 73.351, 24.897 ], [ 73.359, 24.907 ], [ 73.353, 24.918 ], [ 73.361, 24.928 ], [ 73.355, 24.939 ], [ 73.363, 24.949 ], [ 73.357, 24.96 ] ] ] ] } },
{ "type": "Feature", "properties": { "POLYGON.ID": 1257.0, "subregion": "India--Rajasthan--Sirohi--Mt. Abu", "FILTER": "Rajasthan", "POLYGON": "India--Rajasthan--Sirohi--Mt. Abu", "STATE": "Rajasthan", "COUNTY": "Sirohi", "OWNER": null }, "geometry": { "type": "MultiPolygon", "coordinates": [ [ [ [ 72.754, 24.687 ], [ 72.76, 24.676 ], [ 72.752, 24.666 ], [ 72.738, 24.667 ], [ 72.73, 24.657 ], [ 72.737, 24.646 ], [ 72.729, 24.636 ], [ 72.714, 24.637 ], [ 72.706, 24.627 ], [ 72.692, 24.627 ], [ 72.684, 24.617 ], [ 72.691, 24.606 ], [ 72.683, 24.596 ], [ 72.668, 24.597 ], [ 72.661, 24.587 ], [ 72.667, 24.576 ], [ 72.659, 24.566 ], [ 72.665, 24.555 ], [ 72.68, 24.555 ], [ 72.686, 24.544 ], [ 72.7, 24.543 ], [ 72.706, 24.532 ], [ 72.721, 24.532 ], [ 72.727, 24.521 ], [ 72.741, 24.52 ], [ 72.749, 24.53 ], [ 72.763, 24.53 ], [ 72.771, 24.54 ], [ 72.785, 24.539 ], [ 72.793, 24.549 ], [ 72.787, 24.56 ], [ 72.795, 24.57 ], [ 72.789, 24.581 ], [ 72.796, 24.591 ], [ 72.811, 24.59 ], [ 72.819, 24.6 ], [ 72.812, 24.611 ], [ 72.82, 24.621 ], [ 72.834, 24.62 ], [ 72.842, 24.63 ], [ 72.836, 24.641 ], [ 72.844, 24.651 ], [ 72.858, 24.65 ], [ 72.866, 24.66 ], [ 72.86, 24.671 ], [ 72.868, 24.681 ], [ 72.862, 24.692 ], [ 72.87, 24.702 ], [ 72.863, 24.713 ], [ 72.849, 24.714 ], [ 72.843, 24.724 ], [ 72.828, 24.725 ], [ 72.821, 24.715 ], [ 72.806, 24.716 ], [ 72.798, 24.706 ], [ 72.784, 24.706 ], [ 72.776, 24.696 ], [ 72.762, 24.697 ], [ 72.754, 24.687 ] ] ] ] } },
{ "type": "Feature", "properties": { "POLYGON.ID": 1258.0, "subregion": "India--Rajasthan--Sirohi--Mt. Abu transition", "FILTER": "Rajasthan", "POLYGON": "India--Rajasthan--Sirohi--Mt. Abu transition", "STATE": "Rajasthan", "COUNTY": "Sirohi", "OWNER": null }, "geometry": { "type": "MultiPolygon", "coordinates": [ [ [ [ 72.743, 24.73 ], [ 72.735, 24.719 ], [ 72.721, 24.72 ], [ 72.713, 24.71 ], [ 72.719, 24.699 ], [ 72.711, 24.689 ], [ 72.718, 24.678 ], [ 72.71, 24.668 ], [ 72.695, 24.669 ], [ 72.688, 24.659 ], [ 72.673, 24.66 ], [ 72.665, 24.65 ], [ 72.672, 24.639 ], [ 72.664, 24.629 ], [ 72.67, 24.618 ], [ 72.662, 24.608 ], [ 72.648, 24.609 ], [ 72.64, 24.599 ], [ 72.646, 24.588 ], [ 72.638, 24.578 ], [ 72.624, 24.578 ], [ 72.616, 24.568 ], [ 72.623, 24.558 ], [ 72.615, 24.547 ], [ 72.601, 24.548 ], [ 72.593, 24.538 ], [ 72.578, 24.539 ], [ 72.571, 24.529 ], [ 72.577, 24.518 ], [ 72.569, 24.508 ], [ 72.575, 24.497 ], [ 72.59, 24.496 ], [ 72.596, 24.486 ], [ 72.61, 24.485 ], [ 72.616, 24.474 ], [ 72.631, 24.474 ], [ 72.637, 24.463 ], [ 72.651, 24.462 ], [ 72.657, 24.451 ], [ 72.672, 24.451 ], [ 72.678, 24.44 ], [ 72.67, 24.43 ], [ 72.676, 24.419 ], [ 72.69, 24.418 ], [ 72.698, 24.428 ], [ 72.712, 24.428 ], [ 72.72, 24.438 ], [ 72.735, 24.437 ], [ 72.742, 24.447 ], [ 72.736, 24.458 ], [ 72.744, 24.468 ], [ 72.738, 24.479 ], [ 72.746, 24.489 ], [ 72.739, 24.499 ], [ 72.747, 24.509 ], [ 72.762, 24.509 ], [ 72.769, 24.519 ], [ 72.784, 24.518 ], [ 72.792, 24.528 ], [ 72.806, 24.527 ], [ 72.814, 24.537 ], [ 72.807, 24.548 ], [ 72.815, 24.558 ], [ 72.83, 24.558 ], [ 72.837, 24.568 ], [ 72.831, 24.578 ], [ 72.839, 24.588 ], [ 72.833, 24.599 ], [ 72.841, 24.609 ], [ 72.855, 24.609 ], [ 72.863, 24.619 ], [ 72.857, 24.629 ], [ 72.865, 24.639 ], [ 72.879, 24.639 ], [ 72.887, 24.649 ], [ 72.88, 24.66 ], [ 72.888, 24.67 ], [ 72.903, 24.669 ], [ 72.911, 24.679 ], [ 72.904, 24.69 ], [ 72.912, 24.7 ], [ 72.906, 24.711 ], [ 72.892, 24.711 ], [ 72.885, 24.722 ], [ 72.893, 24.732 ], [ 72.887, 24.743 ], [ 72.873, 24.744 ], [ 72.867, 24.755 ], [ 72.852, 24.755 ], [ 72.844, 24.745 ], [ 72.83, 24.746 ], [ 72.824, 24.757 ], [ 72.81, 24.758 ], [ 72.802, 24.748 ], [ 72.787, 24.748 ], [ 72.779, 24.738 ], [ 72.765, 24.739 ], [ 72.759, 24.75 ], [ 72.745, 24.75 ], [ 72.737, 24.74 ], [ 72.743, 24.73 ] ], [ [ 72.667, 24.576 ], [ 72.661, 24.587 ], [ 72.668, 24.597 ], [ 72.683, 24.596 ], [ 72.691, 24.606 ], [ 72.684, 24.617 ], [ 72.692, 24.627 ], [ 72.706, 24.627 ], [ 72.714, 24.637 ], [ 72.729, 24.636 ], [ 72.737, 24.646 ], [ 72.73, 24.657 ], [ 72.738, 24.667 ], [ 72.752, 24.666 ], [ 72.76, 24.676 ], [ 72.754, 24.687 ], [ 72.762, 24.697 ], [ 72.776, 24.696 ], [ 72.784, 24.706 ], [ 72.798, 24.706 ], [ 72.806, 24.716 ], [ 72.821, 24.715 ], [ 72.828, 24.725 ], [ 72.843, 24.724 ], [ 72.849, 24.714 ], [ 72.863, 24.713 ], [ 72.87, 24.702 ], [ 72.862, 24.692 ], [ 72.868, 24.681 ], [ 72.86, 24.671 ], [ 72.866, 24.66 ], [ 72.858, 24.65 ], [ 72.844, 24.651 ], [ 72.836, 24.641 ], [ 72.842, 24.63 ], [ 72.834, 24.62 ], [ 72.82, 24.621 ], [ 72.812, 24.611 ], [ 72.819, 24.6 ], [ 72.811, 24.59 ], [ 72.796, 24.591 ], [ 72.789, 24.581 ], [ 72.795, 24.57 ], [ 72.787, 24.56 ], [ 72.793, 24.549 ], [ 72.785, 24.539 ], [ 72.771, 24.54 ], [ 72.763, 24.53 ], [ 72.749, 24.53 ], [ 72.741, 24.52 ], [ 72.727, 24.521 ], [ 72.721, 24.532 ], [ 72.706, 24.532 ], [ 72.7, 24.543 ], [ 72.686, 24.544 ], [ 72.68, 24.555 ], [ 72.665, 24.555 ], [ 72.659, 24.566 ], [ 72.667, 24.576 ] ] ] ] } },
{ "type": "Feature", "properties": { "POLYGON.ID": 1259.0, "subregion": "India--Rajasthan--Sirohi--Hills (west)", "FILTER": "Rajasthan", "POLYGON": "India--Rajasthan--Sirohi--Hills (west)", "STATE": "Rajasthan", "COUNTY": "Sirohi", "OWNER": null }, "geometry": { "type": "MultiPolygon", "coordinates": [ [ [ [ 72.427, 24.913 ], [ 72.435, 24.923 ], [ 72.429, 24.934 ], [ 72.415, 24.935 ], [ 72.408, 24.946 ], [ 72.394, 24.946 ], [ 72.388, 24.957 ], [ 72.373, 24.958 ], [ 72.365, 24.948 ], [ 72.351, 24.948 ], [ 72.343, 24.938 ], [ 72.35, 24.928 ], [ 72.342, 24.917 ], [ 72.348, 24.907 ], [ 72.34, 24.896 ], [ 72.347, 24.886 ], [ 72.339, 24.875 ], [ 72.345, 24.865 ], [ 72.337, 24.855 ], [ 72.344, 24.844 ], [ 72.336, 24.834 ], [ 72.342, 24.823 ], [ 72.334, 24.813 ], [ 72.341, 24.802 ], [ 72.333, 24.792 ], [ 72.339, 24.781 ], [ 72.331, 24.771 ], [ 72.338, 24.76 ], [ 72.33, 24.75 ], [ 72.336, 24.739 ], [ 72.328, 24.729 ], [ 72.335, 24.718 ], [ 72.327, 24.708 ], [ 72.333, 24.697 ], [ 72.347, 24.697 ], [ 72.354, 24.686 ], [ 72.346, 24.676 ], [ 72.352, 24.665 ], [ 72.366, 24.664 ], [ 72.373, 24.654 ], [ 72.365, 24.643 ], [ 72.371, 24.633 ], [ 72.386, 24.632 ], [ 72.392, 24.621 ], [ 72.406, 24.621 ], [ 72.412, 24.61 ], [ 72.427, 24.609 ], [ 72.435, 24.619 ], [ 72.449, 24.618 ], [ 72.457, 24.629 ], [ 72.471, 24.628 ], [ 72.477, 24.617 ], [ 72.491, 24.616 ], [ 72.499, 24.626 ], [ 72.493, 24.637 ], [ 72.501, 24.647 ], [ 72.495, 24.658 ], [ 72.502, 24.668 ], [ 72.517, 24.667 ], [ 72.525, 24.678 ], [ 72.518, 24.688 ], [ 72.526, 24.698 ], [ 72.52, 24.709 ], [ 72.506, 24.71 ], [ 72.499, 24.721 ], [ 72.507, 24.731 ], [ 72.501, 24.742 ], [ 72.487, 24.742 ], [ 72.48, 24.753 ], [ 72.466, 24.754 ], [ 72.46, 24.765 ], [ 72.445, 24.765 ], [ 72.439, 24.776 ], [ 72.447, 24.786 ], [ 72.44, 24.797 ], [ 72.448, 24.807 ], [ 72.442, 24.818 ], [ 72.45, 24.828 ], [ 72.444, 24.839 ], [ 72.451, 24.849 ], [ 72.445, 24.86 ], [ 72.453, 24.87 ], [ 72.447, 24.881 ], [ 72.455, 24.891 ], [ 72.448, 24.902 ], [ 72.434, 24.902 ], [ 72.427, 24.913 ] ] ] ] } },
{ "type": "Feature", "properties": { "POLYGON.ID": 1260.0, "subregion": "India--Rajasthan--Sirohi--Aravalli", "FILTER": "Rajasthan", "POLYGON": "India--Rajasthan--Sirohi--Aravalli", "STATE": "Rajasthan", "COUNTY": "Sirohi", "OWNER": null }, "geometry": { "type": "MultiPolygon", "coordinates": [ [ [ [ 73.038, 24.746 ], [ 73.023, 24.746 ], [ 73.015, 24.736 ], [ 73.022, 24.726 ], [ 73.014, 24.716 ], [ 73.02, 24.705 ], [ 73.012, 24.695 ], [ 72.998, 24.695 ], [ 72.99, 24.685 ], [ 72.975, 24.686 ], [ 72.968, 24.676 ], [ 72.953, 24.677 ], [ 72.945, 24.667 ], [ 72.952, 24.656 ], [ 72.944, 24.646 ], [ 72.929, 24.647 ], [ 72.921, 24.637 ], [ 72.928, 24.626 ], [ 72.92, 24.616 ], [ 72.926, 24.605 ], [ 72.918, 24.595 ], [ 72.924, 24.584 ], [ 72.916, 24.574 ], [ 72.923, 24.563 ], [ 72.915, 24.553 ], [ 72.901, 24.554 ], [ 72.893, 24.544 ], [ 72.878, 24.545 ], [ 72.87, 24.534 ], [ 72.877, 24.524 ], [ 72.869, 24.514 ], [ 72.855, 24.514 ], [ 72.847, 24.504 ], [ 72.832, 24.505 ], [ 72.825, 24.495 ], [ 72.81, 24.496 ], [ 72.802, 24.486 ], [ 72.788, 24.486 ], [ 72.78, 24.476 ], [ 72.787, 24.466 ], [ 72.779, 24.456 ], [ 72.765, 24.456 ], [ 72.757, 24.446 ], [ 72.742, 24.447 ], [ 72.735, 24.437 ], [ 72.72, 24.438 ], [ 72.712, 24.428 ], [ 72.698, 24.428 ], [ 72.69, 24.418 ], [ 72.697, 24.408 ], [ 72.689, 24.397 ], [ 72.695, 24.387 ], [ 72.709, 24.386 ], [ 72.716, 24.375 ], [ 72.73, 24.375 ], [ 72.736, 24.364 ], [ 72.75, 24.363 ], [ 72.758, 24.373 ], [ 72.772, 24.372 ], [ 72.778, 24.362 ], [ 72.793, 24.361 ], [ 72.799, 24.35 ], [ 72.813, 24.349 ], [ 72.821, 24.359 ], [ 72.835, 24.359 ], [ 72.843, 24.369 ], [ 72.857, 24.368 ], [ 72.863, 24.357 ], [ 72.878, 24.357 ], [ 72.884, 24.346 ], [ 72.898, 24.345 ], [ 72.904, 24.334 ], [ 72.918, 24.334 ], [ 72.926, 24.344 ], [ 72.941, 24.343 ], [ 72.948, 24.353 ], [ 72.963, 24.352 ], [ 72.971, 24.362 ], [ 72.964, 24.373 ], [ 72.972, 24.383 ], [ 72.966, 24.394 ], [ 72.974, 24.404 ], [ 72.968, 24.414 ], [ 72.976, 24.425 ], [ 72.969, 24.435 ], [ 72.977, 24.445 ], [ 72.971, 24.456 ], [ 72.979, 24.466 ], [ 72.993, 24.465 ], [ 73.001, 24.475 ], [ 72.995, 24.486 ], [ 73.003, 24.496 ], [ 73.017, 24.495 ], [ 73.025, 24.506 ], [ 73.019, 24.516 ], [ 73.027, 24.526 ], [ 73.041, 24.526 ], [ 73.049, 24.536 ], [ 73.043, 24.546 ], [ 73.051, 24.556 ], [ 73.065, 24.556 ], [ 73.073, 24.566 ], [ 73.066, 24.577 ], [ 73.074, 24.587 ], [ 73.068, 24.597 ], [ 73.076, 24.607 ], [ 73.09, 24.607 ], [ 73.098, 24.617 ], [ 73.092, 24.628 ], [ 73.1, 24.638 ], [ 73.094, 24.648 ], [ 73.102, 24.658 ], [ 73.116, 24.658 ], [ 73.124, 24.668 ], [ 73.138, 24.667 ], [ 73.146, 24.677 ], [ 73.14, 24.688 ], [ 73.148, 24.698 ], [ 73.142, 24.709 ], [ 73.15, 24.719 ], [ 73.143, 24.73 ], [ 73.151, 24.74 ], [ 73.145, 24.75 ], [ 73.153, 24.761 ], [ 73.167, 24.76 ], [ 73.175, 24.77 ], [ 73.169, 24.781 ], [ 73.177, 24.791 ], [ 73.171, 24.802 ], [ 73.179, 24.812 ], [ 73.173, 24.822 ], [ 73.159, 24.823 ], [ 73.152, 24.834 ], [ 73.138, 24.835 ], [ 73.132, 24.846 ], [ 73.117, 24.846 ], [ 73.109, 24.836 ], [ 73.095, 24.837 ], [ 73.087, 24.827 ], [ 73.073, 24.828 ], [ 73.065, 24.818 ], [ 73.071, 24.807 ], [ 73.063, 24.797 ], [ 73.069, 24.786 ], [ 73.061, 24.776 ], [ 73.047, 24.777 ], [ 73.039, 24.767 ], [ 73.046, 24.756 ], [ 73.038, 24.746 ] ] ] ] } },
{ "type": "Feature", "properties": { "POLYGON.ID": 1261.0, "subregion": "India--Rajasthan--Sirohi--Hills (north)", "FILTER": "Rajasthan", "POLYGON": "India--Rajasthan--Sirohi--Hills (north)", "STATE": "Rajasthan", "COUNTY": "Sirohi", "OWNER": null }, "geometry": { "type": "MultiPolygon", "coordinates": [ [ [ [ 72.745, 24.75 ], [ 72.759, 24.75 ], [ 72.765, 24.739 ], [ 72.779, 24.738 ], [ 72.787, 24.748 ], [ 72.802, 24.748 ], [ 72.81, 24.758 ], [ 72.824, 24.757 ], [ 72.83, 24.746 ], [ 72.844, 24.745 ], [ 72.852, 24.755 ], [ 72.867, 24.755 ], [ 72.873, 24.744 ], [ 72.887, 24.743 ], [ 72.893, 24.732 ], [ 72.885, 24.722 ], [ 72.892, 24.711 ], [ 72.906, 24.711 ], [ 72.912, 24.7 ], [ 72.926, 24.699 ], [ 72.934, 24.709 ], [ 72.949, 24.708 ], [ 72.957, 24.719 ], [ 72.95, 24.729 ], [ 72.936, 24.73 ], [ 72.93, 24.741 ], [ 72.938, 24.751 ], [ 72.932, 24.762 ], [ 72.94, 24.772 ], [ 72.954, 24.771 ], [ 72.962, 24.781 ], [ 72.955, 24.792 ], [ 72.963, 24.802 ], [ 72.957, 24.813 ], [ 72.965, 24.823 ], [ 72.959, 24.834 ], [ 72.945, 24.835 ], [ 72.938, 24.845 ], [ 72.946, 24.855 ], [ 72.961, 24.855 ], [ 72.969, 24.865 ], [ 72.983, 24.864 ], [ 72.991, 24.874 ], [ 73.005, 24.873 ], [ 73.011, 24.863 ], [ 73.026, 24.862 ], [ 73.034, 24.872 ], [ 73.048, 24.871 ], [ 73.054, 24.86 ], [ 73.068, 24.86 ], [ 73.075, 24.849 ], [ 73.089, 24.848 ], [ 73.095, 24.837 ], [ 73.109, 24.836 ], [ 73.117, 24.846 ], [ 73.132, 24.846 ], [ 73.14, 24.856 ], [ 73.133, 24.867 ], [ 73.141, 24.877 ], [ 73.135, 24.888 ], [ 73.121, 24.888 ], [ 73.115, 24.899 ], [ 73.1, 24.9 ], [ 73.094, 24.911 ], [ 73.08, 24.911 ], [ 73.074, 24.922 ], [ 73.082, 24.932 ], [ 73.075, 24.943 ], [ 73.083, 24.953 ], [ 73.098, 24.953 ], [ 73.106, 24.963 ], [ 73.12, 24.962 ], [ 73.128, 24.972 ], [ 73.122, 24.983 ], [ 73.13, 24.993 ], [ 73.144, 24.992 ], [ 73.152, 25.002 ], [ 73.146, 25.013 ], [ 73.154, 25.023 ], [ 73.148, 25.034 ], [ 73.156, 25.044 ], [ 73.149, 25.055 ], [ 73.135, 25.056 ], [ 73.129, 25.067 ], [ 73.137, 25.077 ], [ 73.13, 25.088 ], [ 73.138, 25.098 ], [ 73.132, 25.109 ], [ 73.118, 25.109 ], [ 73.112, 25.12 ], [ 73.097, 25.121 ], [ 73.089, 25.111 ], [ 73.075, 25.112 ], [ 73.067, 25.102 ], [ 73.073, 25.091 ], [ 73.065, 25.081 ], [ 73.051, 25.081 ], [ 73.043, 25.071 ], [ 73.029, 25.072 ], [ 73.02, 25.062 ], [ 73.006, 25.063 ], [ 72.998, 25.053 ], [ 72.984, 25.053 ], [ 72.976, 25.043 ], [ 72.962, 25.044 ], [ 72.955, 25.055 ], [ 72.941, 25.056 ], [ 72.935, 25.066 ], [ 72.943, 25.077 ], [ 72.936, 25.087 ], [ 72.944, 25.098 ], [ 72.938, 25.108 ], [ 72.946, 25.119 ], [ 72.94, 25.129 ], [ 72.925, 25.13 ], [ 72.919, 25.141 ], [ 72.927, 25.151 ], [ 72.921, 25.162 ], [ 72.929, 25.172 ], [ 72.922, 25.183 ], [ 72.93, 25.193 ], [ 72.924, 25.204 ], [ 72.932, 25.214 ], [ 72.926, 25.225 ], [ 72.934, 25.235 ], [ 72.928, 25.246 ], [ 72.936, 25.256 ], [ 72.929, 25.267 ], [ 72.937, 25.277 ], [ 72.931, 25.288 ], [ 72.917, 25.289 ], [ 72.91, 25.3 ], [ 72.896, 25.301 ], [ 72.888, 25.29 ], [ 72.873, 25.291 ], [ 72.865, 25.281 ], [ 72.851, 25.282 ], [ 72.843, 25.272 ], [ 72.849, 25.261 ], [ 72.841, 25.251 ], [ 72.848, 25.24 ], [ 72.84, 25.23 ], [ 72.846, 25.219 ], [ 72.838, 25.209 ], [ 72.844, 25.198 ], [ 72.836, 25.188 ], [ 72.822, 25.188 ], [ 72.814, 25.178 ], [ 72.82, 25.167 ], [ 72.812, 25.157 ], [ 72.819, 25.146 ], [ 72.811, 25.136 ], [ 72.817, 25.125 ], [ 72.809, 25.115 ], [ 72.815, 25.104 ], [ 72.83, 25.104 ], [ 72.836, 25.093 ], [ 72.828, 25.083 ], [ 72.834, 25.072 ], [ 72.849, 25.071 ], [ 72.855, 25.06 ], [ 72.847, 25.05 ], [ 72.853, 25.039 ], [ 72.845, 25.029 ], [ 72.852, 25.018 ], [ 72.844, 25.008 ], [ 72.85, 24.997 ], [ 72.842, 24.987 ], [ 72.828, 24.988 ], [ 72.82, 24.978 ], [ 72.805, 24.978 ], [ 72.798, 24.968 ], [ 72.804, 24.957 ], [ 72.796, 24.947 ], [ 72.802, 24.937 ], [ 72.816, 24.936 ], [ 72.823, 24.925 ], [ 72.837, 24.924 ], [ 72.843, 24.913 ], [ 72.858, 24.913 ], [ 72.864, 24.902 ], [ 72.856, 24.892 ], [ 72.862, 24.881 ], [ 72.854, 24.871 ], [ 72.861, 24.86 ], [ 72.853, 24.85 ], [ 72.859, 24.839 ], [ 72.851, 24.829 ], [ 72.837, 24.83 ], [ 72.829, 24.82 ], [ 72.815, 24.82 ], [ 72.807, 24.81 ], [ 72.792, 24.811 ], [ 72.784, 24.801 ], [ 72.77, 24.802 ], [ 72.762, 24.791 ], [ 72.768, 24.781 ], [ 72.761, 24.771 ], [ 72.746, 24.771 ], [ 72.738, 24.761 ], [ 72.745, 24.75 ] ] ] ] } },
{ "type": "Feature", "properties": { "POLYGON.ID": 1275.0, "subregion": "​​India--Rajasthan--Bharatpur--Hills", "FILTER": "Rajasthan", "POLYGON": "​​India--Rajasthan--Bharatpur--Hills", "STATE": "Rajasthan", "COUNTY": "Bharatpur", "OWNER": null }, "geometry": { "type": "MultiPolygon", "coordinates": [ [ [ [ 77.523, 26.972 ], [ 77.508, 26.974 ], [ 77.503, 26.985 ], [ 77.488, 26.986 ], [ 77.479, 26.976 ], [ 77.465, 26.977 ], [ 77.456, 26.967 ], [ 77.441, 26.969 ], [ 77.432, 26.959 ], [ 77.418, 26.96 ], [ 77.412, 26.971 ], [ 77.398, 26.972 ], [ 77.389, 26.962 ], [ 77.374, 26.963 ], [ 77.368, 26.975 ], [ 77.377, 26.985 ], [ 77.372, 26.996 ], [ 77.357, 26.997 ], [ 77.351, 27.009 ], [ 77.337, 27.01 ], [ 77.331, 27.021 ], [ 77.316, 27.022 ], [ 77.311, 27.034 ], [ 77.296, 27.035 ], [ 77.29, 27.046 ], [ 77.276, 27.047 ], [ 77.267, 27.037 ], [ 77.252, 27.039 ], [ 77.243, 27.028 ], [ 77.229, 27.03 ], [ 77.22, 27.02 ], [ 77.205, 27.021 ], [ 77.2, 27.032 ], [ 77.185, 27.033 ], [ 77.176, 27.023 ], [ 77.162, 27.024 ], [ 77.156, 27.036 ], [ 77.141, 27.037 ], [ 77.133, 27.027 ], [ 77.118, 27.028 ], [ 77.112, 27.039 ], [ 77.098, 27.041 ], [ 77.089, 27.03 ], [ 77.074, 27.032 ], [ 77.065, 27.022 ], [ 77.051, 27.023 ], [ 77.042, 27.013 ], [ 77.027, 27.014 ], [ 77.019, 27.004 ], [ 77.024, 26.993 ], [ 77.015, 26.982 ], [ 77.021, 26.971 ], [ 77.012, 26.961 ], [ 77.018, 26.95 ], [ 77.033, 26.949 ], [ 77.042, 26.959 ], [ 77.056, 26.957 ], [ 77.062, 26.946 ], [ 77.053, 26.936 ], [ 77.059, 26.925 ], [ 77.073, 26.924 ], [ 77.079, 26.912 ], [ 77.094, 26.911 ], [ 77.1, 26.9 ], [ 77.114, 26.899 ], [ 77.12, 26.887 ], [ 77.134, 26.886 ], [ 77.14, 26.875 ], [ 77.155, 26.874 ], [ 77.16, 26.863 ], [ 77.175, 26.861 ], [ 77.181, 26.85 ], [ 77.195, 26.849 ], [ 77.201, 26.838 ], [ 77.192, 26.828 ], [ 77.198, 26.816 ], [ 77.189, 26.806 ], [ 77.195, 26.795 ], [ 77.209, 26.794 ], [ 77.215, 26.782 ], [ 77.23, 26.781 ], [ 77.238, 26.791 ], [ 77.233, 26.803 ], [ 77.242, 26.813 ], [ 77.256, 26.811 ], [ 77.262, 26.8 ], [ 77.276, 26.799 ], [ 77.282, 26.788 ], [ 77.297, 26.786 ], [ 77.305, 26.796 ], [ 77.32, 26.795 ], [ 77.329, 26.805 ], [ 77.343, 26.804 ], [ 77.349, 26.793 ], [ 77.34, 26.783 ], [ 77.346, 26.772 ], [ 77.337, 26.761 ], [ 77.343, 26.75 ], [ 77.357, 26.749 ], [ 77.363, 26.738 ], [ 77.354, 26.728 ], [ 77.36, 26.716 ], [ 77.374, 26.715 ], [ 77.38, 26.704 ], [ 77.395, 26.703 ], [ 77.403, 26.713 ], [ 77.418, 26.712 ], [ 77.427, 26.722 ], [ 77.441, 26.72 ], [ 77.45, 26.73 ], [ 77.444, 26.742 ], [ 77.453, 26.752 ], [ 77.468, 26.75 ], [ 77.477, 26.76 ], [ 77.471, 26.772 ], [ 77.456, 26.773 ], [ 77.448, 26.763 ], [ 77.433, 26.764 ], [ 77.427, 26.775 ], [ 77.436, 26.785 ], [ 77.43, 26.797 ], [ 77.439, 26.807 ], [ 77.454, 26.806 ], [ 77.463, 26.816 ], [ 77.477, 26.814 ], [ 77.486, 26.824 ], [ 77.48, 26.836 ], [ 77.489, 26.846 ], [ 77.504, 26.844 ], [ 77.513, 26.854 ], [ 77.527, 26.853 ], [ 77.536, 26.863 ], [ 77.551, 26.862 ], [ 77.559, 26.872 ], [ 77.574, 26.871 ], [ 77.58, 26.86 ], [ 77.594, 26.858 ], [ 77.603, 26.868 ], [ 77.597, 26.88 ], [ 77.606, 26.89 ], [ 77.601, 26.901 ], [ 77.586, 26.902 ], [ 77.58, 26.913 ], [ 77.566, 26.915 ], [ 77.56, 26.926 ], [ 77.546, 26.927 ], [ 77.54, 26.939 ], [ 77.525, 26.94 ], [ 77.52, 26.951 ], [ 77.529, 26.961 ], [ 77.523, 26.972 ] ] ] ] } },
{ "type": "Feature", "properties": { "POLYGON.ID": 1276.0, "subregion": "​​India--Rajasthan--Dholpur--Hills", "FILTER": "Rajasthan", "POLYGON": "​​India--Rajasthan--Dholpur--Hills", "STATE": "Rajasthan", "COUNTY": "Dholpur", "OWNER": null }, "geometry": { "type": "MultiPolygon", "coordinates": [ [ [ [ 78.036, 26.723 ], [ 78.042, 26.711 ], [ 78.056, 26.71 ], [ 78.065, 26.72 ], [ 78.08, 26.719 ], [ 78.089, 26.729 ], [ 78.083, 26.74 ], [ 78.092, 26.75 ], [ 78.086, 26.761 ], [ 78.095, 26.771 ], [ 78.09, 26.783 ], [ 78.099, 26.792 ], [ 78.093, 26.804 ], [ 78.079, 26.805 ], [ 78.07, 26.795 ], [ 78.055, 26.796 ], [ 78.046, 26.786 ], [ 78.052, 26.775 ], [ 78.043, 26.765 ], [ 78.028, 26.766 ], [ 78.02, 26.756 ], [ 78.025, 26.745 ], [ 78.016, 26.735 ], [ 78.002, 26.736 ], [ 77.993, 26.726 ], [ 77.978, 26.728 ], [ 77.973, 26.739 ], [ 77.958, 26.74 ], [ 77.949, 26.73 ], [ 77.935, 26.732 ], [ 77.926, 26.722 ], [ 77.911, 26.723 ], [ 77.906, 26.734 ], [ 77.891, 26.735 ], [ 77.883, 26.725 ], [ 77.868, 26.727 ], [ 77.862, 26.738 ], [ 77.848, 26.739 ], [ 77.839, 26.729 ], [ 77.825, 26.73 ], [ 77.816, 26.72 ], [ 77.801, 26.722 ], [ 77.792, 26.712 ], [ 77.798, 26.7 ], [ 77.789, 26.69 ], [ 77.775, 26.692 ], [ 77.766, 26.682 ], [ 77.751, 26.683 ], [ 77.742, 26.673 ], [ 77.728, 26.674 ], [ 77.719, 26.664 ], [ 77.705, 26.666 ], [ 77.696, 26.656 ], [ 77.701, 26.644 ], [ 77.692, 26.634 ], [ 77.678, 26.636 ], [ 77.669, 26.626 ], [ 77.655, 26.627 ], [ 77.646, 26.617 ], [ 77.631, 26.618 ], [ 77.626, 26.629 ], [ 77.611, 26.631 ], [ 77.606, 26.642 ], [ 77.614, 26.652 ], [ 77.609, 26.663 ], [ 77.618, 26.673 ], [ 77.612, 26.684 ], [ 77.621, 26.694 ], [ 77.615, 26.706 ], [ 77.624, 26.716 ], [ 77.618, 26.727 ], [ 77.627, 26.737 ], [ 77.622, 26.748 ], [ 77.607, 26.749 ], [ 77.601, 26.761 ], [ 77.587, 26.762 ], [ 77.578, 26.752 ], [ 77.564, 26.753 ], [ 77.558, 26.764 ], [ 77.543, 26.766 ], [ 77.535, 26.756 ], [ 77.52, 26.757 ], [ 77.511, 26.747 ], [ 77.497, 26.748 ], [ 77.488, 26.738 ], [ 77.473, 26.739 ], [ 77.468, 26.75 ], [ 77.453, 26.752 ], [ 77.444, 26.742 ], [ 77.45, 26.73 ], [ 77.441, 26.72 ], [ 77.427, 26.722 ], [ 77.418, 26.712 ], [ 77.403, 26.713 ], [ 77.395, 26.703 ], [ 77.38, 26.704 ], [ 77.374, 26.715 ], [ 77.36, 26.716 ], [ 77.351, 26.706 ], [ 77.357, 26.695 ], [ 77.348, 26.685 ], [ 77.354, 26.674 ], [ 77.345, 26.664 ], [ 77.35, 26.653 ], [ 77.365, 26.651 ], [ 77.371, 26.64 ], [ 77.385, 26.639 ], [ 77.391, 26.628 ], [ 77.382, 26.618 ], [ 77.388, 26.606 ], [ 77.379, 26.596 ], [ 77.364, 26.598 ], [ 77.356, 26.588 ], [ 77.341, 26.589 ], [ 77.332, 26.579 ], [ 77.318, 26.58 ], [ 77.309, 26.57 ], [ 77.315, 26.559 ], [ 77.306, 26.549 ], [ 77.291, 26.55 ], [ 77.283, 26.54 ], [ 77.268, 26.541 ], [ 77.259, 26.531 ], [ 77.245, 26.532 ], [ 77.236, 26.522 ], [ 77.242, 26.511 ], [ 77.233, 26.501 ], [ 77.239, 26.49 ], [ 77.253, 26.489 ], [ 77.259, 26.477 ], [ 77.25, 26.467 ], [ 77.256, 26.456 ], [ 77.247, 26.446 ], [ 77.253, 26.435 ], [ 77.267, 26.434 ], [ 77.273, 26.423 ], [ 77.287, 26.421 ], [ 77.296, 26.431 ], [ 77.311, 26.43 ], [ 77.316, 26.419 ], [ 77.331, 26.418 ], [ 77.336, 26.407 ], [ 77.351, 26.405 ], [ 77.356, 26.394 ], [ 77.348, 26.384 ], [ 77.353, 26.373 ], [ 77.368, 26.372 ], [ 77.377, 26.382 ], [ 77.391, 26.381 ], [ 77.4, 26.391 ], [ 77.414, 26.389 ], [ 77.423, 26.399 ], [ 77.417, 26.411 ], [ 77.426, 26.421 ], [ 77.441, 26.419 ], [ 77.449, 26.429 ], [ 77.464, 26.428 ], [ 77.469, 26.417 ], [ 77.484, 26.416 ], [ 77.493, 26.426 ], [ 77.507, 26.424 ], [ 77.516, 26.434 ], [ 77.53, 26.433 ], [ 77.539, 26.443 ], [ 77.554, 26.442 ], [ 77.562, 26.452 ], [ 77.577, 26.451 ], [ 77.586, 26.461 ], [ 77.6, 26.459 ], [ 77.609, 26.469 ], [ 77.603, 26.481 ], [ 77.612, 26.491 ], [ 77.627, 26.489 ], [ 77.635, 26.499 ], [ 77.65, 26.498 ], [ 77.659, 26.508 ], [ 77.673, 26.507 ], [ 77.682, 26.517 ], [ 77.676, 26.528 ], [ 77.685, 26.538 ], [ 77.7, 26.537 ], [ 77.708, 26.547 ], [ 77.723, 26.546 ], [ 77.732, 26.556 ], [ 77.726, 26.567 ], [ 77.735, 26.577 ], [ 77.749, 26.576 ], [ 77.758, 26.586 ], [ 77.773, 26.584 ], [ 77.782, 26.594 ], [ 77.796, 26.593 ], [ 77.805, 26.603 ], [ 77.799, 26.614 ], [ 77.808, 26.624 ], [ 77.823, 26.623 ], [ 77.832, 26.633 ], [ 77.826, 26.644 ], [ 77.835, 26.654 ], [ 77.849, 26.653 ], [ 77.858, 26.663 ], [ 77.873, 26.662 ], [ 77.882, 26.672 ], [ 77.896, 26.67 ], [ 77.905, 26.68 ], [ 77.919, 26.679 ], [ 77.928, 26.689 ], [ 77.943, 26.688 ], [ 77.952, 26.698 ], [ 77.966, 26.696 ], [ 77.975, 26.706 ], [ 77.989, 26.705 ], [ 77.998, 26.715 ], [ 78.013, 26.714 ], [ 78.022, 26.724 ], [ 78.036, 26.723 ] ] ] ] } },
{ "type": "Feature", "properties": { "POLYGON.ID": 1277.0, "subregion": "India--Rajasthan--Dholpur--Chambal River", "FILTER": "Rajasthan", "POLYGON": "India--Rajasthan--Dholpur--Chambal River", "STATE": "Rajasthan", "COUNTY": "Dholpur", "OWNER": null }, "geometry": { "type": "MultiPolygon", "coordinates": [ [ [ [ 77.516, 26.434 ], [ 77.507, 26.424 ], [ 77.493, 26.426 ], [ 77.484, 26.416 ], [ 77.469, 26.417 ], [ 77.464, 26.428 ], [ 77.449, 26.429 ], [ 77.441, 26.419 ], [ 77.426, 26.421 ], [ 77.417, 26.411 ], [ 77.423, 26.399 ], [ 77.414, 26.389 ], [ 77.4, 26.391 ], [ 77.391, 26.381 ], [ 77.377, 26.382 ], [ 77.368, 26.372 ], [ 77.373, 26.361 ], [ 77.365, 26.351 ], [ 77.37, 26.339 ], [ 77.385, 26.338 ], [ 77.393, 26.348 ], [ 77.408, 26.347 ], [ 77.417, 26.357 ], [ 77.431, 26.356 ], [ 77.437, 26.345 ], [ 77.451, 26.343 ], [ 77.46, 26.353 ], [ 77.454, 26.365 ], [ 77.463, 26.374 ], [ 77.457, 26.386 ], [ 77.466, 26.396 ], [ 77.481, 26.394 ], [ 77.49, 26.404 ], [ 77.504, 26.403 ], [ 77.51, 26.392 ], [ 77.524, 26.391 ], [ 77.533, 26.401 ], [ 77.547, 26.4 ], [ 77.556, 26.41 ], [ 77.57, 26.408 ], [ 77.579, 26.418 ], [ 77.594, 26.417 ], [ 77.603, 26.427 ], [ 77.617, 26.426 ], [ 77.623, 26.415 ], [ 77.637, 26.413 ], [ 77.646, 26.423 ], [ 77.64, 26.435 ], [ 77.649, 26.445 ], [ 77.663, 26.443 ], [ 77.672, 26.453 ], [ 77.667, 26.464 ], [ 77.676, 26.474 ], [ 77.69, 26.473 ], [ 77.699, 26.483 ], [ 77.713, 26.482 ], [ 77.719, 26.471 ], [ 77.733, 26.469 ], [ 77.742, 26.479 ], [ 77.757, 26.478 ], [ 77.765, 26.488 ], [ 77.76, 26.499 ], [ 77.769, 26.509 ], [ 77.783, 26.508 ], [ 77.792, 26.518 ], [ 77.806, 26.517 ], [ 77.815, 26.527 ], [ 77.83, 26.526 ], [ 77.839, 26.536 ], [ 77.853, 26.534 ], [ 77.862, 26.544 ], [ 77.856, 26.555 ], [ 77.865, 26.565 ], [ 77.86, 26.577 ], [ 77.868, 26.587 ], [ 77.883, 26.585 ], [ 77.892, 26.595 ], [ 77.906, 26.594 ], [ 77.915, 26.604 ], [ 77.93, 26.603 ], [ 77.938, 26.613 ], [ 77.933, 26.624 ], [ 77.942, 26.634 ], [ 77.956, 26.633 ], [ 77.965, 26.643 ], [ 77.979, 26.641 ], [ 77.988, 26.651 ], [ 78.003, 26.65 ], [ 78.008, 26.639 ], [ 78.023, 26.638 ], [ 78.032, 26.648 ], [ 78.046, 26.646 ], [ 78.052, 26.635 ], [ 78.066, 26.634 ], [ 78.075, 26.644 ], [ 78.09, 26.642 ], [ 78.098, 26.652 ], [ 78.113, 26.651 ], [ 78.122, 26.661 ], [ 78.116, 26.672 ], [ 78.125, 26.682 ], [ 78.14, 26.681 ], [ 78.149, 26.691 ], [ 78.143, 26.702 ], [ 78.152, 26.712 ], [ 78.146, 26.724 ], [ 78.155, 26.733 ], [ 78.15, 26.745 ], [ 78.159, 26.755 ], [ 78.173, 26.753 ], [ 78.182, 26.763 ], [ 78.197, 26.762 ], [ 78.206, 26.772 ], [ 78.2, 26.783 ], [ 78.209, 26.793 ], [ 78.203, 26.805 ], [ 78.189, 26.806 ], [ 78.183, 26.817 ], [ 78.192, 26.827 ], [ 78.187, 26.839 ], [ 78.172, 26.84 ], [ 78.167, 26.851 ], [ 78.152, 26.852 ], [ 78.143, 26.842 ], [ 78.129, 26.844 ], [ 78.12, 26.834 ], [ 78.105, 26.835 ], [ 78.096, 26.825 ], [ 78.102, 26.814 ], [ 78.093, 26.804 ], [ 78.099, 26.792 ], [ 78.09, 26.783 ], [ 78.095, 26.771 ], [ 78.086, 26.761 ], [ 78.092, 26.75 ], [ 78.083, 26.74 ], [ 78.089, 26.729 ], [ 78.08, 26.719 ], [ 78.065, 26.72 ], [ 78.056, 26.71 ], [ 78.042, 26.711 ], [ 78.036, 26.723 ], [ 78.022, 26.724 ], [ 78.013, 26.714 ], [ 77.998, 26.715 ], [ 77.989, 26.705 ], [ 77.975, 26.706 ], [ 77.966, 26.696 ], [ 77.952, 26.698 ], [ 77.943, 26.688 ], [ 77.928, 26.689 ], [ 77.919, 26.679 ], [ 77.905, 26.68 ], [ 77.896, 26.67 ], [ 77.882, 26.672 ], [ 77.873, 26.662 ], [ 77.858, 26.663 ], [ 77.849, 26.653 ], [ 77.835, 26.654 ], [ 77.826, 26.644 ], [ 77.832, 26.633 ], [ 77.823, 26.623 ], [ 77.808, 26.624 ], [ 77.799, 26.614 ], [ 77.805, 26.603 ], [ 77.796, 26.593 ], [ 77.782, 26.594 ], [ 77.773, 26.584 ], [ 77.758, 26.586 ], [ 77.749, 26.576 ], [ 77.735, 26.577 ], [ 77.726, 26.567 ], [ 77.732, 26.556 ], [ 77.723, 26.546 ], [ 77.708, 26.547 ], [ 77.7, 26.537 ], [ 77.685, 26.538 ], [ 77.676, 26.528 ], [ 77.682, 26.517 ], [ 77.673, 26.507 ], [ 77.659, 26.508 ], [ 77.65, 26.498 ], [ 77.635, 26.499 ], [ 77.627, 26.489 ], [ 77.612, 26.491 ], [ 77.603, 26.481 ], [ 77.609, 26.469 ], [ 77.6, 26.459 ], [ 77.586, 26.461 ], [ 77.577, 26.451 ], [ 77.562, 26.452 ], [ 77.554, 26.442 ], [ 77.539, 26.443 ], [ 77.53, 26.433 ], [ 77.516, 26.434 ] ] ] ] } },
{ "type": "Feature", "properties": { "POLYGON.ID": 1278.0, "subregion": "​​India--Rajasthan--Alwar--Aravalli", "FILTER": "Rajasthan", "POLYGON": "​​India--Rajasthan--Alwar--Aravalli", "STATE": "Rajasthan", "COUNTY": "Aravalli", "OWNER": null }, "geometry": { "type": "MultiPolygon", "coordinates": [ [ [ [ 76.592, 27.396 ], [ 76.583, 27.386 ], [ 76.589, 27.374 ], [ 76.58, 27.364 ], [ 76.586, 27.353 ], [ 76.577, 27.343 ], [ 76.583, 27.331 ], [ 76.574, 27.321 ], [ 76.58, 27.31 ], [ 76.595, 27.309 ], [ 76.601, 27.297 ], [ 76.592, 27.287 ], [ 76.598, 27.276 ], [ 76.589, 27.266 ], [ 76.595, 27.254 ], [ 76.586, 27.244 ], [ 76.592, 27.233 ], [ 76.583, 27.223 ], [ 76.589, 27.212 ], [ 76.58, 27.201 ], [ 76.586, 27.19 ], [ 76.577, 27.18 ], [ 76.583, 27.169 ], [ 76.574, 27.159 ], [ 76.58, 27.147 ], [ 76.571, 27.137 ], [ 76.557, 27.138 ], [ 76.548, 27.128 ], [ 76.554, 27.117 ], [ 76.569, 27.116 ], [ 76.574, 27.104 ], [ 76.589, 27.103 ], [ 76.595, 27.092 ], [ 76.61, 27.091 ], [ 76.615, 27.08 ], [ 76.63, 27.078 ], [ 76.639, 27.088 ], [ 76.653, 27.087 ], [ 76.662, 27.097 ], [ 76.656, 27.109 ], [ 76.665, 27.119 ], [ 76.68, 27.118 ], [ 76.689, 27.128 ], [ 76.683, 27.139 ], [ 76.692, 27.149 ], [ 76.706, 27.148 ], [ 76.715, 27.158 ], [ 76.709, 27.17 ], [ 76.718, 27.18 ], [ 76.733, 27.178 ], [ 76.741, 27.189 ], [ 76.756, 27.187 ], [ 76.765, 27.198 ], [ 76.759, 27.209 ], [ 76.768, 27.219 ], [ 76.782, 27.218 ], [ 76.788, 27.207 ], [ 76.803, 27.205 ], [ 76.809, 27.194 ], [ 76.8, 27.184 ], [ 76.806, 27.173 ], [ 76.797, 27.162 ], [ 76.803, 27.151 ], [ 76.794, 27.141 ], [ 76.8, 27.13 ], [ 76.814, 27.129 ], [ 76.82, 27.117 ], [ 76.835, 27.116 ], [ 76.844, 27.126 ], [ 76.858, 27.125 ], [ 76.867, 27.135 ], [ 76.861, 27.146 ], [ 76.87, 27.157 ], [ 76.885, 27.155 ], [ 76.894, 27.166 ], [ 76.888, 27.177 ], [ 76.897, 27.187 ], [ 76.891, 27.198 ], [ 76.9, 27.208 ], [ 76.894, 27.22 ], [ 76.903, 27.23 ], [ 76.897, 27.241 ], [ 76.906, 27.251 ], [ 76.9, 27.263 ], [ 76.909, 27.273 ], [ 76.923, 27.271 ], [ 76.932, 27.282 ], [ 76.947, 27.28 ], [ 76.956, 27.291 ], [ 76.95, 27.302 ], [ 76.959, 27.312 ], [ 76.953, 27.323 ], [ 76.962, 27.333 ], [ 76.956, 27.345 ], [ 76.965, 27.355 ], [ 76.959, 27.366 ], [ 76.968, 27.376 ], [ 76.962, 27.388 ], [ 76.947, 27.389 ], [ 76.941, 27.4 ], [ 76.95, 27.41 ], [ 76.944, 27.422 ], [ 76.93, 27.423 ], [ 76.924, 27.434 ], [ 76.909, 27.435 ], [ 76.903, 27.447 ], [ 76.912, 27.457 ], [ 76.906, 27.468 ], [ 76.892, 27.47 ], [ 76.886, 27.481 ], [ 76.871, 27.482 ], [ 76.865, 27.493 ], [ 76.874, 27.504 ], [ 76.868, 27.515 ], [ 76.877, 27.525 ], [ 76.871, 27.536 ], [ 76.857, 27.538 ], [ 76.851, 27.549 ], [ 76.86, 27.559 ], [ 76.854, 27.57 ], [ 76.863, 27.581 ], [ 76.857, 27.592 ], [ 76.866, 27.602 ], [ 76.88, 27.601 ], [ 76.889, 27.611 ], [ 76.883, 27.623 ], [ 76.892, 27.633 ], [ 76.886, 27.644 ], [ 76.895, 27.654 ], [ 76.889, 27.666 ], [ 76.875, 27.667 ], [ 76.869, 27.678 ], [ 76.854, 27.679 ], [ 76.848, 27.691 ], [ 76.857, 27.701 ], [ 76.851, 27.712 ], [ 76.86, 27.722 ], [ 76.854, 27.734 ], [ 76.863, 27.744 ], [ 76.857, 27.755 ], [ 76.866, 27.766 ], [ 76.86, 27.777 ], [ 76.869, 27.787 ], [ 76.863, 27.799 ], [ 76.872, 27.809 ], [ 76.866, 27.82 ], [ 76.875, 27.83 ], [ 76.869, 27.842 ], [ 76.855, 27.843 ], [ 76.849, 27.854 ], [ 76.858, 27.865 ], [ 76.852, 27.876 ], [ 76.861, 27.886 ], [ 76.855, 27.898 ], [ 76.84, 27.899 ], [ 76.831, 27.889 ], [ 76.816, 27.89 ], [ 76.807, 27.88 ], [ 76.793, 27.881 ], [ 76.784, 27.871 ], [ 76.769, 27.872 ], [ 76.76, 27.862 ], [ 76.766, 27.85 ], [ 76.757, 27.84 ], [ 76.742, 27.841 ], [ 76.733, 27.831 ], [ 76.739, 27.82 ], [ 76.73, 27.809 ], [ 76.716, 27.811 ], [ 76.707, 27.8 ], [ 76.692, 27.802 ], [ 76.683, 27.791 ], [ 76.668, 27.793 ], [ 76.659, 27.782 ], [ 76.645, 27.783 ], [ 76.636, 27.773 ], [ 76.621, 27.774 ], [ 76.615, 27.786 ], [ 76.6, 27.787 ], [ 76.591, 27.777 ], [ 76.597, 27.765 ], [ 76.588, 27.755 ], [ 76.594, 27.744 ], [ 76.609, 27.743 ], [ 76.615, 27.731 ], [ 76.606, 27.721 ], [ 76.612, 27.71 ], [ 76.603, 27.7 ], [ 76.609, 27.688 ], [ 76.6, 27.678 ], [ 76.606, 27.667 ], [ 76.597, 27.656 ], [ 76.603, 27.645 ], [ 76.618, 27.644 ], [ 76.624, 27.632 ], [ 76.615, 27.622 ], [ 76.621, 27.611 ], [ 76.636, 27.61 ], [ 76.642, 27.598 ], [ 76.633, 27.588 ], [ 76.639, 27.577 ], [ 76.63, 27.567 ], [ 76.636, 27.555 ], [ 76.627, 27.545 ], [ 76.633, 27.534 ], [ 76.648, 27.533 ], [ 76.653, 27.521 ], [ 76.645, 27.511 ], [ 76.63, 27.512 ], [ 76.621, 27.502 ], [ 76.606, 27.503 ], [ 76.598, 27.493 ], [ 76.603, 27.482 ], [ 76.595, 27.472 ], [ 76.601, 27.46 ], [ 76.592, 27.45 ], [ 76.598, 27.439 ], [ 76.589, 27.429 ], [ 76.595, 27.417 ], [ 76.586, 27.407 ], [ 76.592, 27.396 ] ] ] ] } },
{ "type": "Feature", "properties": { "POLYGON.ID": 1285.0, "subregion": "India--Rajasthan--Baran--Hills", "FILTER": "Rajasthan", "POLYGON": "India--Rajasthan--Baran--Hills", "STATE": "Rajasthan", "COUNTY": "Baran", "OWNER": null }, "geometry": { "type": "MultiPolygon", "coordinates": [ [ [ [ 76.87, 24.4 ], [ 76.878, 24.41 ], [ 76.892, 24.409 ], [ 76.901, 24.419 ], [ 76.895, 24.429 ], [ 76.904, 24.439 ], [ 76.898, 24.45 ], [ 76.906, 24.46 ], [ 76.921, 24.459 ], [ 76.929, 24.469 ], [ 76.943, 24.467 ], [ 76.949, 24.457 ], [ 76.963, 24.455 ], [ 76.971, 24.465 ], [ 76.985, 24.464 ], [ 76.994, 24.474 ], [ 77.008, 24.473 ], [ 77.016, 24.483 ], [ 77.03, 24.481 ], [ 77.039, 24.491 ], [ 77.033, 24.502 ], [ 77.042, 24.512 ], [ 77.056, 24.511 ], [ 77.064, 24.521 ], [ 77.059, 24.532 ], [ 77.067, 24.541 ], [ 77.062, 24.552 ], [ 77.07, 24.562 ], [ 77.065, 24.573 ], [ 77.073, 24.583 ], [ 77.068, 24.594 ], [ 77.076, 24.603 ], [ 77.07, 24.614 ], [ 77.079, 24.624 ], [ 77.073, 24.635 ], [ 77.059, 24.636 ], [ 77.054, 24.647 ], [ 77.062, 24.657 ], [ 77.057, 24.668 ], [ 77.043, 24.669 ], [ 77.037, 24.68 ], [ 77.046, 24.69 ], [ 77.04, 24.701 ], [ 77.026, 24.702 ], [ 77.02, 24.713 ], [ 77.006, 24.714 ], [ 77.001, 24.725 ], [ 76.987, 24.726 ], [ 76.981, 24.737 ], [ 76.989, 24.747 ], [ 76.984, 24.758 ], [ 76.97, 24.759 ], [ 76.964, 24.77 ], [ 76.95, 24.771 ], [ 76.942, 24.761 ], [ 76.927, 24.762 ], [ 76.919, 24.752 ], [ 76.905, 24.753 ], [ 76.896, 24.744 ], [ 76.882, 24.745 ], [ 76.877, 24.756 ], [ 76.862, 24.757 ], [ 76.857, 24.768 ], [ 76.843, 24.769 ], [ 76.837, 24.78 ], [ 76.823, 24.781 ], [ 76.817, 24.792 ], [ 76.826, 24.802 ], [ 76.82, 24.813 ], [ 76.806, 24.814 ], [ 76.8, 24.825 ], [ 76.809, 24.835 ], [ 76.823, 24.833 ], [ 76.832, 24.843 ], [ 76.846, 24.842 ], [ 76.851, 24.831 ], [ 76.865, 24.83 ], [ 76.874, 24.84 ], [ 76.888, 24.839 ], [ 76.897, 24.849 ], [ 76.911, 24.848 ], [ 76.919, 24.857 ], [ 76.933, 24.856 ], [ 76.942, 24.866 ], [ 76.936, 24.877 ], [ 76.922, 24.878 ], [ 76.917, 24.889 ], [ 76.925, 24.899 ], [ 76.92, 24.91 ], [ 76.928, 24.92 ], [ 76.922, 24.931 ], [ 76.908, 24.932 ], [ 76.903, 24.943 ], [ 76.889, 24.944 ], [ 76.883, 24.955 ], [ 76.891, 24.965 ], [ 76.886, 24.976 ], [ 76.894, 24.986 ], [ 76.889, 24.997 ], [ 76.897, 25.007 ], [ 76.911, 25.005 ], [ 76.92, 25.015 ], [ 76.914, 25.026 ], [ 76.923, 25.036 ], [ 76.937, 25.035 ], [ 76.946, 25.045 ], [ 76.96, 25.044 ], [ 76.968, 25.054 ], [ 76.982, 25.052 ], [ 76.991, 25.062 ], [ 77.005, 25.061 ], [ 77.014, 25.071 ], [ 77.028, 25.07 ], [ 77.034, 25.059 ], [ 77.048, 25.058 ], [ 77.056, 25.068 ], [ 77.07, 25.067 ], [ 77.076, 25.056 ], [ 77.09, 25.054 ], [ 77.099, 25.064 ], [ 77.113, 25.063 ], [ 77.122, 25.073 ], [ 77.136, 25.072 ], [ 77.144, 25.082 ], [ 77.158, 25.08 ], [ 77.167, 25.09 ], [ 77.181, 25.089 ], [ 77.187, 25.078 ], [ 77.201, 25.077 ], [ 77.21, 25.087 ], [ 77.224, 25.086 ], [ 77.232, 25.096 ], [ 77.247, 25.094 ], [ 77.252, 25.083 ], [ 77.266, 25.082 ], [ 77.272, 25.071 ], [ 77.286, 25.07 ], [ 77.295, 25.08 ], [ 77.309, 25.079 ], [ 77.314, 25.068 ], [ 77.328, 25.067 ], [ 77.337, 25.076 ], [ 77.351, 25.075 ], [ 77.36, 25.085 ], [ 77.354, 25.096 ], [ 77.363, 25.106 ], [ 77.377, 25.105 ], [ 77.386, 25.115 ], [ 77.38, 25.126 ], [ 77.389, 25.136 ], [ 77.383, 25.147 ], [ 77.392, 25.156 ], [ 77.406, 25.155 ], [ 77.415, 25.165 ], [ 77.409, 25.176 ], [ 77.418, 25.186 ], [ 77.412, 25.197 ], [ 77.421, 25.207 ], [ 77.415, 25.218 ], [ 77.401, 25.219 ], [ 77.395, 25.23 ], [ 77.381, 25.231 ], [ 77.376, 25.242 ], [ 77.384, 25.252 ], [ 77.379, 25.263 ], [ 77.387, 25.273 ], [ 77.382, 25.284 ], [ 77.39, 25.294 ], [ 77.385, 25.305 ], [ 77.371, 25.306 ], [ 77.365, 25.317 ], [ 77.374, 25.327 ], [ 77.368, 25.338 ], [ 77.377, 25.348 ], [ 77.371, 25.359 ], [ 77.357, 25.36 ], [ 77.351, 25.371 ], [ 77.36, 25.381 ], [ 77.355, 25.392 ], [ 77.363, 25.402 ], [ 77.358, 25.413 ], [ 77.343, 25.414 ], [ 77.338, 25.425 ], [ 77.324, 25.426 ], [ 77.318, 25.438 ], [ 77.304, 25.439 ], [ 77.295, 25.429 ], [ 77.281, 25.43 ], [ 77.272, 25.42 ], [ 77.278, 25.409 ], [ 77.269, 25.399 ], [ 77.255, 25.4 ], [ 77.246, 25.39 ], [ 77.252, 25.379 ], [ 77.243, 25.37 ], [ 77.229, 25.371 ], [ 77.22, 25.361 ], [ 77.226, 25.35 ], [ 77.217, 25.34 ], [ 77.203, 25.341 ], [ 77.195, 25.331 ], [ 77.2, 25.32 ], [ 77.192, 25.31 ], [ 77.177, 25.311 ], [ 77.172, 25.322 ], [ 77.157, 25.324 ], [ 77.149, 25.314 ], [ 77.135, 25.315 ], [ 77.129, 25.326 ], [ 77.115, 25.327 ], [ 77.109, 25.338 ], [ 77.095, 25.339 ], [ 77.086, 25.329 ], [ 77.072, 25.33 ], [ 77.064, 25.321 ], [ 77.049, 25.322 ], [ 77.041, 25.312 ], [ 77.026, 25.313 ], [ 77.021, 25.324 ], [ 77.007, 25.325 ], [ 76.998, 25.315 ], [ 76.984, 25.316 ], [ 76.978, 25.327 ], [ 76.964, 25.329 ], [ 76.958, 25.34 ], [ 76.944, 25.341 ], [ 76.938, 25.352 ], [ 76.924, 25.353 ], [ 76.916, 25.343 ], [ 76.901, 25.344 ], [ 76.893, 25.334 ], [ 76.878, 25.335 ], [ 76.87, 25.326 ], [ 76.856, 25.327 ], [ 76.85, 25.338 ], [ 76.836, 25.339 ], [ 76.83, 25.35 ], [ 76.816, 25.351 ], [ 76.807, 25.341 ], [ 76.793, 25.342 ], [ 76.787, 25.353 ], [ 76.773, 25.354 ], [ 76.767, 25.365 ], [ 76.753, 25.366 ], [ 76.745, 25.357 ], [ 76.73, 25.358 ], [ 76.725, 25.369 ], [ 76.71, 25.37 ], [ 76.705, 25.381 ], [ 76.69, 25.382 ], [ 76.682, 25.372 ], [ 76.668, 25.373 ], [ 76.662, 25.384 ], [ 76.648, 25.385 ], [ 76.639, 25.375 ], [ 76.625, 25.376 ], [ 76.619, 25.388 ], [ 76.605, 25.389 ], [ 76.599, 25.4 ], [ 76.585, 25.401 ], [ 76.576, 25.391 ], [ 76.562, 25.392 ], [ 76.556, 25.403 ], [ 76.542, 25.404 ], [ 76.534, 25.394 ], [ 76.519, 25.395 ], [ 76.511, 25.385 ], [ 76.517, 25.374 ], [ 76.508, 25.364 ], [ 76.514, 25.353 ], [ 76.505, 25.343 ], [ 76.511, 25.332 ], [ 76.502, 25.322 ], [ 76.508, 25.311 ], [ 76.5, 25.301 ], [ 76.505, 25.29 ], [ 76.52, 25.289 ], [ 76.525, 25.278 ], [ 76.517, 25.268 ], [ 76.522, 25.257 ], [ 76.514, 25.248 ], [ 76.52, 25.236 ], [ 76.534, 25.235 ], [ 76.54, 25.224 ], [ 76.531, 25.214 ], [ 76.537, 25.203 ], [ 76.528, 25.194 ], [ 76.534, 25.183 ], [ 76.525, 25.173 ], [ 76.531, 25.162 ], [ 76.523, 25.152 ], [ 76.528, 25.141 ], [ 76.52, 25.131 ], [ 76.526, 25.12 ], [ 76.54, 25.119 ], [ 76.545, 25.108 ], [ 76.537, 25.098 ], [ 76.543, 25.087 ], [ 76.557, 25.086 ], [ 76.563, 25.075 ], [ 76.554, 25.065 ], [ 76.56, 25.054 ], [ 76.551, 25.044 ], [ 76.557, 25.033 ], [ 76.571, 25.032 ], [ 76.577, 25.021 ], [ 76.591, 25.02 ], [ 76.597, 25.009 ], [ 76.588, 24.999 ], [ 76.594, 24.988 ], [ 76.608, 24.987 ], [ 76.614, 24.976 ], [ 76.605, 24.966 ], [ 76.611, 24.955 ], [ 76.625, 24.954 ], [ 76.631, 24.943 ], [ 76.645, 24.942 ], [ 76.651, 24.931 ], [ 76.642, 24.921 ], [ 76.648, 24.91 ], [ 76.639, 24.9 ], [ 76.645, 24.889 ], [ 76.659, 24.888 ], [ 76.665, 24.877 ], [ 76.656, 24.867 ], [ 76.662, 24.857 ], [ 76.676, 24.855 ], [ 76.682, 24.844 ], [ 76.696, 24.843 ], [ 76.701, 24.832 ], [ 76.693, 24.823 ], [ 76.699, 24.812 ], [ 76.713, 24.811 ], [ 76.718, 24.8 ], [ 76.733, 24.798 ], [ 76.738, 24.788 ], [ 76.752, 24.786 ], [ 76.758, 24.775 ], [ 76.749, 24.766 ], [ 76.755, 24.755 ], [ 76.769, 24.754 ], [ 76.775, 24.743 ], [ 76.789, 24.742 ], [ 76.795, 24.731 ], [ 76.809, 24.73 ], [ 76.814, 24.719 ], [ 76.806, 24.709 ], [ 76.811, 24.698 ], [ 76.826, 24.697 ], [ 76.831, 24.686 ], [ 76.823, 24.676 ], [ 76.828, 24.665 ], [ 76.82, 24.655 ], [ 76.806, 24.656 ], [ 76.797, 24.646 ], [ 76.783, 24.648 ], [ 76.778, 24.658 ], [ 76.763, 24.66 ], [ 76.758, 24.671 ], [ 76.744, 24.672 ], [ 76.738, 24.683 ], [ 76.724, 24.684 ], [ 76.718, 24.695 ], [ 76.727, 24.704 ], [ 76.721, 24.715 ], [ 76.707, 24.716 ], [ 76.701, 24.727 ], [ 76.687, 24.728 ], [ 76.682, 24.739 ], [ 76.69, 24.749 ], [ 76.684, 24.76 ], [ 76.67, 24.761 ], [ 76.665, 24.772 ], [ 76.651, 24.773 ], [ 76.645, 24.784 ], [ 76.631, 24.785 ], [ 76.625, 24.796 ], [ 76.611, 24.797 ], [ 76.605, 24.808 ], [ 76.591, 24.809 ], [ 76.583, 24.8 ], [ 76.569, 24.801 ], [ 76.56, 24.791 ], [ 76.546, 24.792 ], [ 76.538, 24.782 ], [ 76.523, 24.783 ], [ 76.515, 24.773 ], [ 76.521, 24.762 ], [ 76.512, 24.752 ], [ 76.498, 24.754 ], [ 76.49, 24.744 ], [ 76.475, 24.745 ], [ 76.467, 24.735 ], [ 76.473, 24.724 ], [ 76.464, 24.714 ], [ 76.47, 24.703 ], [ 76.461, 24.693 ], [ 76.467, 24.682 ], [ 76.481, 24.681 ], [ 76.487, 24.67 ], [ 76.478, 24.661 ], [ 76.484, 24.65 ], [ 76.476, 24.64 ], [ 76.481, 24.629 ], [ 76.495, 24.628 ], [ 76.501, 24.617 ], [ 76.515, 24.616 ], [ 76.521, 24.605 ], [ 76.512, 24.595 ], [ 76.518, 24.584 ], [ 76.51, 24.574 ], [ 76.515, 24.563 ], [ 76.507, 24.554 ], [ 76.513, 24.543 ], [ 76.527, 24.542 ], [ 76.532, 24.531 ], [ 76.524, 24.521 ], [ 76.53, 24.51 ], [ 76.544, 24.509 ], [ 76.549, 24.498 ], [ 76.541, 24.488 ], [ 76.546, 24.477 ], [ 76.561, 24.476 ], [ 76.566, 24.465 ], [ 76.58, 24.464 ], [ 76.586, 24.453 ], [ 76.6, 24.452 ], [ 76.606, 24.441 ], [ 76.597, 24.432 ], [ 76.603, 24.421 ], [ 76.617, 24.42 ], [ 76.622, 24.409 ], [ 76.637, 24.408 ], [ 76.645, 24.417 ], [ 76.659, 24.416 ], [ 76.667, 24.426 ], [ 76.682, 24.425 ], [ 76.687, 24.414 ], [ 76.701, 24.413 ], [ 76.71, 24.423 ], [ 76.724, 24.422 ], [ 76.732, 24.432 ], [ 76.746, 24.431 ], [ 76.755, 24.44 ], [ 76.769, 24.439 ], [ 76.777, 24.449 ], [ 76.791, 24.448 ], [ 76.797, 24.437 ], [ 76.811, 24.436 ], [ 76.816, 24.425 ], [ 76.83, 24.424 ], [ 76.836, 24.413 ], [ 76.85, 24.412 ], [ 76.856, 24.401 ], [ 76.87, 24.4 ] ] ] ] } },
{ "type": "Feature", "properties": { "POLYGON.ID": 1284.0, "subregion": "India--Rajasthan--Bundi--Hills", "FILTER": "Rajasthan", "POLYGON": "India--Rajasthan--Bundi--Hills", "STATE": "Rajasthan", "COUNTY": "Bundi", "OWNER": null }, "geometry": { "type": "MultiPolygon", "coordinates": [ [ [ [ 76.294, 25.827 ], [ 76.289, 25.838 ], [ 76.274, 25.839 ], [ 76.266, 25.829 ], [ 76.251, 25.83 ], [ 76.243, 25.82 ], [ 76.228, 25.821 ], [ 76.22, 25.811 ], [ 76.226, 25.8 ], [ 76.217, 25.79 ], [ 76.203, 25.791 ], [ 76.194, 25.781 ], [ 76.18, 25.782 ], [ 76.171, 25.772 ], [ 76.177, 25.761 ], [ 76.169, 25.751 ], [ 76.154, 25.752 ], [ 76.146, 25.742 ], [ 76.152, 25.731 ], [ 76.143, 25.721 ], [ 76.149, 25.71 ], [ 76.14, 25.7 ], [ 76.126, 25.701 ], [ 76.117, 25.691 ], [ 76.103, 25.692 ], [ 76.095, 25.682 ], [ 76.1, 25.671 ], [ 76.092, 25.661 ], [ 76.077, 25.662 ], [ 76.069, 25.652 ], [ 76.055, 25.653 ], [ 76.046, 25.643 ], [ 76.032, 25.644 ], [ 76.026, 25.655 ], [ 76.012, 25.656 ], [ 76.003, 25.646 ], [ 75.989, 25.647 ], [ 75.98, 25.637 ], [ 75.966, 25.638 ], [ 75.957, 25.628 ], [ 75.943, 25.629 ], [ 75.935, 25.619 ], [ 75.92, 25.62 ], [ 75.912, 25.61 ], [ 75.897, 25.611 ], [ 75.889, 25.601 ], [ 75.875, 25.603 ], [ 75.866, 25.593 ], [ 75.852, 25.594 ], [ 75.843, 25.584 ], [ 75.829, 25.585 ], [ 75.82, 25.575 ], [ 75.806, 25.576 ], [ 75.8, 25.587 ], [ 75.786, 25.588 ], [ 75.777, 25.578 ], [ 75.763, 25.579 ], [ 75.755, 25.569 ], [ 75.74, 25.57 ], [ 75.732, 25.56 ], [ 75.718, 25.561 ], [ 75.709, 25.551 ], [ 75.695, 25.552 ], [ 75.686, 25.542 ], [ 75.672, 25.543 ], [ 75.664, 25.533 ], [ 75.649, 25.534 ], [ 75.641, 25.524 ], [ 75.626, 25.525 ], [ 75.618, 25.515 ], [ 75.624, 25.504 ], [ 75.615, 25.494 ], [ 75.601, 25.495 ], [ 75.593, 25.485 ], [ 75.578, 25.486 ], [ 75.572, 25.497 ], [ 75.558, 25.498 ], [ 75.55, 25.488 ], [ 75.535, 25.489 ], [ 75.527, 25.479 ], [ 75.513, 25.48 ], [ 75.507, 25.491 ], [ 75.492, 25.492 ], [ 75.484, 25.482 ], [ 75.47, 25.483 ], [ 75.461, 25.473 ], [ 75.447, 25.474 ], [ 75.438, 25.464 ], [ 75.444, 25.453 ], [ 75.436, 25.443 ], [ 75.422, 25.444 ], [ 75.413, 25.434 ], [ 75.399, 25.435 ], [ 75.391, 25.425 ], [ 75.376, 25.426 ], [ 75.368, 25.416 ], [ 75.354, 25.417 ], [ 75.345, 25.407 ], [ 75.331, 25.408 ], [ 75.322, 25.398 ], [ 75.328, 25.387 ], [ 75.32, 25.377 ], [ 75.306, 25.378 ], [ 75.297, 25.368 ], [ 75.303, 25.357 ], [ 75.318, 25.356 ], [ 75.324, 25.345 ], [ 75.338, 25.344 ], [ 75.344, 25.333 ], [ 75.335, 25.323 ], [ 75.341, 25.312 ], [ 75.356, 25.311 ], [ 75.362, 25.3 ], [ 75.376, 25.299 ], [ 75.382, 25.288 ], [ 75.396, 25.287 ], [ 75.404, 25.297 ], [ 75.419, 25.296 ], [ 75.427, 25.306 ], [ 75.421, 25.317 ], [ 75.43, 25.327 ], [ 75.444, 25.326 ], [ 75.452, 25.336 ], [ 75.467, 25.335 ], [ 75.475, 25.345 ], [ 75.469, 25.356 ], [ 75.477, 25.366 ], [ 75.492, 25.365 ], [ 75.5, 25.375 ], [ 75.494, 25.386 ], [ 75.503, 25.396 ], [ 75.517, 25.395 ], [ 75.525, 25.405 ], [ 75.54, 25.404 ], [ 75.548, 25.414 ], [ 75.562, 25.413 ], [ 75.571, 25.423 ], [ 75.585, 25.422 ], [ 75.591, 25.411 ], [ 75.605, 25.41 ], [ 75.614, 25.42 ], [ 75.628, 25.419 ], [ 75.636, 25.429 ], [ 75.651, 25.428 ], [ 75.659, 25.438 ], [ 75.674, 25.437 ], [ 75.682, 25.447 ], [ 75.696, 25.446 ], [ 75.705, 25.456 ], [ 75.719, 25.455 ], [ 75.727, 25.465 ], [ 75.742, 25.464 ], [ 75.75, 25.474 ], [ 75.765, 25.473 ], [ 75.773, 25.483 ], [ 75.787, 25.482 ], [ 75.796, 25.491 ], [ 75.81, 25.49 ], [ 75.816, 25.479 ], [ 75.83, 25.478 ], [ 75.839, 25.488 ], [ 75.853, 25.487 ], [ 75.861, 25.497 ], [ 75.876, 25.496 ], [ 75.884, 25.506 ], [ 75.899, 25.505 ], [ 75.907, 25.515 ], [ 75.921, 25.514 ], [ 75.93, 25.524 ], [ 75.944, 25.523 ], [ 75.953, 25.533 ], [ 75.967, 25.532 ], [ 75.973, 25.521 ], [ 75.987, 25.52 ], [ 75.996, 25.53 ], [ 76.01, 25.529 ], [ 76.018, 25.539 ], [ 76.033, 25.538 ], [ 76.041, 25.548 ], [ 76.056, 25.547 ], [ 76.064, 25.557 ], [ 76.058, 25.568 ], [ 76.067, 25.578 ], [ 76.081, 25.577 ], [ 76.09, 25.587 ], [ 76.104, 25.586 ], [ 76.112, 25.596 ], [ 76.107, 25.607 ], [ 76.115, 25.617 ], [ 76.129, 25.616 ], [ 76.135, 25.605 ], [ 76.15, 25.604 ], [ 76.158, 25.614 ], [ 76.172, 25.612 ], [ 76.181, 25.622 ], [ 76.195, 25.621 ], [ 76.204, 25.631 ], [ 76.218, 25.63 ], [ 76.227, 25.64 ], [ 76.241, 25.639 ], [ 76.25, 25.649 ], [ 76.264, 25.648 ], [ 76.272, 25.658 ], [ 76.267, 25.669 ], [ 76.275, 25.679 ], [ 76.29, 25.678 ], [ 76.298, 25.688 ], [ 76.292, 25.699 ], [ 76.301, 25.709 ], [ 76.315, 25.708 ], [ 76.324, 25.718 ], [ 76.318, 25.729 ], [ 76.326, 25.739 ], [ 76.341, 25.738 ], [ 76.349, 25.748 ], [ 76.344, 25.759 ], [ 76.329, 25.76 ], [ 76.321, 25.75 ], [ 76.306, 25.751 ], [ 76.301, 25.762 ], [ 76.286, 25.763 ], [ 76.28, 25.774 ], [ 76.289, 25.784 ], [ 76.283, 25.796 ], [ 76.292, 25.806 ], [ 76.286, 25.817 ], [ 76.294, 25.827 ] ] ] ] } },
{ "type": "Feature", "properties": { "POLYGON.ID": 1283.0, "subregion": "India--Rajasthan--Sawai Madhopur--Ranthambore NP", "FILTER": "Rajasthan", "POLYGON": "India--Rajasthan--Sawai Madhopur--Ranthambore NP", "STATE": "Rajasthan", "COUNTY": "Sawai Madhopur", "OWNER": null }, "geometry": { "type": "MultiPolygon", "coordinates": [ [ [ [ 76.301, 25.762 ], [ 76.306, 25.751 ], [ 76.321, 25.75 ], [ 76.329, 25.76 ], [ 76.344, 25.759 ], [ 76.352, 25.769 ], [ 76.346, 25.78 ], [ 76.355, 25.79 ], [ 76.369, 25.789 ], [ 76.378, 25.799 ], [ 76.372, 25.81 ], [ 76.381, 25.82 ], [ 76.395, 25.819 ], [ 76.404, 25.829 ], [ 76.398, 25.84 ], [ 76.406, 25.85 ], [ 76.421, 25.849 ], [ 76.429, 25.859 ], [ 76.444, 25.858 ], [ 76.452, 25.868 ], [ 76.447, 25.879 ], [ 76.455, 25.889 ], [ 76.469, 25.888 ], [ 76.478, 25.898 ], [ 76.492, 25.897 ], [ 76.501, 25.907 ], [ 76.515, 25.906 ], [ 76.524, 25.916 ], [ 76.518, 25.927 ], [ 76.527, 25.937 ], [ 76.541, 25.936 ], [ 76.55, 25.946 ], [ 76.544, 25.957 ], [ 76.553, 25.967 ], [ 76.567, 25.966 ], [ 76.576, 25.976 ], [ 76.57, 25.987 ], [ 76.579, 25.997 ], [ 76.593, 25.996 ], [ 76.599, 25.985 ], [ 76.613, 25.983 ], [ 76.622, 25.993 ], [ 76.636, 25.992 ], [ 76.645, 26.002 ], [ 76.639, 26.013 ], [ 76.648, 26.023 ], [ 76.642, 26.035 ], [ 76.651, 26.045 ], [ 76.645, 26.056 ], [ 76.653, 26.066 ], [ 76.648, 26.077 ], [ 76.656, 26.087 ], [ 76.651, 26.098 ], [ 76.636, 26.099 ], [ 76.63, 26.11 ], [ 76.616, 26.111 ], [ 76.61, 26.123 ], [ 76.596, 26.124 ], [ 76.59, 26.135 ], [ 76.599, 26.145 ], [ 76.593, 26.156 ], [ 76.601, 26.166 ], [ 76.596, 26.177 ], [ 76.581, 26.178 ], [ 76.575, 26.189 ], [ 76.561, 26.191 ], [ 76.552, 26.181 ], [ 76.538, 26.182 ], [ 76.529, 26.172 ], [ 76.535, 26.16 ], [ 76.526, 26.15 ], [ 76.512, 26.152 ], [ 76.503, 26.142 ], [ 76.509, 26.13 ], [ 76.501, 26.12 ], [ 76.486, 26.121 ], [ 76.478, 26.111 ], [ 76.463, 26.113 ], [ 76.454, 26.103 ], [ 76.46, 26.091 ], [ 76.452, 26.081 ], [ 76.437, 26.083 ], [ 76.429, 26.072 ], [ 76.414, 26.074 ], [ 76.406, 26.064 ], [ 76.411, 26.052 ], [ 76.403, 26.042 ], [ 76.388, 26.044 ], [ 76.38, 26.033 ], [ 76.386, 26.022 ], [ 76.377, 26.012 ], [ 76.363, 26.013 ], [ 76.354, 26.003 ], [ 76.34, 26.005 ], [ 76.331, 25.995 ], [ 76.337, 25.983 ], [ 76.328, 25.973 ], [ 76.334, 25.962 ], [ 76.325, 25.952 ], [ 76.311, 25.953 ], [ 76.302, 25.943 ], [ 76.308, 25.932 ], [ 76.3, 25.922 ], [ 76.285, 25.923 ], [ 76.277, 25.913 ], [ 76.283, 25.902 ], [ 76.274, 25.892 ], [ 76.28, 25.881 ], [ 76.271, 25.871 ], [ 76.257, 25.872 ], [ 76.248, 25.862 ], [ 76.254, 25.851 ], [ 76.268, 25.85 ], [ 76.274, 25.839 ], [ 76.289, 25.838 ], [ 76.294, 25.827 ], [ 76.286, 25.817 ], [ 76.292, 25.806 ], [ 76.283, 25.796 ], [ 76.289, 25.784 ], [ 76.28, 25.774 ], [ 76.286, 25.763 ], [ 76.301, 25.762 ] ] ] ] } },
{ "type": "Feature", "properties": { "POLYGON.ID": 1282.0, "subregion": "India--Rajasthan--Sawai Madhopur--Chambal and other rivers", "FILTER": "Rajasthan", "POLYGON": "India--Rajasthan--Sawai Madhopur--Chambal and other rivers", "STATE": "Rajasthan", "COUNTY": "Sawai Madhopur", "OWNER": null }, "geometry": { "type": "MultiPolygon", "coordinates": [ [ [ [ 76.388, 26.204 ], [ 76.382, 26.215 ], [ 76.367, 26.216 ], [ 76.362, 26.227 ], [ 76.347, 26.228 ], [ 76.339, 26.218 ], [ 76.324, 26.22 ], [ 76.316, 26.209 ], [ 76.301, 26.211 ], [ 76.295, 26.222 ], [ 76.281, 26.223 ], [ 76.272, 26.213 ], [ 76.258, 26.214 ], [ 76.249, 26.204 ], [ 76.235, 26.205 ], [ 76.226, 26.195 ], [ 76.212, 26.196 ], [ 76.203, 26.186 ], [ 76.189, 26.187 ], [ 76.183, 26.198 ], [ 76.168, 26.199 ], [ 76.16, 26.189 ], [ 76.145, 26.19 ], [ 76.137, 26.18 ], [ 76.122, 26.181 ], [ 76.114, 26.171 ], [ 76.099, 26.172 ], [ 76.091, 26.162 ], [ 76.076, 26.163 ], [ 76.067, 26.153 ], [ 76.053, 26.154 ], [ 76.044, 26.144 ], [ 76.05, 26.133 ], [ 76.042, 26.123 ], [ 76.027, 26.124 ], [ 76.021, 26.135 ], [ 76.007, 26.136 ], [ 75.998, 26.126 ], [ 76.004, 26.115 ], [ 75.996, 26.105 ], [ 76.002, 26.094 ], [ 76.016, 26.093 ], [ 76.022, 26.082 ], [ 76.036, 26.081 ], [ 76.045, 26.091 ], [ 76.059, 26.09 ], [ 76.068, 26.1 ], [ 76.082, 26.099 ], [ 76.091, 26.109 ], [ 76.105, 26.108 ], [ 76.114, 26.118 ], [ 76.128, 26.117 ], [ 76.137, 26.127 ], [ 76.151, 26.126 ], [ 76.16, 26.136 ], [ 76.154, 26.147 ], [ 76.163, 26.157 ], [ 76.177, 26.156 ], [ 76.186, 26.166 ], [ 76.2, 26.165 ], [ 76.206, 26.154 ], [ 76.221, 26.152 ], [ 76.229, 26.163 ], [ 76.244, 26.161 ], [ 76.252, 26.171 ], [ 76.267, 26.17 ], [ 76.272, 26.159 ], [ 76.287, 26.158 ], [ 76.296, 26.168 ], [ 76.31, 26.167 ], [ 76.319, 26.177 ], [ 76.333, 26.176 ], [ 76.342, 26.186 ], [ 76.356, 26.185 ], [ 76.362, 26.174 ], [ 76.376, 26.173 ], [ 76.382, 26.162 ], [ 76.397, 26.16 ], [ 76.405, 26.171 ], [ 76.42, 26.169 ], [ 76.428, 26.179 ], [ 76.443, 26.178 ], [ 76.451, 26.188 ], [ 76.466, 26.187 ], [ 76.472, 26.176 ], [ 76.486, 26.175 ], [ 76.495, 26.185 ], [ 76.509, 26.184 ], [ 76.518, 26.194 ], [ 76.532, 26.193 ], [ 76.538, 26.182 ], [ 76.552, 26.181 ], [ 76.561, 26.191 ], [ 76.575, 26.189 ], [ 76.581, 26.178 ], [ 76.596, 26.177 ], [ 76.601, 26.166 ], [ 76.593, 26.156 ], [ 76.599, 26.145 ], [ 76.59, 26.135 ], [ 76.596, 26.124 ], [ 76.61, 26.123 ], [ 76.616, 26.111 ], [ 76.63, 26.11 ], [ 76.636, 26.099 ], [ 76.651, 26.098 ], [ 76.656, 26.087 ], [ 76.648, 26.077 ], [ 76.653, 26.066 ], [ 76.645, 26.056 ], [ 76.651, 26.045 ], [ 76.642, 26.035 ], [ 76.648, 26.023 ], [ 76.639, 26.013 ], [ 76.645, 26.002 ], [ 76.636, 25.992 ], [ 76.642, 25.981 ], [ 76.633, 25.971 ], [ 76.639, 25.96 ], [ 76.653, 25.959 ], [ 76.659, 25.948 ], [ 76.651, 25.938 ], [ 76.636, 25.939 ], [ 76.628, 25.929 ], [ 76.613, 25.93 ], [ 76.605, 25.92 ], [ 76.61, 25.909 ], [ 76.602, 25.899 ], [ 76.587, 25.9 ], [ 76.579, 25.89 ], [ 76.564, 25.891 ], [ 76.556, 25.881 ], [ 76.561, 25.87 ], [ 76.553, 25.86 ], [ 76.559, 25.849 ], [ 76.55, 25.839 ], [ 76.556, 25.828 ], [ 76.57, 25.827 ], [ 76.579, 25.837 ], [ 76.593, 25.836 ], [ 76.602, 25.846 ], [ 76.616, 25.845 ], [ 76.625, 25.855 ], [ 76.639, 25.853 ], [ 76.648, 25.863 ], [ 76.642, 25.875 ], [ 76.651, 25.884 ], [ 76.665, 25.883 ], [ 76.671, 25.872 ], [ 76.685, 25.871 ], [ 76.694, 25.881 ], [ 76.708, 25.88 ], [ 76.717, 25.89 ], [ 76.731, 25.889 ], [ 76.737, 25.878 ], [ 76.751, 25.877 ], [ 76.76, 25.887 ], [ 76.774, 25.885 ], [ 76.783, 25.895 ], [ 76.777, 25.907 ], [ 76.786, 25.917 ], [ 76.8, 25.915 ], [ 76.809, 25.925 ], [ 76.823, 25.924 ], [ 76.832, 25.934 ], [ 76.826, 25.945 ], [ 76.835, 25.955 ], [ 76.829, 25.966 ], [ 76.838, 25.976 ], [ 76.852, 25.975 ], [ 76.861, 25.985 ], [ 76.855, 25.996 ], [ 76.864, 26.006 ], [ 76.858, 26.017 ], [ 76.866, 26.027 ], [ 76.861, 26.039 ], [ 76.846, 26.04 ], [ 76.838, 26.03 ], [ 76.823, 26.031 ], [ 76.818, 26.042 ], [ 76.803, 26.043 ], [ 76.795, 26.033 ], [ 76.8, 26.022 ], [ 76.792, 26.012 ], [ 76.777, 26.013 ], [ 76.769, 26.003 ], [ 76.774, 25.992 ], [ 76.766, 25.982 ], [ 76.751, 25.983 ], [ 76.743, 25.973 ], [ 76.728, 25.974 ], [ 76.72, 25.964 ], [ 76.705, 25.966 ], [ 76.699, 25.977 ], [ 76.685, 25.978 ], [ 76.679, 25.989 ], [ 76.688, 25.999 ], [ 76.682, 26.01 ], [ 76.691, 26.02 ], [ 76.685, 26.031 ], [ 76.694, 26.041 ], [ 76.708, 26.04 ], [ 76.717, 26.05 ], [ 76.711, 26.061 ], [ 76.72, 26.071 ], [ 76.714, 26.082 ], [ 76.7, 26.083 ], [ 76.694, 26.095 ], [ 76.679, 26.096 ], [ 76.674, 26.107 ], [ 76.682, 26.117 ], [ 76.676, 26.128 ], [ 76.662, 26.129 ], [ 76.656, 26.14 ], [ 76.642, 26.141 ], [ 76.636, 26.153 ], [ 76.645, 26.163 ], [ 76.639, 26.174 ], [ 76.625, 26.175 ], [ 76.619, 26.186 ], [ 76.627, 26.196 ], [ 76.622, 26.207 ], [ 76.607, 26.208 ], [ 76.601, 26.22 ], [ 76.587, 26.221 ], [ 76.581, 26.232 ], [ 76.567, 26.233 ], [ 76.561, 26.244 ], [ 76.547, 26.245 ], [ 76.538, 26.235 ], [ 76.523, 26.236 ], [ 76.515, 26.226 ], [ 76.5, 26.227 ], [ 76.495, 26.239 ], [ 76.48, 26.24 ], [ 76.471, 26.23 ], [ 76.457, 26.231 ], [ 76.448, 26.221 ], [ 76.434, 26.222 ], [ 76.425, 26.212 ], [ 76.411, 26.213 ], [ 76.402, 26.203 ], [ 76.388, 26.204 ] ] ] ] } },
{ "type": "Feature", "properties": { "POLYGON.ID": 1281.0, "subregion": "India--Rajasthan--Karauli--Chambal River", "FILTER": "Rajasthan", "POLYGON": "India--Rajasthan--Karauli--Chambal River", "STATE": "Rajasthan", "COUNTY": "Karauli", "OWNER": null }, "geometry": { "type": "MultiPolygon", "coordinates": [ [ [ [ 77.17, 26.217 ], [ 77.176, 26.206 ], [ 77.19, 26.204 ], [ 77.199, 26.214 ], [ 77.213, 26.213 ], [ 77.222, 26.223 ], [ 77.236, 26.222 ], [ 77.245, 26.232 ], [ 77.26, 26.231 ], [ 77.268, 26.241 ], [ 77.263, 26.252 ], [ 77.271, 26.262 ], [ 77.286, 26.261 ], [ 77.295, 26.271 ], [ 77.309, 26.269 ], [ 77.318, 26.279 ], [ 77.312, 26.291 ], [ 77.321, 26.301 ], [ 77.335, 26.299 ], [ 77.344, 26.309 ], [ 77.338, 26.321 ], [ 77.347, 26.331 ], [ 77.362, 26.329 ], [ 77.37, 26.339 ], [ 77.365, 26.351 ], [ 77.373, 26.361 ], [ 77.368, 26.372 ], [ 77.353, 26.373 ], [ 77.345, 26.363 ], [ 77.33, 26.364 ], [ 77.321, 26.354 ], [ 77.307, 26.355 ], [ 77.298, 26.345 ], [ 77.304, 26.334 ], [ 77.295, 26.324 ], [ 77.281, 26.325 ], [ 77.272, 26.315 ], [ 77.257, 26.317 ], [ 77.249, 26.307 ], [ 77.254, 26.295 ], [ 77.246, 26.285 ], [ 77.231, 26.287 ], [ 77.222, 26.277 ], [ 77.208, 26.278 ], [ 77.199, 26.268 ], [ 77.185, 26.269 ], [ 77.176, 26.259 ], [ 77.162, 26.26 ], [ 77.153, 26.25 ], [ 77.139, 26.251 ], [ 77.13, 26.241 ], [ 77.115, 26.243 ], [ 77.107, 26.233 ], [ 77.092, 26.234 ], [ 77.084, 26.224 ], [ 77.069, 26.225 ], [ 77.06, 26.215 ], [ 77.066, 26.204 ], [ 77.057, 26.194 ], [ 77.043, 26.195 ], [ 77.034, 26.185 ], [ 77.02, 26.186 ], [ 77.011, 26.176 ], [ 76.997, 26.177 ], [ 76.988, 26.167 ], [ 76.974, 26.169 ], [ 76.965, 26.159 ], [ 76.971, 26.147 ], [ 76.962, 26.137 ], [ 76.948, 26.139 ], [ 76.939, 26.129 ], [ 76.924, 26.13 ], [ 76.916, 26.12 ], [ 76.921, 26.109 ], [ 76.913, 26.099 ], [ 76.898, 26.1 ], [ 76.89, 26.09 ], [ 76.875, 26.091 ], [ 76.867, 26.081 ], [ 76.872, 26.07 ], [ 76.864, 26.06 ], [ 76.849, 26.061 ], [ 76.841, 26.051 ], [ 76.826, 26.052 ], [ 76.818, 26.042 ], [ 76.823, 26.031 ], [ 76.838, 26.03 ], [ 76.846, 26.04 ], [ 76.861, 26.039 ], [ 76.866, 26.027 ], [ 76.881, 26.026 ], [ 76.89, 26.036 ], [ 76.904, 26.035 ], [ 76.913, 26.045 ], [ 76.907, 26.056 ], [ 76.916, 26.066 ], [ 76.93, 26.065 ], [ 76.939, 26.075 ], [ 76.953, 26.074 ], [ 76.962, 26.084 ], [ 76.976, 26.083 ], [ 76.985, 26.093 ], [ 76.979, 26.104 ], [ 76.988, 26.114 ], [ 77.002, 26.113 ], [ 77.011, 26.123 ], [ 77.025, 26.122 ], [ 77.034, 26.132 ], [ 77.028, 26.143 ], [ 77.037, 26.153 ], [ 77.051, 26.152 ], [ 77.06, 26.162 ], [ 77.074, 26.16 ], [ 77.083, 26.17 ], [ 77.098, 26.169 ], [ 77.106, 26.179 ], [ 77.121, 26.178 ], [ 77.129, 26.188 ], [ 77.124, 26.199 ], [ 77.132, 26.209 ], [ 77.147, 26.208 ], [ 77.156, 26.218 ], [ 77.17, 26.217 ] ] ] ] } }
]
}
