{
"type": "FeatureCollection",
"name": "Uttarakhand",
"crs": { "type": "name", "properties": { "name": "urn:ogc:def:crs:OGC:1.3:CRS84" } },
"features": [
{ "type": "Feature", "properties": { "POLYGON.ID": 551.0, "subregion": "India--Uttarakhand--Tehri Garhwal--mid Himalaya", "POLYGON": "India--Uttarakhand--Tehri Garhwal--mid Himalaya", "SHOW": "1", "FILTER": "India--Uttarakhand--Above1000m", "FILTER.ID": "CL27670", "OLD.POLYGON": "1", "STATE": "Uttarakhand", "COUNTY": "Garhwa", "OWNER": null }, "geometry": { "type": "MultiPolygon", "coordinates": [ [ [ [ 78.399, 30.477 ], [ 78.393, 30.488 ], [ 78.403, 30.499 ], [ 78.397, 30.51 ], [ 78.381, 30.512 ], [ 78.376, 30.524 ], [ 78.36, 30.525 ], [ 78.354, 30.537 ], [ 78.339, 30.538 ], [ 78.333, 30.55 ], [ 78.318, 30.552 ], [ 78.308, 30.541 ], [ 78.293, 30.543 ], [ 78.287, 30.555 ], [ 78.297, 30.565 ], [ 78.291, 30.577 ], [ 78.3, 30.587 ], [ 78.295, 30.599 ], [ 78.279, 30.6 ], [ 78.273, 30.612 ], [ 78.258, 30.614 ], [ 78.249, 30.603 ], [ 78.254, 30.591 ], [ 78.245, 30.581 ], [ 78.23, 30.582 ], [ 78.22, 30.572 ], [ 78.205, 30.574 ], [ 78.199, 30.585 ], [ 78.184, 30.587 ], [ 78.178, 30.599 ], [ 78.162, 30.6 ], [ 78.157, 30.612 ], [ 78.166, 30.622 ], [ 78.16, 30.634 ], [ 78.145, 30.635 ], [ 78.135, 30.625 ], [ 78.12, 30.626 ], [ 78.114, 30.638 ], [ 78.099, 30.64 ], [ 78.089, 30.629 ], [ 78.074, 30.631 ], [ 78.064, 30.62 ], [ 78.07, 30.609 ], [ 78.061, 30.598 ], [ 78.046, 30.6 ], [ 78.04, 30.611 ], [ 78.024, 30.613 ], [ 78.015, 30.602 ], [ 78.021, 30.591 ], [ 78.011, 30.58 ], [ 78.017, 30.569 ], [ 78.008, 30.558 ], [ 77.992, 30.56 ], [ 77.983, 30.549 ], [ 77.989, 30.537 ], [ 77.98, 30.527 ], [ 77.985, 30.515 ], [ 77.976, 30.505 ], [ 77.982, 30.493 ], [ 77.997, 30.492 ], [ 78.003, 30.48 ], [ 78.018, 30.479 ], [ 78.024, 30.467 ], [ 78.04, 30.465 ], [ 78.046, 30.454 ], [ 78.061, 30.452 ], [ 78.07, 30.462 ], [ 78.086, 30.461 ], [ 78.091, 30.449 ], [ 78.107, 30.448 ], [ 78.116, 30.458 ], [ 78.132, 30.457 ], [ 78.137, 30.445 ], [ 78.153, 30.444 ], [ 78.162, 30.454 ], [ 78.177, 30.453 ], [ 78.183, 30.441 ], [ 78.199, 30.439 ], [ 78.208, 30.45 ], [ 78.223, 30.448 ], [ 78.229, 30.436 ], [ 78.244, 30.435 ], [ 78.25, 30.423 ], [ 78.266, 30.422 ], [ 78.271, 30.41 ], [ 78.287, 30.409 ], [ 78.293, 30.397 ], [ 78.308, 30.395 ], [ 78.317, 30.406 ], [ 78.333, 30.404 ], [ 78.342, 30.415 ], [ 78.357, 30.413 ], [ 78.363, 30.401 ], [ 78.378, 30.4 ], [ 78.388, 30.41 ], [ 78.403, 30.409 ], [ 78.413, 30.419 ], [ 78.407, 30.431 ], [ 78.416, 30.441 ], [ 78.41, 30.453 ], [ 78.42, 30.463 ], [ 78.435, 30.462 ], [ 78.445, 30.472 ], [ 78.46, 30.471 ], [ 78.466, 30.459 ], [ 78.456, 30.449 ], [ 78.462, 30.437 ], [ 78.477, 30.435 ], [ 78.483, 30.424 ], [ 78.499, 30.422 ], [ 78.504, 30.41 ], [ 78.52, 30.409 ], [ 78.525, 30.397 ], [ 78.541, 30.396 ], [ 78.55, 30.406 ], [ 78.565, 30.404 ], [ 78.571, 30.393 ], [ 78.586, 30.391 ], [ 78.592, 30.379 ], [ 78.583, 30.369 ], [ 78.589, 30.357 ], [ 78.579, 30.347 ], [ 78.585, 30.335 ], [ 78.6, 30.334 ], [ 78.606, 30.322 ], [ 78.596, 30.312 ], [ 78.602, 30.3 ], [ 78.593, 30.29 ], [ 78.598, 30.278 ], [ 78.614, 30.276 ], [ 78.619, 30.265 ], [ 78.61, 30.254 ], [ 78.616, 30.243 ], [ 78.631, 30.241 ], [ 78.637, 30.229 ], [ 78.652, 30.228 ], [ 78.661, 30.238 ], [ 78.677, 30.237 ], [ 78.686, 30.247 ], [ 78.701, 30.245 ], [ 78.707, 30.234 ], [ 78.722, 30.232 ], [ 78.728, 30.22 ], [ 78.743, 30.219 ], [ 78.749, 30.207 ], [ 78.764, 30.206 ], [ 78.774, 30.216 ], [ 78.789, 30.214 ], [ 78.798, 30.225 ], [ 78.814, 30.223 ], [ 78.823, 30.234 ], [ 78.838, 30.232 ], [ 78.848, 30.242 ], [ 78.863, 30.241 ], [ 78.872, 30.251 ], [ 78.888, 30.25 ], [ 78.897, 30.26 ], [ 78.891, 30.272 ], [ 78.876, 30.273 ], [ 78.871, 30.285 ], [ 78.855, 30.286 ], [ 78.85, 30.298 ], [ 78.859, 30.308 ], [ 78.874, 30.307 ], [ 78.884, 30.317 ], [ 78.878, 30.329 ], [ 78.888, 30.339 ], [ 78.882, 30.351 ], [ 78.867, 30.353 ], [ 78.857, 30.342 ], [ 78.842, 30.344 ], [ 78.836, 30.356 ], [ 78.846, 30.366 ], [ 78.84, 30.378 ], [ 78.825, 30.379 ], [ 78.819, 30.391 ], [ 78.804, 30.392 ], [ 78.798, 30.404 ], [ 78.783, 30.406 ], [ 78.777, 30.418 ], [ 78.787, 30.428 ], [ 78.802, 30.426 ], [ 78.811, 30.437 ], [ 78.806, 30.448 ], [ 78.79, 30.45 ], [ 78.785, 30.462 ], [ 78.769, 30.463 ], [ 78.76, 30.453 ], [ 78.745, 30.454 ], [ 78.739, 30.466 ], [ 78.724, 30.468 ], [ 78.718, 30.479 ], [ 78.702, 30.481 ], [ 78.693, 30.471 ], [ 78.699, 30.459 ], [ 78.689, 30.449 ], [ 78.674, 30.45 ], [ 78.664, 30.44 ], [ 78.649, 30.441 ], [ 78.643, 30.453 ], [ 78.628, 30.455 ], [ 78.622, 30.466 ], [ 78.607, 30.468 ], [ 78.601, 30.48 ], [ 78.611, 30.49 ], [ 78.626, 30.488 ], [ 78.636, 30.499 ], [ 78.651, 30.497 ], [ 78.66, 30.508 ], [ 78.655, 30.519 ], [ 78.664, 30.53 ], [ 78.658, 30.541 ], [ 78.668, 30.552 ], [ 78.662, 30.564 ], [ 78.647, 30.565 ], [ 78.637, 30.555 ], [ 78.643, 30.543 ], [ 78.634, 30.533 ], [ 78.618, 30.534 ], [ 78.609, 30.524 ], [ 78.593, 30.525 ], [ 78.584, 30.515 ], [ 78.59, 30.503 ], [ 78.58, 30.493 ], [ 78.565, 30.494 ], [ 78.559, 30.506 ], [ 78.544, 30.508 ], [ 78.538, 30.519 ], [ 78.523, 30.521 ], [ 78.517, 30.533 ], [ 78.502, 30.534 ], [ 78.496, 30.546 ], [ 78.505, 30.556 ], [ 78.5, 30.568 ], [ 78.509, 30.578 ], [ 78.503, 30.59 ], [ 78.513, 30.601 ], [ 78.507, 30.612 ], [ 78.492, 30.614 ], [ 78.486, 30.626 ], [ 78.47, 30.627 ], [ 78.461, 30.617 ], [ 78.446, 30.618 ], [ 78.436, 30.608 ], [ 78.442, 30.596 ], [ 78.432, 30.586 ], [ 78.438, 30.574 ], [ 78.429, 30.564 ], [ 78.435, 30.552 ], [ 78.425, 30.541 ], [ 78.431, 30.53 ], [ 78.421, 30.519 ], [ 78.427, 30.508 ], [ 78.418, 30.497 ], [ 78.424, 30.485 ], [ 78.414, 30.475 ], [ 78.399, 30.477 ] ] ] ] } },
{ "type": "Feature", "properties": { "POLYGON.ID": 550.0, "subregion": "India--Uttarakhand--Tehri Garhwal--high Himalaya", "POLYGON": "India--Uttarakhand--Tehri Garhwal--high Himalaya", "SHOW": "1", "FILTER": "India--Uttarakhand--Above1000m", "FILTER.ID": "CL27670", "OLD.POLYGON": "1", "STATE": "Uttarakhand", "COUNTY": "Garhwa", "OWNER": null }, "geometry": { "type": "MultiPolygon", "coordinates": [ [ [ [ 78.855, 30.826 ], [ 78.845, 30.816 ], [ 78.851, 30.804 ], [ 78.842, 30.794 ], [ 78.847, 30.782 ], [ 78.838, 30.771 ], [ 78.844, 30.76 ], [ 78.834, 30.749 ], [ 78.84, 30.737 ], [ 78.83, 30.727 ], [ 78.815, 30.729 ], [ 78.805, 30.718 ], [ 78.79, 30.72 ], [ 78.78, 30.71 ], [ 78.765, 30.711 ], [ 78.759, 30.723 ], [ 78.744, 30.724 ], [ 78.734, 30.714 ], [ 78.719, 30.716 ], [ 78.713, 30.727 ], [ 78.698, 30.729 ], [ 78.688, 30.719 ], [ 78.673, 30.72 ], [ 78.663, 30.71 ], [ 78.669, 30.698 ], [ 78.66, 30.688 ], [ 78.644, 30.689 ], [ 78.635, 30.679 ], [ 78.62, 30.68 ], [ 78.614, 30.692 ], [ 78.598, 30.694 ], [ 78.589, 30.683 ], [ 78.595, 30.671 ], [ 78.61, 30.67 ], [ 78.616, 30.658 ], [ 78.606, 30.648 ], [ 78.612, 30.636 ], [ 78.603, 30.626 ], [ 78.587, 30.627 ], [ 78.578, 30.617 ], [ 78.584, 30.605 ], [ 78.574, 30.595 ], [ 78.559, 30.596 ], [ 78.549, 30.586 ], [ 78.555, 30.574 ], [ 78.545, 30.564 ], [ 78.551, 30.552 ], [ 78.542, 30.542 ], [ 78.548, 30.53 ], [ 78.538, 30.519 ], [ 78.544, 30.508 ], [ 78.559, 30.506 ], [ 78.565, 30.494 ], [ 78.58, 30.493 ], [ 78.59, 30.503 ], [ 78.584, 30.515 ], [ 78.593, 30.525 ], [ 78.609, 30.524 ], [ 78.618, 30.534 ], [ 78.634, 30.533 ], [ 78.643, 30.543 ], [ 78.637, 30.555 ], [ 78.647, 30.565 ], [ 78.662, 30.564 ], [ 78.668, 30.552 ], [ 78.658, 30.541 ], [ 78.664, 30.53 ], [ 78.655, 30.519 ], [ 78.66, 30.508 ], [ 78.651, 30.497 ], [ 78.636, 30.499 ], [ 78.626, 30.488 ], [ 78.611, 30.49 ], [ 78.601, 30.48 ], [ 78.607, 30.468 ], [ 78.622, 30.466 ], [ 78.628, 30.455 ], [ 78.643, 30.453 ], [ 78.649, 30.441 ], [ 78.664, 30.44 ], [ 78.674, 30.45 ], [ 78.689, 30.449 ], [ 78.699, 30.459 ], [ 78.693, 30.471 ], [ 78.702, 30.481 ], [ 78.718, 30.479 ], [ 78.724, 30.468 ], [ 78.739, 30.466 ], [ 78.745, 30.454 ], [ 78.76, 30.453 ], [ 78.769, 30.463 ], [ 78.785, 30.462 ], [ 78.79, 30.45 ], [ 78.806, 30.448 ], [ 78.811, 30.437 ], [ 78.802, 30.426 ], [ 78.787, 30.428 ], [ 78.777, 30.418 ], [ 78.783, 30.406 ], [ 78.798, 30.404 ], [ 78.804, 30.392 ], [ 78.819, 30.391 ], [ 78.829, 30.401 ], [ 78.823, 30.413 ], [ 78.832, 30.423 ], [ 78.848, 30.422 ], [ 78.857, 30.432 ], [ 78.851, 30.444 ], [ 78.861, 30.454 ], [ 78.855, 30.466 ], [ 78.84, 30.467 ], [ 78.834, 30.479 ], [ 78.844, 30.49 ], [ 78.859, 30.488 ], [ 78.869, 30.498 ], [ 78.863, 30.51 ], [ 78.872, 30.52 ], [ 78.867, 30.532 ], [ 78.876, 30.543 ], [ 78.87, 30.554 ], [ 78.88, 30.565 ], [ 78.874, 30.576 ], [ 78.884, 30.587 ], [ 78.878, 30.599 ], [ 78.888, 30.609 ], [ 78.903, 30.607 ], [ 78.912, 30.618 ], [ 78.907, 30.63 ], [ 78.916, 30.64 ], [ 78.911, 30.652 ], [ 78.92, 30.662 ], [ 78.914, 30.674 ], [ 78.924, 30.684 ], [ 78.918, 30.696 ], [ 78.928, 30.706 ], [ 78.922, 30.718 ], [ 78.932, 30.728 ], [ 78.947, 30.727 ], [ 78.957, 30.737 ], [ 78.972, 30.736 ], [ 78.978, 30.724 ], [ 78.993, 30.722 ], [ 79.002, 30.733 ], [ 78.997, 30.744 ], [ 79.006, 30.755 ], [ 79.022, 30.753 ], [ 79.031, 30.763 ], [ 79.026, 30.775 ], [ 79.035, 30.786 ], [ 79.029, 30.797 ], [ 79.039, 30.808 ], [ 79.033, 30.82 ], [ 79.018, 30.821 ], [ 79.012, 30.833 ], [ 78.997, 30.834 ], [ 78.991, 30.846 ], [ 78.976, 30.848 ], [ 78.97, 30.86 ], [ 78.955, 30.861 ], [ 78.949, 30.873 ], [ 78.934, 30.875 ], [ 78.924, 30.864 ], [ 78.909, 30.866 ], [ 78.903, 30.878 ], [ 78.888, 30.879 ], [ 78.878, 30.869 ], [ 78.863, 30.87 ], [ 78.853, 30.86 ], [ 78.859, 30.848 ], [ 78.849, 30.838 ], [ 78.855, 30.826 ] ] ] ] } },
{ "type": "Feature", "properties": { "POLYGON.ID": 549.0, "subregion": "India--Uttarakhand--Tehri Garhwal--low Himalaya", "POLYGON": "India--Uttarakhand--Tehri Garhwal--low Himalaya", "SHOW": "1", "FILTER": "India--Uttarakhand--Below1000m", "FILTER.ID": "CL27671", "OLD.POLYGON": "1", "STATE": "Uttarakhand", "COUNTY": "Garhwa", "OWNER": null }, "geometry": { "type": "MultiPolygon", "coordinates": [ [ [ [ 78.29, 30.285 ], [ 78.296, 30.273 ], [ 78.286, 30.263 ], [ 78.292, 30.251 ], [ 78.283, 30.241 ], [ 78.288, 30.229 ], [ 78.279, 30.219 ], [ 78.264, 30.22 ], [ 78.254, 30.21 ], [ 78.239, 30.211 ], [ 78.23, 30.201 ], [ 78.236, 30.189 ], [ 78.226, 30.179 ], [ 78.232, 30.167 ], [ 78.247, 30.166 ], [ 78.253, 30.154 ], [ 78.244, 30.144 ], [ 78.249, 30.132 ], [ 78.265, 30.13 ], [ 78.27, 30.119 ], [ 78.286, 30.117 ], [ 78.295, 30.128 ], [ 78.31, 30.126 ], [ 78.316, 30.114 ], [ 78.331, 30.113 ], [ 78.341, 30.123 ], [ 78.356, 30.122 ], [ 78.365, 30.132 ], [ 78.381, 30.131 ], [ 78.386, 30.119 ], [ 78.402, 30.117 ], [ 78.411, 30.128 ], [ 78.426, 30.126 ], [ 78.432, 30.115 ], [ 78.447, 30.113 ], [ 78.453, 30.101 ], [ 78.444, 30.091 ], [ 78.449, 30.079 ], [ 78.465, 30.078 ], [ 78.47, 30.066 ], [ 78.486, 30.065 ], [ 78.491, 30.053 ], [ 78.506, 30.052 ], [ 78.516, 30.062 ], [ 78.531, 30.06 ], [ 78.541, 30.071 ], [ 78.556, 30.069 ], [ 78.561, 30.057 ], [ 78.577, 30.056 ], [ 78.586, 30.066 ], [ 78.58, 30.078 ], [ 78.59, 30.088 ], [ 78.584, 30.1 ], [ 78.593, 30.11 ], [ 78.588, 30.122 ], [ 78.597, 30.132 ], [ 78.591, 30.144 ], [ 78.601, 30.154 ], [ 78.616, 30.153 ], [ 78.626, 30.163 ], [ 78.62, 30.175 ], [ 78.629, 30.185 ], [ 78.623, 30.197 ], [ 78.633, 30.207 ], [ 78.648, 30.206 ], [ 78.658, 30.216 ], [ 78.673, 30.215 ], [ 78.682, 30.225 ], [ 78.677, 30.237 ], [ 78.661, 30.238 ], [ 78.652, 30.228 ], [ 78.637, 30.229 ], [ 78.631, 30.241 ], [ 78.616, 30.243 ], [ 78.61, 30.254 ], [ 78.619, 30.265 ], [ 78.614, 30.276 ], [ 78.598, 30.278 ], [ 78.593, 30.29 ], [ 78.602, 30.3 ], [ 78.596, 30.312 ], [ 78.606, 30.322 ], [ 78.6, 30.334 ], [ 78.585, 30.335 ], [ 78.579, 30.347 ], [ 78.589, 30.357 ], [ 78.583, 30.369 ], [ 78.592, 30.379 ], [ 78.586, 30.391 ], [ 78.571, 30.393 ], [ 78.565, 30.404 ], [ 78.55, 30.406 ], [ 78.541, 30.396 ], [ 78.525, 30.397 ], [ 78.52, 30.409 ], [ 78.504, 30.41 ], [ 78.499, 30.422 ], [ 78.483, 30.424 ], [ 78.477, 30.435 ], [ 78.462, 30.437 ], [ 78.456, 30.449 ], [ 78.466, 30.459 ], [ 78.46, 30.471 ], [ 78.445, 30.472 ], [ 78.435, 30.462 ], [ 78.42, 30.463 ], [ 78.41, 30.453 ], [ 78.416, 30.441 ], [ 78.407, 30.431 ], [ 78.413, 30.419 ], [ 78.403, 30.409 ], [ 78.388, 30.41 ], [ 78.378, 30.4 ], [ 78.363, 30.401 ], [ 78.357, 30.413 ], [ 78.342, 30.415 ], [ 78.333, 30.404 ], [ 78.317, 30.406 ], [ 78.308, 30.395 ], [ 78.293, 30.397 ], [ 78.287, 30.409 ], [ 78.271, 30.41 ], [ 78.266, 30.422 ], [ 78.25, 30.423 ], [ 78.241, 30.413 ], [ 78.247, 30.401 ], [ 78.237, 30.391 ], [ 78.222, 30.392 ], [ 78.213, 30.382 ], [ 78.197, 30.383 ], [ 78.188, 30.373 ], [ 78.173, 30.374 ], [ 78.163, 30.364 ], [ 78.148, 30.365 ], [ 78.138, 30.355 ], [ 78.144, 30.343 ], [ 78.135, 30.333 ], [ 78.141, 30.321 ], [ 78.156, 30.32 ], [ 78.162, 30.308 ], [ 78.177, 30.307 ], [ 78.183, 30.295 ], [ 78.198, 30.293 ], [ 78.208, 30.304 ], [ 78.223, 30.302 ], [ 78.229, 30.291 ], [ 78.244, 30.289 ], [ 78.25, 30.277 ], [ 78.265, 30.276 ], [ 78.275, 30.286 ], [ 78.29, 30.285 ] ] ] ] } },
{ "type": "Feature", "properties": { "POLYGON.ID": 548.0, "subregion": "India--Uttarakhand--Uttarkashi--high Himalaya", "POLYGON": "India--Uttarakhand--Uttarkashi--high Himalaya", "SHOW": "1", "FILTER": "India--Uttarakhand--Above1000m", "FILTER.ID": "CL27670", "OLD.POLYGON": "1", "STATE": "Uttarakhand", "COUNTY": "Uttarkashi", "OWNER": null }, "geometry": { "type": "MultiPolygon", "coordinates": [ [ [ [ 79.293, 30.917 ], [ 79.287, 30.929 ], [ 79.297, 30.939 ], [ 79.291, 30.951 ], [ 79.276, 30.953 ], [ 79.27, 30.965 ], [ 79.28, 30.975 ], [ 79.295, 30.973 ], [ 79.301, 30.962 ], [ 79.316, 30.96 ], [ 79.326, 30.97 ], [ 79.32, 30.982 ], [ 79.33, 30.992 ], [ 79.324, 31.004 ], [ 79.334, 31.015 ], [ 79.349, 31.013 ], [ 79.359, 31.023 ], [ 79.353, 31.035 ], [ 79.338, 31.037 ], [ 79.332, 31.049 ], [ 79.316, 31.05 ], [ 79.311, 31.062 ], [ 79.295, 31.064 ], [ 79.29, 31.076 ], [ 79.299, 31.086 ], [ 79.294, 31.098 ], [ 79.278, 31.099 ], [ 79.273, 31.111 ], [ 79.257, 31.113 ], [ 79.248, 31.103 ], [ 79.232, 31.104 ], [ 79.226, 31.116 ], [ 79.211, 31.118 ], [ 79.201, 31.107 ], [ 79.186, 31.109 ], [ 79.176, 31.099 ], [ 79.161, 31.1 ], [ 79.155, 31.112 ], [ 79.14, 31.114 ], [ 79.13, 31.103 ], [ 79.115, 31.105 ], [ 79.109, 31.117 ], [ 79.094, 31.118 ], [ 79.084, 31.108 ], [ 79.069, 31.11 ], [ 79.063, 31.121 ], [ 79.047, 31.123 ], [ 79.038, 31.113 ], [ 79.022, 31.114 ], [ 79.017, 31.126 ], [ 79.001, 31.128 ], [ 78.992, 31.117 ], [ 78.976, 31.119 ], [ 78.967, 31.108 ], [ 78.951, 31.11 ], [ 78.941, 31.1 ], [ 78.926, 31.101 ], [ 78.92, 31.113 ], [ 78.905, 31.115 ], [ 78.895, 31.104 ], [ 78.88, 31.106 ], [ 78.874, 31.118 ], [ 78.859, 31.119 ], [ 78.853, 31.131 ], [ 78.837, 31.133 ], [ 78.832, 31.145 ], [ 78.841, 31.155 ], [ 78.835, 31.167 ], [ 78.82, 31.168 ], [ 78.814, 31.18 ], [ 78.824, 31.191 ], [ 78.818, 31.202 ], [ 78.803, 31.204 ], [ 78.793, 31.194 ], [ 78.778, 31.195 ], [ 78.768, 31.185 ], [ 78.752, 31.186 ], [ 78.747, 31.198 ], [ 78.731, 31.2 ], [ 78.722, 31.189 ], [ 78.706, 31.191 ], [ 78.7, 31.203 ], [ 78.685, 31.204 ], [ 78.675, 31.194 ], [ 78.66, 31.195 ], [ 78.654, 31.207 ], [ 78.639, 31.209 ], [ 78.633, 31.221 ], [ 78.617, 31.222 ], [ 78.611, 31.234 ], [ 78.596, 31.236 ], [ 78.586, 31.225 ], [ 78.571, 31.227 ], [ 78.561, 31.216 ], [ 78.546, 31.218 ], [ 78.536, 31.207 ], [ 78.521, 31.209 ], [ 78.511, 31.199 ], [ 78.496, 31.2 ], [ 78.49, 31.212 ], [ 78.474, 31.213 ], [ 78.468, 31.225 ], [ 78.478, 31.236 ], [ 78.472, 31.248 ], [ 78.457, 31.249 ], [ 78.447, 31.239 ], [ 78.432, 31.24 ], [ 78.426, 31.252 ], [ 78.41, 31.254 ], [ 78.404, 31.265 ], [ 78.389, 31.267 ], [ 78.383, 31.279 ], [ 78.368, 31.28 ], [ 78.362, 31.292 ], [ 78.346, 31.294 ], [ 78.337, 31.283 ], [ 78.321, 31.285 ], [ 78.312, 31.274 ], [ 78.317, 31.262 ], [ 78.308, 31.252 ], [ 78.292, 31.253 ], [ 78.286, 31.265 ], [ 78.271, 31.267 ], [ 78.261, 31.256 ], [ 78.267, 31.245 ], [ 78.258, 31.234 ], [ 78.242, 31.236 ], [ 78.233, 31.225 ], [ 78.217, 31.227 ], [ 78.208, 31.216 ], [ 78.192, 31.218 ], [ 78.186, 31.23 ], [ 78.171, 31.231 ], [ 78.161, 31.221 ], [ 78.146, 31.222 ], [ 78.136, 31.212 ], [ 78.121, 31.213 ], [ 78.111, 31.203 ], [ 78.117, 31.191 ], [ 78.108, 31.18 ], [ 78.092, 31.182 ], [ 78.086, 31.194 ], [ 78.071, 31.195 ], [ 78.061, 31.185 ], [ 78.067, 31.173 ], [ 78.058, 31.162 ], [ 78.042, 31.164 ], [ 78.033, 31.153 ], [ 78.017, 31.155 ], [ 78.011, 31.167 ], [ 77.996, 31.168 ], [ 77.986, 31.158 ], [ 77.971, 31.159 ], [ 77.965, 31.171 ], [ 77.949, 31.172 ], [ 77.94, 31.162 ], [ 77.924, 31.163 ], [ 77.915, 31.153 ], [ 77.899, 31.154 ], [ 77.89, 31.144 ], [ 77.896, 31.132 ], [ 77.911, 31.131 ], [ 77.921, 31.141 ], [ 77.936, 31.14 ], [ 77.942, 31.128 ], [ 77.958, 31.126 ], [ 77.967, 31.137 ], [ 77.983, 31.135 ], [ 77.992, 31.146 ], [ 78.008, 31.144 ], [ 78.013, 31.133 ], [ 78.029, 31.131 ], [ 78.038, 31.142 ], [ 78.054, 31.14 ], [ 78.063, 31.151 ], [ 78.079, 31.149 ], [ 78.088, 31.16 ], [ 78.104, 31.158 ], [ 78.113, 31.168 ], [ 78.129, 31.167 ], [ 78.139, 31.177 ], [ 78.154, 31.176 ], [ 78.164, 31.186 ], [ 78.179, 31.185 ], [ 78.189, 31.195 ], [ 78.204, 31.194 ], [ 78.21, 31.182 ], [ 78.225, 31.181 ], [ 78.231, 31.169 ], [ 78.222, 31.158 ], [ 78.228, 31.146 ], [ 78.218, 31.136 ], [ 78.224, 31.124 ], [ 78.215, 31.114 ], [ 78.22, 31.102 ], [ 78.211, 31.092 ], [ 78.217, 31.08 ], [ 78.232, 31.078 ], [ 78.238, 31.066 ], [ 78.254, 31.065 ], [ 78.26, 31.053 ], [ 78.25, 31.043 ], [ 78.256, 31.031 ], [ 78.246, 31.02 ], [ 78.252, 31.009 ], [ 78.243, 30.998 ], [ 78.227, 31.0 ], [ 78.218, 30.989 ], [ 78.224, 30.977 ], [ 78.214, 30.967 ], [ 78.22, 30.955 ], [ 78.211, 30.945 ], [ 78.216, 30.933 ], [ 78.232, 30.931 ], [ 78.238, 30.92 ], [ 78.253, 30.918 ], [ 78.259, 30.906 ], [ 78.274, 30.905 ], [ 78.28, 30.893 ], [ 78.296, 30.892 ], [ 78.305, 30.902 ], [ 78.321, 30.901 ], [ 78.326, 30.889 ], [ 78.342, 30.887 ], [ 78.348, 30.875 ], [ 78.363, 30.874 ], [ 78.369, 30.862 ], [ 78.384, 30.861 ], [ 78.394, 30.871 ], [ 78.409, 30.869 ], [ 78.415, 30.858 ], [ 78.431, 30.856 ], [ 78.436, 30.844 ], [ 78.452, 30.843 ], [ 78.461, 30.853 ], [ 78.477, 30.852 ], [ 78.483, 30.84 ], [ 78.498, 30.838 ], [ 78.504, 30.827 ], [ 78.494, 30.816 ], [ 78.5, 30.804 ], [ 78.515, 30.803 ], [ 78.521, 30.791 ], [ 78.537, 30.79 ], [ 78.542, 30.778 ], [ 78.558, 30.776 ], [ 78.567, 30.787 ], [ 78.561, 30.798 ], [ 78.571, 30.809 ], [ 78.586, 30.807 ], [ 78.596, 30.818 ], [ 78.59, 30.83 ], [ 78.6, 30.84 ], [ 78.615, 30.838 ], [ 78.621, 30.827 ], [ 78.611, 30.816 ], [ 78.617, 30.804 ], [ 78.608, 30.794 ], [ 78.613, 30.782 ], [ 78.604, 30.772 ], [ 78.588, 30.773 ], [ 78.579, 30.763 ], [ 78.585, 30.751 ], [ 78.575, 30.741 ], [ 78.56, 30.742 ], [ 78.55, 30.732 ], [ 78.535, 30.733 ], [ 78.525, 30.723 ], [ 78.531, 30.711 ], [ 78.522, 30.701 ], [ 78.528, 30.689 ], [ 78.543, 30.688 ], [ 78.549, 30.676 ], [ 78.539, 30.666 ], [ 78.545, 30.654 ], [ 78.535, 30.643 ], [ 78.541, 30.632 ], [ 78.532, 30.621 ], [ 78.538, 30.609 ], [ 78.528, 30.599 ], [ 78.513, 30.601 ], [ 78.503, 30.59 ], [ 78.509, 30.578 ], [ 78.5, 30.568 ], [ 78.505, 30.556 ], [ 78.496, 30.546 ], [ 78.502, 30.534 ], [ 78.517, 30.533 ], [ 78.523, 30.521 ], [ 78.538, 30.519 ], [ 78.548, 30.53 ], [ 78.542, 30.542 ], [ 78.551, 30.552 ], [ 78.545, 30.564 ], [ 78.555, 30.574 ], [ 78.549, 30.586 ], [ 78.559, 30.596 ], [ 78.574, 30.595 ], [ 78.584, 30.605 ], [ 78.578, 30.617 ], [ 78.587, 30.627 ], [ 78.603, 30.626 ], [ 78.612, 30.636 ], [ 78.606, 30.648 ], [ 78.616, 30.658 ], [ 78.61, 30.67 ], [ 78.595, 30.671 ], [ 78.589, 30.683 ], [ 78.598, 30.694 ], [ 78.614, 30.692 ], [ 78.62, 30.68 ], [ 78.635, 30.679 ], [ 78.644, 30.689 ], [ 78.66, 30.688 ], [ 78.669, 30.698 ], [ 78.663, 30.71 ], [ 78.673, 30.72 ], [ 78.688, 30.719 ], [ 78.698, 30.729 ], [ 78.713, 30.727 ], [ 78.719, 30.716 ], [ 78.734, 30.714 ], [ 78.744, 30.724 ], [ 78.759, 30.723 ], [ 78.765, 30.711 ], [ 78.78, 30.71 ], [ 78.79, 30.72 ], [ 78.805, 30.718 ], [ 78.815, 30.729 ], [ 78.83, 30.727 ], [ 78.84, 30.737 ], [ 78.834, 30.749 ], [ 78.844, 30.76 ], [ 78.838, 30.771 ], [ 78.847, 30.782 ], [ 78.842, 30.794 ], [ 78.851, 30.804 ], [ 78.845, 30.816 ], [ 78.855, 30.826 ], [ 78.849, 30.838 ], [ 78.859, 30.848 ], [ 78.853, 30.86 ], [ 78.863, 30.87 ], [ 78.878, 30.869 ], [ 78.888, 30.879 ], [ 78.903, 30.878 ], [ 78.909, 30.866 ], [ 78.924, 30.864 ], [ 78.934, 30.875 ], [ 78.949, 30.873 ], [ 78.955, 30.861 ], [ 78.97, 30.86 ], [ 78.976, 30.848 ], [ 78.991, 30.846 ], [ 78.997, 30.834 ], [ 79.012, 30.833 ], [ 79.018, 30.821 ], [ 79.033, 30.82 ], [ 79.039, 30.808 ], [ 79.054, 30.806 ], [ 79.06, 30.794 ], [ 79.075, 30.793 ], [ 79.081, 30.781 ], [ 79.096, 30.779 ], [ 79.102, 30.768 ], [ 79.117, 30.766 ], [ 79.123, 30.754 ], [ 79.138, 30.753 ], [ 79.144, 30.741 ], [ 79.16, 30.739 ], [ 79.169, 30.749 ], [ 79.184, 30.748 ], [ 79.19, 30.736 ], [ 79.205, 30.735 ], [ 79.211, 30.723 ], [ 79.226, 30.721 ], [ 79.236, 30.731 ], [ 79.251, 30.73 ], [ 79.257, 30.718 ], [ 79.272, 30.716 ], [ 79.282, 30.727 ], [ 79.276, 30.739 ], [ 79.286, 30.749 ], [ 79.28, 30.761 ], [ 79.265, 30.762 ], [ 79.259, 30.774 ], [ 79.244, 30.776 ], [ 79.238, 30.788 ], [ 79.248, 30.798 ], [ 79.242, 30.81 ], [ 79.227, 30.811 ], [ 79.221, 30.823 ], [ 79.231, 30.833 ], [ 79.246, 30.832 ], [ 79.256, 30.842 ], [ 79.25, 30.854 ], [ 79.26, 30.864 ], [ 79.254, 30.876 ], [ 79.264, 30.886 ], [ 79.279, 30.885 ], [ 79.289, 30.895 ], [ 79.283, 30.907 ], [ 79.293, 30.917 ] ] ] ] } },
{ "type": "Feature", "properties": { "POLYGON.ID": 547.0, "subregion": "India--Uttarakhand--Uttarkashi--trans Himalaya", "POLYGON": "India--Uttarakhand--Uttarkashi--trans Himalaya", "SHOW": "1", "FILTER": "India--Uttarakhand--Above1000m", "FILTER.ID": "CL27670", "OLD.POLYGON": "1", "STATE": "Uttarakhand", "COUNTY": "Uttarkashi", "OWNER": null }, "geometry": { "type": "MultiPolygon", "coordinates": [ [ [ [ 79.079, 31.482 ], [ 79.064, 31.484 ], [ 79.054, 31.473 ], [ 79.039, 31.475 ], [ 79.029, 31.465 ], [ 79.035, 31.453 ], [ 79.025, 31.442 ], [ 79.009, 31.444 ], [ 79.0, 31.433 ], [ 79.006, 31.422 ], [ 78.996, 31.411 ], [ 79.002, 31.399 ], [ 78.992, 31.389 ], [ 78.998, 31.377 ], [ 78.988, 31.367 ], [ 78.973, 31.368 ], [ 78.967, 31.38 ], [ 78.951, 31.382 ], [ 78.942, 31.371 ], [ 78.926, 31.373 ], [ 78.916, 31.362 ], [ 78.922, 31.351 ], [ 78.913, 31.34 ], [ 78.918, 31.328 ], [ 78.909, 31.318 ], [ 78.893, 31.319 ], [ 78.884, 31.309 ], [ 78.889, 31.297 ], [ 78.88, 31.287 ], [ 78.886, 31.275 ], [ 78.876, 31.265 ], [ 78.882, 31.253 ], [ 78.897, 31.251 ], [ 78.907, 31.262 ], [ 78.922, 31.26 ], [ 78.928, 31.248 ], [ 78.918, 31.238 ], [ 78.924, 31.226 ], [ 78.94, 31.224 ], [ 78.945, 31.212 ], [ 78.961, 31.211 ], [ 78.967, 31.199 ], [ 78.957, 31.189 ], [ 78.963, 31.177 ], [ 78.978, 31.175 ], [ 78.984, 31.163 ], [ 78.999, 31.162 ], [ 79.005, 31.15 ], [ 78.995, 31.139 ], [ 79.001, 31.128 ], [ 79.017, 31.126 ], [ 79.022, 31.114 ], [ 79.038, 31.113 ], [ 79.047, 31.123 ], [ 79.063, 31.121 ], [ 79.069, 31.11 ], [ 79.084, 31.108 ], [ 79.094, 31.118 ], [ 79.109, 31.117 ], [ 79.115, 31.105 ], [ 79.13, 31.103 ], [ 79.14, 31.114 ], [ 79.155, 31.112 ], [ 79.161, 31.1 ], [ 79.176, 31.099 ], [ 79.186, 31.109 ], [ 79.201, 31.107 ], [ 79.211, 31.118 ], [ 79.226, 31.116 ], [ 79.232, 31.104 ], [ 79.248, 31.103 ], [ 79.257, 31.113 ], [ 79.273, 31.111 ], [ 79.278, 31.099 ], [ 79.294, 31.098 ], [ 79.299, 31.086 ], [ 79.29, 31.076 ], [ 79.295, 31.064 ], [ 79.311, 31.062 ], [ 79.316, 31.05 ], [ 79.332, 31.049 ], [ 79.338, 31.037 ], [ 79.353, 31.035 ], [ 79.363, 31.046 ], [ 79.378, 31.044 ], [ 79.388, 31.054 ], [ 79.403, 31.053 ], [ 79.413, 31.063 ], [ 79.407, 31.075 ], [ 79.417, 31.085 ], [ 79.432, 31.084 ], [ 79.442, 31.094 ], [ 79.436, 31.106 ], [ 79.421, 31.107 ], [ 79.415, 31.119 ], [ 79.4, 31.121 ], [ 79.394, 31.133 ], [ 79.379, 31.134 ], [ 79.369, 31.124 ], [ 79.354, 31.126 ], [ 79.348, 31.137 ], [ 79.332, 31.139 ], [ 79.327, 31.151 ], [ 79.311, 31.153 ], [ 79.306, 31.164 ], [ 79.315, 31.175 ], [ 79.31, 31.187 ], [ 79.319, 31.197 ], [ 79.314, 31.209 ], [ 79.323, 31.219 ], [ 79.318, 31.231 ], [ 79.302, 31.233 ], [ 79.297, 31.245 ], [ 79.281, 31.246 ], [ 79.275, 31.258 ], [ 79.285, 31.268 ], [ 79.279, 31.28 ], [ 79.289, 31.291 ], [ 79.283, 31.303 ], [ 79.268, 31.304 ], [ 79.262, 31.316 ], [ 79.247, 31.318 ], [ 79.241, 31.33 ], [ 79.251, 31.34 ], [ 79.245, 31.352 ], [ 79.23, 31.353 ], [ 79.224, 31.365 ], [ 79.208, 31.367 ], [ 79.203, 31.379 ], [ 79.187, 31.38 ], [ 79.181, 31.392 ], [ 79.191, 31.403 ], [ 79.185, 31.415 ], [ 79.17, 31.416 ], [ 79.164, 31.428 ], [ 79.149, 31.43 ], [ 79.143, 31.442 ], [ 79.127, 31.443 ], [ 79.122, 31.455 ], [ 79.106, 31.457 ], [ 79.1, 31.469 ], [ 79.085, 31.47 ], [ 79.079, 31.482 ] ] ] ] } },
{ "type": "Feature", "properties": { "POLYGON.ID": 546.0, "subregion": "India--Uttarakhand--Uttarkashi--mid Himalaya", "POLYGON": "India--Uttarakhand--Uttarkashi--mid Himalaya", "SHOW": "1", "FILTER": "India--Uttarakhand--Above1000m", "FILTER.ID": "CL27670", "OLD.POLYGON": "1", "STATE": "Uttarakhand", "COUNTY": "Uttarkashi", "OWNER": null }, "geometry": { "type": "MultiPolygon", "coordinates": [ [ [ [ 77.879, 30.93 ], [ 77.889, 30.941 ], [ 77.904, 30.939 ], [ 77.914, 30.95 ], [ 77.929, 30.948 ], [ 77.939, 30.959 ], [ 77.954, 30.957 ], [ 77.964, 30.968 ], [ 77.979, 30.966 ], [ 77.985, 30.954 ], [ 78.001, 30.953 ], [ 78.006, 30.941 ], [ 78.022, 30.94 ], [ 78.028, 30.928 ], [ 78.018, 30.918 ], [ 78.024, 30.906 ], [ 78.015, 30.895 ], [ 77.999, 30.897 ], [ 77.99, 30.886 ], [ 77.996, 30.875 ], [ 77.986, 30.864 ], [ 77.992, 30.852 ], [ 77.983, 30.842 ], [ 77.989, 30.83 ], [ 78.004, 30.829 ], [ 78.01, 30.817 ], [ 78.025, 30.815 ], [ 78.031, 30.804 ], [ 78.022, 30.793 ], [ 78.028, 30.781 ], [ 78.043, 30.78 ], [ 78.049, 30.768 ], [ 78.065, 30.767 ], [ 78.07, 30.755 ], [ 78.061, 30.745 ], [ 78.067, 30.733 ], [ 78.082, 30.731 ], [ 78.088, 30.719 ], [ 78.079, 30.709 ], [ 78.085, 30.697 ], [ 78.075, 30.687 ], [ 78.081, 30.675 ], [ 78.072, 30.665 ], [ 78.056, 30.666 ], [ 78.047, 30.656 ], [ 78.031, 30.657 ], [ 78.022, 30.647 ], [ 78.007, 30.648 ], [ 77.997, 30.638 ], [ 78.003, 30.626 ], [ 78.018, 30.625 ], [ 78.024, 30.613 ], [ 78.04, 30.611 ], [ 78.046, 30.6 ], [ 78.061, 30.598 ], [ 78.07, 30.609 ], [ 78.064, 30.62 ], [ 78.074, 30.631 ], [ 78.089, 30.629 ], [ 78.099, 30.64 ], [ 78.114, 30.638 ], [ 78.12, 30.626 ], [ 78.135, 30.625 ], [ 78.145, 30.635 ], [ 78.16, 30.634 ], [ 78.166, 30.622 ], [ 78.157, 30.612 ], [ 78.162, 30.6 ], [ 78.178, 30.599 ], [ 78.184, 30.587 ], [ 78.199, 30.585 ], [ 78.205, 30.574 ], [ 78.22, 30.572 ], [ 78.23, 30.582 ], [ 78.245, 30.581 ], [ 78.254, 30.591 ], [ 78.249, 30.603 ], [ 78.258, 30.614 ], [ 78.273, 30.612 ], [ 78.279, 30.6 ], [ 78.295, 30.599 ], [ 78.3, 30.587 ], [ 78.291, 30.577 ], [ 78.297, 30.565 ], [ 78.287, 30.555 ], [ 78.293, 30.543 ], [ 78.308, 30.541 ], [ 78.318, 30.552 ], [ 78.333, 30.55 ], [ 78.339, 30.538 ], [ 78.354, 30.537 ], [ 78.36, 30.525 ], [ 78.376, 30.524 ], [ 78.381, 30.512 ], [ 78.397, 30.51 ], [ 78.403, 30.499 ], [ 78.393, 30.488 ], [ 78.399, 30.477 ], [ 78.414, 30.475 ], [ 78.424, 30.485 ], [ 78.418, 30.497 ], [ 78.427, 30.508 ], [ 78.421, 30.519 ], [ 78.431, 30.53 ], [ 78.425, 30.541 ], [ 78.435, 30.552 ], [ 78.429, 30.564 ], [ 78.438, 30.574 ], [ 78.432, 30.586 ], [ 78.442, 30.596 ], [ 78.436, 30.608 ], [ 78.446, 30.618 ], [ 78.461, 30.617 ], [ 78.47, 30.627 ], [ 78.486, 30.626 ], [ 78.492, 30.614 ], [ 78.507, 30.612 ], [ 78.513, 30.601 ], [ 78.528, 30.599 ], [ 78.538, 30.609 ], [ 78.532, 30.621 ], [ 78.541, 30.632 ], [ 78.535, 30.643 ], [ 78.545, 30.654 ], [ 78.539, 30.666 ], [ 78.549, 30.676 ], [ 78.543, 30.688 ], [ 78.528, 30.689 ], [ 78.522, 30.701 ], [ 78.531, 30.711 ], [ 78.525, 30.723 ], [ 78.535, 30.733 ], [ 78.55, 30.732 ], [ 78.56, 30.742 ], [ 78.575, 30.741 ], [ 78.585, 30.751 ], [ 78.579, 30.763 ], [ 78.588, 30.773 ], [ 78.604, 30.772 ], [ 78.613, 30.782 ], [ 78.608, 30.794 ], [ 78.617, 30.804 ], [ 78.611, 30.816 ], [ 78.621, 30.827 ], [ 78.615, 30.838 ], [ 78.6, 30.84 ], [ 78.59, 30.83 ], [ 78.596, 30.818 ], [ 78.586, 30.807 ], [ 78.571, 30.809 ], [ 78.561, 30.798 ], [ 78.567, 30.787 ], [ 78.558, 30.776 ], [ 78.542, 30.778 ], [ 78.537, 30.79 ], [ 78.521, 30.791 ], [ 78.515, 30.803 ], [ 78.5, 30.804 ], [ 78.494, 30.816 ], [ 78.504, 30.827 ], [ 78.498, 30.838 ], [ 78.483, 30.84 ], [ 78.477, 30.852 ], [ 78.461, 30.853 ], [ 78.452, 30.843 ], [ 78.436, 30.844 ], [ 78.431, 30.856 ], [ 78.415, 30.858 ], [ 78.409, 30.869 ], [ 78.394, 30.871 ], [ 78.384, 30.861 ], [ 78.369, 30.862 ], [ 78.363, 30.874 ], [ 78.348, 30.875 ], [ 78.342, 30.887 ], [ 78.326, 30.889 ], [ 78.321, 30.901 ], [ 78.305, 30.902 ], [ 78.296, 30.892 ], [ 78.28, 30.893 ], [ 78.274, 30.905 ], [ 78.259, 30.906 ], [ 78.253, 30.918 ], [ 78.238, 30.92 ], [ 78.232, 30.931 ], [ 78.216, 30.933 ], [ 78.211, 30.945 ], [ 78.22, 30.955 ], [ 78.214, 30.967 ], [ 78.224, 30.977 ], [ 78.218, 30.989 ], [ 78.227, 31.0 ], [ 78.243, 30.998 ], [ 78.252, 31.009 ], [ 78.246, 31.02 ], [ 78.256, 31.031 ], [ 78.25, 31.043 ], [ 78.26, 31.053 ], [ 78.254, 31.065 ], [ 78.238, 31.066 ], [ 78.232, 31.078 ], [ 78.217, 31.08 ], [ 78.211, 31.092 ], [ 78.22, 31.102 ], [ 78.215, 31.114 ], [ 78.224, 31.124 ], [ 78.218, 31.136 ], [ 78.228, 31.146 ], [ 78.222, 31.158 ], [ 78.231, 31.169 ], [ 78.225, 31.181 ], [ 78.21, 31.182 ], [ 78.204, 31.194 ], [ 78.189, 31.195 ], [ 78.179, 31.185 ], [ 78.164, 31.186 ], [ 78.154, 31.176 ], [ 78.139, 31.177 ], [ 78.129, 31.167 ], [ 78.113, 31.168 ], [ 78.104, 31.158 ], [ 78.088, 31.16 ], [ 78.079, 31.149 ], [ 78.063, 31.151 ], [ 78.054, 31.14 ], [ 78.038, 31.142 ], [ 78.029, 31.131 ], [ 78.013, 31.133 ], [ 78.008, 31.144 ], [ 77.992, 31.146 ], [ 77.983, 31.135 ], [ 77.967, 31.137 ], [ 77.958, 31.126 ], [ 77.942, 31.128 ], [ 77.936, 31.14 ], [ 77.921, 31.141 ], [ 77.911, 31.131 ], [ 77.896, 31.132 ], [ 77.886, 31.122 ], [ 77.871, 31.123 ], [ 77.861, 31.113 ], [ 77.867, 31.101 ], [ 77.858, 31.09 ], [ 77.864, 31.079 ], [ 77.854, 31.068 ], [ 77.839, 31.07 ], [ 77.829, 31.059 ], [ 77.835, 31.047 ], [ 77.826, 31.037 ], [ 77.832, 31.025 ], [ 77.847, 31.024 ], [ 77.853, 31.012 ], [ 77.844, 31.001 ], [ 77.85, 30.989 ], [ 77.84, 30.979 ], [ 77.846, 30.967 ], [ 77.862, 30.966 ], [ 77.868, 30.954 ], [ 77.858, 30.944 ], [ 77.864, 30.932 ], [ 77.879, 30.93 ] ] ] ] } },
{ "type": "Feature", "properties": { "POLYGON.ID": 541.0, "subregion": "India--Uttarakhand--Dehradun--Shivaliks (lower)", "POLYGON": "India--Uttarakhand--Dehradun--Shivaliks (lower)", "SHOW": "1", "FILTER": "India--Uttarakhand--Plains", "FILTER.ID": "CL34545", "OLD.POLYGON": "1", "STATE": "Uttarakhand", "COUNTY": "Dehradun", "OWNER": null }, "geometry": { "type": "MultiPolygon", "coordinates": [ [ [ [ 77.919, 30.241 ], [ 77.934, 30.239 ], [ 77.94, 30.228 ], [ 77.955, 30.226 ], [ 77.961, 30.215 ], [ 77.976, 30.213 ], [ 77.982, 30.201 ], [ 77.997, 30.2 ], [ 78.003, 30.188 ], [ 77.994, 30.178 ], [ 78.0, 30.166 ], [ 78.015, 30.165 ], [ 78.021, 30.153 ], [ 78.012, 30.143 ], [ 78.017, 30.131 ], [ 78.033, 30.13 ], [ 78.038, 30.118 ], [ 78.029, 30.108 ], [ 78.035, 30.096 ], [ 78.05, 30.094 ], [ 78.056, 30.083 ], [ 78.071, 30.081 ], [ 78.077, 30.07 ], [ 78.068, 30.059 ], [ 78.074, 30.047 ], [ 78.089, 30.046 ], [ 78.095, 30.034 ], [ 78.11, 30.033 ], [ 78.116, 30.021 ], [ 78.106, 30.011 ], [ 78.112, 29.999 ], [ 78.127, 29.998 ], [ 78.133, 29.986 ], [ 78.148, 29.985 ], [ 78.154, 29.973 ], [ 78.169, 29.971 ], [ 78.179, 29.982 ], [ 78.173, 29.994 ], [ 78.182, 30.004 ], [ 78.198, 30.002 ], [ 78.207, 30.013 ], [ 78.201, 30.024 ], [ 78.21, 30.035 ], [ 78.226, 30.033 ], [ 78.235, 30.044 ], [ 78.229, 30.055 ], [ 78.214, 30.057 ], [ 78.208, 30.069 ], [ 78.218, 30.079 ], [ 78.233, 30.077 ], [ 78.242, 30.088 ], [ 78.257, 30.086 ], [ 78.267, 30.097 ], [ 78.261, 30.108 ], [ 78.27, 30.119 ], [ 78.265, 30.13 ], [ 78.249, 30.132 ], [ 78.244, 30.144 ], [ 78.253, 30.154 ], [ 78.247, 30.166 ], [ 78.232, 30.167 ], [ 78.223, 30.157 ], [ 78.207, 30.158 ], [ 78.201, 30.17 ], [ 78.186, 30.171 ], [ 78.177, 30.161 ], [ 78.162, 30.162 ], [ 78.152, 30.152 ], [ 78.158, 30.14 ], [ 78.149, 30.13 ], [ 78.133, 30.131 ], [ 78.124, 30.121 ], [ 78.109, 30.123 ], [ 78.103, 30.134 ], [ 78.088, 30.136 ], [ 78.082, 30.147 ], [ 78.091, 30.158 ], [ 78.085, 30.169 ], [ 78.07, 30.171 ], [ 78.064, 30.183 ], [ 78.074, 30.193 ], [ 78.089, 30.192 ], [ 78.095, 30.18 ], [ 78.11, 30.178 ], [ 78.119, 30.189 ], [ 78.135, 30.187 ], [ 78.144, 30.198 ], [ 78.138, 30.209 ], [ 78.148, 30.22 ], [ 78.163, 30.218 ], [ 78.169, 30.207 ], [ 78.184, 30.205 ], [ 78.19, 30.193 ], [ 78.205, 30.192 ], [ 78.214, 30.202 ], [ 78.23, 30.201 ], [ 78.239, 30.211 ], [ 78.233, 30.223 ], [ 78.243, 30.233 ], [ 78.237, 30.245 ], [ 78.222, 30.246 ], [ 78.212, 30.236 ], [ 78.197, 30.238 ], [ 78.191, 30.249 ], [ 78.176, 30.251 ], [ 78.17, 30.262 ], [ 78.155, 30.264 ], [ 78.145, 30.254 ], [ 78.151, 30.242 ], [ 78.142, 30.231 ], [ 78.127, 30.233 ], [ 78.121, 30.245 ], [ 78.105, 30.246 ], [ 78.1, 30.258 ], [ 78.084, 30.259 ], [ 78.078, 30.271 ], [ 78.063, 30.272 ], [ 78.054, 30.262 ], [ 78.038, 30.263 ], [ 78.029, 30.253 ], [ 78.014, 30.255 ], [ 78.008, 30.266 ], [ 77.993, 30.268 ], [ 77.987, 30.279 ], [ 77.972, 30.281 ], [ 77.966, 30.293 ], [ 77.95, 30.294 ], [ 77.941, 30.284 ], [ 77.926, 30.285 ], [ 77.92, 30.297 ], [ 77.905, 30.298 ], [ 77.899, 30.31 ], [ 77.883, 30.311 ], [ 77.877, 30.323 ], [ 77.862, 30.324 ], [ 77.856, 30.336 ], [ 77.841, 30.338 ], [ 77.835, 30.349 ], [ 77.82, 30.351 ], [ 77.814, 30.362 ], [ 77.798, 30.364 ], [ 77.793, 30.376 ], [ 77.777, 30.377 ], [ 77.771, 30.389 ], [ 77.756, 30.39 ], [ 77.75, 30.402 ], [ 77.735, 30.403 ], [ 77.729, 30.415 ], [ 77.713, 30.416 ], [ 77.708, 30.428 ], [ 77.692, 30.43 ], [ 77.683, 30.419 ], [ 77.667, 30.421 ], [ 77.658, 30.41 ], [ 77.643, 30.412 ], [ 77.637, 30.423 ], [ 77.621, 30.425 ], [ 77.612, 30.414 ], [ 77.597, 30.416 ], [ 77.587, 30.405 ], [ 77.593, 30.393 ], [ 77.609, 30.392 ], [ 77.618, 30.403 ], [ 77.633, 30.401 ], [ 77.639, 30.389 ], [ 77.655, 30.388 ], [ 77.661, 30.376 ], [ 77.676, 30.375 ], [ 77.682, 30.363 ], [ 77.697, 30.362 ], [ 77.703, 30.35 ], [ 77.694, 30.34 ], [ 77.7, 30.328 ], [ 77.715, 30.327 ], [ 77.721, 30.315 ], [ 77.736, 30.313 ], [ 77.746, 30.324 ], [ 77.761, 30.322 ], [ 77.767, 30.311 ], [ 77.782, 30.309 ], [ 77.788, 30.298 ], [ 77.803, 30.296 ], [ 77.809, 30.284 ], [ 77.825, 30.283 ], [ 77.831, 30.271 ], [ 77.846, 30.27 ], [ 77.852, 30.258 ], [ 77.867, 30.257 ], [ 77.876, 30.267 ], [ 77.892, 30.266 ], [ 77.898, 30.254 ], [ 77.913, 30.253 ], [ 77.919, 30.241 ] ] ] ] } },
{ "type": "Feature", "properties": { "POLYGON.ID": 542.0, "subregion": "India--Uttarakhand--Dehradun--Around Dehradun", "POLYGON": "India--Uttarakhand--Dehradun--Around Dehradun", "SHOW": "1", "FILTER": "India--Uttarakhand--Plains", "FILTER.ID": "CL34545", "OLD.POLYGON": "1", "STATE": "Uttarakhand", "COUNTY": "Dehradun", "OWNER": null }, "geometry": { "type": "MultiPolygon", "coordinates": [ [ [ [ 77.806, 30.464 ], [ 77.816, 30.475 ], [ 77.81, 30.486 ], [ 77.794, 30.488 ], [ 77.785, 30.477 ], [ 77.77, 30.479 ], [ 77.76, 30.468 ], [ 77.745, 30.47 ], [ 77.736, 30.459 ], [ 77.742, 30.448 ], [ 77.732, 30.437 ], [ 77.717, 30.439 ], [ 77.708, 30.428 ], [ 77.713, 30.416 ], [ 77.729, 30.415 ], [ 77.735, 30.403 ], [ 77.75, 30.402 ], [ 77.756, 30.39 ], [ 77.771, 30.389 ], [ 77.777, 30.377 ], [ 77.793, 30.376 ], [ 77.798, 30.364 ], [ 77.814, 30.362 ], [ 77.82, 30.351 ], [ 77.835, 30.349 ], [ 77.841, 30.338 ], [ 77.856, 30.336 ], [ 77.862, 30.324 ], [ 77.877, 30.323 ], [ 77.883, 30.311 ], [ 77.899, 30.31 ], [ 77.905, 30.298 ], [ 77.92, 30.297 ], [ 77.926, 30.285 ], [ 77.941, 30.284 ], [ 77.95, 30.294 ], [ 77.966, 30.293 ], [ 77.972, 30.281 ], [ 77.987, 30.279 ], [ 77.993, 30.268 ], [ 78.008, 30.266 ], [ 78.014, 30.255 ], [ 78.029, 30.253 ], [ 78.038, 30.263 ], [ 78.054, 30.262 ], [ 78.063, 30.272 ], [ 78.078, 30.271 ], [ 78.084, 30.259 ], [ 78.1, 30.258 ], [ 78.105, 30.246 ], [ 78.121, 30.245 ], [ 78.127, 30.233 ], [ 78.142, 30.231 ], [ 78.151, 30.242 ], [ 78.145, 30.254 ], [ 78.155, 30.264 ], [ 78.149, 30.276 ], [ 78.134, 30.277 ], [ 78.128, 30.289 ], [ 78.137, 30.299 ], [ 78.131, 30.311 ], [ 78.116, 30.312 ], [ 78.107, 30.302 ], [ 78.091, 30.303 ], [ 78.082, 30.293 ], [ 78.067, 30.294 ], [ 78.061, 30.306 ], [ 78.07, 30.317 ], [ 78.064, 30.328 ], [ 78.074, 30.339 ], [ 78.068, 30.35 ], [ 78.053, 30.352 ], [ 78.043, 30.342 ], [ 78.028, 30.343 ], [ 78.018, 30.333 ], [ 78.003, 30.334 ], [ 77.994, 30.324 ], [ 77.979, 30.325 ], [ 77.973, 30.337 ], [ 77.957, 30.338 ], [ 77.951, 30.35 ], [ 77.936, 30.351 ], [ 77.927, 30.341 ], [ 77.911, 30.342 ], [ 77.906, 30.354 ], [ 77.89, 30.356 ], [ 77.881, 30.345 ], [ 77.866, 30.347 ], [ 77.86, 30.358 ], [ 77.869, 30.369 ], [ 77.884, 30.367 ], [ 77.894, 30.378 ], [ 77.888, 30.389 ], [ 77.873, 30.391 ], [ 77.867, 30.403 ], [ 77.851, 30.404 ], [ 77.842, 30.394 ], [ 77.827, 30.395 ], [ 77.817, 30.385 ], [ 77.802, 30.386 ], [ 77.796, 30.398 ], [ 77.805, 30.408 ], [ 77.799, 30.42 ], [ 77.809, 30.43 ], [ 77.803, 30.442 ], [ 77.788, 30.443 ], [ 77.782, 30.455 ], [ 77.791, 30.466 ], [ 77.806, 30.464 ] ] ] ] } },
{ "type": "Feature", "properties": { "POLYGON.ID": 543.0, "subregion": "India--Uttarakhand--Dehradun--Shivaliks (upper)", "POLYGON": "India--Uttarakhand--Dehradun--Shivaliks (upper)", "SHOW": "1", "FILTER": "India--Uttarakhand--Below1000m", "FILTER.ID": "CL27671", "OLD.POLYGON": "1", "STATE": "Uttarakhand", "COUNTY": "Dehradun", "OWNER": null }, "geometry": { "type": "MultiPolygon", "coordinates": [ [ [ [ 78.082, 30.293 ], [ 78.091, 30.303 ], [ 78.107, 30.302 ], [ 78.116, 30.312 ], [ 78.11, 30.324 ], [ 78.12, 30.334 ], [ 78.114, 30.346 ], [ 78.123, 30.357 ], [ 78.117, 30.368 ], [ 78.102, 30.37 ], [ 78.096, 30.382 ], [ 78.106, 30.392 ], [ 78.1, 30.404 ], [ 78.084, 30.405 ], [ 78.079, 30.417 ], [ 78.063, 30.418 ], [ 78.057, 30.43 ], [ 78.042, 30.431 ], [ 78.033, 30.421 ], [ 78.017, 30.422 ], [ 78.011, 30.434 ], [ 77.996, 30.436 ], [ 77.987, 30.425 ], [ 77.971, 30.427 ], [ 77.965, 30.438 ], [ 77.95, 30.44 ], [ 77.944, 30.452 ], [ 77.929, 30.453 ], [ 77.923, 30.465 ], [ 77.908, 30.466 ], [ 77.902, 30.478 ], [ 77.886, 30.479 ], [ 77.881, 30.491 ], [ 77.865, 30.493 ], [ 77.859, 30.504 ], [ 77.844, 30.506 ], [ 77.835, 30.495 ], [ 77.819, 30.497 ], [ 77.81, 30.486 ], [ 77.816, 30.475 ], [ 77.806, 30.464 ], [ 77.791, 30.466 ], [ 77.782, 30.455 ], [ 77.788, 30.443 ], [ 77.803, 30.442 ], [ 77.809, 30.43 ], [ 77.799, 30.42 ], [ 77.805, 30.408 ], [ 77.796, 30.398 ], [ 77.802, 30.386 ], [ 77.817, 30.385 ], [ 77.827, 30.395 ], [ 77.842, 30.394 ], [ 77.851, 30.404 ], [ 77.867, 30.403 ], [ 77.873, 30.391 ], [ 77.888, 30.389 ], [ 77.894, 30.378 ], [ 77.884, 30.367 ], [ 77.869, 30.369 ], [ 77.86, 30.358 ], [ 77.866, 30.347 ], [ 77.881, 30.345 ], [ 77.89, 30.356 ], [ 77.906, 30.354 ], [ 77.911, 30.342 ], [ 77.927, 30.341 ], [ 77.936, 30.351 ], [ 77.951, 30.35 ], [ 77.957, 30.338 ], [ 77.973, 30.337 ], [ 77.979, 30.325 ], [ 77.994, 30.324 ], [ 78.003, 30.334 ], [ 78.018, 30.333 ], [ 78.028, 30.343 ], [ 78.043, 30.342 ], [ 78.053, 30.352 ], [ 78.068, 30.35 ], [ 78.074, 30.339 ], [ 78.064, 30.328 ], [ 78.07, 30.317 ], [ 78.061, 30.306 ], [ 78.067, 30.294 ], [ 78.082, 30.293 ] ] ] ] } },
{ "type": "Feature", "properties": { "POLYGON.ID": 544.0, "subregion": "India--Uttarakhand--Dehradun--low Himalaya", "POLYGON": "India--Uttarakhand--Dehradun--low Himalaya", "SHOW": "1", "FILTER": "India--Uttarakhand--Below1000m", "FILTER.ID": "CL27671", "OLD.POLYGON": "1", "STATE": "Uttarakhand", "COUNTY": "Dehradun", "OWNER": null }, "geometry": { "type": "MultiPolygon", "coordinates": [ [ [ [ 77.808, 30.576 ], [ 77.802, 30.588 ], [ 77.787, 30.59 ], [ 77.781, 30.601 ], [ 77.766, 30.603 ], [ 77.756, 30.592 ], [ 77.762, 30.581 ], [ 77.753, 30.57 ], [ 77.759, 30.558 ], [ 77.774, 30.557 ], [ 77.78, 30.545 ], [ 77.795, 30.544 ], [ 77.801, 30.532 ], [ 77.817, 30.531 ], [ 77.826, 30.541 ], [ 77.841, 30.54 ], [ 77.847, 30.528 ], [ 77.863, 30.526 ], [ 77.872, 30.537 ], [ 77.866, 30.549 ], [ 77.876, 30.559 ], [ 77.87, 30.571 ], [ 77.854, 30.572 ], [ 77.848, 30.584 ], [ 77.833, 30.585 ], [ 77.824, 30.575 ], [ 77.808, 30.576 ] ] ], [ [ [ 77.996, 30.436 ], [ 78.011, 30.434 ], [ 78.017, 30.422 ], [ 78.033, 30.421 ], [ 78.042, 30.431 ], [ 78.057, 30.43 ], [ 78.063, 30.418 ], [ 78.079, 30.417 ], [ 78.084, 30.405 ], [ 78.1, 30.404 ], [ 78.106, 30.392 ], [ 78.096, 30.382 ], [ 78.102, 30.37 ], [ 78.117, 30.368 ], [ 78.123, 30.357 ], [ 78.114, 30.346 ], [ 78.12, 30.334 ], [ 78.11, 30.324 ], [ 78.116, 30.312 ], [ 78.131, 30.311 ], [ 78.137, 30.299 ], [ 78.128, 30.289 ], [ 78.134, 30.277 ], [ 78.149, 30.276 ], [ 78.155, 30.264 ], [ 78.17, 30.262 ], [ 78.176, 30.251 ], [ 78.191, 30.249 ], [ 78.197, 30.238 ], [ 78.212, 30.236 ], [ 78.222, 30.246 ], [ 78.237, 30.245 ], [ 78.243, 30.233 ], [ 78.233, 30.223 ], [ 78.239, 30.211 ], [ 78.254, 30.21 ], [ 78.264, 30.22 ], [ 78.279, 30.219 ], [ 78.288, 30.229 ], [ 78.283, 30.241 ], [ 78.292, 30.251 ], [ 78.286, 30.263 ], [ 78.296, 30.273 ], [ 78.29, 30.285 ], [ 78.275, 30.286 ], [ 78.265, 30.276 ], [ 78.25, 30.277 ], [ 78.244, 30.289 ], [ 78.229, 30.291 ], [ 78.223, 30.302 ], [ 78.208, 30.304 ], [ 78.198, 30.293 ], [ 78.183, 30.295 ], [ 78.177, 30.307 ], [ 78.162, 30.308 ], [ 78.156, 30.32 ], [ 78.141, 30.321 ], [ 78.135, 30.333 ], [ 78.144, 30.343 ], [ 78.138, 30.355 ], [ 78.148, 30.365 ], [ 78.163, 30.364 ], [ 78.173, 30.374 ], [ 78.188, 30.373 ], [ 78.197, 30.383 ], [ 78.213, 30.382 ], [ 78.222, 30.392 ], [ 78.237, 30.391 ], [ 78.247, 30.401 ], [ 78.241, 30.413 ], [ 78.25, 30.423 ], [ 78.244, 30.435 ], [ 78.229, 30.436 ], [ 78.223, 30.448 ], [ 78.208, 30.45 ], [ 78.199, 30.439 ], [ 78.183, 30.441 ], [ 78.177, 30.453 ], [ 78.162, 30.454 ], [ 78.153, 30.444 ], [ 78.137, 30.445 ], [ 78.132, 30.457 ], [ 78.116, 30.458 ], [ 78.107, 30.448 ], [ 78.091, 30.449 ], [ 78.086, 30.461 ], [ 78.07, 30.462 ], [ 78.061, 30.452 ], [ 78.046, 30.454 ], [ 78.04, 30.465 ], [ 78.024, 30.467 ], [ 78.018, 30.479 ], [ 78.003, 30.48 ], [ 77.997, 30.492 ], [ 77.982, 30.493 ], [ 77.976, 30.505 ], [ 77.961, 30.506 ], [ 77.955, 30.518 ], [ 77.939, 30.519 ], [ 77.93, 30.509 ], [ 77.915, 30.511 ], [ 77.909, 30.522 ], [ 77.893, 30.524 ], [ 77.884, 30.513 ], [ 77.89, 30.502 ], [ 77.881, 30.491 ], [ 77.886, 30.479 ], [ 77.902, 30.478 ], [ 77.908, 30.466 ], [ 77.923, 30.465 ], [ 77.929, 30.453 ], [ 77.944, 30.452 ], [ 77.95, 30.44 ], [ 77.965, 30.438 ], [ 77.971, 30.427 ], [ 77.987, 30.425 ], [ 77.996, 30.436 ] ] ] ] } },
{ "type": "Feature", "properties": { "POLYGON.ID": 545.0, "subregion": "India--Uttarakhand--Dehradun--mid Himalaya", "POLYGON": "India--Uttarakhand--Dehradun--mid Himalaya", "SHOW": "1", "FILTER": "India--Uttarakhand--Above1000m", "FILTER.ID": "CL27670", "OLD.POLYGON": "1", "STATE": "Uttarakhand", "COUNTY": "Dehradun", "OWNER": null }, "geometry": { "type": "MultiPolygon", "coordinates": [ [ [ [ 78.024, 30.613 ], [ 78.018, 30.625 ], [ 78.003, 30.626 ], [ 77.997, 30.638 ], [ 78.007, 30.648 ], [ 78.022, 30.647 ], [ 78.031, 30.657 ], [ 78.047, 30.656 ], [ 78.056, 30.666 ], [ 78.072, 30.665 ], [ 78.081, 30.675 ], [ 78.075, 30.687 ], [ 78.085, 30.697 ], [ 78.079, 30.709 ], [ 78.088, 30.719 ], [ 78.082, 30.731 ], [ 78.067, 30.733 ], [ 78.061, 30.745 ], [ 78.07, 30.755 ], [ 78.065, 30.767 ], [ 78.049, 30.768 ], [ 78.043, 30.78 ], [ 78.028, 30.781 ], [ 78.022, 30.793 ], [ 78.031, 30.804 ], [ 78.025, 30.815 ], [ 78.01, 30.817 ], [ 78.004, 30.829 ], [ 77.989, 30.83 ], [ 77.983, 30.842 ], [ 77.992, 30.852 ], [ 77.986, 30.864 ], [ 77.996, 30.875 ], [ 77.99, 30.886 ], [ 77.999, 30.897 ], [ 78.015, 30.895 ], [ 78.024, 30.906 ], [ 78.018, 30.918 ], [ 78.028, 30.928 ], [ 78.022, 30.94 ], [ 78.006, 30.941 ], [ 78.001, 30.953 ], [ 77.985, 30.954 ], [ 77.979, 30.966 ], [ 77.964, 30.968 ], [ 77.954, 30.957 ], [ 77.939, 30.959 ], [ 77.929, 30.948 ], [ 77.914, 30.95 ], [ 77.904, 30.939 ], [ 77.889, 30.941 ], [ 77.879, 30.93 ], [ 77.864, 30.932 ], [ 77.858, 30.944 ], [ 77.868, 30.954 ], [ 77.862, 30.966 ], [ 77.846, 30.967 ], [ 77.84, 30.979 ], [ 77.85, 30.989 ], [ 77.844, 31.001 ], [ 77.853, 31.012 ], [ 77.847, 31.024 ], [ 77.832, 31.025 ], [ 77.826, 31.037 ], [ 77.81, 31.038 ], [ 77.801, 31.028 ], [ 77.807, 31.016 ], [ 77.822, 31.015 ], [ 77.828, 31.003 ], [ 77.819, 30.992 ], [ 77.825, 30.98 ], [ 77.815, 30.97 ], [ 77.8, 30.971 ], [ 77.794, 30.983 ], [ 77.778, 30.985 ], [ 77.769, 30.974 ], [ 77.753, 30.976 ], [ 77.744, 30.965 ], [ 77.75, 30.953 ], [ 77.741, 30.943 ], [ 77.747, 30.931 ], [ 77.762, 30.93 ], [ 77.768, 30.918 ], [ 77.783, 30.917 ], [ 77.793, 30.927 ], [ 77.808, 30.926 ], [ 77.814, 30.914 ], [ 77.805, 30.903 ], [ 77.811, 30.891 ], [ 77.801, 30.881 ], [ 77.807, 30.869 ], [ 77.798, 30.859 ], [ 77.782, 30.86 ], [ 77.776, 30.872 ], [ 77.761, 30.873 ], [ 77.752, 30.863 ], [ 77.758, 30.851 ], [ 77.748, 30.841 ], [ 77.754, 30.829 ], [ 77.745, 30.819 ], [ 77.751, 30.807 ], [ 77.741, 30.796 ], [ 77.726, 30.798 ], [ 77.716, 30.787 ], [ 77.722, 30.775 ], [ 77.713, 30.765 ], [ 77.719, 30.753 ], [ 77.709, 30.743 ], [ 77.715, 30.731 ], [ 77.731, 30.73 ], [ 77.737, 30.718 ], [ 77.752, 30.716 ], [ 77.758, 30.705 ], [ 77.749, 30.694 ], [ 77.755, 30.682 ], [ 77.77, 30.681 ], [ 77.776, 30.669 ], [ 77.791, 30.668 ], [ 77.797, 30.656 ], [ 77.788, 30.646 ], [ 77.794, 30.634 ], [ 77.785, 30.624 ], [ 77.79, 30.612 ], [ 77.781, 30.601 ], [ 77.787, 30.59 ], [ 77.802, 30.588 ], [ 77.808, 30.576 ], [ 77.824, 30.575 ], [ 77.833, 30.585 ], [ 77.848, 30.584 ], [ 77.854, 30.572 ], [ 77.87, 30.571 ], [ 77.876, 30.559 ], [ 77.866, 30.549 ], [ 77.872, 30.537 ], [ 77.888, 30.535 ], [ 77.893, 30.524 ], [ 77.909, 30.522 ], [ 77.915, 30.511 ], [ 77.93, 30.509 ], [ 77.939, 30.519 ], [ 77.955, 30.518 ], [ 77.961, 30.506 ], [ 77.976, 30.505 ], [ 77.985, 30.515 ], [ 77.98, 30.527 ], [ 77.989, 30.537 ], [ 77.983, 30.549 ], [ 77.992, 30.56 ], [ 78.008, 30.558 ], [ 78.017, 30.569 ], [ 78.011, 30.58 ], [ 78.021, 30.591 ], [ 78.015, 30.602 ], [ 78.024, 30.613 ] ] ] ] } },
{ "type": "Feature", "properties": { "POLYGON.ID": 552.0, "subregion": "India--Uttarakhand--Haridwar--Shivaliks", "POLYGON": "India--Uttarakhand--Haridwar--Shivaliks", "SHOW": "1", "FILTER": "India--Uttarakhand--Plains", "FILTER.ID": "CL34545", "OLD.POLYGON": "1", "STATE": "Uttarakhand", "COUNTY": "Haridwar", "OWNER": null }, "geometry": { "type": "MultiPolygon", "coordinates": [ [ [ [ 77.994, 30.178 ], [ 78.003, 30.188 ], [ 77.997, 30.2 ], [ 77.982, 30.201 ], [ 77.976, 30.213 ], [ 77.961, 30.215 ], [ 77.955, 30.226 ], [ 77.94, 30.228 ], [ 77.93, 30.217 ], [ 77.915, 30.219 ], [ 77.906, 30.208 ], [ 77.912, 30.197 ], [ 77.902, 30.186 ], [ 77.908, 30.175 ], [ 77.899, 30.164 ], [ 77.884, 30.166 ], [ 77.874, 30.155 ], [ 77.88, 30.144 ], [ 77.871, 30.133 ], [ 77.856, 30.135 ], [ 77.846, 30.124 ], [ 77.852, 30.112 ], [ 77.843, 30.102 ], [ 77.828, 30.104 ], [ 77.818, 30.093 ], [ 77.824, 30.081 ], [ 77.815, 30.071 ], [ 77.821, 30.059 ], [ 77.836, 30.058 ], [ 77.842, 30.046 ], [ 77.832, 30.036 ], [ 77.838, 30.024 ], [ 77.854, 30.023 ], [ 77.859, 30.011 ], [ 77.875, 30.01 ], [ 77.884, 30.02 ], [ 77.899, 30.019 ], [ 77.905, 30.007 ], [ 77.92, 30.006 ], [ 77.93, 30.016 ], [ 77.945, 30.015 ], [ 77.951, 30.003 ], [ 77.966, 30.001 ], [ 77.972, 29.99 ], [ 77.987, 29.988 ], [ 77.993, 29.977 ], [ 78.008, 29.975 ], [ 78.017, 29.986 ], [ 78.033, 29.984 ], [ 78.038, 29.972 ], [ 78.054, 29.971 ], [ 78.06, 29.959 ], [ 78.075, 29.958 ], [ 78.081, 29.946 ], [ 78.096, 29.945 ], [ 78.102, 29.933 ], [ 78.117, 29.932 ], [ 78.123, 29.92 ], [ 78.113, 29.91 ], [ 78.119, 29.898 ], [ 78.134, 29.897 ], [ 78.14, 29.885 ], [ 78.131, 29.875 ], [ 78.137, 29.863 ], [ 78.127, 29.853 ], [ 78.133, 29.841 ], [ 78.148, 29.839 ], [ 78.154, 29.828 ], [ 78.145, 29.817 ], [ 78.15, 29.806 ], [ 78.141, 29.795 ], [ 78.147, 29.784 ], [ 78.162, 29.782 ], [ 78.168, 29.771 ], [ 78.159, 29.76 ], [ 78.164, 29.749 ], [ 78.179, 29.747 ], [ 78.185, 29.736 ], [ 78.2, 29.734 ], [ 78.206, 29.722 ], [ 78.221, 29.721 ], [ 78.227, 29.709 ], [ 78.242, 29.708 ], [ 78.252, 29.718 ], [ 78.267, 29.717 ], [ 78.276, 29.727 ], [ 78.291, 29.726 ], [ 78.301, 29.736 ], [ 78.295, 29.748 ], [ 78.304, 29.758 ], [ 78.319, 29.757 ], [ 78.329, 29.767 ], [ 78.323, 29.778 ], [ 78.332, 29.789 ], [ 78.326, 29.8 ], [ 78.336, 29.811 ], [ 78.33, 29.822 ], [ 78.315, 29.824 ], [ 78.309, 29.836 ], [ 78.318, 29.846 ], [ 78.313, 29.858 ], [ 78.322, 29.868 ], [ 78.316, 29.88 ], [ 78.301, 29.881 ], [ 78.295, 29.893 ], [ 78.28, 29.894 ], [ 78.274, 29.906 ], [ 78.284, 29.916 ], [ 78.278, 29.928 ], [ 78.263, 29.929 ], [ 78.253, 29.919 ], [ 78.238, 29.92 ], [ 78.232, 29.932 ], [ 78.242, 29.942 ], [ 78.236, 29.954 ], [ 78.221, 29.956 ], [ 78.215, 29.967 ], [ 78.2, 29.969 ], [ 78.19, 29.958 ], [ 78.175, 29.96 ], [ 78.169, 29.971 ], [ 78.154, 29.973 ], [ 78.148, 29.985 ], [ 78.133, 29.986 ], [ 78.127, 29.998 ], [ 78.112, 29.999 ], [ 78.106, 30.011 ], [ 78.116, 30.021 ], [ 78.11, 30.033 ], [ 78.095, 30.034 ], [ 78.089, 30.046 ], [ 78.074, 30.047 ], [ 78.068, 30.059 ], [ 78.077, 30.07 ], [ 78.071, 30.081 ], [ 78.056, 30.083 ], [ 78.05, 30.094 ], [ 78.035, 30.096 ], [ 78.029, 30.108 ], [ 78.038, 30.118 ], [ 78.033, 30.13 ], [ 78.017, 30.131 ], [ 78.012, 30.143 ], [ 78.021, 30.153 ], [ 78.015, 30.165 ], [ 78.0, 30.166 ], [ 77.994, 30.178 ] ] ] ] } },
{ "type": "Feature", "properties": { "POLYGON.ID": 553.0, "subregion": "India--Uttarakhand--Haridwar--Plains", "POLYGON": "India--Uttarakhand--Haridwar--Plains", "SHOW": "1", "FILTER": "India--Uttarakhand--Plains", "FILTER.ID": "CL34545", "OLD.POLYGON": "1", "STATE": "Uttarakhand", "COUNTY": "Haridwar", "OWNER": null }, "geometry": { "type": "MultiPolygon", "coordinates": [ [ [ [ 78.007, 29.629 ], [ 78.022, 29.628 ], [ 78.031, 29.638 ], [ 78.026, 29.65 ], [ 78.035, 29.66 ], [ 78.05, 29.659 ], [ 78.059, 29.669 ], [ 78.075, 29.668 ], [ 78.084, 29.678 ], [ 78.099, 29.677 ], [ 78.108, 29.687 ], [ 78.123, 29.686 ], [ 78.133, 29.696 ], [ 78.127, 29.708 ], [ 78.136, 29.718 ], [ 78.151, 29.716 ], [ 78.161, 29.727 ], [ 78.176, 29.725 ], [ 78.185, 29.736 ], [ 78.179, 29.747 ], [ 78.164, 29.749 ], [ 78.159, 29.76 ], [ 78.168, 29.771 ], [ 78.162, 29.782 ], [ 78.147, 29.784 ], [ 78.141, 29.795 ], [ 78.15, 29.806 ], [ 78.145, 29.817 ], [ 78.154, 29.828 ], [ 78.148, 29.839 ], [ 78.133, 29.841 ], [ 78.127, 29.853 ], [ 78.137, 29.863 ], [ 78.131, 29.875 ], [ 78.14, 29.885 ], [ 78.134, 29.897 ], [ 78.119, 29.898 ], [ 78.113, 29.91 ], [ 78.123, 29.92 ], [ 78.117, 29.932 ], [ 78.102, 29.933 ], [ 78.096, 29.945 ], [ 78.081, 29.946 ], [ 78.075, 29.958 ], [ 78.06, 29.959 ], [ 78.054, 29.971 ], [ 78.038, 29.972 ], [ 78.033, 29.984 ], [ 78.017, 29.986 ], [ 78.008, 29.975 ], [ 77.993, 29.977 ], [ 77.987, 29.988 ], [ 77.972, 29.99 ], [ 77.966, 30.001 ], [ 77.951, 30.003 ], [ 77.945, 30.015 ], [ 77.93, 30.016 ], [ 77.92, 30.006 ], [ 77.905, 30.007 ], [ 77.899, 30.019 ], [ 77.884, 30.02 ], [ 77.875, 30.01 ], [ 77.859, 30.011 ], [ 77.854, 30.023 ], [ 77.838, 30.024 ], [ 77.832, 30.036 ], [ 77.842, 30.046 ], [ 77.836, 30.058 ], [ 77.821, 30.059 ], [ 77.815, 30.071 ], [ 77.824, 30.081 ], [ 77.818, 30.093 ], [ 77.803, 30.095 ], [ 77.794, 30.084 ], [ 77.8, 30.072 ], [ 77.79, 30.062 ], [ 77.775, 30.064 ], [ 77.766, 30.053 ], [ 77.772, 30.041 ], [ 77.787, 30.04 ], [ 77.793, 30.028 ], [ 77.783, 30.018 ], [ 77.768, 30.019 ], [ 77.759, 30.009 ], [ 77.765, 29.997 ], [ 77.755, 29.987 ], [ 77.74, 29.988 ], [ 77.731, 29.978 ], [ 77.737, 29.966 ], [ 77.727, 29.956 ], [ 77.733, 29.944 ], [ 77.724, 29.934 ], [ 77.73, 29.922 ], [ 77.721, 29.912 ], [ 77.727, 29.9 ], [ 77.717, 29.89 ], [ 77.723, 29.878 ], [ 77.714, 29.868 ], [ 77.72, 29.856 ], [ 77.735, 29.855 ], [ 77.741, 29.843 ], [ 77.731, 29.833 ], [ 77.737, 29.821 ], [ 77.753, 29.82 ], [ 77.758, 29.808 ], [ 77.749, 29.798 ], [ 77.755, 29.786 ], [ 77.77, 29.785 ], [ 77.776, 29.773 ], [ 77.767, 29.763 ], [ 77.773, 29.751 ], [ 77.763, 29.741 ], [ 77.769, 29.729 ], [ 77.76, 29.719 ], [ 77.766, 29.707 ], [ 77.781, 29.706 ], [ 77.787, 29.694 ], [ 77.802, 29.693 ], [ 77.808, 29.681 ], [ 77.823, 29.68 ], [ 77.829, 29.668 ], [ 77.844, 29.667 ], [ 77.853, 29.677 ], [ 77.868, 29.675 ], [ 77.878, 29.686 ], [ 77.893, 29.684 ], [ 77.902, 29.695 ], [ 77.917, 29.693 ], [ 77.927, 29.704 ], [ 77.942, 29.702 ], [ 77.948, 29.691 ], [ 77.963, 29.689 ], [ 77.969, 29.678 ], [ 77.959, 29.667 ], [ 77.965, 29.656 ], [ 77.956, 29.645 ], [ 77.962, 29.634 ], [ 77.977, 29.632 ], [ 77.983, 29.621 ], [ 77.973, 29.61 ], [ 77.958, 29.612 ], [ 77.949, 29.601 ], [ 77.955, 29.59 ], [ 77.97, 29.588 ], [ 77.976, 29.577 ], [ 77.991, 29.575 ], [ 78.0, 29.586 ], [ 77.994, 29.597 ], [ 78.004, 29.607 ], [ 77.998, 29.619 ], [ 78.007, 29.629 ] ] ] ] } },
{ "type": "Feature", "properties": { "POLYGON.ID": 554.0, "subregion": "India--Uttarakhand--Pauri Garhwal--low Himalaya", "POLYGON": "India--Uttarakhand--Pauri Garhwal--low Himalaya", "SHOW": "1", "FILTER": "India--Uttarakhand--Below1000m", "FILTER.ID": "CL27671", "OLD.POLYGON": "1", "STATE": "Uttarakhand", "COUNTY": "Garhwa", "OWNER": null }, "geometry": { "type": "MultiPolygon", "coordinates": [ [ [ [ 78.836, 30.176 ], [ 78.831, 30.188 ], [ 78.84, 30.198 ], [ 78.834, 30.21 ], [ 78.844, 30.22 ], [ 78.838, 30.232 ], [ 78.823, 30.234 ], [ 78.814, 30.223 ], [ 78.798, 30.225 ], [ 78.789, 30.214 ], [ 78.774, 30.216 ], [ 78.764, 30.206 ], [ 78.749, 30.207 ], [ 78.743, 30.219 ], [ 78.728, 30.22 ], [ 78.722, 30.232 ], [ 78.707, 30.234 ], [ 78.701, 30.245 ], [ 78.686, 30.247 ], [ 78.677, 30.237 ], [ 78.682, 30.225 ], [ 78.673, 30.215 ], [ 78.658, 30.216 ], [ 78.648, 30.206 ], [ 78.633, 30.207 ], [ 78.623, 30.197 ], [ 78.629, 30.185 ], [ 78.62, 30.175 ], [ 78.626, 30.163 ], [ 78.616, 30.153 ], [ 78.601, 30.154 ], [ 78.591, 30.144 ], [ 78.597, 30.132 ], [ 78.588, 30.122 ], [ 78.593, 30.11 ], [ 78.584, 30.1 ], [ 78.59, 30.088 ], [ 78.58, 30.078 ], [ 78.586, 30.066 ], [ 78.577, 30.056 ], [ 78.561, 30.057 ], [ 78.556, 30.069 ], [ 78.541, 30.071 ], [ 78.531, 30.06 ], [ 78.516, 30.062 ], [ 78.506, 30.052 ], [ 78.491, 30.053 ], [ 78.486, 30.065 ], [ 78.47, 30.066 ], [ 78.465, 30.078 ], [ 78.449, 30.079 ], [ 78.444, 30.091 ], [ 78.453, 30.101 ], [ 78.447, 30.113 ], [ 78.432, 30.115 ], [ 78.426, 30.126 ], [ 78.411, 30.128 ], [ 78.402, 30.117 ], [ 78.386, 30.119 ], [ 78.381, 30.131 ], [ 78.365, 30.132 ], [ 78.356, 30.122 ], [ 78.341, 30.123 ], [ 78.331, 30.113 ], [ 78.316, 30.114 ], [ 78.307, 30.104 ], [ 78.312, 30.092 ], [ 78.303, 30.082 ], [ 78.309, 30.07 ], [ 78.299, 30.06 ], [ 78.305, 30.048 ], [ 78.296, 30.038 ], [ 78.281, 30.039 ], [ 78.271, 30.029 ], [ 78.277, 30.017 ], [ 78.268, 30.007 ], [ 78.253, 30.008 ], [ 78.243, 29.998 ], [ 78.249, 29.986 ], [ 78.24, 29.976 ], [ 78.224, 29.978 ], [ 78.215, 29.967 ], [ 78.221, 29.956 ], [ 78.236, 29.954 ], [ 78.242, 29.942 ], [ 78.232, 29.932 ], [ 78.238, 29.92 ], [ 78.253, 29.919 ], [ 78.263, 29.929 ], [ 78.278, 29.928 ], [ 78.284, 29.916 ], [ 78.274, 29.906 ], [ 78.28, 29.894 ], [ 78.295, 29.893 ], [ 78.301, 29.881 ], [ 78.316, 29.88 ], [ 78.322, 29.868 ], [ 78.337, 29.866 ], [ 78.343, 29.855 ], [ 78.358, 29.853 ], [ 78.364, 29.842 ], [ 78.379, 29.84 ], [ 78.385, 29.828 ], [ 78.4, 29.827 ], [ 78.406, 29.815 ], [ 78.421, 29.814 ], [ 78.427, 29.802 ], [ 78.442, 29.801 ], [ 78.451, 29.811 ], [ 78.466, 29.81 ], [ 78.472, 29.798 ], [ 78.487, 29.796 ], [ 78.493, 29.785 ], [ 78.508, 29.783 ], [ 78.517, 29.794 ], [ 78.533, 29.792 ], [ 78.538, 29.78 ], [ 78.553, 29.779 ], [ 78.563, 29.789 ], [ 78.578, 29.788 ], [ 78.584, 29.776 ], [ 78.599, 29.775 ], [ 78.608, 29.785 ], [ 78.623, 29.783 ], [ 78.633, 29.794 ], [ 78.648, 29.792 ], [ 78.654, 29.78 ], [ 78.669, 29.779 ], [ 78.678, 29.789 ], [ 78.672, 29.801 ], [ 78.682, 29.811 ], [ 78.697, 29.81 ], [ 78.706, 29.82 ], [ 78.701, 29.832 ], [ 78.686, 29.833 ], [ 78.68, 29.845 ], [ 78.665, 29.846 ], [ 78.655, 29.836 ], [ 78.64, 29.838 ], [ 78.634, 29.849 ], [ 78.619, 29.851 ], [ 78.61, 29.84 ], [ 78.616, 29.829 ], [ 78.606, 29.818 ], [ 78.591, 29.82 ], [ 78.582, 29.81 ], [ 78.567, 29.811 ], [ 78.557, 29.801 ], [ 78.542, 29.802 ], [ 78.536, 29.814 ], [ 78.521, 29.815 ], [ 78.512, 29.805 ], [ 78.497, 29.807 ], [ 78.491, 29.818 ], [ 78.476, 29.82 ], [ 78.47, 29.832 ], [ 78.455, 29.833 ], [ 78.445, 29.823 ], [ 78.43, 29.824 ], [ 78.425, 29.836 ], [ 78.409, 29.837 ], [ 78.404, 29.849 ], [ 78.388, 29.85 ], [ 78.383, 29.862 ], [ 78.368, 29.864 ], [ 78.362, 29.875 ], [ 78.347, 29.877 ], [ 78.341, 29.888 ], [ 78.326, 29.89 ], [ 78.32, 29.902 ], [ 78.329, 29.912 ], [ 78.323, 29.924 ], [ 78.308, 29.925 ], [ 78.302, 29.937 ], [ 78.287, 29.938 ], [ 78.282, 29.95 ], [ 78.291, 29.96 ], [ 78.306, 29.959 ], [ 78.315, 29.969 ], [ 78.31, 29.981 ], [ 78.319, 29.991 ], [ 78.313, 30.003 ], [ 78.323, 30.013 ], [ 78.317, 30.025 ], [ 78.326, 30.035 ], [ 78.341, 30.034 ], [ 78.351, 30.044 ], [ 78.345, 30.056 ], [ 78.354, 30.066 ], [ 78.37, 30.065 ], [ 78.379, 30.075 ], [ 78.394, 30.073 ], [ 78.4, 30.062 ], [ 78.391, 30.051 ], [ 78.396, 30.04 ], [ 78.412, 30.038 ], [ 78.417, 30.026 ], [ 78.433, 30.025 ], [ 78.438, 30.013 ], [ 78.454, 30.012 ], [ 78.459, 30.0 ], [ 78.475, 29.999 ], [ 78.484, 30.009 ], [ 78.478, 30.021 ], [ 78.488, 30.031 ], [ 78.503, 30.029 ], [ 78.509, 30.018 ], [ 78.524, 30.016 ], [ 78.533, 30.027 ], [ 78.548, 30.025 ], [ 78.554, 30.013 ], [ 78.569, 30.012 ], [ 78.575, 30.0 ], [ 78.59, 29.999 ], [ 78.6, 30.009 ], [ 78.615, 30.008 ], [ 78.621, 29.996 ], [ 78.636, 29.994 ], [ 78.641, 29.983 ], [ 78.657, 29.981 ], [ 78.662, 29.969 ], [ 78.677, 29.968 ], [ 78.687, 29.978 ], [ 78.702, 29.977 ], [ 78.712, 29.987 ], [ 78.706, 29.999 ], [ 78.715, 30.009 ], [ 78.71, 30.021 ], [ 78.719, 30.031 ], [ 78.734, 30.03 ], [ 78.744, 30.04 ], [ 78.738, 30.052 ], [ 78.747, 30.062 ], [ 78.742, 30.074 ], [ 78.751, 30.084 ], [ 78.745, 30.096 ], [ 78.755, 30.106 ], [ 78.749, 30.118 ], [ 78.734, 30.119 ], [ 78.728, 30.131 ], [ 78.738, 30.141 ], [ 78.753, 30.14 ], [ 78.762, 30.15 ], [ 78.778, 30.148 ], [ 78.783, 30.137 ], [ 78.798, 30.135 ], [ 78.808, 30.145 ], [ 78.823, 30.144 ], [ 78.833, 30.154 ], [ 78.827, 30.166 ], [ 78.836, 30.176 ] ] ] ] } },
{ "type": "Feature", "properties": { "POLYGON.ID": 555.0, "subregion": "India--Uttarakhand--Pauri Garhwal--Shivaliks", "POLYGON": "India--Uttarakhand--Pauri Garhwal--Shivaliks", "SHOW": "1", "FILTER": "India--Uttarakhand--Plains", "FILTER.ID": "CL34545", "OLD.POLYGON": "1", "STATE": "Uttarakhand", "COUNTY": "Garhwa", "OWNER": null }, "geometry": { "type": "MultiPolygon", "coordinates": [ [ [ [ 78.358, 29.853 ], [ 78.343, 29.855 ], [ 78.337, 29.866 ], [ 78.322, 29.868 ], [ 78.313, 29.858 ], [ 78.318, 29.846 ], [ 78.309, 29.836 ], [ 78.315, 29.824 ], [ 78.33, 29.822 ], [ 78.336, 29.811 ], [ 78.326, 29.8 ], [ 78.332, 29.789 ], [ 78.347, 29.787 ], [ 78.353, 29.776 ], [ 78.368, 29.774 ], [ 78.374, 29.763 ], [ 78.389, 29.761 ], [ 78.399, 29.771 ], [ 78.414, 29.77 ], [ 78.419, 29.758 ], [ 78.435, 29.757 ], [ 78.44, 29.745 ], [ 78.455, 29.744 ], [ 78.461, 29.732 ], [ 78.476, 29.731 ], [ 78.486, 29.741 ], [ 78.501, 29.739 ], [ 78.506, 29.728 ], [ 78.497, 29.717 ], [ 78.503, 29.706 ], [ 78.518, 29.704 ], [ 78.524, 29.693 ], [ 78.539, 29.691 ], [ 78.548, 29.701 ], [ 78.563, 29.7 ], [ 78.573, 29.71 ], [ 78.588, 29.709 ], [ 78.597, 29.719 ], [ 78.591, 29.731 ], [ 78.601, 29.741 ], [ 78.595, 29.753 ], [ 78.605, 29.763 ], [ 78.599, 29.775 ], [ 78.584, 29.776 ], [ 78.578, 29.788 ], [ 78.563, 29.789 ], [ 78.553, 29.779 ], [ 78.538, 29.78 ], [ 78.533, 29.792 ], [ 78.517, 29.794 ], [ 78.508, 29.783 ], [ 78.493, 29.785 ], [ 78.487, 29.796 ], [ 78.472, 29.798 ], [ 78.466, 29.81 ], [ 78.451, 29.811 ], [ 78.442, 29.801 ], [ 78.427, 29.802 ], [ 78.421, 29.814 ], [ 78.406, 29.815 ], [ 78.4, 29.827 ], [ 78.385, 29.828 ], [ 78.379, 29.84 ], [ 78.364, 29.842 ], [ 78.358, 29.853 ] ] ] ] } },
{ "type": "Feature", "properties": { "POLYGON.ID": 556.0, "subregion": "India--Uttarakhand--Pauri Garhwal--Corbett NP (lower)", "POLYGON": "India--Uttarakhand--Pauri Garhwal--Corbett NP (lower)", "SHOW": "1", "FILTER": "India--Uttarakhand--Plains", "FILTER.ID": "CL34545", "OLD.POLYGON": "1", "STATE": "Uttarakhand", "COUNTY": "Garhwa", "OWNER": null }, "geometry": { "type": "MultiPolygon", "coordinates": [ [ [ [ 78.873, 29.447 ], [ 78.888, 29.446 ], [ 78.893, 29.434 ], [ 78.908, 29.433 ], [ 78.918, 29.443 ], [ 78.933, 29.441 ], [ 78.942, 29.452 ], [ 78.937, 29.463 ], [ 78.946, 29.473 ], [ 78.961, 29.472 ], [ 78.97, 29.482 ], [ 78.965, 29.494 ], [ 78.974, 29.504 ], [ 78.969, 29.516 ], [ 78.978, 29.526 ], [ 78.972, 29.538 ], [ 78.982, 29.548 ], [ 78.976, 29.559 ], [ 78.961, 29.561 ], [ 78.956, 29.573 ], [ 78.94, 29.574 ], [ 78.935, 29.586 ], [ 78.92, 29.587 ], [ 78.914, 29.599 ], [ 78.899, 29.6 ], [ 78.893, 29.612 ], [ 78.878, 29.614 ], [ 78.869, 29.603 ], [ 78.854, 29.605 ], [ 78.848, 29.617 ], [ 78.833, 29.618 ], [ 78.824, 29.608 ], [ 78.809, 29.609 ], [ 78.799, 29.599 ], [ 78.784, 29.601 ], [ 78.775, 29.59 ], [ 78.76, 29.592 ], [ 78.75, 29.582 ], [ 78.735, 29.583 ], [ 78.73, 29.595 ], [ 78.715, 29.596 ], [ 78.709, 29.608 ], [ 78.694, 29.609 ], [ 78.688, 29.621 ], [ 78.697, 29.631 ], [ 78.692, 29.643 ], [ 78.677, 29.644 ], [ 78.671, 29.656 ], [ 78.68, 29.666 ], [ 78.675, 29.678 ], [ 78.66, 29.679 ], [ 78.654, 29.691 ], [ 78.663, 29.701 ], [ 78.658, 29.713 ], [ 78.642, 29.715 ], [ 78.637, 29.726 ], [ 78.646, 29.737 ], [ 78.64, 29.748 ], [ 78.625, 29.75 ], [ 78.62, 29.761 ], [ 78.605, 29.763 ], [ 78.595, 29.753 ], [ 78.601, 29.741 ], [ 78.591, 29.731 ], [ 78.597, 29.719 ], [ 78.588, 29.709 ], [ 78.573, 29.71 ], [ 78.563, 29.7 ], [ 78.548, 29.701 ], [ 78.539, 29.691 ], [ 78.524, 29.693 ], [ 78.514, 29.682 ], [ 78.52, 29.671 ], [ 78.511, 29.66 ], [ 78.516, 29.649 ], [ 78.531, 29.647 ], [ 78.537, 29.636 ], [ 78.528, 29.625 ], [ 78.534, 29.614 ], [ 78.549, 29.612 ], [ 78.554, 29.6 ], [ 78.569, 29.599 ], [ 78.575, 29.587 ], [ 78.59, 29.586 ], [ 78.596, 29.574 ], [ 78.587, 29.564 ], [ 78.592, 29.552 ], [ 78.607, 29.551 ], [ 78.613, 29.539 ], [ 78.628, 29.538 ], [ 78.634, 29.526 ], [ 78.649, 29.525 ], [ 78.655, 29.513 ], [ 78.67, 29.512 ], [ 78.675, 29.5 ], [ 78.69, 29.498 ], [ 78.7, 29.509 ], [ 78.715, 29.507 ], [ 78.72, 29.495 ], [ 78.736, 29.494 ], [ 78.741, 29.482 ], [ 78.756, 29.481 ], [ 78.762, 29.469 ], [ 78.777, 29.468 ], [ 78.783, 29.456 ], [ 78.798, 29.455 ], [ 78.807, 29.465 ], [ 78.822, 29.463 ], [ 78.828, 29.452 ], [ 78.843, 29.45 ], [ 78.852, 29.46 ], [ 78.867, 29.459 ], [ 78.873, 29.447 ] ] ] ] } },
{ "type": "Feature", "properties": { "POLYGON.ID": 557.0, "subregion": "India--Uttarakhand--Pauri Garhwal--Corbett NP (upper)", "POLYGON": "India--Uttarakhand--Pauri Garhwal--Corbett NP (upper)", "SHOW": "1", "FILTER": "India--Uttarakhand--Below1000m", "FILTER.ID": "CL27671", "OLD.POLYGON": "1", "STATE": "Uttarakhand", "COUNTY": "Garhwa", "OWNER": null }, "geometry": { "type": "MultiPolygon", "coordinates": [ [ [ [ 78.76, 29.592 ], [ 78.775, 29.59 ], [ 78.784, 29.601 ], [ 78.799, 29.599 ], [ 78.809, 29.609 ], [ 78.824, 29.608 ], [ 78.833, 29.618 ], [ 78.848, 29.617 ], [ 78.854, 29.605 ], [ 78.869, 29.603 ], [ 78.878, 29.614 ], [ 78.893, 29.612 ], [ 78.899, 29.6 ], [ 78.914, 29.599 ], [ 78.92, 29.587 ], [ 78.935, 29.586 ], [ 78.94, 29.574 ], [ 78.956, 29.573 ], [ 78.961, 29.561 ], [ 78.976, 29.559 ], [ 78.982, 29.548 ], [ 78.997, 29.546 ], [ 79.006, 29.556 ], [ 79.001, 29.568 ], [ 79.01, 29.578 ], [ 79.025, 29.577 ], [ 79.035, 29.587 ], [ 79.05, 29.586 ], [ 79.059, 29.596 ], [ 79.053, 29.607 ], [ 79.038, 29.609 ], [ 79.029, 29.599 ], [ 79.014, 29.6 ], [ 79.008, 29.612 ], [ 78.993, 29.613 ], [ 78.988, 29.625 ], [ 78.973, 29.627 ], [ 78.967, 29.638 ], [ 78.952, 29.64 ], [ 78.942, 29.63 ], [ 78.927, 29.631 ], [ 78.922, 29.643 ], [ 78.907, 29.644 ], [ 78.901, 29.656 ], [ 78.886, 29.657 ], [ 78.88, 29.669 ], [ 78.865, 29.671 ], [ 78.859, 29.682 ], [ 78.844, 29.684 ], [ 78.839, 29.695 ], [ 78.824, 29.697 ], [ 78.818, 29.709 ], [ 78.803, 29.71 ], [ 78.797, 29.722 ], [ 78.782, 29.723 ], [ 78.776, 29.735 ], [ 78.761, 29.737 ], [ 78.756, 29.748 ], [ 78.741, 29.75 ], [ 78.735, 29.761 ], [ 78.72, 29.763 ], [ 78.714, 29.775 ], [ 78.699, 29.776 ], [ 78.693, 29.788 ], [ 78.678, 29.789 ], [ 78.669, 29.779 ], [ 78.654, 29.78 ], [ 78.648, 29.792 ], [ 78.633, 29.794 ], [ 78.623, 29.783 ], [ 78.608, 29.785 ], [ 78.599, 29.775 ], [ 78.605, 29.763 ], [ 78.62, 29.761 ], [ 78.625, 29.75 ], [ 78.64, 29.748 ], [ 78.646, 29.737 ], [ 78.637, 29.726 ], [ 78.642, 29.715 ], [ 78.658, 29.713 ], [ 78.663, 29.701 ], [ 78.654, 29.691 ], [ 78.66, 29.679 ], [ 78.675, 29.678 ], [ 78.68, 29.666 ], [ 78.671, 29.656 ], [ 78.677, 29.644 ], [ 78.692, 29.643 ], [ 78.697, 29.631 ], [ 78.688, 29.621 ], [ 78.694, 29.609 ], [ 78.709, 29.608 ], [ 78.715, 29.596 ], [ 78.73, 29.595 ], [ 78.735, 29.583 ], [ 78.75, 29.582 ], [ 78.76, 29.592 ] ] ] ] } },
{ "type": "Feature", "properties": { "POLYGON.ID": 558.0, "subregion": "India--Uttarakhand--Pauri Garhwal--mid Himalaya", "POLYGON": "India--Uttarakhand--Pauri Garhwal--mid Himalaya", "SHOW": "1", "FILTER": "India--Uttarakhand--Above1000m", "FILTER.ID": "CL27670", "OLD.POLYGON": "1", "STATE": "Uttarakhand", "COUNTY": "Garhwa", "OWNER": null }, "geometry": { "type": "MultiPolygon", "coordinates": [ [ [ [ 79.217, 30.015 ], [ 79.202, 30.017 ], [ 79.196, 30.028 ], [ 79.181, 30.03 ], [ 79.176, 30.042 ], [ 79.185, 30.052 ], [ 79.2, 30.05 ], [ 79.21, 30.061 ], [ 79.204, 30.072 ], [ 79.189, 30.074 ], [ 79.183, 30.086 ], [ 79.168, 30.087 ], [ 79.163, 30.099 ], [ 79.148, 30.1 ], [ 79.142, 30.112 ], [ 79.127, 30.114 ], [ 79.121, 30.125 ], [ 79.131, 30.136 ], [ 79.125, 30.147 ], [ 79.134, 30.158 ], [ 79.129, 30.169 ], [ 79.114, 30.171 ], [ 79.108, 30.183 ], [ 79.093, 30.184 ], [ 79.087, 30.196 ], [ 79.097, 30.206 ], [ 79.091, 30.218 ], [ 79.076, 30.22 ], [ 79.066, 30.209 ], [ 79.051, 30.211 ], [ 79.042, 30.201 ], [ 79.026, 30.202 ], [ 79.017, 30.192 ], [ 79.002, 30.193 ], [ 78.992, 30.183 ], [ 78.977, 30.185 ], [ 78.967, 30.174 ], [ 78.952, 30.176 ], [ 78.943, 30.166 ], [ 78.928, 30.167 ], [ 78.918, 30.157 ], [ 78.903, 30.158 ], [ 78.897, 30.17 ], [ 78.907, 30.18 ], [ 78.901, 30.192 ], [ 78.91, 30.202 ], [ 78.905, 30.214 ], [ 78.914, 30.225 ], [ 78.909, 30.236 ], [ 78.893, 30.238 ], [ 78.888, 30.25 ], [ 78.872, 30.251 ], [ 78.863, 30.241 ], [ 78.848, 30.242 ], [ 78.838, 30.232 ], [ 78.844, 30.22 ], [ 78.834, 30.21 ], [ 78.84, 30.198 ], [ 78.831, 30.188 ], [ 78.836, 30.176 ], [ 78.827, 30.166 ], [ 78.833, 30.154 ], [ 78.823, 30.144 ], [ 78.808, 30.145 ], [ 78.798, 30.135 ], [ 78.783, 30.137 ], [ 78.778, 30.148 ], [ 78.762, 30.15 ], [ 78.753, 30.14 ], [ 78.738, 30.141 ], [ 78.728, 30.131 ], [ 78.734, 30.119 ], [ 78.749, 30.118 ], [ 78.755, 30.106 ], [ 78.745, 30.096 ], [ 78.751, 30.084 ], [ 78.742, 30.074 ], [ 78.747, 30.062 ], [ 78.738, 30.052 ], [ 78.744, 30.04 ], [ 78.734, 30.03 ], [ 78.719, 30.031 ], [ 78.71, 30.021 ], [ 78.715, 30.009 ], [ 78.706, 29.999 ], [ 78.712, 29.987 ], [ 78.702, 29.977 ], [ 78.687, 29.978 ], [ 78.677, 29.968 ], [ 78.662, 29.969 ], [ 78.657, 29.981 ], [ 78.641, 29.983 ], [ 78.636, 29.994 ], [ 78.621, 29.996 ], [ 78.615, 30.008 ], [ 78.6, 30.009 ], [ 78.59, 29.999 ], [ 78.575, 30.0 ], [ 78.569, 30.012 ], [ 78.554, 30.013 ], [ 78.548, 30.025 ], [ 78.533, 30.027 ], [ 78.524, 30.016 ], [ 78.509, 30.018 ], [ 78.503, 30.029 ], [ 78.488, 30.031 ], [ 78.478, 30.021 ], [ 78.484, 30.009 ], [ 78.475, 29.999 ], [ 78.459, 30.0 ], [ 78.454, 30.012 ], [ 78.438, 30.013 ], [ 78.433, 30.025 ], [ 78.417, 30.026 ], [ 78.412, 30.038 ], [ 78.396, 30.04 ], [ 78.391, 30.051 ], [ 78.4, 30.062 ], [ 78.394, 30.073 ], [ 78.379, 30.075 ], [ 78.37, 30.065 ], [ 78.354, 30.066 ], [ 78.345, 30.056 ], [ 78.351, 30.044 ], [ 78.341, 30.034 ], [ 78.326, 30.035 ], [ 78.317, 30.025 ], [ 78.323, 30.013 ], [ 78.313, 30.003 ], [ 78.319, 29.991 ], [ 78.31, 29.981 ], [ 78.315, 29.969 ], [ 78.306, 29.959 ], [ 78.291, 29.96 ], [ 78.282, 29.95 ], [ 78.287, 29.938 ], [ 78.302, 29.937 ], [ 78.308, 29.925 ], [ 78.323, 29.924 ], [ 78.329, 29.912 ], [ 78.32, 29.902 ], [ 78.326, 29.89 ], [ 78.341, 29.888 ], [ 78.347, 29.877 ], [ 78.362, 29.875 ], [ 78.368, 29.864 ], [ 78.383, 29.862 ], [ 78.388, 29.85 ], [ 78.404, 29.849 ], [ 78.409, 29.837 ], [ 78.425, 29.836 ], [ 78.43, 29.824 ], [ 78.445, 29.823 ], [ 78.455, 29.833 ], [ 78.47, 29.832 ], [ 78.476, 29.82 ], [ 78.491, 29.818 ], [ 78.497, 29.807 ], [ 78.512, 29.805 ], [ 78.521, 29.815 ], [ 78.536, 29.814 ], [ 78.542, 29.802 ], [ 78.557, 29.801 ], [ 78.567, 29.811 ], [ 78.582, 29.81 ], [ 78.591, 29.82 ], [ 78.606, 29.818 ], [ 78.616, 29.829 ], [ 78.61, 29.84 ], [ 78.619, 29.851 ], [ 78.634, 29.849 ], [ 78.64, 29.838 ], [ 78.655, 29.836 ], [ 78.665, 29.846 ], [ 78.68, 29.845 ], [ 78.686, 29.833 ], [ 78.701, 29.832 ], [ 78.706, 29.82 ], [ 78.697, 29.81 ], [ 78.682, 29.811 ], [ 78.672, 29.801 ], [ 78.678, 29.789 ], [ 78.693, 29.788 ], [ 78.699, 29.776 ], [ 78.714, 29.775 ], [ 78.72, 29.763 ], [ 78.735, 29.761 ], [ 78.741, 29.75 ], [ 78.756, 29.748 ], [ 78.761, 29.737 ], [ 78.776, 29.735 ], [ 78.782, 29.723 ], [ 78.797, 29.722 ], [ 78.803, 29.71 ], [ 78.818, 29.709 ], [ 78.824, 29.697 ], [ 78.839, 29.695 ], [ 78.844, 29.684 ], [ 78.859, 29.682 ], [ 78.865, 29.671 ], [ 78.88, 29.669 ], [ 78.886, 29.657 ], [ 78.901, 29.656 ], [ 78.907, 29.644 ], [ 78.922, 29.643 ], [ 78.927, 29.631 ], [ 78.942, 29.63 ], [ 78.952, 29.64 ], [ 78.967, 29.638 ], [ 78.973, 29.627 ], [ 78.988, 29.625 ], [ 78.993, 29.613 ], [ 79.008, 29.612 ], [ 79.014, 29.6 ], [ 79.029, 29.599 ], [ 79.038, 29.609 ], [ 79.053, 29.607 ], [ 79.063, 29.618 ], [ 79.078, 29.616 ], [ 79.087, 29.626 ], [ 79.082, 29.638 ], [ 79.091, 29.648 ], [ 79.086, 29.66 ], [ 79.095, 29.67 ], [ 79.089, 29.682 ], [ 79.099, 29.692 ], [ 79.093, 29.704 ], [ 79.103, 29.714 ], [ 79.097, 29.726 ], [ 79.107, 29.736 ], [ 79.101, 29.748 ], [ 79.11, 29.758 ], [ 79.105, 29.769 ], [ 79.114, 29.78 ], [ 79.109, 29.791 ], [ 79.118, 29.802 ], [ 79.112, 29.813 ], [ 79.097, 29.815 ], [ 79.092, 29.827 ], [ 79.101, 29.837 ], [ 79.096, 29.849 ], [ 79.08, 29.85 ], [ 79.075, 29.862 ], [ 79.06, 29.863 ], [ 79.054, 29.875 ], [ 79.064, 29.885 ], [ 79.079, 29.884 ], [ 79.088, 29.894 ], [ 79.103, 29.892 ], [ 79.113, 29.903 ], [ 79.128, 29.901 ], [ 79.137, 29.911 ], [ 79.152, 29.91 ], [ 79.162, 29.92 ], [ 79.177, 29.919 ], [ 79.187, 29.929 ], [ 79.202, 29.927 ], [ 79.211, 29.937 ], [ 79.206, 29.949 ], [ 79.215, 29.959 ], [ 79.23, 29.958 ], [ 79.24, 29.968 ], [ 79.234, 29.98 ], [ 79.219, 29.981 ], [ 79.213, 29.993 ], [ 79.223, 30.003 ], [ 79.217, 30.015 ] ] ] ] } },
{ "type": "Feature", "properties": { "POLYGON.ID": 559.0, "subregion": "India--Uttarakhand--Rudraprayag--mid Himalaya", "POLYGON": "India--Uttarakhand--Rudraprayag--mid Himalaya", "SHOW": "1", "FILTER": "India--Uttarakhand--Above1000m", "FILTER.ID": "CL27670", "OLD.POLYGON": "1", "STATE": "Uttarakhand", "COUNTY": "Rudraprayag", "OWNER": null }, "geometry": { "type": "MultiPolygon", "coordinates": [ [ [ [ 79.026, 30.202 ], [ 79.042, 30.201 ], [ 79.051, 30.211 ], [ 79.066, 30.209 ], [ 79.076, 30.22 ], [ 79.07, 30.231 ], [ 79.08, 30.242 ], [ 79.074, 30.253 ], [ 79.084, 30.264 ], [ 79.078, 30.275 ], [ 79.087, 30.286 ], [ 79.082, 30.297 ], [ 79.091, 30.308 ], [ 79.086, 30.32 ], [ 79.095, 30.33 ], [ 79.089, 30.342 ], [ 79.099, 30.352 ], [ 79.093, 30.364 ], [ 79.103, 30.374 ], [ 79.118, 30.372 ], [ 79.128, 30.383 ], [ 79.143, 30.381 ], [ 79.152, 30.391 ], [ 79.168, 30.39 ], [ 79.177, 30.4 ], [ 79.172, 30.412 ], [ 79.181, 30.422 ], [ 79.175, 30.434 ], [ 79.16, 30.435 ], [ 79.155, 30.447 ], [ 79.139, 30.449 ], [ 79.13, 30.439 ], [ 79.114, 30.44 ], [ 79.109, 30.452 ], [ 79.118, 30.462 ], [ 79.113, 30.474 ], [ 79.122, 30.484 ], [ 79.117, 30.496 ], [ 79.126, 30.506 ], [ 79.12, 30.518 ], [ 79.105, 30.52 ], [ 79.1, 30.531 ], [ 79.084, 30.533 ], [ 79.075, 30.523 ], [ 79.059, 30.524 ], [ 79.05, 30.514 ], [ 79.056, 30.502 ], [ 79.071, 30.501 ], [ 79.077, 30.489 ], [ 79.067, 30.479 ], [ 79.073, 30.467 ], [ 79.063, 30.456 ], [ 79.048, 30.458 ], [ 79.038, 30.448 ], [ 79.044, 30.436 ], [ 79.034, 30.426 ], [ 79.019, 30.427 ], [ 79.01, 30.417 ], [ 78.994, 30.418 ], [ 78.985, 30.408 ], [ 78.97, 30.41 ], [ 78.96, 30.399 ], [ 78.945, 30.401 ], [ 78.935, 30.391 ], [ 78.92, 30.392 ], [ 78.911, 30.382 ], [ 78.895, 30.383 ], [ 78.89, 30.395 ], [ 78.874, 30.397 ], [ 78.869, 30.408 ], [ 78.853, 30.41 ], [ 78.844, 30.4 ], [ 78.829, 30.401 ], [ 78.819, 30.391 ], [ 78.825, 30.379 ], [ 78.84, 30.378 ], [ 78.846, 30.366 ], [ 78.836, 30.356 ], [ 78.842, 30.344 ], [ 78.857, 30.342 ], [ 78.867, 30.353 ], [ 78.882, 30.351 ], [ 78.888, 30.339 ], [ 78.878, 30.329 ], [ 78.884, 30.317 ], [ 78.874, 30.307 ], [ 78.859, 30.308 ], [ 78.85, 30.298 ], [ 78.855, 30.286 ], [ 78.871, 30.285 ], [ 78.876, 30.273 ], [ 78.891, 30.272 ], [ 78.897, 30.26 ], [ 78.888, 30.25 ], [ 78.893, 30.238 ], [ 78.909, 30.236 ], [ 78.914, 30.225 ], [ 78.905, 30.214 ], [ 78.91, 30.202 ], [ 78.901, 30.192 ], [ 78.907, 30.18 ], [ 78.897, 30.17 ], [ 78.903, 30.158 ], [ 78.918, 30.157 ], [ 78.928, 30.167 ], [ 78.943, 30.166 ], [ 78.952, 30.176 ], [ 78.967, 30.174 ], [ 78.977, 30.185 ], [ 78.992, 30.183 ], [ 79.002, 30.193 ], [ 79.017, 30.192 ], [ 79.026, 30.202 ] ] ] ] } },
{ "type": "Feature", "properties": { "POLYGON.ID": 560.0, "subregion": "India--Uttarakhand--Rudraprayag--high Himalaya", "POLYGON": "India--Uttarakhand--Rudraprayag--high Himalaya", "SHOW": "1", "FILTER": "India--Uttarakhand--Below1000m", "FILTER.ID": "CL27670", "OLD.POLYGON": "1", "STATE": "Uttarakhand", "COUNTY": "Rudraprayag", "OWNER": null }, "geometry": { "type": "MultiPolygon", "coordinates": [ [ [ [ 79.059, 30.524 ], [ 79.075, 30.523 ], [ 79.084, 30.533 ], [ 79.1, 30.531 ], [ 79.105, 30.52 ], [ 79.12, 30.518 ], [ 79.126, 30.506 ], [ 79.117, 30.496 ], [ 79.122, 30.484 ], [ 79.113, 30.474 ], [ 79.118, 30.462 ], [ 79.109, 30.452 ], [ 79.114, 30.44 ], [ 79.13, 30.439 ], [ 79.139, 30.449 ], [ 79.155, 30.447 ], [ 79.164, 30.458 ], [ 79.179, 30.456 ], [ 79.189, 30.466 ], [ 79.183, 30.478 ], [ 79.193, 30.488 ], [ 79.208, 30.487 ], [ 79.218, 30.497 ], [ 79.212, 30.509 ], [ 79.222, 30.519 ], [ 79.216, 30.531 ], [ 79.226, 30.541 ], [ 79.241, 30.54 ], [ 79.25, 30.55 ], [ 79.245, 30.562 ], [ 79.254, 30.572 ], [ 79.27, 30.57 ], [ 79.275, 30.559 ], [ 79.29, 30.557 ], [ 79.3, 30.567 ], [ 79.294, 30.579 ], [ 79.304, 30.589 ], [ 79.319, 30.588 ], [ 79.329, 30.598 ], [ 79.344, 30.597 ], [ 79.354, 30.607 ], [ 79.348, 30.619 ], [ 79.358, 30.629 ], [ 79.352, 30.641 ], [ 79.337, 30.642 ], [ 79.331, 30.654 ], [ 79.316, 30.656 ], [ 79.31, 30.668 ], [ 79.32, 30.678 ], [ 79.314, 30.69 ], [ 79.299, 30.691 ], [ 79.293, 30.703 ], [ 79.278, 30.705 ], [ 79.272, 30.716 ], [ 79.257, 30.718 ], [ 79.251, 30.73 ], [ 79.236, 30.731 ], [ 79.226, 30.721 ], [ 79.211, 30.723 ], [ 79.205, 30.735 ], [ 79.19, 30.736 ], [ 79.184, 30.748 ], [ 79.169, 30.749 ], [ 79.16, 30.739 ], [ 79.144, 30.741 ], [ 79.138, 30.753 ], [ 79.123, 30.754 ], [ 79.117, 30.766 ], [ 79.102, 30.768 ], [ 79.096, 30.779 ], [ 79.081, 30.781 ], [ 79.075, 30.793 ], [ 79.06, 30.794 ], [ 79.054, 30.806 ], [ 79.039, 30.808 ], [ 79.029, 30.797 ], [ 79.035, 30.786 ], [ 79.026, 30.775 ], [ 79.031, 30.763 ], [ 79.022, 30.753 ], [ 79.006, 30.755 ], [ 78.997, 30.744 ], [ 79.002, 30.733 ], [ 78.993, 30.722 ], [ 78.978, 30.724 ], [ 78.972, 30.736 ], [ 78.957, 30.737 ], [ 78.947, 30.727 ], [ 78.932, 30.728 ], [ 78.922, 30.718 ], [ 78.928, 30.706 ], [ 78.918, 30.696 ], [ 78.924, 30.684 ], [ 78.914, 30.674 ], [ 78.92, 30.662 ], [ 78.911, 30.652 ], [ 78.916, 30.64 ], [ 78.907, 30.63 ], [ 78.912, 30.618 ], [ 78.903, 30.607 ], [ 78.888, 30.609 ], [ 78.878, 30.599 ], [ 78.884, 30.587 ], [ 78.874, 30.576 ], [ 78.88, 30.565 ], [ 78.87, 30.554 ], [ 78.876, 30.543 ], [ 78.867, 30.532 ], [ 78.872, 30.52 ], [ 78.863, 30.51 ], [ 78.869, 30.498 ], [ 78.859, 30.488 ], [ 78.844, 30.49 ], [ 78.834, 30.479 ], [ 78.84, 30.467 ], [ 78.855, 30.466 ], [ 78.861, 30.454 ], [ 78.851, 30.444 ], [ 78.857, 30.432 ], [ 78.848, 30.422 ], [ 78.832, 30.423 ], [ 78.823, 30.413 ], [ 78.829, 30.401 ], [ 78.844, 30.4 ], [ 78.853, 30.41 ], [ 78.869, 30.408 ], [ 78.874, 30.397 ], [ 78.89, 30.395 ], [ 78.895, 30.383 ], [ 78.911, 30.382 ], [ 78.92, 30.392 ], [ 78.935, 30.391 ], [ 78.945, 30.401 ], [ 78.96, 30.399 ], [ 78.97, 30.41 ], [ 78.985, 30.408 ], [ 78.994, 30.418 ], [ 79.01, 30.417 ], [ 79.019, 30.427 ], [ 79.034, 30.426 ], [ 79.044, 30.436 ], [ 79.038, 30.448 ], [ 79.048, 30.458 ], [ 79.063, 30.456 ], [ 79.073, 30.467 ], [ 79.067, 30.479 ], [ 79.077, 30.489 ], [ 79.071, 30.501 ], [ 79.056, 30.502 ], [ 79.05, 30.514 ], [ 79.059, 30.524 ] ] ] ] } },
{ "type": "Feature", "properties": { "POLYGON.ID": 575.0, "subregion": "India--Uttarakhand--Bageshwar--mid Himalaya", "POLYGON": "India--Uttarakhand--Bageshwar--mid Himalaya", "SHOW": "1", "FILTER": "India--Uttarakhand--Above1000m", "FILTER.ID": "CL27670", "OLD.POLYGON": "1", "STATE": "Uttarakhand", "COUNTY": "Bageshwar", "OWNER": null }, "geometry": { "type": "MultiPolygon", "coordinates": [ [ [ [ 79.515, 29.873 ], [ 79.52, 29.861 ], [ 79.535, 29.86 ], [ 79.541, 29.848 ], [ 79.556, 29.846 ], [ 79.562, 29.834 ], [ 79.577, 29.833 ], [ 79.586, 29.843 ], [ 79.601, 29.842 ], [ 79.607, 29.83 ], [ 79.622, 29.828 ], [ 79.627, 29.816 ], [ 79.642, 29.815 ], [ 79.652, 29.825 ], [ 79.667, 29.823 ], [ 79.673, 29.812 ], [ 79.688, 29.81 ], [ 79.693, 29.798 ], [ 79.684, 29.788 ], [ 79.689, 29.777 ], [ 79.704, 29.775 ], [ 79.71, 29.763 ], [ 79.7, 29.753 ], [ 79.706, 29.741 ], [ 79.721, 29.74 ], [ 79.726, 29.728 ], [ 79.741, 29.726 ], [ 79.747, 29.715 ], [ 79.762, 29.713 ], [ 79.767, 29.701 ], [ 79.758, 29.691 ], [ 79.763, 29.68 ], [ 79.778, 29.678 ], [ 79.784, 29.666 ], [ 79.799, 29.665 ], [ 79.808, 29.675 ], [ 79.803, 29.687 ], [ 79.812, 29.697 ], [ 79.827, 29.695 ], [ 79.837, 29.705 ], [ 79.852, 29.704 ], [ 79.861, 29.714 ], [ 79.876, 29.712 ], [ 79.886, 29.722 ], [ 79.881, 29.734 ], [ 79.866, 29.736 ], [ 79.86, 29.747 ], [ 79.845, 29.749 ], [ 79.84, 29.761 ], [ 79.825, 29.762 ], [ 79.819, 29.774 ], [ 79.829, 29.784 ], [ 79.844, 29.783 ], [ 79.849, 29.771 ], [ 79.864, 29.769 ], [ 79.87, 29.758 ], [ 79.885, 29.756 ], [ 79.894, 29.766 ], [ 79.889, 29.778 ], [ 79.898, 29.788 ], [ 79.913, 29.786 ], [ 79.919, 29.775 ], [ 79.934, 29.773 ], [ 79.939, 29.761 ], [ 79.954, 29.76 ], [ 79.96, 29.748 ], [ 79.975, 29.746 ], [ 79.984, 29.756 ], [ 79.999, 29.755 ], [ 80.009, 29.765 ], [ 80.024, 29.763 ], [ 80.034, 29.773 ], [ 80.028, 29.785 ], [ 80.038, 29.795 ], [ 80.032, 29.807 ], [ 80.017, 29.809 ], [ 80.012, 29.82 ], [ 79.997, 29.822 ], [ 79.991, 29.834 ], [ 79.976, 29.835 ], [ 79.971, 29.847 ], [ 79.98, 29.857 ], [ 79.995, 29.856 ], [ 80.005, 29.866 ], [ 80.0, 29.878 ], [ 80.009, 29.888 ], [ 80.004, 29.899 ], [ 80.013, 29.91 ], [ 80.028, 29.908 ], [ 80.034, 29.896 ], [ 80.049, 29.895 ], [ 80.058, 29.905 ], [ 80.073, 29.903 ], [ 80.079, 29.891 ], [ 80.094, 29.89 ], [ 80.104, 29.9 ], [ 80.119, 29.898 ], [ 80.124, 29.886 ], [ 80.139, 29.885 ], [ 80.149, 29.895 ], [ 80.143, 29.907 ], [ 80.153, 29.917 ], [ 80.147, 29.929 ], [ 80.132, 29.93 ], [ 80.127, 29.942 ], [ 80.112, 29.944 ], [ 80.106, 29.955 ], [ 80.091, 29.957 ], [ 80.086, 29.969 ], [ 80.096, 29.979 ], [ 80.09, 29.991 ], [ 80.075, 29.992 ], [ 80.07, 30.004 ], [ 80.079, 30.014 ], [ 80.074, 30.026 ], [ 80.083, 30.036 ], [ 80.078, 30.048 ], [ 80.088, 30.058 ], [ 80.082, 30.07 ], [ 80.067, 30.072 ], [ 80.057, 30.061 ], [ 80.042, 30.063 ], [ 80.033, 30.053 ], [ 80.018, 30.054 ], [ 80.012, 30.066 ], [ 79.997, 30.068 ], [ 79.992, 30.08 ], [ 80.001, 30.09 ], [ 79.996, 30.102 ], [ 79.981, 30.103 ], [ 79.971, 30.093 ], [ 79.976, 30.081 ], [ 79.967, 30.071 ], [ 79.952, 30.073 ], [ 79.942, 30.063 ], [ 79.948, 30.051 ], [ 79.938, 30.041 ], [ 79.923, 30.042 ], [ 79.917, 30.054 ], [ 79.902, 30.056 ], [ 79.897, 30.067 ], [ 79.906, 30.078 ], [ 79.901, 30.089 ], [ 79.886, 30.091 ], [ 79.88, 30.103 ], [ 79.865, 30.104 ], [ 79.86, 30.116 ], [ 79.845, 30.118 ], [ 79.835, 30.108 ], [ 79.82, 30.109 ], [ 79.81, 30.099 ], [ 79.816, 30.087 ], [ 79.806, 30.077 ], [ 79.812, 30.065 ], [ 79.827, 30.064 ], [ 79.832, 30.052 ], [ 79.823, 30.042 ], [ 79.808, 30.043 ], [ 79.798, 30.033 ], [ 79.804, 30.021 ], [ 79.794, 30.011 ], [ 79.779, 30.013 ], [ 79.769, 30.003 ], [ 79.754, 30.004 ], [ 79.745, 29.994 ], [ 79.73, 29.996 ], [ 79.724, 30.007 ], [ 79.709, 30.009 ], [ 79.699, 29.999 ], [ 79.684, 30.0 ], [ 79.679, 30.012 ], [ 79.664, 30.014 ], [ 79.654, 30.004 ], [ 79.639, 30.005 ], [ 79.633, 30.017 ], [ 79.618, 30.019 ], [ 79.609, 30.008 ], [ 79.594, 30.01 ], [ 79.584, 30.0 ], [ 79.569, 30.001 ], [ 79.559, 29.991 ], [ 79.544, 29.993 ], [ 79.539, 30.004 ], [ 79.524, 30.006 ], [ 79.518, 30.018 ], [ 79.503, 30.019 ], [ 79.493, 30.009 ], [ 79.478, 30.011 ], [ 79.469, 30.001 ], [ 79.474, 29.989 ], [ 79.465, 29.979 ], [ 79.47, 29.967 ], [ 79.485, 29.965 ], [ 79.491, 29.953 ], [ 79.481, 29.943 ], [ 79.487, 29.932 ], [ 79.502, 29.93 ], [ 79.508, 29.918 ], [ 79.498, 29.908 ], [ 79.504, 29.896 ], [ 79.494, 29.886 ], [ 79.5, 29.874 ], [ 79.515, 29.873 ] ] ] ] } },
{ "type": "Feature", "properties": { "POLYGON.ID": 574.0, "subregion": "India--Uttarakhand--Bageshwar--high Himalaya", "POLYGON": "India--Uttarakhand--Bageshwar--high Himalaya", "SHOW": "1", "FILTER": "India--Uttarakhand--Above1000m", "FILTER.ID": "CL27670", "OLD.POLYGON": "1", "STATE": "Uttarakhand", "COUNTY": "Bageshwar", "OWNER": null }, "geometry": { "type": "MultiPolygon", "coordinates": [ [ [ [ 79.799, 30.246 ], [ 79.814, 30.244 ], [ 79.82, 30.232 ], [ 79.81, 30.222 ], [ 79.816, 30.21 ], [ 79.806, 30.2 ], [ 79.791, 30.202 ], [ 79.781, 30.192 ], [ 79.787, 30.18 ], [ 79.777, 30.17 ], [ 79.783, 30.158 ], [ 79.773, 30.148 ], [ 79.779, 30.136 ], [ 79.769, 30.126 ], [ 79.775, 30.114 ], [ 79.765, 30.104 ], [ 79.771, 30.092 ], [ 79.786, 30.09 ], [ 79.791, 30.079 ], [ 79.806, 30.077 ], [ 79.816, 30.087 ], [ 79.81, 30.099 ], [ 79.82, 30.109 ], [ 79.835, 30.108 ], [ 79.845, 30.118 ], [ 79.86, 30.116 ], [ 79.865, 30.104 ], [ 79.88, 30.103 ], [ 79.886, 30.091 ], [ 79.901, 30.089 ], [ 79.906, 30.078 ], [ 79.897, 30.067 ], [ 79.902, 30.056 ], [ 79.917, 30.054 ], [ 79.923, 30.042 ], [ 79.938, 30.041 ], [ 79.948, 30.051 ], [ 79.942, 30.063 ], [ 79.952, 30.073 ], [ 79.967, 30.071 ], [ 79.976, 30.081 ], [ 79.971, 30.093 ], [ 79.981, 30.103 ], [ 79.996, 30.102 ], [ 80.001, 30.09 ], [ 79.992, 30.08 ], [ 79.997, 30.068 ], [ 80.012, 30.066 ], [ 80.018, 30.054 ], [ 80.033, 30.053 ], [ 80.042, 30.063 ], [ 80.057, 30.061 ], [ 80.067, 30.072 ], [ 80.082, 30.07 ], [ 80.092, 30.08 ], [ 80.086, 30.092 ], [ 80.096, 30.102 ], [ 80.09, 30.114 ], [ 80.1, 30.124 ], [ 80.095, 30.136 ], [ 80.104, 30.146 ], [ 80.099, 30.158 ], [ 80.108, 30.168 ], [ 80.103, 30.18 ], [ 80.113, 30.19 ], [ 80.107, 30.202 ], [ 80.117, 30.212 ], [ 80.111, 30.223 ], [ 80.096, 30.225 ], [ 80.091, 30.237 ], [ 80.076, 30.239 ], [ 80.07, 30.25 ], [ 80.08, 30.261 ], [ 80.074, 30.272 ], [ 80.059, 30.274 ], [ 80.054, 30.286 ], [ 80.039, 30.287 ], [ 80.033, 30.299 ], [ 80.018, 30.301 ], [ 80.013, 30.313 ], [ 79.997, 30.314 ], [ 79.988, 30.304 ], [ 79.973, 30.306 ], [ 79.963, 30.296 ], [ 79.948, 30.297 ], [ 79.942, 30.309 ], [ 79.927, 30.311 ], [ 79.917, 30.3 ], [ 79.902, 30.302 ], [ 79.893, 30.292 ], [ 79.878, 30.294 ], [ 79.868, 30.283 ], [ 79.853, 30.285 ], [ 79.847, 30.297 ], [ 79.832, 30.298 ], [ 79.822, 30.288 ], [ 79.807, 30.29 ], [ 79.798, 30.28 ], [ 79.803, 30.268 ], [ 79.794, 30.258 ], [ 79.799, 30.246 ] ] ] ] } },
{ "type": "Feature", "properties": { "POLYGON.ID": 573.0, "subregion": "India--Uttarakhand--Almora--mid Himalaya", "POLYGON": "India--Uttarakhand--Almora--mid Himalaya", "SHOW": "1", "FILTER": "India--Uttarakhand--Above1000m", "FILTER.ID": "CL27670", "OLD.POLYGON": "1", "STATE": "Uttarakhand", "COUNTY": "Almora", "OWNER": null }, "geometry": { "type": "MultiPolygon", "coordinates": [ [ [ [ 79.984, 29.634 ], [ 79.979, 29.646 ], [ 79.964, 29.647 ], [ 79.958, 29.659 ], [ 79.943, 29.66 ], [ 79.938, 29.672 ], [ 79.947, 29.682 ], [ 79.942, 29.694 ], [ 79.927, 29.696 ], [ 79.922, 29.707 ], [ 79.907, 29.709 ], [ 79.897, 29.699 ], [ 79.882, 29.7 ], [ 79.876, 29.712 ], [ 79.861, 29.714 ], [ 79.852, 29.704 ], [ 79.837, 29.705 ], [ 79.827, 29.695 ], [ 79.812, 29.697 ], [ 79.803, 29.687 ], [ 79.808, 29.675 ], [ 79.799, 29.665 ], [ 79.784, 29.666 ], [ 79.778, 29.678 ], [ 79.763, 29.68 ], [ 79.758, 29.691 ], [ 79.767, 29.701 ], [ 79.762, 29.713 ], [ 79.747, 29.715 ], [ 79.741, 29.726 ], [ 79.726, 29.728 ], [ 79.721, 29.74 ], [ 79.706, 29.741 ], [ 79.7, 29.753 ], [ 79.71, 29.763 ], [ 79.704, 29.775 ], [ 79.689, 29.777 ], [ 79.684, 29.788 ], [ 79.693, 29.798 ], [ 79.688, 29.81 ], [ 79.673, 29.812 ], [ 79.667, 29.823 ], [ 79.652, 29.825 ], [ 79.642, 29.815 ], [ 79.627, 29.816 ], [ 79.622, 29.828 ], [ 79.607, 29.83 ], [ 79.601, 29.842 ], [ 79.586, 29.843 ], [ 79.577, 29.833 ], [ 79.562, 29.834 ], [ 79.556, 29.846 ], [ 79.541, 29.848 ], [ 79.535, 29.86 ], [ 79.52, 29.861 ], [ 79.515, 29.873 ], [ 79.5, 29.874 ], [ 79.494, 29.886 ], [ 79.504, 29.896 ], [ 79.498, 29.908 ], [ 79.508, 29.918 ], [ 79.502, 29.93 ], [ 79.487, 29.932 ], [ 79.481, 29.943 ], [ 79.491, 29.953 ], [ 79.485, 29.965 ], [ 79.47, 29.967 ], [ 79.461, 29.957 ], [ 79.446, 29.958 ], [ 79.436, 29.948 ], [ 79.421, 29.95 ], [ 79.412, 29.939 ], [ 79.417, 29.928 ], [ 79.408, 29.917 ], [ 79.392, 29.919 ], [ 79.387, 29.931 ], [ 79.372, 29.932 ], [ 79.366, 29.944 ], [ 79.351, 29.946 ], [ 79.346, 29.957 ], [ 79.33, 29.959 ], [ 79.321, 29.949 ], [ 79.326, 29.937 ], [ 79.317, 29.927 ], [ 79.302, 29.928 ], [ 79.296, 29.94 ], [ 79.281, 29.941 ], [ 79.276, 29.953 ], [ 79.26, 29.955 ], [ 79.255, 29.967 ], [ 79.24, 29.968 ], [ 79.23, 29.958 ], [ 79.215, 29.959 ], [ 79.206, 29.949 ], [ 79.211, 29.937 ], [ 79.202, 29.927 ], [ 79.187, 29.929 ], [ 79.177, 29.919 ], [ 79.162, 29.92 ], [ 79.152, 29.91 ], [ 79.137, 29.911 ], [ 79.128, 29.901 ], [ 79.113, 29.903 ], [ 79.103, 29.892 ], [ 79.088, 29.894 ], [ 79.079, 29.884 ], [ 79.064, 29.885 ], [ 79.054, 29.875 ], [ 79.06, 29.863 ], [ 79.075, 29.862 ], [ 79.08, 29.85 ], [ 79.096, 29.849 ], [ 79.101, 29.837 ], [ 79.092, 29.827 ], [ 79.097, 29.815 ], [ 79.112, 29.813 ], [ 79.118, 29.802 ], [ 79.109, 29.791 ], [ 79.114, 29.78 ], [ 79.105, 29.769 ], [ 79.11, 29.758 ], [ 79.101, 29.748 ], [ 79.107, 29.736 ], [ 79.097, 29.726 ], [ 79.103, 29.714 ], [ 79.093, 29.704 ], [ 79.099, 29.692 ], [ 79.089, 29.682 ], [ 79.095, 29.67 ], [ 79.086, 29.66 ], [ 79.091, 29.648 ], [ 79.082, 29.638 ], [ 79.087, 29.626 ], [ 79.078, 29.616 ], [ 79.063, 29.618 ], [ 79.053, 29.607 ], [ 79.059, 29.596 ], [ 79.05, 29.586 ], [ 79.055, 29.574 ], [ 79.07, 29.572 ], [ 79.08, 29.583 ], [ 79.095, 29.581 ], [ 79.1, 29.569 ], [ 79.091, 29.559 ], [ 79.097, 29.547 ], [ 79.112, 29.546 ], [ 79.121, 29.556 ], [ 79.136, 29.555 ], [ 79.142, 29.543 ], [ 79.157, 29.541 ], [ 79.162, 29.53 ], [ 79.177, 29.528 ], [ 79.183, 29.517 ], [ 79.198, 29.515 ], [ 79.207, 29.525 ], [ 79.222, 29.524 ], [ 79.232, 29.534 ], [ 79.247, 29.532 ], [ 79.256, 29.543 ], [ 79.251, 29.554 ], [ 79.26, 29.564 ], [ 79.275, 29.563 ], [ 79.285, 29.573 ], [ 79.279, 29.585 ], [ 79.289, 29.595 ], [ 79.304, 29.593 ], [ 79.313, 29.604 ], [ 79.328, 29.602 ], [ 79.338, 29.612 ], [ 79.353, 29.611 ], [ 79.358, 29.599 ], [ 79.349, 29.589 ], [ 79.354, 29.577 ], [ 79.369, 29.576 ], [ 79.375, 29.564 ], [ 79.39, 29.562 ], [ 79.399, 29.573 ], [ 79.414, 29.571 ], [ 79.42, 29.559 ], [ 79.41, 29.549 ], [ 79.416, 29.537 ], [ 79.431, 29.536 ], [ 79.436, 29.524 ], [ 79.452, 29.523 ], [ 79.457, 29.511 ], [ 79.472, 29.509 ], [ 79.478, 29.498 ], [ 79.493, 29.496 ], [ 79.498, 29.484 ], [ 79.513, 29.483 ], [ 79.523, 29.493 ], [ 79.517, 29.505 ], [ 79.527, 29.515 ], [ 79.521, 29.527 ], [ 79.53, 29.537 ], [ 79.545, 29.535 ], [ 79.555, 29.545 ], [ 79.57, 29.544 ], [ 79.575, 29.532 ], [ 79.59, 29.531 ], [ 79.6, 29.541 ], [ 79.615, 29.539 ], [ 79.624, 29.549 ], [ 79.639, 29.548 ], [ 79.645, 29.536 ], [ 79.66, 29.534 ], [ 79.665, 29.523 ], [ 79.68, 29.521 ], [ 79.686, 29.51 ], [ 79.676, 29.499 ], [ 79.682, 29.488 ], [ 79.697, 29.486 ], [ 79.702, 29.474 ], [ 79.693, 29.464 ], [ 79.698, 29.453 ], [ 79.713, 29.451 ], [ 79.723, 29.461 ], [ 79.738, 29.46 ], [ 79.743, 29.448 ], [ 79.734, 29.438 ], [ 79.739, 29.426 ], [ 79.754, 29.425 ], [ 79.764, 29.435 ], [ 79.779, 29.433 ], [ 79.788, 29.443 ], [ 79.803, 29.442 ], [ 79.809, 29.43 ], [ 79.824, 29.428 ], [ 79.829, 29.417 ], [ 79.844, 29.415 ], [ 79.854, 29.425 ], [ 79.848, 29.437 ], [ 79.858, 29.447 ], [ 79.852, 29.459 ], [ 79.862, 29.469 ], [ 79.877, 29.467 ], [ 79.886, 29.477 ], [ 79.901, 29.476 ], [ 79.911, 29.486 ], [ 79.926, 29.484 ], [ 79.931, 29.473 ], [ 79.946, 29.471 ], [ 79.955, 29.481 ], [ 79.97, 29.479 ], [ 79.98, 29.49 ], [ 79.995, 29.488 ], [ 80.0, 29.476 ], [ 80.015, 29.475 ], [ 80.025, 29.485 ], [ 80.019, 29.497 ], [ 80.029, 29.507 ], [ 80.044, 29.505 ], [ 80.053, 29.515 ], [ 80.048, 29.527 ], [ 80.033, 29.528 ], [ 80.028, 29.54 ], [ 80.013, 29.542 ], [ 80.007, 29.553 ], [ 80.017, 29.564 ], [ 80.011, 29.575 ], [ 79.996, 29.577 ], [ 79.991, 29.589 ], [ 80.001, 29.599 ], [ 79.995, 29.61 ], [ 79.98, 29.612 ], [ 79.975, 29.624 ], [ 79.984, 29.634 ] ] ] ] } },
{ "type": "Feature", "properties": { "POLYGON.ID": 572.0, "subregion": "India--Uttarakhand--Nainital--mid Himalaya", "POLYGON": "India--Uttarakhand--Nainital--mid Himalaya", "SHOW": "1", "FILTER": "India--Uttarakhand--Above1000m", "FILTER.ID": "CL27670", "OLD.POLYGON": "1", "STATE": "Uttarakhand", "COUNTY": "Nainital", "OWNER": null }, "geometry": { "type": "MultiPolygon", "coordinates": [ [ [ [ 79.693, 29.464 ], [ 79.702, 29.474 ], [ 79.697, 29.486 ], [ 79.682, 29.488 ], [ 79.676, 29.499 ], [ 79.686, 29.51 ], [ 79.68, 29.521 ], [ 79.665, 29.523 ], [ 79.66, 29.534 ], [ 79.645, 29.536 ], [ 79.639, 29.548 ], [ 79.624, 29.549 ], [ 79.615, 29.539 ], [ 79.6, 29.541 ], [ 79.59, 29.531 ], [ 79.575, 29.532 ], [ 79.57, 29.544 ], [ 79.555, 29.545 ], [ 79.545, 29.535 ], [ 79.53, 29.537 ], [ 79.521, 29.527 ], [ 79.527, 29.515 ], [ 79.517, 29.505 ], [ 79.523, 29.493 ], [ 79.513, 29.483 ], [ 79.498, 29.484 ], [ 79.493, 29.496 ], [ 79.478, 29.498 ], [ 79.472, 29.509 ], [ 79.457, 29.511 ], [ 79.452, 29.523 ], [ 79.436, 29.524 ], [ 79.431, 29.536 ], [ 79.416, 29.537 ], [ 79.41, 29.549 ], [ 79.42, 29.559 ], [ 79.414, 29.571 ], [ 79.399, 29.573 ], [ 79.39, 29.562 ], [ 79.375, 29.564 ], [ 79.369, 29.576 ], [ 79.354, 29.577 ], [ 79.349, 29.589 ], [ 79.358, 29.599 ], [ 79.353, 29.611 ], [ 79.338, 29.612 ], [ 79.328, 29.602 ], [ 79.313, 29.604 ], [ 79.304, 29.593 ], [ 79.289, 29.595 ], [ 79.279, 29.585 ], [ 79.285, 29.573 ], [ 79.275, 29.563 ], [ 79.26, 29.564 ], [ 79.251, 29.554 ], [ 79.256, 29.543 ], [ 79.247, 29.532 ], [ 79.232, 29.534 ], [ 79.222, 29.524 ], [ 79.207, 29.525 ], [ 79.198, 29.515 ], [ 79.203, 29.503 ], [ 79.219, 29.502 ], [ 79.224, 29.49 ], [ 79.239, 29.489 ], [ 79.245, 29.477 ], [ 79.26, 29.475 ], [ 79.265, 29.464 ], [ 79.28, 29.462 ], [ 79.29, 29.472 ], [ 79.305, 29.471 ], [ 79.31, 29.459 ], [ 79.325, 29.458 ], [ 79.331, 29.446 ], [ 79.321, 29.436 ], [ 79.327, 29.424 ], [ 79.342, 29.423 ], [ 79.347, 29.411 ], [ 79.362, 29.409 ], [ 79.368, 29.398 ], [ 79.359, 29.388 ], [ 79.364, 29.376 ], [ 79.355, 29.366 ], [ 79.36, 29.354 ], [ 79.375, 29.353 ], [ 79.385, 29.363 ], [ 79.4, 29.361 ], [ 79.409, 29.371 ], [ 79.424, 29.37 ], [ 79.433, 29.38 ], [ 79.428, 29.392 ], [ 79.437, 29.402 ], [ 79.452, 29.4 ], [ 79.458, 29.389 ], [ 79.473, 29.387 ], [ 79.482, 29.397 ], [ 79.497, 29.396 ], [ 79.503, 29.384 ], [ 79.518, 29.382 ], [ 79.527, 29.393 ], [ 79.542, 29.391 ], [ 79.552, 29.401 ], [ 79.567, 29.4 ], [ 79.572, 29.388 ], [ 79.587, 29.386 ], [ 79.593, 29.375 ], [ 79.608, 29.373 ], [ 79.613, 29.361 ], [ 79.628, 29.36 ], [ 79.637, 29.37 ], [ 79.652, 29.368 ], [ 79.658, 29.357 ], [ 79.673, 29.355 ], [ 79.678, 29.344 ], [ 79.693, 29.342 ], [ 79.703, 29.352 ], [ 79.718, 29.351 ], [ 79.723, 29.339 ], [ 79.738, 29.337 ], [ 79.748, 29.347 ], [ 79.763, 29.346 ], [ 79.768, 29.334 ], [ 79.783, 29.333 ], [ 79.788, 29.321 ], [ 79.803, 29.319 ], [ 79.813, 29.329 ], [ 79.828, 29.328 ], [ 79.837, 29.338 ], [ 79.852, 29.336 ], [ 79.862, 29.347 ], [ 79.877, 29.345 ], [ 79.886, 29.355 ], [ 79.881, 29.367 ], [ 79.866, 29.368 ], [ 79.86, 29.38 ], [ 79.845, 29.382 ], [ 79.84, 29.393 ], [ 79.849, 29.403 ], [ 79.844, 29.415 ], [ 79.829, 29.417 ], [ 79.824, 29.428 ], [ 79.809, 29.43 ], [ 79.803, 29.442 ], [ 79.788, 29.443 ], [ 79.779, 29.433 ], [ 79.764, 29.435 ], [ 79.754, 29.425 ], [ 79.739, 29.426 ], [ 79.734, 29.438 ], [ 79.743, 29.448 ], [ 79.738, 29.46 ], [ 79.723, 29.461 ], [ 79.713, 29.451 ], [ 79.698, 29.453 ], [ 79.693, 29.464 ] ] ] ] } },
{ "type": "Feature", "properties": { "POLYGON.ID": 571.0, "subregion": "India--Uttarakhand--Nainital--low Himalaya", "POLYGON": "India--Uttarakhand--Nainital--low Himalaya", "SHOW": "1", "FILTER": "India--Uttarakhand--Below1000m", "FILTER.ID": "CL27671", "OLD.POLYGON": "1", "STATE": "Uttarakhand", "COUNTY": "Nainital", "OWNER": null }, "geometry": { "type": "MultiPolygon", "coordinates": [ [ [ [ 79.874, 29.168 ], [ 79.889, 29.166 ], [ 79.898, 29.176 ], [ 79.893, 29.188 ], [ 79.902, 29.198 ], [ 79.917, 29.196 ], [ 79.927, 29.206 ], [ 79.921, 29.218 ], [ 79.907, 29.22 ], [ 79.901, 29.231 ], [ 79.911, 29.241 ], [ 79.905, 29.253 ], [ 79.89, 29.255 ], [ 79.885, 29.266 ], [ 79.87, 29.268 ], [ 79.864, 29.28 ], [ 79.85, 29.281 ], [ 79.844, 29.293 ], [ 79.829, 29.294 ], [ 79.824, 29.306 ], [ 79.809, 29.308 ], [ 79.803, 29.319 ], [ 79.788, 29.321 ], [ 79.783, 29.333 ], [ 79.768, 29.334 ], [ 79.763, 29.346 ], [ 79.748, 29.347 ], [ 79.738, 29.337 ], [ 79.723, 29.339 ], [ 79.718, 29.351 ], [ 79.703, 29.352 ], [ 79.693, 29.342 ], [ 79.678, 29.344 ], [ 79.673, 29.355 ], [ 79.658, 29.357 ], [ 79.652, 29.368 ], [ 79.637, 29.37 ], [ 79.628, 29.36 ], [ 79.613, 29.361 ], [ 79.608, 29.373 ], [ 79.593, 29.375 ], [ 79.587, 29.386 ], [ 79.572, 29.388 ], [ 79.567, 29.4 ], [ 79.552, 29.401 ], [ 79.542, 29.391 ], [ 79.527, 29.393 ], [ 79.518, 29.382 ], [ 79.503, 29.384 ], [ 79.497, 29.396 ], [ 79.482, 29.397 ], [ 79.473, 29.387 ], [ 79.458, 29.389 ], [ 79.452, 29.4 ], [ 79.437, 29.402 ], [ 79.428, 29.392 ], [ 79.433, 29.38 ], [ 79.424, 29.37 ], [ 79.409, 29.371 ], [ 79.4, 29.361 ], [ 79.385, 29.363 ], [ 79.375, 29.353 ], [ 79.36, 29.354 ], [ 79.355, 29.366 ], [ 79.364, 29.376 ], [ 79.359, 29.388 ], [ 79.368, 29.398 ], [ 79.362, 29.409 ], [ 79.347, 29.411 ], [ 79.342, 29.423 ], [ 79.327, 29.424 ], [ 79.321, 29.436 ], [ 79.331, 29.446 ], [ 79.325, 29.458 ], [ 79.31, 29.459 ], [ 79.305, 29.471 ], [ 79.29, 29.472 ], [ 79.28, 29.462 ], [ 79.265, 29.464 ], [ 79.26, 29.475 ], [ 79.245, 29.477 ], [ 79.235, 29.467 ], [ 79.241, 29.455 ], [ 79.256, 29.454 ], [ 79.261, 29.442 ], [ 79.276, 29.44 ], [ 79.282, 29.429 ], [ 79.297, 29.427 ], [ 79.302, 29.416 ], [ 79.317, 29.414 ], [ 79.323, 29.402 ], [ 79.314, 29.392 ], [ 79.319, 29.381 ], [ 79.334, 29.379 ], [ 79.34, 29.367 ], [ 79.33, 29.357 ], [ 79.336, 29.346 ], [ 79.351, 29.344 ], [ 79.356, 29.332 ], [ 79.347, 29.322 ], [ 79.352, 29.311 ], [ 79.367, 29.309 ], [ 79.373, 29.297 ], [ 79.388, 29.296 ], [ 79.393, 29.284 ], [ 79.408, 29.283 ], [ 79.418, 29.293 ], [ 79.433, 29.291 ], [ 79.442, 29.301 ], [ 79.457, 29.3 ], [ 79.463, 29.288 ], [ 79.453, 29.278 ], [ 79.459, 29.266 ], [ 79.449, 29.256 ], [ 79.455, 29.245 ], [ 79.47, 29.243 ], [ 79.479, 29.253 ], [ 79.494, 29.252 ], [ 79.5, 29.24 ], [ 79.515, 29.238 ], [ 79.524, 29.249 ], [ 79.539, 29.247 ], [ 79.548, 29.257 ], [ 79.563, 29.256 ], [ 79.569, 29.244 ], [ 79.559, 29.234 ], [ 79.565, 29.222 ], [ 79.58, 29.221 ], [ 79.585, 29.209 ], [ 79.6, 29.207 ], [ 79.606, 29.196 ], [ 79.621, 29.194 ], [ 79.626, 29.183 ], [ 79.641, 29.181 ], [ 79.646, 29.169 ], [ 79.661, 29.168 ], [ 79.667, 29.156 ], [ 79.682, 29.155 ], [ 79.691, 29.165 ], [ 79.706, 29.163 ], [ 79.716, 29.173 ], [ 79.73, 29.172 ], [ 79.74, 29.182 ], [ 79.755, 29.18 ], [ 79.764, 29.19 ], [ 79.779, 29.189 ], [ 79.785, 29.177 ], [ 79.8, 29.176 ], [ 79.809, 29.186 ], [ 79.824, 29.184 ], [ 79.829, 29.172 ], [ 79.844, 29.171 ], [ 79.85, 29.159 ], [ 79.865, 29.158 ], [ 79.874, 29.168 ] ] ] ] } },
{ "type": "Feature", "properties": { "POLYGON.ID": 570.0, "subregion": "India--Uttarakhand--Nainital--Shivaliks (Nandhaur)", "POLYGON": "India--Uttarakhand--Nainital--Shivaliks (Nandhaur)", "SHOW": "1", "FILTER": "India--Uttarakhand--Below1000m", "FILTER.ID": "CL27671", "OLD.POLYGON": "1", "STATE": "Uttarakhand", "COUNTY": "Nainital", "OWNER": null }, "geometry": { "type": "MultiPolygon", "coordinates": [ [ [ [ 79.824, 29.184 ], [ 79.809, 29.186 ], [ 79.8, 29.176 ], [ 79.785, 29.177 ], [ 79.779, 29.189 ], [ 79.764, 29.19 ], [ 79.755, 29.18 ], [ 79.74, 29.182 ], [ 79.73, 29.172 ], [ 79.716, 29.173 ], [ 79.706, 29.163 ], [ 79.712, 29.152 ], [ 79.702, 29.141 ], [ 79.708, 29.13 ], [ 79.722, 29.128 ], [ 79.728, 29.117 ], [ 79.718, 29.106 ], [ 79.724, 29.095 ], [ 79.739, 29.093 ], [ 79.748, 29.103 ], [ 79.763, 29.102 ], [ 79.769, 29.09 ], [ 79.783, 29.089 ], [ 79.793, 29.099 ], [ 79.808, 29.097 ], [ 79.813, 29.086 ], [ 79.828, 29.084 ], [ 79.834, 29.072 ], [ 79.848, 29.071 ], [ 79.858, 29.081 ], [ 79.873, 29.079 ], [ 79.878, 29.068 ], [ 79.893, 29.066 ], [ 79.898, 29.054 ], [ 79.913, 29.053 ], [ 79.923, 29.063 ], [ 79.938, 29.061 ], [ 79.947, 29.071 ], [ 79.962, 29.07 ], [ 79.971, 29.08 ], [ 79.966, 29.092 ], [ 79.976, 29.102 ], [ 79.97, 29.113 ], [ 79.98, 29.123 ], [ 79.974, 29.135 ], [ 79.959, 29.137 ], [ 79.954, 29.148 ], [ 79.939, 29.15 ], [ 79.93, 29.14 ], [ 79.915, 29.141 ], [ 79.909, 29.153 ], [ 79.894, 29.155 ], [ 79.889, 29.166 ], [ 79.874, 29.168 ], [ 79.865, 29.158 ], [ 79.85, 29.159 ], [ 79.844, 29.171 ], [ 79.829, 29.172 ], [ 79.824, 29.184 ] ] ] ] } },
{ "type": "Feature", "properties": { "POLYGON.ID": 569.0, "subregion": "India--Uttarakhand--Nainital--Plains", "POLYGON": "India--Uttarakhand--Nainital--Plains", "SHOW": "1", "FILTER": "India--Uttarakhand--Plains", "FILTER.ID": "CL34545", "OLD.POLYGON": "1", "STATE": "Uttarakhand", "COUNTY": "Nainital", "OWNER": null }, "geometry": { "type": "MultiPolygon", "coordinates": [ [ [ [ 79.238, 29.311 ], [ 79.229, 29.301 ], [ 79.214, 29.302 ], [ 79.208, 29.314 ], [ 79.193, 29.315 ], [ 79.188, 29.327 ], [ 79.173, 29.329 ], [ 79.167, 29.34 ], [ 79.152, 29.342 ], [ 79.147, 29.353 ], [ 79.156, 29.364 ], [ 79.15, 29.375 ], [ 79.135, 29.377 ], [ 79.13, 29.388 ], [ 79.115, 29.39 ], [ 79.109, 29.402 ], [ 79.094, 29.403 ], [ 79.085, 29.393 ], [ 79.07, 29.394 ], [ 79.064, 29.406 ], [ 79.049, 29.408 ], [ 79.04, 29.397 ], [ 79.045, 29.386 ], [ 79.036, 29.376 ], [ 79.021, 29.377 ], [ 79.015, 29.389 ], [ 79.0, 29.39 ], [ 78.991, 29.38 ], [ 78.976, 29.382 ], [ 78.967, 29.371 ], [ 78.972, 29.36 ], [ 78.963, 29.35 ], [ 78.948, 29.351 ], [ 78.938, 29.341 ], [ 78.944, 29.329 ], [ 78.959, 29.328 ], [ 78.965, 29.316 ], [ 78.98, 29.315 ], [ 78.985, 29.303 ], [ 79.0, 29.301 ], [ 79.006, 29.29 ], [ 79.021, 29.288 ], [ 79.026, 29.277 ], [ 79.041, 29.275 ], [ 79.047, 29.263 ], [ 79.062, 29.262 ], [ 79.071, 29.272 ], [ 79.086, 29.271 ], [ 79.096, 29.281 ], [ 79.111, 29.279 ], [ 79.12, 29.289 ], [ 79.135, 29.288 ], [ 79.141, 29.276 ], [ 79.156, 29.275 ], [ 79.165, 29.285 ], [ 79.18, 29.284 ], [ 79.186, 29.272 ], [ 79.201, 29.27 ], [ 79.206, 29.259 ], [ 79.221, 29.257 ], [ 79.227, 29.246 ], [ 79.242, 29.244 ], [ 79.251, 29.254 ], [ 79.266, 29.253 ], [ 79.272, 29.241 ], [ 79.286, 29.24 ], [ 79.292, 29.228 ], [ 79.283, 29.218 ], [ 79.268, 29.219 ], [ 79.258, 29.209 ], [ 79.264, 29.197 ], [ 79.279, 29.196 ], [ 79.284, 29.184 ], [ 79.275, 29.174 ], [ 79.28, 29.163 ], [ 79.295, 29.161 ], [ 79.301, 29.149 ], [ 79.316, 29.148 ], [ 79.321, 29.136 ], [ 79.336, 29.135 ], [ 79.342, 29.123 ], [ 79.357, 29.122 ], [ 79.362, 29.11 ], [ 79.377, 29.108 ], [ 79.383, 29.097 ], [ 79.398, 29.095 ], [ 79.403, 29.084 ], [ 79.418, 29.082 ], [ 79.423, 29.07 ], [ 79.414, 29.06 ], [ 79.42, 29.049 ], [ 79.434, 29.047 ], [ 79.444, 29.057 ], [ 79.459, 29.056 ], [ 79.468, 29.066 ], [ 79.483, 29.064 ], [ 79.489, 29.053 ], [ 79.503, 29.051 ], [ 79.513, 29.061 ], [ 79.528, 29.06 ], [ 79.537, 29.07 ], [ 79.532, 29.082 ], [ 79.541, 29.092 ], [ 79.536, 29.103 ], [ 79.545, 29.113 ], [ 79.54, 29.125 ], [ 79.525, 29.127 ], [ 79.519, 29.138 ], [ 79.529, 29.148 ], [ 79.523, 29.16 ], [ 79.533, 29.17 ], [ 79.527, 29.182 ], [ 79.537, 29.192 ], [ 79.531, 29.203 ], [ 79.54, 29.214 ], [ 79.555, 29.212 ], [ 79.565, 29.222 ], [ 79.559, 29.234 ], [ 79.569, 29.244 ], [ 79.563, 29.256 ], [ 79.548, 29.257 ], [ 79.539, 29.247 ], [ 79.524, 29.249 ], [ 79.515, 29.238 ], [ 79.5, 29.24 ], [ 79.494, 29.252 ], [ 79.479, 29.253 ], [ 79.47, 29.243 ], [ 79.455, 29.245 ], [ 79.445, 29.234 ], [ 79.43, 29.236 ], [ 79.421, 29.226 ], [ 79.406, 29.227 ], [ 79.397, 29.217 ], [ 79.382, 29.219 ], [ 79.372, 29.209 ], [ 79.357, 29.21 ], [ 79.352, 29.222 ], [ 79.361, 29.232 ], [ 79.356, 29.244 ], [ 79.365, 29.254 ], [ 79.36, 29.265 ], [ 79.345, 29.267 ], [ 79.339, 29.279 ], [ 79.324, 29.28 ], [ 79.315, 29.27 ], [ 79.3, 29.271 ], [ 79.294, 29.283 ], [ 79.279, 29.285 ], [ 79.274, 29.296 ], [ 79.259, 29.298 ], [ 79.253, 29.309 ], [ 79.238, 29.311 ] ] ] ] } },
{ "type": "Feature", "properties": { "POLYGON.ID": 568.0, "subregion": "India--Uttarakhand--Nainital--Corbett NP (lower)", "POLYGON": "India--Uttarakhand--Nainital--Corbett NP (lower)", "SHOW": "1", "FILTER": "India--Uttarakhand--Plains", "FILTER.ID": "CL34545", "OLD.POLYGON": "1", "STATE": "Uttarakhand", "COUNTY": "Nainital", "OWNER": null }, "geometry": { "type": "MultiPolygon", "coordinates": [ [ [ [ 79.13, 29.388 ], [ 79.135, 29.377 ], [ 79.15, 29.375 ], [ 79.156, 29.364 ], [ 79.147, 29.353 ], [ 79.152, 29.342 ], [ 79.167, 29.34 ], [ 79.173, 29.329 ], [ 79.188, 29.327 ], [ 79.193, 29.315 ], [ 79.208, 29.314 ], [ 79.218, 29.324 ], [ 79.212, 29.336 ], [ 79.222, 29.346 ], [ 79.216, 29.358 ], [ 79.225, 29.368 ], [ 79.24, 29.366 ], [ 79.25, 29.376 ], [ 79.265, 29.375 ], [ 79.274, 29.385 ], [ 79.269, 29.397 ], [ 79.278, 29.407 ], [ 79.293, 29.405 ], [ 79.302, 29.416 ], [ 79.297, 29.427 ], [ 79.282, 29.429 ], [ 79.276, 29.44 ], [ 79.261, 29.442 ], [ 79.256, 29.454 ], [ 79.241, 29.455 ], [ 79.235, 29.467 ], [ 79.22, 29.468 ], [ 79.215, 29.48 ], [ 79.2, 29.482 ], [ 79.194, 29.493 ], [ 79.179, 29.495 ], [ 79.17, 29.485 ], [ 79.155, 29.486 ], [ 79.149, 29.498 ], [ 79.134, 29.499 ], [ 79.128, 29.511 ], [ 79.113, 29.512 ], [ 79.108, 29.524 ], [ 79.093, 29.526 ], [ 79.087, 29.537 ], [ 79.072, 29.539 ], [ 79.063, 29.529 ], [ 79.048, 29.53 ], [ 79.042, 29.542 ], [ 79.027, 29.543 ], [ 79.021, 29.555 ], [ 79.006, 29.556 ], [ 78.997, 29.546 ], [ 78.982, 29.548 ], [ 78.972, 29.538 ], [ 78.978, 29.526 ], [ 78.969, 29.516 ], [ 78.974, 29.504 ], [ 78.965, 29.494 ], [ 78.97, 29.482 ], [ 78.961, 29.472 ], [ 78.946, 29.473 ], [ 78.937, 29.463 ], [ 78.942, 29.452 ], [ 78.933, 29.441 ], [ 78.939, 29.43 ], [ 78.954, 29.428 ], [ 78.963, 29.438 ], [ 78.978, 29.437 ], [ 78.984, 29.425 ], [ 78.999, 29.424 ], [ 79.004, 29.412 ], [ 79.019, 29.411 ], [ 79.029, 29.421 ], [ 79.044, 29.419 ], [ 79.049, 29.408 ], [ 79.064, 29.406 ], [ 79.07, 29.394 ], [ 79.085, 29.393 ], [ 79.094, 29.403 ], [ 79.109, 29.402 ], [ 79.115, 29.39 ], [ 79.13, 29.388 ] ] ] ] } },
{ "type": "Feature", "properties": { "POLYGON.ID": 567.0, "subregion": "India--Uttarakhand--Nainital--Corbett NP (upper)", "POLYGON": "India--Uttarakhand--Nainital--Corbett NP (upper)", "SHOW": "1", "FILTER": "India--Uttarakhand--Below1000m", "FILTER.ID": "CL27671", "OLD.POLYGON": "1", "STATE": "Uttarakhand", "COUNTY": "Nainital", "OWNER": null }, "geometry": { "type": "MultiPolygon", "coordinates": [ [ [ [ 79.072, 29.539 ], [ 79.087, 29.537 ], [ 79.093, 29.526 ], [ 79.108, 29.524 ], [ 79.113, 29.512 ], [ 79.128, 29.511 ], [ 79.134, 29.499 ], [ 79.149, 29.498 ], [ 79.155, 29.486 ], [ 79.17, 29.485 ], [ 79.179, 29.495 ], [ 79.194, 29.493 ], [ 79.2, 29.482 ], [ 79.215, 29.48 ], [ 79.22, 29.468 ], [ 79.235, 29.467 ], [ 79.245, 29.477 ], [ 79.239, 29.489 ], [ 79.224, 29.49 ], [ 79.219, 29.502 ], [ 79.203, 29.503 ], [ 79.198, 29.515 ], [ 79.183, 29.517 ], [ 79.177, 29.528 ], [ 79.162, 29.53 ], [ 79.157, 29.541 ], [ 79.142, 29.543 ], [ 79.136, 29.555 ], [ 79.121, 29.556 ], [ 79.112, 29.546 ], [ 79.097, 29.547 ], [ 79.091, 29.559 ], [ 79.1, 29.569 ], [ 79.095, 29.581 ], [ 79.08, 29.583 ], [ 79.07, 29.572 ], [ 79.055, 29.574 ], [ 79.05, 29.586 ], [ 79.035, 29.587 ], [ 79.025, 29.577 ], [ 79.01, 29.578 ], [ 79.001, 29.568 ], [ 79.006, 29.556 ], [ 79.021, 29.555 ], [ 79.027, 29.543 ], [ 79.042, 29.542 ], [ 79.048, 29.53 ], [ 79.063, 29.529 ], [ 79.072, 29.539 ] ] ] ] } },
{ "type": "Feature", "properties": { "POLYGON.ID": 566.0, "subregion": "India--Uttarakhand--Nainital--Shivaliks (east)", "POLYGON": "India--Uttarakhand--Nainital--Shivaliks (east)", "SHOW": "1", "FILTER": "India--Uttarakhand--Plains", "FILTER.ID": "CL34545", "OLD.POLYGON": "1", "STATE": "Uttarakhand", "COUNTY": "Nainital", "OWNER": null }, "geometry": { "type": "MultiPolygon", "coordinates": [ [ [ [ 79.801, 29.02 ], [ 79.792, 29.01 ], [ 79.797, 28.999 ], [ 79.812, 28.997 ], [ 79.817, 28.985 ], [ 79.832, 28.984 ], [ 79.842, 28.994 ], [ 79.857, 28.992 ], [ 79.862, 28.981 ], [ 79.877, 28.979 ], [ 79.886, 28.989 ], [ 79.901, 28.988 ], [ 79.911, 28.998 ], [ 79.905, 29.009 ], [ 79.915, 29.019 ], [ 79.909, 29.031 ], [ 79.919, 29.041 ], [ 79.934, 29.04 ], [ 79.943, 29.05 ], [ 79.958, 29.048 ], [ 79.967, 29.058 ], [ 79.962, 29.07 ], [ 79.947, 29.071 ], [ 79.938, 29.061 ], [ 79.923, 29.063 ], [ 79.913, 29.053 ], [ 79.898, 29.054 ], [ 79.893, 29.066 ], [ 79.878, 29.068 ], [ 79.873, 29.079 ], [ 79.858, 29.081 ], [ 79.848, 29.071 ], [ 79.834, 29.072 ], [ 79.828, 29.084 ], [ 79.813, 29.086 ], [ 79.808, 29.097 ], [ 79.793, 29.099 ], [ 79.783, 29.089 ], [ 79.769, 29.09 ], [ 79.763, 29.102 ], [ 79.748, 29.103 ], [ 79.739, 29.093 ], [ 79.724, 29.095 ], [ 79.718, 29.106 ], [ 79.728, 29.117 ], [ 79.722, 29.128 ], [ 79.708, 29.13 ], [ 79.702, 29.141 ], [ 79.712, 29.152 ], [ 79.706, 29.163 ], [ 79.691, 29.165 ], [ 79.682, 29.155 ], [ 79.667, 29.156 ], [ 79.661, 29.168 ], [ 79.646, 29.169 ], [ 79.641, 29.181 ], [ 79.626, 29.183 ], [ 79.621, 29.194 ], [ 79.606, 29.196 ], [ 79.6, 29.207 ], [ 79.585, 29.209 ], [ 79.58, 29.221 ], [ 79.565, 29.222 ], [ 79.555, 29.212 ], [ 79.54, 29.214 ], [ 79.531, 29.203 ], [ 79.537, 29.192 ], [ 79.527, 29.182 ], [ 79.533, 29.17 ], [ 79.523, 29.16 ], [ 79.529, 29.148 ], [ 79.519, 29.138 ], [ 79.525, 29.127 ], [ 79.54, 29.125 ], [ 79.545, 29.113 ], [ 79.536, 29.103 ], [ 79.541, 29.092 ], [ 79.532, 29.082 ], [ 79.537, 29.07 ], [ 79.552, 29.068 ], [ 79.558, 29.057 ], [ 79.572, 29.055 ], [ 79.578, 29.044 ], [ 79.593, 29.042 ], [ 79.598, 29.03 ], [ 79.589, 29.02 ], [ 79.594, 29.009 ], [ 79.585, 28.999 ], [ 79.59, 28.987 ], [ 79.605, 28.985 ], [ 79.615, 28.995 ], [ 79.63, 28.994 ], [ 79.639, 29.004 ], [ 79.634, 29.016 ], [ 79.643, 29.026 ], [ 79.638, 29.037 ], [ 79.647, 29.047 ], [ 79.641, 29.059 ], [ 79.651, 29.069 ], [ 79.666, 29.068 ], [ 79.671, 29.056 ], [ 79.686, 29.054 ], [ 79.692, 29.043 ], [ 79.706, 29.041 ], [ 79.712, 29.03 ], [ 79.727, 29.028 ], [ 79.732, 29.016 ], [ 79.747, 29.015 ], [ 79.757, 29.025 ], [ 79.771, 29.023 ], [ 79.781, 29.034 ], [ 79.796, 29.032 ], [ 79.801, 29.02 ] ] ], [ [ [ 78.976, 29.382 ], [ 78.991, 29.38 ], [ 79.0, 29.39 ], [ 79.015, 29.389 ], [ 79.021, 29.377 ], [ 79.036, 29.376 ], [ 79.045, 29.386 ], [ 79.04, 29.397 ], [ 79.049, 29.408 ], [ 79.044, 29.419 ], [ 79.029, 29.421 ], [ 79.019, 29.411 ], [ 79.004, 29.412 ], [ 78.999, 29.424 ], [ 78.984, 29.425 ], [ 78.978, 29.437 ], [ 78.963, 29.438 ], [ 78.954, 29.428 ], [ 78.939, 29.43 ], [ 78.933, 29.441 ], [ 78.918, 29.443 ], [ 78.908, 29.433 ], [ 78.914, 29.421 ], [ 78.905, 29.411 ], [ 78.91, 29.399 ], [ 78.901, 29.389 ], [ 78.886, 29.39 ], [ 78.877, 29.38 ], [ 78.882, 29.369 ], [ 78.873, 29.358 ], [ 78.878, 29.347 ], [ 78.893, 29.345 ], [ 78.899, 29.334 ], [ 78.914, 29.332 ], [ 78.923, 29.342 ], [ 78.938, 29.341 ], [ 78.948, 29.351 ], [ 78.963, 29.35 ], [ 78.972, 29.36 ], [ 78.967, 29.371 ], [ 78.976, 29.382 ] ] ] ] } },
{ "type": "Feature", "properties": { "POLYGON.ID": 565.0, "subregion": "India--Uttarakhand--Udham Singh Nagar--Plains", "POLYGON": "India--Uttarakhand--Udham Singh Nagar--Plains", "SHOW": "1", "FILTER": "India--Uttarakhand--Plains", "FILTER.ID": "CL34545", "OLD.POLYGON": "1", "STATE": "Uttarakhand", "COUNTY": "Udham Singh Nagar", "OWNER": null }, "geometry": { "type": "MultiPolygon", "coordinates": [ [ [ [ 78.961, 29.294 ], [ 78.952, 29.284 ], [ 78.937, 29.285 ], [ 78.927, 29.275 ], [ 78.912, 29.277 ], [ 78.903, 29.267 ], [ 78.908, 29.255 ], [ 78.899, 29.245 ], [ 78.884, 29.246 ], [ 78.878, 29.258 ], [ 78.863, 29.259 ], [ 78.858, 29.271 ], [ 78.867, 29.281 ], [ 78.862, 29.293 ], [ 78.871, 29.303 ], [ 78.865, 29.315 ], [ 78.875, 29.325 ], [ 78.869, 29.337 ], [ 78.878, 29.347 ], [ 78.873, 29.358 ], [ 78.858, 29.36 ], [ 78.848, 29.35 ], [ 78.833, 29.351 ], [ 78.824, 29.341 ], [ 78.809, 29.342 ], [ 78.8, 29.332 ], [ 78.785, 29.334 ], [ 78.779, 29.345 ], [ 78.764, 29.347 ], [ 78.755, 29.337 ], [ 78.74, 29.338 ], [ 78.73, 29.328 ], [ 78.736, 29.316 ], [ 78.727, 29.306 ], [ 78.732, 29.294 ], [ 78.747, 29.293 ], [ 78.753, 29.281 ], [ 78.768, 29.28 ], [ 78.774, 29.268 ], [ 78.789, 29.267 ], [ 78.794, 29.255 ], [ 78.785, 29.245 ], [ 78.79, 29.233 ], [ 78.805, 29.232 ], [ 78.815, 29.242 ], [ 78.83, 29.24 ], [ 78.835, 29.229 ], [ 78.85, 29.227 ], [ 78.86, 29.238 ], [ 78.875, 29.236 ], [ 78.88, 29.224 ], [ 78.871, 29.214 ], [ 78.877, 29.203 ], [ 78.892, 29.201 ], [ 78.897, 29.19 ], [ 78.912, 29.188 ], [ 78.918, 29.176 ], [ 78.908, 29.166 ], [ 78.914, 29.155 ], [ 78.905, 29.144 ], [ 78.91, 29.133 ], [ 78.901, 29.123 ], [ 78.907, 29.111 ], [ 78.921, 29.11 ], [ 78.931, 29.12 ], [ 78.946, 29.118 ], [ 78.955, 29.128 ], [ 78.97, 29.127 ], [ 78.979, 29.137 ], [ 78.994, 29.136 ], [ 79.004, 29.146 ], [ 78.998, 29.157 ], [ 79.008, 29.168 ], [ 79.022, 29.166 ], [ 79.032, 29.176 ], [ 79.026, 29.188 ], [ 79.036, 29.198 ], [ 79.03, 29.21 ], [ 79.039, 29.22 ], [ 79.054, 29.218 ], [ 79.064, 29.229 ], [ 79.058, 29.24 ], [ 79.068, 29.25 ], [ 79.062, 29.262 ], [ 79.047, 29.263 ], [ 79.041, 29.275 ], [ 79.026, 29.277 ], [ 79.021, 29.288 ], [ 79.006, 29.29 ], [ 79.0, 29.301 ], [ 78.985, 29.303 ], [ 78.976, 29.293 ], [ 78.961, 29.294 ] ] ], [ [ [ 79.108, 29.135 ], [ 79.114, 29.124 ], [ 79.129, 29.122 ], [ 79.138, 29.132 ], [ 79.153, 29.131 ], [ 79.159, 29.119 ], [ 79.149, 29.109 ], [ 79.155, 29.098 ], [ 79.146, 29.087 ], [ 79.151, 29.076 ], [ 79.142, 29.066 ], [ 79.147, 29.054 ], [ 79.162, 29.053 ], [ 79.168, 29.041 ], [ 79.158, 29.031 ], [ 79.164, 29.019 ], [ 79.179, 29.018 ], [ 79.188, 29.028 ], [ 79.203, 29.026 ], [ 79.213, 29.036 ], [ 79.227, 29.035 ], [ 79.233, 29.023 ], [ 79.248, 29.022 ], [ 79.253, 29.01 ], [ 79.244, 29.0 ], [ 79.25, 28.988 ], [ 79.264, 28.987 ], [ 79.27, 28.975 ], [ 79.285, 28.974 ], [ 79.29, 28.962 ], [ 79.305, 28.961 ], [ 79.311, 28.949 ], [ 79.326, 28.948 ], [ 79.335, 28.958 ], [ 79.35, 28.956 ], [ 79.355, 28.945 ], [ 79.37, 28.943 ], [ 79.376, 28.931 ], [ 79.391, 28.93 ], [ 79.396, 28.918 ], [ 79.411, 28.917 ], [ 79.417, 28.905 ], [ 79.407, 28.895 ], [ 79.392, 28.897 ], [ 79.383, 28.887 ], [ 79.388, 28.875 ], [ 79.403, 28.873 ], [ 79.409, 28.862 ], [ 79.424, 28.86 ], [ 79.429, 28.849 ], [ 79.444, 28.847 ], [ 79.453, 28.857 ], [ 79.468, 28.856 ], [ 79.478, 28.866 ], [ 79.492, 28.864 ], [ 79.498, 28.853 ], [ 79.513, 28.851 ], [ 79.522, 28.861 ], [ 79.537, 28.86 ], [ 79.546, 28.87 ], [ 79.541, 28.881 ], [ 79.55, 28.892 ], [ 79.565, 28.89 ], [ 79.571, 28.878 ], [ 79.561, 28.868 ], [ 79.567, 28.857 ], [ 79.557, 28.847 ], [ 79.563, 28.835 ], [ 79.578, 28.833 ], [ 79.587, 28.844 ], [ 79.602, 28.842 ], [ 79.611, 28.852 ], [ 79.626, 28.851 ], [ 79.636, 28.861 ], [ 79.65, 28.859 ], [ 79.656, 28.848 ], [ 79.671, 28.846 ], [ 79.68, 28.856 ], [ 79.695, 28.855 ], [ 79.7, 28.843 ], [ 79.715, 28.841 ], [ 79.725, 28.851 ], [ 79.739, 28.85 ], [ 79.749, 28.86 ], [ 79.743, 28.872 ], [ 79.753, 28.882 ], [ 79.747, 28.893 ], [ 79.733, 28.895 ], [ 79.727, 28.906 ], [ 79.737, 28.916 ], [ 79.731, 28.928 ], [ 79.716, 28.93 ], [ 79.707, 28.92 ], [ 79.692, 28.921 ], [ 79.683, 28.911 ], [ 79.688, 28.899 ], [ 79.679, 28.889 ], [ 79.664, 28.891 ], [ 79.654, 28.881 ], [ 79.639, 28.882 ], [ 79.63, 28.872 ], [ 79.615, 28.874 ], [ 79.61, 28.885 ], [ 79.595, 28.887 ], [ 79.589, 28.899 ], [ 79.599, 28.909 ], [ 79.593, 28.92 ], [ 79.579, 28.922 ], [ 79.573, 28.933 ], [ 79.558, 28.935 ], [ 79.553, 28.947 ], [ 79.562, 28.957 ], [ 79.557, 28.968 ], [ 79.542, 28.97 ], [ 79.536, 28.981 ], [ 79.546, 28.992 ], [ 79.54, 29.003 ], [ 79.55, 29.013 ], [ 79.544, 29.025 ], [ 79.554, 29.035 ], [ 79.548, 29.047 ], [ 79.558, 29.057 ], [ 79.552, 29.068 ], [ 79.537, 29.07 ], [ 79.528, 29.06 ], [ 79.513, 29.061 ], [ 79.503, 29.051 ], [ 79.489, 29.053 ], [ 79.483, 29.064 ], [ 79.468, 29.066 ], [ 79.459, 29.056 ], [ 79.444, 29.057 ], [ 79.434, 29.047 ], [ 79.42, 29.049 ], [ 79.414, 29.06 ], [ 79.423, 29.07 ], [ 79.418, 29.082 ], [ 79.403, 29.084 ], [ 79.398, 29.095 ], [ 79.383, 29.097 ], [ 79.377, 29.108 ], [ 79.362, 29.11 ], [ 79.357, 29.122 ], [ 79.342, 29.123 ], [ 79.332, 29.113 ], [ 79.317, 29.114 ], [ 79.308, 29.104 ], [ 79.293, 29.106 ], [ 79.288, 29.117 ], [ 79.273, 29.119 ], [ 79.263, 29.109 ], [ 79.248, 29.11 ], [ 79.243, 29.122 ], [ 79.252, 29.132 ], [ 79.247, 29.144 ], [ 79.256, 29.154 ], [ 79.251, 29.166 ], [ 79.26, 29.176 ], [ 79.275, 29.174 ], [ 79.284, 29.184 ], [ 79.279, 29.196 ], [ 79.264, 29.197 ], [ 79.258, 29.209 ], [ 79.268, 29.219 ], [ 79.283, 29.218 ], [ 79.292, 29.228 ], [ 79.286, 29.24 ], [ 79.272, 29.241 ], [ 79.266, 29.253 ], [ 79.251, 29.254 ], [ 79.242, 29.244 ], [ 79.227, 29.246 ], [ 79.221, 29.257 ], [ 79.206, 29.259 ], [ 79.201, 29.27 ], [ 79.186, 29.272 ], [ 79.18, 29.284 ], [ 79.165, 29.285 ], [ 79.156, 29.275 ], [ 79.141, 29.276 ], [ 79.131, 29.266 ], [ 79.137, 29.255 ], [ 79.127, 29.244 ], [ 79.133, 29.233 ], [ 79.124, 29.223 ], [ 79.109, 29.224 ], [ 79.099, 29.214 ], [ 79.105, 29.202 ], [ 79.095, 29.192 ], [ 79.101, 29.18 ], [ 79.092, 29.17 ], [ 79.077, 29.172 ], [ 79.067, 29.162 ], [ 79.073, 29.15 ], [ 79.088, 29.149 ], [ 79.093, 29.137 ], [ 79.108, 29.135 ] ] ], [ [ [ 79.955, 28.871 ], [ 79.97, 28.87 ], [ 79.979, 28.88 ], [ 79.974, 28.892 ], [ 79.983, 28.902 ], [ 79.978, 28.913 ], [ 79.987, 28.923 ], [ 79.982, 28.935 ], [ 79.992, 28.945 ], [ 80.006, 28.943 ], [ 80.016, 28.953 ], [ 80.01, 28.965 ], [ 80.02, 28.975 ], [ 80.015, 28.987 ], [ 80.0, 28.988 ], [ 79.994, 29.0 ], [ 79.979, 29.002 ], [ 79.97, 28.991 ], [ 79.955, 28.993 ], [ 79.95, 29.005 ], [ 79.935, 29.006 ], [ 79.93, 29.018 ], [ 79.915, 29.019 ], [ 79.905, 29.009 ], [ 79.911, 28.998 ], [ 79.901, 28.988 ], [ 79.886, 28.989 ], [ 79.877, 28.979 ], [ 79.882, 28.968 ], [ 79.873, 28.958 ], [ 79.878, 28.946 ], [ 79.869, 28.936 ], [ 79.854, 28.937 ], [ 79.844, 28.927 ], [ 79.83, 28.929 ], [ 79.824, 28.94 ], [ 79.809, 28.942 ], [ 79.804, 28.954 ], [ 79.789, 28.955 ], [ 79.784, 28.967 ], [ 79.793, 28.977 ], [ 79.788, 28.989 ], [ 79.797, 28.999 ], [ 79.792, 29.01 ], [ 79.801, 29.02 ], [ 79.796, 29.032 ], [ 79.781, 29.034 ], [ 79.771, 29.023 ], [ 79.757, 29.025 ], [ 79.747, 29.015 ], [ 79.732, 29.016 ], [ 79.723, 29.006 ], [ 79.728, 28.995 ], [ 79.743, 28.993 ], [ 79.749, 28.982 ], [ 79.739, 28.972 ], [ 79.745, 28.96 ], [ 79.759, 28.958 ], [ 79.765, 28.947 ], [ 79.755, 28.937 ], [ 79.761, 28.925 ], [ 79.776, 28.923 ], [ 79.781, 28.912 ], [ 79.772, 28.902 ], [ 79.777, 28.89 ], [ 79.792, 28.889 ], [ 79.797, 28.877 ], [ 79.788, 28.867 ], [ 79.793, 28.855 ], [ 79.808, 28.854 ], [ 79.814, 28.842 ], [ 79.828, 28.841 ], [ 79.834, 28.829 ], [ 79.824, 28.819 ], [ 79.83, 28.807 ], [ 79.845, 28.806 ], [ 79.85, 28.794 ], [ 79.865, 28.793 ], [ 79.87, 28.781 ], [ 79.885, 28.779 ], [ 79.89, 28.768 ], [ 79.905, 28.766 ], [ 79.915, 28.776 ], [ 79.909, 28.788 ], [ 79.919, 28.798 ], [ 79.913, 28.81 ], [ 79.923, 28.82 ], [ 79.917, 28.831 ], [ 79.927, 28.841 ], [ 79.921, 28.853 ], [ 79.931, 28.863 ], [ 79.946, 28.861 ], [ 79.955, 28.871 ] ] ] ] } },
{ "type": "Feature", "properties": { "POLYGON.ID": 564.0, "subregion": "India--Uttarakhand--Udham Singh Nagar--Wetlands and forests", "POLYGON": "India--Uttarakhand--Udham Singh Nagar--Wetlands and forests", "SHOW": "1", "FILTER": "India--Uttarakhand--Plains", "FILTER.ID": "CL34545", "OLD.POLYGON": "1", "STATE": "Uttarakhand", "COUNTY": "Udham Singh Nagar", "OWNER": null }, "geometry": { "type": "MultiPolygon", "coordinates": [ [ [ [ 79.987, 28.923 ], [ 79.978, 28.913 ], [ 79.983, 28.902 ], [ 79.974, 28.892 ], [ 79.979, 28.88 ], [ 79.97, 28.87 ], [ 79.955, 28.871 ], [ 79.946, 28.861 ], [ 79.931, 28.863 ], [ 79.921, 28.853 ], [ 79.927, 28.841 ], [ 79.917, 28.831 ], [ 79.923, 28.82 ], [ 79.913, 28.81 ], [ 79.919, 28.798 ], [ 79.909, 28.788 ], [ 79.915, 28.776 ], [ 79.905, 28.766 ], [ 79.911, 28.755 ], [ 79.925, 28.753 ], [ 79.931, 28.742 ], [ 79.921, 28.731 ], [ 79.927, 28.72 ], [ 79.942, 28.718 ], [ 79.947, 28.707 ], [ 79.962, 28.705 ], [ 79.971, 28.715 ], [ 79.986, 28.714 ], [ 79.995, 28.724 ], [ 80.01, 28.722 ], [ 80.02, 28.732 ], [ 80.034, 28.731 ], [ 80.044, 28.741 ], [ 80.059, 28.739 ], [ 80.068, 28.749 ], [ 80.063, 28.761 ], [ 80.072, 28.771 ], [ 80.067, 28.782 ], [ 80.076, 28.792 ], [ 80.071, 28.804 ], [ 80.056, 28.806 ], [ 80.051, 28.817 ], [ 80.06, 28.827 ], [ 80.075, 28.826 ], [ 80.084, 28.836 ], [ 80.079, 28.847 ], [ 80.088, 28.857 ], [ 80.083, 28.869 ], [ 80.093, 28.879 ], [ 80.087, 28.891 ], [ 80.072, 28.892 ], [ 80.067, 28.904 ], [ 80.076, 28.914 ], [ 80.071, 28.925 ], [ 80.081, 28.935 ], [ 80.095, 28.934 ], [ 80.105, 28.944 ], [ 80.099, 28.956 ], [ 80.085, 28.957 ], [ 80.079, 28.969 ], [ 80.064, 28.97 ], [ 80.059, 28.982 ], [ 80.044, 28.984 ], [ 80.039, 28.995 ], [ 80.048, 29.005 ], [ 80.043, 29.017 ], [ 80.052, 29.027 ], [ 80.047, 29.039 ], [ 80.032, 29.04 ], [ 80.027, 29.052 ], [ 80.036, 29.062 ], [ 80.031, 29.074 ], [ 80.016, 29.075 ], [ 80.007, 29.065 ], [ 79.992, 29.067 ], [ 79.982, 29.057 ], [ 79.967, 29.058 ], [ 79.958, 29.048 ], [ 79.943, 29.05 ], [ 79.934, 29.04 ], [ 79.919, 29.041 ], [ 79.909, 29.031 ], [ 79.915, 29.019 ], [ 79.93, 29.018 ], [ 79.935, 29.006 ], [ 79.95, 29.005 ], [ 79.955, 28.993 ], [ 79.97, 28.991 ], [ 79.979, 29.002 ], [ 79.994, 29.0 ], [ 80.0, 28.988 ], [ 80.015, 28.987 ], [ 80.02, 28.975 ], [ 80.01, 28.965 ], [ 80.016, 28.953 ], [ 80.006, 28.943 ], [ 79.992, 28.945 ], [ 79.982, 28.935 ], [ 79.987, 28.923 ] ] ] ] } },
{ "type": "Feature", "properties": { "POLYGON.ID": 561.0, "subregion": "India--Uttarakhand--Chamoli--mid Himalaya", "POLYGON": "India--Uttarakhand--Chamoli--mid Himalaya", "SHOW": "1", "FILTER": "India--Uttarakhand--Above1000m", "FILTER.ID": "CL27670", "OLD.POLYGON": "1", "STATE": "Uttarakhand", "COUNTY": "Chamoli", "OWNER": null }, "geometry": { "type": "MultiPolygon", "coordinates": [ [ [ [ 79.625, 30.096 ], [ 79.634, 30.106 ], [ 79.65, 30.105 ], [ 79.659, 30.115 ], [ 79.674, 30.113 ], [ 79.684, 30.124 ], [ 79.699, 30.122 ], [ 79.709, 30.132 ], [ 79.703, 30.144 ], [ 79.713, 30.154 ], [ 79.707, 30.166 ], [ 79.692, 30.167 ], [ 79.682, 30.157 ], [ 79.688, 30.146 ], [ 79.678, 30.135 ], [ 79.663, 30.137 ], [ 79.654, 30.127 ], [ 79.638, 30.128 ], [ 79.629, 30.118 ], [ 79.614, 30.12 ], [ 79.608, 30.131 ], [ 79.593, 30.133 ], [ 79.587, 30.145 ], [ 79.572, 30.146 ], [ 79.567, 30.158 ], [ 79.552, 30.16 ], [ 79.542, 30.15 ], [ 79.527, 30.151 ], [ 79.521, 30.163 ], [ 79.506, 30.164 ], [ 79.501, 30.176 ], [ 79.485, 30.178 ], [ 79.48, 30.19 ], [ 79.489, 30.2 ], [ 79.484, 30.212 ], [ 79.493, 30.222 ], [ 79.488, 30.234 ], [ 79.473, 30.235 ], [ 79.467, 30.247 ], [ 79.452, 30.249 ], [ 79.446, 30.26 ], [ 79.456, 30.271 ], [ 79.471, 30.269 ], [ 79.481, 30.279 ], [ 79.496, 30.278 ], [ 79.505, 30.288 ], [ 79.521, 30.286 ], [ 79.53, 30.296 ], [ 79.525, 30.308 ], [ 79.509, 30.31 ], [ 79.504, 30.322 ], [ 79.513, 30.332 ], [ 79.508, 30.344 ], [ 79.493, 30.345 ], [ 79.487, 30.357 ], [ 79.472, 30.359 ], [ 79.466, 30.37 ], [ 79.476, 30.381 ], [ 79.47, 30.392 ], [ 79.48, 30.403 ], [ 79.474, 30.415 ], [ 79.484, 30.425 ], [ 79.478, 30.437 ], [ 79.488, 30.447 ], [ 79.503, 30.445 ], [ 79.513, 30.455 ], [ 79.507, 30.467 ], [ 79.517, 30.477 ], [ 79.511, 30.489 ], [ 79.521, 30.5 ], [ 79.536, 30.498 ], [ 79.546, 30.508 ], [ 79.54, 30.52 ], [ 79.525, 30.522 ], [ 79.519, 30.533 ], [ 79.529, 30.544 ], [ 79.523, 30.556 ], [ 79.533, 30.566 ], [ 79.548, 30.564 ], [ 79.558, 30.574 ], [ 79.552, 30.586 ], [ 79.537, 30.588 ], [ 79.527, 30.578 ], [ 79.512, 30.579 ], [ 79.502, 30.569 ], [ 79.508, 30.557 ], [ 79.498, 30.547 ], [ 79.483, 30.548 ], [ 79.473, 30.538 ], [ 79.479, 30.526 ], [ 79.469, 30.516 ], [ 79.454, 30.518 ], [ 79.445, 30.507 ], [ 79.429, 30.509 ], [ 79.42, 30.499 ], [ 79.404, 30.5 ], [ 79.395, 30.49 ], [ 79.401, 30.478 ], [ 79.391, 30.468 ], [ 79.376, 30.47 ], [ 79.366, 30.459 ], [ 79.351, 30.461 ], [ 79.341, 30.451 ], [ 79.326, 30.452 ], [ 79.316, 30.442 ], [ 79.301, 30.444 ], [ 79.292, 30.433 ], [ 79.297, 30.422 ], [ 79.288, 30.411 ], [ 79.272, 30.413 ], [ 79.267, 30.425 ], [ 79.252, 30.426 ], [ 79.246, 30.438 ], [ 79.231, 30.44 ], [ 79.221, 30.429 ], [ 79.206, 30.431 ], [ 79.2, 30.443 ], [ 79.185, 30.444 ], [ 79.179, 30.456 ], [ 79.164, 30.458 ], [ 79.155, 30.447 ], [ 79.16, 30.435 ], [ 79.175, 30.434 ], [ 79.181, 30.422 ], [ 79.172, 30.412 ], [ 79.177, 30.4 ], [ 79.168, 30.39 ], [ 79.152, 30.391 ], [ 79.143, 30.381 ], [ 79.128, 30.383 ], [ 79.118, 30.372 ], [ 79.103, 30.374 ], [ 79.093, 30.364 ], [ 79.099, 30.352 ], [ 79.089, 30.342 ], [ 79.095, 30.33 ], [ 79.086, 30.32 ], [ 79.091, 30.308 ], [ 79.082, 30.297 ], [ 79.087, 30.286 ], [ 79.078, 30.275 ], [ 79.084, 30.264 ], [ 79.074, 30.253 ], [ 79.08, 30.242 ], [ 79.07, 30.231 ], [ 79.076, 30.22 ], [ 79.091, 30.218 ], [ 79.097, 30.206 ], [ 79.087, 30.196 ], [ 79.093, 30.184 ], [ 79.108, 30.183 ], [ 79.114, 30.171 ], [ 79.129, 30.169 ], [ 79.134, 30.158 ], [ 79.125, 30.147 ], [ 79.131, 30.136 ], [ 79.121, 30.125 ], [ 79.127, 30.114 ], [ 79.142, 30.112 ], [ 79.148, 30.1 ], [ 79.163, 30.099 ], [ 79.168, 30.087 ], [ 79.183, 30.086 ], [ 79.189, 30.074 ], [ 79.204, 30.072 ], [ 79.21, 30.061 ], [ 79.2, 30.05 ], [ 79.185, 30.052 ], [ 79.176, 30.042 ], [ 79.181, 30.03 ], [ 79.196, 30.028 ], [ 79.202, 30.017 ], [ 79.217, 30.015 ], [ 79.223, 30.003 ], [ 79.213, 29.993 ], [ 79.219, 29.981 ], [ 79.234, 29.98 ], [ 79.24, 29.968 ], [ 79.255, 29.967 ], [ 79.26, 29.955 ], [ 79.276, 29.953 ], [ 79.281, 29.941 ], [ 79.296, 29.94 ], [ 79.302, 29.928 ], [ 79.317, 29.927 ], [ 79.326, 29.937 ], [ 79.321, 29.949 ], [ 79.33, 29.959 ], [ 79.346, 29.957 ], [ 79.351, 29.946 ], [ 79.366, 29.944 ], [ 79.372, 29.932 ], [ 79.387, 29.931 ], [ 79.392, 29.919 ], [ 79.408, 29.917 ], [ 79.417, 29.928 ], [ 79.412, 29.939 ], [ 79.421, 29.95 ], [ 79.436, 29.948 ], [ 79.446, 29.958 ], [ 79.461, 29.957 ], [ 79.47, 29.967 ], [ 79.465, 29.979 ], [ 79.474, 29.989 ], [ 79.469, 30.001 ], [ 79.478, 30.011 ], [ 79.493, 30.009 ], [ 79.503, 30.019 ], [ 79.518, 30.018 ], [ 79.524, 30.006 ], [ 79.539, 30.004 ], [ 79.544, 29.993 ], [ 79.559, 29.991 ], [ 79.569, 30.001 ], [ 79.584, 30.0 ], [ 79.594, 30.01 ], [ 79.609, 30.008 ], [ 79.618, 30.019 ], [ 79.633, 30.017 ], [ 79.639, 30.005 ], [ 79.654, 30.004 ], [ 79.664, 30.014 ], [ 79.679, 30.012 ], [ 79.684, 30.0 ], [ 79.699, 29.999 ], [ 79.709, 30.009 ], [ 79.724, 30.007 ], [ 79.73, 29.996 ], [ 79.745, 29.994 ], [ 79.754, 30.004 ], [ 79.769, 30.003 ], [ 79.779, 30.013 ], [ 79.794, 30.011 ], [ 79.804, 30.021 ], [ 79.798, 30.033 ], [ 79.808, 30.043 ], [ 79.823, 30.042 ], [ 79.832, 30.052 ], [ 79.827, 30.064 ], [ 79.812, 30.065 ], [ 79.806, 30.077 ], [ 79.791, 30.079 ], [ 79.782, 30.068 ], [ 79.766, 30.07 ], [ 79.757, 30.06 ], [ 79.742, 30.061 ], [ 79.732, 30.051 ], [ 79.717, 30.053 ], [ 79.707, 30.043 ], [ 79.713, 30.031 ], [ 79.703, 30.021 ], [ 79.688, 30.022 ], [ 79.683, 30.034 ], [ 79.668, 30.036 ], [ 79.662, 30.047 ], [ 79.647, 30.049 ], [ 79.637, 30.039 ], [ 79.622, 30.04 ], [ 79.617, 30.052 ], [ 79.626, 30.062 ], [ 79.621, 30.074 ], [ 79.606, 30.076 ], [ 79.6, 30.088 ], [ 79.61, 30.098 ], [ 79.625, 30.096 ] ] ] ] } },
{ "type": "Feature", "properties": { "POLYGON.ID": 562.0, "subregion": "India--Uttarakhand--Chamoli--high Himalaya", "POLYGON": "India--Uttarakhand--Chamoli--high Himalaya", "SHOW": "1", "FILTER": "India--Uttarakhand--Above1000m", "FILTER.ID": "CL27670", "OLD.POLYGON": "1", "STATE": "Uttarakhand", "COUNTY": "Chamoli", "OWNER": null }, "geometry": { "type": "MultiPolygon", "coordinates": [ [ [ [ 79.218, 30.497 ], [ 79.208, 30.487 ], [ 79.193, 30.488 ], [ 79.183, 30.478 ], [ 79.189, 30.466 ], [ 79.179, 30.456 ], [ 79.185, 30.444 ], [ 79.2, 30.443 ], [ 79.206, 30.431 ], [ 79.221, 30.429 ], [ 79.231, 30.44 ], [ 79.246, 30.438 ], [ 79.252, 30.426 ], [ 79.267, 30.425 ], [ 79.272, 30.413 ], [ 79.288, 30.411 ], [ 79.297, 30.422 ], [ 79.292, 30.433 ], [ 79.301, 30.444 ], [ 79.316, 30.442 ], [ 79.326, 30.452 ], [ 79.341, 30.451 ], [ 79.351, 30.461 ], [ 79.366, 30.459 ], [ 79.376, 30.47 ], [ 79.391, 30.468 ], [ 79.401, 30.478 ], [ 79.395, 30.49 ], [ 79.404, 30.5 ], [ 79.42, 30.499 ], [ 79.429, 30.509 ], [ 79.445, 30.507 ], [ 79.454, 30.518 ], [ 79.469, 30.516 ], [ 79.479, 30.526 ], [ 79.473, 30.538 ], [ 79.483, 30.548 ], [ 79.498, 30.547 ], [ 79.508, 30.557 ], [ 79.502, 30.569 ], [ 79.512, 30.579 ], [ 79.527, 30.578 ], [ 79.537, 30.588 ], [ 79.552, 30.586 ], [ 79.558, 30.574 ], [ 79.548, 30.564 ], [ 79.533, 30.566 ], [ 79.523, 30.556 ], [ 79.529, 30.544 ], [ 79.519, 30.533 ], [ 79.525, 30.522 ], [ 79.54, 30.52 ], [ 79.546, 30.508 ], [ 79.536, 30.498 ], [ 79.521, 30.5 ], [ 79.511, 30.489 ], [ 79.517, 30.477 ], [ 79.507, 30.467 ], [ 79.513, 30.455 ], [ 79.503, 30.445 ], [ 79.488, 30.447 ], [ 79.478, 30.437 ], [ 79.484, 30.425 ], [ 79.474, 30.415 ], [ 79.48, 30.403 ], [ 79.47, 30.392 ], [ 79.476, 30.381 ], [ 79.466, 30.37 ], [ 79.472, 30.359 ], [ 79.487, 30.357 ], [ 79.493, 30.345 ], [ 79.508, 30.344 ], [ 79.513, 30.332 ], [ 79.504, 30.322 ], [ 79.509, 30.31 ], [ 79.525, 30.308 ], [ 79.53, 30.296 ], [ 79.521, 30.286 ], [ 79.505, 30.288 ], [ 79.496, 30.278 ], [ 79.481, 30.279 ], [ 79.471, 30.269 ], [ 79.456, 30.271 ], [ 79.446, 30.26 ], [ 79.452, 30.249 ], [ 79.467, 30.247 ], [ 79.473, 30.235 ], [ 79.488, 30.234 ], [ 79.493, 30.222 ], [ 79.484, 30.212 ], [ 79.489, 30.2 ], [ 79.48, 30.19 ], [ 79.485, 30.178 ], [ 79.501, 30.176 ], [ 79.506, 30.164 ], [ 79.521, 30.163 ], [ 79.527, 30.151 ], [ 79.542, 30.15 ], [ 79.552, 30.16 ], [ 79.567, 30.158 ], [ 79.572, 30.146 ], [ 79.587, 30.145 ], [ 79.593, 30.133 ], [ 79.608, 30.131 ], [ 79.614, 30.12 ], [ 79.629, 30.118 ], [ 79.638, 30.128 ], [ 79.654, 30.127 ], [ 79.663, 30.137 ], [ 79.678, 30.135 ], [ 79.688, 30.146 ], [ 79.682, 30.157 ], [ 79.692, 30.167 ], [ 79.707, 30.166 ], [ 79.713, 30.154 ], [ 79.703, 30.144 ], [ 79.709, 30.132 ], [ 79.699, 30.122 ], [ 79.684, 30.124 ], [ 79.674, 30.113 ], [ 79.659, 30.115 ], [ 79.65, 30.105 ], [ 79.634, 30.106 ], [ 79.625, 30.096 ], [ 79.61, 30.098 ], [ 79.6, 30.088 ], [ 79.606, 30.076 ], [ 79.621, 30.074 ], [ 79.626, 30.062 ], [ 79.617, 30.052 ], [ 79.622, 30.04 ], [ 79.637, 30.039 ], [ 79.647, 30.049 ], [ 79.662, 30.047 ], [ 79.668, 30.036 ], [ 79.683, 30.034 ], [ 79.688, 30.022 ], [ 79.703, 30.021 ], [ 79.713, 30.031 ], [ 79.707, 30.043 ], [ 79.717, 30.053 ], [ 79.732, 30.051 ], [ 79.742, 30.061 ], [ 79.757, 30.06 ], [ 79.766, 30.07 ], [ 79.782, 30.068 ], [ 79.791, 30.079 ], [ 79.786, 30.09 ], [ 79.771, 30.092 ], [ 79.765, 30.104 ], [ 79.775, 30.114 ], [ 79.769, 30.126 ], [ 79.779, 30.136 ], [ 79.773, 30.148 ], [ 79.783, 30.158 ], [ 79.777, 30.17 ], [ 79.787, 30.18 ], [ 79.781, 30.192 ], [ 79.791, 30.202 ], [ 79.806, 30.2 ], [ 79.816, 30.21 ], [ 79.81, 30.222 ], [ 79.82, 30.232 ], [ 79.814, 30.244 ], [ 79.799, 30.246 ], [ 79.794, 30.258 ], [ 79.803, 30.268 ], [ 79.798, 30.28 ], [ 79.807, 30.29 ], [ 79.822, 30.288 ], [ 79.832, 30.298 ], [ 79.847, 30.297 ], [ 79.853, 30.285 ], [ 79.868, 30.283 ], [ 79.878, 30.294 ], [ 79.893, 30.292 ], [ 79.902, 30.302 ], [ 79.917, 30.3 ], [ 79.927, 30.311 ], [ 79.942, 30.309 ], [ 79.948, 30.297 ], [ 79.963, 30.296 ], [ 79.973, 30.306 ], [ 79.988, 30.304 ], [ 79.997, 30.314 ], [ 79.992, 30.326 ], [ 80.002, 30.336 ], [ 79.996, 30.348 ], [ 80.006, 30.358 ], [ 80.0, 30.37 ], [ 80.01, 30.38 ], [ 80.025, 30.379 ], [ 80.035, 30.389 ], [ 80.029, 30.401 ], [ 80.039, 30.411 ], [ 80.033, 30.423 ], [ 80.018, 30.424 ], [ 80.013, 30.436 ], [ 80.022, 30.446 ], [ 80.017, 30.458 ], [ 80.027, 30.468 ], [ 80.021, 30.48 ], [ 80.006, 30.482 ], [ 80.0, 30.494 ], [ 80.01, 30.504 ], [ 80.005, 30.516 ], [ 80.014, 30.526 ], [ 80.009, 30.538 ], [ 80.018, 30.548 ], [ 80.013, 30.56 ], [ 80.023, 30.57 ], [ 80.017, 30.582 ], [ 80.027, 30.592 ], [ 80.021, 30.604 ], [ 80.031, 30.614 ], [ 80.025, 30.626 ], [ 80.01, 30.628 ], [ 80.005, 30.639 ], [ 80.014, 30.65 ], [ 80.009, 30.661 ], [ 79.994, 30.663 ], [ 79.988, 30.675 ], [ 79.998, 30.685 ], [ 79.992, 30.697 ], [ 79.977, 30.699 ], [ 79.972, 30.71 ], [ 79.956, 30.712 ], [ 79.951, 30.724 ], [ 79.936, 30.726 ], [ 79.926, 30.715 ], [ 79.911, 30.717 ], [ 79.905, 30.729 ], [ 79.89, 30.731 ], [ 79.884, 30.742 ], [ 79.869, 30.744 ], [ 79.863, 30.756 ], [ 79.848, 30.758 ], [ 79.843, 30.769 ], [ 79.852, 30.78 ], [ 79.847, 30.791 ], [ 79.831, 30.793 ], [ 79.826, 30.805 ], [ 79.811, 30.807 ], [ 79.805, 30.818 ], [ 79.815, 30.829 ], [ 79.809, 30.841 ], [ 79.794, 30.842 ], [ 79.788, 30.854 ], [ 79.773, 30.856 ], [ 79.767, 30.868 ], [ 79.752, 30.869 ], [ 79.747, 30.881 ], [ 79.756, 30.891 ], [ 79.751, 30.903 ], [ 79.735, 30.905 ], [ 79.73, 30.917 ], [ 79.714, 30.918 ], [ 79.709, 30.93 ], [ 79.694, 30.932 ], [ 79.688, 30.944 ], [ 79.673, 30.945 ], [ 79.667, 30.957 ], [ 79.677, 30.968 ], [ 79.671, 30.979 ], [ 79.681, 30.99 ], [ 79.675, 31.002 ], [ 79.66, 31.003 ], [ 79.65, 30.993 ], [ 79.656, 30.981 ], [ 79.646, 30.971 ], [ 79.631, 30.972 ], [ 79.621, 30.962 ], [ 79.606, 30.964 ], [ 79.596, 30.953 ], [ 79.581, 30.955 ], [ 79.575, 30.967 ], [ 79.56, 30.969 ], [ 79.554, 30.98 ], [ 79.564, 30.991 ], [ 79.558, 31.003 ], [ 79.543, 31.004 ], [ 79.537, 31.016 ], [ 79.547, 31.026 ], [ 79.541, 31.038 ], [ 79.526, 31.04 ], [ 79.52, 31.052 ], [ 79.505, 31.053 ], [ 79.495, 31.043 ], [ 79.48, 31.045 ], [ 79.474, 31.057 ], [ 79.459, 31.058 ], [ 79.449, 31.048 ], [ 79.434, 31.049 ], [ 79.428, 31.061 ], [ 79.438, 31.072 ], [ 79.432, 31.084 ], [ 79.417, 31.085 ], [ 79.407, 31.075 ], [ 79.413, 31.063 ], [ 79.403, 31.053 ], [ 79.388, 31.054 ], [ 79.378, 31.044 ], [ 79.363, 31.046 ], [ 79.353, 31.035 ], [ 79.359, 31.023 ], [ 79.349, 31.013 ], [ 79.334, 31.015 ], [ 79.324, 31.004 ], [ 79.33, 30.992 ], [ 79.32, 30.982 ], [ 79.326, 30.97 ], [ 79.316, 30.96 ], [ 79.301, 30.962 ], [ 79.295, 30.973 ], [ 79.28, 30.975 ], [ 79.27, 30.965 ], [ 79.276, 30.953 ], [ 79.291, 30.951 ], [ 79.297, 30.939 ], [ 79.287, 30.929 ], [ 79.293, 30.917 ], [ 79.283, 30.907 ], [ 79.289, 30.895 ], [ 79.279, 30.885 ], [ 79.264, 30.886 ], [ 79.254, 30.876 ], [ 79.26, 30.864 ], [ 79.25, 30.854 ], [ 79.256, 30.842 ], [ 79.246, 30.832 ], [ 79.231, 30.833 ], [ 79.221, 30.823 ], [ 79.227, 30.811 ], [ 79.242, 30.81 ], [ 79.248, 30.798 ], [ 79.238, 30.788 ], [ 79.244, 30.776 ], [ 79.259, 30.774 ], [ 79.265, 30.762 ], [ 79.28, 30.761 ], [ 79.286, 30.749 ], [ 79.276, 30.739 ], [ 79.282, 30.727 ], [ 79.272, 30.716 ], [ 79.278, 30.705 ], [ 79.293, 30.703 ], [ 79.299, 30.691 ], [ 79.314, 30.69 ], [ 79.32, 30.678 ], [ 79.31, 30.668 ], [ 79.316, 30.656 ], [ 79.331, 30.654 ], [ 79.337, 30.642 ], [ 79.352, 30.641 ], [ 79.358, 30.629 ], [ 79.348, 30.619 ], [ 79.354, 30.607 ], [ 79.344, 30.597 ], [ 79.329, 30.598 ], [ 79.319, 30.588 ], [ 79.304, 30.589 ], [ 79.294, 30.579 ], [ 79.3, 30.567 ], [ 79.29, 30.557 ], [ 79.275, 30.559 ], [ 79.27, 30.57 ], [ 79.254, 30.572 ], [ 79.245, 30.562 ], [ 79.25, 30.55 ], [ 79.241, 30.54 ], [ 79.226, 30.541 ], [ 79.216, 30.531 ], [ 79.222, 30.519 ], [ 79.212, 30.509 ], [ 79.218, 30.497 ] ] ] ] } },
{ "type": "Feature", "properties": { "POLYGON.ID": 563.0, "subregion": "India--Uttarakhand--Chamoli--trans Himalaya", "POLYGON": "India--Uttarakhand--Chamoli--trans Himalaya", "SHOW": "1", "FILTER": "India--Uttarakhand--Above1000m", "FILTER.ID": "CL27670", "OLD.POLYGON": "1", "STATE": "Uttarakhand", "COUNTY": "Chamoli", "OWNER": null }, "geometry": { "type": "MultiPolygon", "coordinates": [ [ [ [ 79.972, 30.71 ], [ 79.981, 30.721 ], [ 79.997, 30.719 ], [ 80.006, 30.729 ], [ 80.022, 30.728 ], [ 80.031, 30.738 ], [ 80.046, 30.736 ], [ 80.052, 30.724 ], [ 80.067, 30.723 ], [ 80.077, 30.733 ], [ 80.092, 30.731 ], [ 80.102, 30.741 ], [ 80.096, 30.753 ], [ 80.081, 30.755 ], [ 80.076, 30.767 ], [ 80.085, 30.777 ], [ 80.101, 30.775 ], [ 80.11, 30.786 ], [ 80.126, 30.784 ], [ 80.135, 30.794 ], [ 80.13, 30.806 ], [ 80.115, 30.808 ], [ 80.109, 30.819 ], [ 80.094, 30.821 ], [ 80.088, 30.833 ], [ 80.073, 30.835 ], [ 80.068, 30.847 ], [ 80.052, 30.848 ], [ 80.047, 30.86 ], [ 80.031, 30.862 ], [ 80.026, 30.874 ], [ 80.011, 30.875 ], [ 80.005, 30.887 ], [ 79.99, 30.889 ], [ 79.984, 30.901 ], [ 79.969, 30.902 ], [ 79.959, 30.892 ], [ 79.944, 30.894 ], [ 79.938, 30.906 ], [ 79.923, 30.907 ], [ 79.918, 30.919 ], [ 79.902, 30.921 ], [ 79.897, 30.933 ], [ 79.906, 30.943 ], [ 79.901, 30.955 ], [ 79.886, 30.957 ], [ 79.88, 30.968 ], [ 79.89, 30.979 ], [ 79.884, 30.991 ], [ 79.869, 30.992 ], [ 79.859, 30.982 ], [ 79.844, 30.984 ], [ 79.838, 30.995 ], [ 79.823, 30.997 ], [ 79.813, 30.987 ], [ 79.798, 30.989 ], [ 79.792, 31.0 ], [ 79.777, 31.002 ], [ 79.771, 31.014 ], [ 79.756, 31.016 ], [ 79.746, 31.005 ], [ 79.731, 31.007 ], [ 79.721, 30.997 ], [ 79.706, 30.998 ], [ 79.696, 30.988 ], [ 79.681, 30.99 ], [ 79.671, 30.979 ], [ 79.677, 30.968 ], [ 79.667, 30.957 ], [ 79.673, 30.945 ], [ 79.688, 30.944 ], [ 79.694, 30.932 ], [ 79.709, 30.93 ], [ 79.714, 30.918 ], [ 79.73, 30.917 ], [ 79.735, 30.905 ], [ 79.751, 30.903 ], [ 79.756, 30.891 ], [ 79.747, 30.881 ], [ 79.752, 30.869 ], [ 79.767, 30.868 ], [ 79.773, 30.856 ], [ 79.788, 30.854 ], [ 79.794, 30.842 ], [ 79.809, 30.841 ], [ 79.815, 30.829 ], [ 79.805, 30.818 ], [ 79.811, 30.807 ], [ 79.826, 30.805 ], [ 79.831, 30.793 ], [ 79.847, 30.791 ], [ 79.852, 30.78 ], [ 79.843, 30.769 ], [ 79.848, 30.758 ], [ 79.863, 30.756 ], [ 79.869, 30.744 ], [ 79.884, 30.742 ], [ 79.89, 30.731 ], [ 79.905, 30.729 ], [ 79.911, 30.717 ], [ 79.926, 30.715 ], [ 79.936, 30.726 ], [ 79.951, 30.724 ], [ 79.956, 30.712 ], [ 79.972, 30.71 ] ] ] ] } },
{ "type": "Feature", "properties": { "POLYGON.ID": 578.0, "subregion": "India--Uttarakhand--Champawat--Shivaliks", "POLYGON": "India--Uttarakhand--Champawat--Shivaliks", "SHOW": "1", "FILTER": "India--Uttarakhand--Below1000m", "FILTER.ID": "CL27671", "OLD.POLYGON": "1", "STATE": "Uttarakhand", "COUNTY": "Champawat", "OWNER": null }, "geometry": { "type": "MultiPolygon", "coordinates": [ [ [ [ 80.211, 29.143 ], [ 80.206, 29.154 ], [ 80.191, 29.156 ], [ 80.185, 29.168 ], [ 80.17, 29.169 ], [ 80.161, 29.159 ], [ 80.146, 29.161 ], [ 80.137, 29.151 ], [ 80.122, 29.152 ], [ 80.116, 29.164 ], [ 80.101, 29.166 ], [ 80.092, 29.156 ], [ 80.077, 29.157 ], [ 80.068, 29.147 ], [ 80.053, 29.149 ], [ 80.043, 29.139 ], [ 80.028, 29.14 ], [ 80.019, 29.13 ], [ 80.004, 29.132 ], [ 79.999, 29.143 ], [ 79.984, 29.145 ], [ 79.974, 29.135 ], [ 79.98, 29.123 ], [ 79.97, 29.113 ], [ 79.976, 29.102 ], [ 79.966, 29.092 ], [ 79.971, 29.08 ], [ 79.962, 29.07 ], [ 79.967, 29.058 ], [ 79.982, 29.057 ], [ 79.992, 29.067 ], [ 80.007, 29.065 ], [ 80.016, 29.075 ], [ 80.031, 29.074 ], [ 80.036, 29.062 ], [ 80.027, 29.052 ], [ 80.032, 29.04 ], [ 80.047, 29.039 ], [ 80.052, 29.027 ], [ 80.043, 29.017 ], [ 80.048, 29.005 ], [ 80.039, 28.995 ], [ 80.044, 28.984 ], [ 80.059, 28.982 ], [ 80.064, 28.97 ], [ 80.079, 28.969 ], [ 80.085, 28.957 ], [ 80.099, 28.956 ], [ 80.109, 28.966 ], [ 80.124, 28.964 ], [ 80.133, 28.974 ], [ 80.128, 28.986 ], [ 80.137, 28.996 ], [ 80.152, 28.994 ], [ 80.162, 29.004 ], [ 80.156, 29.016 ], [ 80.142, 29.017 ], [ 80.136, 29.029 ], [ 80.146, 29.039 ], [ 80.14, 29.051 ], [ 80.15, 29.061 ], [ 80.144, 29.072 ], [ 80.154, 29.083 ], [ 80.149, 29.094 ], [ 80.158, 29.104 ], [ 80.173, 29.103 ], [ 80.182, 29.113 ], [ 80.197, 29.111 ], [ 80.203, 29.099 ], [ 80.217, 29.098 ], [ 80.227, 29.108 ], [ 80.242, 29.106 ], [ 80.251, 29.116 ], [ 80.266, 29.115 ], [ 80.276, 29.125 ], [ 80.27, 29.136 ], [ 80.256, 29.138 ], [ 80.25, 29.15 ], [ 80.235, 29.151 ], [ 80.226, 29.141 ], [ 80.211, 29.143 ] ] ] ] } },
{ "type": "Feature", "properties": { "POLYGON.ID": 579.0, "subregion": "India--Uttarakhand--Champawat--low Himalaya", "POLYGON": "India--Uttarakhand--Champawat--low Himalaya", "SHOW": "1", "FILTER": "India--Uttarakhand--Below1000m", "FILTER.ID": "CL27671", "OLD.POLYGON": "1", "STATE": "Uttarakhand", "COUNTY": "Champawat", "OWNER": null }, "geometry": { "type": "MultiPolygon", "coordinates": [ [ [ [ 80.226, 29.141 ], [ 80.235, 29.151 ], [ 80.25, 29.15 ], [ 80.256, 29.138 ], [ 80.27, 29.136 ], [ 80.28, 29.146 ], [ 80.275, 29.158 ], [ 80.284, 29.168 ], [ 80.279, 29.18 ], [ 80.288, 29.19 ], [ 80.303, 29.188 ], [ 80.313, 29.198 ], [ 80.307, 29.21 ], [ 80.317, 29.22 ], [ 80.312, 29.232 ], [ 80.321, 29.242 ], [ 80.316, 29.253 ], [ 80.325, 29.263 ], [ 80.32, 29.275 ], [ 80.305, 29.277 ], [ 80.295, 29.267 ], [ 80.281, 29.268 ], [ 80.271, 29.258 ], [ 80.256, 29.26 ], [ 80.247, 29.25 ], [ 80.232, 29.251 ], [ 80.226, 29.263 ], [ 80.211, 29.265 ], [ 80.202, 29.255 ], [ 80.187, 29.256 ], [ 80.182, 29.268 ], [ 80.191, 29.278 ], [ 80.186, 29.29 ], [ 80.171, 29.291 ], [ 80.161, 29.281 ], [ 80.147, 29.283 ], [ 80.137, 29.273 ], [ 80.122, 29.274 ], [ 80.113, 29.264 ], [ 80.098, 29.266 ], [ 80.092, 29.278 ], [ 80.102, 29.288 ], [ 80.096, 29.299 ], [ 80.106, 29.309 ], [ 80.101, 29.321 ], [ 80.11, 29.331 ], [ 80.105, 29.343 ], [ 80.09, 29.344 ], [ 80.08, 29.334 ], [ 80.065, 29.336 ], [ 80.056, 29.326 ], [ 80.041, 29.328 ], [ 80.031, 29.317 ], [ 80.016, 29.319 ], [ 80.011, 29.331 ], [ 79.996, 29.332 ], [ 79.987, 29.322 ], [ 79.972, 29.324 ], [ 79.966, 29.335 ], [ 79.951, 29.337 ], [ 79.942, 29.327 ], [ 79.927, 29.329 ], [ 79.921, 29.34 ], [ 79.907, 29.342 ], [ 79.901, 29.353 ], [ 79.886, 29.355 ], [ 79.877, 29.345 ], [ 79.862, 29.347 ], [ 79.852, 29.336 ], [ 79.837, 29.338 ], [ 79.828, 29.328 ], [ 79.813, 29.329 ], [ 79.803, 29.319 ], [ 79.809, 29.308 ], [ 79.824, 29.306 ], [ 79.829, 29.294 ], [ 79.844, 29.293 ], [ 79.85, 29.281 ], [ 79.864, 29.28 ], [ 79.87, 29.268 ], [ 79.885, 29.266 ], [ 79.89, 29.255 ], [ 79.905, 29.253 ], [ 79.911, 29.241 ], [ 79.901, 29.231 ], [ 79.907, 29.22 ], [ 79.921, 29.218 ], [ 79.927, 29.206 ], [ 79.917, 29.196 ], [ 79.902, 29.198 ], [ 79.893, 29.188 ], [ 79.898, 29.176 ], [ 79.889, 29.166 ], [ 79.894, 29.155 ], [ 79.909, 29.153 ], [ 79.915, 29.141 ], [ 79.93, 29.14 ], [ 79.939, 29.15 ], [ 79.954, 29.148 ], [ 79.959, 29.137 ], [ 79.974, 29.135 ], [ 79.984, 29.145 ], [ 79.999, 29.143 ], [ 80.004, 29.132 ], [ 80.019, 29.13 ], [ 80.028, 29.14 ], [ 80.043, 29.139 ], [ 80.053, 29.149 ], [ 80.068, 29.147 ], [ 80.077, 29.157 ], [ 80.092, 29.156 ], [ 80.101, 29.166 ], [ 80.116, 29.164 ], [ 80.122, 29.152 ], [ 80.137, 29.151 ], [ 80.146, 29.161 ], [ 80.161, 29.159 ], [ 80.17, 29.169 ], [ 80.185, 29.168 ], [ 80.191, 29.156 ], [ 80.206, 29.154 ], [ 80.211, 29.143 ], [ 80.226, 29.141 ] ] ] ] } },
{ "type": "Feature", "properties": { "POLYGON.ID": 580.0, "subregion": "India--Uttarakhand--Champawat--mid Himalaya", "POLYGON": "India--Uttarakhand--Champawat--mid Himalaya", "SHOW": "1", "FILTER": "India--Uttarakhand--Above1000m", "FILTER.ID": "CL27670", "OLD.POLYGON": "1", "STATE": "Uttarakhand", "COUNTY": "Champawat", "OWNER": null }, "geometry": { "type": "MultiPolygon", "coordinates": [ [ [ [ 80.232, 29.251 ], [ 80.247, 29.25 ], [ 80.256, 29.26 ], [ 80.271, 29.258 ], [ 80.281, 29.268 ], [ 80.295, 29.267 ], [ 80.305, 29.277 ], [ 80.32, 29.275 ], [ 80.329, 29.285 ], [ 80.324, 29.297 ], [ 80.334, 29.307 ], [ 80.328, 29.319 ], [ 80.338, 29.329 ], [ 80.333, 29.34 ], [ 80.318, 29.342 ], [ 80.312, 29.354 ], [ 80.297, 29.355 ], [ 80.292, 29.367 ], [ 80.302, 29.377 ], [ 80.296, 29.389 ], [ 80.281, 29.39 ], [ 80.276, 29.402 ], [ 80.261, 29.404 ], [ 80.256, 29.415 ], [ 80.265, 29.425 ], [ 80.26, 29.437 ], [ 80.245, 29.439 ], [ 80.24, 29.451 ], [ 80.225, 29.452 ], [ 80.219, 29.464 ], [ 80.204, 29.465 ], [ 80.195, 29.455 ], [ 80.18, 29.457 ], [ 80.174, 29.469 ], [ 80.159, 29.47 ], [ 80.154, 29.482 ], [ 80.139, 29.484 ], [ 80.134, 29.495 ], [ 80.143, 29.505 ], [ 80.138, 29.517 ], [ 80.123, 29.519 ], [ 80.117, 29.53 ], [ 80.103, 29.532 ], [ 80.093, 29.522 ], [ 80.078, 29.524 ], [ 80.068, 29.513 ], [ 80.053, 29.515 ], [ 80.044, 29.505 ], [ 80.029, 29.507 ], [ 80.019, 29.497 ], [ 80.025, 29.485 ], [ 80.015, 29.475 ], [ 80.0, 29.476 ], [ 79.995, 29.488 ], [ 79.98, 29.49 ], [ 79.97, 29.479 ], [ 79.955, 29.481 ], [ 79.946, 29.471 ], [ 79.931, 29.473 ], [ 79.926, 29.484 ], [ 79.911, 29.486 ], [ 79.901, 29.476 ], [ 79.886, 29.477 ], [ 79.877, 29.467 ], [ 79.862, 29.469 ], [ 79.852, 29.459 ], [ 79.858, 29.447 ], [ 79.848, 29.437 ], [ 79.854, 29.425 ], [ 79.844, 29.415 ], [ 79.849, 29.403 ], [ 79.84, 29.393 ], [ 79.845, 29.382 ], [ 79.86, 29.38 ], [ 79.866, 29.368 ], [ 79.881, 29.367 ], [ 79.886, 29.355 ], [ 79.901, 29.353 ], [ 79.907, 29.342 ], [ 79.921, 29.34 ], [ 79.927, 29.329 ], [ 79.942, 29.327 ], [ 79.951, 29.337 ], [ 79.966, 29.335 ], [ 79.972, 29.324 ], [ 79.987, 29.322 ], [ 79.996, 29.332 ], [ 80.011, 29.331 ], [ 80.016, 29.319 ], [ 80.031, 29.317 ], [ 80.041, 29.328 ], [ 80.056, 29.326 ], [ 80.065, 29.336 ], [ 80.08, 29.334 ], [ 80.09, 29.344 ], [ 80.105, 29.343 ], [ 80.11, 29.331 ], [ 80.101, 29.321 ], [ 80.106, 29.309 ], [ 80.096, 29.299 ], [ 80.102, 29.288 ], [ 80.092, 29.278 ], [ 80.098, 29.266 ], [ 80.113, 29.264 ], [ 80.122, 29.274 ], [ 80.137, 29.273 ], [ 80.147, 29.283 ], [ 80.161, 29.281 ], [ 80.171, 29.291 ], [ 80.186, 29.29 ], [ 80.191, 29.278 ], [ 80.182, 29.268 ], [ 80.187, 29.256 ], [ 80.202, 29.255 ], [ 80.211, 29.265 ], [ 80.226, 29.263 ], [ 80.232, 29.251 ] ] ] ] } },
{ "type": "Feature", "properties": { "POLYGON.ID": 581.0, "subregion": "India--Uttarakhand--Pittorgarh--mid Himalaya", "POLYGON": "India--Uttarakhand--Pittorgarh--mid Himalaya", "SHOW": "1", "FILTER": "India--Uttarakhand--Above1000m", "FILTER.ID": "CL27670", "OLD.POLYGON": "1", "STATE": "Uttarakhand", "COUNTY": "spl_region", "OWNER": null }, "geometry": { "type": "MultiPolygon", "coordinates": [ [ [ [ 79.819, 29.774 ], [ 79.825, 29.762 ], [ 79.84, 29.761 ], [ 79.845, 29.749 ], [ 79.86, 29.747 ], [ 79.866, 29.736 ], [ 79.881, 29.734 ], [ 79.886, 29.722 ], [ 79.876, 29.712 ], [ 79.882, 29.7 ], [ 79.897, 29.699 ], [ 79.907, 29.709 ], [ 79.922, 29.707 ], [ 79.927, 29.696 ], [ 79.942, 29.694 ], [ 79.947, 29.682 ], [ 79.938, 29.672 ], [ 79.943, 29.66 ], [ 79.958, 29.659 ], [ 79.964, 29.647 ], [ 79.979, 29.646 ], [ 79.984, 29.634 ], [ 79.975, 29.624 ], [ 79.98, 29.612 ], [ 79.995, 29.61 ], [ 80.001, 29.599 ], [ 79.991, 29.589 ], [ 79.996, 29.577 ], [ 80.011, 29.575 ], [ 80.017, 29.564 ], [ 80.007, 29.553 ], [ 80.013, 29.542 ], [ 80.028, 29.54 ], [ 80.033, 29.528 ], [ 80.048, 29.527 ], [ 80.053, 29.515 ], [ 80.068, 29.513 ], [ 80.078, 29.524 ], [ 80.093, 29.522 ], [ 80.103, 29.532 ], [ 80.117, 29.53 ], [ 80.123, 29.519 ], [ 80.138, 29.517 ], [ 80.143, 29.505 ], [ 80.134, 29.495 ], [ 80.139, 29.484 ], [ 80.154, 29.482 ], [ 80.159, 29.47 ], [ 80.174, 29.469 ], [ 80.18, 29.457 ], [ 80.195, 29.455 ], [ 80.204, 29.465 ], [ 80.219, 29.464 ], [ 80.225, 29.452 ], [ 80.24, 29.451 ], [ 80.245, 29.439 ], [ 80.26, 29.437 ], [ 80.265, 29.425 ], [ 80.28, 29.424 ], [ 80.29, 29.434 ], [ 80.305, 29.432 ], [ 80.314, 29.442 ], [ 80.309, 29.454 ], [ 80.318, 29.464 ], [ 80.313, 29.476 ], [ 80.323, 29.486 ], [ 80.338, 29.484 ], [ 80.347, 29.494 ], [ 80.362, 29.493 ], [ 80.372, 29.503 ], [ 80.366, 29.515 ], [ 80.376, 29.525 ], [ 80.37, 29.536 ], [ 80.38, 29.546 ], [ 80.395, 29.545 ], [ 80.405, 29.555 ], [ 80.399, 29.567 ], [ 80.409, 29.577 ], [ 80.424, 29.575 ], [ 80.433, 29.585 ], [ 80.428, 29.597 ], [ 80.438, 29.607 ], [ 80.432, 29.619 ], [ 80.442, 29.629 ], [ 80.437, 29.64 ], [ 80.446, 29.65 ], [ 80.441, 29.662 ], [ 80.426, 29.664 ], [ 80.42, 29.676 ], [ 80.406, 29.677 ], [ 80.4, 29.689 ], [ 80.41, 29.699 ], [ 80.404, 29.711 ], [ 80.414, 29.721 ], [ 80.409, 29.733 ], [ 80.418, 29.743 ], [ 80.413, 29.754 ], [ 80.423, 29.765 ], [ 80.417, 29.776 ], [ 80.427, 29.786 ], [ 80.442, 29.785 ], [ 80.451, 29.795 ], [ 80.466, 29.793 ], [ 80.472, 29.781 ], [ 80.487, 29.78 ], [ 80.496, 29.79 ], [ 80.511, 29.788 ], [ 80.521, 29.798 ], [ 80.516, 29.81 ], [ 80.525, 29.82 ], [ 80.54, 29.818 ], [ 80.55, 29.828 ], [ 80.565, 29.827 ], [ 80.575, 29.837 ], [ 80.569, 29.849 ], [ 80.579, 29.859 ], [ 80.574, 29.871 ], [ 80.583, 29.881 ], [ 80.578, 29.892 ], [ 80.563, 29.894 ], [ 80.558, 29.906 ], [ 80.543, 29.907 ], [ 80.533, 29.897 ], [ 80.518, 29.899 ], [ 80.508, 29.889 ], [ 80.493, 29.891 ], [ 80.484, 29.881 ], [ 80.469, 29.882 ], [ 80.463, 29.894 ], [ 80.448, 29.896 ], [ 80.443, 29.907 ], [ 80.428, 29.909 ], [ 80.418, 29.899 ], [ 80.403, 29.901 ], [ 80.398, 29.912 ], [ 80.383, 29.914 ], [ 80.373, 29.904 ], [ 80.378, 29.892 ], [ 80.369, 29.882 ], [ 80.354, 29.884 ], [ 80.348, 29.896 ], [ 80.333, 29.897 ], [ 80.328, 29.909 ], [ 80.313, 29.911 ], [ 80.308, 29.922 ], [ 80.292, 29.924 ], [ 80.283, 29.914 ], [ 80.288, 29.902 ], [ 80.279, 29.892 ], [ 80.264, 29.894 ], [ 80.254, 29.884 ], [ 80.239, 29.885 ], [ 80.234, 29.897 ], [ 80.218, 29.899 ], [ 80.213, 29.91 ], [ 80.223, 29.92 ], [ 80.217, 29.932 ], [ 80.202, 29.934 ], [ 80.197, 29.946 ], [ 80.182, 29.947 ], [ 80.176, 29.959 ], [ 80.186, 29.969 ], [ 80.181, 29.981 ], [ 80.165, 29.983 ], [ 80.16, 29.994 ], [ 80.17, 30.004 ], [ 80.164, 30.016 ], [ 80.174, 30.026 ], [ 80.168, 30.038 ], [ 80.153, 30.04 ], [ 80.144, 30.03 ], [ 80.129, 30.031 ], [ 80.123, 30.043 ], [ 80.108, 30.045 ], [ 80.103, 30.056 ], [ 80.088, 30.058 ], [ 80.078, 30.048 ], [ 80.083, 30.036 ], [ 80.074, 30.026 ], [ 80.079, 30.014 ], [ 80.07, 30.004 ], [ 80.075, 29.992 ], [ 80.09, 29.991 ], [ 80.096, 29.979 ], [ 80.086, 29.969 ], [ 80.091, 29.957 ], [ 80.106, 29.955 ], [ 80.112, 29.944 ], [ 80.127, 29.942 ], [ 80.132, 29.93 ], [ 80.147, 29.929 ], [ 80.153, 29.917 ], [ 80.143, 29.907 ], [ 80.149, 29.895 ], [ 80.139, 29.885 ], [ 80.124, 29.886 ], [ 80.119, 29.898 ], [ 80.104, 29.9 ], [ 80.094, 29.89 ], [ 80.079, 29.891 ], [ 80.073, 29.903 ], [ 80.058, 29.905 ], [ 80.049, 29.895 ], [ 80.034, 29.896 ], [ 80.028, 29.908 ], [ 80.013, 29.91 ], [ 80.004, 29.899 ], [ 80.009, 29.888 ], [ 80.0, 29.878 ], [ 80.005, 29.866 ], [ 79.995, 29.856 ], [ 79.98, 29.857 ], [ 79.971, 29.847 ], [ 79.976, 29.835 ], [ 79.991, 29.834 ], [ 79.997, 29.822 ], [ 80.012, 29.82 ], [ 80.017, 29.809 ], [ 80.032, 29.807 ], [ 80.038, 29.795 ], [ 80.028, 29.785 ], [ 80.034, 29.773 ], [ 80.024, 29.763 ], [ 80.009, 29.765 ], [ 79.999, 29.755 ], [ 79.984, 29.756 ], [ 79.975, 29.746 ], [ 79.96, 29.748 ], [ 79.954, 29.76 ], [ 79.939, 29.761 ], [ 79.934, 29.773 ], [ 79.919, 29.775 ], [ 79.913, 29.786 ], [ 79.898, 29.788 ], [ 79.889, 29.778 ], [ 79.894, 29.766 ], [ 79.885, 29.756 ], [ 79.87, 29.758 ], [ 79.864, 29.769 ], [ 79.849, 29.771 ], [ 79.844, 29.783 ], [ 79.829, 29.784 ], [ 79.819, 29.774 ] ] ] ] } },
{ "type": "Feature", "properties": { "POLYGON.ID": 582.0, "subregion": "India--Uttarakhand--Pittorgarh--high Himalaya", "POLYGON": "India--Uttarakhand--Pittorgarh--high Himalaya", "SHOW": "1", "FILTER": "India--Uttarakhand--Above1000m", "FILTER.ID": "CL27670", "OLD.POLYGON": "1", "STATE": "Uttarakhand", "COUNTY": "spl_region", "OWNER": null }, "geometry": { "type": "MultiPolygon", "coordinates": [ [ [ [ 80.202, 29.934 ], [ 80.217, 29.932 ], [ 80.223, 29.92 ], [ 80.213, 29.91 ], [ 80.218, 29.899 ], [ 80.234, 29.897 ], [ 80.239, 29.885 ], [ 80.254, 29.884 ], [ 80.264, 29.894 ], [ 80.279, 29.892 ], [ 80.288, 29.902 ], [ 80.283, 29.914 ], [ 80.292, 29.924 ], [ 80.308, 29.922 ], [ 80.313, 29.911 ], [ 80.328, 29.909 ], [ 80.333, 29.897 ], [ 80.348, 29.896 ], [ 80.354, 29.884 ], [ 80.369, 29.882 ], [ 80.378, 29.892 ], [ 80.373, 29.904 ], [ 80.383, 29.914 ], [ 80.398, 29.912 ], [ 80.403, 29.901 ], [ 80.418, 29.899 ], [ 80.428, 29.909 ], [ 80.443, 29.907 ], [ 80.448, 29.896 ], [ 80.463, 29.894 ], [ 80.469, 29.882 ], [ 80.484, 29.881 ], [ 80.493, 29.891 ], [ 80.508, 29.889 ], [ 80.518, 29.899 ], [ 80.533, 29.897 ], [ 80.543, 29.907 ], [ 80.558, 29.906 ], [ 80.563, 29.894 ], [ 80.578, 29.892 ], [ 80.588, 29.902 ], [ 80.582, 29.914 ], [ 80.592, 29.924 ], [ 80.587, 29.936 ], [ 80.596, 29.946 ], [ 80.611, 29.944 ], [ 80.621, 29.955 ], [ 80.636, 29.953 ], [ 80.641, 29.941 ], [ 80.656, 29.939 ], [ 80.666, 29.95 ], [ 80.681, 29.948 ], [ 80.691, 29.958 ], [ 80.706, 29.956 ], [ 80.715, 29.966 ], [ 80.71, 29.978 ], [ 80.72, 29.988 ], [ 80.735, 29.986 ], [ 80.744, 29.997 ], [ 80.76, 29.995 ], [ 80.769, 30.005 ], [ 80.764, 30.017 ], [ 80.774, 30.027 ], [ 80.768, 30.039 ], [ 80.778, 30.049 ], [ 80.793, 30.047 ], [ 80.803, 30.057 ], [ 80.797, 30.069 ], [ 80.807, 30.079 ], [ 80.822, 30.077 ], [ 80.832, 30.087 ], [ 80.847, 30.086 ], [ 80.857, 30.096 ], [ 80.851, 30.107 ], [ 80.861, 30.118 ], [ 80.876, 30.116 ], [ 80.886, 30.126 ], [ 80.881, 30.138 ], [ 80.89, 30.148 ], [ 80.885, 30.16 ], [ 80.895, 30.17 ], [ 80.889, 30.181 ], [ 80.899, 30.192 ], [ 80.914, 30.19 ], [ 80.92, 30.178 ], [ 80.91, 30.168 ], [ 80.915, 30.156 ], [ 80.93, 30.154 ], [ 80.94, 30.164 ], [ 80.955, 30.163 ], [ 80.965, 30.173 ], [ 80.98, 30.171 ], [ 80.989, 30.181 ], [ 81.004, 30.179 ], [ 81.014, 30.189 ], [ 81.029, 30.188 ], [ 81.039, 30.198 ], [ 81.054, 30.196 ], [ 81.064, 30.206 ], [ 81.059, 30.218 ], [ 81.044, 30.22 ], [ 81.038, 30.232 ], [ 81.048, 30.242 ], [ 81.043, 30.253 ], [ 81.053, 30.264 ], [ 81.047, 30.275 ], [ 81.032, 30.277 ], [ 81.022, 30.267 ], [ 81.007, 30.269 ], [ 81.002, 30.281 ], [ 80.987, 30.282 ], [ 80.982, 30.294 ], [ 80.967, 30.296 ], [ 80.957, 30.286 ], [ 80.942, 30.288 ], [ 80.936, 30.299 ], [ 80.921, 30.301 ], [ 80.916, 30.313 ], [ 80.901, 30.315 ], [ 80.891, 30.305 ], [ 80.876, 30.306 ], [ 80.871, 30.318 ], [ 80.856, 30.32 ], [ 80.85, 30.332 ], [ 80.835, 30.333 ], [ 80.83, 30.345 ], [ 80.815, 30.347 ], [ 80.81, 30.359 ], [ 80.794, 30.361 ], [ 80.789, 30.372 ], [ 80.774, 30.374 ], [ 80.769, 30.386 ], [ 80.778, 30.396 ], [ 80.773, 30.408 ], [ 80.758, 30.41 ], [ 80.753, 30.421 ], [ 80.738, 30.423 ], [ 80.732, 30.435 ], [ 80.717, 30.437 ], [ 80.712, 30.449 ], [ 80.697, 30.45 ], [ 80.687, 30.44 ], [ 80.672, 30.442 ], [ 80.666, 30.454 ], [ 80.651, 30.455 ], [ 80.646, 30.467 ], [ 80.631, 30.469 ], [ 80.625, 30.481 ], [ 80.61, 30.483 ], [ 80.605, 30.494 ], [ 80.59, 30.496 ], [ 80.58, 30.486 ], [ 80.565, 30.488 ], [ 80.555, 30.477 ], [ 80.54, 30.479 ], [ 80.534, 30.491 ], [ 80.519, 30.493 ], [ 80.514, 30.505 ], [ 80.499, 30.506 ], [ 80.489, 30.496 ], [ 80.474, 30.498 ], [ 80.468, 30.51 ], [ 80.453, 30.511 ], [ 80.448, 30.523 ], [ 80.433, 30.525 ], [ 80.427, 30.537 ], [ 80.412, 30.538 ], [ 80.402, 30.528 ], [ 80.387, 30.53 ], [ 80.382, 30.542 ], [ 80.367, 30.543 ], [ 80.361, 30.555 ], [ 80.346, 30.557 ], [ 80.34, 30.569 ], [ 80.325, 30.571 ], [ 80.32, 30.582 ], [ 80.305, 30.584 ], [ 80.295, 30.574 ], [ 80.28, 30.576 ], [ 80.274, 30.587 ], [ 80.259, 30.589 ], [ 80.254, 30.601 ], [ 80.238, 30.603 ], [ 80.233, 30.614 ], [ 80.243, 30.625 ], [ 80.237, 30.637 ], [ 80.247, 30.647 ], [ 80.241, 30.659 ], [ 80.226, 30.66 ], [ 80.221, 30.672 ], [ 80.23, 30.682 ], [ 80.246, 30.681 ], [ 80.255, 30.691 ], [ 80.25, 30.703 ], [ 80.26, 30.713 ], [ 80.254, 30.725 ], [ 80.264, 30.735 ], [ 80.259, 30.747 ], [ 80.268, 30.757 ], [ 80.263, 30.769 ], [ 80.248, 30.77 ], [ 80.242, 30.782 ], [ 80.227, 30.784 ], [ 80.221, 30.796 ], [ 80.206, 30.798 ], [ 80.201, 30.809 ], [ 80.185, 30.811 ], [ 80.18, 30.823 ], [ 80.165, 30.825 ], [ 80.155, 30.814 ], [ 80.14, 30.816 ], [ 80.13, 30.806 ], [ 80.135, 30.794 ], [ 80.126, 30.784 ], [ 80.11, 30.786 ], [ 80.101, 30.775 ], [ 80.085, 30.777 ], [ 80.076, 30.767 ], [ 80.081, 30.755 ], [ 80.096, 30.753 ], [ 80.102, 30.741 ], [ 80.092, 30.731 ], [ 80.077, 30.733 ], [ 80.067, 30.723 ], [ 80.052, 30.724 ], [ 80.046, 30.736 ], [ 80.031, 30.738 ], [ 80.022, 30.728 ], [ 80.006, 30.729 ], [ 79.997, 30.719 ], [ 79.981, 30.721 ], [ 79.972, 30.71 ], [ 79.977, 30.699 ], [ 79.992, 30.697 ], [ 79.998, 30.685 ], [ 79.988, 30.675 ], [ 79.994, 30.663 ], [ 80.009, 30.661 ], [ 80.014, 30.65 ], [ 80.005, 30.639 ], [ 80.01, 30.628 ], [ 80.025, 30.626 ], [ 80.031, 30.614 ], [ 80.021, 30.604 ], [ 80.027, 30.592 ], [ 80.017, 30.582 ], [ 80.023, 30.57 ], [ 80.013, 30.56 ], [ 80.018, 30.548 ], [ 80.009, 30.538 ], [ 80.014, 30.526 ], [ 80.005, 30.516 ], [ 80.01, 30.504 ], [ 80.0, 30.494 ], [ 80.006, 30.482 ], [ 80.021, 30.48 ], [ 80.027, 30.468 ], [ 80.017, 30.458 ], [ 80.022, 30.446 ], [ 80.013, 30.436 ], [ 80.018, 30.424 ], [ 80.033, 30.423 ], [ 80.039, 30.411 ], [ 80.029, 30.401 ], [ 80.035, 30.389 ], [ 80.025, 30.379 ], [ 80.01, 30.38 ], [ 80.0, 30.37 ], [ 80.006, 30.358 ], [ 79.996, 30.348 ], [ 80.002, 30.336 ], [ 79.992, 30.326 ], [ 79.997, 30.314 ], [ 80.013, 30.313 ], [ 80.018, 30.301 ], [ 80.033, 30.299 ], [ 80.039, 30.287 ], [ 80.054, 30.286 ], [ 80.059, 30.274 ], [ 80.074, 30.272 ], [ 80.08, 30.261 ], [ 80.07, 30.25 ], [ 80.076, 30.239 ], [ 80.091, 30.237 ], [ 80.096, 30.225 ], [ 80.111, 30.223 ], [ 80.117, 30.212 ], [ 80.107, 30.202 ], [ 80.113, 30.19 ], [ 80.103, 30.18 ], [ 80.108, 30.168 ], [ 80.099, 30.158 ], [ 80.104, 30.146 ], [ 80.095, 30.136 ], [ 80.1, 30.124 ], [ 80.09, 30.114 ], [ 80.096, 30.102 ], [ 80.086, 30.092 ], [ 80.092, 30.08 ], [ 80.082, 30.07 ], [ 80.088, 30.058 ], [ 80.103, 30.056 ], [ 80.108, 30.045 ], [ 80.123, 30.043 ], [ 80.129, 30.031 ], [ 80.144, 30.03 ], [ 80.153, 30.04 ], [ 80.168, 30.038 ], [ 80.174, 30.026 ], [ 80.164, 30.016 ], [ 80.17, 30.004 ], [ 80.16, 29.994 ], [ 80.165, 29.983 ], [ 80.181, 29.981 ], [ 80.186, 29.969 ], [ 80.176, 29.959 ], [ 80.182, 29.947 ], [ 80.197, 29.946 ], [ 80.202, 29.934 ] ] ] ] } },
{ "type": "Feature", "properties": { "POLYGON.ID": 637.0, "subregion": "India--Uttarakhand--Dehradun--Around Dehradun Airport", "POLYGON": "India--Uttarakhand--Dehradun--Around Dehradun Airport", "SHOW": "1", "FILTER": "India--Uttarakhand--Plains", "FILTER.ID": "CL34545", "OLD.POLYGON": "1", "STATE": "Uttarakhand", "COUNTY": "Dehradun", "OWNER": null }, "geometry": { "type": "MultiPolygon", "coordinates": [ [ [ [ 78.095, 30.18 ], [ 78.089, 30.192 ], [ 78.074, 30.193 ], [ 78.064, 30.183 ], [ 78.07, 30.171 ], [ 78.085, 30.169 ], [ 78.091, 30.158 ], [ 78.082, 30.147 ], [ 78.088, 30.136 ], [ 78.103, 30.134 ], [ 78.109, 30.123 ], [ 78.124, 30.121 ], [ 78.133, 30.131 ], [ 78.149, 30.13 ], [ 78.158, 30.14 ], [ 78.152, 30.152 ], [ 78.162, 30.162 ], [ 78.177, 30.161 ], [ 78.186, 30.171 ], [ 78.201, 30.17 ], [ 78.207, 30.158 ], [ 78.223, 30.157 ], [ 78.232, 30.167 ], [ 78.226, 30.179 ], [ 78.236, 30.189 ], [ 78.23, 30.201 ], [ 78.214, 30.202 ], [ 78.205, 30.192 ], [ 78.19, 30.193 ], [ 78.184, 30.205 ], [ 78.169, 30.207 ], [ 78.163, 30.218 ], [ 78.148, 30.22 ], [ 78.138, 30.209 ], [ 78.144, 30.198 ], [ 78.135, 30.187 ], [ 78.119, 30.189 ], [ 78.11, 30.178 ], [ 78.095, 30.18 ] ] ] ] } },
{ "type": "Feature", "properties": { "POLYGON.ID": 638.0, "subregion": "India--Uttarakhand--Dehradun--Around Rishikesh", "POLYGON": "India--Uttarakhand--Dehradun--Around Rishikesh", "SHOW": "1", "FILTER": "India--Uttarakhand--Plains", "FILTER.ID": "CL34545", "OLD.POLYGON": "1", "STATE": "Uttarakhand", "COUNTY": "Dehradun", "OWNER": null }, "geometry": { "type": "MultiPolygon", "coordinates": [ [ [ [ 78.316, 30.114 ], [ 78.31, 30.126 ], [ 78.295, 30.128 ], [ 78.286, 30.117 ], [ 78.27, 30.119 ], [ 78.261, 30.108 ], [ 78.267, 30.097 ], [ 78.257, 30.086 ], [ 78.242, 30.088 ], [ 78.233, 30.077 ], [ 78.218, 30.079 ], [ 78.208, 30.069 ], [ 78.214, 30.057 ], [ 78.229, 30.055 ], [ 78.235, 30.044 ], [ 78.226, 30.033 ], [ 78.21, 30.035 ], [ 78.201, 30.024 ], [ 78.207, 30.013 ], [ 78.198, 30.002 ], [ 78.182, 30.004 ], [ 78.173, 29.994 ], [ 78.179, 29.982 ], [ 78.169, 29.971 ], [ 78.175, 29.96 ], [ 78.19, 29.958 ], [ 78.2, 29.969 ], [ 78.215, 29.967 ], [ 78.224, 29.978 ], [ 78.24, 29.976 ], [ 78.249, 29.986 ], [ 78.243, 29.998 ], [ 78.253, 30.008 ], [ 78.268, 30.007 ], [ 78.277, 30.017 ], [ 78.271, 30.029 ], [ 78.281, 30.039 ], [ 78.296, 30.038 ], [ 78.305, 30.048 ], [ 78.299, 30.06 ], [ 78.309, 30.07 ], [ 78.303, 30.082 ], [ 78.312, 30.092 ], [ 78.307, 30.104 ], [ 78.316, 30.114 ] ] ] ] } },
{ "type": "Feature", "properties": { "POLYGON.ID": 1198.0, "subregion": "India--Uttarakhand--Dehradun--Yamuna River", "POLYGON": "India--Uttarakhand--Dehradun--Yamuna River", "SHOW": "1", "FILTER": "India--Uttarakhand--Plains", "FILTER.ID": "CL34545", "OLD.POLYGON": "1", "STATE": "Uttarakhand", "COUNTY": "Una", "OWNER": null }, "geometry": { "type": "MultiPolygon", "coordinates": [ [ [ [ 77.65, 30.456 ], [ 77.64, 30.445 ], [ 77.625, 30.447 ], [ 77.616, 30.436 ], [ 77.6, 30.438 ], [ 77.594, 30.45 ], [ 77.579, 30.451 ], [ 77.57, 30.441 ], [ 77.576, 30.429 ], [ 77.566, 30.418 ], [ 77.572, 30.407 ], [ 77.587, 30.405 ], [ 77.597, 30.416 ], [ 77.612, 30.414 ], [ 77.621, 30.425 ], [ 77.637, 30.423 ], [ 77.643, 30.412 ], [ 77.658, 30.41 ], [ 77.667, 30.421 ], [ 77.683, 30.419 ], [ 77.692, 30.43 ], [ 77.708, 30.428 ], [ 77.717, 30.439 ], [ 77.732, 30.437 ], [ 77.742, 30.448 ], [ 77.736, 30.459 ], [ 77.745, 30.47 ], [ 77.76, 30.468 ], [ 77.77, 30.479 ], [ 77.785, 30.477 ], [ 77.794, 30.488 ], [ 77.81, 30.486 ], [ 77.819, 30.497 ], [ 77.835, 30.495 ], [ 77.844, 30.506 ], [ 77.859, 30.504 ], [ 77.865, 30.493 ], [ 77.881, 30.491 ], [ 77.89, 30.502 ], [ 77.884, 30.513 ], [ 77.893, 30.524 ], [ 77.888, 30.535 ], [ 77.872, 30.537 ], [ 77.863, 30.526 ], [ 77.847, 30.528 ], [ 77.841, 30.54 ], [ 77.826, 30.541 ], [ 77.817, 30.531 ], [ 77.801, 30.532 ], [ 77.792, 30.522 ], [ 77.777, 30.523 ], [ 77.767, 30.513 ], [ 77.752, 30.514 ], [ 77.743, 30.504 ], [ 77.748, 30.492 ], [ 77.739, 30.482 ], [ 77.724, 30.483 ], [ 77.714, 30.472 ], [ 77.699, 30.474 ], [ 77.69, 30.463 ], [ 77.674, 30.465 ], [ 77.665, 30.454 ], [ 77.65, 30.456 ] ] ] ] } },
{ "type": "Feature", "properties": { "POLYGON.ID": 1232.0, "subregion": "India--Uttarakhand--Udham Singh Nagar--Kosi River", "POLYGON": "India--Uttarakhand--Udham Singh Nagar--Kosi River", "SHOW": "1", "FILTER": "India--Uttarakhand--Plains", "FILTER.ID": "CL34545", "OLD.POLYGON": "1", "STATE": "Uttarakhand", "COUNTY": "Udham Singh Nagar", "OWNER": null }, "geometry": { "type": "MultiPolygon", "coordinates": [ [ [ [ 79.127, 29.244 ], [ 79.137, 29.255 ], [ 79.131, 29.266 ], [ 79.141, 29.276 ], [ 79.135, 29.288 ], [ 79.12, 29.289 ], [ 79.111, 29.279 ], [ 79.096, 29.281 ], [ 79.086, 29.271 ], [ 79.071, 29.272 ], [ 79.062, 29.262 ], [ 79.068, 29.25 ], [ 79.058, 29.24 ], [ 79.064, 29.229 ], [ 79.054, 29.218 ], [ 79.039, 29.22 ], [ 79.03, 29.21 ], [ 79.036, 29.198 ], [ 79.026, 29.188 ], [ 79.032, 29.176 ], [ 79.022, 29.166 ], [ 79.008, 29.168 ], [ 78.998, 29.157 ], [ 79.004, 29.146 ], [ 78.994, 29.136 ], [ 79.0, 29.124 ], [ 79.015, 29.123 ], [ 79.021, 29.111 ], [ 79.035, 29.109 ], [ 79.045, 29.12 ], [ 79.06, 29.118 ], [ 79.069, 29.128 ], [ 79.064, 29.14 ], [ 79.073, 29.15 ], [ 79.067, 29.162 ], [ 79.077, 29.172 ], [ 79.092, 29.17 ], [ 79.101, 29.18 ], [ 79.095, 29.192 ], [ 79.105, 29.202 ], [ 79.099, 29.214 ], [ 79.109, 29.224 ], [ 79.124, 29.223 ], [ 79.133, 29.233 ], [ 79.127, 29.244 ] ] ] ] } },
{ "type": "Feature", "properties": { "POLYGON.ID": 1229.0, "subregion": "India--Uttarakhand--Udham Singh Nagar--Wetlands", "POLYGON": "India--Uttarakhand--Udham Singh Nagar--Wetlands", "SHOW": "1", "FILTER": "India--Uttarakhand--Plains", "FILTER.ID": "CL34545", "OLD.POLYGON": "1", "STATE": "Uttarakhand", "COUNTY": "Udham Singh Nagar", "OWNER": null }, "geometry": { "type": "MultiPolygon", "coordinates": [ [ [ [ 79.654, 28.881 ], [ 79.664, 28.891 ], [ 79.679, 28.889 ], [ 79.688, 28.899 ], [ 79.683, 28.911 ], [ 79.692, 28.921 ], [ 79.707, 28.92 ], [ 79.716, 28.93 ], [ 79.711, 28.941 ], [ 79.696, 28.943 ], [ 79.691, 28.954 ], [ 79.676, 28.956 ], [ 79.67, 28.968 ], [ 79.68, 28.978 ], [ 79.674, 28.989 ], [ 79.659, 28.991 ], [ 79.654, 29.002 ], [ 79.639, 29.004 ], [ 79.63, 28.994 ], [ 79.615, 28.995 ], [ 79.605, 28.985 ], [ 79.59, 28.987 ], [ 79.585, 28.999 ], [ 79.594, 29.009 ], [ 79.589, 29.02 ], [ 79.598, 29.03 ], [ 79.593, 29.042 ], [ 79.578, 29.044 ], [ 79.572, 29.055 ], [ 79.558, 29.057 ], [ 79.548, 29.047 ], [ 79.554, 29.035 ], [ 79.544, 29.025 ], [ 79.55, 29.013 ], [ 79.54, 29.003 ], [ 79.546, 28.992 ], [ 79.536, 28.981 ], [ 79.542, 28.97 ], [ 79.557, 28.968 ], [ 79.562, 28.957 ], [ 79.553, 28.947 ], [ 79.558, 28.935 ], [ 79.573, 28.933 ], [ 79.579, 28.922 ], [ 79.593, 28.92 ], [ 79.599, 28.909 ], [ 79.589, 28.899 ], [ 79.595, 28.887 ], [ 79.61, 28.885 ], [ 79.615, 28.874 ], [ 79.63, 28.872 ], [ 79.639, 28.882 ], [ 79.654, 28.881 ] ] ], [ [ [ 79.336, 29.135 ], [ 79.321, 29.136 ], [ 79.316, 29.148 ], [ 79.301, 29.149 ], [ 79.295, 29.161 ], [ 79.28, 29.163 ], [ 79.275, 29.174 ], [ 79.26, 29.176 ], [ 79.251, 29.166 ], [ 79.256, 29.154 ], [ 79.247, 29.144 ], [ 79.252, 29.132 ], [ 79.243, 29.122 ], [ 79.248, 29.11 ], [ 79.263, 29.109 ], [ 79.273, 29.119 ], [ 79.288, 29.117 ], [ 79.293, 29.106 ], [ 79.308, 29.104 ], [ 79.317, 29.114 ], [ 79.332, 29.113 ], [ 79.342, 29.123 ], [ 79.336, 29.135 ] ] ], [ [ [ 78.871, 29.303 ], [ 78.862, 29.293 ], [ 78.867, 29.281 ], [ 78.858, 29.271 ], [ 78.863, 29.259 ], [ 78.878, 29.258 ], [ 78.884, 29.246 ], [ 78.899, 29.245 ], [ 78.908, 29.255 ], [ 78.903, 29.267 ], [ 78.912, 29.277 ], [ 78.927, 29.275 ], [ 78.937, 29.285 ], [ 78.952, 29.284 ], [ 78.961, 29.294 ], [ 78.976, 29.293 ], [ 78.985, 29.303 ], [ 78.98, 29.315 ], [ 78.965, 29.316 ], [ 78.959, 29.328 ], [ 78.944, 29.329 ], [ 78.938, 29.341 ], [ 78.923, 29.342 ], [ 78.914, 29.332 ], [ 78.899, 29.334 ], [ 78.893, 29.345 ], [ 78.878, 29.347 ], [ 78.869, 29.337 ], [ 78.875, 29.325 ], [ 78.865, 29.315 ], [ 78.871, 29.303 ] ] ], [ [ [ 79.788, 28.989 ], [ 79.793, 28.977 ], [ 79.784, 28.967 ], [ 79.789, 28.955 ], [ 79.804, 28.954 ], [ 79.809, 28.942 ], [ 79.824, 28.94 ], [ 79.83, 28.929 ], [ 79.844, 28.927 ], [ 79.854, 28.937 ], [ 79.869, 28.936 ], [ 79.878, 28.946 ], [ 79.873, 28.958 ], [ 79.882, 28.968 ], [ 79.877, 28.979 ], [ 79.862, 28.981 ], [ 79.857, 28.992 ], [ 79.842, 28.994 ], [ 79.832, 28.984 ], [ 79.817, 28.985 ], [ 79.812, 28.997 ], [ 79.797, 28.999 ], [ 79.788, 28.989 ] ] ] ] } },
{ "type": "Feature", "properties": { "POLYGON.ID": 1228.0, "subregion": "India--Uttarakhand--Nainital--Shivaliks (west)", "POLYGON": "India--Uttarakhand--Nainital--Shivaliks (west)", "SHOW": "1", "FILTER": "India--Uttarakhand--Plains", "FILTER.ID": "CL34545", "OLD.POLYGON": "1", "STATE": "Uttarakhand", "COUNTY": "Nainital", "OWNER": null }, "geometry": { "type": "MultiPolygon", "coordinates": [ [ [ [ 79.356, 29.244 ], [ 79.361, 29.232 ], [ 79.352, 29.222 ], [ 79.357, 29.21 ], [ 79.372, 29.209 ], [ 79.382, 29.219 ], [ 79.397, 29.217 ], [ 79.406, 29.227 ], [ 79.421, 29.226 ], [ 79.43, 29.236 ], [ 79.445, 29.234 ], [ 79.455, 29.245 ], [ 79.449, 29.256 ], [ 79.459, 29.266 ], [ 79.453, 29.278 ], [ 79.463, 29.288 ], [ 79.457, 29.3 ], [ 79.442, 29.301 ], [ 79.433, 29.291 ], [ 79.418, 29.293 ], [ 79.408, 29.283 ], [ 79.393, 29.284 ], [ 79.388, 29.296 ], [ 79.373, 29.297 ], [ 79.367, 29.309 ], [ 79.352, 29.311 ], [ 79.347, 29.322 ], [ 79.356, 29.332 ], [ 79.351, 29.344 ], [ 79.336, 29.346 ], [ 79.33, 29.357 ], [ 79.34, 29.367 ], [ 79.334, 29.379 ], [ 79.319, 29.381 ], [ 79.314, 29.392 ], [ 79.323, 29.402 ], [ 79.317, 29.414 ], [ 79.302, 29.416 ], [ 79.293, 29.405 ], [ 79.278, 29.407 ], [ 79.269, 29.397 ], [ 79.274, 29.385 ], [ 79.265, 29.375 ], [ 79.25, 29.376 ], [ 79.24, 29.366 ], [ 79.225, 29.368 ], [ 79.216, 29.358 ], [ 79.222, 29.346 ], [ 79.212, 29.336 ], [ 79.218, 29.324 ], [ 79.208, 29.314 ], [ 79.214, 29.302 ], [ 79.229, 29.301 ], [ 79.238, 29.311 ], [ 79.253, 29.309 ], [ 79.259, 29.298 ], [ 79.274, 29.296 ], [ 79.279, 29.285 ], [ 79.294, 29.283 ], [ 79.3, 29.271 ], [ 79.315, 29.27 ], [ 79.324, 29.28 ], [ 79.339, 29.279 ], [ 79.345, 29.267 ], [ 79.36, 29.265 ], [ 79.365, 29.254 ], [ 79.356, 29.244 ] ] ] ] } },
{ "type": "Feature", "properties": { "POLYGON.ID": 1236.0, "subregion": "India--Uttarakhand--Udham Singh Nagar--Deoha River", "POLYGON": "India--Uttarakhand--Udham Singh Nagar--Deoha River", "SHOW": "1", "FILTER": "India--Uttarakhand--Plains", "FILTER.ID": "CL34545", "OLD.POLYGON": "1", "STATE": "Uttarakhand", "COUNTY": "Udham Singh Nagar", "OWNER": null }, "geometry": { "type": "MultiPolygon", "coordinates": [ [ [ [ 79.753, 28.882 ], [ 79.768, 28.88 ], [ 79.777, 28.89 ], [ 79.772, 28.902 ], [ 79.781, 28.912 ], [ 79.776, 28.923 ], [ 79.761, 28.925 ], [ 79.755, 28.937 ], [ 79.765, 28.947 ], [ 79.759, 28.958 ], [ 79.745, 28.96 ], [ 79.739, 28.972 ], [ 79.749, 28.982 ], [ 79.743, 28.993 ], [ 79.728, 28.995 ], [ 79.723, 29.006 ], [ 79.732, 29.016 ], [ 79.727, 29.028 ], [ 79.712, 29.03 ], [ 79.706, 29.041 ], [ 79.692, 29.043 ], [ 79.686, 29.054 ], [ 79.671, 29.056 ], [ 79.666, 29.068 ], [ 79.651, 29.069 ], [ 79.641, 29.059 ], [ 79.647, 29.047 ], [ 79.638, 29.037 ], [ 79.643, 29.026 ], [ 79.634, 29.016 ], [ 79.639, 29.004 ], [ 79.654, 29.002 ], [ 79.659, 28.991 ], [ 79.674, 28.989 ], [ 79.68, 28.978 ], [ 79.67, 28.968 ], [ 79.676, 28.956 ], [ 79.691, 28.954 ], [ 79.696, 28.943 ], [ 79.711, 28.941 ], [ 79.716, 28.93 ], [ 79.731, 28.928 ], [ 79.737, 28.916 ], [ 79.727, 28.906 ], [ 79.733, 28.895 ], [ 79.747, 28.893 ], [ 79.753, 28.882 ] ] ] ] } }
]
}
