{
"type": "FeatureCollection",
"name": "Uttar_Pradesh",
"crs": { "type": "name", "properties": { "name": "urn:ogc:def:crs:OGC:1.3:CRS84" } },
"features": [
{ "type": "Feature", "properties": { "POLYGON.ID": 47.0, "subregion": "India--Uttar Pradesh--Terai_CL29027", "FILTER": "Uttar Pradesh", "POLYGON": "India--Uttar Pradesh--Terai_CL29027", "STATE": "Uttar Pradesh", "COUNTY": "spl_region", "OWNER": null }, "geometry": { "type": "MultiPolygon", "coordinates": [ [ [ [ 80.197, 27.77 ], [ 80.211, 27.768 ], [ 80.217, 27.757 ], [ 80.231, 27.755 ], [ 80.241, 27.765 ], [ 80.255, 27.764 ], [ 80.26, 27.752 ], [ 80.251, 27.742 ], [ 80.256, 27.731 ], [ 80.271, 27.729 ], [ 80.276, 27.718 ], [ 80.291, 27.716 ], [ 80.296, 27.705 ], [ 80.286, 27.695 ], [ 80.292, 27.683 ], [ 80.306, 27.682 ], [ 80.316, 27.692 ], [ 80.33, 27.69 ], [ 80.339, 27.7 ], [ 80.354, 27.698 ], [ 80.363, 27.708 ], [ 80.378, 27.707 ], [ 80.387, 27.717 ], [ 80.382, 27.728 ], [ 80.391, 27.738 ], [ 80.406, 27.737 ], [ 80.415, 27.746 ], [ 80.43, 27.745 ], [ 80.439, 27.755 ], [ 80.454, 27.753 ], [ 80.463, 27.763 ], [ 80.477, 27.761 ], [ 80.487, 27.771 ], [ 80.482, 27.783 ], [ 80.491, 27.793 ], [ 80.505, 27.791 ], [ 80.515, 27.801 ], [ 80.529, 27.799 ], [ 80.535, 27.788 ], [ 80.549, 27.786 ], [ 80.554, 27.775 ], [ 80.545, 27.765 ], [ 80.55, 27.754 ], [ 80.565, 27.752 ], [ 80.574, 27.762 ], [ 80.589, 27.76 ], [ 80.594, 27.749 ], [ 80.608, 27.747 ], [ 80.618, 27.757 ], [ 80.612, 27.769 ], [ 80.622, 27.779 ], [ 80.617, 27.79 ], [ 80.626, 27.8 ], [ 80.621, 27.811 ], [ 80.63, 27.821 ], [ 80.645, 27.82 ], [ 80.654, 27.83 ], [ 80.669, 27.828 ], [ 80.674, 27.816 ], [ 80.688, 27.815 ], [ 80.698, 27.825 ], [ 80.712, 27.823 ], [ 80.717, 27.812 ], [ 80.732, 27.81 ], [ 80.737, 27.799 ], [ 80.752, 27.797 ], [ 80.761, 27.807 ], [ 80.775, 27.805 ], [ 80.785, 27.815 ], [ 80.799, 27.813 ], [ 80.805, 27.802 ], [ 80.819, 27.8 ], [ 80.824, 27.789 ], [ 80.839, 27.787 ], [ 80.848, 27.797 ], [ 80.843, 27.809 ], [ 80.852, 27.819 ], [ 80.867, 27.817 ], [ 80.876, 27.827 ], [ 80.871, 27.838 ], [ 80.881, 27.848 ], [ 80.895, 27.847 ], [ 80.9, 27.835 ], [ 80.915, 27.833 ], [ 80.924, 27.843 ], [ 80.919, 27.855 ], [ 80.928, 27.865 ], [ 80.943, 27.863 ], [ 80.952, 27.873 ], [ 80.947, 27.884 ], [ 80.957, 27.894 ], [ 80.971, 27.893 ], [ 80.976, 27.881 ], [ 80.991, 27.879 ], [ 81.0, 27.889 ], [ 80.995, 27.901 ], [ 80.981, 27.902 ], [ 80.976, 27.914 ], [ 80.985, 27.924 ], [ 80.98, 27.935 ], [ 80.965, 27.937 ], [ 80.96, 27.948 ], [ 80.97, 27.958 ], [ 80.965, 27.97 ], [ 80.95, 27.972 ], [ 80.945, 27.983 ], [ 80.954, 27.993 ], [ 80.949, 28.004 ], [ 80.959, 28.014 ], [ 80.953, 28.026 ], [ 80.963, 28.036 ], [ 80.958, 28.047 ], [ 80.943, 28.049 ], [ 80.938, 28.06 ], [ 80.924, 28.062 ], [ 80.918, 28.074 ], [ 80.904, 28.075 ], [ 80.899, 28.087 ], [ 80.884, 28.088 ], [ 80.879, 28.1 ], [ 80.864, 28.101 ], [ 80.855, 28.092 ], [ 80.84, 28.093 ], [ 80.835, 28.105 ], [ 80.821, 28.106 ], [ 80.815, 28.118 ], [ 80.801, 28.12 ], [ 80.796, 28.131 ], [ 80.781, 28.133 ], [ 80.776, 28.144 ], [ 80.761, 28.146 ], [ 80.756, 28.157 ], [ 80.742, 28.159 ], [ 80.736, 28.171 ], [ 80.722, 28.172 ], [ 80.717, 28.184 ], [ 80.702, 28.185 ], [ 80.697, 28.197 ], [ 80.706, 28.207 ], [ 80.701, 28.218 ], [ 80.686, 28.22 ], [ 80.681, 28.231 ], [ 80.667, 28.233 ], [ 80.661, 28.245 ], [ 80.647, 28.246 ], [ 80.642, 28.258 ], [ 80.627, 28.259 ], [ 80.622, 28.271 ], [ 80.607, 28.273 ], [ 80.602, 28.284 ], [ 80.587, 28.286 ], [ 80.582, 28.297 ], [ 80.591, 28.307 ], [ 80.586, 28.319 ], [ 80.572, 28.32 ], [ 80.566, 28.332 ], [ 80.552, 28.334 ], [ 80.546, 28.345 ], [ 80.556, 28.355 ], [ 80.551, 28.367 ], [ 80.536, 28.368 ], [ 80.531, 28.38 ], [ 80.516, 28.381 ], [ 80.507, 28.371 ], [ 80.492, 28.373 ], [ 80.483, 28.363 ], [ 80.468, 28.365 ], [ 80.458, 28.355 ], [ 80.464, 28.343 ], [ 80.478, 28.342 ], [ 80.484, 28.33 ], [ 80.498, 28.328 ], [ 80.504, 28.317 ], [ 80.494, 28.307 ], [ 80.499, 28.295 ], [ 80.514, 28.294 ], [ 80.519, 28.282 ], [ 80.534, 28.281 ], [ 80.539, 28.269 ], [ 80.554, 28.267 ], [ 80.559, 28.256 ], [ 80.574, 28.254 ], [ 80.579, 28.243 ], [ 80.593, 28.241 ], [ 80.599, 28.23 ], [ 80.613, 28.228 ], [ 80.618, 28.216 ], [ 80.633, 28.215 ], [ 80.643, 28.225 ], [ 80.657, 28.223 ], [ 80.662, 28.212 ], [ 80.653, 28.202 ], [ 80.658, 28.19 ], [ 80.673, 28.189 ], [ 80.678, 28.177 ], [ 80.693, 28.175 ], [ 80.698, 28.164 ], [ 80.712, 28.162 ], [ 80.718, 28.151 ], [ 80.708, 28.141 ], [ 80.693, 28.142 ], [ 80.684, 28.132 ], [ 80.669, 28.134 ], [ 80.664, 28.146 ], [ 80.65, 28.147 ], [ 80.644, 28.159 ], [ 80.63, 28.16 ], [ 80.625, 28.172 ], [ 80.61, 28.173 ], [ 80.605, 28.185 ], [ 80.59, 28.187 ], [ 80.581, 28.177 ], [ 80.566, 28.178 ], [ 80.557, 28.168 ], [ 80.562, 28.157 ], [ 80.553, 28.147 ], [ 80.558, 28.135 ], [ 80.548, 28.125 ], [ 80.554, 28.114 ], [ 80.544, 28.104 ], [ 80.549, 28.092 ], [ 80.54, 28.083 ], [ 80.525, 28.084 ], [ 80.516, 28.074 ], [ 80.521, 28.063 ], [ 80.512, 28.053 ], [ 80.497, 28.054 ], [ 80.488, 28.044 ], [ 80.473, 28.046 ], [ 80.468, 28.058 ], [ 80.453, 28.059 ], [ 80.448, 28.071 ], [ 80.434, 28.072 ], [ 80.428, 28.084 ], [ 80.438, 28.094 ], [ 80.432, 28.105 ], [ 80.442, 28.115 ], [ 80.437, 28.127 ], [ 80.446, 28.137 ], [ 80.441, 28.148 ], [ 80.45, 28.158 ], [ 80.465, 28.156 ], [ 80.474, 28.166 ], [ 80.489, 28.165 ], [ 80.498, 28.175 ], [ 80.493, 28.186 ], [ 80.502, 28.196 ], [ 80.497, 28.208 ], [ 80.483, 28.209 ], [ 80.477, 28.221 ], [ 80.463, 28.223 ], [ 80.457, 28.234 ], [ 80.443, 28.236 ], [ 80.433, 28.226 ], [ 80.439, 28.214 ], [ 80.429, 28.204 ], [ 80.434, 28.193 ], [ 80.425, 28.183 ], [ 80.41, 28.184 ], [ 80.401, 28.174 ], [ 80.406, 28.163 ], [ 80.397, 28.153 ], [ 80.382, 28.154 ], [ 80.373, 28.145 ], [ 80.358, 28.146 ], [ 80.349, 28.136 ], [ 80.334, 28.138 ], [ 80.325, 28.128 ], [ 80.33, 28.116 ], [ 80.345, 28.115 ], [ 80.35, 28.103 ], [ 80.341, 28.093 ], [ 80.346, 28.082 ], [ 80.336, 28.072 ], [ 80.342, 28.06 ], [ 80.356, 28.059 ], [ 80.362, 28.047 ], [ 80.376, 28.046 ], [ 80.381, 28.034 ], [ 80.372, 28.024 ], [ 80.377, 28.013 ], [ 80.368, 28.003 ], [ 80.373, 27.991 ], [ 80.364, 27.981 ], [ 80.349, 27.983 ], [ 80.344, 27.994 ], [ 80.329, 27.996 ], [ 80.324, 28.007 ], [ 80.309, 28.009 ], [ 80.304, 28.021 ], [ 80.314, 28.03 ], [ 80.308, 28.042 ], [ 80.294, 28.044 ], [ 80.288, 28.055 ], [ 80.298, 28.065 ], [ 80.293, 28.077 ], [ 80.302, 28.086 ], [ 80.297, 28.098 ], [ 80.282, 28.1 ], [ 80.277, 28.111 ], [ 80.286, 28.121 ], [ 80.281, 28.133 ], [ 80.266, 28.134 ], [ 80.261, 28.146 ], [ 80.27, 28.156 ], [ 80.265, 28.167 ], [ 80.251, 28.169 ], [ 80.245, 28.18 ], [ 80.255, 28.19 ], [ 80.249, 28.202 ], [ 80.259, 28.212 ], [ 80.273, 28.21 ], [ 80.283, 28.22 ], [ 80.277, 28.232 ], [ 80.287, 28.242 ], [ 80.302, 28.24 ], [ 80.311, 28.25 ], [ 80.306, 28.261 ], [ 80.315, 28.271 ], [ 80.31, 28.283 ], [ 80.295, 28.285 ], [ 80.286, 28.275 ], [ 80.271, 28.276 ], [ 80.262, 28.266 ], [ 80.247, 28.268 ], [ 80.242, 28.279 ], [ 80.227, 28.281 ], [ 80.222, 28.292 ], [ 80.231, 28.302 ], [ 80.226, 28.314 ], [ 80.211, 28.316 ], [ 80.206, 28.327 ], [ 80.191, 28.329 ], [ 80.186, 28.34 ], [ 80.171, 28.342 ], [ 80.162, 28.332 ], [ 80.147, 28.333 ], [ 80.142, 28.345 ], [ 80.127, 28.346 ], [ 80.118, 28.336 ], [ 80.103, 28.338 ], [ 80.098, 28.35 ], [ 80.083, 28.351 ], [ 80.074, 28.341 ], [ 80.059, 28.343 ], [ 80.054, 28.354 ], [ 80.039, 28.356 ], [ 80.034, 28.367 ], [ 80.019, 28.369 ], [ 80.01, 28.359 ], [ 80.015, 28.347 ], [ 80.006, 28.337 ], [ 80.011, 28.326 ], [ 80.001, 28.316 ], [ 80.007, 28.304 ], [ 79.997, 28.294 ], [ 79.983, 28.296 ], [ 79.973, 28.286 ], [ 79.959, 28.287 ], [ 79.953, 28.299 ], [ 79.939, 28.3 ], [ 79.933, 28.312 ], [ 79.943, 28.322 ], [ 79.937, 28.334 ], [ 79.923, 28.335 ], [ 79.917, 28.347 ], [ 79.927, 28.357 ], [ 79.921, 28.368 ], [ 79.931, 28.378 ], [ 79.925, 28.39 ], [ 79.911, 28.391 ], [ 79.905, 28.403 ], [ 79.891, 28.404 ], [ 79.885, 28.416 ], [ 79.895, 28.426 ], [ 79.889, 28.438 ], [ 79.899, 28.448 ], [ 79.913, 28.446 ], [ 79.923, 28.456 ], [ 79.937, 28.454 ], [ 79.947, 28.464 ], [ 79.962, 28.463 ], [ 79.971, 28.473 ], [ 79.966, 28.484 ], [ 79.975, 28.494 ], [ 79.97, 28.506 ], [ 79.955, 28.508 ], [ 79.945, 28.498 ], [ 79.931, 28.499 ], [ 79.925, 28.511 ], [ 79.935, 28.521 ], [ 79.929, 28.532 ], [ 79.915, 28.534 ], [ 79.909, 28.545 ], [ 79.919, 28.555 ], [ 79.913, 28.567 ], [ 79.923, 28.577 ], [ 79.917, 28.589 ], [ 79.927, 28.599 ], [ 79.921, 28.61 ], [ 79.907, 28.612 ], [ 79.901, 28.623 ], [ 79.911, 28.633 ], [ 79.905, 28.645 ], [ 79.89, 28.647 ], [ 79.885, 28.658 ], [ 79.87, 28.66 ], [ 79.865, 28.671 ], [ 79.874, 28.681 ], [ 79.869, 28.693 ], [ 79.878, 28.703 ], [ 79.893, 28.701 ], [ 79.903, 28.711 ], [ 79.917, 28.71 ], [ 79.927, 28.72 ], [ 79.921, 28.731 ], [ 79.931, 28.742 ], [ 79.925, 28.753 ], [ 79.911, 28.755 ], [ 79.905, 28.766 ], [ 79.89, 28.768 ], [ 79.885, 28.779 ], [ 79.87, 28.781 ], [ 79.865, 28.793 ], [ 79.85, 28.794 ], [ 79.845, 28.806 ], [ 79.83, 28.807 ], [ 79.82, 28.797 ], [ 79.826, 28.786 ], [ 79.816, 28.776 ], [ 79.822, 28.764 ], [ 79.812, 28.754 ], [ 79.818, 28.742 ], [ 79.808, 28.732 ], [ 79.814, 28.721 ], [ 79.804, 28.711 ], [ 79.81, 28.699 ], [ 79.8, 28.689 ], [ 79.806, 28.677 ], [ 79.796, 28.667 ], [ 79.802, 28.656 ], [ 79.817, 28.654 ], [ 79.822, 28.643 ], [ 79.813, 28.633 ], [ 79.818, 28.621 ], [ 79.809, 28.611 ], [ 79.814, 28.599 ], [ 79.805, 28.589 ], [ 79.81, 28.578 ], [ 79.825, 28.576 ], [ 79.83, 28.565 ], [ 79.821, 28.555 ], [ 79.826, 28.543 ], [ 79.817, 28.533 ], [ 79.822, 28.522 ], [ 79.813, 28.512 ], [ 79.818, 28.5 ], [ 79.809, 28.49 ], [ 79.814, 28.478 ], [ 79.805, 28.468 ], [ 79.81, 28.457 ], [ 79.801, 28.447 ], [ 79.806, 28.435 ], [ 79.797, 28.425 ], [ 79.782, 28.427 ], [ 79.773, 28.417 ], [ 79.778, 28.405 ], [ 79.769, 28.395 ], [ 79.774, 28.384 ], [ 79.765, 28.374 ], [ 79.77, 28.362 ], [ 79.785, 28.36 ], [ 79.79, 28.349 ], [ 79.781, 28.339 ], [ 79.786, 28.327 ], [ 79.777, 28.317 ], [ 79.782, 28.306 ], [ 79.773, 28.296 ], [ 79.778, 28.284 ], [ 79.769, 28.274 ], [ 79.774, 28.263 ], [ 79.765, 28.253 ], [ 79.75, 28.254 ], [ 79.741, 28.244 ], [ 79.746, 28.233 ], [ 79.737, 28.223 ], [ 79.742, 28.211 ], [ 79.733, 28.201 ], [ 79.738, 28.19 ], [ 79.753, 28.188 ], [ 79.758, 28.177 ], [ 79.773, 28.175 ], [ 79.779, 28.164 ], [ 79.769, 28.154 ], [ 79.775, 28.142 ], [ 79.765, 28.132 ], [ 79.771, 28.121 ], [ 79.761, 28.111 ], [ 79.767, 28.099 ], [ 79.781, 28.098 ], [ 79.787, 28.086 ], [ 79.777, 28.076 ], [ 79.783, 28.065 ], [ 79.797, 28.063 ], [ 79.803, 28.052 ], [ 79.793, 28.042 ], [ 79.799, 28.03 ], [ 79.813, 28.029 ], [ 79.819, 28.017 ], [ 79.809, 28.007 ], [ 79.815, 27.996 ], [ 79.829, 27.994 ], [ 79.839, 28.004 ], [ 79.853, 28.003 ], [ 79.859, 27.991 ], [ 79.849, 27.981 ], [ 79.855, 27.97 ], [ 79.869, 27.968 ], [ 79.875, 27.957 ], [ 79.889, 27.955 ], [ 79.895, 27.944 ], [ 79.885, 27.934 ], [ 79.891, 27.922 ], [ 79.905, 27.921 ], [ 79.911, 27.909 ], [ 79.901, 27.899 ], [ 79.907, 27.888 ], [ 79.897, 27.878 ], [ 79.903, 27.866 ], [ 79.917, 27.865 ], [ 79.923, 27.853 ], [ 79.913, 27.843 ], [ 79.919, 27.832 ], [ 79.909, 27.822 ], [ 79.915, 27.81 ], [ 79.929, 27.809 ], [ 79.934, 27.797 ], [ 79.925, 27.787 ], [ 79.93, 27.776 ], [ 79.921, 27.766 ], [ 79.927, 27.755 ], [ 79.917, 27.745 ], [ 79.923, 27.733 ], [ 79.937, 27.732 ], [ 79.942, 27.72 ], [ 79.957, 27.719 ], [ 79.966, 27.729 ], [ 79.981, 27.727 ], [ 79.99, 27.737 ], [ 80.005, 27.735 ], [ 80.014, 27.745 ], [ 80.029, 27.744 ], [ 80.034, 27.732 ], [ 80.048, 27.731 ], [ 80.058, 27.741 ], [ 80.052, 27.752 ], [ 80.062, 27.762 ], [ 80.056, 27.774 ], [ 80.066, 27.784 ], [ 80.08, 27.782 ], [ 80.09, 27.792 ], [ 80.104, 27.79 ], [ 80.109, 27.779 ], [ 80.124, 27.777 ], [ 80.129, 27.766 ], [ 80.144, 27.764 ], [ 80.153, 27.774 ], [ 80.168, 27.773 ], [ 80.173, 27.761 ], [ 80.188, 27.76 ], [ 80.197, 27.77 ] ], [ [ 80.17, 28.254 ], [ 80.155, 28.256 ], [ 80.15, 28.267 ], [ 80.159, 28.277 ], [ 80.174, 28.276 ], [ 80.183, 28.286 ], [ 80.198, 28.284 ], [ 80.203, 28.272 ], [ 80.218, 28.271 ], [ 80.223, 28.259 ], [ 80.214, 28.249 ], [ 80.199, 28.251 ], [ 80.19, 28.241 ], [ 80.175, 28.243 ], [ 80.17, 28.254 ] ] ], [ [ [ 83.977, 26.625 ], [ 83.991, 26.622 ], [ 83.995, 26.611 ], [ 83.985, 26.601 ], [ 83.989, 26.589 ], [ 84.003, 26.587 ], [ 84.007, 26.575 ], [ 84.021, 26.573 ], [ 84.025, 26.562 ], [ 84.039, 26.56 ], [ 84.044, 26.548 ], [ 84.057, 26.546 ], [ 84.067, 26.555 ], [ 84.063, 26.567 ], [ 84.073, 26.577 ], [ 84.069, 26.589 ], [ 84.078, 26.598 ], [ 84.074, 26.61 ], [ 84.084, 26.62 ], [ 84.08, 26.631 ], [ 84.09, 26.641 ], [ 84.104, 26.639 ], [ 84.108, 26.627 ], [ 84.122, 26.625 ], [ 84.131, 26.635 ], [ 84.145, 26.633 ], [ 84.15, 26.621 ], [ 84.163, 26.619 ], [ 84.173, 26.629 ], [ 84.187, 26.626 ], [ 84.191, 26.615 ], [ 84.205, 26.613 ], [ 84.215, 26.622 ], [ 84.229, 26.62 ], [ 84.233, 26.608 ], [ 84.247, 26.606 ], [ 84.257, 26.616 ], [ 84.271, 26.614 ], [ 84.275, 26.602 ], [ 84.289, 26.6 ], [ 84.299, 26.61 ], [ 84.313, 26.607 ], [ 84.322, 26.617 ], [ 84.336, 26.615 ], [ 84.346, 26.625 ], [ 84.36, 26.623 ], [ 84.37, 26.632 ], [ 84.366, 26.644 ], [ 84.352, 26.646 ], [ 84.348, 26.658 ], [ 84.334, 26.66 ], [ 84.33, 26.672 ], [ 84.316, 26.674 ], [ 84.311, 26.686 ], [ 84.298, 26.688 ], [ 84.293, 26.7 ], [ 84.279, 26.702 ], [ 84.275, 26.713 ], [ 84.261, 26.715 ], [ 84.257, 26.727 ], [ 84.243, 26.729 ], [ 84.239, 26.741 ], [ 84.225, 26.743 ], [ 84.221, 26.755 ], [ 84.231, 26.765 ], [ 84.245, 26.762 ], [ 84.254, 26.772 ], [ 84.25, 26.784 ], [ 84.236, 26.786 ], [ 84.232, 26.798 ], [ 84.242, 26.807 ], [ 84.238, 26.819 ], [ 84.224, 26.821 ], [ 84.22, 26.833 ], [ 84.206, 26.835 ], [ 84.202, 26.847 ], [ 84.188, 26.849 ], [ 84.178, 26.839 ], [ 84.164, 26.841 ], [ 84.154, 26.832 ], [ 84.14, 26.834 ], [ 84.136, 26.845 ], [ 84.146, 26.855 ], [ 84.142, 26.867 ], [ 84.151, 26.877 ], [ 84.147, 26.888 ], [ 84.133, 26.89 ], [ 84.129, 26.902 ], [ 84.115, 26.904 ], [ 84.105, 26.894 ], [ 84.11, 26.883 ], [ 84.1, 26.873 ], [ 84.086, 26.875 ], [ 84.082, 26.887 ], [ 84.068, 26.889 ], [ 84.064, 26.901 ], [ 84.05, 26.903 ], [ 84.045, 26.914 ], [ 84.055, 26.924 ], [ 84.051, 26.936 ], [ 84.037, 26.938 ], [ 84.033, 26.95 ], [ 84.043, 26.959 ], [ 84.057, 26.957 ], [ 84.066, 26.967 ], [ 84.062, 26.979 ], [ 84.048, 26.981 ], [ 84.044, 26.992 ], [ 84.03, 26.994 ], [ 84.026, 27.006 ], [ 84.036, 27.016 ], [ 84.032, 27.027 ], [ 84.018, 27.03 ], [ 84.014, 27.041 ], [ 84.023, 27.051 ], [ 84.019, 27.063 ], [ 84.005, 27.065 ], [ 84.001, 27.076 ], [ 83.987, 27.078 ], [ 83.977, 27.069 ], [ 83.963, 27.071 ], [ 83.959, 27.082 ], [ 83.945, 27.084 ], [ 83.941, 27.096 ], [ 83.951, 27.106 ], [ 83.947, 27.117 ], [ 83.956, 27.127 ], [ 83.952, 27.139 ], [ 83.962, 27.148 ], [ 83.958, 27.16 ], [ 83.944, 27.162 ], [ 83.94, 27.174 ], [ 83.926, 27.176 ], [ 83.922, 27.188 ], [ 83.908, 27.19 ], [ 83.904, 27.201 ], [ 83.89, 27.203 ], [ 83.885, 27.215 ], [ 83.871, 27.217 ], [ 83.862, 27.207 ], [ 83.848, 27.209 ], [ 83.844, 27.221 ], [ 83.83, 27.223 ], [ 83.82, 27.213 ], [ 83.806, 27.215 ], [ 83.796, 27.206 ], [ 83.782, 27.208 ], [ 83.778, 27.219 ], [ 83.764, 27.221 ], [ 83.76, 27.233 ], [ 83.746, 27.235 ], [ 83.742, 27.247 ], [ 83.728, 27.249 ], [ 83.724, 27.26 ], [ 83.734, 27.27 ], [ 83.729, 27.282 ], [ 83.739, 27.291 ], [ 83.735, 27.303 ], [ 83.721, 27.305 ], [ 83.717, 27.317 ], [ 83.727, 27.326 ], [ 83.722, 27.338 ], [ 83.732, 27.348 ], [ 83.746, 27.346 ], [ 83.756, 27.355 ], [ 83.752, 27.367 ], [ 83.761, 27.376 ], [ 83.775, 27.374 ], [ 83.785, 27.384 ], [ 83.782, 27.392 ], [ 83.781, 27.396 ], [ 83.791, 27.405 ], [ 83.786, 27.417 ], [ 83.772, 27.419 ], [ 83.762, 27.409 ], [ 83.748, 27.411 ], [ 83.743, 27.422 ], [ 83.729, 27.424 ], [ 83.725, 27.436 ], [ 83.711, 27.438 ], [ 83.706, 27.449 ], [ 83.692, 27.451 ], [ 83.687, 27.462 ], [ 83.673, 27.464 ], [ 83.663, 27.455 ], [ 83.649, 27.457 ], [ 83.645, 27.468 ], [ 83.63, 27.47 ], [ 83.626, 27.481 ], [ 83.612, 27.483 ], [ 83.602, 27.474 ], [ 83.588, 27.475 ], [ 83.583, 27.487 ], [ 83.569, 27.489 ], [ 83.559, 27.479 ], [ 83.545, 27.481 ], [ 83.541, 27.493 ], [ 83.526, 27.494 ], [ 83.517, 27.485 ], [ 83.503, 27.487 ], [ 83.493, 27.477 ], [ 83.479, 27.479 ], [ 83.474, 27.49 ], [ 83.46, 27.492 ], [ 83.45, 27.483 ], [ 83.436, 27.485 ], [ 83.431, 27.496 ], [ 83.417, 27.498 ], [ 83.408, 27.488 ], [ 83.393, 27.49 ], [ 83.384, 27.48 ], [ 83.388, 27.469 ], [ 83.379, 27.459 ], [ 83.383, 27.448 ], [ 83.374, 27.438 ], [ 83.378, 27.427 ], [ 83.393, 27.425 ], [ 83.397, 27.414 ], [ 83.387, 27.404 ], [ 83.373, 27.406 ], [ 83.364, 27.396 ], [ 83.368, 27.385 ], [ 83.359, 27.375 ], [ 83.363, 27.364 ], [ 83.354, 27.354 ], [ 83.339, 27.356 ], [ 83.33, 27.346 ], [ 83.316, 27.348 ], [ 83.306, 27.339 ], [ 83.292, 27.34 ], [ 83.287, 27.352 ], [ 83.273, 27.354 ], [ 83.268, 27.365 ], [ 83.278, 27.375 ], [ 83.273, 27.386 ], [ 83.283, 27.396 ], [ 83.278, 27.407 ], [ 83.264, 27.409 ], [ 83.26, 27.421 ], [ 83.245, 27.422 ], [ 83.241, 27.434 ], [ 83.226, 27.436 ], [ 83.222, 27.447 ], [ 83.208, 27.449 ], [ 83.203, 27.46 ], [ 83.189, 27.462 ], [ 83.184, 27.474 ], [ 83.17, 27.476 ], [ 83.16, 27.466 ], [ 83.146, 27.468 ], [ 83.136, 27.458 ], [ 83.122, 27.46 ], [ 83.117, 27.471 ], [ 83.103, 27.473 ], [ 83.094, 27.464 ], [ 83.079, 27.465 ], [ 83.07, 27.456 ], [ 83.055, 27.458 ], [ 83.051, 27.469 ], [ 83.037, 27.471 ], [ 83.027, 27.461 ], [ 83.013, 27.463 ], [ 83.008, 27.474 ], [ 82.994, 27.476 ], [ 82.984, 27.467 ], [ 82.97, 27.468 ], [ 82.965, 27.48 ], [ 82.951, 27.482 ], [ 82.946, 27.493 ], [ 82.956, 27.503 ], [ 82.951, 27.514 ], [ 82.937, 27.516 ], [ 82.927, 27.506 ], [ 82.913, 27.508 ], [ 82.908, 27.52 ], [ 82.894, 27.522 ], [ 82.884, 27.512 ], [ 82.87, 27.514 ], [ 82.861, 27.504 ], [ 82.846, 27.506 ], [ 82.842, 27.517 ], [ 82.827, 27.519 ], [ 82.818, 27.509 ], [ 82.803, 27.511 ], [ 82.794, 27.502 ], [ 82.78, 27.503 ], [ 82.775, 27.515 ], [ 82.76, 27.517 ], [ 82.756, 27.528 ], [ 82.741, 27.53 ], [ 82.737, 27.541 ], [ 82.722, 27.543 ], [ 82.713, 27.533 ], [ 82.699, 27.535 ], [ 82.694, 27.547 ], [ 82.679, 27.548 ], [ 82.675, 27.56 ], [ 82.684, 27.57 ], [ 82.68, 27.581 ], [ 82.665, 27.583 ], [ 82.66, 27.594 ], [ 82.646, 27.596 ], [ 82.637, 27.586 ], [ 82.622, 27.588 ], [ 82.613, 27.579 ], [ 82.617, 27.567 ], [ 82.608, 27.557 ], [ 82.613, 27.546 ], [ 82.603, 27.536 ], [ 82.589, 27.538 ], [ 82.579, 27.528 ], [ 82.565, 27.53 ], [ 82.56, 27.542 ], [ 82.546, 27.543 ], [ 82.541, 27.555 ], [ 82.527, 27.557 ], [ 82.522, 27.568 ], [ 82.508, 27.57 ], [ 82.498, 27.56 ], [ 82.484, 27.562 ], [ 82.479, 27.573 ], [ 82.465, 27.575 ], [ 82.455, 27.565 ], [ 82.441, 27.567 ], [ 82.436, 27.579 ], [ 82.422, 27.58 ], [ 82.417, 27.592 ], [ 82.402, 27.594 ], [ 82.393, 27.584 ], [ 82.379, 27.586 ], [ 82.374, 27.597 ], [ 82.359, 27.599 ], [ 82.35, 27.589 ], [ 82.336, 27.591 ], [ 82.331, 27.602 ], [ 82.316, 27.604 ], [ 82.312, 27.616 ], [ 82.297, 27.617 ], [ 82.292, 27.629 ], [ 82.302, 27.639 ], [ 82.297, 27.65 ], [ 82.283, 27.652 ], [ 82.278, 27.663 ], [ 82.263, 27.665 ], [ 82.259, 27.677 ], [ 82.244, 27.678 ], [ 82.239, 27.69 ], [ 82.225, 27.691 ], [ 82.22, 27.703 ], [ 82.206, 27.705 ], [ 82.201, 27.716 ], [ 82.187, 27.718 ], [ 82.182, 27.729 ], [ 82.167, 27.731 ], [ 82.162, 27.743 ], [ 82.148, 27.744 ], [ 82.143, 27.756 ], [ 82.129, 27.758 ], [ 82.124, 27.769 ], [ 82.133, 27.779 ], [ 82.129, 27.79 ], [ 82.114, 27.792 ], [ 82.109, 27.804 ], [ 82.095, 27.805 ], [ 82.09, 27.817 ], [ 82.075, 27.819 ], [ 82.071, 27.83 ], [ 82.056, 27.832 ], [ 82.051, 27.843 ], [ 82.037, 27.845 ], [ 82.032, 27.857 ], [ 82.018, 27.858 ], [ 82.008, 27.849 ], [ 81.994, 27.85 ], [ 81.984, 27.841 ], [ 81.97, 27.842 ], [ 81.96, 27.833 ], [ 81.946, 27.834 ], [ 81.941, 27.846 ], [ 81.926, 27.847 ], [ 81.921, 27.859 ], [ 81.907, 27.861 ], [ 81.902, 27.872 ], [ 81.888, 27.874 ], [ 81.878, 27.864 ], [ 81.883, 27.853 ], [ 81.897, 27.851 ], [ 81.902, 27.839 ], [ 81.917, 27.838 ], [ 81.922, 27.826 ], [ 81.936, 27.824 ], [ 81.941, 27.813 ], [ 81.955, 27.811 ], [ 81.96, 27.8 ], [ 81.975, 27.798 ], [ 81.98, 27.787 ], [ 81.994, 27.785 ], [ 82.004, 27.795 ], [ 82.018, 27.793 ], [ 82.023, 27.781 ], [ 82.037, 27.78 ], [ 82.042, 27.768 ], [ 82.033, 27.758 ], [ 82.038, 27.747 ], [ 82.028, 27.737 ], [ 82.033, 27.726 ], [ 82.024, 27.716 ], [ 82.028, 27.704 ], [ 82.019, 27.695 ], [ 82.024, 27.683 ], [ 82.014, 27.673 ], [ 82.0, 27.675 ], [ 81.99, 27.665 ], [ 81.976, 27.667 ], [ 81.971, 27.679 ], [ 81.957, 27.68 ], [ 81.947, 27.67 ], [ 81.933, 27.672 ], [ 81.928, 27.684 ], [ 81.913, 27.685 ], [ 81.909, 27.697 ], [ 81.894, 27.699 ], [ 81.889, 27.71 ], [ 81.899, 27.72 ], [ 81.894, 27.731 ], [ 81.879, 27.733 ], [ 81.874, 27.745 ], [ 81.884, 27.754 ], [ 81.879, 27.766 ], [ 81.865, 27.768 ], [ 81.86, 27.779 ], [ 81.845, 27.781 ], [ 81.84, 27.792 ], [ 81.85, 27.802 ], [ 81.845, 27.814 ], [ 81.83, 27.815 ], [ 81.825, 27.827 ], [ 81.835, 27.837 ], [ 81.83, 27.848 ], [ 81.816, 27.85 ], [ 81.811, 27.861 ], [ 81.796, 27.863 ], [ 81.791, 27.874 ], [ 81.801, 27.884 ], [ 81.796, 27.896 ], [ 81.805, 27.906 ], [ 81.8, 27.917 ], [ 81.786, 27.919 ], [ 81.781, 27.93 ], [ 81.79, 27.94 ], [ 81.786, 27.952 ], [ 81.771, 27.953 ], [ 81.766, 27.965 ], [ 81.752, 27.967 ], [ 81.747, 27.978 ], [ 81.732, 27.98 ], [ 81.727, 27.991 ], [ 81.713, 27.993 ], [ 81.703, 27.983 ], [ 81.708, 27.972 ], [ 81.699, 27.962 ], [ 81.704, 27.95 ], [ 81.718, 27.949 ], [ 81.723, 27.937 ], [ 81.714, 27.927 ], [ 81.719, 27.916 ], [ 81.709, 27.906 ], [ 81.695, 27.908 ], [ 81.685, 27.898 ], [ 81.671, 27.9 ], [ 81.666, 27.911 ], [ 81.651, 27.913 ], [ 81.646, 27.924 ], [ 81.632, 27.926 ], [ 81.627, 27.938 ], [ 81.612, 27.939 ], [ 81.607, 27.951 ], [ 81.617, 27.961 ], [ 81.612, 27.972 ], [ 81.621, 27.982 ], [ 81.616, 27.993 ], [ 81.626, 28.003 ], [ 81.621, 28.015 ], [ 81.606, 28.017 ], [ 81.601, 28.028 ], [ 81.587, 28.03 ], [ 81.582, 28.041 ], [ 81.567, 28.043 ], [ 81.558, 28.033 ], [ 81.563, 28.022 ], [ 81.553, 28.012 ], [ 81.539, 28.013 ], [ 81.529, 28.004 ], [ 81.515, 28.005 ], [ 81.505, 27.996 ], [ 81.491, 27.997 ], [ 81.486, 28.009 ], [ 81.471, 28.01 ], [ 81.466, 28.022 ], [ 81.452, 28.024 ], [ 81.447, 28.035 ], [ 81.432, 28.037 ], [ 81.427, 28.048 ], [ 81.412, 28.05 ], [ 81.407, 28.062 ], [ 81.393, 28.063 ], [ 81.383, 28.053 ], [ 81.388, 28.042 ], [ 81.379, 28.032 ], [ 81.384, 28.021 ], [ 81.399, 28.019 ], [ 81.404, 28.007 ], [ 81.418, 28.006 ], [ 81.423, 27.994 ], [ 81.414, 27.984 ], [ 81.419, 27.973 ], [ 81.409, 27.963 ], [ 81.414, 27.951 ], [ 81.405, 27.942 ], [ 81.41, 27.93 ], [ 81.4, 27.92 ], [ 81.386, 27.922 ], [ 81.376, 27.912 ], [ 81.381, 27.901 ], [ 81.372, 27.891 ], [ 81.357, 27.892 ], [ 81.352, 27.904 ], [ 81.338, 27.906 ], [ 81.333, 27.917 ], [ 81.342, 27.927 ], [ 81.337, 27.938 ], [ 81.347, 27.948 ], [ 81.342, 27.96 ], [ 81.327, 27.961 ], [ 81.322, 27.973 ], [ 81.332, 27.983 ], [ 81.327, 27.994 ], [ 81.312, 27.996 ], [ 81.307, 28.008 ], [ 81.292, 28.009 ], [ 81.287, 28.021 ], [ 81.297, 28.031 ], [ 81.292, 28.042 ], [ 81.277, 28.044 ], [ 81.268, 28.034 ], [ 81.253, 28.036 ], [ 81.244, 28.026 ], [ 81.249, 28.014 ], [ 81.239, 28.004 ], [ 81.244, 27.993 ], [ 81.259, 27.991 ], [ 81.264, 27.98 ], [ 81.279, 27.978 ], [ 81.284, 27.966 ], [ 81.274, 27.957 ], [ 81.279, 27.945 ], [ 81.27, 27.935 ], [ 81.275, 27.924 ], [ 81.289, 27.922 ], [ 81.294, 27.911 ], [ 81.285, 27.901 ], [ 81.29, 27.889 ], [ 81.304, 27.888 ], [ 81.309, 27.876 ], [ 81.3, 27.866 ], [ 81.305, 27.855 ], [ 81.296, 27.845 ], [ 81.301, 27.833 ], [ 81.291, 27.824 ], [ 81.296, 27.812 ], [ 81.287, 27.802 ], [ 81.292, 27.791 ], [ 81.306, 27.789 ], [ 81.311, 27.778 ], [ 81.302, 27.768 ], [ 81.307, 27.756 ], [ 81.321, 27.755 ], [ 81.326, 27.743 ], [ 81.317, 27.733 ], [ 81.322, 27.722 ], [ 81.336, 27.72 ], [ 81.342, 27.709 ], [ 81.332, 27.699 ], [ 81.337, 27.687 ], [ 81.328, 27.678 ], [ 81.333, 27.666 ], [ 81.323, 27.656 ], [ 81.328, 27.645 ], [ 81.343, 27.643 ], [ 81.348, 27.632 ], [ 81.338, 27.622 ], [ 81.343, 27.61 ], [ 81.358, 27.609 ], [ 81.363, 27.597 ], [ 81.353, 27.588 ], [ 81.358, 27.576 ], [ 81.373, 27.574 ], [ 81.378, 27.563 ], [ 81.368, 27.553 ], [ 81.373, 27.542 ], [ 81.364, 27.532 ], [ 81.369, 27.52 ], [ 81.383, 27.519 ], [ 81.388, 27.507 ], [ 81.403, 27.506 ], [ 81.408, 27.494 ], [ 81.398, 27.484 ], [ 81.403, 27.473 ], [ 81.418, 27.471 ], [ 81.423, 27.46 ], [ 81.437, 27.458 ], [ 81.442, 27.447 ], [ 81.433, 27.437 ], [ 81.438, 27.426 ], [ 81.428, 27.416 ], [ 81.433, 27.404 ], [ 81.424, 27.395 ], [ 81.429, 27.383 ], [ 81.42, 27.373 ], [ 81.425, 27.362 ], [ 81.415, 27.352 ], [ 81.42, 27.341 ], [ 81.434, 27.339 ], [ 81.439, 27.328 ], [ 81.454, 27.326 ], [ 81.459, 27.315 ], [ 81.449, 27.305 ], [ 81.454, 27.293 ], [ 81.469, 27.292 ], [ 81.474, 27.28 ], [ 81.464, 27.271 ], [ 81.469, 27.259 ], [ 81.484, 27.258 ], [ 81.489, 27.246 ], [ 81.479, 27.236 ], [ 81.484, 27.225 ], [ 81.499, 27.223 ], [ 81.503, 27.212 ], [ 81.494, 27.202 ], [ 81.499, 27.191 ], [ 81.49, 27.181 ], [ 81.495, 27.17 ], [ 81.509, 27.168 ], [ 81.514, 27.157 ], [ 81.505, 27.147 ], [ 81.509, 27.135 ], [ 81.5, 27.126 ], [ 81.505, 27.114 ], [ 81.496, 27.104 ], [ 81.501, 27.093 ], [ 81.515, 27.091 ], [ 81.52, 27.08 ], [ 81.534, 27.078 ], [ 81.544, 27.088 ], [ 81.539, 27.1 ], [ 81.548, 27.109 ], [ 81.562, 27.108 ], [ 81.572, 27.117 ], [ 81.586, 27.116 ], [ 81.595, 27.125 ], [ 81.59, 27.137 ], [ 81.6, 27.147 ], [ 81.614, 27.145 ], [ 81.624, 27.155 ], [ 81.638, 27.153 ], [ 81.647, 27.163 ], [ 81.642, 27.174 ], [ 81.652, 27.184 ], [ 81.647, 27.195 ], [ 81.656, 27.205 ], [ 81.651, 27.216 ], [ 81.661, 27.226 ], [ 81.675, 27.225 ], [ 81.684, 27.234 ], [ 81.679, 27.246 ], [ 81.689, 27.255 ], [ 81.703, 27.254 ], [ 81.713, 27.263 ], [ 81.708, 27.275 ], [ 81.717, 27.285 ], [ 81.712, 27.296 ], [ 81.698, 27.298 ], [ 81.693, 27.309 ], [ 81.702, 27.319 ], [ 81.717, 27.317 ], [ 81.726, 27.327 ], [ 81.74, 27.325 ], [ 81.745, 27.314 ], [ 81.76, 27.312 ], [ 81.765, 27.301 ], [ 81.779, 27.299 ], [ 81.784, 27.288 ], [ 81.798, 27.286 ], [ 81.803, 27.275 ], [ 81.817, 27.273 ], [ 81.827, 27.283 ], [ 81.841, 27.281 ], [ 81.851, 27.291 ], [ 81.846, 27.302 ], [ 81.855, 27.312 ], [ 81.85, 27.323 ], [ 81.86, 27.333 ], [ 81.874, 27.331 ], [ 81.879, 27.32 ], [ 81.893, 27.318 ], [ 81.898, 27.307 ], [ 81.912, 27.305 ], [ 81.922, 27.315 ], [ 81.917, 27.326 ], [ 81.926, 27.336 ], [ 81.922, 27.347 ], [ 81.907, 27.349 ], [ 81.902, 27.36 ], [ 81.912, 27.37 ], [ 81.926, 27.368 ], [ 81.936, 27.378 ], [ 81.931, 27.39 ], [ 81.94, 27.399 ], [ 81.935, 27.411 ], [ 81.945, 27.421 ], [ 81.94, 27.432 ], [ 81.949, 27.442 ], [ 81.964, 27.44 ], [ 81.969, 27.429 ], [ 81.983, 27.427 ], [ 81.988, 27.415 ], [ 82.002, 27.414 ], [ 82.012, 27.423 ], [ 82.026, 27.422 ], [ 82.031, 27.41 ], [ 82.045, 27.409 ], [ 82.055, 27.418 ], [ 82.069, 27.417 ], [ 82.078, 27.426 ], [ 82.093, 27.425 ], [ 82.102, 27.434 ], [ 82.117, 27.433 ], [ 82.121, 27.421 ], [ 82.136, 27.419 ], [ 82.141, 27.408 ], [ 82.131, 27.398 ], [ 82.136, 27.387 ], [ 82.15, 27.385 ], [ 82.155, 27.374 ], [ 82.169, 27.372 ], [ 82.174, 27.361 ], [ 82.189, 27.359 ], [ 82.193, 27.347 ], [ 82.208, 27.346 ], [ 82.213, 27.334 ], [ 82.227, 27.332 ], [ 82.232, 27.321 ], [ 82.246, 27.319 ], [ 82.251, 27.308 ], [ 82.241, 27.298 ], [ 82.246, 27.287 ], [ 82.26, 27.285 ], [ 82.265, 27.274 ], [ 82.28, 27.272 ], [ 82.284, 27.26 ], [ 82.299, 27.259 ], [ 82.303, 27.247 ], [ 82.318, 27.246 ], [ 82.323, 27.234 ], [ 82.337, 27.232 ], [ 82.342, 27.221 ], [ 82.356, 27.219 ], [ 82.361, 27.208 ], [ 82.375, 27.206 ], [ 82.38, 27.195 ], [ 82.394, 27.193 ], [ 82.403, 27.203 ], [ 82.418, 27.201 ], [ 82.423, 27.189 ], [ 82.413, 27.18 ], [ 82.418, 27.168 ], [ 82.408, 27.159 ], [ 82.394, 27.16 ], [ 82.385, 27.151 ], [ 82.37, 27.153 ], [ 82.361, 27.143 ], [ 82.347, 27.145 ], [ 82.342, 27.156 ], [ 82.351, 27.166 ], [ 82.347, 27.177 ], [ 82.332, 27.179 ], [ 82.327, 27.19 ], [ 82.313, 27.192 ], [ 82.304, 27.182 ], [ 82.289, 27.184 ], [ 82.28, 27.174 ], [ 82.285, 27.163 ], [ 82.275, 27.153 ], [ 82.28, 27.142 ], [ 82.294, 27.14 ], [ 82.299, 27.129 ], [ 82.313, 27.127 ], [ 82.318, 27.116 ], [ 82.333, 27.114 ], [ 82.337, 27.102 ], [ 82.352, 27.101 ], [ 82.356, 27.089 ], [ 82.347, 27.08 ], [ 82.352, 27.068 ], [ 82.366, 27.066 ], [ 82.375, 27.076 ], [ 82.39, 27.074 ], [ 82.399, 27.084 ], [ 82.413, 27.082 ], [ 82.423, 27.092 ], [ 82.418, 27.103 ], [ 82.427, 27.113 ], [ 82.423, 27.124 ], [ 82.432, 27.134 ], [ 82.446, 27.132 ], [ 82.451, 27.121 ], [ 82.465, 27.119 ], [ 82.475, 27.129 ], [ 82.47, 27.14 ], [ 82.456, 27.142 ], [ 82.451, 27.153 ], [ 82.461, 27.163 ], [ 82.475, 27.161 ], [ 82.48, 27.15 ], [ 82.494, 27.148 ], [ 82.499, 27.137 ], [ 82.513, 27.135 ], [ 82.518, 27.124 ], [ 82.532, 27.122 ], [ 82.537, 27.111 ], [ 82.551, 27.109 ], [ 82.556, 27.097 ], [ 82.57, 27.096 ], [ 82.579, 27.105 ], [ 82.593, 27.104 ], [ 82.603, 27.113 ], [ 82.617, 27.111 ], [ 82.622, 27.1 ], [ 82.636, 27.098 ], [ 82.646, 27.108 ], [ 82.641, 27.119 ], [ 82.65, 27.129 ], [ 82.665, 27.127 ], [ 82.669, 27.116 ], [ 82.684, 27.114 ], [ 82.688, 27.103 ], [ 82.702, 27.101 ], [ 82.712, 27.111 ], [ 82.726, 27.109 ], [ 82.736, 27.118 ], [ 82.75, 27.117 ], [ 82.755, 27.105 ], [ 82.769, 27.103 ], [ 82.774, 27.092 ], [ 82.788, 27.09 ], [ 82.792, 27.079 ], [ 82.783, 27.069 ], [ 82.788, 27.058 ], [ 82.802, 27.056 ], [ 82.807, 27.045 ], [ 82.821, 27.043 ], [ 82.825, 27.032 ], [ 82.84, 27.03 ], [ 82.849, 27.039 ], [ 82.863, 27.038 ], [ 82.868, 27.026 ], [ 82.882, 27.024 ], [ 82.887, 27.013 ], [ 82.901, 27.011 ], [ 82.91, 27.021 ], [ 82.925, 27.019 ], [ 82.934, 27.029 ], [ 82.948, 27.027 ], [ 82.958, 27.037 ], [ 82.972, 27.035 ], [ 82.982, 27.044 ], [ 82.996, 27.043 ], [ 83.0, 27.031 ], [ 83.015, 27.029 ], [ 83.024, 27.039 ], [ 83.019, 27.05 ], [ 83.029, 27.06 ], [ 83.024, 27.071 ], [ 83.034, 27.081 ], [ 83.048, 27.079 ], [ 83.058, 27.089 ], [ 83.072, 27.087 ], [ 83.081, 27.097 ], [ 83.095, 27.095 ], [ 83.105, 27.104 ], [ 83.119, 27.103 ], [ 83.129, 27.112 ], [ 83.143, 27.11 ], [ 83.147, 27.099 ], [ 83.162, 27.097 ], [ 83.171, 27.107 ], [ 83.167, 27.118 ], [ 83.176, 27.128 ], [ 83.19, 27.126 ], [ 83.2, 27.136 ], [ 83.195, 27.147 ], [ 83.205, 27.157 ], [ 83.219, 27.155 ], [ 83.228, 27.164 ], [ 83.224, 27.176 ], [ 83.233, 27.185 ], [ 83.229, 27.197 ], [ 83.238, 27.206 ], [ 83.234, 27.218 ], [ 83.243, 27.227 ], [ 83.257, 27.226 ], [ 83.267, 27.235 ], [ 83.281, 27.233 ], [ 83.286, 27.222 ], [ 83.3, 27.22 ], [ 83.305, 27.209 ], [ 83.319, 27.207 ], [ 83.323, 27.195 ], [ 83.314, 27.186 ], [ 83.318, 27.174 ], [ 83.309, 27.165 ], [ 83.314, 27.153 ], [ 83.304, 27.144 ], [ 83.308, 27.132 ], [ 83.298, 27.123 ], [ 83.303, 27.111 ], [ 83.316, 27.109 ], [ 83.321, 27.097 ], [ 83.311, 27.088 ], [ 83.315, 27.076 ], [ 83.329, 27.074 ], [ 83.333, 27.062 ], [ 83.347, 27.06 ], [ 83.351, 27.049 ], [ 83.365, 27.047 ], [ 83.369, 27.035 ], [ 83.36, 27.025 ], [ 83.364, 27.014 ], [ 83.378, 27.012 ], [ 83.382, 27.0 ], [ 83.396, 26.998 ], [ 83.405, 27.008 ], [ 83.419, 27.006 ], [ 83.429, 27.015 ], [ 83.443, 27.013 ], [ 83.447, 27.002 ], [ 83.461, 27.0 ], [ 83.471, 27.009 ], [ 83.485, 27.007 ], [ 83.494, 27.017 ], [ 83.49, 27.029 ], [ 83.5, 27.038 ], [ 83.496, 27.05 ], [ 83.505, 27.06 ], [ 83.519, 27.058 ], [ 83.529, 27.067 ], [ 83.543, 27.065 ], [ 83.547, 27.054 ], [ 83.561, 27.052 ], [ 83.565, 27.04 ], [ 83.579, 27.038 ], [ 83.583, 27.026 ], [ 83.574, 27.017 ], [ 83.578, 27.005 ], [ 83.568, 26.995 ], [ 83.554, 26.997 ], [ 83.544, 26.988 ], [ 83.53, 26.99 ], [ 83.521, 26.98 ], [ 83.525, 26.968 ], [ 83.515, 26.959 ], [ 83.501, 26.961 ], [ 83.492, 26.951 ], [ 83.496, 26.939 ], [ 83.486, 26.93 ], [ 83.49, 26.918 ], [ 83.48, 26.908 ], [ 83.485, 26.897 ], [ 83.499, 26.895 ], [ 83.508, 26.904 ], [ 83.522, 26.902 ], [ 83.526, 26.891 ], [ 83.54, 26.889 ], [ 83.544, 26.877 ], [ 83.535, 26.867 ], [ 83.539, 26.856 ], [ 83.553, 26.854 ], [ 83.557, 26.842 ], [ 83.547, 26.832 ], [ 83.551, 26.821 ], [ 83.565, 26.819 ], [ 83.569, 26.807 ], [ 83.583, 26.805 ], [ 83.587, 26.793 ], [ 83.601, 26.791 ], [ 83.606, 26.779 ], [ 83.596, 26.77 ], [ 83.6, 26.758 ], [ 83.614, 26.756 ], [ 83.618, 26.744 ], [ 83.608, 26.735 ], [ 83.613, 26.723 ], [ 83.626, 26.721 ], [ 83.631, 26.709 ], [ 83.621, 26.699 ], [ 83.625, 26.688 ], [ 83.615, 26.678 ], [ 83.619, 26.666 ], [ 83.633, 26.664 ], [ 83.638, 26.653 ], [ 83.651, 26.651 ], [ 83.661, 26.66 ], [ 83.657, 26.672 ], [ 83.667, 26.682 ], [ 83.663, 26.693 ], [ 83.672, 26.703 ], [ 83.686, 26.701 ], [ 83.69, 26.689 ], [ 83.704, 26.687 ], [ 83.714, 26.697 ], [ 83.728, 26.695 ], [ 83.738, 26.705 ], [ 83.751, 26.702 ], [ 83.761, 26.712 ], [ 83.775, 26.71 ], [ 83.785, 26.72 ], [ 83.799, 26.718 ], [ 83.809, 26.727 ], [ 83.804, 26.739 ], [ 83.814, 26.749 ], [ 83.828, 26.747 ], [ 83.838, 26.756 ], [ 83.852, 26.754 ], [ 83.856, 26.743 ], [ 83.87, 26.741 ], [ 83.874, 26.729 ], [ 83.888, 26.727 ], [ 83.892, 26.715 ], [ 83.906, 26.713 ], [ 83.91, 26.701 ], [ 83.9, 26.692 ], [ 83.904, 26.68 ], [ 83.918, 26.678 ], [ 83.928, 26.687 ], [ 83.942, 26.685 ], [ 83.946, 26.674 ], [ 83.96, 26.672 ], [ 83.964, 26.66 ], [ 83.955, 26.65 ], [ 83.959, 26.638 ], [ 83.973, 26.636 ], [ 83.977, 26.625 ] ], [ [ 83.686, 27.365 ], [ 83.69, 27.353 ], [ 83.681, 27.344 ], [ 83.682, 27.34 ], [ 83.685, 27.332 ], [ 83.675, 27.323 ], [ 83.661, 27.325 ], [ 83.651, 27.315 ], [ 83.656, 27.303 ], [ 83.646, 27.294 ], [ 83.65, 27.282 ], [ 83.64, 27.272 ], [ 83.626, 27.274 ], [ 83.617, 27.265 ], [ 83.603, 27.267 ], [ 83.593, 27.257 ], [ 83.579, 27.259 ], [ 83.569, 27.25 ], [ 83.555, 27.252 ], [ 83.546, 27.242 ], [ 83.532, 27.244 ], [ 83.522, 27.234 ], [ 83.508, 27.236 ], [ 83.498, 27.227 ], [ 83.503, 27.215 ], [ 83.493, 27.205 ], [ 83.497, 27.194 ], [ 83.511, 27.192 ], [ 83.515, 27.18 ], [ 83.505, 27.17 ], [ 83.51, 27.159 ], [ 83.5, 27.149 ], [ 83.504, 27.137 ], [ 83.494, 27.128 ], [ 83.498, 27.116 ], [ 83.489, 27.106 ], [ 83.475, 27.108 ], [ 83.471, 27.12 ], [ 83.457, 27.122 ], [ 83.447, 27.112 ], [ 83.433, 27.114 ], [ 83.423, 27.105 ], [ 83.41, 27.107 ], [ 83.405, 27.118 ], [ 83.391, 27.12 ], [ 83.387, 27.132 ], [ 83.397, 27.142 ], [ 83.393, 27.153 ], [ 83.403, 27.163 ], [ 83.398, 27.175 ], [ 83.408, 27.184 ], [ 83.404, 27.196 ], [ 83.413, 27.205 ], [ 83.409, 27.217 ], [ 83.395, 27.219 ], [ 83.39, 27.23 ], [ 83.4, 27.24 ], [ 83.395, 27.251 ], [ 83.405, 27.261 ], [ 83.4, 27.272 ], [ 83.41, 27.282 ], [ 83.405, 27.293 ], [ 83.415, 27.303 ], [ 83.429, 27.301 ], [ 83.438, 27.311 ], [ 83.453, 27.309 ], [ 83.462, 27.318 ], [ 83.476, 27.316 ], [ 83.486, 27.326 ], [ 83.481, 27.337 ], [ 83.491, 27.347 ], [ 83.487, 27.359 ], [ 83.496, 27.368 ], [ 83.492, 27.38 ], [ 83.501, 27.389 ], [ 83.497, 27.401 ], [ 83.506, 27.41 ], [ 83.52, 27.408 ], [ 83.53, 27.418 ], [ 83.544, 27.416 ], [ 83.554, 27.426 ], [ 83.568, 27.424 ], [ 83.573, 27.412 ], [ 83.587, 27.41 ], [ 83.591, 27.399 ], [ 83.606, 27.397 ], [ 83.61, 27.386 ], [ 83.624, 27.384 ], [ 83.629, 27.372 ], [ 83.643, 27.371 ], [ 83.653, 27.38 ], [ 83.667, 27.378 ], [ 83.671, 27.367 ], [ 83.686, 27.365 ] ], [ [ 81.681, 27.844 ], [ 81.676, 27.855 ], [ 81.685, 27.865 ], [ 81.7, 27.863 ], [ 81.709, 27.873 ], [ 81.724, 27.871 ], [ 81.729, 27.86 ], [ 81.743, 27.858 ], [ 81.748, 27.847 ], [ 81.739, 27.837 ], [ 81.744, 27.825 ], [ 81.734, 27.816 ], [ 81.739, 27.804 ], [ 81.754, 27.802 ], [ 81.759, 27.791 ], [ 81.749, 27.781 ], [ 81.754, 27.77 ], [ 81.745, 27.76 ], [ 81.73, 27.762 ], [ 81.725, 27.773 ], [ 81.711, 27.775 ], [ 81.706, 27.786 ], [ 81.691, 27.788 ], [ 81.686, 27.8 ], [ 81.696, 27.809 ], [ 81.691, 27.821 ], [ 81.676, 27.823 ], [ 81.671, 27.834 ], [ 81.681, 27.844 ] ] ], [ [ [ 81.209, 27.855 ], [ 81.218, 27.865 ], [ 81.213, 27.876 ], [ 81.222, 27.886 ], [ 81.217, 27.898 ], [ 81.227, 27.907 ], [ 81.222, 27.919 ], [ 81.207, 27.921 ], [ 81.202, 27.932 ], [ 81.212, 27.942 ], [ 81.207, 27.953 ], [ 81.192, 27.955 ], [ 81.187, 27.967 ], [ 81.196, 27.976 ], [ 81.191, 27.988 ], [ 81.177, 27.99 ], [ 81.172, 28.001 ], [ 81.181, 28.011 ], [ 81.176, 28.022 ], [ 81.162, 28.024 ], [ 81.156, 28.036 ], [ 81.142, 28.037 ], [ 81.137, 28.049 ], [ 81.146, 28.059 ], [ 81.141, 28.07 ], [ 81.127, 28.072 ], [ 81.122, 28.083 ], [ 81.107, 28.085 ], [ 81.102, 28.097 ], [ 81.111, 28.106 ], [ 81.106, 28.118 ], [ 81.092, 28.12 ], [ 81.087, 28.131 ], [ 81.096, 28.141 ], [ 81.091, 28.153 ], [ 81.076, 28.154 ], [ 81.071, 28.166 ], [ 81.057, 28.167 ], [ 81.052, 28.179 ], [ 81.061, 28.189 ], [ 81.056, 28.2 ], [ 81.065, 28.21 ], [ 81.06, 28.222 ], [ 81.07, 28.232 ], [ 81.065, 28.243 ], [ 81.074, 28.253 ], [ 81.069, 28.265 ], [ 81.054, 28.266 ], [ 81.045, 28.257 ], [ 81.03, 28.258 ], [ 81.021, 28.248 ], [ 81.006, 28.25 ], [ 81.001, 28.262 ], [ 80.986, 28.263 ], [ 80.981, 28.275 ], [ 80.967, 28.276 ], [ 80.962, 28.288 ], [ 80.971, 28.298 ], [ 80.966, 28.309 ], [ 80.975, 28.319 ], [ 80.99, 28.318 ], [ 81.0, 28.328 ], [ 80.994, 28.339 ], [ 81.004, 28.349 ], [ 80.999, 28.361 ], [ 81.008, 28.37 ], [ 81.003, 28.382 ], [ 81.013, 28.392 ], [ 81.007, 28.404 ], [ 81.017, 28.413 ], [ 81.032, 28.412 ], [ 81.041, 28.422 ], [ 81.036, 28.433 ], [ 81.045, 28.443 ], [ 81.04, 28.455 ], [ 81.026, 28.456 ], [ 81.021, 28.468 ], [ 81.006, 28.47 ], [ 80.996, 28.46 ], [ 80.982, 28.461 ], [ 80.977, 28.473 ], [ 80.962, 28.475 ], [ 80.952, 28.465 ], [ 80.958, 28.453 ], [ 80.948, 28.443 ], [ 80.953, 28.432 ], [ 80.944, 28.422 ], [ 80.949, 28.41 ], [ 80.939, 28.4 ], [ 80.945, 28.389 ], [ 80.935, 28.379 ], [ 80.92, 28.38 ], [ 80.911, 28.37 ], [ 80.896, 28.372 ], [ 80.887, 28.362 ], [ 80.892, 28.351 ], [ 80.882, 28.341 ], [ 80.888, 28.329 ], [ 80.878, 28.319 ], [ 80.883, 28.308 ], [ 80.874, 28.298 ], [ 80.859, 28.299 ], [ 80.85, 28.289 ], [ 80.835, 28.291 ], [ 80.826, 28.281 ], [ 80.811, 28.283 ], [ 80.806, 28.294 ], [ 80.791, 28.296 ], [ 80.786, 28.308 ], [ 80.771, 28.309 ], [ 80.766, 28.321 ], [ 80.752, 28.322 ], [ 80.742, 28.312 ], [ 80.728, 28.314 ], [ 80.722, 28.326 ], [ 80.708, 28.327 ], [ 80.702, 28.339 ], [ 80.688, 28.34 ], [ 80.683, 28.352 ], [ 80.692, 28.362 ], [ 80.687, 28.374 ], [ 80.672, 28.375 ], [ 80.663, 28.365 ], [ 80.648, 28.367 ], [ 80.643, 28.378 ], [ 80.652, 28.388 ], [ 80.647, 28.4 ], [ 80.632, 28.402 ], [ 80.627, 28.413 ], [ 80.637, 28.423 ], [ 80.631, 28.435 ], [ 80.617, 28.436 ], [ 80.612, 28.448 ], [ 80.597, 28.449 ], [ 80.592, 28.461 ], [ 80.577, 28.463 ], [ 80.572, 28.474 ], [ 80.557, 28.476 ], [ 80.552, 28.487 ], [ 80.537, 28.489 ], [ 80.532, 28.501 ], [ 80.541, 28.511 ], [ 80.536, 28.522 ], [ 80.521, 28.524 ], [ 80.516, 28.535 ], [ 80.501, 28.537 ], [ 80.496, 28.548 ], [ 80.482, 28.55 ], [ 80.472, 28.54 ], [ 80.457, 28.542 ], [ 80.452, 28.553 ], [ 80.462, 28.563 ], [ 80.456, 28.575 ], [ 80.442, 28.576 ], [ 80.436, 28.588 ], [ 80.446, 28.598 ], [ 80.44, 28.61 ], [ 80.426, 28.611 ], [ 80.42, 28.623 ], [ 80.43, 28.633 ], [ 80.425, 28.644 ], [ 80.41, 28.646 ], [ 80.4, 28.636 ], [ 80.386, 28.638 ], [ 80.38, 28.649 ], [ 80.366, 28.651 ], [ 80.36, 28.662 ], [ 80.346, 28.664 ], [ 80.34, 28.676 ], [ 80.326, 28.677 ], [ 80.316, 28.667 ], [ 80.321, 28.656 ], [ 80.312, 28.646 ], [ 80.317, 28.634 ], [ 80.332, 28.632 ], [ 80.337, 28.621 ], [ 80.328, 28.611 ], [ 80.333, 28.599 ], [ 80.348, 28.598 ], [ 80.353, 28.586 ], [ 80.368, 28.585 ], [ 80.373, 28.573 ], [ 80.364, 28.563 ], [ 80.369, 28.551 ], [ 80.384, 28.55 ], [ 80.389, 28.538 ], [ 80.38, 28.528 ], [ 80.385, 28.517 ], [ 80.4, 28.515 ], [ 80.405, 28.503 ], [ 80.42, 28.502 ], [ 80.425, 28.49 ], [ 80.44, 28.489 ], [ 80.445, 28.477 ], [ 80.435, 28.467 ], [ 80.441, 28.456 ], [ 80.455, 28.454 ], [ 80.461, 28.442 ], [ 80.475, 28.441 ], [ 80.48, 28.429 ], [ 80.495, 28.428 ], [ 80.505, 28.438 ], [ 80.519, 28.436 ], [ 80.525, 28.424 ], [ 80.539, 28.423 ], [ 80.544, 28.411 ], [ 80.559, 28.41 ], [ 80.564, 28.398 ], [ 80.579, 28.396 ], [ 80.584, 28.385 ], [ 80.599, 28.383 ], [ 80.604, 28.372 ], [ 80.619, 28.37 ], [ 80.624, 28.359 ], [ 80.639, 28.357 ], [ 80.644, 28.345 ], [ 80.659, 28.344 ], [ 80.664, 28.332 ], [ 80.678, 28.331 ], [ 80.684, 28.319 ], [ 80.674, 28.309 ], [ 80.679, 28.297 ], [ 80.694, 28.296 ], [ 80.699, 28.284 ], [ 80.714, 28.283 ], [ 80.719, 28.271 ], [ 80.734, 28.27 ], [ 80.739, 28.258 ], [ 80.753, 28.256 ], [ 80.759, 28.245 ], [ 80.773, 28.243 ], [ 80.778, 28.232 ], [ 80.793, 28.23 ], [ 80.798, 28.218 ], [ 80.813, 28.217 ], [ 80.818, 28.205 ], [ 80.833, 28.204 ], [ 80.838, 28.192 ], [ 80.852, 28.19 ], [ 80.858, 28.179 ], [ 80.872, 28.177 ], [ 80.877, 28.166 ], [ 80.892, 28.164 ], [ 80.897, 28.153 ], [ 80.912, 28.151 ], [ 80.917, 28.139 ], [ 80.931, 28.138 ], [ 80.936, 28.126 ], [ 80.951, 28.125 ], [ 80.956, 28.113 ], [ 80.971, 28.111 ], [ 80.976, 28.1 ], [ 80.99, 28.098 ], [ 80.996, 28.087 ], [ 80.986, 28.077 ], [ 80.991, 28.065 ], [ 81.006, 28.064 ], [ 81.011, 28.052 ], [ 81.001, 28.042 ], [ 81.007, 28.031 ], [ 81.021, 28.029 ], [ 81.026, 28.018 ], [ 81.017, 28.008 ], [ 81.022, 27.996 ], [ 81.036, 27.995 ], [ 81.042, 27.983 ], [ 81.032, 27.973 ], [ 81.037, 27.962 ], [ 81.028, 27.952 ], [ 81.033, 27.94 ], [ 81.047, 27.939 ], [ 81.053, 27.927 ], [ 81.067, 27.926 ], [ 81.072, 27.914 ], [ 81.063, 27.904 ], [ 81.068, 27.893 ], [ 81.058, 27.883 ], [ 81.063, 27.871 ], [ 81.054, 27.861 ], [ 81.059, 27.85 ], [ 81.05, 27.84 ], [ 81.055, 27.829 ], [ 81.069, 27.827 ], [ 81.074, 27.815 ], [ 81.089, 27.814 ], [ 81.094, 27.802 ], [ 81.108, 27.801 ], [ 81.118, 27.811 ], [ 81.132, 27.809 ], [ 81.142, 27.819 ], [ 81.156, 27.817 ], [ 81.161, 27.806 ], [ 81.176, 27.804 ], [ 81.181, 27.792 ], [ 81.195, 27.791 ], [ 81.205, 27.801 ], [ 81.219, 27.799 ], [ 81.229, 27.809 ], [ 81.224, 27.82 ], [ 81.233, 27.83 ], [ 81.228, 27.842 ], [ 81.214, 27.843 ], [ 81.209, 27.855 ] ] ], [ [ [ 78.392, 29.638 ], [ 78.401, 29.648 ], [ 78.396, 29.66 ], [ 78.405, 29.67 ], [ 78.399, 29.682 ], [ 78.384, 29.684 ], [ 78.375, 29.673 ], [ 78.36, 29.675 ], [ 78.35, 29.664 ], [ 78.335, 29.666 ], [ 78.329, 29.678 ], [ 78.314, 29.679 ], [ 78.305, 29.669 ], [ 78.29, 29.67 ], [ 78.284, 29.682 ], [ 78.293, 29.692 ], [ 78.288, 29.704 ], [ 78.272, 29.705 ], [ 78.267, 29.717 ], [ 78.252, 29.718 ], [ 78.242, 29.708 ], [ 78.227, 29.709 ], [ 78.218, 29.699 ], [ 78.203, 29.701 ], [ 78.193, 29.69 ], [ 78.199, 29.679 ], [ 78.19, 29.668 ], [ 78.175, 29.67 ], [ 78.165, 29.659 ], [ 78.171, 29.648 ], [ 78.162, 29.637 ], [ 78.147, 29.639 ], [ 78.137, 29.629 ], [ 78.122, 29.63 ], [ 78.113, 29.62 ], [ 78.119, 29.608 ], [ 78.109, 29.598 ], [ 78.094, 29.599 ], [ 78.085, 29.589 ], [ 78.091, 29.577 ], [ 78.081, 29.567 ], [ 78.087, 29.555 ], [ 78.078, 29.545 ], [ 78.084, 29.533 ], [ 78.074, 29.523 ], [ 78.08, 29.511 ], [ 78.071, 29.501 ], [ 78.077, 29.49 ], [ 78.067, 29.479 ], [ 78.073, 29.468 ], [ 78.088, 29.466 ], [ 78.094, 29.455 ], [ 78.085, 29.444 ], [ 78.091, 29.433 ], [ 78.081, 29.422 ], [ 78.087, 29.411 ], [ 78.102, 29.409 ], [ 78.108, 29.398 ], [ 78.099, 29.387 ], [ 78.105, 29.376 ], [ 78.095, 29.366 ], [ 78.101, 29.354 ], [ 78.116, 29.353 ], [ 78.122, 29.341 ], [ 78.137, 29.34 ], [ 78.143, 29.328 ], [ 78.133, 29.318 ], [ 78.139, 29.306 ], [ 78.13, 29.296 ], [ 78.136, 29.284 ], [ 78.126, 29.274 ], [ 78.132, 29.262 ], [ 78.147, 29.261 ], [ 78.153, 29.249 ], [ 78.144, 29.239 ], [ 78.149, 29.227 ], [ 78.164, 29.226 ], [ 78.17, 29.214 ], [ 78.161, 29.204 ], [ 78.167, 29.193 ], [ 78.157, 29.182 ], [ 78.163, 29.171 ], [ 78.154, 29.16 ], [ 78.16, 29.149 ], [ 78.15, 29.139 ], [ 78.156, 29.127 ], [ 78.147, 29.117 ], [ 78.153, 29.105 ], [ 78.143, 29.095 ], [ 78.149, 29.083 ], [ 78.14, 29.073 ], [ 78.146, 29.062 ], [ 78.161, 29.06 ], [ 78.166, 29.049 ], [ 78.181, 29.047 ], [ 78.187, 29.036 ], [ 78.202, 29.034 ], [ 78.211, 29.044 ], [ 78.226, 29.043 ], [ 78.232, 29.031 ], [ 78.247, 29.03 ], [ 78.256, 29.04 ], [ 78.271, 29.039 ], [ 78.277, 29.027 ], [ 78.292, 29.026 ], [ 78.298, 29.014 ], [ 78.313, 29.013 ], [ 78.322, 29.023 ], [ 78.337, 29.022 ], [ 78.346, 29.032 ], [ 78.361, 29.03 ], [ 78.367, 29.019 ], [ 78.382, 29.017 ], [ 78.391, 29.028 ], [ 78.406, 29.026 ], [ 78.415, 29.036 ], [ 78.43, 29.035 ], [ 78.439, 29.045 ], [ 78.454, 29.044 ], [ 78.464, 29.054 ], [ 78.479, 29.053 ], [ 78.484, 29.041 ], [ 78.499, 29.04 ], [ 78.509, 29.05 ], [ 78.503, 29.061 ], [ 78.512, 29.072 ], [ 78.527, 29.07 ], [ 78.533, 29.059 ], [ 78.548, 29.057 ], [ 78.557, 29.067 ], [ 78.572, 29.066 ], [ 78.581, 29.076 ], [ 78.596, 29.075 ], [ 78.606, 29.085 ], [ 78.6, 29.096 ], [ 78.609, 29.107 ], [ 78.624, 29.105 ], [ 78.634, 29.115 ], [ 78.628, 29.127 ], [ 78.637, 29.137 ], [ 78.632, 29.149 ], [ 78.641, 29.159 ], [ 78.635, 29.171 ], [ 78.645, 29.181 ], [ 78.639, 29.192 ], [ 78.648, 29.203 ], [ 78.643, 29.214 ], [ 78.628, 29.216 ], [ 78.622, 29.227 ], [ 78.607, 29.229 ], [ 78.601, 29.24 ], [ 78.586, 29.242 ], [ 78.581, 29.253 ], [ 78.566, 29.255 ], [ 78.56, 29.267 ], [ 78.545, 29.268 ], [ 78.539, 29.28 ], [ 78.548, 29.29 ], [ 78.543, 29.301 ], [ 78.528, 29.303 ], [ 78.522, 29.315 ], [ 78.531, 29.325 ], [ 78.526, 29.336 ], [ 78.511, 29.338 ], [ 78.505, 29.349 ], [ 78.514, 29.36 ], [ 78.509, 29.371 ], [ 78.494, 29.373 ], [ 78.488, 29.384 ], [ 78.473, 29.386 ], [ 78.467, 29.397 ], [ 78.476, 29.408 ], [ 78.471, 29.419 ], [ 78.456, 29.421 ], [ 78.45, 29.432 ], [ 78.459, 29.443 ], [ 78.454, 29.454 ], [ 78.463, 29.465 ], [ 78.457, 29.476 ], [ 78.442, 29.478 ], [ 78.436, 29.489 ], [ 78.446, 29.5 ], [ 78.44, 29.511 ], [ 78.449, 29.521 ], [ 78.444, 29.533 ], [ 78.453, 29.543 ], [ 78.447, 29.555 ], [ 78.457, 29.565 ], [ 78.451, 29.577 ], [ 78.46, 29.587 ], [ 78.454, 29.599 ], [ 78.464, 29.609 ], [ 78.479, 29.608 ], [ 78.488, 29.618 ], [ 78.483, 29.63 ], [ 78.467, 29.631 ], [ 78.458, 29.621 ], [ 78.443, 29.622 ], [ 78.434, 29.612 ], [ 78.419, 29.613 ], [ 78.413, 29.625 ], [ 78.398, 29.627 ], [ 78.392, 29.638 ] ] ], [ [ [ 77.375, 29.252 ], [ 77.39, 29.251 ], [ 77.396, 29.239 ], [ 77.411, 29.238 ], [ 77.417, 29.226 ], [ 77.432, 29.225 ], [ 77.441, 29.235 ], [ 77.456, 29.234 ], [ 77.462, 29.222 ], [ 77.477, 29.221 ], [ 77.483, 29.21 ], [ 77.498, 29.208 ], [ 77.504, 29.197 ], [ 77.519, 29.195 ], [ 77.528, 29.206 ], [ 77.523, 29.217 ], [ 77.532, 29.227 ], [ 77.547, 29.226 ], [ 77.556, 29.236 ], [ 77.571, 29.235 ], [ 77.58, 29.245 ], [ 77.574, 29.257 ], [ 77.584, 29.267 ], [ 77.599, 29.266 ], [ 77.604, 29.254 ], [ 77.62, 29.253 ], [ 77.625, 29.241 ], [ 77.616, 29.231 ], [ 77.622, 29.22 ], [ 77.637, 29.218 ], [ 77.646, 29.228 ], [ 77.64, 29.24 ], [ 77.65, 29.25 ], [ 77.665, 29.249 ], [ 77.671, 29.237 ], [ 77.686, 29.236 ], [ 77.691, 29.224 ], [ 77.707, 29.223 ], [ 77.716, 29.233 ], [ 77.731, 29.232 ], [ 77.737, 29.22 ], [ 77.752, 29.219 ], [ 77.758, 29.208 ], [ 77.773, 29.206 ], [ 77.778, 29.195 ], [ 77.793, 29.193 ], [ 77.803, 29.203 ], [ 77.818, 29.202 ], [ 77.827, 29.212 ], [ 77.842, 29.211 ], [ 77.851, 29.221 ], [ 77.866, 29.22 ], [ 77.872, 29.208 ], [ 77.887, 29.207 ], [ 77.896, 29.217 ], [ 77.911, 29.216 ], [ 77.921, 29.226 ], [ 77.936, 29.225 ], [ 77.945, 29.235 ], [ 77.96, 29.234 ], [ 77.969, 29.244 ], [ 77.984, 29.243 ], [ 77.993, 29.253 ], [ 77.988, 29.264 ], [ 77.997, 29.275 ], [ 77.991, 29.286 ], [ 78.0, 29.297 ], [ 77.994, 29.308 ], [ 77.979, 29.31 ], [ 77.974, 29.321 ], [ 77.983, 29.331 ], [ 77.977, 29.343 ], [ 77.986, 29.353 ], [ 77.981, 29.365 ], [ 77.99, 29.375 ], [ 77.984, 29.387 ], [ 77.969, 29.388 ], [ 77.963, 29.4 ], [ 77.972, 29.41 ], [ 77.967, 29.422 ], [ 77.976, 29.432 ], [ 77.97, 29.444 ], [ 77.979, 29.454 ], [ 77.973, 29.466 ], [ 77.983, 29.476 ], [ 77.977, 29.488 ], [ 77.986, 29.498 ], [ 77.98, 29.509 ], [ 77.99, 29.52 ], [ 77.984, 29.531 ], [ 77.993, 29.542 ], [ 77.987, 29.553 ], [ 77.997, 29.564 ], [ 77.991, 29.575 ], [ 77.976, 29.577 ], [ 77.97, 29.588 ], [ 77.955, 29.59 ], [ 77.949, 29.601 ], [ 77.958, 29.612 ], [ 77.973, 29.61 ], [ 77.983, 29.621 ], [ 77.977, 29.632 ], [ 77.962, 29.634 ], [ 77.956, 29.645 ], [ 77.965, 29.656 ], [ 77.959, 29.667 ], [ 77.969, 29.678 ], [ 77.963, 29.689 ], [ 77.948, 29.691 ], [ 77.942, 29.702 ], [ 77.927, 29.704 ], [ 77.917, 29.693 ], [ 77.902, 29.695 ], [ 77.893, 29.684 ], [ 77.878, 29.686 ], [ 77.868, 29.675 ], [ 77.853, 29.677 ], [ 77.844, 29.667 ], [ 77.829, 29.668 ], [ 77.823, 29.68 ], [ 77.808, 29.681 ], [ 77.802, 29.693 ], [ 77.787, 29.694 ], [ 77.781, 29.706 ], [ 77.766, 29.707 ], [ 77.76, 29.719 ], [ 77.769, 29.729 ], [ 77.763, 29.741 ], [ 77.773, 29.751 ], [ 77.767, 29.763 ], [ 77.776, 29.773 ], [ 77.77, 29.785 ], [ 77.755, 29.786 ], [ 77.749, 29.798 ], [ 77.758, 29.808 ], [ 77.753, 29.82 ], [ 77.737, 29.821 ], [ 77.731, 29.833 ], [ 77.741, 29.843 ], [ 77.735, 29.855 ], [ 77.72, 29.856 ], [ 77.714, 29.868 ], [ 77.723, 29.878 ], [ 77.717, 29.89 ], [ 77.727, 29.9 ], [ 77.721, 29.912 ], [ 77.73, 29.922 ], [ 77.724, 29.934 ], [ 77.733, 29.944 ], [ 77.727, 29.956 ], [ 77.737, 29.966 ], [ 77.731, 29.978 ], [ 77.74, 29.988 ], [ 77.755, 29.987 ], [ 77.765, 29.997 ], [ 77.759, 30.009 ], [ 77.768, 30.019 ], [ 77.783, 30.018 ], [ 77.793, 30.028 ], [ 77.787, 30.04 ], [ 77.772, 30.041 ], [ 77.766, 30.053 ], [ 77.775, 30.064 ], [ 77.79, 30.062 ], [ 77.8, 30.072 ], [ 77.794, 30.084 ], [ 77.803, 30.095 ], [ 77.818, 30.093 ], [ 77.828, 30.104 ], [ 77.843, 30.102 ], [ 77.852, 30.112 ], [ 77.846, 30.124 ], [ 77.856, 30.135 ], [ 77.85, 30.146 ], [ 77.834, 30.148 ], [ 77.829, 30.159 ], [ 77.813, 30.161 ], [ 77.807, 30.173 ], [ 77.817, 30.183 ], [ 77.811, 30.195 ], [ 77.796, 30.196 ], [ 77.79, 30.208 ], [ 77.774, 30.209 ], [ 77.765, 30.199 ], [ 77.75, 30.2 ], [ 77.744, 30.212 ], [ 77.729, 30.213 ], [ 77.723, 30.225 ], [ 77.707, 30.226 ], [ 77.701, 30.238 ], [ 77.686, 30.239 ], [ 77.68, 30.251 ], [ 77.665, 30.253 ], [ 77.659, 30.264 ], [ 77.644, 30.266 ], [ 77.638, 30.277 ], [ 77.622, 30.279 ], [ 77.616, 30.29 ], [ 77.601, 30.292 ], [ 77.592, 30.281 ], [ 77.577, 30.283 ], [ 77.567, 30.272 ], [ 77.573, 30.261 ], [ 77.564, 30.25 ], [ 77.549, 30.252 ], [ 77.539, 30.241 ], [ 77.545, 30.23 ], [ 77.536, 30.219 ], [ 77.542, 30.207 ], [ 77.532, 30.197 ], [ 77.517, 30.198 ], [ 77.508, 30.188 ], [ 77.514, 30.176 ], [ 77.505, 30.166 ], [ 77.489, 30.167 ], [ 77.48, 30.157 ], [ 77.486, 30.145 ], [ 77.477, 30.135 ], [ 77.461, 30.136 ], [ 77.452, 30.126 ], [ 77.437, 30.127 ], [ 77.428, 30.117 ], [ 77.433, 30.105 ], [ 77.424, 30.095 ], [ 77.409, 30.096 ], [ 77.4, 30.086 ], [ 77.384, 30.087 ], [ 77.375, 30.077 ], [ 77.381, 30.065 ], [ 77.372, 30.054 ], [ 77.357, 30.056 ], [ 77.347, 30.045 ], [ 77.332, 30.047 ], [ 77.323, 30.036 ], [ 77.307, 30.038 ], [ 77.298, 30.027 ], [ 77.304, 30.016 ], [ 77.295, 30.005 ], [ 77.301, 29.993 ], [ 77.292, 29.983 ], [ 77.276, 29.984 ], [ 77.267, 29.974 ], [ 77.252, 29.975 ], [ 77.243, 29.965 ], [ 77.249, 29.953 ], [ 77.239, 29.943 ], [ 77.245, 29.931 ], [ 77.236, 29.921 ], [ 77.242, 29.909 ], [ 77.233, 29.899 ], [ 77.218, 29.9 ], [ 77.209, 29.89 ], [ 77.215, 29.878 ], [ 77.23, 29.877 ], [ 77.236, 29.865 ], [ 77.226, 29.855 ], [ 77.232, 29.843 ], [ 77.223, 29.833 ], [ 77.208, 29.834 ], [ 77.199, 29.824 ], [ 77.205, 29.812 ], [ 77.196, 29.802 ], [ 77.18, 29.803 ], [ 77.171, 29.792 ], [ 77.177, 29.781 ], [ 77.168, 29.77 ], [ 77.174, 29.759 ], [ 77.165, 29.748 ], [ 77.171, 29.737 ], [ 77.162, 29.726 ], [ 77.168, 29.715 ], [ 77.158, 29.704 ], [ 77.164, 29.693 ], [ 77.179, 29.691 ], [ 77.185, 29.68 ], [ 77.201, 29.678 ], [ 77.21, 29.689 ], [ 77.225, 29.688 ], [ 77.231, 29.676 ], [ 77.246, 29.675 ], [ 77.252, 29.663 ], [ 77.267, 29.662 ], [ 77.277, 29.672 ], [ 77.292, 29.671 ], [ 77.298, 29.659 ], [ 77.313, 29.658 ], [ 77.319, 29.646 ], [ 77.334, 29.645 ], [ 77.343, 29.655 ], [ 77.358, 29.654 ], [ 77.364, 29.642 ], [ 77.379, 29.641 ], [ 77.389, 29.651 ], [ 77.404, 29.65 ], [ 77.413, 29.66 ], [ 77.428, 29.659 ], [ 77.437, 29.669 ], [ 77.453, 29.668 ], [ 77.459, 29.656 ], [ 77.474, 29.655 ], [ 77.48, 29.643 ], [ 77.47, 29.633 ], [ 77.476, 29.621 ], [ 77.491, 29.62 ], [ 77.497, 29.608 ], [ 77.488, 29.598 ], [ 77.494, 29.586 ], [ 77.485, 29.576 ], [ 77.491, 29.564 ], [ 77.482, 29.554 ], [ 77.487, 29.542 ], [ 77.478, 29.532 ], [ 77.463, 29.533 ], [ 77.454, 29.523 ], [ 77.46, 29.511 ], [ 77.451, 29.501 ], [ 77.457, 29.489 ], [ 77.447, 29.479 ], [ 77.453, 29.467 ], [ 77.444, 29.457 ], [ 77.45, 29.446 ], [ 77.441, 29.435 ], [ 77.447, 29.424 ], [ 77.437, 29.413 ], [ 77.443, 29.402 ], [ 77.434, 29.391 ], [ 77.419, 29.393 ], [ 77.41, 29.382 ], [ 77.416, 29.371 ], [ 77.407, 29.36 ], [ 77.392, 29.362 ], [ 77.382, 29.351 ], [ 77.367, 29.353 ], [ 77.358, 29.342 ], [ 77.343, 29.344 ], [ 77.334, 29.333 ], [ 77.319, 29.335 ], [ 77.31, 29.324 ], [ 77.315, 29.313 ], [ 77.306, 29.302 ], [ 77.291, 29.304 ], [ 77.282, 29.293 ], [ 77.288, 29.282 ], [ 77.279, 29.272 ], [ 77.285, 29.26 ], [ 77.3, 29.259 ], [ 77.309, 29.269 ], [ 77.324, 29.268 ], [ 77.33, 29.256 ], [ 77.345, 29.255 ], [ 77.351, 29.243 ], [ 77.366, 29.242 ], [ 77.375, 29.252 ] ] ], [ [ [ 79.513, 28.851 ], [ 79.498, 28.853 ], [ 79.492, 28.864 ], [ 79.478, 28.866 ], [ 79.468, 28.856 ], [ 79.453, 28.857 ], [ 79.444, 28.847 ], [ 79.429, 28.849 ], [ 79.424, 28.86 ], [ 79.409, 28.862 ], [ 79.399, 28.852 ], [ 79.405, 28.84 ], [ 79.396, 28.83 ], [ 79.381, 28.832 ], [ 79.371, 28.821 ], [ 79.377, 28.81 ], [ 79.367, 28.8 ], [ 79.373, 28.788 ], [ 79.388, 28.787 ], [ 79.393, 28.775 ], [ 79.384, 28.765 ], [ 79.369, 28.766 ], [ 79.36, 28.756 ], [ 79.345, 28.758 ], [ 79.336, 28.748 ], [ 79.321, 28.749 ], [ 79.311, 28.739 ], [ 79.297, 28.741 ], [ 79.287, 28.731 ], [ 79.293, 28.719 ], [ 79.283, 28.709 ], [ 79.289, 28.697 ], [ 79.28, 28.687 ], [ 79.265, 28.689 ], [ 79.255, 28.679 ], [ 79.261, 28.667 ], [ 79.252, 28.657 ], [ 79.237, 28.658 ], [ 79.227, 28.648 ], [ 79.233, 28.637 ], [ 79.224, 28.627 ], [ 79.229, 28.615 ], [ 79.22, 28.605 ], [ 79.225, 28.593 ], [ 79.216, 28.583 ], [ 79.201, 28.585 ], [ 79.192, 28.575 ], [ 79.177, 28.576 ], [ 79.168, 28.566 ], [ 79.173, 28.555 ], [ 79.164, 28.545 ], [ 79.169, 28.533 ], [ 79.184, 28.532 ], [ 79.19, 28.52 ], [ 79.205, 28.518 ], [ 79.21, 28.507 ], [ 79.225, 28.505 ], [ 79.234, 28.516 ], [ 79.249, 28.514 ], [ 79.258, 28.524 ], [ 79.273, 28.523 ], [ 79.279, 28.511 ], [ 79.293, 28.51 ], [ 79.299, 28.498 ], [ 79.314, 28.497 ], [ 79.319, 28.485 ], [ 79.334, 28.484 ], [ 79.339, 28.472 ], [ 79.33, 28.462 ], [ 79.335, 28.45 ], [ 79.35, 28.449 ], [ 79.356, 28.437 ], [ 79.346, 28.427 ], [ 79.352, 28.416 ], [ 79.343, 28.406 ], [ 79.348, 28.394 ], [ 79.363, 28.393 ], [ 79.368, 28.381 ], [ 79.383, 28.38 ], [ 79.388, 28.368 ], [ 79.379, 28.358 ], [ 79.385, 28.347 ], [ 79.375, 28.336 ], [ 79.381, 28.325 ], [ 79.395, 28.323 ], [ 79.401, 28.312 ], [ 79.392, 28.302 ], [ 79.397, 28.29 ], [ 79.412, 28.289 ], [ 79.417, 28.277 ], [ 79.432, 28.276 ], [ 79.437, 28.264 ], [ 79.428, 28.254 ], [ 79.434, 28.243 ], [ 79.424, 28.233 ], [ 79.43, 28.221 ], [ 79.444, 28.22 ], [ 79.45, 28.208 ], [ 79.465, 28.207 ], [ 79.47, 28.195 ], [ 79.461, 28.185 ], [ 79.466, 28.174 ], [ 79.481, 28.172 ], [ 79.486, 28.161 ], [ 79.501, 28.159 ], [ 79.506, 28.148 ], [ 79.521, 28.146 ], [ 79.526, 28.135 ], [ 79.517, 28.125 ], [ 79.523, 28.113 ], [ 79.537, 28.112 ], [ 79.543, 28.1 ], [ 79.533, 28.09 ], [ 79.539, 28.079 ], [ 79.529, 28.069 ], [ 79.535, 28.057 ], [ 79.526, 28.047 ], [ 79.531, 28.036 ], [ 79.522, 28.026 ], [ 79.527, 28.014 ], [ 79.518, 28.004 ], [ 79.523, 27.993 ], [ 79.514, 27.983 ], [ 79.519, 27.971 ], [ 79.51, 27.961 ], [ 79.516, 27.95 ], [ 79.506, 27.94 ], [ 79.512, 27.928 ], [ 79.502, 27.918 ], [ 79.508, 27.907 ], [ 79.522, 27.905 ], [ 79.528, 27.894 ], [ 79.519, 27.884 ], [ 79.524, 27.872 ], [ 79.539, 27.871 ], [ 79.544, 27.859 ], [ 79.535, 27.849 ], [ 79.54, 27.838 ], [ 79.555, 27.836 ], [ 79.56, 27.825 ], [ 79.551, 27.815 ], [ 79.556, 27.804 ], [ 79.547, 27.794 ], [ 79.552, 27.782 ], [ 79.567, 27.781 ], [ 79.572, 27.769 ], [ 79.587, 27.768 ], [ 79.592, 27.756 ], [ 79.607, 27.755 ], [ 79.612, 27.743 ], [ 79.627, 27.742 ], [ 79.632, 27.73 ], [ 79.623, 27.72 ], [ 79.628, 27.709 ], [ 79.643, 27.707 ], [ 79.648, 27.696 ], [ 79.663, 27.695 ], [ 79.668, 27.683 ], [ 79.659, 27.673 ], [ 79.664, 27.662 ], [ 79.679, 27.66 ], [ 79.684, 27.649 ], [ 79.699, 27.647 ], [ 79.708, 27.657 ], [ 79.703, 27.669 ], [ 79.712, 27.679 ], [ 79.727, 27.677 ], [ 79.736, 27.687 ], [ 79.73, 27.699 ], [ 79.74, 27.708 ], [ 79.734, 27.72 ], [ 79.744, 27.73 ], [ 79.758, 27.728 ], [ 79.764, 27.717 ], [ 79.778, 27.715 ], [ 79.783, 27.704 ], [ 79.774, 27.694 ], [ 79.779, 27.683 ], [ 79.794, 27.681 ], [ 79.799, 27.67 ], [ 79.814, 27.668 ], [ 79.819, 27.657 ], [ 79.834, 27.655 ], [ 79.843, 27.665 ], [ 79.858, 27.664 ], [ 79.867, 27.674 ], [ 79.862, 27.685 ], [ 79.871, 27.695 ], [ 79.866, 27.706 ], [ 79.875, 27.716 ], [ 79.889, 27.715 ], [ 79.899, 27.725 ], [ 79.893, 27.736 ], [ 79.879, 27.738 ], [ 79.873, 27.749 ], [ 79.883, 27.759 ], [ 79.877, 27.771 ], [ 79.887, 27.781 ], [ 79.881, 27.792 ], [ 79.891, 27.802 ], [ 79.885, 27.813 ], [ 79.871, 27.815 ], [ 79.865, 27.826 ], [ 79.875, 27.836 ], [ 79.869, 27.848 ], [ 79.879, 27.858 ], [ 79.873, 27.869 ], [ 79.859, 27.871 ], [ 79.853, 27.882 ], [ 79.839, 27.884 ], [ 79.834, 27.895 ], [ 79.843, 27.905 ], [ 79.838, 27.917 ], [ 79.847, 27.927 ], [ 79.841, 27.938 ], [ 79.827, 27.94 ], [ 79.822, 27.951 ], [ 79.807, 27.953 ], [ 79.802, 27.964 ], [ 79.787, 27.966 ], [ 79.782, 27.977 ], [ 79.767, 27.979 ], [ 79.762, 27.99 ], [ 79.771, 28.0 ], [ 79.766, 28.012 ], [ 79.751, 28.013 ], [ 79.746, 28.025 ], [ 79.755, 28.035 ], [ 79.749, 28.046 ], [ 79.735, 28.048 ], [ 79.729, 28.059 ], [ 79.739, 28.069 ], [ 79.733, 28.081 ], [ 79.719, 28.082 ], [ 79.713, 28.094 ], [ 79.699, 28.095 ], [ 79.693, 28.107 ], [ 79.703, 28.117 ], [ 79.697, 28.128 ], [ 79.707, 28.138 ], [ 79.701, 28.15 ], [ 79.711, 28.16 ], [ 79.705, 28.171 ], [ 79.69, 28.173 ], [ 79.685, 28.184 ], [ 79.694, 28.194 ], [ 79.689, 28.206 ], [ 79.698, 28.216 ], [ 79.693, 28.227 ], [ 79.702, 28.237 ], [ 79.697, 28.249 ], [ 79.706, 28.259 ], [ 79.721, 28.257 ], [ 79.73, 28.267 ], [ 79.725, 28.279 ], [ 79.734, 28.289 ], [ 79.729, 28.3 ], [ 79.738, 28.31 ], [ 79.733, 28.322 ], [ 79.742, 28.332 ], [ 79.737, 28.343 ], [ 79.722, 28.345 ], [ 79.717, 28.357 ], [ 79.726, 28.367 ], [ 79.721, 28.378 ], [ 79.73, 28.388 ], [ 79.725, 28.4 ], [ 79.734, 28.41 ], [ 79.728, 28.421 ], [ 79.738, 28.431 ], [ 79.732, 28.443 ], [ 79.742, 28.453 ], [ 79.736, 28.464 ], [ 79.746, 28.474 ], [ 79.74, 28.486 ], [ 79.75, 28.496 ], [ 79.744, 28.508 ], [ 79.754, 28.518 ], [ 79.748, 28.529 ], [ 79.758, 28.539 ], [ 79.752, 28.551 ], [ 79.762, 28.561 ], [ 79.756, 28.572 ], [ 79.766, 28.582 ], [ 79.76, 28.594 ], [ 79.77, 28.604 ], [ 79.764, 28.616 ], [ 79.749, 28.617 ], [ 79.744, 28.629 ], [ 79.729, 28.63 ], [ 79.724, 28.642 ], [ 79.733, 28.652 ], [ 79.728, 28.664 ], [ 79.737, 28.674 ], [ 79.732, 28.685 ], [ 79.741, 28.695 ], [ 79.756, 28.694 ], [ 79.765, 28.704 ], [ 79.76, 28.715 ], [ 79.769, 28.725 ], [ 79.764, 28.737 ], [ 79.773, 28.747 ], [ 79.768, 28.759 ], [ 79.777, 28.769 ], [ 79.772, 28.78 ], [ 79.781, 28.79 ], [ 79.776, 28.802 ], [ 79.785, 28.812 ], [ 79.78, 28.824 ], [ 79.765, 28.825 ], [ 79.76, 28.837 ], [ 79.745, 28.838 ], [ 79.739, 28.85 ], [ 79.725, 28.851 ], [ 79.715, 28.841 ], [ 79.7, 28.843 ], [ 79.695, 28.855 ], [ 79.68, 28.856 ], [ 79.671, 28.846 ], [ 79.656, 28.848 ], [ 79.65, 28.859 ], [ 79.636, 28.861 ], [ 79.626, 28.851 ], [ 79.611, 28.852 ], [ 79.602, 28.842 ], [ 79.587, 28.844 ], [ 79.578, 28.833 ], [ 79.563, 28.835 ], [ 79.557, 28.847 ], [ 79.567, 28.857 ], [ 79.561, 28.868 ], [ 79.571, 28.878 ], [ 79.565, 28.89 ], [ 79.55, 28.892 ], [ 79.541, 28.881 ], [ 79.546, 28.87 ], [ 79.537, 28.86 ], [ 79.522, 28.861 ], [ 79.513, 28.851 ] ] ], [ [ [ 79.532, 27.588 ], [ 79.541, 27.598 ], [ 79.556, 27.596 ], [ 79.561, 27.585 ], [ 79.576, 27.584 ], [ 79.585, 27.593 ], [ 79.6, 27.592 ], [ 79.609, 27.602 ], [ 79.604, 27.613 ], [ 79.613, 27.623 ], [ 79.607, 27.635 ], [ 79.617, 27.645 ], [ 79.611, 27.656 ], [ 79.597, 27.658 ], [ 79.591, 27.669 ], [ 79.577, 27.671 ], [ 79.571, 27.682 ], [ 79.557, 27.683 ], [ 79.552, 27.695 ], [ 79.537, 27.696 ], [ 79.532, 27.708 ], [ 79.517, 27.709 ], [ 79.512, 27.721 ], [ 79.521, 27.731 ], [ 79.515, 27.742 ], [ 79.501, 27.744 ], [ 79.495, 27.755 ], [ 79.505, 27.765 ], [ 79.499, 27.777 ], [ 79.485, 27.778 ], [ 79.479, 27.789 ], [ 79.489, 27.799 ], [ 79.483, 27.811 ], [ 79.469, 27.812 ], [ 79.463, 27.824 ], [ 79.449, 27.825 ], [ 79.443, 27.837 ], [ 79.428, 27.838 ], [ 79.419, 27.828 ], [ 79.405, 27.83 ], [ 79.395, 27.82 ], [ 79.381, 27.821 ], [ 79.372, 27.811 ], [ 79.377, 27.8 ], [ 79.368, 27.79 ], [ 79.353, 27.791 ], [ 79.344, 27.781 ], [ 79.349, 27.77 ], [ 79.34, 27.76 ], [ 79.345, 27.748 ], [ 79.336, 27.738 ], [ 79.342, 27.727 ], [ 79.332, 27.717 ], [ 79.338, 27.706 ], [ 79.329, 27.696 ], [ 79.334, 27.684 ], [ 79.349, 27.683 ], [ 79.354, 27.671 ], [ 79.369, 27.67 ], [ 79.374, 27.658 ], [ 79.389, 27.657 ], [ 79.398, 27.667 ], [ 79.412, 27.665 ], [ 79.422, 27.675 ], [ 79.436, 27.674 ], [ 79.442, 27.662 ], [ 79.432, 27.652 ], [ 79.438, 27.641 ], [ 79.452, 27.64 ], [ 79.458, 27.628 ], [ 79.472, 27.627 ], [ 79.478, 27.615 ], [ 79.492, 27.614 ], [ 79.498, 27.602 ], [ 79.512, 27.601 ], [ 79.518, 27.589 ], [ 79.532, 27.588 ] ] ], [ [ [ 78.68, 29.255 ], [ 78.695, 29.254 ], [ 78.704, 29.264 ], [ 78.719, 29.262 ], [ 78.729, 29.272 ], [ 78.744, 29.271 ], [ 78.753, 29.281 ], [ 78.747, 29.293 ], [ 78.732, 29.294 ], [ 78.727, 29.306 ], [ 78.736, 29.316 ], [ 78.73, 29.328 ], [ 78.715, 29.329 ], [ 78.706, 29.319 ], [ 78.691, 29.321 ], [ 78.682, 29.31 ], [ 78.667, 29.312 ], [ 78.657, 29.302 ], [ 78.663, 29.29 ], [ 78.654, 29.28 ], [ 78.659, 29.268 ], [ 78.674, 29.267 ], [ 78.68, 29.255 ] ] ], [ [ [ 79.679, 27.54 ], [ 79.685, 27.529 ], [ 79.699, 27.527 ], [ 79.705, 27.516 ], [ 79.719, 27.515 ], [ 79.728, 27.524 ], [ 79.723, 27.536 ], [ 79.708, 27.537 ], [ 79.703, 27.549 ], [ 79.712, 27.559 ], [ 79.707, 27.57 ], [ 79.692, 27.572 ], [ 79.683, 27.562 ], [ 79.689, 27.55 ], [ 79.679, 27.54 ] ] ], [ [ [ 79.09, 28.464 ], [ 79.084, 28.475 ], [ 79.093, 28.485 ], [ 79.088, 28.497 ], [ 79.073, 28.498 ], [ 79.064, 28.488 ], [ 79.049, 28.49 ], [ 79.04, 28.48 ], [ 79.045, 28.468 ], [ 79.036, 28.458 ], [ 79.042, 28.447 ], [ 79.032, 28.437 ], [ 79.017, 28.438 ], [ 79.008, 28.428 ], [ 78.993, 28.429 ], [ 78.984, 28.419 ], [ 78.99, 28.408 ], [ 79.004, 28.406 ], [ 79.01, 28.395 ], [ 79.025, 28.393 ], [ 79.03, 28.382 ], [ 79.045, 28.38 ], [ 79.051, 28.369 ], [ 79.065, 28.367 ], [ 79.071, 28.356 ], [ 79.062, 28.346 ], [ 79.067, 28.334 ], [ 79.082, 28.333 ], [ 79.087, 28.321 ], [ 79.078, 28.311 ], [ 79.084, 28.3 ], [ 79.074, 28.29 ], [ 79.08, 28.278 ], [ 79.071, 28.268 ], [ 79.076, 28.256 ], [ 79.091, 28.255 ], [ 79.096, 28.243 ], [ 79.111, 28.242 ], [ 79.117, 28.231 ], [ 79.107, 28.22 ], [ 79.113, 28.209 ], [ 79.128, 28.208 ], [ 79.133, 28.196 ], [ 79.148, 28.195 ], [ 79.153, 28.183 ], [ 79.168, 28.182 ], [ 79.177, 28.192 ], [ 79.192, 28.19 ], [ 79.201, 28.2 ], [ 79.216, 28.199 ], [ 79.221, 28.187 ], [ 79.236, 28.186 ], [ 79.242, 28.174 ], [ 79.256, 28.173 ], [ 79.266, 28.183 ], [ 79.28, 28.181 ], [ 79.29, 28.191 ], [ 79.304, 28.19 ], [ 79.31, 28.178 ], [ 79.324, 28.177 ], [ 79.33, 28.165 ], [ 79.345, 28.164 ], [ 79.354, 28.174 ], [ 79.369, 28.173 ], [ 79.378, 28.183 ], [ 79.372, 28.194 ], [ 79.382, 28.204 ], [ 79.376, 28.216 ], [ 79.362, 28.217 ], [ 79.356, 28.229 ], [ 79.365, 28.239 ], [ 79.36, 28.25 ], [ 79.345, 28.252 ], [ 79.34, 28.263 ], [ 79.349, 28.273 ], [ 79.344, 28.285 ], [ 79.329, 28.286 ], [ 79.323, 28.298 ], [ 79.333, 28.308 ], [ 79.327, 28.319 ], [ 79.312, 28.321 ], [ 79.307, 28.332 ], [ 79.292, 28.334 ], [ 79.287, 28.345 ], [ 79.296, 28.355 ], [ 79.291, 28.367 ], [ 79.276, 28.368 ], [ 79.27, 28.38 ], [ 79.256, 28.381 ], [ 79.25, 28.393 ], [ 79.235, 28.394 ], [ 79.23, 28.406 ], [ 79.215, 28.407 ], [ 79.21, 28.419 ], [ 79.195, 28.42 ], [ 79.186, 28.41 ], [ 79.171, 28.412 ], [ 79.165, 28.423 ], [ 79.151, 28.425 ], [ 79.145, 28.436 ], [ 79.13, 28.438 ], [ 79.125, 28.449 ], [ 79.11, 28.451 ], [ 79.104, 28.462 ], [ 79.09, 28.464 ] ] ], [ [ [ 78.612, 29.395 ], [ 78.602, 29.385 ], [ 78.608, 29.373 ], [ 78.599, 29.363 ], [ 78.604, 29.351 ], [ 78.595, 29.341 ], [ 78.601, 29.329 ], [ 78.591, 29.319 ], [ 78.597, 29.307 ], [ 78.612, 29.306 ], [ 78.622, 29.316 ], [ 78.616, 29.328 ], [ 78.625, 29.338 ], [ 78.64, 29.337 ], [ 78.65, 29.347 ], [ 78.665, 29.345 ], [ 78.674, 29.355 ], [ 78.668, 29.367 ], [ 78.678, 29.377 ], [ 78.693, 29.376 ], [ 78.702, 29.386 ], [ 78.717, 29.385 ], [ 78.726, 29.395 ], [ 78.741, 29.393 ], [ 78.751, 29.404 ], [ 78.745, 29.415 ], [ 78.754, 29.425 ], [ 78.749, 29.437 ], [ 78.758, 29.447 ], [ 78.773, 29.446 ], [ 78.783, 29.456 ], [ 78.777, 29.468 ], [ 78.762, 29.469 ], [ 78.756, 29.481 ], [ 78.741, 29.482 ], [ 78.736, 29.494 ], [ 78.72, 29.495 ], [ 78.715, 29.507 ], [ 78.7, 29.509 ], [ 78.69, 29.498 ], [ 78.675, 29.5 ], [ 78.67, 29.512 ], [ 78.655, 29.513 ], [ 78.645, 29.503 ], [ 78.651, 29.491 ], [ 78.642, 29.481 ], [ 78.626, 29.482 ], [ 78.617, 29.472 ], [ 78.623, 29.46 ], [ 78.638, 29.459 ], [ 78.644, 29.447 ], [ 78.659, 29.446 ], [ 78.664, 29.434 ], [ 78.655, 29.424 ], [ 78.661, 29.412 ], [ 78.651, 29.402 ], [ 78.636, 29.404 ], [ 78.627, 29.393 ], [ 78.612, 29.395 ] ] ], [ [ [ 82.21, 27.824 ], [ 82.224, 27.822 ], [ 82.234, 27.832 ], [ 82.229, 27.844 ], [ 82.215, 27.845 ], [ 82.205, 27.836 ], [ 82.21, 27.824 ] ] ], [ [ [ 82.608, 27.721 ], [ 82.598, 27.711 ], [ 82.603, 27.699 ], [ 82.618, 27.698 ], [ 82.627, 27.707 ], [ 82.622, 27.719 ], [ 82.608, 27.721 ] ] ] ] } },
{ "type": "Feature", "properties": { "POLYGON.ID": 48.0, "subregion": "India--Uttar Pradesh--East_CL29028", "FILTER": "Uttar Pradesh", "POLYGON": "India--Uttar Pradesh--East_CL29028", "STATE": "Uttar Pradesh", "COUNTY": "spl_region", "OWNER": null }, "geometry": { "type": "MultiPolygon", "coordinates": [ [ [ [ 80.598, 25.07 ], [ 80.607, 25.08 ], [ 80.603, 25.091 ], [ 80.589, 25.093 ], [ 80.585, 25.105 ], [ 80.595, 25.115 ], [ 80.59, 25.126 ], [ 80.6, 25.136 ], [ 80.613, 25.134 ], [ 80.617, 25.123 ], [ 80.631, 25.121 ], [ 80.635, 25.109 ], [ 80.626, 25.099 ], [ 80.63, 25.088 ], [ 80.643, 25.086 ], [ 80.648, 25.074 ], [ 80.661, 25.072 ], [ 80.67, 25.082 ], [ 80.684, 25.08 ], [ 80.693, 25.09 ], [ 80.689, 25.102 ], [ 80.676, 25.104 ], [ 80.671, 25.115 ], [ 80.681, 25.125 ], [ 80.677, 25.137 ], [ 80.663, 25.139 ], [ 80.659, 25.15 ], [ 80.645, 25.152 ], [ 80.641, 25.164 ], [ 80.651, 25.174 ], [ 80.664, 25.172 ], [ 80.673, 25.182 ], [ 80.687, 25.18 ], [ 80.696, 25.19 ], [ 80.71, 25.188 ], [ 80.719, 25.198 ], [ 80.733, 25.196 ], [ 80.742, 25.206 ], [ 80.738, 25.217 ], [ 80.747, 25.227 ], [ 80.743, 25.239 ], [ 80.752, 25.249 ], [ 80.766, 25.247 ], [ 80.775, 25.257 ], [ 80.789, 25.255 ], [ 80.798, 25.265 ], [ 80.812, 25.263 ], [ 80.821, 25.273 ], [ 80.835, 25.271 ], [ 80.839, 25.259 ], [ 80.852, 25.257 ], [ 80.862, 25.267 ], [ 80.875, 25.265 ], [ 80.885, 25.275 ], [ 80.898, 25.273 ], [ 80.902, 25.262 ], [ 80.916, 25.26 ], [ 80.925, 25.27 ], [ 80.939, 25.268 ], [ 80.943, 25.256 ], [ 80.934, 25.246 ], [ 80.938, 25.234 ], [ 80.928, 25.225 ], [ 80.932, 25.213 ], [ 80.946, 25.211 ], [ 80.95, 25.199 ], [ 80.964, 25.197 ], [ 80.973, 25.207 ], [ 80.987, 25.205 ], [ 80.996, 25.215 ], [ 81.01, 25.213 ], [ 81.019, 25.223 ], [ 81.033, 25.221 ], [ 81.042, 25.231 ], [ 81.055, 25.229 ], [ 81.065, 25.239 ], [ 81.078, 25.237 ], [ 81.083, 25.226 ], [ 81.096, 25.224 ], [ 81.106, 25.234 ], [ 81.119, 25.232 ], [ 81.123, 25.22 ], [ 81.137, 25.218 ], [ 81.146, 25.228 ], [ 81.16, 25.226 ], [ 81.164, 25.214 ], [ 81.178, 25.212 ], [ 81.182, 25.201 ], [ 81.195, 25.199 ], [ 81.205, 25.209 ], [ 81.218, 25.207 ], [ 81.228, 25.216 ], [ 81.241, 25.215 ], [ 81.245, 25.203 ], [ 81.259, 25.201 ], [ 81.268, 25.211 ], [ 81.282, 25.209 ], [ 81.286, 25.197 ], [ 81.3, 25.195 ], [ 81.309, 25.205 ], [ 81.323, 25.203 ], [ 81.332, 25.213 ], [ 81.346, 25.211 ], [ 81.355, 25.221 ], [ 81.369, 25.219 ], [ 81.373, 25.207 ], [ 81.387, 25.205 ], [ 81.396, 25.215 ], [ 81.41, 25.213 ], [ 81.419, 25.223 ], [ 81.433, 25.221 ], [ 81.442, 25.231 ], [ 81.438, 25.243 ], [ 81.424, 25.245 ], [ 81.42, 25.256 ], [ 81.407, 25.258 ], [ 81.397, 25.248 ], [ 81.383, 25.25 ], [ 81.379, 25.262 ], [ 81.366, 25.264 ], [ 81.362, 25.276 ], [ 81.371, 25.286 ], [ 81.367, 25.297 ], [ 81.376, 25.307 ], [ 81.372, 25.319 ], [ 81.358, 25.321 ], [ 81.354, 25.333 ], [ 81.341, 25.334 ], [ 81.331, 25.325 ], [ 81.318, 25.326 ], [ 81.308, 25.317 ], [ 81.295, 25.319 ], [ 81.285, 25.309 ], [ 81.272, 25.311 ], [ 81.267, 25.322 ], [ 81.254, 25.324 ], [ 81.244, 25.314 ], [ 81.231, 25.316 ], [ 81.227, 25.328 ], [ 81.213, 25.33 ], [ 81.209, 25.342 ], [ 81.195, 25.344 ], [ 81.191, 25.355 ], [ 81.178, 25.357 ], [ 81.173, 25.369 ], [ 81.16, 25.371 ], [ 81.156, 25.382 ], [ 81.142, 25.384 ], [ 81.138, 25.396 ], [ 81.124, 25.398 ], [ 81.12, 25.41 ], [ 81.107, 25.411 ], [ 81.102, 25.423 ], [ 81.089, 25.425 ], [ 81.085, 25.437 ], [ 81.094, 25.447 ], [ 81.09, 25.458 ], [ 81.099, 25.468 ], [ 81.113, 25.466 ], [ 81.122, 25.476 ], [ 81.118, 25.488 ], [ 81.105, 25.49 ], [ 81.1, 25.501 ], [ 81.087, 25.503 ], [ 81.077, 25.493 ], [ 81.064, 25.495 ], [ 81.06, 25.507 ], [ 81.046, 25.509 ], [ 81.042, 25.52 ], [ 81.028, 25.522 ], [ 81.024, 25.534 ], [ 81.011, 25.536 ], [ 81.006, 25.548 ], [ 80.993, 25.549 ], [ 80.989, 25.561 ], [ 80.975, 25.563 ], [ 80.971, 25.575 ], [ 80.98, 25.584 ], [ 80.994, 25.583 ], [ 81.003, 25.592 ], [ 81.017, 25.59 ], [ 81.026, 25.6 ], [ 81.022, 25.612 ], [ 81.009, 25.614 ], [ 80.999, 25.604 ], [ 80.986, 25.606 ], [ 80.976, 25.596 ], [ 80.963, 25.598 ], [ 80.953, 25.588 ], [ 80.94, 25.59 ], [ 80.936, 25.602 ], [ 80.945, 25.611 ], [ 80.941, 25.623 ], [ 80.927, 25.625 ], [ 80.923, 25.637 ], [ 80.932, 25.646 ], [ 80.928, 25.658 ], [ 80.938, 25.668 ], [ 80.933, 25.679 ], [ 80.92, 25.681 ], [ 80.91, 25.672 ], [ 80.897, 25.673 ], [ 80.888, 25.664 ], [ 80.874, 25.665 ], [ 80.865, 25.656 ], [ 80.851, 25.657 ], [ 80.847, 25.669 ], [ 80.833, 25.671 ], [ 80.829, 25.682 ], [ 80.816, 25.684 ], [ 80.806, 25.674 ], [ 80.793, 25.676 ], [ 80.783, 25.666 ], [ 80.77, 25.668 ], [ 80.76, 25.658 ], [ 80.747, 25.66 ], [ 80.743, 25.672 ], [ 80.729, 25.674 ], [ 80.72, 25.664 ], [ 80.706, 25.666 ], [ 80.702, 25.677 ], [ 80.688, 25.679 ], [ 80.679, 25.669 ], [ 80.666, 25.671 ], [ 80.661, 25.683 ], [ 80.648, 25.685 ], [ 80.644, 25.696 ], [ 80.63, 25.698 ], [ 80.621, 25.688 ], [ 80.607, 25.69 ], [ 80.606, 25.694 ], [ 80.602, 25.701 ], [ 80.588, 25.703 ], [ 80.579, 25.693 ], [ 80.565, 25.695 ], [ 80.56, 25.706 ], [ 80.546, 25.707 ], [ 80.541, 25.718 ], [ 80.55, 25.728 ], [ 80.545, 25.739 ], [ 80.554, 25.749 ], [ 80.549, 25.76 ], [ 80.535, 25.762 ], [ 80.526, 25.752 ], [ 80.512, 25.753 ], [ 80.503, 25.744 ], [ 80.489, 25.745 ], [ 80.48, 25.736 ], [ 80.466, 25.737 ], [ 80.457, 25.727 ], [ 80.442, 25.729 ], [ 80.433, 25.719 ], [ 80.419, 25.721 ], [ 80.41, 25.711 ], [ 80.396, 25.712 ], [ 80.387, 25.703 ], [ 80.392, 25.692 ], [ 80.383, 25.682 ], [ 80.388, 25.671 ], [ 80.379, 25.661 ], [ 80.365, 25.663 ], [ 80.356, 25.653 ], [ 80.342, 25.654 ], [ 80.333, 25.645 ], [ 80.338, 25.634 ], [ 80.329, 25.624 ], [ 80.315, 25.625 ], [ 80.306, 25.616 ], [ 80.311, 25.604 ], [ 80.302, 25.595 ], [ 80.307, 25.584 ], [ 80.321, 25.582 ], [ 80.326, 25.571 ], [ 80.317, 25.561 ], [ 80.322, 25.55 ], [ 80.313, 25.541 ], [ 80.316, 25.533 ], [ 80.318, 25.529 ], [ 80.308, 25.519 ], [ 80.313, 25.508 ], [ 80.326, 25.506 ], [ 80.33, 25.494 ], [ 80.321, 25.485 ], [ 80.325, 25.473 ], [ 80.316, 25.463 ], [ 80.32, 25.451 ], [ 80.311, 25.442 ], [ 80.315, 25.43 ], [ 80.305, 25.42 ], [ 80.31, 25.409 ], [ 80.3, 25.399 ], [ 80.305, 25.387 ], [ 80.318, 25.385 ], [ 80.322, 25.374 ], [ 80.313, 25.364 ], [ 80.317, 25.352 ], [ 80.308, 25.342 ], [ 80.312, 25.331 ], [ 80.325, 25.329 ], [ 80.33, 25.317 ], [ 80.32, 25.307 ], [ 80.324, 25.296 ], [ 80.315, 25.286 ], [ 80.319, 25.274 ], [ 80.333, 25.272 ], [ 80.342, 25.282 ], [ 80.356, 25.28 ], [ 80.36, 25.269 ], [ 80.35, 25.259 ], [ 80.355, 25.247 ], [ 80.368, 25.245 ], [ 80.372, 25.234 ], [ 80.386, 25.232 ], [ 80.395, 25.242 ], [ 80.409, 25.24 ], [ 80.413, 25.228 ], [ 80.403, 25.218 ], [ 80.408, 25.207 ], [ 80.421, 25.205 ], [ 80.425, 25.193 ], [ 80.416, 25.183 ], [ 80.42, 25.172 ], [ 80.411, 25.162 ], [ 80.397, 25.164 ], [ 80.388, 25.154 ], [ 80.375, 25.156 ], [ 80.365, 25.146 ], [ 80.369, 25.134 ], [ 80.36, 25.124 ], [ 80.364, 25.113 ], [ 80.355, 25.103 ], [ 80.359, 25.091 ], [ 80.35, 25.081 ], [ 80.354, 25.07 ], [ 80.345, 25.06 ], [ 80.331, 25.062 ], [ 80.322, 25.052 ], [ 80.308, 25.053 ], [ 80.299, 25.044 ], [ 80.286, 25.045 ], [ 80.276, 25.036 ], [ 80.281, 25.024 ], [ 80.294, 25.022 ], [ 80.298, 25.01 ], [ 80.312, 25.009 ], [ 80.316, 24.997 ], [ 80.329, 24.995 ], [ 80.339, 25.005 ], [ 80.352, 25.003 ], [ 80.361, 25.013 ], [ 80.375, 25.011 ], [ 80.384, 25.021 ], [ 80.38, 25.033 ], [ 80.389, 25.043 ], [ 80.385, 25.054 ], [ 80.394, 25.064 ], [ 80.408, 25.062 ], [ 80.417, 25.072 ], [ 80.431, 25.07 ], [ 80.44, 25.08 ], [ 80.453, 25.078 ], [ 80.458, 25.067 ], [ 80.471, 25.065 ], [ 80.475, 25.053 ], [ 80.466, 25.043 ], [ 80.453, 25.045 ], [ 80.443, 25.035 ], [ 80.447, 25.023 ], [ 80.438, 25.014 ], [ 80.442, 25.002 ], [ 80.456, 25.0 ], [ 80.46, 24.988 ], [ 80.473, 24.987 ], [ 80.483, 24.996 ], [ 80.496, 24.995 ], [ 80.505, 25.004 ], [ 80.519, 25.003 ], [ 80.528, 25.012 ], [ 80.542, 25.011 ], [ 80.551, 25.02 ], [ 80.547, 25.032 ], [ 80.533, 25.034 ], [ 80.529, 25.046 ], [ 80.516, 25.048 ], [ 80.512, 25.059 ], [ 80.498, 25.061 ], [ 80.494, 25.073 ], [ 80.503, 25.083 ], [ 80.499, 25.094 ], [ 80.508, 25.104 ], [ 80.522, 25.102 ], [ 80.526, 25.091 ], [ 80.517, 25.081 ], [ 80.521, 25.069 ], [ 80.534, 25.067 ], [ 80.544, 25.077 ], [ 80.557, 25.075 ], [ 80.567, 25.085 ], [ 80.58, 25.083 ], [ 80.584, 25.072 ], [ 80.598, 25.07 ] ] ], [ [ [ 80.918, 27.148 ], [ 80.932, 27.146 ], [ 80.941, 27.156 ], [ 80.956, 27.155 ], [ 80.961, 27.143 ], [ 80.975, 27.142 ], [ 80.984, 27.151 ], [ 80.999, 27.15 ], [ 81.004, 27.139 ], [ 81.018, 27.137 ], [ 81.023, 27.126 ], [ 81.014, 27.116 ], [ 81.019, 27.104 ], [ 81.033, 27.103 ], [ 81.038, 27.091 ], [ 81.029, 27.082 ], [ 81.034, 27.07 ], [ 81.025, 27.06 ], [ 81.01, 27.062 ], [ 81.005, 27.073 ], [ 80.991, 27.075 ], [ 80.982, 27.065 ], [ 80.987, 27.054 ], [ 80.977, 27.044 ], [ 80.982, 27.033 ], [ 80.997, 27.031 ], [ 81.002, 27.02 ], [ 80.993, 27.01 ], [ 80.998, 26.999 ], [ 81.012, 26.997 ], [ 81.017, 26.986 ], [ 81.031, 26.984 ], [ 81.036, 26.973 ], [ 81.051, 26.971 ], [ 81.056, 26.96 ], [ 81.046, 26.95 ], [ 81.051, 26.939 ], [ 81.066, 26.937 ], [ 81.071, 26.926 ], [ 81.061, 26.916 ], [ 81.066, 26.904 ], [ 81.081, 26.903 ], [ 81.09, 26.913 ], [ 81.104, 26.911 ], [ 81.109, 26.9 ], [ 81.1, 26.89 ], [ 81.105, 26.879 ], [ 81.096, 26.869 ], [ 81.101, 26.857 ], [ 81.091, 26.848 ], [ 81.096, 26.836 ], [ 81.111, 26.835 ], [ 81.12, 26.845 ], [ 81.134, 26.843 ], [ 81.139, 26.832 ], [ 81.13, 26.822 ], [ 81.135, 26.811 ], [ 81.149, 26.809 ], [ 81.154, 26.798 ], [ 81.169, 26.796 ], [ 81.174, 26.785 ], [ 81.188, 26.783 ], [ 81.197, 26.793 ], [ 81.211, 26.791 ], [ 81.216, 26.78 ], [ 81.207, 26.77 ], [ 81.193, 26.772 ], [ 81.184, 26.762 ], [ 81.189, 26.751 ], [ 81.203, 26.749 ], [ 81.208, 26.738 ], [ 81.198, 26.728 ], [ 81.203, 26.717 ], [ 81.218, 26.715 ], [ 81.223, 26.704 ], [ 81.213, 26.694 ], [ 81.199, 26.696 ], [ 81.19, 26.686 ], [ 81.195, 26.675 ], [ 81.186, 26.665 ], [ 81.171, 26.666 ], [ 81.162, 26.657 ], [ 81.167, 26.645 ], [ 81.158, 26.636 ], [ 81.163, 26.624 ], [ 81.177, 26.623 ], [ 81.182, 26.611 ], [ 81.173, 26.602 ], [ 81.158, 26.603 ], [ 81.149, 26.594 ], [ 81.154, 26.582 ], [ 81.145, 26.573 ], [ 81.131, 26.574 ], [ 81.121, 26.564 ], [ 81.107, 26.566 ], [ 81.098, 26.556 ], [ 81.103, 26.545 ], [ 81.094, 26.535 ], [ 81.079, 26.537 ], [ 81.07, 26.527 ], [ 81.075, 26.516 ], [ 81.066, 26.506 ], [ 81.052, 26.508 ], [ 81.047, 26.519 ], [ 81.033, 26.521 ], [ 81.028, 26.532 ], [ 81.013, 26.533 ], [ 81.004, 26.524 ], [ 81.009, 26.512 ], [ 81.0, 26.503 ], [ 81.005, 26.491 ], [ 80.996, 26.482 ], [ 81.001, 26.47 ], [ 80.991, 26.461 ], [ 80.996, 26.449 ], [ 81.011, 26.448 ], [ 81.016, 26.436 ], [ 81.006, 26.427 ], [ 81.011, 26.415 ], [ 81.026, 26.414 ], [ 81.031, 26.403 ], [ 81.021, 26.393 ], [ 81.026, 26.382 ], [ 81.041, 26.38 ], [ 81.045, 26.369 ], [ 81.036, 26.359 ], [ 81.022, 26.361 ], [ 81.013, 26.351 ], [ 80.999, 26.353 ], [ 80.989, 26.343 ], [ 80.994, 26.332 ], [ 80.985, 26.322 ], [ 80.99, 26.311 ], [ 80.981, 26.301 ], [ 80.967, 26.302 ], [ 80.962, 26.314 ], [ 80.948, 26.315 ], [ 80.943, 26.327 ], [ 80.952, 26.336 ], [ 80.947, 26.348 ], [ 80.933, 26.349 ], [ 80.923, 26.339 ], [ 80.909, 26.341 ], [ 80.904, 26.352 ], [ 80.89, 26.354 ], [ 80.885, 26.365 ], [ 80.871, 26.367 ], [ 80.866, 26.378 ], [ 80.852, 26.379 ], [ 80.842, 26.37 ], [ 80.847, 26.358 ], [ 80.838, 26.349 ], [ 80.843, 26.337 ], [ 80.857, 26.336 ], [ 80.863, 26.325 ], [ 80.877, 26.323 ], [ 80.882, 26.312 ], [ 80.873, 26.302 ], [ 80.878, 26.291 ], [ 80.868, 26.281 ], [ 80.873, 26.27 ], [ 80.864, 26.26 ], [ 80.85, 26.262 ], [ 80.841, 26.252 ], [ 80.846, 26.241 ], [ 80.837, 26.231 ], [ 80.822, 26.233 ], [ 80.813, 26.223 ], [ 80.818, 26.212 ], [ 80.809, 26.202 ], [ 80.795, 26.203 ], [ 80.79, 26.215 ], [ 80.776, 26.216 ], [ 80.767, 26.206 ], [ 80.772, 26.195 ], [ 80.762, 26.186 ], [ 80.748, 26.187 ], [ 80.739, 26.177 ], [ 80.725, 26.179 ], [ 80.716, 26.169 ], [ 80.702, 26.171 ], [ 80.692, 26.161 ], [ 80.697, 26.15 ], [ 80.688, 26.14 ], [ 80.693, 26.129 ], [ 80.708, 26.127 ], [ 80.717, 26.137 ], [ 80.731, 26.135 ], [ 80.736, 26.124 ], [ 80.75, 26.123 ], [ 80.755, 26.111 ], [ 80.769, 26.11 ], [ 80.778, 26.12 ], [ 80.793, 26.118 ], [ 80.798, 26.107 ], [ 80.812, 26.105 ], [ 80.817, 26.094 ], [ 80.808, 26.084 ], [ 80.813, 26.073 ], [ 80.803, 26.063 ], [ 80.808, 26.052 ], [ 80.823, 26.051 ], [ 80.832, 26.06 ], [ 80.846, 26.059 ], [ 80.855, 26.069 ], [ 80.869, 26.067 ], [ 80.878, 26.077 ], [ 80.892, 26.075 ], [ 80.897, 26.064 ], [ 80.912, 26.062 ], [ 80.921, 26.072 ], [ 80.935, 26.071 ], [ 80.944, 26.08 ], [ 80.958, 26.079 ], [ 80.967, 26.088 ], [ 80.981, 26.087 ], [ 80.991, 26.097 ], [ 81.005, 26.095 ], [ 81.014, 26.105 ], [ 81.028, 26.103 ], [ 81.033, 26.092 ], [ 81.047, 26.09 ], [ 81.052, 26.079 ], [ 81.043, 26.069 ], [ 81.048, 26.058 ], [ 81.062, 26.057 ], [ 81.067, 26.045 ], [ 81.058, 26.036 ], [ 81.063, 26.025 ], [ 81.077, 26.023 ], [ 81.082, 26.012 ], [ 81.096, 26.01 ], [ 81.101, 25.999 ], [ 81.115, 25.997 ], [ 81.12, 25.986 ], [ 81.134, 25.985 ], [ 81.143, 25.994 ], [ 81.15, 25.994 ], [ 81.157, 25.993 ], [ 81.161, 25.981 ], [ 81.175, 25.979 ], [ 81.184, 25.989 ], [ 81.198, 25.987 ], [ 81.202, 25.975 ], [ 81.216, 25.974 ], [ 81.22, 25.962 ], [ 81.234, 25.96 ], [ 81.238, 25.949 ], [ 81.228, 25.939 ], [ 81.232, 25.927 ], [ 81.246, 25.925 ], [ 81.25, 25.914 ], [ 81.241, 25.904 ], [ 81.245, 25.892 ], [ 81.236, 25.882 ], [ 81.24, 25.871 ], [ 81.253, 25.869 ], [ 81.263, 25.879 ], [ 81.276, 25.877 ], [ 81.281, 25.865 ], [ 81.294, 25.863 ], [ 81.298, 25.852 ], [ 81.312, 25.85 ], [ 81.316, 25.838 ], [ 81.33, 25.836 ], [ 81.334, 25.825 ], [ 81.348, 25.823 ], [ 81.352, 25.811 ], [ 81.365, 25.809 ], [ 81.37, 25.797 ], [ 81.383, 25.796 ], [ 81.387, 25.784 ], [ 81.401, 25.782 ], [ 81.405, 25.77 ], [ 81.419, 25.769 ], [ 81.423, 25.757 ], [ 81.413, 25.747 ], [ 81.418, 25.735 ], [ 81.408, 25.726 ], [ 81.412, 25.714 ], [ 81.403, 25.704 ], [ 81.407, 25.692 ], [ 81.421, 25.691 ], [ 81.425, 25.679 ], [ 81.439, 25.677 ], [ 81.448, 25.687 ], [ 81.462, 25.685 ], [ 81.466, 25.673 ], [ 81.479, 25.671 ], [ 81.489, 25.681 ], [ 81.503, 25.679 ], [ 81.512, 25.689 ], [ 81.526, 25.687 ], [ 81.53, 25.675 ], [ 81.52, 25.666 ], [ 81.524, 25.654 ], [ 81.538, 25.652 ], [ 81.542, 25.64 ], [ 81.533, 25.63 ], [ 81.537, 25.619 ], [ 81.551, 25.617 ], [ 81.555, 25.605 ], [ 81.568, 25.603 ], [ 81.578, 25.613 ], [ 81.592, 25.611 ], [ 81.601, 25.621 ], [ 81.615, 25.619 ], [ 81.619, 25.607 ], [ 81.632, 25.605 ], [ 81.642, 25.615 ], [ 81.656, 25.613 ], [ 81.66, 25.602 ], [ 81.65, 25.592 ], [ 81.654, 25.58 ], [ 81.668, 25.578 ], [ 81.672, 25.566 ], [ 81.663, 25.557 ], [ 81.667, 25.545 ], [ 81.681, 25.543 ], [ 81.685, 25.531 ], [ 81.698, 25.529 ], [ 81.708, 25.539 ], [ 81.722, 25.537 ], [ 81.726, 25.525 ], [ 81.739, 25.524 ], [ 81.743, 25.512 ], [ 81.757, 25.51 ], [ 81.767, 25.52 ], [ 81.78, 25.518 ], [ 81.79, 25.528 ], [ 81.803, 25.526 ], [ 81.813, 25.535 ], [ 81.827, 25.533 ], [ 81.836, 25.543 ], [ 81.85, 25.541 ], [ 81.854, 25.53 ], [ 81.868, 25.528 ], [ 81.877, 25.537 ], [ 81.891, 25.536 ], [ 81.9, 25.545 ], [ 81.914, 25.543 ], [ 81.918, 25.532 ], [ 81.932, 25.53 ], [ 81.936, 25.518 ], [ 81.95, 25.516 ], [ 81.954, 25.504 ], [ 81.944, 25.494 ], [ 81.948, 25.483 ], [ 81.939, 25.473 ], [ 81.943, 25.461 ], [ 81.934, 25.451 ], [ 81.938, 25.44 ], [ 81.928, 25.43 ], [ 81.932, 25.418 ], [ 81.923, 25.408 ], [ 81.927, 25.396 ], [ 81.941, 25.394 ], [ 81.945, 25.383 ], [ 81.959, 25.381 ], [ 81.963, 25.369 ], [ 81.976, 25.367 ], [ 81.986, 25.377 ], [ 82.0, 25.375 ], [ 82.009, 25.385 ], [ 82.023, 25.383 ], [ 82.027, 25.371 ], [ 82.041, 25.369 ], [ 82.05, 25.379 ], [ 82.064, 25.377 ], [ 82.068, 25.365 ], [ 82.082, 25.363 ], [ 82.086, 25.351 ], [ 82.099, 25.349 ], [ 82.104, 25.337 ], [ 82.094, 25.328 ], [ 82.098, 25.316 ], [ 82.089, 25.306 ], [ 82.093, 25.294 ], [ 82.107, 25.292 ], [ 82.116, 25.302 ], [ 82.13, 25.3 ], [ 82.139, 25.31 ], [ 82.135, 25.322 ], [ 82.145, 25.332 ], [ 82.158, 25.33 ], [ 82.168, 25.339 ], [ 82.181, 25.337 ], [ 82.186, 25.326 ], [ 82.199, 25.324 ], [ 82.203, 25.312 ], [ 82.217, 25.31 ], [ 82.221, 25.298 ], [ 82.235, 25.296 ], [ 82.239, 25.284 ], [ 82.23, 25.274 ], [ 82.234, 25.263 ], [ 82.248, 25.261 ], [ 82.257, 25.27 ], [ 82.253, 25.282 ], [ 82.262, 25.292 ], [ 82.276, 25.29 ], [ 82.28, 25.278 ], [ 82.294, 25.276 ], [ 82.303, 25.286 ], [ 82.317, 25.284 ], [ 82.321, 25.272 ], [ 82.335, 25.27 ], [ 82.339, 25.258 ], [ 82.33, 25.249 ], [ 82.334, 25.237 ], [ 82.348, 25.235 ], [ 82.357, 25.245 ], [ 82.353, 25.256 ], [ 82.362, 25.266 ], [ 82.376, 25.264 ], [ 82.386, 25.274 ], [ 82.399, 25.272 ], [ 82.409, 25.282 ], [ 82.423, 25.28 ], [ 82.427, 25.268 ], [ 82.44, 25.266 ], [ 82.445, 25.254 ], [ 82.458, 25.252 ], [ 82.463, 25.24 ], [ 82.476, 25.238 ], [ 82.48, 25.226 ], [ 82.494, 25.224 ], [ 82.498, 25.213 ], [ 82.512, 25.211 ], [ 82.516, 25.199 ], [ 82.507, 25.189 ], [ 82.511, 25.177 ], [ 82.524, 25.175 ], [ 82.534, 25.185 ], [ 82.548, 25.183 ], [ 82.552, 25.171 ], [ 82.566, 25.169 ], [ 82.575, 25.179 ], [ 82.571, 25.191 ], [ 82.557, 25.193 ], [ 82.553, 25.204 ], [ 82.539, 25.206 ], [ 82.535, 25.218 ], [ 82.545, 25.228 ], [ 82.558, 25.226 ], [ 82.568, 25.236 ], [ 82.582, 25.234 ], [ 82.591, 25.244 ], [ 82.605, 25.242 ], [ 82.615, 25.251 ], [ 82.628, 25.249 ], [ 82.633, 25.238 ], [ 82.646, 25.235 ], [ 82.656, 25.245 ], [ 82.67, 25.243 ], [ 82.674, 25.231 ], [ 82.687, 25.229 ], [ 82.692, 25.217 ], [ 82.705, 25.215 ], [ 82.709, 25.204 ], [ 82.723, 25.202 ], [ 82.727, 25.19 ], [ 82.741, 25.188 ], [ 82.745, 25.176 ], [ 82.759, 25.174 ], [ 82.763, 25.162 ], [ 82.777, 25.16 ], [ 82.781, 25.148 ], [ 82.795, 25.146 ], [ 82.799, 25.134 ], [ 82.813, 25.132 ], [ 82.822, 25.142 ], [ 82.836, 25.14 ], [ 82.84, 25.128 ], [ 82.854, 25.126 ], [ 82.863, 25.136 ], [ 82.859, 25.147 ], [ 82.869, 25.157 ], [ 82.865, 25.169 ], [ 82.874, 25.179 ], [ 82.87, 25.191 ], [ 82.88, 25.201 ], [ 82.893, 25.198 ], [ 82.903, 25.208 ], [ 82.917, 25.206 ], [ 82.926, 25.216 ], [ 82.94, 25.214 ], [ 82.95, 25.224 ], [ 82.964, 25.222 ], [ 82.973, 25.231 ], [ 82.987, 25.229 ], [ 82.997, 25.239 ], [ 83.01, 25.237 ], [ 83.02, 25.247 ], [ 83.016, 25.259 ], [ 83.002, 25.261 ], [ 82.998, 25.273 ], [ 83.007, 25.282 ], [ 83.003, 25.294 ], [ 82.989, 25.296 ], [ 82.985, 25.308 ], [ 82.995, 25.318 ], [ 83.009, 25.316 ], [ 83.018, 25.326 ], [ 83.014, 25.338 ], [ 83.024, 25.347 ], [ 83.038, 25.345 ], [ 83.047, 25.355 ], [ 83.061, 25.353 ], [ 83.065, 25.341 ], [ 83.079, 25.339 ], [ 83.088, 25.349 ], [ 83.102, 25.347 ], [ 83.112, 25.357 ], [ 83.126, 25.354 ], [ 83.135, 25.364 ], [ 83.131, 25.376 ], [ 83.141, 25.386 ], [ 83.155, 25.384 ], [ 83.164, 25.394 ], [ 83.16, 25.405 ], [ 83.146, 25.408 ], [ 83.142, 25.419 ], [ 83.128, 25.421 ], [ 83.124, 25.433 ], [ 83.11, 25.435 ], [ 83.106, 25.447 ], [ 83.116, 25.457 ], [ 83.112, 25.469 ], [ 83.121, 25.479 ], [ 83.135, 25.477 ], [ 83.145, 25.486 ], [ 83.141, 25.498 ], [ 83.15, 25.508 ], [ 83.146, 25.52 ], [ 83.156, 25.53 ], [ 83.169, 25.527 ], [ 83.179, 25.537 ], [ 83.175, 25.549 ], [ 83.185, 25.559 ], [ 83.198, 25.557 ], [ 83.203, 25.545 ], [ 83.216, 25.543 ], [ 83.226, 25.553 ], [ 83.24, 25.551 ], [ 83.244, 25.539 ], [ 83.258, 25.537 ], [ 83.262, 25.525 ], [ 83.276, 25.523 ], [ 83.285, 25.532 ], [ 83.299, 25.53 ], [ 83.303, 25.519 ], [ 83.317, 25.516 ], [ 83.321, 25.505 ], [ 83.335, 25.503 ], [ 83.339, 25.491 ], [ 83.353, 25.489 ], [ 83.363, 25.498 ], [ 83.376, 25.496 ], [ 83.386, 25.506 ], [ 83.4, 25.504 ], [ 83.41, 25.514 ], [ 83.423, 25.512 ], [ 83.428, 25.5 ], [ 83.441, 25.498 ], [ 83.446, 25.486 ], [ 83.459, 25.484 ], [ 83.469, 25.493 ], [ 83.465, 25.505 ], [ 83.474, 25.515 ], [ 83.47, 25.527 ], [ 83.48, 25.537 ], [ 83.494, 25.535 ], [ 83.503, 25.544 ], [ 83.517, 25.542 ], [ 83.527, 25.552 ], [ 83.541, 25.55 ], [ 83.55, 25.56 ], [ 83.546, 25.571 ], [ 83.556, 25.581 ], [ 83.57, 25.579 ], [ 83.58, 25.589 ], [ 83.593, 25.587 ], [ 83.603, 25.596 ], [ 83.599, 25.608 ], [ 83.609, 25.618 ], [ 83.622, 25.616 ], [ 83.632, 25.626 ], [ 83.646, 25.624 ], [ 83.656, 25.633 ], [ 83.669, 25.631 ], [ 83.679, 25.641 ], [ 83.693, 25.639 ], [ 83.697, 25.627 ], [ 83.711, 25.625 ], [ 83.715, 25.613 ], [ 83.729, 25.611 ], [ 83.739, 25.621 ], [ 83.753, 25.619 ], [ 83.757, 25.607 ], [ 83.771, 25.605 ], [ 83.775, 25.593 ], [ 83.789, 25.591 ], [ 83.793, 25.579 ], [ 83.783, 25.569 ], [ 83.787, 25.557 ], [ 83.801, 25.555 ], [ 83.805, 25.543 ], [ 83.819, 25.541 ], [ 83.823, 25.529 ], [ 83.837, 25.527 ], [ 83.847, 25.537 ], [ 83.861, 25.534 ], [ 83.87, 25.544 ], [ 83.884, 25.542 ], [ 83.894, 25.552 ], [ 83.89, 25.564 ], [ 83.899, 25.573 ], [ 83.913, 25.571 ], [ 83.923, 25.581 ], [ 83.937, 25.579 ], [ 83.947, 25.589 ], [ 83.96, 25.586 ], [ 83.97, 25.596 ], [ 83.966, 25.608 ], [ 83.976, 25.618 ], [ 83.99, 25.616 ], [ 83.999, 25.625 ], [ 83.995, 25.637 ], [ 84.005, 25.647 ], [ 84.001, 25.659 ], [ 84.01, 25.669 ], [ 84.024, 25.667 ], [ 84.034, 25.676 ], [ 84.03, 25.688 ], [ 84.04, 25.698 ], [ 84.035, 25.71 ], [ 84.045, 25.719 ], [ 84.041, 25.731 ], [ 84.051, 25.741 ], [ 84.047, 25.753 ], [ 84.056, 25.763 ], [ 84.07, 25.761 ], [ 84.08, 25.77 ], [ 84.094, 25.768 ], [ 84.098, 25.756 ], [ 84.112, 25.754 ], [ 84.122, 25.764 ], [ 84.136, 25.762 ], [ 84.14, 25.75 ], [ 84.154, 25.748 ], [ 84.163, 25.757 ], [ 84.177, 25.755 ], [ 84.187, 25.765 ], [ 84.201, 25.763 ], [ 84.205, 25.751 ], [ 84.219, 25.749 ], [ 84.229, 25.758 ], [ 84.243, 25.756 ], [ 84.247, 25.744 ], [ 84.261, 25.742 ], [ 84.27, 25.752 ], [ 84.284, 25.75 ], [ 84.294, 25.759 ], [ 84.308, 25.757 ], [ 84.318, 25.767 ], [ 84.332, 25.765 ], [ 84.341, 25.775 ], [ 84.355, 25.772 ], [ 84.365, 25.782 ], [ 84.379, 25.78 ], [ 84.389, 25.79 ], [ 84.403, 25.787 ], [ 84.412, 25.797 ], [ 84.426, 25.795 ], [ 84.43, 25.783 ], [ 84.444, 25.781 ], [ 84.449, 25.769 ], [ 84.462, 25.767 ], [ 84.467, 25.755 ], [ 84.48, 25.753 ], [ 84.485, 25.741 ], [ 84.499, 25.739 ], [ 84.503, 25.727 ], [ 84.517, 25.725 ], [ 84.526, 25.734 ], [ 84.54, 25.732 ], [ 84.55, 25.742 ], [ 84.564, 25.74 ], [ 84.574, 25.749 ], [ 84.57, 25.761 ], [ 84.556, 25.763 ], [ 84.552, 25.775 ], [ 84.538, 25.777 ], [ 84.534, 25.789 ], [ 84.52, 25.792 ], [ 84.515, 25.803 ], [ 84.502, 25.806 ], [ 84.497, 25.818 ], [ 84.483, 25.82 ], [ 84.474, 25.81 ], [ 84.46, 25.812 ], [ 84.456, 25.824 ], [ 84.442, 25.826 ], [ 84.438, 25.838 ], [ 84.424, 25.84 ], [ 84.419, 25.852 ], [ 84.406, 25.854 ], [ 84.401, 25.866 ], [ 84.388, 25.868 ], [ 84.383, 25.88 ], [ 84.369, 25.883 ], [ 84.365, 25.894 ], [ 84.351, 25.897 ], [ 84.347, 25.908 ], [ 84.333, 25.911 ], [ 84.324, 25.901 ], [ 84.31, 25.903 ], [ 84.305, 25.915 ], [ 84.292, 25.917 ], [ 84.282, 25.907 ], [ 84.268, 25.91 ], [ 84.264, 25.921 ], [ 84.25, 25.924 ], [ 84.246, 25.935 ], [ 84.232, 25.938 ], [ 84.228, 25.949 ], [ 84.214, 25.952 ], [ 84.21, 25.963 ], [ 84.196, 25.966 ], [ 84.192, 25.977 ], [ 84.178, 25.98 ], [ 84.173, 25.991 ], [ 84.16, 25.994 ], [ 84.155, 26.005 ], [ 84.142, 26.008 ], [ 84.137, 26.019 ], [ 84.123, 26.022 ], [ 84.119, 26.033 ], [ 84.105, 26.036 ], [ 84.101, 26.047 ], [ 84.087, 26.05 ], [ 84.083, 26.061 ], [ 84.069, 26.063 ], [ 84.06, 26.054 ], [ 84.046, 26.056 ], [ 84.042, 26.068 ], [ 84.028, 26.07 ], [ 84.023, 26.082 ], [ 84.01, 26.084 ], [ 84.0, 26.074 ], [ 83.986, 26.076 ], [ 83.982, 26.088 ], [ 83.968, 26.09 ], [ 83.958, 26.08 ], [ 83.944, 26.083 ], [ 83.94, 26.094 ], [ 83.926, 26.097 ], [ 83.916, 26.087 ], [ 83.903, 26.089 ], [ 83.898, 26.101 ], [ 83.885, 26.103 ], [ 83.88, 26.115 ], [ 83.867, 26.117 ], [ 83.862, 26.129 ], [ 83.848, 26.131 ], [ 83.844, 26.142 ], [ 83.83, 26.145 ], [ 83.826, 26.156 ], [ 83.812, 26.158 ], [ 83.808, 26.17 ], [ 83.794, 26.172 ], [ 83.79, 26.184 ], [ 83.776, 26.186 ], [ 83.772, 26.198 ], [ 83.758, 26.2 ], [ 83.754, 26.212 ], [ 83.74, 26.214 ], [ 83.736, 26.226 ], [ 83.722, 26.228 ], [ 83.718, 26.24 ], [ 83.704, 26.242 ], [ 83.694, 26.232 ], [ 83.681, 26.234 ], [ 83.671, 26.224 ], [ 83.657, 26.226 ], [ 83.647, 26.217 ], [ 83.633, 26.219 ], [ 83.624, 26.209 ], [ 83.61, 26.211 ], [ 83.6, 26.201 ], [ 83.586, 26.204 ], [ 83.582, 26.215 ], [ 83.568, 26.217 ], [ 83.564, 26.229 ], [ 83.55, 26.231 ], [ 83.546, 26.243 ], [ 83.532, 26.245 ], [ 83.528, 26.257 ], [ 83.514, 26.259 ], [ 83.504, 26.249 ], [ 83.509, 26.237 ], [ 83.499, 26.228 ], [ 83.503, 26.216 ], [ 83.493, 26.206 ], [ 83.48, 26.208 ], [ 83.47, 26.199 ], [ 83.456, 26.201 ], [ 83.446, 26.191 ], [ 83.432, 26.193 ], [ 83.428, 26.205 ], [ 83.438, 26.214 ], [ 83.434, 26.226 ], [ 83.42, 26.228 ], [ 83.416, 26.24 ], [ 83.402, 26.242 ], [ 83.398, 26.254 ], [ 83.384, 26.256 ], [ 83.38, 26.268 ], [ 83.366, 26.27 ], [ 83.362, 26.281 ], [ 83.348, 26.283 ], [ 83.344, 26.295 ], [ 83.33, 26.297 ], [ 83.326, 26.309 ], [ 83.312, 26.311 ], [ 83.308, 26.323 ], [ 83.294, 26.325 ], [ 83.29, 26.337 ], [ 83.276, 26.339 ], [ 83.266, 26.329 ], [ 83.252, 26.331 ], [ 83.248, 26.343 ], [ 83.234, 26.345 ], [ 83.225, 26.335 ], [ 83.211, 26.337 ], [ 83.207, 26.349 ], [ 83.193, 26.351 ], [ 83.183, 26.341 ], [ 83.169, 26.343 ], [ 83.16, 26.333 ], [ 83.146, 26.335 ], [ 83.142, 26.347 ], [ 83.128, 26.349 ], [ 83.124, 26.361 ], [ 83.11, 26.363 ], [ 83.1, 26.353 ], [ 83.086, 26.355 ], [ 83.082, 26.367 ], [ 83.068, 26.369 ], [ 83.064, 26.381 ], [ 83.05, 26.383 ], [ 83.046, 26.394 ], [ 83.056, 26.404 ], [ 83.052, 26.416 ], [ 83.038, 26.418 ], [ 83.034, 26.429 ], [ 83.02, 26.431 ], [ 83.016, 26.443 ], [ 83.002, 26.445 ], [ 82.998, 26.457 ], [ 82.984, 26.459 ], [ 82.98, 26.47 ], [ 82.966, 26.472 ], [ 82.962, 26.484 ], [ 82.948, 26.486 ], [ 82.938, 26.476 ], [ 82.925, 26.478 ], [ 82.92, 26.49 ], [ 82.907, 26.492 ], [ 82.897, 26.482 ], [ 82.883, 26.484 ], [ 82.879, 26.496 ], [ 82.865, 26.498 ], [ 82.861, 26.51 ], [ 82.847, 26.512 ], [ 82.843, 26.523 ], [ 82.853, 26.533 ], [ 82.848, 26.545 ], [ 82.835, 26.547 ], [ 82.825, 26.537 ], [ 82.811, 26.539 ], [ 82.807, 26.551 ], [ 82.793, 26.553 ], [ 82.784, 26.543 ], [ 82.77, 26.545 ], [ 82.76, 26.535 ], [ 82.746, 26.537 ], [ 82.737, 26.527 ], [ 82.723, 26.529 ], [ 82.713, 26.52 ], [ 82.699, 26.522 ], [ 82.695, 26.533 ], [ 82.682, 26.535 ], [ 82.672, 26.525 ], [ 82.658, 26.527 ], [ 82.654, 26.539 ], [ 82.64, 26.541 ], [ 82.636, 26.553 ], [ 82.622, 26.555 ], [ 82.613, 26.545 ], [ 82.599, 26.547 ], [ 82.595, 26.559 ], [ 82.581, 26.56 ], [ 82.577, 26.572 ], [ 82.563, 26.574 ], [ 82.559, 26.586 ], [ 82.545, 26.588 ], [ 82.541, 26.599 ], [ 82.527, 26.601 ], [ 82.523, 26.613 ], [ 82.509, 26.615 ], [ 82.505, 26.626 ], [ 82.491, 26.628 ], [ 82.487, 26.64 ], [ 82.473, 26.642 ], [ 82.463, 26.632 ], [ 82.468, 26.621 ], [ 82.458, 26.611 ], [ 82.444, 26.613 ], [ 82.44, 26.624 ], [ 82.426, 26.626 ], [ 82.422, 26.638 ], [ 82.408, 26.64 ], [ 82.399, 26.63 ], [ 82.385, 26.632 ], [ 82.381, 26.644 ], [ 82.367, 26.646 ], [ 82.366, 26.649 ], [ 82.362, 26.657 ], [ 82.348, 26.659 ], [ 82.344, 26.67 ], [ 82.329, 26.672 ], [ 82.325, 26.683 ], [ 82.311, 26.685 ], [ 82.306, 26.696 ], [ 82.292, 26.698 ], [ 82.287, 26.709 ], [ 82.273, 26.711 ], [ 82.268, 26.722 ], [ 82.254, 26.724 ], [ 82.249, 26.735 ], [ 82.235, 26.737 ], [ 82.23, 26.748 ], [ 82.239, 26.758 ], [ 82.235, 26.769 ], [ 82.22, 26.771 ], [ 82.216, 26.782 ], [ 82.201, 26.784 ], [ 82.192, 26.774 ], [ 82.178, 26.776 ], [ 82.168, 26.766 ], [ 82.154, 26.768 ], [ 82.149, 26.78 ], [ 82.135, 26.781 ], [ 82.126, 26.772 ], [ 82.112, 26.773 ], [ 82.102, 26.764 ], [ 82.088, 26.765 ], [ 82.079, 26.756 ], [ 82.065, 26.757 ], [ 82.06, 26.769 ], [ 82.046, 26.77 ], [ 82.036, 26.761 ], [ 82.022, 26.762 ], [ 82.017, 26.774 ], [ 82.003, 26.775 ], [ 81.994, 26.766 ], [ 81.979, 26.767 ], [ 81.97, 26.758 ], [ 81.956, 26.759 ], [ 81.951, 26.771 ], [ 81.937, 26.772 ], [ 81.927, 26.763 ], [ 81.913, 26.764 ], [ 81.908, 26.776 ], [ 81.894, 26.777 ], [ 81.889, 26.789 ], [ 81.875, 26.79 ], [ 81.866, 26.781 ], [ 81.851, 26.782 ], [ 81.842, 26.773 ], [ 81.828, 26.774 ], [ 81.823, 26.786 ], [ 81.832, 26.795 ], [ 81.827, 26.807 ], [ 81.813, 26.808 ], [ 81.808, 26.82 ], [ 81.794, 26.821 ], [ 81.789, 26.833 ], [ 81.775, 26.834 ], [ 81.77, 26.846 ], [ 81.756, 26.847 ], [ 81.751, 26.859 ], [ 81.737, 26.86 ], [ 81.732, 26.872 ], [ 81.718, 26.874 ], [ 81.708, 26.864 ], [ 81.694, 26.865 ], [ 81.689, 26.877 ], [ 81.675, 26.878 ], [ 81.67, 26.89 ], [ 81.656, 26.891 ], [ 81.651, 26.903 ], [ 81.637, 26.904 ], [ 81.632, 26.916 ], [ 81.641, 26.926 ], [ 81.636, 26.937 ], [ 81.622, 26.939 ], [ 81.617, 26.95 ], [ 81.603, 26.952 ], [ 81.598, 26.963 ], [ 81.583, 26.965 ], [ 81.579, 26.976 ], [ 81.564, 26.978 ], [ 81.559, 26.989 ], [ 81.545, 26.991 ], [ 81.54, 27.002 ], [ 81.526, 27.004 ], [ 81.521, 27.015 ], [ 81.507, 27.017 ], [ 81.502, 27.028 ], [ 81.487, 27.03 ], [ 81.482, 27.041 ], [ 81.468, 27.043 ], [ 81.463, 27.054 ], [ 81.473, 27.064 ], [ 81.468, 27.075 ], [ 81.453, 27.077 ], [ 81.448, 27.088 ], [ 81.458, 27.098 ], [ 81.453, 27.109 ], [ 81.462, 27.119 ], [ 81.457, 27.131 ], [ 81.443, 27.132 ], [ 81.438, 27.144 ], [ 81.447, 27.153 ], [ 81.442, 27.165 ], [ 81.452, 27.175 ], [ 81.447, 27.186 ], [ 81.432, 27.188 ], [ 81.427, 27.199 ], [ 81.413, 27.201 ], [ 81.408, 27.212 ], [ 81.417, 27.222 ], [ 81.412, 27.233 ], [ 81.398, 27.235 ], [ 81.393, 27.246 ], [ 81.402, 27.256 ], [ 81.397, 27.267 ], [ 81.383, 27.269 ], [ 81.378, 27.28 ], [ 81.388, 27.29 ], [ 81.383, 27.302 ], [ 81.368, 27.303 ], [ 81.363, 27.315 ], [ 81.373, 27.324 ], [ 81.368, 27.336 ], [ 81.353, 27.338 ], [ 81.348, 27.349 ], [ 81.334, 27.351 ], [ 81.329, 27.362 ], [ 81.338, 27.372 ], [ 81.333, 27.383 ], [ 81.343, 27.393 ], [ 81.338, 27.404 ], [ 81.323, 27.406 ], [ 81.318, 27.418 ], [ 81.328, 27.427 ], [ 81.323, 27.439 ], [ 81.332, 27.449 ], [ 81.327, 27.46 ], [ 81.313, 27.462 ], [ 81.308, 27.473 ], [ 81.293, 27.475 ], [ 81.288, 27.486 ], [ 81.298, 27.496 ], [ 81.293, 27.507 ], [ 81.302, 27.517 ], [ 81.297, 27.529 ], [ 81.306, 27.538 ], [ 81.301, 27.55 ], [ 81.287, 27.552 ], [ 81.282, 27.563 ], [ 81.291, 27.573 ], [ 81.286, 27.584 ], [ 81.272, 27.586 ], [ 81.267, 27.597 ], [ 81.276, 27.607 ], [ 81.271, 27.619 ], [ 81.257, 27.62 ], [ 81.252, 27.632 ], [ 81.237, 27.633 ], [ 81.232, 27.645 ], [ 81.218, 27.647 ], [ 81.213, 27.658 ], [ 81.222, 27.668 ], [ 81.217, 27.679 ], [ 81.226, 27.689 ], [ 81.221, 27.701 ], [ 81.207, 27.702 ], [ 81.202, 27.714 ], [ 81.187, 27.715 ], [ 81.182, 27.727 ], [ 81.168, 27.729 ], [ 81.163, 27.74 ], [ 81.172, 27.75 ], [ 81.167, 27.761 ], [ 81.153, 27.763 ], [ 81.143, 27.753 ], [ 81.129, 27.755 ], [ 81.119, 27.745 ], [ 81.105, 27.747 ], [ 81.1, 27.758 ], [ 81.085, 27.76 ], [ 81.08, 27.771 ], [ 81.066, 27.773 ], [ 81.056, 27.763 ], [ 81.042, 27.765 ], [ 81.032, 27.755 ], [ 81.018, 27.756 ], [ 81.013, 27.768 ], [ 80.998, 27.769 ], [ 80.993, 27.781 ], [ 80.979, 27.783 ], [ 80.974, 27.794 ], [ 80.983, 27.804 ], [ 80.978, 27.815 ], [ 80.963, 27.817 ], [ 80.958, 27.829 ], [ 80.968, 27.838 ], [ 80.963, 27.85 ], [ 80.972, 27.86 ], [ 80.987, 27.858 ], [ 80.996, 27.868 ], [ 80.991, 27.879 ], [ 80.976, 27.881 ], [ 80.971, 27.893 ], [ 80.957, 27.894 ], [ 80.947, 27.884 ], [ 80.952, 27.873 ], [ 80.943, 27.863 ], [ 80.928, 27.865 ], [ 80.919, 27.855 ], [ 80.924, 27.843 ], [ 80.915, 27.833 ], [ 80.9, 27.835 ], [ 80.895, 27.847 ], [ 80.881, 27.848 ], [ 80.871, 27.838 ], [ 80.876, 27.827 ], [ 80.867, 27.817 ], [ 80.852, 27.819 ], [ 80.843, 27.809 ], [ 80.848, 27.797 ], [ 80.839, 27.787 ], [ 80.824, 27.789 ], [ 80.819, 27.8 ], [ 80.805, 27.802 ], [ 80.799, 27.813 ], [ 80.785, 27.815 ], [ 80.775, 27.805 ], [ 80.761, 27.807 ], [ 80.752, 27.797 ], [ 80.737, 27.799 ], [ 80.732, 27.81 ], [ 80.717, 27.812 ], [ 80.712, 27.823 ], [ 80.698, 27.825 ], [ 80.688, 27.815 ], [ 80.674, 27.816 ], [ 80.669, 27.828 ], [ 80.654, 27.83 ], [ 80.645, 27.82 ], [ 80.63, 27.821 ], [ 80.621, 27.811 ], [ 80.626, 27.8 ], [ 80.617, 27.79 ], [ 80.622, 27.779 ], [ 80.612, 27.769 ], [ 80.618, 27.757 ], [ 80.608, 27.747 ], [ 80.594, 27.749 ], [ 80.589, 27.76 ], [ 80.574, 27.762 ], [ 80.565, 27.752 ], [ 80.55, 27.754 ], [ 80.545, 27.765 ], [ 80.554, 27.775 ], [ 80.549, 27.786 ], [ 80.535, 27.788 ], [ 80.529, 27.799 ], [ 80.515, 27.801 ], [ 80.505, 27.791 ], [ 80.491, 27.793 ], [ 80.482, 27.783 ], [ 80.487, 27.771 ], [ 80.477, 27.761 ], [ 80.463, 27.763 ], [ 80.454, 27.753 ], [ 80.439, 27.755 ], [ 80.43, 27.745 ], [ 80.415, 27.746 ], [ 80.406, 27.737 ], [ 80.391, 27.738 ], [ 80.382, 27.728 ], [ 80.387, 27.717 ], [ 80.378, 27.707 ], [ 80.363, 27.708 ], [ 80.354, 27.698 ], [ 80.339, 27.7 ], [ 80.33, 27.69 ], [ 80.316, 27.692 ], [ 80.306, 27.682 ], [ 80.292, 27.683 ], [ 80.286, 27.695 ], [ 80.296, 27.705 ], [ 80.291, 27.716 ], [ 80.276, 27.718 ], [ 80.271, 27.729 ], [ 80.256, 27.731 ], [ 80.251, 27.742 ], [ 80.26, 27.752 ], [ 80.255, 27.764 ], [ 80.241, 27.765 ], [ 80.231, 27.755 ], [ 80.217, 27.757 ], [ 80.211, 27.768 ], [ 80.197, 27.77 ], [ 80.188, 27.76 ], [ 80.173, 27.761 ], [ 80.168, 27.773 ], [ 80.153, 27.774 ], [ 80.144, 27.764 ], [ 80.129, 27.766 ], [ 80.124, 27.777 ], [ 80.109, 27.779 ], [ 80.104, 27.79 ], [ 80.09, 27.792 ], [ 80.08, 27.782 ], [ 80.066, 27.784 ], [ 80.056, 27.774 ], [ 80.062, 27.762 ], [ 80.052, 27.752 ], [ 80.058, 27.741 ], [ 80.048, 27.731 ], [ 80.034, 27.732 ], [ 80.029, 27.744 ], [ 80.014, 27.745 ], [ 80.005, 27.735 ], [ 79.99, 27.737 ], [ 79.981, 27.727 ], [ 79.966, 27.729 ], [ 79.957, 27.719 ], [ 79.942, 27.72 ], [ 79.933, 27.71 ], [ 79.938, 27.699 ], [ 79.929, 27.689 ], [ 79.915, 27.69 ], [ 79.905, 27.68 ], [ 79.911, 27.669 ], [ 79.901, 27.659 ], [ 79.887, 27.661 ], [ 79.878, 27.651 ], [ 79.883, 27.639 ], [ 79.874, 27.629 ], [ 79.879, 27.618 ], [ 79.87, 27.608 ], [ 79.875, 27.596 ], [ 79.866, 27.587 ], [ 79.871, 27.575 ], [ 79.885, 27.574 ], [ 79.891, 27.562 ], [ 79.882, 27.552 ], [ 79.867, 27.554 ], [ 79.858, 27.544 ], [ 79.863, 27.532 ], [ 79.878, 27.531 ], [ 79.883, 27.519 ], [ 79.897, 27.518 ], [ 79.903, 27.507 ], [ 79.917, 27.505 ], [ 79.922, 27.494 ], [ 79.913, 27.484 ], [ 79.919, 27.472 ], [ 79.909, 27.462 ], [ 79.915, 27.451 ], [ 79.905, 27.441 ], [ 79.911, 27.43 ], [ 79.925, 27.428 ], [ 79.93, 27.417 ], [ 79.921, 27.407 ], [ 79.926, 27.395 ], [ 79.941, 27.394 ], [ 79.946, 27.382 ], [ 79.937, 27.373 ], [ 79.942, 27.361 ], [ 79.957, 27.36 ], [ 79.962, 27.348 ], [ 79.976, 27.347 ], [ 79.982, 27.335 ], [ 79.972, 27.325 ], [ 79.978, 27.314 ], [ 79.969, 27.304 ], [ 79.974, 27.293 ], [ 79.965, 27.283 ], [ 79.97, 27.271 ], [ 79.961, 27.262 ], [ 79.966, 27.25 ], [ 79.957, 27.24 ], [ 79.962, 27.229 ], [ 79.953, 27.219 ], [ 79.938, 27.221 ], [ 79.929, 27.211 ], [ 79.934, 27.199 ], [ 79.925, 27.189 ], [ 79.93, 27.178 ], [ 79.945, 27.176 ], [ 79.95, 27.165 ], [ 79.964, 27.164 ], [ 79.97, 27.152 ], [ 79.96, 27.142 ], [ 79.966, 27.131 ], [ 79.98, 27.129 ], [ 79.985, 27.118 ], [ 80.0, 27.117 ], [ 80.005, 27.105 ], [ 79.996, 27.095 ], [ 80.001, 27.084 ], [ 80.016, 27.083 ], [ 80.021, 27.071 ], [ 80.012, 27.061 ], [ 80.017, 27.05 ], [ 80.008, 27.04 ], [ 80.013, 27.029 ], [ 80.004, 27.019 ], [ 80.009, 27.007 ], [ 80.023, 27.006 ], [ 80.029, 26.995 ], [ 80.043, 26.993 ], [ 80.048, 26.982 ], [ 80.039, 26.972 ], [ 80.044, 26.961 ], [ 80.059, 26.959 ], [ 80.064, 26.948 ], [ 80.078, 26.946 ], [ 80.087, 26.956 ], [ 80.102, 26.955 ], [ 80.111, 26.964 ], [ 80.106, 26.976 ], [ 80.115, 26.986 ], [ 80.129, 26.984 ], [ 80.139, 26.994 ], [ 80.153, 26.992 ], [ 80.158, 26.981 ], [ 80.172, 26.98 ], [ 80.178, 26.968 ], [ 80.192, 26.967 ], [ 80.201, 26.977 ], [ 80.216, 26.975 ], [ 80.225, 26.985 ], [ 80.239, 26.983 ], [ 80.248, 26.993 ], [ 80.243, 27.005 ], [ 80.253, 27.014 ], [ 80.247, 27.026 ], [ 80.257, 27.036 ], [ 80.271, 27.034 ], [ 80.276, 27.023 ], [ 80.291, 27.021 ], [ 80.296, 27.01 ], [ 80.31, 27.008 ], [ 80.315, 26.997 ], [ 80.33, 26.995 ], [ 80.335, 26.984 ], [ 80.326, 26.974 ], [ 80.331, 26.963 ], [ 80.345, 26.961 ], [ 80.35, 26.95 ], [ 80.341, 26.94 ], [ 80.346, 26.929 ], [ 80.361, 26.927 ], [ 80.37, 26.937 ], [ 80.384, 26.936 ], [ 80.389, 26.924 ], [ 80.404, 26.923 ], [ 80.409, 26.911 ], [ 80.4, 26.902 ], [ 80.405, 26.89 ], [ 80.419, 26.889 ], [ 80.428, 26.899 ], [ 80.423, 26.91 ], [ 80.432, 26.92 ], [ 80.427, 26.931 ], [ 80.436, 26.941 ], [ 80.431, 26.952 ], [ 80.441, 26.962 ], [ 80.455, 26.96 ], [ 80.464, 26.97 ], [ 80.459, 26.982 ], [ 80.468, 26.991 ], [ 80.483, 26.99 ], [ 80.488, 26.979 ], [ 80.502, 26.977 ], [ 80.511, 26.987 ], [ 80.506, 26.998 ], [ 80.515, 27.008 ], [ 80.53, 27.006 ], [ 80.539, 27.016 ], [ 80.553, 27.015 ], [ 80.563, 27.025 ], [ 80.577, 27.023 ], [ 80.586, 27.033 ], [ 80.601, 27.031 ], [ 80.61, 27.041 ], [ 80.624, 27.04 ], [ 80.634, 27.049 ], [ 80.629, 27.061 ], [ 80.638, 27.071 ], [ 80.652, 27.069 ], [ 80.661, 27.079 ], [ 80.676, 27.077 ], [ 80.681, 27.066 ], [ 80.695, 27.064 ], [ 80.705, 27.074 ], [ 80.719, 27.073 ], [ 80.728, 27.082 ], [ 80.723, 27.094 ], [ 80.732, 27.103 ], [ 80.747, 27.102 ], [ 80.752, 27.091 ], [ 80.766, 27.089 ], [ 80.776, 27.099 ], [ 80.79, 27.097 ], [ 80.799, 27.107 ], [ 80.814, 27.105 ], [ 80.819, 27.094 ], [ 80.833, 27.092 ], [ 80.842, 27.102 ], [ 80.837, 27.114 ], [ 80.847, 27.123 ], [ 80.861, 27.122 ], [ 80.87, 27.132 ], [ 80.885, 27.13 ], [ 80.894, 27.14 ], [ 80.908, 27.138 ], [ 80.918, 27.148 ] ] ], [ [ [ 80.528, 26.286 ], [ 80.523, 26.297 ], [ 80.532, 26.307 ], [ 80.527, 26.318 ], [ 80.513, 26.319 ], [ 80.508, 26.331 ], [ 80.494, 26.332 ], [ 80.489, 26.343 ], [ 80.498, 26.353 ], [ 80.493, 26.364 ], [ 80.479, 26.366 ], [ 80.474, 26.377 ], [ 80.459, 26.379 ], [ 80.454, 26.39 ], [ 80.44, 26.391 ], [ 80.435, 26.403 ], [ 80.421, 26.404 ], [ 80.415, 26.416 ], [ 80.401, 26.417 ], [ 80.396, 26.428 ], [ 80.382, 26.43 ], [ 80.377, 26.441 ], [ 80.362, 26.443 ], [ 80.357, 26.454 ], [ 80.343, 26.455 ], [ 80.338, 26.467 ], [ 80.324, 26.468 ], [ 80.319, 26.479 ], [ 80.304, 26.481 ], [ 80.299, 26.492 ], [ 80.285, 26.494 ], [ 80.28, 26.505 ], [ 80.289, 26.515 ], [ 80.284, 26.526 ], [ 80.27, 26.528 ], [ 80.264, 26.539 ], [ 80.274, 26.549 ], [ 80.268, 26.56 ], [ 80.254, 26.561 ], [ 80.249, 26.573 ], [ 80.258, 26.583 ], [ 80.253, 26.594 ], [ 80.262, 26.604 ], [ 80.257, 26.615 ], [ 80.266, 26.625 ], [ 80.261, 26.636 ], [ 80.247, 26.637 ], [ 80.242, 26.649 ], [ 80.251, 26.659 ], [ 80.246, 26.67 ], [ 80.231, 26.671 ], [ 80.222, 26.662 ], [ 80.208, 26.663 ], [ 80.203, 26.674 ], [ 80.188, 26.676 ], [ 80.179, 26.666 ], [ 80.165, 26.668 ], [ 80.16, 26.679 ], [ 80.169, 26.689 ], [ 80.164, 26.7 ], [ 80.149, 26.702 ], [ 80.144, 26.713 ], [ 80.13, 26.714 ], [ 80.125, 26.726 ], [ 80.134, 26.735 ], [ 80.129, 26.747 ], [ 80.114, 26.748 ], [ 80.109, 26.76 ], [ 80.118, 26.769 ], [ 80.113, 26.781 ], [ 80.099, 26.782 ], [ 80.093, 26.794 ], [ 80.103, 26.803 ], [ 80.097, 26.815 ], [ 80.083, 26.816 ], [ 80.078, 26.828 ], [ 80.087, 26.837 ], [ 80.082, 26.849 ], [ 80.091, 26.859 ], [ 80.086, 26.87 ], [ 80.071, 26.871 ], [ 80.066, 26.883 ], [ 80.052, 26.884 ], [ 80.047, 26.896 ], [ 80.032, 26.897 ], [ 80.027, 26.908 ], [ 80.036, 26.918 ], [ 80.031, 26.93 ], [ 80.017, 26.931 ], [ 80.011, 26.942 ], [ 79.997, 26.944 ], [ 79.992, 26.955 ], [ 79.977, 26.957 ], [ 79.968, 26.947 ], [ 79.954, 26.948 ], [ 79.945, 26.938 ], [ 79.95, 26.927 ], [ 79.941, 26.917 ], [ 79.946, 26.906 ], [ 79.937, 26.896 ], [ 79.942, 26.885 ], [ 79.933, 26.875 ], [ 79.938, 26.864 ], [ 79.952, 26.862 ], [ 79.958, 26.851 ], [ 79.949, 26.841 ], [ 79.934, 26.842 ], [ 79.929, 26.854 ], [ 79.915, 26.855 ], [ 79.905, 26.845 ], [ 79.891, 26.847 ], [ 79.882, 26.837 ], [ 79.887, 26.826 ], [ 79.878, 26.816 ], [ 79.864, 26.817 ], [ 79.854, 26.807 ], [ 79.86, 26.796 ], [ 79.851, 26.786 ], [ 79.856, 26.775 ], [ 79.847, 26.765 ], [ 79.832, 26.767 ], [ 79.827, 26.778 ], [ 79.813, 26.779 ], [ 79.803, 26.77 ], [ 79.789, 26.771 ], [ 79.784, 26.782 ], [ 79.769, 26.784 ], [ 79.76, 26.774 ], [ 79.746, 26.775 ], [ 79.737, 26.766 ], [ 79.722, 26.767 ], [ 79.713, 26.757 ], [ 79.699, 26.759 ], [ 79.69, 26.749 ], [ 79.695, 26.737 ], [ 79.686, 26.728 ], [ 79.691, 26.716 ], [ 79.706, 26.715 ], [ 79.711, 26.703 ], [ 79.725, 26.702 ], [ 79.731, 26.691 ], [ 79.721, 26.681 ], [ 79.727, 26.67 ], [ 79.718, 26.66 ], [ 79.723, 26.648 ], [ 79.714, 26.639 ], [ 79.699, 26.64 ], [ 79.69, 26.63 ], [ 79.676, 26.632 ], [ 79.667, 26.622 ], [ 79.672, 26.611 ], [ 79.663, 26.601 ], [ 79.649, 26.602 ], [ 79.64, 26.592 ], [ 79.645, 26.581 ], [ 79.636, 26.571 ], [ 79.641, 26.56 ], [ 79.632, 26.55 ], [ 79.637, 26.539 ], [ 79.628, 26.529 ], [ 79.633, 26.518 ], [ 79.624, 26.508 ], [ 79.63, 26.497 ], [ 79.62, 26.487 ], [ 79.606, 26.488 ], [ 79.597, 26.478 ], [ 79.602, 26.467 ], [ 79.593, 26.457 ], [ 79.579, 26.459 ], [ 79.57, 26.449 ], [ 79.575, 26.438 ], [ 79.566, 26.428 ], [ 79.571, 26.416 ], [ 79.562, 26.407 ], [ 79.548, 26.408 ], [ 79.539, 26.398 ], [ 79.544, 26.387 ], [ 79.559, 26.386 ], [ 79.564, 26.374 ], [ 79.578, 26.373 ], [ 79.583, 26.362 ], [ 79.598, 26.36 ], [ 79.603, 26.349 ], [ 79.594, 26.339 ], [ 79.599, 26.328 ], [ 79.59, 26.318 ], [ 79.595, 26.307 ], [ 79.586, 26.297 ], [ 79.591, 26.286 ], [ 79.606, 26.284 ], [ 79.615, 26.294 ], [ 79.629, 26.293 ], [ 79.634, 26.281 ], [ 79.649, 26.28 ], [ 79.654, 26.269 ], [ 79.668, 26.267 ], [ 79.673, 26.256 ], [ 79.664, 26.246 ], [ 79.67, 26.235 ], [ 79.684, 26.234 ], [ 79.689, 26.222 ], [ 79.703, 26.221 ], [ 79.709, 26.21 ], [ 79.723, 26.208 ], [ 79.728, 26.197 ], [ 79.742, 26.196 ], [ 79.751, 26.205 ], [ 79.766, 26.204 ], [ 79.771, 26.193 ], [ 79.785, 26.191 ], [ 79.79, 26.18 ], [ 79.781, 26.17 ], [ 79.786, 26.159 ], [ 79.777, 26.149 ], [ 79.782, 26.138 ], [ 79.797, 26.137 ], [ 79.802, 26.125 ], [ 79.816, 26.124 ], [ 79.821, 26.113 ], [ 79.836, 26.111 ], [ 79.845, 26.121 ], [ 79.859, 26.12 ], [ 79.868, 26.129 ], [ 79.882, 26.128 ], [ 79.887, 26.117 ], [ 79.902, 26.115 ], [ 79.911, 26.125 ], [ 79.905, 26.136 ], [ 79.914, 26.146 ], [ 79.909, 26.157 ], [ 79.918, 26.167 ], [ 79.933, 26.166 ], [ 79.942, 26.175 ], [ 79.956, 26.174 ], [ 79.961, 26.163 ], [ 79.975, 26.161 ], [ 79.98, 26.15 ], [ 79.995, 26.149 ], [ 80.0, 26.137 ], [ 79.991, 26.128 ], [ 79.996, 26.116 ], [ 79.987, 26.107 ], [ 79.992, 26.095 ], [ 79.983, 26.086 ], [ 79.988, 26.074 ], [ 80.002, 26.073 ], [ 80.011, 26.083 ], [ 80.026, 26.081 ], [ 80.035, 26.091 ], [ 80.049, 26.09 ], [ 80.058, 26.099 ], [ 80.072, 26.098 ], [ 80.077, 26.087 ], [ 80.092, 26.085 ], [ 80.101, 26.095 ], [ 80.115, 26.094 ], [ 80.12, 26.082 ], [ 80.111, 26.073 ], [ 80.116, 26.061 ], [ 80.13, 26.06 ], [ 80.135, 26.049 ], [ 80.126, 26.039 ], [ 80.131, 26.028 ], [ 80.122, 26.018 ], [ 80.108, 26.019 ], [ 80.099, 26.01 ], [ 80.104, 25.998 ], [ 80.118, 25.997 ], [ 80.123, 25.986 ], [ 80.138, 25.984 ], [ 80.147, 25.994 ], [ 80.161, 25.993 ], [ 80.166, 25.981 ], [ 80.18, 25.98 ], [ 80.185, 25.969 ], [ 80.199, 25.967 ], [ 80.205, 25.956 ], [ 80.219, 25.955 ], [ 80.224, 25.943 ], [ 80.238, 25.942 ], [ 80.247, 25.952 ], [ 80.261, 25.95 ], [ 80.266, 25.939 ], [ 80.281, 25.938 ], [ 80.286, 25.926 ], [ 80.3, 25.925 ], [ 80.305, 25.914 ], [ 80.319, 25.912 ], [ 80.328, 25.922 ], [ 80.342, 25.92 ], [ 80.351, 25.93 ], [ 80.365, 25.929 ], [ 80.371, 25.917 ], [ 80.385, 25.916 ], [ 80.394, 25.926 ], [ 80.408, 25.924 ], [ 80.417, 25.934 ], [ 80.431, 25.932 ], [ 80.436, 25.921 ], [ 80.45, 25.92 ], [ 80.459, 25.929 ], [ 80.474, 25.928 ], [ 80.479, 25.917 ], [ 80.493, 25.915 ], [ 80.498, 25.904 ], [ 80.512, 25.903 ], [ 80.517, 25.891 ], [ 80.531, 25.89 ], [ 80.54, 25.9 ], [ 80.554, 25.898 ], [ 80.559, 25.887 ], [ 80.574, 25.885 ], [ 80.579, 25.874 ], [ 80.569, 25.865 ], [ 80.575, 25.853 ], [ 80.565, 25.844 ], [ 80.57, 25.832 ], [ 80.585, 25.831 ], [ 80.59, 25.82 ], [ 80.604, 25.818 ], [ 80.609, 25.807 ], [ 80.6, 25.797 ], [ 80.605, 25.786 ], [ 80.596, 25.777 ], [ 80.601, 25.765 ], [ 80.592, 25.756 ], [ 80.597, 25.745 ], [ 80.587, 25.735 ], [ 80.592, 25.724 ], [ 80.607, 25.722 ], [ 80.616, 25.732 ], [ 80.63, 25.73 ], [ 80.635, 25.719 ], [ 80.649, 25.718 ], [ 80.658, 25.727 ], [ 80.665, 25.727 ], [ 80.672, 25.726 ], [ 80.676, 25.714 ], [ 80.689, 25.712 ], [ 80.694, 25.701 ], [ 80.707, 25.699 ], [ 80.717, 25.709 ], [ 80.73, 25.707 ], [ 80.734, 25.695 ], [ 80.748, 25.693 ], [ 80.757, 25.703 ], [ 80.771, 25.701 ], [ 80.78, 25.711 ], [ 80.794, 25.709 ], [ 80.803, 25.719 ], [ 80.799, 25.731 ], [ 80.808, 25.741 ], [ 80.822, 25.739 ], [ 80.831, 25.749 ], [ 80.845, 25.747 ], [ 80.849, 25.735 ], [ 80.862, 25.733 ], [ 80.867, 25.722 ], [ 80.857, 25.712 ], [ 80.861, 25.7 ], [ 80.875, 25.698 ], [ 80.884, 25.708 ], [ 80.898, 25.706 ], [ 80.902, 25.695 ], [ 80.916, 25.693 ], [ 80.925, 25.703 ], [ 80.939, 25.701 ], [ 80.948, 25.711 ], [ 80.962, 25.709 ], [ 80.966, 25.697 ], [ 80.956, 25.687 ], [ 80.961, 25.676 ], [ 80.951, 25.666 ], [ 80.955, 25.654 ], [ 80.969, 25.652 ], [ 80.973, 25.641 ], [ 80.987, 25.639 ], [ 80.996, 25.649 ], [ 81.01, 25.647 ], [ 81.019, 25.657 ], [ 81.033, 25.655 ], [ 81.037, 25.643 ], [ 81.05, 25.641 ], [ 81.055, 25.63 ], [ 81.045, 25.62 ], [ 81.049, 25.608 ], [ 81.04, 25.598 ], [ 81.044, 25.587 ], [ 81.035, 25.577 ], [ 81.021, 25.579 ], [ 81.012, 25.569 ], [ 81.016, 25.557 ], [ 81.029, 25.555 ], [ 81.039, 25.565 ], [ 81.052, 25.563 ], [ 81.057, 25.552 ], [ 81.07, 25.55 ], [ 81.074, 25.538 ], [ 81.088, 25.536 ], [ 81.092, 25.525 ], [ 81.106, 25.523 ], [ 81.115, 25.533 ], [ 81.129, 25.531 ], [ 81.133, 25.519 ], [ 81.146, 25.517 ], [ 81.156, 25.527 ], [ 81.169, 25.525 ], [ 81.174, 25.513 ], [ 81.187, 25.512 ], [ 81.191, 25.5 ], [ 81.205, 25.498 ], [ 81.209, 25.486 ], [ 81.2, 25.477 ], [ 81.204, 25.465 ], [ 81.217, 25.463 ], [ 81.222, 25.451 ], [ 81.212, 25.441 ], [ 81.216, 25.43 ], [ 81.23, 25.428 ], [ 81.234, 25.416 ], [ 81.225, 25.406 ], [ 81.229, 25.395 ], [ 81.219, 25.385 ], [ 81.224, 25.373 ], [ 81.237, 25.371 ], [ 81.247, 25.381 ], [ 81.26, 25.379 ], [ 81.264, 25.367 ], [ 81.255, 25.358 ], [ 81.259, 25.346 ], [ 81.273, 25.344 ], [ 81.282, 25.354 ], [ 81.296, 25.352 ], [ 81.305, 25.362 ], [ 81.319, 25.36 ], [ 81.328, 25.37 ], [ 81.342, 25.368 ], [ 81.346, 25.356 ], [ 81.36, 25.354 ], [ 81.369, 25.364 ], [ 81.383, 25.362 ], [ 81.387, 25.35 ], [ 81.4, 25.348 ], [ 81.405, 25.337 ], [ 81.418, 25.335 ], [ 81.422, 25.323 ], [ 81.413, 25.313 ], [ 81.417, 25.301 ], [ 81.408, 25.292 ], [ 81.412, 25.28 ], [ 81.425, 25.278 ], [ 81.435, 25.288 ], [ 81.448, 25.286 ], [ 81.458, 25.296 ], [ 81.471, 25.294 ], [ 81.476, 25.282 ], [ 81.489, 25.28 ], [ 81.499, 25.29 ], [ 81.512, 25.288 ], [ 81.522, 25.298 ], [ 81.535, 25.296 ], [ 81.545, 25.306 ], [ 81.541, 25.317 ], [ 81.55, 25.327 ], [ 81.564, 25.325 ], [ 81.573, 25.335 ], [ 81.587, 25.333 ], [ 81.596, 25.343 ], [ 81.61, 25.341 ], [ 81.619, 25.351 ], [ 81.615, 25.363 ], [ 81.625, 25.373 ], [ 81.638, 25.371 ], [ 81.648, 25.38 ], [ 81.661, 25.378 ], [ 81.665, 25.367 ], [ 81.679, 25.365 ], [ 81.689, 25.375 ], [ 81.702, 25.373 ], [ 81.706, 25.361 ], [ 81.72, 25.359 ], [ 81.729, 25.369 ], [ 81.743, 25.367 ], [ 81.747, 25.355 ], [ 81.761, 25.353 ], [ 81.77, 25.363 ], [ 81.766, 25.375 ], [ 81.776, 25.385 ], [ 81.772, 25.396 ], [ 81.781, 25.406 ], [ 81.795, 25.404 ], [ 81.804, 25.414 ], [ 81.8, 25.426 ], [ 81.809, 25.436 ], [ 81.823, 25.434 ], [ 81.833, 25.443 ], [ 81.846, 25.441 ], [ 81.856, 25.451 ], [ 81.869, 25.449 ], [ 81.879, 25.459 ], [ 81.875, 25.471 ], [ 81.884, 25.481 ], [ 81.88, 25.492 ], [ 81.866, 25.494 ], [ 81.857, 25.485 ], [ 81.843, 25.487 ], [ 81.834, 25.477 ], [ 81.82, 25.479 ], [ 81.811, 25.469 ], [ 81.797, 25.471 ], [ 81.787, 25.461 ], [ 81.774, 25.463 ], [ 81.764, 25.453 ], [ 81.751, 25.455 ], [ 81.747, 25.467 ], [ 81.733, 25.469 ], [ 81.729, 25.48 ], [ 81.715, 25.482 ], [ 81.711, 25.494 ], [ 81.697, 25.496 ], [ 81.688, 25.486 ], [ 81.674, 25.488 ], [ 81.67, 25.5 ], [ 81.656, 25.502 ], [ 81.652, 25.514 ], [ 81.639, 25.515 ], [ 81.634, 25.527 ], [ 81.621, 25.529 ], [ 81.617, 25.541 ], [ 81.626, 25.551 ], [ 81.622, 25.562 ], [ 81.608, 25.564 ], [ 81.599, 25.554 ], [ 81.585, 25.556 ], [ 81.576, 25.547 ], [ 81.562, 25.548 ], [ 81.558, 25.56 ], [ 81.544, 25.562 ], [ 81.54, 25.574 ], [ 81.526, 25.576 ], [ 81.522, 25.587 ], [ 81.509, 25.589 ], [ 81.504, 25.601 ], [ 81.491, 25.603 ], [ 81.487, 25.615 ], [ 81.473, 25.617 ], [ 81.469, 25.628 ], [ 81.455, 25.63 ], [ 81.451, 25.642 ], [ 81.437, 25.644 ], [ 81.428, 25.634 ], [ 81.414, 25.636 ], [ 81.41, 25.648 ], [ 81.397, 25.649 ], [ 81.392, 25.661 ], [ 81.379, 25.663 ], [ 81.375, 25.675 ], [ 81.361, 25.677 ], [ 81.357, 25.688 ], [ 81.343, 25.69 ], [ 81.339, 25.702 ], [ 81.348, 25.712 ], [ 81.344, 25.723 ], [ 81.354, 25.733 ], [ 81.367, 25.731 ], [ 81.377, 25.741 ], [ 81.373, 25.753 ], [ 81.359, 25.755 ], [ 81.355, 25.766 ], [ 81.341, 25.768 ], [ 81.337, 25.78 ], [ 81.323, 25.782 ], [ 81.319, 25.793 ], [ 81.306, 25.795 ], [ 81.301, 25.807 ], [ 81.288, 25.809 ], [ 81.284, 25.82 ], [ 81.27, 25.822 ], [ 81.266, 25.834 ], [ 81.252, 25.836 ], [ 81.248, 25.847 ], [ 81.234, 25.849 ], [ 81.225, 25.839 ], [ 81.211, 25.841 ], [ 81.207, 25.853 ], [ 81.194, 25.855 ], [ 81.189, 25.866 ], [ 81.199, 25.876 ], [ 81.195, 25.888 ], [ 81.204, 25.898 ], [ 81.2, 25.909 ], [ 81.209, 25.919 ], [ 81.205, 25.931 ], [ 81.192, 25.933 ], [ 81.187, 25.944 ], [ 81.174, 25.946 ], [ 81.164, 25.936 ], [ 81.151, 25.938 ], [ 81.147, 25.95 ], [ 81.133, 25.952 ], [ 81.124, 25.942 ], [ 81.11, 25.944 ], [ 81.106, 25.955 ], [ 81.092, 25.957 ], [ 81.091, 25.961 ], [ 81.088, 25.968 ], [ 81.073, 25.97 ], [ 81.068, 25.981 ], [ 81.054, 25.983 ], [ 81.049, 25.994 ], [ 81.035, 25.996 ], [ 81.03, 26.007 ], [ 81.016, 26.008 ], [ 81.011, 26.02 ], [ 81.02, 26.029 ], [ 81.015, 26.04 ], [ 81.001, 26.042 ], [ 80.996, 26.053 ], [ 80.982, 26.055 ], [ 80.973, 26.045 ], [ 80.959, 26.047 ], [ 80.95, 26.037 ], [ 80.936, 26.038 ], [ 80.927, 26.029 ], [ 80.912, 26.03 ], [ 80.907, 26.042 ], [ 80.893, 26.043 ], [ 80.884, 26.033 ], [ 80.87, 26.035 ], [ 80.861, 26.025 ], [ 80.866, 26.014 ], [ 80.857, 26.004 ], [ 80.843, 26.006 ], [ 80.833, 25.996 ], [ 80.819, 25.998 ], [ 80.814, 26.009 ], [ 80.8, 26.01 ], [ 80.795, 26.022 ], [ 80.781, 26.023 ], [ 80.776, 26.034 ], [ 80.762, 26.036 ], [ 80.757, 26.047 ], [ 80.743, 26.049 ], [ 80.738, 26.06 ], [ 80.724, 26.061 ], [ 80.718, 26.073 ], [ 80.704, 26.074 ], [ 80.695, 26.064 ], [ 80.681, 26.066 ], [ 80.676, 26.077 ], [ 80.662, 26.079 ], [ 80.657, 26.09 ], [ 80.666, 26.1 ], [ 80.661, 26.111 ], [ 80.647, 26.112 ], [ 80.642, 26.124 ], [ 80.628, 26.125 ], [ 80.622, 26.136 ], [ 80.632, 26.146 ], [ 80.627, 26.157 ], [ 80.612, 26.159 ], [ 80.607, 26.17 ], [ 80.593, 26.172 ], [ 80.588, 26.183 ], [ 80.574, 26.184 ], [ 80.569, 26.196 ], [ 80.555, 26.197 ], [ 80.55, 26.208 ], [ 80.535, 26.21 ], [ 80.53, 26.221 ], [ 80.539, 26.231 ], [ 80.534, 26.242 ], [ 80.544, 26.252 ], [ 80.539, 26.263 ], [ 80.548, 26.273 ], [ 80.543, 26.284 ], [ 80.528, 26.286 ] ] ], [ [ [ 83.36, 26.915 ], [ 83.356, 26.926 ], [ 83.365, 26.936 ], [ 83.361, 26.948 ], [ 83.347, 26.95 ], [ 83.343, 26.961 ], [ 83.329, 26.963 ], [ 83.325, 26.975 ], [ 83.311, 26.977 ], [ 83.307, 26.989 ], [ 83.293, 26.991 ], [ 83.289, 27.002 ], [ 83.275, 27.004 ], [ 83.271, 27.016 ], [ 83.281, 27.026 ], [ 83.276, 27.037 ], [ 83.262, 27.039 ], [ 83.253, 27.03 ], [ 83.239, 27.032 ], [ 83.229, 27.022 ], [ 83.215, 27.024 ], [ 83.211, 27.036 ], [ 83.221, 27.045 ], [ 83.217, 27.057 ], [ 83.226, 27.067 ], [ 83.222, 27.078 ], [ 83.208, 27.08 ], [ 83.204, 27.092 ], [ 83.19, 27.094 ], [ 83.185, 27.105 ], [ 83.171, 27.107 ], [ 83.162, 27.097 ], [ 83.147, 27.099 ], [ 83.143, 27.11 ], [ 83.129, 27.112 ], [ 83.119, 27.103 ], [ 83.105, 27.104 ], [ 83.095, 27.095 ], [ 83.081, 27.097 ], [ 83.072, 27.087 ], [ 83.058, 27.089 ], [ 83.048, 27.079 ], [ 83.034, 27.081 ], [ 83.024, 27.071 ], [ 83.029, 27.06 ], [ 83.019, 27.05 ], [ 83.024, 27.039 ], [ 83.015, 27.029 ], [ 83.0, 27.031 ], [ 82.996, 27.043 ], [ 82.982, 27.044 ], [ 82.972, 27.035 ], [ 82.958, 27.037 ], [ 82.948, 27.027 ], [ 82.934, 27.029 ], [ 82.925, 27.019 ], [ 82.91, 27.021 ], [ 82.901, 27.011 ], [ 82.887, 27.013 ], [ 82.882, 27.024 ], [ 82.868, 27.026 ], [ 82.863, 27.038 ], [ 82.849, 27.039 ], [ 82.84, 27.03 ], [ 82.825, 27.032 ], [ 82.821, 27.043 ], [ 82.807, 27.045 ], [ 82.802, 27.056 ], [ 82.788, 27.058 ], [ 82.783, 27.069 ], [ 82.792, 27.079 ], [ 82.788, 27.09 ], [ 82.774, 27.092 ], [ 82.769, 27.103 ], [ 82.755, 27.105 ], [ 82.75, 27.117 ], [ 82.736, 27.118 ], [ 82.726, 27.109 ], [ 82.712, 27.111 ], [ 82.702, 27.101 ], [ 82.688, 27.103 ], [ 82.684, 27.114 ], [ 82.669, 27.116 ], [ 82.665, 27.127 ], [ 82.65, 27.129 ], [ 82.641, 27.119 ], [ 82.646, 27.108 ], [ 82.636, 27.098 ], [ 82.622, 27.1 ], [ 82.617, 27.111 ], [ 82.603, 27.113 ], [ 82.593, 27.104 ], [ 82.579, 27.105 ], [ 82.57, 27.096 ], [ 82.556, 27.097 ], [ 82.551, 27.109 ], [ 82.537, 27.111 ], [ 82.532, 27.122 ], [ 82.518, 27.124 ], [ 82.513, 27.135 ], [ 82.499, 27.137 ], [ 82.494, 27.148 ], [ 82.48, 27.15 ], [ 82.475, 27.161 ], [ 82.461, 27.163 ], [ 82.451, 27.153 ], [ 82.456, 27.142 ], [ 82.47, 27.14 ], [ 82.475, 27.129 ], [ 82.465, 27.119 ], [ 82.451, 27.121 ], [ 82.446, 27.132 ], [ 82.432, 27.134 ], [ 82.423, 27.124 ], [ 82.427, 27.113 ], [ 82.418, 27.103 ], [ 82.423, 27.092 ], [ 82.413, 27.082 ], [ 82.399, 27.084 ], [ 82.39, 27.074 ], [ 82.375, 27.076 ], [ 82.366, 27.066 ], [ 82.352, 27.068 ], [ 82.342, 27.059 ], [ 82.347, 27.047 ], [ 82.338, 27.038 ], [ 82.342, 27.026 ], [ 82.333, 27.016 ], [ 82.338, 27.005 ], [ 82.328, 26.995 ], [ 82.333, 26.984 ], [ 82.324, 26.974 ], [ 82.328, 26.963 ], [ 82.319, 26.953 ], [ 82.305, 26.955 ], [ 82.295, 26.945 ], [ 82.3, 26.934 ], [ 82.291, 26.924 ], [ 82.276, 26.926 ], [ 82.267, 26.916 ], [ 82.253, 26.918 ], [ 82.248, 26.929 ], [ 82.234, 26.931 ], [ 82.229, 26.943 ], [ 82.215, 26.944 ], [ 82.205, 26.935 ], [ 82.191, 26.936 ], [ 82.186, 26.948 ], [ 82.172, 26.949 ], [ 82.167, 26.961 ], [ 82.153, 26.962 ], [ 82.148, 26.974 ], [ 82.158, 26.984 ], [ 82.153, 26.995 ], [ 82.162, 27.005 ], [ 82.157, 27.016 ], [ 82.167, 27.026 ], [ 82.162, 27.037 ], [ 82.171, 27.047 ], [ 82.186, 27.045 ], [ 82.195, 27.055 ], [ 82.19, 27.066 ], [ 82.2, 27.076 ], [ 82.195, 27.087 ], [ 82.204, 27.097 ], [ 82.219, 27.095 ], [ 82.228, 27.105 ], [ 82.223, 27.116 ], [ 82.233, 27.126 ], [ 82.228, 27.137 ], [ 82.237, 27.147 ], [ 82.233, 27.158 ], [ 82.218, 27.16 ], [ 82.213, 27.172 ], [ 82.223, 27.181 ], [ 82.218, 27.193 ], [ 82.228, 27.202 ], [ 82.242, 27.201 ], [ 82.251, 27.21 ], [ 82.247, 27.222 ], [ 82.256, 27.231 ], [ 82.251, 27.243 ], [ 82.261, 27.252 ], [ 82.256, 27.264 ], [ 82.242, 27.266 ], [ 82.237, 27.277 ], [ 82.222, 27.279 ], [ 82.218, 27.29 ], [ 82.203, 27.292 ], [ 82.198, 27.303 ], [ 82.184, 27.305 ], [ 82.175, 27.295 ], [ 82.16, 27.297 ], [ 82.156, 27.309 ], [ 82.141, 27.31 ], [ 82.136, 27.322 ], [ 82.122, 27.323 ], [ 82.117, 27.335 ], [ 82.127, 27.345 ], [ 82.122, 27.356 ], [ 82.108, 27.358 ], [ 82.103, 27.369 ], [ 82.088, 27.371 ], [ 82.084, 27.382 ], [ 82.069, 27.384 ], [ 82.064, 27.395 ], [ 82.05, 27.397 ], [ 82.045, 27.409 ], [ 82.031, 27.41 ], [ 82.026, 27.422 ], [ 82.012, 27.423 ], [ 82.002, 27.414 ], [ 81.988, 27.415 ], [ 81.983, 27.427 ], [ 81.969, 27.429 ], [ 81.964, 27.44 ], [ 81.949, 27.442 ], [ 81.94, 27.432 ], [ 81.945, 27.421 ], [ 81.935, 27.411 ], [ 81.94, 27.399 ], [ 81.931, 27.39 ], [ 81.936, 27.378 ], [ 81.926, 27.368 ], [ 81.912, 27.37 ], [ 81.902, 27.36 ], [ 81.907, 27.349 ], [ 81.922, 27.347 ], [ 81.926, 27.336 ], [ 81.917, 27.326 ], [ 81.922, 27.315 ], [ 81.912, 27.305 ], [ 81.898, 27.307 ], [ 81.893, 27.318 ], [ 81.879, 27.32 ], [ 81.874, 27.331 ], [ 81.86, 27.333 ], [ 81.85, 27.323 ], [ 81.855, 27.312 ], [ 81.846, 27.302 ], [ 81.851, 27.291 ], [ 81.841, 27.281 ], [ 81.827, 27.283 ], [ 81.817, 27.273 ], [ 81.803, 27.275 ], [ 81.798, 27.286 ], [ 81.784, 27.288 ], [ 81.779, 27.299 ], [ 81.765, 27.301 ], [ 81.76, 27.312 ], [ 81.745, 27.314 ], [ 81.74, 27.325 ], [ 81.726, 27.327 ], [ 81.717, 27.317 ], [ 81.702, 27.319 ], [ 81.693, 27.309 ], [ 81.698, 27.298 ], [ 81.712, 27.296 ], [ 81.717, 27.285 ], [ 81.708, 27.275 ], [ 81.713, 27.263 ], [ 81.703, 27.254 ], [ 81.689, 27.255 ], [ 81.679, 27.246 ], [ 81.684, 27.234 ], [ 81.675, 27.225 ], [ 81.661, 27.226 ], [ 81.651, 27.216 ], [ 81.656, 27.205 ], [ 81.647, 27.195 ], [ 81.652, 27.184 ], [ 81.642, 27.174 ], [ 81.647, 27.163 ], [ 81.638, 27.153 ], [ 81.624, 27.155 ], [ 81.614, 27.145 ], [ 81.6, 27.147 ], [ 81.59, 27.137 ], [ 81.595, 27.125 ], [ 81.586, 27.116 ], [ 81.572, 27.117 ], [ 81.562, 27.108 ], [ 81.548, 27.109 ], [ 81.539, 27.1 ], [ 81.544, 27.088 ], [ 81.534, 27.078 ], [ 81.539, 27.067 ], [ 81.553, 27.065 ], [ 81.558, 27.054 ], [ 81.573, 27.052 ], [ 81.582, 27.062 ], [ 81.596, 27.06 ], [ 81.601, 27.049 ], [ 81.616, 27.047 ], [ 81.62, 27.036 ], [ 81.635, 27.034 ], [ 81.64, 27.023 ], [ 81.654, 27.021 ], [ 81.659, 27.01 ], [ 81.65, 27.0 ], [ 81.654, 26.989 ], [ 81.669, 26.987 ], [ 81.674, 26.976 ], [ 81.688, 26.974 ], [ 81.693, 26.963 ], [ 81.707, 26.961 ], [ 81.712, 26.95 ], [ 81.726, 26.948 ], [ 81.731, 26.937 ], [ 81.745, 26.935 ], [ 81.75, 26.924 ], [ 81.765, 26.922 ], [ 81.769, 26.911 ], [ 81.784, 26.909 ], [ 81.789, 26.898 ], [ 81.803, 26.896 ], [ 81.808, 26.885 ], [ 81.822, 26.883 ], [ 81.827, 26.872 ], [ 81.841, 26.87 ], [ 81.85, 26.88 ], [ 81.865, 26.878 ], [ 81.869, 26.867 ], [ 81.884, 26.865 ], [ 81.889, 26.854 ], [ 81.903, 26.852 ], [ 81.908, 26.841 ], [ 81.922, 26.839 ], [ 81.927, 26.827 ], [ 81.941, 26.826 ], [ 81.946, 26.814 ], [ 81.96, 26.813 ], [ 81.969, 26.822 ], [ 81.984, 26.821 ], [ 81.988, 26.809 ], [ 82.003, 26.808 ], [ 82.012, 26.817 ], [ 82.026, 26.816 ], [ 82.036, 26.825 ], [ 82.05, 26.824 ], [ 82.059, 26.833 ], [ 82.054, 26.845 ], [ 82.064, 26.854 ], [ 82.078, 26.853 ], [ 82.083, 26.841 ], [ 82.097, 26.84 ], [ 82.102, 26.828 ], [ 82.116, 26.827 ], [ 82.125, 26.836 ], [ 82.121, 26.848 ], [ 82.13, 26.857 ], [ 82.144, 26.856 ], [ 82.149, 26.844 ], [ 82.163, 26.843 ], [ 82.173, 26.852 ], [ 82.187, 26.851 ], [ 82.192, 26.839 ], [ 82.206, 26.837 ], [ 82.215, 26.847 ], [ 82.229, 26.845 ], [ 82.234, 26.834 ], [ 82.248, 26.832 ], [ 82.258, 26.842 ], [ 82.272, 26.84 ], [ 82.277, 26.829 ], [ 82.291, 26.827 ], [ 82.296, 26.816 ], [ 82.31, 26.814 ], [ 82.315, 26.803 ], [ 82.305, 26.793 ], [ 82.31, 26.782 ], [ 82.324, 26.78 ], [ 82.329, 26.769 ], [ 82.343, 26.767 ], [ 82.348, 26.756 ], [ 82.362, 26.754 ], [ 82.367, 26.743 ], [ 82.381, 26.741 ], [ 82.386, 26.73 ], [ 82.4, 26.728 ], [ 82.405, 26.717 ], [ 82.419, 26.715 ], [ 82.424, 26.703 ], [ 82.414, 26.694 ], [ 82.419, 26.682 ], [ 82.426, 26.682 ], [ 82.433, 26.681 ], [ 82.437, 26.669 ], [ 82.451, 26.667 ], [ 82.46, 26.677 ], [ 82.456, 26.688 ], [ 82.466, 26.698 ], [ 82.48, 26.696 ], [ 82.489, 26.706 ], [ 82.503, 26.704 ], [ 82.513, 26.714 ], [ 82.526, 26.712 ], [ 82.531, 26.7 ], [ 82.544, 26.698 ], [ 82.549, 26.687 ], [ 82.562, 26.685 ], [ 82.567, 26.673 ], [ 82.557, 26.663 ], [ 82.561, 26.652 ], [ 82.575, 26.65 ], [ 82.579, 26.638 ], [ 82.593, 26.636 ], [ 82.597, 26.625 ], [ 82.611, 26.623 ], [ 82.62, 26.632 ], [ 82.634, 26.63 ], [ 82.638, 26.619 ], [ 82.652, 26.617 ], [ 82.662, 26.627 ], [ 82.676, 26.625 ], [ 82.68, 26.613 ], [ 82.694, 26.611 ], [ 82.698, 26.599 ], [ 82.688, 26.59 ], [ 82.692, 26.578 ], [ 82.683, 26.568 ], [ 82.687, 26.557 ], [ 82.701, 26.555 ], [ 82.71, 26.564 ], [ 82.706, 26.576 ], [ 82.716, 26.586 ], [ 82.73, 26.584 ], [ 82.739, 26.593 ], [ 82.753, 26.592 ], [ 82.763, 26.601 ], [ 82.776, 26.599 ], [ 82.786, 26.609 ], [ 82.8, 26.607 ], [ 82.81, 26.617 ], [ 82.823, 26.615 ], [ 82.828, 26.603 ], [ 82.841, 26.601 ], [ 82.846, 26.589 ], [ 82.859, 26.588 ], [ 82.863, 26.576 ], [ 82.877, 26.574 ], [ 82.881, 26.562 ], [ 82.895, 26.56 ], [ 82.899, 26.549 ], [ 82.913, 26.547 ], [ 82.917, 26.535 ], [ 82.931, 26.533 ], [ 82.935, 26.521 ], [ 82.949, 26.519 ], [ 82.953, 26.508 ], [ 82.967, 26.506 ], [ 82.977, 26.515 ], [ 82.991, 26.513 ], [ 82.995, 26.502 ], [ 83.009, 26.5 ], [ 83.018, 26.509 ], [ 83.032, 26.507 ], [ 83.036, 26.496 ], [ 83.05, 26.494 ], [ 83.054, 26.482 ], [ 83.068, 26.48 ], [ 83.072, 26.468 ], [ 83.063, 26.459 ], [ 83.067, 26.447 ], [ 83.081, 26.445 ], [ 83.085, 26.433 ], [ 83.099, 26.431 ], [ 83.103, 26.419 ], [ 83.117, 26.417 ], [ 83.121, 26.406 ], [ 83.135, 26.404 ], [ 83.144, 26.413 ], [ 83.158, 26.411 ], [ 83.168, 26.421 ], [ 83.182, 26.419 ], [ 83.186, 26.407 ], [ 83.2, 26.405 ], [ 83.209, 26.415 ], [ 83.223, 26.413 ], [ 83.227, 26.401 ], [ 83.241, 26.399 ], [ 83.245, 26.388 ], [ 83.259, 26.386 ], [ 83.269, 26.395 ], [ 83.283, 26.393 ], [ 83.287, 26.381 ], [ 83.301, 26.379 ], [ 83.305, 26.368 ], [ 83.319, 26.366 ], [ 83.328, 26.375 ], [ 83.342, 26.373 ], [ 83.346, 26.362 ], [ 83.36, 26.36 ], [ 83.364, 26.348 ], [ 83.378, 26.346 ], [ 83.383, 26.334 ], [ 83.396, 26.332 ], [ 83.401, 26.32 ], [ 83.414, 26.318 ], [ 83.419, 26.306 ], [ 83.432, 26.304 ], [ 83.437, 26.293 ], [ 83.45, 26.291 ], [ 83.46, 26.3 ], [ 83.474, 26.298 ], [ 83.478, 26.287 ], [ 83.492, 26.284 ], [ 83.502, 26.294 ], [ 83.516, 26.292 ], [ 83.525, 26.302 ], [ 83.539, 26.3 ], [ 83.549, 26.31 ], [ 83.563, 26.307 ], [ 83.572, 26.317 ], [ 83.586, 26.315 ], [ 83.596, 26.325 ], [ 83.61, 26.323 ], [ 83.62, 26.332 ], [ 83.633, 26.33 ], [ 83.643, 26.34 ], [ 83.657, 26.338 ], [ 83.661, 26.326 ], [ 83.675, 26.324 ], [ 83.679, 26.312 ], [ 83.693, 26.31 ], [ 83.697, 26.299 ], [ 83.711, 26.297 ], [ 83.715, 26.285 ], [ 83.729, 26.283 ], [ 83.739, 26.292 ], [ 83.753, 26.29 ], [ 83.757, 26.278 ], [ 83.771, 26.276 ], [ 83.775, 26.265 ], [ 83.789, 26.263 ], [ 83.793, 26.251 ], [ 83.807, 26.249 ], [ 83.811, 26.237 ], [ 83.825, 26.235 ], [ 83.829, 26.223 ], [ 83.843, 26.221 ], [ 83.847, 26.209 ], [ 83.861, 26.207 ], [ 83.865, 26.195 ], [ 83.879, 26.193 ], [ 83.883, 26.181 ], [ 83.897, 26.179 ], [ 83.901, 26.167 ], [ 83.915, 26.165 ], [ 83.919, 26.153 ], [ 83.933, 26.151 ], [ 83.943, 26.161 ], [ 83.957, 26.159 ], [ 83.967, 26.169 ], [ 83.98, 26.167 ], [ 83.985, 26.155 ], [ 83.999, 26.153 ], [ 84.008, 26.162 ], [ 84.004, 26.174 ], [ 84.014, 26.184 ], [ 84.01, 26.196 ], [ 84.019, 26.205 ], [ 84.015, 26.217 ], [ 84.025, 26.227 ], [ 84.039, 26.225 ], [ 84.049, 26.234 ], [ 84.063, 26.232 ], [ 84.067, 26.221 ], [ 84.081, 26.218 ], [ 84.09, 26.228 ], [ 84.104, 26.226 ], [ 84.114, 26.236 ], [ 84.11, 26.248 ], [ 84.12, 26.257 ], [ 84.134, 26.255 ], [ 84.143, 26.265 ], [ 84.157, 26.263 ], [ 84.167, 26.272 ], [ 84.163, 26.284 ], [ 84.173, 26.294 ], [ 84.168, 26.306 ], [ 84.178, 26.315 ], [ 84.174, 26.327 ], [ 84.184, 26.337 ], [ 84.18, 26.349 ], [ 84.166, 26.351 ], [ 84.162, 26.363 ], [ 84.171, 26.372 ], [ 84.167, 26.384 ], [ 84.153, 26.386 ], [ 84.144, 26.376 ], [ 84.13, 26.379 ], [ 84.125, 26.39 ], [ 84.112, 26.393 ], [ 84.102, 26.383 ], [ 84.088, 26.385 ], [ 84.084, 26.397 ], [ 84.07, 26.399 ], [ 84.066, 26.411 ], [ 84.052, 26.413 ], [ 84.042, 26.403 ], [ 84.028, 26.405 ], [ 84.024, 26.417 ], [ 84.034, 26.427 ], [ 84.029, 26.438 ], [ 84.016, 26.44 ], [ 84.011, 26.452 ], [ 83.997, 26.454 ], [ 83.988, 26.445 ], [ 83.992, 26.433 ], [ 83.982, 26.423 ], [ 83.968, 26.425 ], [ 83.964, 26.437 ], [ 83.95, 26.439 ], [ 83.946, 26.451 ], [ 83.932, 26.453 ], [ 83.922, 26.443 ], [ 83.908, 26.445 ], [ 83.904, 26.457 ], [ 83.914, 26.467 ], [ 83.91, 26.479 ], [ 83.92, 26.488 ], [ 83.915, 26.5 ], [ 83.925, 26.51 ], [ 83.921, 26.522 ], [ 83.931, 26.531 ], [ 83.945, 26.529 ], [ 83.949, 26.517 ], [ 83.963, 26.515 ], [ 83.973, 26.525 ], [ 83.986, 26.523 ], [ 83.996, 26.533 ], [ 84.01, 26.53 ], [ 84.02, 26.54 ], [ 84.034, 26.538 ], [ 84.044, 26.548 ], [ 84.039, 26.56 ], [ 84.025, 26.562 ], [ 84.021, 26.573 ], [ 84.007, 26.575 ], [ 84.003, 26.587 ], [ 83.989, 26.589 ], [ 83.985, 26.601 ], [ 83.995, 26.611 ], [ 83.991, 26.622 ], [ 83.977, 26.625 ], [ 83.973, 26.636 ], [ 83.959, 26.638 ], [ 83.955, 26.65 ], [ 83.964, 26.66 ], [ 83.96, 26.672 ], [ 83.946, 26.674 ], [ 83.942, 26.685 ], [ 83.928, 26.687 ], [ 83.918, 26.678 ], [ 83.904, 26.68 ], [ 83.9, 26.692 ], [ 83.91, 26.701 ], [ 83.906, 26.713 ], [ 83.892, 26.715 ], [ 83.888, 26.727 ], [ 83.874, 26.729 ], [ 83.87, 26.741 ], [ 83.856, 26.743 ], [ 83.852, 26.754 ], [ 83.838, 26.756 ], [ 83.828, 26.747 ], [ 83.814, 26.749 ], [ 83.804, 26.739 ], [ 83.809, 26.727 ], [ 83.799, 26.718 ], [ 83.785, 26.72 ], [ 83.775, 26.71 ], [ 83.761, 26.712 ], [ 83.751, 26.702 ], [ 83.738, 26.705 ], [ 83.728, 26.695 ], [ 83.714, 26.697 ], [ 83.704, 26.687 ], [ 83.69, 26.689 ], [ 83.686, 26.701 ], [ 83.672, 26.703 ], [ 83.663, 26.693 ], [ 83.667, 26.682 ], [ 83.657, 26.672 ], [ 83.661, 26.66 ], [ 83.651, 26.651 ], [ 83.638, 26.653 ], [ 83.633, 26.664 ], [ 83.619, 26.666 ], [ 83.615, 26.678 ], [ 83.625, 26.688 ], [ 83.621, 26.699 ], [ 83.631, 26.709 ], [ 83.626, 26.721 ], [ 83.613, 26.723 ], [ 83.608, 26.735 ], [ 83.618, 26.744 ], [ 83.614, 26.756 ], [ 83.6, 26.758 ], [ 83.596, 26.77 ], [ 83.606, 26.779 ], [ 83.601, 26.791 ], [ 83.587, 26.793 ], [ 83.583, 26.805 ], [ 83.569, 26.807 ], [ 83.565, 26.819 ], [ 83.551, 26.821 ], [ 83.547, 26.832 ], [ 83.557, 26.842 ], [ 83.553, 26.854 ], [ 83.539, 26.856 ], [ 83.535, 26.867 ], [ 83.544, 26.877 ], [ 83.54, 26.889 ], [ 83.526, 26.891 ], [ 83.522, 26.902 ], [ 83.508, 26.904 ], [ 83.499, 26.895 ], [ 83.485, 26.897 ], [ 83.48, 26.908 ], [ 83.49, 26.918 ], [ 83.486, 26.93 ], [ 83.472, 26.932 ], [ 83.468, 26.943 ], [ 83.454, 26.945 ], [ 83.444, 26.936 ], [ 83.43, 26.938 ], [ 83.421, 26.928 ], [ 83.407, 26.93 ], [ 83.397, 26.92 ], [ 83.401, 26.909 ], [ 83.415, 26.907 ], [ 83.419, 26.895 ], [ 83.41, 26.885 ], [ 83.414, 26.874 ], [ 83.428, 26.872 ], [ 83.432, 26.86 ], [ 83.422, 26.85 ], [ 83.426, 26.839 ], [ 83.417, 26.829 ], [ 83.403, 26.831 ], [ 83.393, 26.821 ], [ 83.379, 26.823 ], [ 83.37, 26.814 ], [ 83.356, 26.816 ], [ 83.346, 26.806 ], [ 83.332, 26.808 ], [ 83.328, 26.82 ], [ 83.338, 26.829 ], [ 83.333, 26.841 ], [ 83.343, 26.851 ], [ 83.339, 26.862 ], [ 83.349, 26.872 ], [ 83.363, 26.87 ], [ 83.372, 26.88 ], [ 83.368, 26.891 ], [ 83.378, 26.901 ], [ 83.374, 26.913 ], [ 83.36, 26.915 ] ], [ [ 83.094, 26.886 ], [ 83.089, 26.898 ], [ 83.076, 26.9 ], [ 83.071, 26.912 ], [ 83.081, 26.921 ], [ 83.077, 26.933 ], [ 83.087, 26.943 ], [ 83.1, 26.941 ], [ 83.11, 26.95 ], [ 83.124, 26.948 ], [ 83.134, 26.958 ], [ 83.148, 26.956 ], [ 83.152, 26.944 ], [ 83.166, 26.943 ], [ 83.17, 26.931 ], [ 83.184, 26.929 ], [ 83.188, 26.917 ], [ 83.202, 26.915 ], [ 83.206, 26.904 ], [ 83.22, 26.902 ], [ 83.224, 26.89 ], [ 83.214, 26.88 ], [ 83.218, 26.869 ], [ 83.209, 26.859 ], [ 83.195, 26.861 ], [ 83.185, 26.851 ], [ 83.171, 26.853 ], [ 83.167, 26.865 ], [ 83.153, 26.867 ], [ 83.144, 26.857 ], [ 83.13, 26.859 ], [ 83.126, 26.871 ], [ 83.112, 26.873 ], [ 83.107, 26.884 ], [ 83.094, 26.886 ] ], [ [ 83.418, 26.751 ], [ 83.404, 26.753 ], [ 83.4, 26.765 ], [ 83.41, 26.775 ], [ 83.424, 26.773 ], [ 83.433, 26.782 ], [ 83.429, 26.794 ], [ 83.439, 26.804 ], [ 83.453, 26.802 ], [ 83.463, 26.811 ], [ 83.476, 26.809 ], [ 83.481, 26.798 ], [ 83.471, 26.788 ], [ 83.475, 26.776 ], [ 83.489, 26.774 ], [ 83.493, 26.763 ], [ 83.507, 26.761 ], [ 83.511, 26.749 ], [ 83.501, 26.739 ], [ 83.506, 26.727 ], [ 83.496, 26.718 ], [ 83.5, 26.706 ], [ 83.49, 26.696 ], [ 83.476, 26.698 ], [ 83.467, 26.689 ], [ 83.453, 26.691 ], [ 83.449, 26.702 ], [ 83.435, 26.704 ], [ 83.431, 26.716 ], [ 83.417, 26.718 ], [ 83.413, 26.73 ], [ 83.422, 26.74 ], [ 83.418, 26.751 ] ] ], [ [ [ 79.681, 25.86 ], [ 79.69, 25.87 ], [ 79.685, 25.881 ], [ 79.671, 25.882 ], [ 79.666, 25.894 ], [ 79.651, 25.895 ], [ 79.642, 25.885 ], [ 79.628, 25.887 ], [ 79.619, 25.877 ], [ 79.605, 25.878 ], [ 79.596, 25.869 ], [ 79.601, 25.857 ], [ 79.592, 25.848 ], [ 79.578, 25.849 ], [ 79.569, 25.839 ], [ 79.574, 25.828 ], [ 79.565, 25.818 ], [ 79.551, 25.82 ], [ 79.542, 25.81 ], [ 79.547, 25.799 ], [ 79.538, 25.789 ], [ 79.524, 25.79 ], [ 79.515, 25.781 ], [ 79.501, 25.782 ], [ 79.492, 25.772 ], [ 79.478, 25.774 ], [ 79.473, 25.785 ], [ 79.459, 25.786 ], [ 79.45, 25.776 ], [ 79.435, 25.778 ], [ 79.426, 25.768 ], [ 79.432, 25.757 ], [ 79.423, 25.747 ], [ 79.428, 25.736 ], [ 79.419, 25.726 ], [ 79.424, 25.715 ], [ 79.415, 25.705 ], [ 79.421, 25.694 ], [ 79.412, 25.684 ], [ 79.417, 25.673 ], [ 79.431, 25.672 ], [ 79.436, 25.661 ], [ 79.427, 25.651 ], [ 79.433, 25.64 ], [ 79.424, 25.63 ], [ 79.429, 25.619 ], [ 79.42, 25.609 ], [ 79.425, 25.598 ], [ 79.439, 25.597 ], [ 79.445, 25.586 ], [ 79.459, 25.584 ], [ 79.464, 25.573 ], [ 79.455, 25.563 ], [ 79.46, 25.552 ], [ 79.451, 25.542 ], [ 79.456, 25.531 ], [ 79.448, 25.522 ], [ 79.433, 25.523 ], [ 79.424, 25.513 ], [ 79.43, 25.502 ], [ 79.421, 25.492 ], [ 79.407, 25.494 ], [ 79.398, 25.484 ], [ 79.403, 25.473 ], [ 79.394, 25.463 ], [ 79.399, 25.452 ], [ 79.39, 25.442 ], [ 79.376, 25.444 ], [ 79.367, 25.434 ], [ 79.373, 25.423 ], [ 79.364, 25.413 ], [ 79.369, 25.402 ], [ 79.36, 25.392 ], [ 79.365, 25.381 ], [ 79.356, 25.371 ], [ 79.342, 25.373 ], [ 79.333, 25.363 ], [ 79.319, 25.364 ], [ 79.31, 25.355 ], [ 79.316, 25.344 ], [ 79.33, 25.342 ], [ 79.335, 25.331 ], [ 79.349, 25.33 ], [ 79.354, 25.319 ], [ 79.345, 25.309 ], [ 79.351, 25.298 ], [ 79.342, 25.288 ], [ 79.347, 25.277 ], [ 79.361, 25.276 ], [ 79.37, 25.285 ], [ 79.384, 25.284 ], [ 79.389, 25.273 ], [ 79.403, 25.272 ], [ 79.408, 25.261 ], [ 79.422, 25.259 ], [ 79.428, 25.248 ], [ 79.442, 25.247 ], [ 79.447, 25.236 ], [ 79.438, 25.226 ], [ 79.443, 25.215 ], [ 79.434, 25.205 ], [ 79.42, 25.207 ], [ 79.411, 25.197 ], [ 79.417, 25.186 ], [ 79.408, 25.176 ], [ 79.394, 25.177 ], [ 79.385, 25.168 ], [ 79.39, 25.157 ], [ 79.381, 25.147 ], [ 79.386, 25.136 ], [ 79.4, 25.135 ], [ 79.406, 25.124 ], [ 79.397, 25.114 ], [ 79.402, 25.103 ], [ 79.416, 25.101 ], [ 79.425, 25.111 ], [ 79.439, 25.11 ], [ 79.448, 25.119 ], [ 79.462, 25.118 ], [ 79.467, 25.107 ], [ 79.458, 25.097 ], [ 79.463, 25.086 ], [ 79.477, 25.085 ], [ 79.482, 25.074 ], [ 79.497, 25.073 ], [ 79.505, 25.082 ], [ 79.5, 25.093 ], [ 79.509, 25.103 ], [ 79.523, 25.102 ], [ 79.532, 25.111 ], [ 79.527, 25.122 ], [ 79.536, 25.132 ], [ 79.531, 25.143 ], [ 79.539, 25.153 ], [ 79.553, 25.151 ], [ 79.562, 25.161 ], [ 79.576, 25.16 ], [ 79.582, 25.149 ], [ 79.596, 25.147 ], [ 79.601, 25.136 ], [ 79.608, 25.136 ], [ 79.614, 25.135 ], [ 79.624, 25.145 ], [ 79.637, 25.143 ], [ 79.641, 25.131 ], [ 79.655, 25.129 ], [ 79.659, 25.118 ], [ 79.672, 25.116 ], [ 79.681, 25.126 ], [ 79.695, 25.124 ], [ 79.704, 25.134 ], [ 79.717, 25.132 ], [ 79.727, 25.142 ], [ 79.74, 25.14 ], [ 79.744, 25.129 ], [ 79.758, 25.127 ], [ 79.767, 25.137 ], [ 79.78, 25.135 ], [ 79.784, 25.123 ], [ 79.798, 25.122 ], [ 79.802, 25.11 ], [ 79.815, 25.108 ], [ 79.82, 25.097 ], [ 79.833, 25.095 ], [ 79.842, 25.105 ], [ 79.838, 25.116 ], [ 79.847, 25.126 ], [ 79.861, 25.124 ], [ 79.87, 25.134 ], [ 79.866, 25.146 ], [ 79.875, 25.156 ], [ 79.871, 25.167 ], [ 79.857, 25.169 ], [ 79.853, 25.181 ], [ 79.863, 25.191 ], [ 79.858, 25.202 ], [ 79.868, 25.212 ], [ 79.863, 25.224 ], [ 79.873, 25.234 ], [ 79.869, 25.245 ], [ 79.878, 25.255 ], [ 79.891, 25.253 ], [ 79.895, 25.242 ], [ 79.909, 25.24 ], [ 79.918, 25.25 ], [ 79.931, 25.248 ], [ 79.941, 25.258 ], [ 79.954, 25.256 ], [ 79.963, 25.266 ], [ 79.977, 25.264 ], [ 79.986, 25.274 ], [ 80.0, 25.272 ], [ 80.009, 25.282 ], [ 80.005, 25.294 ], [ 80.014, 25.304 ], [ 80.01, 25.315 ], [ 80.019, 25.325 ], [ 80.032, 25.323 ], [ 80.042, 25.333 ], [ 80.055, 25.331 ], [ 80.064, 25.341 ], [ 80.078, 25.34 ], [ 80.087, 25.349 ], [ 80.101, 25.348 ], [ 80.105, 25.336 ], [ 80.118, 25.334 ], [ 80.128, 25.344 ], [ 80.141, 25.342 ], [ 80.15, 25.352 ], [ 80.164, 25.35 ], [ 80.173, 25.36 ], [ 80.169, 25.372 ], [ 80.178, 25.382 ], [ 80.192, 25.38 ], [ 80.201, 25.39 ], [ 80.197, 25.401 ], [ 80.206, 25.411 ], [ 80.219, 25.409 ], [ 80.224, 25.398 ], [ 80.237, 25.396 ], [ 80.246, 25.406 ], [ 80.26, 25.404 ], [ 80.269, 25.414 ], [ 80.265, 25.426 ], [ 80.274, 25.435 ], [ 80.27, 25.447 ], [ 80.279, 25.457 ], [ 80.275, 25.468 ], [ 80.285, 25.478 ], [ 80.28, 25.49 ], [ 80.29, 25.5 ], [ 80.286, 25.511 ], [ 80.279, 25.512 ], [ 80.272, 25.513 ], [ 80.267, 25.524 ], [ 80.276, 25.534 ], [ 80.271, 25.545 ], [ 80.257, 25.546 ], [ 80.252, 25.558 ], [ 80.261, 25.567 ], [ 80.255, 25.578 ], [ 80.264, 25.588 ], [ 80.259, 25.599 ], [ 80.268, 25.609 ], [ 80.263, 25.62 ], [ 80.272, 25.63 ], [ 80.267, 25.641 ], [ 80.276, 25.651 ], [ 80.29, 25.649 ], [ 80.3, 25.659 ], [ 80.294, 25.67 ], [ 80.28, 25.671 ], [ 80.275, 25.683 ], [ 80.284, 25.692 ], [ 80.279, 25.703 ], [ 80.288, 25.713 ], [ 80.302, 25.712 ], [ 80.311, 25.721 ], [ 80.326, 25.72 ], [ 80.335, 25.73 ], [ 80.33, 25.741 ], [ 80.339, 25.75 ], [ 80.334, 25.762 ], [ 80.343, 25.771 ], [ 80.357, 25.77 ], [ 80.362, 25.759 ], [ 80.376, 25.757 ], [ 80.385, 25.767 ], [ 80.399, 25.765 ], [ 80.408, 25.775 ], [ 80.403, 25.786 ], [ 80.412, 25.796 ], [ 80.426, 25.794 ], [ 80.431, 25.783 ], [ 80.445, 25.782 ], [ 80.454, 25.791 ], [ 80.449, 25.803 ], [ 80.458, 25.812 ], [ 80.453, 25.824 ], [ 80.463, 25.833 ], [ 80.457, 25.844 ], [ 80.467, 25.854 ], [ 80.481, 25.853 ], [ 80.49, 25.862 ], [ 80.485, 25.873 ], [ 80.471, 25.875 ], [ 80.466, 25.886 ], [ 80.451, 25.888 ], [ 80.446, 25.899 ], [ 80.432, 25.9 ], [ 80.423, 25.891 ], [ 80.409, 25.892 ], [ 80.4, 25.882 ], [ 80.386, 25.884 ], [ 80.377, 25.874 ], [ 80.363, 25.876 ], [ 80.357, 25.887 ], [ 80.343, 25.888 ], [ 80.334, 25.879 ], [ 80.32, 25.88 ], [ 80.311, 25.87 ], [ 80.297, 25.872 ], [ 80.292, 25.883 ], [ 80.278, 25.885 ], [ 80.273, 25.896 ], [ 80.258, 25.897 ], [ 80.253, 25.908 ], [ 80.239, 25.91 ], [ 80.23, 25.9 ], [ 80.216, 25.902 ], [ 80.211, 25.913 ], [ 80.197, 25.914 ], [ 80.188, 25.905 ], [ 80.173, 25.906 ], [ 80.168, 25.917 ], [ 80.154, 25.919 ], [ 80.149, 25.93 ], [ 80.135, 25.931 ], [ 80.126, 25.922 ], [ 80.112, 25.923 ], [ 80.103, 25.913 ], [ 80.108, 25.902 ], [ 80.099, 25.892 ], [ 80.085, 25.894 ], [ 80.076, 25.884 ], [ 80.061, 25.886 ], [ 80.052, 25.876 ], [ 80.038, 25.877 ], [ 80.029, 25.868 ], [ 80.015, 25.869 ], [ 80.006, 25.859 ], [ 79.992, 25.861 ], [ 79.983, 25.851 ], [ 79.969, 25.852 ], [ 79.963, 25.864 ], [ 79.949, 25.865 ], [ 79.94, 25.855 ], [ 79.926, 25.857 ], [ 79.917, 25.847 ], [ 79.922, 25.836 ], [ 79.913, 25.826 ], [ 79.899, 25.827 ], [ 79.89, 25.818 ], [ 79.895, 25.807 ], [ 79.886, 25.797 ], [ 79.872, 25.798 ], [ 79.863, 25.789 ], [ 79.849, 25.79 ], [ 79.844, 25.801 ], [ 79.829, 25.803 ], [ 79.824, 25.814 ], [ 79.81, 25.815 ], [ 79.805, 25.826 ], [ 79.814, 25.836 ], [ 79.809, 25.847 ], [ 79.795, 25.849 ], [ 79.786, 25.839 ], [ 79.771, 25.84 ], [ 79.762, 25.831 ], [ 79.748, 25.832 ], [ 79.743, 25.843 ], [ 79.729, 25.845 ], [ 79.72, 25.835 ], [ 79.706, 25.836 ], [ 79.701, 25.847 ], [ 79.686, 25.849 ], [ 79.681, 25.86 ] ], [ [ 79.454, 25.277 ], [ 79.468, 25.276 ], [ 79.474, 25.265 ], [ 79.465, 25.255 ], [ 79.451, 25.256 ], [ 79.445, 25.268 ], [ 79.454, 25.277 ] ] ], [ [ [ 83.465, 24.716 ], [ 83.461, 24.728 ], [ 83.447, 24.73 ], [ 83.443, 24.742 ], [ 83.43, 24.744 ], [ 83.425, 24.756 ], [ 83.412, 24.758 ], [ 83.407, 24.77 ], [ 83.394, 24.772 ], [ 83.39, 24.784 ], [ 83.376, 24.787 ], [ 83.366, 24.777 ], [ 83.352, 24.779 ], [ 83.343, 24.769 ], [ 83.329, 24.771 ], [ 83.319, 24.761 ], [ 83.323, 24.749 ], [ 83.314, 24.74 ], [ 83.318, 24.728 ], [ 83.308, 24.718 ], [ 83.295, 24.72 ], [ 83.29, 24.732 ], [ 83.277, 24.734 ], [ 83.267, 24.724 ], [ 83.253, 24.726 ], [ 83.244, 24.717 ], [ 83.23, 24.719 ], [ 83.226, 24.731 ], [ 83.212, 24.733 ], [ 83.202, 24.723 ], [ 83.189, 24.725 ], [ 83.185, 24.737 ], [ 83.171, 24.739 ], [ 83.161, 24.729 ], [ 83.147, 24.732 ], [ 83.143, 24.743 ], [ 83.13, 24.746 ], [ 83.125, 24.758 ], [ 83.112, 24.76 ], [ 83.108, 24.772 ], [ 83.094, 24.774 ], [ 83.09, 24.786 ], [ 83.099, 24.795 ], [ 83.095, 24.807 ], [ 83.105, 24.817 ], [ 83.101, 24.829 ], [ 83.11, 24.839 ], [ 83.106, 24.851 ], [ 83.092, 24.853 ], [ 83.088, 24.865 ], [ 83.074, 24.867 ], [ 83.07, 24.879 ], [ 83.056, 24.881 ], [ 83.047, 24.871 ], [ 83.033, 24.873 ], [ 83.029, 24.885 ], [ 83.015, 24.887 ], [ 83.006, 24.878 ], [ 82.992, 24.88 ], [ 82.982, 24.87 ], [ 82.969, 24.872 ], [ 82.959, 24.862 ], [ 82.945, 24.864 ], [ 82.936, 24.854 ], [ 82.922, 24.856 ], [ 82.912, 24.847 ], [ 82.899, 24.849 ], [ 82.889, 24.839 ], [ 82.875, 24.841 ], [ 82.866, 24.831 ], [ 82.852, 24.833 ], [ 82.848, 24.845 ], [ 82.834, 24.847 ], [ 82.824, 24.838 ], [ 82.811, 24.84 ], [ 82.801, 24.83 ], [ 82.787, 24.832 ], [ 82.778, 24.822 ], [ 82.764, 24.824 ], [ 82.755, 24.814 ], [ 82.741, 24.816 ], [ 82.731, 24.807 ], [ 82.718, 24.809 ], [ 82.708, 24.799 ], [ 82.694, 24.801 ], [ 82.685, 24.791 ], [ 82.671, 24.793 ], [ 82.662, 24.783 ], [ 82.648, 24.785 ], [ 82.644, 24.797 ], [ 82.63, 24.799 ], [ 82.626, 24.811 ], [ 82.612, 24.813 ], [ 82.608, 24.825 ], [ 82.594, 24.827 ], [ 82.585, 24.817 ], [ 82.571, 24.82 ], [ 82.561, 24.81 ], [ 82.548, 24.812 ], [ 82.538, 24.802 ], [ 82.542, 24.79 ], [ 82.533, 24.78 ], [ 82.537, 24.768 ], [ 82.551, 24.766 ], [ 82.555, 24.754 ], [ 82.545, 24.745 ], [ 82.549, 24.733 ], [ 82.54, 24.723 ], [ 82.544, 24.711 ], [ 82.535, 24.701 ], [ 82.521, 24.703 ], [ 82.511, 24.693 ], [ 82.515, 24.681 ], [ 82.529, 24.679 ], [ 82.533, 24.667 ], [ 82.524, 24.658 ], [ 82.528, 24.646 ], [ 82.542, 24.644 ], [ 82.551, 24.654 ], [ 82.565, 24.651 ], [ 82.574, 24.661 ], [ 82.588, 24.659 ], [ 82.598, 24.669 ], [ 82.611, 24.667 ], [ 82.621, 24.677 ], [ 82.635, 24.675 ], [ 82.644, 24.685 ], [ 82.658, 24.682 ], [ 82.667, 24.692 ], [ 82.681, 24.69 ], [ 82.685, 24.678 ], [ 82.699, 24.676 ], [ 82.703, 24.664 ], [ 82.693, 24.654 ], [ 82.698, 24.643 ], [ 82.711, 24.64 ], [ 82.721, 24.65 ], [ 82.735, 24.648 ], [ 82.739, 24.636 ], [ 82.752, 24.634 ], [ 82.762, 24.644 ], [ 82.776, 24.642 ], [ 82.78, 24.63 ], [ 82.794, 24.628 ], [ 82.803, 24.638 ], [ 82.817, 24.636 ], [ 82.821, 24.624 ], [ 82.835, 24.622 ], [ 82.844, 24.631 ], [ 82.858, 24.629 ], [ 82.868, 24.639 ], [ 82.881, 24.637 ], [ 82.885, 24.625 ], [ 82.899, 24.623 ], [ 82.909, 24.633 ], [ 82.922, 24.631 ], [ 82.927, 24.619 ], [ 82.94, 24.617 ], [ 82.95, 24.626 ], [ 82.964, 24.624 ], [ 82.968, 24.612 ], [ 82.982, 24.61 ], [ 82.986, 24.598 ], [ 82.976, 24.589 ], [ 82.98, 24.577 ], [ 82.994, 24.574 ], [ 82.998, 24.562 ], [ 83.012, 24.56 ], [ 83.016, 24.548 ], [ 83.03, 24.546 ], [ 83.039, 24.556 ], [ 83.053, 24.554 ], [ 83.057, 24.542 ], [ 83.071, 24.54 ], [ 83.075, 24.528 ], [ 83.065, 24.518 ], [ 83.07, 24.506 ], [ 83.083, 24.504 ], [ 83.087, 24.492 ], [ 83.101, 24.49 ], [ 83.111, 24.5 ], [ 83.125, 24.498 ], [ 83.129, 24.486 ], [ 83.142, 24.483 ], [ 83.152, 24.493 ], [ 83.166, 24.491 ], [ 83.175, 24.501 ], [ 83.189, 24.499 ], [ 83.193, 24.487 ], [ 83.207, 24.485 ], [ 83.217, 24.495 ], [ 83.23, 24.492 ], [ 83.24, 24.502 ], [ 83.254, 24.5 ], [ 83.258, 24.488 ], [ 83.272, 24.486 ], [ 83.281, 24.496 ], [ 83.295, 24.494 ], [ 83.305, 24.503 ], [ 83.318, 24.501 ], [ 83.328, 24.511 ], [ 83.342, 24.509 ], [ 83.351, 24.519 ], [ 83.365, 24.517 ], [ 83.375, 24.526 ], [ 83.388, 24.524 ], [ 83.398, 24.534 ], [ 83.412, 24.532 ], [ 83.421, 24.542 ], [ 83.435, 24.54 ], [ 83.439, 24.528 ], [ 83.453, 24.525 ], [ 83.463, 24.535 ], [ 83.477, 24.533 ], [ 83.486, 24.543 ], [ 83.5, 24.541 ], [ 83.504, 24.529 ], [ 83.518, 24.526 ], [ 83.527, 24.536 ], [ 83.523, 24.548 ], [ 83.533, 24.558 ], [ 83.529, 24.57 ], [ 83.538, 24.58 ], [ 83.534, 24.592 ], [ 83.521, 24.594 ], [ 83.516, 24.606 ], [ 83.526, 24.616 ], [ 83.522, 24.628 ], [ 83.508, 24.63 ], [ 83.504, 24.642 ], [ 83.514, 24.652 ], [ 83.509, 24.664 ], [ 83.496, 24.666 ], [ 83.492, 24.678 ], [ 83.478, 24.68 ], [ 83.474, 24.692 ], [ 83.483, 24.702 ], [ 83.479, 24.714 ], [ 83.465, 24.716 ] ] ], [ [ [ 82.898, 24.589 ], [ 82.888, 24.579 ], [ 82.875, 24.582 ], [ 82.87, 24.593 ], [ 82.857, 24.596 ], [ 82.847, 24.586 ], [ 82.833, 24.588 ], [ 82.824, 24.578 ], [ 82.81, 24.58 ], [ 82.801, 24.57 ], [ 82.787, 24.572 ], [ 82.777, 24.563 ], [ 82.764, 24.565 ], [ 82.754, 24.555 ], [ 82.74, 24.557 ], [ 82.731, 24.547 ], [ 82.735, 24.535 ], [ 82.725, 24.525 ], [ 82.73, 24.513 ], [ 82.743, 24.511 ], [ 82.747, 24.499 ], [ 82.738, 24.49 ], [ 82.742, 24.478 ], [ 82.732, 24.468 ], [ 82.737, 24.456 ], [ 82.727, 24.446 ], [ 82.731, 24.434 ], [ 82.722, 24.424 ], [ 82.726, 24.412 ], [ 82.716, 24.402 ], [ 82.72, 24.39 ], [ 82.711, 24.381 ], [ 82.715, 24.369 ], [ 82.729, 24.367 ], [ 82.738, 24.376 ], [ 82.752, 24.374 ], [ 82.756, 24.362 ], [ 82.77, 24.36 ], [ 82.774, 24.348 ], [ 82.764, 24.338 ], [ 82.768, 24.326 ], [ 82.759, 24.317 ], [ 82.763, 24.305 ], [ 82.777, 24.303 ], [ 82.781, 24.291 ], [ 82.771, 24.281 ], [ 82.758, 24.283 ], [ 82.748, 24.273 ], [ 82.752, 24.261 ], [ 82.766, 24.259 ], [ 82.77, 24.247 ], [ 82.761, 24.237 ], [ 82.747, 24.239 ], [ 82.737, 24.229 ], [ 82.741, 24.217 ], [ 82.732, 24.208 ], [ 82.736, 24.196 ], [ 82.75, 24.193 ], [ 82.759, 24.203 ], [ 82.773, 24.201 ], [ 82.783, 24.211 ], [ 82.796, 24.209 ], [ 82.806, 24.219 ], [ 82.819, 24.217 ], [ 82.829, 24.226 ], [ 82.843, 24.224 ], [ 82.847, 24.212 ], [ 82.861, 24.21 ], [ 82.87, 24.22 ], [ 82.884, 24.218 ], [ 82.893, 24.228 ], [ 82.907, 24.226 ], [ 82.917, 24.235 ], [ 82.93, 24.233 ], [ 82.934, 24.221 ], [ 82.948, 24.219 ], [ 82.958, 24.229 ], [ 82.971, 24.227 ], [ 82.981, 24.237 ], [ 82.995, 24.235 ], [ 82.999, 24.223 ], [ 83.013, 24.22 ], [ 83.022, 24.23 ], [ 83.036, 24.228 ], [ 83.04, 24.216 ], [ 83.054, 24.214 ], [ 83.058, 24.202 ], [ 83.072, 24.2 ], [ 83.076, 24.188 ], [ 83.089, 24.186 ], [ 83.094, 24.174 ], [ 83.084, 24.164 ], [ 83.088, 24.152 ], [ 83.079, 24.142 ], [ 83.083, 24.13 ], [ 83.073, 24.12 ], [ 83.077, 24.108 ], [ 83.068, 24.098 ], [ 83.054, 24.1 ], [ 83.044, 24.091 ], [ 83.049, 24.079 ], [ 83.039, 24.069 ], [ 83.025, 24.071 ], [ 83.016, 24.061 ], [ 83.002, 24.063 ], [ 82.992, 24.053 ], [ 82.979, 24.056 ], [ 82.969, 24.046 ], [ 82.955, 24.048 ], [ 82.951, 24.06 ], [ 82.938, 24.062 ], [ 82.928, 24.052 ], [ 82.914, 24.054 ], [ 82.905, 24.044 ], [ 82.891, 24.047 ], [ 82.882, 24.037 ], [ 82.868, 24.039 ], [ 82.858, 24.029 ], [ 82.845, 24.031 ], [ 82.835, 24.021 ], [ 82.821, 24.023 ], [ 82.817, 24.035 ], [ 82.804, 24.038 ], [ 82.794, 24.028 ], [ 82.78, 24.03 ], [ 82.771, 24.02 ], [ 82.775, 24.008 ], [ 82.789, 24.006 ], [ 82.793, 23.994 ], [ 82.806, 23.992 ], [ 82.811, 23.98 ], [ 82.801, 23.97 ], [ 82.805, 23.958 ], [ 82.819, 23.956 ], [ 82.828, 23.966 ], [ 82.842, 23.963 ], [ 82.846, 23.951 ], [ 82.86, 23.949 ], [ 82.864, 23.937 ], [ 82.878, 23.935 ], [ 82.882, 23.923 ], [ 82.872, 23.913 ], [ 82.876, 23.901 ], [ 82.89, 23.899 ], [ 82.9, 23.909 ], [ 82.913, 23.907 ], [ 82.918, 23.895 ], [ 82.931, 23.893 ], [ 82.935, 23.88 ], [ 82.949, 23.878 ], [ 82.953, 23.866 ], [ 82.967, 23.864 ], [ 82.976, 23.874 ], [ 82.99, 23.872 ], [ 83.0, 23.882 ], [ 83.013, 23.88 ], [ 83.023, 23.889 ], [ 83.037, 23.887 ], [ 83.041, 23.875 ], [ 83.054, 23.873 ], [ 83.064, 23.883 ], [ 83.078, 23.881 ], [ 83.082, 23.869 ], [ 83.096, 23.866 ], [ 83.105, 23.876 ], [ 83.119, 23.874 ], [ 83.128, 23.884 ], [ 83.142, 23.882 ], [ 83.152, 23.892 ], [ 83.148, 23.904 ], [ 83.157, 23.914 ], [ 83.171, 23.911 ], [ 83.18, 23.921 ], [ 83.194, 23.919 ], [ 83.204, 23.929 ], [ 83.217, 23.927 ], [ 83.227, 23.937 ], [ 83.223, 23.949 ], [ 83.232, 23.958 ], [ 83.228, 23.97 ], [ 83.238, 23.98 ], [ 83.234, 23.992 ], [ 83.243, 24.002 ], [ 83.239, 24.014 ], [ 83.249, 24.024 ], [ 83.263, 24.022 ], [ 83.272, 24.032 ], [ 83.286, 24.03 ], [ 83.296, 24.039 ], [ 83.291, 24.051 ], [ 83.301, 24.061 ], [ 83.297, 24.073 ], [ 83.306, 24.083 ], [ 83.302, 24.095 ], [ 83.312, 24.105 ], [ 83.326, 24.103 ], [ 83.335, 24.113 ], [ 83.349, 24.11 ], [ 83.359, 24.12 ], [ 83.354, 24.132 ], [ 83.364, 24.142 ], [ 83.36, 24.154 ], [ 83.37, 24.164 ], [ 83.365, 24.176 ], [ 83.375, 24.186 ], [ 83.371, 24.198 ], [ 83.38, 24.208 ], [ 83.376, 24.22 ], [ 83.386, 24.23 ], [ 83.382, 24.242 ], [ 83.391, 24.251 ], [ 83.405, 24.249 ], [ 83.415, 24.259 ], [ 83.411, 24.271 ], [ 83.397, 24.273 ], [ 83.393, 24.285 ], [ 83.402, 24.295 ], [ 83.398, 24.307 ], [ 83.385, 24.309 ], [ 83.38, 24.321 ], [ 83.39, 24.331 ], [ 83.404, 24.329 ], [ 83.413, 24.339 ], [ 83.427, 24.337 ], [ 83.437, 24.346 ], [ 83.433, 24.358 ], [ 83.442, 24.368 ], [ 83.438, 24.38 ], [ 83.448, 24.39 ], [ 83.444, 24.402 ], [ 83.43, 24.404 ], [ 83.42, 24.394 ], [ 83.406, 24.397 ], [ 83.402, 24.409 ], [ 83.412, 24.418 ], [ 83.408, 24.43 ], [ 83.394, 24.433 ], [ 83.39, 24.445 ], [ 83.399, 24.454 ], [ 83.395, 24.466 ], [ 83.382, 24.469 ], [ 83.372, 24.459 ], [ 83.358, 24.461 ], [ 83.349, 24.451 ], [ 83.335, 24.453 ], [ 83.325, 24.444 ], [ 83.311, 24.446 ], [ 83.302, 24.436 ], [ 83.288, 24.438 ], [ 83.279, 24.428 ], [ 83.265, 24.43 ], [ 83.261, 24.442 ], [ 83.247, 24.444 ], [ 83.237, 24.435 ], [ 83.224, 24.437 ], [ 83.219, 24.449 ], [ 83.206, 24.451 ], [ 83.196, 24.441 ], [ 83.182, 24.443 ], [ 83.178, 24.455 ], [ 83.164, 24.457 ], [ 83.155, 24.448 ], [ 83.141, 24.45 ], [ 83.131, 24.44 ], [ 83.118, 24.442 ], [ 83.108, 24.432 ], [ 83.094, 24.434 ], [ 83.09, 24.446 ], [ 83.077, 24.448 ], [ 83.067, 24.439 ], [ 83.053, 24.441 ], [ 83.049, 24.453 ], [ 83.035, 24.455 ], [ 83.031, 24.467 ], [ 83.018, 24.469 ], [ 83.013, 24.481 ], [ 83.023, 24.491 ], [ 83.019, 24.503 ], [ 83.005, 24.505 ], [ 83.001, 24.517 ], [ 82.987, 24.519 ], [ 82.983, 24.531 ], [ 82.969, 24.533 ], [ 82.965, 24.545 ], [ 82.951, 24.547 ], [ 82.947, 24.559 ], [ 82.934, 24.561 ], [ 82.929, 24.573 ], [ 82.916, 24.575 ], [ 82.912, 24.587 ], [ 82.898, 24.589 ] ] ], [ [ [ 83.484, 25.412 ], [ 83.47, 25.414 ], [ 83.466, 25.426 ], [ 83.452, 25.428 ], [ 83.448, 25.44 ], [ 83.434, 25.442 ], [ 83.43, 25.454 ], [ 83.417, 25.456 ], [ 83.412, 25.468 ], [ 83.399, 25.47 ], [ 83.389, 25.461 ], [ 83.375, 25.463 ], [ 83.365, 25.453 ], [ 83.352, 25.455 ], [ 83.342, 25.445 ], [ 83.328, 25.447 ], [ 83.324, 25.459 ], [ 83.31, 25.461 ], [ 83.306, 25.473 ], [ 83.292, 25.475 ], [ 83.288, 25.487 ], [ 83.274, 25.489 ], [ 83.27, 25.501 ], [ 83.256, 25.503 ], [ 83.247, 25.493 ], [ 83.233, 25.495 ], [ 83.229, 25.507 ], [ 83.215, 25.509 ], [ 83.205, 25.5 ], [ 83.192, 25.502 ], [ 83.182, 25.492 ], [ 83.186, 25.48 ], [ 83.176, 25.47 ], [ 83.163, 25.472 ], [ 83.153, 25.463 ], [ 83.157, 25.451 ], [ 83.171, 25.449 ], [ 83.175, 25.437 ], [ 83.189, 25.435 ], [ 83.193, 25.423 ], [ 83.207, 25.421 ], [ 83.211, 25.409 ], [ 83.201, 25.399 ], [ 83.206, 25.387 ], [ 83.196, 25.378 ], [ 83.2, 25.366 ], [ 83.19, 25.356 ], [ 83.195, 25.344 ], [ 83.185, 25.334 ], [ 83.171, 25.336 ], [ 83.162, 25.327 ], [ 83.166, 25.315 ], [ 83.156, 25.305 ], [ 83.142, 25.307 ], [ 83.133, 25.297 ], [ 83.119, 25.299 ], [ 83.115, 25.311 ], [ 83.101, 25.313 ], [ 83.091, 25.304 ], [ 83.078, 25.306 ], [ 83.073, 25.317 ], [ 83.06, 25.32 ], [ 83.05, 25.31 ], [ 83.054, 25.298 ], [ 83.045, 25.288 ], [ 83.049, 25.276 ], [ 83.039, 25.266 ], [ 83.043, 25.255 ], [ 83.034, 25.245 ], [ 83.038, 25.233 ], [ 83.028, 25.223 ], [ 83.032, 25.211 ], [ 83.023, 25.201 ], [ 83.009, 25.204 ], [ 82.999, 25.194 ], [ 82.986, 25.196 ], [ 82.976, 25.186 ], [ 82.962, 25.188 ], [ 82.958, 25.2 ], [ 82.944, 25.202 ], [ 82.935, 25.192 ], [ 82.939, 25.18 ], [ 82.929, 25.171 ], [ 82.933, 25.159 ], [ 82.924, 25.149 ], [ 82.91, 25.151 ], [ 82.901, 25.141 ], [ 82.905, 25.129 ], [ 82.895, 25.12 ], [ 82.881, 25.122 ], [ 82.872, 25.112 ], [ 82.876, 25.1 ], [ 82.89, 25.098 ], [ 82.894, 25.086 ], [ 82.908, 25.084 ], [ 82.912, 25.072 ], [ 82.925, 25.07 ], [ 82.93, 25.058 ], [ 82.943, 25.056 ], [ 82.953, 25.066 ], [ 82.967, 25.064 ], [ 82.971, 25.052 ], [ 82.985, 25.05 ], [ 82.994, 25.06 ], [ 83.008, 25.057 ], [ 83.018, 25.067 ], [ 83.031, 25.065 ], [ 83.035, 25.053 ], [ 83.049, 25.051 ], [ 83.059, 25.061 ], [ 83.073, 25.059 ], [ 83.082, 25.069 ], [ 83.096, 25.067 ], [ 83.106, 25.076 ], [ 83.119, 25.074 ], [ 83.129, 25.084 ], [ 83.143, 25.082 ], [ 83.152, 25.092 ], [ 83.166, 25.09 ], [ 83.17, 25.078 ], [ 83.184, 25.076 ], [ 83.194, 25.085 ], [ 83.207, 25.083 ], [ 83.217, 25.093 ], [ 83.231, 25.091 ], [ 83.235, 25.079 ], [ 83.249, 25.077 ], [ 83.253, 25.065 ], [ 83.267, 25.063 ], [ 83.271, 25.051 ], [ 83.285, 25.049 ], [ 83.289, 25.037 ], [ 83.302, 25.035 ], [ 83.312, 25.045 ], [ 83.326, 25.043 ], [ 83.336, 25.052 ], [ 83.331, 25.064 ], [ 83.341, 25.074 ], [ 83.337, 25.086 ], [ 83.347, 25.096 ], [ 83.342, 25.108 ], [ 83.352, 25.117 ], [ 83.366, 25.115 ], [ 83.375, 25.125 ], [ 83.371, 25.137 ], [ 83.357, 25.139 ], [ 83.353, 25.151 ], [ 83.363, 25.161 ], [ 83.359, 25.173 ], [ 83.345, 25.175 ], [ 83.341, 25.187 ], [ 83.351, 25.197 ], [ 83.364, 25.194 ], [ 83.374, 25.204 ], [ 83.388, 25.202 ], [ 83.397, 25.212 ], [ 83.393, 25.224 ], [ 83.403, 25.234 ], [ 83.399, 25.245 ], [ 83.408, 25.255 ], [ 83.422, 25.253 ], [ 83.432, 25.263 ], [ 83.446, 25.261 ], [ 83.45, 25.249 ], [ 83.464, 25.247 ], [ 83.473, 25.257 ], [ 83.469, 25.268 ], [ 83.479, 25.278 ], [ 83.493, 25.276 ], [ 83.502, 25.286 ], [ 83.516, 25.284 ], [ 83.526, 25.294 ], [ 83.522, 25.305 ], [ 83.531, 25.315 ], [ 83.545, 25.313 ], [ 83.555, 25.323 ], [ 83.569, 25.321 ], [ 83.573, 25.309 ], [ 83.587, 25.307 ], [ 83.596, 25.316 ], [ 83.592, 25.328 ], [ 83.602, 25.338 ], [ 83.616, 25.336 ], [ 83.625, 25.346 ], [ 83.639, 25.344 ], [ 83.649, 25.353 ], [ 83.663, 25.351 ], [ 83.672, 25.361 ], [ 83.686, 25.359 ], [ 83.696, 25.369 ], [ 83.692, 25.381 ], [ 83.701, 25.39 ], [ 83.715, 25.388 ], [ 83.725, 25.398 ], [ 83.739, 25.396 ], [ 83.748, 25.406 ], [ 83.762, 25.403 ], [ 83.766, 25.391 ], [ 83.78, 25.389 ], [ 83.79, 25.399 ], [ 83.804, 25.397 ], [ 83.813, 25.407 ], [ 83.809, 25.419 ], [ 83.819, 25.428 ], [ 83.833, 25.426 ], [ 83.842, 25.436 ], [ 83.838, 25.448 ], [ 83.824, 25.45 ], [ 83.82, 25.462 ], [ 83.83, 25.472 ], [ 83.844, 25.47 ], [ 83.854, 25.479 ], [ 83.867, 25.477 ], [ 83.877, 25.487 ], [ 83.873, 25.499 ], [ 83.859, 25.501 ], [ 83.849, 25.491 ], [ 83.836, 25.493 ], [ 83.826, 25.484 ], [ 83.812, 25.486 ], [ 83.808, 25.498 ], [ 83.794, 25.5 ], [ 83.784, 25.49 ], [ 83.77, 25.492 ], [ 83.766, 25.504 ], [ 83.776, 25.514 ], [ 83.772, 25.526 ], [ 83.758, 25.528 ], [ 83.754, 25.54 ], [ 83.74, 25.542 ], [ 83.736, 25.554 ], [ 83.746, 25.563 ], [ 83.741, 25.575 ], [ 83.728, 25.577 ], [ 83.723, 25.589 ], [ 83.71, 25.591 ], [ 83.7, 25.582 ], [ 83.686, 25.584 ], [ 83.676, 25.574 ], [ 83.663, 25.576 ], [ 83.653, 25.566 ], [ 83.639, 25.569 ], [ 83.629, 25.559 ], [ 83.615, 25.561 ], [ 83.606, 25.551 ], [ 83.61, 25.539 ], [ 83.6, 25.53 ], [ 83.586, 25.532 ], [ 83.577, 25.522 ], [ 83.563, 25.524 ], [ 83.553, 25.514 ], [ 83.557, 25.502 ], [ 83.548, 25.493 ], [ 83.552, 25.481 ], [ 83.542, 25.471 ], [ 83.546, 25.459 ], [ 83.56, 25.457 ], [ 83.564, 25.445 ], [ 83.555, 25.435 ], [ 83.559, 25.423 ], [ 83.573, 25.421 ], [ 83.577, 25.409 ], [ 83.567, 25.4 ], [ 83.571, 25.388 ], [ 83.562, 25.378 ], [ 83.548, 25.38 ], [ 83.538, 25.37 ], [ 83.524, 25.373 ], [ 83.52, 25.384 ], [ 83.506, 25.387 ], [ 83.502, 25.398 ], [ 83.488, 25.401 ], [ 83.484, 25.412 ] ] ], [ [ [ 82.23, 25.162 ], [ 82.221, 25.152 ], [ 82.207, 25.154 ], [ 82.203, 25.166 ], [ 82.189, 25.168 ], [ 82.185, 25.18 ], [ 82.195, 25.19 ], [ 82.19, 25.202 ], [ 82.177, 25.204 ], [ 82.173, 25.216 ], [ 82.182, 25.225 ], [ 82.178, 25.237 ], [ 82.187, 25.247 ], [ 82.201, 25.245 ], [ 82.211, 25.255 ], [ 82.206, 25.267 ], [ 82.216, 25.276 ], [ 82.212, 25.288 ], [ 82.198, 25.29 ], [ 82.194, 25.302 ], [ 82.18, 25.304 ], [ 82.171, 25.294 ], [ 82.157, 25.296 ], [ 82.148, 25.286 ], [ 82.152, 25.275 ], [ 82.142, 25.265 ], [ 82.129, 25.267 ], [ 82.119, 25.257 ], [ 82.105, 25.259 ], [ 82.096, 25.249 ], [ 82.082, 25.251 ], [ 82.078, 25.263 ], [ 82.064, 25.265 ], [ 82.06, 25.277 ], [ 82.07, 25.286 ], [ 82.066, 25.298 ], [ 82.052, 25.3 ], [ 82.048, 25.312 ], [ 82.034, 25.314 ], [ 82.025, 25.304 ], [ 82.011, 25.306 ], [ 82.001, 25.296 ], [ 81.988, 25.298 ], [ 81.984, 25.31 ], [ 81.97, 25.312 ], [ 81.96, 25.302 ], [ 81.947, 25.304 ], [ 81.943, 25.316 ], [ 81.929, 25.318 ], [ 81.925, 25.33 ], [ 81.911, 25.332 ], [ 81.907, 25.343 ], [ 81.893, 25.345 ], [ 81.889, 25.357 ], [ 81.899, 25.367 ], [ 81.894, 25.379 ], [ 81.881, 25.381 ], [ 81.877, 25.392 ], [ 81.886, 25.402 ], [ 81.882, 25.414 ], [ 81.868, 25.416 ], [ 81.859, 25.406 ], [ 81.845, 25.408 ], [ 81.836, 25.398 ], [ 81.822, 25.4 ], [ 81.812, 25.39 ], [ 81.817, 25.379 ], [ 81.807, 25.369 ], [ 81.811, 25.357 ], [ 81.825, 25.355 ], [ 81.829, 25.343 ], [ 81.82, 25.334 ], [ 81.824, 25.322 ], [ 81.814, 25.312 ], [ 81.801, 25.314 ], [ 81.791, 25.304 ], [ 81.778, 25.306 ], [ 81.773, 25.318 ], [ 81.76, 25.32 ], [ 81.756, 25.332 ], [ 81.742, 25.334 ], [ 81.733, 25.324 ], [ 81.719, 25.326 ], [ 81.709, 25.316 ], [ 81.714, 25.304 ], [ 81.704, 25.294 ], [ 81.708, 25.282 ], [ 81.722, 25.281 ], [ 81.726, 25.269 ], [ 81.717, 25.259 ], [ 81.721, 25.247 ], [ 81.711, 25.237 ], [ 81.715, 25.226 ], [ 81.729, 25.224 ], [ 81.733, 25.212 ], [ 81.724, 25.202 ], [ 81.728, 25.19 ], [ 81.742, 25.188 ], [ 81.746, 25.177 ], [ 81.759, 25.175 ], [ 81.764, 25.163 ], [ 81.777, 25.161 ], [ 81.781, 25.149 ], [ 81.795, 25.147 ], [ 81.804, 25.157 ], [ 81.818, 25.155 ], [ 81.828, 25.165 ], [ 81.841, 25.163 ], [ 81.845, 25.151 ], [ 81.859, 25.149 ], [ 81.868, 25.159 ], [ 81.882, 25.157 ], [ 81.892, 25.167 ], [ 81.905, 25.165 ], [ 81.909, 25.153 ], [ 81.923, 25.151 ], [ 81.933, 25.161 ], [ 81.946, 25.159 ], [ 81.956, 25.169 ], [ 81.969, 25.167 ], [ 81.974, 25.155 ], [ 81.987, 25.153 ], [ 81.997, 25.163 ], [ 82.01, 25.161 ], [ 82.02, 25.171 ], [ 82.033, 25.169 ], [ 82.043, 25.178 ], [ 82.057, 25.176 ], [ 82.066, 25.186 ], [ 82.08, 25.184 ], [ 82.084, 25.172 ], [ 82.098, 25.17 ], [ 82.107, 25.18 ], [ 82.121, 25.178 ], [ 82.125, 25.166 ], [ 82.139, 25.164 ], [ 82.143, 25.153 ], [ 82.156, 25.151 ], [ 82.166, 25.16 ], [ 82.18, 25.158 ], [ 82.184, 25.147 ], [ 82.198, 25.145 ], [ 82.202, 25.133 ], [ 82.215, 25.131 ], [ 82.22, 25.119 ], [ 82.21, 25.109 ], [ 82.214, 25.097 ], [ 82.228, 25.095 ], [ 82.237, 25.105 ], [ 82.251, 25.103 ], [ 82.261, 25.113 ], [ 82.256, 25.125 ], [ 82.266, 25.135 ], [ 82.28, 25.133 ], [ 82.289, 25.142 ], [ 82.303, 25.14 ], [ 82.307, 25.129 ], [ 82.321, 25.127 ], [ 82.33, 25.136 ], [ 82.344, 25.134 ], [ 82.353, 25.144 ], [ 82.367, 25.142 ], [ 82.371, 25.13 ], [ 82.385, 25.128 ], [ 82.394, 25.138 ], [ 82.408, 25.136 ], [ 82.418, 25.146 ], [ 82.431, 25.144 ], [ 82.441, 25.154 ], [ 82.455, 25.152 ], [ 82.464, 25.161 ], [ 82.46, 25.173 ], [ 82.446, 25.175 ], [ 82.442, 25.187 ], [ 82.452, 25.197 ], [ 82.448, 25.209 ], [ 82.434, 25.211 ], [ 82.43, 25.223 ], [ 82.416, 25.225 ], [ 82.412, 25.237 ], [ 82.398, 25.239 ], [ 82.389, 25.229 ], [ 82.393, 25.217 ], [ 82.383, 25.207 ], [ 82.37, 25.209 ], [ 82.36, 25.199 ], [ 82.346, 25.201 ], [ 82.337, 25.191 ], [ 82.323, 25.194 ], [ 82.319, 25.205 ], [ 82.305, 25.207 ], [ 82.296, 25.198 ], [ 82.3, 25.186 ], [ 82.29, 25.176 ], [ 82.277, 25.178 ], [ 82.267, 25.168 ], [ 82.253, 25.17 ], [ 82.244, 25.16 ], [ 82.23, 25.162 ] ] ], [ [ [ 79.704, 27.636 ], [ 79.695, 27.626 ], [ 79.7, 27.614 ], [ 79.715, 27.613 ], [ 79.72, 27.601 ], [ 79.711, 27.592 ], [ 79.716, 27.58 ], [ 79.707, 27.57 ], [ 79.712, 27.559 ], [ 79.703, 27.549 ], [ 79.708, 27.537 ], [ 79.723, 27.536 ], [ 79.728, 27.524 ], [ 79.719, 27.515 ], [ 79.724, 27.503 ], [ 79.739, 27.502 ], [ 79.744, 27.49 ], [ 79.735, 27.48 ], [ 79.74, 27.469 ], [ 79.731, 27.459 ], [ 79.736, 27.448 ], [ 79.751, 27.446 ], [ 79.756, 27.435 ], [ 79.771, 27.433 ], [ 79.776, 27.422 ], [ 79.767, 27.412 ], [ 79.752, 27.413 ], [ 79.743, 27.403 ], [ 79.748, 27.392 ], [ 79.763, 27.39 ], [ 79.768, 27.379 ], [ 79.759, 27.369 ], [ 79.745, 27.371 ], [ 79.735, 27.361 ], [ 79.741, 27.349 ], [ 79.731, 27.339 ], [ 79.737, 27.328 ], [ 79.751, 27.327 ], [ 79.757, 27.315 ], [ 79.747, 27.305 ], [ 79.753, 27.294 ], [ 79.767, 27.292 ], [ 79.772, 27.281 ], [ 79.787, 27.279 ], [ 79.792, 27.268 ], [ 79.807, 27.267 ], [ 79.812, 27.255 ], [ 79.826, 27.254 ], [ 79.832, 27.242 ], [ 79.846, 27.241 ], [ 79.851, 27.229 ], [ 79.842, 27.22 ], [ 79.847, 27.208 ], [ 79.862, 27.207 ], [ 79.867, 27.195 ], [ 79.882, 27.194 ], [ 79.891, 27.204 ], [ 79.905, 27.202 ], [ 79.915, 27.212 ], [ 79.909, 27.223 ], [ 79.918, 27.233 ], [ 79.913, 27.245 ], [ 79.922, 27.255 ], [ 79.917, 27.266 ], [ 79.926, 27.276 ], [ 79.921, 27.287 ], [ 79.93, 27.297 ], [ 79.925, 27.309 ], [ 79.934, 27.319 ], [ 79.929, 27.33 ], [ 79.915, 27.331 ], [ 79.909, 27.343 ], [ 79.919, 27.353 ], [ 79.913, 27.364 ], [ 79.899, 27.366 ], [ 79.893, 27.377 ], [ 79.879, 27.379 ], [ 79.874, 27.39 ], [ 79.883, 27.4 ], [ 79.878, 27.411 ], [ 79.863, 27.413 ], [ 79.858, 27.424 ], [ 79.867, 27.434 ], [ 79.862, 27.445 ], [ 79.871, 27.455 ], [ 79.866, 27.467 ], [ 79.875, 27.477 ], [ 79.87, 27.488 ], [ 79.855, 27.49 ], [ 79.85, 27.501 ], [ 79.859, 27.511 ], [ 79.854, 27.522 ], [ 79.839, 27.524 ], [ 79.834, 27.535 ], [ 79.819, 27.537 ], [ 79.814, 27.548 ], [ 79.823, 27.558 ], [ 79.818, 27.57 ], [ 79.827, 27.58 ], [ 79.822, 27.591 ], [ 79.831, 27.601 ], [ 79.826, 27.612 ], [ 79.835, 27.622 ], [ 79.83, 27.634 ], [ 79.839, 27.644 ], [ 79.834, 27.655 ], [ 79.819, 27.657 ], [ 79.814, 27.668 ], [ 79.799, 27.67 ], [ 79.794, 27.681 ], [ 79.779, 27.683 ], [ 79.774, 27.694 ], [ 79.783, 27.704 ], [ 79.778, 27.715 ], [ 79.764, 27.717 ], [ 79.758, 27.728 ], [ 79.744, 27.73 ], [ 79.734, 27.72 ], [ 79.74, 27.708 ], [ 79.73, 27.699 ], [ 79.736, 27.687 ], [ 79.727, 27.677 ], [ 79.712, 27.679 ], [ 79.703, 27.669 ], [ 79.708, 27.657 ], [ 79.699, 27.647 ], [ 79.704, 27.636 ] ] ], [ [ [ 80.1, 25.978 ], [ 80.095, 25.989 ], [ 80.081, 25.99 ], [ 80.076, 26.001 ], [ 80.062, 26.003 ], [ 80.056, 26.014 ], [ 80.066, 26.024 ], [ 80.06, 26.035 ], [ 80.046, 26.036 ], [ 80.041, 26.048 ], [ 80.027, 26.049 ], [ 80.018, 26.039 ], [ 80.004, 26.041 ], [ 79.998, 26.052 ], [ 79.984, 26.054 ], [ 79.975, 26.044 ], [ 79.961, 26.045 ], [ 79.956, 26.056 ], [ 79.942, 26.058 ], [ 79.933, 26.048 ], [ 79.938, 26.037 ], [ 79.952, 26.035 ], [ 79.957, 26.024 ], [ 79.948, 26.014 ], [ 79.953, 26.003 ], [ 79.944, 25.994 ], [ 79.93, 25.995 ], [ 79.921, 25.985 ], [ 79.926, 25.974 ], [ 79.917, 25.964 ], [ 79.903, 25.966 ], [ 79.894, 25.956 ], [ 79.88, 25.957 ], [ 79.874, 25.969 ], [ 79.86, 25.97 ], [ 79.851, 25.96 ], [ 79.856, 25.949 ], [ 79.847, 25.939 ], [ 79.853, 25.928 ], [ 79.867, 25.927 ], [ 79.872, 25.916 ], [ 79.886, 25.914 ], [ 79.895, 25.924 ], [ 79.909, 25.922 ], [ 79.918, 25.932 ], [ 79.933, 25.931 ], [ 79.942, 25.94 ], [ 79.956, 25.939 ], [ 79.961, 25.928 ], [ 79.975, 25.926 ], [ 79.984, 25.936 ], [ 79.998, 25.935 ], [ 80.003, 25.923 ], [ 80.018, 25.922 ], [ 80.027, 25.932 ], [ 80.041, 25.93 ], [ 80.05, 25.94 ], [ 80.064, 25.939 ], [ 80.073, 25.948 ], [ 80.087, 25.947 ], [ 80.096, 25.957 ], [ 80.11, 25.955 ], [ 80.12, 25.965 ], [ 80.114, 25.976 ], [ 80.1, 25.978 ] ] ], [ [ [ 82.761, 25.095 ], [ 82.77, 25.105 ], [ 82.766, 25.116 ], [ 82.752, 25.119 ], [ 82.748, 25.13 ], [ 82.734, 25.132 ], [ 82.73, 25.144 ], [ 82.717, 25.146 ], [ 82.712, 25.158 ], [ 82.699, 25.16 ], [ 82.694, 25.172 ], [ 82.681, 25.174 ], [ 82.677, 25.186 ], [ 82.663, 25.188 ], [ 82.659, 25.2 ], [ 82.645, 25.202 ], [ 82.635, 25.192 ], [ 82.622, 25.194 ], [ 82.618, 25.206 ], [ 82.604, 25.208 ], [ 82.6, 25.22 ], [ 82.586, 25.222 ], [ 82.576, 25.212 ], [ 82.581, 25.2 ], [ 82.594, 25.198 ], [ 82.598, 25.186 ], [ 82.612, 25.184 ], [ 82.616, 25.173 ], [ 82.607, 25.163 ], [ 82.611, 25.151 ], [ 82.601, 25.141 ], [ 82.588, 25.143 ], [ 82.578, 25.133 ], [ 82.582, 25.122 ], [ 82.596, 25.119 ], [ 82.6, 25.108 ], [ 82.614, 25.106 ], [ 82.623, 25.115 ], [ 82.637, 25.113 ], [ 82.641, 25.101 ], [ 82.655, 25.099 ], [ 82.665, 25.109 ], [ 82.678, 25.107 ], [ 82.688, 25.117 ], [ 82.702, 25.115 ], [ 82.706, 25.103 ], [ 82.719, 25.101 ], [ 82.729, 25.111 ], [ 82.743, 25.109 ], [ 82.747, 25.097 ], [ 82.761, 25.095 ] ] ], [ [ [ 79.409, 25.06 ], [ 79.417, 25.07 ], [ 79.412, 25.081 ], [ 79.398, 25.082 ], [ 79.393, 25.093 ], [ 79.379, 25.094 ], [ 79.37, 25.085 ], [ 79.375, 25.074 ], [ 79.367, 25.064 ], [ 79.372, 25.053 ], [ 79.386, 25.052 ], [ 79.391, 25.041 ], [ 79.405, 25.039 ], [ 79.414, 25.049 ], [ 79.409, 25.06 ] ] ], [ [ [ 79.338, 25.267 ], [ 79.324, 25.269 ], [ 79.315, 25.259 ], [ 79.301, 25.26 ], [ 79.292, 25.251 ], [ 79.297, 25.24 ], [ 79.311, 25.238 ], [ 79.317, 25.227 ], [ 79.331, 25.226 ], [ 79.34, 25.236 ], [ 79.334, 25.247 ], [ 79.343, 25.256 ], [ 79.338, 25.267 ] ] ], [ [ [ 79.374, 25.106 ], [ 79.383, 25.115 ], [ 79.378, 25.126 ], [ 79.363, 25.128 ], [ 79.355, 25.118 ], [ 79.36, 25.107 ], [ 79.374, 25.106 ] ] ], [ [ [ 82.762, 24.157 ], [ 82.772, 24.167 ], [ 82.768, 24.179 ], [ 82.754, 24.181 ], [ 82.744, 24.172 ], [ 82.748, 24.16 ], [ 82.762, 24.157 ] ] ] ] } },
{ "type": "Feature", "properties": { "POLYGON.ID": 49.0, "subregion": "India--Uttar Pradesh--West_CL29029", "FILTER": "Uttar Pradesh", "POLYGON": "India--Uttar Pradesh--West_CL29029", "STATE": "Uttar Pradesh", "COUNTY": "spl_region", "OWNER": null }, "geometry": { "type": "MultiPolygon", "coordinates": [ [ [ [ 78.936, 25.263 ], [ 78.931, 25.274 ], [ 78.917, 25.276 ], [ 78.908, 25.266 ], [ 78.913, 25.255 ], [ 78.904, 25.245 ], [ 78.89, 25.246 ], [ 78.881, 25.237 ], [ 78.887, 25.226 ], [ 78.878, 25.216 ], [ 78.883, 25.205 ], [ 78.874, 25.195 ], [ 78.88, 25.184 ], [ 78.871, 25.174 ], [ 78.876, 25.163 ], [ 78.89, 25.162 ], [ 78.899, 25.172 ], [ 78.913, 25.17 ], [ 78.922, 25.18 ], [ 78.917, 25.191 ], [ 78.925, 25.201 ], [ 78.94, 25.2 ], [ 78.948, 25.209 ], [ 78.962, 25.208 ], [ 78.971, 25.218 ], [ 78.985, 25.216 ], [ 78.991, 25.205 ], [ 79.005, 25.204 ], [ 79.014, 25.214 ], [ 79.008, 25.225 ], [ 78.994, 25.226 ], [ 78.989, 25.237 ], [ 78.975, 25.239 ], [ 78.97, 25.25 ], [ 78.978, 25.259 ], [ 78.993, 25.258 ], [ 79.001, 25.268 ], [ 79.015, 25.266 ], [ 79.021, 25.255 ], [ 79.035, 25.254 ], [ 79.04, 25.243 ], [ 79.031, 25.233 ], [ 79.037, 25.222 ], [ 79.051, 25.221 ], [ 79.056, 25.21 ], [ 79.047, 25.2 ], [ 79.033, 25.201 ], [ 79.024, 25.192 ], [ 79.029, 25.181 ], [ 79.043, 25.179 ], [ 79.049, 25.168 ], [ 79.04, 25.158 ], [ 79.045, 25.147 ], [ 79.059, 25.146 ], [ 79.068, 25.156 ], [ 79.063, 25.167 ], [ 79.072, 25.177 ], [ 79.086, 25.175 ], [ 79.095, 25.185 ], [ 79.109, 25.184 ], [ 79.114, 25.173 ], [ 79.105, 25.163 ], [ 79.11, 25.152 ], [ 79.124, 25.15 ], [ 79.13, 25.139 ], [ 79.121, 25.13 ], [ 79.126, 25.119 ], [ 79.14, 25.117 ], [ 79.145, 25.106 ], [ 79.159, 25.105 ], [ 79.168, 25.115 ], [ 79.182, 25.113 ], [ 79.191, 25.123 ], [ 79.186, 25.134 ], [ 79.195, 25.144 ], [ 79.209, 25.142 ], [ 79.214, 25.131 ], [ 79.205, 25.122 ], [ 79.21, 25.111 ], [ 79.224, 25.109 ], [ 79.233, 25.119 ], [ 79.247, 25.118 ], [ 79.256, 25.127 ], [ 79.251, 25.138 ], [ 79.26, 25.148 ], [ 79.255, 25.159 ], [ 79.263, 25.169 ], [ 79.258, 25.18 ], [ 79.267, 25.19 ], [ 79.262, 25.201 ], [ 79.271, 25.21 ], [ 79.266, 25.222 ], [ 79.274, 25.231 ], [ 79.269, 25.242 ], [ 79.255, 25.244 ], [ 79.25, 25.255 ], [ 79.236, 25.256 ], [ 79.231, 25.267 ], [ 79.216, 25.268 ], [ 79.211, 25.28 ], [ 79.22, 25.289 ], [ 79.234, 25.288 ], [ 79.243, 25.298 ], [ 79.238, 25.309 ], [ 79.247, 25.318 ], [ 79.241, 25.33 ], [ 79.25, 25.339 ], [ 79.264, 25.338 ], [ 79.273, 25.348 ], [ 79.268, 25.359 ], [ 79.277, 25.369 ], [ 79.272, 25.38 ], [ 79.281, 25.389 ], [ 79.295, 25.388 ], [ 79.304, 25.398 ], [ 79.298, 25.409 ], [ 79.307, 25.419 ], [ 79.302, 25.43 ], [ 79.311, 25.439 ], [ 79.306, 25.45 ], [ 79.315, 25.46 ], [ 79.309, 25.471 ], [ 79.318, 25.481 ], [ 79.332, 25.48 ], [ 79.341, 25.489 ], [ 79.336, 25.501 ], [ 79.345, 25.51 ], [ 79.359, 25.509 ], [ 79.368, 25.519 ], [ 79.363, 25.53 ], [ 79.349, 25.531 ], [ 79.343, 25.542 ], [ 79.329, 25.544 ], [ 79.324, 25.555 ], [ 79.31, 25.556 ], [ 79.305, 25.567 ], [ 79.29, 25.569 ], [ 79.285, 25.58 ], [ 79.294, 25.59 ], [ 79.289, 25.601 ], [ 79.298, 25.61 ], [ 79.293, 25.622 ], [ 79.278, 25.623 ], [ 79.273, 25.634 ], [ 79.282, 25.644 ], [ 79.277, 25.655 ], [ 79.286, 25.665 ], [ 79.3, 25.663 ], [ 79.309, 25.673 ], [ 79.304, 25.684 ], [ 79.312, 25.694 ], [ 79.327, 25.693 ], [ 79.336, 25.702 ], [ 79.33, 25.714 ], [ 79.339, 25.723 ], [ 79.334, 25.734 ], [ 79.32, 25.736 ], [ 79.315, 25.747 ], [ 79.3, 25.748 ], [ 79.295, 25.76 ], [ 79.281, 25.761 ], [ 79.272, 25.751 ], [ 79.258, 25.753 ], [ 79.249, 25.743 ], [ 79.235, 25.744 ], [ 79.229, 25.755 ], [ 79.215, 25.757 ], [ 79.21, 25.768 ], [ 79.196, 25.769 ], [ 79.19, 25.78 ], [ 79.176, 25.782 ], [ 79.171, 25.793 ], [ 79.157, 25.794 ], [ 79.148, 25.784 ], [ 79.134, 25.786 ], [ 79.128, 25.797 ], [ 79.114, 25.798 ], [ 79.105, 25.788 ], [ 79.111, 25.777 ], [ 79.102, 25.767 ], [ 79.107, 25.756 ], [ 79.098, 25.747 ], [ 79.084, 25.748 ], [ 79.075, 25.738 ], [ 79.08, 25.727 ], [ 79.071, 25.717 ], [ 79.077, 25.706 ], [ 79.068, 25.696 ], [ 79.053, 25.698 ], [ 79.045, 25.688 ], [ 79.05, 25.677 ], [ 79.041, 25.667 ], [ 79.027, 25.668 ], [ 79.018, 25.658 ], [ 79.023, 25.647 ], [ 79.014, 25.638 ], [ 79.0, 25.639 ], [ 78.991, 25.629 ], [ 78.977, 25.63 ], [ 78.968, 25.621 ], [ 78.974, 25.61 ], [ 78.965, 25.6 ], [ 78.95, 25.601 ], [ 78.942, 25.591 ], [ 78.947, 25.58 ], [ 78.938, 25.57 ], [ 78.924, 25.572 ], [ 78.915, 25.562 ], [ 78.92, 25.551 ], [ 78.934, 25.549 ], [ 78.94, 25.538 ], [ 78.931, 25.529 ], [ 78.936, 25.517 ], [ 78.927, 25.508 ], [ 78.933, 25.497 ], [ 78.947, 25.495 ], [ 78.952, 25.484 ], [ 78.943, 25.474 ], [ 78.929, 25.476 ], [ 78.92, 25.466 ], [ 78.926, 25.455 ], [ 78.917, 25.445 ], [ 78.922, 25.434 ], [ 78.936, 25.433 ], [ 78.945, 25.442 ], [ 78.959, 25.441 ], [ 78.964, 25.43 ], [ 78.979, 25.429 ], [ 78.984, 25.418 ], [ 78.975, 25.408 ], [ 78.98, 25.397 ], [ 78.971, 25.387 ], [ 78.977, 25.376 ], [ 78.968, 25.366 ], [ 78.954, 25.367 ], [ 78.945, 25.358 ], [ 78.931, 25.359 ], [ 78.922, 25.349 ], [ 78.908, 25.351 ], [ 78.903, 25.362 ], [ 78.911, 25.371 ], [ 78.926, 25.37 ], [ 78.934, 25.38 ], [ 78.949, 25.379 ], [ 78.957, 25.388 ], [ 78.952, 25.399 ], [ 78.938, 25.401 ], [ 78.929, 25.391 ], [ 78.915, 25.392 ], [ 78.906, 25.383 ], [ 78.892, 25.384 ], [ 78.883, 25.374 ], [ 78.869, 25.375 ], [ 78.86, 25.366 ], [ 78.846, 25.367 ], [ 78.837, 25.357 ], [ 78.843, 25.346 ], [ 78.834, 25.336 ], [ 78.839, 25.325 ], [ 78.83, 25.315 ], [ 78.816, 25.317 ], [ 78.807, 25.307 ], [ 78.793, 25.308 ], [ 78.784, 25.299 ], [ 78.79, 25.288 ], [ 78.804, 25.286 ], [ 78.809, 25.275 ], [ 78.823, 25.274 ], [ 78.828, 25.263 ], [ 78.82, 25.253 ], [ 78.825, 25.242 ], [ 78.839, 25.241 ], [ 78.844, 25.23 ], [ 78.858, 25.228 ], [ 78.867, 25.238 ], [ 78.862, 25.249 ], [ 78.871, 25.259 ], [ 78.866, 25.27 ], [ 78.874, 25.28 ], [ 78.869, 25.291 ], [ 78.878, 25.3 ], [ 78.873, 25.312 ], [ 78.881, 25.321 ], [ 78.876, 25.332 ], [ 78.885, 25.342 ], [ 78.899, 25.341 ], [ 78.904, 25.33 ], [ 78.918, 25.328 ], [ 78.927, 25.338 ], [ 78.941, 25.337 ], [ 78.95, 25.347 ], [ 78.964, 25.345 ], [ 78.97, 25.334 ], [ 78.961, 25.324 ], [ 78.966, 25.313 ], [ 78.957, 25.304 ], [ 78.963, 25.293 ], [ 78.977, 25.291 ], [ 78.982, 25.28 ], [ 78.973, 25.27 ], [ 78.959, 25.272 ], [ 78.95, 25.262 ], [ 78.936, 25.263 ] ] ], [ [ [ 78.026, 27.08 ], [ 78.012, 27.081 ], [ 78.003, 27.071 ], [ 77.988, 27.072 ], [ 77.979, 27.062 ], [ 77.965, 27.064 ], [ 77.959, 27.075 ], [ 77.944, 27.076 ], [ 77.939, 27.088 ], [ 77.924, 27.089 ], [ 77.919, 27.1 ], [ 77.928, 27.11 ], [ 77.922, 27.122 ], [ 77.907, 27.123 ], [ 77.902, 27.134 ], [ 77.887, 27.135 ], [ 77.882, 27.147 ], [ 77.89, 27.157 ], [ 77.885, 27.168 ], [ 77.894, 27.178 ], [ 77.908, 27.177 ], [ 77.917, 27.187 ], [ 77.912, 27.198 ], [ 77.921, 27.208 ], [ 77.915, 27.22 ], [ 77.9, 27.221 ], [ 77.895, 27.232 ], [ 77.88, 27.234 ], [ 77.871, 27.224 ], [ 77.857, 27.225 ], [ 77.848, 27.215 ], [ 77.833, 27.216 ], [ 77.827, 27.227 ], [ 77.813, 27.229 ], [ 77.807, 27.24 ], [ 77.816, 27.25 ], [ 77.811, 27.261 ], [ 77.819, 27.272 ], [ 77.814, 27.283 ], [ 77.799, 27.284 ], [ 77.794, 27.295 ], [ 77.779, 27.297 ], [ 77.773, 27.308 ], [ 77.759, 27.309 ], [ 77.753, 27.321 ], [ 77.762, 27.331 ], [ 77.756, 27.342 ], [ 77.742, 27.343 ], [ 77.736, 27.355 ], [ 77.745, 27.365 ], [ 77.739, 27.376 ], [ 77.725, 27.378 ], [ 77.716, 27.367 ], [ 77.701, 27.369 ], [ 77.692, 27.359 ], [ 77.677, 27.36 ], [ 77.672, 27.371 ], [ 77.657, 27.373 ], [ 77.651, 27.384 ], [ 77.66, 27.394 ], [ 77.655, 27.405 ], [ 77.664, 27.415 ], [ 77.658, 27.427 ], [ 77.667, 27.437 ], [ 77.661, 27.448 ], [ 77.647, 27.45 ], [ 77.641, 27.461 ], [ 77.65, 27.471 ], [ 77.644, 27.482 ], [ 77.653, 27.492 ], [ 77.647, 27.504 ], [ 77.656, 27.514 ], [ 77.651, 27.525 ], [ 77.66, 27.535 ], [ 77.654, 27.547 ], [ 77.663, 27.557 ], [ 77.678, 27.556 ], [ 77.686, 27.566 ], [ 77.681, 27.577 ], [ 77.666, 27.578 ], [ 77.66, 27.59 ], [ 77.646, 27.591 ], [ 77.64, 27.602 ], [ 77.649, 27.613 ], [ 77.664, 27.611 ], [ 77.673, 27.621 ], [ 77.667, 27.633 ], [ 77.652, 27.634 ], [ 77.647, 27.645 ], [ 77.655, 27.656 ], [ 77.65, 27.667 ], [ 77.659, 27.677 ], [ 77.653, 27.688 ], [ 77.662, 27.699 ], [ 77.677, 27.697 ], [ 77.686, 27.707 ], [ 77.68, 27.719 ], [ 77.665, 27.72 ], [ 77.66, 27.731 ], [ 77.669, 27.742 ], [ 77.663, 27.753 ], [ 77.672, 27.763 ], [ 77.666, 27.775 ], [ 77.651, 27.776 ], [ 77.646, 27.787 ], [ 77.631, 27.789 ], [ 77.622, 27.778 ], [ 77.607, 27.78 ], [ 77.601, 27.791 ], [ 77.587, 27.792 ], [ 77.581, 27.804 ], [ 77.566, 27.805 ], [ 77.561, 27.816 ], [ 77.546, 27.818 ], [ 77.54, 27.829 ], [ 77.549, 27.839 ], [ 77.543, 27.851 ], [ 77.529, 27.852 ], [ 77.523, 27.863 ], [ 77.508, 27.865 ], [ 77.502, 27.876 ], [ 77.511, 27.886 ], [ 77.505, 27.898 ], [ 77.514, 27.908 ], [ 77.509, 27.919 ], [ 77.494, 27.921 ], [ 77.488, 27.932 ], [ 77.473, 27.933 ], [ 77.464, 27.923 ], [ 77.47, 27.912 ], [ 77.485, 27.91 ], [ 77.491, 27.899 ], [ 77.482, 27.889 ], [ 77.467, 27.89 ], [ 77.458, 27.88 ], [ 77.443, 27.881 ], [ 77.437, 27.893 ], [ 77.423, 27.894 ], [ 77.414, 27.884 ], [ 77.419, 27.872 ], [ 77.41, 27.862 ], [ 77.396, 27.863 ], [ 77.387, 27.853 ], [ 77.372, 27.854 ], [ 77.363, 27.844 ], [ 77.348, 27.846 ], [ 77.339, 27.835 ], [ 77.325, 27.837 ], [ 77.316, 27.827 ], [ 77.301, 27.828 ], [ 77.292, 27.818 ], [ 77.298, 27.806 ], [ 77.289, 27.796 ], [ 77.294, 27.785 ], [ 77.309, 27.783 ], [ 77.315, 27.772 ], [ 77.306, 27.762 ], [ 77.312, 27.75 ], [ 77.303, 27.74 ], [ 77.309, 27.729 ], [ 77.3, 27.719 ], [ 77.306, 27.707 ], [ 77.32, 27.706 ], [ 77.326, 27.695 ], [ 77.341, 27.693 ], [ 77.347, 27.682 ], [ 77.338, 27.672 ], [ 77.343, 27.661 ], [ 77.334, 27.65 ], [ 77.34, 27.639 ], [ 77.331, 27.629 ], [ 77.337, 27.618 ], [ 77.328, 27.607 ], [ 77.334, 27.596 ], [ 77.349, 27.595 ], [ 77.354, 27.583 ], [ 77.345, 27.573 ], [ 77.351, 27.562 ], [ 77.342, 27.552 ], [ 77.348, 27.54 ], [ 77.339, 27.53 ], [ 77.345, 27.519 ], [ 77.36, 27.518 ], [ 77.365, 27.506 ], [ 77.38, 27.505 ], [ 77.386, 27.494 ], [ 77.4, 27.492 ], [ 77.406, 27.481 ], [ 77.421, 27.48 ], [ 77.427, 27.468 ], [ 77.441, 27.467 ], [ 77.447, 27.456 ], [ 77.438, 27.446 ], [ 77.423, 27.447 ], [ 77.414, 27.437 ], [ 77.42, 27.426 ], [ 77.435, 27.424 ], [ 77.441, 27.413 ], [ 77.432, 27.403 ], [ 77.437, 27.391 ], [ 77.452, 27.39 ], [ 77.458, 27.379 ], [ 77.472, 27.378 ], [ 77.481, 27.388 ], [ 77.496, 27.386 ], [ 77.502, 27.375 ], [ 77.516, 27.374 ], [ 77.522, 27.362 ], [ 77.537, 27.361 ], [ 77.542, 27.35 ], [ 77.557, 27.349 ], [ 77.563, 27.337 ], [ 77.577, 27.336 ], [ 77.583, 27.325 ], [ 77.598, 27.323 ], [ 77.607, 27.333 ], [ 77.621, 27.332 ], [ 77.627, 27.321 ], [ 77.618, 27.311 ], [ 77.603, 27.312 ], [ 77.595, 27.302 ], [ 77.6, 27.291 ], [ 77.615, 27.289 ], [ 77.621, 27.278 ], [ 77.612, 27.268 ], [ 77.617, 27.257 ], [ 77.632, 27.255 ], [ 77.638, 27.244 ], [ 77.652, 27.243 ], [ 77.658, 27.231 ], [ 77.649, 27.221 ], [ 77.655, 27.21 ], [ 77.669, 27.209 ], [ 77.675, 27.197 ], [ 77.666, 27.187 ], [ 77.672, 27.176 ], [ 77.663, 27.166 ], [ 77.648, 27.167 ], [ 77.639, 27.157 ], [ 77.625, 27.158 ], [ 77.616, 27.148 ], [ 77.601, 27.15 ], [ 77.592, 27.14 ], [ 77.598, 27.128 ], [ 77.589, 27.118 ], [ 77.574, 27.119 ], [ 77.566, 27.109 ], [ 77.551, 27.111 ], [ 77.542, 27.101 ], [ 77.527, 27.102 ], [ 77.519, 27.092 ], [ 77.524, 27.08 ], [ 77.515, 27.07 ], [ 77.521, 27.059 ], [ 77.536, 27.058 ], [ 77.545, 27.068 ], [ 77.559, 27.067 ], [ 77.565, 27.055 ], [ 77.556, 27.045 ], [ 77.562, 27.034 ], [ 77.576, 27.033 ], [ 77.585, 27.043 ], [ 77.6, 27.042 ], [ 77.605, 27.03 ], [ 77.62, 27.029 ], [ 77.626, 27.018 ], [ 77.64, 27.016 ], [ 77.649, 27.026 ], [ 77.664, 27.025 ], [ 77.672, 27.035 ], [ 77.687, 27.034 ], [ 77.693, 27.023 ], [ 77.707, 27.021 ], [ 77.713, 27.01 ], [ 77.704, 27.0 ], [ 77.71, 26.989 ], [ 77.701, 26.979 ], [ 77.686, 26.98 ], [ 77.677, 26.97 ], [ 77.663, 26.971 ], [ 77.654, 26.961 ], [ 77.639, 26.962 ], [ 77.63, 26.952 ], [ 77.616, 26.954 ], [ 77.607, 26.944 ], [ 77.592, 26.945 ], [ 77.584, 26.935 ], [ 77.589, 26.924 ], [ 77.58, 26.913 ], [ 77.586, 26.902 ], [ 77.601, 26.901 ], [ 77.606, 26.89 ], [ 77.597, 26.88 ], [ 77.603, 26.868 ], [ 77.594, 26.858 ], [ 77.58, 26.86 ], [ 77.574, 26.871 ], [ 77.559, 26.872 ], [ 77.551, 26.862 ], [ 77.536, 26.863 ], [ 77.527, 26.853 ], [ 77.513, 26.854 ], [ 77.504, 26.844 ], [ 77.489, 26.846 ], [ 77.48, 26.836 ], [ 77.486, 26.824 ], [ 77.477, 26.814 ], [ 77.463, 26.816 ], [ 77.454, 26.806 ], [ 77.439, 26.807 ], [ 77.43, 26.797 ], [ 77.436, 26.785 ], [ 77.427, 26.775 ], [ 77.433, 26.764 ], [ 77.448, 26.763 ], [ 77.456, 26.773 ], [ 77.471, 26.772 ], [ 77.477, 26.76 ], [ 77.468, 26.75 ], [ 77.473, 26.739 ], [ 77.488, 26.738 ], [ 77.497, 26.748 ], [ 77.491, 26.759 ], [ 77.5, 26.769 ], [ 77.494, 26.781 ], [ 77.503, 26.791 ], [ 77.497, 26.802 ], [ 77.506, 26.812 ], [ 77.501, 26.823 ], [ 77.509, 26.833 ], [ 77.524, 26.832 ], [ 77.53, 26.821 ], [ 77.544, 26.819 ], [ 77.553, 26.829 ], [ 77.568, 26.828 ], [ 77.573, 26.817 ], [ 77.588, 26.816 ], [ 77.597, 26.826 ], [ 77.611, 26.824 ], [ 77.62, 26.835 ], [ 77.634, 26.833 ], [ 77.643, 26.843 ], [ 77.658, 26.842 ], [ 77.667, 26.852 ], [ 77.661, 26.863 ], [ 77.67, 26.873 ], [ 77.685, 26.872 ], [ 77.693, 26.882 ], [ 77.708, 26.881 ], [ 77.717, 26.891 ], [ 77.711, 26.902 ], [ 77.72, 26.912 ], [ 77.735, 26.911 ], [ 77.744, 26.921 ], [ 77.758, 26.92 ], [ 77.767, 26.93 ], [ 77.781, 26.928 ], [ 77.787, 26.917 ], [ 77.802, 26.916 ], [ 77.811, 26.926 ], [ 77.825, 26.925 ], [ 77.831, 26.913 ], [ 77.845, 26.912 ], [ 77.851, 26.901 ], [ 77.865, 26.9 ], [ 77.871, 26.888 ], [ 77.885, 26.887 ], [ 77.894, 26.897 ], [ 77.909, 26.896 ], [ 77.918, 26.906 ], [ 77.932, 26.904 ], [ 77.938, 26.893 ], [ 77.952, 26.892 ], [ 77.961, 26.902 ], [ 77.976, 26.901 ], [ 77.982, 26.889 ], [ 77.996, 26.888 ], [ 78.005, 26.898 ], [ 78.019, 26.897 ], [ 78.025, 26.885 ], [ 78.016, 26.875 ], [ 78.022, 26.864 ], [ 78.036, 26.863 ], [ 78.045, 26.873 ], [ 78.04, 26.884 ], [ 78.048, 26.894 ], [ 78.043, 26.905 ], [ 78.052, 26.915 ], [ 78.066, 26.914 ], [ 78.072, 26.903 ], [ 78.086, 26.901 ], [ 78.092, 26.89 ], [ 78.107, 26.889 ], [ 78.115, 26.899 ], [ 78.11, 26.91 ], [ 78.119, 26.92 ], [ 78.113, 26.931 ], [ 78.122, 26.941 ], [ 78.137, 26.94 ], [ 78.146, 26.95 ], [ 78.16, 26.949 ], [ 78.166, 26.938 ], [ 78.18, 26.936 ], [ 78.189, 26.946 ], [ 78.204, 26.945 ], [ 78.209, 26.934 ], [ 78.224, 26.932 ], [ 78.233, 26.942 ], [ 78.247, 26.941 ], [ 78.253, 26.93 ], [ 78.267, 26.928 ], [ 78.273, 26.917 ], [ 78.264, 26.907 ], [ 78.269, 26.896 ], [ 78.26, 26.886 ], [ 78.246, 26.887 ], [ 78.237, 26.877 ], [ 78.243, 26.866 ], [ 78.257, 26.865 ], [ 78.266, 26.875 ], [ 78.281, 26.873 ], [ 78.289, 26.883 ], [ 78.304, 26.882 ], [ 78.313, 26.892 ], [ 78.327, 26.891 ], [ 78.336, 26.9 ], [ 78.351, 26.899 ], [ 78.36, 26.909 ], [ 78.374, 26.908 ], [ 78.38, 26.897 ], [ 78.394, 26.895 ], [ 78.4, 26.884 ], [ 78.414, 26.883 ], [ 78.42, 26.871 ], [ 78.434, 26.87 ], [ 78.44, 26.859 ], [ 78.454, 26.857 ], [ 78.463, 26.867 ], [ 78.478, 26.866 ], [ 78.483, 26.855 ], [ 78.498, 26.853 ], [ 78.503, 26.842 ], [ 78.518, 26.841 ], [ 78.523, 26.829 ], [ 78.538, 26.828 ], [ 78.543, 26.817 ], [ 78.558, 26.815 ], [ 78.567, 26.825 ], [ 78.581, 26.824 ], [ 78.587, 26.813 ], [ 78.601, 26.811 ], [ 78.607, 26.8 ], [ 78.621, 26.799 ], [ 78.63, 26.809 ], [ 78.644, 26.807 ], [ 78.653, 26.817 ], [ 78.668, 26.816 ], [ 78.673, 26.805 ], [ 78.688, 26.803 ], [ 78.697, 26.813 ], [ 78.711, 26.812 ], [ 78.72, 26.822 ], [ 78.735, 26.82 ], [ 78.74, 26.809 ], [ 78.755, 26.808 ], [ 78.764, 26.818 ], [ 78.778, 26.816 ], [ 78.787, 26.826 ], [ 78.782, 26.838 ], [ 78.767, 26.839 ], [ 78.762, 26.85 ], [ 78.747, 26.852 ], [ 78.742, 26.863 ], [ 78.727, 26.864 ], [ 78.722, 26.876 ], [ 78.707, 26.877 ], [ 78.698, 26.867 ], [ 78.684, 26.868 ], [ 78.675, 26.858 ], [ 78.68, 26.847 ], [ 78.671, 26.837 ], [ 78.657, 26.838 ], [ 78.652, 26.85 ], [ 78.637, 26.851 ], [ 78.632, 26.862 ], [ 78.617, 26.864 ], [ 78.612, 26.875 ], [ 78.597, 26.876 ], [ 78.592, 26.888 ], [ 78.601, 26.898 ], [ 78.595, 26.909 ], [ 78.581, 26.91 ], [ 78.572, 26.9 ], [ 78.557, 26.902 ], [ 78.548, 26.892 ], [ 78.534, 26.893 ], [ 78.525, 26.883 ], [ 78.51, 26.884 ], [ 78.505, 26.896 ], [ 78.49, 26.897 ], [ 78.485, 26.908 ], [ 78.494, 26.918 ], [ 78.488, 26.93 ], [ 78.474, 26.931 ], [ 78.468, 26.942 ], [ 78.454, 26.944 ], [ 78.445, 26.934 ], [ 78.43, 26.935 ], [ 78.421, 26.925 ], [ 78.407, 26.926 ], [ 78.401, 26.938 ], [ 78.387, 26.939 ], [ 78.381, 26.95 ], [ 78.367, 26.952 ], [ 78.358, 26.942 ], [ 78.343, 26.943 ], [ 78.334, 26.933 ], [ 78.32, 26.934 ], [ 78.314, 26.946 ], [ 78.323, 26.956 ], [ 78.318, 26.967 ], [ 78.327, 26.977 ], [ 78.341, 26.976 ], [ 78.35, 26.986 ], [ 78.345, 26.997 ], [ 78.354, 27.007 ], [ 78.368, 27.006 ], [ 78.377, 27.016 ], [ 78.392, 27.014 ], [ 78.401, 27.024 ], [ 78.395, 27.036 ], [ 78.381, 27.037 ], [ 78.375, 27.048 ], [ 78.361, 27.05 ], [ 78.355, 27.061 ], [ 78.34, 27.062 ], [ 78.331, 27.052 ], [ 78.317, 27.054 ], [ 78.308, 27.044 ], [ 78.293, 27.045 ], [ 78.288, 27.056 ], [ 78.273, 27.058 ], [ 78.268, 27.069 ], [ 78.253, 27.07 ], [ 78.244, 27.06 ], [ 78.23, 27.062 ], [ 78.224, 27.073 ], [ 78.21, 27.074 ], [ 78.204, 27.085 ], [ 78.19, 27.087 ], [ 78.184, 27.098 ], [ 78.193, 27.108 ], [ 78.187, 27.119 ], [ 78.173, 27.121 ], [ 78.167, 27.132 ], [ 78.176, 27.142 ], [ 78.171, 27.153 ], [ 78.156, 27.155 ], [ 78.151, 27.166 ], [ 78.136, 27.167 ], [ 78.127, 27.157 ], [ 78.112, 27.159 ], [ 78.107, 27.17 ], [ 78.092, 27.171 ], [ 78.083, 27.161 ], [ 78.089, 27.15 ], [ 78.08, 27.14 ], [ 78.085, 27.129 ], [ 78.077, 27.119 ], [ 78.062, 27.12 ], [ 78.053, 27.11 ], [ 78.038, 27.111 ], [ 78.029, 27.101 ], [ 78.035, 27.09 ], [ 78.026, 27.08 ] ], [ [ 77.753, 26.985 ], [ 77.744, 26.975 ], [ 77.73, 26.976 ], [ 77.724, 26.987 ], [ 77.733, 26.998 ], [ 77.727, 27.009 ], [ 77.736, 27.019 ], [ 77.751, 27.018 ], [ 77.757, 27.006 ], [ 77.748, 26.996 ], [ 77.753, 26.985 ] ] ], [ [ [ 78.302, 28.341 ], [ 78.317, 28.34 ], [ 78.322, 28.328 ], [ 78.313, 28.318 ], [ 78.319, 28.307 ], [ 78.334, 28.305 ], [ 78.339, 28.294 ], [ 78.354, 28.293 ], [ 78.36, 28.281 ], [ 78.375, 28.28 ], [ 78.38, 28.268 ], [ 78.371, 28.258 ], [ 78.377, 28.247 ], [ 78.391, 28.245 ], [ 78.397, 28.234 ], [ 78.412, 28.232 ], [ 78.417, 28.221 ], [ 78.408, 28.211 ], [ 78.414, 28.199 ], [ 78.429, 28.198 ], [ 78.434, 28.186 ], [ 78.449, 28.185 ], [ 78.455, 28.174 ], [ 78.469, 28.172 ], [ 78.475, 28.161 ], [ 78.466, 28.151 ], [ 78.472, 28.139 ], [ 78.486, 28.138 ], [ 78.492, 28.126 ], [ 78.507, 28.125 ], [ 78.512, 28.113 ], [ 78.527, 28.112 ], [ 78.533, 28.1 ], [ 78.547, 28.099 ], [ 78.553, 28.088 ], [ 78.568, 28.086 ], [ 78.573, 28.075 ], [ 78.588, 28.073 ], [ 78.597, 28.083 ], [ 78.612, 28.082 ], [ 78.617, 28.071 ], [ 78.632, 28.069 ], [ 78.638, 28.058 ], [ 78.653, 28.056 ], [ 78.658, 28.045 ], [ 78.673, 28.043 ], [ 78.678, 28.032 ], [ 78.693, 28.031 ], [ 78.699, 28.019 ], [ 78.713, 28.018 ], [ 78.719, 28.006 ], [ 78.734, 28.005 ], [ 78.743, 28.015 ], [ 78.757, 28.013 ], [ 78.763, 28.002 ], [ 78.778, 28.001 ], [ 78.783, 27.989 ], [ 78.798, 27.988 ], [ 78.807, 27.998 ], [ 78.822, 27.996 ], [ 78.827, 27.985 ], [ 78.842, 27.983 ], [ 78.848, 27.972 ], [ 78.862, 27.971 ], [ 78.868, 27.959 ], [ 78.883, 27.958 ], [ 78.888, 27.946 ], [ 78.879, 27.936 ], [ 78.884, 27.925 ], [ 78.899, 27.923 ], [ 78.905, 27.912 ], [ 78.919, 27.91 ], [ 78.925, 27.899 ], [ 78.939, 27.897 ], [ 78.945, 27.886 ], [ 78.96, 27.885 ], [ 78.965, 27.873 ], [ 78.98, 27.872 ], [ 78.985, 27.86 ], [ 79.0, 27.859 ], [ 79.009, 27.869 ], [ 79.024, 27.867 ], [ 79.029, 27.856 ], [ 79.044, 27.855 ], [ 79.049, 27.843 ], [ 79.064, 27.842 ], [ 79.069, 27.83 ], [ 79.084, 27.829 ], [ 79.093, 27.839 ], [ 79.108, 27.837 ], [ 79.113, 27.826 ], [ 79.128, 27.824 ], [ 79.137, 27.834 ], [ 79.152, 27.833 ], [ 79.157, 27.822 ], [ 79.172, 27.82 ], [ 79.177, 27.809 ], [ 79.192, 27.807 ], [ 79.198, 27.796 ], [ 79.188, 27.786 ], [ 79.194, 27.774 ], [ 79.208, 27.773 ], [ 79.214, 27.761 ], [ 79.229, 27.76 ], [ 79.234, 27.749 ], [ 79.249, 27.747 ], [ 79.254, 27.736 ], [ 79.269, 27.734 ], [ 79.274, 27.723 ], [ 79.289, 27.721 ], [ 79.294, 27.71 ], [ 79.309, 27.708 ], [ 79.314, 27.697 ], [ 79.329, 27.696 ], [ 79.338, 27.706 ], [ 79.332, 27.717 ], [ 79.342, 27.727 ], [ 79.336, 27.738 ], [ 79.345, 27.748 ], [ 79.34, 27.76 ], [ 79.349, 27.77 ], [ 79.344, 27.781 ], [ 79.353, 27.791 ], [ 79.368, 27.79 ], [ 79.377, 27.8 ], [ 79.372, 27.811 ], [ 79.381, 27.821 ], [ 79.395, 27.82 ], [ 79.405, 27.83 ], [ 79.419, 27.828 ], [ 79.428, 27.838 ], [ 79.443, 27.837 ], [ 79.452, 27.847 ], [ 79.447, 27.858 ], [ 79.432, 27.86 ], [ 79.427, 27.871 ], [ 79.412, 27.873 ], [ 79.407, 27.884 ], [ 79.392, 27.886 ], [ 79.387, 27.897 ], [ 79.396, 27.907 ], [ 79.391, 27.919 ], [ 79.4, 27.929 ], [ 79.394, 27.94 ], [ 79.404, 27.95 ], [ 79.398, 27.962 ], [ 79.408, 27.972 ], [ 79.422, 27.97 ], [ 79.431, 27.98 ], [ 79.446, 27.979 ], [ 79.455, 27.989 ], [ 79.45, 28.0 ], [ 79.459, 28.01 ], [ 79.454, 28.022 ], [ 79.463, 28.032 ], [ 79.458, 28.043 ], [ 79.467, 28.053 ], [ 79.462, 28.065 ], [ 79.471, 28.075 ], [ 79.465, 28.086 ], [ 79.475, 28.096 ], [ 79.469, 28.108 ], [ 79.455, 28.109 ], [ 79.449, 28.121 ], [ 79.434, 28.122 ], [ 79.429, 28.134 ], [ 79.414, 28.135 ], [ 79.409, 28.147 ], [ 79.394, 28.148 ], [ 79.389, 28.16 ], [ 79.398, 28.17 ], [ 79.393, 28.181 ], [ 79.378, 28.183 ], [ 79.369, 28.173 ], [ 79.354, 28.174 ], [ 79.345, 28.164 ], [ 79.33, 28.165 ], [ 79.324, 28.177 ], [ 79.31, 28.178 ], [ 79.304, 28.19 ], [ 79.29, 28.191 ], [ 79.28, 28.181 ], [ 79.266, 28.183 ], [ 79.256, 28.173 ], [ 79.242, 28.174 ], [ 79.236, 28.186 ], [ 79.221, 28.187 ], [ 79.216, 28.199 ], [ 79.201, 28.2 ], [ 79.192, 28.19 ], [ 79.177, 28.192 ], [ 79.168, 28.182 ], [ 79.153, 28.183 ], [ 79.148, 28.195 ], [ 79.133, 28.196 ], [ 79.128, 28.208 ], [ 79.113, 28.209 ], [ 79.107, 28.22 ], [ 79.117, 28.231 ], [ 79.111, 28.242 ], [ 79.096, 28.243 ], [ 79.091, 28.255 ], [ 79.076, 28.256 ], [ 79.071, 28.268 ], [ 79.08, 28.278 ], [ 79.074, 28.29 ], [ 79.084, 28.3 ], [ 79.078, 28.311 ], [ 79.087, 28.321 ], [ 79.082, 28.333 ], [ 79.067, 28.334 ], [ 79.062, 28.346 ], [ 79.071, 28.356 ], [ 79.065, 28.367 ], [ 79.051, 28.369 ], [ 79.045, 28.38 ], [ 79.03, 28.382 ], [ 79.025, 28.393 ], [ 79.01, 28.395 ], [ 79.004, 28.406 ], [ 78.99, 28.408 ], [ 78.984, 28.419 ], [ 78.993, 28.429 ], [ 79.008, 28.428 ], [ 79.017, 28.438 ], [ 79.032, 28.437 ], [ 79.042, 28.447 ], [ 79.036, 28.458 ], [ 79.045, 28.468 ], [ 79.04, 28.48 ], [ 79.049, 28.49 ], [ 79.064, 28.488 ], [ 79.073, 28.498 ], [ 79.088, 28.497 ], [ 79.097, 28.507 ], [ 79.092, 28.519 ], [ 79.077, 28.52 ], [ 79.071, 28.532 ], [ 79.057, 28.533 ], [ 79.051, 28.545 ], [ 79.036, 28.546 ], [ 79.031, 28.558 ], [ 79.016, 28.559 ], [ 79.01, 28.571 ], [ 79.02, 28.581 ], [ 79.014, 28.592 ], [ 78.999, 28.594 ], [ 78.994, 28.605 ], [ 78.979, 28.607 ], [ 78.973, 28.618 ], [ 78.958, 28.62 ], [ 78.953, 28.631 ], [ 78.938, 28.633 ], [ 78.932, 28.644 ], [ 78.918, 28.646 ], [ 78.912, 28.657 ], [ 78.897, 28.659 ], [ 78.888, 28.649 ], [ 78.873, 28.65 ], [ 78.868, 28.662 ], [ 78.877, 28.672 ], [ 78.871, 28.683 ], [ 78.856, 28.685 ], [ 78.851, 28.696 ], [ 78.836, 28.698 ], [ 78.83, 28.71 ], [ 78.84, 28.72 ], [ 78.834, 28.731 ], [ 78.819, 28.733 ], [ 78.814, 28.744 ], [ 78.799, 28.746 ], [ 78.793, 28.757 ], [ 78.802, 28.767 ], [ 78.797, 28.779 ], [ 78.806, 28.789 ], [ 78.8, 28.801 ], [ 78.786, 28.802 ], [ 78.78, 28.814 ], [ 78.789, 28.824 ], [ 78.784, 28.835 ], [ 78.769, 28.837 ], [ 78.763, 28.848 ], [ 78.748, 28.85 ], [ 78.743, 28.861 ], [ 78.752, 28.872 ], [ 78.746, 28.883 ], [ 78.731, 28.885 ], [ 78.726, 28.896 ], [ 78.711, 28.898 ], [ 78.705, 28.909 ], [ 78.715, 28.919 ], [ 78.709, 28.931 ], [ 78.718, 28.941 ], [ 78.713, 28.953 ], [ 78.698, 28.954 ], [ 78.692, 28.966 ], [ 78.701, 28.976 ], [ 78.696, 28.988 ], [ 78.705, 28.998 ], [ 78.699, 29.009 ], [ 78.709, 29.02 ], [ 78.703, 29.031 ], [ 78.688, 29.033 ], [ 78.682, 29.044 ], [ 78.692, 29.054 ], [ 78.686, 29.066 ], [ 78.671, 29.067 ], [ 78.666, 29.079 ], [ 78.675, 29.089 ], [ 78.669, 29.101 ], [ 78.654, 29.102 ], [ 78.649, 29.114 ], [ 78.634, 29.115 ], [ 78.624, 29.105 ], [ 78.609, 29.107 ], [ 78.6, 29.096 ], [ 78.606, 29.085 ], [ 78.596, 29.075 ], [ 78.581, 29.076 ], [ 78.572, 29.066 ], [ 78.557, 29.067 ], [ 78.548, 29.057 ], [ 78.533, 29.059 ], [ 78.527, 29.07 ], [ 78.512, 29.072 ], [ 78.503, 29.061 ], [ 78.509, 29.05 ], [ 78.499, 29.04 ], [ 78.484, 29.041 ], [ 78.479, 29.053 ], [ 78.464, 29.054 ], [ 78.454, 29.044 ], [ 78.439, 29.045 ], [ 78.43, 29.035 ], [ 78.415, 29.036 ], [ 78.406, 29.026 ], [ 78.391, 29.028 ], [ 78.382, 29.017 ], [ 78.367, 29.019 ], [ 78.361, 29.03 ], [ 78.346, 29.032 ], [ 78.337, 29.022 ], [ 78.322, 29.023 ], [ 78.313, 29.013 ], [ 78.298, 29.014 ], [ 78.292, 29.026 ], [ 78.277, 29.027 ], [ 78.271, 29.039 ], [ 78.256, 29.04 ], [ 78.247, 29.03 ], [ 78.232, 29.031 ], [ 78.226, 29.043 ], [ 78.211, 29.044 ], [ 78.202, 29.034 ], [ 78.187, 29.036 ], [ 78.181, 29.047 ], [ 78.166, 29.049 ], [ 78.161, 29.06 ], [ 78.146, 29.062 ], [ 78.136, 29.051 ], [ 78.142, 29.04 ], [ 78.133, 29.029 ], [ 78.139, 29.018 ], [ 78.154, 29.017 ], [ 78.159, 29.005 ], [ 78.174, 29.004 ], [ 78.18, 28.992 ], [ 78.171, 28.982 ], [ 78.177, 28.97 ], [ 78.167, 28.96 ], [ 78.173, 28.948 ], [ 78.164, 28.938 ], [ 78.17, 28.927 ], [ 78.16, 28.916 ], [ 78.166, 28.905 ], [ 78.157, 28.895 ], [ 78.163, 28.883 ], [ 78.178, 28.882 ], [ 78.183, 28.87 ], [ 78.174, 28.86 ], [ 78.18, 28.848 ], [ 78.171, 28.838 ], [ 78.176, 28.827 ], [ 78.167, 28.816 ], [ 78.173, 28.805 ], [ 78.164, 28.795 ], [ 78.169, 28.783 ], [ 78.16, 28.773 ], [ 78.166, 28.761 ], [ 78.181, 28.76 ], [ 78.187, 28.748 ], [ 78.201, 28.747 ], [ 78.207, 28.735 ], [ 78.222, 28.734 ], [ 78.228, 28.722 ], [ 78.219, 28.712 ], [ 78.224, 28.701 ], [ 78.215, 28.691 ], [ 78.221, 28.679 ], [ 78.212, 28.669 ], [ 78.217, 28.657 ], [ 78.208, 28.647 ], [ 78.214, 28.636 ], [ 78.205, 28.625 ], [ 78.21, 28.614 ], [ 78.225, 28.612 ], [ 78.231, 28.601 ], [ 78.222, 28.591 ], [ 78.227, 28.579 ], [ 78.218, 28.569 ], [ 78.224, 28.558 ], [ 78.239, 28.556 ], [ 78.244, 28.545 ], [ 78.259, 28.543 ], [ 78.265, 28.532 ], [ 78.256, 28.522 ], [ 78.261, 28.51 ], [ 78.276, 28.509 ], [ 78.282, 28.497 ], [ 78.297, 28.496 ], [ 78.302, 28.484 ], [ 78.293, 28.474 ], [ 78.299, 28.463 ], [ 78.314, 28.461 ], [ 78.319, 28.45 ], [ 78.31, 28.439 ], [ 78.316, 28.428 ], [ 78.307, 28.418 ], [ 78.312, 28.406 ], [ 78.303, 28.396 ], [ 78.309, 28.385 ], [ 78.3, 28.375 ], [ 78.305, 28.363 ], [ 78.296, 28.353 ], [ 78.302, 28.341 ] ] ], [ [ [ 78.905, 29.144 ], [ 78.914, 29.155 ], [ 78.908, 29.166 ], [ 78.918, 29.176 ], [ 78.912, 29.188 ], [ 78.897, 29.19 ], [ 78.892, 29.201 ], [ 78.877, 29.203 ], [ 78.871, 29.214 ], [ 78.88, 29.224 ], [ 78.875, 29.236 ], [ 78.86, 29.238 ], [ 78.85, 29.227 ], [ 78.835, 29.229 ], [ 78.83, 29.24 ], [ 78.815, 29.242 ], [ 78.805, 29.232 ], [ 78.79, 29.233 ], [ 78.785, 29.245 ], [ 78.794, 29.255 ], [ 78.789, 29.267 ], [ 78.774, 29.268 ], [ 78.764, 29.258 ], [ 78.749, 29.259 ], [ 78.74, 29.249 ], [ 78.746, 29.238 ], [ 78.736, 29.227 ], [ 78.721, 29.229 ], [ 78.712, 29.219 ], [ 78.717, 29.207 ], [ 78.708, 29.197 ], [ 78.714, 29.185 ], [ 78.704, 29.175 ], [ 78.71, 29.163 ], [ 78.701, 29.153 ], [ 78.706, 29.142 ], [ 78.697, 29.131 ], [ 78.703, 29.12 ], [ 78.693, 29.11 ], [ 78.699, 29.098 ], [ 78.69, 29.088 ], [ 78.695, 29.076 ], [ 78.71, 29.075 ], [ 78.716, 29.063 ], [ 78.731, 29.062 ], [ 78.737, 29.05 ], [ 78.752, 29.049 ], [ 78.757, 29.037 ], [ 78.748, 29.027 ], [ 78.753, 29.015 ], [ 78.744, 29.005 ], [ 78.75, 28.993 ], [ 78.765, 28.992 ], [ 78.77, 28.98 ], [ 78.761, 28.97 ], [ 78.767, 28.959 ], [ 78.757, 28.948 ], [ 78.763, 28.937 ], [ 78.754, 28.927 ], [ 78.759, 28.915 ], [ 78.774, 28.914 ], [ 78.78, 28.902 ], [ 78.795, 28.901 ], [ 78.8, 28.889 ], [ 78.815, 28.888 ], [ 78.821, 28.876 ], [ 78.836, 28.875 ], [ 78.841, 28.863 ], [ 78.832, 28.853 ], [ 78.838, 28.841 ], [ 78.828, 28.831 ], [ 78.834, 28.82 ], [ 78.849, 28.818 ], [ 78.854, 28.806 ], [ 78.845, 28.796 ], [ 78.851, 28.785 ], [ 78.866, 28.783 ], [ 78.871, 28.772 ], [ 78.886, 28.77 ], [ 78.892, 28.759 ], [ 78.907, 28.757 ], [ 78.912, 28.746 ], [ 78.927, 28.744 ], [ 78.936, 28.754 ], [ 78.931, 28.766 ], [ 78.94, 28.776 ], [ 78.955, 28.775 ], [ 78.964, 28.785 ], [ 78.959, 28.796 ], [ 78.968, 28.806 ], [ 78.962, 28.818 ], [ 78.972, 28.828 ], [ 78.966, 28.84 ], [ 78.975, 28.85 ], [ 78.97, 28.861 ], [ 78.979, 28.872 ], [ 78.974, 28.883 ], [ 78.983, 28.893 ], [ 78.977, 28.905 ], [ 78.987, 28.915 ], [ 78.981, 28.927 ], [ 78.99, 28.937 ], [ 78.985, 28.948 ], [ 78.994, 28.959 ], [ 78.989, 28.97 ], [ 78.998, 28.98 ], [ 79.013, 28.979 ], [ 79.022, 28.989 ], [ 79.017, 29.001 ], [ 79.026, 29.011 ], [ 79.02, 29.022 ], [ 79.005, 29.024 ], [ 79.0, 29.035 ], [ 78.985, 29.037 ], [ 78.979, 29.049 ], [ 78.989, 29.059 ], [ 78.983, 29.07 ], [ 78.992, 29.08 ], [ 78.987, 29.092 ], [ 78.996, 29.102 ], [ 78.991, 29.114 ], [ 79.0, 29.124 ], [ 78.994, 29.136 ], [ 78.979, 29.137 ], [ 78.97, 29.127 ], [ 78.955, 29.128 ], [ 78.946, 29.118 ], [ 78.931, 29.12 ], [ 78.921, 29.11 ], [ 78.907, 29.111 ], [ 78.901, 29.123 ], [ 78.91, 29.133 ], [ 78.905, 29.144 ] ] ], [ [ [ 77.248, 28.909 ], [ 77.254, 28.897 ], [ 77.245, 28.887 ], [ 77.251, 28.875 ], [ 77.242, 28.865 ], [ 77.227, 28.866 ], [ 77.218, 28.856 ], [ 77.224, 28.845 ], [ 77.239, 28.843 ], [ 77.245, 28.832 ], [ 77.26, 28.83 ], [ 77.269, 28.841 ], [ 77.284, 28.839 ], [ 77.29, 28.828 ], [ 77.281, 28.818 ], [ 77.286, 28.806 ], [ 77.301, 28.805 ], [ 77.307, 28.793 ], [ 77.322, 28.792 ], [ 77.331, 28.802 ], [ 77.346, 28.801 ], [ 77.352, 28.789 ], [ 77.367, 28.788 ], [ 77.373, 28.777 ], [ 77.388, 28.775 ], [ 77.397, 28.786 ], [ 77.391, 28.797 ], [ 77.4, 28.807 ], [ 77.394, 28.819 ], [ 77.404, 28.829 ], [ 77.398, 28.841 ], [ 77.407, 28.851 ], [ 77.401, 28.863 ], [ 77.41, 28.873 ], [ 77.404, 28.884 ], [ 77.413, 28.895 ], [ 77.428, 28.893 ], [ 77.437, 28.904 ], [ 77.432, 28.915 ], [ 77.441, 28.925 ], [ 77.456, 28.924 ], [ 77.462, 28.913 ], [ 77.477, 28.911 ], [ 77.482, 28.9 ], [ 77.497, 28.898 ], [ 77.503, 28.887 ], [ 77.518, 28.885 ], [ 77.527, 28.896 ], [ 77.542, 28.894 ], [ 77.548, 28.883 ], [ 77.563, 28.882 ], [ 77.572, 28.892 ], [ 77.587, 28.891 ], [ 77.593, 28.879 ], [ 77.608, 28.878 ], [ 77.617, 28.888 ], [ 77.632, 28.887 ], [ 77.638, 28.875 ], [ 77.653, 28.874 ], [ 77.662, 28.884 ], [ 77.677, 28.883 ], [ 77.683, 28.871 ], [ 77.698, 28.87 ], [ 77.704, 28.858 ], [ 77.695, 28.848 ], [ 77.7, 28.836 ], [ 77.691, 28.826 ], [ 77.697, 28.815 ], [ 77.712, 28.813 ], [ 77.718, 28.802 ], [ 77.709, 28.791 ], [ 77.694, 28.793 ], [ 77.685, 28.783 ], [ 77.69, 28.771 ], [ 77.681, 28.761 ], [ 77.687, 28.749 ], [ 77.678, 28.739 ], [ 77.684, 28.727 ], [ 77.675, 28.717 ], [ 77.66, 28.719 ], [ 77.654, 28.73 ], [ 77.639, 28.731 ], [ 77.63, 28.721 ], [ 77.615, 28.722 ], [ 77.606, 28.712 ], [ 77.591, 28.714 ], [ 77.582, 28.703 ], [ 77.567, 28.705 ], [ 77.558, 28.694 ], [ 77.563, 28.683 ], [ 77.554, 28.673 ], [ 77.56, 28.661 ], [ 77.551, 28.651 ], [ 77.557, 28.639 ], [ 77.548, 28.629 ], [ 77.554, 28.618 ], [ 77.569, 28.616 ], [ 77.578, 28.627 ], [ 77.572, 28.638 ], [ 77.581, 28.648 ], [ 77.596, 28.647 ], [ 77.602, 28.635 ], [ 77.617, 28.634 ], [ 77.622, 28.623 ], [ 77.613, 28.612 ], [ 77.619, 28.601 ], [ 77.634, 28.6 ], [ 77.64, 28.588 ], [ 77.655, 28.587 ], [ 77.66, 28.575 ], [ 77.675, 28.574 ], [ 77.681, 28.562 ], [ 77.672, 28.552 ], [ 77.678, 28.541 ], [ 77.693, 28.539 ], [ 77.699, 28.528 ], [ 77.689, 28.518 ], [ 77.675, 28.519 ], [ 77.665, 28.509 ], [ 77.671, 28.497 ], [ 77.662, 28.487 ], [ 77.647, 28.488 ], [ 77.638, 28.478 ], [ 77.644, 28.467 ], [ 77.635, 28.456 ], [ 77.641, 28.445 ], [ 77.632, 28.435 ], [ 77.637, 28.423 ], [ 77.652, 28.422 ], [ 77.661, 28.432 ], [ 77.676, 28.431 ], [ 77.682, 28.419 ], [ 77.673, 28.409 ], [ 77.679, 28.398 ], [ 77.67, 28.387 ], [ 77.675, 28.376 ], [ 77.69, 28.375 ], [ 77.696, 28.363 ], [ 77.711, 28.362 ], [ 77.717, 28.35 ], [ 77.707, 28.34 ], [ 77.713, 28.329 ], [ 77.728, 28.327 ], [ 77.734, 28.316 ], [ 77.725, 28.306 ], [ 77.731, 28.294 ], [ 77.721, 28.284 ], [ 77.707, 28.285 ], [ 77.698, 28.275 ], [ 77.703, 28.264 ], [ 77.694, 28.254 ], [ 77.7, 28.242 ], [ 77.715, 28.241 ], [ 77.721, 28.229 ], [ 77.712, 28.219 ], [ 77.717, 28.208 ], [ 77.708, 28.197 ], [ 77.714, 28.186 ], [ 77.705, 28.176 ], [ 77.711, 28.164 ], [ 77.725, 28.163 ], [ 77.731, 28.152 ], [ 77.722, 28.141 ], [ 77.728, 28.13 ], [ 77.719, 28.12 ], [ 77.725, 28.108 ], [ 77.716, 28.098 ], [ 77.701, 28.099 ], [ 77.692, 28.089 ], [ 77.677, 28.091 ], [ 77.671, 28.102 ], [ 77.68, 28.112 ], [ 77.674, 28.124 ], [ 77.66, 28.125 ], [ 77.651, 28.115 ], [ 77.636, 28.116 ], [ 77.627, 28.106 ], [ 77.612, 28.107 ], [ 77.606, 28.119 ], [ 77.591, 28.12 ], [ 77.582, 28.11 ], [ 77.588, 28.098 ], [ 77.579, 28.088 ], [ 77.564, 28.089 ], [ 77.555, 28.079 ], [ 77.54, 28.081 ], [ 77.535, 28.092 ], [ 77.52, 28.093 ], [ 77.511, 28.083 ], [ 77.517, 28.072 ], [ 77.508, 28.062 ], [ 77.513, 28.05 ], [ 77.528, 28.049 ], [ 77.534, 28.037 ], [ 77.549, 28.036 ], [ 77.554, 28.025 ], [ 77.545, 28.014 ], [ 77.551, 28.003 ], [ 77.542, 27.993 ], [ 77.548, 27.981 ], [ 77.539, 27.971 ], [ 77.545, 27.96 ], [ 77.559, 27.959 ], [ 77.565, 27.947 ], [ 77.556, 27.937 ], [ 77.562, 27.926 ], [ 77.553, 27.915 ], [ 77.559, 27.904 ], [ 77.55, 27.894 ], [ 77.556, 27.882 ], [ 77.57, 27.881 ], [ 77.576, 27.87 ], [ 77.591, 27.868 ], [ 77.6, 27.879 ], [ 77.615, 27.877 ], [ 77.62, 27.866 ], [ 77.635, 27.865 ], [ 77.641, 27.853 ], [ 77.655, 27.852 ], [ 77.661, 27.84 ], [ 77.676, 27.839 ], [ 77.685, 27.849 ], [ 77.7, 27.848 ], [ 77.705, 27.837 ], [ 77.72, 27.835 ], [ 77.726, 27.824 ], [ 77.717, 27.814 ], [ 77.723, 27.802 ], [ 77.714, 27.792 ], [ 77.719, 27.781 ], [ 77.71, 27.771 ], [ 77.696, 27.772 ], [ 77.687, 27.762 ], [ 77.692, 27.75 ], [ 77.707, 27.749 ], [ 77.713, 27.738 ], [ 77.704, 27.728 ], [ 77.709, 27.716 ], [ 77.724, 27.715 ], [ 77.73, 27.704 ], [ 77.721, 27.693 ], [ 77.727, 27.682 ], [ 77.718, 27.672 ], [ 77.723, 27.66 ], [ 77.714, 27.65 ], [ 77.72, 27.639 ], [ 77.711, 27.629 ], [ 77.717, 27.617 ], [ 77.731, 27.616 ], [ 77.737, 27.605 ], [ 77.728, 27.595 ], [ 77.734, 27.583 ], [ 77.748, 27.582 ], [ 77.754, 27.571 ], [ 77.745, 27.561 ], [ 77.731, 27.562 ], [ 77.722, 27.552 ], [ 77.727, 27.54 ], [ 77.718, 27.53 ], [ 77.724, 27.519 ], [ 77.739, 27.518 ], [ 77.744, 27.506 ], [ 77.759, 27.505 ], [ 77.765, 27.494 ], [ 77.756, 27.483 ], [ 77.761, 27.472 ], [ 77.752, 27.462 ], [ 77.758, 27.451 ], [ 77.749, 27.441 ], [ 77.755, 27.429 ], [ 77.769, 27.428 ], [ 77.775, 27.417 ], [ 77.766, 27.406 ], [ 77.772, 27.395 ], [ 77.786, 27.394 ], [ 77.795, 27.404 ], [ 77.81, 27.403 ], [ 77.816, 27.391 ], [ 77.83, 27.39 ], [ 77.836, 27.379 ], [ 77.827, 27.369 ], [ 77.812, 27.37 ], [ 77.803, 27.36 ], [ 77.809, 27.348 ], [ 77.8, 27.338 ], [ 77.806, 27.327 ], [ 77.82, 27.326 ], [ 77.826, 27.314 ], [ 77.841, 27.313 ], [ 77.846, 27.302 ], [ 77.861, 27.3 ], [ 77.87, 27.31 ], [ 77.885, 27.309 ], [ 77.89, 27.298 ], [ 77.905, 27.297 ], [ 77.914, 27.307 ], [ 77.928, 27.305 ], [ 77.934, 27.294 ], [ 77.949, 27.293 ], [ 77.958, 27.303 ], [ 77.972, 27.301 ], [ 77.978, 27.29 ], [ 77.992, 27.289 ], [ 77.998, 27.277 ], [ 78.013, 27.276 ], [ 78.018, 27.265 ], [ 78.033, 27.263 ], [ 78.038, 27.252 ], [ 78.053, 27.251 ], [ 78.062, 27.261 ], [ 78.077, 27.26 ], [ 78.082, 27.248 ], [ 78.097, 27.247 ], [ 78.102, 27.236 ], [ 78.093, 27.225 ], [ 78.099, 27.214 ], [ 78.114, 27.213 ], [ 78.119, 27.201 ], [ 78.134, 27.2 ], [ 78.143, 27.21 ], [ 78.157, 27.209 ], [ 78.163, 27.198 ], [ 78.177, 27.196 ], [ 78.186, 27.206 ], [ 78.201, 27.205 ], [ 78.207, 27.194 ], [ 78.221, 27.192 ], [ 78.227, 27.181 ], [ 78.241, 27.18 ], [ 78.247, 27.168 ], [ 78.261, 27.167 ], [ 78.267, 27.156 ], [ 78.282, 27.154 ], [ 78.291, 27.164 ], [ 78.305, 27.163 ], [ 78.311, 27.152 ], [ 78.325, 27.15 ], [ 78.334, 27.16 ], [ 78.349, 27.159 ], [ 78.354, 27.148 ], [ 78.369, 27.146 ], [ 78.374, 27.135 ], [ 78.389, 27.134 ], [ 78.394, 27.122 ], [ 78.385, 27.112 ], [ 78.391, 27.101 ], [ 78.382, 27.091 ], [ 78.388, 27.08 ], [ 78.402, 27.078 ], [ 78.408, 27.067 ], [ 78.422, 27.066 ], [ 78.431, 27.076 ], [ 78.446, 27.074 ], [ 78.451, 27.063 ], [ 78.466, 27.062 ], [ 78.471, 27.05 ], [ 78.462, 27.04 ], [ 78.468, 27.029 ], [ 78.459, 27.019 ], [ 78.464, 27.008 ], [ 78.479, 27.006 ], [ 78.488, 27.016 ], [ 78.502, 27.015 ], [ 78.508, 27.004 ], [ 78.522, 27.002 ], [ 78.531, 27.012 ], [ 78.546, 27.011 ], [ 78.551, 27.0 ], [ 78.566, 26.998 ], [ 78.571, 26.987 ], [ 78.586, 26.986 ], [ 78.591, 26.974 ], [ 78.606, 26.973 ], [ 78.615, 26.983 ], [ 78.629, 26.981 ], [ 78.635, 26.97 ], [ 78.649, 26.969 ], [ 78.655, 26.957 ], [ 78.669, 26.956 ], [ 78.675, 26.945 ], [ 78.689, 26.943 ], [ 78.698, 26.953 ], [ 78.713, 26.952 ], [ 78.722, 26.962 ], [ 78.736, 26.961 ], [ 78.742, 26.949 ], [ 78.756, 26.948 ], [ 78.762, 26.937 ], [ 78.776, 26.935 ], [ 78.785, 26.945 ], [ 78.8, 26.944 ], [ 78.805, 26.932 ], [ 78.819, 26.931 ], [ 78.825, 26.92 ], [ 78.816, 26.91 ], [ 78.821, 26.899 ], [ 78.836, 26.897 ], [ 78.841, 26.886 ], [ 78.832, 26.876 ], [ 78.838, 26.865 ], [ 78.852, 26.863 ], [ 78.858, 26.852 ], [ 78.872, 26.851 ], [ 78.877, 26.839 ], [ 78.892, 26.838 ], [ 78.897, 26.827 ], [ 78.912, 26.825 ], [ 78.917, 26.814 ], [ 78.932, 26.812 ], [ 78.941, 26.822 ], [ 78.955, 26.821 ], [ 78.96, 26.81 ], [ 78.975, 26.808 ], [ 78.98, 26.797 ], [ 78.995, 26.796 ], [ 79.0, 26.784 ], [ 79.015, 26.783 ], [ 79.02, 26.772 ], [ 79.034, 26.77 ], [ 79.04, 26.759 ], [ 79.031, 26.749 ], [ 79.036, 26.738 ], [ 79.05, 26.736 ], [ 79.056, 26.725 ], [ 79.07, 26.724 ], [ 79.076, 26.712 ], [ 79.09, 26.711 ], [ 79.095, 26.7 ], [ 79.11, 26.698 ], [ 79.115, 26.687 ], [ 79.13, 26.686 ], [ 79.135, 26.674 ], [ 79.149, 26.673 ], [ 79.155, 26.662 ], [ 79.169, 26.66 ], [ 79.174, 26.649 ], [ 79.189, 26.648 ], [ 79.194, 26.636 ], [ 79.209, 26.635 ], [ 79.218, 26.645 ], [ 79.232, 26.643 ], [ 79.237, 26.632 ], [ 79.252, 26.631 ], [ 79.257, 26.619 ], [ 79.248, 26.61 ], [ 79.253, 26.598 ], [ 79.268, 26.597 ], [ 79.273, 26.586 ], [ 79.287, 26.584 ], [ 79.293, 26.573 ], [ 79.307, 26.571 ], [ 79.312, 26.56 ], [ 79.303, 26.55 ], [ 79.309, 26.539 ], [ 79.3, 26.529 ], [ 79.305, 26.518 ], [ 79.296, 26.508 ], [ 79.301, 26.497 ], [ 79.292, 26.487 ], [ 79.298, 26.476 ], [ 79.289, 26.466 ], [ 79.294, 26.455 ], [ 79.308, 26.453 ], [ 79.314, 26.442 ], [ 79.328, 26.441 ], [ 79.333, 26.429 ], [ 79.347, 26.428 ], [ 79.353, 26.417 ], [ 79.367, 26.415 ], [ 79.376, 26.425 ], [ 79.371, 26.436 ], [ 79.38, 26.446 ], [ 79.394, 26.445 ], [ 79.403, 26.455 ], [ 79.418, 26.453 ], [ 79.427, 26.463 ], [ 79.441, 26.462 ], [ 79.446, 26.45 ], [ 79.461, 26.449 ], [ 79.466, 26.438 ], [ 79.48, 26.436 ], [ 79.485, 26.425 ], [ 79.5, 26.424 ], [ 79.505, 26.412 ], [ 79.519, 26.411 ], [ 79.525, 26.4 ], [ 79.539, 26.398 ], [ 79.548, 26.408 ], [ 79.562, 26.407 ], [ 79.571, 26.416 ], [ 79.566, 26.428 ], [ 79.575, 26.438 ], [ 79.57, 26.449 ], [ 79.579, 26.459 ], [ 79.593, 26.457 ], [ 79.602, 26.467 ], [ 79.597, 26.478 ], [ 79.606, 26.488 ], [ 79.62, 26.487 ], [ 79.63, 26.497 ], [ 79.624, 26.508 ], [ 79.633, 26.518 ], [ 79.628, 26.529 ], [ 79.637, 26.539 ], [ 79.632, 26.55 ], [ 79.641, 26.56 ], [ 79.636, 26.571 ], [ 79.645, 26.581 ], [ 79.64, 26.592 ], [ 79.649, 26.602 ], [ 79.663, 26.601 ], [ 79.672, 26.611 ], [ 79.667, 26.622 ], [ 79.676, 26.632 ], [ 79.69, 26.63 ], [ 79.699, 26.64 ], [ 79.714, 26.639 ], [ 79.723, 26.648 ], [ 79.718, 26.66 ], [ 79.727, 26.67 ], [ 79.721, 26.681 ], [ 79.731, 26.691 ], [ 79.725, 26.702 ], [ 79.711, 26.703 ], [ 79.706, 26.715 ], [ 79.691, 26.716 ], [ 79.686, 26.728 ], [ 79.695, 26.737 ], [ 79.69, 26.749 ], [ 79.699, 26.759 ], [ 79.713, 26.757 ], [ 79.722, 26.767 ], [ 79.737, 26.766 ], [ 79.746, 26.775 ], [ 79.76, 26.774 ], [ 79.769, 26.784 ], [ 79.784, 26.782 ], [ 79.789, 26.771 ], [ 79.803, 26.77 ], [ 79.813, 26.779 ], [ 79.827, 26.778 ], [ 79.832, 26.767 ], [ 79.847, 26.765 ], [ 79.856, 26.775 ], [ 79.851, 26.786 ], [ 79.86, 26.796 ], [ 79.854, 26.807 ], [ 79.864, 26.817 ], [ 79.878, 26.816 ], [ 79.887, 26.826 ], [ 79.882, 26.837 ], [ 79.891, 26.847 ], [ 79.905, 26.845 ], [ 79.915, 26.855 ], [ 79.929, 26.854 ], [ 79.934, 26.842 ], [ 79.949, 26.841 ], [ 79.958, 26.851 ], [ 79.952, 26.862 ], [ 79.938, 26.864 ], [ 79.933, 26.875 ], [ 79.942, 26.885 ], [ 79.937, 26.896 ], [ 79.946, 26.906 ], [ 79.941, 26.917 ], [ 79.95, 26.927 ], [ 79.945, 26.938 ], [ 79.954, 26.948 ], [ 79.968, 26.947 ], [ 79.977, 26.957 ], [ 79.992, 26.955 ], [ 80.001, 26.965 ], [ 79.996, 26.976 ], [ 79.981, 26.978 ], [ 79.976, 26.989 ], [ 79.985, 26.999 ], [ 79.98, 27.01 ], [ 79.966, 27.012 ], [ 79.96, 27.023 ], [ 79.946, 27.025 ], [ 79.941, 27.036 ], [ 79.95, 27.046 ], [ 79.945, 27.057 ], [ 79.93, 27.059 ], [ 79.925, 27.07 ], [ 79.934, 27.08 ], [ 79.929, 27.091 ], [ 79.938, 27.101 ], [ 79.933, 27.113 ], [ 79.918, 27.114 ], [ 79.913, 27.126 ], [ 79.899, 27.127 ], [ 79.894, 27.138 ], [ 79.879, 27.14 ], [ 79.87, 27.13 ], [ 79.855, 27.132 ], [ 79.85, 27.143 ], [ 79.836, 27.144 ], [ 79.83, 27.156 ], [ 79.816, 27.157 ], [ 79.807, 27.147 ], [ 79.792, 27.149 ], [ 79.787, 27.16 ], [ 79.773, 27.162 ], [ 79.767, 27.173 ], [ 79.753, 27.175 ], [ 79.748, 27.186 ], [ 79.733, 27.187 ], [ 79.728, 27.199 ], [ 79.713, 27.2 ], [ 79.708, 27.212 ], [ 79.694, 27.213 ], [ 79.688, 27.224 ], [ 79.674, 27.226 ], [ 79.669, 27.237 ], [ 79.654, 27.239 ], [ 79.649, 27.25 ], [ 79.634, 27.252 ], [ 79.629, 27.263 ], [ 79.638, 27.273 ], [ 79.633, 27.284 ], [ 79.618, 27.286 ], [ 79.613, 27.297 ], [ 79.622, 27.307 ], [ 79.617, 27.318 ], [ 79.626, 27.328 ], [ 79.621, 27.34 ], [ 79.63, 27.35 ], [ 79.625, 27.361 ], [ 79.634, 27.371 ], [ 79.628, 27.382 ], [ 79.614, 27.384 ], [ 79.609, 27.395 ], [ 79.594, 27.397 ], [ 79.585, 27.387 ], [ 79.57, 27.388 ], [ 79.565, 27.4 ], [ 79.55, 27.401 ], [ 79.545, 27.413 ], [ 79.554, 27.423 ], [ 79.549, 27.434 ], [ 79.558, 27.444 ], [ 79.573, 27.442 ], [ 79.582, 27.452 ], [ 79.577, 27.464 ], [ 79.562, 27.465 ], [ 79.557, 27.477 ], [ 79.542, 27.478 ], [ 79.537, 27.49 ], [ 79.546, 27.499 ], [ 79.541, 27.511 ], [ 79.526, 27.512 ], [ 79.521, 27.524 ], [ 79.506, 27.525 ], [ 79.501, 27.537 ], [ 79.486, 27.538 ], [ 79.477, 27.528 ], [ 79.462, 27.53 ], [ 79.457, 27.541 ], [ 79.443, 27.543 ], [ 79.437, 27.554 ], [ 79.446, 27.564 ], [ 79.441, 27.575 ], [ 79.45, 27.585 ], [ 79.445, 27.597 ], [ 79.43, 27.598 ], [ 79.421, 27.588 ], [ 79.406, 27.59 ], [ 79.397, 27.58 ], [ 79.383, 27.581 ], [ 79.377, 27.593 ], [ 79.363, 27.594 ], [ 79.357, 27.605 ], [ 79.343, 27.607 ], [ 79.337, 27.618 ], [ 79.323, 27.62 ], [ 79.317, 27.631 ], [ 79.303, 27.633 ], [ 79.297, 27.644 ], [ 79.307, 27.654 ], [ 79.301, 27.666 ], [ 79.287, 27.667 ], [ 79.277, 27.657 ], [ 79.263, 27.658 ], [ 79.257, 27.67 ], [ 79.243, 27.671 ], [ 79.234, 27.661 ], [ 79.219, 27.663 ], [ 79.213, 27.674 ], [ 79.199, 27.676 ], [ 79.193, 27.687 ], [ 79.203, 27.697 ], [ 79.197, 27.709 ], [ 79.183, 27.71 ], [ 79.177, 27.721 ], [ 79.163, 27.723 ], [ 79.157, 27.734 ], [ 79.142, 27.736 ], [ 79.137, 27.747 ], [ 79.122, 27.749 ], [ 79.117, 27.76 ], [ 79.102, 27.762 ], [ 79.097, 27.773 ], [ 79.082, 27.774 ], [ 79.077, 27.786 ], [ 79.062, 27.787 ], [ 79.053, 27.777 ], [ 79.038, 27.779 ], [ 79.033, 27.79 ], [ 79.018, 27.792 ], [ 79.009, 27.782 ], [ 78.994, 27.783 ], [ 78.989, 27.794 ], [ 78.974, 27.796 ], [ 78.969, 27.807 ], [ 78.954, 27.809 ], [ 78.949, 27.82 ], [ 78.934, 27.822 ], [ 78.928, 27.833 ], [ 78.914, 27.834 ], [ 78.908, 27.846 ], [ 78.894, 27.847 ], [ 78.888, 27.859 ], [ 78.873, 27.86 ], [ 78.868, 27.872 ], [ 78.877, 27.882 ], [ 78.872, 27.893 ], [ 78.857, 27.895 ], [ 78.851, 27.906 ], [ 78.837, 27.907 ], [ 78.831, 27.919 ], [ 78.816, 27.92 ], [ 78.811, 27.932 ], [ 78.796, 27.933 ], [ 78.791, 27.945 ], [ 78.776, 27.946 ], [ 78.767, 27.936 ], [ 78.752, 27.937 ], [ 78.747, 27.949 ], [ 78.732, 27.95 ], [ 78.726, 27.962 ], [ 78.712, 27.963 ], [ 78.703, 27.953 ], [ 78.688, 27.954 ], [ 78.682, 27.966 ], [ 78.668, 27.967 ], [ 78.662, 27.979 ], [ 78.647, 27.98 ], [ 78.638, 27.97 ], [ 78.623, 27.971 ], [ 78.618, 27.983 ], [ 78.603, 27.984 ], [ 78.598, 27.996 ], [ 78.607, 28.006 ], [ 78.601, 28.017 ], [ 78.586, 28.019 ], [ 78.577, 28.009 ], [ 78.563, 28.01 ], [ 78.557, 28.022 ], [ 78.542, 28.023 ], [ 78.537, 28.034 ], [ 78.522, 28.036 ], [ 78.513, 28.026 ], [ 78.498, 28.027 ], [ 78.492, 28.039 ], [ 78.478, 28.04 ], [ 78.472, 28.051 ], [ 78.457, 28.053 ], [ 78.452, 28.064 ], [ 78.437, 28.066 ], [ 78.431, 28.077 ], [ 78.441, 28.087 ], [ 78.435, 28.099 ], [ 78.42, 28.1 ], [ 78.415, 28.112 ], [ 78.424, 28.122 ], [ 78.418, 28.133 ], [ 78.403, 28.134 ], [ 78.398, 28.146 ], [ 78.383, 28.147 ], [ 78.377, 28.159 ], [ 78.386, 28.169 ], [ 78.381, 28.18 ], [ 78.39, 28.191 ], [ 78.384, 28.202 ], [ 78.37, 28.203 ], [ 78.364, 28.215 ], [ 78.349, 28.216 ], [ 78.344, 28.228 ], [ 78.329, 28.229 ], [ 78.323, 28.241 ], [ 78.332, 28.251 ], [ 78.327, 28.262 ], [ 78.312, 28.264 ], [ 78.306, 28.275 ], [ 78.291, 28.276 ], [ 78.286, 28.288 ], [ 78.271, 28.289 ], [ 78.265, 28.301 ], [ 78.274, 28.311 ], [ 78.269, 28.322 ], [ 78.254, 28.324 ], [ 78.248, 28.335 ], [ 78.257, 28.345 ], [ 78.252, 28.357 ], [ 78.261, 28.367 ], [ 78.255, 28.379 ], [ 78.24, 28.38 ], [ 78.235, 28.392 ], [ 78.244, 28.402 ], [ 78.238, 28.413 ], [ 78.247, 28.423 ], [ 78.242, 28.435 ], [ 78.251, 28.445 ], [ 78.245, 28.456 ], [ 78.23, 28.458 ], [ 78.225, 28.469 ], [ 78.21, 28.471 ], [ 78.204, 28.482 ], [ 78.213, 28.492 ], [ 78.208, 28.504 ], [ 78.193, 28.505 ], [ 78.187, 28.517 ], [ 78.196, 28.527 ], [ 78.191, 28.539 ], [ 78.2, 28.549 ], [ 78.194, 28.56 ], [ 78.179, 28.562 ], [ 78.174, 28.573 ], [ 78.183, 28.583 ], [ 78.177, 28.595 ], [ 78.186, 28.605 ], [ 78.18, 28.617 ], [ 78.166, 28.618 ], [ 78.16, 28.629 ], [ 78.169, 28.64 ], [ 78.163, 28.651 ], [ 78.173, 28.661 ], [ 78.167, 28.673 ], [ 78.176, 28.683 ], [ 78.17, 28.695 ], [ 78.18, 28.705 ], [ 78.174, 28.716 ], [ 78.159, 28.718 ], [ 78.153, 28.729 ], [ 78.138, 28.731 ], [ 78.133, 28.742 ], [ 78.118, 28.744 ], [ 78.112, 28.755 ], [ 78.097, 28.757 ], [ 78.091, 28.768 ], [ 78.1, 28.778 ], [ 78.095, 28.79 ], [ 78.08, 28.791 ], [ 78.074, 28.803 ], [ 78.059, 28.804 ], [ 78.053, 28.816 ], [ 78.063, 28.826 ], [ 78.057, 28.837 ], [ 78.066, 28.848 ], [ 78.06, 28.859 ], [ 78.045, 28.861 ], [ 78.04, 28.872 ], [ 78.049, 28.882 ], [ 78.043, 28.894 ], [ 78.028, 28.895 ], [ 78.022, 28.907 ], [ 78.032, 28.917 ], [ 78.026, 28.929 ], [ 78.035, 28.939 ], [ 78.029, 28.95 ], [ 78.014, 28.952 ], [ 78.009, 28.963 ], [ 78.018, 28.974 ], [ 78.012, 28.985 ], [ 78.021, 28.995 ], [ 78.015, 29.007 ], [ 78.0, 29.008 ], [ 77.995, 29.02 ], [ 78.004, 29.03 ], [ 77.998, 29.042 ], [ 78.007, 29.052 ], [ 78.002, 29.064 ], [ 78.011, 29.074 ], [ 78.005, 29.085 ], [ 78.014, 29.096 ], [ 78.008, 29.107 ], [ 78.018, 29.118 ], [ 78.012, 29.129 ], [ 77.997, 29.131 ], [ 77.991, 29.142 ], [ 77.976, 29.143 ], [ 77.97, 29.155 ], [ 77.98, 29.165 ], [ 77.974, 29.177 ], [ 77.983, 29.187 ], [ 77.977, 29.199 ], [ 77.986, 29.209 ], [ 77.981, 29.221 ], [ 77.99, 29.231 ], [ 77.984, 29.243 ], [ 77.969, 29.244 ], [ 77.96, 29.234 ], [ 77.945, 29.235 ], [ 77.936, 29.225 ], [ 77.921, 29.226 ], [ 77.911, 29.216 ], [ 77.896, 29.217 ], [ 77.887, 29.207 ], [ 77.872, 29.208 ], [ 77.866, 29.22 ], [ 77.851, 29.221 ], [ 77.842, 29.211 ], [ 77.827, 29.212 ], [ 77.818, 29.202 ], [ 77.803, 29.203 ], [ 77.793, 29.193 ], [ 77.778, 29.195 ], [ 77.773, 29.206 ], [ 77.758, 29.208 ], [ 77.752, 29.219 ], [ 77.737, 29.22 ], [ 77.731, 29.232 ], [ 77.716, 29.233 ], [ 77.707, 29.223 ], [ 77.691, 29.224 ], [ 77.686, 29.236 ], [ 77.671, 29.237 ], [ 77.665, 29.249 ], [ 77.65, 29.25 ], [ 77.64, 29.24 ], [ 77.646, 29.228 ], [ 77.637, 29.218 ], [ 77.622, 29.22 ], [ 77.616, 29.231 ], [ 77.625, 29.241 ], [ 77.62, 29.253 ], [ 77.604, 29.254 ], [ 77.599, 29.266 ], [ 77.584, 29.267 ], [ 77.574, 29.257 ], [ 77.58, 29.245 ], [ 77.571, 29.235 ], [ 77.556, 29.236 ], [ 77.547, 29.226 ], [ 77.532, 29.227 ], [ 77.523, 29.217 ], [ 77.528, 29.206 ], [ 77.519, 29.195 ], [ 77.504, 29.197 ], [ 77.498, 29.208 ], [ 77.483, 29.21 ], [ 77.477, 29.221 ], [ 77.462, 29.222 ], [ 77.456, 29.234 ], [ 77.441, 29.235 ], [ 77.432, 29.225 ], [ 77.417, 29.226 ], [ 77.411, 29.238 ], [ 77.396, 29.239 ], [ 77.39, 29.251 ], [ 77.375, 29.252 ], [ 77.366, 29.242 ], [ 77.351, 29.243 ], [ 77.345, 29.255 ], [ 77.33, 29.256 ], [ 77.324, 29.268 ], [ 77.309, 29.269 ], [ 77.3, 29.259 ], [ 77.285, 29.26 ], [ 77.279, 29.272 ], [ 77.288, 29.282 ], [ 77.282, 29.293 ], [ 77.291, 29.304 ], [ 77.306, 29.302 ], [ 77.315, 29.313 ], [ 77.31, 29.324 ], [ 77.319, 29.335 ], [ 77.334, 29.333 ], [ 77.343, 29.344 ], [ 77.358, 29.342 ], [ 77.367, 29.353 ], [ 77.382, 29.351 ], [ 77.392, 29.362 ], [ 77.407, 29.36 ], [ 77.416, 29.371 ], [ 77.41, 29.382 ], [ 77.419, 29.393 ], [ 77.434, 29.391 ], [ 77.443, 29.402 ], [ 77.437, 29.413 ], [ 77.447, 29.424 ], [ 77.441, 29.435 ], [ 77.45, 29.446 ], [ 77.444, 29.457 ], [ 77.453, 29.467 ], [ 77.447, 29.479 ], [ 77.457, 29.489 ], [ 77.451, 29.501 ], [ 77.46, 29.511 ], [ 77.454, 29.523 ], [ 77.463, 29.533 ], [ 77.478, 29.532 ], [ 77.487, 29.542 ], [ 77.482, 29.554 ], [ 77.491, 29.564 ], [ 77.485, 29.576 ], [ 77.494, 29.586 ], [ 77.488, 29.598 ], [ 77.497, 29.608 ], [ 77.491, 29.62 ], [ 77.476, 29.621 ], [ 77.47, 29.633 ], [ 77.48, 29.643 ], [ 77.474, 29.655 ], [ 77.459, 29.656 ], [ 77.453, 29.668 ], [ 77.437, 29.669 ], [ 77.428, 29.659 ], [ 77.413, 29.66 ], [ 77.404, 29.65 ], [ 77.389, 29.651 ], [ 77.379, 29.641 ], [ 77.364, 29.642 ], [ 77.358, 29.654 ], [ 77.343, 29.655 ], [ 77.334, 29.645 ], [ 77.319, 29.646 ], [ 77.313, 29.658 ], [ 77.298, 29.659 ], [ 77.292, 29.671 ], [ 77.277, 29.672 ], [ 77.267, 29.662 ], [ 77.252, 29.663 ], [ 77.246, 29.675 ], [ 77.231, 29.676 ], [ 77.225, 29.688 ], [ 77.21, 29.689 ], [ 77.201, 29.678 ], [ 77.185, 29.68 ], [ 77.179, 29.691 ], [ 77.164, 29.693 ], [ 77.155, 29.682 ], [ 77.161, 29.671 ], [ 77.152, 29.66 ], [ 77.158, 29.649 ], [ 77.149, 29.638 ], [ 77.134, 29.64 ], [ 77.124, 29.629 ], [ 77.13, 29.618 ], [ 77.121, 29.607 ], [ 77.127, 29.596 ], [ 77.118, 29.585 ], [ 77.124, 29.574 ], [ 77.115, 29.563 ], [ 77.121, 29.552 ], [ 77.112, 29.541 ], [ 77.118, 29.53 ], [ 77.133, 29.528 ], [ 77.139, 29.517 ], [ 77.154, 29.515 ], [ 77.16, 29.504 ], [ 77.151, 29.493 ], [ 77.157, 29.482 ], [ 77.147, 29.472 ], [ 77.153, 29.46 ], [ 77.169, 29.459 ], [ 77.175, 29.447 ], [ 77.165, 29.437 ], [ 77.171, 29.425 ], [ 77.162, 29.415 ], [ 77.168, 29.403 ], [ 77.159, 29.393 ], [ 77.165, 29.381 ], [ 77.156, 29.371 ], [ 77.162, 29.359 ], [ 77.153, 29.349 ], [ 77.159, 29.337 ], [ 77.174, 29.336 ], [ 77.18, 29.324 ], [ 77.17, 29.314 ], [ 77.176, 29.302 ], [ 77.167, 29.292 ], [ 77.152, 29.293 ], [ 77.143, 29.283 ], [ 77.149, 29.271 ], [ 77.14, 29.261 ], [ 77.146, 29.25 ], [ 77.161, 29.248 ], [ 77.167, 29.237 ], [ 77.158, 29.226 ], [ 77.164, 29.215 ], [ 77.155, 29.204 ], [ 77.16, 29.193 ], [ 77.151, 29.183 ], [ 77.157, 29.171 ], [ 77.148, 29.161 ], [ 77.154, 29.149 ], [ 77.169, 29.148 ], [ 77.175, 29.136 ], [ 77.166, 29.126 ], [ 77.172, 29.114 ], [ 77.163, 29.104 ], [ 77.169, 29.092 ], [ 77.16, 29.082 ], [ 77.166, 29.071 ], [ 77.181, 29.069 ], [ 77.187, 29.058 ], [ 77.177, 29.047 ], [ 77.183, 29.036 ], [ 77.198, 29.035 ], [ 77.204, 29.023 ], [ 77.219, 29.022 ], [ 77.225, 29.01 ], [ 77.216, 29.0 ], [ 77.222, 28.988 ], [ 77.213, 28.978 ], [ 77.219, 28.967 ], [ 77.21, 28.956 ], [ 77.216, 28.945 ], [ 77.231, 28.943 ], [ 77.237, 28.932 ], [ 77.252, 28.931 ], [ 77.257, 28.919 ], [ 77.248, 28.909 ] ] ], [ [ [ 78.778, 24.751 ], [ 78.764, 24.752 ], [ 78.759, 24.763 ], [ 78.768, 24.773 ], [ 78.762, 24.784 ], [ 78.771, 24.794 ], [ 78.785, 24.792 ], [ 78.794, 24.802 ], [ 78.789, 24.813 ], [ 78.775, 24.814 ], [ 78.769, 24.825 ], [ 78.778, 24.835 ], [ 78.773, 24.846 ], [ 78.782, 24.856 ], [ 78.776, 24.867 ], [ 78.762, 24.868 ], [ 78.753, 24.858 ], [ 78.739, 24.86 ], [ 78.734, 24.871 ], [ 78.72, 24.872 ], [ 78.715, 24.883 ], [ 78.701, 24.884 ], [ 78.695, 24.895 ], [ 78.681, 24.897 ], [ 78.676, 24.908 ], [ 78.662, 24.909 ], [ 78.657, 24.92 ], [ 78.666, 24.93 ], [ 78.66, 24.941 ], [ 78.646, 24.942 ], [ 78.641, 24.953 ], [ 78.65, 24.963 ], [ 78.644, 24.974 ], [ 78.653, 24.983 ], [ 78.648, 24.994 ], [ 78.656, 25.004 ], [ 78.651, 25.015 ], [ 78.66, 25.025 ], [ 78.655, 25.036 ], [ 78.663, 25.046 ], [ 78.658, 25.057 ], [ 78.644, 25.058 ], [ 78.639, 25.069 ], [ 78.625, 25.07 ], [ 78.619, 25.081 ], [ 78.605, 25.083 ], [ 78.6, 25.094 ], [ 78.609, 25.103 ], [ 78.603, 25.114 ], [ 78.612, 25.124 ], [ 78.607, 25.135 ], [ 78.615, 25.145 ], [ 78.61, 25.156 ], [ 78.596, 25.157 ], [ 78.591, 25.168 ], [ 78.599, 25.178 ], [ 78.594, 25.189 ], [ 78.58, 25.19 ], [ 78.575, 25.202 ], [ 78.583, 25.211 ], [ 78.578, 25.222 ], [ 78.564, 25.224 ], [ 78.559, 25.235 ], [ 78.567, 25.244 ], [ 78.562, 25.256 ], [ 78.548, 25.257 ], [ 78.543, 25.268 ], [ 78.528, 25.269 ], [ 78.523, 25.28 ], [ 78.509, 25.281 ], [ 78.504, 25.293 ], [ 78.489, 25.294 ], [ 78.484, 25.305 ], [ 78.493, 25.315 ], [ 78.507, 25.313 ], [ 78.512, 25.302 ], [ 78.526, 25.301 ], [ 78.535, 25.311 ], [ 78.549, 25.31 ], [ 78.558, 25.319 ], [ 78.553, 25.33 ], [ 78.539, 25.332 ], [ 78.533, 25.343 ], [ 78.542, 25.353 ], [ 78.556, 25.351 ], [ 78.562, 25.34 ], [ 78.576, 25.339 ], [ 78.585, 25.349 ], [ 78.579, 25.36 ], [ 78.588, 25.37 ], [ 78.583, 25.381 ], [ 78.591, 25.39 ], [ 78.606, 25.389 ], [ 78.614, 25.399 ], [ 78.629, 25.398 ], [ 78.637, 25.407 ], [ 78.632, 25.418 ], [ 78.641, 25.428 ], [ 78.655, 25.427 ], [ 78.664, 25.437 ], [ 78.678, 25.435 ], [ 78.687, 25.445 ], [ 78.701, 25.444 ], [ 78.71, 25.454 ], [ 78.704, 25.465 ], [ 78.713, 25.475 ], [ 78.708, 25.486 ], [ 78.717, 25.496 ], [ 78.731, 25.494 ], [ 78.74, 25.504 ], [ 78.734, 25.515 ], [ 78.743, 25.525 ], [ 78.757, 25.524 ], [ 78.766, 25.533 ], [ 78.78, 25.532 ], [ 78.789, 25.542 ], [ 78.803, 25.541 ], [ 78.812, 25.55 ], [ 78.826, 25.549 ], [ 78.835, 25.559 ], [ 78.849, 25.557 ], [ 78.858, 25.567 ], [ 78.872, 25.566 ], [ 78.881, 25.576 ], [ 78.876, 25.587 ], [ 78.885, 25.597 ], [ 78.88, 25.608 ], [ 78.888, 25.618 ], [ 78.883, 25.629 ], [ 78.892, 25.638 ], [ 78.906, 25.637 ], [ 78.915, 25.647 ], [ 78.929, 25.646 ], [ 78.938, 25.655 ], [ 78.952, 25.654 ], [ 78.961, 25.664 ], [ 78.956, 25.675 ], [ 78.965, 25.685 ], [ 78.979, 25.683 ], [ 78.988, 25.693 ], [ 78.982, 25.704 ], [ 78.968, 25.706 ], [ 78.963, 25.717 ], [ 78.972, 25.727 ], [ 78.986, 25.725 ], [ 78.995, 25.735 ], [ 78.99, 25.746 ], [ 78.999, 25.756 ], [ 79.013, 25.755 ], [ 79.022, 25.764 ], [ 79.016, 25.776 ], [ 79.025, 25.785 ], [ 79.039, 25.784 ], [ 79.048, 25.794 ], [ 79.043, 25.805 ], [ 79.052, 25.815 ], [ 79.047, 25.826 ], [ 79.056, 25.836 ], [ 79.07, 25.834 ], [ 79.079, 25.844 ], [ 79.093, 25.843 ], [ 79.102, 25.853 ], [ 79.116, 25.851 ], [ 79.121, 25.84 ], [ 79.136, 25.839 ], [ 79.141, 25.828 ], [ 79.155, 25.826 ], [ 79.164, 25.836 ], [ 79.178, 25.835 ], [ 79.184, 25.824 ], [ 79.198, 25.822 ], [ 79.207, 25.832 ], [ 79.221, 25.831 ], [ 79.23, 25.84 ], [ 79.244, 25.839 ], [ 79.253, 25.849 ], [ 79.267, 25.847 ], [ 79.272, 25.836 ], [ 79.287, 25.835 ], [ 79.296, 25.845 ], [ 79.31, 25.843 ], [ 79.315, 25.832 ], [ 79.329, 25.831 ], [ 79.335, 25.82 ], [ 79.349, 25.818 ], [ 79.354, 25.807 ], [ 79.368, 25.806 ], [ 79.377, 25.815 ], [ 79.391, 25.814 ], [ 79.4, 25.824 ], [ 79.395, 25.835 ], [ 79.404, 25.845 ], [ 79.418, 25.843 ], [ 79.427, 25.853 ], [ 79.422, 25.864 ], [ 79.431, 25.874 ], [ 79.445, 25.873 ], [ 79.454, 25.883 ], [ 79.449, 25.894 ], [ 79.458, 25.903 ], [ 79.472, 25.902 ], [ 79.481, 25.912 ], [ 79.495, 25.91 ], [ 79.504, 25.92 ], [ 79.518, 25.919 ], [ 79.527, 25.929 ], [ 79.542, 25.927 ], [ 79.551, 25.937 ], [ 79.565, 25.936 ], [ 79.574, 25.945 ], [ 79.588, 25.944 ], [ 79.597, 25.954 ], [ 79.611, 25.952 ], [ 79.62, 25.962 ], [ 79.634, 25.961 ], [ 79.64, 25.949 ], [ 79.654, 25.948 ], [ 79.663, 25.958 ], [ 79.677, 25.956 ], [ 79.682, 25.945 ], [ 79.696, 25.944 ], [ 79.702, 25.933 ], [ 79.716, 25.931 ], [ 79.721, 25.92 ], [ 79.735, 25.919 ], [ 79.744, 25.928 ], [ 79.758, 25.927 ], [ 79.764, 25.916 ], [ 79.778, 25.914 ], [ 79.787, 25.924 ], [ 79.801, 25.923 ], [ 79.81, 25.932 ], [ 79.824, 25.931 ], [ 79.829, 25.92 ], [ 79.844, 25.918 ], [ 79.849, 25.907 ], [ 79.863, 25.906 ], [ 79.872, 25.916 ], [ 79.867, 25.927 ], [ 79.853, 25.928 ], [ 79.847, 25.939 ], [ 79.856, 25.949 ], [ 79.851, 25.96 ], [ 79.86, 25.97 ], [ 79.874, 25.969 ], [ 79.88, 25.957 ], [ 79.894, 25.956 ], [ 79.903, 25.966 ], [ 79.917, 25.964 ], [ 79.926, 25.974 ], [ 79.921, 25.985 ], [ 79.93, 25.995 ], [ 79.944, 25.994 ], [ 79.953, 26.003 ], [ 79.948, 26.014 ], [ 79.957, 26.024 ], [ 79.952, 26.035 ], [ 79.938, 26.037 ], [ 79.933, 26.048 ], [ 79.918, 26.05 ], [ 79.909, 26.04 ], [ 79.895, 26.041 ], [ 79.89, 26.052 ], [ 79.876, 26.054 ], [ 79.871, 26.065 ], [ 79.856, 26.067 ], [ 79.851, 26.078 ], [ 79.837, 26.079 ], [ 79.832, 26.09 ], [ 79.818, 26.092 ], [ 79.808, 26.082 ], [ 79.794, 26.083 ], [ 79.785, 26.074 ], [ 79.771, 26.075 ], [ 79.766, 26.086 ], [ 79.752, 26.088 ], [ 79.743, 26.078 ], [ 79.728, 26.079 ], [ 79.723, 26.091 ], [ 79.709, 26.092 ], [ 79.704, 26.103 ], [ 79.689, 26.105 ], [ 79.68, 26.095 ], [ 79.666, 26.096 ], [ 79.661, 26.108 ], [ 79.67, 26.117 ], [ 79.665, 26.129 ], [ 79.674, 26.138 ], [ 79.669, 26.15 ], [ 79.654, 26.151 ], [ 79.649, 26.162 ], [ 79.635, 26.164 ], [ 79.63, 26.175 ], [ 79.615, 26.176 ], [ 79.61, 26.188 ], [ 79.619, 26.197 ], [ 79.614, 26.209 ], [ 79.623, 26.218 ], [ 79.618, 26.23 ], [ 79.603, 26.231 ], [ 79.598, 26.242 ], [ 79.584, 26.244 ], [ 79.575, 26.234 ], [ 79.561, 26.235 ], [ 79.555, 26.246 ], [ 79.541, 26.248 ], [ 79.536, 26.259 ], [ 79.522, 26.261 ], [ 79.516, 26.272 ], [ 79.502, 26.273 ], [ 79.497, 26.284 ], [ 79.506, 26.294 ], [ 79.5, 26.305 ], [ 79.486, 26.307 ], [ 79.481, 26.318 ], [ 79.467, 26.32 ], [ 79.461, 26.331 ], [ 79.47, 26.341 ], [ 79.465, 26.352 ], [ 79.451, 26.353 ], [ 79.446, 26.365 ], [ 79.431, 26.366 ], [ 79.426, 26.377 ], [ 79.435, 26.387 ], [ 79.43, 26.398 ], [ 79.415, 26.4 ], [ 79.406, 26.39 ], [ 79.392, 26.391 ], [ 79.383, 26.381 ], [ 79.369, 26.383 ], [ 79.363, 26.394 ], [ 79.349, 26.395 ], [ 79.34, 26.386 ], [ 79.326, 26.387 ], [ 79.317, 26.377 ], [ 79.302, 26.379 ], [ 79.297, 26.39 ], [ 79.306, 26.4 ], [ 79.301, 26.411 ], [ 79.286, 26.412 ], [ 79.281, 26.424 ], [ 79.267, 26.425 ], [ 79.258, 26.415 ], [ 79.243, 26.417 ], [ 79.234, 26.407 ], [ 79.24, 26.395 ], [ 79.231, 26.386 ], [ 79.216, 26.387 ], [ 79.207, 26.377 ], [ 79.213, 26.366 ], [ 79.204, 26.356 ], [ 79.209, 26.345 ], [ 79.2, 26.335 ], [ 79.205, 26.324 ], [ 79.196, 26.314 ], [ 79.202, 26.303 ], [ 79.193, 26.293 ], [ 79.198, 26.282 ], [ 79.189, 26.272 ], [ 79.194, 26.26 ], [ 79.185, 26.251 ], [ 79.191, 26.239 ], [ 79.182, 26.23 ], [ 79.167, 26.231 ], [ 79.158, 26.221 ], [ 79.164, 26.21 ], [ 79.155, 26.2 ], [ 79.16, 26.189 ], [ 79.151, 26.179 ], [ 79.156, 26.168 ], [ 79.147, 26.158 ], [ 79.133, 26.159 ], [ 79.124, 26.149 ], [ 79.13, 26.138 ], [ 79.121, 26.128 ], [ 79.106, 26.13 ], [ 79.097, 26.12 ], [ 79.103, 26.109 ], [ 79.094, 26.099 ], [ 79.079, 26.1 ], [ 79.07, 26.09 ], [ 79.056, 26.092 ], [ 79.047, 26.082 ], [ 79.053, 26.071 ], [ 79.044, 26.061 ], [ 79.049, 26.05 ], [ 79.04, 26.04 ], [ 79.045, 26.029 ], [ 79.036, 26.019 ], [ 79.042, 26.008 ], [ 79.033, 25.998 ], [ 79.019, 25.999 ], [ 79.01, 25.989 ], [ 79.015, 25.978 ], [ 79.006, 25.968 ], [ 78.992, 25.97 ], [ 78.983, 25.96 ], [ 78.988, 25.949 ], [ 78.979, 25.939 ], [ 78.965, 25.94 ], [ 78.956, 25.931 ], [ 78.942, 25.932 ], [ 78.936, 25.943 ], [ 78.922, 25.944 ], [ 78.913, 25.935 ], [ 78.899, 25.936 ], [ 78.89, 25.926 ], [ 78.895, 25.915 ], [ 78.887, 25.905 ], [ 78.892, 25.894 ], [ 78.883, 25.884 ], [ 78.888, 25.873 ], [ 78.879, 25.863 ], [ 78.865, 25.864 ], [ 78.856, 25.855 ], [ 78.862, 25.843 ], [ 78.853, 25.834 ], [ 78.839, 25.835 ], [ 78.83, 25.825 ], [ 78.815, 25.826 ], [ 78.807, 25.817 ], [ 78.812, 25.806 ], [ 78.803, 25.796 ], [ 78.808, 25.785 ], [ 78.799, 25.775 ], [ 78.785, 25.776 ], [ 78.776, 25.766 ], [ 78.782, 25.755 ], [ 78.773, 25.745 ], [ 78.759, 25.747 ], [ 78.75, 25.737 ], [ 78.755, 25.726 ], [ 78.769, 25.724 ], [ 78.775, 25.713 ], [ 78.789, 25.712 ], [ 78.794, 25.701 ], [ 78.808, 25.699 ], [ 78.814, 25.688 ], [ 78.805, 25.678 ], [ 78.81, 25.667 ], [ 78.825, 25.666 ], [ 78.83, 25.655 ], [ 78.821, 25.645 ], [ 78.826, 25.634 ], [ 78.817, 25.624 ], [ 78.803, 25.625 ], [ 78.794, 25.616 ], [ 78.78, 25.617 ], [ 78.771, 25.607 ], [ 78.757, 25.609 ], [ 78.748, 25.599 ], [ 78.734, 25.6 ], [ 78.729, 25.611 ], [ 78.715, 25.612 ], [ 78.706, 25.603 ], [ 78.711, 25.592 ], [ 78.702, 25.582 ], [ 78.688, 25.583 ], [ 78.679, 25.573 ], [ 78.665, 25.575 ], [ 78.656, 25.565 ], [ 78.642, 25.566 ], [ 78.637, 25.577 ], [ 78.622, 25.578 ], [ 78.614, 25.569 ], [ 78.599, 25.57 ], [ 78.591, 25.56 ], [ 78.576, 25.561 ], [ 78.568, 25.552 ], [ 78.553, 25.553 ], [ 78.548, 25.564 ], [ 78.534, 25.565 ], [ 78.528, 25.576 ], [ 78.514, 25.578 ], [ 78.505, 25.568 ], [ 78.491, 25.569 ], [ 78.482, 25.559 ], [ 78.468, 25.561 ], [ 78.459, 25.551 ], [ 78.445, 25.552 ], [ 78.436, 25.542 ], [ 78.422, 25.544 ], [ 78.413, 25.534 ], [ 78.419, 25.523 ], [ 78.41, 25.513 ], [ 78.415, 25.502 ], [ 78.43, 25.501 ], [ 78.435, 25.489 ], [ 78.426, 25.48 ], [ 78.412, 25.481 ], [ 78.403, 25.471 ], [ 78.409, 25.46 ], [ 78.4, 25.45 ], [ 78.386, 25.451 ], [ 78.377, 25.442 ], [ 78.363, 25.443 ], [ 78.354, 25.433 ], [ 78.34, 25.434 ], [ 78.331, 25.425 ], [ 78.336, 25.413 ], [ 78.328, 25.404 ], [ 78.333, 25.393 ], [ 78.324, 25.383 ], [ 78.31, 25.384 ], [ 78.301, 25.374 ], [ 78.307, 25.363 ], [ 78.321, 25.362 ], [ 78.326, 25.351 ], [ 78.34, 25.35 ], [ 78.346, 25.339 ], [ 78.337, 25.329 ], [ 78.342, 25.318 ], [ 78.334, 25.308 ], [ 78.32, 25.309 ], [ 78.311, 25.299 ], [ 78.316, 25.288 ], [ 78.33, 25.287 ], [ 78.339, 25.297 ], [ 78.353, 25.296 ], [ 78.359, 25.284 ], [ 78.35, 25.275 ], [ 78.355, 25.264 ], [ 78.369, 25.262 ], [ 78.375, 25.251 ], [ 78.366, 25.241 ], [ 78.371, 25.23 ], [ 78.386, 25.229 ], [ 78.391, 25.218 ], [ 78.405, 25.217 ], [ 78.41, 25.206 ], [ 78.402, 25.196 ], [ 78.407, 25.185 ], [ 78.421, 25.184 ], [ 78.427, 25.173 ], [ 78.441, 25.171 ], [ 78.446, 25.16 ], [ 78.437, 25.151 ], [ 78.443, 25.14 ], [ 78.434, 25.13 ], [ 78.42, 25.131 ], [ 78.411, 25.121 ], [ 78.397, 25.123 ], [ 78.388, 25.113 ], [ 78.394, 25.102 ], [ 78.385, 25.092 ], [ 78.371, 25.093 ], [ 78.362, 25.083 ], [ 78.348, 25.085 ], [ 78.339, 25.075 ], [ 78.345, 25.064 ], [ 78.336, 25.054 ], [ 78.341, 25.043 ], [ 78.333, 25.033 ], [ 78.338, 25.022 ], [ 78.352, 25.021 ], [ 78.357, 25.01 ], [ 78.349, 25.0 ], [ 78.335, 25.002 ], [ 78.326, 24.992 ], [ 78.312, 24.993 ], [ 78.303, 24.983 ], [ 78.308, 24.972 ], [ 78.3, 24.963 ], [ 78.286, 24.964 ], [ 78.277, 24.954 ], [ 78.263, 24.955 ], [ 78.254, 24.946 ], [ 78.26, 24.934 ], [ 78.251, 24.925 ], [ 78.237, 24.926 ], [ 78.228, 24.916 ], [ 78.214, 24.917 ], [ 78.205, 24.908 ], [ 78.211, 24.897 ], [ 78.202, 24.887 ], [ 78.188, 24.888 ], [ 78.179, 24.878 ], [ 78.165, 24.88 ], [ 78.156, 24.87 ], [ 78.162, 24.859 ], [ 78.176, 24.858 ], [ 78.181, 24.847 ], [ 78.195, 24.845 ], [ 78.201, 24.834 ], [ 78.192, 24.825 ], [ 78.197, 24.814 ], [ 78.212, 24.813 ], [ 78.217, 24.802 ], [ 78.231, 24.8 ], [ 78.236, 24.789 ], [ 78.228, 24.78 ], [ 78.233, 24.769 ], [ 78.224, 24.759 ], [ 78.23, 24.748 ], [ 78.221, 24.738 ], [ 78.226, 24.727 ], [ 78.24, 24.726 ], [ 78.246, 24.715 ], [ 78.26, 24.714 ], [ 78.265, 24.703 ], [ 78.257, 24.693 ], [ 78.262, 24.682 ], [ 78.276, 24.681 ], [ 78.281, 24.67 ], [ 78.273, 24.66 ], [ 78.278, 24.649 ], [ 78.269, 24.639 ], [ 78.275, 24.628 ], [ 78.266, 24.619 ], [ 78.271, 24.608 ], [ 78.263, 24.598 ], [ 78.268, 24.587 ], [ 78.259, 24.577 ], [ 78.265, 24.566 ], [ 78.256, 24.557 ], [ 78.261, 24.546 ], [ 78.253, 24.536 ], [ 78.239, 24.537 ], [ 78.23, 24.528 ], [ 78.236, 24.517 ], [ 78.25, 24.515 ], [ 78.255, 24.505 ], [ 78.246, 24.495 ], [ 78.252, 24.484 ], [ 78.266, 24.483 ], [ 78.271, 24.472 ], [ 78.262, 24.462 ], [ 78.268, 24.451 ], [ 78.282, 24.45 ], [ 78.287, 24.439 ], [ 78.301, 24.438 ], [ 78.306, 24.427 ], [ 78.32, 24.426 ], [ 78.326, 24.415 ], [ 78.339, 24.413 ], [ 78.341, 24.41 ], [ 78.344, 24.402 ], [ 78.357, 24.4 ], [ 78.361, 24.389 ], [ 78.352, 24.379 ], [ 78.357, 24.367 ], [ 78.347, 24.357 ], [ 78.352, 24.346 ], [ 78.343, 24.336 ], [ 78.329, 24.338 ], [ 78.32, 24.328 ], [ 78.325, 24.316 ], [ 78.338, 24.314 ], [ 78.342, 24.303 ], [ 78.355, 24.301 ], [ 78.359, 24.289 ], [ 78.372, 24.288 ], [ 78.377, 24.276 ], [ 78.39, 24.274 ], [ 78.394, 24.263 ], [ 78.407, 24.261 ], [ 78.416, 24.271 ], [ 78.412, 24.283 ], [ 78.421, 24.293 ], [ 78.434, 24.291 ], [ 78.443, 24.301 ], [ 78.439, 24.312 ], [ 78.448, 24.322 ], [ 78.461, 24.321 ], [ 78.47, 24.33 ], [ 78.466, 24.342 ], [ 78.475, 24.352 ], [ 78.471, 24.364 ], [ 78.48, 24.374 ], [ 78.493, 24.372 ], [ 78.502, 24.382 ], [ 78.516, 24.38 ], [ 78.52, 24.368 ], [ 78.533, 24.367 ], [ 78.537, 24.355 ], [ 78.55, 24.353 ], [ 78.559, 24.363 ], [ 78.573, 24.362 ], [ 78.577, 24.35 ], [ 78.59, 24.348 ], [ 78.594, 24.337 ], [ 78.607, 24.335 ], [ 78.612, 24.323 ], [ 78.603, 24.313 ], [ 78.607, 24.302 ], [ 78.62, 24.3 ], [ 78.624, 24.288 ], [ 78.637, 24.287 ], [ 78.641, 24.275 ], [ 78.655, 24.273 ], [ 78.659, 24.262 ], [ 78.672, 24.26 ], [ 78.676, 24.248 ], [ 78.689, 24.247 ], [ 78.694, 24.235 ], [ 78.707, 24.233 ], [ 78.716, 24.243 ], [ 78.729, 24.241 ], [ 78.738, 24.251 ], [ 78.752, 24.25 ], [ 78.756, 24.238 ], [ 78.769, 24.236 ], [ 78.773, 24.225 ], [ 78.764, 24.215 ], [ 78.768, 24.203 ], [ 78.781, 24.201 ], [ 78.786, 24.19 ], [ 78.799, 24.188 ], [ 78.808, 24.198 ], [ 78.821, 24.196 ], [ 78.83, 24.206 ], [ 78.843, 24.204 ], [ 78.853, 24.214 ], [ 78.866, 24.212 ], [ 78.875, 24.222 ], [ 78.888, 24.22 ], [ 78.897, 24.23 ], [ 78.893, 24.242 ], [ 78.902, 24.252 ], [ 78.898, 24.264 ], [ 78.907, 24.274 ], [ 78.903, 24.285 ], [ 78.912, 24.295 ], [ 78.925, 24.293 ], [ 78.934, 24.303 ], [ 78.93, 24.315 ], [ 78.939, 24.325 ], [ 78.953, 24.323 ], [ 78.962, 24.333 ], [ 78.958, 24.345 ], [ 78.967, 24.355 ], [ 78.962, 24.366 ], [ 78.972, 24.376 ], [ 78.967, 24.388 ], [ 78.977, 24.398 ], [ 78.972, 24.409 ], [ 78.981, 24.419 ], [ 78.977, 24.431 ], [ 78.964, 24.433 ], [ 78.96, 24.444 ], [ 78.947, 24.446 ], [ 78.942, 24.458 ], [ 78.929, 24.459 ], [ 78.925, 24.471 ], [ 78.912, 24.473 ], [ 78.908, 24.484 ], [ 78.917, 24.494 ], [ 78.93, 24.493 ], [ 78.934, 24.481 ], [ 78.947, 24.479 ], [ 78.956, 24.489 ], [ 78.952, 24.501 ], [ 78.961, 24.511 ], [ 78.957, 24.522 ], [ 78.944, 24.524 ], [ 78.94, 24.536 ], [ 78.949, 24.546 ], [ 78.945, 24.557 ], [ 78.931, 24.559 ], [ 78.927, 24.571 ], [ 78.914, 24.572 ], [ 78.91, 24.584 ], [ 78.919, 24.594 ], [ 78.915, 24.605 ], [ 78.902, 24.607 ], [ 78.897, 24.619 ], [ 78.884, 24.62 ], [ 78.88, 24.632 ], [ 78.867, 24.634 ], [ 78.858, 24.624 ], [ 78.844, 24.626 ], [ 78.835, 24.616 ], [ 78.839, 24.604 ], [ 78.83, 24.594 ], [ 78.817, 24.596 ], [ 78.813, 24.608 ], [ 78.8, 24.609 ], [ 78.79, 24.599 ], [ 78.777, 24.601 ], [ 78.768, 24.591 ], [ 78.755, 24.593 ], [ 78.751, 24.604 ], [ 78.76, 24.614 ], [ 78.756, 24.626 ], [ 78.742, 24.628 ], [ 78.738, 24.639 ], [ 78.747, 24.649 ], [ 78.742, 24.66 ], [ 78.75, 24.67 ], [ 78.764, 24.668 ], [ 78.773, 24.678 ], [ 78.768, 24.689 ], [ 78.777, 24.699 ], [ 78.771, 24.71 ], [ 78.78, 24.719 ], [ 78.775, 24.73 ], [ 78.784, 24.74 ], [ 78.778, 24.751 ] ], [ [ 78.458, 25.276 ], [ 78.444, 25.277 ], [ 78.438, 25.288 ], [ 78.447, 25.298 ], [ 78.461, 25.296 ], [ 78.466, 25.285 ], [ 78.481, 25.284 ], [ 78.486, 25.273 ], [ 78.477, 25.263 ], [ 78.463, 25.264 ], [ 78.458, 25.276 ] ] ], [ [ [ 79.233, 28.935 ], [ 79.218, 28.936 ], [ 79.208, 28.926 ], [ 79.193, 28.928 ], [ 79.188, 28.939 ], [ 79.197, 28.949 ], [ 79.192, 28.961 ], [ 79.177, 28.963 ], [ 79.171, 28.974 ], [ 79.181, 28.984 ], [ 79.175, 28.996 ], [ 79.184, 29.006 ], [ 79.179, 29.018 ], [ 79.164, 29.019 ], [ 79.158, 29.031 ], [ 79.168, 29.041 ], [ 79.162, 29.053 ], [ 79.147, 29.054 ], [ 79.142, 29.066 ], [ 79.151, 29.076 ], [ 79.146, 29.087 ], [ 79.155, 29.098 ], [ 79.149, 29.109 ], [ 79.159, 29.119 ], [ 79.153, 29.131 ], [ 79.138, 29.132 ], [ 79.129, 29.122 ], [ 79.114, 29.124 ], [ 79.108, 29.135 ], [ 79.093, 29.137 ], [ 79.088, 29.149 ], [ 79.073, 29.15 ], [ 79.064, 29.14 ], [ 79.069, 29.128 ], [ 79.06, 29.118 ], [ 79.045, 29.12 ], [ 79.035, 29.109 ], [ 79.041, 29.098 ], [ 79.032, 29.088 ], [ 79.037, 29.076 ], [ 79.028, 29.066 ], [ 79.033, 29.054 ], [ 79.048, 29.053 ], [ 79.054, 29.041 ], [ 79.045, 29.031 ], [ 79.05, 29.019 ], [ 79.065, 29.018 ], [ 79.071, 29.006 ], [ 79.061, 28.996 ], [ 79.067, 28.985 ], [ 79.058, 28.974 ], [ 79.063, 28.963 ], [ 79.054, 28.953 ], [ 79.059, 28.941 ], [ 79.05, 28.931 ], [ 79.035, 28.932 ], [ 79.026, 28.922 ], [ 79.031, 28.911 ], [ 79.022, 28.901 ], [ 79.028, 28.889 ], [ 79.018, 28.879 ], [ 79.024, 28.867 ], [ 79.014, 28.857 ], [ 79.02, 28.845 ], [ 79.011, 28.835 ], [ 79.016, 28.824 ], [ 79.007, 28.814 ], [ 79.013, 28.802 ], [ 79.003, 28.792 ], [ 79.009, 28.78 ], [ 78.999, 28.77 ], [ 79.005, 28.759 ], [ 78.996, 28.749 ], [ 79.001, 28.737 ], [ 78.992, 28.727 ], [ 78.998, 28.715 ], [ 78.988, 28.705 ], [ 78.994, 28.694 ], [ 79.009, 28.692 ], [ 79.014, 28.681 ], [ 79.005, 28.67 ], [ 79.01, 28.659 ], [ 79.025, 28.657 ], [ 79.031, 28.646 ], [ 79.046, 28.644 ], [ 79.051, 28.633 ], [ 79.042, 28.623 ], [ 79.047, 28.611 ], [ 79.062, 28.61 ], [ 79.068, 28.598 ], [ 79.058, 28.588 ], [ 79.064, 28.576 ], [ 79.079, 28.575 ], [ 79.084, 28.563 ], [ 79.099, 28.562 ], [ 79.105, 28.55 ], [ 79.12, 28.549 ], [ 79.125, 28.537 ], [ 79.14, 28.536 ], [ 79.149, 28.546 ], [ 79.164, 28.545 ], [ 79.173, 28.555 ], [ 79.168, 28.566 ], [ 79.177, 28.576 ], [ 79.192, 28.575 ], [ 79.201, 28.585 ], [ 79.216, 28.583 ], [ 79.225, 28.593 ], [ 79.22, 28.605 ], [ 79.229, 28.615 ], [ 79.224, 28.627 ], [ 79.233, 28.637 ], [ 79.227, 28.648 ], [ 79.237, 28.658 ], [ 79.252, 28.657 ], [ 79.261, 28.667 ], [ 79.255, 28.679 ], [ 79.265, 28.689 ], [ 79.28, 28.687 ], [ 79.289, 28.697 ], [ 79.283, 28.709 ], [ 79.293, 28.719 ], [ 79.287, 28.731 ], [ 79.297, 28.741 ], [ 79.311, 28.739 ], [ 79.321, 28.749 ], [ 79.336, 28.748 ], [ 79.345, 28.758 ], [ 79.36, 28.756 ], [ 79.369, 28.766 ], [ 79.384, 28.765 ], [ 79.393, 28.775 ], [ 79.388, 28.787 ], [ 79.373, 28.788 ], [ 79.367, 28.8 ], [ 79.377, 28.81 ], [ 79.371, 28.821 ], [ 79.381, 28.832 ], [ 79.396, 28.83 ], [ 79.405, 28.84 ], [ 79.399, 28.852 ], [ 79.409, 28.862 ], [ 79.403, 28.873 ], [ 79.388, 28.875 ], [ 79.383, 28.887 ], [ 79.392, 28.897 ], [ 79.407, 28.895 ], [ 79.417, 28.905 ], [ 79.411, 28.917 ], [ 79.396, 28.918 ], [ 79.391, 28.93 ], [ 79.376, 28.931 ], [ 79.37, 28.943 ], [ 79.355, 28.945 ], [ 79.35, 28.956 ], [ 79.335, 28.958 ], [ 79.326, 28.948 ], [ 79.311, 28.949 ], [ 79.305, 28.961 ], [ 79.29, 28.962 ], [ 79.285, 28.974 ], [ 79.27, 28.975 ], [ 79.264, 28.987 ], [ 79.25, 28.988 ], [ 79.24, 28.978 ], [ 79.246, 28.967 ], [ 79.236, 28.957 ], [ 79.242, 28.945 ], [ 79.233, 28.935 ] ], [ [ 79.303, 28.906 ], [ 79.318, 28.904 ], [ 79.323, 28.893 ], [ 79.338, 28.891 ], [ 79.344, 28.879 ], [ 79.335, 28.869 ], [ 79.34, 28.858 ], [ 79.331, 28.848 ], [ 79.336, 28.836 ], [ 79.327, 28.826 ], [ 79.312, 28.827 ], [ 79.306, 28.839 ], [ 79.292, 28.841 ], [ 79.286, 28.852 ], [ 79.271, 28.854 ], [ 79.266, 28.865 ], [ 79.275, 28.875 ], [ 79.29, 28.874 ], [ 79.299, 28.884 ], [ 79.294, 28.896 ], [ 79.303, 28.906 ] ], [ [ 79.288, 28.819 ], [ 79.303, 28.817 ], [ 79.308, 28.806 ], [ 79.323, 28.804 ], [ 79.328, 28.793 ], [ 79.319, 28.783 ], [ 79.304, 28.784 ], [ 79.295, 28.774 ], [ 79.28, 28.775 ], [ 79.275, 28.787 ], [ 79.284, 28.797 ], [ 79.278, 28.809 ], [ 79.288, 28.819 ] ] ], [ [ [ 78.832, 25.453 ], [ 78.837, 25.442 ], [ 78.851, 25.441 ], [ 78.86, 25.45 ], [ 78.855, 25.461 ], [ 78.864, 25.471 ], [ 78.858, 25.482 ], [ 78.844, 25.484 ], [ 78.839, 25.495 ], [ 78.825, 25.496 ], [ 78.819, 25.507 ], [ 78.805, 25.509 ], [ 78.796, 25.499 ], [ 78.782, 25.5 ], [ 78.773, 25.49 ], [ 78.759, 25.492 ], [ 78.75, 25.482 ], [ 78.756, 25.471 ], [ 78.77, 25.469 ], [ 78.779, 25.479 ], [ 78.793, 25.478 ], [ 78.798, 25.467 ], [ 78.812, 25.465 ], [ 78.818, 25.454 ], [ 78.832, 25.453 ] ] ], [ [ [ 78.765, 25.396 ], [ 78.759, 25.407 ], [ 78.768, 25.417 ], [ 78.782, 25.415 ], [ 78.791, 25.425 ], [ 78.805, 25.424 ], [ 78.814, 25.433 ], [ 78.809, 25.445 ], [ 78.795, 25.446 ], [ 78.786, 25.436 ], [ 78.772, 25.437 ], [ 78.763, 25.428 ], [ 78.749, 25.429 ], [ 78.74, 25.419 ], [ 78.726, 25.42 ], [ 78.717, 25.411 ], [ 78.703, 25.412 ], [ 78.694, 25.402 ], [ 78.699, 25.391 ], [ 78.69, 25.381 ], [ 78.696, 25.37 ], [ 78.71, 25.369 ], [ 78.715, 25.358 ], [ 78.729, 25.357 ], [ 78.735, 25.345 ], [ 78.749, 25.344 ], [ 78.758, 25.354 ], [ 78.772, 25.353 ], [ 78.781, 25.362 ], [ 78.775, 25.373 ], [ 78.761, 25.375 ], [ 78.756, 25.386 ], [ 78.765, 25.396 ] ] ] ] } },
{ "type": "Feature", "properties": { "POLYGON.ID": 52.0, "subregion": "India--Uttar Pradesh--Lucknow and Unnao_CL29798", "FILTER": "Uttar Pradesh", "POLYGON": "India--Uttar Pradesh--Lucknow and Unnao_CL29798", "STATE": "Uttar Pradesh", "COUNTY": "Unnao", "OWNER": null }, "geometry": { "type": "MultiPolygon", "coordinates": [ [ [ [ 80.842, 26.37 ], [ 80.852, 26.379 ], [ 80.866, 26.378 ], [ 80.871, 26.367 ], [ 80.885, 26.365 ], [ 80.89, 26.354 ], [ 80.904, 26.352 ], [ 80.909, 26.341 ], [ 80.923, 26.339 ], [ 80.933, 26.349 ], [ 80.947, 26.348 ], [ 80.952, 26.336 ], [ 80.943, 26.327 ], [ 80.948, 26.315 ], [ 80.962, 26.314 ], [ 80.967, 26.302 ], [ 80.981, 26.301 ], [ 80.99, 26.311 ], [ 80.985, 26.322 ], [ 80.994, 26.332 ], [ 80.989, 26.343 ], [ 80.999, 26.353 ], [ 81.013, 26.351 ], [ 81.022, 26.361 ], [ 81.036, 26.359 ], [ 81.045, 26.369 ], [ 81.041, 26.38 ], [ 81.026, 26.382 ], [ 81.021, 26.393 ], [ 81.031, 26.403 ], [ 81.026, 26.414 ], [ 81.011, 26.415 ], [ 81.006, 26.427 ], [ 81.016, 26.436 ], [ 81.011, 26.448 ], [ 80.996, 26.449 ], [ 80.991, 26.461 ], [ 81.001, 26.47 ], [ 80.996, 26.482 ], [ 81.005, 26.491 ], [ 81.0, 26.503 ], [ 81.009, 26.512 ], [ 81.004, 26.524 ], [ 81.013, 26.533 ], [ 81.028, 26.532 ], [ 81.033, 26.521 ], [ 81.047, 26.519 ], [ 81.052, 26.508 ], [ 81.066, 26.506 ], [ 81.075, 26.516 ], [ 81.07, 26.527 ], [ 81.079, 26.537 ], [ 81.094, 26.535 ], [ 81.103, 26.545 ], [ 81.098, 26.556 ], [ 81.107, 26.566 ], [ 81.121, 26.564 ], [ 81.131, 26.574 ], [ 81.145, 26.573 ], [ 81.154, 26.582 ], [ 81.149, 26.594 ], [ 81.158, 26.603 ], [ 81.173, 26.602 ], [ 81.182, 26.611 ], [ 81.177, 26.623 ], [ 81.163, 26.624 ], [ 81.158, 26.636 ], [ 81.167, 26.645 ], [ 81.162, 26.657 ], [ 81.171, 26.666 ], [ 81.186, 26.665 ], [ 81.195, 26.675 ], [ 81.19, 26.686 ], [ 81.199, 26.696 ], [ 81.213, 26.694 ], [ 81.223, 26.704 ], [ 81.218, 26.715 ], [ 81.203, 26.717 ], [ 81.198, 26.728 ], [ 81.208, 26.738 ], [ 81.203, 26.749 ], [ 81.189, 26.751 ], [ 81.184, 26.762 ], [ 81.193, 26.772 ], [ 81.207, 26.77 ], [ 81.216, 26.78 ], [ 81.211, 26.791 ], [ 81.197, 26.793 ], [ 81.188, 26.783 ], [ 81.174, 26.785 ], [ 81.169, 26.796 ], [ 81.154, 26.798 ], [ 81.149, 26.809 ], [ 81.135, 26.811 ], [ 81.13, 26.822 ], [ 81.139, 26.832 ], [ 81.134, 26.843 ], [ 81.12, 26.845 ], [ 81.111, 26.835 ], [ 81.096, 26.836 ], [ 81.091, 26.848 ], [ 81.101, 26.857 ], [ 81.096, 26.869 ], [ 81.105, 26.879 ], [ 81.1, 26.89 ], [ 81.109, 26.9 ], [ 81.104, 26.911 ], [ 81.09, 26.913 ], [ 81.081, 26.903 ], [ 81.066, 26.904 ], [ 81.061, 26.916 ], [ 81.071, 26.926 ], [ 81.066, 26.937 ], [ 81.051, 26.939 ], [ 81.046, 26.95 ], [ 81.056, 26.96 ], [ 81.051, 26.971 ], [ 81.036, 26.973 ], [ 81.031, 26.984 ], [ 81.017, 26.986 ], [ 81.012, 26.997 ], [ 80.998, 26.999 ], [ 80.993, 27.01 ], [ 81.002, 27.02 ], [ 80.997, 27.031 ], [ 80.982, 27.033 ], [ 80.977, 27.044 ], [ 80.987, 27.054 ], [ 80.982, 27.065 ], [ 80.991, 27.075 ], [ 81.005, 27.073 ], [ 81.01, 27.062 ], [ 81.025, 27.06 ], [ 81.034, 27.07 ], [ 81.029, 27.082 ], [ 81.038, 27.091 ], [ 81.033, 27.103 ], [ 81.019, 27.104 ], [ 81.014, 27.116 ], [ 81.023, 27.126 ], [ 81.018, 27.137 ], [ 81.004, 27.139 ], [ 80.999, 27.15 ], [ 80.984, 27.151 ], [ 80.975, 27.142 ], [ 80.961, 27.143 ], [ 80.956, 27.155 ], [ 80.941, 27.156 ], [ 80.932, 27.146 ], [ 80.918, 27.148 ], [ 80.908, 27.138 ], [ 80.894, 27.14 ], [ 80.885, 27.13 ], [ 80.87, 27.132 ], [ 80.861, 27.122 ], [ 80.847, 27.123 ], [ 80.837, 27.114 ], [ 80.842, 27.102 ], [ 80.833, 27.092 ], [ 80.819, 27.094 ], [ 80.814, 27.105 ], [ 80.799, 27.107 ], [ 80.79, 27.097 ], [ 80.776, 27.099 ], [ 80.766, 27.089 ], [ 80.752, 27.091 ], [ 80.747, 27.102 ], [ 80.732, 27.103 ], [ 80.723, 27.094 ], [ 80.728, 27.082 ], [ 80.719, 27.073 ], [ 80.705, 27.074 ], [ 80.695, 27.064 ], [ 80.681, 27.066 ], [ 80.676, 27.077 ], [ 80.661, 27.079 ], [ 80.652, 27.069 ], [ 80.638, 27.071 ], [ 80.629, 27.061 ], [ 80.634, 27.049 ], [ 80.624, 27.04 ], [ 80.61, 27.041 ], [ 80.601, 27.031 ], [ 80.586, 27.033 ], [ 80.577, 27.023 ], [ 80.563, 27.025 ], [ 80.553, 27.015 ], [ 80.539, 27.016 ], [ 80.53, 27.006 ], [ 80.515, 27.008 ], [ 80.506, 26.998 ], [ 80.511, 26.987 ], [ 80.502, 26.977 ], [ 80.488, 26.979 ], [ 80.483, 26.99 ], [ 80.468, 26.991 ], [ 80.459, 26.982 ], [ 80.464, 26.97 ], [ 80.455, 26.96 ], [ 80.441, 26.962 ], [ 80.431, 26.952 ], [ 80.436, 26.941 ], [ 80.427, 26.931 ], [ 80.432, 26.92 ], [ 80.423, 26.91 ], [ 80.428, 26.899 ], [ 80.419, 26.889 ], [ 80.405, 26.89 ], [ 80.4, 26.902 ], [ 80.409, 26.911 ], [ 80.404, 26.923 ], [ 80.389, 26.924 ], [ 80.384, 26.936 ], [ 80.37, 26.937 ], [ 80.361, 26.927 ], [ 80.346, 26.929 ], [ 80.341, 26.94 ], [ 80.35, 26.95 ], [ 80.345, 26.961 ], [ 80.331, 26.963 ], [ 80.326, 26.974 ], [ 80.335, 26.984 ], [ 80.33, 26.995 ], [ 80.315, 26.997 ], [ 80.31, 27.008 ], [ 80.296, 27.01 ], [ 80.291, 27.021 ], [ 80.276, 27.023 ], [ 80.271, 27.034 ], [ 80.257, 27.036 ], [ 80.247, 27.026 ], [ 80.253, 27.014 ], [ 80.243, 27.005 ], [ 80.248, 26.993 ], [ 80.239, 26.983 ], [ 80.225, 26.985 ], [ 80.216, 26.975 ], [ 80.201, 26.977 ], [ 80.192, 26.967 ], [ 80.178, 26.968 ], [ 80.172, 26.98 ], [ 80.158, 26.981 ], [ 80.153, 26.992 ], [ 80.139, 26.994 ], [ 80.129, 26.984 ], [ 80.115, 26.986 ], [ 80.106, 26.976 ], [ 80.111, 26.964 ], [ 80.102, 26.955 ], [ 80.087, 26.956 ], [ 80.078, 26.946 ], [ 80.064, 26.948 ], [ 80.055, 26.938 ], [ 80.06, 26.927 ], [ 80.074, 26.925 ], [ 80.079, 26.914 ], [ 80.094, 26.912 ], [ 80.099, 26.901 ], [ 80.113, 26.899 ], [ 80.119, 26.888 ], [ 80.133, 26.887 ], [ 80.138, 26.875 ], [ 80.152, 26.874 ], [ 80.158, 26.862 ], [ 80.148, 26.853 ], [ 80.154, 26.841 ], [ 80.144, 26.831 ], [ 80.15, 26.82 ], [ 80.14, 26.81 ], [ 80.146, 26.799 ], [ 80.16, 26.797 ], [ 80.165, 26.786 ], [ 80.156, 26.776 ], [ 80.161, 26.765 ], [ 80.176, 26.763 ], [ 80.181, 26.752 ], [ 80.195, 26.751 ], [ 80.2, 26.739 ], [ 80.215, 26.738 ], [ 80.22, 26.726 ], [ 80.234, 26.725 ], [ 80.239, 26.714 ], [ 80.254, 26.712 ], [ 80.259, 26.701 ], [ 80.273, 26.699 ], [ 80.278, 26.688 ], [ 80.293, 26.686 ], [ 80.298, 26.675 ], [ 80.312, 26.674 ], [ 80.317, 26.662 ], [ 80.308, 26.653 ], [ 80.313, 26.641 ], [ 80.304, 26.631 ], [ 80.309, 26.62 ], [ 80.323, 26.619 ], [ 80.328, 26.607 ], [ 80.319, 26.598 ], [ 80.324, 26.586 ], [ 80.315, 26.576 ], [ 80.32, 26.565 ], [ 80.335, 26.564 ], [ 80.34, 26.552 ], [ 80.354, 26.551 ], [ 80.359, 26.54 ], [ 80.374, 26.538 ], [ 80.379, 26.527 ], [ 80.393, 26.525 ], [ 80.398, 26.514 ], [ 80.389, 26.504 ], [ 80.394, 26.493 ], [ 80.408, 26.491 ], [ 80.413, 26.48 ], [ 80.404, 26.47 ], [ 80.409, 26.459 ], [ 80.424, 26.458 ], [ 80.429, 26.446 ], [ 80.443, 26.445 ], [ 80.448, 26.434 ], [ 80.462, 26.432 ], [ 80.467, 26.421 ], [ 80.482, 26.419 ], [ 80.487, 26.408 ], [ 80.501, 26.406 ], [ 80.506, 26.395 ], [ 80.52, 26.394 ], [ 80.525, 26.382 ], [ 80.54, 26.381 ], [ 80.545, 26.37 ], [ 80.559, 26.368 ], [ 80.564, 26.357 ], [ 80.555, 26.347 ], [ 80.56, 26.336 ], [ 80.574, 26.334 ], [ 80.579, 26.323 ], [ 80.57, 26.313 ], [ 80.575, 26.302 ], [ 80.589, 26.3 ], [ 80.594, 26.289 ], [ 80.609, 26.288 ], [ 80.614, 26.276 ], [ 80.604, 26.267 ], [ 80.61, 26.255 ], [ 80.624, 26.254 ], [ 80.629, 26.243 ], [ 80.643, 26.241 ], [ 80.648, 26.23 ], [ 80.639, 26.22 ], [ 80.644, 26.209 ], [ 80.658, 26.207 ], [ 80.663, 26.196 ], [ 80.654, 26.186 ], [ 80.659, 26.175 ], [ 80.673, 26.174 ], [ 80.678, 26.162 ], [ 80.669, 26.153 ], [ 80.674, 26.142 ], [ 80.688, 26.14 ], [ 80.697, 26.15 ], [ 80.692, 26.161 ], [ 80.702, 26.171 ], [ 80.716, 26.169 ], [ 80.725, 26.179 ], [ 80.739, 26.177 ], [ 80.748, 26.187 ], [ 80.762, 26.186 ], [ 80.772, 26.195 ], [ 80.767, 26.206 ], [ 80.776, 26.216 ], [ 80.79, 26.215 ], [ 80.795, 26.203 ], [ 80.809, 26.202 ], [ 80.818, 26.212 ], [ 80.813, 26.223 ], [ 80.822, 26.233 ], [ 80.837, 26.231 ], [ 80.846, 26.241 ], [ 80.841, 26.252 ], [ 80.85, 26.262 ], [ 80.864, 26.26 ], [ 80.873, 26.27 ], [ 80.868, 26.281 ], [ 80.878, 26.291 ], [ 80.873, 26.302 ], [ 80.882, 26.312 ], [ 80.877, 26.323 ], [ 80.863, 26.325 ], [ 80.857, 26.336 ], [ 80.843, 26.337 ], [ 80.838, 26.349 ], [ 80.847, 26.358 ], [ 80.842, 26.37 ] ], [ [ 81.023, 26.909 ], [ 81.014, 26.9 ], [ 81.0, 26.901 ], [ 80.991, 26.891 ], [ 80.976, 26.893 ], [ 80.971, 26.904 ], [ 80.981, 26.914 ], [ 80.975, 26.925 ], [ 80.961, 26.927 ], [ 80.956, 26.938 ], [ 80.942, 26.94 ], [ 80.937, 26.951 ], [ 80.946, 26.961 ], [ 80.941, 26.972 ], [ 80.95, 26.982 ], [ 80.965, 26.981 ], [ 80.974, 26.99 ], [ 80.988, 26.989 ], [ 80.993, 26.977 ], [ 81.008, 26.976 ], [ 81.013, 26.964 ], [ 81.027, 26.963 ], [ 81.032, 26.952 ], [ 81.023, 26.942 ], [ 81.028, 26.93 ], [ 81.018, 26.921 ], [ 81.023, 26.909 ] ] ] ] } },
{ "type": "Feature", "properties": { "POLYGON.ID": 1159.0, "subregion": "India--Uttar Pradesh--Sitapur--Sharda River", "FILTER": "Uttar Pradesh", "POLYGON": "India--Uttar Pradesh--Sitapur--Sharda River", "STATE": "Uttar Pradesh", "COUNTY": "Sitapur", "OWNER": null }, "geometry": { "type": "MultiPolygon", "coordinates": [ [ [ [ 80.948, 28.07 ], [ 80.938, 28.06 ], [ 80.943, 28.049 ], [ 80.958, 28.047 ], [ 80.963, 28.036 ], [ 80.953, 28.026 ], [ 80.959, 28.014 ], [ 80.949, 28.004 ], [ 80.954, 27.993 ], [ 80.945, 27.983 ], [ 80.95, 27.972 ], [ 80.965, 27.97 ], [ 80.97, 27.958 ], [ 80.96, 27.948 ], [ 80.965, 27.937 ], [ 80.98, 27.935 ], [ 80.985, 27.924 ], [ 80.976, 27.914 ], [ 80.981, 27.902 ], [ 80.995, 27.901 ], [ 81.0, 27.889 ], [ 80.991, 27.879 ], [ 80.996, 27.868 ], [ 80.987, 27.858 ], [ 80.972, 27.86 ], [ 80.963, 27.85 ], [ 80.968, 27.838 ], [ 80.958, 27.829 ], [ 80.963, 27.817 ], [ 80.978, 27.815 ], [ 80.983, 27.804 ], [ 80.974, 27.794 ], [ 80.979, 27.783 ], [ 80.993, 27.781 ], [ 80.998, 27.769 ], [ 81.013, 27.768 ], [ 81.018, 27.756 ], [ 81.032, 27.755 ], [ 81.042, 27.765 ], [ 81.056, 27.763 ], [ 81.066, 27.773 ], [ 81.08, 27.771 ], [ 81.085, 27.76 ], [ 81.1, 27.758 ], [ 81.105, 27.747 ], [ 81.119, 27.745 ], [ 81.129, 27.755 ], [ 81.143, 27.753 ], [ 81.153, 27.763 ], [ 81.167, 27.761 ], [ 81.172, 27.75 ], [ 81.163, 27.74 ], [ 81.168, 27.729 ], [ 81.182, 27.727 ], [ 81.187, 27.715 ], [ 81.202, 27.714 ], [ 81.207, 27.702 ], [ 81.221, 27.701 ], [ 81.231, 27.71 ], [ 81.226, 27.722 ], [ 81.235, 27.732 ], [ 81.23, 27.743 ], [ 81.24, 27.753 ], [ 81.235, 27.765 ], [ 81.244, 27.774 ], [ 81.239, 27.786 ], [ 81.224, 27.788 ], [ 81.219, 27.799 ], [ 81.205, 27.801 ], [ 81.195, 27.791 ], [ 81.181, 27.792 ], [ 81.176, 27.804 ], [ 81.161, 27.806 ], [ 81.156, 27.817 ], [ 81.142, 27.819 ], [ 81.132, 27.809 ], [ 81.118, 27.811 ], [ 81.108, 27.801 ], [ 81.094, 27.802 ], [ 81.089, 27.814 ], [ 81.074, 27.815 ], [ 81.069, 27.827 ], [ 81.055, 27.829 ], [ 81.05, 27.84 ], [ 81.059, 27.85 ], [ 81.054, 27.861 ], [ 81.063, 27.871 ], [ 81.058, 27.883 ], [ 81.068, 27.893 ], [ 81.063, 27.904 ], [ 81.072, 27.914 ], [ 81.067, 27.926 ], [ 81.053, 27.927 ], [ 81.047, 27.939 ], [ 81.033, 27.94 ], [ 81.028, 27.952 ], [ 81.037, 27.962 ], [ 81.032, 27.973 ], [ 81.042, 27.983 ], [ 81.036, 27.995 ], [ 81.022, 27.996 ], [ 81.017, 28.008 ], [ 81.026, 28.018 ], [ 81.021, 28.029 ], [ 81.007, 28.031 ], [ 81.001, 28.042 ], [ 81.011, 28.052 ], [ 81.006, 28.064 ], [ 80.991, 28.065 ], [ 80.986, 28.077 ], [ 80.972, 28.079 ], [ 80.962, 28.069 ], [ 80.948, 28.07 ] ] ] ] } },
{ "type": "Feature", "properties": { "POLYGON.ID": 1158.0, "subregion": "India--Uttar Pradesh--Lakhimpur Kheri--Ghaghara River", "FILTER": "Uttar Pradesh", "POLYGON": "India--Uttar Pradesh--Lakhimpur Kheri--Ghaghara River", "STATE": "Uttar Pradesh", "COUNTY": "Lakhimpur", "OWNER": null }, "geometry": { "type": "MultiPolygon", "coordinates": [ [ [ [ 81.306, 27.789 ], [ 81.292, 27.791 ], [ 81.287, 27.802 ], [ 81.296, 27.812 ], [ 81.291, 27.824 ], [ 81.301, 27.833 ], [ 81.296, 27.845 ], [ 81.305, 27.855 ], [ 81.3, 27.866 ], [ 81.309, 27.876 ], [ 81.304, 27.888 ], [ 81.29, 27.889 ], [ 81.285, 27.901 ], [ 81.294, 27.911 ], [ 81.289, 27.922 ], [ 81.275, 27.924 ], [ 81.27, 27.935 ], [ 81.279, 27.945 ], [ 81.274, 27.957 ], [ 81.284, 27.966 ], [ 81.279, 27.978 ], [ 81.264, 27.98 ], [ 81.259, 27.991 ], [ 81.244, 27.993 ], [ 81.239, 28.004 ], [ 81.249, 28.014 ], [ 81.244, 28.026 ], [ 81.253, 28.036 ], [ 81.268, 28.034 ], [ 81.277, 28.044 ], [ 81.272, 28.055 ], [ 81.258, 28.057 ], [ 81.253, 28.068 ], [ 81.262, 28.078 ], [ 81.257, 28.09 ], [ 81.242, 28.092 ], [ 81.237, 28.103 ], [ 81.223, 28.105 ], [ 81.213, 28.095 ], [ 81.199, 28.097 ], [ 81.194, 28.108 ], [ 81.179, 28.11 ], [ 81.174, 28.121 ], [ 81.159, 28.123 ], [ 81.154, 28.134 ], [ 81.14, 28.136 ], [ 81.135, 28.148 ], [ 81.144, 28.158 ], [ 81.139, 28.169 ], [ 81.124, 28.171 ], [ 81.119, 28.182 ], [ 81.129, 28.192 ], [ 81.124, 28.204 ], [ 81.109, 28.205 ], [ 81.104, 28.217 ], [ 81.114, 28.227 ], [ 81.108, 28.238 ], [ 81.118, 28.248 ], [ 81.113, 28.26 ], [ 81.122, 28.27 ], [ 81.117, 28.281 ], [ 81.103, 28.283 ], [ 81.093, 28.273 ], [ 81.078, 28.275 ], [ 81.069, 28.265 ], [ 81.074, 28.253 ], [ 81.065, 28.243 ], [ 81.07, 28.232 ], [ 81.06, 28.222 ], [ 81.065, 28.21 ], [ 81.056, 28.2 ], [ 81.061, 28.189 ], [ 81.052, 28.179 ], [ 81.057, 28.167 ], [ 81.071, 28.166 ], [ 81.076, 28.154 ], [ 81.091, 28.153 ], [ 81.096, 28.141 ], [ 81.087, 28.131 ], [ 81.092, 28.12 ], [ 81.106, 28.118 ], [ 81.111, 28.106 ], [ 81.102, 28.097 ], [ 81.107, 28.085 ], [ 81.122, 28.083 ], [ 81.127, 28.072 ], [ 81.141, 28.07 ], [ 81.146, 28.059 ], [ 81.137, 28.049 ], [ 81.142, 28.037 ], [ 81.156, 28.036 ], [ 81.162, 28.024 ], [ 81.176, 28.022 ], [ 81.181, 28.011 ], [ 81.172, 28.001 ], [ 81.177, 27.99 ], [ 81.191, 27.988 ], [ 81.196, 27.976 ], [ 81.187, 27.967 ], [ 81.192, 27.955 ], [ 81.207, 27.953 ], [ 81.212, 27.942 ], [ 81.202, 27.932 ], [ 81.207, 27.921 ], [ 81.222, 27.919 ], [ 81.227, 27.907 ], [ 81.217, 27.898 ], [ 81.222, 27.886 ], [ 81.213, 27.876 ], [ 81.218, 27.865 ], [ 81.209, 27.855 ], [ 81.214, 27.843 ], [ 81.228, 27.842 ], [ 81.233, 27.83 ], [ 81.224, 27.82 ], [ 81.229, 27.809 ], [ 81.219, 27.799 ], [ 81.224, 27.788 ], [ 81.239, 27.786 ], [ 81.244, 27.774 ], [ 81.235, 27.765 ], [ 81.24, 27.753 ], [ 81.23, 27.743 ], [ 81.235, 27.732 ], [ 81.226, 27.722 ], [ 81.231, 27.71 ], [ 81.221, 27.701 ], [ 81.226, 27.689 ], [ 81.241, 27.688 ], [ 81.25, 27.697 ], [ 81.265, 27.696 ], [ 81.274, 27.706 ], [ 81.289, 27.704 ], [ 81.294, 27.692 ], [ 81.308, 27.691 ], [ 81.318, 27.701 ], [ 81.332, 27.699 ], [ 81.342, 27.709 ], [ 81.336, 27.72 ], [ 81.322, 27.722 ], [ 81.317, 27.733 ], [ 81.326, 27.743 ], [ 81.321, 27.755 ], [ 81.307, 27.756 ], [ 81.302, 27.768 ], [ 81.311, 27.778 ], [ 81.306, 27.789 ] ] ] ] } },
{ "type": "Feature", "properties": { "POLYGON.ID": 1157.0, "subregion": "India--Uttar Pradesh--Sitapur--Ghaghara River", "FILTER": "Uttar Pradesh", "POLYGON": "India--Uttar Pradesh--Sitapur--Ghaghara River", "STATE": "Uttar Pradesh", "COUNTY": "Sitapur", "OWNER": null }, "geometry": { "type": "MultiPolygon", "coordinates": [ [ [ [ 81.363, 27.597 ], [ 81.358, 27.609 ], [ 81.343, 27.61 ], [ 81.338, 27.622 ], [ 81.348, 27.632 ], [ 81.343, 27.643 ], [ 81.328, 27.645 ], [ 81.323, 27.656 ], [ 81.333, 27.666 ], [ 81.328, 27.678 ], [ 81.337, 27.687 ], [ 81.332, 27.699 ], [ 81.318, 27.701 ], [ 81.308, 27.691 ], [ 81.294, 27.692 ], [ 81.289, 27.704 ], [ 81.274, 27.706 ], [ 81.265, 27.696 ], [ 81.25, 27.697 ], [ 81.241, 27.688 ], [ 81.226, 27.689 ], [ 81.217, 27.679 ], [ 81.222, 27.668 ], [ 81.213, 27.658 ], [ 81.218, 27.647 ], [ 81.232, 27.645 ], [ 81.237, 27.633 ], [ 81.252, 27.632 ], [ 81.257, 27.62 ], [ 81.271, 27.619 ], [ 81.276, 27.607 ], [ 81.267, 27.597 ], [ 81.272, 27.586 ], [ 81.286, 27.584 ], [ 81.291, 27.573 ], [ 81.282, 27.563 ], [ 81.287, 27.552 ], [ 81.301, 27.55 ], [ 81.306, 27.538 ], [ 81.297, 27.529 ], [ 81.302, 27.517 ], [ 81.293, 27.507 ], [ 81.298, 27.496 ], [ 81.288, 27.486 ], [ 81.293, 27.475 ], [ 81.308, 27.473 ], [ 81.313, 27.462 ], [ 81.327, 27.46 ], [ 81.332, 27.449 ], [ 81.323, 27.439 ], [ 81.328, 27.427 ], [ 81.318, 27.418 ], [ 81.323, 27.406 ], [ 81.338, 27.404 ], [ 81.343, 27.393 ], [ 81.333, 27.383 ], [ 81.338, 27.372 ], [ 81.329, 27.362 ], [ 81.334, 27.351 ], [ 81.348, 27.349 ], [ 81.353, 27.338 ], [ 81.368, 27.336 ], [ 81.373, 27.324 ], [ 81.387, 27.323 ], [ 81.396, 27.333 ], [ 81.411, 27.331 ], [ 81.42, 27.341 ], [ 81.415, 27.352 ], [ 81.425, 27.362 ], [ 81.42, 27.373 ], [ 81.429, 27.383 ], [ 81.424, 27.395 ], [ 81.433, 27.404 ], [ 81.428, 27.416 ], [ 81.438, 27.426 ], [ 81.433, 27.437 ], [ 81.442, 27.447 ], [ 81.437, 27.458 ], [ 81.423, 27.46 ], [ 81.418, 27.471 ], [ 81.403, 27.473 ], [ 81.398, 27.484 ], [ 81.408, 27.494 ], [ 81.403, 27.506 ], [ 81.388, 27.507 ], [ 81.383, 27.519 ], [ 81.369, 27.52 ], [ 81.364, 27.532 ], [ 81.373, 27.542 ], [ 81.368, 27.553 ], [ 81.378, 27.563 ], [ 81.373, 27.574 ], [ 81.358, 27.576 ], [ 81.353, 27.588 ], [ 81.363, 27.597 ] ] ] ] } },
{ "type": "Feature", "properties": { "POLYGON.ID": 1156.0, "subregion": "India--Uttar Pradesh--Barabanki--Ghaghara River", "FILTER": "Uttar Pradesh", "POLYGON": "India--Uttar Pradesh--Barabanki--Ghaghara River", "STATE": "Uttar Pradesh", "COUNTY": "Barabanki", "OWNER": null }, "geometry": { "type": "MultiPolygon", "coordinates": [ [ [ [ 81.458, 27.098 ], [ 81.448, 27.088 ], [ 81.453, 27.077 ], [ 81.468, 27.075 ], [ 81.473, 27.064 ], [ 81.463, 27.054 ], [ 81.468, 27.043 ], [ 81.482, 27.041 ], [ 81.487, 27.03 ], [ 81.502, 27.028 ], [ 81.507, 27.017 ], [ 81.521, 27.015 ], [ 81.526, 27.004 ], [ 81.54, 27.002 ], [ 81.545, 26.991 ], [ 81.559, 26.989 ], [ 81.564, 26.978 ], [ 81.579, 26.976 ], [ 81.583, 26.965 ], [ 81.598, 26.963 ], [ 81.603, 26.952 ], [ 81.617, 26.95 ], [ 81.622, 26.939 ], [ 81.636, 26.937 ], [ 81.641, 26.926 ], [ 81.632, 26.916 ], [ 81.637, 26.904 ], [ 81.651, 26.903 ], [ 81.656, 26.891 ], [ 81.67, 26.89 ], [ 81.675, 26.878 ], [ 81.689, 26.877 ], [ 81.694, 26.865 ], [ 81.708, 26.864 ], [ 81.718, 26.874 ], [ 81.732, 26.872 ], [ 81.737, 26.86 ], [ 81.751, 26.859 ], [ 81.756, 26.847 ], [ 81.77, 26.846 ], [ 81.775, 26.834 ], [ 81.789, 26.833 ], [ 81.799, 26.842 ], [ 81.794, 26.854 ], [ 81.803, 26.864 ], [ 81.798, 26.875 ], [ 81.808, 26.885 ], [ 81.803, 26.896 ], [ 81.789, 26.898 ], [ 81.784, 26.909 ], [ 81.769, 26.911 ], [ 81.765, 26.922 ], [ 81.75, 26.924 ], [ 81.745, 26.935 ], [ 81.731, 26.937 ], [ 81.726, 26.948 ], [ 81.712, 26.95 ], [ 81.707, 26.961 ], [ 81.693, 26.963 ], [ 81.688, 26.974 ], [ 81.674, 26.976 ], [ 81.669, 26.987 ], [ 81.654, 26.989 ], [ 81.65, 27.0 ], [ 81.659, 27.01 ], [ 81.654, 27.021 ], [ 81.64, 27.023 ], [ 81.635, 27.034 ], [ 81.62, 27.036 ], [ 81.616, 27.047 ], [ 81.601, 27.049 ], [ 81.596, 27.06 ], [ 81.582, 27.062 ], [ 81.573, 27.052 ], [ 81.558, 27.054 ], [ 81.553, 27.065 ], [ 81.539, 27.067 ], [ 81.534, 27.078 ], [ 81.52, 27.08 ], [ 81.515, 27.091 ], [ 81.501, 27.093 ], [ 81.496, 27.104 ], [ 81.505, 27.114 ], [ 81.5, 27.126 ], [ 81.509, 27.135 ], [ 81.505, 27.147 ], [ 81.514, 27.157 ], [ 81.509, 27.168 ], [ 81.495, 27.17 ], [ 81.49, 27.181 ], [ 81.499, 27.191 ], [ 81.494, 27.202 ], [ 81.503, 27.212 ], [ 81.499, 27.223 ], [ 81.484, 27.225 ], [ 81.479, 27.236 ], [ 81.489, 27.246 ], [ 81.484, 27.258 ], [ 81.469, 27.259 ], [ 81.464, 27.271 ], [ 81.474, 27.28 ], [ 81.469, 27.292 ], [ 81.454, 27.293 ], [ 81.449, 27.305 ], [ 81.459, 27.315 ], [ 81.454, 27.326 ], [ 81.439, 27.328 ], [ 81.434, 27.339 ], [ 81.42, 27.341 ], [ 81.411, 27.331 ], [ 81.396, 27.333 ], [ 81.387, 27.323 ], [ 81.373, 27.324 ], [ 81.363, 27.315 ], [ 81.368, 27.303 ], [ 81.383, 27.302 ], [ 81.388, 27.29 ], [ 81.378, 27.28 ], [ 81.383, 27.269 ], [ 81.397, 27.267 ], [ 81.402, 27.256 ], [ 81.393, 27.246 ], [ 81.398, 27.235 ], [ 81.412, 27.233 ], [ 81.417, 27.222 ], [ 81.408, 27.212 ], [ 81.413, 27.201 ], [ 81.427, 27.199 ], [ 81.432, 27.188 ], [ 81.447, 27.186 ], [ 81.452, 27.175 ], [ 81.442, 27.165 ], [ 81.447, 27.153 ], [ 81.438, 27.144 ], [ 81.443, 27.132 ], [ 81.457, 27.131 ], [ 81.462, 27.119 ], [ 81.453, 27.109 ], [ 81.458, 27.098 ] ] ] ] } },
{ "type": "Feature", "properties": { "POLYGON.ID": 1155.0, "subregion": "India--Uttar Pradesh--Ayodhya--Ghaghara River", "FILTER": "Uttar Pradesh", "POLYGON": "India--Uttar Pradesh--Ayodhya--Ghaghara River", "STATE": "Uttar Pradesh", "COUNTY": "Ayodhya", "OWNER": null }, "geometry": { "type": "MultiPolygon", "coordinates": [ [ [ [ 82.229, 26.845 ], [ 82.215, 26.847 ], [ 82.206, 26.837 ], [ 82.192, 26.839 ], [ 82.187, 26.851 ], [ 82.173, 26.852 ], [ 82.163, 26.843 ], [ 82.149, 26.844 ], [ 82.144, 26.856 ], [ 82.13, 26.857 ], [ 82.121, 26.848 ], [ 82.125, 26.836 ], [ 82.116, 26.827 ], [ 82.102, 26.828 ], [ 82.097, 26.84 ], [ 82.083, 26.841 ], [ 82.078, 26.853 ], [ 82.064, 26.854 ], [ 82.054, 26.845 ], [ 82.059, 26.833 ], [ 82.05, 26.824 ], [ 82.036, 26.825 ], [ 82.026, 26.816 ], [ 82.012, 26.817 ], [ 82.003, 26.808 ], [ 81.988, 26.809 ], [ 81.984, 26.821 ], [ 81.969, 26.822 ], [ 81.96, 26.813 ], [ 81.946, 26.814 ], [ 81.941, 26.826 ], [ 81.927, 26.827 ], [ 81.922, 26.839 ], [ 81.908, 26.841 ], [ 81.903, 26.852 ], [ 81.889, 26.854 ], [ 81.884, 26.865 ], [ 81.869, 26.867 ], [ 81.865, 26.878 ], [ 81.85, 26.88 ], [ 81.841, 26.87 ], [ 81.827, 26.872 ], [ 81.822, 26.883 ], [ 81.808, 26.885 ], [ 81.798, 26.875 ], [ 81.803, 26.864 ], [ 81.794, 26.854 ], [ 81.799, 26.842 ], [ 81.789, 26.833 ], [ 81.794, 26.821 ], [ 81.808, 26.82 ], [ 81.813, 26.808 ], [ 81.827, 26.807 ], [ 81.832, 26.795 ], [ 81.823, 26.786 ], [ 81.828, 26.774 ], [ 81.842, 26.773 ], [ 81.851, 26.782 ], [ 81.866, 26.781 ], [ 81.875, 26.79 ], [ 81.889, 26.789 ], [ 81.894, 26.777 ], [ 81.908, 26.776 ], [ 81.913, 26.764 ], [ 81.927, 26.763 ], [ 81.937, 26.772 ], [ 81.951, 26.771 ], [ 81.956, 26.759 ], [ 81.97, 26.758 ], [ 81.979, 26.767 ], [ 81.994, 26.766 ], [ 82.003, 26.775 ], [ 82.017, 26.774 ], [ 82.022, 26.762 ], [ 82.036, 26.761 ], [ 82.046, 26.77 ], [ 82.06, 26.769 ], [ 82.065, 26.757 ], [ 82.079, 26.756 ], [ 82.088, 26.765 ], [ 82.102, 26.764 ], [ 82.112, 26.773 ], [ 82.126, 26.772 ], [ 82.135, 26.781 ], [ 82.149, 26.78 ], [ 82.154, 26.768 ], [ 82.168, 26.766 ], [ 82.178, 26.776 ], [ 82.192, 26.774 ], [ 82.201, 26.784 ], [ 82.216, 26.782 ], [ 82.22, 26.771 ], [ 82.235, 26.769 ], [ 82.239, 26.758 ], [ 82.23, 26.748 ], [ 82.235, 26.737 ], [ 82.249, 26.735 ], [ 82.254, 26.724 ], [ 82.268, 26.722 ], [ 82.273, 26.711 ], [ 82.287, 26.709 ], [ 82.292, 26.698 ], [ 82.306, 26.696 ], [ 82.311, 26.685 ], [ 82.325, 26.683 ], [ 82.329, 26.672 ], [ 82.344, 26.67 ], [ 82.348, 26.659 ], [ 82.362, 26.657 ], [ 82.366, 26.649 ], [ 82.367, 26.646 ], [ 82.381, 26.644 ], [ 82.385, 26.632 ], [ 82.399, 26.63 ], [ 82.408, 26.64 ], [ 82.422, 26.638 ], [ 82.426, 26.626 ], [ 82.44, 26.624 ], [ 82.444, 26.613 ], [ 82.458, 26.611 ], [ 82.468, 26.621 ], [ 82.463, 26.632 ], [ 82.473, 26.642 ], [ 82.469, 26.654 ], [ 82.455, 26.655 ], [ 82.451, 26.667 ], [ 82.437, 26.669 ], [ 82.433, 26.681 ], [ 82.426, 26.682 ], [ 82.419, 26.682 ], [ 82.414, 26.694 ], [ 82.424, 26.703 ], [ 82.419, 26.715 ], [ 82.405, 26.717 ], [ 82.4, 26.728 ], [ 82.386, 26.73 ], [ 82.381, 26.741 ], [ 82.367, 26.743 ], [ 82.362, 26.754 ], [ 82.348, 26.756 ], [ 82.343, 26.767 ], [ 82.329, 26.769 ], [ 82.324, 26.78 ], [ 82.31, 26.782 ], [ 82.305, 26.793 ], [ 82.315, 26.803 ], [ 82.31, 26.814 ], [ 82.296, 26.816 ], [ 82.291, 26.827 ], [ 82.277, 26.829 ], [ 82.272, 26.84 ], [ 82.258, 26.842 ], [ 82.248, 26.832 ], [ 82.234, 26.834 ], [ 82.229, 26.845 ] ] ] ] } },
{ "type": "Feature", "properties": { "POLYGON.ID": 1154.0, "subregion": "India--Uttar Pradesh--Ambedkar Nagar--Ghaghara River", "FILTER": "Uttar Pradesh", "POLYGON": "India--Uttar Pradesh--Ambedkar Nagar--Ghaghara River", "STATE": "Uttar Pradesh", "COUNTY": "Ambedkar Nagar", "OWNER": null }, "geometry": { "type": "MultiPolygon", "coordinates": [ [ [ [ 82.549, 26.687 ], [ 82.544, 26.698 ], [ 82.531, 26.7 ], [ 82.526, 26.712 ], [ 82.513, 26.714 ], [ 82.503, 26.704 ], [ 82.489, 26.706 ], [ 82.48, 26.696 ], [ 82.466, 26.698 ], [ 82.456, 26.688 ], [ 82.46, 26.677 ], [ 82.451, 26.667 ], [ 82.455, 26.655 ], [ 82.469, 26.654 ], [ 82.473, 26.642 ], [ 82.487, 26.64 ], [ 82.491, 26.628 ], [ 82.505, 26.626 ], [ 82.509, 26.615 ], [ 82.523, 26.613 ], [ 82.527, 26.601 ], [ 82.541, 26.599 ], [ 82.545, 26.588 ], [ 82.559, 26.586 ], [ 82.563, 26.574 ], [ 82.577, 26.572 ], [ 82.581, 26.56 ], [ 82.595, 26.559 ], [ 82.599, 26.547 ], [ 82.613, 26.545 ], [ 82.622, 26.555 ], [ 82.636, 26.553 ], [ 82.64, 26.541 ], [ 82.654, 26.539 ], [ 82.658, 26.527 ], [ 82.672, 26.525 ], [ 82.682, 26.535 ], [ 82.695, 26.533 ], [ 82.699, 26.522 ], [ 82.713, 26.52 ], [ 82.723, 26.529 ], [ 82.737, 26.527 ], [ 82.746, 26.537 ], [ 82.76, 26.535 ], [ 82.77, 26.545 ], [ 82.784, 26.543 ], [ 82.793, 26.553 ], [ 82.807, 26.551 ], [ 82.811, 26.539 ], [ 82.825, 26.537 ], [ 82.835, 26.547 ], [ 82.848, 26.545 ], [ 82.853, 26.533 ], [ 82.843, 26.523 ], [ 82.847, 26.512 ], [ 82.861, 26.51 ], [ 82.865, 26.498 ], [ 82.879, 26.496 ], [ 82.883, 26.484 ], [ 82.897, 26.482 ], [ 82.907, 26.492 ], [ 82.92, 26.49 ], [ 82.925, 26.478 ], [ 82.938, 26.476 ], [ 82.948, 26.486 ], [ 82.962, 26.484 ], [ 82.966, 26.472 ], [ 82.98, 26.47 ], [ 82.984, 26.459 ], [ 82.998, 26.457 ], [ 83.002, 26.445 ], [ 83.016, 26.443 ], [ 83.02, 26.431 ], [ 83.034, 26.429 ], [ 83.038, 26.418 ], [ 83.052, 26.416 ], [ 83.056, 26.404 ], [ 83.046, 26.394 ], [ 83.05, 26.383 ], [ 83.064, 26.381 ], [ 83.068, 26.369 ], [ 83.082, 26.367 ], [ 83.086, 26.355 ], [ 83.1, 26.353 ], [ 83.11, 26.363 ], [ 83.106, 26.375 ], [ 83.115, 26.384 ], [ 83.111, 26.396 ], [ 83.121, 26.406 ], [ 83.117, 26.417 ], [ 83.103, 26.419 ], [ 83.099, 26.431 ], [ 83.085, 26.433 ], [ 83.081, 26.445 ], [ 83.067, 26.447 ], [ 83.063, 26.459 ], [ 83.072, 26.468 ], [ 83.068, 26.48 ], [ 83.054, 26.482 ], [ 83.05, 26.494 ], [ 83.036, 26.496 ], [ 83.032, 26.507 ], [ 83.018, 26.509 ], [ 83.009, 26.5 ], [ 82.995, 26.502 ], [ 82.991, 26.513 ], [ 82.977, 26.515 ], [ 82.967, 26.506 ], [ 82.953, 26.508 ], [ 82.949, 26.519 ], [ 82.935, 26.521 ], [ 82.931, 26.533 ], [ 82.917, 26.535 ], [ 82.913, 26.547 ], [ 82.899, 26.549 ], [ 82.895, 26.56 ], [ 82.881, 26.562 ], [ 82.877, 26.574 ], [ 82.863, 26.576 ], [ 82.859, 26.588 ], [ 82.846, 26.589 ], [ 82.841, 26.601 ], [ 82.828, 26.603 ], [ 82.823, 26.615 ], [ 82.81, 26.617 ], [ 82.8, 26.607 ], [ 82.786, 26.609 ], [ 82.776, 26.599 ], [ 82.763, 26.601 ], [ 82.753, 26.592 ], [ 82.739, 26.593 ], [ 82.73, 26.584 ], [ 82.716, 26.586 ], [ 82.706, 26.576 ], [ 82.71, 26.564 ], [ 82.701, 26.555 ], [ 82.687, 26.557 ], [ 82.683, 26.568 ], [ 82.692, 26.578 ], [ 82.688, 26.59 ], [ 82.698, 26.599 ], [ 82.694, 26.611 ], [ 82.68, 26.613 ], [ 82.676, 26.625 ], [ 82.662, 26.627 ], [ 82.652, 26.617 ], [ 82.638, 26.619 ], [ 82.634, 26.63 ], [ 82.62, 26.632 ], [ 82.611, 26.623 ], [ 82.597, 26.625 ], [ 82.593, 26.636 ], [ 82.579, 26.638 ], [ 82.575, 26.65 ], [ 82.561, 26.652 ], [ 82.557, 26.663 ], [ 82.567, 26.673 ], [ 82.562, 26.685 ], [ 82.549, 26.687 ] ] ] ] } },
{ "type": "Feature", "properties": { "POLYGON.ID": 1153.0, "subregion": "India--Uttar Pradesh--Gorakhpur--Ghaghara River", "FILTER": "Uttar Pradesh", "POLYGON": "India--Uttar Pradesh--Gorakhpur--Ghaghara River", "STATE": "Uttar Pradesh", "COUNTY": "Gorakhpur", "OWNER": null }, "geometry": { "type": "MultiPolygon", "coordinates": [ [ [ [ 83.301, 26.379 ], [ 83.287, 26.381 ], [ 83.283, 26.393 ], [ 83.269, 26.395 ], [ 83.259, 26.386 ], [ 83.245, 26.388 ], [ 83.241, 26.399 ], [ 83.227, 26.401 ], [ 83.223, 26.413 ], [ 83.209, 26.415 ], [ 83.2, 26.405 ], [ 83.186, 26.407 ], [ 83.182, 26.419 ], [ 83.168, 26.421 ], [ 83.158, 26.411 ], [ 83.144, 26.413 ], [ 83.135, 26.404 ], [ 83.121, 26.406 ], [ 83.111, 26.396 ], [ 83.115, 26.384 ], [ 83.106, 26.375 ], [ 83.11, 26.363 ], [ 83.124, 26.361 ], [ 83.128, 26.349 ], [ 83.142, 26.347 ], [ 83.146, 26.335 ], [ 83.16, 26.333 ], [ 83.169, 26.343 ], [ 83.183, 26.341 ], [ 83.193, 26.351 ], [ 83.207, 26.349 ], [ 83.211, 26.337 ], [ 83.225, 26.335 ], [ 83.234, 26.345 ], [ 83.248, 26.343 ], [ 83.252, 26.331 ], [ 83.266, 26.329 ], [ 83.276, 26.339 ], [ 83.29, 26.337 ], [ 83.294, 26.325 ], [ 83.308, 26.323 ], [ 83.312, 26.311 ], [ 83.326, 26.309 ], [ 83.33, 26.297 ], [ 83.344, 26.295 ], [ 83.348, 26.283 ], [ 83.362, 26.281 ], [ 83.366, 26.27 ], [ 83.38, 26.268 ], [ 83.384, 26.256 ], [ 83.398, 26.254 ], [ 83.402, 26.242 ], [ 83.416, 26.24 ], [ 83.42, 26.228 ], [ 83.434, 26.226 ], [ 83.438, 26.214 ], [ 83.428, 26.205 ], [ 83.432, 26.193 ], [ 83.446, 26.191 ], [ 83.456, 26.201 ], [ 83.47, 26.199 ], [ 83.48, 26.208 ], [ 83.493, 26.206 ], [ 83.503, 26.216 ], [ 83.499, 26.228 ], [ 83.509, 26.237 ], [ 83.504, 26.249 ], [ 83.514, 26.259 ], [ 83.528, 26.257 ], [ 83.532, 26.245 ], [ 83.546, 26.243 ], [ 83.55, 26.231 ], [ 83.564, 26.229 ], [ 83.568, 26.217 ], [ 83.582, 26.215 ], [ 83.586, 26.204 ], [ 83.6, 26.201 ], [ 83.61, 26.211 ], [ 83.624, 26.209 ], [ 83.633, 26.219 ], [ 83.629, 26.231 ], [ 83.639, 26.24 ], [ 83.635, 26.252 ], [ 83.645, 26.262 ], [ 83.64, 26.274 ], [ 83.626, 26.276 ], [ 83.622, 26.287 ], [ 83.632, 26.297 ], [ 83.628, 26.309 ], [ 83.614, 26.311 ], [ 83.61, 26.323 ], [ 83.596, 26.325 ], [ 83.586, 26.315 ], [ 83.572, 26.317 ], [ 83.563, 26.307 ], [ 83.549, 26.31 ], [ 83.539, 26.3 ], [ 83.525, 26.302 ], [ 83.516, 26.292 ], [ 83.502, 26.294 ], [ 83.492, 26.284 ], [ 83.478, 26.287 ], [ 83.474, 26.298 ], [ 83.46, 26.3 ], [ 83.45, 26.291 ], [ 83.437, 26.293 ], [ 83.432, 26.304 ], [ 83.419, 26.306 ], [ 83.414, 26.318 ], [ 83.401, 26.32 ], [ 83.396, 26.332 ], [ 83.383, 26.334 ], [ 83.378, 26.346 ], [ 83.364, 26.348 ], [ 83.36, 26.36 ], [ 83.346, 26.362 ], [ 83.342, 26.373 ], [ 83.328, 26.375 ], [ 83.319, 26.366 ], [ 83.305, 26.368 ], [ 83.301, 26.379 ] ] ] ] } },
{ "type": "Feature", "properties": { "POLYGON.ID": 1146.0, "subregion": "India--Uttar Pradesh--Deoria--Ghaghara River", "FILTER": "Uttar Pradesh", "POLYGON": "India--Uttar Pradesh--Deoria--Ghaghara River", "STATE": "Uttar Pradesh", "COUNTY": "Deoria", "OWNER": null }, "geometry": { "type": "MultiPolygon", "coordinates": [ [ [ [ 83.83, 26.145 ], [ 83.844, 26.142 ], [ 83.848, 26.131 ], [ 83.862, 26.129 ], [ 83.867, 26.117 ], [ 83.88, 26.115 ], [ 83.885, 26.103 ], [ 83.898, 26.101 ], [ 83.903, 26.089 ], [ 83.916, 26.087 ], [ 83.926, 26.097 ], [ 83.94, 26.094 ], [ 83.944, 26.083 ], [ 83.958, 26.08 ], [ 83.968, 26.09 ], [ 83.982, 26.088 ], [ 83.986, 26.076 ], [ 84.0, 26.074 ], [ 84.01, 26.084 ], [ 84.023, 26.082 ], [ 84.028, 26.07 ], [ 84.042, 26.068 ], [ 84.051, 26.077 ], [ 84.047, 26.089 ], [ 84.057, 26.099 ], [ 84.053, 26.111 ], [ 84.039, 26.113 ], [ 84.035, 26.125 ], [ 84.021, 26.127 ], [ 84.017, 26.139 ], [ 84.003, 26.141 ], [ 83.999, 26.153 ], [ 83.985, 26.155 ], [ 83.98, 26.167 ], [ 83.967, 26.169 ], [ 83.957, 26.159 ], [ 83.943, 26.161 ], [ 83.933, 26.151 ], [ 83.919, 26.153 ], [ 83.915, 26.165 ], [ 83.901, 26.167 ], [ 83.897, 26.179 ], [ 83.883, 26.181 ], [ 83.879, 26.193 ], [ 83.865, 26.195 ], [ 83.861, 26.207 ], [ 83.847, 26.209 ], [ 83.843, 26.221 ], [ 83.829, 26.223 ], [ 83.825, 26.235 ], [ 83.811, 26.237 ], [ 83.807, 26.249 ], [ 83.793, 26.251 ], [ 83.789, 26.263 ], [ 83.775, 26.265 ], [ 83.771, 26.276 ], [ 83.757, 26.278 ], [ 83.753, 26.29 ], [ 83.739, 26.292 ], [ 83.729, 26.283 ], [ 83.715, 26.285 ], [ 83.711, 26.297 ], [ 83.697, 26.299 ], [ 83.693, 26.31 ], [ 83.679, 26.312 ], [ 83.675, 26.324 ], [ 83.661, 26.326 ], [ 83.657, 26.338 ], [ 83.643, 26.34 ], [ 83.633, 26.33 ], [ 83.62, 26.332 ], [ 83.61, 26.323 ], [ 83.614, 26.311 ], [ 83.628, 26.309 ], [ 83.632, 26.297 ], [ 83.622, 26.287 ], [ 83.626, 26.276 ], [ 83.64, 26.274 ], [ 83.645, 26.262 ], [ 83.635, 26.252 ], [ 83.639, 26.24 ], [ 83.629, 26.231 ], [ 83.633, 26.219 ], [ 83.647, 26.217 ], [ 83.657, 26.226 ], [ 83.671, 26.224 ], [ 83.681, 26.234 ], [ 83.694, 26.232 ], [ 83.704, 26.242 ], [ 83.718, 26.24 ], [ 83.722, 26.228 ], [ 83.736, 26.226 ], [ 83.74, 26.214 ], [ 83.754, 26.212 ], [ 83.758, 26.2 ], [ 83.772, 26.198 ], [ 83.776, 26.186 ], [ 83.79, 26.184 ], [ 83.794, 26.172 ], [ 83.808, 26.17 ], [ 83.812, 26.158 ], [ 83.826, 26.156 ], [ 83.83, 26.145 ] ] ] ] } },
{ "type": "Feature", "properties": { "POLYGON.ID": 1145.0, "subregion": "India--Uttar Pradesh--Sonbhadra--Gobind Ballabh Pant Sagar Reservoir", "FILTER": "Uttar Pradesh", "POLYGON": "India--Uttar Pradesh--Sonbhadra--Gobind Ballabh Pant Sagar Reservoir", "STATE": "Uttar Pradesh", "COUNTY": "Sonbhadra", "OWNER": null }, "geometry": { "type": "MultiPolygon", "coordinates": [ [ [ [ 83.083, 24.13 ], [ 83.079, 24.142 ], [ 83.088, 24.152 ], [ 83.084, 24.164 ], [ 83.094, 24.174 ], [ 83.089, 24.186 ], [ 83.076, 24.188 ], [ 83.072, 24.2 ], [ 83.058, 24.202 ], [ 83.054, 24.214 ], [ 83.04, 24.216 ], [ 83.036, 24.228 ], [ 83.022, 24.23 ], [ 83.013, 24.22 ], [ 82.999, 24.223 ], [ 82.995, 24.235 ], [ 82.981, 24.237 ], [ 82.971, 24.227 ], [ 82.958, 24.229 ], [ 82.948, 24.219 ], [ 82.934, 24.221 ], [ 82.93, 24.233 ], [ 82.917, 24.235 ], [ 82.907, 24.226 ], [ 82.893, 24.228 ], [ 82.884, 24.218 ], [ 82.87, 24.22 ], [ 82.861, 24.21 ], [ 82.847, 24.212 ], [ 82.843, 24.224 ], [ 82.829, 24.226 ], [ 82.819, 24.217 ], [ 82.806, 24.219 ], [ 82.796, 24.209 ], [ 82.783, 24.211 ], [ 82.773, 24.201 ], [ 82.759, 24.203 ], [ 82.75, 24.193 ], [ 82.736, 24.196 ], [ 82.727, 24.186 ], [ 82.713, 24.188 ], [ 82.703, 24.178 ], [ 82.69, 24.18 ], [ 82.685, 24.192 ], [ 82.672, 24.194 ], [ 82.662, 24.184 ], [ 82.649, 24.186 ], [ 82.639, 24.177 ], [ 82.625, 24.179 ], [ 82.616, 24.169 ], [ 82.602, 24.171 ], [ 82.598, 24.183 ], [ 82.608, 24.193 ], [ 82.603, 24.205 ], [ 82.59, 24.207 ], [ 82.586, 24.219 ], [ 82.572, 24.221 ], [ 82.562, 24.211 ], [ 82.567, 24.199 ], [ 82.557, 24.189 ], [ 82.561, 24.177 ], [ 82.552, 24.167 ], [ 82.538, 24.17 ], [ 82.528, 24.16 ], [ 82.533, 24.148 ], [ 82.546, 24.146 ], [ 82.55, 24.134 ], [ 82.541, 24.124 ], [ 82.545, 24.112 ], [ 82.559, 24.11 ], [ 82.563, 24.098 ], [ 82.576, 24.096 ], [ 82.586, 24.105 ], [ 82.6, 24.103 ], [ 82.609, 24.113 ], [ 82.623, 24.111 ], [ 82.627, 24.099 ], [ 82.641, 24.097 ], [ 82.645, 24.085 ], [ 82.659, 24.083 ], [ 82.663, 24.071 ], [ 82.653, 24.061 ], [ 82.639, 24.063 ], [ 82.63, 24.053 ], [ 82.616, 24.055 ], [ 82.607, 24.046 ], [ 82.611, 24.034 ], [ 82.601, 24.024 ], [ 82.605, 24.012 ], [ 82.619, 24.01 ], [ 82.623, 23.998 ], [ 82.637, 23.996 ], [ 82.641, 23.984 ], [ 82.632, 23.974 ], [ 82.636, 23.962 ], [ 82.649, 23.96 ], [ 82.654, 23.948 ], [ 82.644, 23.938 ], [ 82.648, 23.926 ], [ 82.662, 23.924 ], [ 82.671, 23.933 ], [ 82.685, 23.931 ], [ 82.695, 23.941 ], [ 82.69, 23.953 ], [ 82.7, 23.963 ], [ 82.696, 23.975 ], [ 82.705, 23.985 ], [ 82.719, 23.983 ], [ 82.729, 23.993 ], [ 82.742, 23.99 ], [ 82.752, 24.0 ], [ 82.765, 23.998 ], [ 82.775, 24.008 ], [ 82.771, 24.02 ], [ 82.78, 24.03 ], [ 82.794, 24.028 ], [ 82.804, 24.038 ], [ 82.817, 24.035 ], [ 82.821, 24.023 ], [ 82.835, 24.021 ], [ 82.845, 24.031 ], [ 82.858, 24.029 ], [ 82.868, 24.039 ], [ 82.882, 24.037 ], [ 82.891, 24.047 ], [ 82.905, 24.044 ], [ 82.914, 24.054 ], [ 82.928, 24.052 ], [ 82.938, 24.062 ], [ 82.951, 24.06 ], [ 82.955, 24.048 ], [ 82.969, 24.046 ], [ 82.979, 24.056 ], [ 82.992, 24.053 ], [ 83.002, 24.063 ], [ 83.016, 24.061 ], [ 83.025, 24.071 ], [ 83.039, 24.069 ], [ 83.049, 24.079 ], [ 83.044, 24.091 ], [ 83.054, 24.1 ], [ 83.068, 24.098 ], [ 83.077, 24.108 ], [ 83.073, 24.12 ], [ 83.083, 24.13 ] ], [ [ 82.744, 24.172 ], [ 82.754, 24.181 ], [ 82.768, 24.179 ], [ 82.772, 24.167 ], [ 82.762, 24.157 ], [ 82.748, 24.16 ], [ 82.744, 24.172 ] ] ] ] } },
{ "type": "Feature", "properties": { "POLYGON.ID": 1138.0, "subregion": "India--Uttar Pradesh--Sonbhadra--Son River", "FILTER": "Uttar Pradesh", "POLYGON": "India--Uttar Pradesh--Sonbhadra--Son River", "STATE": "Uttar Pradesh", "COUNTY": "Sonbhadra", "OWNER": null }, "geometry": { "type": "MultiPolygon", "coordinates": [ [ [ [ 83.475, 24.499 ], [ 83.489, 24.497 ], [ 83.499, 24.507 ], [ 83.494, 24.519 ], [ 83.504, 24.529 ], [ 83.5, 24.541 ], [ 83.486, 24.543 ], [ 83.477, 24.533 ], [ 83.463, 24.535 ], [ 83.453, 24.525 ], [ 83.439, 24.528 ], [ 83.435, 24.54 ], [ 83.421, 24.542 ], [ 83.412, 24.532 ], [ 83.398, 24.534 ], [ 83.388, 24.524 ], [ 83.375, 24.526 ], [ 83.365, 24.517 ], [ 83.351, 24.519 ], [ 83.342, 24.509 ], [ 83.328, 24.511 ], [ 83.318, 24.501 ], [ 83.305, 24.503 ], [ 83.295, 24.494 ], [ 83.281, 24.496 ], [ 83.272, 24.486 ], [ 83.258, 24.488 ], [ 83.254, 24.5 ], [ 83.24, 24.502 ], [ 83.23, 24.492 ], [ 83.217, 24.495 ], [ 83.207, 24.485 ], [ 83.193, 24.487 ], [ 83.189, 24.499 ], [ 83.175, 24.501 ], [ 83.166, 24.491 ], [ 83.152, 24.493 ], [ 83.142, 24.483 ], [ 83.129, 24.486 ], [ 83.125, 24.498 ], [ 83.111, 24.5 ], [ 83.101, 24.49 ], [ 83.087, 24.492 ], [ 83.083, 24.504 ], [ 83.07, 24.506 ], [ 83.065, 24.518 ], [ 83.075, 24.528 ], [ 83.071, 24.54 ], [ 83.057, 24.542 ], [ 83.053, 24.554 ], [ 83.039, 24.556 ], [ 83.03, 24.546 ], [ 83.016, 24.548 ], [ 83.012, 24.56 ], [ 82.998, 24.562 ], [ 82.994, 24.574 ], [ 82.98, 24.577 ], [ 82.976, 24.589 ], [ 82.986, 24.598 ], [ 82.982, 24.61 ], [ 82.968, 24.612 ], [ 82.964, 24.624 ], [ 82.95, 24.626 ], [ 82.94, 24.617 ], [ 82.927, 24.619 ], [ 82.922, 24.631 ], [ 82.909, 24.633 ], [ 82.899, 24.623 ], [ 82.885, 24.625 ], [ 82.881, 24.637 ], [ 82.868, 24.639 ], [ 82.858, 24.629 ], [ 82.844, 24.631 ], [ 82.835, 24.622 ], [ 82.821, 24.624 ], [ 82.817, 24.636 ], [ 82.803, 24.638 ], [ 82.794, 24.628 ], [ 82.78, 24.63 ], [ 82.77, 24.62 ], [ 82.774, 24.608 ], [ 82.765, 24.598 ], [ 82.769, 24.586 ], [ 82.783, 24.584 ], [ 82.792, 24.594 ], [ 82.806, 24.592 ], [ 82.81, 24.58 ], [ 82.824, 24.578 ], [ 82.833, 24.588 ], [ 82.847, 24.586 ], [ 82.857, 24.596 ], [ 82.87, 24.593 ], [ 82.875, 24.582 ], [ 82.888, 24.579 ], [ 82.898, 24.589 ], [ 82.912, 24.587 ], [ 82.916, 24.575 ], [ 82.929, 24.573 ], [ 82.934, 24.561 ], [ 82.947, 24.559 ], [ 82.951, 24.547 ], [ 82.965, 24.545 ], [ 82.969, 24.533 ], [ 82.983, 24.531 ], [ 82.987, 24.519 ], [ 83.001, 24.517 ], [ 83.005, 24.505 ], [ 83.019, 24.503 ], [ 83.023, 24.491 ], [ 83.013, 24.481 ], [ 83.018, 24.469 ], [ 83.031, 24.467 ], [ 83.035, 24.455 ], [ 83.049, 24.453 ], [ 83.053, 24.441 ], [ 83.067, 24.439 ], [ 83.077, 24.448 ], [ 83.09, 24.446 ], [ 83.094, 24.434 ], [ 83.108, 24.432 ], [ 83.118, 24.442 ], [ 83.131, 24.44 ], [ 83.141, 24.45 ], [ 83.155, 24.448 ], [ 83.164, 24.457 ], [ 83.178, 24.455 ], [ 83.182, 24.443 ], [ 83.196, 24.441 ], [ 83.206, 24.451 ], [ 83.219, 24.449 ], [ 83.224, 24.437 ], [ 83.237, 24.435 ], [ 83.247, 24.444 ], [ 83.261, 24.442 ], [ 83.265, 24.43 ], [ 83.279, 24.428 ], [ 83.288, 24.438 ], [ 83.302, 24.436 ], [ 83.311, 24.446 ], [ 83.325, 24.444 ], [ 83.335, 24.453 ], [ 83.349, 24.451 ], [ 83.358, 24.461 ], [ 83.372, 24.459 ], [ 83.382, 24.469 ], [ 83.395, 24.466 ], [ 83.405, 24.476 ], [ 83.419, 24.474 ], [ 83.428, 24.484 ], [ 83.442, 24.482 ], [ 83.452, 24.492 ], [ 83.466, 24.489 ], [ 83.475, 24.499 ] ] ] ] } },
{ "type": "Feature", "properties": { "POLYGON.ID": 1139.0, "subregion": "India--Uttar Pradesh--Chandauli--Forests", "FILTER": "Uttar Pradesh", "POLYGON": "India--Uttar Pradesh--Chandauli--Forests", "STATE": "Uttar Pradesh", "COUNTY": "Chandauli", "OWNER": null }, "geometry": { "type": "MultiPolygon", "coordinates": [ [ [ [ 83.374, 24.866 ], [ 83.37, 24.878 ], [ 83.356, 24.88 ], [ 83.352, 24.892 ], [ 83.362, 24.902 ], [ 83.358, 24.914 ], [ 83.367, 24.923 ], [ 83.363, 24.935 ], [ 83.349, 24.937 ], [ 83.345, 24.949 ], [ 83.355, 24.959 ], [ 83.351, 24.971 ], [ 83.337, 24.973 ], [ 83.333, 24.985 ], [ 83.342, 24.995 ], [ 83.338, 25.007 ], [ 83.325, 25.009 ], [ 83.32, 25.021 ], [ 83.33, 25.031 ], [ 83.326, 25.043 ], [ 83.312, 25.045 ], [ 83.302, 25.035 ], [ 83.289, 25.037 ], [ 83.285, 25.049 ], [ 83.271, 25.051 ], [ 83.267, 25.063 ], [ 83.253, 25.065 ], [ 83.249, 25.077 ], [ 83.235, 25.079 ], [ 83.231, 25.091 ], [ 83.217, 25.093 ], [ 83.207, 25.083 ], [ 83.194, 25.085 ], [ 83.184, 25.076 ], [ 83.17, 25.078 ], [ 83.166, 25.09 ], [ 83.152, 25.092 ], [ 83.143, 25.082 ], [ 83.129, 25.084 ], [ 83.119, 25.074 ], [ 83.106, 25.076 ], [ 83.096, 25.067 ], [ 83.082, 25.069 ], [ 83.073, 25.059 ], [ 83.077, 25.047 ], [ 83.067, 25.037 ], [ 83.071, 25.025 ], [ 83.062, 25.015 ], [ 83.066, 25.004 ], [ 83.056, 24.994 ], [ 83.06, 24.982 ], [ 83.051, 24.972 ], [ 83.055, 24.96 ], [ 83.069, 24.958 ], [ 83.073, 24.946 ], [ 83.063, 24.936 ], [ 83.067, 24.924 ], [ 83.081, 24.922 ], [ 83.085, 24.91 ], [ 83.076, 24.901 ], [ 83.08, 24.889 ], [ 83.07, 24.879 ], [ 83.074, 24.867 ], [ 83.088, 24.865 ], [ 83.092, 24.853 ], [ 83.106, 24.851 ], [ 83.11, 24.839 ], [ 83.101, 24.829 ], [ 83.105, 24.817 ], [ 83.095, 24.807 ], [ 83.099, 24.795 ], [ 83.09, 24.786 ], [ 83.094, 24.774 ], [ 83.108, 24.772 ], [ 83.112, 24.76 ], [ 83.125, 24.758 ], [ 83.13, 24.746 ], [ 83.143, 24.743 ], [ 83.147, 24.732 ], [ 83.161, 24.729 ], [ 83.171, 24.739 ], [ 83.185, 24.737 ], [ 83.189, 24.725 ], [ 83.202, 24.723 ], [ 83.212, 24.733 ], [ 83.226, 24.731 ], [ 83.23, 24.719 ], [ 83.244, 24.717 ], [ 83.253, 24.726 ], [ 83.267, 24.724 ], [ 83.277, 24.734 ], [ 83.29, 24.732 ], [ 83.295, 24.72 ], [ 83.308, 24.718 ], [ 83.318, 24.728 ], [ 83.314, 24.74 ], [ 83.323, 24.749 ], [ 83.319, 24.761 ], [ 83.329, 24.771 ], [ 83.343, 24.769 ], [ 83.352, 24.779 ], [ 83.366, 24.777 ], [ 83.376, 24.787 ], [ 83.39, 24.784 ], [ 83.399, 24.794 ], [ 83.395, 24.806 ], [ 83.405, 24.816 ], [ 83.401, 24.828 ], [ 83.387, 24.83 ], [ 83.383, 24.842 ], [ 83.369, 24.844 ], [ 83.365, 24.856 ], [ 83.374, 24.866 ] ] ] ] } },
{ "type": "Feature", "properties": { "POLYGON.ID": 1140.0, "subregion": "India--Uttar Pradesh--Ghazipur--Ganga River", "FILTER": "Uttar Pradesh", "POLYGON": "India--Uttar Pradesh--Ghazipur--Ganga River", "STATE": "Uttar Pradesh", "COUNTY": "Ghazipur", "OWNER": null }, "geometry": { "type": "MultiPolygon", "coordinates": [ [ [ [ 83.772, 25.526 ], [ 83.776, 25.514 ], [ 83.766, 25.504 ], [ 83.77, 25.492 ], [ 83.784, 25.49 ], [ 83.794, 25.5 ], [ 83.808, 25.498 ], [ 83.812, 25.486 ], [ 83.826, 25.484 ], [ 83.836, 25.493 ], [ 83.849, 25.491 ], [ 83.859, 25.501 ], [ 83.855, 25.513 ], [ 83.865, 25.523 ], [ 83.861, 25.534 ], [ 83.847, 25.537 ], [ 83.837, 25.527 ], [ 83.823, 25.529 ], [ 83.819, 25.541 ], [ 83.805, 25.543 ], [ 83.801, 25.555 ], [ 83.787, 25.557 ], [ 83.783, 25.569 ], [ 83.793, 25.579 ], [ 83.789, 25.591 ], [ 83.775, 25.593 ], [ 83.771, 25.605 ], [ 83.757, 25.607 ], [ 83.753, 25.619 ], [ 83.739, 25.621 ], [ 83.729, 25.611 ], [ 83.715, 25.613 ], [ 83.711, 25.625 ], [ 83.697, 25.627 ], [ 83.693, 25.639 ], [ 83.679, 25.641 ], [ 83.669, 25.631 ], [ 83.656, 25.633 ], [ 83.646, 25.624 ], [ 83.632, 25.626 ], [ 83.622, 25.616 ], [ 83.609, 25.618 ], [ 83.599, 25.608 ], [ 83.603, 25.596 ], [ 83.593, 25.587 ], [ 83.58, 25.589 ], [ 83.57, 25.579 ], [ 83.556, 25.581 ], [ 83.546, 25.571 ], [ 83.55, 25.56 ], [ 83.541, 25.55 ], [ 83.527, 25.552 ], [ 83.517, 25.542 ], [ 83.503, 25.544 ], [ 83.494, 25.535 ], [ 83.48, 25.537 ], [ 83.47, 25.527 ], [ 83.474, 25.515 ], [ 83.465, 25.505 ], [ 83.469, 25.493 ], [ 83.459, 25.484 ], [ 83.463, 25.472 ], [ 83.477, 25.47 ], [ 83.481, 25.458 ], [ 83.495, 25.456 ], [ 83.499, 25.444 ], [ 83.513, 25.442 ], [ 83.517, 25.43 ], [ 83.531, 25.428 ], [ 83.535, 25.416 ], [ 83.526, 25.406 ], [ 83.53, 25.394 ], [ 83.52, 25.384 ], [ 83.524, 25.373 ], [ 83.538, 25.37 ], [ 83.548, 25.38 ], [ 83.562, 25.378 ], [ 83.571, 25.388 ], [ 83.567, 25.4 ], [ 83.577, 25.409 ], [ 83.573, 25.421 ], [ 83.559, 25.423 ], [ 83.555, 25.435 ], [ 83.564, 25.445 ], [ 83.56, 25.457 ], [ 83.546, 25.459 ], [ 83.542, 25.471 ], [ 83.552, 25.481 ], [ 83.548, 25.493 ], [ 83.557, 25.502 ], [ 83.553, 25.514 ], [ 83.563, 25.524 ], [ 83.577, 25.522 ], [ 83.586, 25.532 ], [ 83.6, 25.53 ], [ 83.61, 25.539 ], [ 83.606, 25.551 ], [ 83.615, 25.561 ], [ 83.629, 25.559 ], [ 83.639, 25.569 ], [ 83.653, 25.566 ], [ 83.663, 25.576 ], [ 83.676, 25.574 ], [ 83.686, 25.584 ], [ 83.7, 25.582 ], [ 83.71, 25.591 ], [ 83.723, 25.589 ], [ 83.728, 25.577 ], [ 83.741, 25.575 ], [ 83.746, 25.563 ], [ 83.736, 25.554 ], [ 83.74, 25.542 ], [ 83.754, 25.54 ], [ 83.758, 25.528 ], [ 83.772, 25.526 ] ] ] ] } },
{ "type": "Feature", "properties": { "POLYGON.ID": 1141.0, "subregion": "India--Uttar Pradesh--Chandauli--Ganga River", "FILTER": "Uttar Pradesh", "POLYGON": "India--Uttar Pradesh--Chandauli--Ganga River", "STATE": "Uttar Pradesh", "COUNTY": "Chandauli", "OWNER": null }, "geometry": { "type": "MultiPolygon", "coordinates": [ [ [ [ 83.53, 25.394 ], [ 83.526, 25.406 ], [ 83.535, 25.416 ], [ 83.531, 25.428 ], [ 83.517, 25.43 ], [ 83.513, 25.442 ], [ 83.499, 25.444 ], [ 83.495, 25.456 ], [ 83.481, 25.458 ], [ 83.477, 25.47 ], [ 83.463, 25.472 ], [ 83.459, 25.484 ], [ 83.446, 25.486 ], [ 83.441, 25.498 ], [ 83.428, 25.5 ], [ 83.423, 25.512 ], [ 83.41, 25.514 ], [ 83.4, 25.504 ], [ 83.386, 25.506 ], [ 83.376, 25.496 ], [ 83.363, 25.498 ], [ 83.353, 25.489 ], [ 83.339, 25.491 ], [ 83.335, 25.503 ], [ 83.321, 25.505 ], [ 83.317, 25.516 ], [ 83.303, 25.519 ], [ 83.299, 25.53 ], [ 83.285, 25.532 ], [ 83.276, 25.523 ], [ 83.262, 25.525 ], [ 83.258, 25.537 ], [ 83.244, 25.539 ], [ 83.24, 25.551 ], [ 83.226, 25.553 ], [ 83.216, 25.543 ], [ 83.203, 25.545 ], [ 83.198, 25.557 ], [ 83.185, 25.559 ], [ 83.175, 25.549 ], [ 83.179, 25.537 ], [ 83.169, 25.527 ], [ 83.174, 25.516 ], [ 83.187, 25.514 ], [ 83.192, 25.502 ], [ 83.205, 25.5 ], [ 83.215, 25.509 ], [ 83.229, 25.507 ], [ 83.233, 25.495 ], [ 83.247, 25.493 ], [ 83.256, 25.503 ], [ 83.27, 25.501 ], [ 83.274, 25.489 ], [ 83.288, 25.487 ], [ 83.292, 25.475 ], [ 83.306, 25.473 ], [ 83.31, 25.461 ], [ 83.324, 25.459 ], [ 83.328, 25.447 ], [ 83.342, 25.445 ], [ 83.352, 25.455 ], [ 83.365, 25.453 ], [ 83.375, 25.463 ], [ 83.389, 25.461 ], [ 83.399, 25.47 ], [ 83.412, 25.468 ], [ 83.417, 25.456 ], [ 83.43, 25.454 ], [ 83.434, 25.442 ], [ 83.448, 25.44 ], [ 83.452, 25.428 ], [ 83.466, 25.426 ], [ 83.47, 25.414 ], [ 83.484, 25.412 ], [ 83.488, 25.401 ], [ 83.502, 25.398 ], [ 83.506, 25.387 ], [ 83.52, 25.384 ], [ 83.53, 25.394 ] ] ], [ [ [ 83.138, 25.319 ], [ 83.124, 25.321 ], [ 83.115, 25.311 ], [ 83.119, 25.299 ], [ 83.133, 25.297 ], [ 83.142, 25.307 ], [ 83.138, 25.319 ] ] ] ] } },
{ "type": "Feature", "properties": { "POLYGON.ID": 1142.0, "subregion": "India--Uttar Pradesh--Varanasi--Ganga River", "FILTER": "Uttar Pradesh", "POLYGON": "India--Uttar Pradesh--Varanasi--Ganga River", "STATE": "Uttar Pradesh", "COUNTY": "Varanasi", "OWNER": null }, "geometry": { "type": "MultiPolygon", "coordinates": [ [ [ [ 83.156, 25.53 ], [ 83.146, 25.52 ], [ 83.15, 25.508 ], [ 83.141, 25.498 ], [ 83.145, 25.486 ], [ 83.135, 25.477 ], [ 83.121, 25.479 ], [ 83.112, 25.469 ], [ 83.116, 25.457 ], [ 83.106, 25.447 ], [ 83.11, 25.435 ], [ 83.124, 25.433 ], [ 83.128, 25.421 ], [ 83.142, 25.419 ], [ 83.146, 25.408 ], [ 83.16, 25.405 ], [ 83.164, 25.394 ], [ 83.155, 25.384 ], [ 83.141, 25.386 ], [ 83.131, 25.376 ], [ 83.135, 25.364 ], [ 83.126, 25.354 ], [ 83.112, 25.357 ], [ 83.102, 25.347 ], [ 83.088, 25.349 ], [ 83.079, 25.339 ], [ 83.065, 25.341 ], [ 83.061, 25.353 ], [ 83.047, 25.355 ], [ 83.038, 25.345 ], [ 83.024, 25.347 ], [ 83.014, 25.338 ], [ 83.018, 25.326 ], [ 83.009, 25.316 ], [ 82.995, 25.318 ], [ 82.985, 25.308 ], [ 82.989, 25.296 ], [ 83.003, 25.294 ], [ 83.007, 25.282 ], [ 82.998, 25.273 ], [ 83.002, 25.261 ], [ 83.016, 25.259 ], [ 83.02, 25.247 ], [ 83.01, 25.237 ], [ 82.997, 25.239 ], [ 82.987, 25.229 ], [ 82.973, 25.231 ], [ 82.964, 25.222 ], [ 82.95, 25.224 ], [ 82.94, 25.214 ], [ 82.926, 25.216 ], [ 82.917, 25.206 ], [ 82.921, 25.194 ], [ 82.935, 25.192 ], [ 82.944, 25.202 ], [ 82.958, 25.2 ], [ 82.962, 25.188 ], [ 82.976, 25.186 ], [ 82.986, 25.196 ], [ 82.999, 25.194 ], [ 83.009, 25.204 ], [ 83.023, 25.201 ], [ 83.032, 25.211 ], [ 83.028, 25.223 ], [ 83.038, 25.233 ], [ 83.034, 25.245 ], [ 83.043, 25.255 ], [ 83.039, 25.266 ], [ 83.049, 25.276 ], [ 83.045, 25.288 ], [ 83.054, 25.298 ], [ 83.05, 25.31 ], [ 83.06, 25.32 ], [ 83.073, 25.317 ], [ 83.078, 25.306 ], [ 83.091, 25.304 ], [ 83.101, 25.313 ], [ 83.115, 25.311 ], [ 83.124, 25.321 ], [ 83.138, 25.319 ], [ 83.142, 25.307 ], [ 83.156, 25.305 ], [ 83.166, 25.315 ], [ 83.162, 25.327 ], [ 83.171, 25.336 ], [ 83.185, 25.334 ], [ 83.195, 25.344 ], [ 83.19, 25.356 ], [ 83.2, 25.366 ], [ 83.196, 25.378 ], [ 83.206, 25.387 ], [ 83.201, 25.399 ], [ 83.211, 25.409 ], [ 83.207, 25.421 ], [ 83.193, 25.423 ], [ 83.189, 25.435 ], [ 83.175, 25.437 ], [ 83.171, 25.449 ], [ 83.157, 25.451 ], [ 83.153, 25.463 ], [ 83.163, 25.472 ], [ 83.176, 25.47 ], [ 83.186, 25.48 ], [ 83.182, 25.492 ], [ 83.192, 25.502 ], [ 83.187, 25.514 ], [ 83.174, 25.516 ], [ 83.169, 25.527 ], [ 83.156, 25.53 ] ] ] ] } },
{ "type": "Feature", "properties": { "POLYGON.ID": 1143.0, "subregion": "India--Uttar Pradesh--Mirzapur--Ganga River", "FILTER": "Uttar Pradesh", "POLYGON": "India--Uttar Pradesh--Mirzapur--Ganga River", "STATE": "Uttar Pradesh", "COUNTY": "Mirzapur", "OWNER": null }, "geometry": { "type": "MultiPolygon", "coordinates": [ [ [ [ 82.734, 25.132 ], [ 82.748, 25.13 ], [ 82.752, 25.119 ], [ 82.766, 25.116 ], [ 82.77, 25.105 ], [ 82.784, 25.103 ], [ 82.793, 25.112 ], [ 82.807, 25.11 ], [ 82.811, 25.098 ], [ 82.825, 25.096 ], [ 82.829, 25.084 ], [ 82.843, 25.082 ], [ 82.853, 25.092 ], [ 82.866, 25.09 ], [ 82.876, 25.1 ], [ 82.872, 25.112 ], [ 82.881, 25.122 ], [ 82.895, 25.12 ], [ 82.905, 25.129 ], [ 82.901, 25.141 ], [ 82.91, 25.151 ], [ 82.924, 25.149 ], [ 82.933, 25.159 ], [ 82.929, 25.171 ], [ 82.939, 25.18 ], [ 82.935, 25.192 ], [ 82.921, 25.194 ], [ 82.917, 25.206 ], [ 82.903, 25.208 ], [ 82.893, 25.198 ], [ 82.88, 25.201 ], [ 82.87, 25.191 ], [ 82.874, 25.179 ], [ 82.865, 25.169 ], [ 82.869, 25.157 ], [ 82.859, 25.147 ], [ 82.863, 25.136 ], [ 82.854, 25.126 ], [ 82.84, 25.128 ], [ 82.836, 25.14 ], [ 82.822, 25.142 ], [ 82.813, 25.132 ], [ 82.799, 25.134 ], [ 82.795, 25.146 ], [ 82.781, 25.148 ], [ 82.777, 25.16 ], [ 82.763, 25.162 ], [ 82.759, 25.174 ], [ 82.745, 25.176 ], [ 82.741, 25.188 ], [ 82.727, 25.19 ], [ 82.723, 25.202 ], [ 82.709, 25.204 ], [ 82.705, 25.215 ], [ 82.692, 25.217 ], [ 82.687, 25.229 ], [ 82.674, 25.231 ], [ 82.67, 25.243 ], [ 82.656, 25.245 ], [ 82.646, 25.235 ], [ 82.633, 25.238 ], [ 82.628, 25.249 ], [ 82.615, 25.251 ], [ 82.605, 25.242 ], [ 82.591, 25.244 ], [ 82.582, 25.234 ], [ 82.568, 25.236 ], [ 82.558, 25.226 ], [ 82.545, 25.228 ], [ 82.535, 25.218 ], [ 82.539, 25.206 ], [ 82.553, 25.204 ], [ 82.557, 25.193 ], [ 82.571, 25.191 ], [ 82.575, 25.179 ], [ 82.566, 25.169 ], [ 82.552, 25.171 ], [ 82.548, 25.183 ], [ 82.534, 25.185 ], [ 82.524, 25.175 ], [ 82.511, 25.177 ], [ 82.507, 25.189 ], [ 82.516, 25.199 ], [ 82.512, 25.211 ], [ 82.498, 25.213 ], [ 82.494, 25.224 ], [ 82.48, 25.226 ], [ 82.476, 25.238 ], [ 82.463, 25.24 ], [ 82.458, 25.252 ], [ 82.445, 25.254 ], [ 82.44, 25.266 ], [ 82.427, 25.268 ], [ 82.423, 25.28 ], [ 82.409, 25.282 ], [ 82.399, 25.272 ], [ 82.386, 25.274 ], [ 82.376, 25.264 ], [ 82.362, 25.266 ], [ 82.353, 25.256 ], [ 82.357, 25.245 ], [ 82.348, 25.235 ], [ 82.334, 25.237 ], [ 82.33, 25.249 ], [ 82.339, 25.258 ], [ 82.335, 25.27 ], [ 82.321, 25.272 ], [ 82.317, 25.284 ], [ 82.303, 25.286 ], [ 82.294, 25.276 ], [ 82.28, 25.278 ], [ 82.276, 25.29 ], [ 82.262, 25.292 ], [ 82.253, 25.282 ], [ 82.257, 25.27 ], [ 82.248, 25.261 ], [ 82.234, 25.263 ], [ 82.224, 25.253 ], [ 82.228, 25.241 ], [ 82.219, 25.231 ], [ 82.223, 25.219 ], [ 82.214, 25.21 ], [ 82.218, 25.198 ], [ 82.231, 25.196 ], [ 82.236, 25.184 ], [ 82.249, 25.182 ], [ 82.253, 25.17 ], [ 82.267, 25.168 ], [ 82.277, 25.178 ], [ 82.29, 25.176 ], [ 82.3, 25.186 ], [ 82.296, 25.198 ], [ 82.305, 25.207 ], [ 82.319, 25.205 ], [ 82.323, 25.194 ], [ 82.337, 25.191 ], [ 82.346, 25.201 ], [ 82.36, 25.199 ], [ 82.37, 25.209 ], [ 82.383, 25.207 ], [ 82.393, 25.217 ], [ 82.389, 25.229 ], [ 82.398, 25.239 ], [ 82.412, 25.237 ], [ 82.416, 25.225 ], [ 82.43, 25.223 ], [ 82.434, 25.211 ], [ 82.448, 25.209 ], [ 82.452, 25.197 ], [ 82.442, 25.187 ], [ 82.446, 25.175 ], [ 82.46, 25.173 ], [ 82.464, 25.161 ], [ 82.478, 25.159 ], [ 82.482, 25.148 ], [ 82.496, 25.146 ], [ 82.505, 25.155 ], [ 82.519, 25.153 ], [ 82.523, 25.142 ], [ 82.537, 25.139 ], [ 82.541, 25.128 ], [ 82.555, 25.126 ], [ 82.564, 25.135 ], [ 82.578, 25.133 ], [ 82.588, 25.143 ], [ 82.601, 25.141 ], [ 82.611, 25.151 ], [ 82.607, 25.163 ], [ 82.616, 25.173 ], [ 82.612, 25.184 ], [ 82.598, 25.186 ], [ 82.594, 25.198 ], [ 82.581, 25.2 ], [ 82.576, 25.212 ], [ 82.586, 25.222 ], [ 82.6, 25.22 ], [ 82.604, 25.208 ], [ 82.618, 25.206 ], [ 82.622, 25.194 ], [ 82.635, 25.192 ], [ 82.645, 25.202 ], [ 82.659, 25.2 ], [ 82.663, 25.188 ], [ 82.677, 25.186 ], [ 82.681, 25.174 ], [ 82.694, 25.172 ], [ 82.699, 25.16 ], [ 82.712, 25.158 ], [ 82.717, 25.146 ], [ 82.73, 25.144 ], [ 82.734, 25.132 ] ] ] ] } },
{ "type": "Feature", "properties": { "POLYGON.ID": 1144.0, "subregion": "India--Uttar Pradesh--Mirzapur--Forests", "FILTER": "Uttar Pradesh", "POLYGON": "India--Uttar Pradesh--Mirzapur--Forests", "STATE": "Uttar Pradesh", "COUNTY": "Mirzapur", "OWNER": null }, "geometry": { "type": "MultiPolygon", "coordinates": [ [ [ [ 82.982, 24.87 ], [ 82.992, 24.88 ], [ 83.006, 24.878 ], [ 83.015, 24.887 ], [ 83.029, 24.885 ], [ 83.033, 24.873 ], [ 83.047, 24.871 ], [ 83.056, 24.881 ], [ 83.07, 24.879 ], [ 83.08, 24.889 ], [ 83.076, 24.901 ], [ 83.085, 24.91 ], [ 83.081, 24.922 ], [ 83.067, 24.924 ], [ 83.063, 24.936 ], [ 83.073, 24.946 ], [ 83.069, 24.958 ], [ 83.055, 24.96 ], [ 83.051, 24.972 ], [ 83.06, 24.982 ], [ 83.056, 24.994 ], [ 83.066, 25.004 ], [ 83.062, 25.015 ], [ 83.071, 25.025 ], [ 83.067, 25.037 ], [ 83.077, 25.047 ], [ 83.073, 25.059 ], [ 83.059, 25.061 ], [ 83.049, 25.051 ], [ 83.035, 25.053 ], [ 83.031, 25.065 ], [ 83.018, 25.067 ], [ 83.008, 25.057 ], [ 82.994, 25.06 ], [ 82.985, 25.05 ], [ 82.971, 25.052 ], [ 82.967, 25.064 ], [ 82.953, 25.066 ], [ 82.943, 25.056 ], [ 82.93, 25.058 ], [ 82.925, 25.07 ], [ 82.912, 25.072 ], [ 82.908, 25.084 ], [ 82.894, 25.086 ], [ 82.89, 25.098 ], [ 82.876, 25.1 ], [ 82.866, 25.09 ], [ 82.853, 25.092 ], [ 82.843, 25.082 ], [ 82.829, 25.084 ], [ 82.825, 25.096 ], [ 82.811, 25.098 ], [ 82.807, 25.11 ], [ 82.793, 25.112 ], [ 82.784, 25.103 ], [ 82.77, 25.105 ], [ 82.761, 25.095 ], [ 82.747, 25.097 ], [ 82.743, 25.109 ], [ 82.729, 25.111 ], [ 82.719, 25.101 ], [ 82.706, 25.103 ], [ 82.702, 25.115 ], [ 82.688, 25.117 ], [ 82.678, 25.107 ], [ 82.665, 25.109 ], [ 82.655, 25.099 ], [ 82.641, 25.101 ], [ 82.637, 25.113 ], [ 82.623, 25.115 ], [ 82.614, 25.106 ], [ 82.6, 25.108 ], [ 82.596, 25.119 ], [ 82.582, 25.122 ], [ 82.578, 25.133 ], [ 82.564, 25.135 ], [ 82.555, 25.126 ], [ 82.541, 25.128 ], [ 82.537, 25.139 ], [ 82.523, 25.142 ], [ 82.519, 25.153 ], [ 82.505, 25.155 ], [ 82.496, 25.146 ], [ 82.482, 25.148 ], [ 82.478, 25.159 ], [ 82.464, 25.161 ], [ 82.455, 25.152 ], [ 82.441, 25.154 ], [ 82.431, 25.144 ], [ 82.418, 25.146 ], [ 82.408, 25.136 ], [ 82.394, 25.138 ], [ 82.385, 25.128 ], [ 82.371, 25.13 ], [ 82.367, 25.142 ], [ 82.353, 25.144 ], [ 82.344, 25.134 ], [ 82.33, 25.136 ], [ 82.321, 25.127 ], [ 82.307, 25.129 ], [ 82.297, 25.119 ], [ 82.302, 25.107 ], [ 82.315, 25.105 ], [ 82.319, 25.093 ], [ 82.31, 25.083 ], [ 82.314, 25.071 ], [ 82.305, 25.062 ], [ 82.309, 25.05 ], [ 82.299, 25.04 ], [ 82.303, 25.028 ], [ 82.294, 25.018 ], [ 82.298, 25.006 ], [ 82.288, 24.997 ], [ 82.275, 24.999 ], [ 82.265, 24.989 ], [ 82.269, 24.977 ], [ 82.26, 24.967 ], [ 82.246, 24.969 ], [ 82.237, 24.959 ], [ 82.223, 24.961 ], [ 82.214, 24.952 ], [ 82.218, 24.94 ], [ 82.208, 24.93 ], [ 82.195, 24.932 ], [ 82.185, 24.922 ], [ 82.171, 24.924 ], [ 82.162, 24.914 ], [ 82.166, 24.902 ], [ 82.156, 24.893 ], [ 82.143, 24.895 ], [ 82.133, 24.885 ], [ 82.137, 24.873 ], [ 82.128, 24.863 ], [ 82.114, 24.865 ], [ 82.105, 24.855 ], [ 82.109, 24.843 ], [ 82.099, 24.834 ], [ 82.086, 24.836 ], [ 82.076, 24.826 ], [ 82.081, 24.814 ], [ 82.094, 24.812 ], [ 82.098, 24.8 ], [ 82.112, 24.798 ], [ 82.116, 24.786 ], [ 82.13, 24.784 ], [ 82.139, 24.794 ], [ 82.153, 24.792 ], [ 82.162, 24.802 ], [ 82.176, 24.8 ], [ 82.18, 24.788 ], [ 82.194, 24.786 ], [ 82.198, 24.774 ], [ 82.189, 24.764 ], [ 82.193, 24.752 ], [ 82.183, 24.743 ], [ 82.187, 24.731 ], [ 82.201, 24.729 ], [ 82.211, 24.738 ], [ 82.206, 24.75 ], [ 82.216, 24.76 ], [ 82.23, 24.758 ], [ 82.234, 24.746 ], [ 82.247, 24.744 ], [ 82.251, 24.732 ], [ 82.242, 24.723 ], [ 82.246, 24.711 ], [ 82.237, 24.701 ], [ 82.241, 24.689 ], [ 82.231, 24.679 ], [ 82.235, 24.667 ], [ 82.249, 24.665 ], [ 82.259, 24.675 ], [ 82.272, 24.673 ], [ 82.282, 24.683 ], [ 82.295, 24.681 ], [ 82.3, 24.669 ], [ 82.29, 24.659 ], [ 82.294, 24.647 ], [ 82.308, 24.645 ], [ 82.312, 24.633 ], [ 82.303, 24.623 ], [ 82.307, 24.611 ], [ 82.32, 24.609 ], [ 82.33, 24.619 ], [ 82.344, 24.617 ], [ 82.348, 24.605 ], [ 82.361, 24.603 ], [ 82.365, 24.591 ], [ 82.379, 24.589 ], [ 82.389, 24.599 ], [ 82.402, 24.597 ], [ 82.412, 24.607 ], [ 82.408, 24.619 ], [ 82.417, 24.629 ], [ 82.413, 24.641 ], [ 82.423, 24.65 ], [ 82.418, 24.662 ], [ 82.405, 24.664 ], [ 82.401, 24.676 ], [ 82.41, 24.686 ], [ 82.424, 24.684 ], [ 82.433, 24.694 ], [ 82.447, 24.692 ], [ 82.451, 24.68 ], [ 82.465, 24.678 ], [ 82.469, 24.666 ], [ 82.483, 24.664 ], [ 82.492, 24.674 ], [ 82.506, 24.672 ], [ 82.515, 24.681 ], [ 82.511, 24.693 ], [ 82.521, 24.703 ], [ 82.535, 24.701 ], [ 82.544, 24.711 ], [ 82.54, 24.723 ], [ 82.549, 24.733 ], [ 82.545, 24.745 ], [ 82.555, 24.754 ], [ 82.551, 24.766 ], [ 82.537, 24.768 ], [ 82.533, 24.78 ], [ 82.542, 24.79 ], [ 82.538, 24.802 ], [ 82.548, 24.812 ], [ 82.561, 24.81 ], [ 82.571, 24.82 ], [ 82.585, 24.817 ], [ 82.594, 24.827 ], [ 82.608, 24.825 ], [ 82.612, 24.813 ], [ 82.626, 24.811 ], [ 82.63, 24.799 ], [ 82.644, 24.797 ], [ 82.648, 24.785 ], [ 82.662, 24.783 ], [ 82.671, 24.793 ], [ 82.685, 24.791 ], [ 82.694, 24.801 ], [ 82.708, 24.799 ], [ 82.718, 24.809 ], [ 82.731, 24.807 ], [ 82.741, 24.816 ], [ 82.755, 24.814 ], [ 82.764, 24.824 ], [ 82.778, 24.822 ], [ 82.787, 24.832 ], [ 82.801, 24.83 ], [ 82.811, 24.84 ], [ 82.824, 24.838 ], [ 82.834, 24.847 ], [ 82.848, 24.845 ], [ 82.852, 24.833 ], [ 82.866, 24.831 ], [ 82.875, 24.841 ], [ 82.889, 24.839 ], [ 82.899, 24.849 ], [ 82.912, 24.847 ], [ 82.922, 24.856 ], [ 82.936, 24.854 ], [ 82.945, 24.864 ], [ 82.959, 24.862 ], [ 82.969, 24.872 ], [ 82.982, 24.87 ] ] ] ] } },
{ "type": "Feature", "properties": { "POLYGON.ID": 1147.0, "subregion": "India--Uttar Pradesh--Prayagraj--Ganga River", "FILTER": "Uttar Pradesh", "POLYGON": "India--Uttar Pradesh--Prayagraj--Ganga River", "STATE": "Uttar Pradesh", "COUNTY": "Prayagraj", "OWNER": null }, "geometry": { "type": "MultiPolygon", "coordinates": [ [ [ [ 81.685, 25.531 ], [ 81.681, 25.543 ], [ 81.667, 25.545 ], [ 81.657, 25.535 ], [ 81.644, 25.537 ], [ 81.634, 25.527 ], [ 81.639, 25.515 ], [ 81.652, 25.514 ], [ 81.656, 25.502 ], [ 81.67, 25.5 ], [ 81.674, 25.488 ], [ 81.688, 25.486 ], [ 81.697, 25.496 ], [ 81.711, 25.494 ], [ 81.715, 25.482 ], [ 81.729, 25.48 ], [ 81.733, 25.469 ], [ 81.747, 25.467 ], [ 81.751, 25.455 ], [ 81.764, 25.453 ], [ 81.774, 25.463 ], [ 81.787, 25.461 ], [ 81.797, 25.471 ], [ 81.811, 25.469 ], [ 81.82, 25.479 ], [ 81.834, 25.477 ], [ 81.843, 25.487 ], [ 81.857, 25.485 ], [ 81.866, 25.494 ], [ 81.88, 25.492 ], [ 81.884, 25.481 ], [ 81.875, 25.471 ], [ 81.879, 25.459 ], [ 81.869, 25.449 ], [ 81.874, 25.438 ], [ 81.864, 25.428 ], [ 81.868, 25.416 ], [ 81.882, 25.414 ], [ 81.886, 25.402 ], [ 81.877, 25.392 ], [ 81.881, 25.381 ], [ 81.894, 25.379 ], [ 81.899, 25.367 ], [ 81.889, 25.357 ], [ 81.893, 25.345 ], [ 81.907, 25.343 ], [ 81.911, 25.332 ], [ 81.925, 25.33 ], [ 81.929, 25.318 ], [ 81.943, 25.316 ], [ 81.947, 25.304 ], [ 81.96, 25.302 ], [ 81.97, 25.312 ], [ 81.984, 25.31 ], [ 81.988, 25.298 ], [ 82.001, 25.296 ], [ 82.011, 25.306 ], [ 82.025, 25.304 ], [ 82.034, 25.314 ], [ 82.048, 25.312 ], [ 82.052, 25.3 ], [ 82.066, 25.298 ], [ 82.07, 25.286 ], [ 82.06, 25.277 ], [ 82.064, 25.265 ], [ 82.078, 25.263 ], [ 82.082, 25.251 ], [ 82.096, 25.249 ], [ 82.105, 25.259 ], [ 82.119, 25.257 ], [ 82.129, 25.267 ], [ 82.142, 25.265 ], [ 82.152, 25.275 ], [ 82.148, 25.286 ], [ 82.157, 25.296 ], [ 82.171, 25.294 ], [ 82.18, 25.304 ], [ 82.194, 25.302 ], [ 82.198, 25.29 ], [ 82.212, 25.288 ], [ 82.216, 25.276 ], [ 82.206, 25.267 ], [ 82.211, 25.255 ], [ 82.201, 25.245 ], [ 82.187, 25.247 ], [ 82.178, 25.237 ], [ 82.182, 25.225 ], [ 82.173, 25.216 ], [ 82.177, 25.204 ], [ 82.19, 25.202 ], [ 82.195, 25.19 ], [ 82.185, 25.18 ], [ 82.189, 25.168 ], [ 82.203, 25.166 ], [ 82.207, 25.154 ], [ 82.221, 25.152 ], [ 82.23, 25.162 ], [ 82.244, 25.16 ], [ 82.253, 25.17 ], [ 82.249, 25.182 ], [ 82.236, 25.184 ], [ 82.231, 25.196 ], [ 82.218, 25.198 ], [ 82.214, 25.21 ], [ 82.223, 25.219 ], [ 82.219, 25.231 ], [ 82.228, 25.241 ], [ 82.224, 25.253 ], [ 82.234, 25.263 ], [ 82.23, 25.274 ], [ 82.239, 25.284 ], [ 82.235, 25.296 ], [ 82.221, 25.298 ], [ 82.217, 25.31 ], [ 82.203, 25.312 ], [ 82.199, 25.324 ], [ 82.186, 25.326 ], [ 82.181, 25.337 ], [ 82.168, 25.339 ], [ 82.158, 25.33 ], [ 82.145, 25.332 ], [ 82.135, 25.322 ], [ 82.139, 25.31 ], [ 82.13, 25.3 ], [ 82.116, 25.302 ], [ 82.107, 25.292 ], [ 82.093, 25.294 ], [ 82.089, 25.306 ], [ 82.098, 25.316 ], [ 82.094, 25.328 ], [ 82.104, 25.337 ], [ 82.099, 25.349 ], [ 82.086, 25.351 ], [ 82.082, 25.363 ], [ 82.068, 25.365 ], [ 82.064, 25.377 ], [ 82.05, 25.379 ], [ 82.041, 25.369 ], [ 82.027, 25.371 ], [ 82.023, 25.383 ], [ 82.009, 25.385 ], [ 82.0, 25.375 ], [ 81.986, 25.377 ], [ 81.976, 25.367 ], [ 81.963, 25.369 ], [ 81.959, 25.381 ], [ 81.945, 25.383 ], [ 81.941, 25.394 ], [ 81.927, 25.396 ], [ 81.923, 25.408 ], [ 81.932, 25.418 ], [ 81.928, 25.43 ], [ 81.938, 25.44 ], [ 81.934, 25.451 ], [ 81.943, 25.461 ], [ 81.939, 25.473 ], [ 81.948, 25.483 ], [ 81.944, 25.494 ], [ 81.954, 25.504 ], [ 81.95, 25.516 ], [ 81.936, 25.518 ], [ 81.932, 25.53 ], [ 81.918, 25.532 ], [ 81.914, 25.543 ], [ 81.9, 25.545 ], [ 81.891, 25.536 ], [ 81.877, 25.537 ], [ 81.868, 25.528 ], [ 81.854, 25.53 ], [ 81.85, 25.541 ], [ 81.836, 25.543 ], [ 81.827, 25.533 ], [ 81.813, 25.535 ], [ 81.803, 25.526 ], [ 81.79, 25.528 ], [ 81.78, 25.518 ], [ 81.767, 25.52 ], [ 81.757, 25.51 ], [ 81.743, 25.512 ], [ 81.739, 25.524 ], [ 81.726, 25.525 ], [ 81.722, 25.537 ], [ 81.708, 25.539 ], [ 81.698, 25.529 ], [ 81.685, 25.531 ] ] ] ] } },
{ "type": "Feature", "properties": { "POLYGON.ID": 1148.0, "subregion": "India--Uttar Pradesh--Prayagraj--Forests", "FILTER": "Uttar Pradesh", "POLYGON": "India--Uttar Pradesh--Prayagraj--Forests", "STATE": "Uttar Pradesh", "COUNTY": "Prayagraj", "OWNER": null }, "geometry": { "type": "MultiPolygon", "coordinates": [ [ [ [ 81.563, 25.292 ], [ 81.553, 25.282 ], [ 81.557, 25.27 ], [ 81.548, 25.261 ], [ 81.552, 25.249 ], [ 81.543, 25.239 ], [ 81.547, 25.227 ], [ 81.537, 25.217 ], [ 81.541, 25.206 ], [ 81.532, 25.196 ], [ 81.536, 25.184 ], [ 81.55, 25.182 ], [ 81.559, 25.192 ], [ 81.573, 25.19 ], [ 81.577, 25.178 ], [ 81.591, 25.176 ], [ 81.595, 25.165 ], [ 81.585, 25.155 ], [ 81.59, 25.143 ], [ 81.603, 25.141 ], [ 81.607, 25.129 ], [ 81.598, 25.119 ], [ 81.602, 25.108 ], [ 81.593, 25.098 ], [ 81.597, 25.086 ], [ 81.61, 25.084 ], [ 81.614, 25.072 ], [ 81.605, 25.063 ], [ 81.609, 25.051 ], [ 81.623, 25.049 ], [ 81.632, 25.059 ], [ 81.646, 25.057 ], [ 81.65, 25.045 ], [ 81.664, 25.043 ], [ 81.673, 25.053 ], [ 81.687, 25.051 ], [ 81.691, 25.039 ], [ 81.705, 25.037 ], [ 81.709, 25.025 ], [ 81.722, 25.023 ], [ 81.732, 25.033 ], [ 81.745, 25.031 ], [ 81.75, 25.019 ], [ 81.763, 25.017 ], [ 81.767, 25.006 ], [ 81.781, 25.004 ], [ 81.79, 25.013 ], [ 81.804, 25.011 ], [ 81.808, 25.0 ], [ 81.822, 24.998 ], [ 81.831, 25.008 ], [ 81.845, 25.006 ], [ 81.854, 25.015 ], [ 81.868, 25.013 ], [ 81.872, 25.002 ], [ 81.886, 25.0 ], [ 81.89, 24.988 ], [ 81.904, 24.986 ], [ 81.908, 24.974 ], [ 81.898, 24.964 ], [ 81.902, 24.952 ], [ 81.916, 24.95 ], [ 81.92, 24.939 ], [ 81.911, 24.929 ], [ 81.915, 24.917 ], [ 81.905, 24.907 ], [ 81.91, 24.895 ], [ 81.9, 24.885 ], [ 81.904, 24.874 ], [ 81.918, 24.872 ], [ 81.922, 24.86 ], [ 81.936, 24.858 ], [ 81.94, 24.846 ], [ 81.954, 24.844 ], [ 81.958, 24.832 ], [ 81.971, 24.83 ], [ 81.981, 24.84 ], [ 81.994, 24.838 ], [ 82.004, 24.848 ], [ 82.018, 24.846 ], [ 82.022, 24.834 ], [ 82.035, 24.832 ], [ 82.04, 24.82 ], [ 82.053, 24.818 ], [ 82.063, 24.828 ], [ 82.076, 24.826 ], [ 82.086, 24.836 ], [ 82.099, 24.834 ], [ 82.109, 24.843 ], [ 82.105, 24.855 ], [ 82.114, 24.865 ], [ 82.128, 24.863 ], [ 82.137, 24.873 ], [ 82.133, 24.885 ], [ 82.143, 24.895 ], [ 82.156, 24.893 ], [ 82.166, 24.902 ], [ 82.162, 24.914 ], [ 82.171, 24.924 ], [ 82.185, 24.922 ], [ 82.195, 24.932 ], [ 82.208, 24.93 ], [ 82.218, 24.94 ], [ 82.214, 24.952 ], [ 82.223, 24.961 ], [ 82.237, 24.959 ], [ 82.246, 24.969 ], [ 82.26, 24.967 ], [ 82.269, 24.977 ], [ 82.265, 24.989 ], [ 82.275, 24.999 ], [ 82.288, 24.997 ], [ 82.298, 25.006 ], [ 82.294, 25.018 ], [ 82.303, 25.028 ], [ 82.299, 25.04 ], [ 82.309, 25.05 ], [ 82.305, 25.062 ], [ 82.314, 25.071 ], [ 82.31, 25.083 ], [ 82.319, 25.093 ], [ 82.315, 25.105 ], [ 82.302, 25.107 ], [ 82.297, 25.119 ], [ 82.307, 25.129 ], [ 82.303, 25.14 ], [ 82.289, 25.142 ], [ 82.28, 25.133 ], [ 82.266, 25.135 ], [ 82.256, 25.125 ], [ 82.261, 25.113 ], [ 82.251, 25.103 ], [ 82.237, 25.105 ], [ 82.228, 25.095 ], [ 82.214, 25.097 ], [ 82.21, 25.109 ], [ 82.22, 25.119 ], [ 82.215, 25.131 ], [ 82.202, 25.133 ], [ 82.198, 25.145 ], [ 82.184, 25.147 ], [ 82.18, 25.158 ], [ 82.166, 25.16 ], [ 82.156, 25.151 ], [ 82.143, 25.153 ], [ 82.139, 25.164 ], [ 82.125, 25.166 ], [ 82.121, 25.178 ], [ 82.107, 25.18 ], [ 82.098, 25.17 ], [ 82.084, 25.172 ], [ 82.08, 25.184 ], [ 82.066, 25.186 ], [ 82.057, 25.176 ], [ 82.043, 25.178 ], [ 82.033, 25.169 ], [ 82.02, 25.171 ], [ 82.01, 25.161 ], [ 81.997, 25.163 ], [ 81.987, 25.153 ], [ 81.974, 25.155 ], [ 81.969, 25.167 ], [ 81.956, 25.169 ], [ 81.946, 25.159 ], [ 81.933, 25.161 ], [ 81.923, 25.151 ], [ 81.909, 25.153 ], [ 81.905, 25.165 ], [ 81.892, 25.167 ], [ 81.882, 25.157 ], [ 81.868, 25.159 ], [ 81.859, 25.149 ], [ 81.845, 25.151 ], [ 81.841, 25.163 ], [ 81.828, 25.165 ], [ 81.818, 25.155 ], [ 81.804, 25.157 ], [ 81.795, 25.147 ], [ 81.781, 25.149 ], [ 81.777, 25.161 ], [ 81.764, 25.163 ], [ 81.759, 25.175 ], [ 81.746, 25.177 ], [ 81.742, 25.188 ], [ 81.728, 25.19 ], [ 81.724, 25.202 ], [ 81.733, 25.212 ], [ 81.729, 25.224 ], [ 81.715, 25.226 ], [ 81.711, 25.237 ], [ 81.721, 25.247 ], [ 81.717, 25.259 ], [ 81.726, 25.269 ], [ 81.722, 25.281 ], [ 81.708, 25.282 ], [ 81.704, 25.294 ], [ 81.714, 25.304 ], [ 81.709, 25.316 ], [ 81.719, 25.326 ], [ 81.715, 25.337 ], [ 81.701, 25.339 ], [ 81.692, 25.33 ], [ 81.678, 25.331 ], [ 81.674, 25.343 ], [ 81.66, 25.345 ], [ 81.651, 25.335 ], [ 81.637, 25.337 ], [ 81.628, 25.327 ], [ 81.614, 25.329 ], [ 81.605, 25.32 ], [ 81.609, 25.308 ], [ 81.599, 25.298 ], [ 81.586, 25.3 ], [ 81.576, 25.29 ], [ 81.563, 25.292 ] ] ] ] } },
{ "type": "Feature", "properties": { "POLYGON.ID": 1149.0, "subregion": "India--Uttar Pradesh--Prayagraj--Yamuna River", "FILTER": "Uttar Pradesh", "POLYGON": "India--Uttar Pradesh--Prayagraj--Yamuna River", "STATE": "Uttar Pradesh", "COUNTY": "Una", "OWNER": null }, "geometry": { "type": "MultiPolygon", "coordinates": [ [ [ [ 81.874, 25.438 ], [ 81.869, 25.449 ], [ 81.856, 25.451 ], [ 81.846, 25.441 ], [ 81.833, 25.443 ], [ 81.823, 25.434 ], [ 81.809, 25.436 ], [ 81.8, 25.426 ], [ 81.804, 25.414 ], [ 81.795, 25.404 ], [ 81.781, 25.406 ], [ 81.772, 25.396 ], [ 81.776, 25.385 ], [ 81.766, 25.375 ], [ 81.77, 25.363 ], [ 81.761, 25.353 ], [ 81.747, 25.355 ], [ 81.743, 25.367 ], [ 81.729, 25.369 ], [ 81.72, 25.359 ], [ 81.706, 25.361 ], [ 81.702, 25.373 ], [ 81.689, 25.375 ], [ 81.679, 25.365 ], [ 81.665, 25.367 ], [ 81.661, 25.378 ], [ 81.648, 25.38 ], [ 81.638, 25.371 ], [ 81.625, 25.373 ], [ 81.615, 25.363 ], [ 81.619, 25.351 ], [ 81.61, 25.341 ], [ 81.596, 25.343 ], [ 81.587, 25.333 ], [ 81.573, 25.335 ], [ 81.564, 25.325 ], [ 81.55, 25.327 ], [ 81.541, 25.317 ], [ 81.545, 25.306 ], [ 81.558, 25.304 ], [ 81.563, 25.292 ], [ 81.576, 25.29 ], [ 81.586, 25.3 ], [ 81.599, 25.298 ], [ 81.609, 25.308 ], [ 81.605, 25.32 ], [ 81.614, 25.329 ], [ 81.628, 25.327 ], [ 81.637, 25.337 ], [ 81.651, 25.335 ], [ 81.66, 25.345 ], [ 81.674, 25.343 ], [ 81.678, 25.331 ], [ 81.692, 25.33 ], [ 81.701, 25.339 ], [ 81.715, 25.337 ], [ 81.719, 25.326 ], [ 81.733, 25.324 ], [ 81.742, 25.334 ], [ 81.756, 25.332 ], [ 81.76, 25.32 ], [ 81.773, 25.318 ], [ 81.778, 25.306 ], [ 81.791, 25.304 ], [ 81.801, 25.314 ], [ 81.814, 25.312 ], [ 81.824, 25.322 ], [ 81.82, 25.334 ], [ 81.829, 25.343 ], [ 81.825, 25.355 ], [ 81.811, 25.357 ], [ 81.807, 25.369 ], [ 81.817, 25.379 ], [ 81.812, 25.39 ], [ 81.822, 25.4 ], [ 81.836, 25.398 ], [ 81.845, 25.408 ], [ 81.859, 25.406 ], [ 81.868, 25.416 ], [ 81.864, 25.428 ], [ 81.874, 25.438 ] ] ] ] } },
{ "type": "Feature", "properties": { "POLYGON.ID": 1150.0, "subregion": "India--Uttar Pradesh--Chitrakoot--Forests", "FILTER": "Uttar Pradesh", "POLYGON": "India--Uttar Pradesh--Chitrakoot--Forests", "STATE": "Uttar Pradesh", "COUNTY": "Chitrakoot", "OWNER": null }, "geometry": { "type": "MultiPolygon", "coordinates": [ [ [ [ 80.875, 25.265 ], [ 80.862, 25.267 ], [ 80.852, 25.257 ], [ 80.839, 25.259 ], [ 80.835, 25.271 ], [ 80.821, 25.273 ], [ 80.812, 25.263 ], [ 80.798, 25.265 ], [ 80.789, 25.255 ], [ 80.775, 25.257 ], [ 80.766, 25.247 ], [ 80.752, 25.249 ], [ 80.743, 25.239 ], [ 80.747, 25.227 ], [ 80.738, 25.217 ], [ 80.742, 25.206 ], [ 80.733, 25.196 ], [ 80.719, 25.198 ], [ 80.71, 25.188 ], [ 80.696, 25.19 ], [ 80.687, 25.18 ], [ 80.673, 25.182 ], [ 80.664, 25.172 ], [ 80.651, 25.174 ], [ 80.641, 25.164 ], [ 80.645, 25.152 ], [ 80.659, 25.15 ], [ 80.663, 25.139 ], [ 80.677, 25.137 ], [ 80.681, 25.125 ], [ 80.671, 25.115 ], [ 80.676, 25.104 ], [ 80.689, 25.102 ], [ 80.693, 25.09 ], [ 80.684, 25.08 ], [ 80.688, 25.068 ], [ 80.679, 25.059 ], [ 80.683, 25.047 ], [ 80.696, 25.045 ], [ 80.706, 25.055 ], [ 80.719, 25.053 ], [ 80.729, 25.063 ], [ 80.742, 25.061 ], [ 80.746, 25.049 ], [ 80.76, 25.047 ], [ 80.769, 25.057 ], [ 80.783, 25.055 ], [ 80.792, 25.065 ], [ 80.788, 25.077 ], [ 80.797, 25.087 ], [ 80.793, 25.099 ], [ 80.802, 25.108 ], [ 80.816, 25.107 ], [ 80.82, 25.095 ], [ 80.834, 25.093 ], [ 80.843, 25.103 ], [ 80.857, 25.101 ], [ 80.866, 25.111 ], [ 80.879, 25.109 ], [ 80.884, 25.097 ], [ 80.874, 25.087 ], [ 80.878, 25.076 ], [ 80.869, 25.066 ], [ 80.873, 25.054 ], [ 80.864, 25.044 ], [ 80.85, 25.046 ], [ 80.841, 25.036 ], [ 80.845, 25.024 ], [ 80.836, 25.015 ], [ 80.84, 25.003 ], [ 80.831, 24.993 ], [ 80.817, 24.995 ], [ 80.808, 24.985 ], [ 80.812, 24.973 ], [ 80.803, 24.963 ], [ 80.807, 24.952 ], [ 80.82, 24.95 ], [ 80.824, 24.938 ], [ 80.815, 24.928 ], [ 80.819, 24.917 ], [ 80.833, 24.915 ], [ 80.842, 24.924 ], [ 80.856, 24.923 ], [ 80.865, 24.932 ], [ 80.878, 24.931 ], [ 80.888, 24.94 ], [ 80.901, 24.939 ], [ 80.911, 24.948 ], [ 80.924, 24.947 ], [ 80.934, 24.956 ], [ 80.947, 24.954 ], [ 80.951, 24.943 ], [ 80.965, 24.941 ], [ 80.969, 24.929 ], [ 80.983, 24.927 ], [ 80.992, 24.937 ], [ 81.005, 24.935 ], [ 81.01, 24.923 ], [ 81.023, 24.921 ], [ 81.033, 24.931 ], [ 81.046, 24.929 ], [ 81.055, 24.939 ], [ 81.069, 24.937 ], [ 81.073, 24.926 ], [ 81.087, 24.924 ], [ 81.091, 24.912 ], [ 81.104, 24.91 ], [ 81.109, 24.898 ], [ 81.122, 24.896 ], [ 81.126, 24.885 ], [ 81.14, 24.883 ], [ 81.149, 24.893 ], [ 81.145, 24.904 ], [ 81.154, 24.914 ], [ 81.15, 24.926 ], [ 81.16, 24.936 ], [ 81.173, 24.934 ], [ 81.183, 24.944 ], [ 81.196, 24.942 ], [ 81.2, 24.93 ], [ 81.214, 24.928 ], [ 81.223, 24.938 ], [ 81.219, 24.95 ], [ 81.229, 24.96 ], [ 81.224, 24.971 ], [ 81.234, 24.981 ], [ 81.23, 24.993 ], [ 81.239, 25.003 ], [ 81.235, 25.015 ], [ 81.244, 25.024 ], [ 81.258, 25.022 ], [ 81.267, 25.032 ], [ 81.263, 25.044 ], [ 81.272, 25.054 ], [ 81.268, 25.066 ], [ 81.278, 25.076 ], [ 81.274, 25.087 ], [ 81.26, 25.089 ], [ 81.256, 25.101 ], [ 81.265, 25.111 ], [ 81.261, 25.123 ], [ 81.27, 25.132 ], [ 81.266, 25.144 ], [ 81.276, 25.154 ], [ 81.289, 25.152 ], [ 81.299, 25.162 ], [ 81.312, 25.16 ], [ 81.322, 25.17 ], [ 81.335, 25.168 ], [ 81.339, 25.156 ], [ 81.353, 25.154 ], [ 81.357, 25.142 ], [ 81.371, 25.141 ], [ 81.375, 25.129 ], [ 81.389, 25.127 ], [ 81.393, 25.115 ], [ 81.406, 25.113 ], [ 81.41, 25.101 ], [ 81.424, 25.099 ], [ 81.428, 25.088 ], [ 81.442, 25.086 ], [ 81.451, 25.096 ], [ 81.465, 25.094 ], [ 81.469, 25.082 ], [ 81.483, 25.08 ], [ 81.492, 25.09 ], [ 81.506, 25.088 ], [ 81.515, 25.098 ], [ 81.511, 25.109 ], [ 81.52, 25.119 ], [ 81.516, 25.131 ], [ 81.526, 25.141 ], [ 81.521, 25.153 ], [ 81.531, 25.163 ], [ 81.527, 25.174 ], [ 81.536, 25.184 ], [ 81.532, 25.196 ], [ 81.541, 25.206 ], [ 81.537, 25.217 ], [ 81.547, 25.227 ], [ 81.543, 25.239 ], [ 81.552, 25.249 ], [ 81.548, 25.261 ], [ 81.534, 25.263 ], [ 81.525, 25.253 ], [ 81.511, 25.255 ], [ 81.502, 25.245 ], [ 81.488, 25.247 ], [ 81.479, 25.237 ], [ 81.465, 25.239 ], [ 81.456, 25.229 ], [ 81.442, 25.231 ], [ 81.433, 25.221 ], [ 81.419, 25.223 ], [ 81.41, 25.213 ], [ 81.396, 25.215 ], [ 81.387, 25.205 ], [ 81.373, 25.207 ], [ 81.369, 25.219 ], [ 81.355, 25.221 ], [ 81.346, 25.211 ], [ 81.332, 25.213 ], [ 81.323, 25.203 ], [ 81.309, 25.205 ], [ 81.3, 25.195 ], [ 81.286, 25.197 ], [ 81.282, 25.209 ], [ 81.268, 25.211 ], [ 81.259, 25.201 ], [ 81.245, 25.203 ], [ 81.241, 25.215 ], [ 81.228, 25.216 ], [ 81.218, 25.207 ], [ 81.205, 25.209 ], [ 81.195, 25.199 ], [ 81.182, 25.201 ], [ 81.178, 25.212 ], [ 81.164, 25.214 ], [ 81.16, 25.226 ], [ 81.146, 25.228 ], [ 81.137, 25.218 ], [ 81.123, 25.22 ], [ 81.119, 25.232 ], [ 81.106, 25.234 ], [ 81.096, 25.224 ], [ 81.083, 25.226 ], [ 81.078, 25.237 ], [ 81.065, 25.239 ], [ 81.055, 25.229 ], [ 81.042, 25.231 ], [ 81.033, 25.221 ], [ 81.019, 25.223 ], [ 81.01, 25.213 ], [ 80.996, 25.215 ], [ 80.987, 25.205 ], [ 80.973, 25.207 ], [ 80.964, 25.197 ], [ 80.95, 25.199 ], [ 80.946, 25.211 ], [ 80.932, 25.213 ], [ 80.928, 25.225 ], [ 80.938, 25.234 ], [ 80.934, 25.246 ], [ 80.943, 25.256 ], [ 80.939, 25.268 ], [ 80.925, 25.27 ], [ 80.916, 25.26 ], [ 80.902, 25.262 ], [ 80.898, 25.273 ], [ 80.885, 25.275 ], [ 80.875, 25.265 ] ] ] ] } },
{ "type": "Feature", "properties": { "POLYGON.ID": 1151.0, "subregion": "India--Uttar Pradesh--Chitrakoot--Yamuna River", "FILTER": "Uttar Pradesh", "POLYGON": "India--Uttar Pradesh--Chitrakoot--Yamuna River", "STATE": "Uttar Pradesh", "COUNTY": "Chitrakoot", "OWNER": null }, "geometry": { "type": "MultiPolygon", "coordinates": [ [ [ [ 81.376, 25.307 ], [ 81.367, 25.297 ], [ 81.371, 25.286 ], [ 81.362, 25.276 ], [ 81.366, 25.264 ], [ 81.379, 25.262 ], [ 81.383, 25.25 ], [ 81.397, 25.248 ], [ 81.407, 25.258 ], [ 81.42, 25.256 ], [ 81.424, 25.245 ], [ 81.438, 25.243 ], [ 81.442, 25.231 ], [ 81.456, 25.229 ], [ 81.465, 25.239 ], [ 81.479, 25.237 ], [ 81.488, 25.247 ], [ 81.502, 25.245 ], [ 81.511, 25.255 ], [ 81.525, 25.253 ], [ 81.534, 25.263 ], [ 81.548, 25.261 ], [ 81.557, 25.27 ], [ 81.553, 25.282 ], [ 81.563, 25.292 ], [ 81.558, 25.304 ], [ 81.545, 25.306 ], [ 81.535, 25.296 ], [ 81.522, 25.298 ], [ 81.512, 25.288 ], [ 81.499, 25.29 ], [ 81.489, 25.28 ], [ 81.476, 25.282 ], [ 81.471, 25.294 ], [ 81.458, 25.296 ], [ 81.448, 25.286 ], [ 81.435, 25.288 ], [ 81.425, 25.278 ], [ 81.412, 25.28 ], [ 81.408, 25.292 ], [ 81.417, 25.301 ], [ 81.413, 25.313 ], [ 81.422, 25.323 ], [ 81.418, 25.335 ], [ 81.405, 25.337 ], [ 81.4, 25.348 ], [ 81.387, 25.35 ], [ 81.383, 25.362 ], [ 81.369, 25.364 ], [ 81.36, 25.354 ], [ 81.346, 25.356 ], [ 81.342, 25.368 ], [ 81.328, 25.37 ], [ 81.319, 25.36 ], [ 81.305, 25.362 ], [ 81.296, 25.352 ], [ 81.282, 25.354 ], [ 81.273, 25.344 ], [ 81.259, 25.346 ], [ 81.255, 25.358 ], [ 81.264, 25.367 ], [ 81.26, 25.379 ], [ 81.247, 25.381 ], [ 81.237, 25.371 ], [ 81.224, 25.373 ], [ 81.219, 25.385 ], [ 81.229, 25.395 ], [ 81.225, 25.406 ], [ 81.234, 25.416 ], [ 81.23, 25.428 ], [ 81.216, 25.43 ], [ 81.212, 25.441 ], [ 81.222, 25.451 ], [ 81.217, 25.463 ], [ 81.204, 25.465 ], [ 81.2, 25.477 ], [ 81.209, 25.486 ], [ 81.205, 25.498 ], [ 81.191, 25.5 ], [ 81.187, 25.512 ], [ 81.174, 25.513 ], [ 81.169, 25.525 ], [ 81.156, 25.527 ], [ 81.146, 25.517 ], [ 81.133, 25.519 ], [ 81.129, 25.531 ], [ 81.115, 25.533 ], [ 81.106, 25.523 ], [ 81.092, 25.525 ], [ 81.088, 25.536 ], [ 81.074, 25.538 ], [ 81.07, 25.55 ], [ 81.057, 25.552 ], [ 81.052, 25.563 ], [ 81.039, 25.565 ], [ 81.029, 25.555 ], [ 81.016, 25.557 ], [ 81.006, 25.548 ], [ 81.011, 25.536 ], [ 81.024, 25.534 ], [ 81.028, 25.522 ], [ 81.042, 25.52 ], [ 81.046, 25.509 ], [ 81.06, 25.507 ], [ 81.064, 25.495 ], [ 81.077, 25.493 ], [ 81.087, 25.503 ], [ 81.1, 25.501 ], [ 81.105, 25.49 ], [ 81.118, 25.488 ], [ 81.122, 25.476 ], [ 81.113, 25.466 ], [ 81.099, 25.468 ], [ 81.09, 25.458 ], [ 81.094, 25.447 ], [ 81.085, 25.437 ], [ 81.089, 25.425 ], [ 81.102, 25.423 ], [ 81.107, 25.411 ], [ 81.12, 25.41 ], [ 81.124, 25.398 ], [ 81.138, 25.396 ], [ 81.142, 25.384 ], [ 81.156, 25.382 ], [ 81.16, 25.371 ], [ 81.173, 25.369 ], [ 81.178, 25.357 ], [ 81.191, 25.355 ], [ 81.195, 25.344 ], [ 81.209, 25.342 ], [ 81.213, 25.33 ], [ 81.227, 25.328 ], [ 81.231, 25.316 ], [ 81.244, 25.314 ], [ 81.254, 25.324 ], [ 81.267, 25.322 ], [ 81.272, 25.311 ], [ 81.285, 25.309 ], [ 81.295, 25.319 ], [ 81.308, 25.317 ], [ 81.318, 25.326 ], [ 81.331, 25.325 ], [ 81.341, 25.334 ], [ 81.354, 25.333 ], [ 81.358, 25.321 ], [ 81.372, 25.319 ], [ 81.376, 25.307 ] ] ] ] } },
{ "type": "Feature", "properties": { "POLYGON.ID": 1152.0, "subregion": "India--Uttar Pradesh--Kaushambi--Ganga River", "FILTER": "Uttar Pradesh", "POLYGON": "India--Uttar Pradesh--Kaushambi--Ganga River", "STATE": "Uttar Pradesh", "COUNTY": "Kaushambi", "OWNER": null }, "geometry": { "type": "MultiPolygon", "coordinates": [ [ [ [ 81.622, 25.562 ], [ 81.626, 25.551 ], [ 81.617, 25.541 ], [ 81.621, 25.529 ], [ 81.634, 25.527 ], [ 81.644, 25.537 ], [ 81.657, 25.535 ], [ 81.667, 25.545 ], [ 81.663, 25.557 ], [ 81.672, 25.566 ], [ 81.668, 25.578 ], [ 81.654, 25.58 ], [ 81.65, 25.592 ], [ 81.66, 25.602 ], [ 81.656, 25.613 ], [ 81.642, 25.615 ], [ 81.632, 25.605 ], [ 81.619, 25.607 ], [ 81.615, 25.619 ], [ 81.601, 25.621 ], [ 81.592, 25.611 ], [ 81.578, 25.613 ], [ 81.568, 25.603 ], [ 81.555, 25.605 ], [ 81.551, 25.617 ], [ 81.537, 25.619 ], [ 81.533, 25.63 ], [ 81.542, 25.64 ], [ 81.538, 25.652 ], [ 81.524, 25.654 ], [ 81.52, 25.666 ], [ 81.53, 25.675 ], [ 81.526, 25.687 ], [ 81.512, 25.689 ], [ 81.503, 25.679 ], [ 81.489, 25.681 ], [ 81.479, 25.671 ], [ 81.466, 25.673 ], [ 81.462, 25.685 ], [ 81.448, 25.687 ], [ 81.439, 25.677 ], [ 81.425, 25.679 ], [ 81.421, 25.691 ], [ 81.407, 25.692 ], [ 81.403, 25.704 ], [ 81.412, 25.714 ], [ 81.408, 25.726 ], [ 81.418, 25.735 ], [ 81.413, 25.747 ], [ 81.423, 25.757 ], [ 81.419, 25.769 ], [ 81.405, 25.77 ], [ 81.401, 25.782 ], [ 81.387, 25.784 ], [ 81.383, 25.796 ], [ 81.37, 25.797 ], [ 81.365, 25.809 ], [ 81.352, 25.811 ], [ 81.348, 25.823 ], [ 81.334, 25.825 ], [ 81.325, 25.815 ], [ 81.329, 25.803 ], [ 81.319, 25.793 ], [ 81.323, 25.782 ], [ 81.337, 25.78 ], [ 81.341, 25.768 ], [ 81.355, 25.766 ], [ 81.359, 25.755 ], [ 81.373, 25.753 ], [ 81.377, 25.741 ], [ 81.367, 25.731 ], [ 81.354, 25.733 ], [ 81.344, 25.723 ], [ 81.348, 25.712 ], [ 81.339, 25.702 ], [ 81.343, 25.69 ], [ 81.357, 25.688 ], [ 81.361, 25.677 ], [ 81.375, 25.675 ], [ 81.379, 25.663 ], [ 81.392, 25.661 ], [ 81.397, 25.649 ], [ 81.41, 25.648 ], [ 81.414, 25.636 ], [ 81.428, 25.634 ], [ 81.437, 25.644 ], [ 81.451, 25.642 ], [ 81.455, 25.63 ], [ 81.469, 25.628 ], [ 81.473, 25.617 ], [ 81.487, 25.615 ], [ 81.491, 25.603 ], [ 81.504, 25.601 ], [ 81.509, 25.589 ], [ 81.522, 25.587 ], [ 81.526, 25.576 ], [ 81.54, 25.574 ], [ 81.544, 25.562 ], [ 81.558, 25.56 ], [ 81.562, 25.548 ], [ 81.576, 25.547 ], [ 81.585, 25.556 ], [ 81.599, 25.554 ], [ 81.608, 25.564 ], [ 81.622, 25.562 ] ] ] ] } },
{ "type": "Feature", "properties": { "POLYGON.ID": 1160.0, "subregion": "India--Uttar Pradesh--Lakhimpur Kheri--Sharda River", "FILTER": "Uttar Pradesh", "POLYGON": "India--Uttar Pradesh--Lakhimpur Kheri--Sharda River", "STATE": "Uttar Pradesh", "COUNTY": "Harda", "OWNER": null }, "geometry": { "type": "MultiPolygon", "coordinates": [ [ [ [ 80.899, 28.087 ], [ 80.904, 28.075 ], [ 80.918, 28.074 ], [ 80.924, 28.062 ], [ 80.938, 28.06 ], [ 80.948, 28.07 ], [ 80.962, 28.069 ], [ 80.972, 28.079 ], [ 80.986, 28.077 ], [ 80.996, 28.087 ], [ 80.99, 28.098 ], [ 80.976, 28.1 ], [ 80.971, 28.111 ], [ 80.956, 28.113 ], [ 80.951, 28.125 ], [ 80.936, 28.126 ], [ 80.931, 28.138 ], [ 80.917, 28.139 ], [ 80.912, 28.151 ], [ 80.897, 28.153 ], [ 80.892, 28.164 ], [ 80.877, 28.166 ], [ 80.872, 28.177 ], [ 80.858, 28.179 ], [ 80.852, 28.19 ], [ 80.838, 28.192 ], [ 80.833, 28.204 ], [ 80.818, 28.205 ], [ 80.813, 28.217 ], [ 80.798, 28.218 ], [ 80.793, 28.23 ], [ 80.778, 28.232 ], [ 80.773, 28.243 ], [ 80.759, 28.245 ], [ 80.753, 28.256 ], [ 80.739, 28.258 ], [ 80.734, 28.27 ], [ 80.719, 28.271 ], [ 80.714, 28.283 ], [ 80.699, 28.284 ], [ 80.694, 28.296 ], [ 80.679, 28.297 ], [ 80.674, 28.309 ], [ 80.684, 28.319 ], [ 80.678, 28.331 ], [ 80.664, 28.332 ], [ 80.659, 28.344 ], [ 80.644, 28.345 ], [ 80.639, 28.357 ], [ 80.624, 28.359 ], [ 80.619, 28.37 ], [ 80.604, 28.372 ], [ 80.599, 28.383 ], [ 80.584, 28.385 ], [ 80.579, 28.396 ], [ 80.564, 28.398 ], [ 80.559, 28.41 ], [ 80.544, 28.411 ], [ 80.539, 28.423 ], [ 80.525, 28.424 ], [ 80.519, 28.436 ], [ 80.505, 28.438 ], [ 80.495, 28.428 ], [ 80.48, 28.429 ], [ 80.475, 28.441 ], [ 80.461, 28.442 ], [ 80.455, 28.454 ], [ 80.441, 28.456 ], [ 80.435, 28.467 ], [ 80.445, 28.477 ], [ 80.44, 28.489 ], [ 80.425, 28.49 ], [ 80.42, 28.502 ], [ 80.405, 28.503 ], [ 80.395, 28.493 ], [ 80.381, 28.495 ], [ 80.371, 28.485 ], [ 80.357, 28.487 ], [ 80.347, 28.477 ], [ 80.352, 28.465 ], [ 80.367, 28.464 ], [ 80.372, 28.452 ], [ 80.363, 28.442 ], [ 80.368, 28.43 ], [ 80.383, 28.429 ], [ 80.388, 28.417 ], [ 80.403, 28.416 ], [ 80.408, 28.404 ], [ 80.423, 28.403 ], [ 80.428, 28.391 ], [ 80.443, 28.389 ], [ 80.448, 28.378 ], [ 80.463, 28.376 ], [ 80.468, 28.365 ], [ 80.483, 28.363 ], [ 80.492, 28.373 ], [ 80.507, 28.371 ], [ 80.516, 28.381 ], [ 80.531, 28.38 ], [ 80.536, 28.368 ], [ 80.551, 28.367 ], [ 80.556, 28.355 ], [ 80.546, 28.345 ], [ 80.552, 28.334 ], [ 80.566, 28.332 ], [ 80.572, 28.32 ], [ 80.586, 28.319 ], [ 80.591, 28.307 ], [ 80.582, 28.297 ], [ 80.587, 28.286 ], [ 80.602, 28.284 ], [ 80.607, 28.273 ], [ 80.622, 28.271 ], [ 80.627, 28.259 ], [ 80.642, 28.258 ], [ 80.647, 28.246 ], [ 80.661, 28.245 ], [ 80.667, 28.233 ], [ 80.681, 28.231 ], [ 80.686, 28.22 ], [ 80.701, 28.218 ], [ 80.706, 28.207 ], [ 80.697, 28.197 ], [ 80.702, 28.185 ], [ 80.717, 28.184 ], [ 80.722, 28.172 ], [ 80.736, 28.171 ], [ 80.742, 28.159 ], [ 80.756, 28.157 ], [ 80.761, 28.146 ], [ 80.776, 28.144 ], [ 80.781, 28.133 ], [ 80.796, 28.131 ], [ 80.801, 28.12 ], [ 80.815, 28.118 ], [ 80.821, 28.106 ], [ 80.835, 28.105 ], [ 80.84, 28.093 ], [ 80.855, 28.092 ], [ 80.864, 28.101 ], [ 80.879, 28.1 ], [ 80.884, 28.088 ], [ 80.899, 28.087 ] ] ] ] } },
{ "type": "Feature", "properties": { "POLYGON.ID": 1190.0, "subregion": "India--Uttar Pradesh--Gautam Buddha Nagar--Yamuna River", "FILTER": "Uttar Pradesh", "POLYGON": "India--Uttar Pradesh--Gautam Buddha Nagar--Yamuna River", "STATE": "Uttar Pradesh", "COUNTY": "Una", "OWNER": null }, "geometry": { "type": "MultiPolygon", "coordinates": [ [ [ [ 77.329, 28.527 ], [ 77.334, 28.515 ], [ 77.349, 28.514 ], [ 77.358, 28.524 ], [ 77.373, 28.523 ], [ 77.382, 28.533 ], [ 77.376, 28.545 ], [ 77.362, 28.546 ], [ 77.356, 28.558 ], [ 77.341, 28.559 ], [ 77.335, 28.57 ], [ 77.32, 28.572 ], [ 77.314, 28.583 ], [ 77.323, 28.593 ], [ 77.317, 28.605 ], [ 77.302, 28.606 ], [ 77.297, 28.618 ], [ 77.282, 28.619 ], [ 77.276, 28.631 ], [ 77.261, 28.632 ], [ 77.252, 28.622 ], [ 77.237, 28.623 ], [ 77.228, 28.613 ], [ 77.234, 28.601 ], [ 77.249, 28.6 ], [ 77.254, 28.588 ], [ 77.245, 28.578 ], [ 77.251, 28.567 ], [ 77.266, 28.565 ], [ 77.272, 28.554 ], [ 77.287, 28.553 ], [ 77.293, 28.541 ], [ 77.308, 28.54 ], [ 77.314, 28.528 ], [ 77.329, 28.527 ] ] ] ] } },
{ "type": "Feature", "properties": { "POLYGON.ID": 1187.0, "subregion": "India--Uttar Pradesh--Aligarh--Yamuna River", "FILTER": "Uttar Pradesh", "POLYGON": "India--Uttar Pradesh--Aligarh--Yamuna River", "STATE": "Uttar Pradesh", "COUNTY": "Una", "OWNER": null }, "geometry": { "type": "MultiPolygon", "coordinates": [ [ [ [ 77.518, 27.929 ], [ 77.532, 27.928 ], [ 77.538, 27.917 ], [ 77.553, 27.915 ], [ 77.562, 27.926 ], [ 77.556, 27.937 ], [ 77.565, 27.947 ], [ 77.559, 27.959 ], [ 77.545, 27.96 ], [ 77.539, 27.971 ], [ 77.548, 27.981 ], [ 77.542, 27.993 ], [ 77.551, 28.003 ], [ 77.545, 28.014 ], [ 77.554, 28.025 ], [ 77.549, 28.036 ], [ 77.534, 28.037 ], [ 77.528, 28.049 ], [ 77.513, 28.05 ], [ 77.508, 28.062 ], [ 77.517, 28.072 ], [ 77.511, 28.083 ], [ 77.496, 28.084 ], [ 77.49, 28.096 ], [ 77.475, 28.097 ], [ 77.466, 28.087 ], [ 77.472, 28.076 ], [ 77.463, 28.065 ], [ 77.469, 28.054 ], [ 77.46, 28.044 ], [ 77.466, 28.032 ], [ 77.481, 28.031 ], [ 77.486, 28.02 ], [ 77.501, 28.018 ], [ 77.507, 28.007 ], [ 77.498, 27.997 ], [ 77.504, 27.985 ], [ 77.495, 27.975 ], [ 77.5, 27.964 ], [ 77.491, 27.954 ], [ 77.497, 27.942 ], [ 77.488, 27.932 ], [ 77.494, 27.921 ], [ 77.509, 27.919 ], [ 77.518, 27.929 ] ] ] ] } },
{ "type": "Feature", "properties": { "POLYGON.ID": 1185.0, "subregion": "India--Uttar Pradesh--Agra--Town", "FILTER": "Uttar Pradesh", "POLYGON": "India--Uttar Pradesh--Agra--Town", "STATE": "Uttar Pradesh", "COUNTY": "Agra", "OWNER": null }, "geometry": { "type": "MultiPolygon", "coordinates": [ [ [ [ 77.988, 27.213 ], [ 77.979, 27.203 ], [ 77.964, 27.204 ], [ 77.959, 27.216 ], [ 77.944, 27.217 ], [ 77.935, 27.207 ], [ 77.921, 27.208 ], [ 77.912, 27.198 ], [ 77.917, 27.187 ], [ 77.908, 27.177 ], [ 77.894, 27.178 ], [ 77.885, 27.168 ], [ 77.89, 27.157 ], [ 77.882, 27.147 ], [ 77.887, 27.135 ], [ 77.902, 27.134 ], [ 77.907, 27.123 ], [ 77.922, 27.122 ], [ 77.928, 27.11 ], [ 77.919, 27.1 ], [ 77.924, 27.089 ], [ 77.939, 27.088 ], [ 77.944, 27.076 ], [ 77.959, 27.075 ], [ 77.965, 27.064 ], [ 77.979, 27.062 ], [ 77.988, 27.072 ], [ 78.003, 27.071 ], [ 78.012, 27.081 ], [ 78.026, 27.08 ], [ 78.035, 27.09 ], [ 78.029, 27.101 ], [ 78.038, 27.111 ], [ 78.053, 27.11 ], [ 78.062, 27.12 ], [ 78.077, 27.119 ], [ 78.085, 27.129 ], [ 78.08, 27.14 ], [ 78.089, 27.15 ], [ 78.083, 27.161 ], [ 78.069, 27.163 ], [ 78.06, 27.153 ], [ 78.045, 27.154 ], [ 78.04, 27.165 ], [ 78.025, 27.167 ], [ 78.019, 27.178 ], [ 78.005, 27.179 ], [ 77.999, 27.191 ], [ 78.008, 27.201 ], [ 78.003, 27.212 ], [ 77.988, 27.213 ] ] ] ] } },
{ "type": "Feature", "properties": { "POLYGON.ID": 1184.0, "subregion": "India--Uttar Pradesh--Agra--Yamuna River", "FILTER": "Uttar Pradesh", "POLYGON": "India--Uttar Pradesh--Agra--Yamuna River", "STATE": "Uttar Pradesh", "COUNTY": "Una", "OWNER": null }, "geometry": { "type": "MultiPolygon", "coordinates": [ [ [ [ 78.093, 27.225 ], [ 78.102, 27.236 ], [ 78.097, 27.247 ], [ 78.082, 27.248 ], [ 78.077, 27.26 ], [ 78.062, 27.261 ], [ 78.053, 27.251 ], [ 78.038, 27.252 ], [ 78.033, 27.263 ], [ 78.018, 27.265 ], [ 78.013, 27.276 ], [ 77.998, 27.277 ], [ 77.992, 27.289 ], [ 77.978, 27.29 ], [ 77.972, 27.301 ], [ 77.958, 27.303 ], [ 77.949, 27.293 ], [ 77.934, 27.294 ], [ 77.928, 27.305 ], [ 77.914, 27.307 ], [ 77.905, 27.297 ], [ 77.89, 27.298 ], [ 77.885, 27.309 ], [ 77.87, 27.31 ], [ 77.861, 27.3 ], [ 77.846, 27.302 ], [ 77.837, 27.292 ], [ 77.843, 27.28 ], [ 77.834, 27.27 ], [ 77.819, 27.272 ], [ 77.811, 27.261 ], [ 77.816, 27.25 ], [ 77.807, 27.24 ], [ 77.813, 27.229 ], [ 77.827, 27.227 ], [ 77.833, 27.216 ], [ 77.848, 27.215 ], [ 77.857, 27.225 ], [ 77.871, 27.224 ], [ 77.88, 27.234 ], [ 77.895, 27.232 ], [ 77.9, 27.221 ], [ 77.915, 27.22 ], [ 77.921, 27.208 ], [ 77.935, 27.207 ], [ 77.944, 27.217 ], [ 77.959, 27.216 ], [ 77.964, 27.204 ], [ 77.979, 27.203 ], [ 77.988, 27.213 ], [ 78.003, 27.212 ], [ 78.008, 27.201 ], [ 77.999, 27.191 ], [ 78.005, 27.179 ], [ 78.019, 27.178 ], [ 78.025, 27.167 ], [ 78.04, 27.165 ], [ 78.045, 27.154 ], [ 78.06, 27.153 ], [ 78.069, 27.163 ], [ 78.083, 27.161 ], [ 78.092, 27.171 ], [ 78.107, 27.17 ], [ 78.112, 27.159 ], [ 78.127, 27.157 ], [ 78.136, 27.167 ], [ 78.151, 27.166 ], [ 78.156, 27.155 ], [ 78.171, 27.153 ], [ 78.176, 27.142 ], [ 78.191, 27.141 ], [ 78.2, 27.151 ], [ 78.194, 27.162 ], [ 78.203, 27.172 ], [ 78.218, 27.171 ], [ 78.227, 27.181 ], [ 78.221, 27.192 ], [ 78.207, 27.194 ], [ 78.201, 27.205 ], [ 78.186, 27.206 ], [ 78.177, 27.196 ], [ 78.163, 27.198 ], [ 78.157, 27.209 ], [ 78.143, 27.21 ], [ 78.134, 27.2 ], [ 78.119, 27.201 ], [ 78.114, 27.213 ], [ 78.099, 27.214 ], [ 78.093, 27.225 ] ] ] ] } },
{ "type": "Feature", "properties": { "POLYGON.ID": 1183.0, "subregion": "India--Uttar Pradesh--Firozabad--Yamuna River", "FILTER": "Uttar Pradesh", "POLYGON": "India--Uttar Pradesh--Firozabad--Yamuna River", "STATE": "Uttar Pradesh", "COUNTY": "Firozabad", "OWNER": null }, "geometry": { "type": "MultiPolygon", "coordinates": [ [ [ [ 78.173, 27.121 ], [ 78.187, 27.119 ], [ 78.193, 27.108 ], [ 78.184, 27.098 ], [ 78.19, 27.087 ], [ 78.204, 27.085 ], [ 78.21, 27.074 ], [ 78.224, 27.073 ], [ 78.23, 27.062 ], [ 78.244, 27.06 ], [ 78.253, 27.07 ], [ 78.268, 27.069 ], [ 78.273, 27.058 ], [ 78.288, 27.056 ], [ 78.293, 27.045 ], [ 78.308, 27.044 ], [ 78.317, 27.054 ], [ 78.331, 27.052 ], [ 78.34, 27.062 ], [ 78.355, 27.061 ], [ 78.361, 27.05 ], [ 78.375, 27.048 ], [ 78.381, 27.037 ], [ 78.395, 27.036 ], [ 78.401, 27.024 ], [ 78.392, 27.014 ], [ 78.377, 27.016 ], [ 78.368, 27.006 ], [ 78.354, 27.007 ], [ 78.345, 26.997 ], [ 78.35, 26.986 ], [ 78.341, 26.976 ], [ 78.327, 26.977 ], [ 78.318, 26.967 ], [ 78.323, 26.956 ], [ 78.314, 26.946 ], [ 78.32, 26.934 ], [ 78.334, 26.933 ], [ 78.343, 26.943 ], [ 78.358, 26.942 ], [ 78.367, 26.952 ], [ 78.381, 26.95 ], [ 78.387, 26.939 ], [ 78.401, 26.938 ], [ 78.407, 26.926 ], [ 78.421, 26.925 ], [ 78.43, 26.935 ], [ 78.445, 26.934 ], [ 78.454, 26.944 ], [ 78.468, 26.942 ], [ 78.474, 26.931 ], [ 78.488, 26.93 ], [ 78.494, 26.918 ], [ 78.485, 26.908 ], [ 78.49, 26.897 ], [ 78.505, 26.896 ], [ 78.51, 26.884 ], [ 78.525, 26.883 ], [ 78.534, 26.893 ], [ 78.548, 26.892 ], [ 78.557, 26.902 ], [ 78.572, 26.9 ], [ 78.581, 26.91 ], [ 78.595, 26.909 ], [ 78.601, 26.898 ], [ 78.592, 26.888 ], [ 78.597, 26.876 ], [ 78.612, 26.875 ], [ 78.617, 26.864 ], [ 78.632, 26.862 ], [ 78.637, 26.851 ], [ 78.652, 26.85 ], [ 78.657, 26.838 ], [ 78.671, 26.837 ], [ 78.68, 26.847 ], [ 78.675, 26.858 ], [ 78.684, 26.868 ], [ 78.698, 26.867 ], [ 78.707, 26.877 ], [ 78.722, 26.876 ], [ 78.727, 26.864 ], [ 78.742, 26.863 ], [ 78.747, 26.852 ], [ 78.762, 26.85 ], [ 78.767, 26.839 ], [ 78.782, 26.838 ], [ 78.787, 26.826 ], [ 78.802, 26.825 ], [ 78.811, 26.835 ], [ 78.825, 26.833 ], [ 78.834, 26.843 ], [ 78.829, 26.855 ], [ 78.838, 26.865 ], [ 78.832, 26.876 ], [ 78.841, 26.886 ], [ 78.836, 26.897 ], [ 78.821, 26.899 ], [ 78.816, 26.91 ], [ 78.825, 26.92 ], [ 78.819, 26.931 ], [ 78.805, 26.932 ], [ 78.8, 26.944 ], [ 78.785, 26.945 ], [ 78.776, 26.935 ], [ 78.762, 26.937 ], [ 78.756, 26.948 ], [ 78.742, 26.949 ], [ 78.736, 26.961 ], [ 78.722, 26.962 ], [ 78.713, 26.952 ], [ 78.698, 26.953 ], [ 78.689, 26.943 ], [ 78.675, 26.945 ], [ 78.669, 26.956 ], [ 78.655, 26.957 ], [ 78.649, 26.969 ], [ 78.635, 26.97 ], [ 78.629, 26.981 ], [ 78.615, 26.983 ], [ 78.606, 26.973 ], [ 78.591, 26.974 ], [ 78.586, 26.986 ], [ 78.571, 26.987 ], [ 78.566, 26.998 ], [ 78.551, 27.0 ], [ 78.546, 27.011 ], [ 78.531, 27.012 ], [ 78.522, 27.002 ], [ 78.508, 27.004 ], [ 78.502, 27.015 ], [ 78.488, 27.016 ], [ 78.479, 27.006 ], [ 78.464, 27.008 ], [ 78.459, 27.019 ], [ 78.468, 27.029 ], [ 78.462, 27.04 ], [ 78.471, 27.05 ], [ 78.466, 27.062 ], [ 78.451, 27.063 ], [ 78.446, 27.074 ], [ 78.431, 27.076 ], [ 78.422, 27.066 ], [ 78.408, 27.067 ], [ 78.402, 27.078 ], [ 78.388, 27.08 ], [ 78.382, 27.091 ], [ 78.391, 27.101 ], [ 78.385, 27.112 ], [ 78.394, 27.122 ], [ 78.389, 27.134 ], [ 78.374, 27.135 ], [ 78.369, 27.146 ], [ 78.354, 27.148 ], [ 78.349, 27.159 ], [ 78.334, 27.16 ], [ 78.325, 27.15 ], [ 78.311, 27.152 ], [ 78.305, 27.163 ], [ 78.291, 27.164 ], [ 78.282, 27.154 ], [ 78.267, 27.156 ], [ 78.261, 27.167 ], [ 78.247, 27.168 ], [ 78.241, 27.18 ], [ 78.227, 27.181 ], [ 78.218, 27.171 ], [ 78.203, 27.172 ], [ 78.194, 27.162 ], [ 78.2, 27.151 ], [ 78.191, 27.141 ], [ 78.176, 27.142 ], [ 78.167, 27.132 ], [ 78.173, 27.121 ] ] ] ] } },
{ "type": "Feature", "properties": { "POLYGON.ID": 1182.0, "subregion": "India--Uttar Pradesh--Agra--Chambal River", "FILTER": "Uttar Pradesh", "POLYGON": "India--Uttar Pradesh--Agra--Chambal River", "STATE": "Uttar Pradesh", "COUNTY": "Chamba", "OWNER": null }, "geometry": { "type": "MultiPolygon", "coordinates": [ [ [ [ 78.773, 26.741 ], [ 78.767, 26.753 ], [ 78.776, 26.763 ], [ 78.771, 26.774 ], [ 78.78, 26.784 ], [ 78.774, 26.795 ], [ 78.784, 26.805 ], [ 78.778, 26.816 ], [ 78.764, 26.818 ], [ 78.755, 26.808 ], [ 78.74, 26.809 ], [ 78.735, 26.82 ], [ 78.72, 26.822 ], [ 78.711, 26.812 ], [ 78.697, 26.813 ], [ 78.688, 26.803 ], [ 78.673, 26.805 ], [ 78.668, 26.816 ], [ 78.653, 26.817 ], [ 78.644, 26.807 ], [ 78.63, 26.809 ], [ 78.621, 26.799 ], [ 78.607, 26.8 ], [ 78.601, 26.811 ], [ 78.587, 26.813 ], [ 78.581, 26.824 ], [ 78.567, 26.825 ], [ 78.558, 26.815 ], [ 78.543, 26.817 ], [ 78.538, 26.828 ], [ 78.523, 26.829 ], [ 78.518, 26.841 ], [ 78.503, 26.842 ], [ 78.498, 26.853 ], [ 78.483, 26.855 ], [ 78.478, 26.866 ], [ 78.463, 26.867 ], [ 78.454, 26.857 ], [ 78.44, 26.859 ], [ 78.434, 26.87 ], [ 78.42, 26.871 ], [ 78.414, 26.883 ], [ 78.4, 26.884 ], [ 78.394, 26.895 ], [ 78.38, 26.897 ], [ 78.374, 26.908 ], [ 78.36, 26.909 ], [ 78.351, 26.899 ], [ 78.336, 26.9 ], [ 78.327, 26.891 ], [ 78.313, 26.892 ], [ 78.304, 26.882 ], [ 78.289, 26.883 ], [ 78.281, 26.873 ], [ 78.266, 26.875 ], [ 78.257, 26.865 ], [ 78.243, 26.866 ], [ 78.237, 26.877 ], [ 78.223, 26.878 ], [ 78.214, 26.868 ], [ 78.199, 26.87 ], [ 78.19, 26.86 ], [ 78.176, 26.861 ], [ 78.167, 26.851 ], [ 78.172, 26.84 ], [ 78.187, 26.839 ], [ 78.192, 26.827 ], [ 78.183, 26.817 ], [ 78.189, 26.806 ], [ 78.203, 26.805 ], [ 78.209, 26.793 ], [ 78.2, 26.783 ], [ 78.206, 26.772 ], [ 78.22, 26.771 ], [ 78.226, 26.76 ], [ 78.24, 26.758 ], [ 78.249, 26.768 ], [ 78.243, 26.779 ], [ 78.252, 26.789 ], [ 78.267, 26.788 ], [ 78.272, 26.777 ], [ 78.287, 26.776 ], [ 78.296, 26.785 ], [ 78.31, 26.784 ], [ 78.319, 26.794 ], [ 78.334, 26.793 ], [ 78.339, 26.782 ], [ 78.354, 26.78 ], [ 78.359, 26.769 ], [ 78.374, 26.768 ], [ 78.383, 26.778 ], [ 78.397, 26.776 ], [ 78.403, 26.765 ], [ 78.417, 26.764 ], [ 78.426, 26.774 ], [ 78.44, 26.772 ], [ 78.446, 26.761 ], [ 78.46, 26.76 ], [ 78.466, 26.748 ], [ 78.48, 26.747 ], [ 78.486, 26.736 ], [ 78.5, 26.734 ], [ 78.509, 26.744 ], [ 78.524, 26.743 ], [ 78.529, 26.732 ], [ 78.544, 26.73 ], [ 78.549, 26.719 ], [ 78.564, 26.718 ], [ 78.569, 26.706 ], [ 78.583, 26.705 ], [ 78.589, 26.694 ], [ 78.603, 26.693 ], [ 78.609, 26.681 ], [ 78.623, 26.68 ], [ 78.632, 26.69 ], [ 78.647, 26.688 ], [ 78.656, 26.698 ], [ 78.65, 26.71 ], [ 78.659, 26.72 ], [ 78.674, 26.718 ], [ 78.683, 26.728 ], [ 78.697, 26.727 ], [ 78.706, 26.737 ], [ 78.72, 26.735 ], [ 78.726, 26.724 ], [ 78.74, 26.723 ], [ 78.746, 26.712 ], [ 78.76, 26.71 ], [ 78.769, 26.72 ], [ 78.764, 26.731 ], [ 78.773, 26.741 ] ] ] ] } },
{ "type": "Feature", "properties": { "POLYGON.ID": 1181.0, "subregion": "India--Uttar Pradesh--Etawah--Chambal and Yamuna Rivers", "FILTER": "Uttar Pradesh", "POLYGON": "India--Uttar Pradesh--Etawah--Chambal and Yamuna Rivers", "STATE": "Uttar Pradesh", "COUNTY": "Una", "OWNER": null }, "geometry": { "type": "MultiPolygon", "coordinates": [ [ [ [ 79.209, 26.635 ], [ 79.194, 26.636 ], [ 79.189, 26.648 ], [ 79.174, 26.649 ], [ 79.169, 26.66 ], [ 79.155, 26.662 ], [ 79.149, 26.673 ], [ 79.135, 26.674 ], [ 79.13, 26.686 ], [ 79.115, 26.687 ], [ 79.11, 26.698 ], [ 79.095, 26.7 ], [ 79.09, 26.711 ], [ 79.076, 26.712 ], [ 79.07, 26.724 ], [ 79.056, 26.725 ], [ 79.05, 26.736 ], [ 79.036, 26.738 ], [ 79.031, 26.749 ], [ 79.04, 26.759 ], [ 79.034, 26.77 ], [ 79.02, 26.772 ], [ 79.015, 26.783 ], [ 79.0, 26.784 ], [ 78.995, 26.796 ], [ 78.98, 26.797 ], [ 78.975, 26.808 ], [ 78.96, 26.81 ], [ 78.955, 26.821 ], [ 78.941, 26.822 ], [ 78.932, 26.812 ], [ 78.917, 26.814 ], [ 78.912, 26.825 ], [ 78.897, 26.827 ], [ 78.892, 26.838 ], [ 78.877, 26.839 ], [ 78.872, 26.851 ], [ 78.858, 26.852 ], [ 78.852, 26.863 ], [ 78.838, 26.865 ], [ 78.829, 26.855 ], [ 78.834, 26.843 ], [ 78.825, 26.833 ], [ 78.811, 26.835 ], [ 78.802, 26.825 ], [ 78.787, 26.826 ], [ 78.778, 26.816 ], [ 78.784, 26.805 ], [ 78.774, 26.795 ], [ 78.78, 26.784 ], [ 78.771, 26.774 ], [ 78.776, 26.763 ], [ 78.767, 26.753 ], [ 78.773, 26.741 ], [ 78.764, 26.731 ], [ 78.769, 26.72 ], [ 78.784, 26.719 ], [ 78.789, 26.707 ], [ 78.804, 26.706 ], [ 78.809, 26.695 ], [ 78.823, 26.693 ], [ 78.829, 26.682 ], [ 78.82, 26.672 ], [ 78.825, 26.661 ], [ 78.84, 26.66 ], [ 78.845, 26.648 ], [ 78.836, 26.638 ], [ 78.841, 26.627 ], [ 78.832, 26.617 ], [ 78.838, 26.606 ], [ 78.852, 26.605 ], [ 78.858, 26.593 ], [ 78.872, 26.592 ], [ 78.877, 26.581 ], [ 78.892, 26.579 ], [ 78.897, 26.568 ], [ 78.912, 26.567 ], [ 78.921, 26.577 ], [ 78.935, 26.575 ], [ 78.94, 26.564 ], [ 78.955, 26.563 ], [ 78.96, 26.551 ], [ 78.975, 26.55 ], [ 78.98, 26.539 ], [ 78.994, 26.537 ], [ 79.0, 26.526 ], [ 79.014, 26.525 ], [ 79.019, 26.513 ], [ 79.01, 26.503 ], [ 79.016, 26.492 ], [ 79.03, 26.491 ], [ 79.036, 26.48 ], [ 79.05, 26.478 ], [ 79.055, 26.467 ], [ 79.046, 26.457 ], [ 79.052, 26.446 ], [ 79.066, 26.444 ], [ 79.071, 26.433 ], [ 79.086, 26.432 ], [ 79.095, 26.442 ], [ 79.109, 26.44 ], [ 79.118, 26.45 ], [ 79.132, 26.449 ], [ 79.138, 26.438 ], [ 79.152, 26.436 ], [ 79.161, 26.446 ], [ 79.175, 26.445 ], [ 79.181, 26.433 ], [ 79.195, 26.432 ], [ 79.204, 26.442 ], [ 79.218, 26.44 ], [ 79.227, 26.45 ], [ 79.242, 26.449 ], [ 79.251, 26.459 ], [ 79.265, 26.457 ], [ 79.274, 26.467 ], [ 79.289, 26.466 ], [ 79.298, 26.476 ], [ 79.292, 26.487 ], [ 79.301, 26.497 ], [ 79.296, 26.508 ], [ 79.305, 26.518 ], [ 79.3, 26.529 ], [ 79.309, 26.539 ], [ 79.303, 26.55 ], [ 79.312, 26.56 ], [ 79.307, 26.571 ], [ 79.293, 26.573 ], [ 79.287, 26.584 ], [ 79.273, 26.586 ], [ 79.268, 26.597 ], [ 79.253, 26.598 ], [ 79.248, 26.61 ], [ 79.257, 26.619 ], [ 79.252, 26.631 ], [ 79.237, 26.632 ], [ 79.232, 26.643 ], [ 79.218, 26.645 ], [ 79.209, 26.635 ] ] ] ] } },
{ "type": "Feature", "properties": { "POLYGON.ID": 1180.0, "subregion": "India--Uttar Pradesh--Jalaun--Pahuj River", "FILTER": "Uttar Pradesh", "POLYGON": "India--Uttar Pradesh--Jalaun--Pahuj River", "STATE": "Uttar Pradesh", "COUNTY": "Jalaun", "OWNER": null }, "geometry": { "type": "MultiPolygon", "coordinates": [ [ [ [ 78.922, 25.944 ], [ 78.936, 25.943 ], [ 78.942, 25.932 ], [ 78.956, 25.931 ], [ 78.965, 25.94 ], [ 78.979, 25.939 ], [ 78.988, 25.949 ], [ 78.983, 25.96 ], [ 78.992, 25.97 ], [ 79.006, 25.968 ], [ 79.015, 25.978 ], [ 79.01, 25.989 ], [ 79.019, 25.999 ], [ 79.033, 25.998 ], [ 79.042, 26.008 ], [ 79.036, 26.019 ], [ 79.045, 26.029 ], [ 79.04, 26.04 ], [ 79.049, 26.05 ], [ 79.044, 26.061 ], [ 79.053, 26.071 ], [ 79.047, 26.082 ], [ 79.056, 26.092 ], [ 79.07, 26.09 ], [ 79.079, 26.1 ], [ 79.094, 26.099 ], [ 79.103, 26.109 ], [ 79.097, 26.12 ], [ 79.106, 26.13 ], [ 79.121, 26.128 ], [ 79.13, 26.138 ], [ 79.124, 26.149 ], [ 79.133, 26.159 ], [ 79.147, 26.158 ], [ 79.156, 26.168 ], [ 79.151, 26.179 ], [ 79.16, 26.189 ], [ 79.155, 26.2 ], [ 79.164, 26.21 ], [ 79.158, 26.221 ], [ 79.167, 26.231 ], [ 79.182, 26.23 ], [ 79.191, 26.239 ], [ 79.185, 26.251 ], [ 79.194, 26.26 ], [ 79.189, 26.272 ], [ 79.198, 26.282 ], [ 79.193, 26.293 ], [ 79.202, 26.303 ], [ 79.196, 26.314 ], [ 79.205, 26.324 ], [ 79.2, 26.335 ], [ 79.209, 26.345 ], [ 79.204, 26.356 ], [ 79.213, 26.366 ], [ 79.207, 26.377 ], [ 79.216, 26.387 ], [ 79.231, 26.386 ], [ 79.24, 26.395 ], [ 79.234, 26.407 ], [ 79.22, 26.408 ], [ 79.215, 26.419 ], [ 79.2, 26.421 ], [ 79.195, 26.432 ], [ 79.181, 26.433 ], [ 79.175, 26.445 ], [ 79.161, 26.446 ], [ 79.152, 26.436 ], [ 79.138, 26.438 ], [ 79.132, 26.449 ], [ 79.118, 26.45 ], [ 79.109, 26.44 ], [ 79.095, 26.442 ], [ 79.086, 26.432 ], [ 79.071, 26.433 ], [ 79.062, 26.423 ], [ 79.068, 26.412 ], [ 79.059, 26.402 ], [ 79.064, 26.391 ], [ 79.078, 26.39 ], [ 79.084, 26.378 ], [ 79.075, 26.368 ], [ 79.08, 26.357 ], [ 79.094, 26.356 ], [ 79.1, 26.345 ], [ 79.091, 26.335 ], [ 79.096, 26.324 ], [ 79.087, 26.314 ], [ 79.092, 26.302 ], [ 79.084, 26.293 ], [ 79.069, 26.294 ], [ 79.06, 26.284 ], [ 79.046, 26.285 ], [ 79.037, 26.276 ], [ 79.042, 26.264 ], [ 79.033, 26.255 ], [ 79.019, 26.256 ], [ 79.01, 26.246 ], [ 78.996, 26.247 ], [ 78.987, 26.238 ], [ 78.992, 26.226 ], [ 78.983, 26.216 ], [ 78.988, 26.205 ], [ 78.98, 26.195 ], [ 78.985, 26.184 ], [ 78.976, 26.174 ], [ 78.981, 26.163 ], [ 78.972, 26.153 ], [ 78.958, 26.155 ], [ 78.949, 26.145 ], [ 78.954, 26.134 ], [ 78.946, 26.124 ], [ 78.951, 26.113 ], [ 78.965, 26.111 ], [ 78.97, 26.1 ], [ 78.962, 26.09 ], [ 78.967, 26.079 ], [ 78.958, 26.069 ], [ 78.944, 26.07 ], [ 78.935, 26.061 ], [ 78.94, 26.049 ], [ 78.931, 26.04 ], [ 78.937, 26.028 ], [ 78.928, 26.019 ], [ 78.933, 26.007 ], [ 78.924, 25.998 ], [ 78.929, 25.986 ], [ 78.92, 25.977 ], [ 78.926, 25.965 ], [ 78.917, 25.956 ], [ 78.922, 25.944 ] ] ] ] } },
{ "type": "Feature", "properties": { "POLYGON.ID": 1169.0, "subregion": "India--Uttar Pradesh--Fatehpur--Ganga River", "FILTER": "Uttar Pradesh", "POLYGON": "India--Uttar Pradesh--Fatehpur--Ganga River", "STATE": "Uttar Pradesh", "COUNTY": "Fatehpur", "OWNER": null }, "geometry": { "type": "MultiPolygon", "coordinates": [ [ [ [ 80.973, 26.045 ], [ 80.982, 26.055 ], [ 80.996, 26.053 ], [ 81.001, 26.042 ], [ 81.015, 26.04 ], [ 81.02, 26.029 ], [ 81.011, 26.02 ], [ 81.016, 26.008 ], [ 81.03, 26.007 ], [ 81.035, 25.996 ], [ 81.049, 25.994 ], [ 81.054, 25.983 ], [ 81.068, 25.981 ], [ 81.073, 25.97 ], [ 81.088, 25.968 ], [ 81.091, 25.961 ], [ 81.092, 25.957 ], [ 81.106, 25.955 ], [ 81.11, 25.944 ], [ 81.124, 25.942 ], [ 81.133, 25.952 ], [ 81.147, 25.95 ], [ 81.151, 25.938 ], [ 81.164, 25.936 ], [ 81.174, 25.946 ], [ 81.187, 25.944 ], [ 81.192, 25.933 ], [ 81.205, 25.931 ], [ 81.209, 25.919 ], [ 81.2, 25.909 ], [ 81.204, 25.898 ], [ 81.195, 25.888 ], [ 81.199, 25.876 ], [ 81.189, 25.866 ], [ 81.194, 25.855 ], [ 81.207, 25.853 ], [ 81.211, 25.841 ], [ 81.225, 25.839 ], [ 81.234, 25.849 ], [ 81.248, 25.847 ], [ 81.252, 25.836 ], [ 81.266, 25.834 ], [ 81.27, 25.822 ], [ 81.284, 25.82 ], [ 81.288, 25.809 ], [ 81.301, 25.807 ], [ 81.306, 25.795 ], [ 81.319, 25.793 ], [ 81.329, 25.803 ], [ 81.325, 25.815 ], [ 81.334, 25.825 ], [ 81.33, 25.836 ], [ 81.316, 25.838 ], [ 81.312, 25.85 ], [ 81.298, 25.852 ], [ 81.294, 25.863 ], [ 81.281, 25.865 ], [ 81.276, 25.877 ], [ 81.263, 25.879 ], [ 81.253, 25.869 ], [ 81.24, 25.871 ], [ 81.236, 25.882 ], [ 81.245, 25.892 ], [ 81.241, 25.904 ], [ 81.25, 25.914 ], [ 81.246, 25.925 ], [ 81.232, 25.927 ], [ 81.228, 25.939 ], [ 81.238, 25.949 ], [ 81.234, 25.96 ], [ 81.22, 25.962 ], [ 81.216, 25.974 ], [ 81.202, 25.975 ], [ 81.198, 25.987 ], [ 81.184, 25.989 ], [ 81.175, 25.979 ], [ 81.161, 25.981 ], [ 81.157, 25.993 ], [ 81.15, 25.994 ], [ 81.143, 25.994 ], [ 81.134, 25.985 ], [ 81.12, 25.986 ], [ 81.115, 25.997 ], [ 81.101, 25.999 ], [ 81.096, 26.01 ], [ 81.082, 26.012 ], [ 81.077, 26.023 ], [ 81.063, 26.025 ], [ 81.058, 26.036 ], [ 81.067, 26.045 ], [ 81.062, 26.057 ], [ 81.048, 26.058 ], [ 81.043, 26.069 ], [ 81.052, 26.079 ], [ 81.047, 26.09 ], [ 81.033, 26.092 ], [ 81.028, 26.103 ], [ 81.014, 26.105 ], [ 81.005, 26.095 ], [ 80.991, 26.097 ], [ 80.981, 26.087 ], [ 80.967, 26.088 ], [ 80.958, 26.079 ], [ 80.944, 26.08 ], [ 80.935, 26.071 ], [ 80.921, 26.072 ], [ 80.912, 26.062 ], [ 80.897, 26.064 ], [ 80.892, 26.075 ], [ 80.878, 26.077 ], [ 80.869, 26.067 ], [ 80.855, 26.069 ], [ 80.846, 26.059 ], [ 80.832, 26.06 ], [ 80.823, 26.051 ], [ 80.808, 26.052 ], [ 80.803, 26.063 ], [ 80.813, 26.073 ], [ 80.808, 26.084 ], [ 80.817, 26.094 ], [ 80.812, 26.105 ], [ 80.798, 26.107 ], [ 80.793, 26.118 ], [ 80.778, 26.12 ], [ 80.769, 26.11 ], [ 80.755, 26.111 ], [ 80.75, 26.123 ], [ 80.736, 26.124 ], [ 80.731, 26.135 ], [ 80.717, 26.137 ], [ 80.708, 26.127 ], [ 80.693, 26.129 ], [ 80.688, 26.14 ], [ 80.674, 26.142 ], [ 80.669, 26.153 ], [ 80.678, 26.162 ], [ 80.673, 26.174 ], [ 80.659, 26.175 ], [ 80.654, 26.186 ], [ 80.663, 26.196 ], [ 80.658, 26.207 ], [ 80.644, 26.209 ], [ 80.639, 26.22 ], [ 80.648, 26.23 ], [ 80.643, 26.241 ], [ 80.629, 26.243 ], [ 80.624, 26.254 ], [ 80.61, 26.255 ], [ 80.6, 26.246 ], [ 80.586, 26.247 ], [ 80.577, 26.238 ], [ 80.563, 26.239 ], [ 80.554, 26.229 ], [ 80.539, 26.231 ], [ 80.53, 26.221 ], [ 80.535, 26.21 ], [ 80.55, 26.208 ], [ 80.555, 26.197 ], [ 80.569, 26.196 ], [ 80.574, 26.184 ], [ 80.588, 26.183 ], [ 80.593, 26.172 ], [ 80.607, 26.17 ], [ 80.612, 26.159 ], [ 80.627, 26.157 ], [ 80.632, 26.146 ], [ 80.622, 26.136 ], [ 80.628, 26.125 ], [ 80.642, 26.124 ], [ 80.647, 26.112 ], [ 80.661, 26.111 ], [ 80.666, 26.1 ], [ 80.657, 26.09 ], [ 80.662, 26.079 ], [ 80.676, 26.077 ], [ 80.681, 26.066 ], [ 80.695, 26.064 ], [ 80.704, 26.074 ], [ 80.718, 26.073 ], [ 80.724, 26.061 ], [ 80.738, 26.06 ], [ 80.743, 26.049 ], [ 80.757, 26.047 ], [ 80.762, 26.036 ], [ 80.776, 26.034 ], [ 80.781, 26.023 ], [ 80.795, 26.022 ], [ 80.8, 26.01 ], [ 80.814, 26.009 ], [ 80.819, 25.998 ], [ 80.833, 25.996 ], [ 80.843, 26.006 ], [ 80.857, 26.004 ], [ 80.866, 26.014 ], [ 80.861, 26.025 ], [ 80.87, 26.035 ], [ 80.884, 26.033 ], [ 80.893, 26.043 ], [ 80.907, 26.042 ], [ 80.912, 26.03 ], [ 80.927, 26.029 ], [ 80.936, 26.038 ], [ 80.95, 26.037 ], [ 80.959, 26.047 ], [ 80.973, 26.045 ] ] ] ] } },
{ "type": "Feature", "properties": { "POLYGON.ID": 1168.0, "subregion": "India--Uttar Pradesh--Jalaun--Yamuna River", "FILTER": "Uttar Pradesh", "POLYGON": "India--Uttar Pradesh--Jalaun--Yamuna River", "STATE": "Uttar Pradesh", "COUNTY": "Jalaun", "OWNER": null }, "geometry": { "type": "MultiPolygon", "coordinates": [ [ [ [ 79.317, 26.377 ], [ 79.326, 26.387 ], [ 79.34, 26.386 ], [ 79.349, 26.395 ], [ 79.363, 26.394 ], [ 79.369, 26.383 ], [ 79.383, 26.381 ], [ 79.392, 26.391 ], [ 79.406, 26.39 ], [ 79.415, 26.4 ], [ 79.43, 26.398 ], [ 79.435, 26.387 ], [ 79.426, 26.377 ], [ 79.431, 26.366 ], [ 79.446, 26.365 ], [ 79.451, 26.353 ], [ 79.465, 26.352 ], [ 79.47, 26.341 ], [ 79.461, 26.331 ], [ 79.467, 26.32 ], [ 79.481, 26.318 ], [ 79.486, 26.307 ], [ 79.5, 26.305 ], [ 79.506, 26.294 ], [ 79.497, 26.284 ], [ 79.502, 26.273 ], [ 79.516, 26.272 ], [ 79.522, 26.261 ], [ 79.536, 26.259 ], [ 79.541, 26.248 ], [ 79.555, 26.246 ], [ 79.561, 26.235 ], [ 79.575, 26.234 ], [ 79.584, 26.244 ], [ 79.598, 26.242 ], [ 79.603, 26.231 ], [ 79.618, 26.23 ], [ 79.623, 26.218 ], [ 79.614, 26.209 ], [ 79.619, 26.197 ], [ 79.61, 26.188 ], [ 79.615, 26.176 ], [ 79.63, 26.175 ], [ 79.635, 26.164 ], [ 79.649, 26.162 ], [ 79.654, 26.151 ], [ 79.669, 26.15 ], [ 79.674, 26.138 ], [ 79.665, 26.129 ], [ 79.67, 26.117 ], [ 79.661, 26.108 ], [ 79.666, 26.096 ], [ 79.68, 26.095 ], [ 79.689, 26.105 ], [ 79.704, 26.103 ], [ 79.709, 26.092 ], [ 79.723, 26.091 ], [ 79.728, 26.079 ], [ 79.743, 26.078 ], [ 79.752, 26.088 ], [ 79.766, 26.086 ], [ 79.771, 26.075 ], [ 79.785, 26.074 ], [ 79.794, 26.083 ], [ 79.808, 26.082 ], [ 79.818, 26.092 ], [ 79.832, 26.09 ], [ 79.837, 26.079 ], [ 79.851, 26.078 ], [ 79.856, 26.067 ], [ 79.871, 26.065 ], [ 79.876, 26.054 ], [ 79.89, 26.052 ], [ 79.895, 26.041 ], [ 79.909, 26.04 ], [ 79.918, 26.05 ], [ 79.913, 26.061 ], [ 79.922, 26.071 ], [ 79.917, 26.082 ], [ 79.926, 26.091 ], [ 79.921, 26.103 ], [ 79.907, 26.104 ], [ 79.902, 26.115 ], [ 79.887, 26.117 ], [ 79.882, 26.128 ], [ 79.868, 26.129 ], [ 79.859, 26.12 ], [ 79.845, 26.121 ], [ 79.836, 26.111 ], [ 79.821, 26.113 ], [ 79.816, 26.124 ], [ 79.802, 26.125 ], [ 79.797, 26.137 ], [ 79.782, 26.138 ], [ 79.777, 26.149 ], [ 79.786, 26.159 ], [ 79.781, 26.17 ], [ 79.79, 26.18 ], [ 79.785, 26.191 ], [ 79.771, 26.193 ], [ 79.766, 26.204 ], [ 79.751, 26.205 ], [ 79.742, 26.196 ], [ 79.728, 26.197 ], [ 79.723, 26.208 ], [ 79.709, 26.21 ], [ 79.703, 26.221 ], [ 79.689, 26.222 ], [ 79.684, 26.234 ], [ 79.67, 26.235 ], [ 79.664, 26.246 ], [ 79.673, 26.256 ], [ 79.668, 26.267 ], [ 79.654, 26.269 ], [ 79.649, 26.28 ], [ 79.634, 26.281 ], [ 79.629, 26.293 ], [ 79.615, 26.294 ], [ 79.606, 26.284 ], [ 79.591, 26.286 ], [ 79.586, 26.297 ], [ 79.595, 26.307 ], [ 79.59, 26.318 ], [ 79.599, 26.328 ], [ 79.594, 26.339 ], [ 79.603, 26.349 ], [ 79.598, 26.36 ], [ 79.583, 26.362 ], [ 79.578, 26.373 ], [ 79.564, 26.374 ], [ 79.559, 26.386 ], [ 79.544, 26.387 ], [ 79.539, 26.398 ], [ 79.525, 26.4 ], [ 79.519, 26.411 ], [ 79.505, 26.412 ], [ 79.5, 26.424 ], [ 79.485, 26.425 ], [ 79.48, 26.436 ], [ 79.466, 26.438 ], [ 79.461, 26.449 ], [ 79.446, 26.45 ], [ 79.441, 26.462 ], [ 79.427, 26.463 ], [ 79.418, 26.453 ], [ 79.403, 26.455 ], [ 79.394, 26.445 ], [ 79.38, 26.446 ], [ 79.371, 26.436 ], [ 79.376, 26.425 ], [ 79.367, 26.415 ], [ 79.353, 26.417 ], [ 79.347, 26.428 ], [ 79.333, 26.429 ], [ 79.328, 26.441 ], [ 79.314, 26.442 ], [ 79.308, 26.453 ], [ 79.294, 26.455 ], [ 79.289, 26.466 ], [ 79.274, 26.467 ], [ 79.265, 26.457 ], [ 79.251, 26.459 ], [ 79.242, 26.449 ], [ 79.227, 26.45 ], [ 79.218, 26.44 ], [ 79.204, 26.442 ], [ 79.195, 26.432 ], [ 79.2, 26.421 ], [ 79.215, 26.419 ], [ 79.22, 26.408 ], [ 79.234, 26.407 ], [ 79.243, 26.417 ], [ 79.258, 26.415 ], [ 79.267, 26.425 ], [ 79.281, 26.424 ], [ 79.286, 26.412 ], [ 79.301, 26.411 ], [ 79.306, 26.4 ], [ 79.297, 26.39 ], [ 79.302, 26.379 ], [ 79.317, 26.377 ] ] ] ] } },
{ "type": "Feature", "properties": { "POLYGON.ID": 1167.0, "subregion": "India--Uttar Pradesh--Jhansi--Dhasan River", "FILTER": "Uttar Pradesh", "POLYGON": "India--Uttar Pradesh--Jhansi--Dhasan River", "STATE": "Uttar Pradesh", "COUNTY": "Jhansi", "OWNER": null }, "geometry": { "type": "MultiPolygon", "coordinates": [ [ [ [ 79.299, 25.292 ], [ 79.308, 25.302 ], [ 79.303, 25.313 ], [ 79.312, 25.323 ], [ 79.307, 25.334 ], [ 79.316, 25.344 ], [ 79.31, 25.355 ], [ 79.319, 25.364 ], [ 79.333, 25.363 ], [ 79.342, 25.373 ], [ 79.356, 25.371 ], [ 79.365, 25.381 ], [ 79.36, 25.392 ], [ 79.369, 25.402 ], [ 79.364, 25.413 ], [ 79.373, 25.423 ], [ 79.367, 25.434 ], [ 79.376, 25.444 ], [ 79.39, 25.442 ], [ 79.399, 25.452 ], [ 79.394, 25.463 ], [ 79.403, 25.473 ], [ 79.398, 25.484 ], [ 79.407, 25.494 ], [ 79.421, 25.492 ], [ 79.43, 25.502 ], [ 79.424, 25.513 ], [ 79.433, 25.523 ], [ 79.448, 25.522 ], [ 79.456, 25.531 ], [ 79.451, 25.542 ], [ 79.46, 25.552 ], [ 79.455, 25.563 ], [ 79.464, 25.573 ], [ 79.459, 25.584 ], [ 79.445, 25.586 ], [ 79.439, 25.597 ], [ 79.425, 25.598 ], [ 79.42, 25.609 ], [ 79.429, 25.619 ], [ 79.424, 25.63 ], [ 79.433, 25.64 ], [ 79.427, 25.651 ], [ 79.436, 25.661 ], [ 79.431, 25.672 ], [ 79.417, 25.673 ], [ 79.412, 25.684 ], [ 79.421, 25.694 ], [ 79.415, 25.705 ], [ 79.424, 25.715 ], [ 79.419, 25.726 ], [ 79.428, 25.736 ], [ 79.423, 25.747 ], [ 79.432, 25.757 ], [ 79.426, 25.768 ], [ 79.412, 25.769 ], [ 79.407, 25.781 ], [ 79.393, 25.782 ], [ 79.384, 25.772 ], [ 79.37, 25.774 ], [ 79.361, 25.764 ], [ 79.366, 25.753 ], [ 79.357, 25.743 ], [ 79.343, 25.744 ], [ 79.334, 25.734 ], [ 79.339, 25.723 ], [ 79.33, 25.714 ], [ 79.336, 25.702 ], [ 79.327, 25.693 ], [ 79.312, 25.694 ], [ 79.304, 25.684 ], [ 79.309, 25.673 ], [ 79.3, 25.663 ], [ 79.286, 25.665 ], [ 79.277, 25.655 ], [ 79.282, 25.644 ], [ 79.273, 25.634 ], [ 79.278, 25.623 ], [ 79.293, 25.622 ], [ 79.298, 25.61 ], [ 79.289, 25.601 ], [ 79.294, 25.59 ], [ 79.285, 25.58 ], [ 79.29, 25.569 ], [ 79.305, 25.567 ], [ 79.31, 25.556 ], [ 79.324, 25.555 ], [ 79.329, 25.544 ], [ 79.343, 25.542 ], [ 79.349, 25.531 ], [ 79.363, 25.53 ], [ 79.368, 25.519 ], [ 79.359, 25.509 ], [ 79.345, 25.51 ], [ 79.336, 25.501 ], [ 79.341, 25.489 ], [ 79.332, 25.48 ], [ 79.318, 25.481 ], [ 79.309, 25.471 ], [ 79.315, 25.46 ], [ 79.306, 25.45 ], [ 79.311, 25.439 ], [ 79.302, 25.43 ], [ 79.307, 25.419 ], [ 79.298, 25.409 ], [ 79.304, 25.398 ], [ 79.295, 25.388 ], [ 79.281, 25.389 ], [ 79.272, 25.38 ], [ 79.277, 25.369 ], [ 79.268, 25.359 ], [ 79.273, 25.348 ], [ 79.264, 25.338 ], [ 79.25, 25.339 ], [ 79.241, 25.33 ], [ 79.247, 25.318 ], [ 79.238, 25.309 ], [ 79.243, 25.298 ], [ 79.234, 25.288 ], [ 79.22, 25.289 ], [ 79.211, 25.28 ], [ 79.216, 25.268 ], [ 79.231, 25.267 ], [ 79.236, 25.256 ], [ 79.25, 25.255 ], [ 79.255, 25.244 ], [ 79.269, 25.242 ], [ 79.274, 25.231 ], [ 79.266, 25.222 ], [ 79.271, 25.21 ], [ 79.262, 25.201 ], [ 79.267, 25.19 ], [ 79.258, 25.18 ], [ 79.263, 25.169 ], [ 79.255, 25.159 ], [ 79.26, 25.148 ], [ 79.274, 25.147 ], [ 79.279, 25.136 ], [ 79.27, 25.126 ], [ 79.275, 25.115 ], [ 79.29, 25.114 ], [ 79.298, 25.123 ], [ 79.312, 25.122 ], [ 79.321, 25.132 ], [ 79.316, 25.143 ], [ 79.325, 25.152 ], [ 79.32, 25.163 ], [ 79.329, 25.173 ], [ 79.323, 25.184 ], [ 79.332, 25.194 ], [ 79.327, 25.205 ], [ 79.313, 25.206 ], [ 79.308, 25.217 ], [ 79.317, 25.227 ], [ 79.311, 25.238 ], [ 79.297, 25.24 ], [ 79.292, 25.251 ], [ 79.301, 25.26 ], [ 79.296, 25.271 ], [ 79.305, 25.281 ], [ 79.299, 25.292 ] ] ] ] } },
{ "type": "Feature", "properties": { "POLYGON.ID": 1166.0, "subregion": "India--Uttar Pradesh--Jhansi--Betwa River", "FILTER": "Uttar Pradesh", "POLYGON": "India--Uttar Pradesh--Jhansi--Betwa River", "STATE": "Uttar Pradesh", "COUNTY": "Jhansi", "OWNER": null }, "geometry": { "type": "MultiPolygon", "coordinates": [ [ [ [ 79.393, 25.782 ], [ 79.388, 25.793 ], [ 79.373, 25.795 ], [ 79.368, 25.806 ], [ 79.354, 25.807 ], [ 79.349, 25.818 ], [ 79.335, 25.82 ], [ 79.329, 25.831 ], [ 79.315, 25.832 ], [ 79.31, 25.843 ], [ 79.296, 25.845 ], [ 79.287, 25.835 ], [ 79.272, 25.836 ], [ 79.267, 25.847 ], [ 79.253, 25.849 ], [ 79.244, 25.839 ], [ 79.23, 25.84 ], [ 79.221, 25.831 ], [ 79.207, 25.832 ], [ 79.198, 25.822 ], [ 79.184, 25.824 ], [ 79.178, 25.835 ], [ 79.164, 25.836 ], [ 79.155, 25.826 ], [ 79.141, 25.828 ], [ 79.136, 25.839 ], [ 79.121, 25.84 ], [ 79.116, 25.851 ], [ 79.102, 25.853 ], [ 79.093, 25.843 ], [ 79.079, 25.844 ], [ 79.07, 25.834 ], [ 79.056, 25.836 ], [ 79.047, 25.826 ], [ 79.052, 25.815 ], [ 79.043, 25.805 ], [ 79.048, 25.794 ], [ 79.039, 25.784 ], [ 79.025, 25.785 ], [ 79.016, 25.776 ], [ 79.022, 25.764 ], [ 79.013, 25.755 ], [ 78.999, 25.756 ], [ 78.99, 25.746 ], [ 78.995, 25.735 ], [ 78.986, 25.725 ], [ 78.972, 25.727 ], [ 78.963, 25.717 ], [ 78.968, 25.706 ], [ 78.982, 25.704 ], [ 78.988, 25.693 ], [ 78.979, 25.683 ], [ 78.965, 25.685 ], [ 78.956, 25.675 ], [ 78.961, 25.664 ], [ 78.952, 25.654 ], [ 78.938, 25.655 ], [ 78.929, 25.646 ], [ 78.915, 25.647 ], [ 78.906, 25.637 ], [ 78.892, 25.638 ], [ 78.883, 25.629 ], [ 78.888, 25.618 ], [ 78.88, 25.608 ], [ 78.885, 25.597 ], [ 78.876, 25.587 ], [ 78.881, 25.576 ], [ 78.872, 25.566 ], [ 78.858, 25.567 ], [ 78.849, 25.557 ], [ 78.835, 25.559 ], [ 78.826, 25.549 ], [ 78.812, 25.55 ], [ 78.803, 25.541 ], [ 78.789, 25.542 ], [ 78.78, 25.532 ], [ 78.766, 25.533 ], [ 78.757, 25.524 ], [ 78.743, 25.525 ], [ 78.734, 25.515 ], [ 78.74, 25.504 ], [ 78.731, 25.494 ], [ 78.717, 25.496 ], [ 78.708, 25.486 ], [ 78.713, 25.475 ], [ 78.704, 25.465 ], [ 78.71, 25.454 ], [ 78.701, 25.444 ], [ 78.687, 25.445 ], [ 78.678, 25.435 ], [ 78.683, 25.424 ], [ 78.674, 25.415 ], [ 78.66, 25.416 ], [ 78.651, 25.406 ], [ 78.657, 25.395 ], [ 78.648, 25.385 ], [ 78.653, 25.374 ], [ 78.668, 25.373 ], [ 78.676, 25.383 ], [ 78.69, 25.381 ], [ 78.699, 25.391 ], [ 78.694, 25.402 ], [ 78.703, 25.412 ], [ 78.717, 25.411 ], [ 78.726, 25.42 ], [ 78.74, 25.419 ], [ 78.749, 25.429 ], [ 78.743, 25.44 ], [ 78.752, 25.45 ], [ 78.747, 25.461 ], [ 78.756, 25.471 ], [ 78.75, 25.482 ], [ 78.759, 25.492 ], [ 78.773, 25.49 ], [ 78.782, 25.5 ], [ 78.796, 25.499 ], [ 78.805, 25.509 ], [ 78.819, 25.507 ], [ 78.825, 25.496 ], [ 78.839, 25.495 ], [ 78.848, 25.505 ], [ 78.862, 25.503 ], [ 78.871, 25.513 ], [ 78.885, 25.512 ], [ 78.894, 25.521 ], [ 78.908, 25.52 ], [ 78.917, 25.53 ], [ 78.911, 25.541 ], [ 78.92, 25.551 ], [ 78.915, 25.562 ], [ 78.924, 25.572 ], [ 78.938, 25.57 ], [ 78.947, 25.58 ], [ 78.942, 25.591 ], [ 78.95, 25.601 ], [ 78.965, 25.6 ], [ 78.974, 25.61 ], [ 78.968, 25.621 ], [ 78.977, 25.63 ], [ 78.991, 25.629 ], [ 79.0, 25.639 ], [ 79.014, 25.638 ], [ 79.023, 25.647 ], [ 79.018, 25.658 ], [ 79.027, 25.668 ], [ 79.041, 25.667 ], [ 79.05, 25.677 ], [ 79.045, 25.688 ], [ 79.053, 25.698 ], [ 79.068, 25.696 ], [ 79.077, 25.706 ], [ 79.071, 25.717 ], [ 79.08, 25.727 ], [ 79.075, 25.738 ], [ 79.084, 25.748 ], [ 79.098, 25.747 ], [ 79.107, 25.756 ], [ 79.102, 25.767 ], [ 79.111, 25.777 ], [ 79.105, 25.788 ], [ 79.114, 25.798 ], [ 79.128, 25.797 ], [ 79.134, 25.786 ], [ 79.148, 25.784 ], [ 79.157, 25.794 ], [ 79.171, 25.793 ], [ 79.176, 25.782 ], [ 79.19, 25.78 ], [ 79.196, 25.769 ], [ 79.21, 25.768 ], [ 79.215, 25.757 ], [ 79.229, 25.755 ], [ 79.235, 25.744 ], [ 79.249, 25.743 ], [ 79.258, 25.753 ], [ 79.272, 25.751 ], [ 79.281, 25.761 ], [ 79.295, 25.76 ], [ 79.3, 25.748 ], [ 79.315, 25.747 ], [ 79.32, 25.736 ], [ 79.334, 25.734 ], [ 79.343, 25.744 ], [ 79.357, 25.743 ], [ 79.366, 25.753 ], [ 79.361, 25.764 ], [ 79.37, 25.774 ], [ 79.384, 25.772 ], [ 79.393, 25.782 ] ] ] ] } },
{ "type": "Feature", "properties": { "POLYGON.ID": 1165.0, "subregion": "India--Uttar Pradesh--Hamirpur--Betwa River", "FILTER": "Uttar Pradesh", "POLYGON": "India--Uttar Pradesh--Hamirpur--Betwa River", "STATE": "Uttar Pradesh", "COUNTY": "Mirpur", "OWNER": null }, "geometry": { "type": "MultiPolygon", "coordinates": [ [ [ [ 79.504, 25.92 ], [ 79.495, 25.91 ], [ 79.481, 25.912 ], [ 79.472, 25.902 ], [ 79.458, 25.903 ], [ 79.449, 25.894 ], [ 79.454, 25.883 ], [ 79.445, 25.873 ], [ 79.431, 25.874 ], [ 79.422, 25.864 ], [ 79.427, 25.853 ], [ 79.418, 25.843 ], [ 79.404, 25.845 ], [ 79.395, 25.835 ], [ 79.4, 25.824 ], [ 79.391, 25.814 ], [ 79.377, 25.815 ], [ 79.368, 25.806 ], [ 79.373, 25.795 ], [ 79.388, 25.793 ], [ 79.393, 25.782 ], [ 79.407, 25.781 ], [ 79.412, 25.769 ], [ 79.426, 25.768 ], [ 79.435, 25.778 ], [ 79.45, 25.776 ], [ 79.459, 25.786 ], [ 79.473, 25.785 ], [ 79.478, 25.774 ], [ 79.492, 25.772 ], [ 79.501, 25.782 ], [ 79.515, 25.781 ], [ 79.524, 25.79 ], [ 79.538, 25.789 ], [ 79.547, 25.799 ], [ 79.542, 25.81 ], [ 79.551, 25.82 ], [ 79.565, 25.818 ], [ 79.574, 25.828 ], [ 79.569, 25.839 ], [ 79.578, 25.849 ], [ 79.592, 25.848 ], [ 79.601, 25.857 ], [ 79.596, 25.869 ], [ 79.605, 25.878 ], [ 79.619, 25.877 ], [ 79.628, 25.887 ], [ 79.642, 25.885 ], [ 79.651, 25.895 ], [ 79.666, 25.894 ], [ 79.671, 25.882 ], [ 79.685, 25.881 ], [ 79.69, 25.87 ], [ 79.681, 25.86 ], [ 79.686, 25.849 ], [ 79.701, 25.847 ], [ 79.706, 25.836 ], [ 79.72, 25.835 ], [ 79.729, 25.845 ], [ 79.743, 25.843 ], [ 79.748, 25.832 ], [ 79.762, 25.831 ], [ 79.771, 25.84 ], [ 79.786, 25.839 ], [ 79.795, 25.849 ], [ 79.809, 25.847 ], [ 79.814, 25.836 ], [ 79.805, 25.826 ], [ 79.81, 25.815 ], [ 79.824, 25.814 ], [ 79.829, 25.803 ], [ 79.844, 25.801 ], [ 79.849, 25.79 ], [ 79.863, 25.789 ], [ 79.872, 25.798 ], [ 79.886, 25.797 ], [ 79.895, 25.807 ], [ 79.89, 25.818 ], [ 79.899, 25.827 ], [ 79.913, 25.826 ], [ 79.922, 25.836 ], [ 79.917, 25.847 ], [ 79.926, 25.857 ], [ 79.94, 25.855 ], [ 79.949, 25.865 ], [ 79.963, 25.864 ], [ 79.969, 25.852 ], [ 79.983, 25.851 ], [ 79.992, 25.861 ], [ 80.006, 25.859 ], [ 80.015, 25.869 ], [ 80.029, 25.868 ], [ 80.038, 25.877 ], [ 80.052, 25.876 ], [ 80.061, 25.886 ], [ 80.076, 25.884 ], [ 80.085, 25.894 ], [ 80.099, 25.892 ], [ 80.108, 25.902 ], [ 80.103, 25.913 ], [ 80.112, 25.923 ], [ 80.126, 25.922 ], [ 80.135, 25.931 ], [ 80.149, 25.93 ], [ 80.154, 25.919 ], [ 80.168, 25.917 ], [ 80.173, 25.906 ], [ 80.188, 25.905 ], [ 80.197, 25.914 ], [ 80.192, 25.925 ], [ 80.177, 25.927 ], [ 80.172, 25.938 ], [ 80.158, 25.94 ], [ 80.153, 25.951 ], [ 80.139, 25.952 ], [ 80.134, 25.963 ], [ 80.12, 25.965 ], [ 80.11, 25.955 ], [ 80.096, 25.957 ], [ 80.087, 25.947 ], [ 80.073, 25.948 ], [ 80.064, 25.939 ], [ 80.05, 25.94 ], [ 80.041, 25.93 ], [ 80.027, 25.932 ], [ 80.018, 25.922 ], [ 80.003, 25.923 ], [ 79.998, 25.935 ], [ 79.984, 25.936 ], [ 79.975, 25.926 ], [ 79.961, 25.928 ], [ 79.956, 25.939 ], [ 79.942, 25.94 ], [ 79.933, 25.931 ], [ 79.918, 25.932 ], [ 79.909, 25.922 ], [ 79.895, 25.924 ], [ 79.886, 25.914 ], [ 79.872, 25.916 ], [ 79.863, 25.906 ], [ 79.849, 25.907 ], [ 79.844, 25.918 ], [ 79.829, 25.92 ], [ 79.824, 25.931 ], [ 79.81, 25.932 ], [ 79.801, 25.923 ], [ 79.787, 25.924 ], [ 79.778, 25.914 ], [ 79.764, 25.916 ], [ 79.758, 25.927 ], [ 79.744, 25.928 ], [ 79.735, 25.919 ], [ 79.721, 25.92 ], [ 79.716, 25.931 ], [ 79.702, 25.933 ], [ 79.696, 25.944 ], [ 79.682, 25.945 ], [ 79.677, 25.956 ], [ 79.663, 25.958 ], [ 79.654, 25.948 ], [ 79.64, 25.949 ], [ 79.634, 25.961 ], [ 79.62, 25.962 ], [ 79.611, 25.952 ], [ 79.597, 25.954 ], [ 79.588, 25.944 ], [ 79.574, 25.945 ], [ 79.565, 25.936 ], [ 79.551, 25.937 ], [ 79.542, 25.927 ], [ 79.527, 25.929 ], [ 79.518, 25.919 ], [ 79.504, 25.92 ] ] ] ] } },
{ "type": "Feature", "properties": { "POLYGON.ID": 1164.0, "subregion": "India--Uttar Pradesh--Hamirpur--Yamuna River", "FILTER": "Uttar Pradesh", "POLYGON": "India--Uttar Pradesh--Hamirpur--Yamuna River", "STATE": "Uttar Pradesh", "COUNTY": "Mirpur", "OWNER": null }, "geometry": { "type": "MultiPolygon", "coordinates": [ [ [ [ 79.987, 26.107 ], [ 79.996, 26.116 ], [ 79.991, 26.128 ], [ 80.0, 26.137 ], [ 79.995, 26.149 ], [ 79.98, 26.15 ], [ 79.975, 26.161 ], [ 79.961, 26.163 ], [ 79.956, 26.174 ], [ 79.942, 26.175 ], [ 79.933, 26.166 ], [ 79.918, 26.167 ], [ 79.909, 26.157 ], [ 79.914, 26.146 ], [ 79.905, 26.136 ], [ 79.911, 26.125 ], [ 79.902, 26.115 ], [ 79.907, 26.104 ], [ 79.921, 26.103 ], [ 79.926, 26.091 ], [ 79.917, 26.082 ], [ 79.922, 26.071 ], [ 79.913, 26.061 ], [ 79.918, 26.05 ], [ 79.933, 26.048 ], [ 79.942, 26.058 ], [ 79.956, 26.056 ], [ 79.961, 26.045 ], [ 79.975, 26.044 ], [ 79.984, 26.054 ], [ 79.998, 26.052 ], [ 80.004, 26.041 ], [ 80.018, 26.039 ], [ 80.027, 26.049 ], [ 80.041, 26.048 ], [ 80.046, 26.036 ], [ 80.06, 26.035 ], [ 80.066, 26.024 ], [ 80.056, 26.014 ], [ 80.062, 26.003 ], [ 80.076, 26.001 ], [ 80.081, 25.99 ], [ 80.095, 25.989 ], [ 80.1, 25.978 ], [ 80.114, 25.976 ], [ 80.12, 25.965 ], [ 80.134, 25.963 ], [ 80.139, 25.952 ], [ 80.153, 25.951 ], [ 80.158, 25.94 ], [ 80.172, 25.938 ], [ 80.177, 25.927 ], [ 80.192, 25.925 ], [ 80.197, 25.914 ], [ 80.211, 25.913 ], [ 80.22, 25.923 ], [ 80.215, 25.934 ], [ 80.224, 25.943 ], [ 80.219, 25.955 ], [ 80.205, 25.956 ], [ 80.199, 25.967 ], [ 80.185, 25.969 ], [ 80.18, 25.98 ], [ 80.166, 25.981 ], [ 80.161, 25.993 ], [ 80.147, 25.994 ], [ 80.138, 25.984 ], [ 80.123, 25.986 ], [ 80.118, 25.997 ], [ 80.104, 25.998 ], [ 80.099, 26.01 ], [ 80.108, 26.019 ], [ 80.122, 26.018 ], [ 80.131, 26.028 ], [ 80.126, 26.039 ], [ 80.135, 26.049 ], [ 80.13, 26.06 ], [ 80.116, 26.061 ], [ 80.111, 26.073 ], [ 80.12, 26.082 ], [ 80.115, 26.094 ], [ 80.101, 26.095 ], [ 80.092, 26.085 ], [ 80.077, 26.087 ], [ 80.072, 26.098 ], [ 80.058, 26.099 ], [ 80.049, 26.09 ], [ 80.035, 26.091 ], [ 80.026, 26.081 ], [ 80.011, 26.083 ], [ 80.002, 26.073 ], [ 79.988, 26.074 ], [ 79.983, 26.086 ], [ 79.992, 26.095 ], [ 79.987, 26.107 ] ] ] ] } },
{ "type": "Feature", "properties": { "POLYGON.ID": 1161.0, "subregion": "India--Uttar Pradesh--Pilibhit--Sharda River and Forests", "FILTER": "Uttar Pradesh", "POLYGON": "India--Uttar Pradesh--Pilibhit--Sharda River and Forests", "STATE": "Uttar Pradesh", "COUNTY": "Pilibhit", "OWNER": null }, "geometry": { "type": "MultiPolygon", "coordinates": [ [ [ [ 80.068, 28.749 ], [ 80.083, 28.747 ], [ 80.088, 28.736 ], [ 80.103, 28.734 ], [ 80.108, 28.723 ], [ 80.123, 28.721 ], [ 80.128, 28.71 ], [ 80.143, 28.708 ], [ 80.153, 28.718 ], [ 80.167, 28.716 ], [ 80.173, 28.705 ], [ 80.187, 28.703 ], [ 80.193, 28.692 ], [ 80.183, 28.682 ], [ 80.189, 28.67 ], [ 80.203, 28.668 ], [ 80.209, 28.657 ], [ 80.223, 28.655 ], [ 80.229, 28.644 ], [ 80.219, 28.634 ], [ 80.225, 28.622 ], [ 80.215, 28.612 ], [ 80.221, 28.6 ], [ 80.235, 28.599 ], [ 80.241, 28.587 ], [ 80.255, 28.586 ], [ 80.261, 28.574 ], [ 80.275, 28.573 ], [ 80.281, 28.561 ], [ 80.295, 28.559 ], [ 80.301, 28.548 ], [ 80.291, 28.538 ], [ 80.297, 28.526 ], [ 80.311, 28.525 ], [ 80.317, 28.513 ], [ 80.307, 28.503 ], [ 80.312, 28.491 ], [ 80.327, 28.49 ], [ 80.332, 28.478 ], [ 80.347, 28.477 ], [ 80.357, 28.487 ], [ 80.371, 28.485 ], [ 80.381, 28.495 ], [ 80.395, 28.493 ], [ 80.405, 28.503 ], [ 80.4, 28.515 ], [ 80.385, 28.517 ], [ 80.38, 28.528 ], [ 80.389, 28.538 ], [ 80.384, 28.55 ], [ 80.369, 28.551 ], [ 80.364, 28.563 ], [ 80.373, 28.573 ], [ 80.368, 28.585 ], [ 80.353, 28.586 ], [ 80.348, 28.598 ], [ 80.333, 28.599 ], [ 80.328, 28.611 ], [ 80.337, 28.621 ], [ 80.332, 28.632 ], [ 80.317, 28.634 ], [ 80.312, 28.646 ], [ 80.321, 28.656 ], [ 80.316, 28.667 ], [ 80.326, 28.677 ], [ 80.34, 28.676 ], [ 80.35, 28.686 ], [ 80.345, 28.697 ], [ 80.33, 28.699 ], [ 80.324, 28.71 ], [ 80.31, 28.712 ], [ 80.304, 28.724 ], [ 80.29, 28.725 ], [ 80.284, 28.737 ], [ 80.294, 28.747 ], [ 80.288, 28.758 ], [ 80.274, 28.76 ], [ 80.268, 28.772 ], [ 80.254, 28.773 ], [ 80.248, 28.785 ], [ 80.234, 28.786 ], [ 80.224, 28.776 ], [ 80.209, 28.778 ], [ 80.204, 28.79 ], [ 80.189, 28.791 ], [ 80.184, 28.803 ], [ 80.169, 28.804 ], [ 80.164, 28.816 ], [ 80.149, 28.818 ], [ 80.144, 28.829 ], [ 80.129, 28.831 ], [ 80.123, 28.842 ], [ 80.109, 28.844 ], [ 80.099, 28.834 ], [ 80.084, 28.836 ], [ 80.075, 28.826 ], [ 80.06, 28.827 ], [ 80.051, 28.817 ], [ 80.056, 28.806 ], [ 80.071, 28.804 ], [ 80.076, 28.792 ], [ 80.067, 28.782 ], [ 80.072, 28.771 ], [ 80.063, 28.761 ], [ 80.068, 28.749 ] ] ] ] } },
{ "type": "Feature", "properties": { "POLYGON.ID": 1162.0, "subregion": "India--Uttar Pradesh--Fatehpur--Yamuna River", "FILTER": "Uttar Pradesh", "POLYGON": "India--Uttar Pradesh--Fatehpur--Yamuna River", "STATE": "Uttar Pradesh", "COUNTY": "Fatehpur", "OWNER": null }, "geometry": { "type": "MultiPolygon", "coordinates": [ [ [ [ 80.975, 25.563 ], [ 80.989, 25.561 ], [ 80.993, 25.549 ], [ 81.006, 25.548 ], [ 81.016, 25.557 ], [ 81.012, 25.569 ], [ 81.021, 25.579 ], [ 81.035, 25.577 ], [ 81.044, 25.587 ], [ 81.04, 25.598 ], [ 81.049, 25.608 ], [ 81.045, 25.62 ], [ 81.055, 25.63 ], [ 81.05, 25.641 ], [ 81.037, 25.643 ], [ 81.033, 25.655 ], [ 81.019, 25.657 ], [ 81.01, 25.647 ], [ 80.996, 25.649 ], [ 80.987, 25.639 ], [ 80.973, 25.641 ], [ 80.969, 25.652 ], [ 80.955, 25.654 ], [ 80.951, 25.666 ], [ 80.961, 25.676 ], [ 80.956, 25.687 ], [ 80.966, 25.697 ], [ 80.962, 25.709 ], [ 80.948, 25.711 ], [ 80.939, 25.701 ], [ 80.925, 25.703 ], [ 80.916, 25.693 ], [ 80.902, 25.695 ], [ 80.898, 25.706 ], [ 80.884, 25.708 ], [ 80.875, 25.698 ], [ 80.861, 25.7 ], [ 80.857, 25.712 ], [ 80.867, 25.722 ], [ 80.862, 25.733 ], [ 80.849, 25.735 ], [ 80.845, 25.747 ], [ 80.831, 25.749 ], [ 80.822, 25.739 ], [ 80.808, 25.741 ], [ 80.799, 25.731 ], [ 80.803, 25.719 ], [ 80.794, 25.709 ], [ 80.78, 25.711 ], [ 80.771, 25.701 ], [ 80.757, 25.703 ], [ 80.748, 25.693 ], [ 80.734, 25.695 ], [ 80.73, 25.707 ], [ 80.717, 25.709 ], [ 80.707, 25.699 ], [ 80.694, 25.701 ], [ 80.689, 25.712 ], [ 80.676, 25.714 ], [ 80.672, 25.726 ], [ 80.665, 25.727 ], [ 80.658, 25.727 ], [ 80.649, 25.718 ], [ 80.635, 25.719 ], [ 80.63, 25.73 ], [ 80.616, 25.732 ], [ 80.607, 25.722 ], [ 80.592, 25.724 ], [ 80.587, 25.735 ], [ 80.597, 25.745 ], [ 80.592, 25.756 ], [ 80.601, 25.765 ], [ 80.596, 25.777 ], [ 80.605, 25.786 ], [ 80.6, 25.797 ], [ 80.609, 25.807 ], [ 80.604, 25.818 ], [ 80.59, 25.82 ], [ 80.585, 25.831 ], [ 80.57, 25.832 ], [ 80.565, 25.844 ], [ 80.575, 25.853 ], [ 80.569, 25.865 ], [ 80.579, 25.874 ], [ 80.574, 25.885 ], [ 80.559, 25.887 ], [ 80.554, 25.898 ], [ 80.54, 25.9 ], [ 80.531, 25.89 ], [ 80.517, 25.891 ], [ 80.512, 25.903 ], [ 80.498, 25.904 ], [ 80.493, 25.915 ], [ 80.479, 25.917 ], [ 80.474, 25.928 ], [ 80.459, 25.929 ], [ 80.45, 25.92 ], [ 80.436, 25.921 ], [ 80.431, 25.932 ], [ 80.417, 25.934 ], [ 80.408, 25.924 ], [ 80.394, 25.926 ], [ 80.385, 25.916 ], [ 80.371, 25.917 ], [ 80.365, 25.929 ], [ 80.351, 25.93 ], [ 80.342, 25.92 ], [ 80.328, 25.922 ], [ 80.319, 25.912 ], [ 80.305, 25.914 ], [ 80.3, 25.925 ], [ 80.286, 25.926 ], [ 80.281, 25.938 ], [ 80.266, 25.939 ], [ 80.261, 25.95 ], [ 80.247, 25.952 ], [ 80.238, 25.942 ], [ 80.224, 25.943 ], [ 80.215, 25.934 ], [ 80.22, 25.923 ], [ 80.211, 25.913 ], [ 80.216, 25.902 ], [ 80.23, 25.9 ], [ 80.239, 25.91 ], [ 80.253, 25.908 ], [ 80.258, 25.897 ], [ 80.273, 25.896 ], [ 80.278, 25.885 ], [ 80.292, 25.883 ], [ 80.297, 25.872 ], [ 80.311, 25.87 ], [ 80.32, 25.88 ], [ 80.334, 25.879 ], [ 80.343, 25.888 ], [ 80.357, 25.887 ], [ 80.363, 25.876 ], [ 80.377, 25.874 ], [ 80.386, 25.884 ], [ 80.4, 25.882 ], [ 80.409, 25.892 ], [ 80.423, 25.891 ], [ 80.432, 25.9 ], [ 80.446, 25.899 ], [ 80.451, 25.888 ], [ 80.466, 25.886 ], [ 80.471, 25.875 ], [ 80.485, 25.873 ], [ 80.49, 25.862 ], [ 80.481, 25.853 ], [ 80.467, 25.854 ], [ 80.457, 25.844 ], [ 80.463, 25.833 ], [ 80.453, 25.824 ], [ 80.458, 25.812 ], [ 80.449, 25.803 ], [ 80.454, 25.791 ], [ 80.469, 25.79 ], [ 80.474, 25.779 ], [ 80.488, 25.777 ], [ 80.493, 25.766 ], [ 80.507, 25.765 ], [ 80.512, 25.753 ], [ 80.526, 25.752 ], [ 80.535, 25.762 ], [ 80.549, 25.76 ], [ 80.554, 25.749 ], [ 80.545, 25.739 ], [ 80.55, 25.728 ], [ 80.541, 25.718 ], [ 80.546, 25.707 ], [ 80.56, 25.706 ], [ 80.565, 25.695 ], [ 80.579, 25.693 ], [ 80.588, 25.703 ], [ 80.602, 25.701 ], [ 80.606, 25.694 ], [ 80.607, 25.69 ], [ 80.621, 25.688 ], [ 80.63, 25.698 ], [ 80.644, 25.696 ], [ 80.648, 25.685 ], [ 80.661, 25.683 ], [ 80.666, 25.671 ], [ 80.679, 25.669 ], [ 80.688, 25.679 ], [ 80.702, 25.677 ], [ 80.706, 25.666 ], [ 80.72, 25.664 ], [ 80.729, 25.674 ], [ 80.743, 25.672 ], [ 80.747, 25.66 ], [ 80.76, 25.658 ], [ 80.77, 25.668 ], [ 80.783, 25.666 ], [ 80.793, 25.676 ], [ 80.806, 25.674 ], [ 80.816, 25.684 ], [ 80.829, 25.682 ], [ 80.833, 25.671 ], [ 80.847, 25.669 ], [ 80.851, 25.657 ], [ 80.865, 25.656 ], [ 80.874, 25.665 ], [ 80.888, 25.664 ], [ 80.897, 25.673 ], [ 80.91, 25.672 ], [ 80.92, 25.681 ], [ 80.933, 25.679 ], [ 80.938, 25.668 ], [ 80.928, 25.658 ], [ 80.932, 25.646 ], [ 80.923, 25.637 ], [ 80.927, 25.625 ], [ 80.941, 25.623 ], [ 80.945, 25.611 ], [ 80.936, 25.602 ], [ 80.94, 25.59 ], [ 80.953, 25.588 ], [ 80.963, 25.598 ], [ 80.976, 25.596 ], [ 80.986, 25.606 ], [ 80.999, 25.604 ], [ 81.009, 25.614 ], [ 81.022, 25.612 ], [ 81.026, 25.6 ], [ 81.017, 25.59 ], [ 81.003, 25.592 ], [ 80.994, 25.583 ], [ 80.98, 25.584 ], [ 80.971, 25.575 ], [ 80.975, 25.563 ] ] ] ] } },
{ "type": "Feature", "properties": { "POLYGON.ID": 1163.0, "subregion": "India--Uttar Pradesh--Banda--Ken River", "FILTER": "Uttar Pradesh", "POLYGON": "India--Uttar Pradesh--Banda--Ken River", "STATE": "Uttar Pradesh", "COUNTY": "Banda", "OWNER": null }, "geometry": { "type": "MultiPolygon", "coordinates": [ [ [ [ 80.311, 25.721 ], [ 80.302, 25.712 ], [ 80.288, 25.713 ], [ 80.279, 25.703 ], [ 80.284, 25.692 ], [ 80.275, 25.683 ], [ 80.28, 25.671 ], [ 80.294, 25.67 ], [ 80.3, 25.659 ], [ 80.29, 25.649 ], [ 80.276, 25.651 ], [ 80.267, 25.641 ], [ 80.272, 25.63 ], [ 80.263, 25.62 ], [ 80.268, 25.609 ], [ 80.259, 25.599 ], [ 80.264, 25.588 ], [ 80.255, 25.578 ], [ 80.261, 25.567 ], [ 80.252, 25.558 ], [ 80.257, 25.546 ], [ 80.271, 25.545 ], [ 80.276, 25.534 ], [ 80.267, 25.524 ], [ 80.272, 25.513 ], [ 80.279, 25.512 ], [ 80.286, 25.511 ], [ 80.29, 25.5 ], [ 80.28, 25.49 ], [ 80.285, 25.478 ], [ 80.275, 25.468 ], [ 80.279, 25.457 ], [ 80.27, 25.447 ], [ 80.274, 25.435 ], [ 80.265, 25.426 ], [ 80.269, 25.414 ], [ 80.283, 25.412 ], [ 80.287, 25.4 ], [ 80.3, 25.399 ], [ 80.31, 25.409 ], [ 80.305, 25.42 ], [ 80.315, 25.43 ], [ 80.311, 25.442 ], [ 80.32, 25.451 ], [ 80.316, 25.463 ], [ 80.325, 25.473 ], [ 80.321, 25.485 ], [ 80.33, 25.494 ], [ 80.326, 25.506 ], [ 80.313, 25.508 ], [ 80.308, 25.519 ], [ 80.318, 25.529 ], [ 80.316, 25.533 ], [ 80.313, 25.541 ], [ 80.322, 25.55 ], [ 80.317, 25.561 ], [ 80.326, 25.571 ], [ 80.321, 25.582 ], [ 80.307, 25.584 ], [ 80.302, 25.595 ], [ 80.311, 25.604 ], [ 80.306, 25.616 ], [ 80.315, 25.625 ], [ 80.329, 25.624 ], [ 80.338, 25.634 ], [ 80.333, 25.645 ], [ 80.342, 25.654 ], [ 80.356, 25.653 ], [ 80.365, 25.663 ], [ 80.379, 25.661 ], [ 80.388, 25.671 ], [ 80.383, 25.682 ], [ 80.392, 25.692 ], [ 80.387, 25.703 ], [ 80.396, 25.712 ], [ 80.41, 25.711 ], [ 80.419, 25.721 ], [ 80.433, 25.719 ], [ 80.442, 25.729 ], [ 80.457, 25.727 ], [ 80.466, 25.737 ], [ 80.48, 25.736 ], [ 80.489, 25.745 ], [ 80.503, 25.744 ], [ 80.512, 25.753 ], [ 80.507, 25.765 ], [ 80.493, 25.766 ], [ 80.488, 25.777 ], [ 80.474, 25.779 ], [ 80.469, 25.79 ], [ 80.454, 25.791 ], [ 80.445, 25.782 ], [ 80.431, 25.783 ], [ 80.426, 25.794 ], [ 80.412, 25.796 ], [ 80.403, 25.786 ], [ 80.408, 25.775 ], [ 80.399, 25.765 ], [ 80.385, 25.767 ], [ 80.376, 25.757 ], [ 80.362, 25.759 ], [ 80.357, 25.77 ], [ 80.343, 25.771 ], [ 80.334, 25.762 ], [ 80.339, 25.75 ], [ 80.33, 25.741 ], [ 80.335, 25.73 ], [ 80.326, 25.72 ], [ 80.311, 25.721 ] ] ] ] } },
{ "type": "Feature", "properties": { "POLYGON.ID": 1170.0, "subregion": "India--Uttar Pradesh--Kanpur Nagar--Ganga River", "FILTER": "Uttar Pradesh", "POLYGON": "India--Uttar Pradesh--Kanpur Nagar--Ganga River", "STATE": "Uttar Pradesh", "COUNTY": "Kanpur Nagar", "OWNER": null }, "geometry": { "type": "MultiPolygon", "coordinates": [ [ [ [ 80.266, 26.625 ], [ 80.257, 26.615 ], [ 80.262, 26.604 ], [ 80.253, 26.594 ], [ 80.258, 26.583 ], [ 80.249, 26.573 ], [ 80.254, 26.561 ], [ 80.268, 26.56 ], [ 80.274, 26.549 ], [ 80.264, 26.539 ], [ 80.27, 26.528 ], [ 80.284, 26.526 ], [ 80.289, 26.515 ], [ 80.28, 26.505 ], [ 80.285, 26.494 ], [ 80.299, 26.492 ], [ 80.304, 26.481 ], [ 80.319, 26.479 ], [ 80.324, 26.468 ], [ 80.338, 26.467 ], [ 80.343, 26.455 ], [ 80.357, 26.454 ], [ 80.362, 26.443 ], [ 80.377, 26.441 ], [ 80.382, 26.43 ], [ 80.396, 26.428 ], [ 80.401, 26.417 ], [ 80.415, 26.416 ], [ 80.421, 26.404 ], [ 80.435, 26.403 ], [ 80.44, 26.391 ], [ 80.454, 26.39 ], [ 80.459, 26.379 ], [ 80.474, 26.377 ], [ 80.479, 26.366 ], [ 80.493, 26.364 ], [ 80.498, 26.353 ], [ 80.489, 26.343 ], [ 80.494, 26.332 ], [ 80.508, 26.331 ], [ 80.513, 26.319 ], [ 80.527, 26.318 ], [ 80.532, 26.307 ], [ 80.523, 26.297 ], [ 80.528, 26.286 ], [ 80.543, 26.284 ], [ 80.548, 26.273 ], [ 80.539, 26.263 ], [ 80.544, 26.252 ], [ 80.534, 26.242 ], [ 80.539, 26.231 ], [ 80.554, 26.229 ], [ 80.563, 26.239 ], [ 80.577, 26.238 ], [ 80.586, 26.247 ], [ 80.6, 26.246 ], [ 80.61, 26.255 ], [ 80.604, 26.267 ], [ 80.614, 26.276 ], [ 80.609, 26.288 ], [ 80.594, 26.289 ], [ 80.589, 26.3 ], [ 80.575, 26.302 ], [ 80.57, 26.313 ], [ 80.579, 26.323 ], [ 80.574, 26.334 ], [ 80.56, 26.336 ], [ 80.555, 26.347 ], [ 80.564, 26.357 ], [ 80.559, 26.368 ], [ 80.545, 26.37 ], [ 80.54, 26.381 ], [ 80.525, 26.382 ], [ 80.52, 26.394 ], [ 80.506, 26.395 ], [ 80.501, 26.406 ], [ 80.487, 26.408 ], [ 80.482, 26.419 ], [ 80.467, 26.421 ], [ 80.462, 26.432 ], [ 80.448, 26.434 ], [ 80.443, 26.445 ], [ 80.429, 26.446 ], [ 80.424, 26.458 ], [ 80.409, 26.459 ], [ 80.404, 26.47 ], [ 80.413, 26.48 ], [ 80.408, 26.491 ], [ 80.394, 26.493 ], [ 80.389, 26.504 ], [ 80.398, 26.514 ], [ 80.393, 26.525 ], [ 80.379, 26.527 ], [ 80.374, 26.538 ], [ 80.359, 26.54 ], [ 80.354, 26.551 ], [ 80.34, 26.552 ], [ 80.335, 26.564 ], [ 80.32, 26.565 ], [ 80.315, 26.576 ], [ 80.324, 26.586 ], [ 80.319, 26.598 ], [ 80.328, 26.607 ], [ 80.323, 26.619 ], [ 80.309, 26.62 ], [ 80.304, 26.631 ], [ 80.313, 26.641 ], [ 80.308, 26.653 ], [ 80.317, 26.662 ], [ 80.312, 26.674 ], [ 80.298, 26.675 ], [ 80.293, 26.686 ], [ 80.278, 26.688 ], [ 80.273, 26.699 ], [ 80.259, 26.701 ], [ 80.254, 26.712 ], [ 80.239, 26.714 ], [ 80.234, 26.725 ], [ 80.22, 26.726 ], [ 80.215, 26.738 ], [ 80.2, 26.739 ], [ 80.195, 26.751 ], [ 80.181, 26.752 ], [ 80.176, 26.763 ], [ 80.161, 26.765 ], [ 80.156, 26.776 ], [ 80.165, 26.786 ], [ 80.16, 26.797 ], [ 80.146, 26.799 ], [ 80.14, 26.81 ], [ 80.15, 26.82 ], [ 80.144, 26.831 ], [ 80.154, 26.841 ], [ 80.148, 26.853 ], [ 80.158, 26.862 ], [ 80.152, 26.874 ], [ 80.138, 26.875 ], [ 80.133, 26.887 ], [ 80.119, 26.888 ], [ 80.113, 26.899 ], [ 80.099, 26.901 ], [ 80.094, 26.912 ], [ 80.079, 26.914 ], [ 80.074, 26.925 ], [ 80.06, 26.927 ], [ 80.055, 26.938 ], [ 80.064, 26.948 ], [ 80.059, 26.959 ], [ 80.044, 26.961 ], [ 80.039, 26.972 ], [ 80.025, 26.973 ], [ 80.015, 26.964 ], [ 80.001, 26.965 ], [ 79.992, 26.955 ], [ 79.997, 26.944 ], [ 80.011, 26.942 ], [ 80.017, 26.931 ], [ 80.031, 26.93 ], [ 80.036, 26.918 ], [ 80.027, 26.908 ], [ 80.032, 26.897 ], [ 80.047, 26.896 ], [ 80.052, 26.884 ], [ 80.066, 26.883 ], [ 80.071, 26.871 ], [ 80.086, 26.87 ], [ 80.091, 26.859 ], [ 80.082, 26.849 ], [ 80.087, 26.837 ], [ 80.078, 26.828 ], [ 80.083, 26.816 ], [ 80.097, 26.815 ], [ 80.103, 26.803 ], [ 80.093, 26.794 ], [ 80.099, 26.782 ], [ 80.113, 26.781 ], [ 80.118, 26.769 ], [ 80.109, 26.76 ], [ 80.114, 26.748 ], [ 80.129, 26.747 ], [ 80.134, 26.735 ], [ 80.125, 26.726 ], [ 80.13, 26.714 ], [ 80.144, 26.713 ], [ 80.149, 26.702 ], [ 80.164, 26.7 ], [ 80.169, 26.689 ], [ 80.16, 26.679 ], [ 80.165, 26.668 ], [ 80.179, 26.666 ], [ 80.188, 26.676 ], [ 80.203, 26.674 ], [ 80.208, 26.663 ], [ 80.222, 26.662 ], [ 80.231, 26.671 ], [ 80.246, 26.67 ], [ 80.251, 26.659 ], [ 80.242, 26.649 ], [ 80.247, 26.637 ], [ 80.261, 26.636 ], [ 80.266, 26.625 ] ] ] ] } },
{ "type": "Feature", "properties": { "POLYGON.ID": 1171.0, "subregion": "India--Uttar Pradesh--Hardoi--Ganga River", "FILTER": "Uttar Pradesh", "POLYGON": "India--Uttar Pradesh--Hardoi--Ganga River", "STATE": "Uttar Pradesh", "COUNTY": "Hardoi", "OWNER": null }, "geometry": { "type": "MultiPolygon", "coordinates": [ [ [ [ 79.787, 27.16 ], [ 79.792, 27.149 ], [ 79.807, 27.147 ], [ 79.816, 27.157 ], [ 79.83, 27.156 ], [ 79.836, 27.144 ], [ 79.85, 27.143 ], [ 79.855, 27.132 ], [ 79.87, 27.13 ], [ 79.879, 27.14 ], [ 79.894, 27.138 ], [ 79.899, 27.127 ], [ 79.913, 27.126 ], [ 79.918, 27.114 ], [ 79.933, 27.113 ], [ 79.938, 27.101 ], [ 79.929, 27.091 ], [ 79.934, 27.08 ], [ 79.925, 27.07 ], [ 79.93, 27.059 ], [ 79.945, 27.057 ], [ 79.95, 27.046 ], [ 79.941, 27.036 ], [ 79.946, 27.025 ], [ 79.96, 27.023 ], [ 79.966, 27.012 ], [ 79.98, 27.01 ], [ 79.985, 26.999 ], [ 79.976, 26.989 ], [ 79.981, 26.978 ], [ 79.996, 26.976 ], [ 80.001, 26.965 ], [ 80.015, 26.964 ], [ 80.025, 26.973 ], [ 80.039, 26.972 ], [ 80.048, 26.982 ], [ 80.043, 26.993 ], [ 80.029, 26.995 ], [ 80.023, 27.006 ], [ 80.009, 27.007 ], [ 80.004, 27.019 ], [ 80.013, 27.029 ], [ 80.008, 27.04 ], [ 80.017, 27.05 ], [ 80.012, 27.061 ], [ 80.021, 27.071 ], [ 80.016, 27.083 ], [ 80.001, 27.084 ], [ 79.996, 27.095 ], [ 80.005, 27.105 ], [ 80.0, 27.117 ], [ 79.985, 27.118 ], [ 79.98, 27.129 ], [ 79.966, 27.131 ], [ 79.96, 27.142 ], [ 79.97, 27.152 ], [ 79.964, 27.164 ], [ 79.95, 27.165 ], [ 79.945, 27.176 ], [ 79.93, 27.178 ], [ 79.921, 27.168 ], [ 79.907, 27.17 ], [ 79.901, 27.181 ], [ 79.887, 27.182 ], [ 79.882, 27.194 ], [ 79.867, 27.195 ], [ 79.862, 27.207 ], [ 79.847, 27.208 ], [ 79.842, 27.22 ], [ 79.851, 27.229 ], [ 79.846, 27.241 ], [ 79.832, 27.242 ], [ 79.826, 27.254 ], [ 79.812, 27.255 ], [ 79.807, 27.267 ], [ 79.792, 27.268 ], [ 79.787, 27.279 ], [ 79.772, 27.281 ], [ 79.767, 27.292 ], [ 79.753, 27.294 ], [ 79.743, 27.284 ], [ 79.729, 27.285 ], [ 79.72, 27.275 ], [ 79.725, 27.264 ], [ 79.716, 27.254 ], [ 79.721, 27.243 ], [ 79.712, 27.233 ], [ 79.717, 27.222 ], [ 79.708, 27.212 ], [ 79.713, 27.2 ], [ 79.728, 27.199 ], [ 79.733, 27.187 ], [ 79.748, 27.186 ], [ 79.753, 27.175 ], [ 79.767, 27.173 ], [ 79.773, 27.162 ], [ 79.787, 27.16 ] ] ] ] } },
{ "type": "Feature", "properties": { "POLYGON.ID": 1172.0, "subregion": "India--Uttar Pradesh--Farrukhabad--Ganga River", "FILTER": "Uttar Pradesh", "POLYGON": "India--Uttar Pradesh--Farrukhabad--Ganga River", "STATE": "Uttar Pradesh", "COUNTY": "Farrukhabad", "OWNER": null }, "geometry": { "type": "MultiPolygon", "coordinates": [ [ [ [ 79.622, 27.307 ], [ 79.613, 27.297 ], [ 79.618, 27.286 ], [ 79.633, 27.284 ], [ 79.638, 27.273 ], [ 79.629, 27.263 ], [ 79.634, 27.252 ], [ 79.649, 27.25 ], [ 79.654, 27.239 ], [ 79.669, 27.237 ], [ 79.674, 27.226 ], [ 79.688, 27.224 ], [ 79.694, 27.213 ], [ 79.708, 27.212 ], [ 79.717, 27.222 ], [ 79.712, 27.233 ], [ 79.721, 27.243 ], [ 79.716, 27.254 ], [ 79.725, 27.264 ], [ 79.72, 27.275 ], [ 79.705, 27.277 ], [ 79.7, 27.288 ], [ 79.685, 27.29 ], [ 79.68, 27.301 ], [ 79.689, 27.311 ], [ 79.684, 27.323 ], [ 79.67, 27.324 ], [ 79.664, 27.335 ], [ 79.673, 27.345 ], [ 79.668, 27.357 ], [ 79.677, 27.367 ], [ 79.672, 27.378 ], [ 79.681, 27.388 ], [ 79.676, 27.399 ], [ 79.661, 27.401 ], [ 79.656, 27.412 ], [ 79.641, 27.414 ], [ 79.636, 27.425 ], [ 79.645, 27.435 ], [ 79.64, 27.446 ], [ 79.649, 27.456 ], [ 79.644, 27.468 ], [ 79.653, 27.478 ], [ 79.648, 27.489 ], [ 79.633, 27.491 ], [ 79.628, 27.502 ], [ 79.613, 27.504 ], [ 79.608, 27.515 ], [ 79.593, 27.516 ], [ 79.588, 27.528 ], [ 79.597, 27.538 ], [ 79.592, 27.549 ], [ 79.601, 27.559 ], [ 79.596, 27.571 ], [ 79.581, 27.572 ], [ 79.576, 27.584 ], [ 79.561, 27.585 ], [ 79.556, 27.596 ], [ 79.541, 27.598 ], [ 79.532, 27.588 ], [ 79.518, 27.589 ], [ 79.512, 27.601 ], [ 79.498, 27.602 ], [ 79.492, 27.614 ], [ 79.478, 27.615 ], [ 79.472, 27.627 ], [ 79.458, 27.628 ], [ 79.452, 27.64 ], [ 79.438, 27.641 ], [ 79.432, 27.652 ], [ 79.442, 27.662 ], [ 79.436, 27.674 ], [ 79.422, 27.675 ], [ 79.412, 27.665 ], [ 79.398, 27.667 ], [ 79.389, 27.657 ], [ 79.374, 27.658 ], [ 79.369, 27.67 ], [ 79.354, 27.671 ], [ 79.349, 27.683 ], [ 79.334, 27.684 ], [ 79.329, 27.696 ], [ 79.314, 27.697 ], [ 79.309, 27.708 ], [ 79.294, 27.71 ], [ 79.289, 27.721 ], [ 79.274, 27.723 ], [ 79.269, 27.734 ], [ 79.254, 27.736 ], [ 79.249, 27.747 ], [ 79.234, 27.749 ], [ 79.229, 27.76 ], [ 79.214, 27.761 ], [ 79.205, 27.751 ], [ 79.21, 27.74 ], [ 79.201, 27.73 ], [ 79.206, 27.719 ], [ 79.197, 27.709 ], [ 79.203, 27.697 ], [ 79.193, 27.687 ], [ 79.199, 27.676 ], [ 79.213, 27.674 ], [ 79.219, 27.663 ], [ 79.234, 27.661 ], [ 79.243, 27.671 ], [ 79.257, 27.67 ], [ 79.263, 27.658 ], [ 79.277, 27.657 ], [ 79.287, 27.667 ], [ 79.301, 27.666 ], [ 79.307, 27.654 ], [ 79.297, 27.644 ], [ 79.303, 27.633 ], [ 79.317, 27.631 ], [ 79.323, 27.62 ], [ 79.337, 27.618 ], [ 79.343, 27.607 ], [ 79.357, 27.605 ], [ 79.363, 27.594 ], [ 79.377, 27.593 ], [ 79.383, 27.581 ], [ 79.397, 27.58 ], [ 79.406, 27.59 ], [ 79.421, 27.588 ], [ 79.43, 27.598 ], [ 79.445, 27.597 ], [ 79.45, 27.585 ], [ 79.441, 27.575 ], [ 79.446, 27.564 ], [ 79.437, 27.554 ], [ 79.443, 27.543 ], [ 79.457, 27.541 ], [ 79.462, 27.53 ], [ 79.477, 27.528 ], [ 79.486, 27.538 ], [ 79.501, 27.537 ], [ 79.506, 27.525 ], [ 79.521, 27.524 ], [ 79.526, 27.512 ], [ 79.541, 27.511 ], [ 79.546, 27.499 ], [ 79.537, 27.49 ], [ 79.542, 27.478 ], [ 79.557, 27.477 ], [ 79.562, 27.465 ], [ 79.577, 27.464 ], [ 79.582, 27.452 ], [ 79.573, 27.442 ], [ 79.558, 27.444 ], [ 79.549, 27.434 ], [ 79.554, 27.423 ], [ 79.545, 27.413 ], [ 79.55, 27.401 ], [ 79.565, 27.4 ], [ 79.57, 27.388 ], [ 79.585, 27.387 ], [ 79.594, 27.397 ], [ 79.609, 27.395 ], [ 79.614, 27.384 ], [ 79.628, 27.382 ], [ 79.634, 27.371 ], [ 79.625, 27.361 ], [ 79.63, 27.35 ], [ 79.621, 27.34 ], [ 79.626, 27.328 ], [ 79.617, 27.318 ], [ 79.622, 27.307 ] ] ] ] } },
{ "type": "Feature", "properties": { "POLYGON.ID": 1173.0, "subregion": "India--Uttar Pradesh--Farrukhabad--Ramganga River", "FILTER": "Uttar Pradesh", "POLYGON": "India--Uttar Pradesh--Farrukhabad--Ramganga River", "STATE": "Uttar Pradesh", "COUNTY": "Farrukhabad", "OWNER": null }, "geometry": { "type": "MultiPolygon", "coordinates": [ [ [ [ 79.737, 27.328 ], [ 79.731, 27.339 ], [ 79.741, 27.349 ], [ 79.735, 27.361 ], [ 79.745, 27.371 ], [ 79.759, 27.369 ], [ 79.768, 27.379 ], [ 79.763, 27.39 ], [ 79.748, 27.392 ], [ 79.743, 27.403 ], [ 79.752, 27.413 ], [ 79.767, 27.412 ], [ 79.776, 27.422 ], [ 79.771, 27.433 ], [ 79.756, 27.435 ], [ 79.751, 27.446 ], [ 79.736, 27.448 ], [ 79.731, 27.459 ], [ 79.74, 27.469 ], [ 79.735, 27.48 ], [ 79.744, 27.49 ], [ 79.739, 27.502 ], [ 79.724, 27.503 ], [ 79.719, 27.515 ], [ 79.705, 27.516 ], [ 79.699, 27.527 ], [ 79.685, 27.529 ], [ 79.679, 27.54 ], [ 79.689, 27.55 ], [ 79.683, 27.562 ], [ 79.692, 27.572 ], [ 79.707, 27.57 ], [ 79.716, 27.58 ], [ 79.711, 27.592 ], [ 79.72, 27.601 ], [ 79.715, 27.613 ], [ 79.7, 27.614 ], [ 79.695, 27.626 ], [ 79.704, 27.636 ], [ 79.699, 27.647 ], [ 79.684, 27.649 ], [ 79.679, 27.66 ], [ 79.664, 27.662 ], [ 79.659, 27.673 ], [ 79.644, 27.675 ], [ 79.635, 27.665 ], [ 79.621, 27.666 ], [ 79.611, 27.656 ], [ 79.617, 27.645 ], [ 79.607, 27.635 ], [ 79.613, 27.623 ], [ 79.604, 27.613 ], [ 79.609, 27.602 ], [ 79.6, 27.592 ], [ 79.585, 27.593 ], [ 79.576, 27.584 ], [ 79.581, 27.572 ], [ 79.596, 27.571 ], [ 79.601, 27.559 ], [ 79.592, 27.549 ], [ 79.597, 27.538 ], [ 79.588, 27.528 ], [ 79.593, 27.516 ], [ 79.608, 27.515 ], [ 79.613, 27.504 ], [ 79.628, 27.502 ], [ 79.633, 27.491 ], [ 79.648, 27.489 ], [ 79.653, 27.478 ], [ 79.644, 27.468 ], [ 79.649, 27.456 ], [ 79.64, 27.446 ], [ 79.645, 27.435 ], [ 79.636, 27.425 ], [ 79.641, 27.414 ], [ 79.656, 27.412 ], [ 79.661, 27.401 ], [ 79.676, 27.399 ], [ 79.681, 27.388 ], [ 79.672, 27.378 ], [ 79.677, 27.367 ], [ 79.668, 27.357 ], [ 79.673, 27.345 ], [ 79.664, 27.335 ], [ 79.67, 27.324 ], [ 79.684, 27.323 ], [ 79.689, 27.311 ], [ 79.68, 27.301 ], [ 79.685, 27.29 ], [ 79.7, 27.288 ], [ 79.705, 27.277 ], [ 79.72, 27.275 ], [ 79.729, 27.285 ], [ 79.743, 27.284 ], [ 79.753, 27.294 ], [ 79.747, 27.305 ], [ 79.757, 27.315 ], [ 79.751, 27.327 ], [ 79.737, 27.328 ] ] ] ] } },
{ "type": "Feature", "properties": { "POLYGON.ID": 1174.0, "subregion": "India--Uttar Pradesh--Kasganj--Ganga River", "FILTER": "Uttar Pradesh", "POLYGON": "India--Uttar Pradesh--Kasganj--Ganga River", "STATE": "Uttar Pradesh", "COUNTY": "Kasganj", "OWNER": null }, "geometry": { "type": "MultiPolygon", "coordinates": [ [ [ [ 78.965, 27.873 ], [ 78.96, 27.885 ], [ 78.945, 27.886 ], [ 78.939, 27.897 ], [ 78.925, 27.899 ], [ 78.919, 27.91 ], [ 78.905, 27.912 ], [ 78.899, 27.923 ], [ 78.884, 27.925 ], [ 78.879, 27.936 ], [ 78.888, 27.946 ], [ 78.883, 27.958 ], [ 78.868, 27.959 ], [ 78.862, 27.971 ], [ 78.848, 27.972 ], [ 78.842, 27.983 ], [ 78.827, 27.985 ], [ 78.822, 27.996 ], [ 78.807, 27.998 ], [ 78.798, 27.988 ], [ 78.783, 27.989 ], [ 78.778, 28.001 ], [ 78.763, 28.002 ], [ 78.757, 28.013 ], [ 78.743, 28.015 ], [ 78.734, 28.005 ], [ 78.719, 28.006 ], [ 78.713, 28.018 ], [ 78.699, 28.019 ], [ 78.693, 28.031 ], [ 78.678, 28.032 ], [ 78.673, 28.043 ], [ 78.658, 28.045 ], [ 78.653, 28.056 ], [ 78.638, 28.058 ], [ 78.629, 28.048 ], [ 78.614, 28.049 ], [ 78.605, 28.039 ], [ 78.61, 28.027 ], [ 78.601, 28.017 ], [ 78.607, 28.006 ], [ 78.598, 27.996 ], [ 78.603, 27.984 ], [ 78.618, 27.983 ], [ 78.623, 27.971 ], [ 78.638, 27.97 ], [ 78.647, 27.98 ], [ 78.662, 27.979 ], [ 78.668, 27.967 ], [ 78.682, 27.966 ], [ 78.688, 27.954 ], [ 78.703, 27.953 ], [ 78.712, 27.963 ], [ 78.726, 27.962 ], [ 78.732, 27.95 ], [ 78.747, 27.949 ], [ 78.752, 27.937 ], [ 78.767, 27.936 ], [ 78.776, 27.946 ], [ 78.791, 27.945 ], [ 78.796, 27.933 ], [ 78.811, 27.932 ], [ 78.816, 27.92 ], [ 78.831, 27.919 ], [ 78.837, 27.907 ], [ 78.851, 27.906 ], [ 78.857, 27.895 ], [ 78.872, 27.893 ], [ 78.877, 27.882 ], [ 78.868, 27.872 ], [ 78.873, 27.86 ], [ 78.888, 27.859 ], [ 78.894, 27.847 ], [ 78.908, 27.846 ], [ 78.914, 27.834 ], [ 78.928, 27.833 ], [ 78.934, 27.822 ], [ 78.949, 27.82 ], [ 78.954, 27.809 ], [ 78.969, 27.807 ], [ 78.974, 27.796 ], [ 78.989, 27.794 ], [ 78.994, 27.783 ], [ 79.009, 27.782 ], [ 79.018, 27.792 ], [ 79.033, 27.79 ], [ 79.038, 27.779 ], [ 79.053, 27.777 ], [ 79.062, 27.787 ], [ 79.077, 27.786 ], [ 79.082, 27.774 ], [ 79.097, 27.773 ], [ 79.102, 27.762 ], [ 79.117, 27.76 ], [ 79.122, 27.749 ], [ 79.137, 27.747 ], [ 79.142, 27.736 ], [ 79.157, 27.734 ], [ 79.163, 27.723 ], [ 79.177, 27.721 ], [ 79.183, 27.71 ], [ 79.197, 27.709 ], [ 79.206, 27.719 ], [ 79.201, 27.73 ], [ 79.21, 27.74 ], [ 79.205, 27.751 ], [ 79.214, 27.761 ], [ 79.208, 27.773 ], [ 79.194, 27.774 ], [ 79.188, 27.786 ], [ 79.198, 27.796 ], [ 79.192, 27.807 ], [ 79.177, 27.809 ], [ 79.172, 27.82 ], [ 79.157, 27.822 ], [ 79.152, 27.833 ], [ 79.137, 27.834 ], [ 79.128, 27.824 ], [ 79.113, 27.826 ], [ 79.108, 27.837 ], [ 79.093, 27.839 ], [ 79.084, 27.829 ], [ 79.069, 27.83 ], [ 79.064, 27.842 ], [ 79.049, 27.843 ], [ 79.044, 27.855 ], [ 79.029, 27.856 ], [ 79.024, 27.867 ], [ 79.009, 27.869 ], [ 79.0, 27.859 ], [ 78.985, 27.86 ], [ 78.98, 27.872 ], [ 78.965, 27.873 ] ] ] ] } },
{ "type": "Feature", "properties": { "POLYGON.ID": 1175.0, "subregion": "India--Uttar Pradesh--Sambhal--Ganga River", "FILTER": "Uttar Pradesh", "POLYGON": "India--Uttar Pradesh--Sambhal--Ganga River", "STATE": "Uttar Pradesh", "COUNTY": "Sambhal", "OWNER": null }, "geometry": { "type": "MultiPolygon", "coordinates": [ [ [ [ 78.364, 28.215 ], [ 78.37, 28.203 ], [ 78.384, 28.202 ], [ 78.39, 28.191 ], [ 78.381, 28.18 ], [ 78.386, 28.169 ], [ 78.377, 28.159 ], [ 78.383, 28.147 ], [ 78.398, 28.146 ], [ 78.403, 28.134 ], [ 78.418, 28.133 ], [ 78.424, 28.122 ], [ 78.415, 28.112 ], [ 78.42, 28.1 ], [ 78.435, 28.099 ], [ 78.441, 28.087 ], [ 78.431, 28.077 ], [ 78.437, 28.066 ], [ 78.452, 28.064 ], [ 78.457, 28.053 ], [ 78.472, 28.051 ], [ 78.478, 28.04 ], [ 78.492, 28.039 ], [ 78.498, 28.027 ], [ 78.513, 28.026 ], [ 78.522, 28.036 ], [ 78.537, 28.034 ], [ 78.542, 28.023 ], [ 78.557, 28.022 ], [ 78.563, 28.01 ], [ 78.577, 28.009 ], [ 78.586, 28.019 ], [ 78.601, 28.017 ], [ 78.61, 28.027 ], [ 78.605, 28.039 ], [ 78.614, 28.049 ], [ 78.629, 28.048 ], [ 78.638, 28.058 ], [ 78.632, 28.069 ], [ 78.617, 28.071 ], [ 78.612, 28.082 ], [ 78.597, 28.083 ], [ 78.588, 28.073 ], [ 78.573, 28.075 ], [ 78.568, 28.086 ], [ 78.553, 28.088 ], [ 78.547, 28.099 ], [ 78.533, 28.1 ], [ 78.527, 28.112 ], [ 78.512, 28.113 ], [ 78.507, 28.125 ], [ 78.492, 28.126 ], [ 78.486, 28.138 ], [ 78.472, 28.139 ], [ 78.466, 28.151 ], [ 78.475, 28.161 ], [ 78.469, 28.172 ], [ 78.455, 28.174 ], [ 78.449, 28.185 ], [ 78.434, 28.186 ], [ 78.429, 28.198 ], [ 78.414, 28.199 ], [ 78.408, 28.211 ], [ 78.417, 28.221 ], [ 78.412, 28.232 ], [ 78.397, 28.234 ], [ 78.391, 28.245 ], [ 78.377, 28.247 ], [ 78.371, 28.258 ], [ 78.38, 28.268 ], [ 78.375, 28.28 ], [ 78.36, 28.281 ], [ 78.354, 28.293 ], [ 78.339, 28.294 ], [ 78.334, 28.305 ], [ 78.319, 28.307 ], [ 78.313, 28.318 ], [ 78.322, 28.328 ], [ 78.317, 28.34 ], [ 78.302, 28.341 ], [ 78.296, 28.353 ], [ 78.305, 28.363 ], [ 78.3, 28.375 ], [ 78.309, 28.385 ], [ 78.303, 28.396 ], [ 78.312, 28.406 ], [ 78.307, 28.418 ], [ 78.316, 28.428 ], [ 78.31, 28.439 ], [ 78.319, 28.45 ], [ 78.314, 28.461 ], [ 78.299, 28.463 ], [ 78.29, 28.452 ], [ 78.275, 28.454 ], [ 78.266, 28.444 ], [ 78.251, 28.445 ], [ 78.242, 28.435 ], [ 78.247, 28.423 ], [ 78.238, 28.413 ], [ 78.244, 28.402 ], [ 78.235, 28.392 ], [ 78.24, 28.38 ], [ 78.255, 28.379 ], [ 78.261, 28.367 ], [ 78.252, 28.357 ], [ 78.257, 28.345 ], [ 78.248, 28.335 ], [ 78.254, 28.324 ], [ 78.269, 28.322 ], [ 78.274, 28.311 ], [ 78.265, 28.301 ], [ 78.271, 28.289 ], [ 78.286, 28.288 ], [ 78.291, 28.276 ], [ 78.306, 28.275 ], [ 78.312, 28.264 ], [ 78.327, 28.262 ], [ 78.332, 28.251 ], [ 78.323, 28.241 ], [ 78.329, 28.229 ], [ 78.344, 28.228 ], [ 78.349, 28.216 ], [ 78.364, 28.215 ] ] ] ] } },
{ "type": "Feature", "properties": { "POLYGON.ID": 1176.0, "subregion": "India--Uttar Pradesh--Amroha--Ganga River", "FILTER": "Uttar Pradesh", "POLYGON": "India--Uttar Pradesh--Amroha--Ganga River", "STATE": "Uttar Pradesh", "COUNTY": "Amroha", "OWNER": null }, "geometry": { "type": "MultiPolygon", "coordinates": [ [ [ [ 78.205, 28.625 ], [ 78.214, 28.636 ], [ 78.208, 28.647 ], [ 78.217, 28.657 ], [ 78.212, 28.669 ], [ 78.221, 28.679 ], [ 78.215, 28.691 ], [ 78.224, 28.701 ], [ 78.219, 28.712 ], [ 78.228, 28.722 ], [ 78.222, 28.734 ], [ 78.207, 28.735 ], [ 78.201, 28.747 ], [ 78.187, 28.748 ], [ 78.181, 28.76 ], [ 78.166, 28.761 ], [ 78.16, 28.773 ], [ 78.169, 28.783 ], [ 78.164, 28.795 ], [ 78.173, 28.805 ], [ 78.167, 28.816 ], [ 78.176, 28.827 ], [ 78.171, 28.838 ], [ 78.18, 28.848 ], [ 78.174, 28.86 ], [ 78.183, 28.87 ], [ 78.178, 28.882 ], [ 78.163, 28.883 ], [ 78.157, 28.895 ], [ 78.166, 28.905 ], [ 78.16, 28.916 ], [ 78.17, 28.927 ], [ 78.164, 28.938 ], [ 78.173, 28.948 ], [ 78.167, 28.96 ], [ 78.177, 28.97 ], [ 78.171, 28.982 ], [ 78.18, 28.992 ], [ 78.174, 29.004 ], [ 78.159, 29.005 ], [ 78.154, 29.017 ], [ 78.139, 29.018 ], [ 78.133, 29.029 ], [ 78.118, 29.031 ], [ 78.109, 29.021 ], [ 78.094, 29.022 ], [ 78.085, 29.012 ], [ 78.07, 29.013 ], [ 78.06, 29.003 ], [ 78.045, 29.004 ], [ 78.04, 29.016 ], [ 78.025, 29.017 ], [ 78.015, 29.007 ], [ 78.021, 28.995 ], [ 78.012, 28.985 ], [ 78.018, 28.974 ], [ 78.009, 28.963 ], [ 78.014, 28.952 ], [ 78.029, 28.95 ], [ 78.035, 28.939 ], [ 78.026, 28.929 ], [ 78.032, 28.917 ], [ 78.022, 28.907 ], [ 78.028, 28.895 ], [ 78.043, 28.894 ], [ 78.049, 28.882 ], [ 78.04, 28.872 ], [ 78.045, 28.861 ], [ 78.06, 28.859 ], [ 78.066, 28.848 ], [ 78.057, 28.837 ], [ 78.063, 28.826 ], [ 78.053, 28.816 ], [ 78.059, 28.804 ], [ 78.074, 28.803 ], [ 78.08, 28.791 ], [ 78.095, 28.79 ], [ 78.1, 28.778 ], [ 78.091, 28.768 ], [ 78.097, 28.757 ], [ 78.112, 28.755 ], [ 78.118, 28.744 ], [ 78.133, 28.742 ], [ 78.138, 28.731 ], [ 78.153, 28.729 ], [ 78.159, 28.718 ], [ 78.174, 28.716 ], [ 78.18, 28.705 ], [ 78.17, 28.695 ], [ 78.176, 28.683 ], [ 78.167, 28.673 ], [ 78.173, 28.661 ], [ 78.163, 28.651 ], [ 78.169, 28.64 ], [ 78.16, 28.629 ], [ 78.166, 28.618 ], [ 78.18, 28.617 ], [ 78.186, 28.605 ], [ 78.177, 28.595 ], [ 78.183, 28.583 ], [ 78.174, 28.573 ], [ 78.179, 28.562 ], [ 78.194, 28.56 ], [ 78.2, 28.549 ], [ 78.191, 28.539 ], [ 78.196, 28.527 ], [ 78.187, 28.517 ], [ 78.193, 28.505 ], [ 78.208, 28.504 ], [ 78.213, 28.492 ], [ 78.204, 28.482 ], [ 78.21, 28.471 ], [ 78.225, 28.469 ], [ 78.23, 28.458 ], [ 78.245, 28.456 ], [ 78.251, 28.445 ], [ 78.266, 28.444 ], [ 78.275, 28.454 ], [ 78.29, 28.452 ], [ 78.299, 28.463 ], [ 78.293, 28.474 ], [ 78.302, 28.484 ], [ 78.297, 28.496 ], [ 78.282, 28.497 ], [ 78.276, 28.509 ], [ 78.261, 28.51 ], [ 78.256, 28.522 ], [ 78.265, 28.532 ], [ 78.259, 28.543 ], [ 78.244, 28.545 ], [ 78.239, 28.556 ], [ 78.224, 28.558 ], [ 78.218, 28.569 ], [ 78.227, 28.579 ], [ 78.222, 28.591 ], [ 78.231, 28.601 ], [ 78.225, 28.612 ], [ 78.21, 28.614 ], [ 78.205, 28.625 ] ] ], [ [ [ 78.111, 29.275 ], [ 78.102, 29.265 ], [ 78.108, 29.253 ], [ 78.123, 29.252 ], [ 78.132, 29.262 ], [ 78.126, 29.274 ], [ 78.111, 29.275 ] ] ], [ [ [ 78.063, 29.258 ], [ 78.057, 29.269 ], [ 78.042, 29.271 ], [ 78.033, 29.26 ], [ 78.038, 29.249 ], [ 78.054, 29.247 ], [ 78.063, 29.258 ] ] ] ] } },
{ "type": "Feature", "properties": { "POLYGON.ID": 1177.0, "subregion": "India--Uttar Pradesh--Hastinapur--Ganga River", "FILTER": "Uttar Pradesh", "POLYGON": "India--Uttar Pradesh--Hastinapur--Ganga River", "STATE": "Uttar Pradesh", "COUNTY": "spl_region", "OWNER": null }, "geometry": { "type": "MultiPolygon", "coordinates": [ [ [ [ 78.17, 29.214 ], [ 78.164, 29.226 ], [ 78.149, 29.227 ], [ 78.144, 29.239 ], [ 78.153, 29.249 ], [ 78.147, 29.261 ], [ 78.132, 29.262 ], [ 78.123, 29.252 ], [ 78.108, 29.253 ], [ 78.102, 29.265 ], [ 78.087, 29.266 ], [ 78.078, 29.256 ], [ 78.063, 29.258 ], [ 78.054, 29.247 ], [ 78.038, 29.249 ], [ 78.033, 29.26 ], [ 78.018, 29.262 ], [ 78.008, 29.251 ], [ 77.993, 29.253 ], [ 77.984, 29.243 ], [ 77.99, 29.231 ], [ 77.981, 29.221 ], [ 77.986, 29.209 ], [ 77.977, 29.199 ], [ 77.983, 29.187 ], [ 77.974, 29.177 ], [ 77.98, 29.165 ], [ 77.97, 29.155 ], [ 77.976, 29.143 ], [ 77.991, 29.142 ], [ 77.997, 29.131 ], [ 78.012, 29.129 ], [ 78.018, 29.118 ], [ 78.008, 29.107 ], [ 78.014, 29.096 ], [ 78.005, 29.085 ], [ 78.011, 29.074 ], [ 78.002, 29.064 ], [ 78.007, 29.052 ], [ 77.998, 29.042 ], [ 78.004, 29.03 ], [ 77.995, 29.02 ], [ 78.0, 29.008 ], [ 78.015, 29.007 ], [ 78.025, 29.017 ], [ 78.04, 29.016 ], [ 78.045, 29.004 ], [ 78.06, 29.003 ], [ 78.07, 29.013 ], [ 78.085, 29.012 ], [ 78.094, 29.022 ], [ 78.109, 29.021 ], [ 78.118, 29.031 ], [ 78.133, 29.029 ], [ 78.142, 29.04 ], [ 78.136, 29.051 ], [ 78.146, 29.062 ], [ 78.14, 29.073 ], [ 78.149, 29.083 ], [ 78.143, 29.095 ], [ 78.153, 29.105 ], [ 78.147, 29.117 ], [ 78.156, 29.127 ], [ 78.15, 29.139 ], [ 78.16, 29.149 ], [ 78.154, 29.16 ], [ 78.163, 29.171 ], [ 78.157, 29.182 ], [ 78.167, 29.193 ], [ 78.161, 29.204 ], [ 78.17, 29.214 ] ] ] ] } },
{ "type": "Feature", "properties": { "POLYGON.ID": 1178.0, "subregion": "India--Uttar Pradesh--Muzaffarnagar--Ganga River", "FILTER": "Uttar Pradesh", "POLYGON": "India--Uttar Pradesh--Muzaffarnagar--Ganga River", "STATE": "Uttar Pradesh", "COUNTY": "Muzaffarnagar", "OWNER": null }, "geometry": { "type": "MultiPolygon", "coordinates": [ [ [ [ 77.987, 29.553 ], [ 77.993, 29.542 ], [ 77.984, 29.531 ], [ 77.99, 29.52 ], [ 77.98, 29.509 ], [ 77.986, 29.498 ], [ 77.977, 29.488 ], [ 77.983, 29.476 ], [ 77.973, 29.466 ], [ 77.979, 29.454 ], [ 77.97, 29.444 ], [ 77.976, 29.432 ], [ 77.967, 29.422 ], [ 77.972, 29.41 ], [ 77.963, 29.4 ], [ 77.969, 29.388 ], [ 77.984, 29.387 ], [ 77.99, 29.375 ], [ 77.981, 29.365 ], [ 77.986, 29.353 ], [ 77.977, 29.343 ], [ 77.983, 29.331 ], [ 77.974, 29.321 ], [ 77.979, 29.31 ], [ 77.994, 29.308 ], [ 78.0, 29.297 ], [ 77.991, 29.286 ], [ 77.997, 29.275 ], [ 77.988, 29.264 ], [ 77.993, 29.253 ], [ 78.008, 29.251 ], [ 78.018, 29.262 ], [ 78.033, 29.26 ], [ 78.042, 29.271 ], [ 78.057, 29.269 ], [ 78.063, 29.258 ], [ 78.078, 29.256 ], [ 78.087, 29.266 ], [ 78.102, 29.265 ], [ 78.111, 29.275 ], [ 78.126, 29.274 ], [ 78.136, 29.284 ], [ 78.13, 29.296 ], [ 78.139, 29.306 ], [ 78.133, 29.318 ], [ 78.143, 29.328 ], [ 78.137, 29.34 ], [ 78.122, 29.341 ], [ 78.116, 29.353 ], [ 78.101, 29.354 ], [ 78.095, 29.366 ], [ 78.105, 29.376 ], [ 78.099, 29.387 ], [ 78.108, 29.398 ], [ 78.102, 29.409 ], [ 78.087, 29.411 ], [ 78.081, 29.422 ], [ 78.091, 29.433 ], [ 78.085, 29.444 ], [ 78.094, 29.455 ], [ 78.088, 29.466 ], [ 78.073, 29.468 ], [ 78.067, 29.479 ], [ 78.077, 29.49 ], [ 78.071, 29.501 ], [ 78.08, 29.511 ], [ 78.074, 29.523 ], [ 78.084, 29.533 ], [ 78.078, 29.545 ], [ 78.063, 29.546 ], [ 78.057, 29.558 ], [ 78.042, 29.559 ], [ 78.033, 29.549 ], [ 78.018, 29.551 ], [ 78.012, 29.562 ], [ 77.997, 29.564 ], [ 77.987, 29.553 ] ] ] ] } },
{ "type": "Feature", "properties": { "POLYGON.ID": 1179.0, "subregion": "India--Uttar Pradesh--Bijnor--Ganga River (upper)", "FILTER": "Uttar Pradesh", "POLYGON": "India--Uttar Pradesh--Bijnor--Ganga River (upper)", "STATE": "Uttar Pradesh", "COUNTY": "Bijnor", "OWNER": null }, "geometry": { "type": "MultiPolygon", "coordinates": [ [ [ [ 78.085, 29.589 ], [ 78.094, 29.599 ], [ 78.109, 29.598 ], [ 78.119, 29.608 ], [ 78.113, 29.62 ], [ 78.122, 29.63 ], [ 78.137, 29.629 ], [ 78.147, 29.639 ], [ 78.162, 29.637 ], [ 78.171, 29.648 ], [ 78.165, 29.659 ], [ 78.175, 29.67 ], [ 78.19, 29.668 ], [ 78.199, 29.679 ], [ 78.193, 29.69 ], [ 78.203, 29.701 ], [ 78.218, 29.699 ], [ 78.227, 29.709 ], [ 78.221, 29.721 ], [ 78.206, 29.722 ], [ 78.2, 29.734 ], [ 78.185, 29.736 ], [ 78.176, 29.725 ], [ 78.161, 29.727 ], [ 78.151, 29.716 ], [ 78.136, 29.718 ], [ 78.127, 29.708 ], [ 78.133, 29.696 ], [ 78.123, 29.686 ], [ 78.108, 29.687 ], [ 78.099, 29.677 ], [ 78.084, 29.678 ], [ 78.075, 29.668 ], [ 78.059, 29.669 ], [ 78.05, 29.659 ], [ 78.035, 29.66 ], [ 78.026, 29.65 ], [ 78.031, 29.638 ], [ 78.022, 29.628 ], [ 78.007, 29.629 ], [ 77.998, 29.619 ], [ 78.004, 29.607 ], [ 77.994, 29.597 ], [ 78.0, 29.586 ], [ 77.991, 29.575 ], [ 77.997, 29.564 ], [ 78.012, 29.562 ], [ 78.018, 29.551 ], [ 78.033, 29.549 ], [ 78.042, 29.559 ], [ 78.057, 29.558 ], [ 78.063, 29.546 ], [ 78.078, 29.545 ], [ 78.087, 29.555 ], [ 78.081, 29.567 ], [ 78.091, 29.577 ], [ 78.085, 29.589 ] ] ] ] } },
{ "type": "Feature", "properties": { "POLYGON.ID": 1186.0, "subregion": "India--Uttar Pradesh--Mathura--Yamuna River", "FILTER": "Uttar Pradesh", "POLYGON": "India--Uttar Pradesh--Mathura--Yamuna River", "STATE": "Uttar Pradesh", "COUNTY": "Una", "OWNER": null }, "geometry": { "type": "MultiPolygon", "coordinates": [ [ [ [ 77.727, 27.54 ], [ 77.722, 27.552 ], [ 77.731, 27.562 ], [ 77.745, 27.561 ], [ 77.754, 27.571 ], [ 77.748, 27.582 ], [ 77.734, 27.583 ], [ 77.728, 27.595 ], [ 77.737, 27.605 ], [ 77.731, 27.616 ], [ 77.717, 27.617 ], [ 77.711, 27.629 ], [ 77.72, 27.639 ], [ 77.714, 27.65 ], [ 77.723, 27.66 ], [ 77.718, 27.672 ], [ 77.727, 27.682 ], [ 77.721, 27.693 ], [ 77.73, 27.704 ], [ 77.724, 27.715 ], [ 77.709, 27.716 ], [ 77.704, 27.728 ], [ 77.713, 27.738 ], [ 77.707, 27.749 ], [ 77.692, 27.75 ], [ 77.687, 27.762 ], [ 77.696, 27.772 ], [ 77.71, 27.771 ], [ 77.719, 27.781 ], [ 77.714, 27.792 ], [ 77.723, 27.802 ], [ 77.717, 27.814 ], [ 77.726, 27.824 ], [ 77.72, 27.835 ], [ 77.705, 27.837 ], [ 77.7, 27.848 ], [ 77.685, 27.849 ], [ 77.676, 27.839 ], [ 77.661, 27.84 ], [ 77.655, 27.852 ], [ 77.641, 27.853 ], [ 77.635, 27.865 ], [ 77.62, 27.866 ], [ 77.615, 27.877 ], [ 77.6, 27.879 ], [ 77.591, 27.868 ], [ 77.576, 27.87 ], [ 77.57, 27.881 ], [ 77.556, 27.882 ], [ 77.55, 27.894 ], [ 77.559, 27.904 ], [ 77.553, 27.915 ], [ 77.538, 27.917 ], [ 77.532, 27.928 ], [ 77.518, 27.929 ], [ 77.509, 27.919 ], [ 77.514, 27.908 ], [ 77.505, 27.898 ], [ 77.511, 27.886 ], [ 77.502, 27.876 ], [ 77.508, 27.865 ], [ 77.523, 27.863 ], [ 77.529, 27.852 ], [ 77.543, 27.851 ], [ 77.549, 27.839 ], [ 77.54, 27.829 ], [ 77.546, 27.818 ], [ 77.561, 27.816 ], [ 77.566, 27.805 ], [ 77.581, 27.804 ], [ 77.587, 27.792 ], [ 77.601, 27.791 ], [ 77.607, 27.78 ], [ 77.622, 27.778 ], [ 77.631, 27.789 ], [ 77.646, 27.787 ], [ 77.651, 27.776 ], [ 77.666, 27.775 ], [ 77.672, 27.763 ], [ 77.663, 27.753 ], [ 77.669, 27.742 ], [ 77.66, 27.731 ], [ 77.665, 27.72 ], [ 77.68, 27.719 ], [ 77.686, 27.707 ], [ 77.677, 27.697 ], [ 77.662, 27.699 ], [ 77.653, 27.688 ], [ 77.659, 27.677 ], [ 77.65, 27.667 ], [ 77.655, 27.656 ], [ 77.647, 27.645 ], [ 77.652, 27.634 ], [ 77.667, 27.633 ], [ 77.673, 27.621 ], [ 77.664, 27.611 ], [ 77.649, 27.613 ], [ 77.64, 27.602 ], [ 77.646, 27.591 ], [ 77.66, 27.59 ], [ 77.666, 27.578 ], [ 77.681, 27.577 ], [ 77.686, 27.566 ], [ 77.678, 27.556 ], [ 77.663, 27.557 ], [ 77.654, 27.547 ], [ 77.66, 27.535 ], [ 77.651, 27.525 ], [ 77.656, 27.514 ], [ 77.647, 27.504 ], [ 77.653, 27.492 ], [ 77.644, 27.482 ], [ 77.65, 27.471 ], [ 77.641, 27.461 ], [ 77.647, 27.45 ], [ 77.661, 27.448 ], [ 77.667, 27.437 ], [ 77.658, 27.427 ], [ 77.664, 27.415 ], [ 77.655, 27.405 ], [ 77.66, 27.394 ], [ 77.651, 27.384 ], [ 77.657, 27.373 ], [ 77.672, 27.371 ], [ 77.677, 27.36 ], [ 77.692, 27.359 ], [ 77.701, 27.369 ], [ 77.716, 27.367 ], [ 77.725, 27.378 ], [ 77.739, 27.376 ], [ 77.745, 27.365 ], [ 77.736, 27.355 ], [ 77.742, 27.343 ], [ 77.756, 27.342 ], [ 77.762, 27.331 ], [ 77.753, 27.321 ], [ 77.759, 27.309 ], [ 77.773, 27.308 ], [ 77.779, 27.297 ], [ 77.794, 27.295 ], [ 77.799, 27.284 ], [ 77.814, 27.283 ], [ 77.819, 27.272 ], [ 77.834, 27.27 ], [ 77.843, 27.28 ], [ 77.837, 27.292 ], [ 77.846, 27.302 ], [ 77.841, 27.313 ], [ 77.826, 27.314 ], [ 77.82, 27.326 ], [ 77.806, 27.327 ], [ 77.8, 27.338 ], [ 77.809, 27.348 ], [ 77.803, 27.36 ], [ 77.812, 27.37 ], [ 77.827, 27.369 ], [ 77.836, 27.379 ], [ 77.83, 27.39 ], [ 77.816, 27.391 ], [ 77.81, 27.403 ], [ 77.795, 27.404 ], [ 77.786, 27.394 ], [ 77.772, 27.395 ], [ 77.766, 27.406 ], [ 77.775, 27.417 ], [ 77.769, 27.428 ], [ 77.755, 27.429 ], [ 77.749, 27.441 ], [ 77.758, 27.451 ], [ 77.752, 27.462 ], [ 77.761, 27.472 ], [ 77.756, 27.483 ], [ 77.765, 27.494 ], [ 77.759, 27.505 ], [ 77.744, 27.506 ], [ 77.739, 27.518 ], [ 77.724, 27.519 ], [ 77.718, 27.53 ], [ 77.727, 27.54 ] ] ] ] } },
{ "type": "Feature", "properties": { "POLYGON.ID": 1231.0, "subregion": "India--Uttar Pradesh--Rampur--Kosi River", "FILTER": "Uttar Pradesh", "POLYGON": "India--Uttar Pradesh--Rampur--Kosi River", "STATE": "Uttar Pradesh", "COUNTY": "Rampur", "OWNER": null }, "geometry": { "type": "MultiPolygon", "coordinates": [ [ [ [ 79.065, 29.018 ], [ 79.05, 29.019 ], [ 79.045, 29.031 ], [ 79.054, 29.041 ], [ 79.048, 29.053 ], [ 79.033, 29.054 ], [ 79.028, 29.066 ], [ 79.037, 29.076 ], [ 79.032, 29.088 ], [ 79.041, 29.098 ], [ 79.035, 29.109 ], [ 79.021, 29.111 ], [ 79.015, 29.123 ], [ 79.0, 29.124 ], [ 78.991, 29.114 ], [ 78.996, 29.102 ], [ 78.987, 29.092 ], [ 78.992, 29.08 ], [ 78.983, 29.07 ], [ 78.989, 29.059 ], [ 78.979, 29.049 ], [ 78.985, 29.037 ], [ 79.0, 29.035 ], [ 79.005, 29.024 ], [ 79.02, 29.022 ], [ 79.026, 29.011 ], [ 79.017, 29.001 ], [ 79.022, 28.989 ], [ 79.013, 28.979 ], [ 78.998, 28.98 ], [ 78.989, 28.97 ], [ 78.994, 28.959 ], [ 78.985, 28.948 ], [ 78.99, 28.937 ], [ 78.981, 28.927 ], [ 78.987, 28.915 ], [ 78.977, 28.905 ], [ 78.983, 28.893 ], [ 78.974, 28.883 ], [ 78.979, 28.872 ], [ 78.97, 28.861 ], [ 78.975, 28.85 ], [ 78.966, 28.84 ], [ 78.972, 28.828 ], [ 78.987, 28.827 ], [ 78.996, 28.837 ], [ 79.011, 28.835 ], [ 79.02, 28.845 ], [ 79.014, 28.857 ], [ 79.024, 28.867 ], [ 79.018, 28.879 ], [ 79.028, 28.889 ], [ 79.022, 28.901 ], [ 79.031, 28.911 ], [ 79.026, 28.922 ], [ 79.035, 28.932 ], [ 79.05, 28.931 ], [ 79.059, 28.941 ], [ 79.054, 28.953 ], [ 79.063, 28.963 ], [ 79.058, 28.974 ], [ 79.067, 28.985 ], [ 79.061, 28.996 ], [ 79.071, 29.006 ], [ 79.065, 29.018 ] ] ] ] } },
{ "type": "Feature", "properties": { "POLYGON.ID": 1230.0, "subregion": "India--Uttar Pradesh--Bijnor--Ramganga River", "FILTER": "Uttar Pradesh", "POLYGON": "India--Uttar Pradesh--Bijnor--Ramganga River", "STATE": "Uttar Pradesh", "COUNTY": "Bijnor", "OWNER": null }, "geometry": { "type": "MultiPolygon", "coordinates": [ [ [ [ 78.505, 29.583 ], [ 78.5, 29.595 ], [ 78.509, 29.605 ], [ 78.503, 29.616 ], [ 78.488, 29.618 ], [ 78.479, 29.608 ], [ 78.464, 29.609 ], [ 78.454, 29.599 ], [ 78.46, 29.587 ], [ 78.451, 29.577 ], [ 78.457, 29.565 ], [ 78.447, 29.555 ], [ 78.453, 29.543 ], [ 78.444, 29.533 ], [ 78.449, 29.521 ], [ 78.44, 29.511 ], [ 78.446, 29.5 ], [ 78.436, 29.489 ], [ 78.442, 29.478 ], [ 78.457, 29.476 ], [ 78.463, 29.465 ], [ 78.454, 29.454 ], [ 78.459, 29.443 ], [ 78.45, 29.432 ], [ 78.456, 29.421 ], [ 78.471, 29.419 ], [ 78.476, 29.408 ], [ 78.467, 29.397 ], [ 78.473, 29.386 ], [ 78.488, 29.384 ], [ 78.494, 29.373 ], [ 78.509, 29.371 ], [ 78.514, 29.36 ], [ 78.505, 29.349 ], [ 78.511, 29.338 ], [ 78.526, 29.336 ], [ 78.531, 29.325 ], [ 78.522, 29.315 ], [ 78.528, 29.303 ], [ 78.543, 29.301 ], [ 78.548, 29.29 ], [ 78.539, 29.28 ], [ 78.545, 29.268 ], [ 78.56, 29.267 ], [ 78.566, 29.255 ], [ 78.581, 29.253 ], [ 78.586, 29.242 ], [ 78.601, 29.24 ], [ 78.607, 29.229 ], [ 78.622, 29.227 ], [ 78.628, 29.216 ], [ 78.643, 29.214 ], [ 78.648, 29.203 ], [ 78.639, 29.192 ], [ 78.645, 29.181 ], [ 78.66, 29.179 ], [ 78.669, 29.19 ], [ 78.684, 29.188 ], [ 78.693, 29.198 ], [ 78.708, 29.197 ], [ 78.717, 29.207 ], [ 78.712, 29.219 ], [ 78.721, 29.229 ], [ 78.736, 29.227 ], [ 78.746, 29.238 ], [ 78.74, 29.249 ], [ 78.749, 29.259 ], [ 78.764, 29.258 ], [ 78.774, 29.268 ], [ 78.768, 29.28 ], [ 78.753, 29.281 ], [ 78.744, 29.271 ], [ 78.729, 29.272 ], [ 78.719, 29.262 ], [ 78.704, 29.264 ], [ 78.695, 29.254 ], [ 78.68, 29.255 ], [ 78.674, 29.267 ], [ 78.659, 29.268 ], [ 78.654, 29.28 ], [ 78.663, 29.29 ], [ 78.657, 29.302 ], [ 78.667, 29.312 ], [ 78.682, 29.31 ], [ 78.691, 29.321 ], [ 78.706, 29.319 ], [ 78.715, 29.329 ], [ 78.73, 29.328 ], [ 78.74, 29.338 ], [ 78.755, 29.337 ], [ 78.764, 29.347 ], [ 78.779, 29.345 ], [ 78.788, 29.355 ], [ 78.783, 29.367 ], [ 78.792, 29.377 ], [ 78.786, 29.389 ], [ 78.796, 29.399 ], [ 78.811, 29.398 ], [ 78.82, 29.408 ], [ 78.815, 29.42 ], [ 78.824, 29.43 ], [ 78.839, 29.428 ], [ 78.848, 29.439 ], [ 78.843, 29.45 ], [ 78.828, 29.452 ], [ 78.822, 29.463 ], [ 78.807, 29.465 ], [ 78.798, 29.455 ], [ 78.783, 29.456 ], [ 78.773, 29.446 ], [ 78.758, 29.447 ], [ 78.749, 29.437 ], [ 78.754, 29.425 ], [ 78.745, 29.415 ], [ 78.751, 29.404 ], [ 78.741, 29.393 ], [ 78.726, 29.395 ], [ 78.717, 29.385 ], [ 78.702, 29.386 ], [ 78.693, 29.376 ], [ 78.678, 29.377 ], [ 78.668, 29.367 ], [ 78.674, 29.355 ], [ 78.665, 29.345 ], [ 78.65, 29.347 ], [ 78.64, 29.337 ], [ 78.625, 29.338 ], [ 78.616, 29.328 ], [ 78.622, 29.316 ], [ 78.612, 29.306 ], [ 78.597, 29.307 ], [ 78.591, 29.319 ], [ 78.601, 29.329 ], [ 78.595, 29.341 ], [ 78.604, 29.351 ], [ 78.599, 29.363 ], [ 78.608, 29.373 ], [ 78.602, 29.385 ], [ 78.612, 29.395 ], [ 78.627, 29.393 ], [ 78.636, 29.404 ], [ 78.651, 29.402 ], [ 78.661, 29.412 ], [ 78.655, 29.424 ], [ 78.664, 29.434 ], [ 78.659, 29.446 ], [ 78.644, 29.447 ], [ 78.638, 29.459 ], [ 78.623, 29.46 ], [ 78.613, 29.45 ], [ 78.619, 29.439 ], [ 78.61, 29.428 ], [ 78.595, 29.43 ], [ 78.585, 29.42 ], [ 78.591, 29.408 ], [ 78.582, 29.398 ], [ 78.567, 29.399 ], [ 78.561, 29.411 ], [ 78.546, 29.412 ], [ 78.54, 29.424 ], [ 78.525, 29.425 ], [ 78.52, 29.437 ], [ 78.504, 29.438 ], [ 78.499, 29.45 ], [ 78.508, 29.46 ], [ 78.502, 29.472 ], [ 78.512, 29.482 ], [ 78.527, 29.481 ], [ 78.536, 29.491 ], [ 78.53, 29.503 ], [ 78.54, 29.513 ], [ 78.534, 29.525 ], [ 78.543, 29.535 ], [ 78.538, 29.546 ], [ 78.523, 29.548 ], [ 78.513, 29.538 ], [ 78.498, 29.539 ], [ 78.492, 29.551 ], [ 78.502, 29.561 ], [ 78.496, 29.573 ], [ 78.505, 29.583 ] ] ] ] } },
{ "type": "Feature", "properties": { "POLYGON.ID": 1227.0, "subregion": "India--Uttar Pradesh--Moradabad--Ramganga River", "FILTER": "Uttar Pradesh", "POLYGON": "India--Uttar Pradesh--Moradabad--Ramganga River", "STATE": "Uttar Pradesh", "COUNTY": "Moradabad", "OWNER": null }, "geometry": { "type": "MultiPolygon", "coordinates": [ [ [ [ 78.731, 28.885 ], [ 78.746, 28.883 ], [ 78.752, 28.872 ], [ 78.743, 28.861 ], [ 78.748, 28.85 ], [ 78.763, 28.848 ], [ 78.769, 28.837 ], [ 78.784, 28.835 ], [ 78.789, 28.824 ], [ 78.78, 28.814 ], [ 78.786, 28.802 ], [ 78.8, 28.801 ], [ 78.806, 28.789 ], [ 78.797, 28.779 ], [ 78.802, 28.767 ], [ 78.793, 28.757 ], [ 78.799, 28.746 ], [ 78.814, 28.744 ], [ 78.819, 28.733 ], [ 78.834, 28.731 ], [ 78.84, 28.72 ], [ 78.83, 28.71 ], [ 78.836, 28.698 ], [ 78.851, 28.696 ], [ 78.86, 28.707 ], [ 78.875, 28.705 ], [ 78.884, 28.715 ], [ 78.899, 28.714 ], [ 78.908, 28.724 ], [ 78.923, 28.723 ], [ 78.933, 28.733 ], [ 78.927, 28.744 ], [ 78.912, 28.746 ], [ 78.907, 28.757 ], [ 78.892, 28.759 ], [ 78.886, 28.77 ], [ 78.871, 28.772 ], [ 78.866, 28.783 ], [ 78.851, 28.785 ], [ 78.845, 28.796 ], [ 78.854, 28.806 ], [ 78.849, 28.818 ], [ 78.834, 28.82 ], [ 78.828, 28.831 ], [ 78.838, 28.841 ], [ 78.832, 28.853 ], [ 78.841, 28.863 ], [ 78.836, 28.875 ], [ 78.821, 28.876 ], [ 78.815, 28.888 ], [ 78.8, 28.889 ], [ 78.795, 28.901 ], [ 78.78, 28.902 ], [ 78.774, 28.914 ], [ 78.759, 28.915 ], [ 78.754, 28.927 ], [ 78.763, 28.937 ], [ 78.757, 28.948 ], [ 78.767, 28.959 ], [ 78.761, 28.97 ], [ 78.77, 28.98 ], [ 78.765, 28.992 ], [ 78.75, 28.993 ], [ 78.744, 29.005 ], [ 78.753, 29.015 ], [ 78.748, 29.027 ], [ 78.757, 29.037 ], [ 78.752, 29.049 ], [ 78.737, 29.05 ], [ 78.731, 29.062 ], [ 78.716, 29.063 ], [ 78.71, 29.075 ], [ 78.695, 29.076 ], [ 78.69, 29.088 ], [ 78.699, 29.098 ], [ 78.693, 29.11 ], [ 78.703, 29.12 ], [ 78.697, 29.131 ], [ 78.706, 29.142 ], [ 78.701, 29.153 ], [ 78.71, 29.163 ], [ 78.704, 29.175 ], [ 78.714, 29.185 ], [ 78.708, 29.197 ], [ 78.693, 29.198 ], [ 78.684, 29.188 ], [ 78.669, 29.19 ], [ 78.66, 29.179 ], [ 78.645, 29.181 ], [ 78.635, 29.171 ], [ 78.641, 29.159 ], [ 78.632, 29.149 ], [ 78.637, 29.137 ], [ 78.628, 29.127 ], [ 78.634, 29.115 ], [ 78.649, 29.114 ], [ 78.654, 29.102 ], [ 78.669, 29.101 ], [ 78.675, 29.089 ], [ 78.666, 29.079 ], [ 78.671, 29.067 ], [ 78.686, 29.066 ], [ 78.692, 29.054 ], [ 78.682, 29.044 ], [ 78.688, 29.033 ], [ 78.703, 29.031 ], [ 78.709, 29.02 ], [ 78.699, 29.009 ], [ 78.705, 28.998 ], [ 78.696, 28.988 ], [ 78.701, 28.976 ], [ 78.692, 28.966 ], [ 78.698, 28.954 ], [ 78.713, 28.953 ], [ 78.718, 28.941 ], [ 78.709, 28.931 ], [ 78.715, 28.919 ], [ 78.705, 28.909 ], [ 78.711, 28.898 ], [ 78.726, 28.896 ], [ 78.731, 28.885 ] ] ] ] } },
{ "type": "Feature", "properties": { "POLYGON.ID": 1226.0, "subregion": "India--Uttar Pradesh--Rampur--Ramganga River", "FILTER": "Uttar Pradesh", "POLYGON": "India--Uttar Pradesh--Rampur--Ramganga River", "STATE": "Uttar Pradesh", "COUNTY": "Rampur", "OWNER": null }, "geometry": { "type": "MultiPolygon", "coordinates": [ [ [ [ 79.136, 28.514 ], [ 79.145, 28.524 ], [ 79.14, 28.536 ], [ 79.125, 28.537 ], [ 79.12, 28.549 ], [ 79.105, 28.55 ], [ 79.099, 28.562 ], [ 79.084, 28.563 ], [ 79.079, 28.575 ], [ 79.064, 28.576 ], [ 79.058, 28.588 ], [ 79.068, 28.598 ], [ 79.062, 28.61 ], [ 79.047, 28.611 ], [ 79.042, 28.623 ], [ 79.051, 28.633 ], [ 79.046, 28.644 ], [ 79.031, 28.646 ], [ 79.025, 28.657 ], [ 79.01, 28.659 ], [ 79.005, 28.67 ], [ 79.014, 28.681 ], [ 79.009, 28.692 ], [ 78.994, 28.694 ], [ 78.988, 28.705 ], [ 78.998, 28.715 ], [ 78.992, 28.727 ], [ 79.001, 28.737 ], [ 78.996, 28.749 ], [ 79.005, 28.759 ], [ 78.999, 28.77 ], [ 79.009, 28.78 ], [ 79.003, 28.792 ], [ 79.013, 28.802 ], [ 79.007, 28.814 ], [ 79.016, 28.824 ], [ 79.011, 28.835 ], [ 78.996, 28.837 ], [ 78.987, 28.827 ], [ 78.972, 28.828 ], [ 78.962, 28.818 ], [ 78.968, 28.806 ], [ 78.959, 28.796 ], [ 78.964, 28.785 ], [ 78.955, 28.775 ], [ 78.94, 28.776 ], [ 78.931, 28.766 ], [ 78.936, 28.754 ], [ 78.927, 28.744 ], [ 78.933, 28.733 ], [ 78.923, 28.723 ], [ 78.908, 28.724 ], [ 78.899, 28.714 ], [ 78.884, 28.715 ], [ 78.875, 28.705 ], [ 78.86, 28.707 ], [ 78.851, 28.696 ], [ 78.856, 28.685 ], [ 78.871, 28.683 ], [ 78.877, 28.672 ], [ 78.868, 28.662 ], [ 78.873, 28.65 ], [ 78.888, 28.649 ], [ 78.897, 28.659 ], [ 78.912, 28.657 ], [ 78.918, 28.646 ], [ 78.932, 28.644 ], [ 78.938, 28.633 ], [ 78.953, 28.631 ], [ 78.958, 28.62 ], [ 78.973, 28.618 ], [ 78.979, 28.607 ], [ 78.994, 28.605 ], [ 78.999, 28.594 ], [ 79.014, 28.592 ], [ 79.02, 28.581 ], [ 79.01, 28.571 ], [ 79.016, 28.559 ], [ 79.031, 28.558 ], [ 79.036, 28.546 ], [ 79.051, 28.545 ], [ 79.057, 28.533 ], [ 79.071, 28.532 ], [ 79.077, 28.52 ], [ 79.092, 28.519 ], [ 79.097, 28.507 ], [ 79.112, 28.506 ], [ 79.121, 28.516 ], [ 79.136, 28.514 ] ] ] ] } },
{ "type": "Feature", "properties": { "POLYGON.ID": 1225.0, "subregion": "India--Uttar Pradesh--Bareilly--Ramganga River", "FILTER": "Uttar Pradesh", "POLYGON": "India--Uttar Pradesh--Bareilly--Ramganga River", "STATE": "Uttar Pradesh", "COUNTY": "Bareilly", "OWNER": null }, "geometry": { "type": "MultiPolygon", "coordinates": [ [ [ [ 79.329, 28.286 ], [ 79.344, 28.285 ], [ 79.349, 28.273 ], [ 79.34, 28.263 ], [ 79.345, 28.252 ], [ 79.36, 28.25 ], [ 79.365, 28.239 ], [ 79.356, 28.229 ], [ 79.362, 28.217 ], [ 79.376, 28.216 ], [ 79.382, 28.204 ], [ 79.372, 28.194 ], [ 79.378, 28.183 ], [ 79.393, 28.181 ], [ 79.398, 28.17 ], [ 79.389, 28.16 ], [ 79.394, 28.148 ], [ 79.409, 28.147 ], [ 79.414, 28.135 ], [ 79.429, 28.134 ], [ 79.434, 28.122 ], [ 79.449, 28.121 ], [ 79.455, 28.109 ], [ 79.469, 28.108 ], [ 79.475, 28.096 ], [ 79.465, 28.086 ], [ 79.471, 28.075 ], [ 79.462, 28.065 ], [ 79.467, 28.053 ], [ 79.458, 28.043 ], [ 79.463, 28.032 ], [ 79.478, 28.03 ], [ 79.487, 28.04 ], [ 79.502, 28.039 ], [ 79.507, 28.027 ], [ 79.522, 28.026 ], [ 79.531, 28.036 ], [ 79.526, 28.047 ], [ 79.535, 28.057 ], [ 79.529, 28.069 ], [ 79.539, 28.079 ], [ 79.533, 28.09 ], [ 79.543, 28.1 ], [ 79.537, 28.112 ], [ 79.523, 28.113 ], [ 79.517, 28.125 ], [ 79.526, 28.135 ], [ 79.521, 28.146 ], [ 79.506, 28.148 ], [ 79.501, 28.159 ], [ 79.486, 28.161 ], [ 79.481, 28.172 ], [ 79.466, 28.174 ], [ 79.461, 28.185 ], [ 79.47, 28.195 ], [ 79.465, 28.207 ], [ 79.45, 28.208 ], [ 79.444, 28.22 ], [ 79.43, 28.221 ], [ 79.424, 28.233 ], [ 79.434, 28.243 ], [ 79.428, 28.254 ], [ 79.437, 28.264 ], [ 79.432, 28.276 ], [ 79.417, 28.277 ], [ 79.412, 28.289 ], [ 79.397, 28.29 ], [ 79.392, 28.302 ], [ 79.401, 28.312 ], [ 79.395, 28.323 ], [ 79.381, 28.325 ], [ 79.375, 28.336 ], [ 79.385, 28.347 ], [ 79.379, 28.358 ], [ 79.388, 28.368 ], [ 79.383, 28.38 ], [ 79.368, 28.381 ], [ 79.363, 28.393 ], [ 79.348, 28.394 ], [ 79.343, 28.406 ], [ 79.352, 28.416 ], [ 79.346, 28.427 ], [ 79.356, 28.437 ], [ 79.35, 28.449 ], [ 79.335, 28.45 ], [ 79.33, 28.462 ], [ 79.339, 28.472 ], [ 79.334, 28.484 ], [ 79.319, 28.485 ], [ 79.314, 28.497 ], [ 79.299, 28.498 ], [ 79.293, 28.51 ], [ 79.279, 28.511 ], [ 79.273, 28.523 ], [ 79.258, 28.524 ], [ 79.249, 28.514 ], [ 79.234, 28.516 ], [ 79.225, 28.505 ], [ 79.21, 28.507 ], [ 79.205, 28.518 ], [ 79.19, 28.52 ], [ 79.184, 28.532 ], [ 79.169, 28.533 ], [ 79.164, 28.545 ], [ 79.149, 28.546 ], [ 79.14, 28.536 ], [ 79.145, 28.524 ], [ 79.136, 28.514 ], [ 79.121, 28.516 ], [ 79.112, 28.506 ], [ 79.097, 28.507 ], [ 79.088, 28.497 ], [ 79.093, 28.485 ], [ 79.084, 28.475 ], [ 79.09, 28.464 ], [ 79.104, 28.462 ], [ 79.11, 28.451 ], [ 79.125, 28.449 ], [ 79.13, 28.438 ], [ 79.145, 28.436 ], [ 79.151, 28.425 ], [ 79.165, 28.423 ], [ 79.171, 28.412 ], [ 79.186, 28.41 ], [ 79.195, 28.42 ], [ 79.21, 28.419 ], [ 79.215, 28.407 ], [ 79.23, 28.406 ], [ 79.235, 28.394 ], [ 79.25, 28.393 ], [ 79.256, 28.381 ], [ 79.27, 28.38 ], [ 79.276, 28.368 ], [ 79.291, 28.367 ], [ 79.296, 28.355 ], [ 79.287, 28.345 ], [ 79.292, 28.334 ], [ 79.307, 28.332 ], [ 79.312, 28.321 ], [ 79.327, 28.319 ], [ 79.333, 28.308 ], [ 79.323, 28.298 ], [ 79.329, 28.286 ] ] ] ] } },
{ "type": "Feature", "properties": { "POLYGON.ID": 1224.0, "subregion": "India--Uttar Pradesh--Shahjahanpur--Ramganga River", "FILTER": "Uttar Pradesh", "POLYGON": "India--Uttar Pradesh--Shahjahanpur--Ramganga River", "STATE": "Uttar Pradesh", "COUNTY": "Shahjahanpur", "OWNER": null }, "geometry": { "type": "MultiPolygon", "coordinates": [ [ [ [ 79.517, 27.709 ], [ 79.532, 27.708 ], [ 79.537, 27.696 ], [ 79.552, 27.695 ], [ 79.557, 27.683 ], [ 79.571, 27.682 ], [ 79.577, 27.671 ], [ 79.591, 27.669 ], [ 79.597, 27.658 ], [ 79.611, 27.656 ], [ 79.621, 27.666 ], [ 79.635, 27.665 ], [ 79.644, 27.675 ], [ 79.659, 27.673 ], [ 79.668, 27.683 ], [ 79.663, 27.695 ], [ 79.648, 27.696 ], [ 79.643, 27.707 ], [ 79.628, 27.709 ], [ 79.623, 27.72 ], [ 79.632, 27.73 ], [ 79.627, 27.742 ], [ 79.612, 27.743 ], [ 79.607, 27.755 ], [ 79.592, 27.756 ], [ 79.587, 27.768 ], [ 79.572, 27.769 ], [ 79.567, 27.781 ], [ 79.552, 27.782 ], [ 79.547, 27.794 ], [ 79.556, 27.804 ], [ 79.551, 27.815 ], [ 79.56, 27.825 ], [ 79.555, 27.836 ], [ 79.54, 27.838 ], [ 79.535, 27.849 ], [ 79.544, 27.859 ], [ 79.539, 27.871 ], [ 79.524, 27.872 ], [ 79.519, 27.884 ], [ 79.528, 27.894 ], [ 79.522, 27.905 ], [ 79.508, 27.907 ], [ 79.502, 27.918 ], [ 79.512, 27.928 ], [ 79.506, 27.94 ], [ 79.516, 27.95 ], [ 79.51, 27.961 ], [ 79.519, 27.971 ], [ 79.514, 27.983 ], [ 79.523, 27.993 ], [ 79.518, 28.004 ], [ 79.527, 28.014 ], [ 79.522, 28.026 ], [ 79.507, 28.027 ], [ 79.502, 28.039 ], [ 79.487, 28.04 ], [ 79.478, 28.03 ], [ 79.463, 28.032 ], [ 79.454, 28.022 ], [ 79.459, 28.01 ], [ 79.45, 28.0 ], [ 79.455, 27.989 ], [ 79.446, 27.979 ], [ 79.431, 27.98 ], [ 79.422, 27.97 ], [ 79.408, 27.972 ], [ 79.398, 27.962 ], [ 79.404, 27.95 ], [ 79.394, 27.94 ], [ 79.4, 27.929 ], [ 79.391, 27.919 ], [ 79.396, 27.907 ], [ 79.387, 27.897 ], [ 79.392, 27.886 ], [ 79.407, 27.884 ], [ 79.412, 27.873 ], [ 79.427, 27.871 ], [ 79.432, 27.86 ], [ 79.447, 27.858 ], [ 79.452, 27.847 ], [ 79.443, 27.837 ], [ 79.449, 27.825 ], [ 79.463, 27.824 ], [ 79.469, 27.812 ], [ 79.483, 27.811 ], [ 79.489, 27.799 ], [ 79.479, 27.789 ], [ 79.485, 27.778 ], [ 79.499, 27.777 ], [ 79.505, 27.765 ], [ 79.495, 27.755 ], [ 79.501, 27.744 ], [ 79.515, 27.742 ], [ 79.521, 27.731 ], [ 79.512, 27.721 ], [ 79.517, 27.709 ] ] ] ] } },
{ "type": "Feature", "properties": { "POLYGON.ID": 1233.0, "subregion": "India--Uttar Pradesh--Hardoi--Deoha River", "FILTER": "Uttar Pradesh", "POLYGON": "India--Uttar Pradesh--Hardoi--Deoha River", "STATE": "Uttar Pradesh", "COUNTY": "Hardoi", "OWNER": null }, "geometry": { "type": "MultiPolygon", "coordinates": [ [ [ [ 79.957, 27.24 ], [ 79.966, 27.25 ], [ 79.961, 27.262 ], [ 79.97, 27.271 ], [ 79.965, 27.283 ], [ 79.974, 27.293 ], [ 79.969, 27.304 ], [ 79.978, 27.314 ], [ 79.972, 27.325 ], [ 79.982, 27.335 ], [ 79.976, 27.347 ], [ 79.962, 27.348 ], [ 79.957, 27.36 ], [ 79.942, 27.361 ], [ 79.937, 27.373 ], [ 79.946, 27.382 ], [ 79.941, 27.394 ], [ 79.926, 27.395 ], [ 79.921, 27.407 ], [ 79.93, 27.417 ], [ 79.925, 27.428 ], [ 79.911, 27.43 ], [ 79.905, 27.441 ], [ 79.915, 27.451 ], [ 79.909, 27.462 ], [ 79.919, 27.472 ], [ 79.913, 27.484 ], [ 79.922, 27.494 ], [ 79.917, 27.505 ], [ 79.903, 27.507 ], [ 79.897, 27.518 ], [ 79.883, 27.519 ], [ 79.878, 27.531 ], [ 79.863, 27.532 ], [ 79.858, 27.544 ], [ 79.867, 27.554 ], [ 79.882, 27.552 ], [ 79.891, 27.562 ], [ 79.885, 27.574 ], [ 79.871, 27.575 ], [ 79.866, 27.587 ], [ 79.875, 27.596 ], [ 79.87, 27.608 ], [ 79.879, 27.618 ], [ 79.874, 27.629 ], [ 79.883, 27.639 ], [ 79.878, 27.651 ], [ 79.887, 27.661 ], [ 79.901, 27.659 ], [ 79.911, 27.669 ], [ 79.905, 27.68 ], [ 79.915, 27.69 ], [ 79.929, 27.689 ], [ 79.938, 27.699 ], [ 79.933, 27.71 ], [ 79.919, 27.712 ], [ 79.913, 27.723 ], [ 79.899, 27.725 ], [ 79.889, 27.715 ], [ 79.875, 27.716 ], [ 79.866, 27.706 ], [ 79.871, 27.695 ], [ 79.862, 27.685 ], [ 79.867, 27.674 ], [ 79.858, 27.664 ], [ 79.843, 27.665 ], [ 79.834, 27.655 ], [ 79.839, 27.644 ], [ 79.83, 27.634 ], [ 79.835, 27.622 ], [ 79.826, 27.612 ], [ 79.831, 27.601 ], [ 79.822, 27.591 ], [ 79.827, 27.58 ], [ 79.818, 27.57 ], [ 79.823, 27.558 ], [ 79.814, 27.548 ], [ 79.819, 27.537 ], [ 79.834, 27.535 ], [ 79.839, 27.524 ], [ 79.854, 27.522 ], [ 79.859, 27.511 ], [ 79.85, 27.501 ], [ 79.855, 27.49 ], [ 79.87, 27.488 ], [ 79.875, 27.477 ], [ 79.866, 27.467 ], [ 79.871, 27.455 ], [ 79.862, 27.445 ], [ 79.867, 27.434 ], [ 79.858, 27.424 ], [ 79.863, 27.413 ], [ 79.878, 27.411 ], [ 79.883, 27.4 ], [ 79.874, 27.39 ], [ 79.879, 27.379 ], [ 79.893, 27.377 ], [ 79.899, 27.366 ], [ 79.913, 27.364 ], [ 79.919, 27.353 ], [ 79.909, 27.343 ], [ 79.915, 27.331 ], [ 79.929, 27.33 ], [ 79.934, 27.319 ], [ 79.925, 27.309 ], [ 79.93, 27.297 ], [ 79.921, 27.287 ], [ 79.926, 27.276 ], [ 79.917, 27.266 ], [ 79.922, 27.255 ], [ 79.913, 27.245 ], [ 79.918, 27.233 ], [ 79.909, 27.223 ], [ 79.915, 27.212 ], [ 79.905, 27.202 ], [ 79.891, 27.204 ], [ 79.882, 27.194 ], [ 79.887, 27.182 ], [ 79.901, 27.181 ], [ 79.907, 27.17 ], [ 79.921, 27.168 ], [ 79.93, 27.178 ], [ 79.925, 27.189 ], [ 79.934, 27.199 ], [ 79.929, 27.211 ], [ 79.938, 27.221 ], [ 79.953, 27.219 ], [ 79.962, 27.229 ], [ 79.957, 27.24 ] ] ] ] } },
{ "type": "Feature", "properties": { "POLYGON.ID": 1234.0, "subregion": "India--Uttar Pradesh--Shahjahanpur--Deoha River", "FILTER": "Uttar Pradesh", "POLYGON": "India--Uttar Pradesh--Shahjahanpur--Deoha River", "STATE": "Uttar Pradesh", "COUNTY": "Shahjahanpur", "OWNER": null }, "geometry": { "type": "MultiPolygon", "coordinates": [ [ [ [ 79.841, 27.938 ], [ 79.847, 27.927 ], [ 79.838, 27.917 ], [ 79.843, 27.905 ], [ 79.834, 27.895 ], [ 79.839, 27.884 ], [ 79.853, 27.882 ], [ 79.859, 27.871 ], [ 79.873, 27.869 ], [ 79.879, 27.858 ], [ 79.869, 27.848 ], [ 79.875, 27.836 ], [ 79.865, 27.826 ], [ 79.871, 27.815 ], [ 79.885, 27.813 ], [ 79.891, 27.802 ], [ 79.881, 27.792 ], [ 79.887, 27.781 ], [ 79.877, 27.771 ], [ 79.883, 27.759 ], [ 79.873, 27.749 ], [ 79.879, 27.738 ], [ 79.893, 27.736 ], [ 79.899, 27.725 ], [ 79.913, 27.723 ], [ 79.919, 27.712 ], [ 79.933, 27.71 ], [ 79.942, 27.72 ], [ 79.937, 27.732 ], [ 79.923, 27.733 ], [ 79.917, 27.745 ], [ 79.927, 27.755 ], [ 79.921, 27.766 ], [ 79.93, 27.776 ], [ 79.925, 27.787 ], [ 79.934, 27.797 ], [ 79.929, 27.809 ], [ 79.915, 27.81 ], [ 79.909, 27.822 ], [ 79.919, 27.832 ], [ 79.913, 27.843 ], [ 79.923, 27.853 ], [ 79.917, 27.865 ], [ 79.903, 27.866 ], [ 79.897, 27.878 ], [ 79.907, 27.888 ], [ 79.901, 27.899 ], [ 79.911, 27.909 ], [ 79.905, 27.921 ], [ 79.891, 27.922 ], [ 79.885, 27.934 ], [ 79.895, 27.944 ], [ 79.889, 27.955 ], [ 79.875, 27.957 ], [ 79.869, 27.968 ], [ 79.855, 27.97 ], [ 79.849, 27.981 ], [ 79.859, 27.991 ], [ 79.853, 28.003 ], [ 79.839, 28.004 ], [ 79.829, 27.994 ], [ 79.815, 27.996 ], [ 79.809, 28.007 ], [ 79.819, 28.017 ], [ 79.813, 28.029 ], [ 79.799, 28.03 ], [ 79.793, 28.042 ], [ 79.803, 28.052 ], [ 79.797, 28.063 ], [ 79.783, 28.065 ], [ 79.777, 28.076 ], [ 79.787, 28.086 ], [ 79.781, 28.098 ], [ 79.767, 28.099 ], [ 79.761, 28.111 ], [ 79.771, 28.121 ], [ 79.765, 28.132 ], [ 79.775, 28.142 ], [ 79.769, 28.154 ], [ 79.779, 28.164 ], [ 79.773, 28.175 ], [ 79.758, 28.177 ], [ 79.753, 28.188 ], [ 79.738, 28.19 ], [ 79.733, 28.201 ], [ 79.742, 28.211 ], [ 79.737, 28.223 ], [ 79.722, 28.224 ], [ 79.717, 28.236 ], [ 79.702, 28.237 ], [ 79.693, 28.227 ], [ 79.698, 28.216 ], [ 79.689, 28.206 ], [ 79.694, 28.194 ], [ 79.685, 28.184 ], [ 79.69, 28.173 ], [ 79.705, 28.171 ], [ 79.711, 28.16 ], [ 79.701, 28.15 ], [ 79.707, 28.138 ], [ 79.697, 28.128 ], [ 79.703, 28.117 ], [ 79.693, 28.107 ], [ 79.699, 28.095 ], [ 79.713, 28.094 ], [ 79.719, 28.082 ], [ 79.733, 28.081 ], [ 79.739, 28.069 ], [ 79.729, 28.059 ], [ 79.735, 28.048 ], [ 79.749, 28.046 ], [ 79.755, 28.035 ], [ 79.746, 28.025 ], [ 79.751, 28.013 ], [ 79.766, 28.012 ], [ 79.771, 28.0 ], [ 79.762, 27.99 ], [ 79.767, 27.979 ], [ 79.782, 27.977 ], [ 79.787, 27.966 ], [ 79.802, 27.964 ], [ 79.807, 27.953 ], [ 79.822, 27.951 ], [ 79.827, 27.94 ], [ 79.841, 27.938 ] ] ] ] } },
{ "type": "Feature", "properties": { "POLYGON.ID": 1235.0, "subregion": "India--Uttar Pradesh--Pilibhit--Deoha River", "FILTER": "Uttar Pradesh", "POLYGON": "India--Uttar Pradesh--Pilibhit--Deoha River", "STATE": "Uttar Pradesh", "COUNTY": "Pilibhit", "OWNER": null }, "geometry": { "type": "MultiPolygon", "coordinates": [ [ [ [ 79.812, 28.754 ], [ 79.822, 28.764 ], [ 79.816, 28.776 ], [ 79.826, 28.786 ], [ 79.82, 28.797 ], [ 79.83, 28.807 ], [ 79.824, 28.819 ], [ 79.834, 28.829 ], [ 79.828, 28.841 ], [ 79.814, 28.842 ], [ 79.808, 28.854 ], [ 79.793, 28.855 ], [ 79.788, 28.867 ], [ 79.797, 28.877 ], [ 79.792, 28.889 ], [ 79.777, 28.89 ], [ 79.768, 28.88 ], [ 79.753, 28.882 ], [ 79.743, 28.872 ], [ 79.749, 28.86 ], [ 79.739, 28.85 ], [ 79.745, 28.838 ], [ 79.76, 28.837 ], [ 79.765, 28.825 ], [ 79.78, 28.824 ], [ 79.785, 28.812 ], [ 79.776, 28.802 ], [ 79.781, 28.79 ], [ 79.772, 28.78 ], [ 79.777, 28.769 ], [ 79.768, 28.759 ], [ 79.773, 28.747 ], [ 79.764, 28.737 ], [ 79.769, 28.725 ], [ 79.76, 28.715 ], [ 79.765, 28.704 ], [ 79.756, 28.694 ], [ 79.741, 28.695 ], [ 79.732, 28.685 ], [ 79.737, 28.674 ], [ 79.728, 28.664 ], [ 79.733, 28.652 ], [ 79.724, 28.642 ], [ 79.729, 28.63 ], [ 79.744, 28.629 ], [ 79.749, 28.617 ], [ 79.764, 28.616 ], [ 79.77, 28.604 ], [ 79.76, 28.594 ], [ 79.766, 28.582 ], [ 79.756, 28.572 ], [ 79.762, 28.561 ], [ 79.752, 28.551 ], [ 79.758, 28.539 ], [ 79.748, 28.529 ], [ 79.754, 28.518 ], [ 79.744, 28.508 ], [ 79.75, 28.496 ], [ 79.74, 28.486 ], [ 79.746, 28.474 ], [ 79.736, 28.464 ], [ 79.742, 28.453 ], [ 79.732, 28.443 ], [ 79.738, 28.431 ], [ 79.728, 28.421 ], [ 79.734, 28.41 ], [ 79.725, 28.4 ], [ 79.73, 28.388 ], [ 79.721, 28.378 ], [ 79.726, 28.367 ], [ 79.717, 28.357 ], [ 79.722, 28.345 ], [ 79.737, 28.343 ], [ 79.742, 28.332 ], [ 79.733, 28.322 ], [ 79.738, 28.31 ], [ 79.729, 28.3 ], [ 79.734, 28.289 ], [ 79.725, 28.279 ], [ 79.73, 28.267 ], [ 79.721, 28.257 ], [ 79.706, 28.259 ], [ 79.697, 28.249 ], [ 79.702, 28.237 ], [ 79.717, 28.236 ], [ 79.722, 28.224 ], [ 79.737, 28.223 ], [ 79.746, 28.233 ], [ 79.741, 28.244 ], [ 79.75, 28.254 ], [ 79.765, 28.253 ], [ 79.774, 28.263 ], [ 79.769, 28.274 ], [ 79.778, 28.284 ], [ 79.773, 28.296 ], [ 79.782, 28.306 ], [ 79.777, 28.317 ], [ 79.786, 28.327 ], [ 79.781, 28.339 ], [ 79.79, 28.349 ], [ 79.785, 28.36 ], [ 79.77, 28.362 ], [ 79.765, 28.374 ], [ 79.774, 28.384 ], [ 79.769, 28.395 ], [ 79.778, 28.405 ], [ 79.773, 28.417 ], [ 79.782, 28.427 ], [ 79.797, 28.425 ], [ 79.806, 28.435 ], [ 79.801, 28.447 ], [ 79.81, 28.457 ], [ 79.805, 28.468 ], [ 79.814, 28.478 ], [ 79.809, 28.49 ], [ 79.818, 28.5 ], [ 79.813, 28.512 ], [ 79.822, 28.522 ], [ 79.817, 28.533 ], [ 79.826, 28.543 ], [ 79.821, 28.555 ], [ 79.83, 28.565 ], [ 79.825, 28.576 ], [ 79.81, 28.578 ], [ 79.805, 28.589 ], [ 79.814, 28.599 ], [ 79.809, 28.611 ], [ 79.818, 28.621 ], [ 79.813, 28.633 ], [ 79.822, 28.643 ], [ 79.817, 28.654 ], [ 79.802, 28.656 ], [ 79.796, 28.667 ], [ 79.806, 28.677 ], [ 79.8, 28.689 ], [ 79.81, 28.699 ], [ 79.804, 28.711 ], [ 79.814, 28.721 ], [ 79.808, 28.732 ], [ 79.818, 28.742 ], [ 79.812, 28.754 ] ] ] ] } },
{ "type": "Feature", "properties": { "POLYGON.ID": 1237.0, "subregion": "India--Uttar Pradesh--Pilibhit--Pilibhit TR", "FILTER": "Uttar Pradesh", "POLYGON": "India--Uttar Pradesh--Pilibhit--Pilibhit TR", "STATE": "Uttar Pradesh", "COUNTY": "Pilibhit", "OWNER": null }, "geometry": { "type": "MultiPolygon", "coordinates": [ [ [ [ 79.927, 28.72 ], [ 79.917, 28.71 ], [ 79.903, 28.711 ], [ 79.893, 28.701 ], [ 79.878, 28.703 ], [ 79.869, 28.693 ], [ 79.874, 28.681 ], [ 79.865, 28.671 ], [ 79.87, 28.66 ], [ 79.885, 28.658 ], [ 79.89, 28.647 ], [ 79.905, 28.645 ], [ 79.911, 28.633 ], [ 79.901, 28.623 ], [ 79.907, 28.612 ], [ 79.921, 28.61 ], [ 79.927, 28.599 ], [ 79.917, 28.589 ], [ 79.923, 28.577 ], [ 79.913, 28.567 ], [ 79.919, 28.555 ], [ 79.909, 28.545 ], [ 79.915, 28.534 ], [ 79.929, 28.532 ], [ 79.935, 28.521 ], [ 79.925, 28.511 ], [ 79.931, 28.499 ], [ 79.945, 28.498 ], [ 79.955, 28.508 ], [ 79.97, 28.506 ], [ 79.979, 28.516 ], [ 79.994, 28.515 ], [ 80.003, 28.525 ], [ 79.998, 28.536 ], [ 80.007, 28.546 ], [ 80.002, 28.558 ], [ 80.011, 28.568 ], [ 80.006, 28.579 ], [ 80.015, 28.589 ], [ 80.01, 28.601 ], [ 80.019, 28.611 ], [ 80.014, 28.622 ], [ 80.023, 28.633 ], [ 80.018, 28.644 ], [ 80.027, 28.654 ], [ 80.042, 28.653 ], [ 80.052, 28.663 ], [ 80.066, 28.661 ], [ 80.072, 28.649 ], [ 80.087, 28.648 ], [ 80.092, 28.636 ], [ 80.107, 28.635 ], [ 80.116, 28.645 ], [ 80.131, 28.643 ], [ 80.136, 28.632 ], [ 80.151, 28.63 ], [ 80.156, 28.618 ], [ 80.147, 28.608 ], [ 80.152, 28.597 ], [ 80.167, 28.595 ], [ 80.172, 28.584 ], [ 80.187, 28.582 ], [ 80.192, 28.57 ], [ 80.207, 28.569 ], [ 80.212, 28.557 ], [ 80.203, 28.547 ], [ 80.208, 28.536 ], [ 80.223, 28.534 ], [ 80.228, 28.523 ], [ 80.219, 28.513 ], [ 80.224, 28.501 ], [ 80.215, 28.491 ], [ 80.22, 28.479 ], [ 80.235, 28.478 ], [ 80.24, 28.466 ], [ 80.255, 28.465 ], [ 80.26, 28.453 ], [ 80.275, 28.452 ], [ 80.28, 28.44 ], [ 80.295, 28.438 ], [ 80.304, 28.448 ], [ 80.299, 28.46 ], [ 80.308, 28.47 ], [ 80.303, 28.481 ], [ 80.312, 28.491 ], [ 80.307, 28.503 ], [ 80.317, 28.513 ], [ 80.311, 28.525 ], [ 80.297, 28.526 ], [ 80.291, 28.538 ], [ 80.301, 28.548 ], [ 80.295, 28.559 ], [ 80.281, 28.561 ], [ 80.275, 28.573 ], [ 80.261, 28.574 ], [ 80.255, 28.586 ], [ 80.241, 28.587 ], [ 80.235, 28.599 ], [ 80.221, 28.6 ], [ 80.215, 28.612 ], [ 80.225, 28.622 ], [ 80.219, 28.634 ], [ 80.229, 28.644 ], [ 80.223, 28.655 ], [ 80.209, 28.657 ], [ 80.203, 28.668 ], [ 80.189, 28.67 ], [ 80.183, 28.682 ], [ 80.193, 28.692 ], [ 80.187, 28.703 ], [ 80.173, 28.705 ], [ 80.167, 28.716 ], [ 80.153, 28.718 ], [ 80.143, 28.708 ], [ 80.128, 28.71 ], [ 80.123, 28.721 ], [ 80.108, 28.723 ], [ 80.103, 28.734 ], [ 80.088, 28.736 ], [ 80.083, 28.747 ], [ 80.068, 28.749 ], [ 80.059, 28.739 ], [ 80.044, 28.741 ], [ 80.034, 28.731 ], [ 80.02, 28.732 ], [ 80.01, 28.722 ], [ 79.995, 28.724 ], [ 79.986, 28.714 ], [ 79.971, 28.715 ], [ 79.962, 28.705 ], [ 79.947, 28.707 ], [ 79.942, 28.718 ], [ 79.927, 28.72 ] ] ] ] } },
{ "type": "Feature", "properties": { "POLYGON.ID": 1238.0, "subregion": "India--Uttar Pradesh--Pilibhit--Plains (wet)", "FILTER": "Uttar Pradesh", "POLYGON": "India--Uttar Pradesh--Pilibhit--Plains (wet)", "STATE": "Uttar Pradesh", "COUNTY": "Pilibhit", "OWNER": null }, "geometry": { "type": "MultiPolygon", "coordinates": [ [ [ [ 80.242, 28.4 ], [ 80.248, 28.388 ], [ 80.238, 28.379 ], [ 80.224, 28.38 ], [ 80.218, 28.392 ], [ 80.228, 28.402 ], [ 80.222, 28.413 ], [ 80.232, 28.423 ], [ 80.226, 28.435 ], [ 80.236, 28.445 ], [ 80.231, 28.456 ], [ 80.24, 28.466 ], [ 80.235, 28.478 ], [ 80.22, 28.479 ], [ 80.215, 28.491 ], [ 80.224, 28.501 ], [ 80.219, 28.513 ], [ 80.228, 28.523 ], [ 80.223, 28.534 ], [ 80.208, 28.536 ], [ 80.203, 28.547 ], [ 80.212, 28.557 ], [ 80.207, 28.569 ], [ 80.192, 28.57 ], [ 80.187, 28.582 ], [ 80.172, 28.584 ], [ 80.167, 28.595 ], [ 80.152, 28.597 ], [ 80.147, 28.608 ], [ 80.156, 28.618 ], [ 80.151, 28.63 ], [ 80.136, 28.632 ], [ 80.131, 28.643 ], [ 80.116, 28.645 ], [ 80.107, 28.635 ], [ 80.092, 28.636 ], [ 80.087, 28.648 ], [ 80.072, 28.649 ], [ 80.066, 28.661 ], [ 80.052, 28.663 ], [ 80.042, 28.653 ], [ 80.027, 28.654 ], [ 80.018, 28.644 ], [ 80.023, 28.633 ], [ 80.014, 28.622 ], [ 80.019, 28.611 ], [ 80.01, 28.601 ], [ 80.015, 28.589 ], [ 80.006, 28.579 ], [ 80.011, 28.568 ], [ 80.002, 28.558 ], [ 80.007, 28.546 ], [ 80.022, 28.545 ], [ 80.027, 28.533 ], [ 80.042, 28.531 ], [ 80.047, 28.52 ], [ 80.038, 28.51 ], [ 80.043, 28.498 ], [ 80.058, 28.497 ], [ 80.063, 28.485 ], [ 80.054, 28.475 ], [ 80.059, 28.464 ], [ 80.05, 28.454 ], [ 80.055, 28.442 ], [ 80.046, 28.432 ], [ 80.051, 28.42 ], [ 80.042, 28.41 ], [ 80.047, 28.399 ], [ 80.038, 28.389 ], [ 80.043, 28.377 ], [ 80.034, 28.367 ], [ 80.039, 28.356 ], [ 80.054, 28.354 ], [ 80.059, 28.343 ], [ 80.074, 28.341 ], [ 80.083, 28.351 ], [ 80.098, 28.35 ], [ 80.103, 28.338 ], [ 80.118, 28.336 ], [ 80.127, 28.346 ], [ 80.142, 28.345 ], [ 80.147, 28.333 ], [ 80.162, 28.332 ], [ 80.171, 28.342 ], [ 80.186, 28.34 ], [ 80.191, 28.329 ], [ 80.206, 28.327 ], [ 80.211, 28.316 ], [ 80.226, 28.314 ], [ 80.235, 28.324 ], [ 80.25, 28.322 ], [ 80.259, 28.332 ], [ 80.274, 28.331 ], [ 80.279, 28.319 ], [ 80.294, 28.318 ], [ 80.299, 28.306 ], [ 80.314, 28.304 ], [ 80.323, 28.314 ], [ 80.318, 28.326 ], [ 80.327, 28.336 ], [ 80.322, 28.347 ], [ 80.308, 28.349 ], [ 80.302, 28.361 ], [ 80.312, 28.371 ], [ 80.306, 28.382 ], [ 80.316, 28.392 ], [ 80.311, 28.404 ], [ 80.296, 28.405 ], [ 80.291, 28.417 ], [ 80.3, 28.427 ], [ 80.295, 28.438 ], [ 80.28, 28.44 ], [ 80.271, 28.43 ], [ 80.276, 28.418 ], [ 80.266, 28.408 ], [ 80.252, 28.41 ], [ 80.242, 28.4 ] ], [ [ 80.122, 28.479 ], [ 80.132, 28.489 ], [ 80.146, 28.487 ], [ 80.152, 28.476 ], [ 80.142, 28.466 ], [ 80.148, 28.454 ], [ 80.138, 28.444 ], [ 80.144, 28.433 ], [ 80.158, 28.431 ], [ 80.164, 28.419 ], [ 80.154, 28.409 ], [ 80.159, 28.398 ], [ 80.174, 28.396 ], [ 80.179, 28.385 ], [ 80.17, 28.375 ], [ 80.175, 28.363 ], [ 80.166, 28.353 ], [ 80.151, 28.355 ], [ 80.146, 28.366 ], [ 80.131, 28.368 ], [ 80.126, 28.38 ], [ 80.111, 28.381 ], [ 80.106, 28.393 ], [ 80.115, 28.403 ], [ 80.11, 28.414 ], [ 80.119, 28.424 ], [ 80.114, 28.436 ], [ 80.123, 28.446 ], [ 80.118, 28.457 ], [ 80.128, 28.467 ], [ 80.122, 28.479 ] ] ] ] } },
{ "type": "Feature", "properties": { "POLYGON.ID": 1239.0, "subregion": "India--Uttar Pradesh--Pilibhit--Bishanpur RF", "FILTER": "Uttar Pradesh", "POLYGON": "India--Uttar Pradesh--Pilibhit--Bishanpur RF", "STATE": "Uttar Pradesh", "COUNTY": "Pilibhit", "OWNER": null }, "geometry": { "type": "MultiPolygon", "coordinates": [ [ [ [ 80.236, 28.445 ], [ 80.226, 28.435 ], [ 80.232, 28.423 ], [ 80.222, 28.413 ], [ 80.228, 28.402 ], [ 80.218, 28.392 ], [ 80.224, 28.38 ], [ 80.238, 28.379 ], [ 80.248, 28.388 ], [ 80.242, 28.4 ], [ 80.252, 28.41 ], [ 80.266, 28.408 ], [ 80.276, 28.418 ], [ 80.271, 28.43 ], [ 80.28, 28.44 ], [ 80.275, 28.452 ], [ 80.26, 28.453 ], [ 80.255, 28.465 ], [ 80.24, 28.466 ], [ 80.231, 28.456 ], [ 80.236, 28.445 ] ] ], [ [ [ 79.927, 28.357 ], [ 79.917, 28.347 ], [ 79.923, 28.335 ], [ 79.937, 28.334 ], [ 79.943, 28.322 ], [ 79.933, 28.312 ], [ 79.939, 28.3 ], [ 79.953, 28.299 ], [ 79.959, 28.287 ], [ 79.973, 28.286 ], [ 79.983, 28.296 ], [ 79.997, 28.294 ], [ 80.007, 28.304 ], [ 80.001, 28.316 ], [ 80.011, 28.326 ], [ 80.006, 28.337 ], [ 80.015, 28.347 ], [ 80.01, 28.359 ], [ 80.019, 28.369 ], [ 80.034, 28.367 ], [ 80.043, 28.377 ], [ 80.038, 28.389 ], [ 80.047, 28.399 ], [ 80.042, 28.41 ], [ 80.051, 28.42 ], [ 80.046, 28.432 ], [ 80.055, 28.442 ], [ 80.05, 28.454 ], [ 80.059, 28.464 ], [ 80.054, 28.475 ], [ 80.063, 28.485 ], [ 80.058, 28.497 ], [ 80.043, 28.498 ], [ 80.038, 28.51 ], [ 80.047, 28.52 ], [ 80.042, 28.531 ], [ 80.027, 28.533 ], [ 80.022, 28.545 ], [ 80.007, 28.546 ], [ 79.998, 28.536 ], [ 80.003, 28.525 ], [ 79.994, 28.515 ], [ 79.979, 28.516 ], [ 79.97, 28.506 ], [ 79.975, 28.494 ], [ 79.966, 28.484 ], [ 79.971, 28.473 ], [ 79.962, 28.463 ], [ 79.947, 28.464 ], [ 79.937, 28.454 ], [ 79.923, 28.456 ], [ 79.913, 28.446 ], [ 79.899, 28.448 ], [ 79.889, 28.438 ], [ 79.895, 28.426 ], [ 79.885, 28.416 ], [ 79.891, 28.404 ], [ 79.905, 28.403 ], [ 79.911, 28.391 ], [ 79.925, 28.39 ], [ 79.931, 28.378 ], [ 79.921, 28.368 ], [ 79.927, 28.357 ] ] ], [ [ [ 80.151, 28.355 ], [ 80.166, 28.353 ], [ 80.175, 28.363 ], [ 80.17, 28.375 ], [ 80.179, 28.385 ], [ 80.174, 28.396 ], [ 80.159, 28.398 ], [ 80.154, 28.409 ], [ 80.164, 28.419 ], [ 80.158, 28.431 ], [ 80.144, 28.433 ], [ 80.138, 28.444 ], [ 80.148, 28.454 ], [ 80.142, 28.466 ], [ 80.152, 28.476 ], [ 80.146, 28.487 ], [ 80.132, 28.489 ], [ 80.122, 28.479 ], [ 80.128, 28.467 ], [ 80.118, 28.457 ], [ 80.123, 28.446 ], [ 80.114, 28.436 ], [ 80.119, 28.424 ], [ 80.11, 28.414 ], [ 80.115, 28.403 ], [ 80.106, 28.393 ], [ 80.111, 28.381 ], [ 80.126, 28.38 ], [ 80.131, 28.368 ], [ 80.146, 28.366 ], [ 80.151, 28.355 ] ] ] ] } },
{ "type": "Feature", "properties": { "POLYGON.ID": 1240.0, "subregion": "India--Uttar Pradesh--Lakhimpur Kheri--Kishanpur WLS", "FILTER": "Uttar Pradesh", "POLYGON": "India--Uttar Pradesh--Lakhimpur Kheri--Kishanpur WLS", "STATE": "Uttar Pradesh", "COUNTY": "Lakhimpur", "OWNER": null }, "geometry": { "type": "MultiPolygon", "coordinates": [ [ [ [ 80.443, 28.236 ], [ 80.457, 28.234 ], [ 80.463, 28.223 ], [ 80.477, 28.221 ], [ 80.483, 28.209 ], [ 80.497, 28.208 ], [ 80.502, 28.196 ], [ 80.493, 28.186 ], [ 80.498, 28.175 ], [ 80.489, 28.165 ], [ 80.474, 28.166 ], [ 80.465, 28.156 ], [ 80.45, 28.158 ], [ 80.441, 28.148 ], [ 80.446, 28.137 ], [ 80.437, 28.127 ], [ 80.442, 28.115 ], [ 80.432, 28.105 ], [ 80.438, 28.094 ], [ 80.428, 28.084 ], [ 80.434, 28.072 ], [ 80.448, 28.071 ], [ 80.453, 28.059 ], [ 80.468, 28.058 ], [ 80.473, 28.046 ], [ 80.488, 28.044 ], [ 80.497, 28.054 ], [ 80.512, 28.053 ], [ 80.521, 28.063 ], [ 80.516, 28.074 ], [ 80.525, 28.084 ], [ 80.54, 28.083 ], [ 80.549, 28.092 ], [ 80.544, 28.104 ], [ 80.554, 28.114 ], [ 80.548, 28.125 ], [ 80.558, 28.135 ], [ 80.553, 28.147 ], [ 80.562, 28.157 ], [ 80.557, 28.168 ], [ 80.566, 28.178 ], [ 80.581, 28.177 ], [ 80.59, 28.187 ], [ 80.605, 28.185 ], [ 80.61, 28.173 ], [ 80.625, 28.172 ], [ 80.63, 28.16 ], [ 80.644, 28.159 ], [ 80.65, 28.147 ], [ 80.664, 28.146 ], [ 80.669, 28.134 ], [ 80.684, 28.132 ], [ 80.693, 28.142 ], [ 80.708, 28.141 ], [ 80.718, 28.151 ], [ 80.712, 28.162 ], [ 80.698, 28.164 ], [ 80.693, 28.175 ], [ 80.678, 28.177 ], [ 80.673, 28.189 ], [ 80.658, 28.19 ], [ 80.653, 28.202 ], [ 80.662, 28.212 ], [ 80.657, 28.223 ], [ 80.643, 28.225 ], [ 80.633, 28.215 ], [ 80.618, 28.216 ], [ 80.613, 28.228 ], [ 80.599, 28.23 ], [ 80.593, 28.241 ], [ 80.579, 28.243 ], [ 80.574, 28.254 ], [ 80.559, 28.256 ], [ 80.554, 28.267 ], [ 80.539, 28.269 ], [ 80.534, 28.281 ], [ 80.519, 28.282 ], [ 80.514, 28.294 ], [ 80.499, 28.295 ], [ 80.494, 28.307 ], [ 80.504, 28.317 ], [ 80.498, 28.328 ], [ 80.484, 28.33 ], [ 80.478, 28.342 ], [ 80.464, 28.343 ], [ 80.458, 28.355 ], [ 80.468, 28.365 ], [ 80.463, 28.376 ], [ 80.448, 28.378 ], [ 80.443, 28.389 ], [ 80.428, 28.391 ], [ 80.423, 28.403 ], [ 80.408, 28.404 ], [ 80.403, 28.416 ], [ 80.388, 28.417 ], [ 80.383, 28.429 ], [ 80.368, 28.43 ], [ 80.363, 28.442 ], [ 80.372, 28.452 ], [ 80.367, 28.464 ], [ 80.352, 28.465 ], [ 80.347, 28.477 ], [ 80.332, 28.478 ], [ 80.327, 28.49 ], [ 80.312, 28.491 ], [ 80.303, 28.481 ], [ 80.308, 28.47 ], [ 80.299, 28.46 ], [ 80.304, 28.448 ], [ 80.295, 28.438 ], [ 80.3, 28.427 ], [ 80.291, 28.417 ], [ 80.296, 28.405 ], [ 80.311, 28.404 ], [ 80.316, 28.392 ], [ 80.306, 28.382 ], [ 80.312, 28.371 ], [ 80.302, 28.361 ], [ 80.308, 28.349 ], [ 80.322, 28.347 ], [ 80.327, 28.336 ], [ 80.318, 28.326 ], [ 80.323, 28.314 ], [ 80.314, 28.304 ], [ 80.319, 28.293 ], [ 80.31, 28.283 ], [ 80.315, 28.271 ], [ 80.306, 28.261 ], [ 80.311, 28.25 ], [ 80.302, 28.24 ], [ 80.287, 28.242 ], [ 80.277, 28.232 ], [ 80.283, 28.22 ], [ 80.273, 28.21 ], [ 80.259, 28.212 ], [ 80.249, 28.202 ], [ 80.255, 28.19 ], [ 80.245, 28.18 ], [ 80.251, 28.169 ], [ 80.265, 28.167 ], [ 80.27, 28.156 ], [ 80.261, 28.146 ], [ 80.266, 28.134 ], [ 80.281, 28.133 ], [ 80.286, 28.121 ], [ 80.277, 28.111 ], [ 80.282, 28.1 ], [ 80.297, 28.098 ], [ 80.302, 28.086 ], [ 80.293, 28.077 ], [ 80.298, 28.065 ], [ 80.288, 28.055 ], [ 80.294, 28.044 ], [ 80.308, 28.042 ], [ 80.314, 28.03 ], [ 80.304, 28.021 ], [ 80.309, 28.009 ], [ 80.324, 28.007 ], [ 80.329, 27.996 ], [ 80.344, 27.994 ], [ 80.349, 27.983 ], [ 80.364, 27.981 ], [ 80.373, 27.991 ], [ 80.368, 28.003 ], [ 80.377, 28.013 ], [ 80.372, 28.024 ], [ 80.381, 28.034 ], [ 80.376, 28.046 ], [ 80.362, 28.047 ], [ 80.356, 28.059 ], [ 80.342, 28.06 ], [ 80.336, 28.072 ], [ 80.346, 28.082 ], [ 80.341, 28.093 ], [ 80.35, 28.103 ], [ 80.345, 28.115 ], [ 80.33, 28.116 ], [ 80.325, 28.128 ], [ 80.334, 28.138 ], [ 80.349, 28.136 ], [ 80.358, 28.146 ], [ 80.373, 28.145 ], [ 80.382, 28.154 ], [ 80.397, 28.153 ], [ 80.406, 28.163 ], [ 80.401, 28.174 ], [ 80.41, 28.184 ], [ 80.425, 28.183 ], [ 80.434, 28.193 ], [ 80.429, 28.204 ], [ 80.439, 28.214 ], [ 80.433, 28.226 ], [ 80.443, 28.236 ] ] ] ] } },
{ "type": "Feature", "properties": { "POLYGON.ID": 1256.0, "subregion": "India--Uttar Pradesh--Lucknow--Kukrail Forests", "FILTER": "Uttar Pradesh", "POLYGON": "India--Uttar Pradesh--Lucknow--Kukrail Forests", "STATE": "Uttar Pradesh", "COUNTY": "Lucknow", "OWNER": null }, "geometry": { "type": "MultiPolygon", "coordinates": [ [ [ [ 81.023, 26.942 ], [ 81.032, 26.952 ], [ 81.027, 26.963 ], [ 81.013, 26.964 ], [ 81.008, 26.976 ], [ 80.993, 26.977 ], [ 80.988, 26.989 ], [ 80.974, 26.99 ], [ 80.965, 26.981 ], [ 80.95, 26.982 ], [ 80.941, 26.972 ], [ 80.946, 26.961 ], [ 80.937, 26.951 ], [ 80.942, 26.94 ], [ 80.956, 26.938 ], [ 80.961, 26.927 ], [ 80.975, 26.925 ], [ 80.981, 26.914 ], [ 80.971, 26.904 ], [ 80.976, 26.893 ], [ 80.991, 26.891 ], [ 81.0, 26.901 ], [ 81.014, 26.9 ], [ 81.023, 26.909 ], [ 81.018, 26.921 ], [ 81.028, 26.93 ], [ 81.023, 26.942 ] ] ] ] } },
{ "type": "Feature", "properties": { "POLYGON.ID": 1255.0, "subregion": "India--Uttar Pradesh--Sant Kabir Nagar--Bakhira WLS", "FILTER": "Uttar Pradesh", "POLYGON": "India--Uttar Pradesh--Sant Kabir Nagar--Bakhira WLS", "STATE": "Uttar Pradesh", "COUNTY": "Sant Kabir Nagar", "OWNER": null }, "geometry": { "type": "MultiPolygon", "coordinates": [ [ [ [ 83.206, 26.904 ], [ 83.202, 26.915 ], [ 83.188, 26.917 ], [ 83.184, 26.929 ], [ 83.17, 26.931 ], [ 83.166, 26.943 ], [ 83.152, 26.944 ], [ 83.148, 26.956 ], [ 83.134, 26.958 ], [ 83.124, 26.948 ], [ 83.11, 26.95 ], [ 83.1, 26.941 ], [ 83.087, 26.943 ], [ 83.077, 26.933 ], [ 83.081, 26.921 ], [ 83.071, 26.912 ], [ 83.076, 26.9 ], [ 83.089, 26.898 ], [ 83.094, 26.886 ], [ 83.107, 26.884 ], [ 83.112, 26.873 ], [ 83.126, 26.871 ], [ 83.13, 26.859 ], [ 83.144, 26.857 ], [ 83.153, 26.867 ], [ 83.167, 26.865 ], [ 83.171, 26.853 ], [ 83.185, 26.851 ], [ 83.195, 26.861 ], [ 83.209, 26.859 ], [ 83.218, 26.869 ], [ 83.214, 26.88 ], [ 83.224, 26.89 ], [ 83.22, 26.902 ], [ 83.206, 26.904 ] ] ] ] } },
{ "type": "Feature", "properties": { "POLYGON.ID": 1254.0, "subregion": "India--Uttar Pradesh--Gorakhpur--Forests", "FILTER": "Uttar Pradesh", "POLYGON": "India--Uttar Pradesh--Gorakhpur--Forests", "STATE": "Uttar Pradesh", "COUNTY": "Gorakhpur", "OWNER": null }, "geometry": { "type": "MultiPolygon", "coordinates": [ [ [ [ 83.467, 26.689 ], [ 83.476, 26.698 ], [ 83.49, 26.696 ], [ 83.5, 26.706 ], [ 83.496, 26.718 ], [ 83.506, 26.727 ], [ 83.501, 26.739 ], [ 83.511, 26.749 ], [ 83.507, 26.761 ], [ 83.493, 26.763 ], [ 83.489, 26.774 ], [ 83.475, 26.776 ], [ 83.471, 26.788 ], [ 83.481, 26.798 ], [ 83.476, 26.809 ], [ 83.463, 26.811 ], [ 83.453, 26.802 ], [ 83.439, 26.804 ], [ 83.429, 26.794 ], [ 83.433, 26.782 ], [ 83.424, 26.773 ], [ 83.41, 26.775 ], [ 83.4, 26.765 ], [ 83.404, 26.753 ], [ 83.418, 26.751 ], [ 83.422, 26.74 ], [ 83.413, 26.73 ], [ 83.417, 26.718 ], [ 83.431, 26.716 ], [ 83.435, 26.704 ], [ 83.449, 26.702 ], [ 83.453, 26.691 ], [ 83.467, 26.689 ] ] ] ] } },
{ "type": "Feature", "properties": { "POLYGON.ID": 1253.0, "subregion": "India--Uttar Pradesh--Maharajganj--Other forests", "FILTER": "Uttar Pradesh", "POLYGON": "India--Uttar Pradesh--Maharajganj--Other forests", "STATE": "Uttar Pradesh", "COUNTY": "Maharajganj", "OWNER": null }, "geometry": { "type": "MultiPolygon", "coordinates": [ [ [ [ 83.226, 27.067 ], [ 83.217, 27.057 ], [ 83.221, 27.045 ], [ 83.235, 27.043 ], [ 83.239, 27.032 ], [ 83.253, 27.03 ], [ 83.262, 27.039 ], [ 83.276, 27.037 ], [ 83.281, 27.026 ], [ 83.271, 27.016 ], [ 83.275, 27.004 ], [ 83.289, 27.002 ], [ 83.293, 26.991 ], [ 83.307, 26.989 ], [ 83.311, 26.977 ], [ 83.325, 26.975 ], [ 83.329, 26.963 ], [ 83.343, 26.961 ], [ 83.347, 26.95 ], [ 83.361, 26.948 ], [ 83.365, 26.936 ], [ 83.356, 26.926 ], [ 83.36, 26.915 ], [ 83.374, 26.913 ], [ 83.378, 26.901 ], [ 83.368, 26.891 ], [ 83.372, 26.88 ], [ 83.363, 26.87 ], [ 83.349, 26.872 ], [ 83.339, 26.862 ], [ 83.343, 26.851 ], [ 83.333, 26.841 ], [ 83.338, 26.829 ], [ 83.328, 26.82 ], [ 83.332, 26.808 ], [ 83.346, 26.806 ], [ 83.356, 26.816 ], [ 83.37, 26.814 ], [ 83.379, 26.823 ], [ 83.393, 26.821 ], [ 83.403, 26.831 ], [ 83.417, 26.829 ], [ 83.426, 26.839 ], [ 83.422, 26.85 ], [ 83.432, 26.86 ], [ 83.428, 26.872 ], [ 83.414, 26.874 ], [ 83.41, 26.885 ], [ 83.419, 26.895 ], [ 83.415, 26.907 ], [ 83.401, 26.909 ], [ 83.397, 26.92 ], [ 83.407, 26.93 ], [ 83.421, 26.928 ], [ 83.43, 26.938 ], [ 83.444, 26.936 ], [ 83.454, 26.945 ], [ 83.468, 26.943 ], [ 83.478, 26.953 ], [ 83.492, 26.951 ], [ 83.501, 26.961 ], [ 83.515, 26.959 ], [ 83.525, 26.968 ], [ 83.521, 26.98 ], [ 83.53, 26.99 ], [ 83.544, 26.988 ], [ 83.554, 26.997 ], [ 83.568, 26.995 ], [ 83.578, 27.005 ], [ 83.574, 27.017 ], [ 83.583, 27.026 ], [ 83.579, 27.038 ], [ 83.565, 27.04 ], [ 83.561, 27.052 ], [ 83.547, 27.054 ], [ 83.543, 27.065 ], [ 83.529, 27.067 ], [ 83.519, 27.058 ], [ 83.505, 27.06 ], [ 83.496, 27.05 ], [ 83.5, 27.038 ], [ 83.49, 27.029 ], [ 83.494, 27.017 ], [ 83.485, 27.007 ], [ 83.471, 27.009 ], [ 83.461, 27.0 ], [ 83.447, 27.002 ], [ 83.443, 27.013 ], [ 83.429, 27.015 ], [ 83.419, 27.006 ], [ 83.405, 27.008 ], [ 83.396, 26.998 ], [ 83.382, 27.0 ], [ 83.378, 27.012 ], [ 83.364, 27.014 ], [ 83.36, 27.025 ], [ 83.369, 27.035 ], [ 83.365, 27.047 ], [ 83.351, 27.049 ], [ 83.347, 27.06 ], [ 83.333, 27.062 ], [ 83.329, 27.074 ], [ 83.315, 27.076 ], [ 83.311, 27.088 ], [ 83.321, 27.097 ], [ 83.316, 27.109 ], [ 83.303, 27.111 ], [ 83.298, 27.123 ], [ 83.308, 27.132 ], [ 83.304, 27.144 ], [ 83.314, 27.153 ], [ 83.309, 27.165 ], [ 83.318, 27.174 ], [ 83.314, 27.186 ], [ 83.323, 27.195 ], [ 83.319, 27.207 ], [ 83.305, 27.209 ], [ 83.3, 27.22 ], [ 83.286, 27.222 ], [ 83.281, 27.233 ], [ 83.267, 27.235 ], [ 83.257, 27.226 ], [ 83.243, 27.227 ], [ 83.234, 27.218 ], [ 83.238, 27.206 ], [ 83.229, 27.197 ], [ 83.233, 27.185 ], [ 83.224, 27.176 ], [ 83.228, 27.164 ], [ 83.219, 27.155 ], [ 83.205, 27.157 ], [ 83.195, 27.147 ], [ 83.2, 27.136 ], [ 83.19, 27.126 ], [ 83.176, 27.128 ], [ 83.167, 27.118 ], [ 83.171, 27.107 ], [ 83.185, 27.105 ], [ 83.19, 27.094 ], [ 83.204, 27.092 ], [ 83.208, 27.08 ], [ 83.222, 27.078 ], [ 83.226, 27.067 ] ] ] ] } },
{ "type": "Feature", "properties": { "POLYGON.ID": 1252.0, "subregion": "India--Uttar Pradesh--Maharajganj--Sohagibarwa WLS", "FILTER": "Uttar Pradesh", "POLYGON": "India--Uttar Pradesh--Maharajganj--Sohagibarwa WLS", "STATE": "Uttar Pradesh", "COUNTY": "Maharajganj", "OWNER": null }, "geometry": { "type": "MultiPolygon", "coordinates": [ [ [ [ 83.661, 27.325 ], [ 83.675, 27.323 ], [ 83.685, 27.332 ], [ 83.682, 27.34 ], [ 83.681, 27.344 ], [ 83.69, 27.353 ], [ 83.686, 27.365 ], [ 83.671, 27.367 ], [ 83.667, 27.378 ], [ 83.653, 27.38 ], [ 83.643, 27.371 ], [ 83.629, 27.372 ], [ 83.624, 27.384 ], [ 83.61, 27.386 ], [ 83.606, 27.397 ], [ 83.591, 27.399 ], [ 83.587, 27.41 ], [ 83.573, 27.412 ], [ 83.568, 27.424 ], [ 83.554, 27.426 ], [ 83.544, 27.416 ], [ 83.53, 27.418 ], [ 83.52, 27.408 ], [ 83.506, 27.41 ], [ 83.497, 27.401 ], [ 83.501, 27.389 ], [ 83.492, 27.38 ], [ 83.496, 27.368 ], [ 83.487, 27.359 ], [ 83.491, 27.347 ], [ 83.481, 27.337 ], [ 83.486, 27.326 ], [ 83.476, 27.316 ], [ 83.462, 27.318 ], [ 83.453, 27.309 ], [ 83.438, 27.311 ], [ 83.429, 27.301 ], [ 83.415, 27.303 ], [ 83.405, 27.293 ], [ 83.41, 27.282 ], [ 83.4, 27.272 ], [ 83.405, 27.261 ], [ 83.395, 27.251 ], [ 83.4, 27.24 ], [ 83.39, 27.23 ], [ 83.395, 27.219 ], [ 83.409, 27.217 ], [ 83.413, 27.205 ], [ 83.404, 27.196 ], [ 83.408, 27.184 ], [ 83.398, 27.175 ], [ 83.403, 27.163 ], [ 83.393, 27.153 ], [ 83.397, 27.142 ], [ 83.387, 27.132 ], [ 83.391, 27.12 ], [ 83.405, 27.118 ], [ 83.41, 27.107 ], [ 83.423, 27.105 ], [ 83.433, 27.114 ], [ 83.447, 27.112 ], [ 83.457, 27.122 ], [ 83.471, 27.12 ], [ 83.475, 27.108 ], [ 83.489, 27.106 ], [ 83.498, 27.116 ], [ 83.494, 27.128 ], [ 83.504, 27.137 ], [ 83.5, 27.149 ], [ 83.51, 27.159 ], [ 83.505, 27.17 ], [ 83.515, 27.18 ], [ 83.511, 27.192 ], [ 83.497, 27.194 ], [ 83.493, 27.205 ], [ 83.503, 27.215 ], [ 83.498, 27.227 ], [ 83.508, 27.236 ], [ 83.522, 27.234 ], [ 83.532, 27.244 ], [ 83.546, 27.242 ], [ 83.555, 27.252 ], [ 83.569, 27.25 ], [ 83.579, 27.259 ], [ 83.593, 27.257 ], [ 83.603, 27.267 ], [ 83.617, 27.265 ], [ 83.626, 27.274 ], [ 83.64, 27.272 ], [ 83.65, 27.282 ], [ 83.646, 27.294 ], [ 83.656, 27.303 ], [ 83.651, 27.315 ], [ 83.661, 27.325 ] ] ], [ [ [ 83.478, 26.953 ], [ 83.468, 26.943 ], [ 83.472, 26.932 ], [ 83.486, 26.93 ], [ 83.496, 26.939 ], [ 83.492, 26.951 ], [ 83.478, 26.953 ] ] ], [ [ [ 83.211, 27.036 ], [ 83.215, 27.024 ], [ 83.229, 27.022 ], [ 83.239, 27.032 ], [ 83.235, 27.043 ], [ 83.221, 27.045 ], [ 83.211, 27.036 ] ] ] ] } },
{ "type": "Feature", "properties": { "POLYGON.ID": 1251.0, "subregion": "India--Uttar Pradesh--Gonda--Forests", "FILTER": "Uttar Pradesh", "POLYGON": "India--Uttar Pradesh--Gonda--Forests", "STATE": "Uttar Pradesh", "COUNTY": "Gonda", "OWNER": null }, "geometry": { "type": "MultiPolygon", "coordinates": [ [ [ [ 82.045, 27.409 ], [ 82.05, 27.397 ], [ 82.064, 27.395 ], [ 82.069, 27.384 ], [ 82.084, 27.382 ], [ 82.088, 27.371 ], [ 82.103, 27.369 ], [ 82.108, 27.358 ], [ 82.122, 27.356 ], [ 82.127, 27.345 ], [ 82.117, 27.335 ], [ 82.122, 27.323 ], [ 82.136, 27.322 ], [ 82.141, 27.31 ], [ 82.156, 27.309 ], [ 82.16, 27.297 ], [ 82.175, 27.295 ], [ 82.184, 27.305 ], [ 82.198, 27.303 ], [ 82.203, 27.292 ], [ 82.218, 27.29 ], [ 82.222, 27.279 ], [ 82.237, 27.277 ], [ 82.242, 27.266 ], [ 82.256, 27.264 ], [ 82.261, 27.252 ], [ 82.251, 27.243 ], [ 82.256, 27.231 ], [ 82.247, 27.222 ], [ 82.251, 27.21 ], [ 82.242, 27.201 ], [ 82.228, 27.202 ], [ 82.218, 27.193 ], [ 82.223, 27.181 ], [ 82.213, 27.172 ], [ 82.218, 27.16 ], [ 82.233, 27.158 ], [ 82.237, 27.147 ], [ 82.228, 27.137 ], [ 82.233, 27.126 ], [ 82.223, 27.116 ], [ 82.228, 27.105 ], [ 82.219, 27.095 ], [ 82.204, 27.097 ], [ 82.195, 27.087 ], [ 82.2, 27.076 ], [ 82.19, 27.066 ], [ 82.195, 27.055 ], [ 82.186, 27.045 ], [ 82.171, 27.047 ], [ 82.162, 27.037 ], [ 82.167, 27.026 ], [ 82.157, 27.016 ], [ 82.162, 27.005 ], [ 82.153, 26.995 ], [ 82.158, 26.984 ], [ 82.148, 26.974 ], [ 82.153, 26.962 ], [ 82.167, 26.961 ], [ 82.172, 26.949 ], [ 82.186, 26.948 ], [ 82.191, 26.936 ], [ 82.205, 26.935 ], [ 82.215, 26.944 ], [ 82.229, 26.943 ], [ 82.234, 26.931 ], [ 82.248, 26.929 ], [ 82.253, 26.918 ], [ 82.267, 26.916 ], [ 82.276, 26.926 ], [ 82.291, 26.924 ], [ 82.3, 26.934 ], [ 82.295, 26.945 ], [ 82.305, 26.955 ], [ 82.319, 26.953 ], [ 82.328, 26.963 ], [ 82.324, 26.974 ], [ 82.333, 26.984 ], [ 82.328, 26.995 ], [ 82.338, 27.005 ], [ 82.333, 27.016 ], [ 82.342, 27.026 ], [ 82.338, 27.038 ], [ 82.347, 27.047 ], [ 82.342, 27.059 ], [ 82.352, 27.068 ], [ 82.347, 27.08 ], [ 82.356, 27.089 ], [ 82.352, 27.101 ], [ 82.337, 27.102 ], [ 82.333, 27.114 ], [ 82.318, 27.116 ], [ 82.313, 27.127 ], [ 82.299, 27.129 ], [ 82.294, 27.14 ], [ 82.28, 27.142 ], [ 82.275, 27.153 ], [ 82.285, 27.163 ], [ 82.28, 27.174 ], [ 82.289, 27.184 ], [ 82.304, 27.182 ], [ 82.313, 27.192 ], [ 82.327, 27.19 ], [ 82.332, 27.179 ], [ 82.347, 27.177 ], [ 82.351, 27.166 ], [ 82.342, 27.156 ], [ 82.347, 27.145 ], [ 82.361, 27.143 ], [ 82.37, 27.153 ], [ 82.385, 27.151 ], [ 82.394, 27.16 ], [ 82.408, 27.159 ], [ 82.418, 27.168 ], [ 82.413, 27.18 ], [ 82.423, 27.189 ], [ 82.418, 27.201 ], [ 82.403, 27.203 ], [ 82.394, 27.193 ], [ 82.38, 27.195 ], [ 82.375, 27.206 ], [ 82.361, 27.208 ], [ 82.356, 27.219 ], [ 82.342, 27.221 ], [ 82.337, 27.232 ], [ 82.323, 27.234 ], [ 82.318, 27.246 ], [ 82.303, 27.247 ], [ 82.299, 27.259 ], [ 82.284, 27.26 ], [ 82.28, 27.272 ], [ 82.265, 27.274 ], [ 82.26, 27.285 ], [ 82.246, 27.287 ], [ 82.241, 27.298 ], [ 82.251, 27.308 ], [ 82.246, 27.319 ], [ 82.232, 27.321 ], [ 82.227, 27.332 ], [ 82.213, 27.334 ], [ 82.208, 27.346 ], [ 82.193, 27.347 ], [ 82.189, 27.359 ], [ 82.174, 27.361 ], [ 82.169, 27.372 ], [ 82.155, 27.374 ], [ 82.15, 27.385 ], [ 82.136, 27.387 ], [ 82.131, 27.398 ], [ 82.141, 27.408 ], [ 82.136, 27.419 ], [ 82.121, 27.421 ], [ 82.117, 27.433 ], [ 82.102, 27.434 ], [ 82.093, 27.425 ], [ 82.078, 27.426 ], [ 82.069, 27.417 ], [ 82.055, 27.418 ], [ 82.045, 27.409 ] ] ] ] } },
{ "type": "Feature", "properties": { "POLYGON.ID": 1250.0, "subregion": "India--Uttar Pradesh--Balrampur--Sohelwa WLS", "FILTER": "Uttar Pradesh", "POLYGON": "India--Uttar Pradesh--Balrampur--Sohelwa WLS", "STATE": "Uttar Pradesh", "COUNTY": "Balrampur", "OWNER": null }, "geometry": { "type": "MultiPolygon", "coordinates": [ [ [ [ 82.613, 27.579 ], [ 82.622, 27.588 ], [ 82.637, 27.586 ], [ 82.646, 27.596 ], [ 82.66, 27.594 ], [ 82.665, 27.583 ], [ 82.68, 27.581 ], [ 82.684, 27.57 ], [ 82.675, 27.56 ], [ 82.679, 27.548 ], [ 82.694, 27.547 ], [ 82.699, 27.535 ], [ 82.713, 27.533 ], [ 82.722, 27.543 ], [ 82.737, 27.541 ], [ 82.741, 27.53 ], [ 82.756, 27.528 ], [ 82.765, 27.538 ], [ 82.761, 27.549 ], [ 82.77, 27.559 ], [ 82.765, 27.57 ], [ 82.775, 27.58 ], [ 82.77, 27.591 ], [ 82.756, 27.593 ], [ 82.751, 27.605 ], [ 82.761, 27.614 ], [ 82.756, 27.626 ], [ 82.766, 27.636 ], [ 82.761, 27.647 ], [ 82.747, 27.649 ], [ 82.742, 27.66 ], [ 82.727, 27.662 ], [ 82.723, 27.674 ], [ 82.732, 27.683 ], [ 82.728, 27.695 ], [ 82.713, 27.697 ], [ 82.708, 27.708 ], [ 82.718, 27.718 ], [ 82.713, 27.729 ], [ 82.699, 27.731 ], [ 82.689, 27.721 ], [ 82.675, 27.723 ], [ 82.67, 27.735 ], [ 82.656, 27.736 ], [ 82.646, 27.727 ], [ 82.632, 27.729 ], [ 82.622, 27.719 ], [ 82.627, 27.707 ], [ 82.618, 27.698 ], [ 82.603, 27.699 ], [ 82.598, 27.711 ], [ 82.584, 27.713 ], [ 82.574, 27.703 ], [ 82.56, 27.705 ], [ 82.551, 27.695 ], [ 82.536, 27.697 ], [ 82.531, 27.708 ], [ 82.517, 27.71 ], [ 82.508, 27.7 ], [ 82.493, 27.702 ], [ 82.484, 27.692 ], [ 82.469, 27.694 ], [ 82.46, 27.685 ], [ 82.445, 27.686 ], [ 82.441, 27.698 ], [ 82.426, 27.7 ], [ 82.421, 27.711 ], [ 82.407, 27.713 ], [ 82.402, 27.724 ], [ 82.388, 27.726 ], [ 82.383, 27.738 ], [ 82.392, 27.747 ], [ 82.388, 27.759 ], [ 82.373, 27.761 ], [ 82.364, 27.751 ], [ 82.349, 27.753 ], [ 82.345, 27.764 ], [ 82.33, 27.766 ], [ 82.325, 27.777 ], [ 82.311, 27.779 ], [ 82.306, 27.791 ], [ 82.292, 27.792 ], [ 82.287, 27.804 ], [ 82.272, 27.806 ], [ 82.268, 27.817 ], [ 82.253, 27.819 ], [ 82.248, 27.83 ], [ 82.234, 27.832 ], [ 82.224, 27.822 ], [ 82.21, 27.824 ], [ 82.2, 27.814 ], [ 82.205, 27.803 ], [ 82.196, 27.793 ], [ 82.181, 27.795 ], [ 82.172, 27.785 ], [ 82.157, 27.787 ], [ 82.148, 27.777 ], [ 82.153, 27.766 ], [ 82.143, 27.756 ], [ 82.148, 27.744 ], [ 82.162, 27.743 ], [ 82.167, 27.731 ], [ 82.182, 27.729 ], [ 82.187, 27.718 ], [ 82.201, 27.716 ], [ 82.206, 27.705 ], [ 82.22, 27.703 ], [ 82.225, 27.691 ], [ 82.239, 27.69 ], [ 82.244, 27.678 ], [ 82.259, 27.677 ], [ 82.263, 27.665 ], [ 82.278, 27.663 ], [ 82.283, 27.652 ], [ 82.297, 27.65 ], [ 82.302, 27.639 ], [ 82.292, 27.629 ], [ 82.297, 27.617 ], [ 82.312, 27.616 ], [ 82.316, 27.604 ], [ 82.331, 27.602 ], [ 82.336, 27.591 ], [ 82.35, 27.589 ], [ 82.359, 27.599 ], [ 82.374, 27.597 ], [ 82.379, 27.586 ], [ 82.393, 27.584 ], [ 82.402, 27.594 ], [ 82.417, 27.592 ], [ 82.422, 27.58 ], [ 82.436, 27.579 ], [ 82.441, 27.567 ], [ 82.455, 27.565 ], [ 82.465, 27.575 ], [ 82.479, 27.573 ], [ 82.484, 27.562 ], [ 82.498, 27.56 ], [ 82.508, 27.57 ], [ 82.522, 27.568 ], [ 82.527, 27.557 ], [ 82.541, 27.555 ], [ 82.546, 27.543 ], [ 82.56, 27.542 ], [ 82.565, 27.53 ], [ 82.579, 27.528 ], [ 82.589, 27.538 ], [ 82.603, 27.536 ], [ 82.613, 27.546 ], [ 82.608, 27.557 ], [ 82.617, 27.567 ], [ 82.613, 27.579 ] ] ] ] } },
{ "type": "Feature", "properties": { "POLYGON.ID": 1249.0, "subregion": "India--Uttar Pradesh--Shrawasti--Forests (north)", "FILTER": "Uttar Pradesh", "POLYGON": "India--Uttar Pradesh--Shrawasti--Forests (north)", "STATE": "Uttar Pradesh", "COUNTY": "Shrawasti", "OWNER": null }, "geometry": { "type": "MultiPolygon", "coordinates": [ [ [ [ 82.012, 27.935 ], [ 82.007, 27.947 ], [ 81.993, 27.949 ], [ 81.983, 27.939 ], [ 81.969, 27.941 ], [ 81.959, 27.931 ], [ 81.945, 27.933 ], [ 81.935, 27.923 ], [ 81.94, 27.911 ], [ 81.931, 27.902 ], [ 81.935, 27.89 ], [ 81.926, 27.88 ], [ 81.911, 27.882 ], [ 81.902, 27.872 ], [ 81.907, 27.861 ], [ 81.921, 27.859 ], [ 81.926, 27.847 ], [ 81.941, 27.846 ], [ 81.946, 27.834 ], [ 81.96, 27.833 ], [ 81.97, 27.842 ], [ 81.984, 27.841 ], [ 81.994, 27.85 ], [ 82.008, 27.849 ], [ 82.018, 27.858 ], [ 82.032, 27.857 ], [ 82.037, 27.845 ], [ 82.051, 27.843 ], [ 82.056, 27.832 ], [ 82.071, 27.83 ], [ 82.075, 27.819 ], [ 82.09, 27.817 ], [ 82.095, 27.805 ], [ 82.109, 27.804 ], [ 82.114, 27.792 ], [ 82.129, 27.79 ], [ 82.133, 27.779 ], [ 82.124, 27.769 ], [ 82.129, 27.758 ], [ 82.143, 27.756 ], [ 82.153, 27.766 ], [ 82.148, 27.777 ], [ 82.157, 27.787 ], [ 82.172, 27.785 ], [ 82.181, 27.795 ], [ 82.196, 27.793 ], [ 82.205, 27.803 ], [ 82.2, 27.814 ], [ 82.21, 27.824 ], [ 82.205, 27.836 ], [ 82.215, 27.845 ], [ 82.21, 27.857 ], [ 82.195, 27.859 ], [ 82.19, 27.87 ], [ 82.176, 27.872 ], [ 82.171, 27.883 ], [ 82.157, 27.885 ], [ 82.147, 27.875 ], [ 82.133, 27.877 ], [ 82.128, 27.889 ], [ 82.113, 27.89 ], [ 82.109, 27.902 ], [ 82.094, 27.904 ], [ 82.089, 27.915 ], [ 82.075, 27.917 ], [ 82.07, 27.929 ], [ 82.055, 27.93 ], [ 82.05, 27.942 ], [ 82.036, 27.944 ], [ 82.026, 27.934 ], [ 82.012, 27.935 ] ] ] ] } },
{ "type": "Feature", "properties": { "POLYGON.ID": 1248.0, "subregion": "India--Uttar Pradesh--Shrawasti--Forests (south)", "FILTER": "Uttar Pradesh", "POLYGON": "India--Uttar Pradesh--Shrawasti--Forests (south)", "STATE": "Uttar Pradesh", "COUNTY": "Shrawasti", "OWNER": null }, "geometry": { "type": "MultiPolygon", "coordinates": [ [ [ [ 81.884, 27.754 ], [ 81.874, 27.745 ], [ 81.879, 27.733 ], [ 81.894, 27.731 ], [ 81.899, 27.72 ], [ 81.889, 27.71 ], [ 81.894, 27.699 ], [ 81.909, 27.697 ], [ 81.913, 27.685 ], [ 81.928, 27.684 ], [ 81.933, 27.672 ], [ 81.947, 27.67 ], [ 81.957, 27.68 ], [ 81.971, 27.679 ], [ 81.976, 27.667 ], [ 81.99, 27.665 ], [ 82.0, 27.675 ], [ 82.014, 27.673 ], [ 82.024, 27.683 ], [ 82.019, 27.695 ], [ 82.028, 27.704 ], [ 82.024, 27.716 ], [ 82.033, 27.726 ], [ 82.028, 27.737 ], [ 82.038, 27.747 ], [ 82.033, 27.758 ], [ 82.042, 27.768 ], [ 82.037, 27.78 ], [ 82.023, 27.781 ], [ 82.018, 27.793 ], [ 82.004, 27.795 ], [ 81.994, 27.785 ], [ 81.98, 27.787 ], [ 81.975, 27.798 ], [ 81.96, 27.8 ], [ 81.955, 27.811 ], [ 81.941, 27.813 ], [ 81.936, 27.824 ], [ 81.922, 27.826 ], [ 81.917, 27.838 ], [ 81.902, 27.839 ], [ 81.897, 27.851 ], [ 81.883, 27.853 ], [ 81.878, 27.864 ], [ 81.888, 27.874 ], [ 81.883, 27.885 ], [ 81.868, 27.887 ], [ 81.863, 27.899 ], [ 81.849, 27.9 ], [ 81.844, 27.912 ], [ 81.829, 27.914 ], [ 81.82, 27.904 ], [ 81.805, 27.906 ], [ 81.796, 27.896 ], [ 81.801, 27.884 ], [ 81.791, 27.874 ], [ 81.796, 27.863 ], [ 81.811, 27.861 ], [ 81.816, 27.85 ], [ 81.83, 27.848 ], [ 81.835, 27.837 ], [ 81.825, 27.827 ], [ 81.83, 27.815 ], [ 81.845, 27.814 ], [ 81.85, 27.802 ], [ 81.84, 27.792 ], [ 81.845, 27.781 ], [ 81.86, 27.779 ], [ 81.865, 27.768 ], [ 81.879, 27.766 ], [ 81.884, 27.754 ] ] ], [ [ [ 81.759, 27.791 ], [ 81.754, 27.802 ], [ 81.739, 27.804 ], [ 81.734, 27.816 ], [ 81.744, 27.825 ], [ 81.739, 27.837 ], [ 81.748, 27.847 ], [ 81.743, 27.858 ], [ 81.729, 27.86 ], [ 81.724, 27.871 ], [ 81.709, 27.873 ], [ 81.7, 27.863 ], [ 81.685, 27.865 ], [ 81.676, 27.855 ], [ 81.681, 27.844 ], [ 81.671, 27.834 ], [ 81.676, 27.823 ], [ 81.691, 27.821 ], [ 81.696, 27.809 ], [ 81.686, 27.8 ], [ 81.691, 27.788 ], [ 81.706, 27.786 ], [ 81.711, 27.775 ], [ 81.725, 27.773 ], [ 81.73, 27.762 ], [ 81.745, 27.76 ], [ 81.754, 27.77 ], [ 81.749, 27.781 ], [ 81.759, 27.791 ] ] ] ] } },
{ "type": "Feature", "properties": { "POLYGON.ID": 1247.0, "subregion": "India--Uttar Pradesh--Bahraich--Katarniaghat WLS", "FILTER": "Uttar Pradesh", "POLYGON": "India--Uttar Pradesh--Bahraich--Katarniaghat WLS", "STATE": "Uttar Pradesh", "COUNTY": "Bahraich", "OWNER": null }, "geometry": { "type": "MultiPolygon", "coordinates": [ [ [ [ 81.646, 27.924 ], [ 81.651, 27.913 ], [ 81.666, 27.911 ], [ 81.671, 27.9 ], [ 81.685, 27.898 ], [ 81.695, 27.908 ], [ 81.709, 27.906 ], [ 81.719, 27.916 ], [ 81.714, 27.927 ], [ 81.723, 27.937 ], [ 81.718, 27.949 ], [ 81.704, 27.95 ], [ 81.699, 27.962 ], [ 81.708, 27.972 ], [ 81.703, 27.983 ], [ 81.713, 27.993 ], [ 81.708, 28.005 ], [ 81.693, 28.006 ], [ 81.684, 27.996 ], [ 81.669, 27.998 ], [ 81.664, 28.01 ], [ 81.65, 28.011 ], [ 81.64, 28.002 ], [ 81.626, 28.003 ], [ 81.616, 27.993 ], [ 81.621, 27.982 ], [ 81.612, 27.972 ], [ 81.617, 27.961 ], [ 81.607, 27.951 ], [ 81.612, 27.939 ], [ 81.627, 27.938 ], [ 81.632, 27.926 ], [ 81.646, 27.924 ] ] ], [ [ [ 81.459, 28.165 ], [ 81.454, 28.177 ], [ 81.439, 28.178 ], [ 81.434, 28.19 ], [ 81.42, 28.192 ], [ 81.41, 28.182 ], [ 81.396, 28.183 ], [ 81.391, 28.195 ], [ 81.376, 28.197 ], [ 81.366, 28.187 ], [ 81.372, 28.175 ], [ 81.362, 28.165 ], [ 81.347, 28.167 ], [ 81.342, 28.179 ], [ 81.328, 28.18 ], [ 81.323, 28.192 ], [ 81.332, 28.202 ], [ 81.327, 28.213 ], [ 81.313, 28.215 ], [ 81.308, 28.227 ], [ 81.293, 28.228 ], [ 81.288, 28.24 ], [ 81.297, 28.25 ], [ 81.292, 28.261 ], [ 81.278, 28.263 ], [ 81.273, 28.274 ], [ 81.258, 28.276 ], [ 81.253, 28.288 ], [ 81.263, 28.298 ], [ 81.257, 28.309 ], [ 81.243, 28.311 ], [ 81.238, 28.322 ], [ 81.247, 28.332 ], [ 81.242, 28.344 ], [ 81.228, 28.345 ], [ 81.222, 28.357 ], [ 81.232, 28.367 ], [ 81.227, 28.378 ], [ 81.212, 28.38 ], [ 81.203, 28.37 ], [ 81.188, 28.372 ], [ 81.183, 28.384 ], [ 81.168, 28.385 ], [ 81.159, 28.375 ], [ 81.144, 28.377 ], [ 81.139, 28.389 ], [ 81.125, 28.39 ], [ 81.119, 28.402 ], [ 81.105, 28.403 ], [ 81.1, 28.415 ], [ 81.085, 28.417 ], [ 81.08, 28.428 ], [ 81.065, 28.43 ], [ 81.056, 28.42 ], [ 81.041, 28.422 ], [ 81.032, 28.412 ], [ 81.017, 28.413 ], [ 81.007, 28.404 ], [ 81.013, 28.392 ], [ 81.003, 28.382 ], [ 81.008, 28.37 ], [ 80.999, 28.361 ], [ 81.004, 28.349 ], [ 80.994, 28.339 ], [ 81.0, 28.328 ], [ 80.99, 28.318 ], [ 80.975, 28.319 ], [ 80.966, 28.309 ], [ 80.971, 28.298 ], [ 80.962, 28.288 ], [ 80.967, 28.276 ], [ 80.981, 28.275 ], [ 80.986, 28.263 ], [ 81.001, 28.262 ], [ 81.006, 28.25 ], [ 81.021, 28.248 ], [ 81.03, 28.258 ], [ 81.045, 28.257 ], [ 81.054, 28.266 ], [ 81.069, 28.265 ], [ 81.078, 28.275 ], [ 81.093, 28.273 ], [ 81.103, 28.283 ], [ 81.117, 28.281 ], [ 81.122, 28.27 ], [ 81.113, 28.26 ], [ 81.118, 28.248 ], [ 81.108, 28.238 ], [ 81.114, 28.227 ], [ 81.104, 28.217 ], [ 81.109, 28.205 ], [ 81.124, 28.204 ], [ 81.129, 28.192 ], [ 81.119, 28.182 ], [ 81.124, 28.171 ], [ 81.139, 28.169 ], [ 81.144, 28.158 ], [ 81.135, 28.148 ], [ 81.14, 28.136 ], [ 81.154, 28.134 ], [ 81.159, 28.123 ], [ 81.174, 28.121 ], [ 81.179, 28.11 ], [ 81.194, 28.108 ], [ 81.199, 28.097 ], [ 81.213, 28.095 ], [ 81.223, 28.105 ], [ 81.237, 28.103 ], [ 81.242, 28.092 ], [ 81.257, 28.09 ], [ 81.262, 28.078 ], [ 81.253, 28.068 ], [ 81.258, 28.057 ], [ 81.272, 28.055 ], [ 81.277, 28.044 ], [ 81.292, 28.042 ], [ 81.297, 28.031 ], [ 81.287, 28.021 ], [ 81.292, 28.009 ], [ 81.307, 28.008 ], [ 81.312, 27.996 ], [ 81.327, 27.994 ], [ 81.332, 27.983 ], [ 81.322, 27.973 ], [ 81.327, 27.961 ], [ 81.342, 27.96 ], [ 81.347, 27.948 ], [ 81.337, 27.938 ], [ 81.342, 27.927 ], [ 81.333, 27.917 ], [ 81.338, 27.906 ], [ 81.352, 27.904 ], [ 81.357, 27.892 ], [ 81.372, 27.891 ], [ 81.381, 27.901 ], [ 81.376, 27.912 ], [ 81.386, 27.922 ], [ 81.4, 27.92 ], [ 81.41, 27.93 ], [ 81.405, 27.942 ], [ 81.414, 27.951 ], [ 81.409, 27.963 ], [ 81.419, 27.973 ], [ 81.414, 27.984 ], [ 81.423, 27.994 ], [ 81.418, 28.006 ], [ 81.404, 28.007 ], [ 81.399, 28.019 ], [ 81.384, 28.021 ], [ 81.379, 28.032 ], [ 81.388, 28.042 ], [ 81.383, 28.053 ], [ 81.393, 28.063 ], [ 81.407, 28.062 ], [ 81.412, 28.05 ], [ 81.427, 28.048 ], [ 81.432, 28.037 ], [ 81.447, 28.035 ], [ 81.452, 28.024 ], [ 81.466, 28.022 ], [ 81.471, 28.01 ], [ 81.486, 28.009 ], [ 81.491, 27.997 ], [ 81.505, 27.996 ], [ 81.515, 28.005 ], [ 81.529, 28.004 ], [ 81.539, 28.013 ], [ 81.553, 28.012 ], [ 81.563, 28.022 ], [ 81.558, 28.033 ], [ 81.567, 28.043 ], [ 81.562, 28.054 ], [ 81.548, 28.056 ], [ 81.543, 28.068 ], [ 81.528, 28.069 ], [ 81.523, 28.081 ], [ 81.509, 28.083 ], [ 81.504, 28.094 ], [ 81.489, 28.096 ], [ 81.484, 28.107 ], [ 81.494, 28.117 ], [ 81.488, 28.129 ], [ 81.474, 28.13 ], [ 81.469, 28.142 ], [ 81.454, 28.144 ], [ 81.449, 28.155 ], [ 81.459, 28.165 ] ] ] ] } },
{ "type": "Feature", "properties": { "POLYGON.ID": 1246.0, "subregion": "India--Uttar Pradesh--Rampur--Forests", "FILTER": "Uttar Pradesh", "POLYGON": "India--Uttar Pradesh--Rampur--Forests", "STATE": "Uttar Pradesh", "COUNTY": "Rampur", "OWNER": null }, "geometry": { "type": "MultiPolygon", "coordinates": [ [ [ [ 79.177, 28.963 ], [ 79.192, 28.961 ], [ 79.197, 28.949 ], [ 79.188, 28.939 ], [ 79.193, 28.928 ], [ 79.208, 28.926 ], [ 79.218, 28.936 ], [ 79.233, 28.935 ], [ 79.242, 28.945 ], [ 79.236, 28.957 ], [ 79.246, 28.967 ], [ 79.24, 28.978 ], [ 79.25, 28.988 ], [ 79.244, 29.0 ], [ 79.253, 29.01 ], [ 79.248, 29.022 ], [ 79.233, 29.023 ], [ 79.227, 29.035 ], [ 79.213, 29.036 ], [ 79.203, 29.026 ], [ 79.188, 29.028 ], [ 79.179, 29.018 ], [ 79.184, 29.006 ], [ 79.175, 28.996 ], [ 79.181, 28.984 ], [ 79.171, 28.974 ], [ 79.177, 28.963 ] ] ], [ [ [ 79.28, 28.775 ], [ 79.295, 28.774 ], [ 79.304, 28.784 ], [ 79.319, 28.783 ], [ 79.328, 28.793 ], [ 79.323, 28.804 ], [ 79.308, 28.806 ], [ 79.303, 28.817 ], [ 79.288, 28.819 ], [ 79.278, 28.809 ], [ 79.284, 28.797 ], [ 79.275, 28.787 ], [ 79.28, 28.775 ] ] ], [ [ [ 79.312, 28.827 ], [ 79.327, 28.826 ], [ 79.336, 28.836 ], [ 79.331, 28.848 ], [ 79.34, 28.858 ], [ 79.335, 28.869 ], [ 79.344, 28.879 ], [ 79.338, 28.891 ], [ 79.323, 28.893 ], [ 79.318, 28.904 ], [ 79.303, 28.906 ], [ 79.294, 28.896 ], [ 79.299, 28.884 ], [ 79.29, 28.874 ], [ 79.275, 28.875 ], [ 79.266, 28.865 ], [ 79.271, 28.854 ], [ 79.286, 28.852 ], [ 79.292, 28.841 ], [ 79.306, 28.839 ], [ 79.312, 28.827 ] ] ] ] } },
{ "type": "Feature", "properties": { "POLYGON.ID": 1245.0, "subregion": "India--Uttar Pradesh--Bijnor--Forests (east)", "FILTER": "Uttar Pradesh", "POLYGON": "India--Uttar Pradesh--Bijnor--Forests (east)", "STATE": "Uttar Pradesh", "COUNTY": "Bijnor", "OWNER": null }, "geometry": { "type": "MultiPolygon", "coordinates": [ [ [ [ 78.809, 29.342 ], [ 78.824, 29.341 ], [ 78.833, 29.351 ], [ 78.848, 29.35 ], [ 78.858, 29.36 ], [ 78.873, 29.358 ], [ 78.882, 29.369 ], [ 78.877, 29.38 ], [ 78.886, 29.39 ], [ 78.901, 29.389 ], [ 78.91, 29.399 ], [ 78.905, 29.411 ], [ 78.914, 29.421 ], [ 78.908, 29.433 ], [ 78.893, 29.434 ], [ 78.888, 29.446 ], [ 78.873, 29.447 ], [ 78.867, 29.459 ], [ 78.852, 29.46 ], [ 78.843, 29.45 ], [ 78.848, 29.439 ], [ 78.839, 29.428 ], [ 78.824, 29.43 ], [ 78.815, 29.42 ], [ 78.82, 29.408 ], [ 78.811, 29.398 ], [ 78.796, 29.399 ], [ 78.786, 29.389 ], [ 78.792, 29.377 ], [ 78.783, 29.367 ], [ 78.788, 29.355 ], [ 78.779, 29.345 ], [ 78.785, 29.334 ], [ 78.8, 29.332 ], [ 78.809, 29.342 ] ] ] ] } },
{ "type": "Feature", "properties": { "POLYGON.ID": 1244.0, "subregion": "India--Uttar Pradesh--Bijnor--Forests (west)", "FILTER": "Uttar Pradesh", "POLYGON": "India--Uttar Pradesh--Bijnor--Forests (west)", "STATE": "Uttar Pradesh", "COUNTY": "Bijnor", "OWNER": null }, "geometry": { "type": "MultiPolygon", "coordinates": [ [ [ [ 78.335, 29.666 ], [ 78.35, 29.664 ], [ 78.36, 29.675 ], [ 78.375, 29.673 ], [ 78.384, 29.684 ], [ 78.399, 29.682 ], [ 78.405, 29.67 ], [ 78.396, 29.66 ], [ 78.401, 29.648 ], [ 78.392, 29.638 ], [ 78.398, 29.627 ], [ 78.413, 29.625 ], [ 78.419, 29.613 ], [ 78.434, 29.612 ], [ 78.443, 29.622 ], [ 78.458, 29.621 ], [ 78.467, 29.631 ], [ 78.483, 29.63 ], [ 78.488, 29.618 ], [ 78.503, 29.616 ], [ 78.509, 29.605 ], [ 78.5, 29.595 ], [ 78.505, 29.583 ], [ 78.496, 29.573 ], [ 78.502, 29.561 ], [ 78.492, 29.551 ], [ 78.498, 29.539 ], [ 78.513, 29.538 ], [ 78.523, 29.548 ], [ 78.538, 29.546 ], [ 78.543, 29.535 ], [ 78.534, 29.525 ], [ 78.54, 29.513 ], [ 78.53, 29.503 ], [ 78.536, 29.491 ], [ 78.527, 29.481 ], [ 78.512, 29.482 ], [ 78.502, 29.472 ], [ 78.508, 29.46 ], [ 78.499, 29.45 ], [ 78.504, 29.438 ], [ 78.52, 29.437 ], [ 78.525, 29.425 ], [ 78.54, 29.424 ], [ 78.546, 29.412 ], [ 78.561, 29.411 ], [ 78.567, 29.399 ], [ 78.582, 29.398 ], [ 78.591, 29.408 ], [ 78.585, 29.42 ], [ 78.595, 29.43 ], [ 78.61, 29.428 ], [ 78.619, 29.439 ], [ 78.613, 29.45 ], [ 78.623, 29.46 ], [ 78.617, 29.472 ], [ 78.626, 29.482 ], [ 78.642, 29.481 ], [ 78.651, 29.491 ], [ 78.645, 29.503 ], [ 78.655, 29.513 ], [ 78.649, 29.525 ], [ 78.634, 29.526 ], [ 78.628, 29.538 ], [ 78.613, 29.539 ], [ 78.607, 29.551 ], [ 78.592, 29.552 ], [ 78.587, 29.564 ], [ 78.596, 29.574 ], [ 78.59, 29.586 ], [ 78.575, 29.587 ], [ 78.569, 29.599 ], [ 78.554, 29.6 ], [ 78.549, 29.612 ], [ 78.534, 29.614 ], [ 78.528, 29.625 ], [ 78.537, 29.636 ], [ 78.531, 29.647 ], [ 78.516, 29.649 ], [ 78.511, 29.66 ], [ 78.52, 29.671 ], [ 78.514, 29.682 ], [ 78.524, 29.693 ], [ 78.518, 29.704 ], [ 78.503, 29.706 ], [ 78.497, 29.717 ], [ 78.506, 29.728 ], [ 78.501, 29.739 ], [ 78.486, 29.741 ], [ 78.476, 29.731 ], [ 78.461, 29.732 ], [ 78.455, 29.744 ], [ 78.44, 29.745 ], [ 78.435, 29.757 ], [ 78.419, 29.758 ], [ 78.414, 29.77 ], [ 78.399, 29.771 ], [ 78.389, 29.761 ], [ 78.374, 29.763 ], [ 78.368, 29.774 ], [ 78.353, 29.776 ], [ 78.347, 29.787 ], [ 78.332, 29.789 ], [ 78.323, 29.778 ], [ 78.329, 29.767 ], [ 78.319, 29.757 ], [ 78.304, 29.758 ], [ 78.295, 29.748 ], [ 78.301, 29.736 ], [ 78.291, 29.726 ], [ 78.276, 29.727 ], [ 78.267, 29.717 ], [ 78.272, 29.705 ], [ 78.288, 29.704 ], [ 78.293, 29.692 ], [ 78.284, 29.682 ], [ 78.29, 29.67 ], [ 78.305, 29.669 ], [ 78.314, 29.679 ], [ 78.329, 29.678 ], [ 78.335, 29.666 ] ] ] ] } },
{ "type": "Feature", "properties": { "POLYGON.ID": 1243.0, "subregion": "India--Uttar Pradesh--Saharanpur--Shivaliks", "FILTER": "Uttar Pradesh", "POLYGON": "India--Uttar Pradesh--Saharanpur--Shivaliks", "STATE": "Uttar Pradesh", "COUNTY": "Saharanpur", "OWNER": null }, "geometry": { "type": "MultiPolygon", "coordinates": [ [ [ [ 77.782, 30.309 ], [ 77.767, 30.311 ], [ 77.761, 30.322 ], [ 77.746, 30.324 ], [ 77.736, 30.313 ], [ 77.721, 30.315 ], [ 77.715, 30.327 ], [ 77.7, 30.328 ], [ 77.694, 30.34 ], [ 77.703, 30.35 ], [ 77.697, 30.362 ], [ 77.682, 30.363 ], [ 77.676, 30.375 ], [ 77.661, 30.376 ], [ 77.655, 30.388 ], [ 77.639, 30.389 ], [ 77.633, 30.401 ], [ 77.618, 30.403 ], [ 77.609, 30.392 ], [ 77.615, 30.38 ], [ 77.605, 30.37 ], [ 77.611, 30.358 ], [ 77.602, 30.348 ], [ 77.608, 30.336 ], [ 77.599, 30.326 ], [ 77.605, 30.314 ], [ 77.595, 30.304 ], [ 77.601, 30.292 ], [ 77.616, 30.29 ], [ 77.622, 30.279 ], [ 77.638, 30.277 ], [ 77.644, 30.266 ], [ 77.659, 30.264 ], [ 77.665, 30.253 ], [ 77.68, 30.251 ], [ 77.686, 30.239 ], [ 77.701, 30.238 ], [ 77.707, 30.226 ], [ 77.723, 30.225 ], [ 77.729, 30.213 ], [ 77.744, 30.212 ], [ 77.75, 30.2 ], [ 77.765, 30.199 ], [ 77.774, 30.209 ], [ 77.79, 30.208 ], [ 77.796, 30.196 ], [ 77.811, 30.195 ], [ 77.817, 30.183 ], [ 77.807, 30.173 ], [ 77.813, 30.161 ], [ 77.829, 30.159 ], [ 77.834, 30.148 ], [ 77.85, 30.146 ], [ 77.856, 30.135 ], [ 77.871, 30.133 ], [ 77.88, 30.144 ], [ 77.874, 30.155 ], [ 77.884, 30.166 ], [ 77.899, 30.164 ], [ 77.908, 30.175 ], [ 77.902, 30.186 ], [ 77.912, 30.197 ], [ 77.906, 30.208 ], [ 77.915, 30.219 ], [ 77.93, 30.217 ], [ 77.94, 30.228 ], [ 77.934, 30.239 ], [ 77.919, 30.241 ], [ 77.913, 30.253 ], [ 77.898, 30.254 ], [ 77.892, 30.266 ], [ 77.876, 30.267 ], [ 77.867, 30.257 ], [ 77.852, 30.258 ], [ 77.846, 30.27 ], [ 77.831, 30.271 ], [ 77.825, 30.283 ], [ 77.809, 30.284 ], [ 77.803, 30.296 ], [ 77.788, 30.298 ], [ 77.782, 30.309 ] ] ] ] } },
{ "type": "Feature", "properties": { "POLYGON.ID": 1242.0, "subregion": "India--Uttar Pradesh--Shahjahanpur--Forests", "FILTER": "Uttar Pradesh", "POLYGON": "India--Uttar Pradesh--Shahjahanpur--Forests", "STATE": "Uttar Pradesh", "COUNTY": "Shahjahanpur", "OWNER": null }, "geometry": { "type": "MultiPolygon", "coordinates": [ [ [ [ 80.19, 28.241 ], [ 80.199, 28.251 ], [ 80.214, 28.249 ], [ 80.223, 28.259 ], [ 80.218, 28.271 ], [ 80.203, 28.272 ], [ 80.198, 28.284 ], [ 80.183, 28.286 ], [ 80.174, 28.276 ], [ 80.159, 28.277 ], [ 80.15, 28.267 ], [ 80.155, 28.256 ], [ 80.17, 28.254 ], [ 80.175, 28.243 ], [ 80.19, 28.241 ] ] ], [ [ [ 80.231, 28.302 ], [ 80.222, 28.292 ], [ 80.227, 28.281 ], [ 80.242, 28.279 ], [ 80.247, 28.268 ], [ 80.262, 28.266 ], [ 80.271, 28.276 ], [ 80.286, 28.275 ], [ 80.295, 28.285 ], [ 80.31, 28.283 ], [ 80.319, 28.293 ], [ 80.314, 28.304 ], [ 80.299, 28.306 ], [ 80.294, 28.318 ], [ 80.279, 28.319 ], [ 80.274, 28.331 ], [ 80.259, 28.332 ], [ 80.25, 28.322 ], [ 80.235, 28.324 ], [ 80.226, 28.314 ], [ 80.231, 28.302 ] ] ] ] } },
{ "type": "Feature", "properties": { "POLYGON.ID": 1241.0, "subregion": "India--Uttar Pradesh--Lakhimpur Kheri--Dudhwa NP", "FILTER": "Uttar Pradesh", "POLYGON": "India--Uttar Pradesh--Lakhimpur Kheri--Dudhwa NP", "STATE": "Uttar Pradesh", "COUNTY": "Lakhimpur", "OWNER": null }, "geometry": { "type": "MultiPolygon", "coordinates": [ [ [ [ 80.637, 28.423 ], [ 80.627, 28.413 ], [ 80.632, 28.402 ], [ 80.647, 28.4 ], [ 80.652, 28.388 ], [ 80.643, 28.378 ], [ 80.648, 28.367 ], [ 80.663, 28.365 ], [ 80.672, 28.375 ], [ 80.687, 28.374 ], [ 80.692, 28.362 ], [ 80.683, 28.352 ], [ 80.688, 28.34 ], [ 80.702, 28.339 ], [ 80.708, 28.327 ], [ 80.722, 28.326 ], [ 80.728, 28.314 ], [ 80.742, 28.312 ], [ 80.752, 28.322 ], [ 80.766, 28.321 ], [ 80.771, 28.309 ], [ 80.786, 28.308 ], [ 80.791, 28.296 ], [ 80.806, 28.294 ], [ 80.811, 28.283 ], [ 80.826, 28.281 ], [ 80.835, 28.291 ], [ 80.85, 28.289 ], [ 80.859, 28.299 ], [ 80.874, 28.298 ], [ 80.883, 28.308 ], [ 80.878, 28.319 ], [ 80.888, 28.329 ], [ 80.882, 28.341 ], [ 80.892, 28.351 ], [ 80.887, 28.362 ], [ 80.896, 28.372 ], [ 80.911, 28.37 ], [ 80.92, 28.38 ], [ 80.935, 28.379 ], [ 80.945, 28.389 ], [ 80.939, 28.4 ], [ 80.949, 28.41 ], [ 80.944, 28.422 ], [ 80.953, 28.432 ], [ 80.948, 28.443 ], [ 80.958, 28.453 ], [ 80.952, 28.465 ], [ 80.962, 28.475 ], [ 80.957, 28.486 ], [ 80.942, 28.488 ], [ 80.937, 28.499 ], [ 80.922, 28.501 ], [ 80.917, 28.513 ], [ 80.902, 28.514 ], [ 80.897, 28.526 ], [ 80.883, 28.528 ], [ 80.873, 28.518 ], [ 80.858, 28.519 ], [ 80.849, 28.509 ], [ 80.834, 28.511 ], [ 80.829, 28.523 ], [ 80.814, 28.524 ], [ 80.809, 28.536 ], [ 80.794, 28.537 ], [ 80.789, 28.549 ], [ 80.775, 28.551 ], [ 80.769, 28.562 ], [ 80.779, 28.572 ], [ 80.774, 28.584 ], [ 80.759, 28.585 ], [ 80.749, 28.576 ], [ 80.735, 28.577 ], [ 80.73, 28.589 ], [ 80.715, 28.59 ], [ 80.71, 28.602 ], [ 80.719, 28.612 ], [ 80.714, 28.624 ], [ 80.699, 28.625 ], [ 80.694, 28.637 ], [ 80.679, 28.638 ], [ 80.674, 28.65 ], [ 80.659, 28.652 ], [ 80.654, 28.663 ], [ 80.639, 28.665 ], [ 80.63, 28.655 ], [ 80.615, 28.657 ], [ 80.61, 28.668 ], [ 80.595, 28.67 ], [ 80.59, 28.681 ], [ 80.599, 28.691 ], [ 80.594, 28.703 ], [ 80.579, 28.705 ], [ 80.57, 28.695 ], [ 80.555, 28.696 ], [ 80.55, 28.708 ], [ 80.535, 28.709 ], [ 80.526, 28.7 ], [ 80.511, 28.701 ], [ 80.502, 28.691 ], [ 80.507, 28.68 ], [ 80.497, 28.67 ], [ 80.503, 28.658 ], [ 80.493, 28.648 ], [ 80.498, 28.636 ], [ 80.489, 28.626 ], [ 80.494, 28.615 ], [ 80.485, 28.605 ], [ 80.47, 28.606 ], [ 80.465, 28.618 ], [ 80.474, 28.628 ], [ 80.469, 28.64 ], [ 80.454, 28.641 ], [ 80.449, 28.653 ], [ 80.434, 28.654 ], [ 80.425, 28.644 ], [ 80.43, 28.633 ], [ 80.42, 28.623 ], [ 80.426, 28.611 ], [ 80.44, 28.61 ], [ 80.446, 28.598 ], [ 80.436, 28.588 ], [ 80.442, 28.576 ], [ 80.456, 28.575 ], [ 80.462, 28.563 ], [ 80.452, 28.553 ], [ 80.457, 28.542 ], [ 80.472, 28.54 ], [ 80.482, 28.55 ], [ 80.496, 28.548 ], [ 80.501, 28.537 ], [ 80.516, 28.535 ], [ 80.521, 28.524 ], [ 80.536, 28.522 ], [ 80.541, 28.511 ], [ 80.532, 28.501 ], [ 80.537, 28.489 ], [ 80.552, 28.487 ], [ 80.557, 28.476 ], [ 80.572, 28.474 ], [ 80.577, 28.463 ], [ 80.592, 28.461 ], [ 80.597, 28.449 ], [ 80.612, 28.448 ], [ 80.617, 28.436 ], [ 80.631, 28.435 ], [ 80.637, 28.423 ] ] ] ] } }
]
}
